PitchNo,Date,Time,PAofInning,PitchofPA,Pitcher,PitcherId,PitcherThrows,PitcherTeam,Batter,BatterId,BatterSide,BatterTeam,PitcherSet,Inning,Top/Bottom,Outs,Balls,Strikes,TaggedPitchType,AutoPitchType,PitchCall,KorBB,TaggedHitType,PlayResult,OutsOnPlay,RunsScored,Notes,RelSpeed,VertRelAngle,HorzRelAngle,SpinRate,SpinAxis,Tilt,RelHeight,RelSide,Extension,VertBreak,InducedVertBreak,HorzBreak,PlateLocHeight,PlateLocSide,ZoneSpeed,VertApprAngle,HorzApprAngle,ZoneTime,ExitSpeed,Angle,Direction,HitSpinRate,PositionAt110X,PositionAt110Y,PositionAt110Z,Distance,LastTrackedDistance,Bearing,HangTime,pfxx,pfxz,x0,y0,z0,vx0,vy0,vz0,ax0,ay0,az0,HomeTeam,AwayTeam,Stadium,Level,League,GameID,PitchUID,EffectiveVelo,MaxHeight,MeasuredDuration,SpeedDrop,PitchLastMeasuredX,PitchLastMeasuredY,PitchLastMeasuredZ,ContactPositionX,ContactPositionY,ContactPositionZ,GameUID,UTCDate,UTCTime,LocalDateTime,UTCDateTime,AutoHitType,System,HomeTeamForeignID,AwayTeamForeignID,GameForeignID,Catcher,CatcherId,CatcherThrows,CatcherTeam,PlayID,PitchTrajectoryXc0,PitchTrajectoryXc1,PitchTrajectoryXc2,PitchTrajectoryYc0,PitchTrajectoryYc1,PitchTrajectoryYc2,PitchTrajectoryZc0,PitchTrajectoryZc1,PitchTrajectoryZc2,HitSpinAxis,HitTrajectoryXc0,HitTrajectoryXc1,HitTrajectoryXc2,HitTrajectoryXc3,HitTrajectoryXc4,HitTrajectoryXc5,HitTrajectoryXc6,HitTrajectoryXc7,HitTrajectoryXc8,HitTrajectoryYc0,HitTrajectoryYc1,HitTrajectoryYc2,HitTrajectoryYc3,HitTrajectoryYc4,HitTrajectoryYc5,HitTrajectoryYc6,HitTrajectoryYc7,HitTrajectoryYc8,HitTrajectoryZc0,HitTrajectoryZc1,HitTrajectoryZc2,HitTrajectoryZc3,HitTrajectoryZc4,HitTrajectoryZc5,HitTrajectoryZc6,HitTrajectoryZc7,HitTrajectoryZc8,ThrowSpeed,PopTime,ExchangeTime,TimeToBase,CatchPositionX,CatchPositionY,CatchPositionZ,ThrowPositionX,ThrowPositionY,ThrowPositionZ,BasePositionX,BasePositionY,BasePositionZ,ThrowTrajectoryXc0,ThrowTrajectoryXc1,ThrowTrajectoryXc2,ThrowTrajectoryYc0,ThrowTrajectoryYc1,ThrowTrajectoryYc2,ThrowTrajectoryZc0,ThrowTrajectoryZc1,ThrowTrajectoryZc2,PitchReleaseConfidence,PitchLocationConfidence,PitchMovementConfidence,HitLaunchConfidence,HitLandingConfidence,CatcherThrowCatchConfidence,CatcherThrowReleaseConfidence,CatcherThrowLocationConfidence,SpinAxis3dTransverseAngle,SpinAxis3dLongitudinalAngle,SpinAxis3dActiveSpinRate,SpinAxis3dSpinEfficiency,SpinAxis3dTilt,SpinAxis3dVectorX,SpinAxis3dVectorY,SpinAxis3dVectorZ,SpinAxis3dSeamOrientationRotationX,SpinAxis3dSeamOrientationRotationY,SpinAxis3dSeamOrientationRotationZ,SpinAxis3dSeamOrientationBallAngleHorizontalAmb1,SpinAxis3dSeamOrientationBallAngleVerticalAmb1,SpinAxis3dSeamOrientationBallXAmb1,SpinAxis3dSeamOrientationBallYAmb1,SpinAxis3dSeamOrientationBallZAmb1,SpinAxis3dSeamOrientationBallAngleHorizontalAmb2,SpinAxis3dSeamOrientationBallAngleVerticalAmb2,SpinAxis3dSeamOrientationBallXAmb2,SpinAxis3dSeamOrientationBallYAmb2,SpinAxis3dSeamOrientationBallZAmb2,SpinAxis3dSeamOrientationBallAngleHorizontalAmb3,SpinAxis3dSeamOrientationBallAngleVerticalAmb3,SpinAxis3dSeamOrientationBallXAmb3,SpinAxis3dSeamOrientationBallYAmb3,SpinAxis3dSeamOrientationBallZAmb3,SpinAxis3dSeamOrientationBallAngleHorizontalAmb4,SpinAxis3dSeamOrientationBallAngleVerticalAmb4,SpinAxis3dSeamOrientationBallXAmb4,SpinAxis3dSeamOrientationBallYAmb4,SpinAxis3dSeamOrientationBallZAmb4,BatSpeed,VerticalAttackAngle,HorizontalAttackAngle
1,2026-03-08,11:59:12.17,1,1,"Christian, Emmet",1000302833,Right,TUF_UNI,"Farnen, Jack",10106415,Left,HOB_COL,Undefined,1,Top,0,0,0,Fastball,Four-Seam,FoulBallNotFieldable,Undefined,Undefined,Undefined,0,0,,88.91038,-1.543335,-2.831467,2235.398409,199.120216,12:45,6.10105,2.02009,6.58485,-18.81265,15.45454,5.0024,3.11698,-0.15986,81.7859,-5.125831,-1.923357,0.421319,87.29601,12.743606,-67.135215,3404.62326,,,,107.69237,47.67728,-62.113801,1.06572,-3.38103,8.85819,-1.8281,50,5.9871,6.20235,-129.19872,-3.98795,-5.746,25.54369,-17.11966,TUF_UNI,HOB_COL,SolGittlemanPark,D3,Team,20260308-SolGittlemanPark-1,c0955850-1b07-11f1-b223-2ddea47c7638,89.46302,8.78408,,7.12447,,,,0.71862,2.83471,0.46409,3317ed2e-431f-4f93-8269-cf08b58f2e14,2026-03-08,15:59:12.17,2026-03-08T11:59:12.1779200-04:00,2026-03-08T15:59:12.1779200Z,LineDrive,v3,,,,"Whitfield, Malcolm",1000231739,Right,TUF_UNI,f9142947-30ab-478b-b6d8-b9a5595f3032,53.91428,-129.97031,12.77185,6.09975,-3.47083,-8.55983,-2.01807,6.37591,-2.873,,0.64129,49.60018,-2.70555,,,,,,,3.17633,23.67982,-25.26685,,,,,,,0.21818,-111.82929,21.11645,,,,,,,,,,,,,,,,,,,,,,,,,,,,,High,High,High,High,Low,,,,,,,,,,,,,,,,,,,,,,,,,,,,,,,,,,,,,
2,2026-03-08,11:59:35.44,1,2,"Christian, Emmet",1000302833,Right,TUF_UNI,"Farnen, Jack",10106415,Left,HOB_COL,Undefined,1,Top,0,0,1,Fastball,Sinker,InPlay,Undefined,LineDrive,Single,0,0,,87.68262,-1.191957,-3.633841,2213.307915,225.908431,1:30,6.14909,1.92272,6.55626,-23.43186,11.87859,11.16725,3.1012,-0.48295,80.65523,-5.61476,-1.609038,0.427684,87.03923,16.755021,-11.953894,2992.814577,105.54453,25.45406,-30.98867,238.82275,238.82275,-22.048508,2.681424,-6.84827,6.88174,-1.67639,50,6.0566,7.67493,-127.34766,-3.31887,-11.30622,24.84268,-20.81258,TUF_UNI,HOB_COL,SolGittlemanPark,D3,Team,20260308-SolGittlemanPark-1,ce782f60-1b07-11f1-b223-2ddea47c7638,88.13151,26.20001,,7.02739,,,,1.17545,3.10301,0.49485,3317ed2e-431f-4f93-8269-cf08b58f2e14,2026-03-08,15:59:35.44,2026-03-08T11:59:35.4481664-04:00,2026-03-08T15:59:35.4481664Z,LineDrive,v3,,,,"Whitfield, Malcolm",1000231739,Right,TUF_UNI,8adb549f-0f1f-4b3e-bcd1-7a1f5e7a8d77,53.94367,-128.11467,12.42134,6.14915,-2.67629,-10.40629,-1.91874,8.024,-5.65311,125.102622,1.17545,119.58699,-22.93018,5.25373,-1.06704,0.19269,-0.03155,0.0039,-0.00023,3.10301,36.80119,-14.81855,-0.10628,0.27343,-0.09301,0.02065,-0.00244,0.00012,0.49485,-25.31865,-6.87576,2.66787,-0.80208,0.19784,-0.03877,0.00504,-0.00031,,,,,,,,,,,,,,,,,,,,,,,High,High,High,High,High,,,,,,,,,,,,,,,,,,,,,,,,,,,,,,,,,,,,,
3,2026-03-08,12:00:20.73,2,1,"Christian, Emmet",1000302833,Right,TUF_UNI,"O'Neil, Jack",10150853,Right,HOB_COL,Undefined,1,Top,0,0,0,Slider,Curveball,BallCalled,Undefined,Undefined,Undefined,0,0,,75.70013,2.310102,-1.174075,2711.500943,90.042977,9:00,5.8125,2.42113,5.55712,-47.97495,1.56465,-16.13682,3.97459,-0.02072,69.27985,-6.491279,-4.049208,0.50658,,,,,,,,,,,,7.79079,0.62193,-2.30892,50,5.98073,2.86049,-109.83131,2.90342,9.48586,20.03599,-31.41681,TUF_UNI,HOB_COL,SolGittlemanPark,D3,Team,20260308-SolGittlemanPark-1,e9819260-1b07-11f1-b223-2ddea47c7638,74.40576,,,6.42028,,,,,,,3317ed2e-431f-4f93-8269-cf08b58f2e14,2026-03-08,16:00:20.73,2026-03-08T12:00:20.7360000-04:00,2026-03-08T16:00:20.7360000Z,,v3,,,,"Whitfield, Malcolm",1000231739,Right,TUF_UNI,8945656f-69ab-4f12-94a8-9f66ba040297,54.94188,-110.72916,10.018,5.81908,4.31127,-15.70841,-2.42758,2.43541,4.74293,,,,,,,,,,,,,,,,,,,,,,,,,,,,,,,,,,,,,,,,,,,,,,,,,,,High,High,High,,,,,,,,,,,,,,,,,,,,,,,,,,,,,,,,,,,,,,,
4,2026-03-08,12:00:35.35,2,2,"Christian, Emmet",1000302833,Right,TUF_UNI,"O'Neil, Jack",10150853,Right,HOB_COL,Undefined,1,Top,0,1,0,Slider,Curveball,BallCalled,Undefined,Undefined,Undefined,0,0,,74.15663,2.366902,-1.1275,2783.482824,92.104726,9:00,5.59257,2.41962,5.46889,-49.60672,2.29878,-17.44076,3.67545,-0.08909,67.77039,-6.725723,-4.229529,0.518535,,,,,,,,,,,,8.42709,0.98335,-2.30833,50,5.76716,2.76936,-107.55146,2.88386,9.81831,19.57857,-31.02837,TUF_UNI,HOB_COL,SolGittlemanPark,D3,Team,20260308-SolGittlemanPark-1,f241b6f0-1b07-11f1-b223-2ddea47c7638,72.69025,,,6.38624,,,,,,,3317ed2e-431f-4f93-8269-cf08b58f2e14,2026-03-08,16:00:35.35,2026-03-08T12:00:35.3536512-04:00,2026-03-08T16:00:35.3536512Z,,v3,,,,"Whitfield, Malcolm",1000231739,Right,TUF_UNI,f4d9bff2-af26-4515-b6c2-b65ef8b52a02,55.0299,-108.46324,9.78928,5.59922,4.32885,-15.51419,-2.42665,2.31212,4.90916,,,,,,,,,,,,,,,,,,,,,,,,,,,,,,,,,,,,,,,,,,,,,,,,,,,High,High,High,,,,,,,,,,,,,,,,,,,,,,,,,,,,,,,,,,,,,,,
5,2026-03-08,12:01:06.97,2,3,"Christian, Emmet",1000302833,Right,TUF_UNI,"O'Neil, Jack",10150853,Right,HOB_COL,Undefined,1,Top,0,2,0,Cutter,Four-Seam,StrikeCalled,Undefined,Undefined,Undefined,0,0,,85.63444,-2.011736,-3.8272,2303.779149,206.699564,1:00,5.77113,2.37976,6.39365,-23.2156,13.94351,6.47213,1.98136,-0.60609,79.18588,-6.370264,-2.658049,0.438737,,,,,,,,,,,,-4.35386,8.12953,-2.10755,50,5.61545,8.07739,-124.29705,-5.03236,-6.8784,22.61894,-19.33064,TUF_UNI,HOB_COL,SolGittlemanPark,D3,Team,20260308-SolGittlemanPark-1,05057c90-1b08-11f1-b223-2ddea47c7638,85.91131,,,6.44856,,,,,,,3317ed2e-431f-4f93-8269-cf08b58f2e14,2026-03-08,16:01:06.97,2026-03-08T12:01:06.9791744-04:00,2026-03-08T16:01:06.9791744Z,,v3,,,,"Whitfield, Malcolm",1000231739,Right,TUF_UNI,b16fcf97-d366-4b7c-8e58-f0da727b8b06,54.10614,-125.04203,11.30947,5.77071,-4.39568,-9.66532,-2.37732,8.30394,-3.4392,,,,,,,,,,,,,,,,,,,,,,,,,,,,,,,,,,,,,,,,,,,,,,,,,,,High,High,High,,,,,,,,,,,,,,,,,,,,,,,,,,,,,,,,,,,,,,,
6,2026-03-08,12:01:24.63,2,4,"Christian, Emmet",1000302833,Right,TUF_UNI,"O'Neil, Jack",10150853,Right,HOB_COL,Undefined,1,Top,0,2,1,Cutter,Changeup,FoulBallNotFieldable,Undefined,Undefined,Undefined,0,0,,82.87825,-0.221818,-4.217273,2172.212212,240.319434,2:00,5.82209,2.35556,6.28975,-30.77269,9.42107,14.28257,3.05273,-0.34762,75.80953,-5.983408,-1.642968,0.4563,66.34772,47.643427,142.64422,,,,,,33.94059,,,-8.62441,5.33744,-2.05139,50,5.79081,8.33804,-120.20385,-1.36703,-12.61296,23.39411,-24.3682,TUF_UNI,HOB_COL,SolGittlemanPark,D3,Team,20260308-SolGittlemanPark-1,0f911250-1b08-11f1-b223-2ddea47c7638,82.60445,34.42091,,7.06872,,,,1.31446,3.10408,0.4445,3317ed2e-431f-4f93-8269-cf08b58f2e14,2026-03-08,16:01:24.63,2026-03-08T12:01:24.6373888-04:00,2026-03-08T16:01:24.6373888Z,,v3,,,,"Whitfield, Malcolm",1000231739,Right,TUF_UNI,d8e6e5bb-bae2-41bf-a442-629ee1af9a2e,54.2096,-121.02035,11.69706,5.82368,-0.51653,-12.1841,-2.35009,8.77826,-6.30648,,1.31446,-52.11394,-0.26357,1.64515,-0.48418,0.14034,-0.03628,0.0039,0.00073,3.10408,71.90867,-29.16894,4.19138,-0.78518,0.1698,-0.02487,0.00628,-0.00294,0.4445,39.78042,-6.06228,-0.56948,0.21524,-0.08834,0.02282,-0.00044,-0.00092,,,,,,,,,,,,,,,,,,,,,,,High,High,High,High,Undefined,,,,,,,,,,,,,,,,,,,,,,,,,,,,,,,,,,,,,
7,2026-03-08,12:02:01.08,2,5,"Christian, Emmet",1000302833,Right,TUF_UNI,"O'Neil, Jack",10150853,Right,HOB_COL,Undefined,1,Top,0,2,2,Cutter,Slider,StrikeSwinging,Strikeout,Undefined,Undefined,0,0,,86.20356,-0.353294,-4.873329,2376.824604,212.685774,1:00,5.71931,2.48329,6.45247,-27.09899,9.52516,5.44599,3.13532,-1.55079,79.65178,-5.420371,-3.89137,0.435567,,,,,,,,,,,,-4.06421,5.39985,-2.13996,50,5.68197,10.4591,-125.03814,-1.57045,-6.50211,22.72334,-23.53513,TUF_UNI,HOB_COL,SolGittlemanPark,D3,Team,20260308-SolGittlemanPark-1,254b0d80-1b08-11f1-b223-2ddea47c7638,86.53644,,,6.55178,,,,,,,3317ed2e-431f-4f93-8269-cf08b58f2e14,2026-03-08,16:02:01.08,2026-03-08T12:02:01.0877952-04:00,2026-03-08T16:02:01.0877952Z,,v3,,,,"Whitfield, Malcolm",1000231739,Right,TUF_UNI,c3cc802d-0dca-4193-8aec-90ec851fc707,54.04708,-125.77147,11.36167,5.72039,-0.81092,-11.76757,-2.48088,10.66894,-3.25106,,,,,,,,,,,,,,,,,,,,,,,,,,,,,,,,,,,,,,,,,,,,,,,,,,,High,High,High,,,,,,,,,,,,,,,,,,,,,,,,,,,,,,,,,,,,,,,
8,2026-03-08,12:02:52.92,3,1,"Christian, Emmet",1000302833,Right,TUF_UNI,"Garvin, Sean",10325887,Left,HOB_COL,Undefined,1,Top,1,0,0,Cutter,Changeup,StrikeCalled,Undefined,Undefined,Undefined,0,0,,83.51376,-0.173199,-2.494993,2296.522586,235.554475,1:45,5.84776,2.40308,6.38824,-30.93423,8.0926,10.14016,3.11044,0.95172,77.02563,-5.954589,-0.658856,0.449628,,,,,,,,,,,,-5.91933,4.63422,-2.22797,50,5.82104,4.91636,-121.41754,-1.27851,-8.90161,22.13069,-25.20504,TUF_UNI,HOB_COL,SolGittlemanPark,D3,Team,20260308-SolGittlemanPark-1,442c2c70-1b08-11f1-b223-2ddea47c7638,83.83034,,,6.48813,,,,,,,3317ed2e-431f-4f93-8269-cf08b58f2e14,2026-03-08,16:02:52.92,2026-03-08T12:02:52.9219072-04:00,2026-03-08T16:02:52.9219072Z,,v3,,,,"Whitfield, Malcolm",1000231739,Right,TUF_UNI,8fa99830-35f6-4f4d-ac12-167005a8b362,54.11075,-122.16451,11.06534,5.84983,-0.42778,-12.60252,-2.39898,5.21682,-4.45081,,,,,,,,,,,,,,,,,,,,,,,,,,,,,,,,,,,,,,,,,,,,,,,,,,,High,High,High,,,,,,,,,,,,,,,,,,,,,,,,,,,,,,,,,,,,,,,
9,2026-03-08,12:03:39.51,3,2,"Christian, Emmet",1000302833,Right,TUF_UNI,"Garvin, Sean",10325887,Left,HOB_COL,Undefined,1,Top,1,0,1,Cutter,Changeup,InPlay,Undefined,Popup,Out,1,0,,84.09057,-0.581687,-4.149855,2266.768089,247.008386,2:15,5.79583,2.27143,6.49624,-31.03388,7.27674,14.58623,2.67431,-0.32899,77.80508,-6.374789,-1.509037,0.445483,62.03339,47.316209,-11.73461,,102.45314,67.59001,-40.04166,196.28451,72.29709,-26.427097,4.362392,-8.73205,4.27918,-1.98677,50,5.74121,8.34872,-122.14684,-2.14318,-13.33417,21.63551,-25.63958,TUF_UNI,HOB_COL,SolGittlemanPark,D3,Team,20260308-SolGittlemanPark-1,5ff38840-1b08-11f1-b223-2ddea47c7638,84.61034,68.29456,,6.28549,,,,1.29469,2.75315,0.33026,3317ed2e-431f-4f93-8269-cf08b58f2e14,2026-03-08,16:03:39.51,2026-03-08T12:03:39.5169792-04:00,2026-03-08T16:03:39.5169792Z,Popup,v3,,,,"Whitfield, Malcolm",1000231739,Right,TUF_UNI,9ab2cffd-c8f0-409a-95c8-cff810978dac,54.00521,-122.85422,10.81775,5.79758,-1.30489,-12.81979,-2.26686,8.78469,-6.66709,151.735476,1.29487,60.38513,-13.02889,3.79454,-0.74765,0.0986,-0.00432,-0.00063,6E-05,2.75247,66.8999,-19.32977,1.39352,-0.18892,0.03022,0.00045,-0.00149,0.00015,0.3309,-12.56532,-2.85861,0.30495,0.16292,-0.13912,0.04355,-0.00631,0.00035,,,,,,,,,,,,,,,,,,,,,,,High,High,High,High,Low,,,,,,,,,,,,,,,,,,,,,,,,,,,,,,,,,,,,,
10,2026-03-08,12:04:15.81,4,1,"Christian, Emmet",1000302833,Right,TUF_UNI,"Jones, Will",1000503130,Right,HOB_COL,Undefined,1,Top,2,0,0,Cutter,Slider,StrikeSwinging,Undefined,Undefined,Undefined,0,0,,83.55034,-1.198437,-4.640617,2325.702382,225.878386,1:30,5.68633,2.5129,6.444,-30.66525,8.30729,7.42437,2.02594,-1.14174,77.40271,-6.907441,-3.300088,0.449315,,,,,,,,,,,,-5.04201,4.99162,-2.18633,50,5.58718,9.5737,-121.21693,-3.43431,-7.58336,21.28411,-24.66651,TUF_UNI,HOB_COL,SolGittlemanPark,D3,Team,20260308-SolGittlemanPark-1,759e8f50-1b08-11f1-b223-2ddea47c7638,83.88873,,,6.14763,,,,,,,3317ed2e-431f-4f93-8269-cf08b58f2e14,2026-03-08,16:04:15.81,2026-03-08T12:04:15.8130688-04:00,2026-03-08T16:04:15.8130688Z,,v3,,,,"Whitfield, Malcolm",1000231739,Right,TUF_UNI,7d7f851f-32a7-4618-9c5b-a4b8f3b037ec,54.05592,-121.92702,10.64206,5.68803,-2.61138,-12.33325,-2.50995,9.8267,-3.79168,,,,,,,,,,,,,,,,,,,,,,,,,,,,,,,,,,,,,,,,,,,,,,,,,,,High,High,High,,,,,,,,,,,,,,,,,,,,,,,,,,,,,,,,,,,,,,,
11,2026-03-08,12:04:34.68,4,2,"Christian, Emmet",1000302833,Right,TUF_UNI,"Jones, Will",1000503130,Right,HOB_COL,Undefined,1,Top,2,0,1,Fastball,Slider,FoulBallNotFieldable,Undefined,Undefined,Undefined,0,0,,85.66687,-1.350411,-3.723106,2385.74478,220.263304,1:15,5.63241,2.4866,6.43742,-26.83478,9.96347,7.60725,2.15235,-0.30565,79.72486,-6.354214,-2.347114,0.436601,61.83708,-50.904686,-120.821798,,,,,2.52963,3.04154,-31.88269,0.03398,-4.88146,5.83426,-2.22527,50,5.52391,7.82977,-124.50013,-3.72713,-7.7872,21.15952,-22.86683,TUF_UNI,HOB_COL,SolGittlemanPark,D3,Team,20260308-SolGittlemanPark-1,80d07730-1b08-11f1-b223-2ddea47c7638,86.33149,2.40265,,5.94201,,,,3.14826,2.40265,0.34043,3317ed2e-431f-4f93-8269-cf08b58f2e14,2026-03-08,16:04:34.68,2026-03-08T12:04:34.6886144-04:00,2026-03-08T16:04:34.6886144Z,GroundBall,v3,,,,"Whitfield, Malcolm",1000231739,Right,TUF_UNI,b8dc1832-707b-47e0-965e-bff8719bae1f,54.06392,-125.18891,10.57976,5.63312,-2.98278,-11.43342,-2.48427,8.08325,-3.8936,,3.14899,-29.43738,,,,,,,,2.40441,-70.70822,,,,,,,,0.34165,-49.33898,,,,,,,,,,,,,,,,,,,,,,,,,,,,,,High,High,High,Low,Low,,,,,,,,,,,,,,,,,,,,,,,,,,,,,,,,,,,,,
12,2026-03-08,12:04:56.77,4,3,"Christian, Emmet",1000302833,Right,TUF_UNI,"Jones, Will",1000503130,Right,HOB_COL,Undefined,1,Top,2,0,2,Fastball,Cutter,FoulBallNotFieldable,Undefined,Undefined,Undefined,0,0,,86.6888,-1.14038,-4.121911,2432.386779,213.031963,1:00,5.67416,2.49023,6.47874,-25.25395,10.99898,6.45256,2.51968,-0.76348,79.85915,-5.882475,-2.95525,0.433354,74.22432,45.635938,66.999086,5572.489099,20.15684,71.54294,108.1374,183.21996,67.88241,91.305379,4.028951,-4.46685,6.39193,-2.20271,50,5.58247,8.82851,-125.81606,-3.24047,-7.20473,24.03396,-21.86429,TUF_UNI,HOB_COL,SolGittlemanPark,D3,Team,20260308-SolGittlemanPark-1,8e107e90-1b08-11f1-b223-2ddea47c7638,86.97838,71.56108,,6.82965,,,,1.24269,2.46495,0.79123,3317ed2e-431f-4f93-8269-cf08b58f2e14,2026-03-08,16:04:56.77,2026-03-08T12:04:56.7736832-04:00,2026-03-08T16:04:56.7736832Z,FlyBall,v3,,,,"Whitfield, Malcolm",1000231739,Right,TUF_UNI,5ac28f69-ab59-410e-b49d-50e2aa2cf97a,54.0208,-126.5818,12.01698,5.67462,-2.54385,-10.93215,-2.48765,9.05806,-3.60236,,1.23994,29.8201,-15.94694,4.90441,-1.96647,0.78881,-0.22452,0.03512,-0.00218,2.46521,77.8163,-25.82913,2.82229,-0.37099,-0.05968,0.04801,-0.01082,0.00088,0.79162,70.05493,-8.21716,0.76377,0.10765,-0.13481,0.05117,-0.01032,0.00082,,,,,,,,,,,,,,,,,,,,,,,High,High,High,High,Low,,,,,,,,,,,,,,,,,,,,,,,,,,,,,,,,,,,,,
13,2026-03-08,12:05:19.47,4,4,"Christian, Emmet",1000302833,Right,TUF_UNI,"Jones, Will",1000503130,Right,HOB_COL,Undefined,1,Top,2,0,2,Slider,Slider,FoulBallNotFieldable,Undefined,Undefined,Undefined,0,0,,75.81457,1.56894,-1.340521,2755.642033,113.521166,9:45,5.5205,2.43725,5.6017,-41.09423,8.27682,-15.38162,3.56142,-0.09621,69.2468,-6.017819,-4.082929,0.505717,64.54043,25.672998,162.358164,2789.440387,-105.49735,17.05846,31.14972,146.95042,46.18759,164.037937,2.045894,7.43583,4.18347,-2.31211,50,5.62831,3.14071,-110.01079,1.75864,9.06327,20.50166,-27.07497,TUF_UNI,HOB_COL,SolGittlemanPark,D3,Team,20260308-SolGittlemanPark-1,9b8d8ef0-1b08-11f1-b223-2ddea47c7638,74.53267,22.12557,,6.56777,,,,1.57617,3.57991,0.06673,3317ed2e-431f-4f93-8269-cf08b58f2e14,2026-03-08,16:05:19.47,2026-03-08T12:05:19.4771968-04:00,2026-03-08T16:05:19.4771968Z,FlyBall,v3,,,,"Whitfield, Malcolm",1000231739,Right,TUF_UNI,fe28d71e-1dfa-4d12-bad5-b771c9b326d5,54.89703,-110.91965,10.25083,5.52374,2.95889,-13.53749,-2.44243,2.73893,4.53164,341.450668,1.57623,-81.30712,5.19396,-0.0333,0.51385,-0.59754,0.38622,-0.12408,0.01543,3.57994,41.00783,-24.55391,2.38321,-0.45373,0.16114,-0.08597,0.03226,-0.0048,0.06672,25.85688,-3.62281,0.50318,-0.25977,0.23617,-0.15341,0.05099,-0.00656,,,,,,,,,,,,,,,,,,,,,,,High,High,High,High,Low,,,,,,,,,,,,,,,,,,,,,,,,,,,,,,,,,,,,,
14,2026-03-08,12:05:45.81,4,5,"Christian, Emmet",1000302833,Right,TUF_UNI,"Jones, Will",1000503130,Right,HOB_COL,Undefined,1,Top,2,0,2,Slider,Slider,FoulBallFieldable,Undefined,Undefined,Undefined,0,0,,75.42923,0.855555,-1.745212,2825.518412,110.469421,9:45,5.62833,2.24237,5.61734,-42.48561,7.49469,-15.67611,2.88676,-0.69323,68.87521,-6.975127,-4.541119,0.508828,78.37606,35.00624,-39.67718,2225.454465,80.4267,55.92286,-75.04346,252.72828,134.29278,-49.349812,3.830749,7.49666,3.98095,-2.08277,50,5.674,3.90089,-109.44363,0.34657,9.01242,20.90572,-27.3882,TUF_UNI,HOB_COL,SolGittlemanPark,D3,Team,20260308-SolGittlemanPark-1,ab592330-1b08-11f1-b223-2ddea47c7638,74.077,58.97322,,6.55402,,,,2.91763,3.00476,0.64793,3317ed2e-431f-4f93-8269-cf08b58f2e14,2026-03-08,16:05:45.81,2026-03-08T12:05:45.8148352-04:00,2026-03-08T16:05:45.8148352Z,FlyBall,v3,,,,"Whitfield, Malcolm",1000231739,Right,TUF_UNI,80021e88-a060-4118-8dc6-67872848ace0,54.88194,-110.37222,10.45286,5.63159,1.56311,-13.6941,-2.24715,3.50057,4.50621,132.262977,2.91692,72.48901,-15.50201,3.93949,-1.11312,0.34126,-0.0827,0.01161,-0.00067,3.00527,65.92835,-22.28217,2.09388,-0.26255,-0.01518,0.01139,-0.00101,-2E-05,0.64789,-60.1127,4.2744,-0.66449,0.05957,0.00487,-0.00188,0.00015,-1E-05,,,,,,,,,,,,,,,,,,,,,,,High,High,High,High,Low,,,,,,,,,,,,,,,,,,,,,,,,,,,,,,,,,,,,,
15,2026-03-08,12:06:16.12,4,6,"Christian, Emmet",1000302833,Right,TUF_UNI,"Jones, Will",1000503130,Right,HOB_COL,Undefined,1,Top,2,0,2,Slider,Slider,StrikeSwinging,Strikeout,Undefined,Undefined,0,0,,76.28443,1.052187,-3.436322,2792.338508,99.60174,9:15,5.58209,2.3718,5.71303,-44.57774,3.93091,-14.52194,2.84937,-2.04347,70.18514,-7.122432,-6.022835,0.501281,,,,,,,,,,,,6.42981,2.14728,-2.07483,50,5.64268,7.17322,-110.61731,0.65879,7.95329,20.04426,-29.51798,TUF_UNI,HOB_COL,SolGittlemanPark,D3,Team,20260308-SolGittlemanPark-1,bd561660-1b08-11f1-b223-2ddea47c7638,75.19226,,,6.0993,,,,,,,3317ed2e-431f-4f93-8269-cf08b58f2e14,2026-03-08,16:06:16.12,2026-03-08T12:06:16.1280000-04:00,2026-03-08T16:06:16.1280000Z,,v3,,,,"Whitfield, Malcolm",1000231739,Right,TUF_UNI,771fe1cd-9e7a-490b-9e0e-99aed60c730d,54.78628,-111.48122,10.02213,5.58687,1.93103,-14.75899,-2.37661,6.83042,3.97665,,,,,,,,,,,,,,,,,,,,,,,,,,,,,69.70941,,,0.905493,,,,6.52516,3.23911,0.04459,67.56722,3.95494,57.22733,6.54444,76.3689,-10.13516,3.25805,16.90016,-18.03967,0.04123,65.356,-2.39292,High,High,High,,,High,High,Medium,,,,,,,,,,,,,,,,,,,,,,,,,,,,,,,,,,
16,2026-03-08,12:08:47.33,1,1,"Forgues, Aaron",10310170,Right,HOB_COL,"Whitfield, Malcolm",1000231739,Right,TUF_UNI,Undefined,1,Bottom,0,0,0,Fastball,Sinker,BallinDirt,Undefined,Undefined,Undefined,0,0,,89.07832,-3.79715,-4.933942,2063.236389,222.163901,1:30,5.71766,2.69894,5.62753,-17.31162,18.22206,15.53599,0.71355,-0.62162,82.24687,-7.036587,-2.172977,0.429034,,,,,,,,,,,,-9.24634,10.56615,-2.28855,50,5.38179,10.48245,-128.8265,-9.13564,-15.70689,24.05272,-14.22521,TUF_UNI,HOB_COL,SolGittlemanPark,D3,Team,20260308-SolGittlemanPark-1,17834310-1b09-11f1-b223-2ddea47c7638,87.85422,,,6.83144,,,,,,,3317ed2e-431f-4f93-8269-cf08b58f2e14,2026-03-08,16:08:47.33,2026-03-08T12:08:47.3388032-04:00,2026-03-08T16:08:47.3388032Z,,v3,,,,"Dashefsky, Quinn",10088596,Right,HOB_COL,1b2bb5ec-8e2f-4a3d-bef6-2efc240e3fe3,54.87457,-129.73342,12.02636,5.71615,-8.59928,-7.11261,-2.69496,11.07469,-7.85345,,,,,,,,,,,,,,,,,,,,,,,,,,,,,,,,,,,,,,,,,,,,,,,,,,,High,High,High,,,,,,,,,,,,,,,,,,,,,,,,,,,,,,,,,,,,,,,
17,2026-03-08,12:09:00.00,1,2,"Forgues, Aaron",10310170,Right,HOB_COL,"Whitfield, Malcolm",1000231739,Right,TUF_UNI,Undefined,1,Bottom,0,1,0,Fastball,Four-Seam,InPlay,Undefined,LineDrive,Single,0,0,,89.4797,-2.644644,-4.277181,2174.351829,218.204166,1:15,5.75956,2.76885,5.48473,-17.05497,18.38304,13.60351,1.85535,-0.10663,82.17362,-5.847545,-1.863315,0.428456,98.4899,10.134221,1.255318,894.642652,109.77743,12.79162,6.99216,216.40089,216.40089,5.73784,1.878734,-8.04083,10.32367,-2.40309,50,5.51572,9.10127,-129.55589,-6.55084,-13.75125,25.49338,-14.51869,TUF_UNI,HOB_COL,SolGittlemanPark,D3,Team,20260308-SolGittlemanPark-1,1ef4eea0-1b09-11f1-b223-2ddea47c7638,87.97275,12.802,,7.30609,,,,2.12908,1.93486,0.06955,3317ed2e-431f-4f93-8269-cf08b58f2e14,2026-03-08,16:09:00.00,2026-03-08T12:09:00.0086016-04:00,2026-03-08T16:09:00.0086016Z,LineDrive,v3,,,,"Dashefsky, Quinn",10088596,Right,HOB_COL,41df3383-136f-4449-a0c2-01c9afce4110,55.01559,-130.53911,12.74669,5.75757,-5.99089,-7.25935,-2.76433,9.63161,-6.87562,244.126263,2.12908,142.16379,-20.24346,3.62278,-0.66355,0.09646,-0.01318,0.00163,-0.00012,1.93486,25.41695,-15.58488,0.87657,-0.04272,-0.00386,0.00437,-0.0008,5E-05,0.06955,3.11525,8.05842,-3.07043,0.89885,-0.21608,0.04493,-0.0069,0.00054,,,,,,,,,,,,,,,,,,,,,,,High,High,High,High,High,,,,,,,,,,,,,,,,,,,,,,,,,,,,,,,,,,,,,
18,2026-03-08,12:09:37.26,2,1,"Forgues, Aaron",10310170,Right,HOB_COL,"Henshon, James",836127,Right,TUF_UNI,Undefined,1,Bottom,0,0,0,Slider,Curveball,BallinDirt,Undefined,Undefined,Undefined,0,0,,72.7688,-0.554043,-3.329424,2009.422647,62.668755,8:00,5.84414,2.71986,5.09099,-60.58625,-5.86126,-14.62757,0.27223,-1.64048,67.46386,-11.397967,-5.915324,0.532432,,,,,,,,,,,,6.42957,-2.45437,-2.39249,50,5.74333,6.66277,-105.47658,-2.99308,7.19906,18.96276,-34.92214,TUF_UNI,HOB_COL,SolGittlemanPark,D3,Team,20260308-SolGittlemanPark-1,353cd1f0-1b09-11f1-b223-2ddea47c7638,70.79295,,,5.30495,,,,,,,3317ed2e-431f-4f93-8269-cf08b58f2e14,2026-03-08,16:09:37.26,2026-03-08T12:09:37.2689920-04:00,2026-03-08T16:09:37.2689920Z,,v3,,,,"Dashefsky, Quinn",10088596,Right,HOB_COL,064b3eb3-19bf-45b0-8e18-174d83a5c123,55.4118,-106.44508,9.48138,5.85065,-1.20948,-17.46107,-2.72339,6.29509,3.59953,,,,,,,,,,,,,,,,,,,,,,,,,,,,,,,,,,,,,,,,,,,,,,,,,,,High,High,High,,,,,,,,,,,,,,,,,,,,,,,,,,,,,,,,,,,,,,,
19,2026-03-08,12:10:14.29,2,2,"Forgues, Aaron",10310170,Right,HOB_COL,"Henshon, James",836127,Right,TUF_UNI,Undefined,1,Bottom,0,1,0,Fastball,Four-Seam,FoulBallNotFieldable,Undefined,Undefined,Undefined,0,0,,88.67132,-1.677878,-4.099259,2187.744172,221.238674,1:15,5.70393,2.96204,5.6392,-19.72655,16.18627,13.19977,2.49032,0.23134,81.21919,-5.376557,-1.749361,0.431317,,,,,,,,,,,,-7.83378,9.01209,-2.62202,50,5.54857,8.64604,-128.47801,-4.40825,-13.13822,25.77491,-17.05968,TUF_UNI,HOB_COL,SolGittlemanPark,D3,Team,20260308-SolGittlemanPark-1,4b4932e0-1b09-11f1-b223-2ddea47c7638,87.38923,,,7.45213,,,,,,,3317ed2e-431f-4f93-8269-cf08b58f2e14,2026-03-08,16:10:14.29,2026-03-08T12:10:14.2966272-04:00,2026-03-08T16:10:14.2966272Z,,v3,,,,"Dashefsky, Quinn",10088596,Right,HOB_COL,1df510f5-03f4-4c76-9fa9-d8ffb8b9ae75,54.86028,-129.4494,12.88745,5.70259,-3.76532,-8.52984,-2.9572,9.14118,-6.56911,,,,,,,,,,,,,,,,,,,,,,,,,,,,,,,,,,,,,,,,,,,,,,,,,,,High,High,High,,,,,,,,,,,,,,,,,,,,,,,,,,,,,,,,,,,,,,,
20,2026-03-08,12:10:52.72,2,3,"Forgues, Aaron",10310170,Right,HOB_COL,"Henshon, James",836127,Right,TUF_UNI,Undefined,1,Bottom,0,1,1,Fastball,Four-Seam,FoulBallNotFieldable,Undefined,Undefined,Undefined,0,0,,89.26481,-1.093426,-4.851885,2211.158878,221.49896,1:30,5.72076,2.89873,5.5948,-18.84611,16.92438,13.91572,3.12557,-0.48251,81.14692,-4.648817,-2.381279,0.430461,71.18915,28.555047,148.307423,4706.685105,,,,,43.6028,,,-8.44733,9.2343,-2.49119,50,5.61471,10.35283,-129.13586,-3.07174,-14.22366,27.60874,-16.62525,TUF_UNI,HOB_COL,SolGittlemanPark,D3,Team,20260308-SolGittlemanPark-1,622f2af0-1b09-11f1-b223-2ddea47c7638,87.56296,20.74538,,8.11789,,,,0.82444,2.971,0.66537,3317ed2e-431f-4f93-8269-cf08b58f2e14,2026-03-08,16:10:52.72,2026-03-08T12:10:52.7272960-04:00,2026-03-08T16:10:52.7272960Z,,v3,,,,"Dashefsky, Quinn",10088596,Right,HOB_COL,d3025475-7faf-4b83-8a02-99fabc099df3,54.90345,-130.17998,13.80437,5.71899,-2.443,-8.31262,-2.89289,10.89075,-7.11183,,0.82444,-78.03405,3.56976,1.32964,-0.67698,0.22561,-0.0607,0.01448,-0.00193,2.971,49.90856,-30.99895,4.65739,-0.99829,0.19512,-0.03938,0.008,-0.00115,0.66537,48.18084,-10.49893,3.01092,-0.69382,0.13298,-0.02734,0.00646,-0.00154,,,,,,,,,,,,,,,,,,,,,,,High,High,High,High,Undefined,,,,,,,,,,,,,,,,,,,,,,,,,,,,,,,,,,,,,
21,2026-03-08,12:11:32.95,2,4,"Forgues, Aaron",10310170,Right,HOB_COL,"Henshon, James",836127,Right,TUF_UNI,Undefined,1,Bottom,0,1,2,Fastball,Four-Seam,FoulBallNotFieldable,Undefined,Undefined,Undefined,0,0,,89.55551,-1.562381,-4.402091,2317.754136,215.354918,1:15,5.7349,2.95212,5.42618,-15.72918,19.78781,13.24316,2.95611,-0.07543,81.90297,-4.54078,-2.056097,0.428933,68.82836,29.347044,146.907488,4842.53986,,,,,43.17959,,,-7.873,10.72764,-2.57071,50,5.58544,9.39621,-129.67163,-4.03706,-13.45423,26.1846,-13.84152,TUF_UNI,HOB_COL,SolGittlemanPark,D3,Team,20260308-SolGittlemanPark-1,7a1d1d20-1b09-11f1-b223-2ddea47c7638,87.87486,20.98465,,7.65254,,,,1.17624,2.79024,0.25021,3317ed2e-431f-4f93-8269-cf08b58f2e14,2026-03-08,16:11:32.95,2026-03-08T12:11:32.9530368-04:00,2026-03-08T16:11:32.9530368Z,,v3,,,,"Dashefsky, Quinn",10088596,Right,HOB_COL,3feadd6f-a9e5-45ad-90e4-5f25e07745e3,55.07308,-130.69203,13.0923,5.73225,-3.49766,-6.92076,-2.94708,9.92051,-6.72712,,1.17624,-73.71978,2.9953,0.17011,-0.13225,0.04567,-0.00525,-0.00617,0.00408,2.79024,49.47449,-29.96931,4.15575,-0.9535,0.21067,-0.04981,0.01216,-0.00224,0.25021,48.04359,-9.23821,1.94506,-0.42705,0.09292,-0.02393,0.00707,-0.00184,,,,,,,,,,,,,,,,,,,,,,,High,High,High,High,Undefined,,,,,,,,,,,,,,,,,,,,,,,,,,,,,,,,,,,,,
22,2026-03-08,12:11:59.58,2,5,"Forgues, Aaron",10310170,Right,HOB_COL,"Henshon, James",836127,Right,TUF_UNI,Undefined,1,Bottom,0,1,2,Slider,Curveball,InPlay,Undefined,FlyBall,Out,1,0,,72.33592,2.23216,-1.956288,2101.406912,65.16779,8:15,5.85862,2.64331,4.89355,-59.83417,-4.41721,-13.13119,2.98615,-0.30212,66.74474,-8.534704,-4.267707,0.535788,90.11724,20.850036,8.230949,3631.285382,107.58741,39.30016,22.9101,295.29085,283.93444,19.112274,4.12901,6.00591,-2.40331,-2.43976,50,6.02652,4.07613,-104.90578,2.08868,6.70004,17.57088,-34.85513,TUF_UNI,HOB_COL,SolGittlemanPark,D3,Team,20260308-SolGittlemanPark-1,8a114800-1b09-11f1-b223-2ddea47c7638,70.3496,48.59365,,5.59118,,,,2.07945,3.166,0.23387,3317ed2e-431f-4f93-8269-cf08b58f2e14,2026-03-08,16:11:59.58,2026-03-08T12:11:59.5832832-04:00,2026-03-08T16:11:59.5832832Z,LineDrive,v3,,,,"Dashefsky, Quinn",10088596,Right,HOB_COL,e290f5ef-51d3-46da-9412-c958b5864410,55.60855,-105.841,8.78544,5.86598,3.94386,-17.42757,-2.64722,3.71952,3.35002,212.849762,2.07908,122.25379,-26.30817,5.96449,-1.29786,0.27432,-0.05165,0.00675,-0.00039,3.16666,47.02613,-11.57703,-1.02843,0.65979,-0.22922,0.05393,-0.00688,0.00035,0.23378,17.68596,5.57415,-2.52989,0.75813,-0.17274,0.02934,-0.00319,0.00016,,,,,,,,,,,,,,,,,,,,,,,High,High,High,High,High,,,,,,,,,,,,,,,,,,,,,,,,,,,,,,,,,,,,,
23,2026-03-08,12:12:56.41,3,1,"Forgues, Aaron",10310170,Right,HOB_COL,"McKiernan, Owen",1000231741,Right,TUF_UNI,Undefined,1,Bottom,1,0,0,Fastball,Four-Seam,StrikeCalled,Undefined,Undefined,Undefined,0,0,,89.89966,-2.979929,-4.686006,2247.302184,215.728029,1:15,5.7315,2.86671,5.48164,-17.49922,17.77647,11.97493,1.47323,-0.52958,82.35504,-6.261767,-2.563433,0.427474,,,,,,,,,,,,-7.32469,10.11725,-2.46337,50,5.45748,10.1283,-129.99709,-7.35735,-12.57717,26.37683,-14.8018,TUF_UNI,HOB_COL,SolGittlemanPark,D3,Team,20260308-SolGittlemanPark-1,abe84e60-1b09-11f1-b223-2ddea47c7638,88.17491,,,7.54462,,,,,,,3317ed2e-431f-4f93-8269-cf08b58f2e14,2026-03-08,16:12:56.41,2026-03-08T12:12:56.4124672-04:00,2026-03-08T16:12:56.4124672Z,,v3,,,,"Dashefsky, Quinn",10088596,Right,HOB_COL,a4674d2f-f6f6-4756-86c0-445255504911,55.01753,-131.0112,13.18842,5.72941,-6.78826,-7.4009,-2.86207,10.61186,-6.28858,,,,,,,,,,,,,,,,,,,,,,,,,,,,,,,,,,,,,,,,,,,,,,,,,,,High,High,High,,,,,,,,,,,,,,,,,,,,,,,,,,,,,,,,,,,,,,,
24,2026-03-08,12:13:13.20,3,2,"Forgues, Aaron",10310170,Right,HOB_COL,"McKiernan, Owen",1000231741,Right,TUF_UNI,Undefined,1,Bottom,1,0,1,Fastball,Four-Seam,BallCalled,Undefined,Undefined,Undefined,0,0,,89.39669,-2.892224,-5.136395,2243.854323,214.483194,1:15,5.6797,2.85359,5.75375,-17.73009,17.8158,11.41339,1.4967,-0.98955,81.44969,-6.2436,-3.105618,0.429108,,,,,,,,,,,,-7.31225,10.27075,-2.4336,50,5.42803,11.1256,-129.16895,-7.09139,-12.31963,27.60319,-14.86992,TUF_UNI,HOB_COL,SolGittlemanPark,D3,Team,20260308-SolGittlemanPark-1,b5e14110-1b09-11f1-b223-2ddea47c7638,87.83914,,,7.947,,,,,,,3317ed2e-431f-4f93-8269-cf08b58f2e14,2026-03-08,16:13:13.20,2026-03-08T12:13:13.2092416-04:00,2026-03-08T16:13:13.2092416Z,,v3,,,,"Dashefsky, Quinn",10088596,Right,HOB_COL,1546bed9-b9c3-4ab4-aafe-569c21a33886,54.74484,-130.17896,13.80159,5.67755,-6.54729,-7.43496,-2.84894,11.57639,-6.15981,,,,,,,,,,,,,,,,,,,,,,,,,,,,,,,,,,,,,,,,,,,,,,,,,,,High,High,High,,,,,,,,,,,,,,,,,,,,,,,,,,,,,,,,,,,,,,,
25,2026-03-08,12:13:47.31,3,3,"Forgues, Aaron",10310170,Right,HOB_COL,"McKiernan, Owen",1000231741,Right,TUF_UNI,Undefined,1,Bottom,1,1,1,Fastball,Four-Seam,StrikeCalled,Undefined,Undefined,Undefined,0,0,,89.34754,-1.7973,-4.903885,2260.321308,215.887622,1:15,5.74328,2.8931,5.55466,-17.82375,18.01592,12.15347,2.57192,-0.68734,81.16228,-5.16735,-2.748328,0.430877,,,,,,,,,,,,-7.55878,9.98052,-2.4765,50,5.57588,10.54324,-129.16424,-4.62344,-12.71749,27.92823,-15.3821,TUF_UNI,HOB_COL,SolGittlemanPark,D3,Team,20260308-SolGittlemanPark-1,ca3da810-1b09-11f1-b223-2ddea47c7638,87.47845,,,8.18526,,,,,,,3317ed2e-431f-4f93-8269-cf08b58f2e14,2026-03-08,16:13:47.31,2026-03-08T12:13:47.3197056-04:00,2026-03-08T16:13:47.3197056Z,,v3,,,,"Dashefsky, Quinn",10088596,Right,HOB_COL,4485b48f-0c6c-4f3f-9e35-76557e1b53d1,54.94272,-130.22858,13.96411,5.74091,-4.03723,-7.69105,-2.88754,11.0279,-6.35875,,,,,,,,,,,,,,,,,,,,,,,,,,,,,,,,,,,,,,,,,,,,,,,,,,,High,High,High,,,,,,,,,,,,,,,,,,,,,,,,,,,,,,,,,,,,,,,
26,2026-03-08,12:14:05.83,3,4,"Forgues, Aaron",10310170,Right,HOB_COL,"McKiernan, Owen",1000231741,Right,TUF_UNI,Undefined,1,Bottom,1,1,2,Fastball,Four-Seam,BallCalled,Undefined,Undefined,Undefined,0,0,,89.19283,-3.131945,-5.644382,2262.851748,211.639733,1:00,5.72091,2.79382,5.57874,-15.6043,20.36292,11.80229,1.47831,-1.5113,81.30909,-6.096322,-3.554806,0.431643,,,,,,,,,,,,-7.61115,11.57485,-2.31497,50,5.44019,12.21603,-128.73195,-7.54299,-12.75718,27.01418,-12.77318,TUF_UNI,HOB_COL,SolGittlemanPark,D3,Team,20260308-SolGittlemanPark-1,d5428c80-1b09-11f1-b223-2ddea47c7638,87.32313,,,7.88374,,,,,,,3317ed2e-431f-4f93-8269-cf08b58f2e14,2026-03-08,16:14:05.83,2026-03-08T12:14:05.8378752-04:00,2026-03-08T16:14:05.8378752Z,,v3,,,,"Dashefsky, Quinn",10088596,Right,HOB_COL,94798124-29c9-429a-be99-f78b377a6f67,54.92047,-129.76039,13.50709,5.7181,-7.05671,-6.38659,-2.78928,12.7017,-6.37859,,,,,,,,,,,,,,,,,,,,,,,,,,,,,,,,,,,,,,,,,,,,,,,,,,,High,High,High,,,,,,,,,,,,,,,,,,,,,,,,,,,,,,,,,,,,,,,
27,2026-03-08,12:14:26.00,3,5,"Forgues, Aaron",10310170,Right,HOB_COL,"McKiernan, Owen",1000231741,Right,TUF_UNI,Undefined,1,Bottom,1,2,2,Fastball,Four-Seam,BallCalled,Undefined,Undefined,Undefined,0,0,,89.94648,-1.82751,-2.887573,2288.765609,212.071001,1:00,5.68694,3.04252,5.36199,-16.00572,19.28084,11.36969,2.63666,1.27995,82.14942,-4.853032,-0.870304,0.427539,,,,,,,,,,,,-6.67768,10.63091,-2.79192,50,5.5119,6.094,-130.43144,-4.69226,-11.49371,27.65045,-13.8759,TUF_UNI,HOB_COL,SolGittlemanPark,D3,Team,20260308-SolGittlemanPark-1,e1404fe0-1b09-11f1-b223-2ddea47c7638,88.16135,,,7.79707,,,,,,,3317ed2e-431f-4f93-8269-cf08b58f2e14,2026-03-08,16:14:26.00,2026-03-08T12:14:26.0080000-04:00,2026-03-08T16:14:26.0080000Z,,v3,,,,"Dashefsky, Quinn",10088596,Right,HOB_COL,12aae246-2fdc-499d-8e5f-441cfa8c7e4e,55.13974,-131.51652,13.82523,5.68535,-4.14773,-6.93795,-3.03991,6.54504,-5.74686,,,,,,,,,,,,,,,,,,,,,,,,,,,,,72.38434,2.320258,0.924774,1.395483,7.50439,3.1321,-1.38457,-0.51933,6.69774,1.04398,127.27743,-0.20585,2.10547,-0.35117,103.69676,-8.87542,6.73678,12.05645,-12.23403,1.00676,-1.24155,1.47678,High,High,High,,,High,High,High,,,,,,,,,,,,,,,,,,,,,,,,,,,,,,,,,,
28,2026-03-08,12:15:46.06,3,6,"Forgues, Aaron",10310170,Right,HOB_COL,"McKiernan, Owen",1000231741,Right,TUF_UNI,Undefined,1,Bottom,1,3,2,Slider,Curveball,FoulBallNotFieldable,Undefined,Undefined,Undefined,0,0,,72.7496,1.240213,-2.023856,2128.72487,47.846596,7:30,5.84782,2.73231,5.07836,-62.90555,-8.70367,-11.3426,1.77573,-0.12154,67.59851,-10.059352,-4.031058,0.529881,,,,,,,,,,,,5.17477,-4.36059,-2.53091,50,5.91471,4.14655,-105.6454,0.21212,5.86785,17.43584,-37.11868,TUF_UNI,HOB_COL,SolGittlemanPark,D3,Team,20260308-SolGittlemanPark-1,11088530-1b0a-11f1-b223-2ddea47c7638,71.13377,,,5.15109,,,,,,,3317ed2e-431f-4f93-8269-cf08b58f2e14,2026-03-08,16:15:46.06,2026-03-08T12:15:46.0658688-04:00,2026-03-08T16:15:46.0658688Z,,v3,,,,"Dashefsky, Quinn",10088596,Right,HOB_COL,2624d905-b290-4ce5-8a9a-d908f2f34cb5,55.42533,-106.53704,8.71792,5.85533,2.11031,-18.55934,-2.73528,3.84648,2.93392,,,,,,,,,,,,,,,,,,,,,,,,,,,,,,,,,,,,,,,,,,,,,,,,,,,High,High,High,,,,,,,,,,,,,,,,,,,,,,,,,,,,,,,,,,,,,,,
29,2026-03-08,12:16:09.21,3,7,"Forgues, Aaron",10310170,Right,HOB_COL,"McKiernan, Owen",1000231741,Right,TUF_UNI,Undefined,1,Bottom,1,3,2,Fastball,Four-Seam,FoulBallNotFieldable,Undefined,Undefined,Undefined,0,0,,89.05215,-1.818598,-3.337849,2201.875023,212.933895,1:00,5.749,2.97506,5.7997,-18.39158,16.98214,10.27749,2.52147,0.72351,81.53506,-5.288281,-1.500518,0.428067,45.06003,35.739945,59.609531,4875.510155,,,,102.31215,82.85029,69.760281,2.28429,-6.17666,9.51004,-2.70689,50,5.58841,7.10007,-129.13876,-4.67331,-10.45326,26.34328,-16.07939,TUF_UNI,HOB_COL,SolGittlemanPark,D3,Team,20260308-SolGittlemanPark-1,1ec55db0-1b0a-11f1-b223-2ddea47c7638,88.05267,22.32906,,7.51708,,,,1.09796,2.34755,-0.50266,3317ed2e-431f-4f93-8269-cf08b58f2e14,2026-03-08,16:16:09.21,2026-03-08T12:16:09.2194816-04:00,2026-03-08T16:16:09.2194816Z,GroundBall,v3,,,,"Dashefsky, Quinn",10088596,Right,HOB_COL,aef8ee37-04f0-4b4b-a2da-059f4c225a34,54.69931,-130.09386,13.17164,5.74728,-4.09034,-8.0397,-2.97117,7.47906,-5.22663,,1.09788,27.14202,-7.57771,1.91118,-0.8686,0.58313,-0.37146,0.12407,-0.01491,2.34744,38.60874,-20.35567,2.05144,-0.60421,0.24582,-0.05544,-0.00786,0.0038,-0.5025,46.26013,-0.57017,-1.30608,1.34141,-1.22162,0.71473,-0.22914,0.0292,,,,,,,,,,,,,,,,,,,,,,,High,High,High,High,High,,,,,,,,,,,,,,,,,,,,,,,,,,,,,,,,,,,,,
30,2026-03-08,12:16:33.09,3,8,"Forgues, Aaron",10310170,Right,HOB_COL,"McKiernan, Owen",1000231741,Right,TUF_UNI,Undefined,1,Bottom,1,3,2,Fastball,Four-Seam,FoulBallNotFieldable,Undefined,Undefined,Undefined,0,0,,89.18607,-1.62182,-4.902076,2193.947534,210.4826,1:00,5.70404,2.98218,5.88046,-18.67489,16.21158,8.96725,2.63572,-0.83413,82.52958,-5.118929,-3.302368,0.425109,,,,,,,,,,,,-5.7852,9.01052,-2.59079,50,5.56171,10.71934,-129.26094,-4.25548,-9.92929,23.29823,-16.70905,TUF_UNI,HOB_COL,SolGittlemanPark,D3,Team,20260308-SolGittlemanPark-1,2d082f10-1b0a-11f1-b223-2ddea47c7638,88.66539,,,6.65649,,,,,,,3317ed2e-431f-4f93-8269-cf08b58f2e14,2026-03-08,16:16:33.09,2026-03-08T12:16:33.0993152-04:00,2026-03-08T16:16:33.0993152Z,,v3,,,,"Dashefsky, Quinn",10088596,Right,HOB_COL,cfb76d71-022a-48c9-9f3e-208c508106ce,54.61997,-130.09099,11.64911,5.70272,-3.66018,-8.35452,-2.97899,11.07309,-4.96465,,,,,,,,,,,,,,,,,,,,,,,,,,,,,,,,,,,,,,,,,,,,,,,,,,,High,High,High,,,,,,,,,,,,,,,,,,,,,,,,,,,,,,,,,,,,,,,
31,2026-03-08,12:17:01.95,3,9,"Forgues, Aaron",10310170,Right,HOB_COL,"McKiernan, Owen",1000231741,Right,TUF_UNI,Undefined,1,Bottom,1,3,2,Fastball,Four-Seam,FoulBallNotFieldable,Undefined,Undefined,Undefined,0,0,,90.4818,-1.904072,-4.147108,2300.160994,214.155088,1:15,5.71714,3.09202,5.51836,-18.20257,16.71572,10.54268,2.41463,0.08627,82.28274,-5.331936,-2.275182,0.425303,73.88592,13.079406,168.239489,2749.748382,,,,114.6508,43.84024,171.990614,1.243287,-6.54906,9.34729,-2.73775,50,5.53905,9.02529,-130.9405,-4.95769,-11.32289,28.72129,-16.01321,TUF_UNI,HOB_COL,SolGittlemanPark,D3,Team,20260308-SolGittlemanPark-1,3e36aeb0-1b0a-11f1-b223-2ddea47c7638,88.62499,8.94908,,8.19906,,,,1.36552,2.31125,0.14928,3317ed2e-431f-4f93-8269-cf08b58f2e14,2026-03-08,16:17:01.95,2026-03-08T12:17:01.9565568-04:00,2026-03-08T16:17:01.9565568Z,LineDrive,v3,,,,"Dashefsky, Quinn",10088596,Right,HOB_COL,17b48fa1-7e75-495d-b4f5-b57744a211c2,54.97982,-132.02829,14.36065,5.71533,-4.35121,-8.0066,-3.08769,9.45413,-5.66145,,1.33806,-103.03294,8.57325,,,,,,,2.47704,22.68514,-19.94464,,,,,,,0.25637,20.31449,-6.23073,,,,,,,,,,,,,,,,,,,,,,,,,,,,,High,High,High,High,Medium,,,,,,,,,,,,,,,,,,,,,,,,,,,,,,,,,,,,,
32,2026-03-08,12:17:23.17,3,10,"Forgues, Aaron",10310170,Right,HOB_COL,"McKiernan, Owen",1000231741,Right,TUF_UNI,Undefined,1,Bottom,1,3,2,ChangeUp,Changeup,BallCalled,Walk,Undefined,Undefined,0,0,,85.82321,-2.017521,-5.007899,1868.282597,206.823689,1:00,5.80812,2.76066,5.82996,-23.3806,14.76048,6.86579,1.97637,-1.33421,78.85457,-6.373409,-3.784393,0.444496,,,,,,,,,,,,-4.84469,8.44319,-2.355,50,5.62895,10.6051,-124.19235,-5.12032,-7.60061,23.82139,-18.92787,TUF_UNI,HOB_COL,SolGittlemanPark,D3,Team,20260308-SolGittlemanPark-1,4af6d7b0-1b0a-11f1-b223-2ddea47c7638,84.79815,,,6.96864,,,,,,,3317ed2e-431f-4f93-8269-cf08b58f2e14,2026-03-08,16:17:23.17,2026-03-08T12:17:23.1750144-04:00,2026-03-08T16:17:23.1750144Z,,v3,,,,"Dashefsky, Quinn",10088596,Right,HOB_COL,5d238a0f-678d-470a-ac4d-52fc7b01b816,54.66849,-125.08461,11.9107,5.80746,-4.41135,-9.46393,-2.75756,10.88979,-3.8003,,,,,,,,,,,,,,,,,,,,,,,,,,,,,,,,,,,,,,,,,,,,,,,,,,,High,High,High,,,,,,,,,,,,,,,,,,,,,,,,,,,,,,,,,,,,,,,
33,2026-03-08,12:17:54.06,4,1,"Forgues, Aaron",10310170,Right,HOB_COL,"Bannish, Tate",1000196430,Right,TUF_UNI,Undefined,1,Bottom,1,0,0,Slider,Curveball,StrikeCalled,Undefined,Undefined,Undefined,0,0,,75.10356,2.562995,-0.727693,2202.101302,47.403081,7:30,5.88979,2.81582,5.02763,-58.65606,-7.19709,-9.63658,3.42194,1.32611,68.65526,-8.045956,-2.430318,0.5163,,,,,,,,,,,,4.64327,-4.05107,-2.73782,50,6.08697,1.75021,-108.90131,2.87366,5.54033,20.27005,-37.00775,TUF_UNI,HOB_COL,SolGittlemanPark,D3,Team,20260308-SolGittlemanPark-1,5d5069d0-1b0a-11f1-b223-2ddea47c7638,73.00494,,,6.4483,,,,,,,3317ed2e-431f-4f93-8269-cf08b58f2e14,2026-03-08,16:17:54.06,2026-03-08T12:17:54.0603904-04:00,2026-03-08T16:17:54.0603904Z,,v3,,,,"Dashefsky, Quinn",10088596,Right,HOB_COL,b71d2a0e-e806-4744-ac83-64753d903aef,55.47459,-109.91558,10.13503,5.89684,4.72546,-18.50388,-2.81846,1.47298,2.77016,,,,,,,,,,,,,,,,,,,,,,,,,,,,,,,,,,,,,,,,,,,,,,,,,,,High,High,High,,,,,,,,,,,,,,,,,,,,,,,,,,,,,,,,,,,,,,,
34,2026-03-08,12:18:14.00,4,2,"Forgues, Aaron",10310170,Right,HOB_COL,"Bannish, Tate",1000196430,Right,TUF_UNI,Undefined,1,Bottom,1,0,1,Fastball,Four-Seam,BallCalled,Undefined,Undefined,Undefined,0,0,,88.64007,-2.852164,-5.351686,2338.223859,206.361843,1:00,5.78324,2.81697,5.75463,-13.8343,22.35789,10.46977,1.96156,-1.30682,80.63177,-5.519269,-3.490928,0.432991,,,,,,,,,,,,-6.90075,12.59556,-2.37847,50,5.53737,11.55229,-128.02912,-6.77231,-11.41676,27.23263,-11.33562,TUF_UNI,HOB_COL,SolGittlemanPark,D3,Team,20260308-SolGittlemanPark-1,692c2640-1b0a-11f1-b223-2ddea47c7638,87.05135,,,8.00831,,,,,,,3317ed2e-431f-4f93-8269-cf08b58f2e14,2026-03-08,16:18:14.00,2026-03-08T12:18:14.0079104-04:00,2026-03-08T16:18:14.0079104Z,,v3,,,,"Dashefsky, Quinn",10088596,Right,HOB_COL,cce8eaa7-cc6d-418a-8a57-3ca30ea408e4,54.7439,-129.03423,13.61631,5.77961,-6.35393,-5.66781,-2.81262,11.97367,-5.70838,,,,,,,,,,,,,,,,,,,,,,,,,,,,,,,,,,,,,,,,,,,,,,,,,,,High,High,High,,,,,,,,,,,,,,,,,,,,,,,,,,,,,,,,,,,,,,,
35,2026-03-08,12:18:42.19,4,3,"Forgues, Aaron",10310170,Right,HOB_COL,"Bannish, Tate",1000196430,Right,TUF_UNI,Undefined,1,Bottom,1,1,1,Fastball,Four-Seam,StrikeSwinging,Undefined,Undefined,Undefined,0,0,,90.37003,-1.317106,-3.656815,2330.775631,218.672046,1:15,5.79186,2.96767,5.38804,-15.55017,19.52761,14.69296,3.2588,0.76,82.1466,-4.274332,-1.051543,0.426273,,,,,,,,,,,,-8.3767,10.50382,-2.65111,50,5.66337,7.68288,-130.86538,-3.4923,-14.49325,28.20667,-14.00045,TUF_UNI,HOB_COL,SolGittlemanPark,D3,Team,20260308-SolGittlemanPark-1,79f4df30-1b0a-11f1-b223-2ddea47c7638,88.42334,,,8.22343,,,,,,,3317ed2e-431f-4f93-8269-cf08b58f2e14,2026-03-08,16:18:42.19,2026-03-08T12:18:42.1919744-04:00,2026-03-08T16:18:42.1919744Z,,v3,,,,"Dashefsky, Quinn",10088596,Right,HOB_COL,f64f312b-42fd-494d-969b-605c6266d918,55.10892,-131.96196,14.10334,5.78856,-2.94802,-7.00023,-2.96075,8.24633,-7.24663,,,,,,,,,,,,,,,,,,,,,,,,,,,,,,,,,,,,,,,,,,,,,,,,,,,High,High,High,,,,,,,,,,,,,,,,,,,,,,,,,,,,,,,,,,,,,,,
36,2026-03-08,12:19:05.54,4,4,"Forgues, Aaron",10310170,Right,HOB_COL,"Bannish, Tate",1000196430,Right,TUF_UNI,Undefined,1,Bottom,1,1,2,Fastball,Four-Seam,FoulBallNotFieldable,Undefined,Undefined,Undefined,0,0,,89.63358,-1.65873,-3.302768,2327.150112,207.555475,1:00,5.80871,2.99355,5.58173,-14.20678,21.18013,10.43674,3.07273,0.77543,81.52658,-4.386566,-1.445049,0.428147,61.01247,47.959175,146.512413,4506.971879,,,,,34.8761,,,-6.25784,11.56485,-2.71649,50,5.65702,7.03956,-129.88168,-4.1724,-10.6543,28.04121,-12.48431,TUF_UNI,HOB_COL,SolGittlemanPark,D3,Team,20260308-SolGittlemanPark-1,87e17a40-1b0a-11f1-b223-2ddea47c7638,88.03627,35.9051,,8.107,,,,1.86171,3.12892,-0.80394,3317ed2e-431f-4f93-8269-cf08b58f2e14,2026-03-08,16:19:05.54,2026-03-08T12:19:05.5460000-04:00,2026-03-08T16:19:05.5460000Z,,v3,,,,"Dashefsky, Quinn",10088596,Right,HOB_COL,cc385c2f-254d-47ed-acff-fcfe519c7f28,54.91666,-130.93888,14.0206,5.80546,-3.70172,-6.24216,-2.98946,7.44124,-5.32715,317.987251,1.86171,-49.97721,0.22915,1.28802,-1.84617,6.05805,-11.40836,10.69612,-3.99582,3.12892,66.45754,-26.35919,3.05797,-1.21346,2.5537,-4.56515,4.1905,-1.54557,-0.80394,33.06374,-9.12917,2.41274,-1.92927,5.8598,-10.9088,10.15171,-3.77449,,,,,,,,,,,,,,,,,,,,,,,High,High,High,High,Undefined,,,,,,,,,,,,,,,,,,,,,,,,,,,,,,,,,,,,,
37,2026-03-08,12:19:51.36,4,5,"Forgues, Aaron",10310170,Right,HOB_COL,"Bannish, Tate",1000196430,Right,TUF_UNI,Undefined,1,Bottom,1,1,2,ChangeUp,Changeup,StrikeCalled,Strikeout,Undefined,Undefined,0,0,,84.4672,-1.478356,-5.447539,1969.194757,228.394453,1:30,5.79542,2.63098,6.02076,-24.77513,14.54867,14.91796,2.35501,-1.18677,77.06105,-6.128916,-2.78048,0.451335,,,,,,,,,,,,-9.2289,8.28989,-2.21136,50,5.66564,11.06736,-122.16749,-3.90165,-13.92626,24.41333,-19.66476,TUF_UNI,HOB_COL,SolGittlemanPark,D3,Team,20260308-SolGittlemanPark-1,a3397270-1b0a-11f1-b223-2ddea47c7638,83.51322,,,7.40615,,,,,,,3317ed2e-431f-4f93-8269-cf08b58f2e14,2026-03-08,16:19:51.36,2026-03-08T12:19:51.3637376-04:00,2026-03-08T16:19:51.3637376Z,,v3,,,,"Dashefsky, Quinn",10088596,Right,HOB_COL,4a1bc653-b429-4601-8472-51614231c301,54.47789,-123.05907,12.20667,5.79501,-3.18348,-9.83238,-2.62484,11.57595,-6.96313,,,,,,,,,,,,,,,,,,,,,,,,,,,,,,,,,,,,,,,,,,,,,,,,,,,High,High,High,,,,,,,,,,,,,,,,,,,,,,,,,,,,,,,,,,,,,,,
38,2026-03-08,12:20:21.40,5,1,"Forgues, Aaron",10310170,Right,HOB_COL,"Lysko, AJ",10102743,Left,TUF_UNI,Undefined,1,Bottom,2,0,0,Fastball,Four-Seam,StrikeCalled,Undefined,Undefined,Undefined,0,0,,90.05597,-2.325675,-4.446923,2267.49901,206.680872,1:00,5.70832,2.94898,5.5532,-15.01454,20.3545,9.60693,2.27627,-0.41395,81.58658,-5.19869,-2.741749,0.428039,,,,,,,,,,,,-6.21237,11.36233,-2.57041,50,5.49712,9.70034,-130.19397,-5.74323,-10.5807,29.30319,-12.82212,TUF_UNI,HOB_COL,SolGittlemanPark,D3,Team,20260308-SolGittlemanPark-1,b51ee600-1b0a-11f1-b223-2ddea47c7638,88.05845,,,8.46939,,,,,,,3317ed2e-431f-4f93-8269-cf08b58f2e14,2026-03-08,16:20:21.40,2026-03-08T12:20:21.4005248-04:00,2026-03-08T16:20:21.4005248Z,,v3,,,,"Dashefsky, Quinn",10088596,Right,HOB_COL,6de4d794-19e7-4830-b993-46c8c55b75fe,54.94445,-131.30211,14.65159,5.70514,-5.25834,-6.41106,-2.94481,10.10047,-5.29035,,,,,,,,,,,,,,,,,,,,,,,,,,,,,,,,,,,,,,,,,,,,,,,,,,,High,High,High,,,,,,,,,,,,,,,,,,,,,,,,,,,,,,,,,,,,,,,
39,2026-03-08,12:20:39.44,5,2,"Forgues, Aaron",10310170,Right,HOB_COL,"Lysko, AJ",10102743,Left,TUF_UNI,Undefined,1,Bottom,2,0,1,Fastball,Four-Seam,BallCalled,Undefined,Undefined,Undefined,0,0,,90.04636,-1.470767,-2.70262,2269.149301,215.448092,1:15,5.62781,3.09957,5.42936,-18.22655,16.90717,11.22851,2.72965,1.50227,82.18366,-4.895582,-0.707196,0.426612,,,,,,,,,,,,-6.38878,9.25016,-2.86791,50,5.48499,5.65285,-130.55066,-3.95561,-11.02605,27.47998,-16.20968,TUF_UNI,HOB_COL,SolGittlemanPark,D3,Team,20260308-SolGittlemanPark-1,bfd4e720-1b0a-11f1-b223-2ddea47c7638,88.3529,,,7.86269,,,,,,,3317ed2e-431f-4f93-8269-cf08b58f2e14,2026-03-08,16:20:39.44,2026-03-08T12:20:39.4412544-04:00,2026-03-08T16:20:39.4412544Z,,v3,,,,"Dashefsky, Quinn",10088596,Right,HOB_COL,335d37c4-d5fd-4174-bb39-19f0901ba9e9,55.06814,-131.61314,13.73999,5.62581,-3.32888,-8.10484,-3.09471,6.07916,-5.51303,,,,,,,,,,,,,,,,,,,,,,,,,,,,,,,,,,,,,,,,,,,,,,,,,,,High,High,High,,,,,,,,,,,,,,,,,,,,,,,,,,,,,,,,,,,,,,,
40,2026-03-08,12:20:57.75,5,3,"Forgues, Aaron",10310170,Right,HOB_COL,"Lysko, AJ",10102743,Left,TUF_UNI,Undefined,1,Bottom,2,1,1,ChangeUp,Changeup,InPlay,Undefined,FlyBall,Out,1,0,,83.94981,-2.382585,-4.033307,1845.17936,205.101246,12:45,5.73658,2.60746,6.14293,-21.09438,18.27686,7.97729,1.77024,-0.46109,77.01178,-6.367543,-2.599823,0.451607,93.25955,52.476608,35.506882,,86.18807,138.89968,68.3492,218.28249,91.48932,40.839951,6.1754,-5.26583,10.50469,-2.30401,50,5.54366,8.28205,-121.6667,-5.65641,-7.90689,23.48153,-16.40079,TUF_UNI,HOB_COL,SolGittlemanPark,D3,Team,20260308-SolGittlemanPark-1,cad73380-1b0a-11f1-b223-2ddea47c7638,83.46287,148.19206,,6.93802,,,,2.25406,2.08554,0.42059,3317ed2e-431f-4f93-8269-cf08b58f2e14,2026-03-08,16:20:57.75,2026-03-08T12:20:57.7575936-04:00,2026-03-08T16:20:57.7575936Z,FlyBall,v3,,,,"Dashefsky, Quinn",10088596,Right,HOB_COL,01bafdcd-9a06-4380-a2d6-c3fa3eae64e9,54.35654,-122.50462,11.74076,5.73506,-5.07116,-8.2004,-2.60458,8.5642,-3.95345,,2.2673,67.58896,-22.65809,6.13495,-0.9529,0.03608,0.01472,-0.00244,0.00011,2.07889,108.56704,-24.06686,1.5586,0.12508,-0.14227,0.03971,-0.00518,0.00026,0.42986,48.23142,-12.60294,3.00877,-0.34669,-0.02583,0.01455,-0.00179,8E-05,,,,,,,,,,,,,,,,,,,,,,,High,High,High,High,Low,,,,,,,,,,,,,,,,,,,,,,,,,,,,,,,,,,,,,
41,2026-03-08,12:23:16.63,1,1,"Christian, Emmet",1000302833,Right,TUF_UNI,"Schmiedlin, Connor",10086715,Left,HOB_COL,Undefined,2,Top,0,0,0,ChangeUp,Changeup,StrikeCalled,Undefined,Undefined,Undefined,0,0,,85.94197,-0.497139,-2.17808,2219.739673,239.856028,2:00,6.05947,2.02894,6.15272,-27.53096,9.99564,15.1295,3.30556,1.27638,78.47927,-5.656666,0.550566,0.440901,,,,,,,,,,,,-8.43445,5.67764,-1.87088,50,6.00755,4.14983,-124.82561,-1.93311,-13.27061,25.78071,-23.24094,TUF_UNI,HOB_COL,SolGittlemanPark,D3,Team,20260308-SolGittlemanPark-1,1d8df9b0-1b0b-11f1-b223-2ddea47c7638,85.48959,,,7.4627,,,,,,,3317ed2e-431f-4f93-8269-cf08b58f2e14,2026-03-08,16:23:16.63,2026-03-08T12:23:16.6302720-04:00,2026-03-08T16:23:16.6302720Z,,v3,,,,"Whitfield, Malcolm",1000231739,Right,TUF_UNI,58d1fb28-c9dc-40b3-a67b-6cddebf213f4,54.34568,-125.71993,12.89035,6.06062,-1.12688,-11.62047,-2.02282,4.61018,-6.63531,,,,,,,,,,,,,,,,,,,,,,,,,,,,,,,,,,,,,,,,,,,,,,,,,,,High,High,High,,,,,,,,,,,,,,,,,,,,,,,,,,,,,,,,,,,,,,,
42,2026-03-08,12:23:30.16,1,2,"Christian, Emmet",1000302833,Right,TUF_UNI,"Schmiedlin, Connor",10086715,Left,HOB_COL,Undefined,2,Top,0,0,1,ChangeUp,Changeup,InPlay,Undefined,GroundBall,Out,1,0,,79.11872,-1.580223,-1.843926,1431.688049,226.097335,1:30,6.21382,1.95878,5.65853,-35.78466,9.38532,8.22048,1.75699,0.92367,72.56305,-8.171892,-0.373396,0.483723,55.34744,-70.159786,-42.758467,,,,,3.53781,2.9944,-23.08318,0.025665,-4.75347,5.6302,-1.80821,50,6.05729,3.38862,-114.81086,-4.2903,-6.32195,21.97108,-24.68609,TUF_UNI,HOB_COL,SolGittlemanPark,D3,Team,20260308-SolGittlemanPark-1,25a2ea20-1b0b-11f1-b223-2ddea47c7638,77.92159,1.96894,,6.55567,,,,2.73295,1.96894,-0.90474,3317ed2e-431f-4f93-8269-cf08b58f2e14,2026-03-08,16:23:30.16,2026-03-08T12:23:30.1649920-04:00,2026-03-08T16:23:30.1649920Z,GroundBall,v3,,,,"Whitfield, Malcolm",1000231739,Right,TUF_UNI,9a16fe29-54a1-4845-be8e-85056dba3903,54.84081,-115.73352,10.98554,6.21569,-3.25361,-12.34305,-1.95609,3.65411,-3.16097,,2.73256,20.32348,,,,,,,,1.97042,-76.71595,,,,,,,,-0.90438,-18.7924,,,,,,,,,,,,,,,,,,,,,,,,,,,,,,High,High,High,Low,Low,,,,,,,,,,,,,,,,,,,,,,,,,,,,,,,,,,,,,
43,2026-03-08,12:24:05.13,2,1,"Christian, Emmet",1000302833,Right,TUF_UNI,"Dashefsky, Quinn",10088596,Right,HOB_COL,Undefined,2,Top,1,0,0,Slider,Curveball,StrikeCalled,Undefined,Undefined,Undefined,0,0,,76.25902,-0.051995,-1.736979,2742.135163,83.849061,8:45,6.01196,2.06268,5.84185,-47.87451,0.01665,-12.74509,1.97408,-0.61417,70.71519,-8.807157,-4.023633,0.49808,,,,,,,,,,,,6.07803,0.43626,-1.91364,50,5.97946,3.81557,-110.85048,-1.57369,7.59073,19.12854,-31.62921,TUF_UNI,HOB_COL,SolGittlemanPark,D3,Team,20260308-SolGittlemanPark-1,3a93c8f0-1b0b-11f1-b223-2ddea47c7638,75.67547,,,5.54383,,,,,,,3317ed2e-431f-4f93-8269-cf08b58f2e14,2026-03-08,16:24:05.13,2026-03-08T12:24:05.1398656-04:00,2026-03-08T16:24:05.1398656Z,,v3,,,,"Whitfield, Malcolm",1000231739,Right,TUF_UNI,049bb8f0-e3c3-4031-8d5e-90cd93158bcc,54.65901,-111.65155,9.56427,6.01762,-0.24911,-15.81461,-2.06677,3.49768,3.79536,,,,,,,,,,,,,,,,,,,,,,,,,,,,,,,,,,,,,,,,,,,,,,,,,,,High,High,High,,,,,,,,,,,,,,,,,,,,,,,,,,,,,,,,,,,,,,,
44,2026-03-08,12:24:20.29,2,2,"Christian, Emmet",1000302833,Right,TUF_UNI,"Dashefsky, Quinn",10088596,Right,HOB_COL,Undefined,2,Top,1,0,1,Slider,Curveball,StrikeCalled,Undefined,Undefined,Undefined,0,0,,75.57085,1.101364,-1.717231,2805.524486,83.130614,8:45,5.98427,1.87687,5.6419,-49.65219,-0.30772,-14.91367,2.87457,-0.96832,69.66951,-7.974945,-4.3806,0.505581,,,,,,,,,,,,7.08638,0.00504,-1.7214,50,6.0462,3.83944,-109.75334,0.54311,8.64324,19.43344,-32.16792,TUF_UNI,HOB_COL,SolGittlemanPark,D3,Team,20260308-SolGittlemanPark-1,43903330-1b0b-11f1-b223-2ddea47c7638,74.55273,,,5.90135,,,,,,,3317ed2e-431f-4f93-8269-cf08b58f2e14,2026-03-08,16:24:20.29,2026-03-08T12:24:20.2984448-04:00,2026-03-08T16:24:20.2984448Z,,v3,,,,"Whitfield, Malcolm",1000231739,Right,TUF_UNI,542ca658-91bc-49bf-910c-dbcefccc78cb,54.85824,-110.61022,9.71672,5.99098,1.96149,-16.08396,-1.88229,3.45834,4.32162,,,,,,,,,,,,,,,,,,,,,,,,,,,,,,,,,,,,,,,,,,,,,,,,,,,High,High,High,,,,,,,,,,,,,,,,,,,,,,,,,,,,,,,,,,,,,,,
45,2026-03-08,12:24:39.51,2,3,"Christian, Emmet",1000302833,Right,TUF_UNI,"Dashefsky, Quinn",10088596,Right,HOB_COL,Undefined,2,Top,1,0,2,Fastball,Four-Seam,BallCalled,Undefined,Undefined,Undefined,0,0,,87.6208,-1.231884,-5.563245,2439.95236,202.342985,12:45,5.95738,1.73755,6.31191,-20.26159,15.58154,5.9665,3.12862,-2.90596,80.6325,-5.055004,-4.492673,0.430898,,,,,,,,,,,,-4.54264,8.76071,-1.33177,50,5.85686,12.12698,-126.86048,-3.31273,-7.45814,24.13786,-17.7906,TUF_UNI,HOB_COL,SolGittlemanPark,D3,Team,20260308-SolGittlemanPark-1,4ef81f30-1b0b-11f1-b223-2ddea47c7638,87.47417,,,6.9883,,,,,,,3317ed2e-431f-4f93-8269-cf08b58f2e14,2026-03-08,16:24:39.51,2026-03-08T12:24:39.5109376-04:00,2026-03-08T16:24:39.5109376Z,,v3,,,,"Whitfield, Malcolm",1000231739,Right,TUF_UNI,bba58244-04a6-4c8a-b8d3-ff43fa4259e1,54.18712,-127.65468,12.06893,5.95623,-2.72737,-8.8953,-1.73481,12.37237,-3.72907,,,,,,,,,,,,,,,,,,,,,,,,,,,,,,,,,,,,,,,,,,,,,,,,,,,High,High,High,,,,,,,,,,,,,,,,,,,,,,,,,,,,,,,,,,,,,,,
46,2026-03-08,12:24:53.56,2,4,"Christian, Emmet",1000302833,Right,TUF_UNI,"Dashefsky, Quinn",10088596,Right,HOB_COL,Undefined,2,Top,1,1,2,Cutter,Changeup,BallCalled,Undefined,Undefined,Undefined,0,0,,85.89958,-0.667832,-4.453106,2176.014358,241.297651,2:00,6.06561,1.81782,6.40584,-28.44112,8.93264,14.07997,3.07956,-1.11177,78.36067,-6.009934,-1.910733,0.440002,,,,,,,,,,,,-8.59119,5.23044,-1.50435,50,6.00475,9.15536,-124.51576,-2.30053,-13.44884,25.67604,-23.98618,TUF_UNI,HOB_COL,SolGittlemanPark,D3,Team,20260308-SolGittlemanPark-1,57584970-1b0b-11f1-b223-2ddea47c7638,85.66423,,,7.53891,,,,,,,3317ed2e-431f-4f93-8269-cf08b58f2e14,2026-03-08,16:24:53.56,2026-03-08T12:24:53.5651840-04:00,2026-03-08T16:24:53.5651840Z,,v3,,,,"Whitfield, Malcolm",1000231739,Right,TUF_UNI,82b17e26-75a0-4317-80b8-d758bb0886b7,54.09219,-125.35676,12.83802,6.06724,-1.51488,-11.99309,-1.81144,9.59586,-6.72442,,,,,,,,,,,,,,,,,,,,,,,,,,,,,,,,,,,,,,,,,,,,,,,,,,,High,High,High,,,,,,,,,,,,,,,,,,,,,,,,,,,,,,,,,,,,,,,
47,2026-03-08,12:25:14.08,2,5,"Christian, Emmet",1000302833,Right,TUF_UNI,"Dashefsky, Quinn",10088596,Right,HOB_COL,Undefined,2,Top,1,2,2,Fastball,Four-Seam,FoulBallNotFieldable,Undefined,Undefined,Undefined,0,0,,87.92205,-1.777593,-3.725653,2345.275192,212.571175,1:00,6.0591,2.13528,6.6226,-19.18635,15.94032,9.49052,2.82849,-0.49033,80.68767,-5.438109,-2.003598,0.42657,74.73489,10.377268,171.277387,2564.267882,,,,106.09912,46.13295,174.924075,1.118233,-6.03595,9.22071,-1.88612,50,5.93018,7.96484,-127.63516,-4.47086,-9.98674,25.53306,-16.91791,TUF_UNI,HOB_COL,SolGittlemanPark,D3,Team,20260308-SolGittlemanPark-1,638aff80-1b0b-11f1-b223-2ddea47c7638,88.36176,7.44067,,7.23438,,,,2.06624,2.81137,0.46368,3317ed2e-431f-4f93-8269-cf08b58f2e14,2026-03-08,16:25:14.08,2026-03-08T12:25:14.0874752-04:00,2026-03-08T16:25:14.0874752Z,GroundBall,v3,,,,"Whitfield, Malcolm",1000231739,Right,TUF_UNI,9089adbc-28b2-4204-96de-bef53d683429,53.87718,-128.40843,12.76653,6.05782,-3.95849,-8.45895,-2.13192,8.26729,-4.99337,297.97015,2.03816,-106.22646,8.86843,,,,,,,2.91414,18.48776,-18.93852,,,,,,,0.5492,15.29444,-6.67003,,,,,,,,,,,,,,,,,,,,,,,,,,,,,High,High,High,High,Medium,,,,,,,,,,,,,,,,,,,,,,,,,,,,,,,,,,,,,
48,2026-03-08,12:25:30.96,2,6,"Christian, Emmet",1000302833,Right,TUF_UNI,"Dashefsky, Quinn",10088596,Right,HOB_COL,Undefined,2,Top,1,2,2,Slider,Slider,StrikeSwinging,Strikeout,Undefined,Undefined,0,0,,78.15509,0.458138,-2.779689,2815.564916,99.217734,9:15,6.00993,1.78876,5.63732,-42.49132,4.33705,-16.88056,2.89691,-2.21321,71.12107,-7.355139,-5.786939,0.492522,,,,,,,,,,,,7.67122,2.53244,-1.54143,50,6.02206,6.14736,-113.25895,-0.44896,9.82472,23.39042,-28.93071,TUF_UNI,HOB_COL,SolGittlemanPark,D3,Team,20260308-SolGittlemanPark-1,6db78550-1b0b-11f1-b223-2ddea47c7638,76.52942,,,7.03402,,,,,,,3317ed2e-431f-4f93-8269-cf08b58f2e14,2026-03-08,16:25:30.96,2026-03-08T12:25:30.9610000-04:00,2026-03-08T16:25:30.9610000Z,,v3,,,,"Whitfield, Malcolm",1000231739,Right,TUF_UNI,ba73b9f5-febc-4db2-bb01-308f88efc4d9,54.86033,-114.2583,11.69521,6.01484,0.7871,-14.46535,-1.79511,5.7276,4.91236,,,,,,,,,,,,,,,,,,,,,,,,,,,,,76.42042,,,0.827051,,,,4.4132,2.97128,2.28184,68.24359,5.02825,56.55287,4.46965,87.00746,-12.01552,3.00135,15.5218,-15.83074,2.27774,67.73339,-2.54617,High,High,High,,,High,High,High,,,,,,,,,,,,,,,,,,,,,,,,,,,,,,,,,,
49,2026-03-08,12:25:56.89,3,1,"Christian, Emmet",1000302833,Right,TUF_UNI,"Davenport, Aidan",10141750,Left,HOB_COL,Undefined,2,Top,2,0,0,Fastball,Four-Seam,BallCalled,Undefined,Undefined,Undefined,0,0,,89.51381,-2.649002,-3.205046,2372.811025,224.615022,1:30,5.98705,1.95197,6.51699,-22.49525,11.22902,10.14914,1.67627,-0.14618,83.05705,-6.863526,-1.364022,0.417968,,,,,,,,,,,,-6.14433,6.83662,-1.7329,50,5.79221,6.90487,-130.0382,-6.68844,-10.65526,24.00779,-20.31823,TUF_UNI,HOB_COL,SolGittlemanPark,D3,Team,20260308-SolGittlemanPark-1,7d1b7e20-1b0b-11f1-b223-2ddea47c7638,90.1803,,,6.45676,,,,,,,3317ed2e-431f-4f93-8269-cf08b58f2e14,2026-03-08,16:25:56.89,2026-03-08T12:25:56.8952832-04:00,2026-03-08T16:25:56.8952832Z,,v3,,,,"Whitfield, Malcolm",1000231739,Right,TUF_UNI,3ddd2b67-0456-4a88-9331-f3f4091e6339,53.98409,-130.77168,12.00389,5.98707,-6.06769,-10.15912,-1.94883,7.2304,-5.32763,,,,,,,,,,,,,,,,,,,,,,,,,,,,,,,,,,,,,,,,,,,,,,,,,,,High,High,High,,,,,,,,,,,,,,,,,,,,,,,,,,,,,,,,,,,,,,,
50,2026-03-08,12:26:09.13,3,2,"Christian, Emmet",1000302833,Right,TUF_UNI,"Davenport, Aidan",10141750,Left,HOB_COL,Undefined,2,Top,2,1,0,Cutter,Changeup,InPlay,Undefined,GroundBall,Single,0,0,,86.07624,-1.488997,-3.233775,2268.300412,252.338166,2:30,5.80611,2.05276,6.30957,-30.21738,6.64,17.49076,1.91386,0.52824,79.58727,-7.106156,-0.071036,0.436952,91.3486,-9.500786,30.012648,,,,,16.46131,16.22021,21.701907,0.100778,-10.03772,4.13614,-1.8242,50,5.68212,6.42508,-125.08412,-4.18613,-16.03032,23.33946,-25.56862,TUF_UNI,HOB_COL,SolGittlemanPark,D3,Team,20260308-SolGittlemanPark-1,845c55b0-1b0b-11f1-b223-2ddea47c7638,86.26226,2.23229,,6.48898,,,,3.74453,2.23229,-0.58477,3317ed2e-431f-4f93-8269-cf08b58f2e14,2026-03-08,16:26:09.13,2026-03-08T12:26:09.1302400-04:00,2026-03-08T16:26:09.1302400Z,GroundBall,v3,,,,"Whitfield, Malcolm",1000231739,Right,TUF_UNI,08646704-7281-41f4-9bc7-af27722b6ac6,54.19247,-125.86396,11.66973,5.80772,-3.3318,-12.78431,-2.04783,6.96071,-8.01516,180,3.7415,114.60891,,,,,,,,2.23287,-22.15064,,,,,,,,-0.58653,66.20322,,,,,,,,,,,,,,,,,,,,,,,,,,,,,,High,High,High,Low,Low,,,,,,,,,,,,,,,,,,,,,,,,,,,,,,,,,,,,,
51,2026-03-08,12:26:46.09,4,1,"Christian, Emmet",1000302833,Right,TUF_UNI,"Rucker, Jackson",10141797,Right,HOB_COL,Undefined,2,Top,2,0,0,Slider,Curveball,StrikeCalled,Undefined,Undefined,Undefined,0,0,,76.46567,0.547626,-1.05621,2744.878981,84.432888,8:45,5.69479,2.41358,5.75511,-47.84121,0.33543,-12.33024,2.21789,0.40276,70.16544,-8.232769,-3.265616,0.499562,,,,,,,,,,,,6.03552,0.39358,-2.31812,50,5.71078,2.49015,-111.07235,-0.42023,7.49757,20.9383,-31.68511,TUF_UNI,HOB_COL,SolGittlemanPark,D3,Team,20260308-SolGittlemanPark-1,9a6d4a80-1b0b-11f1-b223-2ddea47c7638,75.45094,,,6.30023,,,,,,,3317ed2e-431f-4f93-8269-cf08b58f2e14,2026-03-08,16:26:46.09,2026-03-08T12:26:46.0969984-04:00,2026-03-08T16:26:46.0969984Z,,v3,,,,"Whitfield, Malcolm",1000231739,Right,TUF_UNI,77bb2c7f-bfa7-4af9-8aef-5bae14c72037,54.74541,-111.96333,10.46915,5.69997,0.92807,-15.84256,-2.4173,2.17111,3.74878,,,,,,,,,,,,,,,,,,,,,,,,,,,,,,,,,,,,,,,,,,,,,,,,,,,High,High,High,,,,,,,,,,,,,,,,,,,,,,,,,,,,,,,,,,,,,,,
52,2026-03-08,12:27:00.26,4,2,"Christian, Emmet",1000302833,Right,TUF_UNI,"Rucker, Jackson",10141797,Right,HOB_COL,Undefined,2,Top,2,0,1,Slider,Curveball,StrikeCalled,Undefined,Undefined,Undefined,0,0,,75.9275,-0.019902,-2.580527,2660.886694,94.522181,9:15,5.64106,2.40007,5.98115,-45.76684,2.40091,-12.48701,1.80869,-1.03407,70.30559,-8.422014,-4.822846,0.499516,,,,,,,,,,,,5.74359,1.66433,-2.18919,50,5.61408,5.40616,-110.30504,-1.39628,7.09367,19.17295,-30.11851,TUF_UNI,HOB_COL,SolGittlemanPark,D3,Team,20260308-SolGittlemanPark-1,a2eac0c0-1b0b-11f1-b223-2ddea47c7638,75.45789,,,5.6219,,,,,,,3317ed2e-431f-4f93-8269-cf08b58f2e14,2026-03-08,16:27:00.26,2026-03-08T12:27:00.2655744-04:00,2026-03-08T16:27:00.2655744Z,,v3,,,,"Whitfield, Malcolm",1000231739,Right,TUF_UNI,4c59c439-f798-4a24-8b72-70ba245debfb,54.5191,-111.08776,9.58647,5.64598,-0.16671,-15.05926,-2.40398,5.11657,3.54683,,,,,,,,,,,,,,,,,,,,,,,,,,,,,,,,,,,,,,,,,,,,,,,,,,,High,High,High,,,,,,,,,,,,,,,,,,,,,,,,,,,,,,,,,,,,,,,
53,2026-03-08,12:27:14.28,4,3,"Christian, Emmet",1000302833,Right,TUF_UNI,"Rucker, Jackson",10141797,Right,HOB_COL,Undefined,2,Top,2,0,2,Slider,Slider,BallCalled,Undefined,Undefined,Undefined,0,0,,76.94711,1.516707,-3.464636,2730.547905,109.002711,9:45,5.46117,2.60788,5.85818,-41.55404,5.9178,-12.94761,3.41036,-1.69389,70.57589,-6.151632,-5.775967,0.495895,,,,,,,,,,,,5.6474,3.03047,-2.31883,50,5.56025,7.22341,-111.55925,1.70795,7.09923,20.53831,-28.3645,TUF_UNI,HOB_COL,SolGittlemanPark,D3,Team,20260308-SolGittlemanPark-1,ab3eb600-1b0b-11f1-b223-2ddea47c7638,76.00898,,,6.37121,,,,,,,3317ed2e-431f-4f93-8269-cf08b58f2e14,2026-03-08,16:27:14.28,2026-03-08T12:27:14.2831104-04:00,2026-03-08T16:27:14.2831104Z,,v3,,,,"Whitfield, Malcolm",1000231739,Right,TUF_UNI,2474ba48-d00f-46fb-b57c-1c8f3f36d504,54.64062,-112.41035,10.26915,5.46512,2.88337,-14.18225,-2.61207,6.92922,3.54961,,,,,,,,,,,,,,,,,,,,,,,,,,,,,,,,,,,,,,,,,,,,,,,,,,,High,High,High,,,,,,,,,,,,,,,,,,,,,,,,,,,,,,,,,,,,,,,
54,2026-03-08,12:27:30.84,4,4,"Christian, Emmet",1000302833,Right,TUF_UNI,"Rucker, Jackson",10141797,Right,HOB_COL,Undefined,2,Top,2,1,2,Slider,Slider,InPlay,Undefined,GroundBall,Out,1,0,,75.5234,0.495702,-2.115978,2804.022255,99.284808,9:15,5.4505,2.5489,5.58231,-45.4803,3.8678,-14.88209,2.12373,-0.66824,69.89951,-7.810169,-4.768852,0.5056,89.46708,2.553006,-9.161533,922.541171,,,,63.26375,62.17522,-8.279605,0.495905,7.05516,2.20551,-2.35672,50,5.46307,4.58635,-109.70864,-0.46366,8.62949,18.75666,-29.47637,TUF_UNI,HOB_COL,SolGittlemanPark,D3,Team,20260308-SolGittlemanPark-1,b524e400-1b0b-11f1-b223-2ddea47c7638,74.54999,2.69119,,5.62389,,,,2.44159,2.3063,0.56992,3317ed2e-431f-4f93-8269-cf08b58f2e14,2026-03-08,16:27:30.84,2026-03-08T12:27:30.8413440-04:00,2026-03-08T16:27:30.8413440Z,GroundBall,v3,,,,"Whitfield, Malcolm",1000231739,Right,TUF_UNI,7384deef-2ed3-441e-b21a-0d49b330353b,54.91885,-110.54641,9.37833,5.45438,0.8529,-14.73818,-2.55296,4.20092,4.31475,358.947943,2.45344,129.09481,-15.77337,,,,,,,2.32071,5.45472,-20.49174,,,,,,,0.56788,-20.81634,2.62984,,,,,,,,,,,,,,,,,,,,,,,,,,,,,High,High,High,High,High,,,,,,,,,,,,,,,,,,,,,,,,,,,,,,,,,,,,,
55,2026-03-08,12:29:33.50,1,1,"Forgues, Aaron",10310170,Right,HOB_COL,"Pender, Tom",10180102,Right,TUF_UNI,Undefined,2,Bottom,0,0,0,Fastball,Four-Seam,BallCalled,Undefined,Undefined,Undefined,0,0,,89.23508,-3.290853,-3.923969,2154.599884,209.63701,1:00,5.72133,2.85836,5.71463,-15.50485,20.19332,10.79272,1.35301,0.09658,81.19726,-6.248382,-1.999785,0.430026,,,,,,,,,,,,-6.68804,11.62993,-2.53672,50,5.43594,8.39823,-129.08123,-7.88906,-11.22848,28.10383,-12.64864,TUF_UNI,HOB_COL,SolGittlemanPark,D3,Team,20260308-SolGittlemanPark-1,fe319ad0-1b0b-11f1-b223-2ddea47c7638,87.6516,,,8.03782,,,,,,,3317ed2e-431f-4f93-8269-cf08b58f2e14,2026-03-08,16:29:33.50,2026-03-08T12:29:33.5018496-04:00,2026-03-08T16:29:33.5018496Z,,v3,,,,"Dashefsky, Quinn",10088596,Right,HOB_COL,ce1a8c1c-da19-47cf-af74-f402f32584e3,54.78439,-130.11873,14.05192,5.71856,-7.42212,-6.32432,-2.85441,8.81275,-5.61424,,,,,,,,,,,,,,,,,,,,,,,,,,,,,,,,,,,,,,,,,,,,,,,,,,,High,High,High,,,,,,,,,,,,,,,,,,,,,,,,,,,,,,,,,,,,,,,
56,2026-03-08,12:29:47.90,1,2,"Forgues, Aaron",10310170,Right,HOB_COL,"Pender, Tom",10180102,Right,TUF_UNI,Undefined,2,Bottom,0,1,0,Fastball,Four-Seam,BallCalled,Undefined,Undefined,Undefined,0,0,,88.51833,-1.032545,-3.697825,2201.032496,211.603263,1:00,5.7023,2.88537,5.59586,-17.25521,18.86808,10.90182,3.29823,0.3366,80.8406,-4.299522,-1.757965,0.432578,,,,,,,,,,,,-6.51244,10.16938,-2.57519,50,5.6026,7.81343,-128.28396,-2.84037,-10.87188,26.09357,-15.1973,TUF_UNI,HOB_COL,SolGittlemanPark,D3,Team,20260308-SolGittlemanPark-1,06c9c500-1b0c-11f1-b223-2ddea47c7638,87.13433,,,7.67773,,,,,,,3317ed2e-431f-4f93-8269-cf08b58f2e14,2026-03-08,16:29:47.90,2026-03-08T12:29:47.9009792-04:00,2026-03-08T16:29:47.9009792Z,,v3,,,,"Dashefsky, Quinn",10088596,Right,HOB_COL,ca6b41f2-4197-4a2b-8707-ab149482119c,54.90167,-129.27714,13.04679,5.6997,-2.26193,-7.59865,-2.88047,8.22724,-5.43594,,,,,,,,,,,,,,,,,,,,,,,,,,,,,,,,,,,,,,,,,,,,,,,,,,,High,High,High,,,,,,,,,,,,,,,,,,,,,,,,,,,,,,,,,,,,,,,
57,2026-03-08,12:30:03.52,1,3,"Forgues, Aaron",10310170,Right,HOB_COL,"Pender, Tom",10180102,Right,TUF_UNI,Undefined,2,Bottom,0,2,0,Fastball,Four-Seam,StrikeCalled,Undefined,Undefined,Undefined,0,0,,87.96387,-1.522729,-5.331055,2139.233685,211.924855,1:00,5.66835,2.94617,5.83251,-20.16304,16.31847,9.42772,2.56622,-1.23782,80.28477,-5.317465,-3.652663,0.434718,,,,,,,,,,,,-6.29327,9.11166,-2.51562,50,5.53173,11.47275,-127.19767,-4.01187,-10.3099,26.10106,-17.247,TUF_UNI,HOB_COL,SolGittlemanPark,D3,Team,20260308-SolGittlemanPark-1,10170e60-1b0c-11f1-b223-2ddea47c7638,86.70544,,,7.6791,,,,,,,3317ed2e-431f-4f93-8269-cf08b58f2e14,2026-03-08,16:30:03.52,2026-03-08T12:30:03.5229696-04:00,2026-03-08T16:30:03.5229696Z,,v3,,,,"Dashefsky, Quinn",10088596,Right,HOB_COL,786bd8cb-611b-4d06-9399-afca64f369be,54.66508,-128.15138,13.05053,5.66681,-3.38169,-8.6235,-2.9417,11.84946,-5.15495,,,,,,,,,,,,,,,,,,,,,,,,,,,,,,,,,,,,,,,,,,,,,,,,,,,High,High,High,,,,,,,,,,,,,,,,,,,,,,,,,,,,,,,,,,,,,,,
58,2026-03-08,12:30:21.47,1,4,"Forgues, Aaron",10310170,Right,HOB_COL,"Pender, Tom",10180102,Right,TUF_UNI,Undefined,2,Bottom,0,2,1,Fastball,Four-Seam,FoulBallNotFieldable,Undefined,Undefined,Undefined,0,0,,89.21561,-1.075481,-3.636191,2158.28762,217.908445,1:15,5.73443,2.94926,5.6685,-19.77261,15.40544,11.19465,3.08182,0.4873,82.17024,-4.772008,-1.640854,0.426882,67.78904,9.494588,140.717614,3194.612746,,,,75.08284,41.31584,139.081364,0.78053,-6.61674,8.41906,-2.64912,50,5.631,7.74818,-129.44455,-3.08079,-11.33564,24.5638,-17.75071,TUF_UNI,HOB_COL,SolGittlemanPark,D3,Team,20260308-SolGittlemanPark-1,1ac37290-1b0c-11f1-b223-2ddea47c7638,88.29719,5.33401,,7.04537,,,,-0.17928,2.73453,-0.27623,3317ed2e-431f-4f93-8269-cf08b58f2e14,2026-03-08,16:30:21.47,2026-03-08T12:30:21.4768128-04:00,2026-03-08T16:30:21.4768128Z,GroundBall,v3,,,,"Dashefsky, Quinn",10088596,Right,HOB_COL,2abb06f3-5ed7-47db-b4ce-680d2c81a785,54.83115,-130.3581,12.2819,5.7333,-2.42063,-8.87536,-2.94512,8.16976,-5.66782,,-0.15674,-76.28434,4.82735,,,,,,,2.75081,16.12169,-25.19565,,,,,,,-0.30377,62.55467,1.12145,,,,,,,,,,,,,,,,,,,,,,,,,,,,,High,High,High,High,Medium,,,,,,,,,,,,,,,,,,,,,,,,,,,,,,,,,,,,,
59,2026-03-08,12:30:45.21,1,5,"Forgues, Aaron",10310170,Right,HOB_COL,"Pender, Tom",10180102,Right,TUF_UNI,Undefined,2,Bottom,0,2,2,Fastball,Four-Seam,StrikeCalled,Strikeout,Undefined,Undefined,0,0,,89.73738,-2.740421,-5.02375,2152.1919,214.203092,1:15,5.651,2.78136,5.58594,-14.39871,20.89962,13.42946,1.88024,-0.80283,82.04265,-5.486799,-2.641241,0.42761,,,,,,,,,,,,-8.12205,11.63981,-2.35772,50,5.40537,10.80708,-129.72342,-6.64506,-13.88668,26.28345,-12.27291,TUF_UNI,HOB_COL,SolGittlemanPark,D3,Team,20260308-SolGittlemanPark-1,28f15c60-1b0c-11f1-b223-2ddea47c7638,88.14668,,,7.69474,,,,,,,3317ed2e-431f-4f93-8269-cf08b58f2e14,2026-03-08,16:30:45.21,2026-03-08T12:30:45.2120000-04:00,2026-03-08T16:30:45.2120000Z,,v3,,,,"Dashefsky, Quinn",10088596,Right,HOB_COL,bfe4b185-ff2c-47db-b970-381dcf9da532,54.91212,-130.71488,13.14173,5.64731,-6.1821,-6.13646,-2.77527,11.33091,-6.94334,,,,,,,,,,,,,,,,,,,,,,,,,,,,,59.05127,2.773758,1.5616,1.212158,0.10569,1.75324,0.86264,-1.85864,6.45195,1.0474,70.32628,5.49826,-54.48552,-1.81702,64.49518,-4.13796,6.50392,16.31166,-14.18319,0.9539,-53.61504,6.56808,High,High,High,,,High,High,High,,,,,,,,,,,,,,,,,,,,,,,,,,,,,,,,,,
60,2026-03-08,12:31:12.59,2,1,"Forgues, Aaron",10310170,Right,HOB_COL,"Pavlik, Max",10065692,Left,TUF_UNI,Undefined,2,Bottom,1,0,0,Fastball,Sinker,StrikeSwinging,Undefined,Undefined,Undefined,0,0,,90.17473,-1.264611,-3.045787,2039.639017,227.996397,1:30,5.576,3.04892,5.39592,-20.48249,14.28296,14.72552,2.68215,1.41905,83.0493,-5.06727,-0.430833,0.424371,,,,,,,,,,,,-8.15315,7.81146,-2.78763,50,5.44879,6.2959,-130.85107,-3.60993,-14.27373,25.08717,-18.49853,TUF_UNI,HOB_COL,SolGittlemanPark,D3,Team,20260308-SolGittlemanPark-1,394114c0-1b0c-11f1-b223-2ddea47c7638,88.81963,,,7.12543,,,,,,,3317ed2e-431f-4f93-8269-cf08b58f2e14,2026-03-08,16:31:12.59,2026-03-08T12:31:12.5990400-04:00,2026-03-08T16:31:12.5990400Z,,v3,,,,"Dashefsky, Quinn",10088596,Right,HOB_COL,94c3cba3-0875-44d4-a2b5-400dd5bbc935,55.10328,-131.82585,12.54358,5.57509,-2.89115,-9.24927,-3.04304,6.85052,-7.13686,,,,,,,,,,,,,,,,,,,,,,,,,,,,,,,,,,,,,,,,,,,,,,,,,,,High,High,High,,,,,,,,,,,,,,,,,,,,,,,,,,,,,,,,,,,,,,,
61,2026-03-08,12:31:25.70,2,2,"Forgues, Aaron",10310170,Right,HOB_COL,"Pavlik, Max",10065692,Left,TUF_UNI,Undefined,2,Bottom,1,0,1,Fastball,Sinker,StrikeSwinging,Undefined,Undefined,Undefined,0,0,,89.96464,-0.270397,-3.849009,2132.222597,231.68827,1:45,5.61739,2.9385,5.39562,-21.32167,13.62465,15.95336,3.58661,0.65546,82.77181,-4.226915,-1.020247,0.425473,,,,,,,,,,,,-8.96252,7.22756,-2.6062,50,5.57836,8.05793,-130.48065,-1.36815,-15.6124,24.77213,-19.58394,TUF_UNI,HOB_COL,SolGittlemanPark,D3,Team,20260308-SolGittlemanPark-1,410fd470-1b0c-11f1-b223-2ddea47c7638,88.58947,,,7.19282,,,,,,,3317ed2e-431f-4f93-8269-cf08b58f2e14,2026-03-08,16:31:25.70,2026-03-08T12:31:25.7075200-04:00,2026-03-08T16:31:25.7075200Z,,v3,,,,"Dashefsky, Quinn",10088596,Right,HOB_COL,3745b0bb-0088-49e9-ad0b-9bb14273c640,55.10386,-131.44606,12.38606,5.61681,-0.60493,-9.79197,-2.93208,8.66637,-7.8062,,,,,,,,,,,,,,,,,,,,,,,,,,,,,,,,,,,,,,,,,,,,,,,,,,,High,High,High,,,,,,,,,,,,,,,,,,,,,,,,,,,,,,,,,,,,,,,
62,2026-03-08,12:31:40.34,2,3,"Forgues, Aaron",10310170,Right,HOB_COL,"Pavlik, Max",10065692,Left,TUF_UNI,Undefined,2,Bottom,1,0,2,Fastball,Four-Seam,BallCalled,Undefined,Undefined,Undefined,0,0,,90.37046,-1.426024,-2.115126,2114.277244,213.893766,1:15,5.58445,2.92105,5.3637,-16.8532,17.71064,11.22843,2.84165,1.87251,83.34757,-4.57989,-0.120975,0.423138,,,,,,,,,,,,-6.14914,9.55091,-2.73932,50,5.44457,4.3358,-131.22459,-3.82957,-10.8451,24.78684,-15.32932,TUF_UNI,HOB_COL,SolGittlemanPark,D3,Team,20260308-SolGittlemanPark-1,49c79490-1b0c-11f1-b223-2ddea47c7638,89.07832,,,7.02289,,,,,,,3317ed2e-431f-4f93-8269-cf08b58f2e14,2026-03-08,16:31:40.34,2026-03-08T12:31:40.3487744-04:00,2026-03-08T16:31:40.3487744Z,,v3,,,,"Dashefsky, Quinn",10088596,Right,HOB_COL,9060fd35-8e3e-4497-84cf-f50eab597dfa,55.13516,-132.191,12.39342,5.58223,-3.23189,-7.66466,-2.91662,4.75864,-5.42255,,,,,,,,,,,,,,,,,,,,,,,,,,,,,,,,,,,,,,,,,,,,,,,,,,,High,High,High,,,,,,,,,,,,,,,,,,,,,,,,,,,,,,,,,,,,,,,
63,2026-03-08,12:31:59.46,2,4,"Forgues, Aaron",10310170,Right,HOB_COL,"Pavlik, Max",10065692,Left,TUF_UNI,Undefined,2,Bottom,1,1,2,Fastball,Four-Seam,FoulBallNotFieldable,Undefined,Undefined,Undefined,0,0,,89.75077,-2.289541,-3.713687,2134.400425,218.987643,1:15,5.6197,2.79877,5.39588,-17.18111,17.94568,13.68879,2.03667,0.4544,82.76775,-5.50167,-1.285928,0.42657,81.01059,34.037194,-34.057275,4922.257147,83.87443,57.0229,-71.16881,265.35982,136.24877,-48.017305,4.092016,-7.83485,9.92308,-2.47717,50,5.40315,7.84023,-130.10684,-5.78223,-13.57887,24.4609,-14.97598,TUF_UNI,HOB_COL,SolGittlemanPark,D3,Team,20260308-SolGittlemanPark-1,552e2100-1b0c-11f1-b223-2ddea47c7638,88.36161,62.07652,,6.98302,,,,0.91505,1.9484,-0.40675,3317ed2e-431f-4f93-8269-cf08b58f2e14,2026-03-08,16:31:59.46,2026-03-08T12:31:59.4618368-04:00,2026-03-08T16:31:59.4618368Z,FlyBall,v3,,,,"Dashefsky, Quinn",10088596,Right,HOB_COL,6191a6ea-1347-455b-b7c7-b3399a9dc61a,55.10432,-131.06297,12.23045,5.61773,-5.19684,-7.48799,-2.79401,8.371,-6.78944,133.236029,0.91417,81.59779,-20.03154,5.53435,-1.58761,0.48652,-0.12709,0.0199,-0.00127,1.94925,66.48087,-20.47381,1.11191,0.19517,-0.17981,0.05596,-0.00778,0.00039,-0.40673,-55.14168,1.02533,0.82428,-0.32311,0.05131,0.00281,-0.00239,0.00025,,,,,,,,,,,,,,,,,,,,,,,High,High,High,High,Low,,,,,,,,,,,,,,,,,,,,,,,,,,,,,,,,,,,,,
64,2026-03-08,12:32:30.91,2,5,"Forgues, Aaron",10310170,Right,HOB_COL,"Pavlik, Max",10065692,Left,TUF_UNI,Undefined,2,Bottom,1,1,2,Fastball,Four-Seam,BallCalled,Undefined,Undefined,Undefined,0,0,,89.9086,-2.240385,-5.248982,2254.838263,218.489441,1:15,5.61081,2.81605,5.41861,-17.44564,18.25595,13.52501,2.04845,-0.98758,81.50012,-5.537062,-2.857998,0.430046,,,,,,,,,,,,-8.40327,10.22445,-2.35861,50,5.39932,11.32472,-129.83708,-5.65999,-14.25125,28.83418,-14.83417,TUF_UNI,HOB_COL,SolGittlemanPark,D3,Team,20260308-SolGittlemanPark-1,67f282e0-1b0c-11f1-b223-2ddea47c7638,87.64741,,,8.40848,,,,,,,3317ed2e-431f-4f93-8269-cf08b58f2e14,2026-03-08,16:32:30.91,2026-03-08T12:32:30.9180416-04:00,2026-03-08T16:32:30.9180416Z,,v3,,,,"Dashefsky, Quinn",10088596,Right,HOB_COL,28311c1e-5592-4c1e-a7dd-4844e6a3c7b2,55.07979,-130.96034,14.41709,5.60856,-5.08211,-7.41708,-2.81059,11.87989,-7.12563,,,,,,,,,,,,,,,,,,,,,,,,,,,,,,,,,,,,,,,,,,,,,,,,,,,High,High,High,,,,,,,,,,,,,,,,,,,,,,,,,,,,,,,,,,,,,,,
65,2026-03-08,12:32:50.08,2,6,"Forgues, Aaron",10310170,Right,HOB_COL,"Pavlik, Max",10065692,Left,TUF_UNI,Undefined,2,Bottom,1,2,2,Fastball,Four-Seam,FoulBallNotFieldable,Undefined,Undefined,Undefined,0,0,,90.26212,-1.77175,-3.174993,2192.7476,221.745076,1:30,5.61914,2.99872,5.30251,-16.18997,19.0006,15.92481,2.60364,1.34217,82.26219,-4.831549,-0.352986,0.426957,82.23687,34.469396,-70.598907,4795.184431,,,,,99.60328,,,-8.87363,10.35701,-2.72218,50,5.44666,6.52432,-130.77805,-4.57328,-15.35538,27.78673,-14.25173,TUF_UNI,HOB_COL,SolGittlemanPark,D3,Team,20260308-SolGittlemanPark-1,7366f200-1b0c-11f1-b223-2ddea47c7638,88.28148,49.86772,,7.99993,,,,0.45134,2.38486,-0.88764,3317ed2e-431f-4f93-8269-cf08b58f2e14,2026-03-08,16:32:50.08,2026-03-08T12:32:50.0890112-04:00,2026-03-08T16:32:50.0890112Z,,v3,,,,"Dashefsky, Quinn",10088596,Right,HOB_COL,7b73b5b6-e92e-40a0-95c3-a87c754b64e8,55.19597,-131.87742,13.89337,5.61645,-4.00941,-7.12587,-2.99233,7.13185,-7.67769,,0.45135,33.02982,-3.68873,0.67758,0.67552,-1.73148,1.90401,-1.01939,0.21416,2.38485,68.26633,-27.59852,4.60764,-3.05358,4.43514,-4.56174,2.40719,-0.50299,-0.88766,-93.78781,17.47205,-3.57078,-1.36309,4.44848,-4.97899,2.6743,-0.56235,,,,,,,,,,,,,,,,,,,,,,,High,High,High,Medium,Undefined,,,,,,,,,,,,,,,,,,,,,,,,,,,,,,,,,,,,,
66,2026-03-08,12:33:10.91,2,7,"Forgues, Aaron",10310170,Right,HOB_COL,"Pavlik, Max",10065692,Left,TUF_UNI,Undefined,2,Bottom,1,2,2,Slider,Curveball,BallCalled,Undefined,Undefined,Undefined,0,0,,76.82268,-0.62243,-3.992411,2184.262363,65.704287,8:15,5.80433,2.68258,4.98697,-52.199,-2.46173,-9.19087,0.86522,-1.85935,70.33098,-10.006042,-5.610357,0.507589,,,,,,,,,,,,3.39764,-0.76646,-2.28923,50,5.70115,8.1085,-111.13512,-3.00505,4.19106,22.46537,-33.11947,TUF_UNI,HOB_COL,SolGittlemanPark,D3,Team,20260308-SolGittlemanPark-1,7fd02160-1b0c-11f1-b223-2ddea47c7638,74.25775,,,6.4917,,,,,,,3317ed2e-431f-4f93-8269-cf08b58f2e14,2026-03-08,16:33:10.91,2026-03-08T12:33:10.9188608-04:00,2026-03-08T16:33:10.9188608Z,,v3,,,,"Dashefsky, Quinn",10088596,Right,HOB_COL,3363c79f-eca2-443a-8775-684eddf9e702,55.51447,-112.24431,11.23268,5.80915,-1.36984,-16.55973,-2.68446,7.90158,2.09553,,,,,,,,,,,,,,,,,,,,,,,,,,,,,,,,,,,,,,,,,,,,,,,,,,,High,High,High,,,,,,,,,,,,,,,,,,,,,,,,,,,,,,,,,,,,,,,
67,2026-03-08,12:34:04.43,2,8,"Forgues, Aaron",10310170,Right,HOB_COL,"Pavlik, Max",10065692,Left,TUF_UNI,Undefined,2,Bottom,1,3,2,Fastball,Four-Seam,InPlay,Undefined,LineDrive,Double,0,0,,89.78227,-2.69414,-3.541646,2281.455242,217.943852,1:15,5.66615,2.86496,5.62572,-15.97761,19.06706,14.00107,1.81406,0.72271,82.26368,-5.717796,-1.047113,0.426071,90.38587,30.92189,-16.950588,4645.101807,101.54457,57.38412,-42.29267,313.15575,177.88912,-32.24103,4.613848,-8.1176,10.75961,-2.57239,50,5.4261,7.45345,-130.09531,-6.6252,-13.95705,26.46569,-13.67443,TUF_UNI,HOB_COL,SolGittlemanPark,D3,Team,20260308-SolGittlemanPark-1,9fa98300-1b0c-11f1-b223-2ddea47c7638,88.46506,71.61204,,7.51859,,,,0.96094,1.75924,-0.69381,3317ed2e-431f-4f93-8269-cf08b58f2e14,2026-03-08,16:34:04.43,2026-03-08T12:34:04.4352512-04:00,2026-03-08T16:34:04.4352512Z,FlyBall,v3,,,,"Dashefsky, Quinn",10088596,Right,HOB_COL,4e772006-a1db-4217-ac4a-2f479e860361,54.87441,-131.08318,13.23284,5.66387,-6.11479,-6.83721,-2.86032,7.97442,-6.97853,138.132913,0.96041,108.79876,-24.16936,5.74513,-1.24065,0.26234,-0.05452,0.00791,-0.00049,1.76159,68.06402,-18.02647,0.45132,0.34996,-0.20291,0.05769,-0.00792,0.00042,-0.69495,-33.13029,-4.30427,2.17776,-0.63529,0.13588,-0.02175,0.00218,-0.0001,,,,,,,,,,,,,,,,,,,,,,,High,High,High,High,Medium,,,,,,,,,,,,,,,,,,,,,,,,,,,,,,,,,,,,,
68,2026-03-08,12:34:53.51,3,1,"Forgues, Aaron",10310170,Right,HOB_COL,"Abraham, Caden",1000298225,Left,TUF_UNI,Undefined,2,Bottom,1,0,0,Fastball,Four-Seam,StrikeCalled,Undefined,Undefined,Undefined,0,0,,89.12574,-2.098082,-4.47503,2214.679039,210.822502,1:00,5.71356,2.87687,5.65266,-15.53725,20.32403,11.3967,2.45515,-0.35556,80.95291,-5.068492,-2.448244,0.431007,,,,,,,,,,,,-7.09493,11.28615,-2.50447,50,5.52566,9.59484,-128.92185,-5.18401,-11.88613,27.95354,-13.26636,TUF_UNI,HOB_COL,SolGittlemanPark,D3,Team,20260308-SolGittlemanPark-1,bcfcfd10-1b0c-11f1-b223-2ddea47c7638,87.45205,,,8.17283,,,,,,,3317ed2e-431f-4f93-8269-cf08b58f2e14,2026-03-08,16:34:53.51,2026-03-08T12:34:53.5123456-04:00,2026-03-08T16:34:53.5123456Z,,v3,,,,"Dashefsky, Quinn",10088596,Right,HOB_COL,ea60a322-68f4-45f9-874e-b48aee09efc1,54.84509,-129.96814,13.97677,5.7104,-4.68745,-6.63318,-2.87192,10.03973,-5.94307,,,,,,,,,,,,,,,,,,,,,,,,,,,,,,,,,,,,,,,,,,,,,,,,,,,High,High,High,,,,,,,,,,,,,,,,,,,,,,,,,,,,,,,,,,,,,,,
69,2026-03-08,12:35:09.85,3,2,"Forgues, Aaron",10310170,Right,HOB_COL,"Abraham, Caden",1000298225,Left,TUF_UNI,Undefined,2,Bottom,1,0,1,Fastball,Four-Seam,BallCalled,Undefined,Undefined,Undefined,0,0,,88.77451,-2.487207,-2.765082,2234.564492,222.043068,1:30,5.69029,2.90228,5.4961,-17.85466,18.19552,15.35895,1.87174,1.59377,81.19939,-5.845557,-0.031472,0.432141,,,,,,,,,,,,-8.53811,10.22453,-2.67113,50,5.46067,5.54412,-128.68034,-6.16424,-14.32956,26.4673,-15.01414,TUF_UNI,HOB_COL,SolGittlemanPark,D3,Team,20260308-SolGittlemanPark-1,c6a7cfc0-1b0c-11f1-b223-2ddea47c7638,87.22261,,,7.57512,,,,,,,3317ed2e-431f-4f93-8269-cf08b58f2e14,2026-03-08,16:35:09.85,2026-03-08T12:35:09.8544640-04:00,2026-03-08T16:35:09.8544640Z,,v3,,,,"Dashefsky, Quinn",10088596,Right,HOB_COL,2f43db25-a81e-44db-9922-16b17b13d078,55.00295,-129.70528,13.23365,5.68812,-5.58282,-7.50707,-2.89657,6.09903,-7.16478,,,,,,,,,,,,,,,,,,,,,,,,,,,,,,,,,,,,,,,,,,,,,,,,,,,High,High,High,,,,,,,,,,,,,,,,,,,,,,,,,,,,,,,,,,,,,,,
70,2026-03-08,12:35:26.88,3,3,"Forgues, Aaron",10310170,Right,HOB_COL,"Abraham, Caden",1000298225,Left,TUF_UNI,Undefined,2,Bottom,1,1,1,Fastball,Four-Seam,StrikeCalled,Undefined,Undefined,Undefined,0,0,,88.39452,-2.783199,-4.435298,2212.34503,219.1934,1:15,5.72553,2.84418,5.51031,-17.93966,18.18903,13.95894,1.61802,-0.14849,81.58306,-6.135859,-1.957842,0.432611,,,,,,,,,,,,-8.20059,10.22508,-2.46658,50,5.47009,9.33645,-128.01153,-6.82111,-13.76248,23.60898,-15.01399,TUF_UNI,HOB_COL,SolGittlemanPark,D3,Team,20260308-SolGittlemanPark-1,d0e45b20-1b0c-11f1-b223-2ddea47c7638,87.12781,,,6.81146,,,,,,,3317ed2e-431f-4f93-8269-cf08b58f2e14,2026-03-08,16:35:26.88,2026-03-08T12:35:26.8896768-04:00,2026-03-08T16:35:26.8896768Z,,v3,,,,"Dashefsky, Quinn",10088596,Right,HOB_COL,86fe8cf0-6653-41d8-9d7d-1bf03befeff1,54.99042,-128.92862,11.80449,5.72373,-6.23789,-7.50699,-2.83964,9.87105,-6.88124,,,,,,,,,,,,,,,,,,,,,,,,,,,,,,,,,,,,,,,,,,,,,,,,,,,High,High,High,,,,,,,,,,,,,,,,,,,,,,,,,,,,,,,,,,,,,,,
71,2026-03-08,12:35:46.16,3,4,"Forgues, Aaron",10310170,Right,HOB_COL,"Abraham, Caden",1000298225,Left,TUF_UNI,Undefined,2,Bottom,1,1,2,ChangeUp,Changeup,InPlay,Undefined,LineDrive,Triple,0,1,,83.82423,-2.024892,-4.691598,1897.975104,219.452747,1:15,5.79506,2.50653,5.67543,-25.44997,14.38087,10.90024,1.77938,-0.96868,77.68256,-6.727073,-2.751874,0.454236,91.92316,23.250994,18.801657,1596.591688,103.8857,39.98764,36.16177,300.82609,296.61287,18.91985,3.748231,-6.7391,8.15819,-2.11736,50,5.60759,9.54464,-121.46788,-5.12216,-10.20203,20.83573,-19.82366,TUF_UNI,HOB_COL,SolGittlemanPark,D3,Team,20260308-SolGittlemanPark-1,dc4d5890-1b0c-11f1-b223-2ddea47c7638,82.97995,48.35585,,6.14166,,,,2.83034,2.02863,1.0339,3317ed2e-431f-4f93-8269-cf08b58f2e14,2026-03-08,16:35:46.16,2026-03-08T12:35:46.1617664-04:00,2026-03-08T16:35:46.1617664Z,LineDrive,v3,,,,"Dashefsky, Quinn",10088596,Right,HOB_COL,b70d6fa9-c3d4-4aa1-a92e-4679701237fc,54.82568,-122.29284,10.41787,5.79486,-4.33726,-9.91183,-2.50326,9.94857,-5.10101,,2.83059,117.25394,-22.31494,5.36232,-1.15325,0.24039,-0.04275,0.00493,-0.00025,2.02829,53.23194,-16.35394,0.68394,-0.04973,0.00845,-0.00711,0.00242,-0.00025,1.0339,39.92275,-6.35881,1.10876,-0.15788,0.01161,0.00165,-0.00062,6E-05,,,,,,,,,,,,,,,,,,,,,,,High,High,High,High,High,,,,,,,,,,,,,,,,,,,,,,,,,,,,,,,,,,,,,
72,2026-03-08,12:36:34.89,4,1,"Forgues, Aaron",10310170,Right,HOB_COL,"McCullough, Jesse",1000231742,Right,TUF_UNI,Undefined,2,Bottom,1,0,0,Fastball,Four-Seam,StrikeCalled,Undefined,Undefined,Undefined,0,1,,90.32348,-1.582843,-4.704936,2291.358175,215.04184,1:15,5.72943,2.87372,5.51574,-14.43631,20.41249,13.53662,3.041,-0.40745,82.5124,-4.33555,-2.30478,0.424879,,,,,,,,,,,,-8.09497,11.05812,-2.47235,50,5.58168,10.1528,-130.72588,-4.05115,-14.05311,26.72762,-12.97682,TUF_UNI,HOB_COL,SolGittlemanPark,D3,Team,20260308-SolGittlemanPark-1,f96c5520-1b0c-11f1-b223-2ddea47c7638,88.71334,,,7.81107,,,,,,,3317ed2e-431f-4f93-8269-cf08b58f2e14,2026-03-08,16:36:34.89,2026-03-08T12:36:34.8989952-04:00,2026-03-08T16:36:34.8989952Z,,v3,,,,"Dashefsky, Quinn",10088596,Right,HOB_COL,081dc2c0-74c4-4648-b94e-038c27ae6169,54.98279,-131.7407,13.36381,5.72615,-3.55844,-6.48841,-2.86797,10.68638,-7.02656,,,,,,,,,,,,,,,,,,,,,,,,,,,,,,,,,,,,,,,,,,,,,,,,,,,High,High,High,,,,,,,,,,,,,,,,,,,,,,,,,,,,,,,,,,,,,,,
73,2026-03-08,12:37:21.51,4,2,"Forgues, Aaron",10310170,Right,HOB_COL,"McCullough, Jesse",1000231742,Right,TUF_UNI,Undefined,2,Bottom,1,0,1,Fastball,Four-Seam,StrikeCalled,Undefined,Undefined,Undefined,0,0,,88.69634,-2.90303,-4.363267,2175.612731,206.795562,1:00,5.68296,2.81152,5.70409,-17.42694,18.70678,8.83083,1.51562,-0.52595,80.79704,-6.200761,-2.790792,0.432641,,,,,,,,,,,,-5.79339,10.74107,-2.45087,50,5.42821,9.41649,-128.27944,-7.05023,-9.61526,27.51846,-14.34716,TUF_UNI,HOB_COL,SolGittlemanPark,D3,Team,20260308-SolGittlemanPark-1,1537cfa0-1b0d-11f1-b223-2ddea47c7638,87.12176,,,7.8993,,,,,,,3317ed2e-431f-4f93-8269-cf08b58f2e14,2026-03-08,16:37:21.51,2026-03-08T12:37:21.5144960-04:00,2026-03-08T16:37:21.5144960Z,,v3,,,,"Dashefsky, Quinn",10088596,Right,HOB_COL,eabc475e-4c45-47e0-8507-4b4f673afda6,54.79473,-129.30391,13.75923,5.68073,-6.51611,-7.17358,-2.8081,9.77445,-4.80763,,,,,,,,,,,,,,,,,,,,,,,,,,,,,,,,,,,,,,,,,,,,,,,,,,,High,High,High,,,,,,,,,,,,,,,,,,,,,,,,,,,,,,,,,,,,,,,
74,2026-03-08,12:37:39.06,4,3,"Forgues, Aaron",10310170,Right,HOB_COL,"McCullough, Jesse",1000231742,Right,TUF_UNI,Undefined,2,Bottom,1,0,2,Slider,Curveball,InPlay,Undefined,GroundBall,Error,0,0,,76.15416,0.146635,-1.173215,2262.202501,73.97957,8:30,5.81975,2.66004,4.87848,-52.97322,-2.84469,-15.37158,1.54408,0.26886,70.18322,-9.374854,-3.885127,0.509582,84.18844,-9.730637,-17.178168,,,,,11.66645,11.11411,-15.66819,0.079654,7.34233,-1.09268,-2.53085,50,5.78888,2.86798,-110.50969,-1.57899,9.04839,20.32894,-33.52063,TUF_UNI,HOB_COL,SolGittlemanPark,D3,Team,20260308-SolGittlemanPark-1,1faf6830-1b0d-11f1-b223-2ddea47c7638,73.96739,1.66478,,5.97094,,,,1.95794,1.66478,-0.28349,3317ed2e-431f-4f93-8269-cf08b58f2e14,2026-03-08,16:37:39.06,2026-03-08T12:37:39.0680000-04:00,2026-03-08T16:37:39.0680000Z,GroundBall,v3,,,,"Dashefsky, Quinn",10088596,Right,HOB_COL,65e1e870-eb46-45e7-9609-3f0bc812413b,55.62314,-111.5393,10.16447,5.82586,0.11876,-16.76032,-2.6645,2.40969,4.5242,180,1.95575,116.4414,,,,,,,,1.66517,-20.90012,,,,,,,,-0.28281,-35.99602,,,,,,,,,,,,,,,,,,,,,,,,,,,,,,High,High,High,High,High,,,,,,,,,,,,,,,,,,,,,,,,,,,,,,,,,,,,,
75,2026-03-08,12:39:11.92,5,1,"Forgues, Aaron",10310170,Right,HOB_COL,"Whitfield, Malcolm",1000231739,Right,TUF_UNI,Undefined,2,Bottom,1,0,0,ChangeUp,Changeup,BallCalled,Undefined,Undefined,Undefined,0,0,,83.74231,-2.170857,-5.338497,1906.713337,219.246162,1:15,5.8445,2.5278,5.86071,-26.66903,13.62528,10.04127,1.59556,-1.6094,76.55512,-7.134895,-3.548566,0.456871,,,,,,,,,,,,-6.70197,7.98548,-2.09979,50,5.65213,10.92292,-121.06082,-5.42837,-9.9234,24.13513,-20.35017,TUF_UNI,HOB_COL,SolGittlemanPark,D3,Team,20260308-SolGittlemanPark-1,56f5a520-1b0d-11f1-b223-2ddea47c7638,82.50133,,,7.1872,,,,,,,3317ed2e-431f-4f93-8269-cf08b58f2e14,2026-03-08,16:39:11.92,2026-03-08T12:39:11.9285760-04:00,2026-03-08T16:39:11.9285760Z,,v3,,,,"Dashefsky, Quinn",10088596,Right,HOB_COL,94fb36de-6529-4022-8c51-74e7e20f9a17,54.63837,-121.98203,12.06757,5.8445,-4.65162,-10.17509,-2.52393,11.30169,-4.9617,,,,,,,,,,,,,,,,,,,,,,,,,,,,,,,,,,,,,,,,,,,,,,,,,,,High,High,High,,,,,,,,,,,,,,,,,,,,,,,,,,,,,,,,,,,,,,,
76,2026-03-08,12:39:28.57,5,2,"Forgues, Aaron",10310170,Right,HOB_COL,"Whitfield, Malcolm",1000231739,Right,TUF_UNI,Undefined,2,Bottom,1,1,0,Fastball,Four-Seam,InPlay,Undefined,LineDrive,Double,0,1,,88.12787,-2.205274,-4.589202,2248.192113,217.795817,1:15,5.71107,2.7352,5.76594,-18.27119,18.56084,13.34702,2.12846,-0.43276,79.466,-5.689392,-2.210132,0.436802,100.28308,19.728986,8.030683,2390.085345,108.15975,35.61417,20.03609,338.10399,337.71497,15.082997,3.865735,-8.28359,10.55264,-2.36306,50,5.51721,9.65897,-127.3745,-5.45582,-13.42552,29.45356,-15.07101,TUF_UNI,HOB_COL,SolGittlemanPark,D3,Team,20260308-SolGittlemanPark-1,60e1eda0-1b0d-11f1-b223-2ddea47c7638,86.2919,46.94596,,8.66187,,,,2.16087,2.23909,0.40611,3317ed2e-431f-4f93-8269-cf08b58f2e14,2026-03-08,16:39:28.57,2026-03-08T12:39:28.5773312-04:00,2026-03-08T16:39:28.5773312Z,LineDrive,v3,,,,"Dashefsky, Quinn",10088596,Right,HOB_COL,93bb8700-dfc7-4dee-ad2a-77f3fe1c3221,54.73142,-128.46391,14.72678,5.70869,-4.89838,-7.53551,-2.72951,10.15554,-6.71276,214.041477,2.16126,137.07918,-26.07679,5.70889,-1.08228,0.17609,-0.02588,0.00293,-0.00015,2.23851,49.66689,-14.24679,0.23756,-0.04359,0.04926,-0.01713,0.0033,-0.00027,0.40554,19.35692,3.93776,-1.71665,0.3874,-0.05542,0.0062,-0.00063,4E-05,,,,,,,,,,,,,,,,,,,,,,,High,High,High,High,High,,,,,,,,,,,,,,,,,,,,,,,,,,,,,,,,,,,,,
77,2026-03-08,12:40:19.36,6,1,"Forgues, Aaron",10310170,Right,HOB_COL,"Henshon, James",836127,Right,TUF_UNI,Undefined,2,Bottom,1,0,0,ChangeUp,Changeup,FoulBallNotFieldable,Undefined,Undefined,Undefined,0,0,,83.09962,-1.490929,-4.44028,1892.226417,220.303388,1:15,5.73546,2.56204,5.88898,-23.61123,17.72446,13.71272,2.37901,-0.42642,74.73866,-5.971864,-1.989217,0.462737,64.08742,63.158381,120.611495,5525.725825,,,,,33.09983,,,-8.51548,10.01024,-2.21162,50,5.60163,8.7907,-120.15579,-3.80851,-12.23019,27.10049,-17.79704,TUF_UNI,HOB_COL,SolGittlemanPark,D3,Team,20260308-SolGittlemanPark-1,7f2c71e0-1b0d-11f1-b223-2ddea47c7638,81.45547,46.73961,,8.36096,,,,2.72003,2.10512,0.48052,3317ed2e-431f-4f93-8269-cf08b58f2e14,2026-03-08,16:40:19.36,2026-03-08T12:40:19.3679360-04:00,2026-03-08T16:40:19.3679360Z,,v3,,,,"Dashefsky, Quinn",10088596,Right,HOB_COL,7f944d07-b463-499e-a829-f46a166040b8,54.60791,-121.19062,13.55024,5.73408,-3.12893,-8.89852,-2.55621,9.25771,-6.11509,,2.72003,-21.61158,-6.03321,3.19004,-0.99182,0.27048,-0.06974,0.01576,-0.00219,2.10512,83.86756,-34.74811,5.22505,-0.98414,0.15943,-0.02361,0.0024,-6E-05,0.48052,36.52645,5.64707,-3.14678,1.02338,-0.29064,0.07722,-0.01769,0.00245,,,,,,,,,,,,,,,,,,,,,,,High,High,High,Medium,Undefined,,,,,,,,,,,,,,,,,,,,,,,,,,,,,,,,,,,,,
78,2026-03-08,12:40:43.18,6,2,"Forgues, Aaron",10310170,Right,HOB_COL,"Henshon, James",836127,Right,TUF_UNI,Undefined,2,Bottom,1,0,1,Slider,Curveball,BallCalled,Undefined,Undefined,Undefined,0,0,,73.04029,2.960718,-0.493089,2203.095412,65.402101,8:15,5.94343,2.64244,4.75243,-61.13519,-5.15492,-15.87536,3.65928,0.85185,65.64343,-8.107397,-3.282555,0.538504,,,,,,,,,,,,7.5563,-2.8811,-2.57814,50,6.18752,1.55373,-105.5769,3.32965,8.33205,21.83921,-35.35096,TUF_UNI,HOB_COL,SolGittlemanPark,D3,Team,20260308-SolGittlemanPark-1,8d646dd0-1b0d-11f1-b223-2ddea47c7638,69.99472,,,7.39685,,,,,,,3317ed2e-431f-4f93-8269-cf08b58f2e14,2026-03-08,16:40:43.18,2026-03-08T12:40:43.1856640-04:00,2026-03-08T16:40:43.1856640Z,,v3,,,,"Dashefsky, Quinn",10088596,Right,HOB_COL,1384079b-89f6-4cc8-b43d-080fdf8eb33f,55.74473,-106.75862,10.9196,5.9556,5.24248,-17.67548,-2.65002,1.10288,4.16602,,,,,,,,,,,,,,,,,,,,,,,,,,,,,,,,,,,,,,,,,,,,,,,,,,,High,High,High,,,,,,,,,,,,,,,,,,,,,,,,,,,,,,,,,,,,,,,
79,2026-03-08,12:41:03.69,6,3,"Forgues, Aaron",10310170,Right,HOB_COL,"Henshon, James",836127,Right,TUF_UNI,Undefined,2,Bottom,1,1,1,ChangeUp,Changeup,InPlay,Undefined,FlyBall,Out,1,0,,83.64645,0.01483,-4.367946,1938.930415,233.63768,1:45,5.87406,2.45501,5.8773,-28.39505,11.76335,14.20981,3.52162,-0.42536,76.29837,-5.285022,-1.828318,0.456099,87.2532,46.858822,21.546691,4500.161076,96.59683,105.86363,52.6213,251.98542,125.86918,34.645165,5.641664,-8.53398,6.39603,-2.10988,50,5.85884,8.69944,-121.19665,-0.85197,-12.67515,24.00123,-22.6743,TUF_UNI,HOB_COL,SolGittlemanPark,D3,Team,20260308-SolGittlemanPark-1,999bb7c0-1b0d-11f1-b223-2ddea47c7638,82.64083,117.64421,,7.34807,,,,1.70155,3.43084,0.3556,3317ed2e-431f-4f93-8269-cf08b58f2e14,2026-03-08,16:41:03.69,2026-03-08T12:41:03.6984832-04:00,2026-03-08T16:41:03.6984832Z,FlyBall,v3,,,,"Dashefsky, Quinn",10088596,Right,HOB_COL,329859d9-9ae8-42e7-a2d6-2b646a4ca314,54.62169,-122.10848,12.00062,5.87484,0.00945,-11.33715,-2.44952,9.18098,-6.33757,201.901921,1.70764,81.25612,-23.44385,5.94048,-0.77561,-0.06515,0.044,-0.00635,0.00031,3.42044,93.55721,-22.73144,2.15698,-0.51293,0.12021,-0.01509,0.00063,1E-05,0.35472,32.15802,-0.91215,-0.44527,0.15052,-0.01264,-0.00285,0.00067,-4E-05,,,,,,,,,,,,,,,,,,,,,,,High,High,High,Medium,Low,,,,,,,,,,,,,,,,,,,,,,,,,,,,,,,,,,,,,
80,2026-03-08,12:41:47.14,7,1,"Forgues, Aaron",10310170,Right,HOB_COL,"McKiernan, Owen",1000231741,Right,TUF_UNI,Undefined,2,Bottom,2,0,0,ChangeUp,Changeup,BallCalled,Undefined,Undefined,Undefined,0,0,,84.00221,-0.664531,-5.096812,1817.00327,219.198239,1:15,5.80918,2.49948,5.93112,-24.61836,15.46934,11.48276,3.13863,-1.28491,76.13471,-5.302656,-3.046949,0.455698,,,,,,,,,,,,-7.3891,8.52847,-2.0978,50,5.74208,10.37166,-121.47031,-2.13973,-10.95645,25.47625,-19.52816,TUF_UNI,HOB_COL,SolGittlemanPark,D3,Team,20260308-SolGittlemanPark-1,b3b5d8c0-1b0d-11f1-b223-2ddea47c7638,82.71365,,,7.8675,,,,,,,3317ed2e-431f-4f93-8269-cf08b58f2e14,2026-03-08,16:41:47.14,2026-03-08T12:41:47.1478272-04:00,2026-03-08T16:41:47.1478272Z,,v3,,,,"Dashefsky, Quinn",10088596,Right,HOB_COL,77c2c1d7-97a9-480b-ba80-93924fd40eaf,54.56515,-122.42402,12.73813,5.8085,-1.40868,-9.76408,-2.49374,10.78182,-5.47823,,,,,,,,,,,,,,,,,,,,,,,,,,,,,,,,,,,,,,,,,,,,,,,,,,,High,High,High,,,,,,,,,,,,,,,,,,,,,,,,,,,,,,,,,,,,,,,
81,2026-03-08,12:42:06.14,7,2,"Forgues, Aaron",10310170,Right,HOB_COL,"McKiernan, Owen",1000231741,Right,TUF_UNI,Undefined,2,Bottom,2,1,0,ChangeUp,Changeup,BallCalled,Undefined,Undefined,Undefined,0,0,,84.4457,-2.427824,-4.903143,1857.772245,224.890772,1:30,5.69697,2.64106,5.986,-26.3747,12.79662,11.52654,1.23927,-0.95392,77.65463,-7.33276,-2.840361,0.450459,,,,,,,,,,,,-7.27811,7.60095,-2.25982,50,5.48995,10.04319,-122.23532,-6.0093,-11.05323,23.24245,-20.63053,TUF_UNI,HOB_COL,SolGittlemanPark,D3,Team,20260308-SolGittlemanPark-1,bece9350-1b0d-11f1-b223-2ddea47c7638,83.6756,,,6.79107,,,,,,,3317ed2e-431f-4f93-8269-cf08b58f2e14,2026-03-08,16:42:06.14,2026-03-08T12:42:06.1487104-04:00,2026-03-08T16:42:06.1487104Z,,v3,,,,"Dashefsky, Quinn",10088596,Right,HOB_COL,bb907497-14b7-454e-ad87-13192e965fa3,54.51372,-123.09058,11.62122,5.69711,-5.25014,-10.31527,-2.63687,10.44992,-5.52662,,,,,,,,,,,,,,,,,,,,,,,,,,,,,,,,,,,,,,,,,,,,,,,,,,,High,High,High,,,,,,,,,,,,,,,,,,,,,,,,,,,,,,,,,,,,,,,
82,2026-03-08,12:42:24.04,7,3,"Forgues, Aaron",10310170,Right,HOB_COL,"McKiernan, Owen",1000231741,Right,TUF_UNI,Undefined,2,Bottom,2,2,0,Fastball,Sinker,InPlay,Undefined,FlyBall,Out,1,0,,88.39086,-0.928461,-4.323875,2216.727786,229.636671,1:45,5.66278,2.825,5.72126,-22.37281,13.74642,14.80942,2.93102,0.02396,80.72085,-5.114195,-1.684282,0.432554,100.36387,38.006004,-4.349038,4192.969417,109.82941,85.69345,-6.12189,341.0436,339.01947,-1.874598,6.104332,-8.77193,7.59902,-2.47272,50,5.57129,9.05879,-128.06011,-2.8119,-14.57394,26.32301,-19.54885,TUF_UNI,HOB_COL,SolGittlemanPark,D3,Team,20260308-SolGittlemanPark-1,c974b5f0-1b0d-11f1-b223-2ddea47c7638,87.1392,126.63419,,7.67002,,,,1.57663,2.98677,-0.04245,3317ed2e-431f-4f93-8269-cf08b58f2e14,2026-03-08,16:42:24.04,2026-03-08T12:42:24.0499200-04:00,2026-03-08T16:42:24.0499200Z,FlyBall,v3,,,,"Dashefsky, Quinn",10088596,Right,HOB_COL,179cdac0-0581-4d9f-8bab-9ccef3ea2384,54.77817,-129.03853,13.1615,5.66231,-2.08527,-9.77443,-2.8195,9.6005,-7.28697,187.066231,1.58556,115.50196,-26.87377,6.29041,-1.11347,0.14869,-0.01502,0.00111,-4E-05,2.98432,90.6625,-19.01701,0.95455,0.10045,-0.1017,0.02662,-0.00312,0.00014,-0.044,-8.76812,4.28756,-1.2887,0.2768,-0.0439,0.00455,-0.00027,1E-05,,,,,,,,,,,,,,,,,,,,,,,High,High,High,High,Medium,,,,,,,,,,,,,,,,,,,,,,,,,,,,,,,,,,,,,
83,2026-03-08,12:44:32.60,1,1,"Christian, Emmet",1000302833,Right,TUF_UNI,"Petry, Christian",1000503095,Right,HOB_COL,Undefined,3,Top,0,0,0,Cutter,Changeup,BallCalled,Undefined,Undefined,Undefined,0,0,,85.46378,-1.513083,-4.464187,2142.070885,229.187299,1:45,6.30008,1.80635,6.45485,-25.55273,11.65623,12.26044,2.77614,-1.2813,79.04253,-6.302093,-2.248695,0.439031,,,,,,,,,,,,-7.54221,6.81044,-1.49532,50,6.18111,9.23583,-124.02089,-4.01732,-11.87693,22.23433,-21.44945,TUF_UNI,HOB_COL,SolGittlemanPark,D3,Team,20260308-SolGittlemanPark-1,161e69a0-1b0e-11f1-b223-2ddea47c7638,85.85373,,,6.42125,,,,,,,3317ed2e-431f-4f93-8269-cf08b58f2e14,2026-03-08,16:44:32.60,2026-03-08T12:44:32.6080000-04:00,2026-03-08T16:44:32.6080000Z,,v3,,,,"Whitfield, Malcolm",1000231739,Right,TUF_UNI,0964925a-7356-4b35-a408-0538aa02ec50,54.04551,-124.74406,11.11717,6.30043,-3.31969,-10.72473,-1.80199,9.62213,-5.93846,,,,,,,,,,,,,,,,,,,,,,,,,,,,,,,,,,,,,,,,,,,,,,,,,,,High,High,High,,,,,,,,,,,,,,,,,,,,,,,,,,,,,,,,,,,,,,,
84,2026-03-08,12:44:49.18,1,2,"Christian, Emmet",1000302833,Right,TUF_UNI,"Petry, Christian",1000503095,Right,HOB_COL,Undefined,3,Top,0,1,0,Cutter,Changeup,BallCalled,Undefined,Undefined,Undefined,0,0,,84.50949,-2.45329,-5.033156,2212.322621,224.590709,1:30,6.15611,1.94149,6.47648,-24.90037,13.57379,12.16953,1.81819,-1.67812,77.53437,-7.141138,-2.835887,0.446433,,,,,,,,,,,,-7.80788,8.15973,-1.59186,50,5.97163,10.34183,-122.37227,-5.94751,-11.85179,23.91605,-19.78819,TUF_UNI,HOB_COL,SolGittlemanPark,D3,Team,20260308-SolGittlemanPark-1,1ffc5a40-1b0e-11f1-b223-2ddea47c7638,84.43029,,,6.97512,,,,,,,3317ed2e-431f-4f93-8269-cf08b58f2e14,2026-03-08,16:44:49.18,2026-03-08T12:44:49.1826688-04:00,2026-03-08T16:44:49.1826688Z,,v3,,,,"Whitfield, Malcolm",1000231739,Right,TUF_UNI,23f7462c-4d1a-4fae-87de-7fff1267fdf1,54.02336,-123.15607,11.95802,6.15592,-5.29899,-9.8941,-1.93716,10.73025,-5.9259,,,,,,,,,,,,,,,,,,,,,,,,,,,,,,,,,,,,,,,,,,,,,,,,,,,High,High,High,,,,,,,,,,,,,,,,,,,,,,,,,,,,,,,,,,,,,,,
85,2026-03-08,12:45:08.94,1,3,"Christian, Emmet",1000302833,Right,TUF_UNI,"Petry, Christian",1000503095,Right,HOB_COL,Undefined,3,Top,0,2,0,Cutter,Changeup,StrikeCalled,Undefined,Undefined,Undefined,0,0,,84.74545,-1.163507,-2.790304,2264.942244,213.844045,1:15,6.07343,2.13683,6.43031,-23.97907,14.06824,8.64418,3.0044,0.29064,77.76908,-5.69454,-1.224935,0.443949,,,,,,,,,,,,-5.29626,8.03457,-1.94195,50,5.97955,5.68399,-123.11153,-3.16561,-8.14566,23.9563,-19.81688,TUF_UNI,HOB_COL,SolGittlemanPark,D3,Team,20260308-SolGittlemanPark-1,2bc0be20-1b0e-11f1-b223-2ddea47c7638,84.9026,,,6.97636,,,,,,,3317ed2e-431f-4f93-8269-cf08b58f2e14,2026-03-08,16:45:08.94,2026-03-08T12:45:08.9467392-04:00,2026-03-08T16:45:08.9467392Z,,v3,,,,"Whitfield, Malcolm",1000231739,Right,TUF_UNI,9c7615f5-1467-4b56-a722-711daed366ad,54.06873,-123.90074,11.97815,6.07309,-2.51277,-9.90844,-2.13362,5.95234,-4.07283,,,,,,,,,,,,,,,,,,,,,,,,,,,,,,,,,,,,,,,,,,,,,,,,,,,High,High,High,,,,,,,,,,,,,,,,,,,,,,,,,,,,,,,,,,,,,,,
86,2026-03-08,12:45:27.19,1,4,"Christian, Emmet",1000302833,Right,TUF_UNI,"Petry, Christian",1000503095,Right,HOB_COL,Undefined,3,Top,0,2,1,Cutter,Slider,BallCalled,Undefined,Undefined,Undefined,0,0,,84.12085,-2.490897,-5.237715,2217.935187,201.763185,12:45,6.05971,2.04914,6.6379,-25.90879,12.88056,4.63473,1.60933,-2.37292,77.00311,-7.371738,-4.399495,0.448258,,,,,,,,,,,,-3.95225,7.89304,-1.69623,50,5.88006,10.99309,-121.71837,-6.00661,-5.90985,24.61781,-20.37142,TUF_UNI,HOB_COL,SolGittlemanPark,D3,Team,20260308-SolGittlemanPark-1,36a4fb30-1b0e-11f1-b223-2ddea47c7638,84.08655,,,7.11774,,,,,,,3317ed2e-431f-4f93-8269-cf08b58f2e14,2026-03-08,16:45:27.19,2026-03-08T12:45:27.1971328-04:00,2026-03-08T16:45:27.1971328Z,,v3,,,,"Whitfield, Malcolm",1000231739,Right,TUF_UNI,4b25fb36-a0e4-49fc-881a-924d9b3d8ed3,53.85992,-122.49656,12.3089,6.05975,-5.36265,-10.18571,-2.04669,11.17991,-2.95493,,,,,,,,,,,,,,,,,,,,,,,,,,,,,,,,,,,,,,,,,,,,,,,,,,,High,High,High,,,,,,,,,,,,,,,,,,,,,,,,,,,,,,,,,,,,,,,
87,2026-03-08,12:45:50.08,1,5,"Christian, Emmet",1000302833,Right,TUF_UNI,"Petry, Christian",1000503095,Right,HOB_COL,Undefined,3,Top,0,3,1,Fastball,Slider,StrikeCalled,Undefined,Undefined,Undefined,0,0,,87.19946,-2.639776,-3.782283,2259.628165,203.281497,12:45,5.96174,2.25152,6.52354,-23.92537,12.04922,4.69925,1.53908,-0.83198,80.11148,-7.138006,-2.931021,0.431687,,,,,,,,,,,,-3.52973,7.39945,-1.9902,50,5.76723,8.18806,-126.45853,-6.52113,-5.71982,25.61752,-20.18347,TUF_UNI,HOB_COL,SolGittlemanPark,D3,Team,20260308-SolGittlemanPark-1,4444aec0-1b0e-11f1-b223-2ddea47c7638,87.31421,,,7.08799,,,,,,,3317ed2e-431f-4f93-8269-cf08b58f2e14,2026-03-08,16:45:50.08,2026-03-08T12:45:50.0830720-04:00,2026-03-08T16:45:50.0830720Z,,v3,,,,"Whitfield, Malcolm",1000231739,Right,TUF_UNI,67b5ceac-1c33-4d3a-9cdd-d6ec3a5eb322,53.97595,-127.26142,12.80876,5.9617,-5.88855,-10.09174,-2.24963,8.36732,-2.85991,,,,,,,,,,,,,,,,,,,,,,,,,,,,,,,,,,,,,,,,,,,,,,,,,,,High,High,High,,,,,,,,,,,,,,,,,,,,,,,,,,,,,,,,,,,,,,,
88,2026-03-08,12:46:11.84,1,6,"Christian, Emmet",1000302833,Right,TUF_UNI,"Petry, Christian",1000503095,Right,HOB_COL,Undefined,3,Top,0,3,2,Fastball,Four-Seam,InPlay,Undefined,GroundBall,Out,1,0,,88.79376,-2.440877,-4.716903,2324.660049,222.404144,1:30,5.91728,2.07463,6.59593,-23.59304,10.5069,8.77453,1.70593,-1.52552,82.79243,-6.847801,-3.128192,0.420289,82.06506,-4.664761,38.963496,,,,,24.3074,21.26938,38.624924,0.181596,-5.74374,6.37331,-1.75564,50,5.73989,10.31989,-128.85908,-6.19673,-9.83511,22.16073,-21.26091,TUF_UNI,HOB_COL,SolGittlemanPark,D3,Team,20260308-SolGittlemanPark-1,51355da0-1b0e-11f1-b223-2ddea47c7638,89.68217,1.7799,,6.00133,,,,2.02905,1.7799,1.45622,3317ed2e-431f-4f93-8269-cf08b58f2e14,2026-03-08,16:46:11.84,2026-03-08T12:46:11.8488576-04:00,2026-03-08T16:46:11.8488576Z,GroundBall,v3,,,,"Whitfield, Malcolm",1000231739,Right,TUF_UNI,09d3ad76-1bf0-4aa7-8257-feef54750b27,53.9061,-129.5291,11.08037,5.91752,-5.55392,-10.63046,-2.07215,10.61725,-4.91755,180,2.02545,93.40011,,,,,,,,1.78028,-9.80141,,,,,,,,1.45331,75.53544,,,,,,,,,,,,,,,,,,,,,,,,,,,,,,High,High,High,Low,Low,,,,,,,,,,,,,,,,,,,,,,,,,,,,,,,,,,,,,
89,2026-03-08,12:46:45.25,2,1,"Christian, Emmet",1000302833,Right,TUF_UNI,"Farnen, Jack",10106415,Left,HOB_COL,Undefined,3,Top,1,0,0,ChangeUp,Changeup,FoulBallNotFieldable,Undefined,Undefined,Undefined,0,0,,82.28306,-1.728576,-2.906874,1553.460126,224.637267,1:30,6.06217,1.88817,5.81199,-28.46596,12.91674,11.46851,2.0801,0.13854,75.58519,-7.015127,-0.853107,0.463,,,,,,,,,,,,-6.71304,7.45843,-1.65696,50,5.90336,5.62537,-119.39058,-4.48756,-9.70488,22.64291,-21.39157,TUF_UNI,HOB_COL,SolGittlemanPark,D3,Team,20260308-SolGittlemanPark-1,652cc140-1b0e-11f1-b223-2ddea47c7638,81.40917,,,6.69787,,,,,,,3317ed2e-431f-4f93-8269-cf08b58f2e14,2026-03-08,16:46:45.25,2026-03-08T12:46:45.2575232-04:00,2026-03-08T16:46:45.2575232Z,,v3,,,,"Whitfield, Malcolm",1000231739,Right,TUF_UNI,094f9345-c7b3-4d86-b752-155a66e05fb4,54.68784,-120.27636,11.32145,6.06254,-3.65073,-10.69579,-1.88445,6.00502,-4.85244,,,,,,,,,,,,,,,,,,,,,,,,,,,,,,,,,,,,,,,,,,,,,,,,,,,High,High,High,,,,,,,,,,,,,,,,,,,,,,,,,,,,,,,,,,,,,,,
90,2026-03-08,12:47:05.70,2,2,"Christian, Emmet",1000302833,Right,TUF_UNI,"Farnen, Jack",10106415,Left,HOB_COL,Undefined,3,Top,1,0,1,Fastball,Sinker,StrikeCalled,Undefined,Undefined,Undefined,0,0,,88.12607,-0.625524,-2.874331,2188.828838,251.412657,2:30,6.06348,1.93989,6.34342,-27.6123,8.6328,21.45218,3.18586,1.07925,78.74381,-5.857675,1.007291,0.433307,,,,,,,,,,,,-12.08402,5.12949,-1.73992,50,6.00533,5.5293,-127.70339,-2.23955,-19.4394,32.63258,-23.92235,TUF_UNI,HOB_COL,SolGittlemanPark,D3,Team,20260308-SolGittlemanPark-1,715a6e40-1b0e-11f1-b223-2ddea47c7638,86.98776,,,9.38226,,,,,,,3317ed2e-431f-4f93-8269-cf08b58f2e14,2026-03-08,16:47:05.70,2026-03-08T12:47:05.7096704-04:00,2026-03-08T16:47:05.7096704Z,,v3,,,,"Whitfield, Malcolm",1000231739,Right,TUF_UNI,9489055b-1384-4542-9eeb-cec1204ae1a0,54.15215,-128.76004,16.31629,6.06531,-1.46494,-11.96117,-1.92915,6.15875,-9.7197,,,,,,,,,,,,,,,,,,,,,,,,,,,,,,,,,,,,,,,,,,,,,,,,,,,High,High,High,,,,,,,,,,,,,,,,,,,,,,,,,,,,,,,,,,,,,,,
91,2026-03-08,12:47:22.45,2,3,"Christian, Emmet",1000302833,Right,TUF_UNI,"Farnen, Jack",10106415,Left,HOB_COL,Undefined,3,Top,1,0,2,Fastball,Sinker,BallCalled,Undefined,Undefined,Undefined,0,0,,86.58607,-0.12286,-2.919922,2205.100818,243.044367,2:00,5.97387,1.78239,6.40711,-26.61088,10.17717,17.58592,3.64319,0.56073,78.66669,-5.14993,0.264104,0.436541,,,,,,,,,,,,-9.97823,5.72323,-1.58045,50,5.95301,5.71965,-125.69292,-1.05315,-15.85331,27.11155,-23.08101,TUF_UNI,HOB_COL,SolGittlemanPark,D3,Team,20260308-SolGittlemanPark-1,7b5dc130-1b0e-11f1-b223-2ddea47c7638,86.34343,,,7.91938,,,,,,,3317ed2e-431f-4f93-8269-cf08b58f2e14,2026-03-08,16:47:22.45,2026-03-08T12:47:22.4504832-04:00,2026-03-08T16:47:22.4504832Z,,v3,,,,"Whitfield, Malcolm",1000231739,Right,TUF_UNI,71cd4d71-bf9d-482e-9d05-32c0c2476ec6,54.09037,-126.57213,13.55577,5.97502,-0.30465,-11.54051,-1.77427,6.23376,-7.92665,,,,,,,,,,,,,,,,,,,,,,,,,,,,,,,,,,,,,,,,,,,,,,,,,,,High,High,High,,,,,,,,,,,,,,,,,,,,,,,,,,,,,,,,,,,,,,,
92,2026-03-08,12:47:38.92,2,4,"Christian, Emmet",1000302833,Right,TUF_UNI,"Farnen, Jack",10106415,Left,HOB_COL,Undefined,3,Top,1,1,2,Slider,Curveball,StrikeCalled,Strikeout,Undefined,Undefined,0,0,,76.49959,0.786703,-0.093409,2690.23555,90.272,9:00,5.64521,2.15516,5.82305,-46.7942,1.81236,-12.65024,2.47712,1.01413,69.23372,-7.86737,-2.363789,0.501786,,,,,,,,,,,,6.39803,1.20784,-2.14012,50,5.68229,0.65411,-110.96589,0.07895,7.83459,23.17413,-30.69501,TUF_UNI,HOB_COL,SolGittlemanPark,D3,Team,20260308-SolGittlemanPark-1,85334d60-1b0e-11f1-b223-2ddea47c7638,75.1165,,,7.26587,,,,,,,3317ed2e-431f-4f93-8269-cf08b58f2e14,2026-03-08,16:47:38.92,2026-03-08T12:47:38.9210000-04:00,2026-03-08T16:47:38.9210000Z,,v3,,,,"Whitfield, Malcolm",1000231739,Right,TUF_UNI,f318834c-73fe-424d-b039-0c58491da97c,54.67358,-111.93766,11.58707,5.65199,1.36611,-15.3475,-2.16066,0.32558,3.9173,,,,,,,,,,,,,,,,,,,,,,,,,,,,,76.02136,2.577316,1.726413,0.850903,-0.93161,2.14355,-0.91513,3.71544,2.50532,0.1943,68.98654,4.41908,55.8073,3.77371,85.42332,-10.31167,2.57051,17.70817,-18.24456,0.19116,68.21597,-3.35546,High,High,High,,,High,High,High,,,,,,,,,,,,,,,,,,,,,,,,,,,,,,,,,,
93,2026-03-08,12:48:08.40,3,1,"Christian, Emmet",1000302833,Right,TUF_UNI,"O'Neil, Jack",10150853,Right,HOB_COL,Undefined,3,Top,2,0,0,Slider,Curveball,StrikeCalled,Undefined,Undefined,Undefined,0,0,,75.41481,1.587989,-0.978877,2694.079811,77.139623,8:30,5.92544,1.84898,5.61164,-51.91058,-1.76976,-15.15662,3.08233,-0.32781,68.71036,-7.932153,-3.685735,0.509644,,,,,,,,,,,,7.33847,-0.84878,-1.75551,50,6.02799,2.43989,-109.40435,1.37894,8.79238,21.36674,-33.19099,TUF_UNI,HOB_COL,SolGittlemanPark,D3,Team,20260308-SolGittlemanPark-1,96c5e600-1b0e-11f1-b223-2ddea47c7638,73.95835,,,6.70445,,,,,,,3317ed2e-431f-4f93-8269-cf08b58f2e14,2026-03-08,16:48:08.40,2026-03-08T12:48:08.4004864-04:00,2026-03-08T16:48:08.4004864Z,,v3,,,,"Whitfield, Malcolm",1000231739,Right,TUF_UNI,ad2486ed-6027-438d-9cb9-ea13272fd342,54.88693,-110.35465,10.68337,5.93384,2.85512,-16.59549,-1.85533,2.04884,4.39619,,,,,,,,,,,,,,,,,,,,,,,,,,,,,,,,,,,,,,,,,,,,,,,,,,,High,High,High,,,,,,,,,,,,,,,,,,,,,,,,,,,,,,,,,,,,,,,
94,2026-03-08,12:48:23.52,3,2,"Christian, Emmet",1000302833,Right,TUF_UNI,"O'Neil, Jack",10150853,Right,HOB_COL,Undefined,3,Top,2,0,1,Cutter,Changeup,InPlay,Undefined,GroundBall,Out,1,0,,85.77727,-1.703186,-3.59994,2164.010116,238.601393,2:00,6.16101,1.93296,6.60309,-25.40564,11.68005,17.16985,2.48011,0.06165,78.46219,-6.50617,-0.481284,0.438303,97.03127,-5.019404,-33.128582,,,,,32.73029,27.43014,-31.083513,0.216156,-10.13241,6.988,-1.69428,50,6.03404,7.21959,-124.51592,-4.40994,-15.87048,25.5446,-21.22867,TUF_UNI,HOB_COL,SolGittlemanPark,D3,Team,20260308-SolGittlemanPark-1,9fbb7270-1b0e-11f1-b223-2ddea47c7638,85.99626,2.69509,,7.31508,,,,2.33342,2.69509,-0.12808,3317ed2e-431f-4f93-8269-cf08b58f2e14,2026-03-08,16:48:23.52,2026-03-08T12:48:23.5226112-04:00,2026-03-08T16:48:23.5226112Z,GroundBall,v3,,,,"Whitfield, Malcolm",1000231739,Right,TUF_UNI,7697788a-fbe0-4f43-ab2d-dc804aaf3f58,53.89724,-125.31289,12.7723,6.1613,-3.74762,-10.61433,-1.92725,7.71474,-7.93524,180,2.32781,118.88319,,,,,,,,2.69568,-12.46827,,,,,,,,-0.12442,-77.58351,,,,,,,,,,,,,,,,,,,,,,,,,,,,,,High,High,High,High,Medium,,,,,,,,,,,,,,,,,,,,,,,,,,,,,,,,,,,,,
95,2026-03-08,12:50:34.43,1,1,"Forgues, Aaron",10310170,Right,HOB_COL,"Bannish, Tate",1000196430,Right,TUF_UNI,Undefined,3,Bottom,0,0,0,Fastball,Four-Seam,BallCalled,Undefined,Undefined,Undefined,0,0,,87.61733,-2.659998,-5.422337,2147.545567,213.306857,1:00,5.71509,2.80525,5.68346,-18.09863,19.02466,11.67512,1.71451,-1.2912,79.8019,-6.082215,-3.349577,0.438525,,,,,,,,,,,,-7.51752,10.81351,-2.35511,50,5.47896,11.52264,-126.5504,-6.44784,-12.1577,26.48519,-14.68594,TUF_UNI,HOB_COL,SolGittlemanPark,D3,Team,20260308-SolGittlemanPark-1,edc15ac0-1b0e-11f1-b223-2ddea47c7638,85.95272,,,7.81543,,,,,,,3317ed2e-431f-4f93-8269-cf08b58f2e14,2026-03-08,16:50:34.43,2026-03-08T12:50:34.4301056-04:00,2026-03-08T16:50:34.4301056Z,,v3,,,,"Dashefsky, Quinn",10088596,Right,HOB_COL,114bf9b6-959d-463a-b443-78d355d980b2,54.81518,-127.55416,13.2426,5.71278,-5.89125,-7.34297,-2.80053,11.9834,-6.07885,,,,,,,,,,,,,,,,,,,,,,,,,,,,,,,,,,,,,,,,,,,,,,,,,,,High,High,High,,,,,,,,,,,,,,,,,,,,,,,,,,,,,,,,,,,,,,,
96,2026-03-08,12:50:50.96,1,2,"Forgues, Aaron",10310170,Right,HOB_COL,"Bannish, Tate",1000196430,Right,TUF_UNI,Undefined,3,Bottom,0,1,0,Fastball,Four-Seam,InPlay,Undefined,LineDrive,Out,1,0,,87.83355,-1.981193,-4.134875,2236.981764,217.365227,1:15,5.68595,2.90579,5.49631,-18.87753,18.36698,13.02327,2.25408,0.11665,79.54703,-5.549776,-1.822916,0.439241,91.01522,8.405694,4.678979,2193.060621,108.82478,7.96096,16.0335,163.51013,151.47567,10.546468,1.503708,-7.86477,10.26087,-2.55288,50,5.49994,8.62149,-127.04864,-4.99687,-12.74252,28.15176,-15.54932,TUF_UNI,HOB_COL,SolGittlemanPark,D3,Team,20260308-SolGittlemanPark-1,f7b3bdc0-1b0e-11f1-b223-2ddea47c7638,85.81273,8.84143,,8.28651,,,,2.03911,2.34385,-0.15451,3317ed2e-431f-4f93-8269-cf08b58f2e14,2026-03-08,16:50:50.96,2026-03-08T12:50:50.9644800-04:00,2026-03-08T16:50:50.9644800Z,LineDrive,v3,,,,"Dashefsky, Quinn",10088596,Right,HOB_COL,d1751728-7787-4b57-b7aa-06dc9439a414,55.00176,-128.15215,14.07588,5.68387,-4.38736,-7.77466,-2.90062,9.12098,-6.37126,249.295964,2.03911,131.61472,-21.71839,3.80773,-0.76244,0.14437,-0.02749,0.00441,-0.00039,2.34385,19.51357,-15.26264,0.99856,-0.14826,0.02935,-0.00409,0.0006,-6E-05,-0.15451,10.77209,8.92845,-2.63318,0.71035,-0.17267,0.03842,-0.00667,0.00062,,,,,,,,,,,,,,,,,,,,,,,High,High,High,High,High,,,,,,,,,,,,,,,,,,,,,,,,,,,,,,,,,,,,,
97,2026-03-08,12:51:18.96,2,1,"Forgues, Aaron",10310170,Right,HOB_COL,"Lysko, AJ",10102743,Left,TUF_UNI,Undefined,3,Bottom,1,0,0,Fastball,Four-Seam,InPlay,Undefined,LineDrive,Single,0,0,,87.986,-2.029283,-3.999663,2147.960908,217.227385,1:15,5.59984,2.80399,5.46891,-20.76603,16.49139,11.51068,1.96478,0.014,79.51785,-5.933538,-1.956517,0.439317,95.66039,8.405128,-14.437032,2457.502851,104.18109,9.4269,-35.30073,185.1912,145.96915,-22.141235,1.668413,-7.05981,9.33115,-2.45997,50,5.4072,8.38987,-127.22555,-5.19176,-11.4376,28.91652,-17.05665,TUF_UNI,HOB_COL,SolGittlemanPark,D3,Team,20260308-SolGittlemanPark-1,084b5490-1b0f-11f1-b223-2ddea47c7638,85.79788,9.62636,,8.46815,,,,0.72546,1.93065,-0.01401,3317ed2e-431f-4f93-8269-cf08b58f2e14,2026-03-08,16:51:18.96,2026-03-08T12:51:18.9619200-04:00,2026-03-08T16:51:18.9619200Z,LineDrive,v3,,,,"Dashefsky, Quinn",10088596,Right,HOB_COL,415a244b-3d84-4e4f-b8d7-c342652676e1,55.02801,-128.36326,14.45826,5.59827,-4.52068,-8.52833,-2.79892,8.83987,-5.7188,112.421707,0.72546,134.41189,-24.3244,4.15464,-0.85867,0.16678,-0.03181,0.00494,-0.00042,1.93065,20.50811,-14.3428,1.00423,-0.1607,0.0356,-0.00585,0.00082,-8E-05,-0.01401,-34.60374,-7.0251,2.3963,-0.66985,0.1684,-0.03719,0.00625,-0.00055,,,,,,,,,,,,,,,,,,,,,,,High,High,High,High,Medium,,,,,,,,,,,,,,,,,,,,,,,,,,,,,,,,,,,,,
98,2026-03-08,12:51:56.87,3,1,"Forgues, Aaron",10310170,Right,HOB_COL,"Pender, Tom",10180102,Right,TUF_UNI,Undefined,3,Bottom,1,0,0,Fastball,Four-Seam,BallCalled,Undefined,Undefined,Undefined,0,0,,87.23838,-2.555925,-5.580249,2169.861256,222.442174,1:30,5.68654,2.67586,5.60708,-20.6519,17.07048,14.39643,1.56677,-1.34984,79.14138,-6.438692,-3.027694,0.44205,,,,,,,,,,,,-8.99103,9.80272,-2.20692,50,5.45378,11.69113,-125.9137,-6.29465,-14.33335,27.23534,-16.54667,TUF_UNI,HOB_COL,SolGittlemanPark,D3,Team,20260308-SolGittlemanPark-1,1ee80ea0-1b0f-11f1-b223-2ddea47c7638,85.26745,,,8.097,,,,,,,3317ed2e-431f-4f93-8269-cf08b58f2e14,2026-03-08,16:51:56.87,2026-03-08T12:51:56.8717312-04:00,2026-03-08T16:51:56.8717312Z,,v3,,,,"Dashefsky, Quinn",10088596,Right,HOB_COL,033ef51e-4b0f-4713-af6d-2f1b47908e44,54.89113,-126.96725,13.61767,5.6849,-5.65457,-8.27333,-2.6699,12.24559,-7.16667,,,,,,,,,,,,,,,,,,,,,,,,,,,,,,,,,,,,,,,,,,,,,,,,,,,High,High,High,,,,,,,,,,,,,,,,,,,,,,,,,,,,,,,,,,,,,,,
99,2026-03-08,12:52:11.52,3,2,"Forgues, Aaron",10310170,Right,HOB_COL,"Pender, Tom",10180102,Right,TUF_UNI,Undefined,3,Bottom,1,1,0,Fastball,Four-Seam,StrikeCalled,Undefined,Undefined,Undefined,0,0,,88.10324,-2.221814,-4.571966,2282.534721,212.905569,1:00,5.79965,2.70977,5.87273,-17.1706,19.15985,11.61146,2.2975,-0.57813,80.24314,-5.491334,-2.498556,0.433817,,,,,,,,,,,,-7.24048,10.79347,-2.34601,50,5.60943,9.7077,-127.48302,-5.44948,-11.88647,26.8038,-14.45481,TUF_UNI,HOB_COL,SolGittlemanPark,D3,Team,20260308-SolGittlemanPark-1,27a85a40-1b0f-11f1-b223-2ddea47c7638,86.88555,,,7.8601,,,,,,,3317ed2e-431f-4f93-8269-cf08b58f2e14,2026-03-08,16:52:11.52,2026-03-08T12:52:11.5251200-04:00,2026-03-08T16:52:11.5251200Z,,v3,,,,"Dashefsky, Quinn",10088596,Right,HOB_COL,2e2fa722-c86b-40c4-bf98-4bb5a7d0b755,54.62501,-128.45176,13.4019,5.79694,-4.92705,-7.22741,-2.70463,10.1373,-5.94324,,,,,,,,,,,,,,,,,,,,,,,,,,,,,,,,,,,,,,,,,,,,,,,,,,,High,High,High,,,,,,,,,,,,,,,,,,,,,,,,,,,,,,,,,,,,,,,
100,2026-03-08,12:52:28.82,3,3,"Forgues, Aaron",10310170,Right,HOB_COL,"Pender, Tom",10180102,Right,TUF_UNI,Undefined,3,Bottom,1,1,1,Slider,Curveball,BallinDirt,Undefined,Undefined,Undefined,0,0,,74.28326,-0.291238,-2.00643,2199.196905,63.56892,8:00,5.8931,2.56742,4.93893,-61.23814,-7.80304,-19.48611,0.5145,-0.95349,67.88677,-11.276178,-5.449003,0.52612,,,,,,,,,,,,9.09615,-3.39118,-2.35507,50,5.81362,4.51475,-107.60749,-2.63715,10.44632,22.25093,-36.06861,TUF_UNI,HOB_COL,SolGittlemanPark,D3,Team,20260308-SolGittlemanPark-1,31f6bff0-1b0f-11f1-b223-2ddea47c7638,71.6423,,,6.3965,,,,,,,3317ed2e-431f-4f93-8269-cf08b58f2e14,2026-03-08,16:52:28.82,2026-03-08T12:52:28.8282112-04:00,2026-03-08T16:52:28.8282112Z,,v3,,,,"Dashefsky, Quinn",10088596,Right,HOB_COL,382860a0-c2d4-4755-9ded-dc9c3c4c791d,55.56267,-108.75165,11.12547,5.90154,-0.78248,-18.03431,-2.57341,3.9776,5.22316,,,,,,,,,,,,,,,,,,,,,,,,,,,,,,,,,,,,,,,,,,,,,,,,,,,High,High,High,,,,,,,,,,,,,,,,,,,,,,,,,,,,,,,,,,,,,,,
101,2026-03-08,12:52:49.47,3,4,"Forgues, Aaron",10310170,Right,HOB_COL,"Pender, Tom",10180102,Right,TUF_UNI,Undefined,3,Bottom,1,2,1,Fastball,Four-Seam,StrikeCalled,Undefined,Undefined,Undefined,0,0,,88.62368,-2.75892,-4.729693,2219.706757,220.948618,1:15,5.81437,2.76029,5.57599,-19.46052,16.85048,13.57245,1.60505,-0.53622,80.8724,-6.408841,-2.319267,0.433701,,,,,,,,,,,,-8.2476,9.67721,-2.36171,50,5.56351,10.01992,-128.13719,-6.82109,-13.69451,26.80222,-16.10584,TUF_UNI,HOB_COL,SolGittlemanPark,D3,Team,20260308-SolGittlemanPark-1,3e39a2a0-1b0f-11f1-b223-2ddea47c7638,86.90878,,,7.75128,,,,,,,3317ed2e-431f-4f93-8269-cf08b58f2e14,2026-03-08,16:52:49.47,2026-03-08T12:52:49.4713856-04:00,2026-03-08T16:52:49.4713856Z,,v3,,,,"Dashefsky, Quinn",10088596,Right,HOB_COL,d9932b31-d76a-4af5-a039-42bc544f037d,54.92316,-129.16285,13.40111,5.81275,-6.20476,-8.05292,-2.75518,10.54398,-6.84726,,,,,,,,,,,,,,,,,,,,,,,,,,,,,,,,,,,,,,,,,,,,,,,,,,,High,High,High,,,,,,,,,,,,,,,,,,,,,,,,,,,,,,,,,,,,,,,
102,2026-03-08,12:53:12.03,3,5,"Forgues, Aaron",10310170,Right,HOB_COL,"Pender, Tom",10180102,Right,TUF_UNI,Undefined,3,Bottom,1,2,2,Fastball,Four-Seam,InPlay,Undefined,FlyBall,Out,1,0,,88.34989,-2.015255,-4.82013,2160.402085,212.753035,1:00,5.72794,2.7284,5.63363,-16.98339,19.36139,11.69827,2.425,-0.80449,80.70314,-5.231262,-2.742002,0.433903,85.49961,40.630158,26.093635,,92.35871,84.45156,59.74778,253.87704,133.23036,39.665498,5.224614,-7.28268,10.73733,-2.3253,50,5.54528,10.28049,-127.82455,-5.02506,-12.06448,26.03537,-14.38661,TUF_UNI,HOB_COL,SolGittlemanPark,D3,Team,20260308-SolGittlemanPark-1,4bafd530-1b0f-11f1-b223-2ddea47c7638,86.86841,95.08153,,7.64675,,,,1.22119,2.34257,0.76214,3317ed2e-431f-4f93-8269-cf08b58f2e14,2026-03-08,16:53:12.03,2026-03-08T12:53:12.0365056-04:00,2026-03-08T16:53:12.0365056Z,FlyBall,v3,,,,"Dashefsky, Quinn",10088596,Right,HOB_COL,8d2ba326-5985-405f-bc95-d1410283a890,54.86525,-128.8117,13.01769,5.72547,-4.47959,-7.1933,-2.72376,10.73792,-6.03224,205.810992,1.22841,85.31014,-25.07467,6.13737,-0.68496,-0.14051,0.06681,-0.0095,0.00048,2.33628,81.77121,-20.53171,1.33123,-0.14979,0.00186,0.0118,-0.00286,0.0002,0.76139,41.87484,-2.72806,-0.185,0.17168,-0.0417,0.00583,-0.00049,2E-05,,,,,,,,,,,,,,,,,,,,,,,High,High,High,High,Low,,,,,,,,,,,,,,,,,,,,,,,,,,,,,,,,,,,,,
103,2026-03-08,12:53:49.00,4,1,"Forgues, Aaron",10310170,Right,HOB_COL,"Pavlik, Max",10065692,Left,TUF_UNI,Undefined,3,Bottom,2,0,0,Cutter,Changeup,StrikeSwinging,Undefined,Undefined,Undefined,0,0,,82.53724,-2.157952,-4.287031,1804.233456,221.513859,1:30,5.82706,2.49916,5.89649,-26.08206,15.0495,12.16142,1.64355,-0.4749,75.75295,-7.0223,-2.11134,0.461593,,,,,,,,,,,,-7.43969,8.69784,-2.1608,50,5.63789,8.49845,-119.55657,-5.29785,-10.7899,22.61349,-19.55941,TUF_UNI,HOB_COL,SolGittlemanPark,D3,Team,20260308-SolGittlemanPark-1,61c313f0-1b0f-11f1-b223-2ddea47c7638,81.65735,,,6.78429,,,,,,,3317ed2e-431f-4f93-8269-cf08b58f2e14,2026-03-08,16:53:49.00,2026-03-08T12:53:49.0005504-04:00,2026-03-08T16:53:49.0005504Z,,v3,,,,"Dashefsky, Quinn",10088596,Right,HOB_COL,e1757867-8d89-414b-bd7f-02cfa14630ee,54.60283,-120.42402,11.30674,5.82673,-4.54756,-9.77971,-2.49474,8.91235,-5.39495,,,,,,,,,,,,,,,,,,,,,,,,,,,,,,,,,,,,,,,,,,,,,,,,,,,High,High,High,,,,,,,,,,,,,,,,,,,,,,,,,,,,,,,,,,,,,,,
104,2026-03-08,12:54:05.00,4,2,"Forgues, Aaron",10310170,Right,HOB_COL,"Pavlik, Max",10065692,Left,TUF_UNI,Undefined,3,Bottom,2,0,1,Fastball,Sinker,InPlay,Undefined,FlyBall,Out,1,0,,87.94578,-1.054842,-3.169683,2187.239747,228.199571,1:30,5.74131,2.69231,5.503,-21.13639,15.23095,15.85024,2.99177,1.04565,81.07018,-4.987872,-0.349976,0.434037,89.76525,26.203969,19.653087,2619.267954,103.00601,50.30512,38.59679,297.88716,289.53477,22.576435,4.3797,-8.85729,8.29044,-2.42652,50,5.63493,6.39696,-127.66652,-3.06372,-14.76661,23.78443,-18.35249,TUF_UNI,HOB_COL,SolGittlemanPark,D3,Team,20260308-SolGittlemanPark-1,6b466170-1b0f-11f1-b223-2ddea47c7638,86.84145,62.12612,,6.87559,,,,1.75837,3.0865,-1.02136,3317ed2e-431f-4f93-8269-cf08b58f2e14,2026-03-08,16:54:05.00,2026-03-08T12:54:05.0047488-04:00,2026-03-08T16:54:05.0047488Z,FlyBall,v3,,,,"Dashefsky, Quinn",10088596,Right,HOB_COL,fbfab5d7-607e-4dfb-97e9-75073a271ba0,54.99777,-128.59424,11.89221,5.74047,-2.34787,-9.17624,-2.68727,6.97294,-7.3833,196.138042,1.75823,111.2513,-24.98986,6.38385,-1.42405,0.28672,-0.04933,0.00597,-0.00033,3.08778,58.09789,-14.19401,-0.76344,0.70062,-0.27894,0.06899,-0.00911,0.00048,-1.02164,39.73387,-4.65094,0.43136,-0.01077,0.00656,-0.00452,0.00089,-6E-05,,,,,,,,,,,,,,,,,,,,,,,High,High,High,High,High,,,,,,,,,,,,,,,,,,,,,,,,,,,,,,,,,,,,,
105,2026-03-08,12:55:56.18,1,1,"Christian, Emmet",1000302833,Right,TUF_UNI,"Garvin, Sean",10325887,Left,HOB_COL,Undefined,4,Top,0,0,0,Cutter,Four-Seam,BallCalled,Undefined,Undefined,Undefined,0,0,,85.12118,-1.102587,-1.192034,2184.326423,207.473243,1:00,6.2111,1.88312,6.31241,-21.93493,16.14458,7.74213,3.36721,1.43011,77.57084,-5.273935,0.208794,0.444137,,,,,,,,,,,,-4.35567,9.09012,-1.79926,50,6.11975,2.27318,-123.64481,-2.97732,-6.71144,25.72632,-18.16747,TUF_UNI,HOB_COL,SolGittlemanPark,D3,Team,20260308-SolGittlemanPark-1,ad8e0060-1b0f-11f1-b223-2ddea47c7638,84.8667,,,7.55034,,,,,,,3317ed2e-431f-4f93-8269-cf08b58f2e14,2026-03-08,16:55:56.18,2026-03-08T12:55:56.1823232-04:00,2026-03-08T16:55:56.1823232Z,,v3,,,,"Whitfield, Malcolm",1000231739,Right,TUF_UNI,41feb2a5-abb4-4371-bc61-13c31cf366c6,54.18408,-124.51233,12.86316,6.20982,-2.36469,-9.08373,-1.87973,2.4995,-3.35572,,,,,,,,,,,,,,,,,,,,,,,,,,,,,,,,,,,,,,,,,,,,,,,,,,,High,High,High,,,,,,,,,,,,,,,,,,,,,,,,,,,,,,,,,,,,,,,
106,2026-03-08,12:56:14.87,1,2,"Christian, Emmet",1000302833,Right,TUF_UNI,"Garvin, Sean",10325887,Left,HOB_COL,Undefined,4,Top,0,1,0,ChangeUp,Changeup,StrikeCalled,Undefined,Undefined,Undefined,0,0,,79.10269,-0.44278,-1.921813,1317.363478,261.330584,2:45,6.24014,1.89522,5.81159,-41.91876,2.8287,9.40756,2.33494,0.89146,72.7831,-8.147589,-0.233782,0.481455,,,,,,,,,,,,-5.33717,1.9976,-1.74331,50,6.17893,3.50034,-114.88914,-2.22373,-7.13479,21.25189,-29.50364,TUF_UNI,HOB_COL,SolGittlemanPark,D3,Team,20260308-SolGittlemanPark-1,b8b8bc50-1b0f-11f1-b223-2ddea47c7638,78.28863,,,6.31958,,,,,,,3317ed2e-431f-4f93-8269-cf08b58f2e14,2026-03-08,16:56:14.87,2026-03-08T12:56:14.8760064-04:00,2026-03-08T16:56:14.8760064Z,,v3,,,,"Whitfield, Malcolm",1000231739,Right,TUF_UNI,62be01e6-e243-4f24-a1c1-30ad9fa39376,54.68745,-115.75296,10.62594,6.24495,-1.02449,-14.75182,-1.89149,3.79035,-3.56739,,,,,,,,,,,,,,,,,,,,,,,,,,,,,,,,,,,,,,,,,,,,,,,,,,,High,High,High,,,,,,,,,,,,,,,,,,,,,,,,,,,,,,,,,,,,,,,
107,2026-03-08,12:56:37.17,1,3,"Christian, Emmet",1000302833,Right,TUF_UNI,"Garvin, Sean",10325887,Left,HOB_COL,Undefined,4,Top,0,1,1,Cutter,Changeup,InPlay,Undefined,GroundBall,Out,1,0,,84.36033,-1.807964,-2.83547,2070.852153,237.42635,2:00,6.08115,2.05761,6.28446,-27.99872,10.81945,14.95473,2.07907,0.68847,77.18824,-7.054627,-0.132152,0.448424,77.99576,-29.654368,37.360571,,,,,5.33323,3.50066,16.968768,0.038091,-8.6354,6.5178,-1.8557,50,5.93411,5.50921,-122.45382,-4.69207,-13.06961,24.90948,-22.30944,TUF_UNI,HOB_COL,SolGittlemanPark,D3,Team,20260308-SolGittlemanPark-1,c5f6a0d0-1b0f-11f1-b223-2ddea47c7638,84.05535,2.16127,,7.17209,,,,2.08375,2.16127,-0.7471,3317ed2e-431f-4f93-8269-cf08b58f2e14,2026-03-08,16:56:37.17,2026-03-08T12:56:37.1732992-04:00,2026-03-08T16:56:37.1732992Z,GroundBall,v3,,,,"Whitfield, Malcolm",1000231739,Right,TUF_UNI,393af61d-6dff-4466-a07c-93700913520e,54.21505,-123.30827,12.45474,6.08194,-3.92682,-11.15472,-2.05237,5.95753,-6.53481,,2.08254,79.21362,,,,,,,,2.16214,-56.74036,,,,,,,,-0.74803,60.47706,,,,,,,,,,,,,,,,,,,,,,,,,,,,,,High,High,High,Low,Low,,,,,,,,,,,,,,,,,,,,,,,,,,,,,,,,,,,,,
108,2026-03-08,12:57:10.67,2,1,"Christian, Emmet",1000302833,Right,TUF_UNI,"Jones, Will",1000503130,Right,HOB_COL,Undefined,4,Top,1,0,0,Cutter,Changeup,BallCalled,Undefined,Undefined,Undefined,0,0,,85.17514,-2.83074,-3.975547,2045.488086,244.820169,2:15,6.04022,1.98097,6.5113,-29.17919,8.38012,15.41847,1.00257,-0.38824,78.70436,-8.269547,-1.179498,0.441093,,,,,,,,,,,,-9.23654,5.46252,-1.71009,50,5.8293,8.04697,-123.56827,-6.96814,-14.3596,23.3565,-23.68174,TUF_UNI,HOB_COL,SolGittlemanPark,D3,Team,20260308-SolGittlemanPark-1,d9f641d0-1b0f-11f1-b223-2ddea47c7638,85.45236,,,6.47078,,,,,,,3317ed2e-431f-4f93-8269-cf08b58f2e14,2026-03-08,16:57:10.67,2026-03-08T12:57:10.6727936-04:00,2026-03-08T16:57:10.6727936Z,,v3,,,,"Whitfield, Malcolm",1000231739,Right,TUF_UNI,84d7ba32-99e8-4d50-a38e-6a2dd4ac32a0,53.99035,-124.32022,11.67825,6.04137,-6.20571,-11.84087,-1.9766,8.50927,-7.1798,,,,,,,,,,,,,,,,,,,,,,,,,,,,,,,,,,,,,,,,,,,,,,,,,,,High,High,High,,,,,,,,,,,,,,,,,,,,,,,,,,,,,,,,,,,,,,,
109,2026-03-08,12:57:24.10,2,2,"Christian, Emmet",1000302833,Right,TUF_UNI,"Jones, Will",1000503130,Right,HOB_COL,Undefined,4,Top,1,1,0,Cutter,Changeup,FoulBallNotFieldable,Undefined,Undefined,Undefined,0,0,,85.13086,-0.826752,-3.36984,2016.120931,259.093453,2:45,5.90962,2.09454,6.28113,-33.28037,4.78414,18.53304,2.37288,0.52945,77.98021,-7.02334,-0.021044,0.44405,,,,,,,,,,,,-10.67638,3.04823,-1.85483,50,5.83228,6.58967,-123.61141,-2.81579,-16.48652,25.09011,-27.46695,TUF_UNI,HOB_COL,SolGittlemanPark,D3,Team,20260308-SolGittlemanPark-1,e1ee5b70-1b0f-11f1-b223-2ddea47c7638,84.88338,,,7.15065,,,,,,,3317ed2e-431f-4f93-8269-cf08b58f2e14,2026-03-08,16:57:24.10,2026-03-08T12:57:24.1047040-04:00,2026-03-08T16:57:24.1047040Z,,v3,,,,"Whitfield, Malcolm",1000231739,Right,TUF_UNI,8dc95ee4-576f-4764-b771-904c1f6ad6ba,54.21995,-124.46501,12.54506,5.91218,-1.88133,-13.73347,-2.08856,7.15057,-8.24326,,,,,,,,,,,,,,,,,,,,,,,,,,,,,,,,,,,,,,,,,,,,,,,,,,,High,High,High,,,,,,,,,,,,,,,,,,,,,,,,,,,,,,,,,,,,,,,
110,2026-03-08,12:57:43.73,2,3,"Christian, Emmet",1000302833,Right,TUF_UNI,"Jones, Will",1000503130,Right,HOB_COL,Undefined,4,Top,1,1,1,Slider,Curveball,BallCalled,Undefined,Undefined,Undefined,0,0,,76.35781,-0.429178,-2.848281,2629.586487,90.11488,9:00,5.97755,2.02781,5.80224,-47.40192,1.86945,-17.03296,1.62774,-2.04281,69.08128,-9.148895,-5.895661,0.505206,,,,,,,,,,,,7.72973,1.60213,-1.78338,50,5.91426,6.12269,-110.58105,-2.2754,9.32465,24.45151,-30.24135,TUF_UNI,HOB_COL,SolGittlemanPark,D3,Team,20260308-SolGittlemanPark-1,edb61ab0-1b0f-11f1-b223-2ddea47c7638,74.60803,,,7.27654,,,,,,,3317ed2e-431f-4f93-8269-cf08b58f2e14,2026-03-08,16:57:43.73,2026-03-08T12:57:43.7368320-04:00,2026-03-08T16:57:43.7368320Z,,v3,,,,"Whitfield, Malcolm",1000231739,Right,TUF_UNI,b1eb7973-dcf6-4c49-b5d5-e8d20e92a9bd,54.69542,-111.61447,12.22575,5.98342,-0.99729,-15.12067,-2.03382,5.7286,4.66232,,,,,,,,,,,,,,,,,,,,,,,,,,,,,,,,,,,,,,,,,,,,,,,,,,,High,High,High,,,,,,,,,,,,,,,,,,,,,,,,,,,,,,,,,,,,,,,
111,2026-03-08,12:57:58.19,2,4,"Christian, Emmet",1000302833,Right,TUF_UNI,"Jones, Will",1000503130,Right,HOB_COL,Undefined,4,Top,1,2,1,Cutter,Changeup,BallCalled,Undefined,Undefined,Undefined,0,0,,84.13622,-0.400183,-4.648383,2172.29162,233.561001,1:45,6.07067,1.91147,6.5545,-26.90194,12.45572,14.86272,3.46069,-1.1215,75.52537,-5.529315,-1.959057,0.451529,,,,,,,,,,,,-9.26457,7.09473,-1.59544,50,6.03167,9.33237,-121.75786,-1.57779,-13.64409,28.1348,-21.72553,TUF_UNI,HOB_COL,SolGittlemanPark,D3,Team,20260308-SolGittlemanPark-1,f6434860-1b0f-11f1-b223-2ddea47c7638,83.47726,,,8.61085,,,,,,,3317ed2e-431f-4f93-8269-cf08b58f2e14,2026-03-08,16:57:58.19,2026-03-08T12:57:58.1930496-04:00,2026-03-08T16:57:58.1930496Z,,v3,,,,"Whitfield, Malcolm",1000231739,Right,TUF_UNI,e0091e0d-19b0-4431-b465-47a8dc113300,53.94026,-122.66496,14.0674,6.07125,-0.87733,-10.86276,-1.90342,9.77228,-6.82204,,,,,,,,,,,,,,,,,,,,,,,,,,,,,,,,,,,,,,,,,,,,,,,,,,,High,High,High,,,,,,,,,,,,,,,,,,,,,,,,,,,,,,,,,,,,,,,
112,2026-03-08,12:58:23.17,2,5,"Christian, Emmet",1000302833,Right,TUF_UNI,"Jones, Will",1000503130,Right,HOB_COL,Undefined,4,Top,1,3,1,Fastball,Four-Seam,StrikeCalled,Undefined,Undefined,Undefined,0,0,,86.69714,-2.862055,-3.296926,2274.139228,204.284904,12:45,6.10648,1.94345,6.5944,-16.1321,20.55879,8.68701,2.13335,-0.35666,78.53402,-5.999626,-1.72059,0.435964,,,,,,,,,,,,-5.60036,12.08918,-1.72143,50,5.90356,6.91334,-125.63592,-6.65388,-8.84926,28.16037,-13.07167,TUF_UNI,HOB_COL,SolGittlemanPark,D3,Team,20260308-SolGittlemanPark-1,052762d0-1b10-11f1-b223-2ddea47c7638,86.4577,,,8.16312,,,,,,,3317ed2e-431f-4f93-8269-cf08b58f2e14,2026-03-08,16:58:23.17,2026-03-08T12:58:23.1787520-04:00,2026-03-08T16:58:23.1787520Z,,v3,,,,"Whitfield, Malcolm",1000231739,Right,TUF_UNI,9abaa09f-bbb3-4d7d-b387-841b83517a0f,53.90288,-126.5077,14.08018,6.10328,-6.24921,-6.53583,-1.93969,7.18729,-4.42463,,,,,,,,,,,,,,,,,,,,,,,,,,,,,,,,,,,,,,,,,,,,,,,,,,,High,High,High,,,,,,,,,,,,,,,,,,,,,,,,,,,,,,,,,,,,,,,
113,2026-03-08,12:58:44.17,2,6,"Christian, Emmet",1000302833,Right,TUF_UNI,"Jones, Will",1000503130,Right,HOB_COL,Undefined,4,Top,1,3,2,Fastball,Four-Seam,InPlay,Undefined,Popup,Out,1,0,,86.52703,-1.416196,-3.810496,2309.814428,210.159663,1:00,6.04738,2.06715,6.57795,-20.69643,16.00339,8.57528,3.02159,-0.71573,78.62346,-5.377579,-2.256225,0.436017,83.10372,58.709999,-1.191163,,,,,,71.62285,,,-5.67587,9.21402,-1.80892,50,5.94119,8.04227,-125.48495,-3.64483,-8.9792,27.25151,-17.59757,TUF_UNI,HOB_COL,SolGittlemanPark,D3,Team,20260308-SolGittlemanPark-1,11a92340-1b10-11f1-b223-2ddea47c7638,86.44714,115.56773,,7.90357,,,,1.7213,2.99377,0.68947,3317ed2e-431f-4f93-8269-cf08b58f2e14,2026-03-08,16:58:44.17,2026-03-08T12:58:44.1783296-04:00,2026-03-08T16:58:44.1783296Z,,v3,,,,"Whitfield, Malcolm",1000231739,Right,TUF_UNI,5df8674a-d20f-495d-984c-57c3ad78209e,53.9203,-126.33345,13.62576,6.04615,-3.09692,-8.79879,-2.06367,8.32184,-4.4896,177.117053,1.7213,63.29102,-18.83613,5.77441,-2.31664,1.92127,-1.30874,0.48081,-0.07165,2.99376,104.15647,-24.04744,1.97485,0.31208,-0.90296,0.70975,-0.27027,0.04088,0.68947,-1.31587,-0.76864,0.33224,-0.17869,0.1687,-0.11777,0.04357,-0.00651,,,,,,,,,,,,,,,,,,,,,,,High,High,High,High,Undefined,,,,,,,,,,,,,,,,,,,,,,,,,,,,,,,,,,,,,
114,2026-03-08,12:59:19.33,3,1,"Christian, Emmet",1000302833,Right,TUF_UNI,"Schmiedlin, Connor",10086715,Left,HOB_COL,Undefined,4,Top,2,0,0,Cutter,Changeup,InPlay,Undefined,LineDrive,Out,1,0,,85.5982,-1.841664,-2.984134,2077.827117,243.295438,2:00,6.20078,1.48787,6.47053,-25.77978,11.86146,21.00812,2.35824,0.49551,77.84252,-6.715717,0.826648,0.441574,94.32824,7.308113,-11.647551,2558.328997,105.65317,8.26794,-30.61703,181.56579,146.21968,-18.943485,1.550227,-11.96808,7.14878,-1.2865,50,6.05937,5.69916,-124.22834,-4.72567,-18.52724,27.0669,-21.10734,TUF_UNI,HOB_COL,SolGittlemanPark,D3,Team,20260308-SolGittlemanPark-1,26a74880-1b10-11f1-b223-2ddea47c7638,85.3593,8.61221,,7.75567,,,,1.74763,2.39935,-0.49454,3317ed2e-431f-4f93-8269-cf08b58f2e14,2026-03-08,16:59:19.33,2026-03-08T12:59:19.3368576-04:00,2026-03-08T16:59:19.3368576Z,GroundBall,v3,,,,"Whitfield, Malcolm",1000231739,Right,TUF_UNI,bce10e42-6569-4a2f-a2b4-0685845eb08c,54.02917,-125.10313,13.53345,6.20108,-4.04348,-10.55367,-1.48037,6.29796,-9.26362,113.668781,1.74763,134.39827,-21.0492,4.23088,-0.75645,0.11091,-0.01398,0.0015,-7E-05,2.39935,17.59855,-12.37415,-0.27665,0.27822,-0.08389,0.02141,-0.0035,0.00029,-0.49454,-27.70427,-10.0884,3.45252,-0.99576,0.24927,-0.05576,0.00943,-0.00084,,,,,,,,,,,,,,,,,,,,,,,High,High,High,High,Medium,,,,,,,,,,,,,,,,,,,,,,,,,,,,,,,,,,,,,
115,2026-03-08,13:01:30.98,1,1,"Forgues, Aaron",10310170,Right,HOB_COL,"Abraham, Caden",1000298225,Left,TUF_UNI,Undefined,4,Bottom,0,0,0,Fastball,Four-Seam,BallCalled,Undefined,Undefined,Undefined,0,0,,86.63222,-3.360278,-5.740416,2109.391203,222.631054,1:30,5.66542,2.85465,5.65579,-18.29131,19.9547,17.11225,0.98795,-1.09081,78.57178,-6.830423,-2.704361,0.445107,,,,,,,,,,,,-10.54784,11.58221,-2.37874,50,5.36808,11.86417,-124.95961,-7.91649,-16.55039,26.97839,-14.00064,TUF_UNI,HOB_COL,SolGittlemanPark,D3,Team,20260308-SolGittlemanPark-1,75245ca0-1b10-11f1-b223-2ddea47c7638,84.68174,,,8.06043,,,,,,,3317ed2e-431f-4f93-8269-cf08b58f2e14,2026-03-08,17:01:30.98,2026-03-08T13:01:30.9811712-04:00,2026-03-08T17:01:30.9811712Z,,v3,,,,"Dashefsky, Quinn",10088596,Right,HOB_COL,48d12702-3a85-4559-937d-cf5b61a0bfe0,54.84432,-126.00114,13.4892,5.66327,-7.37598,-7.00032,-2.8491,12.50312,-8.27519,,,,,,,,,,,,,,,,,,,,,,,,,,,,,,,,,,,,,,,,,,,,,,,,,,,High,High,High,,,,,,,,,,,,,,,,,,,,,,,,,,,,,,,,,,,,,,,
116,2026-03-08,13:01:44.99,1,2,"Forgues, Aaron",10310170,Right,HOB_COL,"Abraham, Caden",1000298225,Left,TUF_UNI,Undefined,4,Bottom,0,1,0,Fastball,Four-Seam,FoulBallNotFieldable,Undefined,Undefined,Undefined,0,0,,86.87675,-2.545702,-4.608673,2178.023812,219.622753,1:15,5.64723,2.82813,5.49696,-18.92718,19.01997,14.67922,1.6795,-0.26873,79.08974,-6.112446,-2.004953,0.443364,72.14613,-47.076892,108.740035,,,,,3.00747,3.00747,37.61187,0.02369,-8.78689,10.72725,-2.43481,50,5.41145,9.50262,-125.61422,-6.19084,-13.99253,26.24027,-15.09164,TUF_UNI,HOB_COL,SolGittlemanPark,D3,Team,20260308-SolGittlemanPark-1,7d725e70-1b10-11f1-b223-2ddea47c7638,85.01458,1.84032,,7.78701,,,,2.93227,1.84032,0.2147,3317ed2e-431f-4f93-8269-cf08b58f2e14,2026-03-08,17:01:44.99,2026-03-08T13:01:44.9988096-04:00,2026-03-08T17:01:44.9988096Z,GroundBall,v3,,,,"Dashefsky, Quinn",10088596,Right,HOB_COL,9d0d0c94-c3a1-4ec1-99aa-244149437d67,55.00205,-126.65482,13.12013,5.6451,-5.59236,-7.54582,-2.82265,10.05751,-6.99626,,2.9325,-23.21051,,,,,,,,1.84108,-77.68208,,,,,,,,0.21404,68.41505,,,,,,,,,,,,,,,,,,,,,,,,,,,,,,High,High,High,Estimated,Estimated,,,,,,,,,,,,,,,,,,,,,,,,,,,,,,,,,,,,,
117,2026-03-08,13:02:03.91,1,3,"Forgues, Aaron",10310170,Right,HOB_COL,"Abraham, Caden",1000298225,Left,TUF_UNI,Undefined,4,Bottom,0,1,1,Fastball,Four-Seam,FoulBallNotFieldable,Undefined,Undefined,Undefined,0,0,,87.95512,-1.688018,-3.466445,2115.993733,216.210361,1:15,5.61894,2.92637,5.4621,-16.68788,20.50659,14.04205,2.64498,0.84806,79.45648,-4.87501,-0.972295,0.438946,71.83759,46.168523,-65.582073,3782.674304,,,,,81.12643,,,-8.14914,11.23359,-2.63083,50,5.45916,7.09132,-127.29807,-4.25225,-13.23219,28.68184,-13.93348,TUF_UNI,HOB_COL,SolGittlemanPark,D3,Team,20260308-SolGittlemanPark-1,88c16b40-1b10-11f1-b223-2ddea47c7638,85.87042,65.16483,,8.49864,,,,1.80718,2.4675,-0.74308,3317ed2e-431f-4f93-8269-cf08b58f2e14,2026-03-08,17:02:03.91,2026-03-08T13:02:03.9130624-04:00,2026-03-08T17:02:03.9130624Z,,v3,,,,"Dashefsky, Quinn",10088596,Right,HOB_COL,af299172-a117-4fdd-a379-5453c914d6a1,55.03495,-128.42749,14.34092,5.6158,-3.70358,-6.96674,-2.92033,7.61238,-6.61609,,1.80718,30.16382,-5.54825,1.13298,-0.21372,0.03976,-0.00813,0.00122,-9E-05,2.4675,76.00576,-22.38096,2.25639,-0.47675,0.09085,-0.01734,0.00313,-0.00027,-0.74308,-66.44051,6.15295,-1.2212,0.22617,-0.04191,0.00872,-0.00134,0.00011,,,,,,,,,,,,,,,,,,,,,,,High,High,High,Medium,Undefined,,,,,,,,,,,,,,,,,,,,,,,,,,,,,,,,,,,,,
118,2026-03-08,13:02:23.63,1,4,"Forgues, Aaron",10310170,Right,HOB_COL,"Abraham, Caden",1000298225,Left,TUF_UNI,Undefined,4,Bottom,0,1,2,Slider,Curveball,BallCalled,Undefined,Undefined,Undefined,0,0,,73.5482,0.614866,0.380308,2199.949487,64.965451,8:15,5.86756,2.74333,4.69757,-60.09838,-4.95886,-15.04879,1.4431,1.8503,66.56366,-10.207541,-2.269258,0.534445,,,,,,,,,,,,7.46103,-1.98988,-2.76765,50,5.87633,-0.09257,-106.4506,-0.98072,8.37025,22.0732,-34.40643,TUF_UNI,HOB_COL,SolGittlemanPark,D3,Team,20260308-SolGittlemanPark-1,9483d350-1b10-11f1-b223-2ddea47c7638,70.52636,,,6.98454,,,,,,,3317ed2e-431f-4f93-8269-cf08b58f2e14,2026-03-08,17:02:23.63,2026-03-08T13:02:23.6334080-04:00,2026-03-08T17:02:23.6334080Z,,v3,,,,"Dashefsky, Quinn",10088596,Right,HOB_COL,c8f2042f-7570-4c92-a942-fc34c78b010e,55.79984,-107.64651,11.0366,5.87896,0.88341,-17.20322,-2.75035,-0.54606,4.18512,,,,,,,,,,,,,,,,,,,,,,,,,,,,,,,,,,,,,,,,,,,,,,,,,,,High,High,High,,,,,,,,,,,,,,,,,,,,,,,,,,,,,,,,,,,,,,,
119,2026-03-08,13:02:43.15,1,5,"Forgues, Aaron",10310170,Right,HOB_COL,"Abraham, Caden",1000298225,Left,TUF_UNI,Undefined,4,Bottom,0,2,2,Fastball,Sinker,InPlay,Undefined,FlyBall,Double,0,0,,87.96556,-0.594304,-4.789763,2137.392898,239.825391,2:00,5.67086,2.80293,5.54626,-24.51005,12.25032,19.02229,3.07101,-0.09842,80.2418,-5.152461,-1.412553,0.436376,88.41822,29.714232,-11.334554,3442.860018,106.19843,55.00432,-28.66796,331.55429,327.32562,-22.407493,4.641554,-11.00028,6.70485,-2.40058,50,5.60313,9.85617,-127.35096,-2.16153,-18.06947,26.09792,-21.16044,TUF_UNI,HOB_COL,SolGittlemanPark,D3,Team,20260308-SolGittlemanPark-1,a0348820-1b10-11f1-b223-2ddea47c7638,86.37599,69.29556,,7.72376,,,,2.14726,3.15629,0.07508,3317ed2e-431f-4f93-8269-cf08b58f2e14,2026-03-08,17:02:43.15,2026-03-08T13:02:43.1590400-04:00,2026-03-08T17:02:43.1590400Z,FlyBall,v3,,,,"Dashefsky, Quinn",10088596,Right,HOB_COL,0c15a218-c12b-4e77-9e3e-4dec0a9c853d,54.95376,-128.36211,13.04896,5.67099,-1.34168,-10.58022,-2.79602,10.55627,-9.03473,141.461688,2.14917,110.39388,-20.12945,4.23087,-0.63211,0.03465,0.00234,0.00038,-9E-05,3.15697,64.25337,-16.85815,0.39939,0.28727,-0.17647,0.05563,-0.00846,0.00049,0.07455,-22.11781,-4.70134,2.07814,-0.62275,0.14855,-0.0282,0.00346,-0.00018,,,,,,,,,,,,,,,,,,,,,,,High,High,High,High,Medium,,,,,,,,,,,,,,,,,,,,,,,,,,,,,,,,,,,,,
120,2026-03-08,13:03:38.76,2,1,"Forgues, Aaron",10310170,Right,HOB_COL,"McCullough, Jesse",1000231742,Right,TUF_UNI,Undefined,4,Bottom,0,0,0,Fastball,Four-Seam,BallCalled,Undefined,Undefined,Undefined,0,0,,86.93798,-3.078341,-4.144955,2221.546821,223.557171,1:30,5.74744,2.89416,5.42204,-20.05249,17.70607,15.68233,1.18265,0.31175,79.70955,-6.818777,-1.363276,0.442262,,,,,,,,,,,,-9.118,10.13682,-2.5374,50,5.45974,8.45819,-125.8082,-7.43846,-14.65388,24.86448,-15.88279,TUF_UNI,HOB_COL,SolGittlemanPark,D3,Team,20260308-SolGittlemanPark-1,c13aa9f0-1b10-11f1-b223-2ddea47c7638,85.22658,,,7.22843,,,,,,,3317ed2e-431f-4f93-8269-cf08b58f2e14,2026-03-08,17:03:38.76,2026-03-08T13:03:38.7602432-04:00,2026-03-08T17:03:38.7602432Z,,v3,,,,"Dashefsky, Quinn",10088596,Right,HOB_COL,60e8f629-a001-4d8e-93c2-dcdd32ed8344,55.07856,-126.80795,12.43224,5.74599,-6.79985,-7.94139,-2.88933,9.04739,-7.32694,,,,,,,,,,,,,,,,,,,,,,,,,,,,,,,,,,,,,,,,,,,,,,,,,,,High,High,High,,,,,,,,,,,,,,,,,,,,,,,,,,,,,,,,,,,,,,,
121,2026-03-08,13:03:55.91,2,2,"Forgues, Aaron",10310170,Right,HOB_COL,"McCullough, Jesse",1000231742,Right,TUF_UNI,Undefined,4,Bottom,0,1,0,Fastball,Sinker,BallCalled,Undefined,Undefined,Undefined,0,0,,87.71374,-0.125278,-4.120002,2237.705786,233.957805,1:45,5.72412,2.92592,5.66214,-23.59237,13.36016,16.64399,3.64097,0.46443,79.57133,-4.54604,-1.155377,0.437516,,,,,,,,,,,,-9.62489,7.17772,-2.58764,50,5.69878,8.42815,-127.02049,-1.05168,-15.64202,27.29504,-20.50905,TUF_UNI,HOB_COL,SolGittlemanPark,D3,Team,20260308-SolGittlemanPark-1,cb73d9f0-1b10-11f1-b223-2ddea47c7638,86.15108,,,8.14241,,,,,,,3317ed2e-431f-4f93-8269-cf08b58f2e14,2026-03-08,17:03:55.91,2026-03-08T13:03:55.9139840-04:00,2026-03-08T17:03:55.9139840Z,,v3,,,,"Dashefsky, Quinn",10088596,Right,HOB_COL,723b2456-4ada-44b6-9ea9-56526d941ab1,54.83541,-128.05534,13.64752,5.72391,-0.27411,-10.25452,-2.91842,9.0212,-7.82101,,,,,,,,,,,,,,,,,,,,,,,,,,,,,,,,,,,,,,,,,,,,,,,,,,,High,High,High,,,,,,,,,,,,,,,,,,,,,,,,,,,,,,,,,,,,,,,
122,2026-03-08,13:04:15.24,2,3,"Forgues, Aaron",10310170,Right,HOB_COL,"McCullough, Jesse",1000231742,Right,TUF_UNI,Undefined,4,Bottom,0,2,0,Fastball,Four-Seam,StrikeSwinging,Undefined,Undefined,Undefined,0,0,,87.45554,-1.189481,-4.873023,2260.343824,223.414663,1:30,5.68942,2.88574,5.53882,-19.76497,17.47481,15.38351,2.92641,-0.39783,79.74074,-4.905909,-2.144267,0.439213,,,,,,,,,,,,-9.11103,9.51315,-2.47274,50,5.57302,10.12035,-126.53461,-3.26094,-14.77906,25.69574,-16.74274,TUF_UNI,HOB_COL,SolGittlemanPark,D3,Team,20260308-SolGittlemanPark-1,d6fbd110-1b10-11f1-b223-2ddea47c7638,85.8182,,,7.7148,,,,,,,3317ed2e-431f-4f93-8269-cf08b58f2e14,2026-03-08,17:04:15.24,2026-03-08T13:04:15.2407552-04:00,2026-03-08T17:04:15.2407552Z,,v3,,,,"Dashefsky, Quinn",10088596,Right,HOB_COL,001d0a6b-acaf-4e24-8361-ab081bdebe2d,54.95938,-127.53774,12.84787,5.68757,-2.60732,-8.37137,-2.87909,10.69731,-7.38953,,,,,,,,,,,,,,,,,,,,,,,,,,,,,,,,,,,,,,,,,,,,,,,,,,,High,High,High,,,,,,,,,,,,,,,,,,,,,,,,,,,,,,,,,,,,,,,
123,2026-03-08,13:04:34.63,2,4,"Forgues, Aaron",10310170,Right,HOB_COL,"McCullough, Jesse",1000231742,Right,TUF_UNI,Undefined,4,Bottom,0,2,1,Slider,Curveball,BallCalled,Undefined,Undefined,Undefined,0,0,,73.19484,2.275342,-0.674003,2173.765873,67.651867,8:15,5.84848,2.76031,4.5987,-58.32031,-2.89532,-11.71323,3.15371,1.14317,66.50581,-8.228915,-2.727413,0.535826,,,,,,,,,,,,5.46697,-1.50551,-2.67935,50,6.02944,1.72638,-105.94227,2.1415,6.1402,20.08735,-33.86498,TUF_UNI,HOB_COL,SolGittlemanPark,D3,Team,20260308-SolGittlemanPark-1,e2999a20-1b10-11f1-b223-2ddea47c7638,70.3445,,,6.68902,,,,,,,3317ed2e-431f-4f93-8269-cf08b58f2e14,2026-03-08,17:04:34.63,2026-03-08T13:04:34.6332672-04:00,2026-03-08T17:04:34.6332672Z,,v3,,,,"Dashefsky, Quinn",10088596,Right,HOB_COL,8f5f22ac-6c5f-45c3-841f-b6a1f0fe956f,55.89897,-107.05491,10.04367,5.85887,4.01728,-16.93249,-2.76555,1.38628,3.0701,,,,,,,,,,,,,,,,,,,,,,,,,,,,,,,,,,,,,,,,,,,,,,,,,,,High,High,High,,,,,,,,,,,,,,,,,,,,,,,,,,,,,,,,,,,,,,,
124,2026-03-08,13:04:54.10,2,5,"Forgues, Aaron",10310170,Right,HOB_COL,"McCullough, Jesse",1000231742,Right,TUF_UNI,Undefined,4,Bottom,0,3,1,Cutter,Changeup,InPlay,Undefined,GroundBall,Out,1,0,,84.0275,-2.188622,-4.62136,1900.96046,229.20145,1:45,5.79139,2.50528,5.98229,-24.03344,15.60481,16.58599,1.75237,-0.4054,76.91294,-6.696899,-1.650924,0.453136,35.51754,-7.93529,-168.118763,,,,,11.76564,1.22278,-169.119225,0.277594,-9.86654,9.018,-2.14906,50,5.60463,9.19841,-121.6744,-5.37463,-14.79717,23.78281,-18.6495,TUF_UNI,HOB_COL,SolGittlemanPark,D3,Team,20260308-SolGittlemanPark-1,ee31e4f0-1b10-11f1-b223-2ddea47c7638,83.18131,2.01796,,7.11457,,,,2.61292,2.01796,0.75967,3317ed2e-431f-4f93-8269-cf08b58f2e14,2026-03-08,17:04:54.10,2026-03-08T13:04:54.1057024-04:00,2026-03-08T17:04:54.1057024Z,GroundBall,v3,,,,"Dashefsky, Quinn",10088596,Right,HOB_COL,d9fa5d4d-b280-4588-9552-d953947cef24,54.51757,-122.55423,11.89141,5.7907,-4.6847,-9.32475,-2.49948,9.74582,-7.39859,180,2.63735,-51.03517,,,,,,,,2.02144,-7.26949,,,,,,,,0.76481,-10.73734,,,,,,,,,,,,,,,,,,,,,,,,,,,,,,High,High,High,Low,Low,,,,,,,,,,,,,,,,,,,,,,,,,,,,,,,,,,,,,
125,2026-03-08,13:05:35.66,3,1,"Forgues, Aaron",10310170,Right,HOB_COL,"Whitfield, Malcolm",1000231739,Right,TUF_UNI,Undefined,4,Bottom,1,0,0,Slider,Curveball,BallCalled,Undefined,Undefined,Undefined,0,0,,74.34461,2.193593,-0.976257,2247.960796,56.067456,7:45,5.89898,2.72574,4.9218,-57.52881,-4.35555,-9.24938,3.18007,1.03192,67.43574,-8.226373,-2.6074,0.524829,,,,,,,,,,,,4.23158,-2.26102,-2.62251,50,6.06519,2.20634,-107.64576,2.1262,4.89514,21.14585,-34.78962,TUF_UNI,HOB_COL,SolGittlemanPark,D3,Team,20260308-SolGittlemanPark-1,06f99550-1b11-11f1-b223-2ddea47c7638,71.81848,,,6.90887,,,,,,,3317ed2e-431f-4f93-8269-cf08b58f2e14,2026-03-08,17:05:35.66,2026-03-08T13:05:35.6605440-04:00,2026-03-08T17:05:35.6605440Z,,v3,,,,"Dashefsky, Quinn",10088596,Right,HOB_COL,ae9e6a88-6237-41c3-8f34-dc13102239ea,55.57608,-108.73561,10.57293,5.90941,3.91924,-17.39481,-2.72972,1.95405,2.44757,,,,,,,,,,,,,,,,,,,,,,,,,,,,,,,,,,,,,,,,,,,,,,,,,,,High,High,High,,,,,,,,,,,,,,,,,,,,,,,,,,,,,,,,,,,,,,,
126,2026-03-08,13:05:52.68,3,2,"Forgues, Aaron",10310170,Right,HOB_COL,"Whitfield, Malcolm",1000231739,Right,TUF_UNI,Undefined,4,Bottom,1,1,0,Slider,Curveball,BallCalled,Undefined,Undefined,Undefined,0,0,,74.64063,2.681305,-1.365709,2225.016819,78.007529,8:30,5.92989,2.72243,4.87929,-53.30853,-0.77252,-11.78686,4.027,0.44778,67.99281,-6.975982,-3.439606,0.521675,,,,,,,,,,,,5.37429,-0.63098,-2.57784,50,6.14863,3.05305,-108.08315,3.21234,6.31411,20.0343,-32.9154,TUF_UNI,HOB_COL,SolGittlemanPark,D3,Team,20260308-SolGittlemanPark-1,111db6b0-1b11-11f1-b223-2ddea47c7638,72.25273,,,6.64782,,,,,,,3317ed2e-431f-4f93-8269-cf08b58f2e14,2026-03-08,17:05:52.68,2026-03-08T13:05:52.6851072-04:00,2026-03-08T17:05:52.6851072Z,,v3,,,,"Dashefsky, Quinn",10088596,Right,HOB_COL,ca43379b-119e-43ef-9343-f21cc61da1ec,55.61875,-109.11967,10.01715,5.93838,4.91529,-16.4577,-2.72735,2.72638,3.15706,,,,,,,,,,,,,,,,,,,,,,,,,,,,,,,,,,,,,,,,,,,,,,,,,,,High,High,High,,,,,,,,,,,,,,,,,,,,,,,,,,,,,,,,,,,,,,,
127,2026-03-08,13:06:10.25,3,3,"Forgues, Aaron",10310170,Right,HOB_COL,"Whitfield, Malcolm",1000231739,Right,TUF_UNI,Undefined,4,Bottom,1,2,0,Fastball,Four-Seam,StrikeCalled,Undefined,Undefined,Undefined,0,0,,87.68701,-2.276906,-5.066413,2178.807643,220.690818,1:15,5.74358,2.86249,5.7122,-18.44013,18.24473,14.69599,2.07627,-0.64511,80.40368,-5.749793,-2.45235,0.435928,,,,,,,,,,,,-8.85335,10.2443,-2.44696,50,5.54095,10.63666,-126.87334,-5.62744,-14.50405,24.72285,-15.39127,TUF_UNI,HOB_COL,SolGittlemanPark,D3,Team,20260308-SolGittlemanPark-1,1b904630-1b11-11f1-b223-2ddea47c7638,86.46479,,,7.28333,,,,,,,3317ed2e-431f-4f93-8269-cf08b58f2e14,2026-03-08,17:06:10.25,2026-03-08T13:06:10.2519296-04:00,2026-03-08T17:06:10.2519296Z,,v3,,,,"Dashefsky, Quinn",10088596,Right,HOB_COL,382fb78d-8d71-4990-9722-f88bf3df3809,54.78761,-127.80286,12.36143,5.74164,-5.04877,-7.69563,-2.85712,11.18197,-7.25202,,,,,,,,,,,,,,,,,,,,,,,,,,,,,,,,,,,,,,,,,,,,,,,,,,,High,High,High,,,,,,,,,,,,,,,,,,,,,,,,,,,,,,,,,,,,,,,
128,2026-03-08,13:06:28.69,3,4,"Forgues, Aaron",10310170,Right,HOB_COL,"Whitfield, Malcolm",1000231739,Right,TUF_UNI,Undefined,4,Bottom,1,2,1,Fastball,Sinker,FoulBallNotFieldable,Undefined,Undefined,Undefined,0,0,,88.2402,-1.776961,-4.651728,2280.602627,224.85203,1:30,5.75001,2.87896,5.58105,-18.42158,18.00355,16.75021,2.54936,-0.07901,80.67737,-5.247118,-1.676035,0.434382,64.44241,41.437176,147.648209,4919.753721,,,,,41.03165,,,-9.80087,9.96056,-2.48975,50,5.58496,9.68194,-127.74564,-4.55576,-16.23595,25.70115,-15.67357,TUF_UNI,HOB_COL,SolGittlemanPark,D3,Team,20260308-SolGittlemanPark-1,26857330-1b11-11f1-b223-2ddea47c7638,86.77252,30.28932,,7.56283,,,,1.82606,2.52635,0.29446,3317ed2e-431f-4f93-8269-cf08b58f2e14,2026-03-08,17:06:28.69,2026-03-08T13:06:28.6912512-04:00,2026-03-08T17:06:28.6912512Z,,v3,,,,"Dashefsky, Quinn",10088596,Right,HOB_COL,36d7bb98-7a31-4b55-86be-364889c37d28,54.91895,-128.73148,12.85057,5.74818,-3.95456,-7.83679,-2.87308,10.30472,-8.11798,,1.82606,-59.85801,0.53996,1.81846,-0.76291,0.23428,-0.06456,0.01673,-0.00282,2.52635,62.55013,-31.45547,4.58103,-0.91657,0.1636,-0.03039,0.00528,-0.00067,0.29446,37.91644,-7.75619,2.69218,-0.65273,0.13538,-0.02802,0.00532,-0.00076,,,,,,,,,,,,,,,,,,,,,,,High,High,High,High,Undefined,,,,,,,,,,,,,,,,,,,,,,,,,,,,,,,,,,,,,
129,2026-03-08,13:06:51.95,3,5,"Forgues, Aaron",10310170,Right,HOB_COL,"Whitfield, Malcolm",1000231739,Right,TUF_UNI,Undefined,4,Bottom,1,2,2,Fastball,Four-Seam,FoulBallNotFieldable,Undefined,Undefined,Undefined,0,0,,89.35699,-1.876196,-3.747346,2191.320787,214.81207,1:15,5.68827,2.92765,5.54653,-16.81682,18.96753,12.33638,2.52917,0.44878,81.10792,-5.070908,-1.553974,0.430545,61.74967,46.56292,139.614359,5047.913009,,,,,35.21285,,,-7.37433,10.51442,-2.61138,50,5.51476,7.93341,-129.36641,-4.76299,-12.42267,28.48662,-14.46164,TUF_UNI,HOB_COL,SolGittlemanPark,D3,Team,20260308-SolGittlemanPark-1,3463dd70-1b11-11f1-b223-2ddea47c7638,87.54597,34.04753,,8.24907,,,,2.04233,2.55716,-0.48261,3317ed2e-431f-4f93-8269-cf08b58f2e14,2026-03-08,17:06:51.95,2026-03-08T13:06:51.9550976-04:00,2026-03-08T17:06:51.9550976Z,,v3,,,,"Dashefsky, Quinn",10088596,Right,HOB_COL,ad6a7288-c5b6-423a-a0f5-3ae55442fcdd,54.95174,-130.45224,14.24331,5.6858,-4.21176,-7.23082,-2.9228,8.40693,-6.21133,317.310012,2.04233,-47.4305,-0.245,1.13017,0.05202,-2.52476,7.00995,-8.32903,3.67757,2.55716,65.76273,-27.24011,3.18851,-0.43525,-1.0838,2.98729,-3.41892,1.47041,-0.48261,40.34621,-10.39152,2.31455,-0.08725,-2.301,6.19659,-7.2254,3.15189,,,,,,,,,,,,,,,,,,,,,,,High,High,High,High,Undefined,,,,,,,,,,,,,,,,,,,,,,,,,,,,,,,,,,,,,
130,2026-03-08,13:07:13.58,3,6,"Forgues, Aaron",10310170,Right,HOB_COL,"Whitfield, Malcolm",1000231739,Right,TUF_UNI,Undefined,4,Bottom,1,2,2,Cutter,Changeup,InPlay,Undefined,LineDrive,Single,0,1,,84.52697,-2.169438,-5.213723,2054.392522,217.591092,1:15,5.8283,2.49615,5.99653,-23.19537,16.57402,11.63473,1.87573,-1.37897,76.32818,-6.557044,-3.134043,0.453885,92.83897,8.095396,22.97708,2789.438184,97.39938,4.47205,51.12101,138.41383,136.82419,28.757971,1.165725,-7.66237,9.63335,-2.09111,50,5.64416,10.68221,-122.09611,-5.30992,-11.40578,27.15878,-17.83438,TUF_UNI,HOB_COL,SolGittlemanPark,D3,Team,20260308-SolGittlemanPark-1,4153a1f0-1b11-11f1-b223-2ddea47c7638,83.04402,6.79018,,8.19878,,,,1.71159,1.89102,1.56768,3317ed2e-431f-4f93-8269-cf08b58f2e14,2026-03-08,17:07:13.58,2026-03-08T13:07:13.5817216-04:00,2026-03-08T17:07:13.5817216Z,LineDrive,v3,,,,"Dashefsky, Quinn",10088596,Right,HOB_COL,4c40aa6b-3b1f-4acd-8ce3-7f7de078b7aa,54.50053,-123.09312,13.57939,5.82708,-4.65521,-8.91719,-2.49095,11.10093,-5.70289,,1.71159,124.11204,-22.44232,4.41011,-1.59735,1.62139,-1.47762,0.72581,-0.14514,1.89103,19.17456,-19.656,1.85847,-0.12854,-0.42522,0.49854,-0.25797,0.05273,1.56768,52.62242,4.6681,-2.51487,1.90146,-2.68183,2.57865,-1.29187,0.26145,,,,,,,,,,,,,,,,,,,,,,,High,High,High,High,High,,,,,,,,,,,,,,,,,,,,,,,,,,,,,,,,,,,,,
131,2026-03-08,13:10:40.37,4,1,"Forrest, Charlie",1000144604,Right,HOB_COL,"Henshon, James",836127,Right,TUF_UNI,Undefined,4,Bottom,1,0,0,Fastball,Changeup,StrikeCalled,Undefined,Undefined,Undefined,0,0,,82.07588,-0.791426,-3.402882,2220.369984,227.401129,1:30,5.82058,2.67487,6.09211,-24.61505,16.5708,16.59836,3.03593,0.90675,75.1086,-5.433593,-0.418239,0.461897,,,,,,,,,,,,-9.49567,9.16052,-2.42101,50,5.74643,6.45445,-119.10372,-2.33807,-13.65545,22.63303,-19.00055,TUF_UNI,HOB_COL,SolGittlemanPark,D3,Team,20260308-SolGittlemanPark-1,bc9d85b0-1b11-11f1-b223-2ddea47c7638,81.6035,,,6.96728,,,,,,,3317ed2e-431f-4f93-8269-cf08b58f2e14,2026-03-08,17:10:40.37,2026-03-08T13:10:40.3766272-04:00,2026-03-08T17:10:40.3766272Z,,v3,,,,"Dashefsky, Quinn",10088596,Right,HOB_COL,38f6c75f-bcf3-4d81-903e-33ae87a7257d,54.40654,-119.93816,11.31652,5.81972,-1.63756,-9.50028,-2.66826,6.95791,-6.82772,,,,,,,,,,,,,,,,,,,,,,,,,,,,,,,,,,,,,,,,,,,,,,,,,,,High,High,High,,,,,,,,,,,,,,,,,,,,,,,,,,,,,,,,,,,,,,,
132,2026-03-08,13:11:01.34,4,2,"Forrest, Charlie",1000144604,Right,HOB_COL,"Henshon, James",836127,Right,TUF_UNI,Undefined,4,Bottom,1,0,1,Slider,Curveball,FoulBallNotFieldable,Undefined,Undefined,Undefined,0,0,,72.05675,2.024977,-2.580122,2490.718116,73.028016,8:30,6.05798,2.58638,5.327,-56.31432,-1.03772,-9.14945,3.26795,-0.59873,66.10047,-8.221117,-4.202166,0.535109,95.62952,0.354406,44.721045,2834.978037,,,,59.56487,59.5622,47.302356,0.443522,3.85721,-0.62953,-2.34606,50,6.20049,5.03727,-104.4447,1.93179,4.24189,18.31839,-32.86636,TUF_UNI,HOB_COL,SolGittlemanPark,D3,Team,20260308-SolGittlemanPark-1,c9251280-1b11-11f1-b223-2ddea47c7638,70.43884,3.1143,,5.95628,,,,0.73751,3.10518,0.87332,3317ed2e-431f-4f93-8269-cf08b58f2e14,2026-03-08,17:11:01.34,2026-03-08T13:11:01.3407744-04:00,2026-03-08T17:11:01.3407744Z,GroundBall,v3,,,,"Dashefsky, Quinn",10088596,Right,HOB_COL,e3587deb-cf65-4958-a744-c1d69d647cfa,55.17288,-105.34805,9.15919,6.06527,3.55257,-16.43318,-2.5893,4.82808,2.12095,,0.7543,99.14887,-22.1252,,,,,,,3.11286,0.63548,-17.29448,,,,,,,0.87011,98.7894,-4.60443,,,,,,,,,,,,,,,,,,,,,,,,,,,,,High,High,High,High,High,,,,,,,,,,,,,,,,,,,,,,,,,,,,,,,,,,,,,
133,2026-03-08,13:11:39.59,4,3,"Forrest, Charlie",1000144604,Right,HOB_COL,"Henshon, James",836127,Right,TUF_UNI,Undefined,4,Bottom,1,0,2,Slider,Slider,BallCalled,Undefined,Undefined,Undefined,0,0,,75.26273,3.262597,-2.131824,2339.000201,110.907582,9:45,5.66916,3.04859,5.61194,-45.64089,4.02929,-6.83012,4.91635,0.48873,69.25516,-5.116059,-3.347916,0.507247,,,,,,,,,,,,2.90343,1.65299,-2.86192,50,5.91886,4.31545,-109.14615,4.80664,3.52815,17.8877,-30.16539,TUF_UNI,HOB_COL,SolGittlemanPark,D3,Team,20260308-SolGittlemanPark-1,dfe72ee0-1b11-11f1-b223-2ddea47c7638,74.3079,,,6.00757,,,,,,,3317ed2e-431f-4f93-8269-cf08b58f2e14,2026-03-08,17:11:39.59,2026-03-08T13:11:39.5950000-04:00,2026-03-08T17:11:39.5950000Z,,v3,,,,"Dashefsky, Quinn",10088596,Right,HOB_COL,8fd69e1a-a1bc-44c8-83bf-274a69faad88,54.88695,-109.94414,8.94385,5.67441,6.15236,-15.0827,-3.05093,4.15805,1.76407,,,,,,,,,,,,,,,,,,,,,,,,,,,,,74.84958,2.033665,0.691917,1.341748,-1.53843,4.63818,-0.31412,-0.57293,6.63805,1.06846,127.27619,3.01741,6.56259,-0.42463,107.25606,-9.10778,6.67271,13.95622,-12.46029,1.02901,1.84212,1.72783,High,High,High,,,High,High,High,,,,,,,,,,,,,,,,,,,,,,,,,,,,,,,,,,
134,2026-03-08,13:12:10.40,4,4,"Forrest, Charlie",1000144604,Right,HOB_COL,"Henshon, James",836127,Right,TUF_UNI,Undefined,4,Bottom,1,1,2,Fastball,Changeup,BallCalled,Undefined,Undefined,Undefined,0,0,,82.9447,-0.341444,-2.905625,2246.946033,223.012898,1:30,5.74189,2.89707,6.34801,-24.81367,15.05438,12.88481,3.35937,1.29384,75.95878,-5.035645,-0.57646,0.454448,,,,,,,,,,,,-7.47859,8.31185,-2.69162,50,5.70526,5.63455,-120.46772,-1.39558,-11.00998,23.00476,-19.93732,TUF_UNI,HOB_COL,SolGittlemanPark,D3,Team,20260308-SolGittlemanPark-1,f2343de0-1b11-11f1-b223-2ddea47c7638,82.94121,,,6.98592,,,,,,,3317ed2e-431f-4f93-8269-cf08b58f2e14,2026-03-08,17:12:10.40,2026-03-08T13:12:10.4066048-04:00,2026-03-08T17:12:10.4066048Z,,v3,,,,"Dashefsky, Quinn",10088596,Right,HOB_COL,9e9f7687-fbba-420f-8562-73065091e1d7,54.14986,-121.25759,11.50238,5.74142,-0.71103,-9.96866,-2.89157,6.01258,-5.50499,,,,,,,,,,,,,,,,,,,,,,,,,,,,,,,,,,,,,,,,,,,,,,,,,,,High,High,High,,,,,,,,,,,,,,,,,,,,,,,,,,,,,,,,,,,,,,,
135,2026-03-08,13:12:36.49,4,5,"Forrest, Charlie",1000144604,Right,HOB_COL,"Henshon, James",836127,Right,TUF_UNI,Undefined,4,Bottom,1,2,2,Fastball,Changeup,InPlay,Undefined,FlyBall,Out,1,0,,83.25234,0.593897,-3.495914,2256.618954,216.26206,1:15,5.81472,2.8798,6.37047,-25.84714,13.85516,9.23638,4.20829,0.42883,75.9431,-4.297551,-1.828033,0.453502,82.06085,47.326832,31.876737,,88.95608,105.31972,64.70556,232.96145,109.49012,39.456589,5.48568,-5.83461,7.43473,-2.63136,50,5.84555,7.04616,-120.8282,0.54327,-8.6093,23.95698,-21.20365,TUF_UNI,HOB_COL,SolGittlemanPark,D3,Team,20260308-SolGittlemanPark-1,01c62480-1b12-11f1-b223-2ddea47c7638,83.11415,111.5758,,7.30924,,,,1.48029,4.12362,-0.49369,3317ed2e-431f-4f93-8269-cf08b58f2e14,2026-03-08,17:12:36.49,2026-03-08T13:12:36.4929024-04:00,2026-03-08T17:12:36.4929024Z,FlyBall,v3,,,,"Dashefsky, Quinn",10088596,Right,HOB_COL,c05b8bae-06d1-49a2-92d8-2ec377832cb9,54.12836,-121.64399,11.97849,5.81476,1.2653,-10.60182,-2.87629,7.33933,-4.30465,194.311213,1.48471,69.18209,-19.78048,5.20761,-0.81158,0.02232,0.01744,-0.00294,0.00015,4.1189,88.57057,-20.9674,1.40101,-0.14106,-0.00925,0.01019,-0.00193,0.00011,-0.4915,43.03892,-6.98006,1.34962,-0.09464,-0.03328,0.01066,-0.00121,5E-05,,,,,,,,,,,,,,,,,,,,,,,High,High,High,High,Low,,,,,,,,,,,,,,,,,,,,,,,,,,,,,,,,,,,,,
136,2026-03-08,13:13:22.11,5,1,"Forrest, Charlie",1000144604,Right,HOB_COL,"McKiernan, Owen",1000231741,Right,TUF_UNI,Undefined,4,Bottom,2,0,0,Slider,Curveball,StrikeCalled,Undefined,Undefined,Undefined,0,0,,73.29729,1.994021,-3.012151,2548.538807,27.058459,7:00,6.11237,2.57428,5.30755,-59.35523,-6.00429,-3.91335,3.04119,-0.58187,67.42617,-8.763886,-3.705859,0.525705,,,,,,,,,,,,1.10764,-3.07043,-2.29777,50,6.25033,5.73646,-106.24834,1.7712,1.26399,18.4916,-35.67794,TUF_UNI,HOB_COL,SolGittlemanPark,D3,Team,20260308-SolGittlemanPark-1,1cf90880-1b12-11f1-b223-2ddea47c7638,71.69878,,,5.87112,,,,,,,3317ed2e-431f-4f93-8269-cf08b58f2e14,2026-03-08,17:13:22.11,2026-03-08T13:13:22.1124096-04:00,2026-03-08T17:13:22.1124096Z,,v3,,,,"Dashefsky, Quinn",10088596,Right,HOB_COL,6cffb759-3b0a-4b67-9957-6e001f849e10,55.19309,-107.14834,9.2458,6.12187,3.50767,-17.83897,-2.57547,5.67494,0.63199,,,,,,,,,,,,,,,,,,,,,,,,,,,,,,,,,,,,,,,,,,,,,,,,,,,High,High,High,,,,,,,,,,,,,,,,,,,,,,,,,,,,,,,,,,,,,,,
137,2026-03-08,13:13:41.55,5,2,"Forrest, Charlie",1000144604,Right,HOB_COL,"McKiernan, Owen",1000231741,Right,TUF_UNI,Undefined,4,Bottom,2,0,1,Slider,Curveball,InPlay,Undefined,Popup,Out,1,0,,72.52025,2.125938,-1.774863,2619.056848,65.581408,8:15,6.05362,2.68954,5.56279,-56.31991,-3.30689,-10.28882,3.34825,0.1735,67.75301,-8.105044,-3.609228,0.524038,76.09036,85.453217,6.527243,,,,,,5.58815,,,4.8502,-1.85169,-2.52918,50,6.19922,3.61934,-105.44078,2.19504,5.54322,15.37741,-34.2903,TUF_UNI,HOB_COL,SolGittlemanPark,D3,Team,20260308-SolGittlemanPark-1,2891c880-1b12-11f1-b223-2ddea47c7638,71.92694,108.94097,,4.76724,,,,2.90188,3.55619,-0.26651,3317ed2e-431f-4f93-8269-cf08b58f2e14,2026-03-08,17:13:41.55,2026-03-08T13:13:41.5550464-04:00,2026-03-08T17:13:41.5550464Z,,v3,,,,"Dashefsky, Quinn",10088596,Right,HOB_COL,685f42bc-ab67-4906-8c58-52d714905604,54.94052,-106.15886,7.68871,6.05933,3.79628,-17.14515,-2.69215,3.3605,2.77161,,2.90189,8.78818,-8.3073,2.65357,-0.43716,-0.11797,0.10093,-0.00238,-0.00831,3.55619,111.24781,-28.19193,3.50771,-0.68877,0.14103,-0.04313,0.01468,-0.00262,-0.26651,1.00508,-3.47437,1.15265,-0.19059,-0.05603,0.04697,-0.00142,-0.00374,,,,,,,,,,,,,,,,,,,,,,,High,High,High,Medium,Undefined,,,,,,,,,,,,,,,,,,,,,,,,,,,,,,,,,,,,,
138,2026-03-08,13:15:41.64,1,1,"Christian, Emmet",1000302833,Right,TUF_UNI,"Dashefsky, Quinn",10088596,Right,HOB_COL,Undefined,5,Top,0,0,0,Slider,Curveball,BallCalled,Undefined,Undefined,Undefined,0,0,,74.16531,-0.358008,-1.696385,2474.546985,92.628787,9:00,5.94324,1.92436,5.85371,-48.89085,2.42327,-15.53442,1.53621,-0.94681,67.98462,-9.336194,-4.484539,0.515573,,,,,,,,,,,,7.47394,1.81646,-1.77726,50,5.88556,3.72712,-107.65893,-2.1124,8.67418,20.63203,-30.06589,TUF_UNI,HOB_COL,SolGittlemanPark,D3,Team,20260308-SolGittlemanPark-1,70291d60-1b12-11f1-b223-2ddea47c7638,73.1079,,,6.18069,,,,,,,3317ed2e-431f-4f93-8269-cf08b58f2e14,2026-03-08,17:15:41.64,2026-03-08T13:15:41.6428032-04:00,2026-03-08T17:15:41.6428032Z,,v3,,,,"Whitfield, Malcolm",1000231739,Right,TUF_UNI,ffa3a16a-7c98-480a-898b-2a14e1d12c9d,54.64581,-108.54561,10.31601,5.94858,-0.82029,-15.03294,-1.92943,3.35434,4.33709,,,,,,,,,,,,,,,,,,,,,,,,,,,,,,,,,,,,,,,,,,,,,,,,,,,High,High,High,,,,,,,,,,,,,,,,,,,,,,,,,,,,,,,,,,,,,,,
139,2026-03-08,13:15:56.69,1,2,"Christian, Emmet",1000302833,Right,TUF_UNI,"Dashefsky, Quinn",10088596,Right,HOB_COL,Undefined,5,Top,0,1,0,Cutter,Cutter,StrikeCalled,Undefined,Undefined,Undefined,0,0,,85.31062,-2.452543,-4.773555,2288.318572,195.400739,12:30,6.03469,1.89173,6.67853,-20.87659,16.75556,4.27173,2.04233,-2.12902,77.89783,-6.433894,-3.999844,0.44152,,,,,,,,,,,,-3.66087,9.94599,-1.57368,50,5.86161,10.16557,-123.5409,-5.83029,-5.63169,25.6702,-16.87359,TUF_UNI,HOB_COL,SolGittlemanPark,D3,Team,20260308-SolGittlemanPark-1,791ab230-1b12-11f1-b223-2ddea47c7638,85.36964,,,7.41279,,,,,,,3317ed2e-431f-4f93-8269-cf08b58f2e14,2026-03-08,17:15:56.69,2026-03-08T13:15:56.6964736-04:00,2026-03-08T17:15:56.6964736Z,,v3,,,,"Whitfield, Malcolm",1000231739,Right,TUF_UNI,238bd73f-90d8-44ff-95e3-38811c2455fb,53.82001,-124.33211,12.8351,6.03329,-5.31021,-8.4368,-1.88968,10.33915,-2.81585,,,,,,,,,,,,,,,,,,,,,,,,,,,,,,,,,,,,,,,,,,,,,,,,,,,High,High,High,,,,,,,,,,,,,,,,,,,,,,,,,,,,,,,,,,,,,,,
140,2026-03-08,13:16:11.17,1,3,"Christian, Emmet",1000302833,Right,TUF_UNI,"Dashefsky, Quinn",10088596,Right,HOB_COL,Undefined,5,Top,0,1,1,Cutter,Changeup,FoulBallNotFieldable,Undefined,Undefined,Undefined,0,0,,84.54186,-1.402835,-2.630358,2070.460883,255.189643,2:30,6.09642,2.12052,6.239,-32.1221,6.51457,19.9756,2.12395,1.35716,77.51799,-7.382465,0.980567,0.447375,,,,,,,,,,,,-11.20359,4.12481,-1.93445,50,5.97582,4.89899,-122.80237,-3.99538,-17.06934,24.83719,-25.88968,TUF_UNI,HOB_COL,SolGittlemanPark,D3,Team,20260308-SolGittlemanPark-1,81b94500-1b12-11f1-b223-2ddea47c7638,84.2525,,,7.02388,,,,,,,3317ed2e-431f-4f93-8269-cf08b58f2e14,2026-03-08,17:16:11.17,2026-03-08T13:16:11.1794176-04:00,2026-03-08T17:16:11.1794176Z,,v3,,,,"Whitfield, Malcolm",1000231739,Right,TUF_UNI,d4a7c4a7-bfff-4148-bc72-5462be8ea27a,54.26197,-123.66136,12.4186,6.09852,-3.09999,-12.94484,-2.11409,5.48933,-8.53467,,,,,,,,,,,,,,,,,,,,,,,,,,,,,,,,,,,,,,,,,,,,,,,,,,,High,High,High,,,,,,,,,,,,,,,,,,,,,,,,,,,,,,,,,,,,,,,
141,2026-03-08,13:16:50.99,1,4,"Christian, Emmet",1000302833,Right,TUF_UNI,"Dashefsky, Quinn",10088596,Right,HOB_COL,Undefined,5,Top,0,1,2,Fastball,Four-Seam,BallCalled,Undefined,Undefined,Undefined,0,0,,88.06929,-4.272159,-4.900768,2258.718792,201.417266,12:45,6.31566,1.76129,6.61016,-15.51087,20.1871,7.42284,1.08839,-2.11992,80.01528,-7.272502,-3.558259,0.430024,,,,,,,,,,,,-5.44095,12.34079,-1.4302,50,6.01695,10.63662,-127.22798,-9.89794,-8.83469,28.38538,-12.13574,TUF_UNI,HOB_COL,SolGittlemanPark,D3,Team,20260308-SolGittlemanPark-1,996dd7b0-1b12-11f1-b223-2ddea47c7638,87.65185,,,8.05401,,,,,,,3317ed2e-431f-4f93-8269-cf08b58f2e14,2026-03-08,17:16:50.99,2026-03-08T13:16:50.9953024-04:00,2026-03-08T17:16:50.9953024Z,,v3,,,,"Whitfield, Malcolm",1000231739,Right,TUF_UNI,62c8b61c-bec5-46e5-b121-eb43d2ef36f8,53.88868,-128.09263,14.19269,6.31282,-9.52827,-6.06787,-1.7583,10.90574,-4.41734,,,,,,,,,,,,,,,,,,,,,,,,,,,,,,,,,,,,,,,,,,,,,,,,,,,High,High,High,,,,,,,,,,,,,,,,,,,,,,,,,,,,,,,,,,,,,,,
142,2026-03-08,13:17:10.18,1,5,"Christian, Emmet",1000302833,Right,TUF_UNI,"Dashefsky, Quinn",10088596,Right,HOB_COL,Undefined,5,Top,0,2,2,Slider,Slider,FoulBallNotFieldable,Undefined,Undefined,Undefined,0,0,,78.69587,-0.294544,-2.452352,2733.999559,103.101189,9:30,5.90037,2.18662,6.12014,-40.30683,4.64677,-13.8104,2.26891,-1.23281,72.20391,-7.751065,-4.938332,0.482562,72.35437,2.55712,166.227415,2559.89588,,,,41.99177,41.11973,168.279665,0.447042,6.42264,2.9204,-1.99172,50,5.85694,5.38893,-114.25967,-1.78481,8.4388,22.25232,-28.33691,TUF_UNI,HOB_COL,SolGittlemanPark,D3,Team,20260308-SolGittlemanPark-1,a4fbc240-1b12-11f1-b223-2ddea47c7638,78.10893,2.5919,,6.49196,,,,1.70065,2.35954,0.97116,3317ed2e-431f-4f93-8269-cf08b58f2e14,2026-03-08,17:17:10.18,2026-03-08T13:17:10.1803008-04:00,2026-03-08T17:17:10.1803008Z,GroundBall,v3,,,,"Whitfield, Malcolm",1000231739,Right,TUF_UNI,0bd52f1c-d37e-4829-8b9d-a8f2b6a2cd01,54.3787,-115.10927,11.12616,5.90443,-0.70289,-14.16846,-2.19132,5.06673,4.2194,,1.69567,-102.81987,15.80143,,,,,,,2.37665,4.21754,-21.40642,,,,,,,0.99451,24.53168,-17.27765,,,,,,,,,,,,,,,,,,,,,,,,,,,,,High,High,High,Low,Medium,,,,,,,,,,,,,,,,,,,,,,,,,,,,,,,,,,,,,
143,2026-03-08,13:17:29.42,1,6,"Christian, Emmet",1000302833,Right,TUF_UNI,"Dashefsky, Quinn",10088596,Right,HOB_COL,Undefined,5,Top,0,2,2,Cutter,Changeup,HitByPitch,Undefined,Undefined,Undefined,0,0,,86.01436,0.706468,-1.774178,2077.784941,239.872701,2:00,6.13183,1.98313,6.34917,-27.43277,9.768,14.76879,4.49641,1.58021,78.3629,-4.464379,0.898766,0.438982,57.71169,-5.479089,151.762165,3918.06272,,,,32.91944,32.91944,155.708876,0.429674,-8.24185,5.23481,-1.86114,50,6.17019,3.3122,-124.99694,0.72921,-12.98233,26.22777,-23.92829,TUF_UNI,HOB_COL,SolGittlemanPark,D3,Team,20260308-SolGittlemanPark-1,b05ef350-1b12-11f1-b223-2ddea47c7638,85.8632,4.46061,,7.65146,,,,0.46984,4.46061,-1.67404,3317ed2e-431f-4f93-8269-cf08b58f2e14,2026-03-08,17:17:29.42,2026-03-08T13:17:29.4283776-04:00,2026-03-08T17:17:29.4283776Z,GroundBall,v3,,,,"Whitfield, Malcolm",1000231739,Right,TUF_UNI,d8688996-11f1-47d4-bfe2-03e7e648fb33,54.15003,-125.86471,13.11388,6.13297,1.52091,-11.96415,-1.97783,3.74174,-6.49116,214.097385,0.46507,-74.08208,7.39758,,,,,,,4.45642,-7.9498,-5.61714,,,,,,,-1.66541,39.59526,-9.82375,,,,,,,,,,,,,,,,,,,,,,,,,,,,,High,High,High,Medium,High,,,,,,,,,,,,,,,,,,,,,,,,,,,,,,,,,,,,,
144,2026-03-08,13:18:08.58,2,1,"Christian, Emmet",1000302833,Right,TUF_UNI,"Davenport, Aidan",10141750,Left,HOB_COL,Undefined,5,Top,0,0,0,Slider,Slider,StrikeCalled,Undefined,Undefined,Undefined,0,0,,75.48087,1.667652,-0.691207,2605.077999,114.494984,9:45,5.65662,2.49714,5.99608,-42.79396,7.14792,-11.53961,3.63636,0.89496,67.71189,-6.340151,-2.765669,0.508632,,,,,,,,,,,,5.64024,3.66504,-2.43665,50,5.76503,1.74275,-109.37554,1.95257,6.67018,23.56224,-27.83974,TUF_UNI,HOB_COL,SolGittlemanPark,D3,Team,20260308-SolGittlemanPark-1,c7bd0190-1b12-11f1-b223-2ddea47c7638,74.1055,,,7.76898,,,,,,,3317ed2e-431f-4f93-8269-cf08b58f2e14,2026-03-08,17:18:08.58,2026-03-08T13:18:08.5860864-04:00,2026-03-08T17:18:08.5860864Z,,v3,,,,"Whitfield, Malcolm",1000231739,Right,TUF_UNI,8769add4-4c4c-4acb-8dd6-dc811b4ffdd0,54.49808,-110.34028,11.78112,5.66175,3.09245,-13.91987,-2.50242,1.46964,3.33509,,,,,,,,,,,,,,,,,,,,,,,,,,,,,,,,,,,,,,,,,,,,,,,,,,,High,High,High,,,,,,,,,,,,,,,,,,,,,,,,,,,,,,,,,,,,,,,
145,2026-03-08,13:18:21.00,2,2,"Christian, Emmet",1000302833,Right,TUF_UNI,"Davenport, Aidan",10141750,Left,HOB_COL,Undefined,5,Top,0,0,1,Cutter,Four-Seam,BallCalled,Undefined,Undefined,Undefined,0,0,,85.93097,-1.574639,-1.966697,2316.41653,211.092198,1:00,5.69804,2.52423,6.4574,-21.51985,16.22765,8.92776,2.45703,1.46088,77.20633,-5.709407,-0.347551,0.442197,,,,,,,,,,,,-5.26985,9.40111,-2.38854,50,5.57697,3.9236,-124.58394,-3.98385,-8.11874,29.64336,-17.69065,TUF_UNI,HOB_COL,SolGittlemanPark,D3,Team,20260308-SolGittlemanPark-1,cf31e170-1b12-11f1-b223-2ddea47c7638,85.23908,,,8.72465,,,,,,,3317ed2e-431f-4f93-8269-cf08b58f2e14,2026-03-08,17:18:21.00,2026-03-08T13:18:21.0059264-04:00,2026-03-08T17:18:21.0059264Z,,v3,,,,"Whitfield, Malcolm",1000231739,Right,TUF_UNI,bf20bd01-5063-4e8c-ba4f-43283de52e1b,54.0359,-125.54057,14.82168,5.69632,-3.41295,-8.84532,-2.51938,4.1856,-4.05937,,,,,,,,,,,,,,,,,,,,,,,,,,,,,,,,,,,,,,,,,,,,,,,,,,,High,High,High,,,,,,,,,,,,,,,,,,,,,,,,,,,,,,,,,,,,,,,
146,2026-03-08,13:18:41.66,2,3,"Christian, Emmet",1000302833,Right,TUF_UNI,"Davenport, Aidan",10141750,Left,HOB_COL,Undefined,5,Top,0,1,1,Cutter,Four-Seam,BallCalled,Undefined,Undefined,Undefined,0,0,,84.30165,-1.845754,-0.983,2156.198571,206.559333,1:00,5.80363,2.4059,6.37121,-23.60749,15.74095,7.12469,2.1372,2.09506,75.81558,-6.354871,0.308086,0.451477,,,,,,,,,,,,-4.02252,9.24965,-2.33793,50,5.65942,1.822,-122.24707,-4.56904,-5.9616,28.73346,-18.46551,TUF_UNI,HOB_COL,SolGittlemanPark,D3,Team,20260308-SolGittlemanPark-1,db6e8290-1b12-11f1-b223-2ddea47c7638,83.48702,,,8.48608,,,,,,,3317ed2e-431f-4f93-8269-cf08b58f2e14,2026-03-08,17:18:41.66,2026-03-08T13:18:41.6680960-04:00,2026-03-08T17:18:41.6680960Z,,v3,,,,"Whitfield, Malcolm",1000231739,Right,TUF_UNI,da004a99-268f-427e-ad59-f8c08620d370,54.12302,-123.21235,14.36673,5.80249,-3.9487,-9.23275,-2.40251,2.02228,-2.9808,,,,,,,,,,,,,,,,,,,,,,,,,,,,,,,,,,,,,,,,,,,,,,,,,,,High,High,High,,,,,,,,,,,,,,,,,,,,,,,,,,,,,,,,,,,,,,,
147,2026-03-08,13:18:57.77,2,4,"Christian, Emmet",1000302833,Right,TUF_UNI,"Davenport, Aidan",10141750,Left,HOB_COL,Undefined,5,Top,0,2,1,Cutter,Changeup,BallCalled,Undefined,Undefined,Undefined,0,0,,85.26448,-2.928407,-4.439063,2170.31097,222.460936,1:30,5.75196,2.41271,6.48519,-24.18631,14.03076,11.58855,1.03736,-0.70535,77.35207,-7.51022,-2.343122,0.444939,,,,,,,,,,,,-7.54552,8.67575,-2.10566,50,5.53497,9.16165,-123.39429,-6.9884,-11.48654,27.45302,-18.96697,TUF_UNI,HOB_COL,SolGittlemanPark,D3,Team,20260308-SolGittlemanPark-1,e5038350-1b12-11f1-b223-2ddea47c7638,84.7138,,,7.9124,,,,,,,3317ed2e-431f-4f93-8269-cf08b58f2e14,2026-03-08,17:18:57.77,2026-03-08T13:18:57.7720832-04:00,2026-03-08T17:18:57.7720832Z,,v3,,,,"Whitfield, Malcolm",1000231739,Right,TUF_UNI,9d0c0fe0-aae7-44e6-beea-62287dbfbbc7,54.01399,-124.28413,13.72651,5.75152,-6.37363,-9.48348,-2.40865,9.53396,-5.74327,,,,,,,,,,,,,,,,,,,,,,,,,,,,,,,,,,,,,,,,,,,,,,,,,,,High,High,High,,,,,,,,,,,,,,,,,,,,,,,,,,,,,,,,,,,,,,,
148,2026-03-08,13:19:50.30,2,5,"Christian, Emmet",1000302833,Right,TUF_UNI,"Davenport, Aidan",10141750,Left,HOB_COL,Undefined,5,Top,0,3,1,Cutter,Changeup,InPlay,Undefined,LineDrive,Out,1,0,,84.46252,-0.901491,-2.680665,2131.517378,214.481003,1:15,5.88976,2.37618,6.26548,-28.21698,10.4317,6.32473,2.70623,0.42998,77.3628,-6.1884,-1.538502,0.447444,97.79497,15.4547,4.576273,1314.354761,109.89869,24.91698,4.70575,286.02838,275.44807,-0.902224,2.820452,-4.06858,6.03272,-2.18073,50,5.80908,5.50941,-122.6677,-2.76669,-6.19151,24.55058,-22.99356,TUF_UNI,HOB_COL,SolGittlemanPark,D3,Team,20260308-SolGittlemanPark-1,04640b70-1b13-11f1-b223-2ddea47c7638,84.23948,27.73097,,7.09971,,,,3.028,2.93589,-0.48322,3317ed2e-431f-4f93-8269-cf08b58f2e14,2026-03-08,17:19:50.30,2026-03-08T13:19:50.3039488-04:00,2026-03-08T17:19:50.3039488Z,LineDrive,v3,,,,"Whitfield, Malcolm",1000231739,Right,TUF_UNI,5c5909a2-e39c-486c-89c5-23467bcaa6b3,54.23389,-123.51216,12.27529,5.89064,-1.97579,-11.49678,-2.3739,5.72238,-3.09576,139.875044,3.02799,137.80704,-22.00403,5.01288,-1.09631,0.22843,-0.04041,0.00489,-0.00028,2.93592,38.21666,-15.68632,0.85639,-0.1129,0.01537,-0.00279,0.00061,-6E-05,-0.48321,11.02991,-6.87363,1.41467,-0.30688,0.06351,-0.01152,0.00143,-9E-05,,,,,,,,,,,,,,,,,,,,,,,High,High,High,High,Medium,,,,,,,,,,,,,,,,,,,,,,,,,,,,,,,,,,,,,
149,2026-03-08,13:20:26.29,3,1,"Christian, Emmet",1000302833,Right,TUF_UNI,"Rucker, Jackson",10141797,Right,HOB_COL,Undefined,5,Top,1,0,0,Slider,Curveball,BallCalled,Undefined,Undefined,Undefined,0,0,,75.69547,-1.307925,-3.872041,2661.127252,74.736646,8:30,5.9405,2.17561,6.20221,-51.78341,-2.33378,-15.15662,0.41494,-2.66702,68.9023,-10.819391,-6.602368,0.506119,,,,,,,,,,,,6.55709,-0.30016,-1.87671,50,5.81627,7.92899,-109.60179,-3.99004,7.77035,24.02615,-32.52975,TUF_UNI,HOB_COL,SolGittlemanPark,D3,Team,20260308-SolGittlemanPark-1,19eb36d0-1b13-11f1-b223-2ddea47c7638,74.47341,,,6.79317,,,,,,,3317ed2e-431f-4f93-8269-cf08b58f2e14,2026-03-08,17:20:26.29,2026-03-08T13:20:26.2918144-04:00,2026-03-08T17:20:26.2918144Z,,v3,,,,"Whitfield, Malcolm",1000231739,Right,TUF_UNI,a2c1cd76-c0d0-45b6-aad1-488435fd018b,54.29697,-110.53973,12.01308,5.94724,-2.72014,-16.26488,-2.18032,7.62565,3.88518,,,,,,,,,,,,,,,,,,,,,,,,,,,,,,,,,,,,,,,,,,,,,,,,,,,High,High,High,,,,,,,,,,,,,,,,,,,,,,,,,,,,,,,,,,,,,,,
150,2026-03-08,13:20:41.45,3,2,"Christian, Emmet",1000302833,Right,TUF_UNI,"Rucker, Jackson",10141797,Right,HOB_COL,Undefined,5,Top,1,1,0,Slider,Curveball,StrikeSwinging,Undefined,Undefined,Undefined,0,0,,75.18362,-0.361578,-2.038114,2677.425697,87.633958,9:00,5.81949,2.30247,5.67167,-49.68798,1.20303,-16.17028,1.34151,-0.94603,68.17064,-9.47682,-4.929193,0.513443,,,,,,,,,,,,7.53374,1.25701,-2.11999,50,5.75796,4.46969,-108.9452,-2.22048,8.84662,23.2368,-30.69797,TUF_UNI,HOB_COL,SolGittlemanPark,D3,Team,20260308-SolGittlemanPark-1,22dca490-1b13-11f1-b223-2ddea47c7638,73.41119,,,7.01298,,,,,,,3317ed2e-431f-4f93-8269-cf08b58f2e14,2026-03-08,17:20:41.45,2026-03-08T13:20:41.4587904-04:00,2026-03-08T17:20:41.4587904Z,,v3,,,,"Whitfield, Malcolm",1000231739,Right,TUF_UNI,f98955e7-7727-4758-bc4f-be5376b3a025,54.82602,-109.96972,11.6184,5.82602,-0.867,-15.34898,-2.30846,4.07964,4.42331,,,,,,,,,,,,,,,,,,,,,,,,,,,,,,,,,,,,,,,,,,,,,,,,,,,High,High,High,,,,,,,,,,,,,,,,,,,,,,,,,,,,,,,,,,,,,,,
151,2026-03-08,13:21:00.29,3,3,"Christian, Emmet",1000302833,Right,TUF_UNI,"Rucker, Jackson",10141797,Right,HOB_COL,Undefined,5,Top,1,1,1,Cutter,Slider,BallCalled,Undefined,Undefined,Undefined,0,0,,82.7875,-2.146083,-4.689881,2127.234477,200.110673,12:45,5.88723,2.25204,6.76896,-26.48076,13.54217,4.44977,1.71327,-1.66939,75.30011,-7.170954,-3.881938,0.455329,,,,,,,,,,,,-3.79795,8.24666,-1.94689,50,5.73657,9.67814,-119.86363,-5.17468,-5.46866,25.38984,-20.29974,TUF_UNI,HOB_COL,SolGittlemanPark,D3,Team,20260308-SolGittlemanPark-1,2e108840-1b13-11f1-b223-2ddea47c7638,82.78058,,,7.48739,,,,,,,3317ed2e-431f-4f93-8269-cf08b58f2e14,2026-03-08,17:21:00.29,2026-03-08T13:21:00.2974720-04:00,2026-03-08T17:21:00.2974720Z,,v3,,,,"Whitfield, Malcolm",1000231739,Right,TUF_UNI,d54bcb80-11e5-47a6-8acb-300a597186d3,53.72768,-120.65065,12.69492,5.88721,-4.54543,-10.14987,-2.24951,9.84766,-2.73433,,,,,,,,,,,,,,,,,,,,,,,,,,,,,,,,,,,,,,,,,,,,,,,,,,,High,High,High,,,,,,,,,,,,,,,,,,,,,,,,,,,,,,,,,,,,,,,
152,2026-03-08,13:21:20.54,3,4,"Christian, Emmet",1000302833,Right,TUF_UNI,"Rucker, Jackson",10141797,Right,HOB_COL,Undefined,5,Top,1,2,1,Cutter,Changeup,BallCalled,Undefined,Undefined,Undefined,0,0,,82.67405,-0.923452,-5.64247,2057.907489,231.498412,1:45,5.85865,2.42304,6.70858,-31.11809,9.51134,10.04812,2.41705,-1.91483,74.44986,-6.817025,-3.823961,0.458767,,,,,,,,,,,,-7.15583,5.77922,-2.05112,50,5.7852,11.44385,-119.4906,-2.76668,-10.15168,27.05471,-23.97532,TUF_UNI,HOB_COL,SolGittlemanPark,D3,Team,20260308-SolGittlemanPark-1,3a2444a0-1b13-11f1-b223-2ddea47c7638,82.1604,,,8.2242,,,,,,,3317ed2e-431f-4f93-8269-cf08b58f2e14,2026-03-08,17:21:20.54,2026-03-08T13:21:20.5412864-04:00,2026-03-08T17:21:20.5412864Z,,v3,,,,"Whitfield, Malcolm",1000231739,Right,TUF_UNI,a8b2dac4-d90a-4624-9166-eec348e5919f,53.78695,-120.34498,13.52736,5.86062,-2.00955,-11.98766,-2.41758,11.76444,-5.07584,,,,,,,,,,,,,,,,,,,,,,,,,,,,,,,,,,,,,,,,,,,,,,,,,,,High,High,High,,,,,,,,,,,,,,,,,,,,,,,,,,,,,,,,,,,,,,,
153,2026-03-08,13:21:41.31,3,5,"Christian, Emmet",1000302833,Right,TUF_UNI,"Rucker, Jackson",10141797,Right,HOB_COL,Undefined,5,Top,1,3,1,Slider,Curveball,StrikeSwinging,Undefined,Undefined,Undefined,0,0,,75.33575,0.041629,-2.666698,2721.290079,87.67831,9:00,5.74826,2.4099,5.80119,-49.49129,1.26807,-16.60607,1.66275,-1.45592,67.91393,-9.078677,-5.638217,0.512778,,,,,,,,,,,,7.50638,1.19055,-2.18079,50,5.72265,5.68765,-109.07482,-1.42092,8.78398,24.30728,-30.78088,TUF_UNI,HOB_COL,SolGittlemanPark,D3,Team,20260308-SolGittlemanPark-1,4695d870-1b13-11f1-b223-2ddea47c7638,73.50632,,,7.42182,,,,,,,3317ed2e-431f-4f93-8269-cf08b58f2e14,2026-03-08,17:21:41.31,2026-03-08T13:21:41.3138944-04:00,2026-03-08T17:21:41.3138944Z,,v3,,,,"Whitfield, Malcolm",1000231739,Right,TUF_UNI,91fad5c5-993e-4480-8590-f3a737239f1f,54.69534,-110.1162,12.15364,5.75527,-0.10219,-15.39044,-2.4164,5.31133,4.39199,,,,,,,,,,,,,,,,,,,,,,,,,,,,,,,,,,,,,,,,,,,,,,,,,,,High,High,High,,,,,,,,,,,,,,,,,,,,,,,,,,,,,,,,,,,,,,,
154,2026-03-08,13:21:57.85,3,6,"Christian, Emmet",1000302833,Right,TUF_UNI,"Rucker, Jackson",10141797,Right,HOB_COL,Undefined,5,Top,1,3,2,Slider,Curveball,InPlay,Undefined,GroundBall,Out,2,0,,75.87854,-0.126974,-2.283307,2795.104385,93.627319,9:00,5.75249,2.39638,5.91799,-46.68121,2.78256,-15.41788,1.74446,-1.00852,68.751,-8.748541,-5.050152,0.506192,56.36214,-28.857665,23.03461,,,,,7.04536,6.87837,19.150711,0.05059,7.18548,1.9341,-2.20442,50,5.71588,4.93108,-109.99994,-1.62542,8.60535,23.6164,-29.85779,TUF_UNI,HOB_COL,SolGittlemanPark,D3,Team,20260308-SolGittlemanPark-1,506438b0-1b13-11f1-b223-2ddea47c7638,74.46279,2.02761,,7.12754,,,,3.2694,2.02761,0.87155,3317ed2e-431f-4f93-8269-cf08b58f2e14,2026-03-08,17:21:57.85,2026-03-08T13:21:57.8523648-04:00,2026-03-08T17:21:57.8523648Z,GroundBall,v3,,,,"Whitfield, Malcolm",1000231739,Right,TUF_UNI,65ad727f-55c1-4372-8579-d20e82c57630,54.58038,-110.97896,11.8082,5.75761,-0.38765,-14.92889,-2.40144,4.57434,4.30267,180,3.26692,66.9311,,,,,,,,2.02909,-40.079,,,,,,,,0.8705,28.45829,,,,,,,,,,,,,,,,,,,,,,,,,,,,,,High,High,High,High,High,,,,,,,,,,,,,,,,,,,,,,,,,,,,,,,,,,,,,
155,2026-03-08,13:24:21.84,1,1,"Forrest, Charlie",1000144604,Right,HOB_COL,"Bannish, Tate",1000196430,Right,TUF_UNI,Undefined,5,Bottom,0,0,0,Fastball,Changeup,StrikeCalled,Undefined,Undefined,Undefined,0,0,,81.94847,-1.906055,-4.853707,2181.525087,224.885977,1:30,5.69798,2.74193,6.20038,-26.45159,14.94438,13.53623,1.72724,-0.62122,74.98564,-6.874182,-2.421304,0.463074,,,,,,,,,,,,-8.4104,8.6865,-2.38308,50,5.5408,9.58022,-118.65404,-4.7038,-11.97927,22.89331,-19.80151,TUF_UNI,HOB_COL,SolGittlemanPark,D3,Team,20260308-SolGittlemanPark-1,a62fb8f0-1b13-11f1-b223-2ddea47c7638,81.39616,,,6.96283,,,,,,,3317ed2e-431f-4f93-8269-cf08b58f2e14,2026-03-08,17:24:21.84,2026-03-08T13:24:21.8418176-04:00,2026-03-08T17:24:21.8418176Z,,v3,,,,"Dashefsky, Quinn",10088596,Right,HOB_COL,4c31a7c3-68bf-41cc-811e-fc7248771005,54.29864,-119.48055,11.44665,5.69771,-3.98892,-9.90076,-2.73676,10.0127,-5.98963,,,,,,,,,,,,,,,,,,,,,,,,,,,,,,,,,,,,,,,,,,,,,,,,,,,High,High,High,,,,,,,,,,,,,,,,,,,,,,,,,,,,,,,,,,,,,,,
156,2026-03-08,13:24:38.98,1,2,"Forrest, Charlie",1000144604,Right,HOB_COL,"Bannish, Tate",1000196430,Right,TUF_UNI,Undefined,5,Bottom,0,0,1,Slider,Curveball,FoulBallNotFieldable,Undefined,Undefined,Undefined,0,0,,73.77132,1.16459,-2.780163,2574.409002,21.990057,6:45,6.00968,2.58803,5.29209,-62.05334,-9.18115,-4.39433,1.93349,-0.39063,67.81438,-10.054647,-3.560275,0.523341,,,,,,,,,,,,1.39807,-4.62583,-2.33139,50,6.06961,5.35491,-106.98095,0.1585,1.60826,19.73386,-37.49525,TUF_UNI,HOB_COL,SolGittlemanPark,D3,Team,20260308-SolGittlemanPark-1,b091f4c0-1b13-11f1-b223-2ddea47c7638,72.02267,,,5.95694,,,,,,,3317ed2e-431f-4f93-8269-cf08b58f2e14,2026-03-08,17:24:38.98,2026-03-08T13:24:38.9803520-04:00,2026-03-08T17:24:38.9803520Z,,v3,,,,"Dashefsky, Quinn",10088596,Right,HOB_COL,d2c5f36f-4182-4b72-bbd9-bf9b1e0cacf0,55.21021,-107.93776,9.86693,6.01785,1.97648,-18.74763,-2.58913,5.27693,0.80413,,,,,,,,,,,,,,,,,,,,,,,,,,,,,,,,,,,,,,,,,,,,,,,,,,,High,High,High,,,,,,,,,,,,,,,,,,,,,,,,,,,,,,,,,,,,,,,
157,2026-03-08,13:25:01.80,1,3,"Forrest, Charlie",1000144604,Right,HOB_COL,"Bannish, Tate",1000196430,Right,TUF_UNI,Undefined,5,Bottom,0,0,2,Slider,Curveball,InPlay,Undefined,GroundBall,Out,1,0,,72.80429,0.295735,-3.680111,2518.37533,56.082528,7:45,6.06895,2.41861,5.47486,-57.88172,-2.56571,-7.07646,1.52279,-1.61952,65.50317,-10.278616,-4.93819,0.535299,56.11696,-26.143807,-19.711363,,,,,6.75245,6.75245,0.921613,0.051322,2.22016,-0.86823,-2.08992,50,6.05573,7.02342,-105.21747,-1.24317,2.4091,23.17794,-33.11619,TUF_UNI,HOB_COL,SolGittlemanPark,D3,Team,20260308-SolGittlemanPark-1,be0f2c30-1b13-11f1-b223-2ddea47c7638,70.41375,1.86909,,7.30111,,,,3.16678,1.86909,1.39295,3317ed2e-431f-4f93-8269-cf08b58f2e14,2026-03-08,17:25:01.80,2026-03-08T13:25:01.8092544-04:00,2026-03-08T17:25:01.8092544Z,GroundBall,v3,,,,"Dashefsky, Quinn",10088596,Right,HOB_COL,68ba68f9-7f40-44a7-af7d-4ade45c80957,55.02236,-106.31807,11.58897,6.07743,0.32935,-16.55809,-2.42071,6.90902,1.20455,180,3.16435,69.84941,,,,,,,,1.87036,-36.41915,,,,,,,,1.39382,-25.02534,,,,,,,,,,,,,,,,,,,,,,,,,,,,,,High,High,High,Low,Low,,,,,,,,,,,,,,,,,,,,,,,,,,,,,,,,,,,,,
158,2026-03-08,13:25:38.59,2,1,"Forrest, Charlie",1000144604,Right,HOB_COL,"Lysko, AJ",10102743,Left,TUF_UNI,Undefined,5,Bottom,1,0,0,Slider,Curveball,StrikeCalled,Undefined,Undefined,Undefined,0,0,,73.50578,0.650546,-2.857863,2448.082547,57.048927,8:00,6.03214,2.58132,5.56645,-55.60468,-2.59776,-6.7943,2.00691,-0.65677,67.16805,-9.496814,-4.069303,0.524008,,,,,,,,,,,,2.56142,-1.06791,-2.33004,50,6.05156,5.56097,-106.54458,-0.50676,2.90595,20.53031,-33.38562,TUF_UNI,HOB_COL,SolGittlemanPark,D3,Team,20260308-SolGittlemanPark-1,d3f89bd0-1b13-11f1-b223-2ddea47c7638,71.93107,,,6.33773,,,,,,,3317ed2e-431f-4f93-8269-cf08b58f2e14,2026-03-08,17:25:38.59,2026-03-08T13:25:38.5903616-04:00,2026-03-08T17:25:38.5903616Z,,v3,,,,"Dashefsky, Quinn",10088596,Right,HOB_COL,32c15077-c41b-45b1-8805-6bf73d943692,54.93321,-107.49096,10.26515,6.03944,1.03222,-16.69281,-2.5833,5.42701,1.45298,,,,,,,,,,,,,,,,,,,,,,,,,,,,,,,,,,,,,,,,,,,,,,,,,,,High,High,High,,,,,,,,,,,,,,,,,,,,,,,,,,,,,,,,,,,,,,,
159,2026-03-08,13:25:59.67,2,2,"Forrest, Charlie",1000144604,Right,HOB_COL,"Lysko, AJ",10102743,Left,TUF_UNI,Undefined,5,Bottom,1,0,1,Slider,Curveball,FoulBallNotFieldable,Undefined,Undefined,Undefined,0,0,,74.07852,0.676106,-3.006372,2576.127931,39.50771,7:15,6.07636,2.48801,5.32746,-58.4207,-6.12756,-6.41815,1.84328,-0.87039,68.22882,-9.891958,-4.145863,0.520468,57.26869,-26.548351,80.348326,,,,,5.92728,5.92728,54.971051,0.054788,2.36854,-2.89185,-2.21111,50,6.09489,5.87646,-107.42414,-0.62615,2.75273,19.55302,-35.53492,TUF_UNI,HOB_COL,SolGittlemanPark,D3,Team,20260308-SolGittlemanPark-1,e0a90d60-1b13-11f1-b223-2ddea47c7638,72.42034,2.06605,,5.84969,,,,2.70892,2.06605,0.77704,3317ed2e-431f-4f93-8269-cf08b58f2e14,2026-03-08,17:25:59.67,2026-03-08T13:25:59.6717568-04:00,2026-03-08T17:25:59.6717568Z,GroundBall,v3,,,,"Dashefsky, Quinn",10088596,Right,HOB_COL,07053f10-dd3a-49cf-97ed-52c26673cb89,55.17403,-108.3618,9.77651,6.08405,1.07793,-17.76746,-2.48975,5.74445,1.37636,,2.70842,12.65397,,,,,,,,2.06754,-37.70997,,,,,,,,0.7741,74.40659,,,,,,,,,,,,,,,,,,,,,,,,,,,,,,High,High,High,Estimated,Estimated,,,,,,,,,,,,,,,,,,,,,,,,,,,,,,,,,,,,,
160,2026-03-08,13:26:21.85,2,3,"Forrest, Charlie",1000144604,Right,HOB_COL,"Lysko, AJ",10102743,Left,TUF_UNI,Undefined,5,Bottom,1,0,2,Fastball,Changeup,FoulBallNotFieldable,Undefined,Undefined,Undefined,0,0,,84.38033,-0.657567,-4.70036,2432.925573,220.707259,1:15,5.80741,2.77582,6.35654,-22.53332,16.52036,13.04709,3.32236,-0.47271,76.42522,-4.956424,-2.34977,0.449782,51.29413,59.75212,-148.206917,4066.25192,,,,,18.46792,,,-8.23544,9.20197,-2.44048,50,5.749,9.55579,-122.19191,-2.00585,-12.33885,26.1055,-18.38708,TUF_UNI,HOB_COL,SolGittlemanPark,D3,Team,20260308-SolGittlemanPark-1,edb9ee70-1b13-11f1-b223-2ddea47c7638,83.80149,30.26383,,7.95511,,,,1.01944,3.37555,0.4491,3317ed2e-431f-4f93-8269-cf08b58f2e14,2026-03-08,17:26:21.85,2026-03-08T13:26:21.8514432-04:00,2026-03-08T17:26:21.8514432Z,,v3,,,,"Dashefsky, Quinn",10088596,Right,HOB_COL,003ebb87-18f3-436e-8fea-c69fbcd443fd,54.14106,-123.07344,13.05275,5.80625,-1.38495,-9.19354,-2.7702,9.97245,-6.16943,358.590575,1.01944,-32.21092,-1.15611,0.95949,-0.29352,0.07476,-0.01877,0.00639,-0.0018,3.37555,64.98884,-25.36036,2.82027,-0.52119,0.07349,-0.00758,-0.00266,0.0021,0.4491,-19.96623,-1.17931,1.32919,-0.3929,0.09413,-0.02019,0.00544,-0.00105,,,,,,,,,,,,,,,,,,,,,,,High,High,High,High,Undefined,,,,,,,,,,,,,,,,,,,,,,,,,,,,,,,,,,,,,
161,2026-03-08,13:26:42.83,2,4,"Forrest, Charlie",1000144604,Right,HOB_COL,"Lysko, AJ",10102743,Left,TUF_UNI,Undefined,5,Bottom,1,0,2,Fastball,Four-Seam,BallCalled,Undefined,Undefined,Undefined,0,0,,85.10787,-0.360754,-3.086476,2367.997909,215.716577,1:15,5.87377,2.74422,6.17917,-19.16123,20.14911,13.33583,3.94337,1.00254,75.51787,-4.0953,-0.684648,0.451258,,,,,,,,,,,,-7.94174,10.9502,-2.51706,50,5.83676,6.09258,-123.15096,-1.24267,-11.83665,31.1755,-15.85347,TUF_UNI,HOB_COL,SolGittlemanPark,D3,Team,20260308-SolGittlemanPark-1,fa454bd0-1b13-11f1-b223-2ddea47c7638,83.52749,,,9.59,,,,,,,3317ed2e-431f-4f93-8269-cf08b58f2e14,2026-03-08,17:26:42.83,2026-03-08T13:26:42.8319744-04:00,2026-03-08T17:26:42.8319744Z,,v3,,,,"Dashefsky, Quinn",10088596,Right,HOB_COL,ca16888a-9a1c-4b65-bb85-8b52ebe91635,54.313,-124.23799,15.58775,5.87045,-0.68989,-7.92674,-2.7367,6.5053,-5.91833,,,,,,,,,,,,,,,,,,,,,,,,,,,,,,,,,,,,,,,,,,,,,,,,,,,High,High,High,,,,,,,,,,,,,,,,,,,,,,,,,,,,,,,,,,,,,,,
162,2026-03-08,13:27:01.78,2,5,"Forrest, Charlie",1000144604,Right,HOB_COL,"Lysko, AJ",10102743,Left,TUF_UNI,Undefined,5,Bottom,1,1,2,Slider,Slider,InPlay,Undefined,FlyBall,Out,1,0,,77.69958,0.573168,-2.953946,2500.546635,155.564949,11:15,5.49978,3.18732,5.4813,-41.88924,5.72851,-1.85102,2.54603,0.26678,70.53745,-7.132614,-3.283031,0.496656,92.64662,29.158603,15.181651,3349.999144,107.04756,58.84787,25.31433,338.81023,335.50248,9.250863,5.052566,0.01004,3.16055,-2.9267,50,5.52178,5.87874,-112.54707,-0.21994,0.01271,22.78921,-28.17041,TUF_UNI,HOB_COL,SolGittlemanPark,D3,Team,20260308-SolGittlemanPark-1,058bcd20-1b14-11f1-b223-2ddea47c7638,75.89244,81.53696,,7.16213,,,,1.96258,2.66739,-0.30378,3317ed2e-431f-4f93-8269-cf08b58f2e14,2026-03-08,17:27:01.78,2026-03-08T13:27:01.7886720-04:00,2026-03-08T17:27:01.7886720Z,FlyBall,v3,,,,"Dashefsky, Quinn",10088596,Right,HOB_COL,5fe39682-414a-4fa8-a61f-0dfb294bcd0b,55.01618,-113.55824,11.3946,5.50381,1.02999,-14.0852,-3.18753,5.87818,0.00635,168.993248,1.96361,114.49855,-22.95745,5.32702,-0.98298,0.16182,-0.02505,0.00287,-0.00015,2.66822,66.18702,-14.19684,-0.10355,0.25954,-0.12849,0.03521,-0.0047,0.00024,-0.30348,31.06921,-9.16021,2.11507,-0.42151,0.07919,-0.0136,0.00159,-8E-05,,,,,,,,,,,,,,,,,,,,,,,High,High,High,High,Medium,,,,,,,,,,,,,,,,,,,,,,,,,,,,,,,,,,,,,
163,2026-03-08,13:27:40.90,3,1,"Forrest, Charlie",1000144604,Right,HOB_COL,"Pender, Tom",10180102,Right,TUF_UNI,Undefined,5,Bottom,2,0,0,Fastball,Changeup,BallCalled,Undefined,Undefined,Undefined,0,0,,82.15044,0.319851,-3.781986,2232.741254,220.874487,1:15,5.69444,2.64034,6.45846,-23.29651,17.70769,14.09111,4.04752,0.33546,74.26003,-4.148057,-1.233675,0.460877,,,,,,,,,,,,-8.45477,9.55418,-2.37819,50,5.70648,7.34432,-119.08177,0.08701,-12.01949,24.99281,-18.5916,TUF_UNI,HOB_COL,SolGittlemanPark,D3,Team,20260308-SolGittlemanPark-1,1cdce310-1b14-11f1-b223-2ddea47c7638,81.78408,,,7.89041,,,,,,,3317ed2e-431f-4f93-8269-cf08b58f2e14,2026-03-08,17:27:40.90,2026-03-08T13:27:40.9068032-04:00,2026-03-08T17:27:40.9068032Z,,v3,,,,"Dashefsky, Quinn",10088596,Right,HOB_COL,27a2cf3c-d56e-4108-8e94-01ca1a6d3f79,54.03696,-119.92605,12.4964,5.69293,0.71506,-9.2958,-2.63314,7.75035,-6.00974,,,,,,,,,,,,,,,,,,,,,,,,,,,,,,,,,,,,,,,,,,,,,,,,,,,High,High,High,,,,,,,,,,,,,,,,,,,,,,,,,,,,,,,,,,,,,,,
164,2026-03-08,13:28:00.11,3,2,"Forrest, Charlie",1000144604,Right,HOB_COL,"Pender, Tom",10180102,Right,TUF_UNI,Undefined,5,Bottom,2,1,0,Fastball,Changeup,StrikeCalled,Undefined,Undefined,Undefined,0,0,,82.17606,-1.87636,-3.976644,2306.07111,231.666084,1:45,5.63553,2.69106,6.20634,-25.94958,15.50367,17.73812,1.73641,0.49294,74.49029,-6.783995,-0.781354,0.463394,,,,,,,,,,,,-10.46717,9.04705,-2.401,50,5.48136,7.61625,-119.02698,-4.62533,-14.84638,25.25798,-19.34197,TUF_UNI,HOB_COL,SolGittlemanPark,D3,Team,20260308-SolGittlemanPark-1,284b37b0-1b14-11f1-b223-2ddea47c7638,81.33986,,,7.68577,,,,,,,3317ed2e-431f-4f93-8269-cf08b58f2e14,2026-03-08,17:28:00.11,2026-03-08T13:28:00.1153536-04:00,2026-03-08T17:28:00.1153536Z,,v3,,,,"Dashefsky, Quinn",10088596,Right,HOB_COL,e72319ce-a84d-4165-b579-93c9bc934341,54.292,-119.9343,12.62899,5.63503,-3.93053,-9.67098,-2.68417,8.14956,-7.42319,,,,,,,,,,,,,,,,,,,,,,,,,,,,,,,,,,,,,,,,,,,,,,,,,,,High,High,High,,,,,,,,,,,,,,,,,,,,,,,,,,,,,,,,,,,,,,,
165,2026-03-08,13:28:20.88,3,3,"Forrest, Charlie",1000144604,Right,HOB_COL,"Pender, Tom",10180102,Right,TUF_UNI,Undefined,5,Bottom,2,1,1,Fastball,Changeup,FoulBallNotFieldable,Undefined,Undefined,Undefined,0,0,,83.22494,-1.241883,-5.40602,2252.461226,225.78272,1:30,5.57666,2.73486,6.26447,-24.55608,16.04509,14.95517,2.38004,-1.01793,75.0292,-5.911856,-2.720011,0.458607,68.06502,14.004519,169.240097,2775.584016,,,,107.88074,41.54782,171.991026,1.265622,-9.49867,9.15241,-2.34051,50,5.47235,10.81751,-120.28903,-3.28404,-13.71594,26.48312,-18.95812,TUF_UNI,HOB_COL,SolGittlemanPark,D3,Team,20260308-SolGittlemanPark-1,34b32e90-1b14-11f1-b223-2ddea47c7638,82.189,9.03577,,8.19575,,,,1.36524,2.35232,1.26045,3317ed2e-431f-4f93-8269-cf08b58f2e14,2026-03-08,17:28:20.88,2026-03-08T13:28:20.8897024-04:00,2026-03-08T17:28:20.8897024Z,LineDrive,v3,,,,"Dashefsky, Quinn",10088596,Right,HOB_COL,942f52f7-b81f-418a-9925-a6abe52cdf79,54.2325,-121.21728,13.24156,5.57581,-2.61954,-9.47906,-2.7281,11.29826,-6.85797,,1.34488,-94.92978,7.48383,,,,,,,2.506,22.48631,-19.41776,,,,,,,1.34807,17.11771,-5.03038,,,,,,,,,,,,,,,,,,,,,,,,,,,,,High,High,High,High,Medium,,,,,,,,,,,,,,,,,,,,,,,,,,,,,,,,,,,,,
166,2026-03-08,13:28:45.23,3,4,"Forrest, Charlie",1000144604,Right,HOB_COL,"Pender, Tom",10180102,Right,TUF_UNI,Undefined,5,Bottom,2,1,2,Slider,Slider,StrikeSwinging,Strikeout,Undefined,Undefined,0,0,,77.38802,0.79655,-3.664166,2531.135552,108.314409,9:30,5.5458,3.06751,5.70699,-42.65735,4.67311,-9.55689,2.73474,-1.14747,70.86357,-7.043024,-5.366338,0.495156,,,,,,,,,,,,3.79311,2.59311,-2.75412,50,5.58625,7.53774,-112.13987,0.23007,4.80515,21.25661,-28.88908,TUF_UNI,HOB_COL,SolGittlemanPark,D3,Team,20260308-SolGittlemanPark-1,433be290-1b14-11f1-b223-2ddea47c7638,76.12242,,,6.52445,,,,,,,3317ed2e-431f-4f93-8269-cf08b58f2e14,2026-03-08,17:28:45.23,2026-03-08T13:28:45.2328448-04:00,2026-03-08T17:28:45.2328448Z,,v3,,,,"Dashefsky, Quinn",10088596,Right,HOB_COL,849e5033-bb8b-43e8-8123-dbbaed94a831,54.79123,-113.04442,10.6283,5.55031,1.45941,-14.44454,-3.07053,7.33326,2.40258,,,,,,,,,,,,,,,,,,,,,,,,,,,,,,,,,,,,,,,,,,,,,,,,,,,High,High,High,,,,,,,,,,,,,,,,,,,,,,,,,,,,,,,,,,,,,,,
167,2026-03-08,13:31:46.17,1,1,"McLaughlin, Jack",1000231731,Left,TUF_UNI,"Petry, Christian",1000503095,Right,HOB_COL,Undefined,6,Top,0,0,0,Fastball,Changeup,StrikeCalled,Undefined,Undefined,Undefined,0,0,,82.99501,-2.010172,1.348804,1910.927106,130.322772,10:15,5.41606,-0.91459,5.62158,-27.6384,13.53528,-14.33091,1.23569,-0.8499,75.81905,-7.141403,-1.21266,0.461829,,,,,,,,,,,,7.74115,7.85796,0.80932,50,5.22697,-2.26798,-120.41405,-5.10816,11.30454,24.55844,-20.69892,TUF_UNI,HOB_COL,SolGittlemanPark,D3,Team,20260308-SolGittlemanPark-1,af11ef00-1b14-11f1-b223-2ddea47c7638,81.61554,,,7.17597,,,,,,,3317ed2e-431f-4f93-8269-cf08b58f2e14,2026-03-08,17:31:46.17,2026-03-08T13:31:46.1764096-04:00,2026-03-08T17:31:46.1764096Z,,v3,,,,"Whitfield, Malcolm",1000231739,Right,TUF_UNI,ae06c52c-3a11-4f65-b5f2-3498da8d098e,54.87774,-121.40479,12.27922,5.4162,-4.27312,-10.34946,0.91001,-2.72403,5.65227,,,,,,,,,,,,,,,,,,,,,,,,,,,,,,,,,,,,,,,,,,,,,,,,,,,High,High,High,,,,,,,,,,,,,,,,,,,,,,,,,,,,,,,,,,,,,,,
168,2026-03-08,13:32:06.11,1,2,"McLaughlin, Jack",1000231731,Left,TUF_UNI,"Petry, Christian",1000503095,Right,HOB_COL,Undefined,6,Top,0,0,1,Fastball,Changeup,BallCalled,Undefined,Undefined,Undefined,0,0,,86.38485,-2.409766,1.834627,2051.527131,110.626282,9:45,5.38756,-0.91062,5.66926,-29.89639,8.38642,-18.65056,0.64694,-0.75371,78.37179,-7.940627,-1.503458,0.445321,,,,,,,,,,,,10.22099,5.38866,0.76827,50,5.16509,-3.25284,-125.20927,-6.28076,15.9859,28.76868,-23.74607,TUF_UNI,HOB_COL,SolGittlemanPark,D3,Team,20260308-SolGittlemanPark-1,bae769e0-1b14-11f1-b223-2ddea47c7638,84.641,,,8.01305,,,,,,,3317ed2e-431f-4f93-8269-cf08b58f2e14,2026-03-08,17:32:06.11,2026-03-08T13:32:06.1129728-04:00,2026-03-08T17:32:06.1129728Z,,v3,,,,"Whitfield, Malcolm",1000231739,Right,TUF_UNI,65ac2f2c-c9df-4636-bf94-0758385c51b0,54.83083,-126.31435,14.38434,5.38883,-5.36861,-11.87304,0.90502,-3.8669,7.99295,,,,,,,,,,,,,,,,,,,,,,,,,,,,,,,,,,,,,,,,,,,,,,,,,,,High,High,High,,,,,,,,,,,,,,,,,,,,,,,,,,,,,,,,,,,,,,,
169,2026-03-08,13:32:30.02,1,3,"McLaughlin, Jack",1000231731,Left,TUF_UNI,"Petry, Christian",1000503095,Right,HOB_COL,Undefined,6,Top,0,1,1,Fastball,Sinker,FoulBallNotFieldable,Undefined,Undefined,Undefined,0,0,,86.62866,-1.775056,2.516844,2097.93604,137.510002,10:30,5.47508,-0.94165,5.39456,-21.90678,16.3941,-13.79654,1.98387,0.26883,78.58962,-5.877285,0.065072,0.445426,,,,,,,,,,,,7.78059,9.18449,0.72733,50,5.30163,-4.92912,-125.51964,-4.61404,12.30088,27.54891,-17.65365,TUF_UNI,HOB_COL,SolGittlemanPark,D3,Team,20260308-SolGittlemanPark-1,c92691c0-1b14-11f1-b223-2ddea47c7638,84.62102,,,8.03905,,,,,,,3317ed2e-431f-4f93-8269-cf08b58f2e14,2026-03-08,17:32:30.02,2026-03-08T13:32:30.0281344-04:00,2026-03-08T17:32:30.0281344Z,,v3,,,,"Whitfield, Malcolm",1000231739,Right,TUF_UNI,e10b8587-06f4-42ad-9688-99e6b975c0fa,55.10433,-126.63498,13.77446,5.47397,-3.89931,-8.82682,0.93697,-5.42713,6.15044,,,,,,,,,,,,,,,,,,,,,,,,,,,,,,,,,,,,,,,,,,,,,,,,,,,High,High,High,,,,,,,,,,,,,,,,,,,,,,,,,,,,,,,,,,,,,,,
170,2026-03-08,13:33:05.07,1,4,"McLaughlin, Jack",1000231731,Left,TUF_UNI,"Petry, Christian",1000503095,Right,HOB_COL,Undefined,6,Top,0,1,2,Fastball,Sinker,StrikeCalled,Strikeout,Undefined,Undefined,0,0,,87.35565,-1.467208,2.996848,1915.954091,103.440937,9:30,5.5189,-0.66516,5.34301,-32.88943,5.00162,-15.30213,1.39961,0.87344,79.18101,-7.503281,0.278387,0.443037,,,,,,,,,,,,8.85678,3.24827,0.40689,50,5.36276,-5.98527,-126.53874,-4.43956,14.15678,29.23507,-26.98196,TUF_UNI,HOB_COL,SolGittlemanPark,D3,Team,20260308-SolGittlemanPark-1,de060b70-1b14-11f1-b223-2ddea47c7638,85.0775,,,8.17464,,,,,,,3317ed2e-431f-4f93-8269-cf08b58f2e14,2026-03-08,17:33:05.07,2026-03-08T13:33:05.0713600-04:00,2026-03-08T17:33:05.0713600Z,,v3,,,,"Whitfield, Malcolm",1000231739,Right,TUF_UNI,6f4ae3ed-0ffe-447f-bf6e-e7852227bb9c,55.15835,-127.72495,14.61754,5.52069,-3.34477,-13.49098,0.66139,-6.55968,7.07839,,,,,,,,,,,,,,,,,,,,,,,,,,,,,,,,,,,,,,,,,,,,,,,,,,,High,High,High,,,,,,,,,,,,,,,,,,,,,,,,,,,,,,,,,,,,,,,
171,2026-03-08,13:33:36.72,2,1,"McLaughlin, Jack",1000231731,Left,TUF_UNI,"Farnen, Jack",10106415,Left,HOB_COL,Undefined,6,Top,1,0,0,Fastball,Changeup,BallCalled,Undefined,Undefined,Undefined,0,0,,86.32006,-1.473189,3.525901,1936.165209,102.563523,9:30,5.36788,-0.86387,5.40571,-33.62407,4.94299,-16.27229,1.18263,1.08792,78.60325,-7.638043,0.633703,0.446971,,,,,,,,,,,,9.32331,3.27414,0.56169,50,5.21289,-7.01157,-125.01849,-4.4344,14.63901,27.06475,-27.03315,TUF_UNI,HOB_COL,SolGittlemanPark,D3,Team,20260308-SolGittlemanPark-1,f0f12f30-1b14-11f1-b223-2ddea47c7638,84.32852,,,7.7168,,,,,,,3317ed2e-431f-4f93-8269-cf08b58f2e14,2026-03-08,17:33:36.72,2026-03-08T13:33:36.7218176-04:00,2026-03-08T17:33:36.7218176Z,,v3,,,,"Whitfield, Malcolm",1000231739,Right,TUF_UNI,13bc0f41-a724-48a5-be08-28a5a1db903c,55.09407,-126.11647,13.53238,5.37054,-3.33771,-13.51658,0.85819,-7.60545,7.3195,,,,,,,,,,,,,,,,,,,,,,,,,,,,,,,,,,,,,,,,,,,,,,,,,,,High,High,High,,,,,,,,,,,,,,,,,,,,,,,,,,,,,,,,,,,,,,,
172,2026-03-08,13:33:50.89,2,2,"McLaughlin, Jack",1000231731,Left,TUF_UNI,"Farnen, Jack",10106415,Left,HOB_COL,Undefined,6,Top,1,1,0,Fastball,Changeup,StrikeSwinging,Undefined,Undefined,Undefined,0,0,,85.81106,-1.425797,2.534046,1903.569349,111.666335,9:45,5.28281,-0.95005,5.50932,-30.96443,7.62272,-16.05414,1.36752,0.08338,78.55911,-7.12292,-0.327726,0.447088,,,,,,,,,,,,8.87469,4.60835,0.74022,50,5.13751,-4.8365,-124.4788,-4.18389,13.89872,25.42055,-24.95688,TUF_UNI,HOB_COL,SolGittlemanPark,D3,Team,20260308-SolGittlemanPark-1,f965f2e0-1b14-11f1-b223-2ddea47c7638,84.30656,,,7.25195,,,,,,,3317ed2e-431f-4f93-8269-cf08b58f2e14,2026-03-08,17:33:50.89,2026-03-08T13:33:50.8989952-04:00,2026-03-08T17:33:50.8989952Z,,v3,,,,"Whitfield, Malcolm",1000231739,Right,TUF_UNI,b8edccc9-66a3-430f-97e7-bae1357e5cb1,54.9904,-125.49378,12.71028,5.28467,-3.18742,-12.47844,0.94441,-5.39144,6.94936,,,,,,,,,,,,,,,,,,,,,,,,,,,,,,,,,,,,,,,,,,,,,,,,,,,High,High,High,,,,,,,,,,,,,,,,,,,,,,,,,,,,,,,,,,,,,,,
173,2026-03-08,13:34:09.14,2,3,"McLaughlin, Jack",1000231731,Left,TUF_UNI,"Farnen, Jack",10106415,Left,HOB_COL,Undefined,6,Top,1,1,1,Fastball,Sinker,InPlay,Undefined,GroundBall,Out,1,0,,87.58782,0.106368,1.64026,1993.319483,125.71343,10:15,5.40114,-0.8438,5.62992,-25.63202,11.34729,-14.06828,3.36443,-0.4853,79.56304,-4.677493,-0.872048,0.437674,87.97736,-14.63892,19.871387,,,,,14.59513,11.16258,19.599279,0.103548,7.63918,6.0813,0.71349,50,5.39396,-3.0382,-127.10481,-0.62833,12.41493,27.65229,-22.29089,TUF_UNI,HOB_COL,SolGittlemanPark,D3,Team,20260308-SolGittlemanPark-1,0441f290-1b15-11f1-b223-2ddea47c7638,86.11988,3.38646,,8.02479,,,,1.55676,3.38646,0.48896,3317ed2e-431f-4f93-8269-cf08b58f2e14,2026-03-08,17:34:09.14,2026-03-08T13:34:09.1450880-04:00,2026-03-08T17:34:09.1450880Z,GroundBall,v3,,,,"Whitfield, Malcolm",1000231739,Right,TUF_UNI,e59dfadc-2d4c-4e4e-9d33-d76a9f4543bb,54.86823,-128.15954,13.82615,5.40171,0.2219,-11.14544,0.83841,-3.51174,6.20747,180,1.55111,117.75026,,,,,,,,3.38803,-32.70435,,,,,,,,0.48691,42.5585,,,,,,,,,,,,,,,,,,,,,,,,,,,,,,High,High,High,High,High,,,,,,,,,,,,,,,,,,,,,,,,,,,,,,,,,,,,,
174,2026-03-08,13:34:47.41,3,1,"McLaughlin, Jack",1000231731,Left,TUF_UNI,"O'Neil, Jack",10150853,Right,HOB_COL,Undefined,6,Top,2,0,0,Fastball,Changeup,StrikeCalled,Undefined,Undefined,Undefined,0,0,,86.25682,-1.925159,2.498693,2089.536962,124.208174,10:15,5.37483,-1.06061,5.51938,-25.60572,12.96698,-17.05111,1.43865,-0.14383,78.12492,-6.695411,-0.540414,0.447004,,,,,,,,,,,,9.50166,7.54815,0.85517,50,5.19022,-4.74029,-124.97061,-5.05801,14.83637,28.15693,-20.38795,TUF_UNI,HOB_COL,SolGittlemanPark,D3,Team,20260308-SolGittlemanPark-1,1b0b13d0-1b15-11f1-b223-2ddea47c7638,84.32237,,,8.1319,,,,,,,3317ed2e-431f-4f93-8269-cf08b58f2e14,2026-03-08,17:34:47.41,2026-03-08T13:34:47.4149888-04:00,2026-03-08T17:34:47.4149888Z,,v3,,,,"Whitfield, Malcolm",1000231739,Right,TUF_UNI,6430d784-5687-491f-a7b9-c8ade1500ecb,54.97973,-126.08759,14.07847,5.37483,-4.24922,-10.19397,1.05489,-5.32885,7.41818,,,,,,,,,,,,,,,,,,,,,,,,,,,,,,,,,,,,,,,,,,,,,,,,,,,High,High,High,,,,,,,,,,,,,,,,,,,,,,,,,,,,,,,,,,,,,,,
175,2026-03-08,13:35:02.61,3,2,"McLaughlin, Jack",1000231731,Left,TUF_UNI,"O'Neil, Jack",10150853,Right,HOB_COL,Undefined,6,Top,2,0,1,Fastball,Changeup,StrikeCalled,Undefined,Undefined,Undefined,0,0,,86.65792,-1.237638,3.147845,2082.348183,112.814095,9:45,5.3636,-0.89121,5.40612,-29.88761,8.20536,-16.51276,1.71143,0.68509,79.07884,-6.739852,0.212809,0.444216,,,,,,,,,,,,9.45138,4.79366,0.62338,50,5.23228,-6.23247,-125.642,-3.77353,15.0307,26.67088,-24.55061,TUF_UNI,HOB_COL,SolGittlemanPark,D3,Team,20260308-SolGittlemanPark-1,24162410-1b15-11f1-b223-2ddea47c7638,84.85165,,,7.57908,,,,,,,3317ed2e-431f-4f93-8269-cf08b58f2e14,2026-03-08,17:35:02.61,2026-03-08T13:35:02.6172928-04:00,2026-03-08T17:35:02.6172928Z,,v3,,,,"Whitfield, Malcolm",1000231739,Right,TUF_UNI,f07febd3-4aaf-4e34-a7f9-e5c79423b49a,55.09577,-126.7191,13.33544,5.36465,-2.78206,-12.27531,0.88733,-6.83948,7.51535,,,,,,,,,,,,,,,,,,,,,,,,,,,,,,,,,,,,,,,,,,,,,,,,,,,High,High,High,,,,,,,,,,,,,,,,,,,,,,,,,,,,,,,,,,,,,,,
176,2026-03-08,13:35:22.13,3,3,"McLaughlin, Jack",1000231731,Left,TUF_UNI,"O'Neil, Jack",10150853,Right,HOB_COL,Undefined,6,Top,2,0,2,Fastball,Sinker,InPlay,Undefined,Popup,Out,1,0,,88.22239,-0.537682,2.213387,2143.424813,129.22774,10:15,5.39407,-0.71814,5.28764,-23.60379,13.90178,-15.26824,2.9218,0.08896,78.9607,-4.96488,-0.494968,0.440777,71.5343,56.187132,26.173438,,85.41263,88.98176,69.31582,158.25511,72.59617,40.69984,4.974589,8.39292,7.53886,0.52814,50,5.32846,-4.23837,-127.68295,-2.012,13.55895,31.53446,-19.99485,TUF_UNI,HOB_COL,SolGittlemanPark,D3,Team,20260308-SolGittlemanPark-1,2fbf37c0-1b15-11f1-b223-2ddea47c7638,85.51356,96.76434,,9.26169,,,,1.30247,2.78696,-0.12497,3317ed2e-431f-4f93-8269-cf08b58f2e14,2026-03-08,17:35:22.13,2026-03-08T13:35:22.1314560-04:00,2026-03-08T17:35:22.1314560Z,Popup,v3,,,,"Whitfield, Malcolm",1000231739,Right,TUF_UNI,b4414736-5a4f-4a3b-ac55-e1a1b63ae169,55.20792,-128.96276,15.76723,5.39365,-1.20052,-9.99742,0.71132,-4.78865,6.77948,200.88597,1.30129,52.38584,-17.01065,4.68304,-0.51694,-0.19135,0.09261,-0.01484,0.00085,2.77809,87.35752,-24.67056,3.31449,-1.13689,0.3502,-0.06143,0.00495,-0.00013,-0.12651,25.79321,-0.71745,-0.15095,-0.14441,0.13587,-0.0438,0.00641,-0.00036,,,,,,,,,,,,,,,,,,,,,,,High,High,High,Medium,Low,,,,,,,,,,,,,,,,,,,,,,,,,,,,,,,,,,,,,
177,2026-03-08,13:37:47.51,1,1,"Forrest, Charlie",1000144604,Right,HOB_COL,"Pavlik, Max",10065692,Left,TUF_UNI,Undefined,6,Bottom,0,0,0,Fastball,Changeup,BallCalled,Undefined,Undefined,Undefined,0,0,,81.13929,-0.279555,-2.969023,2119.862191,236.92545,2:00,5.60083,2.96219,5.96649,-28.13706,14.42497,19.96225,2.99653,1.87044,73.83939,-5.565903,0.615171,0.469551,,,,,,,,,,,,-11.06253,7.90733,-2.73755,50,5.56305,5.33113,-117.70977,-1.39506,-15.44095,23.41935,-21.1371,TUF_UNI,HOB_COL,SolGittlemanPark,D3,Team,20260308-SolGittlemanPark-1,8683be00-1b15-11f1-b223-2ddea47c7638,80.2734,,,7.2999,,,,,,,3317ed2e-431f-4f93-8269-cf08b58f2e14,2026-03-08,17:37:47.51,2026-03-08T13:37:47.5103744-04:00,2026-03-08T17:37:47.5103744Z,,v3,,,,"Dashefsky, Quinn",10088596,Right,HOB_COL,341a6b90-6db2-46c1-8c5e-95824900a1fe,54.53114,-118.60785,11.70967,5.60101,-0.58449,-10.56855,-2.95335,5.92326,-7.72048,,,,,,,,,,,,,,,,,,,,,,,,,,,,,,,,,,,,,,,,,,,,,,,,,,,High,High,High,,,,,,,,,,,,,,,,,,,,,,,,,,,,,,,,,,,,,,,
178,2026-03-08,13:38:05.08,1,2,"Forrest, Charlie",1000144604,Right,HOB_COL,"Pavlik, Max",10065692,Left,TUF_UNI,Undefined,6,Bottom,0,1,0,Fastball,Changeup,InPlay,Undefined,FlyBall,Out,1,0,,82.14978,-0.811326,-4.422392,2293.907329,228.96252,1:45,5.43644,2.97364,6.28327,-24.68647,16.02233,16.98182,2.6292,0.30479,75.48212,-5.467907,-1.363428,0.459214,92.74304,47.399323,13.35054,4683.565821,,,,,49.73793,,,-10.03938,8.92552,-2.65526,50,5.36433,8.60622,-119.1741,-2.3668,-14.5215,21.66397,-19.26368,TUF_UNI,HOB_COL,SolGittlemanPark,D3,Team,20260308-SolGittlemanPark-1,90df6a20-1b15-11f1-b223-2ddea47c7638,82.08027,54.53016,,6.66766,,,,2.0986,2.81642,-0.17616,3317ed2e-431f-4f93-8269-cf08b58f2e14,2026-03-08,17:38:05.08,2026-03-08T13:38:05.0826240-04:00,2026-03-08T17:38:05.0826240Z,,v3,,,,"Dashefsky, Quinn",10088596,Right,HOB_COL,b32fcc6a-c40f-4d72-b054-ec8e0050d930,54.21706,-119.93825,10.83198,5.43583,-1.68732,-9.63184,-2.96786,9.11843,-7.26075,,2.0986,89.58363,-22.79763,6.23864,-1.5416,0.39016,-0.10193,0.02588,-0.00467,2.81642,100.12498,-23.60162,2.23524,-0.32213,0.02994,0.00162,-0.00234,0.0007,-0.17616,21.26013,-5.10376,1.06682,-0.21361,0.04649,-0.01118,0.00293,-0.00062,,,,,,,,,,,,,,,,,,,,,,,High,High,High,High,Undefined,,,,,,,,,,,,,,,,,,,,,,,,,,,,,,,,,,,,,
179,2026-03-08,13:38:39.24,2,1,"Forrest, Charlie",1000144604,Right,HOB_COL,"Abraham, Caden",1000298225,Left,TUF_UNI,Undefined,6,Bottom,1,0,0,Fastball,Changeup,StrikeCalled,Undefined,Undefined,Undefined,0,0,,83.16283,-1.229532,-3.343033,2269.288685,241.938601,2:00,5.55654,2.93947,6.11964,-29.3045,10.90241,17.98694,1.97568,1.34424,76.01875,-6.708497,-0.104186,0.456375,,,,,,,,,,,,-10.19816,6.38276,-2.69219,50,5.44701,6.35098,-120.64556,-3.47422,-14.99637,23.97415,-22.78817,TUF_UNI,HOB_COL,SolGittlemanPark,D3,Team,20260308-SolGittlemanPark-1,a53c9470-1b15-11f1-b223-2ddea47c7638,82.59097,,,7.14409,,,,,,,3317ed2e-431f-4f93-8269-cf08b58f2e14,2026-03-08,17:38:39.24,2026-03-08T13:38:39.2473600-04:00,2026-03-08T17:38:39.2473600Z,,v3,,,,"Dashefsky, Quinn",10088596,Right,HOB_COL,c0fc4ae9-0f54-4ea1-8270-a307c3922a7b,54.37864,-121.51255,11.98707,5.55775,-2.65012,-11.39409,-2.93167,6.8933,-7.49819,,,,,,,,,,,,,,,,,,,,,,,,,,,,,,,,,,,,,,,,,,,,,,,,,,,High,High,High,,,,,,,,,,,,,,,,,,,,,,,,,,,,,,,,,,,,,,,
180,2026-03-08,13:38:57.52,2,2,"Forrest, Charlie",1000144604,Right,HOB_COL,"Abraham, Caden",1000298225,Left,TUF_UNI,Undefined,6,Bottom,1,0,1,Fastball,Changeup,StrikeSwinging,Undefined,Undefined,Undefined,0,0,,82.62349,-1.474102,-4.948372,2286.66136,235.329913,1:45,5.45326,3.10835,6.25337,-26.77832,14.22757,18.45422,1.85698,0.07159,74.8261,-6.535147,-1.628246,0.460887,,,,,,,,,,,,-11.08812,8.2613,-2.74881,50,5.3303,9.6542,-119.54582,-3.83399,-15.87627,25.3209,-20.3453,TUF_UNI,HOB_COL,SolGittlemanPark,D3,Team,20260308-SolGittlemanPark-1,b027d660-1b15-11f1-b223-2ddea47c7638,81.78239,,,7.79739,,,,,,,3317ed2e-431f-4f93-8269-cf08b58f2e14,2026-03-08,17:38:57.52,2026-03-08T13:38:57.5288832-04:00,2026-03-08T17:38:57.5288832Z,,v3,,,,"Dashefsky, Quinn",10088596,Right,HOB_COL,18614eeb-b5b0-4755-9cb3-bc27d59d1575,54.24429,-120.44144,12.66045,5.45319,-3.11435,-10.17265,-3.10022,10.21575,-7.93814,,,,,,,,,,,,,,,,,,,,,,,,,,,,,,,,,,,,,,,,,,,,,,,,,,,High,High,High,,,,,,,,,,,,,,,,,,,,,,,,,,,,,,,,,,,,,,,
181,2026-03-08,13:39:16.95,2,3,"Forrest, Charlie",1000144604,Right,HOB_COL,"Abraham, Caden",1000298225,Left,TUF_UNI,Undefined,6,Bottom,1,0,2,Slider,Curveball,StrikeCalled,Strikeout,Undefined,Undefined,0,0,,73.42565,0.129241,-1.088521,2462.155071,78.385371,8:30,6.027,2.53016,5.61484,-53.26798,-0.40524,-10.70312,1.70865,0.62219,67.1781,-9.612232,-3.003197,0.523295,,,,,,,,,,,,5.09473,0.27457,-2.43015,50,6.00382,2.40929,-106.5511,-1.39514,5.78815,20.3167,-31.8621,TUF_UNI,HOB_COL,SolGittlemanPark,D3,Team,20260308-SolGittlemanPark-1,bbdafc30-1b15-11f1-b223-2ddea47c7638,72.02909,,,6.24754,,,,,,,3317ed2e-431f-4f93-8269-cf08b58f2e14,2026-03-08,17:39:16.95,2026-03-08T13:39:16.9570000-04:00,2026-03-08T17:39:16.9570000Z,,v3,,,,"Dashefsky, Quinn",10088596,Right,HOB_COL,60134bd1-242c-45a6-b471-0e2eccdcc2ff,54.88389,-107.4783,10.15835,6.0343,0.05897,-15.93105,-2.53408,2.14514,2.89407,,,,,,,,,,,,,,,,,,,,,,,,,,,,,51.19566,3.016962,1.58249,1.434473,1.082,1.65169,-0.60459,-3.40953,5.37872,-0.49099,74.5043,6.75808,-50.31291,-3.38011,58.45351,-2.90691,5.48185,24.0159,-16.15488,-0.54408,-39.02216,3.03175,High,High,High,,,High,High,High,,,,,,,,,,,,,,,,,,,,,,,,,,,,,,,,,,
182,2026-03-08,13:39:45.95,3,1,"Forrest, Charlie",1000144604,Right,HOB_COL,"McCullough, Jesse",1000231742,Right,TUF_UNI,Undefined,6,Bottom,2,0,0,Fastball,Changeup,FoulBallNotFieldable,Undefined,Undefined,Undefined,0,0,,81.94719,-0.609954,-4.013526,2254.155305,225.855859,1:30,5.55794,2.82901,6.17776,-24.5432,17.00072,16.05233,2.94798,0.45419,74.39064,-5.267751,-1.125911,0.463901,71.17693,69.170838,68.330751,5690.340394,,,,97.93588,42.47451,95.314407,5.065765,-9.53296,9.39859,-2.53342,50,5.49928,7.73622,-118.7726,-1.93386,-13.51967,24.27592,-18.84493,TUF_UNI,HOB_COL,SolGittlemanPark,D3,Team,20260308-SolGittlemanPark-1,cd0ab450-1b15-11f1-b223-2ddea47c7638,81.25108,108.73201,,7.55655,,,,1.15946,2.86382,-0.60082,3317ed2e-431f-4f93-8269-cf08b58f2e14,2026-03-08,17:39:45.95,2026-03-08T13:39:45.9509248-04:00,2026-03-08T17:39:45.9509248Z,Popup,v3,,,,"Dashefsky, Quinn",10088596,Right,HOB_COL,05177262-f1e7-411c-a21a-15fdc8d2f021,54.3205,-119.65241,12.13796,5.55699,-1.25088,-9.42247,-2.82267,8.2262,-6.75984,196.761616,1.13673,14.10612,-13.80988,6.48994,-2.267,0.50894,-0.05271,-3E-05,0.00027,2.84638,97.92031,-29.10103,5.35317,-2.16807,0.74193,-0.15386,0.01635,-0.00068,-0.60249,34.50749,-8.06902,1.95375,-0.10979,-0.14073,0.05645,-0.00881,0.0005,,,,,,,,,,,,,,,,,,,,,,,High,High,High,High,Low,,,,,,,,,,,,,,,,,,,,,,,,,,,,,,,,,,,,,
183,2026-03-08,13:40:11.49,3,2,"Forrest, Charlie",1000144604,Right,HOB_COL,"McCullough, Jesse",1000231742,Right,TUF_UNI,Undefined,6,Bottom,2,0,1,Slider,Curveball,BallCalled,Undefined,Undefined,Undefined,0,0,,74.10862,1.565092,-3.345903,2502.685766,77.454146,8:30,6.04693,2.47429,5.6247,-52.92605,-0.23898,-9.90087,3.09973,-1.47653,66.81152,-8.165989,-5.108458,0.522424,,,,,,,,,,,,3.83252,-0.06445,-2.18249,50,6.14712,6.63418,-107.18612,1.29615,4.35378,22.58836,-32.24725,TUF_UNI,HOB_COL,SolGittlemanPark,D3,Team,20260308-SolGittlemanPark-1,dc404a20-1b15-11f1-b223-2ddea47c7638,72.14908,,,7.2971,,,,,,,3317ed2e-431f-4f93-8269-cf08b58f2e14,2026-03-08,17:40:11.49,2026-03-08T13:40:11.4972672-04:00,2026-03-08T17:40:11.4972672Z,,v3,,,,"Dashefsky, Quinn",10088596,Right,HOB_COL,bf59fdc4-d2ab-474e-bd1b-e7031c2f68ce,54.87129,-108.20782,11.29418,6.05551,2.75474,-16.12363,-2.47811,6.43725,2.17689,,,,,,,,,,,,,,,,,,,,,,,,,,,,,,,,,,,,,,,,,,,,,,,,,,,High,High,High,,,,,,,,,,,,,,,,,,,,,,,,,,,,,,,,,,,,,,,
184,2026-03-08,13:40:31.38,3,3,"Forrest, Charlie",1000144604,Right,HOB_COL,"McCullough, Jesse",1000231742,Right,TUF_UNI,Undefined,6,Bottom,2,1,1,Slider,Curveball,BallCalled,Undefined,Undefined,Undefined,0,0,,73.70787,0.336804,-2.572346,2557.052909,34.19833,7:15,5.95159,2.5036,5.6024,-59.69456,-7.53528,-6.22508,1.29178,-0.41813,68.09579,-10.497277,-3.684986,0.519801,,,,,,,,,,,,2.44803,-3.59138,-2.27902,50,5.94102,5.02401,-107.00698,-1.22204,2.82526,19.26649,-36.31881,TUF_UNI,HOB_COL,SolGittlemanPark,D3,Team,20260308-SolGittlemanPark-1,e81b9160-1b15-11f1-b223-2ddea47c7638,72.5132,,,5.61208,,,,,,,3317ed2e-431f-4f93-8269-cf08b58f2e14,2026-03-08,17:40:31.38,2026-03-08T13:40:31.3874432-04:00,2026-03-08T17:40:31.3874432Z,,v3,,,,"Dashefsky, Quinn",10088596,Right,HOB_COL,76817ed0-981c-4192-97f5-6efdf6faf16b,54.89998,-107.88561,9.63325,5.95899,0.43424,-18.1594,-2.50519,4.89517,1.41263,,,,,,,,,,,,,,,,,,,,,,,,,,,,,,,,,,,,,,,,,,,,,,,,,,,High,High,High,,,,,,,,,,,,,,,,,,,,,,,,,,,,,,,,,,,,,,,
185,2026-03-08,13:40:54.19,3,4,"Forrest, Charlie",1000144604,Right,HOB_COL,"McCullough, Jesse",1000231742,Right,TUF_UNI,Undefined,6,Bottom,2,2,1,Fastball,Changeup,BallCalled,Undefined,Undefined,Undefined,0,0,,82.05877,0.393279,-2.699602,2272.391042,235.912532,1:45,5.46694,2.82829,6.28779,-29.00324,11.90001,15.66954,3.41284,1.64438,74.98146,-5.065014,0.130966,0.46031,,,,,,,,,,,,-8.86162,6.46985,-2.63644,50,5.4819,5.03434,-119.17593,-0.00607,-12.73638,23.0426,-22.87526,TUF_UNI,HOB_COL,SolGittlemanPark,D3,Team,20260308-SolGittlemanPark-1,f5b4b540-1b15-11f1-b223-2ddea47c7638,81.8849,,,7.07731,,,,,,,3317ed2e-431f-4f93-8269-cf08b58f2e14,2026-03-08,17:40:54.19,2026-03-08T13:40:54.1941760-04:00,2026-03-08T17:40:54.1941760Z,,v3,,,,"Dashefsky, Quinn",10088596,Right,HOB_COL,be6d4543-d3f6-4a1a-acb4-4249e83189b6,54.21022,-119.98721,11.5213,5.46794,0.79932,-11.43763,-2.82158,5.48276,-6.36819,,,,,,,,,,,,,,,,,,,,,,,,,,,,,,,,,,,,,,,,,,,,,,,,,,,High,High,High,,,,,,,,,,,,,,,,,,,,,,,,,,,,,,,,,,,,,,,
186,2026-03-08,13:41:14.38,3,5,"Forrest, Charlie",1000144604,Right,HOB_COL,"McCullough, Jesse",1000231742,Right,TUF_UNI,Undefined,6,Bottom,2,3,1,Fastball,Changeup,InPlay,Undefined,GroundBall,Out,1,0,,81.99218,-1.976053,-4.365218,2259.9496,233.192334,1:45,5.56042,2.72691,6.27252,-26.62438,14.26213,17.39343,1.51411,0.14455,75.56385,-6.965218,-1.230447,0.460216,93.62509,-2.031746,-13.448552,,,,,30.91642,30.21879,-13.408959,0.215152,-10.28327,8.31091,-2.41243,50,5.40078,8.4639,-118.91719,-4.85993,-14.81608,21.48578,-20.19977,TUF_UNI,HOB_COL,SolGittlemanPark,D3,Team,20260308-SolGittlemanPark-1,01beada0-1b16-11f1-b223-2ddea47c7638,81.90167,1.76778,,6.42833,,,,2.20501,1.76778,-0.22475,3317ed2e-431f-4f93-8269-cf08b58f2e14,2026-03-08,17:41:14.38,2026-03-08T13:41:14.3822336-04:00,2026-03-08T17:41:14.3822336Z,GroundBall,v3,,,,"Dashefsky, Quinn",10088596,Right,HOB_COL,e3c4bd69-dca7-4411-b773-dc2da0d92876,54.22871,-119.67878,10.74289,5.56036,-4.14392,-10.09989,-2.72175,8.98908,-7.40804,85.805845,2.20632,133.38669,-17.98068,,,,,,,1.76837,-4.90449,-15.41874,,,,,,,-0.2244,-31.93769,-1.59886,,,,,,,,,,,,,,,,,,,,,,,,,,,,,High,High,High,High,High,,,,,,,,,,,,,,,,,,,,,,,,,,,,,,,,,,,,,
187,2026-03-08,13:43:38.73,1,1,"McLaughlin, Jack",1000231731,Left,TUF_UNI,"Bolduc, Drew",10134031,Right,HOB_COL,Undefined,7,Top,0,0,0,Fastball,Changeup,BallCalled,Undefined,Undefined,Undefined,0,0,,85.17412,-0.358911,3.088485,2069.415527,129.638577,10:15,5.21187,-0.88015,5.56258,-27.6171,12.26316,-12.95355,2.57465,0.92852,76.26602,-5.534632,0.781286,0.454517,,,,,,,,,,,,7.73229,6.73898,0.62261,50,5.16308,-6.1206,-123.28565,-1.67548,11.62461,29.81079,-22.04278,TUF_UNI,HOB_COL,SolGittlemanPark,D3,Team,20260308-SolGittlemanPark-1,57bc3a60-1b16-11f1-b223-2ddea47c7638,82.92852,,,8.90811,,,,,,,3317ed2e-431f-4f93-8269-cf08b58f2e14,2026-03-08,17:43:38.73,2026-03-08T13:43:38.7374080-04:00,2026-03-08T17:43:38.7374080Z,,v3,,,,"Whitfield, Malcolm",1000231739,Right,TUF_UNI,72193a4e-1d0d-4e33-adee-2ec1ddae4b47,54.93569,-124.47339,14.90539,5.21234,-0.79724,-11.02139,0.8757,-6.58376,5.8123,,,,,,,,,,,,,,,,,,,,,,,,,,,,,,,,,,,,,,,,,,,,,,,,,,,High,High,High,,,,,,,,,,,,,,,,,,,,,,,,,,,,,,,,,,,,,,,
188,2026-03-08,13:43:53.50,1,2,"McLaughlin, Jack",1000231731,Left,TUF_UNI,"Bolduc, Drew",10134031,Right,HOB_COL,Undefined,7,Top,0,1,0,Fastball,Changeup,StrikeCalled,Undefined,Undefined,Undefined,0,0,,86.0562,-2.17962,2.384448,2014.048419,125.54117,10:15,5.38482,-1.02349,5.44704,-28.64407,10.38536,-12.52646,0.95442,0.16634,77.74986,-7.484341,0.15392,0.449643,,,,,,,,,,,,7.17493,6.33394,0.82206,50,5.17266,-4.66128,-124.59309,-5.7298,11.08716,28.99094,-22.3864,TUF_UNI,HOB_COL,SolGittlemanPark,D3,Team,20260308-SolGittlemanPark-1,60855fa0-1b16-11f1-b223-2ddea47c7638,83.82756,,,8.30635,,,,,,,3317ed2e-431f-4f93-8269-cf08b58f2e14,2026-03-08,17:43:53.50,2026-03-08T13:43:53.5095296-04:00,2026-03-08T17:43:53.5095296Z,,v3,,,,"Whitfield, Malcolm",1000231739,Right,TUF_UNI,ece8c1cb-91b4-48f5-8b7a-fab366f2724b,55.05143,-125.76299,14.49547,5.38566,-4.82642,-11.1932,1.01919,-5.10869,5.54358,,,,,,,,,,,,,,,,,,,,,,,,,,,,,,,,,,,,,,,,,,,,,,,,,,,High,High,High,,,,,,,,,,,,,,,,,,,,,,,,,,,,,,,,,,,,,,,
189,2026-03-08,13:44:08.58,1,3,"McLaughlin, Jack",1000231731,Left,TUF_UNI,"Bolduc, Drew",10134031,Right,HOB_COL,Undefined,7,Top,0,1,1,ChangeUp,Changeup,StrikeCalled,Undefined,Undefined,Undefined,0,0,,75.29675,1.014297,0.399843,1344.60617,159.629395,11:15,5.37565,-0.94165,5.89386,-41.7792,9.52355,-2.6987,2.83588,-0.7953,66.349,-6.8579,-0.084777,0.515515,,,,,,,,,,,,1.52291,5.12548,0.91093,50,5.43434,-0.65699,-108.86695,0.72878,1.7512,26.55203,-26.28027,TUF_UNI,HOB_COL,SolGittlemanPark,D3,Team,20260308-SolGittlemanPark-1,699021c0-1b16-11f1-b223-2ddea47c7638,73.11602,,,8.94775,,,,,,,3317ed2e-431f-4f93-8269-cf08b58f2e14,2026-03-08,17:44:08.58,2026-03-08T13:44:08.5829632-04:00,2026-03-08T17:44:08.5829632Z,,v3,,,,"Whitfield, Malcolm",1000231739,Right,TUF_UNI,6b310733-b803-4981-b084-57ac29955288,54.59528,-109.982,13.27601,5.38057,1.83242,-13.14013,0.94007,-0.73053,0.8756,,,,,,,,,,,,,,,,,,,,,,,,,,,,,,,,,,,,,,,,,,,,,,,,,,,High,High,High,,,,,,,,,,,,,,,,,,,,,,,,,,,,,,,,,,,,,,,
190,2026-03-08,13:44:34.22,1,4,"McLaughlin, Jack",1000231731,Left,TUF_UNI,"Bolduc, Drew",10134031,Right,HOB_COL,Undefined,7,Top,0,1,2,Fastball,Four-Seam,InPlay,Undefined,GroundBall,Out,1,0,,87.74058,-0.926469,2.824879,2169.892568,134.81096,10:30,5.46709,-0.73901,5.30418,-21.96415,16.03347,-14.64497,2.76591,0.69454,78.38063,-5.069972,0.228094,0.443659,48.99221,-68.386628,-120.39077,,,,,1.84187,1.61515,-59.260149,0.042668,8.31685,8.75969,0.49351,50,5.36766,-5.59929,-126.89457,-2.78225,13.2477,31.55471,-18.22096,TUF_UNI,HOB_COL,SolGittlemanPark,D3,Team,20260308-SolGittlemanPark-1,78d6f5a0-1b16-11f1-b223-2ddea47c7638,84.95807,2.87523,,9.35995,,,,1.51775,2.87523,-0.60044,3317ed2e-431f-4f93-8269-cf08b58f2e14,2026-03-08,17:44:34.22,2026-03-08T13:44:34.2224896-04:00,2026-03-08T17:44:34.2224896Z,GroundBall,v3,,,,"Whitfield, Malcolm",1000231739,Right,TUF_UNI,c70648ed-99bb-4da6-8bc2-3d86e835fdea,55.19121,-128.17896,15.77736,5.46581,-2.04059,-9.11048,0.7324,-6.13852,6.62385,,1.51855,-13.50647,,,,,,,,2.87923,-67.38596,,,,,,,,-0.59907,-23.02973,,,,,,,,,,,,,,,,,,,,,,,,,,,,,,High,High,High,Low,Low,,,,,,,,,,,,,,,,,,,,,,,,,,,,,,,,,,,,,
191,2026-03-08,13:47:21.88,2,1,"Desmarais, Derek",10149193,Right,TUF_UNI,"Munuz, Evan",10132146,Right,HOB_COL,Undefined,7,Top,1,0,0,Fastball,Four-Seam,BallCalled,Undefined,Undefined,Undefined,0,0,,89.65961,-2.105032,-4.572895,2452.22308,218.377781,1:15,5.38127,1.39075,5.99793,-15.42572,20.33596,14.94284,2.1381,-1.61039,79.66409,-5.122912,-1.897732,0.430408,,,,,,,,,,,,-9.27705,11.58178,-1.03816,50,5.20674,9.70373,-129.4423,-5.15785,-15.30319,34.00332,-13.06902,TUF_UNI,HOB_COL,SolGittlemanPark,D3,Team,20260308-SolGittlemanPark-1,dccbf2e0-1b16-11f1-b223-2ddea47c7638,87.57374,,,9.99553,,,,,,,3317ed2e-431f-4f93-8269-cf08b58f2e14,2026-03-08,17:47:21.88,2026-03-08T13:47:21.8863616-04:00,2026-03-08T17:47:21.8863616Z,,v3,,,,"Whitfield, Malcolm",1000231739,Right,TUF_UNI,ab345932-533b-40c3-907c-ceb1fb766030,54.49617,-130.61807,17.00166,5.37727,-4.70595,-6.53451,-1.38284,10.23288,-7.65159,,,,,,,,,,,,,,,,,,,,,,,,,,,,,,,,,,,,,,,,,,,,,,,,,,,High,High,High,,,,,,,,,,,,,,,,,,,,,,,,,,,,,,,,,,,,,,,
192,2026-03-08,13:47:35.71,2,2,"Desmarais, Derek",10149193,Right,TUF_UNI,"Munuz, Evan",10132146,Right,HOB_COL,Undefined,7,Top,1,1,0,Fastball,Sinker,BallCalled,Undefined,Undefined,Undefined,0,0,,89.86546,-2.740299,-3.452769,2448.161082,229.263391,1:45,5.31509,1.55384,5.88381,-19.23824,16.34288,17.32532,1.16064,-0.21257,80.27692,-6.41563,-0.348567,0.42932,,,,,,,,,,,,-10.20363,9.75603,-1.28549,50,5.08275,7.11118,-129.93037,-6.8078,-16.98843,33.83123,-15.93089,TUF_UNI,HOB_COL,SolGittlemanPark,D3,Team,20260308-SolGittlemanPark-1,e4f77890-1b16-11f1-b223-2ddea47c7638,87.79564,,,9.58854,,,,,,,3317ed2e-431f-4f93-8269-cf08b58f2e14,2026-03-08,17:47:35.71,2026-03-08T13:47:35.7116416-04:00,2026-03-08T17:47:35.7116416Z,,v3,,,,"Whitfield, Malcolm",1000231739,Right,TUF_UNI,eb728aa4-6d8c-4b86-9838-f2997deec223,54.61408,-131.12628,16.91562,5.31345,-6.24465,-7.96544,-1.54747,7.7117,-8.49422,,,,,,,,,,,,,,,,,,,,,,,,,,,,,,,,,,,,,,,,,,,,,,,,,,,High,High,High,,,,,,,,,,,,,,,,,,,,,,,,,,,,,,,,,,,,,,,
193,2026-03-08,13:47:51.74,2,3,"Desmarais, Derek",10149193,Right,TUF_UNI,"Munuz, Evan",10132146,Right,HOB_COL,Undefined,7,Top,1,2,0,Fastball,Four-Seam,FoulBallNotFieldable,Undefined,Undefined,Undefined,0,0,,90.34511,-1.635111,-3.761264,2418.009004,220.365392,1:15,5.28894,1.58794,5.8891,-17.16135,17.86261,14.04044,2.3369,-0.73948,80.89159,-4.937639,-1.248459,0.425945,75.47136,14.158621,168.767551,2900.083675,,,,121.66543,40.5225,171.512855,1.294452,-8.42997,10.05898,-1.29245,50,5.14721,7.9754,-130.67908,-4.22734,-14.28111,32.75627,-15.13329,TUF_UNI,HOB_COL,SolGittlemanPark,D3,Team,20260308-SolGittlemanPark-1,ee874930-1b16-11f1-b223-2ddea47c7638,88.49124,9.78219,,9.45351,,,,0.48536,2.08704,1.14847,3317ed2e-431f-4f93-8269-cf08b58f2e14,2026-03-08,17:47:51.74,2026-03-08T13:47:51.7443584-04:00,2026-03-08T17:47:51.7443584Z,LineDrive,v3,,,,"Whitfield, Malcolm",1000231739,Right,TUF_UNI,9f2b7303-d01b-4a1c-9d48-b43fb3083733,54.60633,-131.82865,16.37814,5.28625,-3.69624,-7.56665,-1.58114,8.47659,-7.14055,,0.45116,-104.9051,8.97517,,,,,,,2.29518,24.85003,-20.67734,,,,,,,1.25192,19.78926,-5.37179,,,,,,,,,,,,,,,,,,,,,,,,,,,,,High,High,High,High,Medium,,,,,,,,,,,,,,,,,,,,,,,,,,,,,,,,,,,,,
194,2026-03-08,13:48:13.43,2,4,"Desmarais, Derek",10149193,Right,TUF_UNI,"Munuz, Evan",10132146,Right,HOB_COL,Undefined,7,Top,1,2,1,Fastball,Sinker,StrikeCalled,Undefined,Undefined,Undefined,0,0,,89.97691,-1.809666,-3.860979,2399.488634,238.237826,2:00,5.33188,1.39074,5.93276,-20.68879,14.31379,21.0697,1.92449,-0.44096,81.19563,-5.729006,-0.084379,0.425815,,,,,,,,,,,,-12.07572,8.28048,-1.09427,50,5.17552,7.90139,-130.28111,-4.76892,-20.47389,30.82633,-18.13484,TUF_UNI,HOB_COL,SolGittlemanPark,D3,Team,20260308-SolGittlemanPark-1,fb7252c0-1b16-11f1-b223-2ddea47c7638,88.51825,,,8.78128,,,,,,,3317ed2e-431f-4f93-8269-cf08b58f2e14,2026-03-08,17:48:13.43,2026-03-08T13:48:13.4346240-04:00,2026-03-08T17:48:13.4346240Z,,v3,,,,"Whitfield, Malcolm",1000231739,Right,TUF_UNI,9040bc43-dd32-47a4-9b1d-82f48f120241,54.56598,-131.35704,15.41317,5.33092,-4.13596,-9.06742,-1.38253,8.61599,-10.23695,,,,,,,,,,,,,,,,,,,,,,,,,,,,,,,,,,,,,,,,,,,,,,,,,,,High,High,High,,,,,,,,,,,,,,,,,,,,,,,,,,,,,,,,,,,,,,,
195,2026-03-08,13:48:33.22,2,5,"Desmarais, Derek",10149193,Right,TUF_UNI,"Munuz, Evan",10132146,Right,HOB_COL,Undefined,7,Top,1,2,2,Fastball,Four-Seam,StrikeSwinging,Strikeout,Undefined,Undefined,0,0,,91.28554,-2.037625,-4.496064,2502.618312,219.5054,1:15,5.41375,1.32884,5.9297,-11.68229,22.223,17.34198,2.54305,-1.4061,82.56971,-4.336193,-1.394879,0.419088,,,,,,,,,,,,-10.23174,12.34024,-0.97882,50,5.24391,9.63429,-132.09183,-4.98579,-17.93836,30.16493,-10.53904,TUF_UNI,HOB_COL,SolGittlemanPark,D3,Team,20260308-SolGittlemanPark-1,074339c0-1b17-11f1-b223-2ddea47c7638,89.93921,,,8.71582,,,,,,,3317ed2e-431f-4f93-8269-cf08b58f2e14,2026-03-08,17:48:33.22,2026-03-08T13:48:33.2200000-04:00,2026-03-08T17:48:33.2200000Z,,v3,,,,"Whitfield, Malcolm",1000231739,Right,TUF_UNI,0f629019-05df-4a9e-90a2-d0f957414103,54.56842,-133.131,15.08247,5.40942,-4.62272,-5.26952,-1.32136,10.25226,-8.96918,,,,,,,,,,,,,,,,,,,,,,,,,,,,,67.44912,2.807678,1.817395,0.990283,0.17797,2.44834,1.43549,0.75474,3.20222,0.71269,70.0604,4.43918,54.73484,0.80448,78.18794,-8.35347,3.26795,18.77787,-17.79488,0.7023,56.5629,-2.01555,High,High,High,,,High,High,High,,,,,,,,,,,,,,,,,,,,,,,,,,,,,,,,,,
196,2026-03-08,13:49:07.96,3,1,"Desmarais, Derek",10149193,Right,TUF_UNI,"Oestreicher, Samuel",10267356,Right,HOB_COL,Undefined,7,Top,2,0,0,Fastball,Sinker,BallCalled,Undefined,Undefined,Undefined,0,0,,91.40675,-3.329466,-5.057003,2447.275726,227.676341,1:30,5.31075,1.36954,6.02066,-15.08666,18.54233,19.11214,0.95415,-1.73392,83.25532,-6.220908,-1.635911,0.417377,,,,,,,,,,,,-11.37418,10.85989,-0.98344,50,5.0407,10.90268,-132.1483,-8.14587,-20.06409,28.80369,-13.01718,TUF_UNI,HOB_COL,SolGittlemanPark,D3,Team,20260308-SolGittlemanPark-1,1c008570-1b17-11f1-b223-2ddea47c7638,90.30798,,,8.15143,,,,,,,3317ed2e-431f-4f93-8269-cf08b58f2e14,2026-03-08,17:49:07.96,2026-03-08T13:49:07.9660544-04:00,2026-03-08T17:49:07.9660544Z,,v3,,,,"Whitfield, Malcolm",1000231739,Right,TUF_UNI,7f49fb8e-0500-4945-a165-25862436a1e8,54.47988,-133.12118,14.40185,5.30841,-7.7062,-6.50859,-1.36313,11.58037,-10.03204,,,,,,,,,,,,,,,,,,,,,,,,,,,,,,,,,,,,,,,,,,,,,,,,,,,High,High,High,,,,,,,,,,,,,,,,,,,,,,,,,,,,,,,,,,,,,,,
197,2026-03-08,13:49:22.23,3,2,"Desmarais, Derek",10149193,Right,TUF_UNI,"Oestreicher, Samuel",10267356,Right,HOB_COL,Undefined,7,Top,2,1,0,Fastball,Sinker,StrikeCalled,Undefined,Undefined,Undefined,0,0,,88.91002,-2.223286,-2.633141,2440.45478,225.294811,1:30,5.26901,1.61497,5.9458,-17.12174,18.40777,17.37588,1.7768,0.61891,80.81646,-5.491484,0.486196,0.429009,,,,,,,,,,,,-9.7963,10.49642,-1.41545,50,5.08235,5.22183,-128.94713,-5.50476,-16.38138,28.52251,-14.62198,TUF_UNI,HOB_COL,SolGittlemanPark,D3,Team,20260308-SolGittlemanPark-1,2477e130-1b17-11f1-b223-2ddea47c7638,87.85937,,,8.09356,,,,,,,3317ed2e-431f-4f93-8269-cf08b58f2e14,2026-03-08,17:49:22.23,2026-03-08T13:49:22.2351360-04:00,2026-03-08T17:49:22.2351360Z,,v3,,,,"Whitfield, Malcolm",1000231739,Right,TUF_UNI,aea7042f-97be-49ec-b56e-3ae7431289ce,54.554,-129.95055,14.26126,5.26696,-4.99036,-7.31099,-1.60929,5.79812,-8.19069,,,,,,,,,,,,,,,,,,,,,,,,,,,,,,,,,,,,,,,,,,,,,,,,,,,High,High,High,,,,,,,,,,,,,,,,,,,,,,,,,,,,,,,,,,,,,,,
198,2026-03-08,13:49:38.50,3,3,"Desmarais, Derek",10149193,Right,TUF_UNI,"Oestreicher, Samuel",10267356,Right,HOB_COL,Undefined,7,Top,2,1,1,Fastball,Four-Seam,StrikeSwinging,Undefined,Undefined,Undefined,0,0,,90.6947,-1.497734,-2.860714,2479.772302,221.097014,1:15,5.31667,1.46597,5.81996,-13.24591,21.24785,17.45792,2.81829,0.25889,81.80968,-4.080587,0.264026,0.422709,,,,,,,,,,,,-9.79178,11.66009,-1.24223,50,5.18635,5.80038,-131.4292,-3.77866,-16.92199,30.96983,-12.02332,TUF_UNI,HOB_COL,SolGittlemanPark,D3,Team,20260308-SolGittlemanPark-1,2e2ffa50-1b17-11f1-b223-2ddea47c7638,89.16872,,,8.88502,,,,,,,3317ed2e-431f-4f93-8269-cf08b58f2e14,2026-03-08,17:49:38.50,2026-03-08T13:49:38.5011712-04:00,2026-03-08T17:49:38.5011712Z,,v3,,,,"Whitfield, Malcolm",1000231739,Right,TUF_UNI,1c0ab028-131c-43e0-bcde-1153b039d094,54.67733,-132.52678,15.48492,5.31272,-3.35256,-6.01166,-1.45842,6.4001,-8.46099,,,,,,,,,,,,,,,,,,,,,,,,,,,,,,,,,,,,,,,,,,,,,,,,,,,High,High,High,,,,,,,,,,,,,,,,,,,,,,,,,,,,,,,,,,,,,,,
199,2026-03-08,13:49:54.64,3,4,"Desmarais, Derek",10149193,Right,TUF_UNI,"Oestreicher, Samuel",10267356,Right,HOB_COL,Undefined,7,Top,2,1,2,Fastball,Four-Seam,BallCalled,Undefined,Undefined,Undefined,0,0,,91.23815,-2.405962,-4.46696,2522.107253,219.404945,1:15,5.36331,1.38333,5.89989,-11.97953,21.80041,16.9878,2.12335,-1.35628,83.0712,-4.741351,-1.430529,0.418312,,,,,,,,,,,,-9.9376,12.16075,-1.03322,50,5.16233,9.58063,-132.07229,-5.85998,-17.53677,28.36675,-10.71412,TUF_UNI,HOB_COL,SolGittlemanPark,D3,Team,20260308-SolGittlemanPark-1,37c87d80-1b17-11f1-b223-2ddea47c7638,90.10595,,,8.16695,,,,,,,3317ed2e-431f-4f93-8269-cf08b58f2e14,2026-03-08,17:49:54.64,2026-03-08T13:49:54.6446336-04:00,2026-03-08T17:49:54.6446336Z,,v3,,,,"Whitfield, Malcolm",1000231739,Right,TUF_UNI,cb3c4046-7694-4c2a-bd5d-d934ab83fc7b,54.59882,-133.05637,14.18337,5.35918,-5.48829,-5.35706,-1.37613,10.189,-8.76838,,,,,,,,,,,,,,,,,,,,,,,,,,,,,,,,,,,,,,,,,,,,,,,,,,,High,High,High,,,,,,,,,,,,,,,,,,,,,,,,,,,,,,,,,,,,,,,
200,2026-03-08,13:50:11.71,3,5,"Desmarais, Derek",10149193,Right,TUF_UNI,"Oestreicher, Samuel",10267356,Right,HOB_COL,Undefined,7,Top,2,2,2,Fastball,Sinker,StrikeCalled,Strikeout,Undefined,Undefined,0,0,,89.32524,-1.694031,-4.418622,2457.924851,230.744146,1:45,5.26544,1.55422,6.09942,-17.49619,17.4956,19.97682,2.23556,-0.87575,81.26671,-5.037122,-0.832039,0.42575,,,,,,,,,,,,-11.57134,9.85607,-1.22406,50,5.12546,9.17491,-129.40193,-4.33092,-19.56134,27.7597,-15.51238,TUF_UNI,HOB_COL,SolGittlemanPark,D3,Team,20260308-SolGittlemanPark-1,41f6b100-1b17-11f1-b223-2ddea47c7638,88.53192,,,8.05853,,,,,,,3317ed2e-431f-4f93-8269-cf08b58f2e14,2026-03-08,17:50:11.71,2026-03-08T13:50:11.7187072-04:00,2026-03-08T17:50:11.7187072Z,,v3,,,,"Whitfield, Malcolm",1000231739,Right,TUF_UNI,d5b95881-882b-48de-aec8-b854f44b2e9d,54.39972,-130.34235,13.87985,5.26328,-3.8054,-7.75619,-1.5461,9.8376,-9.78067,,,,,,,,,,,,,,,,,,,,,,,,,,,,,,,,,,,,,,,,,,,,,,,,,,,High,High,High,,,,,,,,,,,,,,,,,,,,,,,,,,,,,,,,,,,,,,,