PitchNo,Date,Time,PAofInning,PitchofPA,Pitcher,PitcherId,PitcherThrows,PitcherTeam,Batter,BatterId,BatterSide,BatterTeam,PitcherSet,Inning,Top/Bottom,Outs,Balls,Strikes,TaggedPitchType,AutoPitchType,PitchCall,KorBB,TaggedHitType,PlayResult,OutsOnPlay,RunsScored,Notes,RelSpeed,VertRelAngle,HorzRelAngle,SpinRate,SpinAxis,Tilt,RelHeight,RelSide,Extension,VertBreak,InducedVertBreak,HorzBreak,PlateLocHeight,PlateLocSide,ZoneSpeed,VertApprAngle,HorzApprAngle,ZoneTime,ExitSpeed,Angle,Direction,HitSpinRate,PositionAt110X,PositionAt110Y,PositionAt110Z,Distance,LastTrackedDistance,Bearing,HangTime,pfxx,pfxz,x0,y0,z0,vx0,vy0,vz0,ax0,ay0,az0,HomeTeam,AwayTeam,Stadium,Level,League,GameID,PitchUID,EffectiveVelo,MaxHeight,MeasuredDuration,SpeedDrop,PitchLastMeasuredX,PitchLastMeasuredY,PitchLastMeasuredZ,ContactPositionX,ContactPositionY,ContactPositionZ,GameUID,UTCDate,UTCTime,LocalDateTime,UTCDateTime,AutoHitType,System,HomeTeamForeignID,AwayTeamForeignID,GameForeignID,Catcher,CatcherId,CatcherThrows,CatcherTeam,PlayID,PitchTrajectoryXc0,PitchTrajectoryXc1,PitchTrajectoryXc2,PitchTrajectoryYc0,PitchTrajectoryYc1,PitchTrajectoryYc2,PitchTrajectoryZc0,PitchTrajectoryZc1,PitchTrajectoryZc2,HitSpinAxis,HitTrajectoryXc0,HitTrajectoryXc1,HitTrajectoryXc2,HitTrajectoryXc3,HitTrajectoryXc4,HitTrajectoryXc5,HitTrajectoryXc6,HitTrajectoryXc7,HitTrajectoryXc8,HitTrajectoryYc0,HitTrajectoryYc1,HitTrajectoryYc2,HitTrajectoryYc3,HitTrajectoryYc4,HitTrajectoryYc5,HitTrajectoryYc6,HitTrajectoryYc7,HitTrajectoryYc8,HitTrajectoryZc0,HitTrajectoryZc1,HitTrajectoryZc2,HitTrajectoryZc3,HitTrajectoryZc4,HitTrajectoryZc5,HitTrajectoryZc6,HitTrajectoryZc7,HitTrajectoryZc8,ThrowSpeed,PopTime,ExchangeTime,TimeToBase,CatchPositionX,CatchPositionY,CatchPositionZ,ThrowPositionX,ThrowPositionY,ThrowPositionZ,BasePositionX,BasePositionY,BasePositionZ,ThrowTrajectoryXc0,ThrowTrajectoryXc1,ThrowTrajectoryXc2,ThrowTrajectoryYc0,ThrowTrajectoryYc1,ThrowTrajectoryYc2,ThrowTrajectoryZc0,ThrowTrajectoryZc1,ThrowTrajectoryZc2,PitchReleaseConfidence,PitchLocationConfidence,PitchMovementConfidence,HitLaunchConfidence,HitLandingConfidence,CatcherThrowCatchConfidence,CatcherThrowReleaseConfidence,CatcherThrowLocationConfidence,SpinAxis3dTransverseAngle,SpinAxis3dLongitudinalAngle,SpinAxis3dActiveSpinRate,SpinAxis3dSpinEfficiency,SpinAxis3dTilt,SpinAxis3dVectorX,SpinAxis3dVectorY,SpinAxis3dVectorZ,SpinAxis3dSeamOrientationRotationX,SpinAxis3dSeamOrientationRotationY,SpinAxis3dSeamOrientationRotationZ,SpinAxis3dSeamOrientationBallAngleHorizontalAmb1,SpinAxis3dSeamOrientationBallAngleVerticalAmb1,SpinAxis3dSeamOrientationBallXAmb1,SpinAxis3dSeamOrientationBallYAmb1,SpinAxis3dSeamOrientationBallZAmb1,SpinAxis3dSeamOrientationBallAngleHorizontalAmb2,SpinAxis3dSeamOrientationBallAngleVerticalAmb2,SpinAxis3dSeamOrientationBallXAmb2,SpinAxis3dSeamOrientationBallYAmb2,SpinAxis3dSeamOrientationBallZAmb2,SpinAxis3dSeamOrientationBallAngleHorizontalAmb3,SpinAxis3dSeamOrientationBallAngleVerticalAmb3,SpinAxis3dSeamOrientationBallXAmb3,SpinAxis3dSeamOrientationBallYAmb3,SpinAxis3dSeamOrientationBallZAmb3,SpinAxis3dSeamOrientationBallAngleHorizontalAmb4,SpinAxis3dSeamOrientationBallAngleVerticalAmb4,SpinAxis3dSeamOrientationBallXAmb4,SpinAxis3dSeamOrientationBallYAmb4,SpinAxis3dSeamOrientationBallZAmb4,BatSpeed,VerticalAttackAngle,HorizontalAttackAngle
1,2026-03-18,14:04:46.88,1,1,"Sulpizio, Nick",1000138922,Right,OLD_MON,"Israel, Jayden",1000308312,Right,NOR_SPA,Undefined,1,Top,0,0,0,Fastball,Four-Seam,BallCalled,Undefined,Undefined,Undefined,0,0,,91.66058,-0.258741,-1.623806,2097.744104,211.409479,1:00,5.29522,1.19568,6.55133,-16.45729,16.29902,9.25867,3.6864,0.47768,82.80266,-3.448228,0.057845,0.411926,,,,,,,,,,,,-5.29355,8.92662,-1.08656,50,5.26986,3.38577,-133.09454,-1.01625,-9.38828,31.56886,-16.34237,OLD_MON,NOR_SPA,BudMethenyBBStad,D1,SBELT,20260318-BudMethenyBBStad-1,f344c110-22f4-11f1-b0e4-ebb737895390,91.50297,,,8.85792,,,,,,,73be595d-676a-42c7-8f16-f99e9a025756,2026-03-18,18:04:46.88,2026-03-18T14:04:46.8840000-04:00,2026-03-18T18:04:46.8840000Z,,v3,3090,3904,107c2ea495266297e2d9,"Holman, Evan",1000137670,Right,OLD_MON,297a8d7e-6679-4d9f-8f2e-841206ba71ad,53.9493,-134.02801,15.78443,5.29277,-0.53302,-8.17118,-1.19078,3.66337,-4.69414,,,,,,,,,,,,,,,,,,,,,,,,,,,,,,,,,,,,,,,,,,,,,,,,,,,High,High,High,,,,,,,,,,,,,,,,,,,,,,,,,,,,,,,,,,,,,,,
2,2026-03-18,14:05:02.16,1,2,"Sulpizio, Nick",1000138922,Right,OLD_MON,"Israel, Jayden",1000308312,Right,NOR_SPA,Undefined,1,Top,0,1,0,Fastball,Four-Seam,InPlay,Undefined,GroundBall,Out,1,0,,91.45231,-0.528028,-2.40089,2163.315908,221.698545,1:30,5.19927,1.28041,6.65387,-20.50552,12.23036,9.9004,3.00674,-0.09334,82.85651,-4.451161,-0.599956,0.411797,79.3169,0.525652,-13.909016,2740.64798,,,,47.26671,44.4922,-15.786528,0.428428,-5.95496,6.93524,-1.12224,50,5.15525,5.1808,-132.82407,-1.79815,-10.52975,31.16063,-19.911,OLD_MON,NOR_SPA,BudMethenyBBStad,D1,SBELT,20260318-BudMethenyBBStad-1,fc6925b0-22f4-11f1-b0e4-ebb737895390,91.53157,2.91397,,8.5958,,,,0.31352,2.89916,0.10345,73be595d-676a-42c7-8f16-f99e9a025756,2026-03-18,18:05:02.16,2026-03-18T14:05:02.1610000-04:00,2026-03-18T18:05:02.1610000Z,GroundBall,v3,3090,3904,107c2ea495266297e2d9,"Holman, Evan",1000137670,Right,OLD_MON,afbf8283-fc86-4bb8-9f9d-5201a09f6561,53.84987,-133.7242,15.58032,5.19888,-1.22298,-9.9555,-1.27629,5.48497,-5.26488,74.715368,0.32212,112.64729,-16.93107,,,,,,,2.90636,0.84247,-17.8379,,,,,,,0.11037,-28.17982,-4.91931,,,,,,,,,,,,,,,,,,,,,,,,,,,,,High,High,High,High,High,,,,,,,,,,,,,,,,,,,,,,,,,,,,,,,,,,,,,
3,2026-03-18,14:05:35.83,2,1,"Sulpizio, Nick",1000138922,Right,OLD_MON,"Ealey, Thomas",10137346,Left,NOR_SPA,Undefined,1,Top,1,0,0,Slider,Slider,StrikeCalled,Undefined,Undefined,Undefined,0,0,,79.77701,1.536165,0.858297,1894.320852,96.448385,9:15,5.22446,1.39368,6.00845,-40.87553,3.54992,-17.17611,3.242,0.75765,71.89454,-6.082732,-2.232295,0.479719,,,,,,,,,,,,9.02008,1.83835,-1.45227,50,5.32346,-1.06674,-115.7042,1.83138,12.00851,25.19941,-29.72666,OLD_MON,NOR_SPA,BudMethenyBBStad,D1,SBELT,20260318-BudMethenyBBStad-1,107d3910-22f5-11f1-b0e4-ebb737895390,78.57186,,,7.88247,,,,,,,73be595d-676a-42c7-8f16-f99e9a025756,2026-03-18,18:05:35.83,2026-03-18T14:05:35.8310000-04:00,2026-03-18T18:05:35.8310000Z,,v3,3090,3904,107c2ea495266297e2d9,"Holman, Evan",1000137670,Right,OLD_MON,69205382-3ad8-44ae-8e53-2b6a9fef8beb,54.49369,-116.67879,12.59971,5.2304,2.98106,-14.86333,-1.40204,-1.53116,6.00426,,,,,,,,,,,,,,,,,,,,,,,,,,,,,,,,,,,,,,,,,,,,,,,,,,,High,High,High,,,,,,,,,,,,,,,,,,,,,,,,,,,,,,,,,,,,,,,
4,2026-03-18,14:05:49.19,2,2,"Sulpizio, Nick",1000138922,Right,OLD_MON,"Ealey, Thomas",10137346,Left,NOR_SPA,Undefined,1,Top,1,0,1,Fastball,Four-Seam,InPlay,Undefined,LineDrive,Single,0,0,,91.20993,-1.088072,-2.116777,2075.929383,212.138037,1:00,5.32968,1.10511,6.57509,-15.98052,17.23351,10.06941,2.99977,0.00299,82.10476,-4.199598,-0.287592,0.414794,82.5617,11.796381,-25.457682,4016.885962,93.99599,11.79113,-57.13729,166.05468,166.05468,-34.401668,1.799748,-5.95874,9.74103,-0.96335,50,5.24783,4.48695,-132.36967,-2.90783,-10.39873,32.58341,-15.17471,OLD_MON,NOR_SPA,BudMethenyBBStad,D1,SBELT,20260318-BudMethenyBBStad-1,186cee40-22f5-11f1-b0e4-ebb737895390,90.87029,12.80804,,9.10517,,,,-0.17306,2.83104,0.22381,73be595d-676a-42c7-8f16-f99e9a025756,2026-03-18,18:05:49.19,2026-03-18T14:05:49.1960000-04:00,2026-03-18T18:05:49.1960000Z,LineDrive,v3,3090,3904,107c2ea495266297e2d9,"Holman, Evan",1000137670,Right,OLD_MON,1866008d-7974-4235-9d32-56c85f1bda9a,53.92709,-133.33283,16.29171,5.32715,-2.45927,-7.58736,-1.10052,4.79434,-5.19937,,-0.17306,107.02371,-23.49545,4.93014,-1.01727,0.18125,-0.0307,0.00426,-0.00031,2.83104,24.755,-15.99606,0.80525,-0.01511,-0.01472,0.00682,-0.00113,8E-05,0.22381,-50.95072,-3.18157,2.3336,-0.81694,0.22367,-0.05079,0.00828,-0.00069,,,,,,,,,,,,,,,,,,,,,,,High,High,High,High,High,,,,,,,,,,,,,,,,,,,,,,,,,,,,,,,,,,,,,
5,2026-03-18,14:06:25.32,3,1,"Sulpizio, Nick",1000138922,Right,OLD_MON,"Journette, Justin",10074731,Right,NOR_SPA,Undefined,1,Top,1,0,0,Sinker,Changeup,StrikeSwinging,Undefined,Undefined,Undefined,0,0,,89.82079,-0.377259,-2.637674,1769.547049,253.880934,2:30,5.43237,0.98156,6.07189,-28.77694,5.93614,16.42934,2.68479,-0.09207,81.46884,-5.751005,0.319781,0.424051,,,,,,,,,,,,-9.24497,3.53248,-0.7855,50,5.3879,5.31021,-130.32705,-1.82909,-15.74772,29.84898,-26.15687,OLD_MON,NOR_SPA,BudMethenyBBStad,D1,SBELT,20260318-BudMethenyBBStad-1,2df79c10-22f5-11f1-b0e4-ebb737895390,88.88661,,,8.35195,,,,,,,73be595d-676a-42c7-8f16-f99e9a025756,2026-03-18,18:06:25.32,2026-03-18T14:06:25.3290000-04:00,2026-03-18T18:06:25.3290000Z,,v3,3090,3904,107c2ea495266297e2d9,"Holman, Evan",1000137670,Right,OLD_MON,ebe7dd5c-723a-47c9-bb68-147005a9582e,54.4322,-131.33824,14.92449,5.43486,-0.94297,-13.07844,-0.97443,5.8437,-7.87386,,,,,,,,,,,,,,,,,,,,,,,,,,,,,,,,,,,,,,,,,,,,,,,,,,,High,High,High,,,,,,,,,,,,,,,,,,,,,,,,,,,,,,,,,,,,,,,
6,2026-03-18,14:07:22.63,3,2,"Sulpizio, Nick",1000138922,Right,OLD_MON,"Journette, Justin",10074731,Right,NOR_SPA,Undefined,1,Top,1,0,1,Sinker,Changeup,FoulBallNotFieldable,Undefined,Undefined,Undefined,0,0,,89.42733,0.956684,-1.723048,1797.939962,264.127381,2:45,5.26748,1.13552,6.05898,-32.16451,2.47843,13.78816,3.47316,0.68908,81.88492,-5.011021,0.759142,0.423622,73.27882,11.611655,153.317748,3290.058002,,,,,35.19232,,,-7.57733,1.33575,-1.00887,50,5.32463,3.33907,-129.96205,1.06171,-12.97412,26.94893,-29.88696,OLD_MON,NOR_SPA,BudMethenyBBStad,D1,SBELT,20260318-BudMethenyBBStad-1,501dd3e0-22f5-11f1-b0e4-ebb737895390,88.97657,8.56466,,7.54241,,,,0.01637,3.18473,-0.64633,73be595d-676a-42c7-8f16-f99e9a025756,2026-03-18,18:07:22.63,2026-03-18T14:07:22.6390000-04:00,2026-03-18T18:07:22.6390000Z,,v3,3090,3904,107c2ea495266297e2d9,"Holman, Evan",1000137670,Right,OLD_MON,0dc30a70-d2f8-4163-b52d-8095486387b1,54.44693,-130.88092,13.47447,5.27105,2.08075,-14.94348,-1.13026,3.78144,-6.48706,,0.01395,-93.97509,9.86681,,,,,,,3.18865,21.48537,-17.97532,,,,,,,-0.63767,46.94741,-15.07223,,,,,,,,,,,,,,,,,,,,,,,,,,,,,High,High,High,High,Undefined,,,,,,,,,,,,,,,,,,,,,,,,,,,,,,,,,,,,,
7,2026-03-18,14:07:44.02,3,3,"Sulpizio, Nick",1000138922,Right,OLD_MON,"Journette, Justin",10074731,Right,NOR_SPA,Undefined,1,Top,1,0,2,Fastball,Four-Seam,StrikeSwinging,Strikeout,Undefined,Undefined,0,0,,91.18139,-1.57287,-2.645076,2130.302252,216.499824,1:15,5.20757,0.85018,6.57494,-21.99399,10.75497,7.20032,1.93105,-0.97616,83.53706,-5.730626,-1.337267,0.41188,,,,,,,,,,,,-4.51792,6.40288,-0.67106,50,5.08994,5.83813,-132.45976,-4.28799,-8.02916,28.2169,-20.79498,OLD_MON,NOR_SPA,BudMethenyBBStad,D1,SBELT,20260318-BudMethenyBBStad-1,5cdfd1a0-22f5-11f1-b0e4-ebb737895390,91.51326,,,7.64434,,,,,,,73be595d-676a-42c7-8f16-f99e9a025756,2026-03-18,18:07:44.02,2026-03-18T14:07:44.0220000-04:00,2026-03-18T18:07:44.0220000Z,,v3,3090,3904,107c2ea495266297e2d9,"Holman, Evan",1000137670,Right,OLD_MON,f6022de3-4e93-432c-9aae-9f6cebf7d0de,53.92979,-133.29427,14.10845,5.20766,-3.67299,-10.39749,-0.84723,6.07559,-4.01458,,,,,,,,,,,,,,,,,,,,,,,,,,,,,,,,,,,,,,,,,,,,,,,,,,,High,High,High,,,,,,,,,,,,,,,,,,,,,,,,,,,,,,,,,,,,,,,
8,2026-03-18,14:08:13.36,4,1,"Sulpizio, Nick",1000138922,Right,OLD_MON,"Mazell, Cameron",10030987,Left,NOR_SPA,Undefined,1,Top,2,0,0,ChangeUp,Curveball,BallCalled,Undefined,Undefined,Undefined,0,0,,78.35022,0.137775,-0.069587,1927.15296,61.490368,8:00,5.31305,1.36688,6.20206,-50.1692,-4.88244,-11.74603,1.25948,0.3238,71.71067,-9.122597,-2.195374,0.484348,,,,,,,,,,,,6.10122,-2.18496,-1.35574,50,5.29822,0.55065,-113.88669,-1.24116,7.92705,23.01279,-35.01285,OLD_MON,NOR_SPA,BudMethenyBBStad,D1,SBELT,20260318-BudMethenyBBStad-1,6e67e2f0-22f5-11f1-b0e4-ebb737895390,77.82106,,,6.63955,,,,,,,73be595d-676a-42c7-8f16-f99e9a025756,2026-03-18,18:08:13.36,2026-03-18T14:08:13.3690000-04:00,2026-03-18T18:08:13.3690000Z,,v3,3090,3904,107c2ea495266297e2d9,"Holman, Evan",1000137670,Right,OLD_MON,4f6134de-aae8-44d3-824f-96ad07c050dc,54.30476,-114.75324,11.50639,5.32013,0.07726,-17.50643,-1.37086,0.25215,3.96352,,,,,,,,,,,,,,,,,,,,,,,,,,,,,77.19101,2.14578,0.81536,1.33042,2.70891,1.46432,-0.37275,-1.75728,5.81728,0.31226,127.27353,-1.41183,6.30882,-1.5858,111.0088,-10.7861,5.81492,8.51448,-10.48648,0.21606,-0.89449,4.19495,High,High,High,,,High,Medium,Medium,,,,,,,,,,,,,,,,,,,,,,,,,,,,,,,,,,
9,2026-03-18,14:08:51.36,4,2,"Sulpizio, Nick",1000138922,Right,OLD_MON,"Mazell, Cameron",10030987,Left,NOR_SPA,Undefined,1,Top,2,1,0,Sinker,Sinker,InPlay,Undefined,LineDrive,Out,1,0,,90.67812,-0.589756,-3.241371,2038.574747,257.013603,2:30,5.23524,1.14946,6.34683,-28.48561,5.13433,17.41525,2.31759,-0.3866,82.51969,-5.923631,-0.091945,0.417321,67.81053,9.075329,2.44174,1458.260599,,,,118.21579,118.21579,-0.444224,1.390864,-10.06623,3.16898,-0.92155,50,5.17889,6.75579,-131.6259,-2.28091,-17.54135,29.69006,-26.65181,OLD_MON,NOR_SPA,BudMethenyBBStad,D1,SBELT,20260318-BudMethenyBBStad-1,850a9070-22f5-11f1-b0e4-ebb737895390,90.32008,7.10466,,8.15843,,,,0.4499,2.22415,0.39521,73be595d-676a-42c7-8f16-f99e9a025756,2026-03-18,18:08:51.36,2026-03-18T14:08:51.3640000-04:00,2026-03-18T18:08:51.3640000Z,GroundBall,v3,3090,3904,107c2ea495266297e2d9,"Holman, Evan",1000137670,Right,OLD_MON,fd429ca3-3f16-401f-8d12-3f1b1abf1a5a,54.15904,-132.56071,14.84503,5.2375,-1.44176,-13.32591,-1.14295,7.30809,-8.77068,141.666019,0.4499,98.12113,-12.33034,2.40136,-0.43477,0.07351,-0.01276,0.00201,-0.00018,2.22415,15.68731,-12.73772,0.19976,0.02387,-0.01009,0.00409,-0.00062,4E-05,0.39521,4.18412,-4.66107,0.90494,-0.18563,0.03539,-0.00667,0.00107,-0.0001,,,,,,,,,,,,,,,,,,,,,,,High,High,High,High,High,,,,,,,,,,,,,,,,,,,,,,,,,,,,,,,,,,,,,
10,2026-03-18,14:11:09.79,1,1,"Crocker, Myles",10031149,Left,NOR_SPA,"Aiken, TJ",10109727,Left,OLD_MON,Undefined,1,Bottom,0,0,0,Fastball,Changeup,StrikeCalled,Undefined,Undefined,Undefined,0,0,,80.59722,-0.567643,3.595966,1812.314894,124.322573,10:15,5.44726,-2.21909,5.3975,-29.90076,13.48564,-17.95202,2.42246,-0.34048,74.61522,-6.066301,0.40986,0.474076,,,,,,,,,,,,9.88945,7.30004,1.91073,50,5.37547,-6.63033,-116.96716,-2.14015,13.88988,19.20698,-21.92107,OLD_MON,NOR_SPA,BudMethenyBBStad,D1,SBELT,20260318-BudMethenyBBStad-1,d789a4d0-22f5-11f1-b0e4-ebb737895390,79.50715,,,5.98199,,,,,,,73be595d-676a-42c7-8f16-f99e9a025756,2026-03-18,18:11:09.79,2026-03-18T14:11:09.7900000-04:00,2026-03-18T18:11:09.7900000Z,,v3,3090,3904,107c2ea495266297e2d9,"Burke, Brendan",1000069375,Right,NOR_SPA,a63f5cf8-e811-48c7-93e3-3f63ba14474f,55.10873,-117.80307,9.60349,5.44785,-1.18612,-10.96054,2.21244,-7.23483,6.94494,,,,,,,,,,,,,,,,,,,,,,,,,,,,,,,,,,,,,,,,,,,,,,,,,,,High,High,High,,,,,,,,,,,,,,,,,,,,,,,,,,,,,,,,,,,,,,,
11,2026-03-18,14:11:24.59,1,2,"Crocker, Myles",10031149,Left,NOR_SPA,"Aiken, TJ",10109727,Left,OLD_MON,Undefined,1,Bottom,0,0,1,Fastball,Changeup,BallCalled,Undefined,Undefined,Undefined,0,0,,82.75469,-2.083291,4.913925,1739.038112,118.614228,10:00,5.41978,-2.11534,5.32624,-30.90025,10.79005,-17.43674,0.88161,1.05444,76.3059,-7.735087,1.8294,0.464717,,,,,,,,,,,,10.0915,6.31918,1.68288,50,5.20809,-9.58604,-119.75679,-5.43103,14.76132,21.56115,-22.93071,OLD_MON,NOR_SPA,BudMethenyBBStad,D1,SBELT,20260318-BudMethenyBBStad-1,e0601080-22f5-11f1-b0e4-ebb737895390,81.10833,,,6.44879,,,,,,,73be595d-676a-42c7-8f16-f99e9a025756,2026-03-18,18:11:24.59,2026-03-18T14:11:24.5950000-04:00,2026-03-18T18:11:24.5950000Z,,v3,3090,3904,107c2ea495266297e2d9,"Burke, Brendan",1000069375,Right,NOR_SPA,4782cf46-b27f-485d-8a89-12047561efaa,55.18077,-120.68594,10.78057,5.42084,-4.44286,-11.46535,2.10968,-10.22216,7.38066,,,,,,,,,,,,,,,,,,,,,,,,,,,,,,,,,,,,,,,,,,,,,,,,,,,High,High,High,,,,,,,,,,,,,,,,,,,,,,,,,,,,,,,,,,,,,,,
12,2026-03-18,14:11:41.69,1,3,"Crocker, Myles",10031149,Left,NOR_SPA,"Aiken, TJ",10109727,Left,OLD_MON,Undefined,1,Bottom,0,1,1,Fastball,Changeup,FoulBallNotFieldable,Undefined,Undefined,Undefined,0,0,,82.58128,0.256353,2.781095,1815.823574,130.55788,10:15,5.47465,-2.14517,5.37978,-27.7132,13.71847,-14.62871,3.40584,-0.75484,76.10591,-4.86184,0.184135,0.463274,69.6069,22.339899,-168.680341,2507.152881,-109.52009,14.51129,-10.26208,147.38572,40.54908,-176.301936,1.82994,8.11063,7.19485,1.90684,50,5.47811,-5.23234,-119.90405,-0.38406,11.92228,21.07563,-21.59793,OLD_MON,NOR_SPA,BudMethenyBBStad,D1,SBELT,20260318-BudMethenyBBStad-1,ea8ee040-22f5-11f1-b0e4-ebb737895390,81.36106,18.9809,,6.47537,,,,1.58686,3.37597,0.78192,73be595d-676a-42c7-8f16-f99e9a025756,2026-03-18,18:11:41.69,2026-03-18T14:11:41.6940000-04:00,2026-03-18T18:11:41.6940000Z,LineDrive,v3,3090,3904,107c2ea495266297e2d9,"Burke, Brendan",1000069375,Right,NOR_SPA,c748c430-c122-49a3-9292-1a4bd658fbcb,55.12681,-120.80183,10.53782,5.47487,0.53597,-10.79896,2.14055,-5.74021,5.96114,48.810656,1.69004,-93.36705,6.5665,,,,,,,3.85625,35.19021,-20.50596,,,,,,,0.43311,-15.86744,5.78874,,,,,,,,,,,,,,,,,,,,,,,,,,,,,High,High,High,High,Low,,,,,,,,,,,,,,,,,,,,,,,,,,,,,,,,,,,,,
13,2026-03-18,14:12:02.07,1,4,"Crocker, Myles",10031149,Left,NOR_SPA,"Aiken, TJ",10109727,Left,OLD_MON,Undefined,1,Bottom,0,1,2,Slider,Curveball,BallCalled,Undefined,Undefined,Undefined,0,0,,71.77352,1.279803,2.469332,2099.051198,248.725648,2:15,5.50403,-2.30502,4.69037,-50.66975,6.72209,12.27135,2.49813,1.06381,65.4472,-7.885232,4.618612,0.545251,,,,,,,,,,,,-5.23457,3.48981,2.04227,50,5.58918,-4.96241,-103.85198,0.6321,-5.66396,18.89173,-28.39798,OLD_MON,NOR_SPA,BudMethenyBBStad,D1,SBELT,20260318-BudMethenyBBStad-1,f6bd2980-22f5-11f1-b0e4-ebb737895390,69.12862,,,6.32631,,,,,,,73be595d-676a-42c7-8f16-f99e9a025756,2026-03-18,18:12:02.07,2026-03-18T14:12:02.0740000-04:00,2026-03-18T18:12:02.0740000Z,,v3,3090,3904,107c2ea495266297e2d9,"Burke, Brendan",1000069375,Right,NOR_SPA,e910c577-63c6-4c48-8502-354db14e6a23,55.8119,-104.90389,9.44586,5.50996,2.21334,-14.19899,2.30981,-4.64703,-2.83198,,,,,,,,,,,,,,,,,,,,,,,,,,,,,,,,,,,,,,,,,,,,,,,,,,,High,High,High,,,,,,,,,,,,,,,,,,,,,,,,,,,,,,,,,,,,,,,
14,2026-03-18,14:12:20.99,1,5,"Crocker, Myles",10031149,Left,NOR_SPA,"Aiken, TJ",10109727,Left,OLD_MON,Undefined,1,Bottom,0,2,2,Fastball,Changeup,BallCalled,Undefined,Undefined,Undefined,0,0,,82.24156,0.258885,3.961718,1795.232546,149.115956,11:00,5.74639,-2.19062,5.58934,-24.44812,17.62938,-9.71386,3.9514,0.70551,74.78893,-4.329902,2.235079,0.46687,,,,,,,,,,,,6.00874,9.24099,1.856,50,5.75297,-7.84501,-119.08229,-0.19851,8.60585,23.41904,-18.9389,OLD_MON,NOR_SPA,BudMethenyBBStad,D1,SBELT,20260318-BudMethenyBBStad-1,01fbe2a0-22f6-11f1-b0e4-ebb737895390,80.73427,,,7.45263,,,,,,,73be595d-676a-42c7-8f16-f99e9a025756,2026-03-18,18:12:20.99,2026-03-18T14:12:20.9900000-04:00,2026-03-18T18:12:20.9900000Z,,v3,3090,3904,107c2ea495266297e2d9,"Burke, Brendan",1000069375,Right,NOR_SPA,07e68a2a-9676-4dde-a5b8-38151f9c1dab,54.9124,-120.04449,11.70952,5.74514,0.57962,-9.46945,2.18558,-8.19859,4.30293,,,,,,,,,,,,,,,,,,,,,,,,,,,,,,,,,,,,,,,,,,,,,,,,,,,High,High,High,,,,,,,,,,,,,,,,,,,,,,,,,,,,,,,,,,,,,,,
15,2026-03-18,14:12:39.79,1,6,"Crocker, Myles",10031149,Left,NOR_SPA,"Aiken, TJ",10109727,Left,OLD_MON,Undefined,1,Bottom,0,3,2,Fastball,Changeup,FoulBallNotFieldable,Undefined,Undefined,Undefined,0,0,,81.86188,-0.553535,2.506067,1778.765185,150.046861,11:00,5.69699,-2.21146,5.4139,-25.63057,17.02371,-8.9954,3.04198,-0.61157,74.56557,-5.336848,0.907886,0.470059,66.51724,31.574973,-146.104212,3802.251675,,,,,42.72182,,,5.27496,9.1439,1.99494,50,5.63019,-4.82919,-118.69259,-1.95589,7.49543,23.55107,-19.18107,OLD_MON,NOR_SPA,BudMethenyBBStad,D1,SBELT,20260318-BudMethenyBBStad-1,0d2fed60-22f6-11f1-b0e4-ebb737895390,80.18658,23.60949,,7.29631,,,,1.39044,2.95287,0.93716,73be595d-676a-42c7-8f16-f99e9a025756,2026-03-18,18:12:39.79,2026-03-18T14:12:39.7910000-04:00,2026-03-18T18:12:39.7910000Z,,v3,3090,3904,107c2ea495266297e2d9,"Burke, Brendan",1000069375,Right,NOR_SPA,45c965ea-f03c-4547-948c-d2ddadd19efc,55.09009,-119.69831,11.77554,5.69622,-1.13679,-9.59054,2.208,-5.14927,3.74771,,1.39044,-68.99028,3.94656,1.52573,-0.74728,0.25846,-0.07176,0.01919,-0.00322,2.95287,51.08296,-28.85932,4.24373,-0.8778,0.16763,-0.03385,0.00839,-0.00176,0.93716,-46.35219,16.12505,-4.26697,1.03588,-0.21185,0.04549,-0.00908,0.00115,,,,,,,,,,,,,,,,,,,,,,,High,High,High,High,Undefined,,,,,,,,,,,,,,,,,,,,,,,,,,,,,,,,,,,,,
16,2026-03-18,14:13:00.73,1,7,"Crocker, Myles",10031149,Left,NOR_SPA,"Aiken, TJ",10109727,Left,OLD_MON,Undefined,1,Bottom,0,3,2,Fastball,Changeup,FoulBallNotFieldable,Undefined,Undefined,Undefined,0,0,,82.44099,-0.664354,2.873185,1709.600709,154.652716,11:15,5.57761,-2.3117,5.6266,-24.49678,17.45832,-7.58048,2.91542,-0.25986,74.72154,-5.27179,1.52188,0.466191,,,,,,,,,,,,4.72197,9.47473,2.07152,50,5.50548,-5.68862,-119.45795,-2.12506,6.76123,24.9655,-18.60747,OLD_MON,NOR_SPA,BudMethenyBBStad,D1,SBELT,20260318-BudMethenyBBStad-1,19b0c370-22f6-11f1-b0e4-ebb737895390,80.85194,,,7.71945,,,,,,,73be595d-676a-42c7-8f16-f99e9a025756,2026-03-18,18:13:00.73,2026-03-18T14:13:00.7350000-04:00,2026-03-18T18:13:00.7350000Z,,v3,3090,3904,107c2ea495266297e2d9,"Burke, Brendan",1000069375,Right,NOR_SPA,8184758e-c16a-433e-998d-839310e72690,54.87606,-120.47268,12.48275,5.57649,-1.36875,-9.30374,2.30832,-5.96344,3.38062,,,,,,,,,,,,,,,,,,,,,,,,,,,,,,,,,,,,,,,,,,,,,,,,,,,High,High,High,,,,,,,,,,,,,,,,,,,,,,,,,,,,,,,,,,,,,,,
17,2026-03-18,14:13:23.00,1,8,"Crocker, Myles",10031149,Left,NOR_SPA,"Aiken, TJ",10109727,Left,OLD_MON,Undefined,1,Bottom,0,3,2,Fastball,Changeup,FoulBallNotFieldable,Undefined,Undefined,Undefined,0,0,,82.64419,0.262177,2.217909,1686.035888,155.380891,11:15,5.55399,-2.45347,5.47098,-26.47954,15.98776,-6.58378,3.59293,-0.92528,73.96725,-4.72424,1.046935,0.469028,74.88171,65.92088,-53.68163,4959.44343,,,,130.01845,45.11617,-75.176168,5.370591,4.0837,8.41693,2.26294,50,5.55961,-4.35911,-119.62898,-0.27928,5.7888,27.77052,-20.24273,OLD_MON,NOR_SPA,BudMethenyBBStad,D1,SBELT,20260318-BudMethenyBBStad-1,26f29f90-22f6-11f1-b0e4-ebb737895390,80.3629,119.8637,,8.67694,,,,1.38721,3.76435,1.10823,73be595d-676a-42c7-8f16-f99e9a025756,2026-03-18,18:13:23.00,2026-03-18T14:13:23.0090000-04:00,2026-03-18T18:13:23.0090000Z,Popup,v3,3090,3904,107c2ea495266297e2d9,"Burke, Brendan",1000069375,Right,NOR_SPA,f2dd8fcc-056b-42ad-915c-b1bc5722bcca,55.03024,-120.79105,13.88526,5.55358,0.56779,-10.12137,2.45041,-4.60134,2.8944,,1.37699,26.66943,-14.37993,4.85487,-0.86044,-0.05509,0.06375,-0.01163,0.0007,3.74417,100.65371,-28.00563,5.00246,-2.0056,0.65094,-0.12604,0.01247,-0.00048,1.10629,-36.06428,5.41754,-0.91698,-0.04489,0.0823,-0.02289,0.00281,-0.00013,,,,,,,,,,,,,,,,,,,,,,,High,High,High,High,Low,,,,,,,,,,,,,,,,,,,,,,,,,,,,,,,,,,,,,
18,2026-03-18,14:13:59.74,1,9,"Crocker, Myles",10031149,Left,NOR_SPA,"Aiken, TJ",10109727,Left,OLD_MON,Undefined,1,Bottom,0,3,2,Fastball,Changeup,BallCalled,Walk,Undefined,Undefined,0,0,,81.88019,0.477654,2.955468,1599.109364,160.653979,11:15,5.61147,-2.13139,5.541,-25.38407,17.53466,-5.61201,3.94321,0.1659,73.70927,-4.307124,1.957303,0.471514,,,,,,,,,,,,3.74457,9.12733,1.87843,50,5.63654,-5.88232,-118.50994,0.22544,5.25152,25.57986,-19.37357,OLD_MON,NOR_SPA,BudMethenyBBStad,D1,SBELT,20260318-BudMethenyBBStad-1,3cd53160-22f6-11f1-b0e4-ebb737895390,79.93914,,,8.17092,,,,,,,73be595d-676a-42c7-8f16-f99e9a025756,2026-03-18,18:13:59.74,2026-03-18T14:13:59.7490000-04:00,2026-03-18T18:13:59.7490000Z,,v3,3090,3904,107c2ea495266297e2d9,"Burke, Brendan",1000069375,Right,NOR_SPA,7ad3fa01-349b-40e5-99bb-553467d80bbd,54.95823,-119.57536,12.78993,5.61035,1.03237,-9.68678,2.12799,-6.10105,2.62576,,,,,,,,,,,,,,,,,,,,,,,,,,,,,,,,,,,,,,,,,,,,,,,,,,,High,High,High,,,,,,,,,,,,,,,,,,,,,,,,,,,,,,,,,,,,,,,
19,2026-03-18,14:14:54.89,2,1,"Crocker, Myles",10031149,Left,NOR_SPA,"Johnson, William",822847,Right,OLD_MON,Undefined,1,Bottom,0,0,0,Fastball,Changeup,BallCalled,Undefined,Undefined,Undefined,0,0,,82.1964,0.948286,2.612874,1627.549846,148.641224,11:00,5.49151,-2.29938,5.42833,-28.38171,14.46871,-7.85827,4.01561,-0.50512,73.81228,-4.366879,1.217174,0.471139,,,,,,,,,,,,4.74469,7.41099,2.07279,50,5.55661,-5.08838,-118.93587,1.06268,6.68805,26.2019,-21.72767,OLD_MON,NOR_SPA,BudMethenyBBStad,D1,SBELT,20260318-BudMethenyBBStad-1,5dba5db0-22f6-11f1-b0e4-ebb737895390,80.00282,,,8.38412,,,,,,,73be595d-676a-42c7-8f16-f99e9a025756,2026-03-18,18:14:54.89,2026-03-18T14:14:54.8990000-04:00,2026-03-18T18:14:54.8990000Z,,v3,3090,3904,107c2ea495266297e2d9,"Burke, Brendan",1000069375,Right,NOR_SPA,f9959f47-7618-448c-84a5-5342e00b03f2,55.07025,-120.04767,13.10095,5.49196,1.98463,-10.86384,2.29472,-5.37216,3.34403,,,,,,,,,,,,,,,,,,,,,,,,,,,,,,,,,,,,,,,,,,,,,,,,,,,High,High,High,,,,,,,,,,,,,,,,,,,,,,,,,,,,,,,,,,,,,,,
20,2026-03-18,14:15:32.24,2,2,"Crocker, Myles",10031149,Left,NOR_SPA,"Johnson, William",822847,Right,OLD_MON,Undefined,1,Bottom,0,1,0,Fastball,Changeup,BallCalled,Undefined,Undefined,Undefined,0,0,,79.96838,-0.229637,4.401203,1598.611151,152.38691,11:00,5.60129,-2.35006,5.45687,-30.40092,14.35646,-6.73933,2.85227,1.21675,72.94193,-5.861412,3.207235,0.481508,,,,,,,,,,,,4.62646,7.73406,1.96565,50,5.56038,-8.63265,-115.71039,-1.42678,6.25959,22.00211,-21.7099,OLD_MON,NOR_SPA,BudMethenyBBStad,D1,SBELT,20260318-BudMethenyBBStad-1,73f94050-22f6-11f1-b0e4-ebb737895390,78.27995,,,7.02645,,,,,,,73be595d-676a-42c7-8f16-f99e9a025756,2026-03-18,18:15:32.24,2026-03-18T14:15:32.2430000-04:00,2026-03-18T18:15:32.2430000Z,,v3,3090,3904,107c2ea495266297e2d9,"Burke, Brendan",1000069375,Right,NOR_SPA,4146abe2-dbb3-4618-8ca9-ad9c1f6f75c1,55.04513,-116.66577,11.00106,5.60187,-0.48409,-10.85495,2.3464,-8.90445,3.1298,,,,,,,,,,,,,,,,,,,,,,,,,,,,,,,,,,,,,,,,,,,,,,,,,,,High,High,High,,,,,,,,,,,,,,,,,,,,,,,,,,,,,,,,,,,,,,,
21,2026-03-18,14:15:50.82,2,3,"Crocker, Myles",10031149,Left,NOR_SPA,"Johnson, William",822847,Right,OLD_MON,Undefined,1,Bottom,0,2,0,Fastball,Changeup,StrikeCalled,Undefined,Undefined,Undefined,0,0,,81.52469,-0.960388,3.286008,1624.823188,143.156405,10:45,5.58406,-2.12231,5.52545,-27.88442,15.28926,-10.31166,2.36085,0.09411,73.84718,-6.165306,1.451496,0.472912,,,,,,,,,,,,6.20957,8.45587,1.84307,50,5.48205,-6.35549,-118.03398,-2.85393,8.66903,24.64927,-20.36895,OLD_MON,NOR_SPA,BudMethenyBBStad,D1,SBELT,20260318-BudMethenyBBStad-1,7f0db520-22f6-11f1-b0e4-ebb737895390,79.70277,,,7.67751,,,,,,,73be595d-676a-42c7-8f16-f99e9a025756,2026-03-18,18:15:50.82,2026-03-18T14:15:50.8240000-04:00,2026-03-18T18:15:50.8240000Z,,v3,3090,3904,107c2ea495266297e2d9,"Burke, Brendan",1000069375,Right,NOR_SPA,64b21ae6-02d3-4378-8662-93d4439d0747,54.97664,-119.06873,12.32464,5.5839,-1.99886,-10.18448,2.1175,-6.7194,4.33451,,,,,,,,,,,,,,,,,,,,,,,,,,,,,,,,,,,,,,,,,,,,,,,,,,,High,High,High,,,,,,,,,,,,,,,,,,,,,,,,,,,,,,,,,,,,,,,
22,2026-03-18,14:16:10.87,2,4,"Crocker, Myles",10031149,Left,NOR_SPA,"Johnson, William",822847,Right,OLD_MON,Undefined,1,Bottom,0,2,1,Fastball,Changeup,InPlay,Undefined,GroundBall,FieldersChoice,1,0,,80.89603,0.075987,3.622418,1578.333917,151.919299,11:00,5.6482,-2.07139,5.48943,-30.33234,13.39131,-6.36126,3.19175,0.79219,73.56544,-5.555614,2.49289,0.475915,52.18122,-12.663813,-25.723415,,,,,15.67852,14.7526,-27.261165,0.185838,4.28988,7.15603,1.75791,50,5.63456,-7.16264,-117.16094,-0.81142,5.92776,23.34999,-22.28581,OLD_MON,NOR_SPA,BudMethenyBBStad,D1,SBELT,20260318-BudMethenyBBStad-1,8b002de0-22f6-11f1-b0e4-ebb737895390,79.19992,3.39786,,7.3306,,,,1.5161,3.39786,-0.9771,73be595d-676a-42c7-8f16-f99e9a025756,2026-03-18,18:16:10.87,2026-03-18T14:16:10.8770000-04:00,2026-03-18T18:16:10.8770000Z,GroundBall,v3,3090,3904,107c2ea495266297e2d9,"Burke, Brendan",1000069375,Right,NOR_SPA,496599d4-cdad-4a37-9e9e-92dc41300948,55.01407,-118.15601,11.675,5.64891,0.1383,-11.1429,2.06854,-7.41526,2.96388,139.048616,1.51615,67.26695,-2.3124,,,,,,,3.39797,-16.78535,-8.07048,,,,,,,-0.97718,-32.40402,-5.28046,,,,,,,,,,,,,,,,,,,,,,,,,,,,,High,High,High,Medium,High,,,,,,,,,,,,,,,,,,,,,,,,,,,,,,,,,,,,,
23,2026-03-18,14:17:06.68,3,1,"Crocker, Myles",10031149,Left,NOR_SPA,"Leite, Zachary",1000218664,Left,OLD_MON,Undefined,1,Bottom,1,0,0,Fastball,Changeup,StrikeCalled,Undefined,Undefined,Undefined,0,0,,81.60732,-1.097756,3.844377,1567.586902,144.992757,10:45,5.55376,-2.14452,5.32718,-29.00868,14.10985,-8.88752,2.10374,0.72799,74.53052,-6.456653,2.270719,0.47261,,,,,,,,,,,,5.53343,7.80591,1.80271,50,5.43357,-7.56906,-118.14246,-3.22397,7.80779,22.8543,-21.15973,OLD_MON,NOR_SPA,BudMethenyBBStad,D1,SBELT,20260318-BudMethenyBBStad-1,ac4358b0-22f6-11f1-b0e4-ebb737895390,79.75373,,,7.0768,,,,,,,73be595d-676a-42c7-8f16-f99e9a025756,2026-03-18,18:17:06.68,2026-03-18T14:17:06.6840000-04:00,2026-03-18T18:17:06.6840000Z,,v3,3090,3904,107c2ea495266297e2d9,"Burke, Brendan",1000069375,Right,NOR_SPA,62bf0469-edf7-4d8b-a8e6-6470bf5a6272,55.17573,-119.13949,11.42715,5.55408,-2.30087,-10.57987,2.14034,-7.90968,3.90389,,,,,,,,,,,,,,,,,,,,,,,,,,,,,,,,,,,,,,,,,,,,,,,,,,,High,High,High,,,,,,,,,,,,,,,,,,,,,,,,,,,,,,,,,,,,,,,
24,2026-03-18,14:17:26.08,3,2,"Crocker, Myles",10031149,Left,NOR_SPA,"Leite, Zachary",1000218664,Left,OLD_MON,Undefined,1,Bottom,1,0,1,Fastball,Changeup,BallCalled,Undefined,Undefined,Undefined,0,0,,82.95438,-0.954244,4.832937,1683.278646,163.167367,11:30,5.46859,-2.03252,5.70161,-20.93544,20.73466,-5.81788,2.83145,1.99721,74.84403,-4.934755,3.79912,0.464605,,,,,,,,,,,,4.43213,11.22434,1.62927,50,5.37533,-9.88899,-119.84086,-2.58052,6.36908,25.7249,-16.04439,OLD_MON,NOR_SPA,BudMethenyBBStad,D1,SBELT,20260318-BudMethenyBBStad-1,b7dae030-22f6-11f1-b0e4-ebb737895390,81.12796,,,8.11035,,,,,,,73be595d-676a-42c7-8f16-f99e9a025756,2026-03-18,18:17:26.08,2026-03-18T14:17:26.0810000-04:00,2026-03-18T18:17:26.0810000Z,,v3,3090,3904,107c2ea495266297e2d9,"Burke, Brendan",1000069375,Right,NOR_SPA,148c606a-139e-4b52-8237-15c1ac0be2cb,54.79769,-120.86634,12.86245,5.46545,-1.94094,-8.0222,2.02854,-10.14289,3.18454,,,,,,,,,,,,,,,,,,,,,,,,,,,,,,,,,,,,,,,,,,,,,,,,,,,High,High,High,,,,,,,,,,,,,,,,,,,,,,,,,,,,,,,,,,,,,,,
25,2026-03-18,14:17:45.54,3,3,"Crocker, Myles",10031149,Left,NOR_SPA,"Leite, Zachary",1000218664,Left,OLD_MON,Undefined,1,Bottom,1,1,1,Fastball,Changeup,FoulBallNotFieldable,Undefined,Undefined,Undefined,0,0,,81.74816,-0.761658,2.929864,1598.096225,155.233762,11:15,5.52191,-2.04293,5.35649,-27.06352,16.27497,-6.78158,2.55126,0.14234,73.77617,-5.817091,1.727011,0.473814,80.31155,49.141778,-43.871593,5173.662927,63.73782,96.02811,-89.65202,232.31747,84.85678,-61.576789,5.077523,4.34461,8.85827,1.78412,50,5.43454,-5.77426,-118.32381,-2.43514,6.07197,25.56595,-19.79388,OLD_MON,NOR_SPA,BudMethenyBBStad,D1,SBELT,20260318-BudMethenyBBStad-1,c36f3360-22f6-11f1-b0e4-ebb737895390,79.55105,99.19797,,7.97198,,,,0.31002,2.64776,0.00961,73be595d-676a-42c7-8f16-f99e9a025756,2026-03-18,18:17:45.54,2026-03-18T14:17:45.5400000-04:00,2026-03-18T18:17:45.5400000Z,FlyBall,v3,3090,3904,107c2ea495266297e2d9,"Burke, Brendan",1000069375,Right,NOR_SPA,ba60c871-7bdc-41f4-962a-a9023205c83b,55.14543,-119.43039,12.78298,5.5214,-1.5784,-9.89694,2.03974,-6.03708,3.03598,,0.35056,54.71005,-15.28695,-0.24948,3.42248,-1.81453,0.4473,-0.05373,0.00253,2.64429,89.11101,-24.29952,1.71567,0.45927,-0.45323,0.15049,-0.02279,0.0013,0.01329,-53.45449,3.54588,0.13754,-0.3461,0.18813,-0.05664,0.00858,-0.00051,,,,,,,,,,,,,,,,,,,,,,,High,High,High,High,Low,,,,,,,,,,,,,,,,,,,,,,,,,,,,,,,,,,,,,
26,2026-03-18,14:18:11.71,3,4,"Crocker, Myles",10031149,Left,NOR_SPA,"Leite, Zachary",1000218664,Left,OLD_MON,Undefined,1,Bottom,1,1,2,Fastball,Changeup,FoulBallNotFieldable,Undefined,Undefined,Undefined,0,0,,81.97295,-0.654213,3.590885,1731.097858,152.635348,11:00,5.38206,-2.16453,5.32202,-24.58588,18.85194,-8.89934,2.71801,0.46843,73.50026,-5.28565,2.015384,0.474357,85.74662,28.437158,-52.738115,4534.991196,55.78625,47.78599,-94.80398,317.26898,125.28773,-83.311757,4.077101,5.6328,10.11327,1.84546,50,5.30567,-7.05534,-118.47779,-2.11003,7.85452,26.64089,-18.07183,OLD_MON,NOR_SPA,BudMethenyBBStad,D1,SBELT,20260318-BudMethenyBBStad-1,d307f7d0-22f6-11f1-b0e4-ebb737895390,79.46005,53.03129,,8.47269,,,,-0.334,2.52339,-0.22076,73be595d-676a-42c7-8f16-f99e9a025756,2026-03-18,18:18:11.71,2026-03-18T14:18:11.7130000-04:00,2026-03-18T18:18:11.7130000Z,FlyBall,v3,3090,3904,107c2ea495266297e2d9,"Burke, Brendan",1000069375,Right,NOR_SPA,a58ff284-7cc4-4ce6-aba5-6f185d525528,55.17783,-119.63641,13.32044,5.38034,-1.32408,-9.03592,2.15972,-7.39693,3.92726,,-0.33083,66.85904,-18.57319,0.91137,1.06487,-0.8233,0.25622,-0.03655,0.002,2.52395,59.87002,-20.84482,2.16002,-0.14777,-0.11641,0.05783,-0.00993,0.0006,-0.21976,-88.03349,11.89395,-4.09018,0.93679,-0.06545,-0.06473,0.01868,-0.00149,,,,,,,,,,,,,,,,,,,,,,,High,High,High,High,Low,,,,,,,,,,,,,,,,,,,,,,,,,,,,,,,,,,,,,
27,2026-03-18,14:18:37.44,3,5,"Crocker, Myles",10031149,Left,NOR_SPA,"Leite, Zachary",1000218664,Left,OLD_MON,Undefined,1,Bottom,1,1,2,Fastball,Changeup,BallCalled,Undefined,Undefined,Undefined,0,0,,83.16234,-1.569689,4.028616,1817.898828,156.121369,11:15,5.53147,-2.17827,5.42299,-23.22923,18.85828,-7.63697,2.12126,0.96542,74.67213,-5.949882,2.675095,0.466926,,,,,,,,,,,,5.15351,10.44154,1.82526,50,5.37613,-8.13295,-120.12532,-4.005,7.39168,27.26395,-17.19768,OLD_MON,NOR_SPA,BudMethenyBBStad,D1,SBELT,20260318-BudMethenyBBStad-1,e259ef40-22f6-11f1-b0e4-ebb737895390,80.72468,,,8.49021,,,,,,,73be595d-676a-42c7-8f16-f99e9a025756,2026-03-18,18:18:37.44,2026-03-18T14:18:37.4410000-04:00,2026-03-18T18:18:37.4410000Z,,v3,3090,3904,107c2ea495266297e2d9,"Burke, Brendan",1000069375,Right,NOR_SPA,b27b6e14-01b2-483e-afb6-cc1ec160b555,55.07675,-121.27208,13.63198,5.52937,-3.28164,-8.59884,2.17388,-8.44385,3.69584,,,,,,,,,,,,,,,,,,,,,,,,,,,,,,,,,,,,,,,,,,,,,,,,,,,High,High,High,,,,,,,,,,,,,,,,,,,,,,,,,,,,,,,,,,,,,,,
28,2026-03-18,14:18:58.88,3,6,"Crocker, Myles",10031149,Left,NOR_SPA,"Leite, Zachary",1000218664,Left,OLD_MON,Undefined,1,Bottom,1,2,2,Slider,Curveball,BallCalled,Undefined,Undefined,Undefined,0,0,,73.10755,0.467623,0.772775,1951.50346,279.454992,3:15,5.45348,-2.37858,4.78267,-55.15113,0.09409,11.17733,1.30089,-0.71455,66.56342,-9.486742,2.741508,0.534957,,,,,,,,,,,,-5.29051,0.37988,2.29079,50,5.45201,-1.86293,-105.90617,-1.0081,-5.91771,20.64301,-31.74914,OLD_MON,NOR_SPA,BudMethenyBBStad,D1,SBELT,20260318-BudMethenyBBStad-1,ef305f60-22f6-11f1-b0e4-ebb737895390,70.45884,,,6.54413,,,,,,,73be595d-676a-42c7-8f16-f99e9a025756,2026-03-18,18:18:58.88,2026-03-18T14:18:58.8830000-04:00,2026-03-18T18:18:58.8830000Z,,v3,3090,3904,107c2ea495266297e2d9,"Burke, Brendan",1000069375,Right,NOR_SPA,03e883a7-3f0b-4cd8-a004-46ad771510be,55.7223,-107.01574,10.32151,5.46033,0.69843,-15.87457,2.38238,-1.54485,-2.95885,,,,,,,,,,,,,,,,,,,,,,,,,,,,,77.70506,2.368868,1.02441,1.344458,2.43895,1.47004,0.76316,-1.39338,6.06435,0.75438,127.27259,-1.64292,7.26288,-1.20111,111.43791,-12.04583,6.07017,8.84431,-10.86151,0.66439,-0.04923,3.79279,High,High,High,,,High,Medium,Medium,,,,,,,,,,,,,,,,,,,,,,,,,,,,,,,,,,
29,2026-03-18,14:19:29.33,3,7,"Crocker, Myles",10031149,Left,NOR_SPA,"Leite, Zachary",1000218664,Left,OLD_MON,Undefined,1,Bottom,1,3,2,Fastball,Changeup,FoulBallNotFieldable,Undefined,Undefined,Undefined,0,0,,82.68674,-1.244342,2.430373,1671.97235,149.694924,11:00,5.4122,-2.20009,5.60787,-25.24525,16.62088,-8.83579,2.14555,-0.66619,74.76878,-5.985649,0.854355,0.465696,61.01989,62.93829,-138.238986,4079.595602,-93.16633,52.12798,-58.48062,146.52988,41.34375,-148.35799,3.851163,5.25028,9.24469,1.99784,50,5.28961,-4.72462,-119.79282,-3.37642,7.53125,25.91641,-18.91306,OLD_MON,NOR_SPA,BudMethenyBBStad,D1,SBELT,20260318-BudMethenyBBStad-1,014c2530-22f7-11f1-b0e4-ebb737895390,80.93781,68.9658,,7.91795,,,,1.12526,1.8279,0.74815,73be595d-676a-42c7-8f16-f99e9a025756,2026-03-18,18:19:29.33,2026-03-18T14:19:29.3330000-04:00,2026-03-18T18:19:29.3330000Z,Popup,v3,3090,3904,107c2ea495266297e2d9,"Burke, Brendan",1000069375,Right,NOR_SPA,7c45becd-9944-4048-8425-c468bfee4e34,54.89459,-120.84709,12.95821,5.41131,-2.60704,-9.45653,2.19627,-5.03099,3.76563,18.306926,1.1272,-30.43299,-3.85655,1.05261,0.46277,-0.41472,0.13242,-0.01991,0.00116,1.82819,79.69131,-28.09058,3.44297,-0.75298,0.22683,-0.07359,0.01395,-0.00104,0.74817,-27.11921,3.91641,-0.98921,0.25997,-0.1185,0.04451,-0.0085,0.00062,,,,,,,,,,,,,,,,,,,,,,,High,High,High,High,Low,,,,,,,,,,,,,,,,,,,,,,,,,,,,,,,,,,,,,
30,2026-03-18,14:19:54.93,3,8,"Crocker, Myles",10031149,Left,NOR_SPA,"Leite, Zachary",1000218664,Left,OLD_MON,Undefined,1,Bottom,1,3,2,Fastball,Changeup,InPlay,Undefined,FlyBall,Error,0,0,,82.04238,0.905404,2.973994,1785.838124,166.172055,11:30,5.39671,-2.34203,5.64061,-25.43679,17.12288,-3.84138,4.12291,0.11499,73.89447,-3.894723,2.289667,0.469538,88.87352,25.96077,-22.091538,3884.826349,97.25203,48.81076,-51.40065,296.90742,255.73519,-37.952986,4.330102,2.88516,8.81878,2.09142,50,5.45794,-6.01389,-118.78301,1.12136,4.06581,25.65233,-19.7465,OLD_MON,NOR_SPA,BudMethenyBBStad,D1,SBELT,20260318-BudMethenyBBStad-1,108d05a0-22f7-11f1-b0e4-ebb737895390,80.27565,58.11548,,8.14791,,,,-0.03634,4.02621,-0.14684,73be595d-676a-42c7-8f16-f99e9a025756,2026-03-18,18:19:54.93,2026-03-18T14:19:54.9340000-04:00,2026-03-18T18:19:54.9340000Z,LineDrive,v3,3090,3904,107c2ea495266297e2d9,"Burke, Brendan",1000069375,Right,NOR_SPA,5fb5960a-159c-4a74-af90-2b3be1d0c7cb,54.8602,-119.82802,12.82617,5.39588,1.92577,-9.87325,2.33978,-6.17952,2.0329,135.922393,-0.03653,108.59838,-25.82511,6.22828,-1.48229,0.35219,-0.07676,0.01115,-0.00069,4.02687,57.04175,-15.99587,0.11194,0.44804,-0.22066,0.06266,-0.00899,0.0005,-0.14685,-44.07686,-2.63147,2.2003,-0.74862,0.17207,-0.02641,0.00215,-6E-05,,,,,,,,,,,,,,,,,,,,,,,High,High,High,High,Medium,,,,,,,,,,,,,,,,,,,,,,,,,,,,,,,,,,,,,
31,2026-03-18,14:20:44.12,4,1,"Crocker, Myles",10031149,Left,NOR_SPA,"Zedalis, Tyler",822603,Right,OLD_MON,Undefined,1,Bottom,1,0,0,Fastball,Changeup,BallCalled,Undefined,Undefined,Undefined,0,0,,82.42697,0.338482,2.230307,1624.893333,150.504467,11:00,5.65447,-2.09121,5.14716,-27.21954,15.67241,-7.99477,3.70513,-0.65636,74.30251,-4.733816,0.816835,0.471367,,,,,,,,,,,,4.65398,8.12682,1.88863,50,5.66592,-4.29703,-119.3217,-0.19823,6.62425,25.68766,-20.60672,OLD_MON,NOR_SPA,BudMethenyBBStad,D1,SBELT,20260318-BudMethenyBBStad-1,2dddc090-22f7-11f1-b0e4-ebb737895390,79.96406,,,8.12446,,,,,,,73be595d-676a-42c7-8f16-f99e9a025756,2026-03-18,18:20:44.12,2026-03-18T14:20:44.1290000-04:00,2026-03-18T18:20:44.1290000Z,,v3,3090,3904,107c2ea495266297e2d9,"Burke, Brendan",1000069375,Right,NOR_SPA,6280490c-a785-413a-9518-c62c07ef2437,55.35309,-120.46861,12.84383,5.65424,0.72182,-10.30336,2.08709,-4.59279,3.31212,,,,,,,,,,,,,,,,,,,,,,,,,,,,,,,,,,,,,,,,,,,,,,,,,,,High,High,High,,,,,,,,,,,,,,,,,,,,,,,,,,,,,,,,,,,,,,,
32,2026-03-18,14:21:00.73,4,2,"Crocker, Myles",10031149,Left,NOR_SPA,"Zedalis, Tyler",822603,Right,OLD_MON,Undefined,1,Bottom,1,1,0,Fastball,Changeup,FoulBallNotFieldable,Undefined,Undefined,Undefined,0,0,,83.07868,0.417001,2.390474,1664.632339,142.080665,10:45,5.49768,-2.05879,5.68055,-28.73029,12.52965,-8.64138,3.4926,-0.54904,75.14859,-4.956528,0.847517,0.462312,,,,,,,,,,,,5.14811,6.64378,1.86272,50,5.51504,-4.6792,-120.43891,-0.03209,7.47691,25.84063,-22.52489,OLD_MON,NOR_SPA,BudMethenyBBStad,D1,SBELT,20260318-BudMethenyBBStad-1,37c1f2c0-22f7-11f1-b0e4-ebb737895390,81.53022,,,7.93009,,,,,,,73be595d-676a-42c7-8f16-f99e9a025756,2026-03-18,18:21:00.73,2026-03-18T14:21:00.7300000-04:00,2026-03-18T18:21:00.7300000Z,,v3,3090,3904,107c2ea495266297e2d9,"Burke, Brendan",1000069375,Right,NOR_SPA,c227df67-df8f-49cf-8734-6585fba33d7b,54.82275,-121.46924,12.92032,5.49842,0.86604,-11.26244,2.05524,-4.97732,3.73845,,,,,,,,,,,,,,,,,,,,,,,,,,,,,,,,,,,,,,,,,,,,,,,,,,,High,High,High,,,,,,,,,,,,,,,,,,,,,,,,,,,,,,,,,,,,,,,
33,2026-03-18,14:21:23.28,4,3,"Crocker, Myles",10031149,Left,NOR_SPA,"Zedalis, Tyler",822603,Right,OLD_MON,Undefined,1,Bottom,1,1,1,Fastball,Changeup,StrikeCalled,Undefined,Undefined,Undefined,0,0,,84.55804,-0.652953,2.019999,1755.175299,159.321801,11:15,5.46538,-2.37421,5.48387,-22.7397,18.10119,-6.20587,2.95903,-1.00046,75.16574,-4.978939,0.91559,0.459959,,,,,,,,,,,,3.80063,9.77571,2.20098,50,5.39322,-4.03412,-122.25031,-2.07771,5.59242,30.31772,-17.78961,OLD_MON,NOR_SPA,BudMethenyBBStad,D1,SBELT,20260318-BudMethenyBBStad-1,45328000-22f7-11f1-b0e4-ebb737895390,81.9474,,,9.3923,,,,,,,73be595d-676a-42c7-8f16-f99e9a025756,2026-03-18,18:21:23.28,2026-03-18T14:21:23.2800000-04:00,2026-03-18T18:21:23.2800000Z,,v3,3090,3904,107c2ea495266297e2d9,"Burke, Brendan",1000069375,Right,NOR_SPA,5d5ac5e4-c3ac-4920-93dc-5d65bf4abdec,55.01212,-123.48705,15.15886,5.46318,-1.35202,-8.89481,2.3702,-4.26225,2.79621,,,,,,,,,,,,,,,,,,,,,,,,,,,,,,,,,,,,,,,,,,,,,,,,,,,High,High,High,,,,,,,,,,,,,,,,,,,,,,,,,,,,,,,,,,,,,,,
34,2026-03-18,14:21:43.34,4,4,"Crocker, Myles",10031149,Left,NOR_SPA,"Zedalis, Tyler",822603,Right,OLD_MON,Undefined,1,Bottom,1,1,2,Fastball,Changeup,InPlay,Undefined,FlyBall,Error,0,1,,82.76806,-1.157175,3.372192,1766.891367,139.410219,10:45,5.17952,-2.54253,5.47391,-25.6521,16.36603,-12.73209,1.95685,-0.44393,74.84988,-5.959159,1.109474,0.466541,85.07458,39.225964,26.990764,,91.02856,77.84388,61.75591,263.64626,142.08186,42.085747,5.04714,7.48032,9.04067,2.25471,50,5.06052,-6.53247,-119.80928,-3.23061,10.74577,25.67107,-19.18674,OLD_MON,NOR_SPA,BudMethenyBBStad,D1,SBELT,20260318-BudMethenyBBStad-1,512b3a50-22f7-11f1-b0e4-ebb737895390,80.79129,88.35805,,7.91818,,,,1.06168,1.96161,0.75051,73be595d-676a-42c7-8f16-f99e9a025756,2026-03-18,18:21:43.34,2026-03-18T14:21:43.3440000-04:00,2026-03-18T18:21:43.3440000Z,FlyBall,v3,3090,3904,107c2ea495266297e2d9,"Burke, Brendan",1000069375,Right,NOR_SPA,fd087689-1941-46d9-8fef-b75fa92276cc,55.02897,-120.88201,12.83554,5.17877,-2.42885,-9.59337,2.53707,-6.98152,5.37288,,1.07119,85.92624,-23.86082,5.34731,-0.31925,-0.2637,0.0908,-0.01181,0.00056,1.95891,78.94711,-20.36089,1.00323,0.19671,-0.17423,0.05889,-0.00917,0.00053,0.74981,43.88115,-1.37376,-0.7476,0.36742,-0.10512,0.02116,-0.00258,0.00013,,,,,,,,,,,,,,,,,,,,,,,High,High,High,High,Low,,,,,,,,,,,,,,,,,,,,,,,,,,,,,,,,,,,,,
35,2026-03-18,14:22:29.03,5,1,"Crocker, Myles",10031149,Left,NOR_SPA,"Dye, Macaddin",831173,Right,OLD_MON,Undefined,1,Bottom,1,0,0,Fastball,Changeup,HitByPitch,Undefined,Undefined,Undefined,0,0,,82.85915,-0.140552,4.866802,1758.653004,151.577829,11:00,5.36203,-2.28922,5.65801,-24.1373,18.15076,-8.92166,3.21903,1.51736,73.89466,-4.723935,3.282305,0.468037,,,,,,,,,,,,6.33528,9.7493,1.882,50,5.33542,-9.83586,-119.65058,-1.00432,8.94603,28.66121,-18.40703,OLD_MON,NOR_SPA,BudMethenyBBStad,D1,SBELT,20260318-BudMethenyBBStad-1,6c6438d0-22f7-11f1-b0e4-ebb737895390,80.53304,,,8.96449,,,,,,,73be595d-676a-42c7-8f16-f99e9a025756,2026-03-18,18:22:29.03,2026-03-18T14:22:29.0310000-04:00,2026-03-18T18:22:29.0310000Z,,v3,3090,3904,107c2ea495266297e2d9,"Burke, Brendan",1000069375,Right,NOR_SPA,c33d5ef3-2adf-4d3c-955b-2a7a94fe30fc,54.84568,-120.80575,14.3306,5.36095,-0.26245,-9.20352,2.28569,-10.19643,4.47302,,,,,,,,,,,,,,,,,,,,,,,,,,,,,,,,,,,,,,,,,,,,,,,,,,,High,High,High,,,,,,,,,,,,,,,,,,,,,,,,,,,,,,,,,,,,,,,
36,2026-03-18,14:23:09.09,6,1,"Crocker, Myles",10031149,Left,NOR_SPA,"Stallings, Maverick",1000118715,Right,OLD_MON,Undefined,1,Bottom,1,0,0,ChangeUp,Changeup,BallCalled,Undefined,Undefined,Undefined,0,0,,75.93944,-2.135669,4.573172,1469.211263,116.331074,10:00,5.47467,-2.00067,6.32227,-39.47297,9.25292,-15.01666,0.21095,0.96913,68.85264,-9.502177,1.862164,0.502402,,,,,,,,,,,,9.45001,5.993,1.67285,50,5.29908,-8.29356,-109.86821,-5.16448,11.33497,22.85912,-24.98563,OLD_MON,NOR_SPA,BudMethenyBBStad,D1,SBELT,20260318-BudMethenyBBStad-1,84497870-22f7-11f1-b0e4-ebb737895390,75.02448,,,7.0868,,,,,,,73be595d-676a-42c7-8f16-f99e9a025756,2026-03-18,18:23:09.09,2026-03-18T14:23:09.0900000-04:00,2026-03-18T18:23:09.0900000Z,,v3,3090,3904,107c2ea495266297e2d9,"Burke, Brendan",1000069375,Right,NOR_SPA,06820793-3c83-46c1-997e-30e07b0c4ccd,54.18299,-110.7351,11.42956,5.47697,-4.21694,-12.49282,1.99552,-8.72342,5.66749,,,,,,,,,,,,,,,,,,,,,,,,,,,,,,,,,,,,,,,,,,,,,,,,,,,High,High,High,,,,,,,,,,,,,,,,,,,,,,,,,,,,,,,,,,,,,,,
37,2026-03-18,14:23:26.99,6,2,"Crocker, Myles",10031149,Left,NOR_SPA,"Stallings, Maverick",1000118715,Right,OLD_MON,Undefined,1,Bottom,1,1,0,Fastball,Changeup,BallCalled,Undefined,Undefined,Undefined,0,0,,81.46092,0.404905,1.923693,1679.091302,145.637405,10:45,5.30843,-2.68655,5.40608,-28.75387,14.57576,-8.93603,3.29191,-1.62792,73.70852,-4.95779,0.335499,0.473766,,,,,,,,,,,,5.03677,7.63701,2.52136,50,5.32486,-3.5872,-118.03732,-0.08776,7.03844,24.46408,-21.50195,OLD_MON,NOR_SPA,BudMethenyBBStad,D1,SBELT,20260318-BudMethenyBBStad-1,8efda4d0-22f7-11f1-b0e4-ebb737895390,79.55917,,,7.7524,,,,,,,73be595d-676a-42c7-8f16-f99e9a025756,2026-03-18,18:23:26.99,2026-03-18T14:23:26.9910000-04:00,2026-03-18T18:23:26.9910000Z,,v3,3090,3904,107c2ea495266297e2d9,"Burke, Brendan",1000069375,Right,NOR_SPA,dd6f5b8c-fdb1-482c-93d6-2a0afe8af86c,55.09438,-119.08849,12.23204,5.30878,0.83613,-10.75097,2.68198,-3.88962,3.51922,,,,,,,,,,,,,,,,,,,,,,,,,,,,,,,,,,,,,,,,,,,,,,,,,,,High,High,High,,,,,,,,,,,,,,,,,,,,,,,,,,,,,,,,,,,,,,,
38,2026-03-18,14:23:43.27,6,3,"Crocker, Myles",10031149,Left,NOR_SPA,"Stallings, Maverick",1000118715,Right,OLD_MON,Undefined,1,Bottom,1,2,0,Fastball,Changeup,BallCalled,Undefined,Undefined,Undefined,0,0,,82.10926,0.301269,1.616806,1716.578312,148.772605,11:00,5.49331,-2.18461,5.70874,-26.74549,15.92332,-8.65855,3.54535,-1.39925,73.40638,-4.760514,0.068819,0.470139,,,,,,,,,,,,4.8902,8.43626,2.05421,50,5.50241,-2.99168,-118.88162,-0.17079,6.84274,27.51432,-20.36938,OLD_MON,NOR_SPA,BudMethenyBBStad,D1,SBELT,20260318-BudMethenyBBStad-1,98a62d90-22f7-11f1-b0e4-ebb737895390,80.1729,,,8.70288,,,,,,,73be595d-676a-42c7-8f16-f99e9a025756,2026-03-18,18:23:43.27,2026-03-18T14:23:43.2730000-04:00,2026-03-18T18:23:43.2730000Z,,v3,3090,3904,107c2ea495266297e2d9,"Burke, Brendan",1000069375,Right,NOR_SPA,55a3c59b-8de0-48c4-8b8c-e28c9cbfd221,54.78894,-119.98487,13.75716,5.49288,0.64596,-10.18469,2.17967,-3.26606,3.42137,,,,,,,,,,,,,,,,,,,,,,,,,,,,,,,,,,,,,,,,,,,,,,,,,,,High,High,High,,,,,,,,,,,,,,,,,,,,,,,,,,,,,,,,,,,,,,,
39,2026-03-18,14:24:00.28,6,4,"Crocker, Myles",10031149,Left,NOR_SPA,"Stallings, Maverick",1000118715,Right,OLD_MON,Undefined,1,Bottom,1,3,0,Fastball,Changeup,BallCalled,Walk,Undefined,Undefined,0,1,,82.30651,-2.046426,4.771088,1668.626207,140.238929,10:45,5.62954,-2.03369,5.5797,-24.7958,17.77273,-13.47997,1.64433,1.30966,74.32356,-6.702486,2.377188,0.469587,,,,,,,,,,,,8.35808,10.09264,1.6312,50,5.43688,-9.37686,-118.88878,-5.01144,11.80094,25.66854,-17.92403,OLD_MON,NOR_SPA,BudMethenyBBStad,D1,SBELT,20260318-BudMethenyBBStad-1,a2cdaa50-22f7-11f1-b0e4-ebb737895390,80.26727,,,7.98295,,,,,,,73be595d-676a-42c7-8f16-f99e9a025756,2026-03-18,18:24:00.28,2026-03-18T14:24:00.2820000-04:00,2026-03-18T18:24:00.2820000Z,,v3,3090,3904,107c2ea495266297e2d9,"Burke, Brendan",1000069375,Right,NOR_SPA,0016d2cf-4cbe-40a1-b29d-15113bc30660,54.92331,-119.94703,12.83427,5.62826,-4.27247,-8.96201,2.02782,-9.86338,5.90047,,,,,,,,,,,,,,,,,,,,,,,,,,,,,,,,,,,,,,,,,,,,,,,,,,,High,High,High,,,,,,,,,,,,,,,,,,,,,,,,,,,,,,,,,,,,,,,
40,2026-03-18,14:25:12.67,7,1,"Crocker, Myles",10031149,Left,NOR_SPA,"Sparr, Grayson",10150103,Right,OLD_MON,Undefined,1,Bottom,1,0,0,Fastball,Changeup,InPlay,Undefined,GroundBall,FieldersChoice,0,1,,82.63651,0.073733,2.966059,1760.499666,152.865263,11:00,5.57661,-2.31668,5.60072,-27.21155,14.87009,-6.83292,3.37792,-0.1143,74.38037,-5.035096,1.748921,0.466893,49.20396,-8.11998,-0.290635,1896.168842,,,,16.69192,16.29078,1.574345,0.224809,4.41803,7.9391,2.06674,50,5.56569,-5.9178,-119.64149,-0.69199,6.30164,26.5179,-20.8502,OLD_MON,NOR_SPA,BudMethenyBBStad,D1,SBELT,20260318-BudMethenyBBStad-1,cdf4b930-22f7-11f1-b0e4-ebb737895390,80.7303,3.27415,,8.25615,,,,0.89091,3.27415,0.17035,73be595d-676a-42c7-8f16-f99e9a025756,2026-03-18,18:25:12.67,2026-03-18T14:25:12.6710000-04:00,2026-03-18T18:25:12.6710000Z,GroundBall,v3,3090,3904,107c2ea495266297e2d9,"Burke, Brendan",1000069375,Right,NOR_SPA,74cfc2c8-c893-4873-9cc5-7f582b6a4493,54.90069,-120.72282,13.25895,5.57657,0.15822,-10.4251,2.31329,-6.17476,3.15082,300.35541,0.89041,71.47012,-5.37118,,,,,,,3.27473,-10.22698,-19.3153,,,,,,,0.17007,-0.34561,7.2518,,,,,,,,,,,,,,,,,,,,,,,,,,,,,High,High,High,Medium,High,,,,,,,,,,,,,,,,,,,,,,,,,,,,,,,,,,,,,
41,2026-03-18,14:25:51.62,8,1,"Crocker, Myles",10031149,Left,NOR_SPA,"Jay, Cash",1000482259,Right,OLD_MON,Undefined,1,Bottom,1,0,0,Fastball,Changeup,BallCalled,Undefined,Undefined,Undefined,0,0,,83.72273,-0.313905,3.919197,1780.502946,157.979431,11:15,5.5771,-2.17093,5.79936,-24.72273,16.71599,-6.06233,3.22419,0.97521,74.15832,-5.027489,2.837336,0.463313,,,,,,,,,,,,4.50032,9.08772,1.85149,50,5.53689,-8.02201,-120.87468,-1.37822,6.44713,30.51323,-19.15501,OLD_MON,NOR_SPA,BudMethenyBBStad,D1,SBELT,20260318-BudMethenyBBStad-1,e5259cf0-22f7-11f1-b0e4-ebb737895390,81.35413,,,9.5644,,,,,,,73be595d-676a-42c7-8f16-f99e9a025756,2026-03-18,18:25:51.62,2026-03-18T14:25:51.6240000-04:00,2026-03-18T18:25:51.6240000Z,,v3,3090,3904,107c2ea495266297e2d9,"Burke, Brendan",1000069375,Right,NOR_SPA,0759b6ca-d7f2-4d77-bad6-63d206d6d1a8,54.69664,-122.05452,15.25662,5.57586,-0.63756,-9.57751,2.16649,-8.2713,3.22356,,,,,,,,,,,,,,,,,,,,,,,,,,,,,,,,,,,,,,,,,,,,,,,,,,,High,High,High,,,,,,,,,,,,,,,,,,,,,,,,,,,,,,,,,,,,,,,
42,2026-03-18,14:26:07.58,8,2,"Crocker, Myles",10031149,Left,NOR_SPA,"Jay, Cash",1000482259,Right,OLD_MON,Undefined,1,Bottom,1,1,0,Fastball,Changeup,StrikeCalled,Undefined,Undefined,Undefined,0,0,,83.00158,-2.086542,2.45997,1687.424764,168.2471,11:30,5.6418,-2.19848,5.37181,-23.05426,19.65883,-3.72047,1.76147,-0.20049,73.81571,-6.458029,1.799457,0.470383,,,,,,,,,,,,2.7724,11.11985,1.98039,50,5.43892,-4.99151,-119.88958,-5.06341,3.91189,29.77308,-16.4839,OLD_MON,NOR_SPA,BudMethenyBBStad,D1,SBELT,20260318-BudMethenyBBStad-1,eeabd0a0-22f7-11f1-b0e4-ebb737895390,80.13133,,,9.18587,,,,,,,73be595d-676a-42c7-8f16-f99e9a025756,2026-03-18,18:26:07.58,2026-03-18T14:26:07.5800000-04:00,2026-03-18T18:26:07.5800000Z,,v3,3090,3904,107c2ea495266297e2d9,"Burke, Brendan",1000069375,Right,NOR_SPA,4697a680-ff19-4b5a-9970-147bc38cbdd5,55.12724,-121.15618,14.88654,5.63941,-4.36216,-8.24195,2.19628,-5.15793,1.95594,,,,,,,,,,,,,,,,,,,,,,,,,,,,,,,,,,,,,,,,,,,,,,,,,,,High,High,High,,,,,,,,,,,,,,,,,,,,,,,,,,,,,,,,,,,,,,,
43,2026-03-18,14:26:23.34,8,3,"Crocker, Myles",10031149,Left,NOR_SPA,"Jay, Cash",1000482259,Right,OLD_MON,Undefined,1,Bottom,1,1,1,Fastball,Changeup,BallCalled,Undefined,Undefined,Undefined,0,0,,81.76262,-1.979083,2.565421,1699.61609,145.45531,10:45,5.50932,-2.37731,5.43372,-26.49257,16.90383,-10.50123,1.44544,-0.84808,73.59773,-6.939086,0.69791,0.474131,,,,,,,,,,,,6.14473,9.63146,2.15735,50,5.3159,-4.86613,-118.28625,-4.9155,8.54273,26.50562,-18.78391,OLD_MON,NOR_SPA,BudMethenyBBStad,D1,SBELT,20260318-BudMethenyBBStad-1,f80eebf0-22f7-11f1-b0e4-ebb737895390,79.49797,,,8.16488,,,,,,,73be595d-676a-42c7-8f16-f99e9a025756,2026-03-18,18:26:23.34,2026-03-18T14:26:23.3400000-04:00,2026-03-18T18:26:23.3400000Z,,v3,3090,3904,107c2ea495266297e2d9,"Burke, Brendan",1000069375,Right,NOR_SPA,d16e8414-6148-486c-9875-7c7cdfc34707,55.06784,-119.41645,13.25281,5.50842,-4.11455,-9.39196,2.37261,-5.23039,4.27136,,,,,,,,,,,,,,,,,,,,,,,,,,,,,,,,,,,,,,,,,,,,,,,,,,,High,High,High,,,,,,,,,,,,,,,,,,,,,,,,,,,,,,,,,,,,,,,
44,2026-03-18,14:26:40.54,8,4,"Crocker, Myles",10031149,Left,NOR_SPA,"Jay, Cash",1000482259,Right,OLD_MON,Undefined,1,Bottom,1,2,1,Fastball,Changeup,InPlay,Undefined,FlyBall,Sacrifice,1,1,,83.20949,0.057076,3.110164,1743.607354,156.674673,11:15,5.58838,-2.24486,5.6331,-24.82667,16.48706,-6.47831,3.57283,0.12023,75.12137,-4.617985,1.955902,0.462614,80.78548,34.492056,-8.760236,2856.386557,108.78916,67.81361,-16.27543,269.59525,268.96508,-6.429425,4.868474,4.27378,8.76225,1.98406,50,5.57771,-6.2848,-120.51996,-0.63749,6.20717,26.1626,-19.44791,OLD_MON,NOR_SPA,BudMethenyBBStad,D1,SBELT,20260318-BudMethenyBBStad-1,025429e0-22f8-11f1-b0e4-ebb737895390,81.47715,78.48125,,8.08812,,,,1.31377,3.55641,-0.11749,73be595d-676a-42c7-8f16-f99e9a025756,2026-03-18,18:26:40.54,2026-03-18T14:26:40.5480000-04:00,2026-03-18T18:26:40.5480000Z,FlyBall,v3,3090,3904,107c2ea495266297e2d9,"Burke, Brendan",1000069375,Right,NOR_SPA,3c4bc21a-6df5-4138-83a8-1a4fd32f0f19,54.86956,-121.57246,13.0813,5.58762,0.14488,-9.72395,2.24191,-6.53451,3.10358,179.845058,1.31538,96.48058,-19.83427,4.43831,-0.72934,0.09118,-0.01074,0.0013,-8E-05,3.55642,67.094,-16.2656,0.5732,0.10344,-0.10939,0.03697,-0.00556,0.00031,-0.11743,-14.87583,3.0337,-0.50074,0.11159,-0.03284,0.00841,-0.0012,7E-05,,,,,,,,,,,,,,,,,,,,,,,High,High,High,High,High,,,,,,,,,,,,,,,,,,,,,,,,,,,,,,,,,,,,,
45,2026-03-18,14:27:27.46,9,1,"Crocker, Myles",10031149,Left,NOR_SPA,"Holman, Evan",1000137670,Right,OLD_MON,Undefined,1,Bottom,2,0,0,Fastball,Changeup,BallCalled,Undefined,Undefined,Undefined,0,0,,83.42091,-1.068154,2.232747,1751.075478,138.451175,10:30,5.44369,-2.35298,5.55033,-27.57116,13.52402,-10.71276,2.14698,-1.15805,75.65744,-6.20688,0.323018,0.461389,,,,,,,,,,,,6.05008,7.58134,2.16661,50,5.33319,-4.25935,-120.88575,-3.14641,8.86928,25.61426,-21.06,OLD_MON,NOR_SPA,BudMethenyBBStad,D1,SBELT,20260318-BudMethenyBBStad-1,1e466640-22f8-11f1-b0e4-ebb737895390,81.69347,,,7.76346,,,,,,,73be595d-676a-42c7-8f16-f99e9a025756,2026-03-18,18:27:27.46,2026-03-18T14:27:27.4600000-04:00,2026-03-18T18:27:27.4600000Z,,v3,3090,3904,107c2ea495266297e2d9,"Burke, Brendan",1000069375,Right,NOR_SPA,61da9c95-74d4-44d4-aa6f-55d3fdea2841,54.95089,-121.93027,12.80713,5.44398,-2.28761,-10.53,2.34768,-4.62103,4.43464,,,,,,,,,,,,,,,,,,,,,,,,,,,,,,,,,,,,,,,,,,,,,,,,,,,High,High,High,,,,,,,,,,,,,,,,,,,,,,,,,,,,,,,,,,,,,,,
46,2026-03-18,14:27:42.74,9,2,"Crocker, Myles",10031149,Left,NOR_SPA,"Holman, Evan",1000137670,Right,OLD_MON,Undefined,1,Bottom,2,1,0,Fastball,Changeup,InPlay,Undefined,GroundBall,FieldersChoice,1,0,,84.31887,-1.2724,2.751168,1691.142853,160.531171,11:15,5.2388,-2.38759,5.3879,-24.01793,16.73753,-5.38551,2.04301,-0.25551,75.96938,-5.777749,1.795132,0.459478,101.75038,4.780166,-30.869997,,,,,84.18629,84.18629,-33.591697,0.62896,3.61311,9.25441,2.14534,50,5.10851,-5.63584,-122.03724,-3.48223,5.36056,27.64785,-18.44386,OLD_MON,NOR_SPA,BudMethenyBBStad,D1,SBELT,20260318-BudMethenyBBStad-1,27623f60-22f8-11f1-b0e4-ebb737895390,82.03326,3.49373,,8.34949,,,,1.9417,2.04297,0.39028,73be595d-676a-42c7-8f16-f99e9a025756,2026-03-18,18:27:42.74,2026-03-18T14:27:42.7410000-04:00,2026-03-18T18:27:42.7410000Z,GroundBall,v3,3090,3904,107c2ea495266297e2d9,"Burke, Brendan",1000069375,Right,NOR_SPA,745093e9-94dc-4eee-8bea-91f187a3a0e5,55.11437,-123.19046,13.82393,5.23772,-2.71292,-9.22193,2.38508,-5.85944,2.68028,,1.9417,127.6462,-34.32221,6.58664,-0.25015,-3.33457,4.89167,-2.48163,0.04314,2.04298,12.43571,-27.83308,5.22601,-0.53182,-2.22111,3.65759,-2.2122,0.29443,0.39028,-76.30487,1.09177,2.73969,0.43176,-4.42912,7.10706,-4.67872,0.88274,,,,,,,,,,,,,,,,,,,,,,,High,High,High,High,High,,,,,,,,,,,,,,,,,,,,,,,,,,,,,,,,,,,,,
47,2026-03-18,14:30:10.86,1,1,"Sulpizio, Nick",1000138922,Right,OLD_MON,"Harrison, Josiah",1000201219,Right,NOR_SPA,Undefined,2,Top,0,0,0,Sinker,Changeup,StrikeCalled,Undefined,Undefined,Undefined,0,0,,88.06432,0.686512,-2.531643,1754.210044,266.078156,2:45,5.39159,1.36542,6.20545,-33.53498,2.66654,19.64521,3.23138,0.66401,79.2454,-5.587754,1.013956,0.433047,,,,,,,,,,,,-10.90445,1.58028,-1.18402,50,5.42693,4.82616,-127.71922,0.4152,-17.69078,30.67753,-29.61031,OLD_MON,NOR_SPA,BudMethenyBBStad,D1,SBELT,20260318-BudMethenyBBStad-1,7fa3a1a0-22f8-11f1-b0e4-ebb737895390,87.04012,,,8.81892,,,,,,,73be595d-676a-42c7-8f16-f99e9a025756,2026-03-18,18:30:10.86,2026-03-18T14:30:10.8650000-04:00,2026-03-18T18:30:10.8650000Z,,v3,3090,3904,107c2ea495266297e2d9,"Holman, Evan",1000137670,Right,OLD_MON,8f16ac58-95c2-440d-93ae-dac26b146011,54.29752,-128.74732,15.33876,5.39638,1.40754,-14.80515,-1.3557,5.41904,-8.84539,,,,,,,,,,,,,,,,,,,,,,,,,,,,,,,,,,,,,,,,,,,,,,,,,,,High,High,High,,,,,,,,,,,,,,,,,,,,,,,,,,,,,,,,,,,,,,,
48,2026-03-18,14:30:24.30,1,2,"Sulpizio, Nick",1000138922,Right,OLD_MON,"Harrison, Josiah",1000201219,Right,NOR_SPA,Undefined,2,Top,0,0,1,Slider,Curveball,BallCalled,Undefined,Undefined,Undefined,0,0,,80.83333,-0.942013,-2.918679,2145.338587,73.337631,8:30,5.31217,1.42429,5.98894,-47.39333,-3.17193,-16.61154,0.48837,-2.66763,72.32656,-9.678343,-5.902887,0.478617,,,,,,,,,,,,7.31681,-0.66508,-1.18503,50,5.21264,6.61638,-116.91934,-3.46603,9.74256,29.85448,-33.05961,OLD_MON,NOR_SPA,BudMethenyBBStad,D1,SBELT,20260318-BudMethenyBBStad-1,87b55dc0-22f8-11f1-b0e4-ebb737895390,78.7529,,,8.50677,,,,,,,73be595d-676a-42c7-8f16-f99e9a025756,2026-03-18,18:30:24.30,2026-03-18T14:30:24.3020000-04:00,2026-03-18T18:30:24.3020000Z,,v3,3090,3904,107c2ea495266297e2d9,"Holman, Evan",1000137670,Right,OLD_MON,365577b4-eddc-4ddf-8335-a214875974c2,54.51169,-118.06575,14.92724,5.32136,-2.19655,-16.5298,-1.43191,6.24227,4.87128,,,,,,,,,,,,,,,,,,,,,,,,,,,,,,,,,,,,,,,,,,,,,,,,,,,High,High,High,,,,,,,,,,,,,,,,,,,,,,,,,,,,,,,,,,,,,,,
49,2026-03-18,14:30:39.53,1,3,"Sulpizio, Nick",1000138922,Right,OLD_MON,"Harrison, Josiah",1000201219,Right,NOR_SPA,Undefined,2,Top,0,1,1,Fastball,Four-Seam,InPlay,Undefined,GroundBall,Out,1,0,,90.00522,-1.627262,-1.823418,2145.492408,219.876553,1:15,5.08117,1.29024,6.36288,-18.87611,15.25623,11.77516,2.00933,0.59273,81.73004,-5.233608,0.308363,0.420489,38.90334,-34.027007,-79.338518,,,,,5.26748,5.0403,-36.15424,0.065271,-6.715,8.79504,-1.1635,50,4.95433,3.69288,-130.68764,-4.24407,-11.51216,29.78152,-17.0959,OLD_MON,NOR_SPA,BudMethenyBBStad,D1,SBELT,20260318-BudMethenyBBStad-1,90bdaee0-22f8-11f1-b0e4-ebb737895390,89.63954,2.105,,8.27518,,,,3.67636,2.105,-0.04381,73be595d-676a-42c7-8f16-f99e9a025756,2026-03-18,18:30:39.53,2026-03-18T14:30:39.5380000-04:00,2026-03-18T18:30:39.5380000Z,GroundBall,v3,3090,3904,107c2ea495266297e2d9,"Holman, Evan",1000137670,Right,OLD_MON,94f86126-1b29-43c0-bfab-b6e3c5101a9a,54.14157,-131.62805,14.89076,5.07982,-3.70423,-8.54795,-1.28585,4.0564,-5.75608,180,3.67543,8.83663,,,,,,,,2.10837,-32.25002,,,,,,,,-0.03889,-46.93951,,,,,,,,,,,,,,,,,,,,,,,,,,,,,,High,High,High,Low,Low,,,,,,,,,,,,,,,,,,,,,,,,,,,,,,,,,,,,,
50,2026-03-18,14:31:13.47,2,1,"Sulpizio, Nick",1000138922,Right,OLD_MON,"Burke, Brendan",1000069375,Left,NOR_SPA,Undefined,2,Top,1,0,0,Slider,Slider,StrikeSwinging,Undefined,Undefined,Undefined,0,0,,82.09258,-1.009726,-2.061469,2160.814454,72.531238,8:30,5.37667,1.45217,6.17894,-43.18593,-0.80835,-8.0365,0.84459,-1.12228,73.393,-9.036081,-3.513089,0.468532,,,,,,,,,,,,3.43272,0.31862,-1.29194,50,5.27831,4.57534,-118.93223,-3.42869,4.73645,30.59124,-31.73444,OLD_MON,NOR_SPA,BudMethenyBBStad,D1,SBELT,20260318-BudMethenyBBStad-1,a4fdb440-22f8-11f1-b0e4-ebb737895390,80.44789,,,8.69958,,,,,,,73be595d-676a-42c7-8f16-f99e9a025756,2026-03-18,18:31:13.47,2026-03-18T14:31:13.4710000-04:00,2026-03-18T18:31:13.4710000Z,,v3,3090,3904,107c2ea495266297e2d9,"Holman, Evan",1000137670,Right,OLD_MON,111cc48d-26b2-452d-a2d4-62cccb05e8b8,54.32523,-120.03959,15.29562,5.38163,-2.27994,-15.86722,-1.45446,4.40389,2.36823,,,,,,,,,,,,,,,,,,,,,,,,,,,,,,,,,,,,,,,,,,,,,,,,,,,High,High,High,,,,,,,,,,,,,,,,,,,,,,,,,,,,,,,,,,,,,,,
51,2026-03-18,14:31:27.43,2,2,"Sulpizio, Nick",1000138922,Right,OLD_MON,"Burke, Brendan",1000069375,Left,NOR_SPA,Undefined,2,Top,1,0,1,Sinker,Sinker,FoulBallNotFieldable,Undefined,Undefined,Undefined,0,0,,89.97603,-0.172169,-2.166513,2024.592602,242.444441,2:00,5.19738,1.20316,6.4685,-24.02265,10.1743,17.17336,3.03724,0.64334,81.18847,-4.736814,0.948347,0.420887,67.68308,43.550594,-130.377941,4213.437218,,,,,27.82921,,,-9.67205,5.72859,-1.05726,50,5.1746,4.25572,-130.63152,-1.10685,-16.46382,31.34653,-22.42284,OLD_MON,NOR_SPA,BudMethenyBBStad,D1,SBELT,20260318-BudMethenyBBStad-1,ad4b8f00-22f8-11f1-b0e4-ebb737895390,89.55486,25.44325,,8.78756,,,,0.40331,3.05316,-0.59446,73be595d-676a-42c7-8f16-f99e9a025756,2026-03-18,18:31:27.43,2026-03-18T14:31:27.4370000-04:00,2026-03-18T18:31:27.4370000Z,,v3,3090,3904,107c2ea495266297e2d9,"Holman, Evan",1000137670,Right,OLD_MON,a7bfc784-c9da-4765-95b6-30e4033a6333,54.03533,-131.59628,15.67326,5.19804,-0.41674,-11.21142,-1.19604,4.76243,-8.23191,,0.41532,-47.01711,-2.62657,,,,,,,3.07117,67.79348,-30.53512,,,,,,,-0.60649,-54.40629,13.22708,,,,,,,,,,,,,,,,,,,,,,,,,,,,,High,High,High,Medium,Undefined,,,,,,,,,,,,,,,,,,,,,,,,,,,,,,,,,,,,,
52,2026-03-18,14:31:47.50,2,3,"Sulpizio, Nick",1000138922,Right,OLD_MON,"Burke, Brendan",1000069375,Left,NOR_SPA,Undefined,2,Top,1,0,2,ChangeUp,Changeup,InPlay,Undefined,GroundBall,Out,1,0,,85.38005,0.32623,-2.223877,1579.461064,267.413878,3:00,5.0421,1.48189,6.70551,-35.64963,2.14028,16.84021,2.36982,0.85074,76.92474,-6.396792,0.846131,0.442445,81.58738,-11.866698,25.035701,,,,,13.57442,13.57442,17.714801,0.100021,-9.64926,1.40795,-1.34001,50,5.05014,4.19975,-123.98311,-0.3352,-14.71813,29.42809,-30.02651,OLD_MON,NOR_SPA,BudMethenyBBStad,D1,SBELT,20260318-BudMethenyBBStad-1,b93d4470-22f8-11f1-b0e4-ebb737895390,85.19124,2.4671,,8.45531,,,,2.29285,2.4671,-0.8382,73be595d-676a-42c7-8f16-f99e9a025756,2026-03-18,18:31:47.50,2026-03-18T14:31:47.5030000-04:00,2026-03-18T18:31:47.5030000Z,GroundBall,v3,3090,3904,107c2ea495266297e2d9,"Holman, Evan",1000137670,Right,OLD_MON,b4b5c4cd-872d-4bb8-a733-5dc31a788598,53.79897,-124.88156,14.71405,5.04638,0.58152,-15.01326,-1.47509,4.6491,-7.35907,,2.28874,106.35647,,,,,,,,2.46805,-24.66576,,,,,,,,-0.84011,49.67554,,,,,,,,,,,,,,,,,,,,,,,,,,,,,,High,High,High,Estimated,Estimated,,,,,,,,,,,,,,,,,,,,,,,,,,,,,,,,,,,,,
53,2026-03-18,14:32:20.68,3,1,"Sulpizio, Nick",1000138922,Right,OLD_MON,"Hoeft, Ryan",10146366,Right,NOR_SPA,Undefined,2,Top,2,0,0,Fastball,Sinker,StrikeCalled,Undefined,Undefined,Undefined,0,0,,90.92792,-1.361723,-3.324326,1988.416254,241.662051,2:00,5.12024,1.05684,6.24147,-23.92163,9.58493,15.74107,1.86825,-0.70149,82.9377,-5.854862,-0.484439,0.416616,,,,,,,,,,,,-9.09953,5.69426,-0.81617,50,5.00671,7.01077,-131.92688,-3.90399,-15.9857,28.90607,-22.17059,OLD_MON,NOR_SPA,BudMethenyBBStad,D1,SBELT,20260318-BudMethenyBBStad-1,cd0e5b60-22f8-11f1-b0e4-ebb737895390,90.47278,,,7.99022,,,,,,,73be595d-676a-42c7-8f16-f99e9a025756,2026-03-18,18:32:20.68,2026-03-18T14:32:20.6840000-04:00,2026-03-18T18:32:20.6840000Z,,v3,3090,3904,107c2ea495266297e2d9,"Holman, Evan",1000137670,Right,OLD_MON,f638c84b-2761-4ccd-b6b1-6c037ef56217,54.26321,-132.85769,14.45304,5.12093,-3.19007,-11.0853,-1.05021,7.52553,-7.99285,,,,,,,,,,,,,,,,,,,,,,,,,,,,,,,,,,,,,,,,,,,,,,,,,,,High,High,High,,,,,,,,,,,,,,,,,,,,,,,,,,,,,,,,,,,,,,,
54,2026-03-18,14:32:38.96,3,2,"Sulpizio, Nick",1000138922,Right,OLD_MON,"Hoeft, Ryan",10146366,Right,NOR_SPA,Undefined,2,Top,2,0,1,Fastball,Four-Seam,FoulBallNotFieldable,Undefined,Undefined,Undefined,0,0,,91.04409,-1.268773,-2.807947,2185.437946,212.770279,1:00,5.21057,1.10602,6.80389,-14.21383,18.94387,11.4004,2.86654,-0.50871,81.71864,-4.077159,-0.729643,0.414442,,,,,,,,,,,,-6.94099,10.78713,-0.9276,50,5.12245,6.03027,-132.0747,-3.22399,-12.0257,33.1488,-13.48469,OLD_MON,NOR_SPA,BudMethenyBBStad,D1,SBELT,20260318-BudMethenyBBStad-1,d7f382d0-22f8-11f1-b0e4-ebb737895390,90.94749,,,9.32545,,,,,,,73be595d-676a-42c7-8f16-f99e9a025756,2026-03-18,18:32:38.96,2026-03-18T14:32:38.9650000-04:00,2026-03-18T18:32:38.9650000Z,,v3,3090,3904,107c2ea495266297e2d9,"Holman, Evan",1000137670,Right,OLD_MON,91b87ce6-2fbd-4ea0-8c75-95cbd97203a1,53.69784,-132.99956,16.5744,5.20715,-2.84777,-6.74235,-1.10052,6.36579,-6.01285,,,,,,,,,,,,,,,,,,,,,,,,,,,,,,,,,,,,,,,,,,,,,,,,,,,High,High,High,,,,,,,,,,,,,,,,,,,,,,,,,,,,,,,,,,,,,,,
55,2026-03-18,14:32:59.95,3,3,"Sulpizio, Nick",1000138922,Right,OLD_MON,"Hoeft, Ryan",10146366,Right,NOR_SPA,Undefined,2,Top,2,0,2,Slider,Slider,StrikeCalled,Strikeout,Undefined,Undefined,0,0,,81.58235,-0.090586,-0.223142,2058.753198,79.957609,8:45,5.19003,1.13769,6.05823,-42.92699,-0.44189,-11.33418,1.52892,-0.01339,73.65397,-8.051303,-2.267193,0.469126,,,,,,,,,,,,5.78847,0.21937,-1.11423,50,5.16014,0.89029,-118.38869,-1.54882,8.03387,27.25453,-31.8696,OLD_MON,NOR_SPA,BudMethenyBBStad,D1,SBELT,20260318-BudMethenyBBStad-1,e476f0f0-22f8-11f1-b0e4-ebb737895390,80.34602,,,7.92838,,,,,,,73be595d-676a-42c7-8f16-f99e9a025756,2026-03-18,18:32:59.95,2026-03-18T14:32:59.9560000-04:00,2026-03-18T18:32:59.9560000Z,,v3,3090,3904,107c2ea495266297e2d9,"Holman, Evan",1000137670,Right,OLD_MON,964559bd-d1e0-40b8-b957-5b37ae3eec46,54.4459,-119.4078,13.62726,5.19577,-0.35714,-15.9348,-1.1419,0.58988,4.01694,,,,,,,,,,,,,,,,,,,,,,,,,,,,,,,,,,,,,,,,,,,,,,,,,,,High,High,High,,,,,,,,,,,,,,,,,,,,,,,,,,,,,,,,,,,,,,,
56,2026-03-18,14:35:11.42,1,1,"Crocker, Myles",10031149,Left,NOR_SPA,"Aiken, TJ",10109727,Left,OLD_MON,Undefined,2,Bottom,0,0,0,Fastball,Changeup,StrikeSwinging,Undefined,Undefined,Undefined,0,0,,80.98112,-0.211714,2.435952,1712.440344,149.693033,11:00,5.68079,-2.07302,5.25911,-26.32761,18.51564,-9.76981,3.28771,-0.5969,72.11467,-5.178185,0.705268,0.48197,,,,,,,,,,,,5.69811,9.80438,1.85696,50,5.64282,-4.55823,-117.04937,-1.24264,7.69926,27.45477,-18.92645,OLD_MON,NOR_SPA,BudMethenyBBStad,D1,SBELT,20260318-BudMethenyBBStad-1,32d95120-22f9-11f1-b0e4-ebb737895390,78.20496,,,8.86645,,,,,,,73be595d-676a-42c7-8f16-f99e9a025756,2026-03-18,18:35:11.42,2026-03-18T14:35:11.4250000-04:00,2026-03-18T18:35:11.4250000Z,,v3,3090,3904,107c2ea495266297e2d9,"Burke, Brendan",1000069375,Right,NOR_SPA,077f3689-b95f-481d-a43a-6281852ebdb6,55.23868,-118.27175,13.72739,5.67939,-0.39996,-9.46323,2.06754,-4.90103,3.84963,,,,,,,,,,,,,,,,,,,,,,,,,,,,,,,,,,,,,,,,,,,,,,,,,,,High,High,High,,,,,,,,,,,,,,,,,,,,,,,,,,,,,,,,,,,,,,,
57,2026-03-18,14:35:25.35,1,2,"Crocker, Myles",10031149,Left,NOR_SPA,"Aiken, TJ",10109727,Left,OLD_MON,Undefined,2,Bottom,0,0,1,Fastball,Changeup,BallCalled,Undefined,Undefined,Undefined,0,0,,83.30443,-2.275889,4.508522,1687.157782,141.147378,10:45,5.56438,-2.15792,5.40237,-25.39017,16.7369,-12.15564,1.30799,1.06291,74.73958,-7.032537,2.355423,0.467145,,,,,,,,,,,,7.68032,9.65067,1.76403,50,5.34352,-8.97169,-120.22617,-5.59537,11.00326,27.91048,-18.34794,OLD_MON,NOR_SPA,BudMethenyBBStad,D1,SBELT,20260318-BudMethenyBBStad-1,3b1d67e0-22f9-11f1-b0e4-ebb737895390,80.68677,,,8.56485,,,,,,,73be595d-676a-42c7-8f16-f99e9a025756,2026-03-18,18:35:25.35,2026-03-18T14:35:25.3540000-04:00,2026-03-18T18:35:25.3540000Z,,v3,3090,3904,107c2ea495266297e2d9,"Burke, Brendan",1000069375,Right,NOR_SPA,d88755e6-4d83-4ccf-b633-a18d1821409a,55.1,-121.40435,13.95524,5.56337,-4.82084,-9.17397,2.15255,-9.43617,5.50163,,,,,,,,,,,,,,,,,,,,,,,,,,,,,,,,,,,,,,,,,,,,,,,,,,,High,High,High,,,,,,,,,,,,,,,,,,,,,,,,,,,,,,,,,,,,,,,
58,2026-03-18,14:35:40.26,1,3,"Crocker, Myles",10031149,Left,NOR_SPA,"Aiken, TJ",10109727,Left,OLD_MON,Undefined,2,Bottom,0,1,1,Slider,Curveball,BallCalled,Undefined,Undefined,Undefined,0,0,,73.21317,0.922114,-0.010232,2023.22464,265.670997,2:45,5.50622,-2.13092,4.82321,-51.9583,2.57882,10.29741,2.0499,-1.2825,67.01185,-8.473381,1.803997,0.531517,,,,,,,,,,,,-5.10111,1.47768,2.12243,50,5.55294,-0.38085,-106.1556,-0.04574,-5.78629,19.18111,-30.4979,OLD_MON,NOR_SPA,BudMethenyBBStad,D1,SBELT,20260318-BudMethenyBBStad-1,440f4ad0-22f9-11f1-b0e4-ebb737895390,70.91479,,,6.20131,,,,,,,73be595d-676a-42c7-8f16-f99e9a025756,2026-03-18,18:35:40.26,2026-03-18T14:35:40.2660000-04:00,2026-03-18T18:35:40.2660000Z,,v3,3090,3904,107c2ea495266297e2d9,"Burke, Brendan",1000069375,Right,NOR_SPA,2330cf88-3f5d-44d1-91d4-612e7321852c,55.68191,-107.17734,9.59055,5.51211,1.57882,-15.24895,2.13451,-0.07262,-2.89315,,,,,,,,,,,,,,,,,,,,,,,,,,,,,,,,,,,,,,,,,,,,,,,,,,,High,High,High,,,,,,,,,,,,,,,,,,,,,,,,,,,,,,,,,,,,,,,
59,2026-03-18,14:35:55.39,1,4,"Crocker, Myles",10031149,Left,NOR_SPA,"Aiken, TJ",10109727,Left,OLD_MON,Undefined,2,Bottom,0,2,1,Fastball,Changeup,BallCalled,Undefined,Undefined,Undefined,0,0,,83.12627,-2.313212,4.066573,1777.008652,149.383831,11:00,5.53621,-2.06145,5.43447,-24.23761,17.56757,-9.50678,1.34329,0.96135,75.3106,-6.843161,2.380576,0.465357,,,,,,,,,,,,6.0524,9.99256,1.70732,50,5.31427,-8.1464,-120.1547,-5.62512,8.75307,25.61419,-17.72264,OLD_MON,NOR_SPA,BudMethenyBBStad,D1,SBELT,20260318-BudMethenyBBStad-1,4d0a7c90-22f9-11f1-b0e4-ebb737895390,80.99681,,,7.81566,,,,,,,73be595d-676a-42c7-8f16-f99e9a025756,2026-03-18,18:35:55.39,2026-03-18T14:35:55.3930000-04:00,2026-03-18T18:35:55.3930000Z,,v3,3090,3904,107c2ea495266297e2d9,"Burke, Brendan",1000069375,Right,NOR_SPA,a2a217a1-3752-4a60-a40e-35fa4a6c58fe,55.0682,-121.23031,12.80709,5.53486,-4.88089,-8.86132,2.05712,-8.51397,4.37654,,,,,,,,,,,,,,,,,,,,,,,,,,,,,,,,,,,,,,,,,,,,,,,,,,,High,High,High,,,,,,,,,,,,,,,,,,,,,,,,,,,,,,,,,,,,,,,
60,2026-03-18,14:36:09.13,1,5,"Crocker, Myles",10031149,Left,NOR_SPA,"Aiken, TJ",10109727,Left,OLD_MON,Undefined,2,Bottom,0,3,1,Fastball,Changeup,BallCalled,Walk,Undefined,Undefined,0,0,,81.68222,0.902292,2.792997,1712.422875,166.981222,11:30,5.44545,-2.08542,5.4098,-28.87206,14.05312,-2.92209,3.88596,0.29019,74.25092,-4.465517,2.274507,0.47155,,,,,,,,,,,,2.27032,7.2189,1.83856,50,5.50607,-5.65136,-118.34508,0.93168,3.20642,23.46006,-21.97862,OLD_MON,NOR_SPA,BudMethenyBBStad,D1,SBELT,20260318-BudMethenyBBStad-1,553d2e30-22f9-11f1-b0e4-ebb737895390,79.93311,,,7.4313,,,,,,,73be595d-676a-42c7-8f16-f99e9a025756,2026-03-18,18:36:09.13,2026-03-18T14:36:09.1360000-04:00,2026-03-18T18:36:09.1360000Z,,v3,3090,3904,107c2ea495266297e2d9,"Burke, Brendan",1000069375,Right,NOR_SPA,df485e6c-b122-4430-a3a3-d2d2bd3fb3a0,55.09172,-119.35017,11.73003,5.44598,1.8733,-10.98931,2.08362,-5.78873,1.60321,,,,,,,,,,,,,,,,,,,,,,,,,,,,,,,,,,,,,,,,,,,,,,,,,,,High,High,High,,,,,,,,,,,,,,,,,,,,,,,,,,,,,,,,,,,,,,,
61,2026-03-18,14:36:46.07,2,1,"Crocker, Myles",10031149,Left,NOR_SPA,"Johnson, William",822847,Right,OLD_MON,Undefined,2,Bottom,0,0,0,Fastball,Changeup,BallCalled,Undefined,Undefined,Undefined,0,0,,80.25953,1.803727,1.132717,1648.623132,169.129676,11:45,5.45798,-2.21918,5.71483,-29.82679,14.16509,-2.43882,4.65379,-1.36695,72.74582,-3.785402,0.696854,0.477373,,,,,,,,,,,,1.56476,7.09536,2.1258,50,5.59084,-2.20324,-116.37448,2.76367,2.1318,23.17775,-22.50754,OLD_MON,NOR_SPA,BudMethenyBBStad,D1,SBELT,20260318-BudMethenyBBStad-1,6b3c48b0-22f9-11f1-b0e4-ebb737895390,78.95811,,,7.51372,,,,,,,73be595d-676a-42c7-8f16-f99e9a025756,2026-03-18,18:36:46.07,2026-03-18T14:36:46.0790000-04:00,2026-03-18T18:36:46.0790000Z,,v3,3090,3904,107c2ea495266297e2d9,"Burke, Brendan",1000069375,Right,NOR_SPA,a5ed6afe-792a-4cd6-92b8-71b096ff7353,54.78584,-117.32378,11.58888,5.45877,3.68553,-11.25377,2.21783,-2.29055,1.0659,,,,,,,,,,,,,,,,,,,,,,,,,,,,,,,,,,,,,,,,,,,,,,,,,,,High,High,High,,,,,,,,,,,,,,,,,,,,,,,,,,,,,,,,,,,,,,,
62,2026-03-18,14:37:07.42,2,2,"Crocker, Myles",10031149,Left,NOR_SPA,"Johnson, William",822847,Right,OLD_MON,Undefined,2,Bottom,0,1,0,Fastball,Changeup,InPlay,Undefined,GroundBall,Single,0,0,,82.39499,-0.09274,3.495061,1716.326007,150.033485,11:00,5.43342,-2.20406,5.53274,-26.21005,16.19194,-8.4517,3.16239,0.36306,74.26794,-5.013565,1.992735,0.468667,94.2803,-0.608139,-22.318845,3009.476078,,,,46.11991,44.27766,-22.754894,0.339638,5.40567,8.64497,1.90583,50,5.40832,-6.93913,-119.25537,-1.00524,7.67306,26.00519,-19.90301,OLD_MON,NOR_SPA,BudMethenyBBStad,D1,SBELT,20260318-BudMethenyBBStad-1,77f593e0-22f9-11f1-b0e4-ebb737895390,80.42473,3.19308,,8.12705,,,,1.77624,3.19308,-0.2573,73be595d-676a-42c7-8f16-f99e9a025756,2026-03-18,18:37:07.42,2026-03-18T14:37:07.4230000-04:00,2026-03-18T18:37:07.4230000Z,GroundBall,v3,3090,3904,107c2ea495266297e2d9,"Burke, Brendan",1000069375,Right,NOR_SPA,6e5d2949-d8d3-474b-984d-f3f87f5d0828,54.96993,-120.33425,13.0026,5.4329,-0.17952,-9.9515,2.20032,-7.25746,3.83653,,1.78334,127.63212,-22.61356,,,,,,,3.20031,-1.75262,-22.64296,,,,,,,-0.25613,-52.55617,2.3095,,,,,,,,,,,,,,,,,,,,,,,,,,,,,High,High,High,High,High,,,,,,,,,,,,,,,,,,,,,,,,,,,,,,,,,,,,,
63,2026-03-18,14:37:55.18,3,1,"Crocker, Myles",10031149,Left,NOR_SPA,"Leite, Zachary",1000218664,Left,OLD_MON,Undefined,2,Bottom,0,0,0,Slider,Curveball,InPlay,Undefined,Popup,Single,0,1,,74.74968,1.157763,1.561562,1923.146001,244.80191,2:15,5.30412,-2.019,5.13617,-46.80463,5.04512,7.03937,2.49464,0.03862,68.163,-7.383129,2.806794,0.518257,81.8914,53.471145,-5.531813,,106.41057,116.03738,-27.87084,174.90081,174.90081,-17.180324,5.480198,-3.04465,2.65201,1.86668,50,5.37674,-3.22558,-108.34549,0.65457,-3.59098,20.3027,-29.04615,OLD_MON,NOR_SPA,BudMethenyBBStad,D1,SBELT,20260318-BudMethenyBBStad-1,946f9de0-22f9-11f1-b0e4-ebb737895390,72.72931,116.49783,,6.58668,,,,1.15535,2.5433,0.19569,73be595d-676a-42c7-8f16-f99e9a025756,2026-03-18,18:37:55.18,2026-03-18T14:37:55.1870000-04:00,2026-03-18T18:37:55.1870000Z,Popup,v3,3090,3904,107c2ea495266297e2d9,"Burke, Brendan",1000069375,Right,NOR_SPA,40b7ed34-5651-4e81-ac64-ab1bc154a845,55.36766,-109.3467,10.15135,5.30914,2.08696,-14.52307,2.02138,-3.0485,-1.79549,,1.15816,71.08522,-23.28362,6.5944,-1.15343,0.06391,0.01938,-0.00396,0.00022,2.54006,96.56837,-24.41439,1.93172,-0.03322,-0.10614,0.04093,-0.00669,0.0004,0.19517,-6.89065,-3.65009,1.66739,-0.41189,0.04855,0.00229,-0.00122,9E-05,,,,,,,,,,,,,,,,,,,,,,,High,High,High,Medium,Low,,,,,,,,,,,,,,,,,,,,,,,,,,,,,,,,,,,,,
64,2026-03-18,14:38:42.36,4,1,"Crocker, Myles",10031149,Left,NOR_SPA,"Zedalis, Tyler",822603,Right,OLD_MON,Undefined,2,Bottom,0,0,0,Fastball,Changeup,BallCalled,Undefined,Undefined,Undefined,0,0,,79.99216,1.95975,1.443282,1660.972625,166.051684,11:30,5.61887,-2.21315,5.64318,-31.82801,12.74764,-2.78555,4.79613,-1.09852,72.26478,-3.990258,0.946235,0.48053,,,,,,,,,,,,1.8374,6.31587,2.09221,50,5.7656,-2.80683,-115.90103,2.98269,2.47474,23.64892,-23.66736,OLD_MON,NOR_SPA,BudMethenyBBStad,D1,SBELT,20260318-BudMethenyBBStad-1,b08e1a60-22f9-11f1-b0e4-ebb737895390,78.43934,,,7.72738,,,,,,,73be595d-676a-42c7-8f16-f99e9a025756,2026-03-18,18:38:42.36,2026-03-18T14:38:42.3660000-04:00,2026-03-18T18:38:42.3660000Z,,v3,3090,3904,107c2ea495266297e2d9,"Burke, Brendan",1000069375,Right,NOR_SPA,14d08ad0-d6a3-460e-bb58-44609530568d,54.85655,-116.88778,11.82446,5.62054,3.97021,-11.83368,2.21148,-2.91009,1.23737,,,,,,,,,,,,,,,,,,,,,,,,,,,,,,,,,,,,,,,,,,,,,,,,,,,High,High,High,,,,,,,,,,,,,,,,,,,,,,,,,,,,,,,,,,,,,,,
65,2026-03-18,14:39:01.63,4,2,"Crocker, Myles",10031149,Left,NOR_SPA,"Zedalis, Tyler",822603,Right,OLD_MON,Undefined,2,Bottom,0,1,0,ChangeUp,Changeup,StrikeSwinging,Undefined,Undefined,Undefined,0,0,,76.47213,0.29565,2.846333,1476.380786,111.143498,9:45,5.44532,-2.22362,6.07153,-41.34794,6.42075,-12.48528,2.27361,-0.62776,69.79487,-7.387524,0.59916,0.497443,,,,,,,,,,,,7.24327,3.72193,2.00922,50,5.44648,-5.06681,-110.95305,-0.63011,8.97391,20.98875,-27.56283,OLD_MON,NOR_SPA,BudMethenyBBStad,D1,SBELT,20260318-BudMethenyBBStad-1,bc13a080-22f9-11f1-b0e4-ebb737895390,75.77242,,,6.67727,,,,,,,73be595d-676a-42c7-8f16-f99e9a025756,2026-03-18,18:39:01.63,2026-03-18T14:39:01.6350000-04:00,2026-03-18T18:39:01.6350000Z,,v3,3090,3904,107c2ea495266297e2d9,"Burke, Brendan",1000069375,Right,NOR_SPA,82d3f9e7-3d13-42d1-b111-b05dd759b6da,54.43194,-111.78828,10.49437,5.44973,0.46674,-13.78142,2.21796,-5.42393,4.48696,,,,,,,,,,,,,,,,,,,,,,,,,,,,,,,,,,,,,,,,,,,,,,,,,,,High,High,High,,,,,,,,,,,,,,,,,,,,,,,,,,,,,,,,,,,,,,,
66,2026-03-18,14:39:19.30,4,3,"Crocker, Myles",10031149,Left,NOR_SPA,"Zedalis, Tyler",822603,Right,OLD_MON,Undefined,2,Bottom,0,1,1,Fastball,Changeup,BallCalled,Undefined,Undefined,Undefined,0,0,,82.29606,0.454602,2.251944,1708.942081,147.802542,11:00,5.48586,-2.40746,5.67658,-26.83289,15.26812,-8.68044,3.67397,-1.03016,74.31831,-4.590185,0.702077,0.467001,,,,,,,,,,,,5.07721,8.0315,2.22274,50,5.50768,-4.33259,-119.26347,0.12809,7.22802,25.41648,-20.74019,OLD_MON,NOR_SPA,BudMethenyBBStad,D1,SBELT,20260318-BudMethenyBBStad-1,c69216e0-22f9-11f1-b0e4-ebb737895390,80.71174,,,7.97776,,,,,,,73be595d-676a-42c7-8f16-f99e9a025756,2026-03-18,18:39:19.30,2026-03-18T14:39:19.3000000-04:00,2026-03-18T18:39:19.3000000Z,,v3,3090,3904,107c2ea495266297e2d9,"Burke, Brendan",1000069375,Right,NOR_SPA,214bb557-d46a-4520-bef8-af258df8e02b,54.8243,-120.28719,12.70824,5.48569,0.96346,-10.3701,2.40311,-4.62372,3.61401,,,,,,,,,,,,,,,,,,,,,,,,,,,,,,,,,,,,,,,,,,,,,,,,,,,High,High,High,,,,,,,,,,,,,,,,,,,,,,,,,,,,,,,,,,,,,,,
67,2026-03-18,14:39:39.47,4,4,"Crocker, Myles",10031149,Left,NOR_SPA,"Zedalis, Tyler",822603,Right,OLD_MON,Undefined,2,Bottom,0,2,1,ChangeUp,Changeup,BallCalled,Undefined,Undefined,Undefined,0,0,,77.27599,-3.283937,4.542906,1562.513974,115.004333,9:45,5.53841,-2.16592,6.03618,-39.43825,7.73386,-13.12768,-0.80218,0.95597,70.94012,-10.536762,2.183932,0.494327,,,,,,,,,,,,8.31449,5.33591,1.81796,50,5.25898,-8.44327,-111.78105,-7.56554,10.43395,21.68669,-25.47797,OLD_MON,NOR_SPA,BudMethenyBBStad,D1,SBELT,20260318-BudMethenyBBStad-1,d293aad0-22f9-11f1-b0e4-ebb737895390,76.25007,,,6.33587,,,,,,,73be595d-676a-42c7-8f16-f99e9a025756,2026-03-18,18:39:39.47,2026-03-18T14:39:39.4740000-04:00,2026-03-18T18:39:39.4740000Z,,v3,3090,3904,107c2ea495266297e2d9,"Burke, Brendan",1000069375,Right,NOR_SPA,fb81ec5c-85dd-4784-8b46-3126a7d37907,54.47158,-112.64524,10.84334,5.54023,-6.55027,-12.73899,2.1627,-8.85906,5.21698,,,,,,,,,,,,,,,,,,,,,,,,,,,,,,,,,,,,,,,,,,,,,,,,,,,High,High,High,,,,,,,,,,,,,,,,,,,,,,,,,,,,,,,,,,,,,,,
68,2026-03-18,14:40:07.20,4,5,"Crocker, Myles",10031149,Left,NOR_SPA,"Zedalis, Tyler",822603,Right,OLD_MON,Undefined,2,Bottom,0,3,1,Fastball,Changeup,BallCalled,Walk,Undefined,Undefined,0,0,,80.00273,2.0192,1.40715,1727.752533,148.008605,11:00,5.57237,-2.0822,5.53937,-29.27297,15.85076,-8.85721,5.02173,-1.50472,71.61721,-3.493041,-0.17035,0.483475,,,,,,,,,,,,4.88827,7.79331,1.96592,50,5.72885,-2.47807,-115.7872,3.1989,6.51268,25.37057,-21.79094,OLD_MON,NOR_SPA,BudMethenyBBStad,D1,SBELT,20260318-BudMethenyBBStad-1,e31e2240-22f9-11f1-b0e4-ebb737895390,77.96152,,,8.38552,,,,,,,73be595d-676a-42c7-8f16-f99e9a025756,2026-03-18,18:40:07.20,2026-03-18T14:40:07.2020000-04:00,2026-03-18T18:40:07.2020000Z,,v3,3090,3904,107c2ea495266297e2d9,"Burke, Brendan",1000069375,Right,NOR_SPA,9800a954-8ab3-400d-b678-c97e700f0cff,54.95932,-116.8688,12.68529,5.57267,4.12789,-10.89547,2.07748,-2.75573,3.25634,,,,,,,,,,,,,,,,,,,,,,,,,,,,,,,,,,,,,,,,,,,,,,,,,,,High,High,High,,,,,,,,,,,,,,,,,,,,,,,,,,,,,,,,,,,,,,,
69,2026-03-18,14:40:40.38,5,1,"Crocker, Myles",10031149,Left,NOR_SPA,"Dye, Macaddin",831173,Right,OLD_MON,Undefined,2,Bottom,0,0,0,Fastball,Changeup,FoulBallNotFieldable,Undefined,Undefined,Undefined,0,0,,82.88868,-0.358883,2.2568,1692.028545,136.898206,10:30,5.56026,-2.24383,5.39823,-25.6908,16.60103,-14.02631,3.08275,-1.29652,74.28013,-5.192702,-0.235671,0.468058,69.31004,38.623229,156.811331,3433.034946,,,,,39.41684,,,7.82449,8.91304,2.05263,50,5.51082,-4.13753,-119.98892,-1.56121,11.16991,27.71971,-19.45018,OLD_MON,NOR_SPA,BudMethenyBBStad,D1,SBELT,20260318-BudMethenyBBStad-1,f6ea3020-22f9-11f1-b0e4-ebb737895390,80.52942,28.00045,,8.60855,,,,1.40302,2.95052,1.56038,73be595d-676a-42c7-8f16-f99e9a025756,2026-03-18,18:40:40.38,2026-03-18T14:40:40.3860000-04:00,2026-03-18T18:40:40.3860000Z,,v3,3090,3904,107c2ea495266297e2d9,"Burke, Brendan",1000069375,Right,NOR_SPA,266067d6-907b-4e38-80f7-45cebf565fe2,55.10353,-121.1622,13.85986,5.55948,-0.73796,-9.72509,2.23776,-4.61032,5.58496,,1.40302,-73.00336,6.26041,1.17977,-0.54439,0.20306,-0.05853,0.01686,-0.00389,2.95052,63.45241,-33.5736,5.7502,-1.25288,0.26863,-0.04608,0.00433,0.0015,1.56038,31.27219,-4.1728,-0.27974,0.18278,-0.07703,0.02242,-0.00642,0.0015,,,,,,,,,,,,,,,,,,,,,,,High,High,High,High,Undefined,,,,,,,,,,,,,,,,,,,,,,,,,,,,,,,,,,,,,
70,2026-03-18,14:41:02.32,5,2,"Crocker, Myles",10031149,Left,NOR_SPA,"Dye, Macaddin",831173,Right,OLD_MON,Undefined,2,Bottom,0,0,1,ChangeUp,Changeup,HitByPitch,Undefined,Undefined,Undefined,0,1,,76.65043,0.51244,4.286406,1313.108713,125.992967,10:15,5.61005,-1.92694,5.77319,-36.85104,11.37339,-13.42268,3.01738,0.95113,69.76302,-6.332912,1.891818,0.49981,,,,,,,,,,,,8.06922,6.1291,1.57988,50,5.63041,-7.81609,-110.97439,-0.0975,10.01104,20.81231,-24.57002,OLD_MON,NOR_SPA,BudMethenyBBStad,D1,SBELT,20260318-BudMethenyBBStad-1,0402d960-22fa-11f1-b0e4-ebb737895390,75.41352,,,6.88742,,,,,,,73be595d-676a-42c7-8f16-f99e9a025756,2026-03-18,18:41:02.32,2026-03-18T14:41:02.3210000-04:00,2026-03-18T18:41:02.3210000Z,,v3,3090,3904,107c2ea495266297e2d9,"Burke, Brendan",1000069375,Right,NOR_SPA,9de7afcf-c418-49f2-833c-d562edd5c1f2,54.72984,-111.85791,10.40616,5.61241,0.94554,-12.28501,1.92071,-8.24108,5.00552,,,,,,,,,,,,,,,,,,,,,,,,,,,,,,,,,,,,,,,,,,,,,,,,,,,High,High,High,,,,,,,,,,,,,,,,,,,,,,,,,,,,,,,,,,,,,,,
71,2026-03-18,14:41:34.23,6,1,"Crocker, Myles",10031149,Left,NOR_SPA,"Stallings, Maverick",1000118715,Right,OLD_MON,Undefined,2,Bottom,0,0,0,Fastball,Changeup,BallCalled,Undefined,Undefined,Undefined,0,0,,83.47128,1.180926,1.044918,1700.389702,148.242181,11:00,5.58706,-2.10706,5.33405,-26.93336,14.66261,-8.14374,4.45104,-1.80513,75.01458,-3.862629,-0.400761,0.464191,,,,,,,,,,,,4.36866,7.38918,2.01851,50,5.67504,-1.84583,-120.87658,1.61021,6.36622,26.87238,-21.40617,OLD_MON,NOR_SPA,BudMethenyBBStad,D1,SBELT,20260318-BudMethenyBBStad-1,16f88470-22fa-11f1-b0e4-ebb737895390,81.20024,,,8.4567,,,,,,,73be595d-676a-42c7-8f16-f99e9a025756,2026-03-18,18:41:34.23,2026-03-18T14:41:34.2390000-04:00,2026-03-18T18:41:34.2390000Z,,v3,3090,3904,107c2ea495266297e2d9,"Burke, Brendan",1000069375,Right,NOR_SPA,6d1ffadb-af84-46ae-be8d-65211d5799db,55.16508,-122.01944,13.43619,5.5872,2.52059,-10.70308,2.10277,-2.11658,3.18311,,,,,,,,,,,,,,,,,,,,,,,,,,,,,,,,,,,,,,,,,,,,,,,,,,,High,High,High,,,,,,,,,,,,,,,,,,,,,,,,,,,,,,,,,,,,,,,
72,2026-03-18,14:41:48.25,6,2,"Crocker, Myles",10031149,Left,NOR_SPA,"Stallings, Maverick",1000118715,Right,OLD_MON,Undefined,2,Bottom,0,1,0,Fastball,Changeup,StrikeCalled,Undefined,Undefined,Undefined,0,0,,82.08383,-0.006182,2.175812,1655.536922,148.968108,11:00,5.6612,-2.18663,5.3914,-24.96804,18.2345,-9.96918,3.57474,-0.97698,73.40767,-4.723822,0.405017,0.473071,,,,,,,,,,,,5.68528,9.60008,1.99913,50,5.64376,-4.08121,-118.75688,-0.77277,7.94767,27.22101,-18.75379,OLD_MON,NOR_SPA,BudMethenyBBStad,D1,SBELT,20260318-BudMethenyBBStad-1,1f5923e0-22fa-11f1-b0e4-ebb737895390,79.67613,,,8.67616,,,,,,,73be595d-676a-42c7-8f16-f99e9a025756,2026-03-18,18:41:48.25,2026-03-18T14:41:48.2570000-04:00,2026-03-18T18:41:48.2570000Z,,v3,3090,3904,107c2ea495266297e2d9,"Burke, Brendan",1000069375,Right,NOR_SPA,f257abdc-e497-496d-bffe-1ad84ea1561c,55.10678,-119.92173,13.61051,5.65966,0.02975,-9.37689,2.18105,-4.42131,3.97384,,,,,,,,,,,,,,,,,,,,,,,,,,,,,,,,,,,,,,,,,,,,,,,,,,,High,High,High,,,,,,,,,,,,,,,,,,,,,,,,,,,,,,,,,,,,,,,
73,2026-03-18,14:42:04.42,6,3,"Crocker, Myles",10031149,Left,NOR_SPA,"Stallings, Maverick",1000118715,Right,OLD_MON,Undefined,2,Bottom,0,1,1,ChangeUp,Changeup,FoulBallNotFieldable,Undefined,Undefined,Undefined,0,0,,75.938,1.791689,2.745561,1572.61762,107.694304,9:30,5.5744,-1.96096,6.05789,-42.64715,6.10272,-13.81792,3.68146,-0.56898,68.75898,-6.160973,0.261374,0.502526,,,,,,,,,,,,7.94536,3.08925,1.75459,50,5.69128,-4.78303,-110.08331,2.2165,9.63658,21.66038,-28.42724,OLD_MON,NOR_SPA,BudMethenyBBStad,D1,SBELT,20260318-BudMethenyBBStad-1,29050800-22fa-11f1-b0e4-ebb737895390,75.00602,,,7.17902,,,,,,,73be595d-676a-42c7-8f16-f99e9a025756,2026-03-18,18:42:04.42,2026-03-18T14:42:04.4200000-04:00,2026-03-18T18:42:04.4200000Z,,v3,3090,3904,107c2ea495266297e2d9,"Burke, Brendan",1000069375,Right,NOR_SPA,214f5a0b-ad21-4207-ac5e-8cc82a04c045,54.44542,-110.95456,10.83019,5.57913,3.35993,-14.21362,1.95477,-5.17065,4.81829,,,,,,,,,,,,,,,,,,,,,,,,,,,,,,,,,,,,,,,,,,,,,,,,,,,High,High,High,,,,,,,,,,,,,,,,,,,,,,,,,,,,,,,,,,,,,,,
74,2026-03-18,14:42:23.43,6,4,"Crocker, Myles",10031149,Left,NOR_SPA,"Stallings, Maverick",1000118715,Right,OLD_MON,Undefined,2,Bottom,0,1,2,Fastball,Changeup,BallCalled,Undefined,Undefined,Undefined,0,0,,82.89441,-1.153778,1.15494,1671.602496,168.205169,11:30,5.627,-2.23374,5.32492,-19.77407,23.06226,-4.44366,2.896,-1.52001,73.5181,-4.96004,0.36611,0.471061,,,,,,,,,,,,2.61996,12.40446,2.1324,50,5.50916,-2.21859,-119.81142,-2.95564,3.69336,29.65498,-14.68753,OLD_MON,NOR_SPA,BudMethenyBBStad,D1,SBELT,20260318-BudMethenyBBStad-1,344fa800-22fa-11f1-b0e4-ebb737895390,80.016,,,9.37632,,,,,,,73be595d-676a-42c7-8f16-f99e9a025756,2026-03-18,18:42:23.43,2026-03-18T14:42:23.4350000-04:00,2026-03-18T18:42:23.4350000Z,,v3,3090,3904,107c2ea495266297e2d9,"Burke, Brendan",1000069375,Right,NOR_SPA,cbb4acac-fdc5-40a7-8bfd-373e864109c5,55.17107,-121.08456,14.82749,5.62251,-2.32508,-7.34376,2.23105,-2.37716,1.84668,,,,,,,,,,,,,,,,,,,,,,,,,,,,,,,,,,,,,,,,,,,,,,,,,,,High,High,High,,,,,,,,,,,,,,,,,,,,,,,,,,,,,,,,,,,,,,,
75,2026-03-18,14:42:39.90,6,5,"Crocker, Myles",10031149,Left,NOR_SPA,"Stallings, Maverick",1000118715,Right,OLD_MON,Undefined,2,Bottom,0,2,2,Fastball,Changeup,FoulBallNotFieldable,Undefined,Undefined,Undefined,0,0,,82.10536,-0.904148,2.800479,1672.90067,164.305552,11:30,5.58838,-2.31686,5.46372,-23.64257,19.04651,-4.9241,2.77075,-0.10371,74.22231,-5.35497,1.925426,0.470251,82.23792,61.894046,38.28764,5382.975522,52.96972,97.93507,96.40647,140.23641,56.54556,62.517432,5.495584,3.35032,10.31001,2.07338,50,5.49293,-5.61131,-118.88693,-2.5914,4.73897,25.28068,-17.59073,OLD_MON,NOR_SPA,BudMethenyBBStad,D1,SBELT,20260318-BudMethenyBBStad-1,3e238680-22fa-11f1-b0e4-ebb737895390,80.15387,124.82136,,7.88305,,,,0.29601,2.82792,0.11781,73be595d-676a-42c7-8f16-f99e9a025756,2026-03-18,18:42:39.90,2026-03-18T14:42:39.9000000-04:00,2026-03-18T18:42:39.9000000Z,Popup,v3,3090,3904,107c2ea495266297e2d9,"Burke, Brendan",1000069375,Right,NOR_SPA,da494a7d-f5de-403d-958d-8ada5bf33fe4,55.03768,-119.95338,12.64034,5.58659,-1.84935,-8.79536,2.3143,-5.81122,2.36949,,0.278,44.84685,-22.38443,7.90002,-1.78455,0.1412,0.03904,-0.01002,0.00066,2.80176,106.88266,-30.8204,5.88592,-2.31173,0.74027,-0.1383,0.01291,-0.00046,0.1209,35.16167,-4.14453,0.27898,0.12234,-0.04454,0.00521,2E-05,-3E-05,,,,,,,,,,,,,,,,,,,,,,,High,High,High,Medium,Low,,,,,,,,,,,,,,,,,,,,,,,,,,,,,,,,,,,,,
76,2026-03-18,14:43:07.53,6,6,"Crocker, Myles",10031149,Left,NOR_SPA,"Stallings, Maverick",1000118715,Right,OLD_MON,Undefined,2,Bottom,0,2,2,Fastball,Changeup,StrikeCalled,Strikeout,Undefined,Undefined,0,0,,82.90605,-0.197005,2.022538,1684.874441,145.889772,10:45,5.19629,-2.24121,5.56246,-25.32206,16.91777,-10.32119,2.90194,-1.2108,73.88542,-4.994383,0.182877,0.46777,,,,,,,,,,,,5.87221,9.06804,2.07318,50,5.16317,-3.79357,-119.9473,-1.17745,8.33528,28.75423,-19.30246,OLD_MON,NOR_SPA,BudMethenyBBStad,D1,SBELT,20260318-BudMethenyBBStad-1,4e987a20-22fa-11f1-b0e4-ebb737895390,80.57899,,,9.02062,,,,,,,73be595d-676a-42c7-8f16-f99e9a025756,2026-03-18,18:43:07.53,2026-03-18T14:43:07.5350000-04:00,2026-03-18T18:43:07.5350000Z,,v3,3090,3904,107c2ea495266297e2d9,"Burke, Brendan",1000069375,Right,NOR_SPA,8eaa9a15-5b32-4802-9756-a01bfcb11343,54.93558,-121.12469,14.37711,5.1952,-0.38708,-9.65123,2.23551,-4.13488,4.16764,,,,,,,,,,,,,,,,,,,,,,,,,,,,,,,,,,,,,,,,,,,,,,,,,,,High,High,High,,,,,,,,,,,,,,,,,,,,,,,,,,,,,,,,,,,,,,,
77,2026-03-18,14:43:33.57,7,1,"Crocker, Myles",10031149,Left,NOR_SPA,"Sparr, Grayson",10150103,Right,OLD_MON,Undefined,2,Bottom,1,0,0,Fastball,Changeup,StrikeCalled,Undefined,Undefined,Undefined,0,0,,84.19304,-0.49224,3.891543,1680.566219,139.743947,10:45,5.54595,-2.09577,5.46845,-23.30741,17.55651,-13.57044,3.14187,0.42136,75.59128,-4.89198,1.483131,0.460088,,,,,,,,,,,,8.04142,9.41434,1.76204,50,5.48711,-7.69022,-121.72272,-1.76719,11.86742,27.53767,-18.28055,OLD_MON,NOR_SPA,BudMethenyBBStad,D1,SBELT,20260318-BudMethenyBBStad-1,5e1d6870-22fa-11f1-b0e4-ebb737895390,81.92435,,,8.60175,,,,,,,73be595d-676a-42c7-8f16-f99e9a025756,2026-03-18,18:43:33.57,2026-03-18T14:43:33.5750000-04:00,2026-03-18T18:43:33.5750000Z,,v3,3090,3904,107c2ea495266297e2d9,"Burke, Brendan",1000069375,Right,NOR_SPA,0e41e173-5ced-468b-bf50-e7863d54d239,55.03181,-122.85581,13.76884,5.54435,-1.01501,-9.14028,2.08851,-8.17853,5.93371,,,,,,,,,,,,,,,,,,,,,,,,,,,,,,,,,,,,,,,,,,,,,,,,,,,High,High,High,,,,,,,,,,,,,,,,,,,,,,,,,,,,,,,,,,,,,,,
78,2026-03-18,14:43:46.66,7,2,"Crocker, Myles",10031149,Left,NOR_SPA,"Sparr, Grayson",10150103,Right,OLD_MON,Undefined,2,Bottom,1,0,1,ChangeUp,Changeup,InPlay,Undefined,GroundBall,Double,0,3,,77.08331,-0.416264,3.74167,1476.397599,106.712915,9:30,5.5017,-1.92685,5.90933,-40.98979,6.36067,-15.90741,1.69864,0.22579,70.43781,-7.996195,0.889497,0.49526,98.43336,-5.81375,-39.439068,,,,,20.55583,18.48899,-35.85551,0.128299,9.32091,3.80961,1.63527,50,5.4446,-6.74007,-111.75533,-2.03635,11.71657,21.277,-27.38531,OLD_MON,NOR_SPA,BudMethenyBBStad,D1,SBELT,20260318-BudMethenyBBStad-1,65efd1a0-22fa-11f1-b0e4-ebb737895390,76.10632,1.87807,,6.6455,,,,2.41518,1.87807,-0.32298,73be595d-676a-42c7-8f16-f99e9a025756,2026-03-18,18:43:46.66,2026-03-18T14:43:46.6600000-04:00,2026-03-18T18:43:46.6600000Z,GroundBall,v3,3090,3904,107c2ea495266297e2d9,"Burke, Brendan",1000069375,Right,NOR_SPA,a39a4266-2916-4ffe-9c25-8712deb24997,54.59657,-112.62707,10.6385,5.50504,-0.91435,-13.69265,1.92125,-7.22011,5.85829,180,2.41292,111.0319,,,,,,,,1.87837,-14.63825,,,,,,,,-0.32112,-91.32949,,,,,,,,,,,,,,,,,,,,,,,,,,,,,,High,High,High,Medium,Medium,,,,,,,,,,,,,,,,,,,,,,,,,,,,,,,,,,,,,
79,2026-03-18,14:44:40.53,8,1,"Crocker, Myles",10031149,Left,NOR_SPA,"Jay, Cash",1000482259,Right,OLD_MON,Undefined,2,Bottom,1,0,0,Fastball,Changeup,StrikeCalled,Undefined,Undefined,Undefined,0,0,,83.00195,-1.872708,2.884491,1723.060957,147.249643,11:00,5.66168,-2.31045,5.42073,-20.27001,21.97458,-13.07509,2.2153,-0.69555,74.35284,-5.740047,0.561988,0.467796,,,,,,,,,,,,7.48449,12.10371,2.06313,50,5.48155,-5.48104,-119.99501,-4.50129,10.69125,27.61168,-14.88451,OLD_MON,NOR_SPA,BudMethenyBBStad,D1,SBELT,20260318-BudMethenyBBStad-1,8606d880-22fa-11f1-b0e4-ebb737895390,80.57444,,,8.64911,,,,,,,73be595d-676a-42c7-8f16-f99e9a025756,2026-03-18,18:44:40.53,2026-03-18T14:44:40.5300000-04:00,2026-03-18T18:44:40.5300000Z,,v3,3090,3904,107c2ea495266297e2d9,"Burke, Brendan",1000069375,Right,NOR_SPA,d187c072-364b-4599-92b2-649c5519f034,55.07858,-121.15799,13.80584,5.65794,-3.87436,-7.44225,2.30346,-5.93135,5.34562,,,,,,,,,,,,,,,,,,,,,,,,,,,,,,,,,,,,,,,,,,,,,,,,,,,High,High,High,,,,,,,,,,,,,,,,,,,,,,,,,,,,,,,,,,,,,,,
80,2026-03-18,14:44:59.21,8,2,"Crocker, Myles",10031149,Left,NOR_SPA,"Jay, Cash",1000482259,Right,OLD_MON,Undefined,2,Bottom,1,0,1,ChangeUp,Changeup,BallCalled,Undefined,Undefined,Undefined,0,0,,77.53386,-3.334119,5.045449,1331.174011,135.44322,10:30,5.42183,-2.28545,6.41652,-35.95789,10.77221,-8.8876,-0.65554,1.62487,70.40684,-10.039887,3.440717,0.492005,,,,,,,,,,,,6.57044,7.13587,1.92832,50,5.1656,-9.62025,-112.0514,-7.48881,8.17767,24.22031,-23.29262,OLD_MON,NOR_SPA,BudMethenyBBStad,D1,SBELT,20260318-BudMethenyBBStad-1,91258680-22fa-11f1-b0e4-ebb737895390,76.60981,,,7.12702,,,,,,,73be595d-676a-42c7-8f16-f99e9a025756,2026-03-18,18:44:59.21,2026-03-18T14:44:59.2140000-04:00,2026-03-18T18:44:59.2140000Z,,v3,3090,3904,107c2ea495266297e2d9,"Burke, Brendan",1000069375,Right,NOR_SPA,49cf9247-a3e9-4c5b-b1fd-39cd04629a4f,54.09187,-112.93241,12.11015,5.4226,-6.64154,-11.64631,2.28366,-9.91771,4.08883,,,,,,,,,,,,,,,,,,,,,,,,,,,,,,,,,,,,,,,,,,,,,,,,,,,High,High,High,,,,,,,,,,,,,,,,,,,,,,,,,,,,,,,,,,,,,,,
81,2026-03-18,14:45:22.03,8,3,"Crocker, Myles",10031149,Left,NOR_SPA,"Jay, Cash",1000482259,Right,OLD_MON,Undefined,2,Bottom,1,1,1,Fastball,Changeup,BallCalled,Undefined,Undefined,Undefined,0,0,,82.43768,-0.025279,0.74162,1744.070465,151.638841,11:00,5.50304,-2.10812,5.31066,-23.7971,19.00328,-9.39162,3.49621,-2.19454,73.93807,-4.519846,-0.925492,0.470864,,,,,,,,,,,,4.88799,9.94646,2.04765,50,5.48417,-1.13384,-119.35791,-0.78056,6.9223,26.89485,-18.08799,OLD_MON,NOR_SPA,BudMethenyBBStad,D1,SBELT,20260318-BudMethenyBBStad-1,9ec5fd60-22fa-11f1-b0e4-ebb737895390,80.04957,,,8.49961,,,,,,,73be595d-676a-42c7-8f16-f99e9a025756,2026-03-18,18:45:22.03,2026-03-18T14:45:22.0360000-04:00,2026-03-18T18:45:22.0360000Z,,v3,3090,3904,107c2ea495266297e2d9,"Burke, Brendan",1000069375,Right,NOR_SPA,3dda1098-aaf1-41cd-8881-dfabb4dbfcbd,55.18756,-120.52115,13.44742,5.50101,0.00177,-9.04399,2.10316,-1.43323,3.46115,,,,,,,,,,,,,,,,,,,,,,,,,,,,,,,,,,,,,,,,,,,,,,,,,,,High,High,High,,,,,,,,,,,,,,,,,,,,,,,,,,,,,,,,,,,,,,,
82,2026-03-18,14:45:41.35,8,4,"Crocker, Myles",10031149,Left,NOR_SPA,"Jay, Cash",1000482259,Right,OLD_MON,Undefined,2,Bottom,1,2,1,Fastball,Changeup,FoulBallNotFieldable,Undefined,Undefined,Undefined,0,0,,80.33661,-0.537641,2.132889,1757.107131,161.01013,11:15,5.64189,-2.08889,5.56236,-26.09163,18.30178,-5.75296,2.96489,-0.57455,72.61904,-5.44562,1.107718,0.479547,,,,,,,,,,,,3.59303,9.88382,1.90849,50,5.57868,-4.1081,-116.42109,-1.86767,4.86814,24.46973,-18.78256,OLD_MON,NOR_SPA,BudMethenyBBStad,D1,SBELT,20260318-BudMethenyBBStad-1,aa4c1fc0-22fa-11f1-b0e4-ebb737895390,78.60017,,,7.71757,,,,,,,73be595d-676a-42c7-8f16-f99e9a025756,2026-03-18,18:45:41.35,2026-03-18T14:45:41.3550000-04:00,2026-03-18T18:45:41.3550000Z,,v3,3090,3904,107c2ea495266297e2d9,"Burke, Brendan",1000069375,Right,NOR_SPA,9696a231-3125-4c9e-a72e-e591b66398ba,54.94007,-117.45482,12.23487,5.64082,-1.07419,-9.39128,2.08638,-4.31375,2.43407,,,,,,,,,,,,,,,,,,,,,,,,,,,,,,,,,,,,,,,,,,,,,,,,,,,High,High,High,,,,,,,,,,,,,,,,,,,,,,,,,,,,,,,,,,,,,,,
83,2026-03-18,14:46:06.49,8,5,"Crocker, Myles",10031149,Left,NOR_SPA,"Jay, Cash",1000482259,Right,OLD_MON,Undefined,2,Bottom,1,2,2,ChangeUp,Changeup,BallCalled,Undefined,Undefined,Undefined,0,0,,75.66432,-1.108246,4.246332,1421.491473,103.468223,9:30,5.48794,-2.17584,6.40473,-43.49483,5.45205,-15.06792,0.84126,0.48073,68.43247,-9.232608,1.519901,0.50354,,,,,,,,,,,,9.38343,3.69366,1.87771,50,5.38844,-7.63837,-109.56673,-3.29261,11.16583,23.16975,-27.77878,OLD_MON,NOR_SPA,BudMethenyBBStad,D1,SBELT,20260318-BudMethenyBBStad-1,b94596f0-22fa-11f1-b0e4-ebb737895390,74.8549,,,7.23185,,,,,,,73be595d-676a-42c7-8f16-f99e9a025756,2026-03-18,18:46:06.49,2026-03-18T14:46:06.4900000-04:00,2026-03-18T18:46:06.4900000Z,,v3,3090,3904,107c2ea495266297e2d9,"Burke, Brendan",1000069375,Right,NOR_SPA,034ab2d8-9d2d-4ed1-b441-5b678b16a23c,54.10004,-110.43034,11.58488,5.49187,-2.2572,-13.88939,2.17018,-8.05456,5.58291,,,,,,,,,,,,,,,,,,,,,,,,,,,,,,,,,,,,,,,,,,,,,,,,,,,High,High,High,,,,,,,,,,,,,,,,,,,,,,,,,,,,,,,,,,,,,,,
84,2026-03-18,14:46:26.97,8,6,"Crocker, Myles",10031149,Left,NOR_SPA,"Jay, Cash",1000482259,Right,OLD_MON,Undefined,2,Bottom,1,3,2,Fastball,Changeup,InPlay,Undefined,LineDrive,Double,0,1,,82.20805,-1.217407,3.128823,1759.494627,147.054904,11:00,5.48501,-2.02457,5.62049,-25.74883,16.72871,-9.82981,2.20117,0.07938,74.15486,-6.057811,1.376759,0.469085,109.72877,14.086892,-31.649883,2448.229495,88.98327,20.04162,-64.6669,231.79501,231.79501,-41.476982,2.111512,6.01571,9.31835,1.76378,50,5.36473,-6.11029,-119.01283,-3.31344,8.4949,26.13053,-19.01544,OLD_MON,NOR_SPA,BudMethenyBBStad,D1,SBELT,20260318-BudMethenyBBStad-1,c5795e70-22fa-11f1-b0e4-ebb737895390,80.35319,20.52926,,8.05319,,,,1.58515,2.09391,0.25651,73be595d-676a-42c7-8f16-f99e9a025756,2026-03-18,18:46:26.97,2026-03-18T14:46:26.9730000-04:00,2026-03-18T18:46:26.9730000Z,LineDrive,v3,3090,3904,107c2ea495266297e2d9,"Burke, Brendan",1000069375,Right,NOR_SPA,2647b496-fcd9-4693-858c-e6efd6fec805,54.88227,-120.08,13.06526,5.48419,-2.53685,-9.50772,2.02041,-6.45722,4.24745,,1.58515,132.87936,-39.22908,11.05805,-2.84953,0.66209,-0.13504,0.01976,-0.00144,2.09391,39.1706,-22.65085,2.09527,-0.17437,-0.02115,0.01391,-0.00271,0.00022,0.25652,-81.90797,0.97628,3.70886,-1.83833,0.63276,-0.1622,0.02745,-0.00221,,,,,,,,,,,,,,,,,,,,,,,High,High,High,High,High,,,,,,,,,,,,,,,,,,,,,,,,,,,,,,,,,,,,,
85,2026-03-18,14:49:46.77,9,1,"Harris, Sean",10915194,Right,NOR_SPA,"Holman, Evan",1000137670,Left,OLD_MON,Undefined,2,Bottom,1,0,0,Fastball,Changeup,StrikeSwinging,Undefined,Undefined,Undefined,0,0,,75.55889,2.345382,-3.149738,1679.458659,277.232561,3:15,3.87088,1.55523,5.0134,-52.4216,-0.50776,19.84253,1.72085,0.23268,67.62582,-7.224954,0.348588,0.518577,,,,,,,,,,,,-10.93138,-0.53535,-1.2698,50,4.05421,5.20843,-109.16255,2.68484,-12.87835,23.45553,-32.80474,OLD_MON,NOR_SPA,BudMethenyBBStad,D1,SBELT,20260318-BudMethenyBBStad-1,3c992080-22fb-11f1-b0e4-ebb737895390,72.68442,,,7.93307,,,,,,,73be595d-676a-42c7-8f16-f99e9a025756,2026-03-18,18:49:46.77,2026-03-18T14:49:46.7750000-04:00,2026-03-18T18:49:46.7750000Z,,v3,3090,3904,107c2ea495266297e2d9,"Burke, Brendan",1000069375,Right,NOR_SPA,ca43afb8-193f-47bb-bfe5-838f02a7cfb9,55.49061,-110.336,11.72777,3.87884,4.32601,-16.40237,-1.54649,5.85271,-6.43917,,,,,,,,,,,,,,,,,,,,,,,,,,,,,,,,,,,,,,,,,,,,,,,,,,,High,High,High,,,,,,,,,,,,,,,,,,,,,,,,,,,,,,,,,,,,,,,
86,2026-03-18,14:50:07.16,9,2,"Harris, Sean",10915194,Right,NOR_SPA,"Holman, Evan",1000137670,Left,OLD_MON,Undefined,2,Bottom,1,0,1,Fastball,Changeup,FoulBallNotFieldable,Undefined,Undefined,Undefined,0,0,,76.04088,1.731584,-4.170111,1658.639911,266.351459,3:00,3.92327,1.68707,4.71758,-48.16837,3.55036,24.66828,1.55752,-0.22201,68.21002,-7.028358,0.150531,0.517601,70.35099,-35.027766,-102.48907,,,,,3.86357,3.58709,-35.747542,0.035464,-13.57347,1.64047,-1.28854,50,4.05612,6.98873,-109.77409,1.6355,-16.23348,23.0339,-30.21211,OLD_MON,NOR_SPA,BudMethenyBBStad,D1,SBELT,20260318-BudMethenyBBStad-1,48bb5bd0-22fb-11f1-b0e4-ebb737895390,72.82137,2.10667,,7.83086,,,,3.78563,2.10667,0.67726,73be595d-676a-42c7-8f16-f99e9a025756,2026-03-18,18:50:07.16,2026-03-18T14:50:07.1630000-04:00,2026-03-18T18:50:07.1630000Z,GroundBall,v3,3090,3904,107c2ea495266297e2d9,"Burke, Brendan",1000069375,Right,NOR_SPA,60ee0c60-c10e-4695-b4da-6db92b3e4805,55.78758,-110.98185,11.51695,3.92883,3.21964,-15.10605,-1.6773,7.83992,-8.11674,,3.78594,-18.32743,,,,,,,,2.1077,-59.40367,,,,,,,,0.67869,-82.74438,,,,,,,,,,,,,,,,,,,,,,,,,,,,,,High,High,High,Low,Low,,,,,,,,,,,,,,,,,,,,,,,,,,,,,,,,,,,,,
87,2026-03-18,14:50:32.86,9,3,"Harris, Sean",10915194,Right,NOR_SPA,"Holman, Evan",1000137670,Left,OLD_MON,Undefined,2,Bottom,1,0,2,Slider,Slider,StrikeCalled,Strikeout,Undefined,Undefined,0,0,,67.41054,3.295359,-0.482223,1949.681397,121.380763,10:00,3.88889,1.58327,4.43672,-57.01853,9.18626,-11.11587,2.28464,0.19691,60.77104,-7.044975,-2.421357,0.58562,,,,,,,,,,,,5.24638,4.02315,-1.52036,50,4.184,1.23931,-97.3621,3.78974,4.95393,17.60865,-28.37519,OLD_MON,NOR_SPA,BudMethenyBBStad,D1,SBELT,20260318-BudMethenyBBStad-1,58234c40-22fb-11f1-b0e4-ebb737895390,64.36327,,,6.6395,,,,,,,73be595d-676a-42c7-8f16-f99e9a025756,2026-03-18,18:50:32.86,2026-03-18T14:50:32.8670000-04:00,2026-03-18T18:50:32.8670000Z,,v3,3090,3904,107c2ea495266297e2d9,"Burke, Brendan",1000069375,Right,NOR_SPA,c5f8b970-bc0f-4a66-9ccc-2cdf3ae8734a,56.06507,-98.4529,8.80432,3.89479,5.5475,-14.1876,-1.58763,0.93243,2.47697,,,,,,,,,,,,,,,,,,,,,,,,,,,,,,,,,,,,,,,,,,,,,,,,,,,High,High,High,,,,,,,,,,,,,,,,,,,,,,,,,,,,,,,,,,,,,,,
88,2026-03-18,14:51:00.25,10,1,"Harris, Sean",10915194,Right,NOR_SPA,"Aiken, TJ",10109727,Left,OLD_MON,Undefined,2,Bottom,2,0,0,Fastball,Changeup,StrikeCalled,Undefined,Undefined,Undefined,0,0,,76.67512,2.23759,-2.355624,1707.067809,266.943884,3:00,3.85309,1.74986,4.89451,-47.39664,2.68103,16.88241,2.02298,0.92707,69.24141,-6.396772,0.615939,0.509323,,,,,,,,,,,,-9.03556,1.1391,-1.5338,50,4.03317,3.86199,-110.92806,2.67382,-11.11448,22.21067,-30.77288,OLD_MON,NOR_SPA,BudMethenyBBStad,D1,SBELT,20260318-BudMethenyBBStad-1,686a2b00-22fb-11f1-b0e4-ebb737895390,74.00495,,,7.43371,,,,,,,73be595d-676a-42c7-8f16-f99e9a025756,2026-03-18,18:51:00.25,2026-03-18T14:51:00.2530000-04:00,2026-03-18T18:51:00.2530000Z,,v3,3090,3904,107c2ea495266297e2d9,"Burke, Brendan",1000069375,Right,NOR_SPA,2c065754-c13a-4469-aab3-42fba56f6308,55.60897,-112.0455,11.10534,3.85971,4.22202,-15.38644,-1.74217,4.42117,-5.55724,,,,,,,,,,,,,,,,,,,,,,,,,,,,,,,,,,,,,,,,,,,,,,,,,,,High,High,High,,,,,,,,,,,,,,,,,,,,,,,,,,,,,,,,,,,,,,,
89,2026-03-18,14:51:14.80,10,2,"Harris, Sean",10915194,Right,NOR_SPA,"Aiken, TJ",10109727,Left,OLD_MON,Undefined,2,Bottom,2,0,1,ChangeUp,Changeup,InPlay,Undefined,GroundBall,Out,1,0,,71.29511,2.911893,-1.714283,1537.030086,256.602009,2:30,3.71769,1.79746,4.71371,-53.31763,4.64197,11.36213,2.04199,1.11672,64.84097,-6.753727,0.278755,0.547941,42.75981,-61.434337,42.27146,,,,,3.17435,2.66467,-6.236774,0.038631,-6.10571,1.91776,-1.63489,50,3.96518,2.65164,-103.17606,3.48769,-6.54108,18.15427,-30.11957,OLD_MON,NOR_SPA,BudMethenyBBStad,D1,SBELT,20260318-BudMethenyBBStad-1,711715b0-22fb-11f1-b0e4-ebb737895390,68.78919,2.14604,,6.45413,,,,2.291,2.14604,-1.13076,73be595d-676a-42c7-8f16-f99e9a025756,2026-03-18,18:51:14.80,2026-03-18T14:51:14.8090000-04:00,2026-03-18T18:51:14.8090000Z,GroundBall,v3,3090,3904,107c2ea495266297e2d9,"Burke, Brendan",1000069375,Right,NOR_SPA,4089e4cb-5879-492e-9c57-e13e40443836,55.79102,-104.19003,9.07714,3.72341,5.16996,-15.05978,-1.7932,3.01698,-3.27054,,2.28982,22.37998,,,,,,,,2.14897,-55.5517,,,,,,,,-1.13184,20.34385,,,,,,,,,,,,,,,,,,,,,,,,,,,,,,High,High,High,Low,Low,,,,,,,,,,,,,,,,,,,,,,,,,,,,,,,,,,,,,
90,2026-03-18,14:53:38.36,1,1,"Sulpizio, Nick",1000138922,Right,OLD_MON,"Queen Jr, Kydese",1000338766,Right,NOR_SPA,Undefined,3,Top,0,0,0,Sinker,Sinker,BallCalled,Undefined,Undefined,Undefined,0,0,,88.29724,1.113545,-1.569266,1911.985808,249.190499,2:15,4.90011,1.29709,6.3847,-27.69816,7.61748,17.02245,3.61688,1.27157,80.288,-4.103274,1.513335,0.427715,,,,,,,,,,,,-9.24752,4.00914,-1.19092,50,4.96775,2.82477,-128.28057,1.63636,-15.32707,27.86086,-25.52922,OLD_MON,NOR_SPA,BudMethenyBBStad,D1,SBELT,20260318-BudMethenyBBStad-1,c694eb20-22fb-11f1-b0e4-ebb737895390,88.12505,,,8.00924,,,,,,,73be595d-676a-42c7-8f16-f99e9a025756,2026-03-18,18:53:38.36,2026-03-18T14:53:38.3630000-04:00,2026-03-18T18:53:38.3630000Z,,v3,3090,3904,107c2ea495266297e2d9,"Holman, Evan",1000137670,Right,OLD_MON,85868b8e-5999-415b-8ab9-d405b8586f78,54.11888,-129.17203,13.93043,4.90232,2.45322,-12.76461,-1.28915,3.31519,-7.66353,,,,,,,,,,,,,,,,,,,,,,,,,,,,,,,,,,,,,,,,,,,,,,,,,,,High,High,High,,,,,,,,,,,,,,,,,,,,,,,,,,,,,,,,,,,,,,,
91,2026-03-18,14:53:53.37,1,2,"Sulpizio, Nick",1000138922,Right,OLD_MON,"Queen Jr, Kydese",1000338766,Right,NOR_SPA,Undefined,3,Top,0,1,0,Fastball,Four-Seam,StrikeCalled,Undefined,Undefined,Undefined,0,0,,89.44939,-0.732753,-3.158326,2164.903973,212.844273,1:00,4.77862,1.29438,6.49021,-15.55843,18.44954,11.24745,2.80825,-0.67106,82.03335,-3.729965,-1.121311,0.419722,,,,,,,,,,,,-6.67981,10.1469,-1.07679,50,4.71973,6.72422,-129.93959,-2.04843,-11.48211,25.85241,-14.73222,OLD_MON,NOR_SPA,BudMethenyBBStad,D1,SBELT,20260318-BudMethenyBBStad-1,cf85e3b0-22fb-11f1-b0e4-ebb737895390,89.80336,,,7.41604,,,,,,,73be595d-676a-42c7-8f16-f99e9a025756,2026-03-18,18:53:53.37,2026-03-18T14:53:53.3710000-04:00,2026-03-18T18:53:53.3710000Z,,v3,3090,3904,107c2ea495266297e2d9,"Holman, Evan",1000137670,Right,OLD_MON,7f9b7f77-202f-4845-80f3-6f84f14cc4a2,54.01388,-130.73574,12.92621,4.77583,-1.59474,-7.36611,-1.28931,7.07783,-5.74105,,,,,,,,,,,,,,,,,,,,,,,,,,,,,,,,,,,,,,,,,,,,,,,,,,,High,High,High,,,,,,,,,,,,,,,,,,,,,,,,,,,,,,,,,,,,,,,
92,2026-03-18,14:54:07.36,1,3,"Sulpizio, Nick",1000138922,Right,OLD_MON,"Queen Jr, Kydese",1000338766,Right,NOR_SPA,Undefined,3,Top,0,1,1,Slider,Slider,InPlay,Undefined,GroundBall,Out,1,0,,80.63409,-0.25131,-1.12461,2001.440431,112.258694,9:45,5.28609,1.37264,6.15668,-38.99506,4.1028,-6.31024,1.80426,-0.19244,73.13662,-7.511729,-2.263727,0.472497,90.27576,-12.9615,-25.923064,,,,,8.64742,8.05955,-20.320846,0.056129,2.91299,2.62421,-1.28391,50,5.24709,2.52971,-117.05211,-1.691,3.97759,25.3514,-28.59077,OLD_MON,NOR_SPA,BudMethenyBBStad,D1,SBELT,20260318-BudMethenyBBStad-1,d7e5e6e0-22fb-11f1-b0e4-ebb737895390,79.77281,1.66911,,7.49746,,,,1.58695,1.66911,0.16724,73be595d-676a-42c7-8f16-f99e9a025756,2026-03-18,18:54:07.36,2026-03-18T14:54:07.3630000-04:00,2026-03-18T18:54:07.3630000Z,GroundBall,v3,3090,3904,107c2ea495266297e2d9,"Holman, Evan",1000137670,Right,OLD_MON,33e21984-31ca-4d6c-896c-e6a2a634857a,54.34718,-117.98988,12.6757,5.29008,-0.63341,-14.29538,-1.37476,2.38258,1.9888,180,1.58556,116.2019,,,,,,,,1.66947,-29.73719,,,,,,,,0.16792,-56.48243,,,,,,,,,,,,,,,,,,,,,,,,,,,,,,High,High,High,Medium,High,,,,,,,,,,,,,,,,,,,,,,,,,,,,,,,,,,,,,
93,2026-03-18,14:54:40.49,2,1,"Sulpizio, Nick",1000138922,Right,OLD_MON,"Stewart, Sean",10971665,Right,NOR_SPA,Undefined,3,Top,1,0,0,Slider,Curveball,BallCalled,Undefined,Undefined,Undefined,0,0,,81.3044,-0.258387,-1.135647,2047.030588,52.51402,7:45,5.35518,1.24582,5.76914,-49.21735,-5.76709,-9.66264,1.0132,-0.61651,73.31635,-9.294254,-2.869828,0.474425,,,,,,,,,,,,4.53677,-2.41106,-1.1458,50,5.30409,2.71652,-117.8663,-2.19334,6.21419,27.89662,-35.47654,OLD_MON,NOR_SPA,BudMethenyBBStad,D1,SBELT,20260318-BudMethenyBBStad-1,eba52380-22fb-11f1-b0e4-ebb737895390,79.44868,,,7.98805,,,,,,,73be595d-676a-42c7-8f16-f99e9a025756,2026-03-18,18:54:40.49,2026-03-18T14:54:40.4950000-04:00,2026-03-18T18:54:40.4950000Z,,v3,3090,3904,107c2ea495266297e2d9,"Holman, Evan",1000137670,Right,OLD_MON,1c3f10d0-f479-447e-9831-22255e812532,54.73501,-118.9817,13.94831,5.36344,-0.77487,-17.73827,-1.24945,2.46806,3.10709,,,,,,,,,,,,,,,,,,,,,,,,,,,,,,,,,,,,,,,,,,,,,,,,,,,High,High,High,,,,,,,,,,,,,,,,,,,,,,,,,,,,,,,,,,,,,,,
94,2026-03-18,14:54:55.05,2,2,"Sulpizio, Nick",1000138922,Right,OLD_MON,"Stewart, Sean",10971665,Right,NOR_SPA,Undefined,3,Top,1,1,0,Fastball,Sinker,BallCalled,Undefined,Undefined,Undefined,0,0,,89.57599,-1.035981,-1.902695,1955.456004,244.083121,2:15,5.17395,1.14245,6.50876,-23.87104,10.30056,18.87442,2.23323,0.96835,81.58805,-5.552125,1.525242,0.420731,,,,,,,,,,,,-10.50508,6.04067,-1.01733,50,5.09104,3.59752,-130.18124,-3.05907,-17.90436,29.07241,-21.87865,OLD_MON,NOR_SPA,BudMethenyBBStad,D1,SBELT,20260318-BudMethenyBBStad-1,f449f7e0-22fb-11f1-b0e4-ebb737895390,89.58808,,,7.98793,,,,,,,73be595d-676a-42c7-8f16-f99e9a025756,2026-03-18,18:54:55.05,2026-03-18T14:54:55.0540000-04:00,2026-03-18T18:54:55.0540000Z,,v3,3090,3904,107c2ea495266297e2d9,"Holman, Evan",1000137670,Right,OLD_MON,1e524542-cb00-47ef-b166-52b6c37eda57,53.99711,-131.07084,14.53621,5.17441,-2.38959,-10.93932,-1.13579,4.14539,-8.95218,,,,,,,,,,,,,,,,,,,,,,,,,,,,,,,,,,,,,,,,,,,,,,,,,,,High,High,High,,,,,,,,,,,,,,,,,,,,,,,,,,,,,,,,,,,,,,,
95,2026-03-18,14:55:12.77,2,3,"Sulpizio, Nick",1000138922,Right,OLD_MON,"Stewart, Sean",10971665,Right,NOR_SPA,Undefined,3,Top,1,2,0,Fastball,Four-Seam,BallCalled,Undefined,Undefined,Undefined,0,0,,90.04451,-2.04957,-3.356339,2124.824398,216.899112,1:15,5.36044,0.8591,6.46232,-15.82595,18.28359,12.83272,2.15478,-1.15826,81.55675,-5.115278,-1.033444,0.420348,,,,,,,,,,,,-7.65307,10.49453,-0.62644,50,5.20775,7.12658,-130.52136,-5.06446,-13.08386,29.76616,-14.23239,OLD_MON,NOR_SPA,BudMethenyBBStad,D1,SBELT,20260318-BudMethenyBBStad-1,fee1e9b0-22fb-11f1-b0e4-ebb737895390,89.66951,,,8.48776,,,,,,,73be595d-676a-42c7-8f16-f99e9a025756,2026-03-18,18:55:12.77,2026-03-18T14:55:12.7730000-04:00,2026-03-18T18:55:12.7730000Z,,v3,3090,3904,107c2ea495266297e2d9,"Holman, Evan",1000137670,Right,OLD_MON,fe55978e-6bc7-4286-adb1-a49501249785,54.03945,-131.43934,14.88308,5.35717,-4.62553,-7.11619,-0.85244,7.53009,-6.54193,,,,,,,,,,,,,,,,,,,,,,,,,,,,,,,,,,,,,,,,,,,,,,,,,,,High,High,High,,,,,,,,,,,,,,,,,,,,,,,,,,,,,,,,,,,,,,,
96,2026-03-18,14:55:29.41,2,4,"Sulpizio, Nick",1000138922,Right,OLD_MON,"Stewart, Sean",10971665,Right,NOR_SPA,Undefined,3,Top,1,3,0,Fastball,Four-Seam,BallCalled,Walk,Undefined,Undefined,0,0,,89.82149,-1.947554,-3.799773,2104.008085,210.569793,1:00,5.15034,1.18533,6.55523,-15.50784,18.63056,10.30985,2.06747,-1.44505,81.45604,-4.957815,-1.932255,0.420526,,,,,,,,,,,,-6.48492,10.6656,-0.92613,50,5.00832,8.22799,-130.17208,-4.79897,-11.04412,29.22628,-14.01002,OLD_MON,NOR_SPA,BudMethenyBBStad,D1,SBELT,20260318-BudMethenyBBStad-1,08d3fe90-22fc-11f1-b0e4-ebb737895390,89.6316,,,8.36545,,,,,,,73be595d-676a-42c7-8f16-f99e9a025756,2026-03-18,18:55:29.41,2026-03-18T14:55:29.4170000-04:00,2026-03-18T18:55:29.4170000Z,,v3,3090,3904,107c2ea495266297e2d9,"Holman, Evan",1000137670,Right,OLD_MON,2d9274ab-747c-4ef7-8ebc-f70cd2366ec6,53.94641,-131.05513,14.61314,5.14692,-4.37567,-7.00501,-1.17977,8.56168,-5.52206,,,,,,,,,,,,,,,,,,,,,,,,,,,,,,,,,,,,,,,,,,,,,,,,,,,High,High,High,,,,,,,,,,,,,,,,,,,,,,,,,,,,,,,,,,,,,,,
97,2026-03-18,14:55:58.92,3,1,"Sulpizio, Nick",1000138922,Right,OLD_MON,"Israel, Jayden",1000308312,Right,NOR_SPA,Undefined,3,Top,1,0,0,Slider,Slider,BallCalled,Undefined,Undefined,Undefined,0,0,,80.2958,-0.849118,-0.956,1889.632265,75.324928,8:30,5.27266,1.1212,6.08887,-43.34951,-0.07472,-5.73311,0.87448,-0.24108,73.53672,-8.845388,-1.990958,0.473466,,,,,,,,,,,,2.7,0.56709,-1.04427,50,5.18394,2.15283,-116.65334,-3.06708,3.687,23.7875,-31.39967,OLD_MON,NOR_SPA,BudMethenyBBStad,D1,SBELT,20260318-BudMethenyBBStad-1,1a61dc40-22fc-11f1-b0e4-ebb737895390,79.60958,,,6.75908,,,,,,,73be595d-676a-42c7-8f16-f99e9a025756,2026-03-18,18:55:58.92,2026-03-18T14:55:58.9290000-04:00,2026-03-18T18:55:58.9290000Z,,v3,3090,3904,107c2ea495266297e2d9,"Holman, Evan",1000137670,Right,OLD_MON,c4b46fe5-e780-4dfc-a9e9-9ffd083c52c0,54.41732,-117.55066,11.89375,5.2773,-1.88262,-15.69984,-1.12285,2.01375,1.8435,,,,,,,,,,,,,,,,,,,,,,,,,,,,,,,,,,,,,,,,,,,,,,,,,,,High,High,High,,,,,,,,,,,,,,,,,,,,,,,,,,,,,,,,,,,,,,,
98,2026-03-18,14:56:20.24,3,2,"Sulpizio, Nick",1000138922,Right,OLD_MON,"Israel, Jayden",1000308312,Right,NOR_SPA,Undefined,3,Top,1,1,0,Sinker,Changeup,StrikeCalled,Undefined,Undefined,Undefined,0,0,,87.23377,-0.390757,-1.949432,1829.51844,252.480479,2:30,5.26599,1.2206,6.34286,-29.81872,6.40929,16.55615,2.42111,0.80472,79.55864,-5.976919,1.04825,0.433205,,,,,,,,,,,,-9.1417,3.82551,-1.08581,50,5.22366,3.65727,-126.73968,-1.79731,-14.7928,27.14809,-25.98373,OLD_MON,NOR_SPA,BudMethenyBBStad,D1,SBELT,20260318-BudMethenyBBStad-1,2719c7e0-22fc-11f1-b0e4-ebb737895390,87.00826,,,7.67513,,,,,,,73be595d-676a-42c7-8f16-f99e9a025756,2026-03-18,18:56:20.24,2026-03-18T14:56:20.2470000-04:00,2026-03-18T18:56:20.2470000Z,,v3,3090,3904,107c2ea495266297e2d9,"Holman, Evan",1000137670,Right,OLD_MON,628a2876-1209-4909-9ffc-3664aa4edd7d,54.16146,-127.62797,13.57405,5.26856,-0.94712,-12.99186,-1.2134,4.14129,-7.3964,,,,,,,,,,,,,,,,,,,,,,,,,,,,,,,,,,,,,,,,,,,,,,,,,,,High,High,High,,,,,,,,,,,,,,,,,,,,,,,,,,,,,,,,,,,,,,,
99,2026-03-18,14:56:40.10,3,3,"Sulpizio, Nick",1000138922,Right,OLD_MON,"Israel, Jayden",1000308312,Right,NOR_SPA,Undefined,3,Top,1,1,1,Fastball,Four-Seam,InPlay,Undefined,GroundBall,Out,1,0,,89.33208,-1.949669,-2.121161,2113.580404,211.820021,1:00,5.04731,0.99639,6.47752,-19.28107,14.90225,8.58839,1.64813,-0.2368,81.94555,-5.613794,-0.56342,0.420803,83.84977,-5.738465,36.222423,,,,,20.73029,15.68219,34.132703,0.196057,-5.10563,8.6728,-0.85065,50,4.90115,4.48102,-129.80776,-4.95812,-8.72582,26.75168,-17.35173,OLD_MON,NOR_SPA,BudMethenyBBStad,D1,SBELT,20260318-BudMethenyBBStad-1,32ee7f70-22fc-11f1-b0e4-ebb737895390,89.5727,2.2969,,7.38653,,,,,,,73be595d-676a-42c7-8f16-f99e9a025756,2026-03-18,18:56:40.10,2026-03-18T14:56:40.1090000-04:00,2026-03-18T18:56:40.1090000Z,GroundBall,v3,3090,3904,107c2ea495266297e2d9,"Holman, Evan",1000137670,Right,OLD_MON,734ef2d3-ed51-473c-9027-197c51f6f272,54.02816,-130.63527,13.37584,5.04621,-4.42137,-8.67587,-0.99344,4.75094,-4.36291,,-1.88206,98.72148,-8.15777,,,,,,,2.29673,-12.28479,2.91918,,,,,,,-2.8145,72.32764,6.9325,,,,,,,,,,,,,,,,,,,,,,,,,,,,,High,High,High,Low,Low,,,,,,,,,,,,,,,,,,,,,,,,,,,,,,,,,,,,,
100,2026-03-18,14:57:16.46,4,1,"Sulpizio, Nick",1000138922,Right,OLD_MON,"Ealey, Thomas",10137346,Left,NOR_SPA,Undefined,3,Top,2,0,0,ChangeUp,Changeup,StrikeSwinging,Undefined,Undefined,Undefined,0,0,,84.44399,-1.473167,-2.546271,1416.016197,278.407963,3:15,5.12084,1.18633,6.7413,-39.38919,-1.03138,15.88135,0.49066,0.18157,76.96556,-8.832243,0.35505,0.445757,,,,,,,,,,,,-9.30044,0.23217,-1.02451,50,5.00864,4.90836,-122.67323,-4.29666,-13.97936,27.35133,-31.8251,OLD_MON,NOR_SPA,BudMethenyBBStad,D1,SBELT,20260318-BudMethenyBBStad-1,4897d8d0-22fc-11f1-b0e4-ebb737895390,84.55824,,,7.47843,,,,,,,73be595d-676a-42c7-8f16-f99e9a025756,2026-03-18,18:57:16.46,2026-03-18T14:57:16.4620000-04:00,2026-03-18T18:57:16.4620000Z,,v3,3090,3904,107c2ea495266297e2d9,"Holman, Evan",1000137670,Right,OLD_MON,17639a35-4898-4c80-888e-002323096ca4,53.76562,-123.50996,13.67566,5.12519,-3.32306,-15.91255,-1.18121,5.33602,-6.98968,,,,,,,,,,,,,,,,,,,,,,,,,,,,,,,,,,,,,,,,,,,,,,,,,,,High,High,High,,,,,,,,,,,,,,,,,,,,,,,,,,,,,,,,,,,,,,,
101,2026-03-18,14:57:46.81,4,2,"Sulpizio, Nick",1000138922,Right,OLD_MON,"Ealey, Thomas",10137346,Left,NOR_SPA,Undefined,3,Top,2,0,1,Sinker,Sinker,BallCalled,Undefined,Undefined,Undefined,0,0,,89.29067,0.037364,-0.881976,1842.906219,251.278053,2:30,4.92808,1.12366,6.04311,-29.09486,5.83882,13.90052,2.53811,1.46532,81.42868,-5.383886,1.621147,0.425396,,,,,,,,,,,,-7.34587,3.36335,-1.06189,50,4.91552,1.40364,-129.71469,-0.90324,-12.46482,28.16629,-26.46693,OLD_MON,NOR_SPA,BudMethenyBBStad,D1,SBELT,20260318-BudMethenyBBStad-1,5aa98c80-22fc-11f1-b0e4-ebb737895390,88.60553,,,7.86199,,,,,,,73be595d-676a-42c7-8f16-f99e9a025756,2026-03-18,18:57:46.81,2026-03-18T14:57:46.8140000-04:00,2026-03-18T18:57:46.8140000Z,,v3,3090,3904,107c2ea495266297e2d9,"Holman, Evan",1000137670,Right,OLD_MON,7bf0baab-cc62-42b0-b73c-24dd21dd5f2b,54.46023,-130.67959,14.08314,4.93093,0.00344,-13.23346,-1.11729,1.83066,-6.23241,,,,,,,,,,,,,,,,,,,,,,,,,,,,,,,,,,,,,,,,,,,,,,,,,,,High,High,High,,,,,,,,,,,,,,,,,,,,,,,,,,,,,,,,,,,,,,,
102,2026-03-18,14:58:06.44,4,3,"Sulpizio, Nick",1000138922,Right,OLD_MON,"Ealey, Thomas",10137346,Left,NOR_SPA,Undefined,3,Top,2,1,1,ChangeUp,Changeup,StrikeCalled,Undefined,Undefined,Undefined,0,0,,84.34805,0.885698,-1.698689,1397.825578,295.618265,3:45,4.9491,1.46633,6.59984,-42.7903,-4.42433,11.80575,2.19517,0.8933,77.06009,-7.091704,0.450758,0.445804,,,,,,,,,,,,-6.67496,-2.16252,-1.35454,50,4.99268,3.20074,-122.6354,0.5752,-10.10308,25.63796,-35.4472,OLD_MON,NOR_SPA,BudMethenyBBStad,D1,SBELT,20260318-BudMethenyBBStad-1,6662f3e0-22fc-11f1-b0e4-ebb737895390,84.54927,,,7.28796,,,,,,,73be595d-676a-42c7-8f16-f99e9a025756,2026-03-18,18:58:06.44,2026-03-18T14:58:06.4440000-04:00,2026-03-18T18:58:06.4440000Z,,v3,3090,3904,107c2ea495266297e2d9,"Holman, Evan",1000137670,Right,OLD_MON,b9a6d1a0-c1cd-424b-a9bc-8b8beddfdb11,53.90589,-123.44926,12.81898,4.95656,1.70044,-17.7236,-1.46123,3.52146,-5.05154,,,,,,,,,,,,,,,,,,,,,,,,,,,,,,,,,,,,,,,,,,,,,,,,,,,High,High,High,,,,,,,,,,,,,,,,,,,,,,,,,,,,,,,,,,,,,,,
103,2026-03-18,14:58:25.44,4,4,"Sulpizio, Nick",1000138922,Right,OLD_MON,"Ealey, Thomas",10137346,Left,NOR_SPA,Undefined,3,Top,2,1,2,ChangeUp,Changeup,StrikeSwinging,Strikeout,Undefined,Undefined,0,0,,84.88004,-0.485452,-0.55344,1517.525091,276.892206,3:15,5.13534,1.18545,6.4713,-38.47868,-0.325,13.10926,1.48289,1.76955,77.49958,-7.652477,1.829563,0.444569,,,,,,,,,,,,-7.01748,0.37106,-1.15173,50,5.08449,0.70125,-123.39735,-2.23907,-10.72203,26.63275,-31.60707,OLD_MON,NOR_SPA,BudMethenyBBStad,D1,SBELT,20260318-BudMethenyBBStad-1,71b89060-22fc-11f1-b0e4-ebb737895390,84.78415,,,7.38046,,,,,,,73be595d-676a-42c7-8f16-f99e9a025756,2026-03-18,18:58:25.44,2026-03-18T14:58:25.4440000-04:00,2026-03-18T18:58:25.4440000Z,,v3,3090,3904,107c2ea495266297e2d9,"Holman, Evan",1000137670,Right,OLD_MON,1e66e79d-4b18-4faf-8781-683a9cfd0be9,54.03381,-124.26492,13.31637,5.14066,-1.20947,-15.80354,-1.18026,1.05052,-5.36101,,,,,,,,,,,,,,,,,,,,,,,,,,,,,,,,,,,,,,,,,,,,,,,,,,,High,High,High,,,,,,,,,,,,,,,,,,,,,,,,,,,,,,,,,,,,,,,
104,2026-03-18,15:00:40.10,1,1,"Harris, Sean",10915194,Right,NOR_SPA,"Johnson, William",822847,Right,OLD_MON,Undefined,3,Bottom,0,0,0,Fastball,Changeup,FoulBallNotFieldable,Undefined,Undefined,Undefined,0,0,,75.76806,2.763634,-2.572893,1595.436927,275.345886,3:15,3.87602,1.51641,4.91309,-51.42223,0.09449,19.29281,2.20898,0.68941,68.11651,-6.602014,0.823084,0.516589,,,,,,,,,,,,-10.43264,-0.40535,-1.28227,50,4.10348,4.14684,-109.54035,3.5158,-12.44732,22.60573,-32.65766,OLD_MON,NOR_SPA,BudMethenyBBStad,D1,SBELT,20260318-BudMethenyBBStad-1,c1fdba50-22fc-11f1-b0e4-ebb737895390,72.96401,,,7.65155,,,,,,,73be595d-676a-42c7-8f16-f99e9a025756,2026-03-18,19:00:40.10,2026-03-18T15:00:40.1040000-04:00,2026-03-18T19:00:40.1040000Z,,v3,3090,3904,107c2ea495266297e2d9,"Burke, Brendan",1000069375,Right,NOR_SPA,e8f6fecb-6751-4368-9872-818cdb3d21e2,55.59213,-110.68838,11.30286,3.88282,5.17431,-16.32883,-1.50891,4.77897,-6.22366,,,,,,,,,,,,,,,,,,,,,,,,,,,,,,,,,,,,,,,,,,,,,,,,,,,High,High,High,,,,,,,,,,,,,,,,,,,,,,,,,,,,,,,,,,,,,,,
105,2026-03-18,15:00:58.65,1,2,"Harris, Sean",10915194,Right,NOR_SPA,"Johnson, William",822847,Right,OLD_MON,Undefined,3,Bottom,0,0,1,Fastball,Changeup,InPlay,Undefined,GroundBall,Single,0,0,,77.87073,1.573668,-3.87862,1750.295951,263.891409,2:45,4.03228,1.73075,4.84553,-45.05912,3.99087,19.86407,1.77117,-0.29199,69.84177,-6.647132,-0.391012,0.50407,84.70924,-1.341982,-24.642668,,,,,27.13899,20.34905,-21.317657,0.204725,-11.10674,1.92461,-1.36486,50,4.15006,6.79152,-112.4612,1.50075,-13.94444,24.13739,-29.75771,OLD_MON,NOR_SPA,BudMethenyBBStad,D1,SBELT,20260318-BudMethenyBBStad-1,cd0cff00-22fc-11f1-b0e4-ebb737895390,74.7762,1.67095,,8.02896,,,,3.03702,1.67095,0.58855,73be595d-676a-42c7-8f16-f99e9a025756,2026-03-18,19:00:58.65,2026-03-18T15:00:58.6500000-04:00,2026-03-18T19:00:58.6500000Z,GroundBall,v3,3090,3904,107c2ea495266297e2d9,"Burke, Brendan",1000069375,Right,NOR_SPA,7e15ab5e-cf37-4c49-8d64-5d04c7f9385e,55.65825,-113.66913,12.06869,4.03769,2.98995,-14.87886,-1.7222,7.48936,-6.97222,29.689948,3.03819,112.81781,-20.37109,,,,,,,1.67281,-3.03052,-25.15265,,,,,,,0.58873,-51.8004,3.57526,,,,,,,,,,,,,,,,,,,,,,,,,,,,,High,High,High,Low,Low,,,,,,,,,,,,,,,,,,,,,,,,,,,,,,,,,,,,,
106,2026-03-18,15:01:40.54,2,1,"Harris, Sean",10915194,Right,NOR_SPA,"Leite, Zachary",1000218664,Left,OLD_MON,Undefined,3,Bottom,0,0,0,Fastball,Changeup,StrikeCalled,Undefined,Undefined,Undefined,0,0,,76.53706,2.497978,-1.940354,1711.151937,283.708647,3:30,4.07809,1.70252,4.74914,-52.56652,-1.40689,14.00288,2.06981,1.02824,68.34887,-7.058908,0.518999,0.514796,,,,,,,,,,,,-7.50807,-0.97362,-1.52044,50,4.28361,3.14907,-110.54689,2.92604,-9.0548,24.37459,-33.34823,OLD_MON,NOR_SPA,BudMethenyBBStad,D1,SBELT,20260318-BudMethenyBBStad-1,e60890a0-22fc-11f1-b0e4-ebb737895390,73.21822,,,8.18819,,,,,,,73be595d-676a-42c7-8f16-f99e9a025756,2026-03-18,19:01:40.54,2026-03-18T15:01:40.5480000-04:00,2026-03-18T19:01:40.5480000Z,,v3,3090,3904,107c2ea495266297e2d9,"Burke, Brendan",1000069375,Right,NOR_SPA,3904af31-bae3-4ede-936c-49d8451d5189,55.75256,-111.80808,12.18729,4.08757,4.65155,-16.67411,-1.6955,3.61759,-4.5274,,,,,,,,,,,,,,,,,,,,,,,,,,,,,,,,,,,,,,,,,,,,,,,,,,,High,High,High,,,,,,,,,,,,,,,,,,,,,,,,,,,,,,,,,,,,,,,
107,2026-03-18,15:02:01.25,2,2,"Harris, Sean",10915194,Right,NOR_SPA,"Leite, Zachary",1000218664,Left,OLD_MON,Undefined,3,Bottom,0,0,1,ChangeUp,Changeup,FoulBallNotFieldable,Undefined,Undefined,Undefined,0,0,,70.68013,2.509157,-1.294423,1339.452988,277.201951,3:15,3.90234,1.87223,4.76738,-58.89602,1.0291,10.45005,1.37568,1.51548,63.30947,-8.203867,0.542578,0.557155,,,,,,,,,,,,-5.6037,0.2198,-1.75233,50,4.10276,1.90558,-102.12437,2.54574,-5.76388,20.89853,-31.94795,OLD_MON,NOR_SPA,BudMethenyBBStad,D1,SBELT,20260318-BudMethenyBBStad-1,f2662740-22fc-11f1-b0e4-ebb737895390,67.65167,,,7.37066,,,,,,,73be595d-676a-42c7-8f16-f99e9a025756,2026-03-18,19:02:01.25,2026-03-18T15:02:01.2520000-04:00,2026-03-18T19:02:01.2520000Z,,v3,3090,3904,107c2ea495266297e2d9,"Burke, Brendan",1000069375,Right,NOR_SPA,883c8a7a-b12b-4a09-936f-1981b95d46ca,55.73516,-103.29134,10.44926,3.9108,4.3297,-15.97398,-1.86772,2.22743,-2.88194,,,,,,,,,,,,,,,,,,,,,,,,,,,,,,,,,,,,,,,,,,,,,,,,,,,High,High,High,,,,,,,,,,,,,,,,,,,,,,,,,,,,,,,,,,,,,,,
108,2026-03-18,15:02:25.96,2,3,"Harris, Sean",10915194,Right,NOR_SPA,"Leite, Zachary",1000218664,Left,OLD_MON,Undefined,3,Bottom,0,0,2,Fastball,Changeup,BallCalled,Undefined,Undefined,Undefined,0,0,,72.87421,2.117295,-0.719039,1588.710186,279.833417,3:15,3.87614,1.96978,4.671,-56.85101,-0.96461,17.01485,1.15083,2.70464,66.04345,-8.155378,2.268322,0.538052,,,,,,,,,,,,-8.51193,-0.54272,-1.91283,50,4.04085,0.63559,-105.47824,1.92323,-9.45269,20.32891,-32.77676,OLD_MON,NOR_SPA,BudMethenyBBStad,D1,SBELT,20260318-BudMethenyBBStad-1,01215cf0-22fd-11f1-b0e4-ebb737895390,70.05347,,,6.83076,,,,,,,73be595d-676a-42c7-8f16-f99e9a025756,2026-03-18,19:02:25.96,2026-03-18T15:02:25.9630000-04:00,2026-03-18T19:02:25.9630000Z,,v3,3090,3904,107c2ea495266297e2d9,"Burke, Brendan",1000069375,Right,NOR_SPA,7f976536-8641-4a60-9469-d878ddb64bb9,55.83298,-106.59651,10.16446,3.88546,3.72624,-16.38838,-1.9621,1.15557,-4.72635,,,,,,,,,,,,,,,,,,,,,,,,,,,,,,,,,,,,,,,,,,,,,,,,,,,High,High,High,,,,,,,,,,,,,,,,,,,,,,,,,,,,,,,,,,,,,,,
109,2026-03-18,15:02:51.21,2,4,"Harris, Sean",10915194,Right,NOR_SPA,"Leite, Zachary",1000218664,Left,OLD_MON,Undefined,3,Bottom,0,1,2,Fastball,Changeup,BallCalled,Undefined,Undefined,Undefined,0,0,,77.01727,1.741378,-1.716786,1722.355911,267.094341,3:00,3.94517,1.76636,4.84678,-46.70109,2.62295,19.30615,1.70344,1.74923,70.11663,-6.73595,1.681656,0.505476,,,,,,,,,,,,-9.97784,1.27524,-1.61397,50,4.07773,2.53893,-111.58965,1.73134,-12.50565,21.20742,-30.57574,OLD_MON,NOR_SPA,BudMethenyBBStad,D1,SBELT,20260318-BudMethenyBBStad-1,102cae70-22fd-11f1-b0e4-ebb737895390,74.56818,,,6.90064,,,,,,,73be595d-676a-42c7-8f16-f99e9a025756,2026-03-18,19:02:51.21,2026-03-18T15:02:51.2170000-04:00,2026-03-18T19:02:51.2170000Z,,v3,3090,3904,107c2ea495266297e2d9,"Burke, Brendan",1000069375,Right,NOR_SPA,d9960084-55af-4181-988a-535f550fea5f,55.65799,-112.65981,10.60371,3.95144,3.27424,-15.28787,-1.75801,3.16998,-6.25283,,,,,,,,,,,,,,,,,,,,,,,,,,,,,,,,,,,,,,,,,,,,,,,,,,,High,High,High,,,,,,,,,,,,,,,,,,,,,,,,,,,,,,,,,,,,,,,
110,2026-03-18,15:03:12.74,2,5,"Harris, Sean",10915194,Right,NOR_SPA,"Leite, Zachary",1000218664,Left,OLD_MON,Undefined,3,Bottom,0,2,2,Fastball,Changeup,InPlay,Undefined,LineDrive,Single,0,0,,76.70151,2.903919,-2.931552,1732.495534,280.683591,3:15,3.77388,1.74069,5.12351,-51.55822,-2.10988,20.10434,2.21877,0.65213,69.54273,-6.482893,0.619559,0.506113,101.6352,8.983324,-13.223439,2626.808661,103.9145,11.74347,-36.07862,209.61717,209.61717,-24.743165,1.812809,-10.90571,-1.47642,-1.48137,50,4.00725,4.88193,-111.01058,3.8601,-13.49285,21.45444,-34.0007,OLD_MON,NOR_SPA,BudMethenyBBStad,D1,SBELT,20260318-BudMethenyBBStad-1,1cffc330-22fd-11f1-b0e4-ebb737895390,74.4744,11.74292,,7.15878,,,,1.72029,2.2545,-0.64852,73be595d-676a-42c7-8f16-f99e9a025756,2026-03-18,19:03:12.74,2026-03-18T15:03:12.7480000-04:00,2026-03-18T19:03:12.7480000Z,LineDrive,v3,3090,3904,107c2ea495266297e2d9,"Burke, Brendan",1000069375,Right,NOR_SPA,c3eb1c6b-4206-4cad-80d3-049b04ed6870,55.38305,-112.04611,10.72722,3.78133,5.50118,-17.00035,-1.73272,5.53318,-6.74643,105.314027,1.72029,143.33236,-28.53347,5.10452,-0.91965,0.13283,-0.01619,0.0014,-6E-05,2.2545,23.27601,-14.98243,0.91422,-0.06969,0.00109,0.00311,-0.0007,5E-05,-0.64852,-33.68023,-14.25688,5.54022,-1.69303,0.44926,-0.1019,0.01689,-0.00142,,,,,,,,,,,,,,,,,,,,,,,High,High,High,High,High,,,,,,,,,,,,,,,,,,,,,,,,,,,,,,,,,,,,,
111,2026-03-18,15:03:54.98,3,1,"Harris, Sean",10915194,Right,NOR_SPA,"Zedalis, Tyler",822603,Right,OLD_MON,Undefined,3,Bottom,0,0,0,Fastball,Changeup,BallCalled,Undefined,Undefined,Undefined,0,0,,76.0261,3.794564,-2.682675,1625.768769,260.653651,2:45,4.04269,1.66158,5.07436,-46.49814,3.6863,12.67678,3.75473,0.18676,69.1479,-4.684649,-0.44839,0.509866,,,,,,,,,,,,-7.00654,1.25874,-1.41727,50,4.36711,4.64083,-109.9649,5.72186,-8.57396,19.61284,-30.63372,OLD_MON,NOR_SPA,BudMethenyBBStad,D1,SBELT,20260318-BudMethenyBBStad-1,362969b0-22fd-11f1-b0e4-ebb737895390,73.92619,,,6.8782,,,,,,,73be595d-676a-42c7-8f16-f99e9a025756,2026-03-18,19:03:54.98,2026-03-18T15:03:54.9810000-04:00,2026-03-18T19:03:54.9810000Z,,v3,3090,3904,107c2ea495266297e2d9,"Burke, Brendan",1000069375,Right,NOR_SPA,67a00232-4c6d-4e15-938c-398a5d3614c1,55.42974,-110.9291,9.80642,4.0488,7.22786,-15.31686,-1.65578,5.06234,-4.28698,,,,,,,,,,,,,,,,,,,,,,,,,,,,,,,,,,,,,,,,,,,,,,,,,,,High,High,High,,,,,,,,,,,,,,,,,,,,,,,,,,,,,,,,,,,,,,,
112,2026-03-18,15:04:15.71,3,2,"Harris, Sean",10915194,Right,NOR_SPA,"Zedalis, Tyler",822603,Right,OLD_MON,Undefined,3,Bottom,0,1,0,Fastball,Changeup,BallCalled,Undefined,Undefined,Undefined,0,0,,76.98641,2.172723,-4.479806,1623.473907,287.305634,3:30,4.07319,1.79603,4.80447,-54.35523,-3.95642,18.88714,1.60968,-0.88362,69.05881,-7.670205,-1.169056,0.510954,,,,,,,,,,,,-10.78638,-2.1474,-1.36641,50,4.24315,7.90884,-111.07029,2.25666,-13.19774,23.70338,-34.80151,OLD_MON,NOR_SPA,BudMethenyBBStad,D1,SBELT,20260318-BudMethenyBBStad-1,428811c0-22fd-11f1-b0e4-ebb737895390,73.76879,,,7.9276,,,,,,,73be595d-676a-42c7-8f16-f99e9a025756,2026-03-18,19:04:15.71,2026-03-18T15:04:15.7170000-04:00,2026-03-18T19:04:15.7170000Z,,v3,3090,3904,107c2ea495266297e2d9,"Burke, Brendan",1000069375,Right,NOR_SPA,997b496d-491a-4e26-8fbb-a830c2373a18,55.70014,-112.28016,11.85169,4.08263,4.033,-17.40076,-1.78729,8.58248,-6.59887,,,,,,,,,,,,,,,,,,,,,,,,,,,,,,,,,,,,,,,,,,,,,,,,,,,High,High,High,,,,,,,,,,,,,,,,,,,,,,,,,,,,,,,,,,,,,,,
113,2026-03-18,15:04:35.90,3,3,"Harris, Sean",10915194,Right,NOR_SPA,"Zedalis, Tyler",822603,Right,OLD_MON,Undefined,3,Bottom,0,2,0,Slider,Curveball,BallCalled,Undefined,Undefined,Undefined,0,0,,68.95284,4.741523,-2.372172,2145.524494,106.994641,9:30,3.95672,1.77906,4.61678,-56.46287,6.14311,-13.36678,3.7741,-1.59168,62.51654,-5.481788,-4.703299,0.569481,,,,,,,,,,,,5.79055,2.18465,-1.52166,50,4.39461,4.632,-99.47656,6.43628,5.76191,16.99523,-30.0002,OLD_MON,NOR_SPA,BudMethenyBBStad,D1,SBELT,20260318-BudMethenyBBStad-1,4e9b58f0-22fd-11f1-b0e4-ebb737895390,66.18733,,,6.43629,,,,,,,73be595d-676a-42c7-8f16-f99e9a025756,2026-03-18,19:04:35.90,2026-03-18T15:04:35.9040000-04:00,2026-03-18T19:04:35.9040000Z,,v3,3090,3904,107c2ea495266297e2d9,"Burke, Brendan",1000069375,Right,NOR_SPA,42420ee3-5f43-4d09-834c-ce23b5fa865b,55.886,-100.47713,8.49762,3.96369,8.2025,-15.0001,-1.78437,4.29278,2.88095,,,,,,,,,,,,,,,,,,,,,,,,,,,,,,,,,,,,,,,,,,,,,,,,,,,High,High,High,,,,,,,,,,,,,,,,,,,,,,,,,,,,,,,,,,,,,,,
114,2026-03-18,15:04:55.60,3,4,"Harris, Sean",10915194,Right,NOR_SPA,"Zedalis, Tyler",822603,Right,OLD_MON,Undefined,3,Bottom,0,3,0,Fastball,Changeup,BallCalled,Walk,Undefined,Undefined,0,0,,77.78785,2.762714,-2.090321,1753.324785,268.372956,3:00,3.86205,1.62883,5.02281,-46.01199,2.04106,16.18446,2.6388,1.00391,70.69956,-5.620129,0.764383,0.498921,,,,,,,,,,,,-8.6315,0.65358,-1.4423,50,4.09005,3.44784,-112.65194,3.82641,-11.0385,21.383,-31.33822,OLD_MON,NOR_SPA,BudMethenyBBStad,D1,SBELT,20260318-BudMethenyBBStad-1,5a4cf820-22fd-11f1-b0e4-ebb737895390,75.54788,,,7.08829,,,,,,,73be595d-676a-42c7-8f16-f99e9a025756,2026-03-18,19:04:55.60,2026-03-18T15:04:55.6060000-04:00,2026-03-18T19:04:55.6060000Z,,v3,3090,3904,107c2ea495266297e2d9,"Burke, Brendan",1000069375,Right,NOR_SPA,f13dc6a4-c30c-4166-b4c2-2d94889abd6a,55.48241,-113.68782,10.6915,3.86791,5.34456,-15.66911,-1.62228,3.9826,-5.51925,,,,,,,,,,,,,,,,,,,,,,,,,,,,,,,,,,,,,,,,,,,,,,,,,,,High,High,High,,,,,,,,,,,,,,,,,,,,,,,,,,,,,,,,,,,,,,,
115,2026-03-18,15:05:44.17,4,1,"Harris, Sean",10915194,Right,NOR_SPA,"Dye, Macaddin",831173,Right,OLD_MON,Undefined,3,Bottom,0,0,0,Fastball,Changeup,HitByPitch,Undefined,Undefined,Undefined,0,1,,78.12969,3.030625,-1.639367,1743.273658,268.535311,3:00,3.94645,1.83432,4.96013,-45.78743,1.81536,11.67485,2.99815,1.25785,71.18693,-5.294421,0.417492,0.496578,,,,,,,,,,,,-6.35926,0.32614,-1.68594,50,4.20236,2.77669,-113.20002,4.39226,-8.22991,21.17139,-31.75194,OLD_MON,NOR_SPA,BudMethenyBBStad,D1,SBELT,20260318-BudMethenyBBStad-1,773cce60-22fd-11f1-b0e4-ebb737895390,75.90436,,,6.94276,,,,,,,73be595d-676a-42c7-8f16-f99e9a025756,2026-03-18,19:05:44.17,2026-03-18T15:05:44.1710000-04:00,2026-03-18T19:05:44.1710000Z,,v3,3090,3904,107c2ea495266297e2d9,"Burke, Brendan",1000069375,Right,NOR_SPA,aafe2da7-7964-4ad6-86ea-0ed89bf29f37,55.54742,-114.23282,10.5857,3.95032,5.94121,-15.87597,-1.83119,3.17817,-4.11496,,,,,,,,,,,,,,,,,,,,,,,,,,,,,,,,,,,,,,,,,,,,,,,,,,,High,High,High,,,,,,,,,,,,,,,,,,,,,,,,,,,,,,,,,,,,,,,
116,2026-03-18,15:06:32.26,5,1,"Harris, Sean",10915194,Right,NOR_SPA,"Connors, Brody",1000235522,Right,OLD_MON,Undefined,3,Bottom,0,0,0,Fastball,Changeup,BallCalled,Undefined,Undefined,Undefined,0,0,,77.64728,1.021812,-3.927742,1719.840697,266.658811,3:00,3.77694,1.59735,5.07357,-45.79719,2.25051,11.97745,0.92632,-1.11367,71.02212,-7.295375,-1.816231,0.498893,,,,,,,,,,,,-7.11579,1.21764,-1.2341,50,3.83764,7.24342,-112.42783,0.42711,-9.091,20.73224,-30.61843,OLD_MON,NOR_SPA,BudMethenyBBStad,D1,SBELT,20260318-BudMethenyBBStad-1,93e896c0-22fd-11f1-b0e4-ebb737895390,75.55212,,,6.62515,,,,,,,73be595d-676a-42c7-8f16-f99e9a025756,2026-03-18,19:06:32.26,2026-03-18T15:06:32.2670000-04:00,2026-03-18T19:06:32.2670000Z,,v3,3090,3904,107c2ea495266297e2d9,"Burke, Brendan",1000069375,Right,NOR_SPA,d6d845a3-72dd-48b0-9a44-584befa1fc2d,55.43274,-113.42523,10.36612,3.78167,1.90012,-15.30921,-1.5931,7.68077,-4.5455,,,,,,,,,,,,,,,,,,,,,,,,,,,,,,,,,,,,,,,,,,,,,,,,,,,High,High,High,,,,,,,,,,,,,,,,,,,,,,,,,,,,,,,,,,,,,,,
117,2026-03-18,15:06:49.68,5,2,"Harris, Sean",10915194,Right,NOR_SPA,"Connors, Brody",1000235522,Right,OLD_MON,Undefined,3,Bottom,0,1,0,Fastball,Changeup,StrikeCalled,Undefined,Undefined,Undefined,0,0,,76.92926,2.496896,-4.019524,1652.328186,238.573121,2:00,3.98905,1.63967,4.89448,-39.88168,9.36867,12.79032,3.03494,-1.10316,70.16696,-4.773985,-1.776155,0.505098,,,,,,,,,,,,-7.388,4.39603,-1.25629,50,4.20136,7.29017,-111.24261,3.49434,-9.27683,19.57198,-26.65411,OLD_MON,NOR_SPA,BudMethenyBBStad,D1,SBELT,20260318-BudMethenyBBStad-1,9e497300-22fd-11f1-b0e4-ebb737895390,74.62394,,,6.7623,,,,,,,73be595d-676a-42c7-8f16-f99e9a025756,2026-03-18,19:06:49.68,2026-03-18T15:06:49.6880000-04:00,2026-03-18T19:06:49.6880000Z,,v3,3090,3904,107c2ea495266297e2d9,"Burke, Brendan",1000069375,Right,NOR_SPA,2a1068c7-3a21-4046-90dc-70b9863b6105,55.60938,-112.22518,9.78599,3.99234,4.83246,-13.32706,-1.63397,7.7559,-4.63841,,,,,,,,,,,,,,,,,,,,,,,,,,,,,,,,,,,,,,,,,,,,,,,,,,,High,High,High,,,,,,,,,,,,,,,,,,,,,,,,,,,,,,,,,,,,,,,
118,2026-03-18,15:07:09.51,5,3,"Harris, Sean",10915194,Right,NOR_SPA,"Connors, Brody",1000235522,Right,OLD_MON,Undefined,3,Bottom,0,1,1,Fastball,Changeup,BallCalled,Undefined,Undefined,Undefined,0,0,,77.31286,2.514028,-4.416013,1734.121437,289.181337,3:45,3.75831,1.63163,5.02801,-51.65802,-2.95126,13.03871,1.83446,-1.45731,70.4963,-6.838227,-2.123222,0.502303,,,,,,,,,,,,-7.7291,-1.73874,-1.21924,50,3.9579,8.10417,-111.78203,3.09667,-9.75703,20.58183,-34.36899,OLD_MON,NOR_SPA,BudMethenyBBStad,D1,SBELT,20260318-BudMethenyBBStad-1,aa1cf210-22fd-11f1-b0e4-ebb737895390,75.0392,,,6.81656,,,,,,,73be595d-676a-42c7-8f16-f99e9a025756,2026-03-18,19:07:09.51,2026-03-18T15:07:09.5130000-04:00,2026-03-18T19:07:09.5130000Z,,v3,3090,3904,107c2ea495266297e2d9,"Burke, Brendan",1000069375,Right,NOR_SPA,f15a40d9-add9-4b8f-b89e-11de4356be22,55.47841,-112.78623,10.29092,3.76591,4.77355,-17.1845,-1.62626,8.58022,-4.87852,,,,,,,,,,,,,,,,,,,,,,,,,,,,,,,,,,,,,,,,,,,,,,,,,,,High,High,High,,,,,,,,,,,,,,,,,,,,,,,,,,,,,,,,,,,,,,,
119,2026-03-18,15:07:43.30,5,4,"Harris, Sean",10915194,Right,NOR_SPA,"Connors, Brody",1000235522,Right,OLD_MON,Undefined,3,Bottom,0,2,1,Fastball,Changeup,InPlay,Undefined,LineDrive,Single,0,2,,77.35051,2.099073,-3.028409,1731.741666,252.538818,2:30,4.02559,1.56075,4.9426,-41.39884,7.68611,18.93198,2.5633,0.27344,69.8296,-5.481859,0.303532,0.504249,81.19265,16.765954,-14.474647,1146.361244,106.91415,24.78798,-25.87102,245.86888,245.86888,-12.636511,2.884779,-10.3293,3.60906,-1.28291,50,4.19609,5.14332,-111.88633,2.68753,-12.94391,22.3438,-27.65145,OLD_MON,NOR_SPA,BudMethenyBBStad,D1,SBELT,20260318-BudMethenyBBStad-1,be40e3f0-22fd-11f1-b0e4-ebb737895390,74.74958,25.82496,,7.52091,,,,2.46533,2.65811,-0.26441,73be595d-676a-42c7-8f16-f99e9a025756,2026-03-18,19:07:43.30,2026-03-18T15:07:43.3000000-04:00,2026-03-18T19:07:43.3000000Z,LineDrive,v3,3090,3904,107c2ea495266297e2d9,"Burke, Brendan",1000069375,Right,NOR_SPA,fe94acc7-ffd5-47da-ad27-ce127ebc884c,55.56169,-112.99154,11.1719,4.02932,4.05529,-13.82572,-1.55315,5.78358,-6.47196,190.315459,2.46534,110.40089,-15.41984,3.07964,-0.58779,0.10557,-0.01694,0.00196,-0.00011,2.6581,34.35091,-13.25567,0.42631,-0.0352,0.00183,0.00084,-1E-05,-1E-05,-0.26441,-28.49948,5.36595,-1.04621,0.20215,-0.03643,0.00587,-0.00068,4E-05,,,,,,,,,,,,,,,,,,,,,,,High,High,High,High,High,,,,,,,,,,,,,,,,,,,,,,,,,,,,,,,,,,,,,
120,2026-03-18,15:11:27.06,6,1,"Sellers, Ryan",1000305071,Right,NOR_SPA,"Sparr, Grayson",10150103,Right,OLD_MON,Undefined,3,Bottom,0,0,0,Cutter,Cutter,BallCalled,Undefined,Undefined,Undefined,0,0,,83.81429,-2.612123,-2.967685,2302.248965,178.12513,12:00,5.73882,1.75589,6.24632,-21.24403,18.2721,-0.5552,1.55416,-1.03021,76.58246,-6.636426,-3.067781,0.452438,,,,,,,,,,,,-0.57189,10.63308,-1.53447,50,5.53331,6.31988,-121.49955,-6.11582,-0.85149,24.68746,-16.3426,OLD_MON,NOR_SPA,BudMethenyBBStad,D1,SBELT,20260318-BudMethenyBBStad-1,439d0ec0-22fe-11f1-b0e4-ebb737895390,83.30971,,,7.23183,,,,,,,73be595d-676a-42c7-8f16-f99e9a025756,2026-03-18,19:11:27.06,2026-03-18T15:11:27.0610000-04:00,2026-03-18T19:11:27.0610000Z,,v3,3090,3904,107c2ea495266297e2d9,"Burke, Brendan",1000069375,Right,NOR_SPA,773e2c31-7a4f-49fa-9a1f-ef3d196a2163,54.2566,-122.36139,12.34373,5.73686,-5.5453,-8.1713,-1.75561,6.3496,-0.42574,,,,,,,,,,,,,,,,,,,,,,,,,,,,,,,,,,,,,,,,,,,,,,,,,,,High,High,High,,,,,,,,,,,,,,,,,,,,,,,,,,,,,,,,,,,,,,,
121,2026-03-18,15:11:45.16,6,2,"Sellers, Ryan",1000305071,Right,NOR_SPA,"Sparr, Grayson",10150103,Right,OLD_MON,Undefined,3,Bottom,0,1,0,Cutter,Slider,InPlay,Undefined,FlyBall,Sacrifice,1,1,,82.24618,-1.510117,-2.08852,2255.226699,173.214491,11:45,5.80093,1.92892,6.10598,-26.81801,13.99702,-1.51886,2.16822,-0.13007,75.78225,-6.519678,-2.362036,0.459813,93.71397,30.635303,6.095156,4606.595777,108.29668,65.56312,19.28081,290.88606,256.54319,20.363228,5.205267,0.23398,8.01398,-1.76742,50,5.67048,4.41318,-119.47997,-3.93196,0.33967,22.10345,-20.54025,OLD_MON,NOR_SPA,BudMethenyBBStad,D1,SBELT,20260318-BudMethenyBBStad-1,4e63b1b0-22fe-11f1-b0e4-ebb737895390,81.97339,88.48702,,6.46393,,,,1.54733,2.18543,0.12133,73be595d-676a-42c7-8f16-f99e9a025756,2026-03-18,19:11:45.16,2026-03-18T15:11:45.1670000-04:00,2026-03-18T19:11:45.1670000Z,FlyBall,v3,3090,3904,107c2ea495266297e2d9,"Burke, Brendan",1000069375,Right,NOR_SPA,024d2666-0753-43b7-b335-4b12ba2ce15f,54.39916,-120.29105,11.05173,5.80094,-3.17824,-10.27013,-1.92913,4.40072,0.16983,199.835007,1.5481,117.57514,-31.12349,7.58954,-1.52017,0.27001,-0.04114,0.00427,-0.0002,2.18714,70.0086,-14.10068,-0.45724,0.3495,-0.12494,0.02828,-0.00332,0.00015,0.12094,12.56683,3.99261,-1.22889,0.27131,-0.04378,0.00518,-0.00041,2E-05,,,,,,,,,,,,,,,,,,,,,,,High,High,High,High,Medium,,,,,,,,,,,,,,,,,,,,,,,,,,,,,,,,,,,,,
122,2026-03-18,15:12:28.73,7,1,"Sellers, Ryan",1000305071,Right,NOR_SPA,"Jay, Cash",1000482259,Right,OLD_MON,Undefined,3,Bottom,1,0,0,Cutter,Cutter,BallCalled,Undefined,Undefined,Undefined,0,0,,84.64604,-2.926638,-2.904361,2296.895238,180.718544,12:00,5.81061,1.59219,6.12125,-22.63942,15.8978,0.18508,1.21224,-1.08001,78.19575,-7.157446,-2.871086,0.446799,,,,,,,,,,,,-0.84551,9.34075,-1.3695,50,5.57387,6.22319,-122.80106,-6.94291,-1.30019,22.7185,-17.81016,OLD_MON,NOR_SPA,BudMethenyBBStad,D1,SBELT,20260318-BudMethenyBBStad-1,685e15b0-22fe-11f1-b0e4-ebb737895390,84.36115,,,6.45029,,,,,,,73be595d-676a-42c7-8f16-f99e9a025756,2026-03-18,19:12:28.73,2026-03-18T15:12:28.7300000-04:00,2026-03-18T19:12:28.7300000Z,,v3,3090,3904,107c2ea495266297e2d9,"Burke, Brendan",1000069375,Right,NOR_SPA,0c1e2119-6ebb-4492-9ff5-79f3ac8dee0a,54.38389,-123.60943,11.35925,5.80964,-6.30919,-8.90508,-1.59176,6.26945,-0.6501,,,,,,,,,,,,,,,,,,,,,,,,,,,,,,,,,,,,,,,,,,,,,,,,,,,High,High,High,,,,,,,,,,,,,,,,,,,,,,,,,,,,,,,,,,,,,,,
123,2026-03-18,15:12:46.86,7,2,"Sellers, Ryan",1000305071,Right,NOR_SPA,"Jay, Cash",1000482259,Right,OLD_MON,Undefined,3,Bottom,1,1,0,Cutter,Cutter,InPlay,Undefined,FlyBall,Out,1,0,,84.41931,-0.664344,-3.094532,2345.987834,194.323447,12:30,5.53681,2.05619,5.96913,-22.68108,16.27017,3.85575,3.02979,-0.49465,77.59124,-4.924955,-2.403207,0.449192,96.36398,33.153162,-2.735262,3984.160449,109.96706,74.18008,-2.68761,300.51934,297.90868,1.241084,5.738811,-2.81307,8.90548,-1.81279,50,5.47137,6.47815,-122.56526,-2.09336,-4.30104,23.0647,-18.55812,OLD_MON,NOR_SPA,BudMethenyBBStad,D1,SBELT,20260318-BudMethenyBBStad-1,732b4850-22fe-11f1-b0e4-ebb737895390,83.91167,105.9658,,6.82808,,,,1.34563,3.00645,0.48441,73be595d-676a-42c7-8f16-f99e9a025756,2026-03-18,19:12:46.86,2026-03-18T15:12:46.8610000-04:00,2026-03-18T19:12:46.8610000Z,FlyBall,v3,3090,3904,107c2ea495266297e2d9,"Burke, Brendan",1000069375,Right,NOR_SPA,05cdf00a-c389-4511-8c80-8f7b6ee0f173,54.53647,-123.41599,11.53235,5.53596,-1.40885,-9.27906,-2.05466,6.63679,-2.15052,185.378704,1.35036,118.10686,-29.89804,7.17183,-1.43151,0.25015,-0.03583,0.0034,-0.00014,3.00647,77.28417,-15.1332,-0.18861,0.44674,-0.19481,0.04411,-0.00496,0.00022,0.48369,-5.6335,3.33784,-0.89428,0.19418,-0.03543,0.00497,-0.00045,2E-05,,,,,,,,,,,,,,,,,,,,,,,High,High,High,High,Medium,,,,,,,,,,,,,,,,,,,,,,,,,,,,,,,,,,,,,
124,2026-03-18,15:13:26.00,8,1,"Sellers, Ryan",1000305071,Right,NOR_SPA,"Holman, Evan",1000137670,Left,OLD_MON,Undefined,3,Bottom,2,0,0,Cutter,Cutter,BallCalled,Undefined,Undefined,Undefined,0,0,,86.86388,-0.750516,-1.262607,2413.559933,176.181031,11:45,5.9087,1.38402,6.12928,-17.2358,19.21489,-1.21067,3.77837,0.11574,79.85699,-4.035945,-1.480734,0.434534,,,,,,,,,,,,0.29563,10.44067,-1.28682,50,5.84201,2.83169,-126.26851,-2.11679,0.48053,24.084,-15.20403,OLD_MON,NOR_SPA,BudMethenyBBStad,D1,SBELT,20260318-BudMethenyBBStad-1,8a78b4c0-22fe-11f1-b0e4-ebb737895390,86.74212,,,7.00688,,,,,,,73be595d-676a-42c7-8f16-f99e9a025756,2026-03-18,19:13:26.00,2026-03-18T15:13:26.0000000-04:00,2026-03-18T19:13:26.0000000Z,,v3,3090,3904,107c2ea495266297e2d9,"Burke, Brendan",1000069375,Right,NOR_SPA,de75bc72-de24-4b54-b520-e5a467ce6fd2,54.37411,-127.10007,12.042,5.90603,-1.59183,-7.60201,-1.38431,2.8151,0.24027,,,,,,,,,,,,,,,,,,,,,,,,,,,,,,,,,,,,,,,,,,,,,,,,,,,High,High,High,,,,,,,,,,,,,,,,,,,,,,,,,,,,,,,,,,,,,,,
125,2026-03-18,15:13:45.18,8,2,"Sellers, Ryan",1000305071,Right,NOR_SPA,"Holman, Evan",1000137670,Left,OLD_MON,Undefined,3,Bottom,2,1,0,Cutter,Slider,BallCalled,Undefined,Undefined,Undefined,0,0,,83.33141,-3.10713,-3.500918,2357.31387,158.761621,11:15,5.45505,1.73603,6.21516,-25.29352,14.52765,-5.17225,0.47138,-1.93016,76.9014,-7.815826,-4.432041,0.45418,,,,,,,,,,,,1.74949,8.7593,-1.47058,50,5.20857,7.58007,-120.77977,-7.29184,2.59224,22.84584,-19.19533,OLD_MON,NOR_SPA,BudMethenyBBStad,D1,SBELT,20260318-BudMethenyBBStad-1,95ed7200-22fe-11f1-b0e4-ebb737895390,82.99001,,,6.43,,,,,,,73be595d-676a-42c7-8f16-f99e9a025756,2026-03-18,19:13:45.18,2026-03-18T15:13:45.1850000-04:00,2026-03-18T19:13:45.1850000Z,,v3,3090,3904,107c2ea495266297e2d9,"Burke, Brendan",1000069375,Right,NOR_SPA,2bd59e40-8541-43fa-8e01-85159678b0f7,54.28961,-121.58845,11.42292,5.45466,-6.61237,-9.59767,-1.73727,7.48831,1.29612,,,,,,,,,,,,,,,,,,,,,,,,,,,,,,,,,,,,,,,,,,,,,,,,,,,High,High,High,,,,,,,,,,,,,,,,,,,,,,,,,,,,,,,,,,,,,,,
126,2026-03-18,15:14:08.91,8,3,"Sellers, Ryan",1000305071,Right,NOR_SPA,"Holman, Evan",1000137670,Left,OLD_MON,Undefined,3,Bottom,2,2,0,Cutter,Slider,InPlay,Undefined,Popup,Out,1,0,,82.63998,-1.448918,-2.342957,2272.482109,175.780494,11:45,5.8567,1.76437,6.12895,-24.75501,15.99001,-1.08087,2.45293,-0.49285,75.45976,-6.1132,-2.537571,0.459419,83.45998,64.886091,8.785626,,,,,,50.40481,,,-0.1222,9.09272,-1.58445,50,5.73285,4.94754,-119.9346,-3.73328,-0.17717,24.2195,-18.99253,OLD_MON,NOR_SPA,BudMethenyBBStad,D1,SBELT,20260318-BudMethenyBBStad-1,a40e8a90-22fe-11f1-b0e4-ebb737895390,82.04376,114.5775,,7.18022,,,,1.86614,2.5897,0.66084,73be595d-676a-42c7-8f16-f99e9a025756,2026-03-18,19:14:08.91,2026-03-18T15:14:08.9130000-04:00,2026-03-18T19:14:08.9130000Z,,v3,3090,3904,107c2ea495266297e2d9,"Burke, Brendan",1000069375,Right,NOR_SPA,abd470df-42f6-4719-a1c6-a066aac354b0,54.37504,-120.81486,12.10975,5.85599,-3.043,-9.49626,-1.76439,4.95398,-0.08859,,1.86614,51.34263,-19.85908,6.55253,-1.71138,0.41692,-0.09324,0.01622,-0.00153,2.5897,110.83605,-26.80172,2.54674,-0.2135,-0.03921,0.02212,-0.00546,0.00061,0.66084,7.93507,-1.38344,0.3217,-0.05981,0.01028,-0.00159,0.00019,-1E-05,,,,,,,,,,,,,,,,,,,,,,,High,High,High,Medium,Undefined,,,,,,,,,,,,,,,,,,,,,,,,,,,,,,,,,,,,,
127,2026-03-18,15:16:35.04,1,1,"Sulpizio, Nick",1000138922,Right,OLD_MON,"Journette, Justin",10074731,Right,NOR_SPA,Undefined,4,Top,0,0,0,Slider,Curveball,BallCalled,Undefined,Undefined,Undefined,0,0,,81.27158,-0.328994,-1.285784,2145.865065,72.897661,8:30,5.11905,1.33612,6.05246,-44.69892,-2.42421,-12.32638,1.08948,-0.88163,74.48478,-8.556766,-3.507707,0.467963,,,,,,,,,,,,5.99914,-0.7815,-1.22933,50,5.06936,3.10755,-118.0796,-2.10319,8.3997,24.22319,-33.26829,OLD_MON,NOR_SPA,BudMethenyBBStad,D1,SBELT,20260318-BudMethenyBBStad-1,fb2d17b0-22fe-11f1-b0e4-ebb737895390,80.54572,,,6.7868,,,,,,,73be595d-676a-42c7-8f16-f99e9a025756,2026-03-18,19:16:35.04,2026-03-18T15:16:35.0400000-04:00,2026-03-18T19:16:35.0400000Z,,v3,3090,3904,107c2ea495266297e2d9,"Holman, Evan",1000137670,Right,OLD_MON,42c9d1a5-3100-4870-a178-e3fb69a4396d,54.45392,-118.98978,12.11159,5.1249,-0.85314,-16.63414,-1.34017,2.79193,4.19985,,,,,,,,,,,,,,,,,,,,,,,,,,,,,,,,,,,,,,,,,,,,,,,,,,,High,High,High,,,,,,,,,,,,,,,,,,,,,,,,,,,,,,,,,,,,,,,
128,2026-03-18,15:16:51.89,1,2,"Sulpizio, Nick",1000138922,Right,OLD_MON,"Journette, Justin",10074731,Right,NOR_SPA,Undefined,4,Top,0,1,0,Fastball,Four-Seam,FoulBallNotFieldable,Undefined,Undefined,Undefined,0,0,,89.54037,-1.311526,-2.941178,2209.374728,214.563733,1:15,5.41667,1.08052,6.4525,-15.69493,18.2695,11.88131,2.90193,-0.6341,82.21971,-4.327166,-0.789863,0.419453,,,,,,,,,,,,-7.03304,10.24174,-0.87717,50,5.31634,6.23173,-130.11235,-3.38889,-12.11885,25.97619,-14.52614,OLD_MON,NOR_SPA,BudMethenyBBStad,D1,SBELT,20260318-BudMethenyBBStad-1,0530b8c0-22ff-11f1-b0e4-ebb737895390,89.86089,,,7.32065,,,,,,,73be595d-676a-42c7-8f16-f99e9a025756,2026-03-18,19:16:51.89,2026-03-18T15:16:51.8960000-04:00,2026-03-18T19:16:51.8960000Z,,v3,3090,3904,107c2ea495266297e2d9,"Holman, Evan",1000137670,Right,OLD_MON,7eb2293c-15a5-4e0a-8692-be00ace7989e,54.05384,-130.91917,12.9881,5.41459,-2.93771,-7.26307,-1.07657,6.60814,-6.05942,,,,,,,,,,,,,,,,,,,,,,,,,,,,,,,,,,,,,,,,,,,,,,,,,,,High,High,High,,,,,,,,,,,,,,,,,,,,,,,,,,,,,,,,,,,,,,,
129,2026-03-18,15:17:07.70,1,3,"Sulpizio, Nick",1000138922,Right,OLD_MON,"Journette, Justin",10074731,Right,NOR_SPA,Undefined,4,Top,0,1,1,Fastball,Sinker,InPlay,Undefined,GroundBall,Single,0,0,,88.47124,-0.735655,-2.347472,2177.623232,230.750616,1:45,5.34041,1.21053,6.48389,-21.3156,14.04178,15.64367,2.88799,0.35739,79.84498,-4.816216,0.489917,0.427968,102.00026,9.345612,-14.540694,1248.174733,,,,133.00381,133.00381,-16.138009,1.076083,-8.95276,7.9513,-1.05187,50,5.27918,4.65546,-128.42068,-2.23714,-14.73078,30.24763,-19.09106,OLD_MON,NOR_SPA,BudMethenyBBStad,D1,SBELT,20260318-BudMethenyBBStad-1,0e9f6cd0-22ff-11f1-b0e4-ebb737895390,88.07303,8.24961,,8.62626,,,,1.03454,2.87175,-0.36875,73be595d-676a-42c7-8f16-f99e9a025756,2026-03-18,19:17:07.70,2026-03-18T15:17:07.7000000-04:00,2026-03-18T19:17:07.7000000Z,LineDrive,v3,3090,3904,107c2ea495266297e2d9,"Holman, Evan",1000137670,Right,OLD_MON,89b5d020-14f2-4d28-8365-393dfa49e5f0,54.01989,-129.36404,15.12382,5.33967,-1.64172,-9.54553,-1.20423,5.11488,-7.36539,31.079463,1.03454,142.8863,-27.62887,4.95371,-1.10873,0.23893,-0.05285,0.01024,-0.00114,2.87175,24.29347,-29.57246,5.3545,-1.39152,0.37468,-0.09374,0.01979,-0.00238,-0.36875,-37.0612,1.72419,1.46678,-0.55757,0.18623,-0.05234,0.01173,-0.00146,,,,,,,,,,,,,,,,,,,,,,,High,High,High,High,High,,,,,,,,,,,,,,,,,,,,,,,,,,,,,,,,,,,,,
130,2026-03-18,15:17:42.52,2,1,"Sulpizio, Nick",1000138922,Right,OLD_MON,"Mazell, Cameron",10030987,Left,NOR_SPA,Undefined,4,Top,0,0,0,Fastball,Sinker,StrikeCalled,Undefined,Undefined,Undefined,0,0,,88.55033,-0.00702,-3.501088,2181.176483,246.515847,2:15,5.43621,1.04522,6.42295,-25.28942,10.36894,20.76773,3.3223,-0.44675,79.33634,-4.819827,0.256803,0.429786,,,,,,,,,,,,-11.92166,5.80158,-0.80333,50,5.42441,7.00199,-128.32084,-0.76267,-19.46787,31.66012,-22.70018,OLD_MON,NOR_SPA,BudMethenyBBStad,D1,SBELT,20260318-BudMethenyBBStad-1,235fecd0-22ff-11f1-b0e4-ebb737895390,87.70054,,,9.21399,,,,,,,73be595d-676a-42c7-8f16-f99e9a025756,2026-03-18,19:17:42.52,2026-03-18T15:17:42.5220000-04:00,2026-03-18T19:17:42.5220000Z,,v3,3090,3904,107c2ea495266297e2d9,"Holman, Evan",1000137670,Right,OLD_MON,baff4d76-7f48-4700-a802-44fb17e84af8,54.07921,-129.32337,15.83006,5.43718,-0.04386,-11.35009,-1.03481,7.61845,-9.73394,,,,,,,,,,,,,,,,,,,,,,,,,,,,,,,,,,,,,,,,,,,,,,,,,,,High,High,High,,,,,,,,,,,,,,,,,,,,,,,,,,,,,,,,,,,,,,,
131,2026-03-18,15:18:00.52,2,2,"Sulpizio, Nick",1000138922,Right,OLD_MON,"Mazell, Cameron",10030987,Left,NOR_SPA,Undefined,4,Top,0,0,1,ChangeUp,Changeup,StrikeSwinging,Undefined,Undefined,Undefined,0,0,,82.76323,-0.659152,-4.270204,1502.9407,269.500163,3:00,4.97976,1.19019,6.40622,-38.72569,1.44374,18.29938,1.14474,-1.21906,75.88188,-7.854426,-0.959882,0.456162,,,,,,,,,,,,-10.89083,1.2489,-0.89212,50,4.91441,8.32375,-120.09084,-2.54085,-15.86612,23.78024,-30.35459,OLD_MON,NOR_SPA,BudMethenyBBStad,D1,SBELT,20260318-BudMethenyBBStad-1,2e1b4520-22ff-11f1-b0e4-ebb737895390,82.62947,,,6.88135,,,,,,,73be595d-676a-42c7-8f16-f99e9a025756,2026-03-18,19:18:00.52,2026-03-18T15:18:00.5240000-04:00,2026-03-18T19:18:00.5240000Z,,v3,3090,3904,107c2ea495266297e2d9,"Holman, Evan",1000137670,Right,OLD_MON,53acabf7-bec9-47a0-9fea-983dfe1c1b03,54.10177,-120.90034,11.89012,4.98331,-1.50755,-15.1773,-1.18466,8.86385,-7.93306,,,,,,,,,,,,,,,,,,,,,,,,,,,,,,,,,,,,,,,,,,,,,,,,,,,High,High,High,,,,,,,,,,,,,,,,,,,,,,,,,,,,,,,,,,,,,,,
132,2026-03-18,15:18:18.51,2,3,"Sulpizio, Nick",1000138922,Right,OLD_MON,"Mazell, Cameron",10030987,Left,NOR_SPA,Undefined,4,Top,0,0,2,ChangeUp,Changeup,BallCalled,Undefined,Undefined,Undefined,0,0,,83.05866,0.930489,-1.226642,1753.719881,268.76175,3:00,5.45075,1.03625,6.37231,-38.12597,1.68232,19.78729,3.1301,1.55626,75.98283,-6.177212,2.35898,0.454107,,,,,,,,,,,,-10.56701,1.05067,-0.95568,50,5.50087,1.83341,-120.75702,0.78523,-15.55396,24.20969,-30.6275,OLD_MON,NOR_SPA,BudMethenyBBStad,D1,SBELT,20260318-BudMethenyBBStad-1,38d5da20-22ff-11f1-b0e4-ebb737895390,83.00346,,,7.07583,,,,,,,73be595d-676a-42c7-8f16-f99e9a025756,2026-03-18,19:18:18.51,2026-03-18T15:18:18.5180000-04:00,2026-03-18T19:18:18.5180000Z,,v3,3090,3904,107c2ea495266297e2d9,"Holman, Evan",1000137670,Right,OLD_MON,1e5c7d2c-ec8b-44ef-af49-ec5da5a7553c,54.13305,-121.5828,12.10485,5.45626,1.82992,-15.31375,-1.02726,2.36394,-7.77698,,,,,,,,,,,,,,,,,,,,,,,,,,,,,,,,,,,,,,,,,,,,,,,,,,,High,High,High,,,,,,,,,,,,,,,,,,,,,,,,,,,,,,,,,,,,,,,
133,2026-03-18,15:18:41.22,2,4,"Sulpizio, Nick",1000138922,Right,OLD_MON,"Mazell, Cameron",10030987,Left,NOR_SPA,Undefined,4,Top,0,1,2,ChangeUp,Changeup,InPlay,Undefined,GroundBall,Out,2,0,,83.72042,-1.305969,-2.460766,1589.499801,251.38409,2:30,4.87123,0.98357,6.3121,-31.09309,8.45402,21.10568,1.0757,0.474,76.24609,-7.130265,1.359137,0.452615,28.15242,-50.702458,-8.595417,,,,,3.25087,3.18584,-1.287529,0.036453,-11.74949,5.18855,-0.81284,50,4.76056,4.434,-121.55097,-3.69516,-17.41807,25.85224,-24.48229,OLD_MON,NOR_SPA,BudMethenyBBStad,D1,SBELT,20260318-BudMethenyBBStad-1,465ed160-22ff-11f1-b0e4-ebb737895390,83.27707,1.17743,,7.47433,,,,2.29724,1.17743,0.07097,73be595d-676a-42c7-8f16-f99e9a025756,2026-03-18,19:18:41.22,2026-03-18T15:18:41.2220000-04:00,2026-03-18T19:18:41.2220000Z,GroundBall,v3,3090,3904,107c2ea495266297e2d9,"Holman, Evan",1000137670,Right,OLD_MON,f7326d5b-2a51-4ac4-9a55-04c4e09a0679,54.19343,-122.4396,12.92612,4.87311,-2.85361,-12.24114,-0.97555,5.03273,-8.70903,180,2.29559,26.13807,,,,,,,,1.17946,-32.30006,,,,,,,,0.07122,-3.95087,,,,,,,,,,,,,,,,,,,,,,,,,,,,,,High,High,High,Low,Low,,,,,,,,,,,,,,,,,,,,,,,,,,,,,,,,,,,,,
134,2026-03-18,15:19:17.41,3,1,"Sulpizio, Nick",1000138922,Right,OLD_MON,"Harrison, Josiah",1000201219,Right,NOR_SPA,Undefined,4,Top,2,0,0,Fastball,Changeup,StrikeSwinging,Undefined,Undefined,Undefined,0,0,,89.60425,-1.34279,-2.397042,1832.601886,235.766847,1:45,5.13773,1.21009,5.94061,-21.22942,13.60016,18.32265,2.12155,0.51186,81.75486,-5.337207,0.893149,0.424762,,,,,,,,,,,,-10.1504,7.70449,-1.02938,50,5.01852,4.68614,-130.08078,-3.72478,-17.34044,28.04108,-19.01208,OLD_MON,NOR_SPA,BudMethenyBBStad,D1,SBELT,20260318-BudMethenyBBStad-1,5be97f30-22ff-11f1-b0e4-ebb737895390,88.73783,,,7.84939,,,,,,,73be595d-676a-42c7-8f16-f99e9a025756,2026-03-18,19:19:17.41,2026-03-18T15:19:17.4190000-04:00,2026-03-18T19:19:17.4190000Z,,v3,3090,3904,107c2ea495266297e2d9,"Holman, Evan",1000137670,Right,OLD_MON,02455ac4-9970-43a7-9add-f4a05c887d76,54.56544,-131.06124,14.02054,5.13714,-3.06002,-9.50604,-1.20383,5.29245,-8.67022,,,,,,,,,,,,,,,,,,,,,,,,,,,,,,,,,,,,,,,,,,,,,,,,,,,High,High,High,,,,,,,,,,,,,,,,,,,,,,,,,,,,,,,,,,,,,,,
135,2026-03-18,15:19:38.31,3,2,"Sulpizio, Nick",1000138922,Right,OLD_MON,"Harrison, Josiah",1000201219,Right,NOR_SPA,Undefined,4,Top,2,0,1,Fastball,Four-Seam,BallCalled,Undefined,Undefined,Undefined,0,0,,89.97601,-2.351939,-2.903601,2181.716479,219.314604,1:15,5.15375,1.09001,6.42227,-18.04194,15.92989,12.1343,1.48407,-0.57044,82.13294,-5.795798,-0.706711,0.419499,,,,,,,,,,,,-7.14796,9.32091,-0.88764,50,4.97712,6.13694,-130.55062,-5.86111,-12.30643,28.1024,-16.12651,OLD_MON,NOR_SPA,BudMethenyBBStad,D1,SBELT,20260318-BudMethenyBBStad-1,68615490-22ff-11f1-b0e4-ebb737895390,89.85111,,,7.84308,,,,,,,73be595d-676a-42c7-8f16-f99e9a025756,2026-03-18,19:19:38.31,2026-03-18T15:19:38.3110000-04:00,2026-03-18T19:19:38.3110000Z,,v3,3090,3904,107c2ea495266297e2d9,"Holman, Evan",1000137670,Right,OLD_MON,fe904d8e-a346-41c2-ac38-b04935cddb9e,54.08179,-131.42633,14.0512,5.15193,-5.35859,-8.06325,-1.08486,6.52043,-6.15322,,,,,,,,,,,,,,,,,,,,,,,,,,,,,,,,,,,,,,,,,,,,,,,,,,,High,High,High,,,,,,,,,,,,,,,,,,,,,,,,,,,,,,,,,,,,,,,
136,2026-03-18,15:19:54.20,3,3,"Sulpizio, Nick",1000138922,Right,OLD_MON,"Harrison, Josiah",1000201219,Right,NOR_SPA,Undefined,4,Top,2,1,1,Slider,Slider,BallCalled,Undefined,Undefined,Undefined,0,0,,81.84062,-0.646356,-0.521349,2172.537508,67.530948,8:15,5.31675,1.22964,6.0429,-44.57459,-2.72425,-10.0017,1.00365,-0.08658,74.722,-8.857741,-2.325702,0.465608,,,,,,,,,,,,5.04441,-0.87469,-1.1834,50,5.24204,1.45206,-118.88468,-2.76697,7.12848,25.4706,-33.41009,OLD_MON,NOR_SPA,BudMethenyBBStad,D1,SBELT,20260318-BudMethenyBBStad-1,71dcd9e0-22ff-11f1-b0e4-ebb737895390,80.95309,,,7.11863,,,,,,,73be595d-676a-42c7-8f16-f99e9a025756,2026-03-18,19:19:54.20,2026-03-18T15:19:54.2020000-04:00,2026-03-18T19:19:54.2020000Z,,v3,3090,3904,107c2ea495266297e2d9,"Holman, Evan",1000137670,Right,OLD_MON,128675f1-9dd1-4923-8319-51d382496ac6,54.46355,-119.83716,12.7353,5.32215,-1.51758,-16.70504,-1.23271,1.18549,3.56424,,,,,,,,,,,,,,,,,,,,,,,,,,,,,,,,,,,,,,,,,,,,,,,,,,,High,High,High,,,,,,,,,,,,,,,,,,,,,,,,,,,,,,,,,,,,,,,
137,2026-03-18,15:20:10.05,3,4,"Sulpizio, Nick",1000138922,Right,OLD_MON,"Harrison, Josiah",1000201219,Right,NOR_SPA,Undefined,4,Top,2,2,1,Sinker,Changeup,StrikeSwinging,Undefined,Undefined,Undefined,0,0,,88.20523,-1.540069,-2.800633,1928.27491,248.352448,2:15,5.17964,1.16679,6.31001,-25.9073,9.98249,21.87773,1.59982,0.40769,79.66536,-6.429331,1.156309,0.431178,,,,,,,,,,,,-12.3582,6.05914,-0.9716,50,5.05416,5.39983,-127.94348,-4.22883,-20.15082,30.4117,-22.29421,OLD_MON,NOR_SPA,BudMethenyBBStad,D1,SBELT,20260318-BudMethenyBBStad-1,7b4a7c80-22ff-11f1-b0e4-ebb737895390,87.4173,,,8.53987,,,,,,,73be595d-676a-42c7-8f16-f99e9a025756,2026-03-18,19:20:10.05,2026-03-18T15:20:10.0560000-04:00,2026-03-18T19:20:10.0560000Z,,v3,3090,3904,107c2ea495266297e2d9,"Holman, Evan",1000137670,Right,OLD_MON,36e99c7b-a748-4e31-b4e8-7c09240ddddf,54.19534,-128.93684,15.20585,5.18039,-3.50061,-11.14711,-1.15873,6.05803,-10.07541,,,,,,,,,,,,,,,,,,,,,,,,,,,,,,,,,,,,,,,,,,,,,,,,,,,High,High,High,,,,,,,,,,,,,,,,,,,,,,,,,,,,,,,,,,,,,,,
138,2026-03-18,15:20:32.14,3,5,"Sulpizio, Nick",1000138922,Right,OLD_MON,"Harrison, Josiah",1000201219,Right,NOR_SPA,Undefined,4,Top,2,2,2,ChangeUp,Changeup,StrikeSwinging,Strikeout,Undefined,Undefined,0,0,,83.15544,0.223329,-2.550072,1680.808029,284.414371,3:30,5.15232,1.06331,6.61148,-42.4775,-3.0754,16.83721,1.8173,0.12894,76.19904,-7.689852,0.515718,0.451784,,,,,,,,,,,,-9.70406,-1.40224,-0.89644,50,5.14988,4.80631,-120.91464,-0.77872,-14.29838,24.62046,-34.24015,OLD_MON,NOR_SPA,BudMethenyBBStad,D1,SBELT,20260318-BudMethenyBBStad-1,887b1a90-22ff-11f1-b0e4-ebb737895390,83.43016,,,6.9564,,,,,,,73be595d-676a-42c7-8f16-f99e9a025756,2026-03-18,19:20:32.14,2026-03-18T15:20:32.1400000-04:00,2026-03-18T19:20:32.1400000Z,,v3,3090,3904,107c2ea495266297e2d9,"Holman, Evan",1000137670,Right,OLD_MON,fe35d1f9-e5ca-49fd-bd16-f5162526abd3,53.89673,-121.70551,12.31023,5.15723,0.32115,-17.12008,-1.05821,5.2656,-7.14919,,,,,,,,,,,,,,,,,,,,,,,,,,,,,,,,,,,,,,,,,,,,,,,,,,,High,High,High,,,,,,,,,,,,,,,,,,,,,,,,,,,,,,,,,,,,,,,
139,2026-03-18,15:22:52.29,1,1,"Sellers, Ryan",1000305071,Right,NOR_SPA,"Aiken, TJ",10109727,Left,OLD_MON,Undefined,4,Bottom,0,0,0,Cutter,Changeup,FoulBallNotFieldable,Undefined,Undefined,Undefined,0,0,,83.46558,-1.256588,-3.228974,2255.044556,229.724518,1:45,5.98199,1.7114,6.4005,-27.73769,12.50591,12.93595,2.5128,-0.18345,74.90988,-6.525225,-0.888018,0.456583,,,,,,,,,,,,-7.89563,7.39268,-1.48518,50,5.87904,6.34282,-120.93208,-3.42323,-11.42324,28.64721,-21.47851,OLD_MON,NOR_SPA,BudMethenyBBStad,D1,SBELT,20260318-BudMethenyBBStad-1,dc078040-22ff-11f1-b0e4-ebb737895390,82.5533,,,8.5557,,,,,,,73be595d-676a-42c7-8f16-f99e9a025756,2026-03-18,19:22:52.29,2026-03-18T15:22:52.2990000-04:00,2026-03-18T19:22:52.2990000Z,,v3,3090,3904,107c2ea495266297e2d9,"Burke, Brendan",1000069375,Right,NOR_SPA,f9857d41-8b63-486e-ab0f-8129344151d1,54.10237,-121.90001,14.32361,5.98244,-2.69752,-10.73926,-1.70601,6.72878,-5.71162,,,,,,,,,,,,,,,,,,,,,,,,,,,,,,,,,,,,,,,,,,,,,,,,,,,High,High,High,,,,,,,,,,,,,,,,,,,,,,,,,,,,,,,,,,,,,,,
140,2026-03-18,15:23:10.10,1,2,"Sellers, Ryan",1000305071,Right,NOR_SPA,"Aiken, TJ",10109727,Left,OLD_MON,Undefined,4,Bottom,0,0,1,Cutter,Four-Seam,BallCalled,Undefined,Undefined,Undefined,0,0,,83.6593,0.608671,-0.379041,2215.070779,181.231539,12:00,5.84476,2.09228,6.14,-18.64788,21.55478,0.43177,4.85337,1.77793,75.06044,-3.014236,-0.301216,0.456351,,,,,,,,,,,,-0.34339,11.27827,-2.06355,50,5.88124,0.78483,-121.30596,0.84923,-0.50287,27.53974,-15.65804,OLD_MON,NOR_SPA,BudMethenyBBStad,D1,SBELT,20260318-BudMethenyBBStad-1,e6a25840-22ff-11f1-b0e4-ebb737895390,82.59529,,,8.59886,,,,,,,73be595d-676a-42c7-8f16-f99e9a025756,2026-03-18,19:23:10.10,2026-03-18T15:23:10.1090000-04:00,2026-03-18T19:23:10.1090000Z,,v3,3090,3904,107c2ea495266297e2d9,"Burke, Brendan",1000069375,Right,NOR_SPA,a310da87-e5bc-4da7-a55f-30f546a11331,54.35746,-122.29122,13.76987,5.84084,1.40941,-7.82902,-2.09195,0.80282,-0.25144,,,,,,,,,,,,,,,,,,,,,,,,,,,,,,,,,,,,,,,,,,,,,,,,,,,High,High,High,,,,,,,,,,,,,,,,,,,,,,,,,,,,,,,,,,,,,,,
141,2026-03-18,15:23:27.04,1,3,"Sellers, Ryan",1000305071,Right,NOR_SPA,"Aiken, TJ",10109727,Left,OLD_MON,Undefined,4,Bottom,0,1,1,Cutter,Cutter,BallCalled,Undefined,Undefined,Undefined,0,0,,83.87757,0.113582,-1.4435,2316.21759,183.674703,12:00,5.89035,1.76152,6.14525,-19.18623,20.77513,1.24071,4.3965,0.5306,75.37788,-3.598924,-1.219948,0.454979,,,,,,,,,,,,-1.10252,11.06036,-1.65205,50,5.8889,3.01449,-121.62209,-0.22809,-1.62426,27.51305,-15.87987,OLD_MON,NOR_SPA,BudMethenyBBStad,D1,SBELT,20260318-BudMethenyBBStad-1,f0c408a0-22ff-11f1-b0e4-ebb737895390,82.84432,,,8.49968,,,,,,,73be595d-676a-42c7-8f16-f99e9a025756,2026-03-18,19:23:27.04,2026-03-18T15:23:27.0440000-04:00,2026-03-18T19:23:27.0440000Z,,v3,3090,3904,107c2ea495266297e2d9,"Burke, Brendan",1000069375,Right,NOR_SPA,7aeac9c0-b944-4093-8d9e-e3622ad64c66,54.35332,-122.60294,13.75653,5.88694,0.33802,-7.93993,-1.76054,3.0724,-0.81213,,,,,,,,,,,,,,,,,,,,,,,,,,,,,,,,,,,,,,,,,,,,,,,,,,,High,High,High,,,,,,,,,,,,,,,,,,,,,,,,,,,,,,,,,,,,,,,
142,2026-03-18,15:23:47.40,1,4,"Sellers, Ryan",1000305071,Right,NOR_SPA,"Aiken, TJ",10109727,Left,OLD_MON,Undefined,4,Bottom,0,2,1,Cutter,Slider,StrikeCalled,Undefined,Undefined,Undefined,0,0,,83.16471,-2.052798,-1.120136,2276.019206,177.7201,12:00,5.96997,1.83695,6.17347,-23.69178,16.83686,-0.61205,2.09838,0.75118,75.25169,-6.54893,-1.230586,0.458197,,,,,,,,,,,,-0.0428,9.78548,-1.75182,50,5.80238,2.38179,-120.59714,-4.97103,-0.06214,26.55401,-17.96719,OLD_MON,NOR_SPA,BudMethenyBBStad,D1,SBELT,20260318-BudMethenyBBStad-1,fcdca700-22ff-11f1-b0e4-ebb737895390,82.26251,,,7.91302,,,,,,,73be595d-676a-42c7-8f16-f99e9a025756,2026-03-18,19:23:47.40,2026-03-18T15:23:47.4070000-04:00,2026-03-18T19:23:47.4070000Z,,v3,3090,3904,107c2ea495266297e2d9,"Burke, Brendan",1000069375,Right,NOR_SPA,b70ce647-c647-429a-84e4-7f51b399dca0,54.32736,-121.54624,13.27701,5.96858,-4.32885,-8.9836,-1.83699,2.38402,-0.03107,,,,,,,,,,,,,,,,,,,,,,,,,,,,,,,,,,,,,,,,,,,,,,,,,,,High,High,High,,,,,,,,,,,,,,,,,,,,,,,,,,,,,,,,,,,,,,,
143,2026-03-18,15:24:05.05,1,5,"Sellers, Ryan",1000305071,Right,NOR_SPA,"Aiken, TJ",10109727,Left,OLD_MON,Undefined,4,Bottom,0,2,2,Cutter,Four-Seam,BallCalled,Undefined,Undefined,Undefined,0,0,,85.34389,-0.098984,-1.716482,2282.140876,182.756564,12:00,6.15855,1.46769,6.3921,-16.68465,21.48131,0.96847,4.67707,-0.03099,76.84051,-3.359809,-1.541209,0.444641,,,,,,,,,,,,-1.05,11.57323,-1.34459,50,6.14325,3.67212,-123.82098,-0.58156,-1.60597,28.13931,-14.47275,OLD_MON,NOR_SPA,BudMethenyBBStad,D1,SBELT,20260318-BudMethenyBBStad-1,075cf220-2300-11f1-b0e4-ebb737895390,84.77048,,,8.50338,,,,,,,73be595d-676a-42c7-8f16-f99e9a025756,2026-03-18,19:24:05.05,2026-03-18T15:24:05.0500000-04:00,2026-03-18T19:24:05.0500000Z,,v3,3090,3904,107c2ea495266297e2d9,"Burke, Brendan",1000069375,Right,NOR_SPA,3a5a3221-94de-407e-bbde-41b490aa1a6b,54.10737,-124.75092,14.06966,6.15457,-0.10327,-7.23637,-1.46682,3.7252,-0.80299,,,,,,,,,,,,,,,,,,,,,,,,,,,,,,,,,,,,,,,,,,,,,,,,,,,High,High,High,,,,,,,,,,,,,,,,,,,,,,,,,,,,,,,,,,,,,,,
144,2026-03-18,15:24:23.90,1,6,"Sellers, Ryan",1000305071,Right,NOR_SPA,"Aiken, TJ",10109727,Left,OLD_MON,Undefined,4,Bottom,0,3,2,Cutter,Slider,BallCalled,Walk,Undefined,Undefined,0,0,,80.66818,-2.060927,-1.475242,2186.22608,171.117372,11:45,5.46997,2.04563,6.30363,-29.05242,13.06532,-1.84201,1.14856,0.53255,74.44142,-7.487112,-1.808554,0.467094,,,,,,,,,,,,0.56933,7.74713,-1.93637,50,5.30436,3.08372,-117.22129,-5.02935,0.79515,21.38269,-21.3544,OLD_MON,NOR_SPA,BudMethenyBBStad,D1,SBELT,20260318-BudMethenyBBStad-1,12a2fe40-2300-11f1-b0e4-ebb737895390,80.69569,,,6.22676,,,,,,,73be595d-676a-42c7-8f16-f99e9a025756,2026-03-18,19:24:23.90,2026-03-18T15:24:23.9020000-04:00,2026-03-18T19:24:23.9020000Z,,v3,3090,3904,107c2ea495266297e2d9,"Burke, Brendan",1000069375,Right,NOR_SPA,6e5122c3-154a-4994-865c-f6be012f3571,54.20144,-117.98519,10.69134,5.47041,-4.26645,-10.6772,-2.04603,3.05531,0.39758,,,,,,,,,,,,,,,,,,,,,,,,,,,,,,,,,,,,,,,,,,,,,,,,,,,High,High,High,,,,,,,,,,,,,,,,,,,,,,,,,,,,,,,,,,,,,,,
145,2026-03-18,15:25:00.37,2,1,"Sellers, Ryan",1000305071,Right,NOR_SPA,"Johnson, William",822847,Right,OLD_MON,Undefined,4,Bottom,0,0,0,Cutter,Slider,BallCalled,Undefined,Undefined,Undefined,0,0,,81.01169,-0.581581,-0.770917,2290.498471,183.468387,12:00,5.47493,1.68164,6.27936,-28.81399,12.94745,0.70791,2.53759,1.02994,74.50452,-5.98763,-0.642885,0.465114,,,,,,,,,,,,-0.57528,7.2778,-1.62501,50,5.41784,1.55948,-117.79464,-2.00445,-0.81097,21.68592,-21.91473,OLD_MON,NOR_SPA,BudMethenyBBStad,D1,SBELT,20260318-BudMethenyBBStad-1,2861b460-2300-11f1-b0e4-ebb737895390,81.0392,,,6.50717,,,,,,,73be595d-676a-42c7-8f16-f99e9a025756,2026-03-18,19:25:00.37,2026-03-18T15:25:00.3710000-04:00,2026-03-18T19:25:00.3710000Z,,v3,3090,3904,107c2ea495266297e2d9,"Burke, Brendan",1000069375,Right,NOR_SPA,68c72d4d-5d8a-4f53-9836-9b90c2044b09,54.22489,-118.56989,10.84296,5.4755,-1.22102,-10.95737,-1.68128,1.58847,-0.40549,,,,,,,,,,,,,,,,,,,,,,,,,,,,,,,,,,,,,,,,,,,,,,,,,,,High,High,High,,,,,,,,,,,,,,,,,,,,,,,,,,,,,,,,,,,,,,,
146,2026-03-18,15:25:17.51,2,2,"Sellers, Ryan",1000305071,Right,NOR_SPA,"Johnson, William",822847,Right,OLD_MON,Undefined,4,Bottom,0,1,0,Cutter,Slider,InPlay,Undefined,FlyBall,Out,1,0,,81.16465,-0.619284,-1.443782,2238.908975,162.102253,11:30,5.55851,1.83121,6.1853,-29.31675,12.65603,-3.65729,2.54336,0.19287,74.33577,-6.114656,-2.103673,0.466289,95.50224,27.407938,-6.971852,2464.978747,109.56327,56.36262,-9.79167,319.50599,312.91408,-3.494133,5.061058,1.49386,7.13024,-1.72029,50,5.49679,3.10523,-117.93067,-2.1129,2.09947,22.85892,-22.15332,OLD_MON,NOR_SPA,BudMethenyBBStad,D1,SBELT,20260318-BudMethenyBBStad-1,32958d30-2300-11f1-b0e4-ebb737895390,80.83491,78.27604,,6.82888,,,,2.09518,2.67684,-0.22664,73be595d-676a-42c7-8f16-f99e9a025756,2026-03-18,19:25:17.51,2026-03-18T15:25:17.5100000-04:00,2026-03-18T19:25:17.5100000Z,FlyBall,v3,3090,3904,107c2ea495266297e2d9,"Burke, Brendan",1000069375,Right,NOR_SPA,b74fed22-3f4f-4807-80a8-20cdeebd11e7,54.31918,-118.76492,11.42946,5.55915,-1.3044,-11.07666,-1.83222,3.02861,1.04973,195.21225,2.09695,123.3909,-28.38639,6.71666,-1.27967,0.18524,-0.01966,0.0016,-8E-05,2.67741,64.46199,-13.11613,-1.26123,0.83727,-0.29012,0.06497,-0.00798,0.0004,-0.22795,-15.06418,8.22266,-2.89481,0.67717,-0.10454,0.00943,-0.00046,1E-05,,,,,,,,,,,,,,,,,,,,,,,High,High,High,High,Medium,,,,,,,,,,,,,,,,,,,,,,,,,,,,,,,,,,,,,
147,2026-03-18,15:25:57.11,3,1,"Sellers, Ryan",1000305071,Right,NOR_SPA,"Leite, Zachary",1000218664,Left,OLD_MON,Undefined,4,Bottom,1,0,0,Cutter,Cutter,BallCalled,Undefined,Undefined,Undefined,0,0,,84.81996,-1.003983,-0.513573,2478.285362,197.207957,12:30,5.81323,1.73872,6.1681,-24.44053,13.70914,3.89705,2.84895,1.58905,78.16116,-5.588871,0.189785,0.444546,,,,,,,,,,,,-2.13984,7.70697,-1.70166,50,5.72447,0.95367,-123.3296,-2.88143,-3.31866,22.93131,-20.22133,OLD_MON,NOR_SPA,BudMethenyBBStad,D1,SBELT,20260318-BudMethenyBBStad-1,4a358670-2300-11f1-b0e4-ebb737895390,84.78861,,,6.6588,,,,,,,73be595d-676a-42c7-8f16-f99e9a025756,2026-03-18,19:25:57.11,2026-03-18T15:25:57.1150000-04:00,2026-03-18T19:25:57.1150000Z,,v3,3090,3904,107c2ea495266297e2d9,"Burke, Brendan",1000069375,Right,NOR_SPA,cd5541cd-1bd2-404f-9e9a-242ecd846611,54.33558,-124.13312,11.46565,5.81302,-2.17287,-10.11066,-1.73711,1.06995,-1.65933,,,,,,,,,,,,,,,,,,,,,,,,,,,,,,,,,,,,,,,,,,,,,,,,,,,High,High,High,,,,,,,,,,,,,,,,,,,,,,,,,,,,,,,,,,,,,,,
148,2026-03-18,15:26:15.91,3,2,"Sellers, Ryan",1000305071,Right,NOR_SPA,"Leite, Zachary",1000218664,Left,OLD_MON,Undefined,4,Bottom,1,1,0,Cutter,Slider,BallCalled,Undefined,Undefined,Undefined,0,0,,84.09102,-1.745344,-2.816055,2354.882343,165.505982,11:30,5.83783,1.73903,6.23192,-22.2121,16.86859,-4.04201,2.37404,-1.19813,77.09398,-5.938295,-3.544483,0.449938,,,,,,,,,,,,1.32087,9.62957,-1.52647,50,5.69612,6.15386,-122.05025,-4.33631,1.99099,24.17849,-17.65902,OLD_MON,NOR_SPA,BudMethenyBBStad,D1,SBELT,20260318-BudMethenyBBStad-1,55646110-2300-11f1-b0e4-ebb737895390,83.77257,,,6.99704,,,,,,,73be595d-676a-42c7-8f16-f99e9a025756,2026-03-18,19:26:15.91,2026-03-18T15:26:15.9180000-04:00,2026-03-18T19:26:15.9180000Z,,v3,3090,3904,107c2ea495266297e2d9,"Burke, Brendan",1000069375,Right,NOR_SPA,5f4fc22a-a075-49d8-ac17-caec895a20e9,54.2728,-122.89379,12.08925,5.83666,-3.72022,-8.82951,-1.73995,6.0844,0.9955,,,,,,,,,,,,,,,,,,,,,,,,,,,,,,,,,,,,,,,,,,,,,,,,,,,High,High,High,,,,,,,,,,,,,,,,,,,,,,,,,,,,,,,,,,,,,,,
149,2026-03-18,15:26:37.83,3,3,"Sellers, Ryan",1000305071,Right,NOR_SPA,"Leite, Zachary",1000218664,Left,OLD_MON,Undefined,4,Bottom,1,2,0,Cutter,Slider,StrikeCalled,Undefined,Undefined,Undefined,0,0,,83.58496,-2.184846,-1.44661,2352.915766,167.459129,11:30,5.86387,1.78147,6.14279,-21.56304,18.26627,-3.76792,2.04608,0.13023,76.27376,-6.270332,-2.125819,0.454227,,,,,,,,,,,,1.52181,10.47819,-1.66923,50,5.6859,3.20805,-121.29639,-5.21474,2.25577,24.84446,-16.6422,OLD_MON,NOR_SPA,BudMethenyBBStad,D1,SBELT,20260318-BudMethenyBBStad-1,6279d600-2300-11f1-b0e4-ebb737895390,82.98153,,,7.3112,,,,,,,73be595d-676a-42c7-8f16-f99e9a025756,2026-03-18,19:26:37.83,2026-03-18T15:26:37.8300000-04:00,2026-03-18T19:26:37.8300000Z,,v3,3090,3904,107c2ea495266297e2d9,"Burke, Brendan",1000069375,Right,NOR_SPA,879f3962-e064-4c01-956d-ba52785b4b64,54.36,-122.18616,12.42223,5.86199,-4.61872,-8.3211,-1.78268,3.12727,1.12788,,,,,,,,,,,,,,,,,,,,,,,,,,,,,,,,,,,,,,,,,,,,,,,,,,,High,High,High,,,,,,,,,,,,,,,,,,,,,,,,,,,,,,,,,,,,,,,
150,2026-03-18,15:26:58.89,3,4,"Sellers, Ryan",1000305071,Right,NOR_SPA,"Leite, Zachary",1000218664,Left,OLD_MON,Undefined,4,Bottom,1,2,1,Cutter,Cutter,BallCalled,Undefined,Undefined,Undefined,0,0,,84.9825,-3.470412,-1.026683,2292.681058,188.725971,12:15,5.79843,1.59526,6.34258,-18.30407,19.64044,2.83433,1.07339,0.88607,78.27002,-6.945761,-0.513563,0.443349,,,,,,,,,,,,-1.75973,11.54449,-1.52186,50,5.53669,2.10704,-123.38441,-7.9577,-2.72433,23.56434,-14.30123,OLD_MON,NOR_SPA,BudMethenyBBStad,D1,SBELT,20260318-BudMethenyBBStad-1,6f0c1130-2300-11f1-b0e4-ebb737895390,85.01751,,,6.71248,,,,,,,73be595d-676a-42c7-8f16-f99e9a025756,2026-03-18,19:26:58.89,2026-03-18T15:26:58.8980000-04:00,2026-03-18T19:26:58.8980000Z,,v3,3090,3904,107c2ea495266297e2d9,"Burke, Brendan",1000069375,Right,NOR_SPA,7a406b8a-45ee-4db4-bf95-39ed19803bbe,54.16285,-124.1769,11.78217,5.79622,-7.47674,-7.15061,-1.59427,2.19866,-1.36217,,,,,,,,,,,,,,,,,,,,,,,,,,,,,,,,,,,,,,,,,,,,,,,,,,,High,High,High,,,,,,,,,,,,,,,,,,,,,,,,,,,,,,,,,,,,,,,
151,2026-03-18,15:27:19.90,3,5,"Sellers, Ryan",1000305071,Right,NOR_SPA,"Leite, Zachary",1000218664,Left,OLD_MON,Undefined,4,Bottom,1,3,1,Cutter,Cutter,InPlay,Undefined,GroundBall,FieldersChoice,1,0,,84.80602,-2.13169,-1.863553,2397.454618,176.998885,12:00,5.76511,1.60391,6.29547,-21.79541,16.41981,-0.79843,1.98244,-0.18057,77.89377,-6.247895,-2.007859,0.444928,67.3229,-31.899263,59.47249,,,,,4.03372,3.87487,42.391733,0.034005,-0.09232,9.50052,-1.46632,50,5.59741,4.03753,-123.18066,-5.18909,-0.14208,24.12319,-17.55477,OLD_MON,NOR_SPA,BudMethenyBBStad,D1,SBELT,20260318-BudMethenyBBStad-1,7b84d0f0-2300-11f1-b0e4-ebb737895390,84.71584,1.77923,,6.91225,,,,1.52712,1.77923,0.25722,73be595d-676a-42c7-8f16-f99e9a025756,2026-03-18,19:27:19.90,2026-03-18T15:27:19.9050000-04:00,2026-03-18T19:27:19.9050000Z,GroundBall,v3,3090,3904,107c2ea495266297e2d9,"Burke, Brendan",1000069375,Right,NOR_SPA,1027c737-5d57-4519-b186-9dbf1c3c9e14,54.2095,-124.00229,12.0616,5.76397,-4.59118,-8.77739,-1.60392,4.04237,-0.07104,,1.52647,42.70014,,,,,,,,1.78003,-52.32331,,,,,,,,0.25611,72.41092,,,,,,,,,,,,,,,,,,,,,,,,,,,,,,High,High,High,Low,Low,,,,,,,,,,,,,,,,,,,,,,,,,,,,,,,,,,,,,
152,2026-03-18,15:28:16.90,4,1,"Sellers, Ryan",1000305071,Right,NOR_SPA,"Zedalis, Tyler",822603,Right,OLD_MON,Undefined,4,Bottom,2,0,0,Slider,Slider,StrikeSwinging,Undefined,Undefined,Undefined,0,0,,76.9013,-0.01525,-2.195291,2543.164432,148.460767,11:00,5.51456,2.03268,6.11973,-33.19632,13.86142,-7.57,2.73408,-0.62893,70.28751,-6.230989,-3.557597,0.493727,,,,,,,,,,,,3.24803,7.63256,-1.86055,50,5.49615,4.55081,-111.61799,-0.94215,4.07926,20.92938,-22.58816,OLD_MON,NOR_SPA,BudMethenyBBStad,D1,SBELT,20260318-BudMethenyBBStad-1,9d8be800-2300-11f1-b0e4-ebb737895390,76.34265,,,6.61379,,,,,,,73be595d-676a-42c7-8f16-f99e9a025756,2026-03-18,19:28:16.90,2026-03-18T15:28:16.9070000-04:00,2026-03-18T19:28:16.9070000Z,,v3,3090,3904,107c2ea495266297e2d9,"Burke, Brendan",1000069375,Right,NOR_SPA,68e65a92-c8b6-444d-837a-b9eccd89bfc2,54.3822,-112.43669,10.46469,5.51572,-0.05856,-11.29408,-2.03544,4.39124,2.03963,,,,,,,,,,,,,,,,,,,,,,,,,,,,,,,,,,,,,,,,,,,,,,,,,,,High,High,High,,,,,,,,,,,,,,,,,,,,,,,,,,,,,,,,,,,,,,,
153,2026-03-18,15:28:36.58,4,2,"Sellers, Ryan",1000305071,Right,NOR_SPA,"Zedalis, Tyler",822603,Right,OLD_MON,Undefined,4,Bottom,2,0,1,Slider,Slider,FoulBallNotFieldable,Undefined,Undefined,Undefined,0,0,,78.87053,0.326719,-1.685264,2507.051673,135.601843,10:30,5.73285,1.65061,6.08886,-36.87144,7.97048,-6.35957,2.96262,-0.43891,71.95796,-6.542706,-2.830309,0.481963,65.42376,49.802168,145.659405,4281.824754,,,,,26.80324,,,2.78898,4.44055,-1.51709,50,5.7386,3.59905,-114.52346,-0.42807,3.67692,22.59665,-26.31978,OLD_MON,NOR_SPA,BudMethenyBBStad,D1,SBELT,20260318-BudMethenyBBStad-1,a93ff830-2300-11f1-b0e4-ebb737895390,78.20612,30.59787,,6.91257,,,,1.86989,2.92568,0.5825,73be595d-676a-42c7-8f16-f99e9a025756,2026-03-18,19:28:36.58,2026-03-18T15:28:36.5810000-04:00,2026-03-18T19:28:36.5810000Z,,v3,3090,3904,107c2ea495266297e2d9,"Burke, Brendan",1000069375,Right,NOR_SPA,c67423bc-6168-468e-b1c0-1e89af42a737,54.41528,-115.39135,11.29833,5.73562,0.58281,-13.15989,-1.65261,3.45783,1.83846,,1.87551,-51.30434,1.06127,,,,,,,2.94615,72.69561,-27.99259,,,,,,,0.58552,34.84957,-4.02853,,,,,,,,,,,,,,,,,,,,,,,,,,,,,High,High,High,High,Undefined,,,,,,,,,,,,,,,,,,,,,,,,,,,,,,,,,,,,,
154,2026-03-18,15:28:59.03,4,3,"Sellers, Ryan",1000305071,Right,NOR_SPA,"Zedalis, Tyler",822603,Right,OLD_MON,Undefined,4,Bottom,2,0,2,Cutter,Cutter,BallCalled,Undefined,Undefined,Undefined,0,0,,85.85777,0.241382,-1.949394,2468.125328,173.163561,11:45,5.66925,1.64371,6.03638,-23.45848,14.11804,-1.55634,3.93804,-0.29194,78.71527,-4.168989,-2.229115,0.441194,,,,,,,,,,,,0.27587,7.55115,-1.49054,50,5.67533,4.30761,-124.72708,-0.18055,0.43603,24.2949,-20.23869,OLD_MON,NOR_SPA,BudMethenyBBStad,D1,SBELT,20260318-BudMethenyBBStad-1,b69cd660-2300-11f1-b0e4-ebb737895390,85.43278,,,7.1425,,,,,,,73be595d-676a-42c7-8f16-f99e9a025756,2026-03-18,19:28:59.03,2026-03-18T15:28:59.0350000-04:00,2026-03-18T19:28:59.0350000Z,,v3,3090,3904,107c2ea495266297e2d9,"Burke, Brendan",1000069375,Right,NOR_SPA,f5174551-c50c-42c7-b396-84f2fca82b23,54.46717,-125.5942,12.14745,5.66888,0.5418,-10.11934,-1.64401,4.29205,0.21802,,,,,,,,,,,,,,,,,,,,,,,,,,,,,,,,,,,,,,,,,,,,,,,,,,,High,High,High,,,,,,,,,,,,,,,,,,,,,,,,,,,,,,,,,,,,,,,
155,2026-03-18,15:29:20.56,4,4,"Sellers, Ryan",1000305071,Right,NOR_SPA,"Zedalis, Tyler",822603,Right,OLD_MON,Undefined,4,Bottom,2,1,2,Cutter,Cutter,InPlay,Undefined,FlyBall,Out,1,0,,85.60969,-1.374787,-1.611487,2373.543549,174.794183,11:45,5.67942,1.6801,6.07034,-22.38328,15.26135,-1.28835,2.54108,0.08096,78.84998,-5.576585,-1.843378,0.441594,92.66797,30.856892,15.002862,4298.364627,103.50008,65.24414,37.25207,305.8526,256.9204,30.715387,5.300399,0.24736,8.58784,-1.55442,50,5.56073,3.54998,-124.42134,-3.6509,0.38998,23.62784,-18.63499,OLD_MON,NOR_SPA,BudMethenyBBStad,D1,SBELT,20260318-BudMethenyBBStad-1,c3714ab0-2300-11f1-b0e4-ebb737895390,85.35548,88.16217,,6.75971,,,,1.1151,2.56956,-0.07545,73be595d-676a-42c7-8f16-f99e9a025756,2026-03-18,19:29:20.56,2026-03-18T15:29:20.5600000-04:00,2026-03-18T19:29:20.5600000Z,FlyBall,v3,3090,3904,107c2ea495266297e2d9,"Burke, Brendan",1000069375,Right,NOR_SPA,652cae21-923c-47f4-8be5-93d95f18430e,54.43513,-125.26075,11.81392,5.67867,-2.98886,-9.31749,-1.6803,3.53613,0.19499,206.183542,1.11725,112.65256,-29.16984,6.79641,-1.20028,0.15335,-0.01494,0.00127,-7E-05,2.57118,69.67546,-14.2419,-0.43162,0.3813,-0.14011,0.03368,-0.00426,0.00021,-0.07579,30.21291,1.84743,-1.06102,0.23866,-0.02366,-0.00071,0.00036,-2E-05,,,,,,,,,,,,,,,,,,,,,,,High,High,High,High,Medium,,,,,,,,,,,,,,,,,,,,,,,,,,,,,,,,,,,,,
156,2026-03-18,15:32:34.88,1,1,"Hubbell, Ethan",1000325969,Right,OLD_MON,"Burke, Brendan",1000069375,Left,NOR_SPA,Undefined,5,Top,0,0,0,Sinker,Changeup,BallCalled,Undefined,Undefined,Undefined,0,0,,82.99878,-0.100691,-1.570215,2206.025941,263.645635,2:45,5.51705,2.04649,6.32768,-36.89876,3.44634,18.30288,2.34939,2.12524,75.27442,-6.996808,1.744955,0.457158,,,,,,,,,,,,-9.88926,2.31386,-1.93924,50,5.49293,2.58995,-120.51384,-1.34952,-14.34968,26.33764,-28.81653,OLD_MON,NOR_SPA,BudMethenyBBStad,D1,SBELT,20260318-BudMethenyBBStad-1,374738f0-2301-11f1-b0e4-ebb737895390,82.44941,,,7.72437,,,,,,,73be595d-676a-42c7-8f16-f99e9a025756,2026-03-18,19:32:34.88,2026-03-18T15:32:34.8820000-04:00,2026-03-18T19:32:34.8820000Z,,v3,3090,3904,107c2ea495266297e2d9,"Holman, Evan",1000137670,Right,OLD_MON,1ab5c91f-a2d7-41eb-9aa9-161d1ae9389f,54.17499,-121.42284,13.16882,5.52234,-0.35498,-14.40826,-2.03717,3.0852,-7.17484,,,,,,,,,,,,,,,,,,,,,,,,,,,,,,,,,,,,,,,,,,,,,,,,,,,High,High,High,,,,,,,,,,,,,,,,,,,,,,,,,,,,,,,,,,,,,,,
157,2026-03-18,15:32:49.99,1,2,"Hubbell, Ethan",1000325969,Right,OLD_MON,"Burke, Brendan",1000069375,Left,NOR_SPA,Undefined,5,Top,0,1,0,Cutter,Slider,StrikeSwinging,Undefined,Undefined,Undefined,0,0,,80.0238,0.586049,-2.683271,2109.573031,224.736721,1:30,5.41301,1.94316,5.8976,-38.20931,5.56886,4.12528,2.77365,-0.20626,73.15589,-6.487987,-1.943685,0.476212,,,,,,,,,,,,-2.9041,3.06402,-1.72934,50,5.43814,5.29007,-116.13878,0.00239,-3.95228,22.47771,-28.00413,OLD_MON,NOR_SPA,BudMethenyBBStad,D1,SBELT,20260318-BudMethenyBBStad-1,404a32e0-2301-11f1-b0e4-ebb737895390,79.15057,,,6.86791,,,,,,,73be595d-676a-42c7-8f16-f99e9a025756,2026-03-18,19:32:49.99,2026-03-18T15:32:49.9940000-04:00,2026-03-18T19:32:49.9940000Z,,v3,3090,3904,107c2ea495266297e2d9,"Holman, Evan",1000137670,Right,OLD_MON,317b7c3e-0b38-491f-823d-4fe0ed2199cd,54.60779,-117.02718,11.23886,5.41617,1.10921,-14.00206,-1.94152,5.44627,-1.97614,,,,,,,,,,,,,,,,,,,,,,,,,,,,,,,,,,,,,,,,,,,,,,,,,,,High,High,High,,,,,,,,,,,,,,,,,,,,,,,,,,,,,,,,,,,,,,,
158,2026-03-18,15:33:11.53,1,3,"Hubbell, Ethan",1000325969,Right,OLD_MON,"Burke, Brendan",1000069375,Left,NOR_SPA,Undefined,5,Top,0,1,1,Sinker,Changeup,FoulBallNotFieldable,Undefined,Undefined,Undefined,0,0,,84.04947,-1.08112,-3.709535,2188.773928,260.837301,2:45,5.59359,1.9596,6.37346,-34.70435,4.89721,21.24226,1.70453,0.31157,75.80433,-7.585259,0.134643,0.452926,64.91651,-16.380504,55.522757,,,,,9.18137,4.11727,41.340691,0.076241,-12.36426,3.31445,-1.70088,50,5.49934,7.10422,-121.81235,-3.34545,-18.21571,28.27497,-27.29103,OLD_MON,NOR_SPA,BudMethenyBBStad,D1,SBELT,20260318-BudMethenyBBStad-1,4d1fdfb0-2301-11f1-b0e4-ebb737895390,83.21984,2.054,,8.24514,,,,2.93775,2.054,0.30431,73be595d-676a-42c7-8f16-f99e9a025756,2026-03-18,19:33:11.53,2026-03-18T15:33:11.5330000-04:00,2026-03-18T19:33:11.5330000Z,GroundBall,v3,3090,3904,107c2ea495266297e2d9,"Holman, Evan",1000137670,Right,OLD_MON,124a1e0f-29ea-4c6a-885a-eb4d1da7a87d,54.13166,-122.76764,14.13748,5.59679,-2.42341,-13.64551,-1.9513,7.71965,-9.10785,,2.93562,51.88272,,,,,,,,2.05511,-26.941,,,,,,,,0.30121,75.5541,,,,,,,,,,,,,,,,,,,,,,,,,,,,,,High,High,High,Low,Low,,,,,,,,,,,,,,,,,,,,,,,,,,,,,,,,,,,,,
159,2026-03-18,15:33:42.56,1,4,"Hubbell, Ethan",1000325969,Right,OLD_MON,"Burke, Brendan",1000069375,Left,NOR_SPA,Undefined,5,Top,0,1,2,ChangeUp,Changeup,BallCalled,Undefined,Undefined,Undefined,0,0,,79.22101,-0.969121,-4.584554,1727.20055,253.131266,2:30,5.09948,2.17236,6.0966,-37.99738,6.66827,16.96717,1.03362,-0.66355,72.25182,-8.023108,-1.536354,0.481015,,,,,,,,,,,,-10.22875,4.12981,-1.82754,50,5.00433,8.59826,-114.74927,-3.06787,-13.53288,22.76673,-26.71022,OLD_MON,NOR_SPA,BudMethenyBBStad,D1,SBELT,20260318-BudMethenyBBStad-1,5f9d4d80-2301-11f1-b0e4-ebb737895390,78.36028,,,6.96919,,,,,,,73be595d-676a-42c7-8f16-f99e9a025756,2026-03-18,19:33:42.56,2026-03-18T15:33:42.5660000-04:00,2026-03-18T19:33:42.5660000Z,,v3,3090,3904,107c2ea495266297e2d9,"Holman, Evan",1000137670,Right,OLD_MON,670fd4e1-3619-44f3-8085-2c12841ee467,54.40974,-115.62087,11.38337,5.10221,-2.0453,-13.35511,-2.16663,9.11635,-6.76644,,,,,,,,,,,,,,,,,,,,,,,,,,,,,,,,,,,,,,,,,,,,,,,,,,,High,High,High,,,,,,,,,,,,,,,,,,,,,,,,,,,,,,,,,,,,,,,
160,2026-03-18,15:33:58.86,1,5,"Hubbell, Ethan",1000325969,Right,OLD_MON,"Burke, Brendan",1000069375,Left,NOR_SPA,Undefined,5,Top,0,2,2,Slider,Curveball,StrikeSwinging,Strikeout,Undefined,Undefined,0,0,,73.34131,0.922668,-1.26153,1993.286089,148.024917,11:00,5.1051,2.10491,5.68683,-46.64199,7.18496,-3.14425,2.07863,0.66675,65.59332,-7.749205,-1.823825,0.528045,,,,,,,,,,,,1.12075,3.97811,-1.99671,50,5.15448,2.45506,-106.13907,0.33008,1.24206,22.99068,-27.76538,OLD_MON,NOR_SPA,BudMethenyBBStad,D1,SBELT,20260318-BudMethenyBBStad-1,695edc80-2301-11f1-b0e4-ebb737895390,71.38105,,,7.74799,,,,,,,73be595d-676a-42c7-8f16-f99e9a025756,2026-03-18,19:33:58.86,2026-03-18T15:33:58.8670000-04:00,2026-03-18T19:33:58.8670000Z,,v3,3090,3904,107c2ea495266297e2d9,"Holman, Evan",1000137670,Right,OLD_MON,3ac6b2d4-7c01-4786-9dba-4b10527f0e45,54.81115,-107.17614,11.49534,5.11134,1.58253,-13.88269,-2.10619,2.39903,0.62103,,,,,,,,,,,,,,,,,,,,,,,,,,,,,,,,,,,,,,,,,,,,,,,,,,,High,High,High,,,,,,,,,,,,,,,,,,,,,,,,,,,,,,,,,,,,,,,
161,2026-03-18,15:34:25.90,2,1,"Hubbell, Ethan",1000325969,Right,OLD_MON,"Hoeft, Ryan",10146366,Right,NOR_SPA,Undefined,5,Top,1,0,0,Slider,Curveball,InPlay,Undefined,GroundBall,Out,1,0,,72.75869,0.322959,-2.71862,1991.895676,172.947791,11:45,5.35622,2.06017,5.83927,-45.87227,8.20528,-0.76165,1.83406,-0.53216,65.60414,-8.197776,-2.855024,0.529273,79.66262,-7.076373,-5.650395,,,,,17.32584,16.89385,-3.012715,0.141495,-0.54598,4.65929,-1.83782,50,5.35596,5.02939,-105.35275,-0.70434,-0.59986,21.6393,-27.05485,OLD_MON,NOR_SPA,BudMethenyBBStad,D1,SBELT,20260318-BudMethenyBBStad-1,797e0f00-2301-11f1-b0e4-ebb737895390,71.21547,1.88395,,7.15456,,,,1.31985,1.88395,0.59271,73be595d-676a-42c7-8f16-f99e9a025756,2026-03-18,19:34:25.90,2026-03-18T15:34:25.9030000-04:00,2026-03-18T19:34:25.9030000Z,GroundBall,v3,3090,3904,107c2ea495266297e2d9,"Holman, Evan",1000137670,Right,OLD_MON,26188785-6e94-4f7a-ba5e-bfa89091411c,54.66206,-106.30601,10.81965,5.36074,0.4875,-13.52742,-2.05995,5.05581,-0.29993,190.360662,1.3202,115.35204,-17.00323,,,,,,,1.88324,-14.32784,7.2306,,,,,,,0.59251,-11.3976,5.48354,,,,,,,,,,,,,,,,,,,,,,,,,,,,,High,High,High,High,High,,,,,,,,,,,,,,,,,,,,,,,,,,,,,,,,,,,,,
162,2026-03-18,15:34:57.52,3,1,"Hubbell, Ethan",1000325969,Right,OLD_MON,"Queen Jr, Kydese",1000338766,Right,NOR_SPA,Undefined,5,Top,2,0,0,Sinker,Changeup,FoulBallNotFieldable,Undefined,Undefined,Undefined,0,0,,82.65175,-1.212893,-2.668477,2156.276756,250.10379,2:15,5.78755,1.46814,6.50807,-33.14545,7.60662,16.78867,1.91083,0.41621,74.46907,-7.461875,0.380867,0.459458,,,,,,,,,,,,-9.74532,4.8228,-1.28846,50,5.68843,4.98184,-119.88248,-3.47677,-13.8761,27.84139,-25.30699,OLD_MON,NOR_SPA,BudMethenyBBStad,D1,SBELT,20260318-BudMethenyBBStad-1,8c4cf830-2301-11f1-b0e4-ebb737895390,82.03668,,,8.18268,,,,,,,73be595d-676a-42c7-8f16-f99e9a025756,2026-03-18,19:34:57.52,2026-03-18T15:34:57.5260000-04:00,2026-03-18T19:34:57.5260000Z,,v3,3090,3904,107c2ea495266297e2d9,"Holman, Evan",1000137670,Right,OLD_MON,836c8b2c-b7b7-40ca-ba35-7b837a2d29d8,53.99588,-120.80692,13.9207,5.78991,-2.63649,-12.65349,-1.46153,5.44257,-6.93805,,,,,,,,,,,,,,,,,,,,,,,,,,,,,,,,,,,,,,,,,,,,,,,,,,,High,High,High,,,,,,,,,,,,,,,,,,,,,,,,,,,,,,,,,,,,,,,
163,2026-03-18,15:35:18.80,3,2,"Hubbell, Ethan",1000325969,Right,OLD_MON,"Queen Jr, Kydese",1000338766,Right,NOR_SPA,Undefined,5,Top,2,0,1,Sinker,Changeup,BallCalled,Undefined,Undefined,Undefined,0,0,,81.60754,-2.103313,-2.674406,2149.653421,250.04055,2:15,5.59522,1.23368,6.49584,-33.98848,7.52851,16.71458,0.82894,0.16956,74.27116,-8.46968,0.362437,0.46375,,,,,,,,,,,,-9.71808,4.99548,-1.0534,50,5.43258,4.9559,-118.42281,-5.30343,-13.6146,25.45546,-25.17562,OLD_MON,NOR_SPA,BudMethenyBBStad,D1,SBELT,20260318-BudMethenyBBStad-1,98f77650-2301-11f1-b0e4-ebb737895390,81.27741,,,7.33638,,,,,,,73be595d-676a-42c7-8f16-f99e9a025756,2026-03-18,19:35:18.80,2026-03-18T15:35:18.8060000-04:00,2026-03-18T19:35:18.8060000Z,,v3,3090,3904,107c2ea495266297e2d9,"Holman, Evan",1000137670,Right,OLD_MON,8897cb48-d12e-41f0-a4e4-8664a9309e7c,54.01027,-119.28172,12.72773,5.5972,-4.45396,-12.58781,-1.22837,5.41528,-6.8073,,,,,,,,,,,,,,,,,,,,,,,,,,,,,,,,,,,,,,,,,,,,,,,,,,,High,High,High,,,,,,,,,,,,,,,,,,,,,,,,,,,,,,,,,,,,,,,
164,2026-03-18,15:35:35.72,3,3,"Hubbell, Ethan",1000325969,Right,OLD_MON,"Queen Jr, Kydese",1000338766,Right,NOR_SPA,Undefined,5,Top,2,1,1,Slider,Curveball,BallCalled,Undefined,Undefined,Undefined,0,0,,74.61475,-0.989719,-3.560806,2180.086217,142.48172,10:45,5.14086,1.70374,5.92921,-41.4427,10.11552,-6.2224,0.76705,-2.12324,67.16503,-8.695991,-4.675235,0.516797,,,,,,,,,,,,1.93134,6.0887,-1.41492,50,5.03837,6.93418,-107.92313,-3.03147,2.21542,23.5786,-25.18975,OLD_MON,NOR_SPA,BudMethenyBBStad,D1,SBELT,20260318-BudMethenyBBStad-1,a314e0f0-2301-11f1-b0e4-ebb737895390,72.93466,,,7.44972,,,,,,,73be595d-676a-42c7-8f16-f99e9a025756,2026-03-18,19:35:35.72,2026-03-18T15:35:35.7220000-04:00,2026-03-18T19:35:35.7220000Z,,v3,3090,3904,107c2ea495266297e2d9,"Holman, Evan",1000137670,Right,OLD_MON,4d564a10-3582-4a82-97fa-e0236e8cb30d,54.57256,-108.91755,11.7893,5.14382,-1.9691,-12.59488,-1.7054,6.84075,1.10771,,,,,,,,,,,,,,,,,,,,,,,,,,,,,,,,,,,,,,,,,,,,,,,,,,,High,High,High,,,,,,,,,,,,,,,,,,,,,,,,,,,,,,,,,,,,,,,
165,2026-03-18,15:36:21.03,3,4,"Hubbell, Ethan",1000325969,Right,OLD_MON,"Queen Jr, Kydese",1000338766,Right,NOR_SPA,Undefined,5,Top,2,2,1,Slider,Curveball,StrikeCalled,Undefined,Undefined,Undefined,0,0,,72.27727,1.139172,-0.922325,1897.761411,132.574751,10:30,5.30755,1.82858,5.76728,-45.53483,9.58221,-8.08469,2.57355,0.29632,64.76901,-7.352933,-2.369768,0.534336,,,,,,,,,,,,3.76721,5.09945,-1.74728,50,5.37493,1.97526,-104.66025,0.7928,4.06718,22.05027,-26.66859,OLD_MON,NOR_SPA,BudMethenyBBStad,D1,SBELT,20260318-BudMethenyBBStad-1,be1bd2f0-2301-11f1-b0e4-ebb737895390,70.5407,,,7.50826,,,,,,,73be595d-676a-42c7-8f16-f99e9a025756,2026-03-18,19:36:21.03,2026-03-18T15:36:21.0370000-04:00,2026-03-18T19:36:21.0370000Z,,v3,3090,3904,107c2ea495266297e2d9,"Holman, Evan",1000137670,Right,OLD_MON,317fe91b-f196-4ad1-ace2-6708919aad8a,54.73228,-105.65256,11.02513,5.31225,1.99294,-13.3343,-1.83206,1.79222,2.03359,,,,,,,,,,,,,,,,,,,,,,,,,,,,,,,,,,,,,,,,,,,,,,,,,,,High,High,High,,,,,,,,,,,,,,,,,,,,,,,,,,,,,,,,,,,,,,,
166,2026-03-18,15:36:35.70,3,5,"Hubbell, Ethan",1000325969,Right,OLD_MON,"Queen Jr, Kydese",1000338766,Right,NOR_SPA,Undefined,5,Top,2,2,2,Slider,Curveball,StrikeSwinging,Strikeout,Undefined,Undefined,0,0,,73.51217,0.783833,-0.957659,1998.552653,120.62283,10:00,5.31089,2.02801,5.92415,-43.22282,9.02465,-12.17572,2.43655,0.12456,66.77861,-7.25534,-3.144051,0.52024,,,,,,,,,,,,5.91355,4.92709,-1.9445,50,5.34945,2.21265,-106.65411,0.23902,6.72142,20.60703,-26.57384,OLD_MON,NOR_SPA,BudMethenyBBStad,D1,SBELT,20260318-BudMethenyBBStad-1,c6dbd070-2301-11f1-b0e4-ebb737895390,72.45197,,,6.73356,,,,,,,73be595d-676a-42c7-8f16-f99e9a025756,2026-03-18,19:36:35.70,2026-03-18T15:36:35.7060000-04:00,2026-03-18T19:36:35.7060000Z,,v3,3090,3904,107c2ea495266297e2d9,"Holman, Evan",1000137670,Right,OLD_MON,f4a4efde-809d-4184-b969-292d262d6399,54.57799,-107.535,10.30351,5.31495,1.37497,-13.28692,-2.03295,1.92533,3.36071,,,,,,,,,,,,,,,,,,,,,,,,,,,,,,,,,,,,,,,,,,,,,,,,,,,High,High,High,,,,,,,,,,,,,,,,,,,,,,,,,,,,,,,,,,,,,,,
167,2026-03-18,15:39:05.66,1,1,"Sellers, Ryan",1000305071,Right,NOR_SPA,"Dye, Macaddin",831173,Right,OLD_MON,Undefined,5,Bottom,0,0,0,Cutter,Slider,BallCalled,Undefined,Undefined,Undefined,0,0,,81.42595,-2.238575,-1.880357,2270.00622,167.967964,11:30,5.63856,1.60782,6.23658,-26.30395,14.82895,-2.9163,1.37916,-0.37058,75.69535,-7.139721,-2.40702,0.4616,,,,,,,,,,,,1.07276,8.618,-1.46597,50,5.45804,3.98863,-118.37341,-5.37,1.54103,19.96602,-19.79416,OLD_MON,NOR_SPA,BudMethenyBBStad,D1,SBELT,20260318-BudMethenyBBStad-1,2031d700-2302-11f1-b0e4-ebb737895390,81.656,,,5.73059,,,,,,,73be595d-676a-42c7-8f16-f99e9a025756,2026-03-18,19:39:05.66,2026-03-18T15:39:05.6610000-04:00,2026-03-18T19:39:05.6610000Z,,v3,3090,3904,107c2ea495266297e2d9,"Burke, Brendan",1000069375,Right,NOR_SPA,145dd9a4-1e5f-44ea-a1d0-f6ab2141ab18,54.26989,-119.09143,9.98301,5.63836,-4.65816,-9.89708,-1.60842,3.93321,0.77052,,,,,,,,,,,,,,,,,,,,,,,,,,,,,,,,,,,,,,,,,,,,,,,,,,,High,High,High,,,,,,,,,,,,,,,,,,,,,,,,,,,,,,,,,,,,,,,
168,2026-03-18,15:39:22.24,1,2,"Sellers, Ryan",1000305071,Right,NOR_SPA,"Dye, Macaddin",831173,Right,OLD_MON,Undefined,5,Bottom,0,1,0,Cutter,Slider,FoulBallNotFieldable,Undefined,Undefined,Undefined,0,0,,81.68203,-0.600388,-1.357843,2240.773232,159.806015,11:15,5.92179,1.64128,6.19263,-28.81167,12.46312,-4.12036,2.96628,0.04393,75.06792,-5.994121,-2.101406,0.462396,,,,,,,,,,,,1.78264,7.00205,-1.53676,50,5.86181,2.96296,-118.74146,-2.07346,2.54918,22.3941,-22.161,OLD_MON,NOR_SPA,BudMethenyBBStad,D1,SBELT,20260318-BudMethenyBBStad-1,2a132300-2302-11f1-b0e4-ebb737895390,81.51553,,,6.61411,,,,,,,73be595d-676a-42c7-8f16-f99e9a025756,2026-03-18,19:39:22.24,2026-03-18T15:39:22.2420000-04:00,2026-03-18T19:39:22.2420000Z,,v3,3090,3904,107c2ea495266297e2d9,"Burke, Brendan",1000069375,Right,NOR_SPA,ed5ab58c-40d9-441f-9900-fa277cd1f4a3,54.31289,-119.55208,11.19705,5.92235,-1.27128,-11.0805,-1.64234,2.87068,1.27459,,,,,,,,,,,,,,,,,,,,,,,,,,,,,,,,,,,,,,,,,,,,,,,,,,,High,High,High,,,,,,,,,,,,,,,,,,,,,,,,,,,,,,,,,,,,,,,
169,2026-03-18,15:39:45.76,1,3,"Sellers, Ryan",1000305071,Right,NOR_SPA,"Dye, Macaddin",831173,Right,OLD_MON,Undefined,5,Bottom,0,1,1,Slider,Slider,InPlay,Undefined,GroundBall,Out,1,0,,75.85989,1.100273,-1.620528,2286.8907,152.058737,11:00,5.71611,1.82605,5.98322,-41.81853,7.81146,-3.1178,3.25171,0.06362,67.89357,-6.729662,-2.180773,0.507041,93.09111,1.636352,-14.785985,2221.045311,,,,57.38144,55.59304,-15.988685,0.443797,1.02016,4.15996,-1.69619,50,5.78039,3.22188,-109.88449,0.91015,1.21359,24.3758,-27.22524,OLD_MON,NOR_SPA,BudMethenyBBStad,D1,SBELT,20260318-BudMethenyBBStad-1,38203e60-2302-11f1-b0e4-ebb737895390,74.338,3.41774,,7.96632,,,,1.69369,3.28064,-0.0471,73be595d-676a-42c7-8f16-f99e9a025756,2026-03-18,19:39:45.76,2026-03-18T15:39:45.7610000-04:00,2026-03-18T19:39:45.7610000Z,GroundBall,v3,3090,3904,107c2ea495266297e2d9,"Burke, Brendan",1000069375,Right,NOR_SPA,bb512ed8-c164-4b03-903d-d0dcf69cf37e,54.51752,-110.88208,12.1879,5.72034,2.02436,-13.61262,-1.82703,3.17221,0.60679,41.52699,1.7126,131.3855,-24.76265,,,,,,,3.30131,3.26936,-24.22627,,,,,,,-0.04024,-35.0409,-1.11989,,,,,,,,,,,,,,,,,,,,,,,,,,,,,High,High,High,High,High,,,,,,,,,,,,,,,,,,,,,,,,,,,,,,,,,,,,,
170,2026-03-18,15:40:26.14,2,1,"Sellers, Ryan",1000305071,Right,NOR_SPA,"Connors, Brody",1000235522,Right,OLD_MON,Undefined,5,Bottom,1,0,0,Cutter,Slider,BallCalled,Undefined,Undefined,Undefined,0,0,,82.17704,-2.797376,-1.726741,2409.007356,166.901482,11:30,5.79284,1.6647,6.26315,-30.99998,10.33508,-2.06677,0.62681,-0.10025,74.84254,-8.583848,-2.100597,0.462733,,,,,,,,,,,,0.54075,6.65701,-1.53556,50,5.5699,3.66658,-119.18025,-6.71867,0.76715,25.81873,-22.72982,OLD_MON,NOR_SPA,BudMethenyBBStad,D1,SBELT,20260318-BudMethenyBBStad-1,502450a0-2302-11f1-b0e4-ebb737895390,81.45609,,,7.3345,,,,,,,73be595d-676a-42c7-8f16-f99e9a025756,2026-03-18,19:40:26.14,2026-03-18T15:40:26.1440000-04:00,2026-03-18T19:40:26.1440000Z,,v3,3090,3904,107c2ea495266297e2d9,"Burke, Brendan",1000069375,Right,NOR_SPA,73d754df-48a7-4027-af66-5e6d18406a17,54.24195,-120.09569,12.90937,5.79383,-5.91276,-11.36491,-1.66508,3.63938,0.38358,,,,,,,,,,,,,,,,,,,,,,,,,,,,,,,,,,,,,,,,,,,,,,,,,,,High,High,High,,,,,,,,,,,,,,,,,,,,,,,,,,,,,,,,,,,,,,,
171,2026-03-18,15:40:45.93,2,2,"Sellers, Ryan",1000305071,Right,NOR_SPA,"Connors, Brody",1000235522,Right,OLD_MON,Undefined,5,Bottom,1,1,0,Cutter,Slider,FoulBallNotFieldable,Undefined,Undefined,Undefined,0,0,,83.26864,-0.248995,-1.640111,2359.445996,176.394703,12:00,5.94763,1.6308,6.16264,-26.76466,13.87154,-0.7785,3.48712,0.05028,74.81596,-5.327143,-1.780461,0.458805,70.68969,11.882904,173.305245,1654.669618,,,,120.77506,42.69094,177.139572,1.417614,-0.15201,7.68796,-1.50589,50,5.91522,3.48743,-120.70921,-1.28719,-0.21994,27.76092,-21.05172,OLD_MON,NOR_SPA,BudMethenyBBStad,D1,SBELT,20260318-BudMethenyBBStad-1,5bf62200-2302-11f1-b0e4-ebb737895390,82.15355,9.87382,,8.45268,,,,1.23452,3.51399,-0.11793,73be595d-676a-42c7-8f16-f99e9a025756,2026-03-18,19:40:45.93,2026-03-18T15:40:45.9360000-04:00,2026-03-18T19:40:45.9360000Z,LineDrive,v3,3090,3904,107c2ea495266297e2d9,"Burke, Brendan",1000069375,Right,NOR_SPA,17c4befe-0f40-4929-8b7b-860373510841,54.33616,-121.70236,13.88046,5.9478,-0.53406,-10.52586,-1.63079,3.4953,-0.10997,271.362075,1.0646,-99.07755,9.40863,,,,,,,3.67158,19.81015,-15.87138,,,,,,,0.02557,10.3928,-4.40456,,,,,,,,,,,,,,,,,,,,,,,,,,,,,High,High,High,High,Low,,,,,,,,,,,,,,,,,,,,,,,,,,,,,,,,,,,,,
172,2026-03-18,15:41:10.76,2,3,"Sellers, Ryan",1000305071,Right,NOR_SPA,"Connors, Brody",1000235522,Right,OLD_MON,Undefined,5,Bottom,1,1,1,Slider,Slider,BallCalled,Undefined,Undefined,Undefined,0,0,,76.02233,-2.361421,0.034522,2312.498676,147.136479,11:00,5.79305,1.68799,6.01293,-38.32211,9.98815,-5.43004,0.41051,1.26747,69.94177,-9.438535,-0.944529,0.500255,,,,,,,,,,,,2.84843,6.25894,-1.68757,50,5.58633,0.11729,-110.38052,-5.63906,3.49653,20.57147,-24.49104,OLD_MON,NOR_SPA,BudMethenyBBStad,D1,SBELT,20260318-BudMethenyBBStad-1,6ac3a730-2302-11f1-b0e4-ebb737895390,75.34649,,,6.08056,,,,,,,73be595d-676a-42c7-8f16-f99e9a025756,2026-03-18,19:41:10.76,2026-03-18T15:41:10.7680000-04:00,2026-03-18T19:41:10.7680000Z,,v3,3090,3904,107c2ea495266297e2d9,"Burke, Brendan",1000069375,Right,NOR_SPA,7d721a05-8388-4cbc-a0eb-16d1c9370806,54.493,-111.21472,10.28574,5.79486,-4.64591,-12.24552,-1.68946,-0.0245,1.74826,,,,,,,,,,,,,,,,,,,,,,,,,,,,,,,,,,,,,,,,,,,,,,,,,,,High,High,High,,,,,,,,,,,,,,,,,,,,,,,,,,,,,,,,,,,,,,,
173,2026-03-18,15:41:37.47,2,4,"Sellers, Ryan",1000305071,Right,NOR_SPA,"Connors, Brody",1000235522,Right,OLD_MON,Undefined,5,Bottom,1,2,1,Cutter,Slider,InPlay,Undefined,GroundBall,Out,1,0,,83.11493,-0.853167,-3.096043,2378.031488,191.611993,12:30,5.99171,1.64219,6.11587,-29.66206,11.61894,2.04878,2.72976,-1.0527,74.20157,-6.456489,-2.727522,0.462431,84.0927,-3.783872,16.353998,2258.585265,,,,29.44586,29.17816,19.174923,0.238398,-2.17673,6.76992,-1.40541,50,5.91098,6.42485,-120.27307,-2.66504,-3.09736,29.53531,-22.5408,OLD_MON,NOR_SPA,BudMethenyBBStad,D1,SBELT,20260318-BudMethenyBBStad-1,7ab476b0-2302-11f1-b0e4-ebb737895390,81.50938,2.62398,,8.91336,,,,0.70262,2.62398,1.4234,73be595d-676a-42c7-8f16-f99e9a025756,2026-03-18,19:41:37.47,2026-03-18T15:41:37.4780000-04:00,2026-03-18T19:41:37.4780000Z,GroundBall,v3,3090,3904,107c2ea495266297e2d9,"Burke, Brendan",1000069375,Right,NOR_SPA,b77c6768-c29f-43bd-9288-707ffbc5db30,54.38398,-121.34486,14.76765,5.99285,-1.84706,-11.2704,-1.6406,6.53725,-1.54868,,0.7048,117.96654,-17.90689,,,,,,,2.62433,-8.15857,-11.96475,,,,,,,1.42316,34.66521,-0.2723,,,,,,,,,,,,,,,,,,,,,,,,,,,,,High,High,High,High,High,,,,,,,,,,,,,,,,,,,,,,,,,,,,,,,,,,,,,
174,2026-03-18,15:42:13.75,3,1,"Sellers, Ryan",1000305071,Right,NOR_SPA,"Young, Scotty",1000123119,Left,OLD_MON,Undefined,5,Bottom,2,0,0,Cutter,Cutter,InPlay,Undefined,FlyBall,Out,1,0,,85.45685,-1.746017,-2.530968,2388.066361,183.178392,12:00,5.83826,1.88267,6.10281,-21.08997,17.23576,0.88398,2.46379,-0.38609,77.61966,-5.749609,-2.371935,0.445571,80.2277,27.767444,-7.352493,3955.268981,107.01123,48.09022,-25.46709,264.24362,255.45406,-23.37796,4.130246,-1.22646,9.81741,-1.68822,50,5.69264,5.44281,-123.92127,-4.37214,-1.89007,26.83594,-17.04477,OLD_MON,NOR_SPA,BudMethenyBBStad,D1,SBELT,20260318-BudMethenyBBStad-1,904e66c0-2302-11f1-b0e4-ebb737895390,84.59363,53.62076,,7.8372,,,,1.10057,2.49019,0.39383,73be595d-676a-42c7-8f16-f99e9a025756,2026-03-18,19:42:13.75,2026-03-18T15:42:13.7570000-04:00,2026-03-18T19:42:13.7570000Z,LineDrive,v3,3090,3904,107c2ea495266297e2d9,"Burke, Brendan",1000069375,Right,NOR_SPA,1639bdd5-a366-4f9d-b13f-8a24451edb61,54.4001,-124.87051,13.41797,5.83663,-3.76924,-8.52239,-1.88192,5.50967,-0.94503,136.947574,1.10016,103.27585,-20.51947,4.44824,-1.00494,0.24762,-0.05847,0.00914,-0.0006,2.49114,54.78887,-15.41805,0.04836,0.41915,-0.21768,0.06477,-0.00969,0.00056,0.3936,-13.31316,-8.03359,2.86726,-0.79947,0.18198,-0.03328,0.00399,-0.00021,,,,,,,,,,,,,,,,,,,,,,,High,High,High,High,High,,,,,,,,,,,,,,,,,,,,,,,,,,,,,,,,,,,,,
175,2026-03-18,15:45:12.03,1,1,"Hubbell, Ethan",1000325969,Right,OLD_MON,"Stewart, Sean",10971665,Right,NOR_SPA,Undefined,6,Top,0,0,0,Sinker,Changeup,BallCalled,Undefined,Undefined,Undefined,0,0,,81.72893,-0.707065,-2.149926,2166.269953,250.465118,2:15,5.56159,1.36829,6.55274,-32.39655,8.76205,20.70741,2.21298,1.12139,74.29775,-6.8125,1.61516,0.461745,,,,,,,,,,,,-11.56056,5.23118,-1.22787,50,5.49897,3.72544,-118.73152,-2.35996,-16.31497,25.14454,-24.79145,OLD_MON,NOR_SPA,BudMethenyBBStad,D1,SBELT,20260318-BudMethenyBBStad-1,fa93e820-2302-11f1-b0e4-ebb737895390,81.6305,,,7.43118,,,,,,,73be595d-676a-42c7-8f16-f99e9a025756,2026-03-18,19:45:12.03,2026-03-18T15:45:12.0310000-04:00,2026-03-18T19:45:12.0310000Z,,v3,3090,3904,107c2ea495266297e2d9,"Holman, Evan",1000137670,Right,OLD_MON,1444e479-3ec8-4303-a3c6-d6ba28012466,53.95253,-119.56564,12.57227,5.56362,-1.53755,-12.39573,-1.36043,4.26665,-8.15748,,,,,,,,,,,,,,,,,,,,,,,,,,,,,,,,,,,,,,,,,,,,,,,,,,,High,High,High,,,,,,,,,,,,,,,,,,,,,,,,,,,,,,,,,,,,,,,
176,2026-03-18,15:45:26.65,1,2,"Hubbell, Ethan",1000325969,Right,OLD_MON,"Stewart, Sean",10971665,Right,NOR_SPA,Undefined,6,Top,0,1,0,Slider,Curveball,BallCalled,Undefined,Undefined,Undefined,0,0,,73.56512,0.336914,-2.989025,2140.257818,147.799592,11:00,5.23669,1.82278,5.79081,-44.31613,9.04666,-4.36378,1.85756,-1.32423,65.9119,-7.911735,-3.76907,0.525764,,,,,,,,,,,,1.12913,5.1102,-1.57364,50,5.23854,5.71463,-106.39503,-0.64671,1.25751,23.08667,-26.4829,OLD_MON,NOR_SPA,BudMethenyBBStad,D1,SBELT,20260318-BudMethenyBBStad-1,03551e20-2303-11f1-b0e4-ebb737895390,71.69081,,,7.65322,,,,,,,73be595d-676a-42c7-8f16-f99e9a025756,2026-03-18,19:45:26.65,2026-03-18T15:45:26.6570000-04:00,2026-03-18T19:45:26.6570000Z,,v3,3090,3904,107c2ea495266297e2d9,"Holman, Evan",1000137670,Right,OLD_MON,7050b420-e4f7-4747-b9ae-66849a1e36aa,54.70828,-107.41182,11.54333,5.24133,0.51966,-13.24145,-1.8241,5.65925,0.62876,,,,,,,,,,,,,,,,,,,,,,,,,,,,,,,,,,,,,,,,,,,,,,,,,,,High,High,High,,,,,,,,,,,,,,,,,,,,,,,,,,,,,,,,,,,,,,,
177,2026-03-18,15:45:42.63,1,3,"Hubbell, Ethan",1000325969,Right,OLD_MON,"Stewart, Sean",10971665,Right,NOR_SPA,Undefined,6,Top,0,2,0,Sinker,Changeup,StrikeSwinging,Undefined,Undefined,Undefined,0,0,,82.91079,-1.654628,-4.355641,2187.808151,257.307761,2:30,5.63087,1.27519,6.57568,-34.18266,6.33768,21.32163,1.26079,-0.94831,74.70441,-8.089383,-0.486007,0.45815,,,,,,,,,,,,-12.58906,4.35622,-0.98307,50,5.50292,8.3527,-120.03718,-4.45221,-17.99314,27.65876,-25.94787,OLD_MON,NOR_SPA,BudMethenyBBStad,D1,SBELT,20260318-BudMethenyBBStad-1,0cd13fb0-2303-11f1-b0e4-ebb737895390,82.27091,,,8.20638,,,,,,,73be595d-676a-42c7-8f16-f99e9a025756,2026-03-18,19:45:42.63,2026-03-18T15:45:42.6340000-04:00,2026-03-18T19:45:42.6340000Z,,v3,3090,3904,107c2ea495266297e2d9,"Holman, Evan",1000137670,Right,OLD_MON,87273b51-8574-48cc-be15-1096be240be7,53.92754,-120.93877,13.82938,5.63426,-3.60639,-12.97393,-1.2649,8.93923,-8.99657,,,,,,,,,,,,,,,,,,,,,,,,,,,,,,,,,,,,,,,,,,,,,,,,,,,High,High,High,,,,,,,,,,,,,,,,,,,,,,,,,,,,,,,,,,,,,,,
178,2026-03-18,15:45:57.82,1,4,"Hubbell, Ethan",1000325969,Right,OLD_MON,"Stewart, Sean",10971665,Right,NOR_SPA,Undefined,6,Top,0,2,1,Sinker,Changeup,BallCalled,Undefined,Undefined,Undefined,0,0,,82.94288,-1.226804,-4.440527,2187.48225,256.789564,2:30,5.75096,1.35036,6.44566,-34.36191,6.1839,19.98855,1.75657,-1.0726,74.92657,-7.675851,-0.823731,0.458294,,,,,,,,,,,,-11.76493,4.11032,-1.04221,50,5.64875,8.56202,-120.08708,-3.59104,-16.90218,26.76215,-26.26891,OLD_MON,NOR_SPA,BudMethenyBBStad,D1,SBELT,20260318-BudMethenyBBStad-1,15dcec30-2303-11f1-b0e4-ebb737895390,82.24508,,,8.01631,,,,,,,73be595d-676a-42c7-8f16-f99e9a025756,2026-03-18,19:45:57.82,2026-03-18T15:45:57.8250000-04:00,2026-03-18T19:45:57.8250000Z,,v3,3090,3904,107c2ea495266297e2d9,"Holman, Evan",1000137670,Right,OLD_MON,f314f917-85cd-4436-a705-034d7982e039,54.05698,-120.98782,13.38107,5.75473,-2.7069,-13.13445,-1.33995,9.13091,-8.45109,,,,,,,,,,,,,,,,,,,,,,,,,,,,,,,,,,,,,,,,,,,,,,,,,,,High,High,High,,,,,,,,,,,,,,,,,,,,,,,,,,,,,,,,,,,,,,,
179,2026-03-18,15:46:14.74,1,5,"Hubbell, Ethan",1000325969,Right,OLD_MON,"Stewart, Sean",10971665,Right,NOR_SPA,Undefined,6,Top,0,3,1,Sinker,Changeup,BallCalled,Walk,Undefined,Undefined,0,0,,81.7126,0.473653,-1.520356,2125.848615,254.73102,2:30,5.73464,1.48716,6.41997,-35.19191,5.86394,16.70647,3.23761,1.48127,74.74078,-6.115081,1.509236,0.461168,,,,,,,,,,,,-9.23957,3.2837,-1.38609,50,5.75238,2.56667,-118.81476,-0.03141,-13.15868,23.55593,-27.49753,OLD_MON,NOR_SPA,BudMethenyBBStad,D1,SBELT,20260318-BudMethenyBBStad-1,1fed5e80-2303-11f1-b0e4-ebb737895390,81.7326,,,6.97183,,,,,,,73be595d-676a-42c7-8f16-f99e9a025756,2026-03-18,19:46:14.74,2026-03-18T15:46:14.7460000-04:00,2026-03-18T19:46:14.7460000Z,,v3,3090,3904,107c2ea495266297e2d9,"Holman, Evan",1000137670,Right,OLD_MON,d77db9bd-34fa-442a-8f8f-4a25698178f9,54.08666,-119.62223,11.77796,5.7373,0.91117,-13.74877,-1.4818,3.01773,-6.57934,,,,,,,,,,,,,,,,,,,,,,,,,,,,,,,,,,,,,,,,,,,,,,,,,,,High,High,High,,,,,,,,,,,,,,,,,,,,,,,,,,,,,,,,,,,,,,,
180,2026-03-18,15:46:41.44,2,1,"Hubbell, Ethan",1000325969,Right,OLD_MON,"Israel, Jayden",1000308312,Right,NOR_SPA,Undefined,6,Top,0,0,0,Slider,Slider,BallCalled,Undefined,Undefined,Undefined,0,0,,70.74727,1.056969,-2.950553,1961.270361,137.264288,10:30,5.22679,2.14508,5.93267,-46.11506,11.51296,-8.47595,2.36602,-1.3014,63.15221,-7.579651,-4.468312,0.546372,,,,,,,,,,,,3.19091,6.20355,-1.90448,50,5.28621,5.56899,-102.27108,0.65669,3.27123,21.90018,-25.81436,OLD_MON,NOR_SPA,BudMethenyBBStad,D1,SBELT,20260318-BudMethenyBBStad-1,2fe86730-2303-11f1-b0e4-ebb737895390,68.98681,,,7.59507,,,,,,,73be595d-676a-42c7-8f16-f99e9a025756,2026-03-18,19:46:41.44,2026-03-18T15:46:41.4430000-04:00,2026-03-18T19:46:41.4430000Z,,v3,3090,3904,107c2ea495266297e2d9,"Holman, Evan",1000137670,Right,OLD_MON,8909f411-2ac0-4c86-8cfc-573eff624f7f,54.56436,-103.24386,10.95009,5.23157,1.80333,-12.90718,-2.14862,5.42368,1.63562,,,,,,,,,,,,,,,,,,,,,,,,,,,,,,,,,,,,,,,,,,,,,,,,,,,High,High,High,,,,,,,,,,,,,,,,,,,,,,,,,,,,,,,,,,,,,,,
181,2026-03-18,15:47:03.46,2,2,"Hubbell, Ethan",1000325969,Right,OLD_MON,"Israel, Jayden",1000308312,Right,NOR_SPA,Undefined,6,Top,0,1,0,Cutter,Slider,FoulBallNotFieldable,Undefined,Undefined,Undefined,0,0,,78.61353,-0.824644,-2.766272,2093.100126,194.669218,12:30,5.54444,2.11804,5.96071,-40.26549,5.75433,1.0576,1.42328,-0.36121,71.01849,-8.299526,-2.5763,0.488252,84.97274,7.280872,42.063197,4144.4671,,,,116.7988,116.30771,48.227647,1.066133,-1.49087,3.67319,-1.89872,50,5.45637,5.46507,-113.90209,-2.84991,-1.91684,25.07763,-27.45133,OLD_MON,NOR_SPA,BudMethenyBBStad,D1,SBELT,20260318-BudMethenyBBStad-1,3cffb0e0-2303-11f1-b0e4-ebb737895390,77.19878,5.20624,,7.59505,,,,2.16814,1.53783,0.85749,73be595d-676a-42c7-8f16-f99e9a025756,2026-03-18,19:47:03.46,2026-03-18T15:47:03.4670000-04:00,2026-03-18T19:47:03.4670000Z,GroundBall,v3,3090,3904,107c2ea495266297e2d9,"Holman, Evan",1000137670,Right,OLD_MON,a7e708f7-5f34-40bc-8c8b-2057af393281,54.54302,-114.89797,12.53882,5.5479,-1.75977,-13.72567,-2.11726,5.54119,-0.95842,,2.16814,91.77745,-23.29449,4.34205,-0.91157,0.16055,-0.02784,0.00441,-0.00042,1.53783,15.79435,-17.7738,1.78655,-0.32592,0.07117,-0.01318,0.00229,-0.00027,0.85749,82.82027,-0.4703,-1.77682,0.66111,-0.19623,0.04791,-0.00952,0.00106,,,,,,,,,,,,,,,,,,,,,,,High,High,High,Medium,High,,,,,,,,,,,,,,,,,,,,,,,,,,,,,,,,,,,,,
182,2026-03-18,15:47:25.34,2,3,"Hubbell, Ethan",1000325969,Right,OLD_MON,"Israel, Jayden",1000308312,Right,NOR_SPA,Undefined,6,Top,0,1,1,Sinker,Changeup,BallCalled,Undefined,Undefined,Undefined,0,0,,81.60782,-0.29649,-0.635151,2107.669477,254.107927,2:30,5.65033,2.02149,6.39861,-35.95667,5.77303,15.03146,2.38123,2.68991,73.84453,-7.0434,2.091496,0.464937,,,,,,,,,,,,-7.92839,3.61484,-1.9816,50,5.6133,0.73889,-118.47999,-1.67276,-11.08576,26.08477,-27.11967,OLD_MON,NOR_SPA,BudMethenyBBStad,D1,SBELT,20260318-BudMethenyBBStad-1,4a106ae0-2303-11f1-b0e4-ebb737895390,81.06997,,,7.76329,,,,,,,73be595d-676a-42c7-8f16-f99e9a025756,2026-03-18,19:47:25.34,2026-03-18T15:47:25.3410000-04:00,2026-03-18T19:47:25.3410000Z,,v3,3090,3904,107c2ea495266297e2d9,"Holman, Evan",1000137670,Right,OLD_MON,860b4e85-26ef-4ffb-9a23-125d37ccf00d,54.10234,-119.37975,13.04239,5.65486,-0.7373,-13.55984,-2.01368,1.12129,-5.54288,,,,,,,,,,,,,,,,,,,,,,,,,,,,,,,,,,,,,,,,,,,,,,,,,,,High,High,High,,,,,,,,,,,,,,,,,,,,,,,,,,,,,,,,,,,,,,,
183,2026-03-18,15:47:45.50,2,4,"Hubbell, Ethan",1000325969,Right,OLD_MON,"Israel, Jayden",1000308312,Right,NOR_SPA,Undefined,6,Top,0,2,1,Cutter,Slider,FoulBallNotFieldable,Undefined,Undefined,Undefined,0,0,,79.32916,-0.824347,-2.449894,2136.792837,168.114588,11:30,5.61379,2.04194,5.93149,-37.11541,7.99485,-1.33622,1.75518,-0.34404,71.77032,-7.726357,-2.689763,0.483403,77.83795,-5.628476,50.227263,,,,,17.74971,12.79784,46.130846,0.171873,-0.12287,4.8287,-1.84517,50,5.52695,4.9688,-114.9713,-2.77572,-0.16151,24.92529,-25.82814,OLD_MON,NOR_SPA,BudMethenyBBStad,D1,SBELT,20260318-BudMethenyBBStad-1,560e7c60-2303-11f1-b0e4-ebb737895390,77.97315,2.31808,,7.55884,,,,,,,73be595d-676a-42c7-8f16-f99e9a025756,2026-03-18,19:47:45.50,2026-03-18T15:47:45.5000000-04:00,2026-03-18T19:47:45.5000000Z,GroundBall,v3,3090,3904,107c2ea495266297e2d9,"Holman, Evan",1000137670,Right,OLD_MON,94b1d67a-527b-4ef9-9f09-272d00ed6ce7,54.57141,-115.95812,12.46265,5.6166,-1.75315,-12.91407,-2.04202,4.9752,-0.08075,,0.35951,72.69555,-18.71807,,,,,,,2.31819,-11.20506,-13.28576,,,,,,,-2.52771,87.36217,10.46929,,,,,,,,,,,,,,,,,,,,,,,,,,,,,High,High,High,Low,Low,,,,,,,,,,,,,,,,,,,,,,,,,,,,,,,,,,,,,
184,2026-03-18,15:48:10.19,2,5,"Hubbell, Ethan",1000325969,Right,OLD_MON,"Israel, Jayden",1000308312,Right,NOR_SPA,Undefined,6,Top,0,2,2,Slider,Curveball,FoulBallNotFieldable,Undefined,Undefined,Undefined,0,0,,73.64059,1.236165,-1.456888,2109.733506,148.737597,11:00,5.36689,2.30756,5.58727,-43.75857,10.04024,-4.7587,2.87535,0.55012,65.53254,-6.926252,-2.305623,0.527907,62.46748,7.380702,-174.079503,2724.119737,,,,64.02092,43.68285,-175.427841,0.786508,1.79449,5.36996,-2.17953,50,5.44623,2.89776,-106.41757,0.98475,1.99647,23.33303,-26.19967,OLD_MON,NOR_SPA,BudMethenyBBStad,D1,SBELT,20260318-BudMethenyBBStad-1,64ca2740-2303-11f1-b0e4-ebb737895390,71.39971,4.56331,,8.10805,,,,1.97719,2.86506,-0.54845,73be595d-676a-42c7-8f16-f99e9a025756,2026-03-18,19:48:10.19,2026-03-18T15:48:10.1930000-04:00,2026-03-18T19:48:10.1930000Z,GroundBall,v3,3090,3904,107c2ea495266297e2d9,"Holman, Evan",1000137670,Right,OLD_MON,0d496a2e-155d-413b-9078-1595c2c953f0,54.90438,-107.48752,11.66652,5.37353,2.18615,-13.09983,-2.31032,2.80621,0.99823,49.641413,1.97719,-90.37507,8.82369,-0.43336,0.1173,-0.07725,0.15593,-0.14697,0.05261,2.86506,11.7695,-20.90567,1.89486,-0.38626,0.26866,-0.41297,0.40733,-0.15551,-0.54845,-9.37203,5.23349,-1.02299,0.28987,-0.32303,0.5907,-0.59164,0.22646,,,,,,,,,,,,,,,,,,,,,,,High,High,High,Medium,Medium,,,,,,,,,,,,,,,,,,,,,,,,,,,,,,,,,,,,,
185,2026-03-18,15:48:33.58,2,6,"Hubbell, Ethan",1000325969,Right,OLD_MON,"Israel, Jayden",1000308312,Right,NOR_SPA,Undefined,6,Top,0,2,2,Fastball,Changeup,FoulBallNotFieldable,Undefined,Undefined,Undefined,0,0,,83.52677,-2.172102,-2.700991,2147.926404,231.268778,1:45,5.63106,2.05727,6.39655,-25.3356,14.25296,16.0956,1.51873,0.91242,76.13622,-6.960485,0.214489,0.452852,,,,,,,,,,,,-9.19768,8.48536,-1.87006,50,5.46305,5.12038,-121.19117,-5.29619,-13.58654,25.18239,-19.63976,OLD_MON,NOR_SPA,BudMethenyBBStad,D1,SBELT,20260318-BudMethenyBBStad-1,72b514a0-2303-11f1-b0e4-ebb737895390,83.23345,,,7.39055,,,,,,,73be595d-676a-42c7-8f16-f99e9a025756,2026-03-18,19:48:33.58,2026-03-18T15:48:33.5840000-04:00,2026-03-18T19:48:33.5840000Z,,v3,3090,3904,107c2ea495266297e2d9,"Holman, Evan",1000137670,Right,OLD_MON,22db227d-4114-466b-acea-3cc0fae4420b,54.10764,-122.04171,12.59119,5.63073,-4.63285,-9.81988,-2.05075,5.57927,-6.79327,,,,,,,,,,,,,,,,,,,,,,,,,,,,,,,,,,,,,,,,,,,,,,,,,,,High,High,High,,,,,,,,,,,,,,,,,,,,,,,,,,,,,,,,,,,,,,,
186,2026-03-18,15:48:53.15,2,7,"Hubbell, Ethan",1000325969,Right,OLD_MON,"Israel, Jayden",1000308312,Right,NOR_SPA,Undefined,6,Top,0,2,2,ChangeUp,Changeup,InPlay,Undefined,Popup,Single,0,0,,78.36602,-1.364719,-2.831412,1581.678385,221.439091,1:30,5.53859,2.15458,6.1501,-31.71002,14.22532,11.03434,1.63321,0.45553,70.67329,-7.340467,-0.842703,0.487803,78.229,46.069742,6.451696,,109.89202,94.46954,4.86833,221.62095,221.62095,0.578981,5.207853,-6.65748,8.30154,-1.94443,50,5.4184,5.21582,-113.53896,-3.57633,-8.52309,24.52074,-21.54624,OLD_MON,NOR_SPA,BudMethenyBBStad,D1,SBELT,20260318-BudMethenyBBStad-1,7e657b50-2303-11f1-b0e4-ebb737895390,77.26973,98.25507,,7.69272,,,,1.99498,1.76298,-0.47797,73be595d-676a-42c7-8f16-f99e9a025756,2026-03-18,19:48:53.15,2026-03-18T15:48:53.1580000-04:00,2026-03-18T19:48:53.1580000Z,FlyBall,v3,3090,3904,107c2ea495266297e2d9,"Holman, Evan",1000137670,Right,OLD_MON,afe25cbf-7ee0-448f-bd10-e8aaa715a7ac,54.35198,-114.47499,12.26037,5.53922,-2.75384,-10.77312,-2.14974,5.54117,-4.26155,168.682022,1.99924,79.00711,-19.21994,4.76097,-0.65974,-0.01115,0.02203,-0.00328,0.00016,1.75989,82.68502,-19.99433,1.11848,-0.02747,-0.04918,0.01964,-0.00317,0.00018,-0.47722,8.92658,-5.48795,1.72094,-0.33786,0.0321,0.00179,-0.00069,4E-05,,,,,,,,,,,,,,,,,,,,,,,High,High,High,High,Medium,,,,,,,,,,,,,,,,,,,,,,,,,,,,,,,,,,,,,
187,2026-03-18,15:49:42.58,3,1,"Hubbell, Ethan",1000325969,Right,OLD_MON,"Ealey, Thomas",10137346,Left,NOR_SPA,Undefined,6,Top,0,0,0,Slider,Slider,BallCalled,Undefined,Undefined,Undefined,0,0,,73.48232,0.188915,-2.5222,2143.558544,116.707183,10:00,5.40643,2.26477,5.69205,-49.98385,4.81118,-4.54595,1.41737,-0.46645,64.64822,-9.116126,-3.33471,0.532773,,,,,,,,,,,,1.22606,3.01319,-2.04949,50,5.39188,4.8397,-106.08888,-1.11983,1.32603,26.74891,-28.91518,OLD_MON,NOR_SPA,BudMethenyBBStad,D1,SBELT,20260318-BudMethenyBBStad-1,9be00560-2303-11f1-b0e4-ebb737895390,70.74769,,,8.83409,,,,,,,73be595d-676a-42c7-8f16-f99e9a025756,2026-03-18,19:49:42.58,2026-03-18T15:49:42.5830000-04:00,2026-03-18T19:49:42.5830000Z,,v3,3090,3904,107c2ea495266297e2d9,"Holman, Evan",1000137670,Right,OLD_MON,0ca23450-d002-4cf6-8ece-6610523519da,54.80628,-107.29388,13.37446,5.41299,0.18276,-14.45759,-2.26616,4.77996,0.66302,,,,,,,,,,,,,,,,,,,,,,,,,,,,,,,,,,,,,,,,,,,,,,,,,,,High,High,High,,,,,,,,,,,,,,,,,,,,,,,,,,,,,,,,,,,,,,,
188,2026-03-18,15:50:01.23,3,2,"Hubbell, Ethan",1000325969,Right,OLD_MON,"Ealey, Thomas",10137346,Left,NOR_SPA,Undefined,6,Top,0,1,0,Sinker,Changeup,StrikeSwinging,Undefined,Undefined,Undefined,0,0,,84.08518,-0.950599,-3.961951,2265.374529,250.723648,2:15,5.10181,2.06539,6.13651,-32.75407,6.96209,15.88851,1.49147,-0.27851,76.20598,-7.065248,-1.102898,0.453581,,,,,,,,,,,,-9.47638,4.29343,-1.77052,50,5.01213,7.82481,-121.82263,-3.04139,-14.0644,26.70035,-25.80191,OLD_MON,NOR_SPA,BudMethenyBBStad,D1,SBELT,20260318-BudMethenyBBStad-1,a6f23040-2303-11f1-b0e4-ebb737895390,83.09965,,,7.8792,,,,,,,73be595d-676a-42c7-8f16-f99e9a025756,2026-03-18,19:50:01.23,2026-03-18T15:50:01.2360000-04:00,2026-03-18T19:50:01.2360000Z,,v3,3090,3904,107c2ea495266297e2d9,"Holman, Evan",1000137670,Right,OLD_MON,e12e323f-30f3-4418-9d9f-41e700e12530,54.36804,-122.77626,13.35018,5.1043,-2.11985,-12.90096,-2.05896,8.32713,-7.0322,,,,,,,,,,,,,,,,,,,,,,,,,,,,,,,,,,,,,,,,,,,,,,,,,,,High,High,High,,,,,,,,,,,,,,,,,,,,,,,,,,,,,,,,,,,,,,,
189,2026-03-18,15:50:18.42,3,3,"Hubbell, Ethan",1000325969,Right,OLD_MON,"Ealey, Thomas",10137346,Left,NOR_SPA,Undefined,6,Top,0,1,1,ChangeUp,Changeup,FoulBallNotFieldable,Undefined,Undefined,Undefined,0,0,,77.94908,1.106969,-2.145174,1735.554578,251.284919,2:30,5.20866,2.09143,6.29344,-39.30065,6.938,15.33182,2.95461,1.39122,69.97223,-6.287557,0.626512,0.489411,62.61346,24.852141,-130.995497,2981.853676,,,,,33.95847,,,-8.61217,3.76603,-1.94003,50,5.27191,3.66948,-113.00243,1.07187,-10.89257,24.78811,-27.41081,OLD_MON,NOR_SPA,BudMethenyBBStad,D1,SBELT,20260318-BudMethenyBBStad-1,b136aae0-2303-11f1-b0e4-ebb737895390,77.01589,13.82303,,7.97685,,,,-1.34529,2.6199,-1.37513,73be595d-676a-42c7-8f16-f99e9a025756,2026-03-18,19:50:18.42,2026-03-18T15:50:18.4270000-04:00,2026-03-18T19:50:18.4270000Z,,v3,3090,3904,107c2ea495266297e2d9,"Holman, Evan",1000137670,Right,OLD_MON,eaf79693-8bca-49c4-ab17-3635f8c1b09f,54.20746,-113.92163,12.39406,5.21331,2.08833,-13.70541,-2.08359,4.0734,-5.44628,,-1.3377,-54.91849,0.37655,,,,,,,2.63397,38.1294,-26.16247,,,,,,,-1.38568,-62.54475,14.47593,,,,,,,,,,,,,,,,,,,,,,,,,,,,,High,High,High,High,Undefined,,,,,,,,,,,,,,,,,,,,,,,,,,,,,,,,,,,,,
190,2026-03-18,15:50:42.13,3,4,"Hubbell, Ethan",1000325969,Right,OLD_MON,"Ealey, Thomas",10137346,Left,NOR_SPA,Undefined,6,Top,0,1,2,Slider,Curveball,FoulBallNotFieldable,Undefined,Undefined,Undefined,0,0,,73.08885,-0.093657,-0.71667,1973.36335,163.529457,11:30,5.01057,2.07817,5.83831,-42.81089,10.48713,-2.51886,1.35594,1.20207,66.10882,-8.058932,-1.168769,0.525445,,,,,,,,,,,,1.04843,5.95492,-2.0182,50,4.97806,1.4144,-105.97267,-1.37937,1.16993,21.26991,-25.52896,OLD_MON,NOR_SPA,BudMethenyBBStad,D1,SBELT,20260318-BudMethenyBBStad-1,bf604ef0-2303-11f1-b0e4-ebb737895390,71.73436,,,6.98003,,,,,,,73be595d-676a-42c7-8f16-f99e9a025756,2026-03-18,19:50:42.13,2026-03-18T15:50:42.1380000-04:00,2026-03-18T19:50:42.1380000Z,,v3,3090,3904,107c2ea495266297e2d9,"Holman, Evan",1000137670,Right,OLD_MON,188644d4-4623-419b-9003-09d5c89fa123,54.66302,-106.90449,10.63496,5.01399,-0.26096,-12.76448,-2.07904,1.36315,0.58497,,,,,,,,,,,,,,,,,,,,,,,,,,,,,,,,,,,,,,,,,,,,,,,,,,,High,High,High,,,,,,,,,,,,,,,,,,,,,,,,,,,,,,,,,,,,,,,
191,2026-03-18,15:51:07.13,3,5,"Hubbell, Ethan",1000325969,Right,OLD_MON,"Ealey, Thomas",10137346,Left,NOR_SPA,Undefined,6,Top,0,1,2,Fastball,Changeup,FoulBallNotFieldable,Undefined,Undefined,Undefined,0,0,,83.90016,-1.046145,-1.965241,2192.41569,241.408211,2:00,5.50202,2.2024,6.43105,-27.50238,11.53583,18.81033,2.24789,1.96282,76.57432,-6.232176,1.446188,0.449693,76.87919,-6.954414,-48.497736,,,,,18.62462,15.76965,-52.659916,0.152685,-10.40119,6.72103,-2.07032,50,5.41497,3.48636,-121.9044,-3.00329,-15.56751,25.16785,-22.11468,OLD_MON,NOR_SPA,BudMethenyBBStad,D1,SBELT,20260318-BudMethenyBBStad-1,ce3b1a90-2303-11f1-b0e4-ebb737895390,83.81814,2.08888,,7.32584,,,,-0.05135,2.08888,-1.98192,73be595d-676a-42c7-8f16-f99e9a025756,2026-03-18,19:51:07.13,2026-03-18T15:51:07.1320000-04:00,2026-03-18T19:51:07.1320000Z,GroundBall,v3,3090,3904,107c2ea495266297e2d9,"Holman, Evan",1000137670,Right,OLD_MON,4dd7a671-daa9-456e-9f58-3ce19afe701a,54.07394,-122.74261,12.58393,5.50273,-2.26677,-11.05734,-2.19507,4.00483,-7.78376,180,-0.05515,74.3228,,,,,,,,2.08958,-13.68095,,,,,,,,-1.97762,-83.99996,,,,,,,,,,,,,,,,,,,,,,,,,,,,,,High,High,High,High,Medium,,,,,,,,,,,,,,,,,,,,,,,,,,,,,,,,,,,,,
192,2026-03-18,15:51:29.98,3,6,"Hubbell, Ethan",1000325969,Right,OLD_MON,"Ealey, Thomas",10137346,Left,NOR_SPA,Undefined,6,Top,0,1,2,Fastball,Changeup,InPlay,Undefined,LineDrive,Single,0,0,,84.93849,-1.562568,-3.584704,2267.947714,228.90988,1:45,5.44995,1.86606,6.30463,-24.45104,13.50087,14.18398,1.96947,-0.25913,78.28799,-6.154034,-1.024344,0.443392,74.48418,20.790012,8.518375,2502.557229,109.6071,31.08849,9.2869,219.62044,219.62044,0.809212,3.176853,-8.35678,7.77969,-1.60929,50,5.32301,7.2034,-123.3303,-4.07442,-12.96284,22.89223,-20.10639,OLD_MON,NOR_SPA,BudMethenyBBStad,D1,SBELT,20260318-BudMethenyBBStad-1,dbd68860-2303-11f1-b0e4-ebb737895390,85.00922,31.78107,,6.6505,,,,1.70318,2.05657,0.26999,73be595d-676a-42c7-8f16-f99e9a025756,2026-03-18,19:51:29.98,2026-03-18T15:51:29.9850000-04:00,2026-03-18T19:51:29.9850000Z,LineDrive,v3,3090,3904,107c2ea495266297e2d9,"Holman, Evan",1000137670,Right,OLD_MON,1bb1fa6e-53ac-4dda-9749-39f8f6eeb4e0,54.20202,-124.10781,11.44612,5.44979,-3.39152,-10.0532,-1.86143,7.64367,-6.48142,150.758885,1.70322,101.00307,-17.83195,3.88804,-0.68973,0.08572,-0.00297,-0.00118,0.00017,2.05652,38.77458,-12.35331,-0.46374,0.22088,-0.01781,-0.01173,0.00448,-0.00048,0.26999,15.12943,-8.59017,2.30189,-0.51995,0.09401,-0.0121,0.00082,-0,,,,,,,,,,,,,,,,,,,,,,,High,High,High,High,High,,,,,,,,,,,,,,,,,,,,,,,,,,,,,,,,,,,,,
193,2026-03-18,15:52:09.84,4,1,"Hubbell, Ethan",1000325969,Right,OLD_MON,"Journette, Justin",10074731,Right,NOR_SPA,Undefined,6,Top,0,0,0,Fastball,Changeup,BallCalled,Undefined,Undefined,Undefined,0,0,,81.91552,-3.405218,-3.714963,2077.709393,238.598356,2:00,5.85114,1.43856,6.66383,-28.53773,12.63568,18.24068,0.3466,-0.44576,74.3658,-8.796933,-0.395772,0.461828,,,,,,,,,,,,-10.94882,8.18693,-1.19593,50,5.61009,7.08927,-118.6352,-7.81283,-15.36511,25.93715,-20.68486,OLD_MON,NOR_SPA,BudMethenyBBStad,D1,SBELT,20260318-BudMethenyBBStad-1,f39d1c70-2303-11f1-b0e4-ebb737895390,81.61583,,,7.54972,,,,,,,73be595d-676a-42c7-8f16-f99e9a025756,2026-03-18,19:52:09.84,2026-03-18T15:52:09.8400000-04:00,2026-03-18T19:52:09.8400000Z,,v3,3090,3904,107c2ea495266297e2d9,"Holman, Evan",1000137670,Right,OLD_MON,e0272ab2-d8a9-4d48-80f7-ad507c819684,53.84213,-119.47225,12.96858,5.85145,-7.14528,-10.34243,-1.43271,7.58513,-7.68256,,,,,,,,,,,,,,,,,,,,,,,,,,,,,,,,,,,,,,,,,,,,,,,,,,,High,High,High,,,,,,,,,,,,,,,,,,,,,,,,,,,,,,,,,,,,,,,
194,2026-03-18,15:52:29.31,4,2,"Hubbell, Ethan",1000325969,Right,OLD_MON,"Journette, Justin",10074731,Right,NOR_SPA,Undefined,6,Top,0,1,0,Fastball,Changeup,StrikeSwinging,Undefined,Undefined,Undefined,0,0,,82.84828,-2.205055,-3.076003,2143.322261,239.145816,2:00,5.75253,1.39282,6.61543,-28.33171,11.7328,17.29469,1.36791,0.01385,75.33883,-7.561053,0.069557,0.455566,,,,,,,,,,,,-10.11977,7.26552,-1.19022,50,5.59052,5.85503,-120.19621,-5.39178,-14.63652,25.76403,-21.66575,OLD_MON,NOR_SPA,BudMethenyBBStad,D1,SBELT,20260318-BudMethenyBBStad-1,ff33b990-2303-11f1-b0e4-ebb737895390,82.7376,,,7.50945,,,,,,,73be595d-676a-42c7-8f16-f99e9a025756,2026-03-18,19:52:29.31,2026-03-18T15:52:29.3150000-04:00,2026-03-18T19:52:29.3150000Z,,v3,3090,3904,107c2ea495266297e2d9,"Holman, Evan",1000137670,Right,OLD_MON,22a321be-d7df-4dfe-9762-bff52d3f0658,53.88988,-121.02713,12.88202,5.75314,-4.69303,-10.83288,-1.38666,6.32708,-7.31826,,,,,,,,,,,,,,,,,,,,,,,,,,,,,,,,,,,,,,,,,,,,,,,,,,,High,High,High,,,,,,,,,,,,,,,,,,,,,,,,,,,,,,,,,,,,,,,
195,2026-03-18,15:52:46.94,4,3,"Hubbell, Ethan",1000325969,Right,OLD_MON,"Journette, Justin",10074731,Right,NOR_SPA,Undefined,6,Top,0,1,1,Slider,Curveball,StrikeSwinging,Undefined,Undefined,Undefined,0,0,,71.5387,1.050863,-2.044016,2070.736353,111.468219,9:45,5.40576,2.04012,6.00693,-49.15948,5.64622,-9.73489,2.28357,-0.66586,65.40343,-8.050727,-3.793409,0.532824,,,,,,,,,,,,4.38457,3.12815,-1.87402,50,5.46169,4.03089,-103.81098,0.55068,4.74206,18.82327,-28.79084,OLD_MON,NOR_SPA,BudMethenyBBStad,D1,SBELT,20260318-BudMethenyBBStad-1,09c6f070-2304-11f1-b0e4-ebb737895390,70.74082,,,6.13527,,,,,,,73be595d-676a-42c7-8f16-f99e9a025756,2026-03-18,19:52:46.94,2026-03-18T15:52:46.9480000-04:00,2026-03-18T19:52:46.9480000Z,,v3,3090,3904,107c2ea495266297e2d9,"Holman, Evan",1000137670,Right,OLD_MON,a06cb178-c10f-44a1-a384-409b4bbf2850,54.49683,-104.62318,9.41164,5.41113,1.79296,-14.39542,-2.04354,3.82628,2.37103,,,,,,,,,,,,,,,,,,,,,,,,,,,,,,,,,,,,,,,,,,,,,,,,,,,High,High,High,,,,,,,,,,,,,,,,,,,,,,,,,,,,,,,,,,,,,,,
196,2026-03-18,15:53:07.01,4,4,"Hubbell, Ethan",1000325969,Right,OLD_MON,"Journette, Justin",10074731,Right,NOR_SPA,Undefined,6,Top,0,1,2,Slider,Curveball,BallCalled,Undefined,Undefined,Undefined,0,0,,73.40406,-0.194622,-3.106177,2010.644582,111.715678,9:45,5.36178,1.82911,5.91413,-46.92703,6.00087,-10.18729,1.27028,-1.9058,66.52839,-8.872142,-4.931553,0.523617,,,,,,,,,,,,4.16981,3.6989,-1.57374,50,5.31971,6.12389,-106.30419,-1.69895,4.67039,21.8246,-28.03111,OLD_MON,NOR_SPA,BudMethenyBBStad,D1,SBELT,20260318-BudMethenyBBStad-1,15b94220-2304-11f1-b0e4-ebb737895390,71.98475,,,6.87567,,,,,,,73be595d-676a-42c7-8f16-f99e9a025756,2026-03-18,19:53:07.01,2026-03-18T15:53:07.0160000-04:00,2026-03-18T19:53:07.0160000Z,,v3,3090,3904,107c2ea495266297e2d9,"Holman, Evan",1000137670,Right,OLD_MON,8197bc24-8bb4-49bd-92d0-7e35aa8fc96f,54.5883,-107.24204,10.9123,5.36684,-0.49439,-14.01555,-1.83259,5.92319,2.33519,,,,,,,,,,,,,,,,,,,,,,,,,,,,,,,,,,,,,,,,,,,,,,,,,,,High,High,High,,,,,,,,,,,,,,,,,,,,,,,,,,,,,,,,,,,,,,,
197,2026-03-18,15:53:28.02,4,5,"Hubbell, Ethan",1000325969,Right,OLD_MON,"Journette, Justin",10074731,Right,NOR_SPA,Undefined,6,Top,0,2,2,Slider,Curveball,StrikeSwinging,Strikeout,Undefined,Undefined,0,0,,73.90517,0.562137,-3.081755,2044.493615,116.266047,10:00,5.357,1.91485,6.06221,-45.51105,6.00201,-8.58083,2.08551,-1.65548,67.31212,-7.878612,-4.622717,0.516571,,,,,,,,,,,,3.44689,3.43961,-1.67073,50,5.37662,6.06333,-107.13615,-0.22442,3.95419,20.75454,-28.22821,OLD_MON,NOR_SPA,BudMethenyBBStad,D1,SBELT,20260318-BudMethenyBBStad-1,22447870-2304-11f1-b0e4-ebb737895390,72.96659,,,6.59305,,,,,,,73be595d-676a-42c7-8f16-f99e9a025756,2026-03-18,19:53:28.02,2026-03-18T15:53:28.0290000-04:00,2026-03-18T19:53:28.0290000Z,,v3,3090,3904,107c2ea495266297e2d9,"Holman, Evan",1000137670,Right,OLD_MON,793cd761-2a7b-43f1-8233-eef2da69186c,54.44093,-107.99303,10.37727,5.36183,0.94101,-14.1141,-1.9177,5.90008,1.9771,,,,,,,,,,,,,,,,,,,,,,,,,,,,,,,,,,,,,,,,,,,,,,,,,,,High,High,High,,,,,,,,,,,,,,,,,,,,,,,,,,,,,,,,,,,,,,,
198,2026-03-18,15:53:55.25,5,1,"Hubbell, Ethan",1000325969,Right,OLD_MON,"Mazell, Cameron",10030987,Left,NOR_SPA,Undefined,6,Top,1,0,0,Sinker,Slider,InPlay,Undefined,GroundBall,Single,0,2,,79.51093,-0.378249,-2.45849,2258.135312,201.072957,12:45,5.74034,1.88475,5.92778,-37.30234,7.25359,2.20882,2.28049,-0.21396,72.38751,-7.300725,-2.062013,0.480423,95.80019,14.70722,25.456241,1664.108439,95.61114,18.83249,54.39146,218.28519,218.28519,33.864144,2.117024,-1.89236,4.26516,-1.68918,50,5.68892,4.86979,-115.33583,-1.89952,-2.52365,23.44459,-26.48605,OLD_MON,NOR_SPA,BudMethenyBBStad,D1,SBELT,20260318-BudMethenyBBStad-1,32744cc0-2304-11f1-b0e4-ebb737895390,78.45671,18.92543,,7.12342,,,,1.48654,2.05178,0.57228,73be595d-676a-42c7-8f16-f99e9a025756,2026-03-18,19:53:55.25,2026-03-18T15:53:55.2530000-04:00,2026-03-18T19:53:55.2530000Z,LineDrive,v3,3090,3904,107c2ea495266297e2d9,"Holman, Evan",1000137670,Right,OLD_MON,770de253-807a-4a83-82c2-0430fbd19901,54.57609,-116.2623,11.72229,5.7433,-0.85286,-13.24302,-1.88359,4.96952,-1.26183,,1.48654,122.70878,-25.28963,5.21277,-1.1116,0.20099,-0.03419,0.00449,-0.0003,2.05178,35.67181,-20.60343,2.12,-0.37562,0.06797,-0.00991,0.00129,-0.00011,0.57228,58.4142,2.54011,-2.72927,0.97871,-0.27473,0.06013,-0.00922,0.00068,,,,,,,,,,,,,,,,,,,,,,,High,High,High,High,High,,,,,,,,,,,,,,,,,,,,,,,,,,,,,,,,,,,,,
199,2026-03-18,15:54:48.95,6,1,"Hubbell, Ethan",1000325969,Right,OLD_MON,"Jefferson, Emmett",1000258532,Right,NOR_SPA,Undefined,6,Top,1,0,0,Slider,Slider,StrikeCalled,Undefined,Undefined,Undefined,0,0,,74.06771,1.175273,-2.858127,2046.722329,98.031268,9:15,5.26562,1.91254,5.82171,-49.10203,2.33654,-4.68453,2.26808,-1.13755,67.77072,-7.86312,-3.696242,0.516197,,,,,,,,,,,,1.54291,1.35087,-1.67556,50,5.33296,5.52874,-107.40965,0.74346,1.79102,19.70929,-30.60596,OLD_MON,NOR_SPA,BudMethenyBBStad,D1,SBELT,20260318-BudMethenyBBStad-1,527ab1d0-2304-11f1-b0e4-ebb737895390,73.01943,,,6.29699,,,,,,,73be595d-676a-42c7-8f16-f99e9a025756,2026-03-18,19:54:48.95,2026-03-18T15:54:48.9570000-04:00,2026-03-18T19:54:48.9570000Z,,v3,3090,3904,107c2ea495266297e2d9,"Holman, Evan",1000137670,Right,OLD_MON,065d958e-5b02-4938-b9ce-21b2cc02fcd1,54.68252,-108.26546,9.85465,5.27182,2.07243,-15.30298,-1.91394,5.45097,0.89551,,,,,,,,,,,,,,,,,,,,,,,,,,,,,,,,,,,,,,,,,,,,,,,,,,,High,High,High,,,,,,,,,,,,,,,,,,,,,,,,,,,,,,,,,,,,,,,
200,2026-03-18,15:55:07.59,6,2,"Hubbell, Ethan",1000325969,Right,OLD_MON,"Jefferson, Emmett",1000258532,Right,NOR_SPA,Undefined,6,Top,1,0,1,Slider,Curveball,FoulBallNotFieldable,Undefined,Undefined,Undefined,0,0,,72.73419,1.446744,-2.129223,2073.852447,133.39829,10:30,5.21218,1.92917,6.06266,-44.59644,8.10142,-6.78827,2.83613,-0.60824,66.57407,-6.839802,-3.349569,0.522478,58.09166,53.433559,136.027687,4561.890878,,,,,21.96305,,,2.90736,4.21418,-1.75999,50,5.30061,4.14894,-105.58481,1.4539,3.26651,18.77115,-27.43929,OLD_MON,NOR_SPA,BudMethenyBBStad,D1,SBELT,20260318-BudMethenyBBStad-1,5d94f300-2304-11f1-b0e4-ebb737895390,72.1417,28.16328,,6.16012,,,,1.43184,2.8029,0.89339,73be595d-676a-42c7-8f16-f99e9a025756,2026-03-18,19:55:07.59,2026-03-18T15:55:07.5930000-04:00,2026-03-18T19:55:07.5930000Z,,v3,3090,3904,107c2ea495266297e2d9,"Holman, Evan",1000137670,Right,OLD_MON,26d7e948-6e9e-4fa2-93fc-1758f88fc0b3,54.44242,-106.37167,9.38558,5.21556,2.60411,-13.71965,-1.93103,4.01202,1.63326,,1.43944,-36.75975,-0.6851,,,,,,,2.82193,67.8645,-26.55461,,,,,,,0.89967,35.05661,-5.45997,,,,,,,,,,,,,,,,,,,,,,,,,,,,,High,High,High,High,Undefined,,,,,,,,,,,,,,,,,,,,,,,,,,,,,,,,,,,,,
201,2026-03-18,15:55:26.62,6,3,"Hubbell, Ethan",1000325969,Right,OLD_MON,"Jefferson, Emmett",1000258532,Right,NOR_SPA,Undefined,6,Top,1,0,2,Slider,Curveball,BallCalled,Undefined,Undefined,Undefined,0,0,,71.98402,0.600795,0.765013,2063.934905,149.438454,11:00,4.98239,1.77907,6.11954,-45.0668,9.78571,-4.4954,1.7824,2.11183,64.50106,-7.859079,-0.04584,0.533052,,,,,,,,,,,,2.56874,5.49516,-1.83556,50,5.00574,-1.23607,-104.2964,-0.10908,2.75161,22.03651,-26.2877,OLD_MON,NOR_SPA,BudMethenyBBStad,D1,SBELT,20260318-BudMethenyBBStad-1,68f034d0-2304-11f1-b0e4-ebb737895390,70.71062,,,7.48296,,,,,,,73be595d-676a-42c7-8f16-f99e9a025756,2026-03-18,19:55:26.62,2026-03-18T15:55:26.6290000-04:00,2026-03-18T19:55:26.6290000Z,,v3,3090,3904,107c2ea495266297e2d9,"Holman, Evan",1000137670,Right,OLD_MON,f071b9f1-78d1-4b11-b149-5f8958f79d38,54.37866,-105.21749,11.01825,4.98733,0.98969,-13.14385,-1.78149,-1.35108,1.37581,,,,,,,,,,,,,,,,,,,,,,,,,,,,,,,,,,,,,,,,,,,,,,,,,,,High,High,High,,,,,,,,,,,,,,,,,,,,,,,,,,,,,,,,,,,,,,,
202,2026-03-18,15:55:47.35,6,4,"Hubbell, Ethan",1000325969,Right,OLD_MON,"Jefferson, Emmett",1000258532,Right,NOR_SPA,Undefined,6,Top,1,1,2,Slider,Slider,FoulBallNotFieldable,Undefined,Undefined,Undefined,0,0,,74.65987,-0.027897,-3.573909,2057.028326,155.025233,11:15,5.34271,1.78193,5.79017,-45.53558,6.47693,-2.03382,1.52207,-1.71689,66.77064,-8.481116,-3.937335,0.519069,51.20392,7.147156,128.504866,1941.165651,,,,52.46825,25.08335,126.052807,0.714008,-0.29634,3.92114,-1.48576,50,5.31368,6.81406,-107.89937,-1.39476,-0.3383,24.30065,-27.69751,OLD_MON,NOR_SPA,BudMethenyBBStad,D1,SBELT,20260318-BudMethenyBBStad-1,754b8180-2304-11f1-b0e4-ebb737895390,72.61543,2.76725,,7.88923,,,,1.57404,1.40196,1.92222,73be595d-676a-42c7-8f16-f99e9a025756,2026-03-18,19:55:47.35,2026-03-18T15:55:47.3530000-04:00,2026-03-18T19:55:47.3530000Z,GroundBall,v3,3090,3904,107c2ea495266297e2d9,"Holman, Evan",1000137670,Right,OLD_MON,820cbf10-96e4-43ba-866e-67f1cd503b0a,54.70936,-108.95483,12.15033,5.34814,-0.19177,-13.84875,-1.78204,6.82876,-0.16915,,1.57282,-46.36847,1.28782,,,,,,,1.4077,9.23753,-15.70999,,,,,,,1.92455,58.26761,-2.1791,,,,,,,,,,,,,,,,,,,,,,,,,,,,,High,High,High,High,Medium,,,,,,,,,,,,,,,,,,,,,,,,,,,,,,,,,,,,,
203,2026-03-18,15:56:08.80,6,5,"Hubbell, Ethan",1000325969,Right,OLD_MON,"Jefferson, Emmett",1000258532,Right,NOR_SPA,Undefined,6,Top,1,1,2,Sinker,Changeup,FoulBallNotFieldable,Undefined,Undefined,Undefined,0,0,,81.76628,0.440034,-1.907129,2208.596169,254.169406,2:30,5.6791,1.37271,6.34909,-34.93022,6.61272,18.19631,3.17358,1.13271,74.034,-6.120197,1.38735,0.463895,,,,,,,,,,,,-10.07697,3.72756,-1.24221,50,5.69487,3.28281,-118.72516,-0.10726,-14.18536,25.64846,-26.92673,OLD_MON,NOR_SPA,BudMethenyBBStad,D1,SBELT,20260318-BudMethenyBBStad-1,820eded0-2304-11f1-b0e4-ebb737895390,81.25203,,,7.73228,,,,,,,73be595d-676a-42c7-8f16-f99e9a025756,2026-03-18,19:56:08.80,2026-03-18T15:56:08.8000000-04:00,2026-03-18T19:56:08.8000000Z,,v3,3090,3904,107c2ea495266297e2d9,"Holman, Evan",1000137670,Right,OLD_MON,151cf245-a5b9-4b67-aeb0-a01264d3fc2e,54.15521,-119.61945,12.82423,5.68224,0.8316,-13.46337,-1.36529,3.77742,-7.09268,,,,,,,,,,,,,,,,,,,,,,,,,,,,,,,,,,,,,,,,,,,,,,,,,,,High,High,High,,,,,,,,,,,,,,,,,,,,,,,,,,,,,,,,,,,,,,,
204,2026-03-18,15:56:41.06,6,6,"Hubbell, Ethan",1000325969,Right,OLD_MON,"Jefferson, Emmett",1000258532,Right,NOR_SPA,Undefined,6,Top,1,1,2,Slider,Slider,BallCalled,Undefined,Undefined,Undefined,0,0,,73.94346,0.145402,-3.687226,2179.662912,109.836895,9:45,5.26097,1.91889,5.82371,-48.55207,2.86004,-3.49977,1.35044,-1.80578,68.15888,-8.752056,-4.31288,0.516065,,,,,,,,,,,,0.7535,1.8974,-1.61462,50,5.24407,7.032,-107.22257,-1.16672,0.87621,18.73527,-29.9677,OLD_MON,NOR_SPA,BudMethenyBBStad,D1,SBELT,20260318-BudMethenyBBStad-1,95508700-2304-11f1-b0e4-ebb737895390,73.0382,,,5.78457,,,,,,,73be595d-676a-42c7-8f16-f99e9a025756,2026-03-18,19:56:41.06,2026-03-18T15:56:41.0650000-04:00,2026-03-18T19:56:41.0650000Z,,v3,3090,3904,107c2ea495266297e2d9,"Holman, Evan",1000137670,Right,OLD_MON,08318bdb-4d79-464c-8d8a-6b36bee5fd05,54.68138,-108.03746,9.36763,5.26647,0.13673,-14.98385,-1.91965,6.99389,0.4381,,,,,,,,,,,,,,,,,,,,,,,,,,,,,,,,,,,,,,,,,,,,,,,,,,,High,High,High,,,,,,,,,,,,,,,,,,,,,,,,,,,,,,,,,,,,,,,
205,2026-03-18,15:57:00.29,6,7,"Hubbell, Ethan",1000325969,Right,OLD_MON,"Jefferson, Emmett",1000258532,Right,NOR_SPA,Undefined,6,Top,1,2,2,Sinker,Changeup,BallCalled,Undefined,Undefined,Undefined,0,0,,82.22501,-2.075984,-6.414912,2172.053648,249.128098,2:15,5.66166,1.48798,6.53212,-32.11758,8.58245,19.07631,1.06783,-2.83215,75.48717,-8.074582,-2.97618,0.459165,,,,,,,,,,,,-11.6741,5.48878,-1.0476,50,5.50279,12.66848,-118.82608,-5.24058,-16.73094,22.26076,-24.30768,OLD_MON,NOR_SPA,BudMethenyBBStad,D1,SBELT,20260318-BudMethenyBBStad-1,a0b90f40-2304-11f1-b0e4-ebb737895390,82.08913,,,6.73784,,,,,,,73be595d-676a-42c7-8f16-f99e9a025756,2026-03-18,19:57:00.29,2026-03-18T15:57:00.2970000-04:00,2026-03-18T19:57:00.2970000Z,,v3,3090,3904,107c2ea495266297e2d9,"Holman, Evan",1000137670,Right,OLD_MON,5c425d4e-f9e2-4d17-9e64-4a01023a839e,53.97315,-119.56809,11.13038,5.66397,-4.43034,-12.15384,-1.47917,13.22617,-8.36547,,,,,,,,,,,,,,,,,,,,,,,,,,,,,,,,,,,,,,,,,,,,,,,,,,,High,High,High,,,,,,,,,,,,,,,,,,,,,,,,,,,,,,,,,,,,,,,
206,2026-03-18,15:57:42.76,6,8,"Hubbell, Ethan",1000325969,Right,OLD_MON,"Jefferson, Emmett",1000258532,Right,NOR_SPA,Undefined,6,Top,1,3,2,Slider,Slider,BallCalled,Walk,Undefined,Undefined,0,0,,73.75062,0.33334,-3.952139,2161.780916,103.64832,9:30,5.37445,1.93801,5.92058,-49.40219,2.60772,-3.46784,1.56771,-2.02471,67.36013,-8.76194,-4.572757,0.519056,,,,,,,,,,,,0.54988,1.75756,-1.6188,50,5.37331,7.50076,-106.81905,-0.81514,0.6283,20.30729,-30.16587,OLD_MON,NOR_SPA,BudMethenyBBStad,D1,SBELT,20260318-BudMethenyBBStad-1,ba14c240-2304-11f1-b0e4-ebb737895390,72.61724,,,6.39049,,,,,,,73be595d-676a-42c7-8f16-f99e9a025756,2026-03-18,19:57:42.76,2026-03-18T15:57:42.7620000-04:00,2026-03-18T19:57:42.7620000Z,,v3,3090,3904,107c2ea495266297e2d9,"Holman, Evan",1000137670,Right,OLD_MON,ebf6bdb0-d64d-4fe5-9ec0-3b22c353fb72,54.58319,-107.68683,10.15365,5.3806,0.47393,-15.08293,-1.93875,7.47391,0.31415,,,,,,,,,,,,,,,,,,,,,,,,,,,,,,,,,,,,,,,,,,,,,,,,,,,High,High,High,,,,,,,,,,,,,,,,,,,,,,,,,,,,,,,,,,,,,,,
207,2026-03-18,15:59:42.79,7,1,"Hubbell, Ethan",1000325969,Right,OLD_MON,"Daulton, Brayden",10915191,Right,NOR_SPA,Undefined,6,Top,1,0,0,Sinker,Changeup,FoulBallNotFieldable,Undefined,Undefined,Undefined,0,0,,82.84413,-0.905057,-2.401511,2192.256833,248.826507,2:15,5.58899,1.62802,6.49227,-32.82986,7.24008,15.21312,2.02143,0.68965,75.50763,-7.067147,0.360819,0.455597,,,,,,,,,,,,-8.72957,4.4528,-1.46581,50,5.51105,4.50209,-120.33036,-2.84115,-12.69019,25.20584,-25.70102,OLD_MON,NOR_SPA,BudMethenyBBStad,D1,SBELT,20260318-BudMethenyBBStad-1,0196ba60-2305-11f1-b0e4-ebb737895390,82.73201,,,7.3365,,,,,,,73be595d-676a-42c7-8f16-f99e9a025756,2026-03-18,19:59:42.79,2026-03-18T15:59:42.7900000-04:00,2026-03-18T19:59:42.7900000Z,,v3,3090,3904,107c2ea495266297e2d9,"Holman, Evan",1000137670,Right,OLD_MON,97b86162-bd0f-4d48-9344-715992ae46ca,54.01302,-121.16806,12.60292,5.59128,-1.987,-12.85051,-1.62244,4.92384,-6.3451,,,,,,,,,,,,,,,,,,,,,,,,,,,,,,,,,,,,,,,,,,,,,,,,,,,High,High,High,,,,,,,,,,,,,,,,,,,,,,,,,,,,,,,,,,,,,,,
208,2026-03-18,15:59:59.81,7,2,"Hubbell, Ethan",1000325969,Right,OLD_MON,"Daulton, Brayden",10915191,Right,NOR_SPA,Undefined,6,Top,1,0,1,Slider,Curveball,BallCalled,Undefined,Undefined,Undefined,0,0,,74.58802,1.085234,-3.133235,2158.174308,121.876244,10:00,5.167,1.80365,5.7573,-45.39813,6.82874,-7.57138,2.39573,-1.74705,66.49148,-7.364252,-4.484627,0.520138,,,,,,,,,,,,2.62768,3.73945,-1.53893,50,5.23058,6.1876,-107.77286,0.6943,2.99108,24.34072,-27.91744,OLD_MON,NOR_SPA,BudMethenyBBStad,D1,SBELT,20260318-BudMethenyBBStad-1,0bc032f0-2305-11f1-b0e4-ebb737895390,72.46626,,,8.09654,,,,,,,73be595d-676a-42c7-8f16-f99e9a025756,2026-03-18,19:59:59.81,2026-03-18T15:59:59.8100000-04:00,2026-03-18T19:59:59.8100000Z,,v3,3090,3904,107c2ea495266297e2d9,"Holman, Evan",1000137670,Right,OLD_MON,1f84e04c-8645-4048-b8e6-3661d8909788,54.7398,-108.83809,12.17036,5.17346,1.91605,-13.95872,-1.80685,6.0567,1.49554,,,,,,,,,,,,,,,,,,,,,,,,,,,,,,,,,,,,,,,,,,,,,,,,,,,High,High,High,,,,,,,,,,,,,,,,,,,,,,,,,,,,,,,,,,,,,,,
209,2026-03-18,16:00:16.10,7,3,"Hubbell, Ethan",1000325969,Right,OLD_MON,"Daulton, Brayden",10915191,Right,NOR_SPA,Undefined,6,Top,1,1,1,Sinker,Changeup,BallCalled,Undefined,Undefined,Undefined,0,0,,82.66999,-3.199299,-3.973828,2153.775437,259.559105,2:45,5.40084,1.51317,6.62889,-35.89581,4.68803,17.3828,-0.53026,-0.68303,75.08463,-9.902817,-0.810192,0.458509,,,,,,,,,,,,-10.64091,3.87366,-1.25059,50,5.16841,7.73002,-119.70823,-7.70697,-15.15781,27.05692,-26.65609,OLD_MON,NOR_SPA,BudMethenyBBStad,D1,SBELT,20260318-BudMethenyBBStad-1,15658760-2305-11f1-b0e4-ebb737895390,82.20654,,,7.58536,,,,,,,73be595d-676a-42c7-8f16-f99e9a025756,2026-03-18,20:00:16.10,2026-03-18T16:00:16.1040000-04:00,2026-03-18T20:00:16.1040000Z,,v3,3090,3904,107c2ea495266297e2d9,"Holman, Evan",1000137670,Right,OLD_MON,ed7e91e5-c0f0-44fb-b757-3a9c557124e1,53.87788,-120.58153,13.52846,5.40328,-6.8466,-13.32804,-1.50799,8.21927,-7.5789,,,,,,,,,,,,,,,,,,,,,,,,,,,,,,,,,,,,,,,,,,,,,,,,,,,High,High,High,,,,,,,,,,,,,,,,,,,,,,,,,,,,,,,,,,,,,,,
210,2026-03-18,16:00:36.38,7,4,"Hubbell, Ethan",1000325969,Right,OLD_MON,"Daulton, Brayden",10915191,Right,NOR_SPA,Undefined,6,Top,1,2,1,Slider,Curveball,StrikeCalled,Undefined,Undefined,Undefined,0,0,,70.88152,2.444556,-1.362307,1999.615934,107.779567,9:30,5.1807,2.01543,6.15581,-50.25471,6.25626,-12.7589,3.25353,-0.30679,63.53258,-6.970567,-3.660206,0.541051,,,,,,,,,,,,6.01386,3.06658,-1.90593,50,5.342,2.88015,-102.63459,3.04089,6.24792,21.10354,-28.9881,OLD_MON,NOR_SPA,BudMethenyBBStad,D1,SBELT,20260318-BudMethenyBBStad-1,21930d50-2305-11f1-b0e4-ebb737895390,69.66527,,,7.34894,,,,,,,73be595d-676a-42c7-8f16-f99e9a025756,2026-03-18,20:00:36.38,2026-03-18T16:00:36.3890000-04:00,2026-03-18T20:00:36.3890000Z,,v3,3090,3904,107c2ea495266297e2d9,"Holman, Evan",1000137670,Right,OLD_MON,d1f3454c-6f81-4c68-bbe5-a54b17f1c4d1,54.34331,-103.5238,10.55177,5.18814,4.26232,-14.49405,-2.02174,2.61689,3.12396,,,,,,,,,,,,,,,,,,,,,,,,,,,,,,,,,,,,,,,,,,,,,,,,,,,High,High,High,,,,,,,,,,,,,,,,,,,,,,,,,,,,,,,,,,,,,,,
211,2026-03-18,16:00:52.94,7,5,"Hubbell, Ethan",1000325969,Right,OLD_MON,"Daulton, Brayden",10915191,Right,NOR_SPA,Undefined,6,Top,1,2,2,Slider,Slider,BallCalled,Undefined,Undefined,Undefined,0,0,,74.37127,1.128454,-3.258132,2107.65655,123.289734,10:00,5.09165,1.85414,5.68143,-46.88904,4.72957,-4.49981,2.23808,-1.56154,67.62904,-7.509976,-4.06023,0.5171,,,,,,,,,,,,1.25646,2.60693,-1.5763,50,5.15789,6.29707,-107.70007,0.70187,1.45879,20.71587,-29.14734,OLD_MON,NOR_SPA,BudMethenyBBStad,D1,SBELT,20260318-BudMethenyBBStad-1,2b6da290-2305-11f1-b0e4-ebb737895390,72.89195,,,6.74223,,,,,,,73be595d-676a-42c7-8f16-f99e9a025756,2026-03-18,20:00:52.94,2026-03-18T16:00:52.9490000-04:00,2026-03-18T20:00:52.9490000Z,,v3,3090,3904,107c2ea495266297e2d9,"Holman, Evan",1000137670,Right,OLD_MON,33fdb07c-c8dd-48e9-948b-7be07d1d4358,54.82066,-108.62336,10.35793,5.09765,2.00094,-14.57367,-1.85551,6.23205,0.7294,,,,,,,,,,,,,,,,,,,,,,,,,,,,,,,,,,,,,,,,,,,,,,,,,,,High,High,High,,,,,,,,,,,,,,,,,,,,,,,,,,,,,,,,,,,,,,,
212,2026-03-18,16:01:12.34,7,6,"Hubbell, Ethan",1000325969,Right,OLD_MON,"Daulton, Brayden",10915191,Right,NOR_SPA,Undefined,6,Top,1,3,2,Slider,Curveball,StrikeSwinging,Strikeout,Undefined,Undefined,0,0,,74.81214,0.6069,-2.510653,2111.878241,161.852839,11:30,5.26966,1.9659,5.70313,-43.64207,8.31111,-2.02512,2.19894,-0.54398,66.64987,-7.525759,-2.872393,0.518773,,,,,,,,,,,,0.07898,4.64607,-1.7538,50,5.2944,4.81964,-108.15068,-0.1542,0.09053,24.48708,-26.84751,OLD_MON,NOR_SPA,BudMethenyBBStad,D1,SBELT,20260318-BudMethenyBBStad-1,36fcc5a0-2305-11f1-b0e4-ebb737895390,72.65688,,,8.16227,,,,,,,73be595d-676a-42c7-8f16-f99e9a025756,2026-03-18,20:01:12.34,2026-03-18T16:01:12.3480000-04:00,2026-03-18T20:01:12.3480000Z,,v3,3090,3904,107c2ea495266297e2d9,"Holman, Evan",1000137670,Right,OLD_MON,c8827157-a51f-4a8a-827a-17147bd920e3,54.79384,-109.2307,12.24354,5.27509,1.02991,-13.42375,-1.96628,4.81565,0.04527,,,,,,,,,,,,,,,,,,,,,,,,,,,,,,,,,,,,,,,,,,,,,,,,,,,High,High,High,,,,,,,,,,,,,,,,,,,,,,,,,,,,,,,,,,,,,,,
213,2026-03-18,16:01:49.05,8,1,"Hubbell, Ethan",1000325969,Right,OLD_MON,"Mompoint, Mason",10175059,Right,NOR_SPA,Undefined,6,Top,2,0,0,Slider,Curveball,FoulBallNotFieldable,Undefined,Undefined,Undefined,0,0,,74.23401,0.667797,-2.564204,2047.312202,166.33294,11:30,5.34665,1.83986,5.68326,-45.11995,7.91843,-1.3789,2.20985,-0.66706,65.88085,-7.743679,-2.810424,0.524163,,,,,,,,,,,,-0.3,4.37618,-1.6227,50,5.37537,4.85592,-107.28773,-0.07709,-0.33659,25.03294,-27.2644,OLD_MON,NOR_SPA,BudMethenyBBStad,D1,SBELT,20260318-BudMethenyBBStad-1,4ce21690-2305-11f1-b0e4-ebb737895390,71.90975,,,8.35316,,,,,,,73be595d-676a-42c7-8f16-f99e9a025756,2026-03-18,20:01:49.05,2026-03-18T16:01:49.0520000-04:00,2026-03-18T20:01:49.0520000Z,,v3,3090,3904,107c2ea495266297e2d9,"Holman, Evan",1000137670,Right,OLD_MON,e578e289-b293-499c-9b9f-f3414ac6da52,54.81564,-108.40552,12.51647,5.35163,1.14033,-13.6322,-1.83987,4.87095,-0.16829,,,,,,,,,,,,,,,,,,,,,,,,,,,,,,,,,,,,,,,,,,,,,,,,,,,High,High,High,,,,,,,,,,,,,,,,,,,,,,,,,,,,,,,,,,,,,,,
214,2026-03-18,16:02:06.82,8,2,"Hubbell, Ethan",1000325969,Right,OLD_MON,"Mompoint, Mason",10175059,Right,NOR_SPA,Undefined,6,Top,2,0,1,Slider,Slider,StrikeSwinging,Undefined,Undefined,Undefined,0,0,,73.79503,0.819525,-2.9245,2063.548807,100.087629,9:15,5.24998,1.89014,5.74902,-50.66286,2.79185,-3.23941,1.79217,-1.10511,65.76497,-8.572559,-3.503503,0.526216,,,,,,,,,,,,0.52079,1.74059,-1.6448,50,5.28794,5.5685,-106.67342,0.01712,0.57877,24.41774,-30.23968,OLD_MON,NOR_SPA,BudMethenyBBStad,D1,SBELT,20260318-BudMethenyBBStad-1,577bb610-2305-11f1-b0e4-ebb737895390,71.62917,,,8.03007,,,,,,,73be595d-676a-42c7-8f16-f99e9a025756,2026-03-18,20:02:06.82,2026-03-18T16:02:06.8230000-04:00,2026-03-18T20:02:06.8230000Z,,v3,3090,3904,107c2ea495266297e2d9,"Holman, Evan",1000137670,Right,OLD_MON,694a4578-497c-4b10-a947-3e01ea87a862,54.75076,-107.75539,12.20887,5.25749,1.35706,-15.11984,-1.89098,5.54285,0.28938,,,,,,,,,,,,,,,,,,,,,,,,,,,,,,,,,,,,,,,,,,,,,,,,,,,High,High,High,,,,,,,,,,,,,,,,,,,,,,,,,,,,,,,,,,,,,,,
215,2026-03-18,16:02:24.50,8,3,"Hubbell, Ethan",1000325969,Right,OLD_MON,"Mompoint, Mason",10175059,Right,NOR_SPA,Undefined,6,Top,2,0,2,Slider,Curveball,InPlay,Undefined,LineDrive,Out,1,0,,73.86942,0.286627,-2.248273,2125.921353,113.126313,9:45,5.282,1.73152,5.95457,-47.21211,5.35626,-7.66367,1.61371,-0.99344,66.24804,-8.497219,-3.624526,0.521835,79.71995,22.214157,-24.227744,1700.099839,97.66934,28.86497,-50.60272,222.92815,221.90626,-31.901219,2.796988,3.10917,3.21988,-1.54827,50,5.27882,4.46963,-106.9606,-0.81007,3.49269,23.65948,-28.557,OLD_MON,NOR_SPA,BudMethenyBBStad,D1,SBELT,20260318-BudMethenyBBStad-1,6200bc20-2305-11f1-b0e4-ebb737895390,72.2305,29.26817,,7.62138,,,,1.9284,1.71302,0.91826,73be595d-676a-42c7-8f16-f99e9a025756,2026-03-18,20:02:24.50,2026-03-18T16:02:24.5000000-04:00,2026-03-18T20:02:24.5000000Z,LineDrive,v3,3090,3904,107c2ea495266297e2d9,"Holman, Evan",1000137670,Right,OLD_MON,93868b67-490f-4973-afed-a8fab62415c5,54.54664,-107.96163,11.82974,5.28754,0.39817,-14.2785,-1.73425,4.32186,1.74634,111.092118,1.92849,98.70755,-15.92674,2.80997,-0.63976,0.17604,-0.07815,0.02185,-0.00226,1.71304,44.20321,-19.76145,1.86932,-0.19726,-0.06717,0.05873,-0.01696,0.00174,0.91826,-44.41982,-1.79889,1.72479,-0.53348,0.10523,-0.0065,-0.00089,0.00021,,,,,,,,,,,,,,,,,,,,,,,High,High,High,High,High,,,,,,,,,,,,,,,,,,,,,,,,,,,,,,,,,,,,,
216,2026-03-18,16:05:31.78,1,1,"Godfrey, James",10088849,Right,NOR_SPA,"Jay, Cash",1000482259,Right,OLD_MON,Undefined,6,Bottom,0,0,0,Fastball,Changeup,StrikeCalled,Undefined,Undefined,Undefined,0,0,,81.22898,-0.551547,-3.65671,2057.348304,219.537221,1:15,5.45296,1.52387,5.72174,-21.6856,22.2417,16.87717,3.13096,-0.48075,72.15604,-4.732212,-0.645622,0.477022,,,,,,,,,,,,-9.78965,11.94753,-1.22794,50,5.39381,6.80274,-117.37706,-1.69524,-13.28057,27.93073,-15.96611,OLD_MON,NOR_SPA,BudMethenyBBStad,D1,SBELT,20260318-BudMethenyBBStad-1,d19a8750-2305-11f1-b0e4-ebb737895390,79.01611,,,9.07293,,,,,,,73be595d-676a-42c7-8f16-f99e9a025756,2026-03-18,20:05:31.78,2026-03-18T16:05:31.7840000-04:00,2026-03-18T20:05:31.7840000Z,,v3,3090,3904,107c2ea495266297e2d9,"Daulton, Brayden",10915191,Right,NOR_SPA,38760949-514a-40c2-942d-0f8e8993b6df,54.7766,-118.50824,13.96536,5.44937,-1.04863,-7.98305,-1.51434,7.3406,-6.64029,,,,,,,,,,,,,,,,,,,,,,,,,,,,,,,,,,,,,,,,,,,,,,,,,,,High,High,High,,,,,,,,,,,,,,,,,,,,,,,,,,,,,,,,,,,,,,,
217,2026-03-18,16:05:58.81,1,2,"Godfrey, James",10088849,Right,NOR_SPA,"Jay, Cash",1000482259,Right,OLD_MON,Undefined,6,Bottom,0,0,1,Fastball,Changeup,FoulBallNotFieldable,Undefined,Undefined,Undefined,0,0,,81.7079,-0.796057,-2.718777,2112.95509,222.91375,1:30,5.44394,1.65321,5.91033,-21.65879,21.73856,18.46485,2.89921,0.66631,72.0655,-5.001992,0.592431,0.474136,91.22568,-9.703664,-59.518549,,,,,19.20485,16.70969,-54.75165,0.131278,-10.51867,11.94438,-1.44535,50,5.36813,4.87667,-118.14877,-2.19185,-14.30562,30.43456,-15.92941,OLD_MON,NOR_SPA,BudMethenyBBStad,D1,SBELT,20260318-BudMethenyBBStad-1,e1bb6780-2305-11f1-b0e4-ebb737895390,79.49711,2.96704,,9.6424,,,,2.28197,2.96704,-0.73064,73be595d-676a-42c7-8f16-f99e9a025756,2026-03-18,20:05:58.81,2026-03-18T16:05:58.8190000-04:00,2026-03-18T20:05:58.8190000Z,GroundBall,v3,3090,3904,107c2ea495266297e2d9,"Daulton, Brayden",10915191,Right,NOR_SPA,34f343ae-a3a2-4fa6-9649-44f94e915313,54.58957,-119.32516,15.21728,5.44095,-1.57613,-7.9647,-1.64454,5.42963,-7.15281,180,2.27888,67.0453,,,,,,,,2.96808,-22.60121,,,,,,,,-0.72538,-113.90464,,,,,,,,,,,,,,,,,,,,,,,,,,,,,,High,High,High,Low,Low,,,,,,,,,,,,,,,,,,,,,,,,,,,,,,,,,,,,,
218,2026-03-18,16:06:21.98,1,3,"Godfrey, James",10088849,Right,NOR_SPA,"Jay, Cash",1000482259,Right,OLD_MON,Undefined,6,Bottom,0,0,2,ChangeUp,Changeup,BallCalled,Undefined,Undefined,Undefined,0,0,,77.39133,-1.516121,-5.03879,1567.966611,250.004133,2:15,5.13231,1.59838,6.30698,-39.19215,7.53941,16.12631,0.46368,-1.7122,70.37032,-8.819951,-2.132353,0.492013,,,,,,,,,,,,-9.91229,4.91256,-1.23471,50,5.00215,9.29872,-111.94803,-4.0722,-12.4295,22.45115,-26.01395,OLD_MON,NOR_SPA,BudMethenyBBStad,D1,SBELT,20260318-BudMethenyBBStad-1,ef8dc3d0-2305-11f1-b0e4-ebb737895390,76.60861,,,7.02101,,,,,,,73be595d-676a-42c7-8f16-f99e9a025756,2026-03-18,20:06:21.98,2026-03-18T16:06:21.9820000-04:00,2026-03-18T20:06:21.9820000Z,,v3,3090,3904,107c2ea495266297e2d9,"Daulton, Brayden",10915191,Right,NOR_SPA,2a2f1ed6-c129-4bbb-9d61-04e91efe69e6,54.19621,-112.78644,11.22557,5.13608,-3.10074,-13.00698,-1.59063,9.76288,-6.21475,,,,,,,,,,,,,,,,,,,,,,,,,,,,,,,,,,,,,,,,,,,,,,,,,,,High,High,High,,,,,,,,,,,,,,,,,,,,,,,,,,,,,,,,,,,,,,,
219,2026-03-18,16:06:37.85,1,4,"Godfrey, James",10088849,Right,NOR_SPA,"Jay, Cash",1000482259,Right,OLD_MON,Undefined,6,Bottom,0,1,2,ChangeUp,Changeup,InPlay,Undefined,FlyBall,Out,1,0,,78.54956,0.466306,-3.394644,1615.318631,244.739926,2:15,4.9845,1.84864,6.33008,-36.38624,8.7115,15.11473,2.38252,-0.02172,71.16716,-6.368066,-0.664124,0.483336,100.14297,29.870416,-11.127686,3296.433639,108.18587,63.35308,-19.89347,342.68651,342.44555,-7.573468,5.565525,-8.96091,4.83024,-1.60758,50,5.00141,6.22819,-113.92008,-0.08113,-11.63066,23.33651,-25.90472,OLD_MON,NOR_SPA,BudMethenyBBStad,D1,SBELT,20260318-BudMethenyBBStad-1,f8ff8520-2305-11f1-b0e4-ebb737895390,77.984,96.93025,,7.3824,,,,2.01492,2.46136,0.01065,73be595d-676a-42c7-8f16-f99e9a025756,2026-03-18,20:06:37.85,2026-03-18T16:06:37.8510000-04:00,2026-03-18T20:06:37.8510000Z,FlyBall,v3,3090,3904,107c2ea495266297e2d9,"Daulton, Brayden",10915191,Right,NOR_SPA,0a0ebfd2-48c8-4a03-bbf5-81602250f2e6,54.17436,-114.772,11.66825,4.98711,0.86455,-12.95236,-1.8427,6.65278,-5.81533,182.950692,2.01616,124.94747,-29.25957,7.25245,-1.60246,0.31475,-0.04788,0.00456,-0.00019,2.46418,73.09212,-14.54962,-0.4452,0.57302,-0.2244,0.04764,-0.00517,0.00022,0.01058,-24.57998,6.71145,-1.50503,0.3273,-0.06762,0.01129,-0.00117,5E-05,,,,,,,,,,,,,,,,,,,,,,,High,High,High,High,Medium,,,,,,,,,,,,,,,,,,,,,,,,,,,,,,,,,,,,,
220,2026-03-18,16:07:12.45,2,1,"Godfrey, James",10088849,Right,NOR_SPA,"Holman, Evan",1000137670,Left,OLD_MON,Undefined,6,Bottom,1,0,0,Fastball,Changeup,BallCalled,Undefined,Undefined,Undefined,0,0,,82.86577,0.320433,-3.530777,2064.841661,223.134315,1:30,5.09603,1.52884,5.834,-24.32064,17.29056,14.73981,3.36775,-0.5292,74.2883,-4.302818,-0.89535,0.464276,,,,,,,,,,,,-8.60934,9.13969,-1.2486,50,5.10815,6.7904,-119.91595,-0.02419,-12.31191,27.05735,-19.10371,OLD_MON,NOR_SPA,BudMethenyBBStad,D1,SBELT,20260318-BudMethenyBBStad-1,0d9a2da0-2306-11f1-b0e4-ebb737895390,81.18536,,,8.57747,,,,,,,73be595d-676a-42c7-8f16-f99e9a025756,2026-03-18,20:07:12.45,2026-03-18T16:07:12.4590000-04:00,2026-03-18T20:07:12.4590000Z,,v3,3090,3904,107c2ea495266297e2d9,"Daulton, Brayden",10915191,Right,NOR_SPA,d5192c37-f229-46a9-964f-96edf6d2e854,54.66603,-120.96419,13.52867,5.09475,0.71592,-9.55186,-1.52091,7.26738,-6.15595,,,,,,,,,,,,,,,,,,,,,,,,,,,,,,,,,,,,,,,,,,,,,,,,,,,High,High,High,,,,,,,,,,,,,,,,,,,,,,,,,,,,,,,,,,,,,,,
221,2026-03-18,16:07:26.02,2,2,"Godfrey, James",10088849,Right,NOR_SPA,"Holman, Evan",1000137670,Left,OLD_MON,Undefined,6,Bottom,1,1,0,Fastball,Changeup,FoulBallNotFieldable,Undefined,Undefined,Undefined,0,0,,81.51464,-0.215198,-2.638045,2024.428256,228.647406,1:30,5.24007,1.64716,5.85284,-27.36076,15.61887,15.89143,2.75982,0.51826,73.10585,-5.391161,0.209139,0.471849,96.27089,7.761156,-51.888754,3762.519473,,,,119.13413,114.89449,-56.265579,0.989045,-9.08115,8.515,-1.44216,50,5.20686,4.82605,-118.09364,-1.24095,-12.54953,26.9814,-20.40689,OLD_MON,NOR_SPA,BudMethenyBBStad,D1,SBELT,20260318-BudMethenyBBStad-1,15b0f2d0-2306-11f1-b0e4-ebb737895390,79.88248,6.5628,,8.40879,,,,2.99108,2.80789,-0.52174,73be595d-676a-42c7-8f16-f99e9a025756,2026-03-18,20:07:26.02,2026-03-18T16:07:26.0210000-04:00,2026-03-18T20:07:26.0210000Z,LineDrive,v3,3090,3904,107c2ea495266297e2d9,"Daulton, Brayden",10915191,Right,NOR_SPA,ab763c8f-2538-4208-b8b8-4c442de4b919,54.65041,-119.1514,13.4907,5.23983,-0.44094,-10.20345,-1.641,5.31804,-6.27477,,2.99108,86.34718,-28.06581,6.71755,-1.62446,0.35459,-0.07417,0.01388,-0.00151,2.80789,19.0678,-25.94415,4.76551,-1.18087,0.30222,-0.07116,0.01469,-0.0018,-0.52174,-110.07815,9.92382,1.21665,-0.84796,0.34108,-0.10249,0.0242,-0.00321,,,,,,,,,,,,,,,,,,,,,,,High,High,High,High,High,,,,,,,,,,,,,,,,,,,,,,,,,,,,,,,,,,,,,
222,2026-03-18,16:07:57.25,2,3,"Godfrey, James",10088849,Right,NOR_SPA,"Holman, Evan",1000137670,Left,OLD_MON,Undefined,6,Bottom,1,1,1,ChangeUp,Changeup,BallCalled,Undefined,Undefined,Undefined,0,0,,77.31816,2.204158,-2.841199,1566.358382,250.613202,2:15,5.02648,1.81017,6.26538,-39.40927,7.23461,15.98985,3.77826,0.52073,69.93195,-5.188254,0.04356,0.491551,,,,,,,,,,,,-9.08225,3.58374,-1.60644,50,5.17134,4.98137,-112.08156,3.20607,-11.43138,22.25154,-27.66337,OLD_MON,NOR_SPA,BudMethenyBBStad,D1,SBELT,20260318-BudMethenyBBStad-1,2851c720-2306-11f1-b0e4-ebb737895390,76.68061,,,7.3862,,,,,,,73be595d-676a-42c7-8f16-f99e9a025756,2026-03-18,20:07:57.25,2026-03-18T16:07:57.2530000-04:00,2026-03-18T20:07:57.2530000Z,,v3,3090,3904,107c2ea495266297e2d9,"Daulton, Brayden",10915191,Right,NOR_SPA,769d571b-7815-4b6a-995c-52ed474307d3,54.23702,-112.9196,11.12577,5.03097,4.24793,-13.83169,-1.80216,5.4119,-5.71569,,,,,,,,,,,,,,,,,,,,,,,,,,,,,,,,,,,,,,,,,,,,,,,,,,,High,High,High,,,,,,,,,,,,,,,,,,,,,,,,,,,,,,,,,,,,,,,
223,2026-03-18,16:08:14.85,2,4,"Godfrey, James",10088849,Right,NOR_SPA,"Holman, Evan",1000137670,Left,OLD_MON,Undefined,6,Bottom,1,2,1,ChangeUp,Changeup,FoulBallNotFieldable,Undefined,Undefined,Undefined,0,0,,76.82145,0.333092,-3.66413,1492.214941,252.659504,2:30,4.49039,1.94032,6.02928,-40.47817,6.60237,16.47765,1.42635,-0.08485,70.60946,-7.16313,-0.704393,0.493847,101.84501,16.293296,-31.376357,2146.044469,89.11579,25.35143,-64.48418,266.90054,231.84943,-44.165435,2.765032,-9.54008,3.7124,-1.66244,50,4.49427,6.56497,-111.49381,-0.53117,-12.03412,19.64716,-27.49114,OLD_MON,NOR_SPA,BudMethenyBBStad,D1,SBELT,20260318-BudMethenyBBStad-1,32d19d10-2306-11f1-b0e4-ebb737895390,76.32417,28.02841,,6.21199,,,,2.52917,1.52178,0.31365,73be595d-676a-42c7-8f16-f99e9a025756,2026-03-18,20:08:14.85,2026-03-18T16:08:14.8570000-04:00,2026-03-18T20:08:14.8570000Z,LineDrive,v3,3090,3904,107c2ea495266297e2d9,"Daulton, Brayden",10915191,Right,NOR_SPA,8ebf6f86-a4c1-4726-b30b-f375cec88603,54.47748,-112.28005,9.82358,4.49352,0.56896,-13.74557,-1.93479,7.04656,-6.01706,,2.52918,122.40675,-33.91611,8.81479,-2.09202,0.43594,-0.07765,0.00964,-0.00057,1.52178,41.90744,-17.5314,0.61589,0.19693,-0.09506,0.02429,-0.00326,0.00019,0.31367,-74.64944,-0.41295,2.89461,-1.26777,0.38107,-0.08259,0.01134,-0.00073,,,,,,,,,,,,,,,,,,,,,,,High,High,High,High,Medium,,,,,,,,,,,,,,,,,,,,,,,,,,,,,,,,,,,,,
224,2026-03-18,16:08:56.24,2,5,"Godfrey, James",10088849,Right,NOR_SPA,"Holman, Evan",1000137670,Left,OLD_MON,Undefined,6,Bottom,1,2,2,Fastball,Changeup,BallCalled,Undefined,Undefined,Undefined,0,0,,82.91909,1.329882,-3.744591,2020.77472,233.997395,1:45,5.4272,1.55994,5.67256,-28.10734,13.35721,16.4169,4.3278,-0.56847,74.93244,-3.934041,-0.819632,0.463457,,,,,,,,,,,,-9.38382,6.78729,-1.25344,50,5.52233,7.17165,-120.037,1.91007,-13.57882,25.02025,-22.35251,OLD_MON,NOR_SPA,BudMethenyBBStad,D1,SBELT,20260318-BudMethenyBBStad-1,4b746050-2306-11f1-b0e4-ebb737895390,81.3288,,,7.98665,,,,,,,73be595d-676a-42c7-8f16-f99e9a025756,2026-03-18,20:08:56.24,2026-03-18T16:08:56.2400000-04:00,2026-03-18T20:08:56.2400000Z,,v3,3090,3904,107c2ea495266297e2d9,"Daulton, Brayden",10915191,Right,NOR_SPA,aa0ca7ba-6f53-425f-a2af-a7542f60ba81,54.82948,-121.03946,12.51013,5.42786,2.80565,-11.17625,-1.55168,7.7157,-6.78941,,,,,,,,,,,,,,,,,,,,,,,,,,,,,,,,,,,,,,,,,,,,,,,,,,,High,High,High,,,,,,,,,,,,,,,,,,,,,,,,,,,,,,,,,,,,,,,
225,2026-03-18,16:09:13.14,2,6,"Godfrey, James",10088849,Right,NOR_SPA,"Holman, Evan",1000137670,Left,OLD_MON,Undefined,6,Bottom,1,3,2,Fastball,Changeup,InPlay,Undefined,GroundBall,Out,1,0,,81.94561,-0.93931,-1.888629,2033.744213,221.437111,1:30,5.20548,1.45263,5.91834,-24.58112,17.4878,14.11442,2.28471,0.87532,74.11044,-5.594124,0.645141,0.466823,74.2591,5.459846,-40.194099,2673.817189,,,,62.31865,62.31865,-41.795976,0.608496,-7.86654,9.69815,-1.30939,50,5.11633,3.37556,-118.86076,-2.64737,-11.10481,25.59781,-18.48362,OLD_MON,NOR_SPA,BudMethenyBBStad,D1,SBELT,20260318-BudMethenyBBStad-1,558c9ad0-2306-11f1-b0e4-ebb737895390,80.74248,3.24641,,7.83517,,,,1.92862,2.13753,-0.71182,73be595d-676a-42c7-8f16-f99e9a025756,2026-03-18,20:09:13.14,2026-03-18T16:09:13.1470000-04:00,2026-03-18T20:09:13.1470000Z,GroundBall,v3,3090,3904,107c2ea495266297e2d9,"Daulton, Brayden",10915191,Right,NOR_SPA,fab5c2f8-e15a-4015-bd1d-72fc3da7d855,54.58525,-119.84417,12.79891,5.20439,-1.93727,-9.24181,-1.44727,3.80218,-5.55241,,1.95376,82.25725,-15.04378,,,,,,,2.17092,9.61924,-21.7549,,,,,,,-0.70744,-70.0715,4.88212,,,,,,,,,,,,,,,,,,,,,,,,,,,,,High,High,High,High,High,,,,,,,,,,,,,,,,,,,,,,,,,,,,,,,,,,,,,
226,2026-03-18,16:09:43.49,3,1,"Godfrey, James",10088849,Right,NOR_SPA,"McKenna, Cole",10050534,Right,OLD_MON,Undefined,6,Bottom,2,0,0,Fastball,Four-Seam,BallCalled,Undefined,Undefined,Undefined,0,0,,83.41877,-0.21289,-3.882386,2094.646658,204.032787,12:45,5.53864,1.36443,5.96216,-18.56422,22.30328,9.26678,3.79374,-1.46922,74.8245,-3.806665,-2.223519,0.460109,,,,,,,,,,,,-5.96394,11.88383,-1.06048,50,5.51128,7.80899,-120.68289,-0.90269,-8.64653,27.19874,-14.94483,OLD_MON,NOR_SPA,BudMethenyBBStad,D1,SBELT,20260318-BudMethenyBBStad-1,67a50540-2306-11f1-b0e4-ebb737895390,81.9207,,,8.59428,,,,,,,73be595d-676a-42c7-8f16-f99e9a025756,2026-03-18,20:09:43.49,2026-03-18T16:09:43.4940000-04:00,2026-03-18T20:09:43.4940000Z,,v3,3090,3904,107c2ea495266297e2d9,"Daulton, Brayden",10915191,Right,NOR_SPA,e251056d-f9d2-4a56-8402-a97d27cfecaf,54.53687,-121.70109,13.59937,5.5346,-0.34322,-7.47242,-1.35887,8.13268,-4.32327,,,,,,,,,,,,,,,,,,,,,,,,,,,,,,,,,,,,,,,,,,,,,,,,,,,High,High,High,,,,,,,,,,,,,,,,,,,,,,,,,,,,,,,,,,,,,,,
227,2026-03-18,16:09:58.25,3,2,"Godfrey, James",10088849,Right,NOR_SPA,"McKenna, Cole",10050534,Right,OLD_MON,Undefined,6,Bottom,2,1,0,Fastball,Four-Seam,BallCalled,Undefined,Undefined,Undefined,0,0,,81.39036,-0.136354,-2.061522,2035.030168,183.368296,12:00,5.59897,1.3975,5.79292,-16.34021,26.55328,1.47307,4.11036,-0.39843,73.36119,-3.324996,-1.798049,0.471375,,,,,,,,,,,,-1.3926,13.9617,-1.22848,50,5.57801,4.18639,-117.95639,-0.64435,-1.93735,25.0717,-12.75077,OLD_MON,NOR_SPA,BudMethenyBBStad,D1,SBELT,20260318-BudMethenyBBStad-1,70757d80-2306-11f1-b0e4-ebb737895390,79.96266,,,8.02916,,,,,,,73be595d-676a-42c7-8f16-f99e9a025756,2026-03-18,20:09:58.25,2026-03-18T16:09:58.2540000-04:00,2026-03-18T20:09:58.2540000Z,,v3,3090,3904,107c2ea495266297e2d9,"Daulton, Brayden",10915191,Right,NOR_SPA,b4f06e87-83d7-4d7b-b04a-d41fb3a1a357,54.70671,-118.9526,12.53585,5.59355,-0.1377,-6.37539,-1.39635,4.26337,-0.96867,,,,,,,,,,,,,,,,,,,,,,,,,,,,,,,,,,,,,,,,,,,,,,,,,,,High,High,High,,,,,,,,,,,,,,,,,,,,,,,,,,,,,,,,,,,,,,,
228,2026-03-18,16:10:15.50,3,3,"Godfrey, James",10088849,Right,NOR_SPA,"McKenna, Cole",10050534,Right,OLD_MON,Undefined,6,Bottom,2,2,0,Fastball,Changeup,StrikeCalled,Undefined,Undefined,Undefined,0,0,,81.42684,-0.101519,-3.561947,2099.412767,230.585171,1:45,5.38585,1.52386,5.95027,-26.50305,16.21875,17.84623,3.08291,-0.29716,73.37636,-5.118628,-0.362834,0.470431,,,,,,,,,,,,-10.19595,8.78241,-1.24948,50,5.36303,6.63068,-117.92332,-0.96223,-14.15805,25.32571,-19.97885,OLD_MON,NOR_SPA,BudMethenyBBStad,D1,SBELT,20260318-BudMethenyBBStad-1,7aba6d50-2306-11f1-b0e4-ebb737895390,80.12317,,,8.05048,,,,,,,73be595d-676a-42c7-8f16-f99e9a025756,2026-03-18,20:10:15.50,2026-03-18T16:10:15.5020000-04:00,2026-03-18T20:10:15.5020000Z,,v3,3090,3904,107c2ea495266297e2d9,"Daulton, Brayden",10915191,Right,NOR_SPA,781ed15d-af69-4a92-a49e-a49b09a72fa8,54.55111,-118.89672,12.66285,5.38525,-0.19434,-9.98942,-1.51479,7.17485,-7.07903,,,,,,,,,,,,,,,,,,,,,,,,,,,,,,,,,,,,,,,,,,,,,,,,,,,High,High,High,,,,,,,,,,,,,,,,,,,,,,,,,,,,,,,,,,,,,,,
229,2026-03-18,16:10:31.57,3,4,"Godfrey, James",10088849,Right,NOR_SPA,"McKenna, Cole",10050534,Right,OLD_MON,Undefined,6,Bottom,2,2,1,ChangeUp,Changeup,StrikeCalled,Undefined,Undefined,Undefined,0,0,,76.31956,-0.263803,-3.678948,1467.99272,236.7361,2:00,5.23521,1.69499,6.38767,-36.60313,10.6706,13.92489,1.94177,-0.53364,69.86218,-7.120535,-1.161448,0.494859,,,,,,,,,,,,-8.3041,6.10705,-1.43583,50,5.19932,6.64831,-110.73918,-1.48577,-10.28668,20.22565,-24.60897,OLD_MON,NOR_SPA,BudMethenyBBStad,D1,SBELT,20260318-BudMethenyBBStad-1,84551360-2306-11f1-b0e4-ebb737895390,76.16807,,,6.45737,,,,,,,73be595d-676a-42c7-8f16-f99e9a025756,2026-03-18,20:10:31.57,2026-03-18T16:10:31.5720000-04:00,2026-03-18T20:10:31.5720000Z,,v3,3090,3904,107c2ea495266297e2d9,"Daulton, Brayden",10915191,Right,NOR_SPA,7e270e19-f613-4b0f-b961-0d8477511c2d,54.11665,-111.48852,10.11283,5.23747,-0.57404,-12.30448,-1.6892,7.02942,-5.14334,,,,,,,,,,,,,,,,,,,,,,,,,,,,,,,,,,,,,,,,,,,,,,,,,,,High,High,High,,,,,,,,,,,,,,,,,,,,,,,,,,,,,,,,,,,,,,,
230,2026-03-18,16:10:47.27,3,5,"Godfrey, James",10088849,Right,NOR_SPA,"McKenna, Cole",10050534,Right,OLD_MON,Undefined,6,Bottom,2,2,2,ChangeUp,Changeup,BallCalled,Undefined,Undefined,Undefined,0,0,,76.89685,0.798772,-4.362192,1478.194243,238.147946,2:00,5.00499,1.70969,6.31717,-37.10321,9.51689,12.96587,2.65104,-1.23588,70.44994,-6.135733,-2.025943,0.491426,,,,,,,,,,,,-7.88024,5.20099,-1.39527,50,5.04611,8.04801,-111.4823,0.53821,-9.93484,19.70843,-25.61704,OLD_MON,NOR_SPA,BudMethenyBBStad,D1,SBELT,20260318-BudMethenyBBStad-1,8daf06f0-2306-11f1-b0e4-ebb737895390,76.70018,,,6.44691,,,,,,,73be595d-676a-42c7-8f16-f99e9a025756,2026-03-18,20:10:47.27,2026-03-18T16:10:47.2720000-04:00,2026-03-18T20:10:47.2720000Z,,v3,3090,3904,107c2ea495266297e2d9,"Daulton, Brayden",10915191,Right,NOR_SPA,b2ce9934-5062-4226-b067-a7cfe64887fe,54.18641,-112.21995,9.85421,5.00802,1.49702,-12.80852,-1.70345,8.41985,-4.96742,,,,,,,,,,,,,,,,,,,,,,,,,,,,,,,,,,,,,,,,,,,,,,,,,,,High,High,High,,,,,,,,,,,,,,,,,,,,,,,,,,,,,,,,,,,,,,,
231,2026-03-18,16:11:01.95,3,6,"Godfrey, James",10088849,Right,NOR_SPA,"McKenna, Cole",10050534,Right,OLD_MON,Undefined,6,Bottom,2,3,2,Fastball,Changeup,FoulBallNotFieldable,Undefined,Undefined,Undefined,0,0,,79.97574,-0.384294,-2.245024,2035.682004,193.891516,12:30,5.32079,1.68335,5.78542,-17.42635,27.12797,6.30607,3.51075,0.11892,71.92295,-3.782538,-1.11725,0.480415,71.51862,63.001036,175.001114,3857.974971,,,,,18.16582,,,-3.94323,14.41615,-1.5019,50,5.27901,4.29811,-115.88788,-1.17654,-5.27723,24.86952,-12.88085,OLD_MON,NOR_SPA,BudMethenyBBStad,D1,SBELT,20260318-BudMethenyBBStad-1,96684db0-2306-11f1-b0e4-ebb737895390,78.45812,35.08495,,8.05279,,,,1.47396,3.52415,0.19316,73be595d-676a-42c7-8f16-f99e9a025756,2026-03-18,20:11:01.95,2026-03-18T16:11:01.9500000-04:00,2026-03-18T20:11:01.9500000Z,,v3,3090,3904,107c2ea495266297e2d9,"Daulton, Brayden",10915191,Right,NOR_SPA,d6e4fd6a-3174-45de-8146-4d5da15b72b1,54.71594,-116.89554,12.43476,5.3161,-0.65463,-6.44043,-1.68038,4.51194,-2.63861,,1.48395,-47.779,-0.41867,,,,,,,3.54909,92.63041,-36.18838,,,,,,,0.17904,4.62568,7.35694,,,,,,,,,,,,,,,,,,,,,,,,,,,,,High,High,High,High,Undefined,,,,,,,,,,,,,,,,,,,,,,,,,,,,,,,,,,,,,
232,2026-03-18,16:11:19.82,3,7,"Godfrey, James",10088849,Right,NOR_SPA,"McKenna, Cole",10050534,Right,OLD_MON,Undefined,6,Bottom,2,3,2,ChangeUp,Changeup,BallCalled,Walk,Undefined,Undefined,0,0,,77.27324,-1.022731,-2.800709,1428.376436,235.013561,1:45,5.11166,1.67125,6.23837,-36.63738,10.21079,12.18461,1.11382,0.10082,70.09606,-7.883684,-0.599971,0.492627,,,,,,,,,,,,-7.29225,6.08181,-1.46831,50,5.01715,5.0657,-112.07582,-3.00977,-9.13297,23.15433,-24.55705,OLD_MON,NOR_SPA,BudMethenyBBStad,D1,SBELT,20260318-BudMethenyBBStad-1,a10bb130-2306-11f1-b0e4-ebb737895390,76.51322,,,7.17718,,,,,,,73be595d-676a-42c7-8f16-f99e9a025756,2026-03-18,20:11:19.82,2026-03-18T16:11:19.8280000-04:00,2026-03-18T20:11:19.8280000Z,,v3,3090,3904,107c2ea495266297e2d9,"Daulton, Brayden",10915191,Right,NOR_SPA,00d8ec7d-eda5-4a1d-9743-29e5e469ef73,54.26628,-112.95378,11.57717,5.11362,-2.07863,-12.27853,-1.66696,5.412,-4.56648,,,,,,,,,,,,,,,,,,,,,,,,,,,,,,,,,,,,,,,,,,,,,,,,,,,High,High,High,,,,,,,,,,,,,,,,,,,,,,,,,,,,,,,,,,,,,,,
233,2026-03-18,16:11:59.35,4,1,"Godfrey, James",10088849,Right,NOR_SPA,"Johnson, William",822847,Right,OLD_MON,Undefined,6,Bottom,2,0,0,Fastball,Changeup,BallCalled,Undefined,Undefined,Undefined,0,0,,80.00875,0.86987,-0.596633,1869.763255,203.407181,12:45,5.53002,1.43379,5.73835,-22.15151,22.43997,9.01319,4.49425,1.62925,71.87905,-3.377278,1.015518,0.480615,,,,,,,,,,,,-4.73792,11.55906,-1.38952,50,5.58921,0.84632,-115.96,1.18236,-6.34659,24.96607,-16.69034,OLD_MON,NOR_SPA,BudMethenyBBStad,D1,SBELT,20260318-BudMethenyBBStad-1,b89feaa0-2306-11f1-b0e4-ebb737895390,78.42543,,,8.1297,,,,,,,73be595d-676a-42c7-8f16-f99e9a025756,2026-03-18,20:11:59.35,2026-03-18T16:11:59.3510000-04:00,2026-03-18T20:11:59.3510000Z,,v3,3090,3904,107c2ea495266297e2d9,"Daulton, Brayden",10915191,Right,NOR_SPA,0deed3e5-969c-458b-9e03-a7d7b41798f0,54.76105,-116.98056,12.48304,5.52694,1.86462,-8.34517,-1.42942,1.10575,-3.1733,,,,,,,,,,,,,,,,,,,,,,,,,,,,,,,,,,,,,,,,,,,,,,,,,,,High,High,High,,,,,,,,,,,,,,,,,,,,,,,,,,,,,,,,,,,,,,,
234,2026-03-18,16:12:34.06,4,2,"Godfrey, James",10088849,Right,NOR_SPA,"Johnson, William",822847,Right,OLD_MON,Undefined,6,Bottom,2,1,0,Fastball,Changeup,InPlay,Undefined,LineDrive,Single,0,0,,81.56628,-1.11305,-2.87801,2000.530867,208.757767,1:00,5.30722,1.40972,5.98885,-19.61194,23.03923,11.76146,2.63979,-0.28,73.24259,-4.90476,-0.76704,0.470042,96.69891,15.997021,-15.132626,999.487901,104.67082,23.22545,-33.82334,236.35163,236.35163,-21.231554,2.398028,-7.00559,12.66186,-1.18885,50,5.20864,5.48546,-118.14604,-2.78146,-9.71607,26.45109,-14.61328,OLD_MON,NOR_SPA,BudMethenyBBStad,D1,SBELT,20260318-BudMethenyBBStad-1,cd4f0580-2306-11f1-b0e4-ebb737895390,80.18947,23.85646,,8.32369,,,,1.95642,2.70703,0.26129,73be595d-676a-42c7-8f16-f99e9a025756,2026-03-18,20:12:34.06,2026-03-18T16:12:34.0620000-04:00,2026-03-18T20:12:34.0620000Z,LineDrive,v3,3090,3904,107c2ea495266297e2d9,"Daulton, Brayden",10915191,Right,NOR_SPA,260044e5-5f8e-49e3-8043-b9c749ccc694,54.51303,-119.15215,13.22554,5.30386,-2.22562,-7.30664,-1.40452,5.85503,-4.85804,113.833334,1.95642,131.60526,-26.78653,6.45439,-1.43839,0.28157,-0.04967,0.00637,-0.00039,2.70703,39.08522,-19.31527,1.1932,-0.01977,-0.0357,0.01231,-0.00171,0.0001,0.26129,-35.59053,-3.43662,2.85386,-1.05358,0.29532,-0.06417,0.00929,-0.00065,,,,,,,,,,,,,,,,,,,,,,,High,High,High,High,High,,,,,,,,,,,,,,,,,,,,,,,,,,,,,,,,,,,,,
235,2026-03-18,16:13:12.43,5,1,"Godfrey, James",10088849,Right,NOR_SPA,"Morales, Efrain",1000115748,Right,OLD_MON,Undefined,6,Bottom,2,0,0,Fastball,Changeup,BallCalled,Undefined,Undefined,Undefined,0,0,,79.79652,0.568812,-1.880892,1913.608959,218.867512,1:15,5.59099,1.4902,5.7918,-24.03923,21.39796,15.73828,4.11721,1.05124,70.67147,-4.06284,0.936101,0.485151,,,,,,,,,,,,-8.63811,11.1704,-1.34445,50,5.62396,3.15754,-115.44494,0.52147,-11.28822,27.83251,-17.5767,OLD_MON,NOR_SPA,BudMethenyBBStad,D1,SBELT,20260318-BudMethenyBBStad-1,e4323e70-2306-11f1-b0e4-ebb737895390,77.69214,,,9.12505,,,,,,,73be595d-676a-42c7-8f16-f99e9a025756,2026-03-18,20:13:12.43,2026-03-18T16:13:12.4300000-04:00,2026-03-18T20:13:12.4300000Z,,v3,3090,3904,107c2ea495266297e2d9,"Daulton, Brayden",10915191,Right,NOR_SPA,1eff5bd8-1a23-4b01-8549-c9fcd209888d,54.70604,-116.574,13.91625,5.58835,1.23448,-8.78835,-1.48182,3.61545,-5.64411,,,,,,,,,,,,,,,,,,,,,,,,,,,,,,,,,,,,,,,,,,,,,,,,,,,High,High,High,,,,,,,,,,,,,,,,,,,,,,,,,,,,,,,,,,,,,,,
236,2026-03-18,16:13:31.38,5,2,"Godfrey, James",10088849,Right,NOR_SPA,"Morales, Efrain",1000115748,Right,OLD_MON,Undefined,6,Bottom,2,1,0,ChangeUp,Changeup,StrikeCalled,Undefined,Undefined,Undefined,0,0,,77.7509,-0.92351,-3.446131,1435.940378,222.501687,1:30,5.27001,1.66993,6.47912,-27.86336,17.88493,14.90938,2.09836,-0.25614,70.49366,-6.23255,-0.745829,0.486809,,,,,,,,,,,,-8.87186,10.11693,-1.43321,50,5.19247,6.27905,-112.75321,-2.5019,-11.29362,22.63895,-19.29547,OLD_MON,NOR_SPA,BudMethenyBBStad,D1,SBELT,20260318-BudMethenyBBStad-1,ef7c4230-2306-11f1-b0e4-ebb737895390,77.42752,,,7.25724,,,,,,,73be595d-676a-42c7-8f16-f99e9a025756,2026-03-18,20:13:31.38,2026-03-18T16:13:31.3880000-04:00,2026-03-18T20:13:31.3880000Z,,v3,3090,3904,107c2ea495266297e2d9,"Daulton, Brayden",10915191,Right,NOR_SPA,6e87a13c-51a4-45c6-8ba2-d00e6faefff8,54.02404,-113.5583,11.31947,5.26924,-1.81572,-9.64773,-1.66364,6.68067,-5.64681,,,,,,,,,,,,,,,,,,,,,,,,,,,,,,,,,,,,,,,,,,,,,,,,,,,High,High,High,,,,,,,,,,,,,,,,,,,,,,,,,,,,,,,,,,,,,,,
237,2026-03-18,16:13:50.51,5,3,"Godfrey, James",10088849,Right,NOR_SPA,"Morales, Efrain",1000115748,Right,OLD_MON,Undefined,6,Bottom,2,1,1,ChangeUp,Changeup,BallCalled,Undefined,Undefined,Undefined,0,0,,77.31128,0.719583,-4.548131,1439.66744,243.540334,2:00,5.08768,1.59003,6.41982,-36.48301,9.7267,16.45729,2.71112,-1.22875,70.41279,-6.130878,-1.577132,0.489258,,,,,,,,,,,,-9.81713,5.35697,-1.27097,50,5.12295,8.32897,-112.02093,0.42503,-12.42264,21.02099,-25.3953,OLD_MON,NOR_SPA,BudMethenyBBStad,D1,SBELT,20260318-BudMethenyBBStad-1,fae16f10-2306-11f1-80d4-29a4b692a077,77.03999,,,6.89849,,,,,,,73be595d-676a-42c7-8f16-f99e9a025756,2026-03-18,20:13:50.51,2026-03-18T16:13:50.5120000-04:00,2026-03-18T20:13:50.5120000Z,,v3,3090,3904,107c2ea495266297e2d9,"Daulton, Brayden",10915191,Right,NOR_SPA,752b49f4-7543-4cad-be94-24991ce0edfb,54.08319,-112.78454,10.5105,5.09075,1.34755,-12.69765,-1.58173,8.78024,-6.21132,,,,,,,,,,,,,,,,,,,,,,,,,,,,,,,,,,,,,,,,,,,,,,,,,,,High,High,High,,,,,,,,,,,,,,,,,,,,,,,,,,,,,,,,,,,,,,,
238,2026-03-18,16:14:08.88,5,4,"Godfrey, James",10088849,Right,NOR_SPA,"Morales, Efrain",1000115748,Right,OLD_MON,Undefined,6,Bottom,2,2,1,Fastball,Changeup,FoulBallNotFieldable,Undefined,Undefined,Undefined,0,0,,80.10043,-0.627927,-1.96087,1929.532139,221.779194,1:30,5.36554,1.58537,5.91698,-24.52741,19.68407,16.12828,2.73842,1.10871,72.1193,-5.299686,0.933722,0.478563,77.8241,-15.688143,-72.3148,,,,,11.3366,10.28789,-67.674688,0.088512,-8.91512,10.75615,-1.43733,50,5.30144,3.35956,-116.12883,-1.9351,-11.9638,25.25653,-17.73969,OLD_MON,NOR_SPA,BudMethenyBBStad,D1,SBELT,20260318-BudMethenyBBStad-1,05d3b5e0-2307-11f1-80d4-29a4b692a077,78.76171,2.74018,,7.98113,,,,1.34255,2.74018,-1.19165,73be595d-676a-42c7-8f16-f99e9a025756,2026-03-18,20:14:08.88,2026-03-18T16:14:08.8830000-04:00,2026-03-18T20:14:08.8830000Z,GroundBall,v3,3090,3904,107c2ea495266297e2d9,"Daulton, Brayden",10915191,Right,NOR_SPA,0522836f-fbf0-4c1d-be49-11b7d849605f,54.58546,-117.12186,12.62826,5.36381,-1.23761,-8.86984,-1.57867,3.82995,-5.9819,180,1.3411,33.48503,,,,,,,,2.74153,-30.95834,,,,,,,,-1.18709,-105.01613,,,,,,,,,,,,,,,,,,,,,,,,,,,,,,High,High,High,Low,Low,,,,,,,,,,,,,,,,,,,,,,,,,,,,,,,,,,,,,
239,2026-03-18,16:14:35.97,5,5,"Godfrey, James",10088849,Right,NOR_SPA,"Morales, Efrain",1000115748,Right,OLD_MON,Undefined,6,Bottom,2,2,2,ChangeUp,Changeup,BallCalled,Undefined,Undefined,Undefined,0,0,,78.23561,-0.933538,-4.392245,1544.598261,230.131791,1:45,5.18736,1.63505,6.45328,-31.40482,13.58363,14.48426,1.70997,-1.20138,71.48985,-6.847841,-1.774148,0.48275,,,,,,,,,,,,-8.84615,7.81532,-1.32941,50,5.10689,8.21616,-113.4135,-2.67367,-11.4846,21.37024,-22.02775,OLD_MON,NOR_SPA,BudMethenyBBStad,D1,SBELT,20260318-BudMethenyBBStad-1,15f9c630-2307-11f1-80d4-29a4b692a077,78.07862,,,6.74575,,,,,,,73be595d-676a-42c7-8f16-f99e9a025756,2026-03-18,20:14:35.97,2026-03-18T16:14:35.9770000-04:00,2026-03-18T20:14:35.9770000Z,,v3,3090,3904,107c2ea495266297e2d9,"Daulton, Brayden",10915191,Right,NOR_SPA,1809df20-d84e-49e1-9bd0-0c7628e78372,54.05123,-114.17431,10.68512,5.18812,-1.88946,-11.01387,-1.62919,8.62503,-5.7423,,,,,,,,,,,,,,,,,,,,,,,,,,,,,,,,,,,,,,,,,,,,,,,,,,,High,High,High,,,,,,,,,,,,,,,,,,,,,,,,,,,,,,,,,,,,,,,
240,2026-03-18,16:14:54.28,5,6,"Godfrey, James",10088849,Right,NOR_SPA,"Morales, Efrain",1000115748,Right,OLD_MON,Undefined,6,Bottom,2,3,2,ChangeUp,Changeup,BallCalled,Walk,Undefined,Undefined,0,0,,77.12165,-1.106789,-4.78819,1541.353281,229.239929,1:45,5.20515,1.75359,6.35084,-33.37714,13.53359,13.75973,1.40115,-1.51794,69.98204,-7.388576,-2.308075,0.492955,,,,,,,,,,,,-8.67162,7.87768,-1.41122,50,5.10885,8.87663,-111.62415,-3.04086,-10.81382,22.27206,-22.35026,OLD_MON,NOR_SPA,BudMethenyBBStad,D1,SBELT,20260318-BudMethenyBBStad-1,20e5f280-2307-11f1-80d4-29a4b692a077,76.46219,,,7.13961,,,,,,,73be595d-676a-42c7-8f16-f99e9a025756,2026-03-18,20:14:54.28,2026-03-18T16:14:54.2830000-04:00,2026-03-18T20:14:54.2830000Z,,v3,3090,3904,107c2ea495266297e2d9,"Daulton, Brayden",10915191,Right,NOR_SPA,5042b94b-51b4-4474-a2c2-8efbbc6a3122,54.15264,-112.44966,11.13603,5.2062,-2.21245,-11.17513,-1.74766,9.27744,-5.40691,,,,,,,,,,,,,,,,,,,,,,,,,,,,,,,,,,,,,,,,,,,,,,,,,,,High,High,High,,,,,,,,,,,,,,,,,,,,,,,,,,,,,,,,,,,,,,,
241,2026-03-18,16:15:21.81,6,1,"Godfrey, James",10088849,Right,NOR_SPA,"Zedalis, Tyler",822603,Right,OLD_MON,Undefined,6,Bottom,2,0,0,Fastball,Changeup,InPlay,Undefined,LineDrive,Single,0,2,,80.91272,-0.522888,-2.539448,2010.493059,218.164345,1:15,5.18038,1.69353,6.03248,-25.85997,17.178,12.28438,2.54064,0.36383,73.0626,-5.42817,-0.331173,0.472169,98.65378,10.068769,17.817809,1236.890184,,,,132.35326,129.53635,22.333976,1.05782,-7.15642,9.45493,-1.50158,50,5.12559,4.74077,-117.32328,-1.78591,-9.83189,25.16452,-19.18435,OLD_MON,NOR_SPA,BudMethenyBBStad,D1,SBELT,20260318-BudMethenyBBStad-1,314b55c0-2307-11f1-80d4-29a4b692a077,79.82828,8.01738,,7.85012,,,,2.57884,2.39713,0.05475,73be595d-676a-42c7-8f16-f99e9a025756,2026-03-18,20:15:21.81,2026-03-18T16:15:21.8110000-04:00,2026-03-18T20:15:21.8110000Z,LineDrive,v3,3090,3904,107c2ea495266297e2d9,"Daulton, Brayden",10915191,Right,NOR_SPA,1590c225-d9eb-4bdf-87fb-f3a0ff3a3622,54.47059,-118.27828,12.58226,5.17955,-1.05786,-9.59218,-1.68857,5.1139,-4.91595,,2.57884,135.6295,-24.1256,3.28695,-0.46723,0.21795,-0.34999,0.24728,-0.06385,2.39714,25.29488,-30.61605,5.15614,-0.76052,-0.02148,-0.17678,0.23577,-0.07658,0.05474,43.59511,6.55167,-3.19123,0.14592,0.42848,0.0321,-0.25218,0.09513,,,,,,,,,,,,,,,,,,,,,,,High,High,High,High,High,,,,,,,,,,,,,,,,,,,,,,,,,,,,,,,,,,,,,
242,2026-03-18,16:16:09.84,7,1,"Godfrey, James",10088849,Right,NOR_SPA,"Dye, Macaddin",831173,Right,OLD_MON,Undefined,6,Bottom,2,0,0,Fastball,Four-Seam,FoulBallNotFieldable,Undefined,Undefined,Undefined,0,0,,82.64019,-1.203423,-2.448752,2055.144208,203.761918,12:45,5.60306,1.42283,5.87645,-16.88855,24.50647,10.14489,3.0767,-0.00768,74.71967,-4.475648,-0.63112,0.463069,,,,,,,,,,,,-5.96902,13.35174,-1.23061,50,5.49611,4.72659,-119.81422,-2.93183,-8.58088,25.53787,-12.97998,OLD_MON,NOR_SPA,BudMethenyBBStad,D1,SBELT,20260318-BudMethenyBBStad-1,4deb5e50-2307-11f1-80d4-29a4b692a077,81.39708,,,7.92052,,,,,,,73be595d-676a-42c7-8f16-f99e9a025756,2026-03-18,20:16:09.84,2026-03-18T16:16:09.8480000-04:00,2026-03-18T20:16:09.8480000Z,,v3,3090,3904,107c2ea495266297e2d9,"Daulton, Brayden",10915191,Right,NOR_SPA,1f8caf83-3917-44b7-9607-56cd467eebf4,54.62676,-120.79637,12.76893,5.59926,-2.43264,-6.48999,-1.41873,5.0566,-4.29044,,,,,,,,,,,,,,,,,,,,,,,,,,,,,,,,,,,,,,,,,,,,,,,,,,,High,High,High,,,,,,,,,,,,,,,,,,,,,,,,,,,,,,,,,,,,,,,
243,2026-03-18,16:16:31.12,7,2,"Godfrey, James",10088849,Right,NOR_SPA,"Dye, Macaddin",831173,Right,OLD_MON,Undefined,6,Bottom,2,0,1,Slider,Curveball,BallCalled,Undefined,Undefined,Undefined,0,0,,73.96676,0.650715,-3.500827,2189.173286,8.957917,6:15,5.21036,1.71325,5.60993,-55.91031,-3.86799,-0.87673,1.15978,-1.63192,67.90226,-9.536963,-3.657149,0.519218,,,,,,,,,,,,-0.59906,-1.75894,-1.41273,50,5.22949,6.59064,-107.22381,-0.51144,-0.69237,19.79585,-34.20693,OLD_MON,NOR_SPA,BudMethenyBBStad,D1,SBELT,20260318-BudMethenyBBStad-1,5a9b81c0-2307-11f1-80d4-29a4b692a077,72.59463,,,6.06451,,,,,,,73be595d-676a-42c7-8f16-f99e9a025756,2026-03-18,20:16:31.12,2026-03-18T16:16:31.1230000-04:00,2026-03-18T20:16:31.1230000Z,,v3,3090,3904,107c2ea495266297e2d9,"Daulton, Brayden",10915191,Right,NOR_SPA,27cd2cb6-362c-459c-a7a8-1e10b1627707,54.89696,-108.12411,9.89792,5.21737,1.04427,-17.10347,-1.71319,6.62213,-0.34618,,,,,,,,,,,,,,,,,,,,,,,,,,,,,,,,,,,,,,,,,,,,,,,,,,,High,High,High,,,,,,,,,,,,,,,,,,,,,,,,,,,,,,,,,,,,,,,
244,2026-03-18,16:16:47.65,7,3,"Godfrey, James",10088849,Right,NOR_SPA,"Dye, Macaddin",831173,Right,OLD_MON,Undefined,6,Bottom,2,1,1,Fastball,Changeup,InPlay,Undefined,GroundBall,Out,1,0,,82.83891,-0.949202,-3.02782,2059.871221,219.538067,1:15,5.43739,1.45129,5.84064,-22.29269,19.40607,14.69406,2.69609,-0.14113,74.20337,-5.209935,-0.397554,0.464765,86.77767,-18.968745,-50.115295,,,,,10.32362,8.00645,-35.389054,0.068628,-8.6093,10.70772,-1.21323,50,5.34721,5.76703,-119.94464,-2.6105,-12.26561,27.96717,-16.91882,OLD_MON,NOR_SPA,BudMethenyBBStad,D1,SBELT,20260318-BudMethenyBBStad-1,64713500-2307-11f1-80d4-29a4b692a077,81.10008,2.84649,,8.63555,,,,3.10574,2.84649,0.37602,73be595d-676a-42c7-8f16-f99e9a025756,2026-03-18,20:16:47.65,2026-03-18T16:16:47.6550000-04:00,2026-03-18T20:16:47.6550000Z,GroundBall,v3,3090,3904,107c2ea495266297e2d9,"Daulton, Brayden",10915191,Right,NOR_SPA,6d7e1793-6f4b-4b82-a430-5d18ce6f5241,54.66255,-121.02691,13.98359,5.43556,-1.95578,-8.45941,-1.44558,6.24168,-6.1328,180,3.10355,77.38017,,,,,,,,2.84767,-41.47702,,,,,,,,0.37864,-92.59586,,,,,,,,,,,,,,,,,,,,,,,,,,,,,,High,High,High,Low,Low,,,,,,,,,,,,,,,,,,,,,,,,,,,,,,,,,,,,,
245,2026-03-18,16:19:43.11,1,1,"Runyon, Jackson",832389,Right,OLD_MON,"Gillespie, Hunter",10298654,Left,NOR_SPA,Undefined,7,Top,0,0,0,Fastball,Changeup,FoulBallNotFieldable,Undefined,Undefined,Undefined,0,0,,85.86327,-1.376272,-2.931148,2053.222739,226.946686,1:30,6.0443,1.6443,6.15815,-25.17415,12.28079,11.90642,2.67295,-0.07406,78.84509,-6.092498,-0.785901,0.44048,80.05839,47.441011,-27.956803,,85.33384,90.82009,-69.41272,218.98162,89.12782,-46.489484,4.954092,-6.98244,7.07721,-1.42749,50,5.92651,5.92586,-124.67702,-3.75892,-11.02155,24.40504,-21.00292,OLD_MON,NOR_SPA,BudMethenyBBStad,D1,SBELT,20260318-BudMethenyBBStad-1,cd05f920-2307-11f1-80d4-29a4b692a077,85.57134,92.82652,,7.01818,,,,1.19607,2.66919,0.08848,73be595d-676a-42c7-8f16-f99e9a025756,2026-03-18,20:19:43.11,2026-03-18T16:19:43.1180000-04:00,2026-03-18T20:19:43.1180000Z,FlyBall,v3,3090,3904,107c2ea495266297e2d9,"Holman, Evan",1000137670,Right,OLD_MON,97758f8c-fddb-4fa0-8ed6-09c3ce795535,54.34756,-125.52515,12.20252,6.04446,-3.02902,-10.50146,-1.64009,6.30888,-5.51078,144.665386,1.23331,69.33576,-18.15487,0.0916,3.7642,-2.09971,0.54165,-0.06812,0.00336,2.66272,86.57527,-24.76324,2.10803,0.22798,-0.37531,0.14135,-0.02314,0.0014,0.10244,-37.50583,-0.33037,0.09677,0.61823,-0.33874,0.07537,-0.00742,0.00025,,,,,,,,,,,,,,,,,,,,,,,High,High,High,High,Low,,,,,,,,,,,,,,,,,,,,,,,,,,,,,,,,,,,,,
246,2026-03-18,16:20:21.87,1,2,"Runyon, Jackson",832389,Right,OLD_MON,"Gillespie, Hunter",10298654,Left,NOR_SPA,Undefined,7,Top,0,0,1,Sinker,Sinker,BallCalled,Undefined,Undefined,Undefined,0,0,,86.95221,-0.049639,-1.523624,1991.427504,244.173614,2:15,5.92811,1.77911,5.99322,-28.37088,8.55827,15.19914,3.51785,1.63325,79.2545,-5.347646,1.209881,0.437377,,,,,,,,,,,,-8.1828,4.78985,-1.66685,50,5.9087,2.72355,-126.27365,-1.03504,-13.15803,26.69227,-24.47194,OLD_MON,NOR_SPA,BudMethenyBBStad,D1,SBELT,20260318-BudMethenyBBStad-1,e41f3630-2307-11f1-80d4-29a4b692a077,86.17836,,,7.69771,,,,,,,73be595d-676a-42c7-8f16-f99e9a025756,2026-03-18,20:20:21.87,2026-03-18T16:20:21.8710000-04:00,2026-03-18T20:20:21.8710000Z,,v3,3090,3904,107c2ea495266297e2d9,"Holman, Evan",1000137670,Right,OLD_MON,87a8a0b0-3614-4d6a-92f1-11631a1d100a,54.51002,-127.22342,13.34614,5.93004,-0.16427,-12.23597,-1.77209,3.19175,-6.57902,,,,,,,,,,,,,,,,,,,,,,,,,,,,,,,,,,,,,,,,,,,,,,,,,,,High,High,High,,,,,,,,,,,,,,,,,,,,,,,,,,,,,,,,,,,,,,,
247,2026-03-18,16:20:36.01,1,3,"Runyon, Jackson",832389,Right,OLD_MON,"Gillespie, Hunter",10298654,Left,NOR_SPA,Undefined,7,Top,0,1,1,Sinker,Changeup,BallCalled,Undefined,Undefined,Undefined,0,0,,86.70812,1.166517,-4.045804,1915.027802,239.519985,2:00,5.94983,1.70609,6.05235,-26.44175,10.5776,16.00265,4.82914,-0.71214,79.12105,-3.786179,-1.175474,0.437911,,,,,,,,,,,,-9.27304,5.48146,-1.39877,50,6.02666,8.23169,-125.70584,1.73326,-14.86487,25.04841,-23.3872,OLD_MON,NOR_SPA,BudMethenyBBStad,D1,SBELT,20260318-BudMethenyBBStad-1,ec8d1c10-2307-11f1-80d4-29a4b692a077,86.07329,,,7.58707,,,,,,,73be595d-676a-42c7-8f16-f99e9a025756,2026-03-18,20:20:36.01,2026-03-18T16:20:36.0190000-04:00,2026-03-18T20:20:36.0190000Z,,v3,3090,3904,107c2ea495266297e2d9,"Holman, Evan",1000137670,Right,OLD_MON,bf72399d-d60c-4ce3-981a-dbcc7157ee26,54.45166,-126.58978,12.52421,5.95094,2.55857,-11.6936,-1.69852,8.75626,-7.43243,,,,,,,,,,,,,,,,,,,,,,,,,,,,,,,,,,,,,,,,,,,,,,,,,,,High,High,High,,,,,,,,,,,,,,,,,,,,,,,,,,,,,,,,,,,,,,,
248,2026-03-18,16:20:54.88,1,4,"Runyon, Jackson",832389,Right,OLD_MON,"Gillespie, Hunter",10298654,Left,NOR_SPA,Undefined,7,Top,0,2,1,Sinker,Changeup,BallCalled,Undefined,Undefined,Undefined,0,0,,86.55598,-1.588275,-2.24862,1871.827022,252.124378,2:30,5.81047,1.79054,5.92327,-30.16269,7.18953,18.55249,1.82142,1.24871,79.23626,-7.178241,1.085324,0.439875,,,,,,,,,,,,-10.14225,4.50799,-1.62083,50,5.66602,4.17428,-125.64507,-4.48856,-16.17009,26.08732,-24.98685,OLD_MON,NOR_SPA,BudMethenyBBStad,D1,SBELT,20260318-BudMethenyBBStad-1,f7ce6d40-2307-11f1-80d4-29a4b692a077,85.68889,,,7.31972,,,,,,,73be595d-676a-42c7-8f16-f99e9a025756,2026-03-18,20:20:54.88,2026-03-18T16:20:54.8880000-04:00,2026-03-18T20:20:54.8880000Z,,v3,3090,3904,107c2ea495266297e2d9,"Holman, Evan",1000137670,Right,OLD_MON,c3ccca31-36e2-43ba-931c-ff617c154ca1,54.58207,-126.59286,13.04366,5.8126,-3.58075,-12.49343,-1.78316,4.76176,-8.08505,,,,,,,,,,,,,,,,,,,,,,,,,,,,,,,,,,,,,,,,,,,,,,,,,,,High,High,High,,,,,,,,,,,,,,,,,,,,,,,,,,,,,,,,,,,,,,,
249,2026-03-18,16:21:11.53,1,5,"Runyon, Jackson",832389,Right,OLD_MON,"Gillespie, Hunter",10298654,Left,NOR_SPA,Undefined,7,Top,0,3,1,Sinker,Changeup,InPlay,Undefined,GroundBall,Out,1,0,,83.71143,-1.725709,-3.611601,1920.773471,248.264863,2:15,5.92976,1.67872,6.06305,-32.3075,7.31898,15.26808,1.6365,-0.39626,77.01877,-7.708929,-0.865306,0.453069,58.77942,-55.808602,155.432405,,,,,3.10286,4.00177,22.937336,0.030478,-8.96674,4.57555,-1.40647,50,5.77787,7.10069,-121.46448,-4.67385,-13.41985,23.39337,-25.32618,OLD_MON,NOR_SPA,BudMethenyBBStad,D1,SBELT,20260318-BudMethenyBBStad-1,01bb2af0-2308-11f1-80d4-29a4b692a077,83.19363,2.18335,,6.69266,,,,4.20657,2.18335,0.59254,73be595d-676a-42c7-8f16-f99e9a025756,2026-03-18,20:21:11.53,2026-03-18T16:21:11.5360000-04:00,2026-03-18T20:21:11.5360000Z,GroundBall,v3,3090,3904,107c2ea495266297e2d9,"Holman, Evan",1000137670,Right,OLD_MON,cc209fa4-b711-4891-9e7f-7ff8eb980d95,54.44438,-122.31744,11.69669,5.93145,-3.7504,-12.66309,-1.67429,7.59,-6.70992,,4.20756,-44.26296,,,,,,,,2.18496,-71.63722,,,,,,,,0.59209,20.23489,,,,,,,,,,,,,,,,,,,,,,,,,,,,,,High,High,High,Low,Low,,,,,,,,,,,,,,,,,,,,,,,,,,,,,,,,,,,,,
250,2026-03-18,16:22:05.04,2,1,"Runyon, Jackson",832389,Right,OLD_MON,"Stewart, Sean",10971665,Right,NOR_SPA,Undefined,7,Top,1,0,0,Sinker,Changeup,BallCalled,Undefined,Undefined,Undefined,0,0,,86.2197,1.091156,-1.504499,1795.810272,238.025776,2:00,6.01668,1.60943,5.82323,-25.98222,12.47426,17.66631,4.86651,1.68245,77.13416,-3.81895,1.660689,0.44633,,,,,,,,,,,,-9.35375,6.40646,-1.49597,50,6.09099,2.50238,-124.89918,1.55991,-14.47116,29.98844,-22.26262,OLD_MON,NOR_SPA,BudMethenyBBStad,D1,SBELT,20260318-BudMethenyBBStad-1,21a666e0-2308-11f1-80d4-29a4b692a077,84.44969,,,9.08555,,,,,,,73be595d-676a-42c7-8f16-f99e9a025756,2026-03-18,20:22:05.04,2026-03-18T16:22:05.0480000-04:00,2026-03-18T20:22:05.0480000Z,,v3,3090,3904,107c2ea495266297e2d9,"Holman, Evan",1000137670,Right,OLD_MON,3f3b901d-2197-464b-b532-b41782135b50,54.67559,-126.01679,14.99422,6.0174,2.3896,-11.13131,-1.59928,3.04169,-7.23558,,,,,,,,,,,,,,,,,,,,,,,,,,,,,,,,,,,,,,,,,,,,,,,,,,,High,High,High,,,,,,,,,,,,,,,,,,,,,,,,,,,,,,,,,,,,,,,
251,2026-03-18,16:22:22.49,2,2,"Runyon, Jackson",832389,Right,OLD_MON,"Stewart, Sean",10971665,Right,NOR_SPA,Undefined,7,Top,1,1,0,Sinker,Changeup,StrikeCalled,Undefined,Undefined,Undefined,0,0,,83.86943,-0.591874,-3.285382,1932.271533,226.294694,1:30,6.07928,1.64013,6.04632,-26.80879,13.19812,12.32804,3.29629,-0.37777,75.8642,-5.643796,-1.070526,0.455238,,,,,,,,,,,,-7.29717,7.39091,-1.38996,50,6.01876,6.47709,-121.52697,-2.05416,-10.79072,26.30413,-21.2447,OLD_MON,NOR_SPA,BudMethenyBBStad,D1,SBELT,20260318-BudMethenyBBStad-1,2c040ed0-2308-11f1-80d4-29a4b692a077,82.79716,,,8.00523,,,,,,,73be595d-676a-42c7-8f16-f99e9a025756,2026-03-18,20:22:22.49,2026-03-18T16:22:22.4950000-04:00,2026-03-18T20:22:22.4950000Z,,v3,3090,3904,107c2ea495266297e2d9,"Holman, Evan",1000137670,Right,OLD_MON,da1254e6-70ee-4266-a1fb-5298af9be7c9,54.45475,-122.48739,13.15206,6.07961,-1.27847,-10.62235,-1.63365,6.87109,-5.39536,,,,,,,,,,,,,,,,,,,,,,,,,,,,,,,,,,,,,,,,,,,,,,,,,,,High,High,High,,,,,,,,,,,,,,,,,,,,,,,,,,,,,,,,,,,,,,,
252,2026-03-18,16:22:39.15,2,3,"Runyon, Jackson",832389,Right,OLD_MON,"Stewart, Sean",10971665,Right,NOR_SPA,Undefined,7,Top,1,1,1,Sinker,Changeup,BallCalled,Undefined,Undefined,Undefined,0,0,,86.75289,-0.137316,-1.877387,1848.248253,234.581199,1:45,6.10666,1.61692,5.87963,-26.58698,11.11394,13.70607,3.76347,1.01476,78.14593,-5.135232,0.581421,0.441924,,,,,,,,,,,,-7.51304,6.13366,-1.4725,50,6.08046,3.52823,-125.75827,-1.15626,-11.84843,29.12874,-22.50098,OLD_MON,NOR_SPA,BudMethenyBBStad,D1,SBELT,20260318-BudMethenyBBStad-1,35fd2890-2308-11f1-80d4-29a4b692a077,85.29169,,,8.60696,,,,,,,73be595d-676a-42c7-8f16-f99e9a025756,2026-03-18,20:22:39.15,2026-03-18T16:22:39.1590000-04:00,2026-03-18T20:22:39.1590000Z,,v3,3090,3904,107c2ea495266297e2d9,"Holman, Evan",1000137670,Right,OLD_MON,eacb6775-2627-429f-a608-5af80d438c95,54.62044,-126.82396,14.56437,6.10771,-0.33305,-11.25049,-1.60951,3.96171,-5.92422,,,,,,,,,,,,,,,,,,,,,,,,,,,,,,,,,,,,,,,,,,,,,,,,,,,High,High,High,,,,,,,,,,,,,,,,,,,,,,,,,,,,,,,,,,,,,,,
253,2026-03-18,16:22:54.59,2,4,"Runyon, Jackson",832389,Right,OLD_MON,"Stewart, Sean",10971665,Right,NOR_SPA,Undefined,7,Top,1,2,1,Sinker,Changeup,BallCalled,Undefined,Undefined,Undefined,0,0,,86.89955,0.493433,-2.724782,1905.837831,239.428329,2:00,5.99496,1.60414,6.08213,-26.99517,10.09642,14.93627,4.20244,0.32578,78.66043,-4.583538,-0.037746,0.438338,,,,,,,,,,,,-8.44477,5.43784,-1.40065,50,6.019,5.37507,-126.03805,0.2376,-13.4592,27.8153,-23.50723,OLD_MON,NOR_SPA,BudMethenyBBStad,D1,SBELT,20260318-BudMethenyBBStad-1,3f270b70-2308-11f1-80d4-29a4b692a077,85.98944,,,8.23912,,,,,,,73be595d-676a-42c7-8f16-f99e9a025756,2026-03-18,20:22:54.59,2026-03-18T16:22:54.5990000-04:00,2026-03-18T20:22:54.5990000Z,,v3,3090,3904,107c2ea495266297e2d9,"Holman, Evan",1000137670,Right,OLD_MON,1d5e3b42-5650-42d8-9559-baafc03c109d,54.41998,-127.00974,13.90765,5.99636,1.0588,-11.75362,-1.59664,5.84525,-6.7296,,,,,,,,,,,,,,,,,,,,,,,,,,,,,,,,,,,,,,,,,,,,,,,,,,,High,High,High,,,,,,,,,,,,,,,,,,,,,,,,,,,,,,,,,,,,,,,
254,2026-03-18,16:23:11.75,2,5,"Runyon, Jackson",832389,Right,OLD_MON,"Stewart, Sean",10971665,Right,NOR_SPA,Undefined,7,Top,1,3,1,Sinker,Changeup,BallCalled,Walk,Undefined,Undefined,0,0,,86.26308,-3.269685,-2.373297,1910.181869,240.898395,2:00,6.02192,1.49531,6.19261,-27.57419,9.88878,15.48765,0.69919,0.59334,78.81654,-8.408336,0.424718,0.440527,,,,,,,,,,,,-8.86174,6.46083,-1.32443,50,5.76089,4.6019,-125.08059,-7.99483,-13.92841,27.08599,-22.01927,OLD_MON,NOR_SPA,BudMethenyBBStad,D1,SBELT,20260318-BudMethenyBBStad-1,495a6f10-2308-11f1-80d4-29a4b692a077,85.56215,,,7.44654,,,,,,,73be595d-676a-42c7-8f16-f99e9a025756,2026-03-18,20:23:11.75,2026-03-18T16:23:11.7550000-04:00,2026-03-18T20:23:11.7550000Z,,v3,3090,3904,107c2ea495266297e2d9,"Holman, Evan",1000137670,Right,OLD_MON,2f703903-fe77-4e33-bf23-eacb962782b0,54.31403,-126.01132,13.543,6.02261,-7.2382,-11.00964,-1.49078,5.08052,-6.96421,,,,,,,,,,,,,,,,,,,,,,,,,,,,,,,,,,,,,,,,,,,,,,,,,,,High,High,High,,,,,,,,,,,,,,,,,,,,,,,,,,,,,,,,,,,,,,,
255,2026-03-18,16:23:40.23,3,1,"Runyon, Jackson",832389,Right,OLD_MON,"Israel, Jayden",1000308312,Right,NOR_SPA,Undefined,7,Top,1,0,0,Slider,Curveball,InPlay,Undefined,GroundBall,Single,0,0,,77.41781,0.079191,-1.755042,2237.09299,82.117005,8:45,5.67602,2.05551,5.46229,-47.26136,0.27421,-8.94567,1.81173,-0.33333,71.11333,-8.535236,-3.348619,0.496228,65.68616,-15.323028,37.784145,,,,,8.62096,2.55501,29.961709,0.072536,4.02331,0.53102,-1.89436,50,5.65042,3.78363,-112.36464,-1.40294,5.12154,21.18288,-31.49807,OLD_MON,NOR_SPA,BudMethenyBBStad,D1,SBELT,20260318-BudMethenyBBStad-1,5a63da80-2308-11f1-80d4-29a4b692a077,75.95798,1.85209,,6.30448,,,,2.1267,1.85209,0.16406,73be595d-676a-42c7-8f16-f99e9a025756,2026-03-18,20:23:40.23,2026-03-18T16:23:40.2330000-04:00,2026-03-18T20:23:40.2330000Z,GroundBall,v3,3090,3904,107c2ea495266297e2d9,"Holman, Evan",1000137670,Right,OLD_MON,07563b98-5aee-4656-b51e-f3c295591ba5,55.04351,-113.31144,10.59144,5.68166,0.00492,-15.74904,-2.05836,3.55471,2.56077,,2.12418,73.64865,,,,,,,,1.85297,-25.53357,,,,,,,,0.16211,57.09511,,,,,,,,,,,,,,,,,,,,,,,,,,,,,,High,High,High,Low,Low,,,,,,,,,,,,,,,,,,,,,,,,,,,,,,,,,,,,,
256,2026-03-18,16:24:24.16,4,1,"Runyon, Jackson",832389,Right,OLD_MON,"Ealey, Thomas",10137346,Left,NOR_SPA,Undefined,7,Top,1,0,0,Sinker,Changeup,StrikeCalled,Undefined,Undefined,Undefined,0,0,,85.03746,-0.688488,-3.573318,1841.703601,248.368947,2:15,5.64215,1.57486,6.26024,-31.78911,6.28579,12.89611,2.3569,-0.6499,78.11518,-6.606962,-1.246626,0.44411,,,,,,,,,,,,-7.67296,3.80571,-1.31547,50,5.57534,7.21925,-123.44952,-2.47091,-11.87055,23.99707,-26.28637,OLD_MON,NOR_SPA,BudMethenyBBStad,D1,SBELT,20260318-BudMethenyBBStad-1,74915c70-2308-11f1-80d4-29a4b692a077,84.87182,,,6.92228,,,,,,,73be595d-676a-42c7-8f16-f99e9a025756,2026-03-18,20:24:24.16,2026-03-18T16:24:24.1690000-04:00,2026-03-18T20:24:24.1690000Z,,v3,3090,3904,107c2ea495266297e2d9,"Holman, Evan",1000137670,Right,OLD_MON,f06d87c8-06ee-48ce-88cc-70c19713f575,54.24552,-124.27206,11.99854,5.64459,-1.5699,-13.14319,-1.56989,7.62613,-5.93528,,,,,,,,,,,,,,,,,,,,,,,,,,,,,,,,,,,,,,,,,,,,,,,,,,,High,High,High,,,,,,,,,,,,,,,,,,,,,,,,,,,,,,,,,,,,,,,
257,2026-03-18,16:24:42.11,4,2,"Runyon, Jackson",832389,Right,OLD_MON,"Ealey, Thomas",10137346,Left,NOR_SPA,Undefined,7,Top,1,0,1,Sinker,Changeup,FoulBallNotFieldable,Undefined,Undefined,Undefined,0,0,,84.64545,-0.08973,-2.020605,1931.746609,226.717539,1:30,5.82667,1.80326,6.02258,-26.3023,12.4193,11.9152,3.55164,0.92373,77.54002,-5.017375,0.122103,0.447866,75.83278,52.558492,-44.839512,4622.954568,57.67293,96.3745,-93.66866,196.6832,75.57419,-63.063782,4.954351,-6.7039,6.77756,-1.65141,50,5.80524,3.87464,-122.97882,-0.99552,-10.28293,24.02635,-21.77818,OLD_MON,NOR_SPA,BudMethenyBBStad,D1,SBELT,20260318-BudMethenyBBStad-1,7f3fbc70-2308-11f1-80d4-29a4b692a077,84.16011,96.37181,,7.10543,,,,0.13036,3.47255,-0.90113,73be595d-676a-42c7-8f16-f99e9a025756,2026-03-18,20:24:42.11,2026-03-18T16:24:42.1100000-04:00,2026-03-18T20:24:42.1100000Z,FlyBall,v3,3090,3904,107c2ea495266297e2d9,"Holman, Evan",1000137670,Right,OLD_MON,ac79c879-79b8-44dd-b965-0af30e639754,54.48256,-123.85148,12.01318,5.82703,-0.20452,-10.88909,-1.79892,4.24812,-5.14146,148.97426,0.164,47.17199,-14.23279,-0.87635,4.2843,-2.38516,0.63138,-0.08202,0.00419,3.45585,88.61068,-26.13466,3.87919,-1.16769,0.23261,-0.00628,-0.00466,0.00047,-0.89093,-47.8769,4.14734,-1.07861,0.67607,-0.27602,0.05821,-0.00591,0.00022,,,,,,,,,,,,,,,,,,,,,,,High,High,High,High,Low,,,,,,,,,,,,,,,,,,,,,,,,,,,,,,,,,,,,,
258,2026-03-18,16:25:04.51,4,3,"Runyon, Jackson",832389,Right,OLD_MON,"Ealey, Thomas",10137346,Left,NOR_SPA,Undefined,7,Top,1,0,2,Slider,Curveball,FoulBallNotFieldable,Undefined,Undefined,Undefined,0,0,,75.24729,1.023537,-0.781795,2172.610904,98.378774,9:15,5.47371,1.85046,5.61849,-47.0838,3.39532,-11.07898,2.50558,0.19747,68.31806,-7.649996,-2.760934,0.511361,60.35362,76.847703,-47.959426,2998.298879,,,,69.51563,22.61226,-76.468835,4.611469,5.38366,1.88004,-1.77626,50,5.53089,1.89767,-109.14044,0.49355,6.40076,21.77289,-29.93881,OLD_MON,NOR_SPA,BudMethenyBBStad,D1,SBELT,20260318-BudMethenyBBStad-1,8ca39f80-2308-11f1-80d4-29a4b692a077,73.71009,90.96467,,6.92923,,,,2.00877,2.58464,-0.22591,73be595d-676a-42c7-8f16-f99e9a025756,2026-03-18,20:25:04.51,2026-03-18T16:25:04.5160000-04:00,2026-03-18T20:25:04.5160000Z,Popup,v3,3090,3904,107c2ea495266297e2d9,"Holman, Evan",1000137670,Right,OLD_MON,1d70483b-8ba3-4ce4-9c46-e145e7349859,54.88555,-110.11077,10.88644,5.47916,1.8278,-14.9694,-1.85448,1.61241,3.20038,,2.00124,13.63621,-8.52208,3.67623,-1.20469,0.27029,-0.02798,-0.00054,0.00023,2.58207,86.2357,-25.16544,2.6796,-0.35853,-0.02665,0.02328,-0.00444,0.00031,-0.23486,-14.75793,-2.40445,2.52568,-1.59227,0.63864,-0.14682,0.01746,-0.00083,,,,,,,,,,,,,,,,,,,,,,,High,High,High,Medium,Low,,,,,,,,,,,,,,,,,,,,,,,,,,,,,,,,,,,,,
259,2026-03-18,16:25:32.37,4,4,"Runyon, Jackson",832389,Right,OLD_MON,"Ealey, Thomas",10137346,Left,NOR_SPA,Undefined,7,Top,1,0,2,Sinker,Changeup,FoulBallNotFieldable,Undefined,Undefined,Undefined,0,0,,85.68385,-0.69589,-2.653343,2002.424721,247.5848,2:15,5.89152,1.99636,6.06106,-29.97364,8.00811,16.39013,2.74886,0.90443,78.16805,-6.285951,0.296777,0.443567,,,,,,,,,,,,-9.24182,4.69394,-1.79887,50,5.82133,5.11733,-124.38289,-2.46548,-14.4098,26.05063,-24.85525,OLD_MON,NOR_SPA,BudMethenyBBStad,D1,SBELT,20260318-BudMethenyBBStad-1,9d3569f0-2308-11f1-80d4-29a4b692a077,84.9758,,,7.5158,,,,,,,73be595d-676a-42c7-8f16-f99e9a025756,2026-03-18,20:25:32.37,2026-03-18T16:25:32.3720000-04:00,2026-03-18T20:25:32.3720000Z,,v3,3090,3904,107c2ea495266297e2d9,"Holman, Evan",1000137670,Right,OLD_MON,110903e4-d62d-4af6-aa41-9f515b71c0fe,54.44426,-125.31023,13.02532,5.89335,-1.58069,-12.42763,-1.99017,5.63029,-7.2049,,,,,,,,,,,,,,,,,,,,,,,,,,,,,,,,,,,,,,,,,,,,,,,,,,,High,High,High,,,,,,,,,,,,,,,,,,,,,,,,,,,,,,,,,,,,,,,
260,2026-03-18,16:25:55.76,4,5,"Runyon, Jackson",832389,Right,OLD_MON,"Ealey, Thomas",10137346,Left,NOR_SPA,Undefined,7,Top,1,0,2,Slider,Curveball,BallCalled,Undefined,Undefined,Undefined,0,0,,75.82537,2.661459,0.070406,2192.753876,85.378266,8:45,5.74546,1.83952,5.2702,-49.16168,1.28272,-6.03142,4.15073,1.40304,68.53036,-6.349359,-0.999245,0.511185,,,,,,,,,,,,3.00268,0.39461,-1.84145,50,5.95346,0.10762,-109.79225,3.45893,3.61894,21.7265,-31.69845,OLD_MON,NOR_SPA,BudMethenyBBStad,D1,SBELT,20260318-BudMethenyBBStad-1,ab2ba1f0-2308-11f1-80d4-29a4b692a077,73.73546,,,7.29501,,,,,,,73be595d-676a-42c7-8f16-f99e9a025756,2026-03-18,20:25:55.76,2026-03-18T16:25:55.7650000-04:00,2026-03-18T20:25:55.7650000Z,,v3,3090,3904,107c2ea495266297e2d9,"Holman, Evan",1000137670,Right,OLD_MON,ac135302-a8ff-4701-a8d9-eda9cc403b86,55.23132,-110.82263,10.86325,5.75377,4.96222,-15.84923,-1.84248,-0.06401,1.80947,,,,,,,,,,,,,,,,,,,,,,,,,,,,,,,,,,,,,,,,,,,,,,,,,,,High,High,High,,,,,,,,,,,,,,,,,,,,,,,,,,,,,,,,,,,,,,,
261,2026-03-18,16:26:15.22,4,6,"Runyon, Jackson",832389,Right,OLD_MON,"Ealey, Thomas",10137346,Left,NOR_SPA,Undefined,7,Top,1,1,2,Slider,Curveball,InPlay,Undefined,GroundBall,Out,1,1,,75.87597,-0.568425,-0.336466,2178.284364,81.098574,8:45,5.79759,1.89672,5.39208,-49.49361,0.3235,-8.60524,1.14031,0.86424,69.51073,-9.578199,-1.870547,0.507996,54.90748,-14.254212,10.665244,,,,,7.72497,7.72497,-0.684584,0.063426,4.25981,0.76346,-1.86024,50,5.71173,0.9692,-110.10727,-2.70291,5.17983,21.28422,-31.24569,OLD_MON,NOR_SPA,BudMethenyBBStad,D1,SBELT,20260318-BudMethenyBBStad-1,b6c636b0-2308-11f1-80d4-29a4b692a077,74.19825,1.26128,,6.36524,,,,2.84542,1.26128,-1.01113,73be595d-676a-42c7-8f16-f99e9a025756,2026-03-18,20:26:15.22,2026-03-18T16:26:15.2210000-04:00,2026-03-18T20:26:15.2210000Z,GroundBall,v3,3090,3904,107c2ea495266297e2d9,"Holman, Evan",1000137670,Right,OLD_MON,993f4ee0-ed06-4a29-9c37-af9e44500fdd,55.11356,-111.09135,10.64211,5.8033,-1.25826,-15.62284,-1.89952,0.7297,2.58991,180,2.84315,76.92489,,,,,,,,1.26186,-19.88598,,,,,,,,-1.01156,14.48679,,,,,,,,,,,,,,,,,,,,,,,,,,,,,,High,High,High,Low,Low,,,,,,,,,,,,,,,,,,,,,,,,,,,,,,,,,,,,,
262,2026-03-18,16:26:50.02,5,1,"Runyon, Jackson",832389,Right,OLD_MON,"Journette, Justin",10074731,Right,NOR_SPA,Undefined,7,Top,2,0,0,Slider,Curveball,BallCalled,Undefined,Undefined,Undefined,0,0,,76.10667,2.431447,0.38222,2200.834837,135.505929,10:30,5.86454,1.6528,5.20933,-40.32892,10.09178,-8.10095,4.79199,1.3372,68.34225,-5.028212,-1.052201,0.511065,,,,,,,,,,,,4.09323,4.81563,-1.68207,50,6.06023,-0.39955,-110.09186,3.36794,4.94105,22.54112,-26.36094,OLD_MON,NOR_SPA,BudMethenyBBStad,D1,SBELT,20260318-BudMethenyBBStad-1,cb86ddc0-2308-11f1-80d4-29a4b692a077,73.75279,,,7.76442,,,,,,,73be595d-676a-42c7-8f16-f99e9a025756,2026-03-18,20:26:50.02,2026-03-18T16:26:50.0260000-04:00,2026-03-18T20:26:50.0260000Z,,v3,3090,3904,107c2ea495266297e2d9,"Holman, Evan",1000137670,Right,OLD_MON,5e44c5d7-dd17-4489-bfb0-e8bfe5f7d050,55.28844,-111.16939,11.27056,5.86911,4.62806,-13.18047,-1.65733,-0.63575,2.47053,,,,,,,,,,,,,,,,,,,,,,,,,,,,,,,,,,,,,,,,,,,,,,,,,,,High,High,High,,,,,,,,,,,,,,,,,,,,,,,,,,,,,,,,,,,,,,,
263,2026-03-18,16:27:04.40,5,2,"Runyon, Jackson",832389,Right,OLD_MON,"Journette, Justin",10074731,Right,NOR_SPA,Undefined,7,Top,2,1,0,Sinker,Sinker,FoulBallNotFieldable,Undefined,Undefined,Undefined,0,0,,86.11446,-1.622826,-3.275316,1971.620846,227.785657,1:30,5.94054,1.46891,6.10748,-28.48797,9.19808,8.74213,2.06286,-0.83496,78.4857,-6.940694,-1.702119,0.441837,71.20249,40.305501,45.645697,4927.036448,61.17025,66.65157,91.42318,180.22031,113.51768,61.217903,4.415674,-5.49083,5.6065,-1.22136,50,5.80063,6.79882,-124.8523,-4.43651,-8.60963,26.69463,-23.383,OLD_MON,NOR_SPA,BudMethenyBBStad,D1,SBELT,20260318-BudMethenyBBStad-1,d413e460-2308-11f1-80d4-29a4b692a077,85.30853,67.00309,,7.62875,,,,0.58861,1.94972,1.2207,73be595d-676a-42c7-8f16-f99e9a025756,2026-03-18,20:27:04.40,2026-03-18T16:27:04.4000000-04:00,2026-03-18T20:27:04.4000000Z,FlyBall,v3,3090,3904,107c2ea495266297e2d9,"Holman, Evan",1000137670,Right,OLD_MON,1e3fb382-bc6e-4fc8-af6a-b17f0c8bc181,54.39647,-125.78879,13.34732,5.94188,-3.61619,-11.6915,-1.46517,7.10086,-4.30482,,0.69129,53.19221,-7.06875,-17.22567,19.28973,-9.88108,2.66038,-0.36025,0.01935,1.95282,67.59456,-20.9714,3.93214,-3.23209,2.04062,-0.69057,0.11527,-0.00748,1.20416,57.45983,-8.2394,6.3131,-6.7069,3.88713,-1.20365,0.18702,-0.01145,,,,,,,,,,,,,,,,,,,,,,,High,High,High,High,Low,,,,,,,,,,,,,,,,,,,,,,,,,,,,,,,,,,,,,
264,2026-03-18,16:27:24.59,5,3,"Runyon, Jackson",832389,Right,OLD_MON,"Journette, Justin",10074731,Right,NOR_SPA,Undefined,7,Top,2,1,1,Sinker,Changeup,InPlay,Undefined,LineDrive,Single,0,0,,86.8829,-1.083153,-2.868076,1842.49698,254.278184,2:30,5.94706,1.53836,6.17606,-30.86037,6.16347,17.32316,2.37357,0.33072,78.8476,-6.84706,0.257295,0.437937,100.82563,9.416002,11.837944,3126.753264,105.72228,12.39983,30.37629,192.84413,192.84413,19.973055,1.803647,-9.86831,3.89851,-1.32978,50,5.84936,5.62606,-126.0406,-3.37211,-15.69366,28.34407,-25.9742,OLD_MON,NOR_SPA,BudMethenyBBStad,D1,SBELT,20260318-BudMethenyBBStad-1,e019be10-2308-11f1-80d4-29a4b692a077,86.06809,12.42409,,8.0353,,,,0.81577,2.33966,-0.3134,73be595d-676a-42c7-8f16-f99e9a025756,2026-03-18,20:27:24.59,2026-03-18T16:27:24.5900000-04:00,2026-03-18T20:27:24.5900000Z,LineDrive,v3,3090,3904,107c2ea495266297e2d9,"Holman, Evan",1000137670,Right,OLD_MON,691cb94a-a67e-42ba-b4fe-fde0bd06e69c,54.32871,-127.01032,14.17204,5.94952,-2.48347,-12.9871,-1.53145,6.16297,-7.84683,244.216537,0.81578,142.78075,-33.67521,7.73451,-1.46321,-0.10739,0.30549,-0.13039,0.01951,2.33965,24.19448,-14.7892,0.37429,-0.28293,0.56687,-0.46181,0.17489,-0.02545,-0.31341,29.92927,7.36361,-3.10579,0.57694,0.43526,-0.49061,0.19667,-0.02915,,,,,,,,,,,,,,,,,,,,,,,High,High,High,High,High,,,,,,,,,,,,,,,,,,,,,,,,,,,,,,,,,,,,,
265,2026-03-18,16:28:03.00,6,1,"Runyon, Jackson",832389,Right,OLD_MON,"Mazell, Cameron",10030987,Left,NOR_SPA,Undefined,7,Top,2,0,0,Sinker,Changeup,BallCalled,Undefined,Undefined,Undefined,0,0,,84.60783,1.331882,-2.485199,1873.110837,244.950805,2:15,5.81535,1.70017,6.13403,-29.60958,9.00658,16.73946,4.5804,0.79647,77.39591,-4.207491,0.529223,0.447256,,,,,,,,,,,,-9.25796,4.66331,-1.5183,50,5.90193,4.66996,-122.87627,1.94324,-14.18692,23.82305,-25.028,OLD_MON,NOR_SPA,BudMethenyBBStad,D1,SBELT,20260318-BudMethenyBBStad-1,f6fcf700-2308-11f1-80d4-29a4b692a077,84.2749,,,7.21191,,,,,,,73be595d-676a-42c7-8f16-f99e9a025756,2026-03-18,20:28:03.00,2026-03-18T16:28:03.0030000-04:00,2026-03-18T20:28:03.0030000Z,,v3,3090,3904,107c2ea495266297e2d9,"Holman, Evan",1000137670,Right,OLD_MON,aeaa97bb-db78-4a4a-b9b4-96acbe8ba6ab,54.3705,-123.72071,11.91153,5.81732,2.8304,-12.514,-1.69275,5.17283,-7.09346,,,,,,,,,,,,,,,,,,,,,,,,,,,,,,,,,,,,,,,,,,,,,,,,,,,High,High,High,,,,,,,,,,,,,,,,,,,,,,,,,,,,,,,,,,,,,,,
266,2026-03-18,16:28:22.22,6,2,"Runyon, Jackson",832389,Right,OLD_MON,"Mazell, Cameron",10030987,Left,NOR_SPA,Undefined,7,Top,2,1,0,Sinker,Changeup,FoulBallNotFieldable,Undefined,Undefined,Undefined,0,0,,83.61608,0.004536,-2.210582,1797.236206,224.202203,1:30,5.5496,1.77992,5.98323,-27.66061,11.9932,10.49969,3.24876,0.60469,76.79152,-5.161439,-0.324275,0.453225,,,,,,,,,,,,-5.99933,6.52591,-1.61098,50,5.53454,4.2841,-121.48706,-0.83802,-9.00477,22.84106,-22.3789,OLD_MON,NOR_SPA,BudMethenyBBStad,D1,SBELT,20260318-BudMethenyBBStad-1,02766f30-2309-11f1-80d4-29a4b692a077,83.16496,,,6.82455,,,,,,,73be595d-676a-42c7-8f16-f99e9a025756,2026-03-18,20:28:22.22,2026-03-18T16:28:22.2240000-04:00,2026-03-18T20:28:22.2240000Z,,v3,3090,3904,107c2ea495266297e2d9,"Holman, Evan",1000137670,Right,OLD_MON,d7f41281-1b12-4904-8fb3-6a1d21af4b13,54.52201,-122.3343,11.42053,5.55023,-0.00792,-11.18945,-1.77608,4.61811,-4.50239,,,,,,,,,,,,,,,,,,,,,,,,,,,,,,,,,,,,,,,,,,,,,,,,,,,High,High,High,,,,,,,,,,,,,,,,,,,,,,,,,,,,,,,,,,,,,,,
267,2026-03-18,16:28:42.23,6,3,"Runyon, Jackson",832389,Right,OLD_MON,"Mazell, Cameron",10030987,Left,NOR_SPA,Undefined,7,Top,2,1,1,Sinker,Changeup,BallCalled,Undefined,Undefined,Undefined,0,0,,85.33838,-0.632255,-1.665237,1864.932,252.482464,2:30,5.81968,1.79564,6.08276,-31.91663,6.38701,16.19611,2.57469,1.60412,77.76868,-6.577671,1.254107,0.445442,,,,,,,,,,,,-8.75367,3.90103,-1.67477,50,5.75418,2.94088,-123.90796,-2.39829,-13.51935,26.28242,-26.14922,OLD_MON,NOR_SPA,BudMethenyBBStad,D1,SBELT,20260318-BudMethenyBBStad-1,0e60aa90-2309-11f1-80d4-29a4b692a077,84.61803,,,7.56971,,,,,,,73be595d-676a-42c7-8f16-f99e9a025756,2026-03-18,20:28:42.23,2026-03-18T16:28:42.2330000-04:00,2026-03-18T20:28:42.2330000Z,,v3,3090,3904,107c2ea495266297e2d9,"Holman, Evan",1000137670,Right,OLD_MON,1e34fa29-04ab-4f39-9f83-aed1eb090920,54.42025,-124.84203,13.14121,5.8229,-1.46896,-13.07461,-1.78782,3.42135,-6.75968,,,,,,,,,,,,,,,,,,,,,,,,,,,,,,,,,,,,,,,,,,,,,,,,,,,High,High,High,,,,,,,,,,,,,,,,,,,,,,,,,,,,,,,,,,,,,,,
268,2026-03-18,16:28:57.47,6,4,"Runyon, Jackson",832389,Right,OLD_MON,"Mazell, Cameron",10030987,Left,NOR_SPA,Undefined,7,Top,2,2,1,Sinker,Changeup,StrikeSwinging,Undefined,Undefined,Undefined,0,0,,84.81579,-0.448352,-4.294827,1975.787118,250.129726,2:15,5.83124,1.84073,6.07725,-31.60171,7.27733,16.55103,2.78171,-0.76169,77.25596,-6.336674,-1.322924,0.448776,,,,,,,,,,,,-9.78229,4.26591,-1.51635,50,5.77967,8.57911,-122.90954,-1.96406,-14.89199,25.45727,-25.67987,OLD_MON,NOR_SPA,BudMethenyBBStad,D1,SBELT,20260318-BudMethenyBBStad-1,17790140-2309-11f1-80d4-29a4b692a077,83.98949,,,7.55983,,,,,,,73be595d-676a-42c7-8f16-f99e9a025756,2026-03-18,20:28:57.47,2026-03-18T16:28:57.4720000-04:00,2026-03-18T20:28:57.4720000Z,,v3,3090,3904,107c2ea495266297e2d9,"Holman, Evan",1000137670,Right,OLD_MON,fc72f8e3-00fa-46bb-a06f-4e75e76c1909,54.42771,-123.82322,12.72864,5.83362,-1.04239,-12.83994,-1.83386,9.11359,-7.44599,,,,,,,,,,,,,,,,,,,,,,,,,,,,,,,,,,,,,,,,,,,,,,,,,,,High,High,High,,,,,,,,,,,,,,,,,,,,,,,,,,,,,,,,,,,,,,,
269,2026-03-18,16:29:15.19,6,5,"Runyon, Jackson",832389,Right,OLD_MON,"Mazell, Cameron",10030987,Left,NOR_SPA,Undefined,7,Top,2,2,2,Sinker,Changeup,BallCalled,Undefined,Undefined,Undefined,0,0,,85.72748,-0.251328,-1.136733,1910.713785,249.12479,2:15,5.84407,1.71482,5.9438,-30.36687,7.53882,16.66241,3.0803,2.04869,78.5332,-5.89357,1.858319,0.443122,,,,,,,,,,,,-8.81473,4.315,-1.63325,50,5.80701,1.78921,-124.56824,-1.54343,-13.8469,25.08116,-25.39567,OLD_MON,NOR_SPA,BudMethenyBBStad,D1,SBELT,20260318-BudMethenyBBStad-1,22033770-2309-11f1-80d4-29a4b692a077,85.06102,,,7.19427,,,,,,,73be595d-676a-42c7-8f16-f99e9a025756,2026-03-18,20:29:15.19,2026-03-18T16:29:15.1910000-04:00,2026-03-18T20:29:15.1910000Z,,v3,3090,3904,107c2ea495266297e2d9,"Holman, Evan",1000137670,Right,OLD_MON,3a1d2a92-e078-4d0f-b3cc-c0ff4d22d786,54.5607,-125.48315,12.54058,5.84642,-0.61704,-12.69784,-1.70773,2.29432,-6.92345,,,,,,,,,,,,,,,,,,,,,,,,,,,,,,,,,,,,,,,,,,,,,,,,,,,High,High,High,,,,,,,,,,,,,,,,,,,,,,,,,,,,,,,,,,,,,,,
270,2026-03-18,16:29:35.26,6,6,"Runyon, Jackson",832389,Right,OLD_MON,"Mazell, Cameron",10030987,Left,NOR_SPA,Undefined,7,Top,2,3,2,Sinker,Changeup,BallCalled,Walk,Undefined,Undefined,0,0,,85.71918,-2.588779,-3.092793,1961.658506,246.882548,2:15,5.66437,1.59333,5.94874,-29.31356,8.87119,17.82414,0.81511,0.20704,78.44378,-8.023164,0.109653,0.44475,,,,,,,,,,,,-10.1278,5.66276,-1.35714,50,5.44116,6.01471,-124.27368,-6.57021,-15.77193,25.88132,-23.35545,OLD_MON,NOR_SPA,BudMethenyBBStad,D1,SBELT,20260318-BudMethenyBBStad-1,2dfb5580-2309-11f1-80d4-29a4b692a077,84.74963,,,7.27539,,,,,,,73be595d-676a-42c7-8f16-f99e9a025756,2026-03-18,20:29:35.26,2026-03-18T16:29:35.2650000-04:00,2026-03-18T20:29:35.2650000Z,,v3,3090,3904,107c2ea495266297e2d9,"Holman, Evan",1000137670,Right,OLD_MON,a9795a9d-7647-4792-b73a-e814d62a0329,54.55762,-125.21926,12.94066,5.66562,-5.71691,-11.67772,-1.58741,6.59094,-7.88596,,,,,,,,,,,,,,,,,,,,,,,,,,,,,,,,,,,,,,,,,,,,,,,,,,,High,High,High,,,,,,,,,,,,,,,,,,,,,,,,,,,,,,,,,,,,,,,
271,2026-03-18,16:30:05.91,7,1,"Runyon, Jackson",832389,Right,OLD_MON,"Jefferson, Emmett",1000258532,Right,NOR_SPA,Undefined,7,Top,2,0,0,Slider,Slider,StrikeSwinging,Undefined,Undefined,Undefined,0,0,,76.48129,-0.513097,-0.097053,2295.296131,83.482178,8:45,5.84225,1.66226,5.42932,-49.02629,0.535,-11.49922,1.27612,0.61309,69.21781,-9.481758,-2.148378,0.50669,,,,,,,,,,,,5.82803,0.86784,-1.64512,50,5.76259,0.62039,-110.85847,-2.57952,7.08825,24.007,-31.11856,OLD_MON,NOR_SPA,BudMethenyBBStad,D1,SBELT,20260318-BudMethenyBBStad-1,40453030-2309-11f1-80d4-29a4b692a077,74.38948,,,7.26348,,,,,,,73be595d-676a-42c7-8f16-f99e9a025756,2026-03-18,20:30:05.91,2026-03-18T16:30:05.9110000-04:00,2026-03-18T20:30:05.9110000Z,,v3,3090,3904,107c2ea495266297e2d9,"Holman, Evan",1000137670,Right,OLD_MON,e066e3c3-969a-4584-9f7a-e3e819b15804,55.07558,-111.95221,12.0035,5.84781,-1.16177,-15.55928,-1.66603,0.29745,3.54413,,,,,,,,,,,,,,,,,,,,,,,,,,,,,,,,,,,,,,,,,,,,,,,,,,,High,High,High,,,,,,,,,,,,,,,,,,,,,,,,,,,,,,,,,,,,,,,
272,2026-03-18,16:30:22.73,7,2,"Runyon, Jackson",832389,Right,OLD_MON,"Jefferson, Emmett",1000258532,Right,NOR_SPA,Undefined,7,Top,2,0,1,Sinker,Changeup,HitByPitch,Undefined,Undefined,Undefined,0,1,,85.49594,1.070302,-0.62583,1926.514721,253.573517,2:30,5.81699,1.77623,5.91748,-31.77218,6.6013,18.13115,4.16287,2.70628,77.77142,-4.846583,2.629924,0.445848,,,,,,,,,,,,-9.64449,3.37429,-1.73708,50,5.88455,0.65411,-124.20431,1.2889,-14.94568,26.72899,-26.94508,OLD_MON,NOR_SPA,BudMethenyBBStad,D1,SBELT,20260318-BudMethenyBBStad-1,4a421a80-2309-11f1-80d4-29a4b692a077,84.54096,,,7.72452,,,,,,,73be595d-676a-42c7-8f16-f99e9a025756,2026-03-18,20:30:22.73,2026-03-18T16:30:22.7330000-04:00,2026-03-18T20:30:22.7330000Z,,v3,3090,3904,107c2ea495266297e2d9,"Holman, Evan",1000137670,Right,OLD_MON,ebac7481-1f1e-437a-830e-0db81e66525f,54.58969,-125.18813,13.3645,5.81886,2.28067,-13.47254,-1.77128,1.20421,-7.47284,,,,,,,,,,,,,,,,,,,,,,,,,,,,,,,,,,,,,,,,,,,,,,,,,,,High,High,High,,,,,,,,,,,,,,,,,,,,,,,,,,,,,,,,,,,,,,,
273,2026-03-18,16:33:35.95,8,1,"Runyon, Jackson",832389,Right,OLD_MON,"Daulton, Brayden",10915191,Right,NOR_SPA,Undefined,7,Top,2,0,0,Slider,Curveball,StrikeSwinging,Undefined,Undefined,Undefined,0,0,,74.83861,-0.182614,-0.709889,2104.62381,92.075182,9:00,6.18991,0.56942,5.31135,-49.79873,2.53516,-13.30013,1.86858,-1.20534,67.31456,-9.304149,-3.075469,0.520671,,,,,,,,,,,,6.37492,1.95201,-0.49504,50,6.13785,1.86115,-108.3289,-1.95997,7.36477,23.82476,-29.91895,OLD_MON,NOR_SPA,BudMethenyBBStad,D1,SBELT,20260318-BudMethenyBBStad-1,bd8390f0-2309-11f1-80d4-29a4b692a077,72.39211,,,7.52405,,,,,,,73be595d-676a-42c7-8f16-f99e9a025756,2026-03-18,20:33:35.95,2026-03-18T16:33:35.9570000-04:00,2026-03-18T20:33:35.9570000Z,,v3,3090,3904,107c2ea495266297e2d9,"Holman, Evan",1000137670,Right,OLD_MON,37ff1aa4-97ec-4d79-8ba1-84b725760693,55.1896,-109.4643,11.91238,6.19728,-0.53414,-14.95948,-0.57537,1.51017,3.68239,,,,,,,,,,,,,,,,,,,,,,,,,,,,,,,,,,,,,,,,,,,,,,,,,,,High,High,High,,,,,,,,,,,,,,,,,,,,,,,,,,,,,,,,,,,,,,,
274,2026-03-18,16:33:54.03,8,2,"Runyon, Jackson",832389,Right,OLD_MON,"Daulton, Brayden",10915191,Right,NOR_SPA,Undefined,7,Top,2,0,1,Slider,Curveball,StrikeCalled,Undefined,Undefined,Undefined,0,0,,75.70762,-0.571129,0.208747,2134.610488,131.768168,10:30,6.25585,0.59138,5.00853,-44.08711,6.89469,-5.70146,2.04276,0.31332,68.8764,-8.601821,-0.799637,0.5139,,,,,,,,,,,,2.90295,4.09532,-0.60653,50,6.16562,-0.1738,-109.70313,-2.57203,3.49311,21.68994,-27.24619,OLD_MON,NOR_SPA,BudMethenyBBStad,D1,SBELT,20260318-BudMethenyBBStad-1,c8468a60-2309-11f1-80d4-29a4b692a077,73.3458,,,6.83122,,,,,,,73be595d-676a-42c7-8f16-f99e9a025756,2026-03-18,20:33:54.03,2026-03-18T16:33:54.0350000-04:00,2026-03-18T20:33:54.0350000Z,,v3,3090,3904,107c2ea495266297e2d9,"Holman, Evan",1000137670,Right,OLD_MON,7dc95f7f-124b-4f00-9eab-e636678cea16,55.49455,-110.78416,10.84497,6.25997,-1.21408,-13.62309,-0.59353,-0.3479,1.74656,,,,,,,,,,,,,,,,,,,,,,,,,,,,,,,,,,,,,,,,,,,,,,,,,,,High,High,High,,,,,,,,,,,,,,,,,,,,,,,,,,,,,,,,,,,,,,,
275,2026-03-18,16:34:12.81,8,3,"Runyon, Jackson",832389,Right,OLD_MON,"Daulton, Brayden",10915191,Right,NOR_SPA,Undefined,7,Top,2,0,2,Slider,Slider,StrikeCalled,Strikeout,Undefined,Undefined,0,0,,76.81577,-0.102034,0.472282,2168.52688,137.787455,10:30,6.27753,0.40462,4.83325,-43.89888,5.67811,-3.63792,2.52266,0.54875,70.14731,-8.063215,-0.168846,0.506771,,,,,,,,,,,,1.93543,3.30225,-0.44811,50,6.22994,-0.76855,-111.3471,-1.73842,2.41368,21.23281,-28.0558,OLD_MON,NOR_SPA,BudMethenyBBStad,D1,SBELT,20260318-BudMethenyBBStad-1,d37230b0-2309-11f1-80d4-29a4b692a077,74.37772,,,6.66847,,,,,,,73be595d-676a-42c7-8f16-f99e9a025756,2026-03-18,20:34:12.81,2026-03-18T16:34:12.8110000-04:00,2026-03-18T20:34:12.8110000Z,,v3,3090,3904,107c2ea495266297e2d9,"Holman, Evan",1000137670,Right,OLD_MON,0ef02f1d-f1c7-4446-b706-8dd8700fb12e,55.6702,-112.42316,10.6164,6.28201,-0.31658,-14.0279,-0.40606,-0.89087,1.20684,,,,,,,,,,,,,,,,,,,,,,,,,,,,,,,,,,,,,,,,,,,,,,,,,,,High,High,High,,,,,,,,,,,,,,,,,,,,,,,,,,,,,,,,,,,,,,,