PitchNo,Date,Time,PAofInning,PitchofPA,Pitcher,PitcherId,PitcherThrows,PitcherTeam,Batter,BatterId,BatterSide,BatterTeam,PitcherSet,Inning,Top/Bottom,Outs,Balls,Strikes,TaggedPitchType,AutoPitchType,PitchCall,KorBB,TaggedHitType,PlayResult,OutsOnPlay,RunsScored,Notes,RelSpeed,VertRelAngle,HorzRelAngle,SpinRate,SpinAxis,Tilt,RelHeight,RelSide,Extension,VertBreak,InducedVertBreak,HorzBreak,PlateLocHeight,PlateLocSide,ZoneSpeed,VertApprAngle,HorzApprAngle,ZoneTime,ExitSpeed,Angle,Direction,HitSpinRate,PositionAt110X,PositionAt110Y,PositionAt110Z,Distance,LastTrackedDistance,Bearing,HangTime,pfxx,pfxz,x0,y0,z0,vx0,vy0,vz0,ax0,ay0,az0,HomeTeam,AwayTeam,Stadium,Level,League,GameID,PitchUID,EffectiveVelo,MaxHeight,MeasuredDuration,SpeedDrop,PitchLastMeasuredX,PitchLastMeasuredY,PitchLastMeasuredZ,ContactPositionX,ContactPositionY,ContactPositionZ,GameUID,UTCDate,UTCTime,LocalDateTime,UTCDateTime,AutoHitType,System,HomeTeamForeignID,AwayTeamForeignID,GameForeignID,Catcher,CatcherId,CatcherThrows,CatcherTeam,PlayID,PitchTrajectoryXc0,PitchTrajectoryXc1,PitchTrajectoryXc2,PitchTrajectoryYc0,PitchTrajectoryYc1,PitchTrajectoryYc2,PitchTrajectoryZc0,PitchTrajectoryZc1,PitchTrajectoryZc2,HitSpinAxis,HitTrajectoryXc0,HitTrajectoryXc1,HitTrajectoryXc2,HitTrajectoryXc3,HitTrajectoryXc4,HitTrajectoryXc5,HitTrajectoryXc6,HitTrajectoryXc7,HitTrajectoryXc8,HitTrajectoryYc0,HitTrajectoryYc1,HitTrajectoryYc2,HitTrajectoryYc3,HitTrajectoryYc4,HitTrajectoryYc5,HitTrajectoryYc6,HitTrajectoryYc7,HitTrajectoryYc8,HitTrajectoryZc0,HitTrajectoryZc1,HitTrajectoryZc2,HitTrajectoryZc3,HitTrajectoryZc4,HitTrajectoryZc5,HitTrajectoryZc6,HitTrajectoryZc7,HitTrajectoryZc8,ThrowSpeed,PopTime,ExchangeTime,TimeToBase,CatchPositionX,CatchPositionY,CatchPositionZ,ThrowPositionX,ThrowPositionY,ThrowPositionZ,BasePositionX,BasePositionY,BasePositionZ,ThrowTrajectoryXc0,ThrowTrajectoryXc1,ThrowTrajectoryXc2,ThrowTrajectoryYc0,ThrowTrajectoryYc1,ThrowTrajectoryYc2,ThrowTrajectoryZc0,ThrowTrajectoryZc1,ThrowTrajectoryZc2,PitchReleaseConfidence,PitchLocationConfidence,PitchMovementConfidence,HitLaunchConfidence,HitLandingConfidence,CatcherThrowCatchConfidence,CatcherThrowReleaseConfidence,CatcherThrowLocationConfidence,SpinAxis3dTransverseAngle,SpinAxis3dLongitudinalAngle,SpinAxis3dActiveSpinRate,SpinAxis3dSpinEfficiency,SpinAxis3dTilt,SpinAxis3dVectorX,SpinAxis3dVectorY,SpinAxis3dVectorZ,SpinAxis3dSeamOrientationRotationX,SpinAxis3dSeamOrientationRotationY,SpinAxis3dSeamOrientationRotationZ,SpinAxis3dSeamOrientationBallAngleHorizontalAmb1,SpinAxis3dSeamOrientationBallAngleVerticalAmb1,SpinAxis3dSeamOrientationBallXAmb1,SpinAxis3dSeamOrientationBallYAmb1,SpinAxis3dSeamOrientationBallZAmb1,SpinAxis3dSeamOrientationBallAngleHorizontalAmb2,SpinAxis3dSeamOrientationBallAngleVerticalAmb2,SpinAxis3dSeamOrientationBallXAmb2,SpinAxis3dSeamOrientationBallYAmb2,SpinAxis3dSeamOrientationBallZAmb2,SpinAxis3dSeamOrientationBallAngleHorizontalAmb3,SpinAxis3dSeamOrientationBallAngleVerticalAmb3,SpinAxis3dSeamOrientationBallXAmb3,SpinAxis3dSeamOrientationBallYAmb3,SpinAxis3dSeamOrientationBallZAmb3,SpinAxis3dSeamOrientationBallAngleHorizontalAmb4,SpinAxis3dSeamOrientationBallAngleVerticalAmb4,SpinAxis3dSeamOrientationBallXAmb4,SpinAxis3dSeamOrientationBallYAmb4,SpinAxis3dSeamOrientationBallZAmb4,BatSpeed,VerticalAttackAngle,HorizontalAttackAngle
1,2026-03-18,21:05:12.33,1,1,"Aivazian, Robert",811212,Right,SAN_BRO,"Rispoli, Robert",10111517,Right,UCO_HUS,Undefined,1,Top,0,0,0,Fastball,Changeup,BallCalled,Undefined,Undefined,Undefined,0,0,,89.4755,-2.912434,-4.024036,1452.537913,217.416149,1:15,6.85236,1.21875,5.73685,-21.37395,13.88796,9.76075,2.35009,-1.72121,82.00812,-6.894885,-2.282494,0.42739,,,,,,,,,,,,-6.04914,8.2065,-0.88914,50,6.596,8.68718,-129.50897,-7.30739,-10.29413,26.54641,-18.20859,SAN_BRO,UCO_HUS,StephenSchottBBS,D1,WCC,20260318-StephenSchottBBS-1,aeb3f3a0-232f-11f1-bc73-db1efe8e085b,88.19217,,,7.46738,,,,,,,4f91a5e0-4f32-4f63-8172-e61544f835a3,2026-03-19,01:05:12.33,2026-03-18T21:05:12.3374592-04:00,2026-03-19T01:05:12.3374592Z,,v3,471436,471275,10559,"Wheeler, Mace",1000367898,Right,SAN_BRO,120e40d1-b4a1-4aef-beac-1e3cd09c6c0c,54.76184,-130.48139,13.27321,6.85146,-6.64039,-9.10429,-1.21426,9.06426,-5.14707,,,,,,,,,,,,,,,,,,,,,,,,,,,,,,,,,,,,,,,,,,,,,,,,,,,High,High,High,,,,,,,,,,,,,,,,,,,,,,,,,,,,,,,,,,,,,,,
2,2026-03-18,21:05:23.37,1,2,"Aivazian, Robert",811212,Right,SAN_BRO,"Rispoli, Robert",10111517,Right,UCO_HUS,Undefined,1,Top,0,1,0,Fastball,Changeup,StrikeCalled,Undefined,Undefined,Undefined,0,0,,88.80867,-3.186178,-3.61273,1715.46611,210.208902,1:00,6.73931,1.42236,5.63427,-19.88497,15.94528,8.62957,2.10056,-1.23364,81.59922,-6.893186,-2.075092,0.430821,,,,,,,,,,,,-5.33146,9.27705,-1.1203,50,6.45488,7.74571,-128.58799,-7.81709,-8.96739,25.52271,-16.57022,SAN_BRO,UCO_HUS,StephenSchottBBS,D1,WCC,20260318-StephenSchottBBS-1,b53f5de0-232f-11f1-bc73-db1efe8e085b,87.48987,,,7.20945,,,,,,,4f91a5e0-4f32-4f63-8172-e61544f835a3,2026-03-19,01:05:23.37,2026-03-18T21:05:23.3732608-04:00,2026-03-19T01:05:23.3732608Z,,v3,471436,471275,10559,"Wheeler, Mace",1000367898,Right,SAN_BRO,14b65d9b-f6b0-4ce4-b651-368e49a3a277,54.86493,-129.55001,12.76136,6.73775,-7.19252,-8.28511,-1.41862,8.08371,-4.48369,,,,,,,,,,,,,,,,,,,,,,,,,,,,,,,,,,,,,,,,,,,,,,,,,,,High,High,High,,,,,,,,,,,,,,,,,,,,,,,,,,,,,,,,,,,,,,,
3,2026-03-18,21:05:37.34,1,3,"Aivazian, Robert",811212,Right,SAN_BRO,"Rispoli, Robert",10111517,Right,UCO_HUS,Undefined,1,Top,0,1,1,Slider,Curveball,StrikeCalled,Undefined,Undefined,Undefined,0,0,,75.83541,0.163433,-2.246618,2434.099927,42.939582,7:30,6.6832,1.61788,5.28063,-56.20535,-6.23709,-7.29016,2.15303,-1.10066,69.8,-9.995924,-3.54191,0.508766,,,,,,,,,,,,2.98681,-2.68012,-1.40731,50,6.65686,4.59731,-110.01072,-1.59123,3.63893,20.58178,-35.43928,SAN_BRO,UCO_HUS,StephenSchottBBS,D1,WCC,20260318-StephenSchottBBS-1,bda5a2a0-232f-11f1-bc73-db1efe8e085b,74.08594,,,6.03541,,,,,,,4f91a5e0-4f32-4f63-8172-e61544f835a3,2026-03-19,01:05:37.34,2026-03-18T21:05:37.3492736-04:00,2026-03-19T01:05:37.3492736Z,,v3,471436,471275,10559,"Wheeler, Mace",1000367898,Right,SAN_BRO,15154a6b-7fe9-4a1f-8d8d-961110aca1d1,55.2206,-110.98313,10.29089,6.69249,0.08316,-17.71964,-1.62045,4.42538,1.81946,,,,,,,,,,,,,,,,,,,,,,,,,,,,,,,,,,,,,,,,,,,,,,,,,,,High,High,High,,,,,,,,,,,,,,,,,,,,,,,,,,,,,,,,,,,,,,,
4,2026-03-18,21:05:51.86,1,4,"Aivazian, Robert",811212,Right,SAN_BRO,"Rispoli, Robert",10111517,Right,UCO_HUS,Undefined,1,Top,0,1,2,Slider,Curveball,InPlay,Undefined,GroundBall,Out,1,0,,76.72662,-0.258608,-1.072764,2433.809069,44.322176,7:30,6.63021,1.67566,4.98872,-57.93168,-8.50083,-9.88465,1.55833,-0.16115,70.53651,-10.662848,-2.823478,0.506023,86.01927,-13.74234,-4.336665,,,,,8.05274,8.05274,-4.223342,0.054893,4.59918,-3.71544,-1.56381,50,6.5577,2.47808,-111.30625,-2.56338,5.71809,21.64953,-36.79341,SAN_BRO,UCO_HUS,StephenSchottBBS,D1,WCC,20260318-StephenSchottBBS-1,c6465850-232f-11f1-bc73-db1efe8e085b,74.48757,1.66051,,6.19012,,,,1.32888,1.66051,-0.07756,4f91a5e0-4f32-4f63-8172-e61544f835a3,2026-03-19,01:05:51.86,2026-03-18T21:05:51.8665728-04:00,2026-03-19T01:05:51.8665728Z,GroundBall,v3,471436,471275,10559,"Wheeler, Mace",1000367898,Right,SAN_BRO,b6b6e9ea-d1d8-4519-b4df-ced4b093b89e,55.51347,-112.37353,10.82477,6.63936,-0.74954,-18.3967,-1.67903,2.19619,2.85905,167.089892,1.32888,122.19848,-1.95764,,,,,,,1.66051,-29.97039,-5.08731,,,,,,,-0.07756,-9.26692,-2.25319,,,,,,,,,,,,,,,,,,,,,,,,,,,,,High,High,High,Low,Low,,,,,,,,,,,,,,,,,,,,,,,,,,,,,,,,,,,,,
5,2026-03-18,21:06:25.15,2,1,"Aivazian, Robert",811212,Right,SAN_BRO,"Minick, Tyler",835230,Right,UCO_HUS,Undefined,1,Top,1,0,0,Slider,Curveball,BallCalled,Undefined,Undefined,Undefined,0,0,,74.90783,2.207983,0.156946,2428.279849,40.524368,7:15,6.61043,1.50234,5.11666,-62.53129,-11.03268,-10.84575,3.48051,0.74638,68.65758,-9.090162,-1.765188,0.516499,,,,,,,,,,,,5.41725,-5.58658,-1.50835,50,6.76945,0.13004,-108.6773,2.0168,6.44202,20.05565,-38.81745,SAN_BRO,UCO_HUS,StephenSchottBBS,D1,WCC,20260318-StephenSchottBBS-1,da2048e0-232f-11f1-bc73-db1efe8e085b,72.97685,,,6.25025,,,,,,,4f91a5e0-4f32-4f63-8172-e61544f835a3,2026-03-19,01:06:25.15,2026-03-18T21:06:25.1511808-04:00,2026-03-19T01:06:25.1511808Z,,v3,471436,471275,10559,"Wheeler, Mace",1000367898,Right,SAN_BRO,afb3995f-f3d1-44eb-b411-d10a7fcdaa54,55.38603,-109.66675,10.02783,6.62271,3.93187,-19.40873,-1.50693,-0.18778,3.22101,,,,,,,,,,,,,,,,,,,,,,,,,,,,,,,,,,,,,,,,,,,,,,,,,,,High,High,High,,,,,,,,,,,,,,,,,,,,,,,,,,,,,,,,,,,,,,,
6,2026-03-18,21:06:35.10,2,2,"Aivazian, Robert",811212,Right,SAN_BRO,"Minick, Tyler",835230,Right,UCO_HUS,Undefined,1,Top,1,1,0,ChangeUp,Changeup,BallCalled,Undefined,Undefined,Undefined,0,0,,80.24894,0.579487,-1.634788,1387.796426,234.605696,1:45,6.62176,1.65023,5.52029,-33.46045,10.81359,13.12796,4.37544,1.21532,72.94976,-5.625759,0.704952,0.478901,,,,,,,,,,,,-7.06091,5.73977,-1.51672,50,6.65016,2.78636,-116.38751,0.0975,-9.62409,23.13335,-24.35068,SAN_BRO,UCO_HUS,StephenSchottBBS,D1,WCC,20260318-StephenSchottBBS-1,e009a6c0-232f-11f1-bc73-db1efe8e085b,78.70609,,,7.29918,,,,,,,4f91a5e0-4f32-4f63-8172-e61544f835a3,2026-03-19,01:06:35.10,2026-03-18T21:06:35.1038976-04:00,2026-03-19T01:06:35.1038976Z,,v3,471436,471275,10559,"Wheeler, Mace",1000367898,Right,SAN_BRO,41aca58e-0d7f-41cc-ad5f-101aeeb399be,54.97669,-117.37252,11.56668,6.62394,1.13434,-12.17534,-1.64408,3.19615,-4.81205,,,,,,,,,,,,,,,,,,,,,,,,,,,,,,,,,,,,,,,,,,,,,,,,,,,High,High,High,,,,,,,,,,,,,,,,,,,,,,,,,,,,,,,,,,,,,,,
7,2026-03-18,21:06:45.97,2,3,"Aivazian, Robert",811212,Right,SAN_BRO,"Minick, Tyler",835230,Right,UCO_HUS,Undefined,1,Top,1,2,0,Fastball,Changeup,StrikeCalled,Undefined,Undefined,Undefined,0,0,,88.26237,-3.554385,-2.910398,1624.94619,211.147493,1:00,6.68802,1.20749,5.7359,-23.708,12.25501,6.76044,1.39392,-0.94168,81.63006,-7.926993,-1.70139,0.431618,,,,,,,,,,,,-4.20296,7.48343,-0.9692,50,6.37665,6.22376,-127.92921,-8.75078,-7.02412,24.30265,-19.66756,SAN_BRO,UCO_HUS,StephenSchottBBS,D1,WCC,20260318-StephenSchottBBS-1,e681b010-232f-11f1-bc73-db1efe8e085b,87.32825,,,6.63231,,,,,,,4f91a5e0-4f32-4f63-8172-e61544f835a3,2026-03-19,01:06:45.97,2026-03-18T21:06:45.9714560-04:00,2026-03-19T01:06:45.9714560Z,,v3,471436,471275,10559,"Wheeler, Mace",1000367898,Right,SAN_BRO,549f764b-5868-4a3f-99bd-9d54a8c3ca96,54.76482,-128.8312,12.15133,6.68789,-8.02082,-9.83378,-1.20504,6.48446,-3.51206,,,,,,,,,,,,,,,,,,,,,,,,,,,,,,,,,,,,,,,,,,,,,,,,,,,High,High,High,,,,,,,,,,,,,,,,,,,,,,,,,,,,,,,,,,,,,,,
8,2026-03-18,21:06:56.69,2,4,"Aivazian, Robert",811212,Right,SAN_BRO,"Minick, Tyler",835230,Right,UCO_HUS,Undefined,1,Top,1,2,1,Fastball,Changeup,FoulBallNotFieldable,Undefined,Undefined,Undefined,0,0,,89.25452,-2.980973,-2.645094,1548.060822,210.021179,1:00,6.77025,1.25204,5.84657,-21.46997,13.77469,7.30469,2.20545,-0.59903,81.78322,-6.98951,-1.336045,0.427285,76.95892,27.700928,142.180287,3966.641796,,,,,47.63586,,,-4.4791,8.21957,-1.04107,50,6.51473,5.6697,-129.37569,-7.43627,-7.59167,26.98986,-18.24261,SAN_BRO,UCO_HUS,StephenSchottBBS,D1,WCC,20260318-StephenSchottBBS-1,ece12850-232f-11f1-bc73-db1efe8e085b,88.21371,23.00304,,7.47131,,,,0.325,2.19074,0.36464,4f91a5e0-4f32-4f63-8172-e61544f835a3,2026-03-19,01:06:56.69,2026-03-18T21:06:56.6989824-04:00,2026-03-19T01:06:56.6989824Z,,v3,471436,471275,10559,"Wheeler, Mace",1000367898,Right,SAN_BRO,6dab7cb8-b670-4f67-990d-8614ad0a4e2f,54.65277,-130.34272,13.49493,6.76946,-6.78265,-9.1213,-1.24908,5.94171,-3.79583,,0.325,-78.9439,4.42958,-0.13931,0.80203,-3.56662,7.24772,-7.74552,3.43608,2.19074,52.46966,-24.03485,2.45221,-1.4605,3.9123,-7.66995,8.1628,-3.6181,0.36464,61.27877,-18.08517,4.82426,1.76713,-10.14818,20.53113,-21.89821,9.70718,,,,,,,,,,,,,,,,,,,,,,,High,High,High,High,Undefined,,,,,,,,,,,,,,,,,,,,,,,,,,,,,,,,,,,,,
9,2026-03-18,21:07:12.30,2,5,"Aivazian, Robert",811212,Right,SAN_BRO,"Minick, Tyler",835230,Right,UCO_HUS,Undefined,1,Top,1,2,2,Slider,Curveball,InPlay,Undefined,GroundBall,Out,1,0,,76.27001,0.222994,-0.622849,2729.451861,41.451951,7:30,6.6706,1.37261,5.03255,-63.20688,-12.85871,-12.91898,1.61377,-0.29164,69.62349,-11.144606,-2.914443,0.510697,88.56693,-20.839575,-7.752586,,,,,5.78518,2.34014,-2.82456,0.035116,6.24843,-6.04146,-1.3021,50,6.64068,1.71299,-110.59304,-1.80415,7.59661,23.09971,-39.51904,SAN_BRO,UCO_HUS,StephenSchottBBS,D1,WCC,20260318-StephenSchottBBS-1,f638f900-232f-11f1-bc73-db1efe8e085b,73.80588,1.62505,,6.64651,,,,1.54809,1.62505,0.2908,4f91a5e0-4f32-4f63-8172-e61544f835a3,2026-03-19,01:07:12.30,2026-03-18T21:07:12.3074048-04:00,2026-03-19T01:07:12.3074048Z,GroundBall,v3,471436,471275,10559,"Wheeler, Mace",1000367898,Right,SAN_BRO,c9b923ef-b812-4f83-8fe0-87ee3ec7640a,55.47018,-111.72976,11.54986,6.68161,0.14056,-19.75952,-1.37719,1.33916,3.79831,,1.54713,120.4613,,,,,,,,1.62542,-46.27717,,,,,,,,0.29093,-16.3996,,,,,,,,,,,,,,,,,,,,,,,,,,,,,,High,High,High,Estimated,Estimated,,,,,,,,,,,,,,,,,,,,,,,,,,,,,,,,,,,,,
10,2026-03-18,21:07:46.19,3,1,"Aivazian, Robert",811212,Right,SAN_BRO,"Marshall, Jackson",837532,Right,UCO_HUS,Undefined,1,Top,2,0,0,Fastball,Four-Seam,BallinDirt,Undefined,Undefined,Undefined,0,0,,91.30029,-5.119305,-3.338816,1968.780721,205.99673,12:45,6.81778,1.16651,5.46768,-14.29973,20.10781,9.24363,0.81402,-1.19152,83.50704,-7.81875,-1.696587,0.422181,,,,,,,,,,,,-5.63221,11.94753,-0.87919,50,6.35623,7.28144,-131.84596,-12.27362,-9.90956,28.14967,-11.15299,SAN_BRO,UCO_HUS,StephenSchottBBS,D1,WCC,20260318-StephenSchottBBS-1,0a5f82f0-2330-11f1-bc73-db1efe8e085b,89.28036,,,7.79324,,,,,,,4f91a5e0-4f32-4f63-8172-e61544f835a3,2026-03-19,01:07:46.19,2026-03-18T21:07:46.1914112-04:00,2026-03-19T01:07:46.1914112Z,,v3,471436,471275,10559,"Wheeler, Mace",1000367898,Right,SAN_BRO,bdcb88c8-acd1-431b-bf8c-c6f4693b7085,55.03263,-132.9161,14.07484,6.81477,-11.84962,-5.57649,-1.16317,7.65816,-4.95478,,,,,,,,,,,,,,,,,,,,,,,,,,,,,,,,,,,,,,,,,,,,,,,,,,,High,High,High,,,,,,,,,,,,,,,,,,,,,,,,,,,,,,,,,,,,,,,
11,2026-03-18,21:07:56.59,3,2,"Aivazian, Robert",811212,Right,SAN_BRO,"Marshall, Jackson",837532,Right,UCO_HUS,Undefined,1,Top,2,1,0,ChangeUp,Changeup,StrikeCalled,Undefined,Undefined,Undefined,0,0,,80.82366,-0.181609,-2.358631,1358.533506,248.777536,2:15,6.58262,1.42744,5.63649,-37.27884,6.18414,12.17516,3.30647,0.24031,73.67401,-7.059609,-0.183609,0.474494,,,,,,,,,,,,-6.84678,3.63981,-1.23465,50,6.54356,4.34031,-117.22585,-1.59795,-9.46713,23.46852,-27.14125,SAN_BRO,UCO_HUS,StephenSchottBBS,D1,WCC,20260318-StephenSchottBBS-1,10994ac0-2330-11f1-bc73-db1efe8e085b,79.43706,,,7.14966,,,,,,,4f91a5e0-4f32-4f63-8172-e61544f835a3,2026-03-19,01:07:56.59,2026-03-18T21:07:56.5985792-04:00,2026-03-19T01:07:56.5985792Z,,v3,471436,471275,10559,"Wheeler, Mace",1000367898,Right,SAN_BRO,40d46aa3-d4cd-44bb-afa0-9501f36ea707,54.86178,-118.19516,11.73426,6.58641,-0.47694,-13.57062,-1.42199,4.73133,-4.73357,,,,,,,,,,,,,,,,,,,,,,,,,,,,,,,,,,,,,,,,,,,,,,,,,,,High,High,High,,,,,,,,,,,,,,,,,,,,,,,,,,,,,,,,,,,,,,,
12,2026-03-18,21:08:08.13,3,3,"Aivazian, Robert",811212,Right,SAN_BRO,"Marshall, Jackson",837532,Right,UCO_HUS,Undefined,1,Top,2,1,1,ChangeUp,Changeup,FoulBallNotFieldable,Undefined,Undefined,Undefined,0,0,,81.25167,-2.222715,-4.168872,1422.003329,241.01902,2:00,6.56061,1.59849,5.61885,-34.11214,8.89634,13.53662,1.63701,-1.17098,74.58413,-8.487776,-1.75634,0.472007,,,,,,,,,,,,-8.11217,5.52524,-1.25139,50,6.34831,8.05292,-117.64455,-5.68354,-11.35525,22.56895,-24.4399,SAN_BRO,UCO_HUS,StephenSchottBBS,D1,WCC,20260318-StephenSchottBBS-1,1777de10-2330-11f1-bc73-db1efe8e085b,79.85568,,,6.66754,,,,,,,4f91a5e0-4f32-4f63-8172-e61544f835a3,2026-03-19,01:08:08.13,2026-03-18T21:08:08.1387008-04:00,2026-03-19T01:08:08.1387008Z,,v3,471436,471275,10559,"Wheeler, Mace",1000367898,Right,SAN_BRO,39f775a6-b1a4-4342-8a5e-b167aef26edc,54.88223,-118.57746,11.28448,6.56237,-4.67329,-12.21995,-1.59397,8.5223,-5.67762,,,,,,,,,,,,,,,,,,,,,,,,,,,,,,,,,,,,,,,,,,,,,,,,,,,High,High,High,,,,,,,,,,,,,,,,,,,,,,,,,,,,,,,,,,,,,,,
13,2026-03-18,21:08:43.33,3,4,"Aivazian, Robert",811212,Right,SAN_BRO,"Marshall, Jackson",837532,Right,UCO_HUS,Undefined,1,Top,2,1,2,Fastball,Four-Seam,BallCalled,Undefined,Undefined,Undefined,0,0,,92.21763,-1.489252,-2.540561,1918.673766,207.438484,1:00,6.89149,1.08634,5.61957,-13.7704,19.45938,9.55056,4.35243,-0.49031,84.15297,-4.123854,-0.837486,0.414892,,,,,,,,,,,,-5.50422,10.56095,-0.87557,50,6.75552,5.49444,-133.74847,-3.88016,-9.97888,28.61675,-13.02752,SAN_BRO,UCO_HUS,StephenSchottBBS,D1,WCC,20260318-StephenSchottBBS-1,2c6b54f0-2330-11f1-bc73-db1efe8e085b,90.84874,,,8.06466,,,,,,,4f91a5e0-4f32-4f63-8172-e61544f835a3,2026-03-19,01:08:43.33,2026-03-18T21:08:43.3342976-04:00,2026-03-19T01:08:43.3342976Z,,v3,471436,471275,10559,"Wheeler, Mace",1000367898,Right,SAN_BRO,69f8c29c-099b-49c1-b463-06924a53e2ef,54.87821,-134.78817,14.30838,6.88789,-3.40685,-6.51376,-1.08178,5.85699,-4.98944,,,,,,,,,,,,,,,,,,,,,,,,,,,,,,,,,,,,,,,,,,,,,,,,,,,High,High,High,,,,,,,,,,,,,,,,,,,,,,,,,,,,,,,,,,,,,,,
14,2026-03-18,21:08:58.67,3,5,"Aivazian, Robert",811212,Right,SAN_BRO,"Marshall, Jackson",837532,Right,UCO_HUS,Undefined,1,Top,2,2,2,ChangeUp,Changeup,BallCalled,Undefined,Undefined,Undefined,0,0,,80.81965,0.337486,-1.624587,1418.376503,212.742926,1:00,6.5121,1.58187,5.50108,-28.71171,15.0978,8.735,4.43525,0.78988,73.20126,-5.028136,-0.068938,0.476382,,,,,,,,,,,,-4.85473,7.95158,-1.44575,50,6.52265,2.96014,-117.15222,-0.20619,-6.68719,23.96108,-21.22106,SAN_BRO,UCO_HUS,StephenSchottBBS,D1,WCC,20260318-StephenSchottBBS-1,35990860-2330-11f1-bc73-db1efe8e085b,79.12225,,,7.61839,,,,,,,4f91a5e0-4f32-4f63-8172-e61544f835a3,2026-03-19,01:08:58.67,2026-03-18T21:08:58.6768896-04:00,2026-03-19T01:08:58.6768896Z,,v3,471436,471275,10559,"Wheeler, Mace",1000367898,Right,SAN_BRO,68e1a914-235d-477a-9aef-4d46d364afd4,54.99417,-118.16926,11.98054,6.51229,0.69455,-10.61053,-1.57742,3.24398,-3.3436,,,,,,,,,,,,,,,,,,,,,,,,,,,,,,,,,,,,,,,,,,,,,,,,,,,High,High,High,,,,,,,,,,,,,,,,,,,,,,,,,,,,,,,,,,,,,,,
15,2026-03-18,21:09:11.92,3,6,"Aivazian, Robert",811212,Right,SAN_BRO,"Marshall, Jackson",837532,Right,UCO_HUS,Undefined,1,Top,2,3,2,ChangeUp,Changeup,BallCalled,Walk,Undefined,Undefined,0,0,,81.03446,-2.525267,-3.431456,1523.82957,246.061044,2:15,6.44531,1.57344,5.68393,-35.34431,7.50154,13.94178,1.14033,-0.46712,74.90102,-8.994712,-0.93901,0.471114,,,,,,,,,,,,-8.04477,4.86603,-1.29331,50,6.20987,6.51022,-117.47997,-6.33647,-11.29557,21.28076,-25.34169,SAN_BRO,UCO_HUS,StephenSchottBBS,D1,WCC,20260318-StephenSchottBBS-1,3d80f560-2330-11f1-bc73-db1efe8e085b,80.00707,,,6.13344,,,,,,,4f91a5e0-4f32-4f63-8172-e61544f835a3,2026-03-19,01:09:11.92,2026-03-18T21:09:11.9262208-04:00,2026-03-19T01:09:11.9262208Z,,v3,471436,471275,10559,"Wheeler, Mace",1000367898,Right,SAN_BRO,91de518b-6ea4-499d-90ce-addae542bf94,54.81739,-118.3494,10.64038,6.4476,-5.30114,-12.67084,-1.56871,6.9717,-5.64779,,,,,,,,,,,,,,,,,,,,,,,,,,,,,,,,,,,,,,,,,,,,,,,,,,,High,High,High,,,,,,,,,,,,,,,,,,,,,,,,,,,,,,,,,,,,,,,
16,2026-03-18,21:09:41.35,4,1,"Aivazian, Robert",811212,Right,SAN_BRO,"Polemeni, Chris",1000214322,Right,UCO_HUS,Undefined,1,Top,2,0,0,Fastball,Four-Seam,BallCalled,Undefined,Undefined,Undefined,0,0,,88.81514,-1.699021,-2.862245,1892.827162,213.065942,1:00,6.80123,0.98206,5.70359,-18.87178,17.05643,10.31394,3.64302,-0.82765,80.7354,-5.267218,-1.020297,0.431409,,,,,,,,,,,,-6.05374,9.51378,-0.7483,50,6.64699,5.98377,-128.71328,-4.40355,-10.10476,27.9679,-16.29391,SAN_BRO,UCO_HUS,StephenSchottBBS,D1,WCC,20260318-StephenSchottBBS-1,4f050f10-2330-11f1-bc73-db1efe8e085b,87.37054,,,8.07974,,,,,,,4f91a5e0-4f32-4f63-8172-e61544f835a3,2026-03-19,01:09:41.35,2026-03-18T21:09:41.3503488-04:00,2026-03-19T01:09:41.3503488Z,,v3,471436,471275,10559,"Wheeler, Mace",1000367898,Right,SAN_BRO,740e5abb-e5bc-4c1b-a92d-aea144bf4c44,54.79388,-129.75075,13.98395,6.79912,-3.79913,-8.14696,-0.97722,6.35861,-5.05238,,,,,,,,,,,,,,,,,,,,,,,,,,,,,,,,,,,,,,,,,,,,,,,,,,,High,High,High,,,,,,,,,,,,,,,,,,,,,,,,,,,,,,,,,,,,,,,
17,2026-03-18,21:09:53.35,4,2,"Aivazian, Robert",811212,Right,SAN_BRO,"Polemeni, Chris",1000214322,Right,UCO_HUS,Undefined,1,Top,2,1,0,Fastball,Changeup,StrikeCalled,Undefined,Undefined,Undefined,0,0,,87.6927,-2.984105,-2.429347,1781.608293,197.615677,12:30,6.84139,1.00436,5.76048,-15.72572,20.79663,6.23595,2.74833,-0.73854,80.41825,-5.971851,-1.314231,0.434961,,,,,,,,,,,,-3.81902,11.73886,-0.80676,50,6.58418,5.12918,-127.1301,-7.07345,-6.27157,25.22476,-12.89654,SAN_BRO,UCO_HUS,StephenSchottBBS,D1,WCC,20260318-StephenSchottBBS-1,563321f0-2330-11f1-bc73-db1efe8e085b,86.65698,,,7.27445,,,,,,,4f91a5e0-4f32-4f63-8172-e61544f835a3,2026-03-19,01:09:53.35,2026-03-18T21:09:53.3516800-04:00,2026-03-19T01:09:53.3516800Z,,v3,471436,471275,10559,"Wheeler, Mace",1000367898,Right,SAN_BRO,2bf166ec-1784-40f6-81d2-293a7c3b0ebf,54.73796,-128.06674,12.61238,6.83794,-6.59458,-6.44827,-1.00154,5.36205,-3.13579,,,,,,,,,,,,,,,,,,,,,,,,,,,,,,,,,,,,,,,,,,,,,,,,,,,High,High,High,,,,,,,,,,,,,,,,,,,,,,,,,,,,,,,,,,,,,,,
18,2026-03-18,21:10:07.78,4,3,"Aivazian, Robert",811212,Right,SAN_BRO,"Polemeni, Chris",1000214322,Right,UCO_HUS,Undefined,1,Top,2,1,1,Fastball,Four-Seam,BallCalled,Undefined,Undefined,Undefined,0,0,,89.50845,-4.181157,-3.94735,1975.785413,209.843485,1:00,6.80892,0.95153,5.82963,-15.82922,19.33127,10.43812,1.58692,-1.85383,82.07208,-7.176842,-2.082231,0.426775,,,,,,,,,,,,-6.41481,11.36414,-0.63504,50,6.45688,8.49192,-129.44057,-9.94538,-10.91256,26.34362,-12.84191,SAN_BRO,UCO_HUS,StephenSchottBBS,D1,WCC,20260318-StephenSchottBBS-1,5ec77b90-2330-11f1-bc73-db1efe8e085b,88.31925,,,7.43637,,,,,,,4f91a5e0-4f32-4f63-8172-e61544f835a3,2026-03-19,01:10:07.78,2026-03-18T21:10:07.7805568-04:00,2026-03-19T01:10:07.7805568Z,,v3,471436,471275,10559,"Wheeler, Mace",1000367898,Right,SAN_BRO,cfacd86a-ca1b-4f05-896c-f64f1adc83d3,54.67025,-130.38759,13.17181,6.80611,-9.48373,-6.42095,-0.94737,8.88422,-5.45628,,,,,,,,,,,,,,,,,,,,,,,,,,,,,,,,,,,,,,,,,,,,,,,,,,,High,High,High,,,,,,,,,,,,,,,,,,,,,,,,,,,,,,,,,,,,,,,
19,2026-03-18,21:10:23.68,4,4,"Aivazian, Robert",811212,Right,SAN_BRO,"Polemeni, Chris",1000214322,Right,UCO_HUS,Undefined,1,Top,2,2,1,Fastball,Four-Seam,StrikeCalled,Undefined,Undefined,Undefined,0,0,,88.96711,-2.926771,-3.402646,1848.191523,209.29742,1:00,6.63246,1.11927,5.99302,-17.33438,18.26166,9.54871,2.46845,-1.24205,80.74437,-6.232598,-1.689459,0.42941,,,,,,,,,,,,-5.89465,10.6093,-0.8559,50,6.39166,7.25036,-128.77773,-7.08041,-9.82198,28.67902,-14.4963,SAN_BRO,UCO_HUS,StephenSchottBBS,D1,WCC,20260318-StephenSchottBBS-1,684327f0-2330-11f1-bc73-db1efe8e085b,87.77728,,,8.22274,,,,,,,4f91a5e0-4f32-4f63-8172-e61544f835a3,2026-03-19,01:10:23.68,2026-03-18T21:10:23.6800000-04:00,2026-03-19T01:10:23.6800000Z,,v3,471436,471275,10559,"Wheeler, Mace",1000367898,Right,SAN_BRO,70b3e5ef-5123-4031-a056-de9d62d3143f,54.50387,-129.77687,14.33951,6.62954,-6.57538,-7.24815,-1.11446,7.59255,-4.91099,,,,,,,,,,,,,,,,,,,,,,,,,,,,,,,,,,,,,,,,,,,,,,,,,,,High,High,High,,,,,,,,,,,,,,,,,,,,,,,,,,,,,,,,,,,,,,,
20,2026-03-18,21:10:39.38,4,5,"Aivazian, Robert",811212,Right,SAN_BRO,"Polemeni, Chris",1000214322,Right,UCO_HUS,Undefined,1,Top,2,2,2,Fastball,Four-Seam,BallCalled,Undefined,Undefined,Undefined,0,0,,90.22521,-1.597541,-3.18064,1895.591612,211.162233,1:00,6.7509,0.98288,5.85092,-18.2067,16.29773,9.17654,3.74655,-1.21093,82.29965,-5.041734,-1.538281,0.422775,,,,,,,,,,,,-5.56945,9.10945,-0.72944,50,6.61021,6.87103,-130.81177,-4.21186,-9.63825,27.91802,-16.40963,SAN_BRO,UCO_HUS,StephenSchottBBS,D1,WCC,20260318-StephenSchottBBS-1,71a11320-2330-11f1-bc73-db1efe8e085b,89.15493,,,7.92556,,,,,,,4f91a5e0-4f32-4f63-8172-e61544f835a3,2026-03-19,01:10:39.38,2026-03-18T21:10:39.3822208-04:00,2026-03-19T01:10:39.3822208Z,,v3,471436,471275,10559,"Wheeler, Mace",1000367898,Right,SAN_BRO,53ffe060-d3a2-4e8e-bad4-5372edb8d8e0,54.64731,-131.79987,13.95901,6.749,-3.63107,-8.20481,-0.97866,7.21216,-4.81912,,,,,,,,,,,,,,,,,,,,,,,,,,,,,,,,,,,,,,,,,,,,,,,,,,,High,High,High,,,,,,,,,,,,,,,,,,,,,,,,,,,,,,,,,,,,,,,
21,2026-03-18,21:10:54.63,4,6,"Aivazian, Robert",811212,Right,SAN_BRO,"Polemeni, Chris",1000214322,Right,UCO_HUS,Undefined,1,Top,2,3,2,Fastball,Four-Seam,BallCalled,Walk,Undefined,Undefined,0,0,,89.05347,-3.154168,-4.04609,1947.632377,206.225631,12:45,6.69545,0.98133,5.9444,-14.63469,20.6282,9.60957,2.53988,-1.97719,81.62932,-5.951815,-2.326274,0.427396,,,,,,,,,,,,-5.98599,11.74701,-0.66385,50,6.435,8.7141,-128.92738,-7.51228,-10.11592,25.79806,-12.32245,SAN_BRO,UCO_HUS,StephenSchottBBS,D1,WCC,20260318-StephenSchottBBS-1,7ab30130-2330-11f1-bc73-db1efe8e085b,88.1909,,,7.42415,,,,,,,4f91a5e0-4f32-4f63-8172-e61544f835a3,2026-03-19,01:10:54.63,2026-03-18T21:10:54.6320896-04:00,2026-03-19T01:10:54.6320896Z,,v3,471436,471275,10559,"Wheeler, Mace",1000367898,Right,SAN_BRO,24c25190-ef24-4cbd-9646-75b5c5e3273a,54.55433,-129.8355,12.89903,6.6918,-7.07852,-6.16122,-0.97686,9.07019,-5.05796,,,,,,,,,,,,,,,,,,,,,,,,,,,,,,,,,,,,,,,,,,,,,,,,,,,High,High,High,,,,,,,,,,,,,,,,,,,,,,,,,,,,,,,,,,,,,,,
22,2026-03-18,21:11:29.04,5,1,"Aivazian, Robert",811212,Right,SAN_BRO,"Righi, Camden",10319340,Left,UCO_HUS,Undefined,1,Top,2,0,0,Fastball,Four-Seam,StrikeCalled,Undefined,Undefined,Undefined,0,0,,89.568,-2.507696,-1.023471,1902.699112,205.443458,12:45,6.87818,1.24908,5.53559,-14.78332,20.5045,9.21993,3.30038,1.06066,81.96796,-5.317602,0.620313,0.427547,,,,,,,,,,,,-4.92272,11.37225,-1.16649,50,6.65079,1.90992,-129.93668,-6.12561,-8.43109,26.77034,-12.69692,SAN_BRO,UCO_HUS,StephenSchottBBS,D1,WCC,20260318-StephenSchottBBS-1,8f32a7a0-2330-11f1-bc73-db1efe8e085b,88.15977,,,7.60004,,,,,,,4f91a5e0-4f32-4f63-8172-e61544f835a3,2026-03-19,01:11:29.04,2026-03-18T21:11:29.0415104-04:00,2026-03-19T01:11:29.0415104Z,,v3,471436,471275,10559,"Wheeler, Mace",1000367898,Right,SAN_BRO,6d133b30-a2dc-4c9b-a3c1-66b554cc225c,54.96283,-130.95516,13.38517,6.87465,-5.64256,-6.34846,-1.24526,2.23068,-4.21554,,,,,,,,,,,,,,,,,,,,,,,,,,,,,,,,,,,,,,,,,,,,,,,,,,,High,High,High,,,,,,,,,,,,,,,,,,,,,,,,,,,,,,,,,,,,,,,
23,2026-03-18,21:11:46.76,5,2,"Aivazian, Robert",811212,Right,SAN_BRO,"Righi, Camden",10319340,Left,UCO_HUS,Undefined,1,Top,2,0,1,ChangeUp,Changeup,BallCalled,Undefined,Undefined,Undefined,0,0,,80.28196,0.262232,-1.280499,1504.798611,220.47048,1:15,6.64825,1.61607,5.4731,-28.3125,16.11135,12.43894,4.53434,1.45415,72.7401,-5.03259,0.934321,0.479711,,,,,,,,,,,,-6.61859,8.48067,-1.51214,50,6.65243,2.09262,-116.40415,-0.34164,-8.99892,23.69813,-20.64335,SAN_BRO,UCO_HUS,StephenSchottBBS,D1,WCC,20260318-StephenSchottBBS-1,99cb35b0-2330-11f1-bc73-db1efe8e085b,78.57326,,,7.54186,,,,,,,4f91a5e0-4f32-4f63-8172-e61544f835a3,2026-03-19,01:11:46.76,2026-03-18T21:11:46.7678720-04:00,2026-03-19T01:11:46.7678720Z,,v3,471436,471275,10559,"Wheeler, Mace",1000367898,Right,SAN_BRO,83cde47d-f680-467e-977c-e0e02ed16bc1,55.02318,-117.42234,11.84907,6.64805,0.5453,-10.32167,-1.61035,2.47926,-4.49946,,,,,,,,,,,,,,,,,,,,,,,,,,,,,,,,,,,,,,,,,,,,,,,,,,,High,High,High,,,,,,,,,,,,,,,,,,,,,,,,,,,,,,,,,,,,,,,
24,2026-03-18,21:12:04.43,5,3,"Aivazian, Robert",811212,Right,SAN_BRO,"Righi, Camden",10319340,Left,UCO_HUS,Undefined,1,Top,2,1,1,Fastball,Four-Seam,StrikeSwinging,Undefined,Undefined,Undefined,0,0,,89.00036,-1.490617,-1.867631,1830.929654,201.750594,12:45,6.75489,1.11988,5.80174,-14.51804,20.95359,7.89859,4.15763,0.04046,81.11294,-4.282408,-0.453409,0.428659,,,,,,,,,,,,-4.52902,11.42682,-0.97106,50,6.62368,3.86746,-129.14194,-3.74917,-7.6373,27.26337,-12.90504,SAN_BRO,UCO_HUS,StephenSchottBBS,D1,WCC,20260318-StephenSchottBBS-1,a44bf600-2330-11f1-bc73-db1efe8e085b,87.93108,,,7.88742,,,,,,,4f91a5e0-4f32-4f63-8172-e61544f835a3,2026-03-19,01:12:04.43,2026-03-18T21:12:04.4308480-04:00,2026-03-19T01:12:04.4308480Z,,v3,471436,471275,10559,"Wheeler, Mace",1000367898,Right,SAN_BRO,cdf137d1-0c3a-4083-9bad-f5d7ca6bbe13,54.69562,-130.12947,13.63169,6.75101,-3.28173,-6.45252,-1.11615,4.14409,-3.81865,,,,,,,,,,,,,,,,,,,,,,,,,,,,,,,,,,,,,,,,,,,,,,,,,,,High,High,High,,,,,,,,,,,,,,,,,,,,,,,,,,,,,,,,,,,,,,,
25,2026-03-18,21:12:26.44,5,4,"Aivazian, Robert",811212,Right,SAN_BRO,"Righi, Camden",10319340,Left,UCO_HUS,Undefined,1,Top,2,1,2,Fastball,Four-Seam,BallCalled,Undefined,Undefined,Undefined,0,0,,90.81984,-2.900614,-3.038644,1798.981727,216.306761,1:15,6.78796,0.91123,5.71523,-18.77344,15.56788,10.59493,2.51524,-1.03925,82.81447,-6.428746,-1.14599,0.421774,,,,,,,,,,,,-6.24567,9.08867,-0.66344,50,6.53332,6.51278,-131.52968,-7.27688,-10.90771,28.69647,-16.30127,SAN_BRO,UCO_HUS,StephenSchottBBS,D1,WCC,20260318-StephenSchottBBS-1,b16f4da0-2330-11f1-bc73-db1efe8e085b,89.36639,,,8.00537,,,,,,,4f91a5e0-4f32-4f63-8172-e61544f835a3,2026-03-19,01:12:26.44,2026-03-18T21:12:26.4458240-04:00,2026-03-19T01:12:26.4458240Z,,v3,471436,471275,10559,"Wheeler, Mace",1000367898,Right,SAN_BRO,09910483-dae8-4bd8-b858-f0aa6b73d913,54.78308,-132.56912,14.34824,6.78621,-6.68642,-8.15064,-0.90651,6.90788,-5.45386,,,,,,,,,,,,,,,,,,,,,,,,,,,,,,,,,,,,,,,,,,,,,,,,,,,High,High,High,,,,,,,,,,,,,,,,,,,,,,,,,,,,,,,,,,,,,,,
26,2026-03-18,21:12:45.08,5,5,"Aivazian, Robert",811212,Right,SAN_BRO,"Righi, Camden",10319340,Left,UCO_HUS,Undefined,1,Top,2,2,2,Fastball,Changeup,FoulBallNotFieldable,Undefined,Undefined,Undefined,0,0,,89.3724,-1.779555,-2.202439,1811.640078,219.675645,1:15,6.67204,1.06617,5.88346,-18.75099,16.40568,12.63883,3.45513,0.07312,81.38753,-5.330544,0.064515,0.426752,69.2341,52.836115,-112.482013,4214.228551,,,,,19.07047,,,-7.13768,9.27201,-0.89581,50,6.51757,4.45641,-129.67017,-4.60208,-12.09759,28.26506,-16.45898,SAN_BRO,UCO_HUS,StephenSchottBBS,D1,WCC,20260318-StephenSchottBBS-1,bc863370-2330-11f1-bc73-db1efe8e085b,88.32403,26.78129,,7.98487,,,,1.17365,3.54071,-0.10965,4f91a5e0-4f32-4f63-8172-e61544f835a3,2026-03-19,01:12:45.08,2026-03-18T21:12:45.0823168-04:00,2026-03-19T01:12:45.0823168Z,,v3,471436,471275,10559,"Wheeler, Mace",1000367898,Right,SAN_BRO,0b804414-d4fb-4c8a-8528-e14d5f08acd3,54.61609,-130.6725,14.13253,6.67041,-4.01841,-8.22949,-1.06144,4.88541,-6.04879,,1.18385,-23.87436,-8.5104,,,,,,,3.55083,80.51189,-31.28949,,,,,,,-0.11564,-56.43804,12.13297,,,,,,,,,,,,,,,,,,,,,,,,,,,,,High,High,High,High,Undefined,,,,,,,,,,,,,,,,,,,,,,,,,,,,,,,,,,,,,
27,2026-03-18,21:13:10.60,5,6,"Aivazian, Robert",811212,Right,SAN_BRO,"Righi, Camden",10319340,Left,UCO_HUS,Undefined,1,Top,2,2,2,Slider,Curveball,StrikeSwinging,Strikeout,Undefined,Undefined,0,0,,77.63106,-0.986798,-0.883321,2650.188792,43.06458,7:30,6.59705,1.36145,5.36327,-54.42176,-6.79485,-7.81237,1.13636,-0.11796,71.38886,-10.824143,-2.277158,0.496704,,,,,,,,,,,,3.68914,-2.73858,-1.27629,50,6.46933,2.03654,-112.66735,-3.79223,4.6968,22.29158,-35.66067,SAN_BRO,UCO_HUS,StephenSchottBBS,D1,WCC,20260318-StephenSchottBBS-1,cbc82550-2330-11f1-bc73-db1efe8e085b,75.88513,,,6.24219,,,,,,,4f91a5e0-4f32-4f63-8172-e61544f835a3,2026-03-19,01:13:10.60,2026-03-18T21:13:10.6097664-04:00,2026-03-19T01:13:10.6097664Z,,v3,471436,471275,10559,"Wheeler, Mace",1000367898,Right,SAN_BRO,f54f0ef9-79bf-4e6d-b7c0-abf7be3c8bb0,55.13874,-113.67951,11.14579,6.60476,-2.17303,-17.83033,-1.36391,1.82328,2.3484,,,,,,,,,,,,,,,,,,,,,,,,,,,,,,,,,,,,,,,,,,,,,,,,,,,High,High,High,,,,,,,,,,,,,,,,,,,,,,,,,,,,,,,,,,,,,,,
28,2026-03-18,21:16:00.68,1,1,"Finn, Sean",805616,Right,UCO_HUS,"Ferroggiaro, Thomas",813763,Left,SAN_BRO,Undefined,1,Bottom,0,0,0,Fastball,Four-Seam,BallCalled,Undefined,Undefined,Undefined,0,0,,91.83018,-0.677934,-0.341674,2073.933889,215.984875,1:15,5.66761,1.14764,5.07018,-17.56674,17.4608,11.67367,3.56449,1.7983,81.77562,-4.017251,1.721712,0.425967,,,,,,,,,,,,-5.83276,9.24713,-1.12465,50,5.59026,0.2051,-132.81385,-2.159,-10.15933,35.03653,-16.06763,SAN_BRO,UCO_HUS,StephenSchottBBS,D1,WCC,20260318-StephenSchottBBS-1,311b04e0-2331-11f1-bc73-db1efe8e085b,88.48669,,,10.05456,,,,,,,4f91a5e0-4f32-4f63-8172-e61544f835a3,2026-03-19,01:16:00.68,2026-03-18T21:16:00.6881280-04:00,2026-03-19T01:16:00.6881280Z,,v3,471436,471275,10559,"Cancel, Chris",837525,Right,UCO_HUS,18731232-7b7a-4136-9ad7-f30acc519a9e,55.42235,-134.23665,17.51826,5.66469,-1.5065,-8.03382,-1.14136,0.61766,-5.07967,,,,,,,,,,,,,,,,,,,,,,,,,,,,,,,,,,,,,,,,,,,,,,,,,,,High,High,High,,,,,,,,,,,,,,,,,,,,,,,,,,,,,,,,,,,,,,,
29,2026-03-18,21:16:19.31,1,2,"Finn, Sean",805616,Right,UCO_HUS,"Ferroggiaro, Thomas",813763,Left,SAN_BRO,Undefined,1,Bottom,0,1,0,Fastball,Four-Seam,StrikeCalled,Undefined,Undefined,Undefined,0,0,,92.50421,-1.186603,-1.405314,2194.883128,213.295032,1:00,5.64451,1.08377,5.03937,-15.41202,18.90832,11.57284,3.24027,0.72217,82.94937,-4.124433,0.638588,0.421645,,,,,,,,,,,,-6.14489,10.0913,-0.9592,50,5.51976,2.70432,-133.86361,-3.27619,-10.95755,33.55135,-14.17923,SAN_BRO,UCO_HUS,StephenSchottBBS,D1,WCC,20260318-StephenSchottBBS-1,3c3434a0-2331-11f1-bc73-db1efe8e085b,89.39372,,,9.55484,,,,,,,4f91a5e0-4f32-4f63-8172-e61544f835a3,2026-03-19,01:16:19.31,2026-03-18T21:16:19.3135616-04:00,2026-03-19T01:16:19.3135616Z,,v3,471436,471275,10559,"Cancel, Chris",837525,Right,UCO_HUS,f9135dd6-494f-4a76-b83f-974fe7a83d76,55.45536,-135.22402,16.77568,5.64095,-2.70127,-7.08962,-1.07785,3.14862,-5.47878,,,,,,,,,,,,,,,,,,,,,,,,,,,,,,,,,,,,,,,,,,,,,,,,,,,High,High,High,,,,,,,,,,,,,,,,,,,,,,,,,,,,,,,,,,,,,,,
30,2026-03-18,21:16:37.61,1,3,"Finn, Sean",805616,Right,UCO_HUS,"Ferroggiaro, Thomas",813763,Left,SAN_BRO,Undefined,1,Bottom,0,1,1,ChangeUp,Changeup,BallCalled,Undefined,Undefined,Undefined,0,0,,83.83561,1.674344,-1.118433,1340.230047,297.732753,4:00,5.22116,1.43195,5.34585,-47.91762,-6.50343,15.31359,2.79935,1.65883,75.30735,-7.087829,1.604731,0.463176,,,,,,,,,,,,-7.99894,-3.31807,-1.34237,50,5.33813,1.69834,-121.42446,1.74894,-11.68167,28.61124,-37.01975,SAN_BRO,UCO_HUS,StephenSchottBBS,D1,WCC,20260318-StephenSchottBBS-1,4721e790-2331-11f1-bc73-db1efe8e085b,81.37824,,,8.52826,,,,,,,4f91a5e0-4f32-4f63-8172-e61544f835a3,2026-03-19,01:16:37.61,2026-03-18T21:16:37.6132608-04:00,2026-03-19T01:16:37.6132608Z,,v3,471436,471275,10559,"Cancel, Chris",837525,Right,UCO_HUS,e0e62941-476c-47ce-a0b3-e278d1081813,55.15251,-122.63254,14.30562,5.23129,3.31205,-18.50988,-1.42449,2.19158,-5.84083,,,,,,,,,,,,,,,,,,,,,,,,,,,,,,,,,,,,,,,,,,,,,,,,,,,High,High,High,,,,,,,,,,,,,,,,,,,,,,,,,,,,,,,,,,,,,,,
31,2026-03-18,21:16:56.05,1,4,"Finn, Sean",805616,Right,UCO_HUS,"Ferroggiaro, Thomas",813763,Left,SAN_BRO,Undefined,1,Bottom,0,2,1,ChangeUp,Changeup,BallCalled,Undefined,Undefined,Undefined,0,0,,84.6071,1.451621,-0.509535,1432.119807,287.085037,3:30,5.37256,1.29431,5.27847,-44.0129,-3.43394,15.92796,3.06853,2.14307,76.2958,-6.594259,2.318895,0.458482,,,,,,,,,,,,-8.0613,-1.69976,-1.25971,50,5.47318,0.37965,-122.59779,1.43713,-12.05847,28.11819,-34.71665,SAN_BRO,UCO_HUS,StephenSchottBBS,D1,WCC,20260318-StephenSchottBBS-1,52341270-2331-11f1-bc73-db1efe8e085b,82.21145,,,8.3113,,,,,,,4f91a5e0-4f32-4f63-8172-e61544f835a3,2026-03-19,01:16:56.05,2026-03-18T21:16:56.0522752-04:00,2026-03-19T01:16:56.0522752Z,,v3,471436,471275,10559,"Cancel, Chris",837525,Right,UCO_HUS,477e05c0-e9f3-4b2e-9e1e-41d08824b2d0,55.21959,-123.78912,14.05909,5.38113,2.90804,-17.35833,-1.28662,0.89055,-6.02924,,,,,,,,,,,,,,,,,,,,,,,,,,,,,,,,,,,,,,,,,,,,,,,,,,,High,High,High,,,,,,,,,,,,,,,,,,,,,,,,,,,,,,,,,,,,,,,
32,2026-03-18,21:17:13.67,1,5,"Finn, Sean",805616,Right,UCO_HUS,"Ferroggiaro, Thomas",813763,Left,SAN_BRO,Undefined,1,Bottom,0,3,1,Fastball,Four-Seam,InPlay,Undefined,GroundBall,Out,1,0,,92.60169,-2.254489,-2.998592,2275.609591,212.827413,1:00,5.66422,1.06498,5.28428,-15.88564,18.08379,10.84784,2.21923,-0.84958,83.24126,-5.27692,-1.076859,0.419484,76.64213,9.398217,39.84399,2284.903857,,,,121.13015,104.8843,42.809824,1.20046,-6.41945,10.14941,-0.79976,50,5.44741,6.50089,-133.91418,-5.79718,-11.46718,33.31382,-14.04399,SAN_BRO,UCO_HUS,StephenSchottBBS,D1,WCC,20260318-StephenSchottBBS-1,5c9e1670-2331-11f1-bc73-db1efe8e085b,89.85427,7.23263,,9.36043,,,,2.23553,2.50593,0.85774,4f91a5e0-4f32-4f63-8172-e61544f835a3,2026-03-19,01:17:13.67,2026-03-18T21:17:13.6736256-04:00,2026-03-19T01:17:13.6736256Z,GroundBall,v3,471436,471275,10559,"Cancel, Chris",837525,Right,UCO_HUS,a5490053-8daf-45e1-a06e-d42c70dacd80,55.21319,-135.20484,16.65691,5.66147,-5.25308,-7.02199,-1.06023,6.94515,-5.73359,,2.23553,85.14841,-12.27538,1.62638,-0.65497,0.58226,-0.44137,0.17869,-0.02921,2.50592,18.35605,-18.51531,1.50194,-0.39018,0.29082,-0.20305,0.08179,-0.01353,0.85774,71.05249,-2.48502,-0.25757,0.38036,-0.58883,0.48696,-0.20665,0.03535,,,,,,,,,,,,,,,,,,,,,,,High,High,High,High,High,,,,,,,,,,,,,,,,,,,,,,,,,,,,,,,,,,,,,
33,2026-03-18,21:17:46.64,2,1,"Finn, Sean",805616,Right,UCO_HUS,"Ross, Max",832229,Left,SAN_BRO,Undefined,1,Bottom,1,0,0,Fastball,Four-Seam,InPlay,Undefined,FlyBall,Double,0,0,,92.0919,-2.271632,-2.410169,2192.379968,211.809954,1:00,5.64013,0.98239,5.0759,-15.7693,18.94422,10.92194,2.18145,-0.38095,82.49883,-5.273684,-0.481318,0.424053,95.50293,30.664508,0.861057,3384.096869,109.94566,58.87536,-3.44857,373.70324,370.1999,-6.329426,4.855326,-6.23303,10.54103,-0.7629,50,5.41302,5.07253,-133.12547,-5.80391,-10.96593,33.8138,-13.62896,SAN_BRO,UCO_HUS,StephenSchottBBS,D1,WCC,20260318-StephenSchottBBS-1,704648a0-2331-11f1-bc73-db1efe8e085b,88.88605,79.97841,,9.59307,,,,1.36308,2.25386,0.36506,4f91a5e0-4f32-4f63-8172-e61544f835a3,2026-03-19,01:17:46.64,2026-03-18T21:17:46.6486272-04:00,2026-03-19T01:17:46.6486272Z,FlyBall,v3,471436,471275,10559,"Cancel, Chris",837525,Right,UCO_HUS,561510db-f42b-4c50-b1bb-494312e1c980,55.42048,-134.49523,16.9069,5.63695,-5.25182,-6.81448,-0.97738,5.51675,-5.48297,149.470567,1.3663,120.39956,-21.99245,5.19497,-0.76099,0.01061,0.01891,-0.00294,0.00014,2.25282,71.45303,-17.70371,0.30849,0.32797,-0.17339,0.0503,-0.00739,0.00042,0.36625,1.78304,-7.07494,2.39926,-0.52694,0.06684,-0.00279,-0.00024,2E-05,,,,,,,,,,,,,,,,,,,,,,,High,High,High,High,High,,,,,,,,,,,,,,,,,,,,,,,,,,,,,,,,,,,,,
34,2026-03-18,21:18:43.62,3,1,"Finn, Sean",805616,Right,UCO_HUS,"DeVine, Luke",825765,Right,SAN_BRO,Undefined,1,Bottom,1,0,0,Slider,Curveball,BallCalled,Undefined,Undefined,Undefined,0,0,,80.0514,0.221945,-0.070358,2321.406866,73.88224,8:30,5.30852,1.4195,4.71841,-48.86192,-2.53536,-14.6095,1.44732,0.13528,72.44178,-8.596941,-2.641172,0.489876,,,,,,,,,,,,7.14681,-0.8465,-1.39852,50,5.28747,0.77952,-115.91915,-1.40574,9.54544,25.38984,-33.30466,SAN_BRO,UCO_HUS,StephenSchottBBS,D1,WCC,20260318-StephenSchottBBS-1,9246a8f0-2331-11f1-bc73-db1efe8e085b,76.94277,,,7.60962,,,,,,,4f91a5e0-4f32-4f63-8172-e61544f835a3,2026-03-19,01:18:43.62,2026-03-18T21:18:43.6218880-04:00,2026-03-19T01:18:43.6218880Z,,v3,471436,471275,10559,"Cancel, Chris",837525,Right,UCO_HUS,5f94c037-01eb-48ec-8f7a-45dd3ed233ed,55.78054,-117.17843,12.69492,5.31623,0.24608,-16.65233,-1.42544,0.30609,4.77272,,,,,,,,,,,,,,,,,,,,,,,,,,,,,,,,,,,,,,,,,,,,,,,,,,,High,High,High,,,,,,,,,,,,,,,,,,,,,,,,,,,,,,,,,,,,,,,
35,2026-03-18,21:19:02.35,3,2,"Finn, Sean",805616,Right,UCO_HUS,"DeVine, Luke",825765,Right,SAN_BRO,Undefined,1,Bottom,1,1,0,Slider,Curveball,BallCalled,Undefined,Undefined,Undefined,0,0,,80.588,1.13209,1.134484,2330.598404,72.474249,8:30,5.34571,1.53075,4.72304,-48.78388,-2.8874,-14.63465,2.35497,1.38784,72.43956,-7.70252,-1.438994,0.487597,,,,,,,,,,,,7.51433,-1.2626,-1.63154,50,5.41691,-1.65364,-116.58867,0.42801,10.12059,26.31232,-33.87459,SAN_BRO,UCO_HUS,StephenSchottBBS,D1,WCC,20260318-StephenSchottBBS-1,9d6b7170-2331-11f1-bc73-db1efe8e085b,77.30241,,,8.14844,,,,,,,4f91a5e0-4f32-4f63-8172-e61544f835a3,2026-03-19,01:19:02.35,2026-03-18T21:19:02.3508992-04:00,2026-03-19T01:19:02.3508992Z,,v3,471436,471275,10559,"Cancel, Chris",837525,Right,UCO_HUS,67732888-b0ed-4156-9dfd-f1945609f8ed,55.77435,-117.88465,13.15616,5.35474,2.09646,-16.9373,-1.53781,-2.15212,5.06029,,,,,,,,,,,,,,,,,,,,,,,,,,,,,,,,,,,,,,,,,,,,,,,,,,,High,High,High,,,,,,,,,,,,,,,,,,,,,,,,,,,,,,,,,,,,,,,
36,2026-03-18,21:19:26.24,3,3,"Finn, Sean",805616,Right,UCO_HUS,"DeVine, Luke",825765,Right,SAN_BRO,Undefined,1,Bottom,1,2,0,Fastball,Four-Seam,BallCalled,Undefined,Undefined,Undefined,0,0,,92.85828,-3.601908,-4.454057,2204.237042,214.964635,1:15,5.59079,1.01301,5.28917,-16.56804,17.41501,11.2726,0.81316,-2.23848,83.48401,-6.73499,-2.461936,0.419568,,,,,,,,,,,,-7.05268,10.23465,-0.61501,50,5.24983,9.88222,-133.87259,-8.99824,-12.59382,33.22354,-13.89823,SAN_BRO,UCO_HUS,StephenSchottBBS,D1,WCC,20260318-StephenSchottBBS-1,aba01200-2331-11f1-bc73-db1efe8e085b,89.83627,,,9.37427,,,,,,,4f91a5e0-4f32-4f63-8172-e61544f835a3,2026-03-19,01:19:26.24,2026-03-18T21:19:26.2477312-04:00,2026-03-19T01:19:26.2477312Z,,v3,471436,471275,10559,"Cancel, Chris",837525,Right,UCO_HUS,a64aa8ae-e1e8-495d-816c-882d89413764,55.20665,-135.15856,16.61177,5.58771,-8.46029,-6.94911,-1.00696,10.36969,-6.29691,,,,,,,,,,,,,,,,,,,,,,,,,,,,,,,,,,,,,,,,,,,,,,,,,,,High,High,High,,,,,,,,,,,,,,,,,,,,,,,,,,,,,,,,,,,,,,,
37,2026-03-18,21:19:46.56,3,4,"Finn, Sean",805616,Right,UCO_HUS,"DeVine, Luke",825765,Right,SAN_BRO,Undefined,1,Bottom,1,3,0,Fastball,Four-Seam,BallCalled,Walk,Undefined,Undefined,0,0,,91.85774,-2.759538,-2.966122,2172.98245,220.807388,1:15,5.57384,1.08022,5.13763,-17.32875,17.33245,13.86083,1.52573,-0.56029,82.80188,-6.023713,-0.516251,0.423734,,,,,,,,,,,,-7.8315,9.86233,-0.81323,50,5.30202,6.21345,-132.78684,-7.00092,-13.79266,32.04249,-14.80477,SAN_BRO,UCO_HUS,StephenSchottBBS,D1,WCC,20260318-StephenSchottBBS-1,b7c00360-2331-11f1-bc73-db1efe8e085b,88.95311,,,9.05586,,,,,,,4f91a5e0-4f32-4f63-8172-e61544f835a3,2026-03-19,01:19:46.56,2026-03-18T21:19:46.5608192-04:00,2026-03-19T01:19:46.5608192Z,,v3,471436,471275,10559,"Cancel, Chris",837525,Right,UCO_HUS,82746c23-1e2e-4e2c-a043-56f0ebd2eadf,55.35962,-134.07392,16.02124,5.57129,-6.40624,-7.40239,-1.07394,6.76747,-6.89633,,,,,,,,,,,,,,,,,,,,,,,,,,,,,,,,,,,,,,,,,,,,,,,,,,,High,High,High,,,,,,,,,,,,,,,,,,,,,,,,,,,,,,,,,,,,,,,
38,2026-03-18,21:20:28.11,4,1,"Finn, Sean",805616,Right,UCO_HUS,"Anderson, Will",1000265922,Left,SAN_BRO,Undefined,1,Bottom,1,0,0,Fastball,Four-Seam,BallCalled,Undefined,Undefined,Undefined,0,0,,92.75648,-3.541081,-2.456319,2301.019738,210.496035,1:00,5.57089,1.21009,5.41311,-15.49635,17.80485,9.82839,0.95478,-0.27349,84.57487,-6.461443,-0.709506,0.415338,,,,,,,,,,,,-5.67784,10.3217,-0.99879,50,5.245,5.30927,-134.2785,-8.8266,-10.33529,29.89545,-13.3856,SAN_BRO,UCO_HUS,StephenSchottBBS,D1,WCC,20260318-StephenSchottBBS-1,d081c050-2331-11f1-bc73-db1efe8e085b,90.75134,,,8.18161,,,,,,,4f91a5e0-4f32-4f63-8172-e61544f835a3,2026-03-19,01:20:28.11,2026-03-18T21:20:28.1156608-04:00,2026-03-19T01:20:28.1156608Z,,v3,471436,471275,10559,"Cancel, Chris",837525,Right,UCO_HUS,1a5988b2-91a1-4976-a63a-066d057dcace,55.08654,-135.40622,14.94773,5.56844,-8.32167,-6.6928,-1.20642,5.69913,-5.16764,,,,,,,,,,,,,,,,,,,,,,,,,,,,,,,,,,,,,,,,,,,,,,,,,,,High,High,High,,,,,,,,,,,,,,,,,,,,,,,,,,,,,,,,,,,,,,,
39,2026-03-18,21:20:47.96,4,2,"Finn, Sean",805616,Right,UCO_HUS,"Anderson, Will",1000265922,Left,SAN_BRO,Undefined,1,Bottom,1,1,0,Slider,Curveball,StrikeCalled,Undefined,Undefined,Undefined,0,0,,80.12476,0.365658,-0.178723,2347.357463,64.271007,8:15,5.38709,1.59584,4.6805,-49.98896,-3.39587,-10.75237,1.5686,0.53009,72.0594,-8.664535,-2.069532,0.491283,,,,,,,,,,,,5.21382,-1.31673,-1.56726,50,5.37924,0.83319,-115.9269,-1.16725,6.92056,26.64283,-33.9218,SAN_BRO,UCO_HUS,StephenSchottBBS,D1,WCC,20260318-StephenSchottBBS-1,dc5d7cc0-2331-11f1-bc73-db1efe8e085b,76.72238,,,8.06535,,,,,,,4f91a5e0-4f32-4f63-8172-e61544f835a3,2026-03-19,01:20:47.96,2026-03-18T21:20:47.9626240-04:00,2026-03-19T01:20:47.9626240Z,,v3,471436,471275,10559,"Cancel, Chris",837525,Right,UCO_HUS,d49732c1-0473-4e53-8b62-30a0c7454a54,55.81757,-117.2563,13.32142,5.39526,0.52535,-16.9609,-1.60022,0.48787,3.46028,,,,,,,,,,,,,,,,,,,,,,,,,,,,,,,,,,,,,,,,,,,,,,,,,,,High,High,High,,,,,,,,,,,,,,,,,,,,,,,,,,,,,,,,,,,,,,,
40,2026-03-18,21:21:11.27,4,3,"Finn, Sean",805616,Right,UCO_HUS,"Anderson, Will",1000265922,Left,SAN_BRO,Undefined,1,Bottom,1,1,1,Slider,Curveball,StrikeCalled,Undefined,Undefined,Undefined,0,0,,79.70368,0.528813,-1.214926,2340.775859,58.821222,8:00,5.39222,1.50123,4.63035,-52.20208,-5.16044,-11.41016,1.54482,-0.60459,71.98595,-8.866108,-3.218524,0.493643,,,,,,,,,,,,5.18744,-2.25756,-1.36536,50,5.39847,2.94277,-115.34045,-0.93411,6.83799,25.74869,-35.14992,SAN_BRO,UCO_HUS,StephenSchottBBS,D1,WCC,20260318-StephenSchottBBS-1,ea44c0a0-2331-11f1-bc73-db1efe8e085b,76.35571,,,7.71774,,,,,,,4f91a5e0-4f32-4f63-8172-e61544f835a3,2026-03-19,01:21:11.27,2026-03-18T21:21:11.2731648-04:00,2026-03-19T01:21:11.2731648Z,,v3,471436,471275,10559,"Cancel, Chris",837525,Right,UCO_HUS,e6fefe32-fb2b-4e89-8953-d9bd1e96fc88,55.86892,-116.64327,12.87435,5.40074,0.84439,-17.57496,-1.50551,2.59678,3.41899,,,,,,,,,,,,,,,,,,,,,,,,,,,,,,,,,,,,,,,,,,,,,,,,,,,High,High,High,,,,,,,,,,,,,,,,,,,,,,,,,,,,,,,,,,,,,,,
41,2026-03-18,21:21:32.71,4,4,"Finn, Sean",805616,Right,UCO_HUS,"Anderson, Will",1000265922,Left,SAN_BRO,Undefined,1,Bottom,1,1,2,ChangeUp,Changeup,StrikeSwinging,Strikeout,Undefined,Undefined,0,0,,85.80785,-0.147967,-1.315943,1497.335494,283.595649,3:30,5.29803,1.40307,5.30519,-41.9666,-2.5102,16.34481,1.66187,1.5296,77.46181,-7.812987,1.590949,0.452095,,,,,,,,,,,,-8.58221,-0.75457,-1.29576,50,5.25438,2.12684,-124.34248,-1.9183,-13.18435,29.29184,-33.33324,SAN_BRO,UCO_HUS,StephenSchottBBS,D1,WCC,20260318-StephenSchottBBS-1,f7064930-2331-11f1-bc73-db1efe8e085b,83.37274,,,8.34603,,,,,,,4f91a5e0-4f32-4f63-8172-e61544f835a3,2026-03-19,01:21:32.71,2026-03-18T21:21:32.7117824-04:00,2026-03-19T01:21:32.7117824Z,,v3,471436,471275,10559,"Cancel, Chris",837525,Right,UCO_HUS,f70d5544-91a5-45c7-86be-23c6ca96ec4a,55.19315,-125.5599,14.64592,5.30532,-0.53292,-16.66662,-1.39554,2.6748,-6.59218,,,,,,,,,,,,,,,,,,,,,,,,,,,,,,,,,,,,,,,,,,,,,,,,,,,High,High,High,,,,,,,,,,,,,,,,,,,,,,,,,,,,,,,,,,,,,,,
42,2026-03-18,21:22:08.45,5,1,"Finn, Sean",805616,Right,UCO_HUS,"Medicoff, Tate",827399,Right,SAN_BRO,Undefined,1,Bottom,2,0,0,Slider,Curveball,StrikeCalled,Undefined,Undefined,Undefined,0,0,,80.10834,1.316141,-0.474187,2389.360074,80.680492,8:45,5.32527,1.40952,4.74476,-47.20943,-1.06406,-16.51446,2.6398,-0.41647,72.43792,-7.23129,-3.37717,0.488917,,,,,,,,,,,,7.90004,-0.43201,-1.34647,50,5.41628,1.69011,-115.98623,0.87443,10.59143,24.89699,-32.75321,SAN_BRO,UCO_HUS,StephenSchottBBS,D1,WCC,20260318-StephenSchottBBS-1,0c58a8f0-2332-11f1-bc73-db1efe8e085b,77.09368,,,7.67042,,,,,,,4f91a5e0-4f32-4f63-8172-e61544f835a3,2026-03-19,01:22:08.45,2026-03-18T21:22:08.4593152-04:00,2026-03-19T01:22:08.4593152Z,,v3,471436,471275,10559,"Cancel, Chris",837525,Right,UCO_HUS,ac13a940-c7a0-48e9-9e1c-a6e1c34f18f1,55.75335,-117.21471,12.44849,5.33326,2.49055,-16.3766,-1.41697,1.1675,5.29572,,,,,,,,,,,,,,,,,,,,,,,,,,,,,,,,,,,,,,,,,,,,,,,,,,,High,High,High,,,,,,,,,,,,,,,,,,,,,,,,,,,,,,,,,,,,,,,
43,2026-03-18,21:22:27.61,5,2,"Finn, Sean",805616,Right,UCO_HUS,"Medicoff, Tate",827399,Right,SAN_BRO,Undefined,1,Bottom,2,0,1,Fastball,Four-Seam,BallCalled,Undefined,Undefined,Undefined,0,0,,93.17887,-2.368314,-3.602333,2315.536541,213.139095,1:00,5.66649,1.01618,5.28699,-15.43721,17.97025,10.95166,2.15041,-1.45842,84.18117,-5.297548,-1.664125,0.416,,,,,,,,,,,,-6.57658,10.05705,-0.69586,50,5.43945,7.95589,-134.72839,-6.08821,-11.96512,32.05163,-13.87675,SAN_BRO,UCO_HUS,StephenSchottBBS,D1,WCC,20260318-StephenSchottBBS-1,17bdd5d0-2332-11f1-bc73-db1efe8e085b,90.60687,,,8.99771,,,,,,,4f91a5e0-4f32-4f63-8172-e61544f835a3,2026-03-19,01:22:27.61,2026-03-18T21:22:27.6183552-04:00,2026-03-19T01:22:27.6183552Z,,v3,471436,471275,10559,"Cancel, Chris",837525,Right,UCO_HUS,d7c708be-d6e8-4df9-9eb7-fe98a6016fcb,55.21039,-135.96228,16.02581,5.66354,-5.554,-6.93837,-1.01101,8.41651,-5.98256,,,,,,,,,,,,,,,,,,,,,,,,,,,,,,,,,,,,,,,,,,,,,,,,,,,High,High,High,,,,,,,,,,,,,,,,,,,,,,,,,,,,,,,,,,,,,,,
44,2026-03-18,21:22:46.95,5,3,"Finn, Sean",805616,Right,UCO_HUS,"Medicoff, Tate",827399,Right,SAN_BRO,Undefined,1,Bottom,2,1,1,Slider,Curveball,StrikeSwinging,Undefined,Undefined,Undefined,0,0,,79.69159,0.425892,-1.405733,2503.738487,68.681134,8:15,5.38374,1.48679,4.32245,-49.84274,-2.81307,-11.23737,1.63741,-0.79365,72.77646,-8.476625,-3.36687,0.49358,,,,,,,,,,,,5.02126,-1.05244,-1.32286,50,5.37929,3.3349,-115.41357,-1.11719,6.71672,23.13965,-33.58187,SAN_BRO,UCO_HUS,StephenSchottBBS,D1,WCC,20260318-StephenSchottBBS-1,234a87e0-2332-11f1-bc73-db1efe8e085b,76.36544,,,6.91514,,,,,,,4f91a5e0-4f32-4f63-8172-e61544f835a3,2026-03-19,01:22:46.95,2026-03-18T21:22:46.9515776-04:00,2026-03-19T01:22:46.9515776Z,,v3,471436,471275,10559,"Cancel, Chris",837525,Right,UCO_HUS,a2d72b6b-7498-43ad-b22f-713bce19c329,56.17757,-116.64555,11.56983,5.39117,0.67075,-16.79094,-1.4909,2.97729,3.35836,,,,,,,,,,,,,,,,,,,,,,,,,,,,,,,,,,,,,,,,,,,,,,,,,,,High,High,High,,,,,,,,,,,,,,,,,,,,,,,,,,,,,,,,,,,,,,,
45,2026-03-18,21:23:07.73,5,4,"Finn, Sean",805616,Right,UCO_HUS,"Medicoff, Tate",827399,Right,SAN_BRO,Undefined,1,Bottom,2,1,2,Slider,Curveball,StrikeCalled,Strikeout,Undefined,Undefined,0,0,,81.08558,0.563833,0.569884,2333.0993,68.12638,8:15,5.42345,1.29649,4.82839,-49.92739,-5.19544,-16.80993,1.79686,0.43539,73.70249,-8.444223,-2.394294,0.481371,,,,,,,,,,,,8.4602,-2.29394,-1.33766,50,5.43627,-0.43551,-117.52369,-0.7561,11.6748,25.04044,-35.33962,SAN_BRO,UCO_HUS,StephenSchottBBS,D1,WCC,20260318-StephenSchottBBS-1,2fb05be0-2332-11f1-bc73-db1efe8e085b,78.30221,,,7.38309,,,,,,,4f91a5e0-4f32-4f63-8172-e61544f835a3,2026-03-19,01:23:07.73,2026-03-18T21:23:07.7379072-04:00,2026-03-19T01:23:07.7379072Z,,v3,471436,471275,10559,"Cancel, Chris",837525,Right,UCO_HUS,e31426bd-a919-4816-a280-59834b0d0f9e,55.67214,-118.72608,12.52022,5.43184,0.94085,-17.66981,-1.30328,-0.99612,5.8374,,,,,,,,,,,,,,,,,,,,,,,,,,,,,,,,,,,,,,,,,,,,,,,,,,,High,High,High,,,,,,,,,,,,,,,,,,,,,,,,,,,,,,,,,,,,,,,
46,2026-03-18,21:25:23.84,1,1,"Aivazian, Robert",811212,Right,SAN_BRO,"Wachter, Nater",821735,Right,UCO_HUS,Undefined,2,Top,0,0,0,Slider,Curveball,BallinDirt,Undefined,Undefined,Undefined,0,0,,77.09337,-1.238297,-2.859977,2553.414153,29.377913,7:00,6.57259,1.38139,5.55049,-55.81035,-8.07898,-5.36457,0.76297,-1.7404,71.52307,-11.309032,-3.818686,0.497248,,,,,,,,,,,,1.93043,-3.4226,-1.13002,50,6.42775,5.78555,-111.88038,-4.25358,2.44057,20.66571,-36.50111,SAN_BRO,UCO_HUS,StephenSchottBBS,D1,WCC,20260318-StephenSchottBBS-1,80cf4400-2332-11f1-bc73-db1efe8e085b,75.80204,,,5.5703,,,,,,,4f91a5e0-4f32-4f63-8172-e61544f835a3,2026-03-19,01:25:23.84,2026-03-18T21:25:23.8447616-04:00,2026-03-19T01:25:23.8447616Z,,v3,471436,471275,10559,"Wheeler, Mace",1000367898,Right,SAN_BRO,0cb1f548-f8bf-4326-9a19-39c90d2a6ccf,54.95291,-112.79154,10.33286,6.57982,-2.64425,-18.25056,-1.38274,5.67795,1.22029,,,,,,,,,,,,,,,,,,,,,,,,,,,,,,,,,,,,,,,,,,,,,,,,,,,High,High,High,,,,,,,,,,,,,,,,,,,,,,,,,,,,,,,,,,,,,,,
47,2026-03-18,21:25:36.63,1,2,"Aivazian, Robert",811212,Right,SAN_BRO,"Wachter, Nater",821735,Right,UCO_HUS,Undefined,2,Top,0,1,0,ChangeUp,Changeup,FoulBallNotFieldable,Undefined,Undefined,Undefined,0,0,,79.26236,-1.263459,-2.675369,1448.066373,216.200151,1:15,6.4843,1.44955,6.0559,-30.67986,14.00457,9.10414,2.75669,-0.26998,72.00666,-7.019429,-1.03735,0.481116,,,,,,,,,,,,-5.55591,8.06087,-1.24653,50,6.36965,5.04132,-114.94355,-3.40426,-7.3498,23.53118,-21.51044,SAN_BRO,UCO_HUS,StephenSchottBBS,D1,WCC,20260318-StephenSchottBBS-1,886df300-2332-11f1-bc73-db1efe8e085b,78.34381,,,7.25571,,,,,,,4f91a5e0-4f32-4f63-8172-e61544f835a3,2026-03-19,01:25:36.63,2026-03-18T21:25:36.6381568-04:00,2026-03-19T01:25:36.6381568Z,,v3,471436,471275,10559,"Wheeler, Mace",1000367898,Right,SAN_BRO,3bc304b7-4d09-42f1-a948-b1fdfa45ae69,54.44293,-115.84953,11.76559,6.48478,-2.57608,-10.75522,-1.44608,5.32429,-3.6749,,,,,,,,,,,,,,,,,,,,,,,,,,,,,,,,,,,,,,,,,,,,,,,,,,,High,High,High,,,,,,,,,,,,,,,,,,,,,,,,,,,,,,,,,,,,,,,
48,2026-03-18,21:26:01.45,1,3,"Aivazian, Robert",811212,Right,SAN_BRO,"Wachter, Nater",821735,Right,UCO_HUS,Undefined,2,Top,0,1,1,Fastball,Changeup,BallCalled,Undefined,Undefined,Undefined,0,0,,88.73318,-3.812327,-3.969798,1760.057189,211.176791,1:00,6.62613,1.26907,5.81837,-18.5247,17.46714,9.82646,1.52401,-1.60901,80.91715,-7.302543,-2.214033,0.431791,,,,,,,,,,,,-6.15429,10.38264,-0.9495,50,6.30202,8.48318,-128.27175,-9.12524,-10.21551,27.45598,-14.93994,SAN_BRO,UCO_HUS,StephenSchottBBS,D1,WCC,20260318-StephenSchottBBS-1,97389200-2332-11f1-bc73-db1efe8e085b,87.29331,,,7.81602,,,,,,,4f91a5e0-4f32-4f63-8172-e61544f835a3,2026-03-19,01:26:01.45,2026-03-18T21:26:01.4530048-04:00,2026-03-19T01:26:01.4530048Z,,v3,471436,471275,10559,"Wheeler, Mace",1000367898,Right,SAN_BRO,049335f6-e037-413d-abce-a02e4f1fa2f4,54.67989,-129.26957,13.72799,6.6238,-8.58228,-7.46997,-1.26455,8.85444,-5.10776,,,,,,,,,,,,,,,,,,,,,,,,,,,,,,,,,,,,,,,,,,,,,,,,,,,High,High,High,,,,,,,,,,,,,,,,,,,,,,,,,,,,,,,,,,,,,,,
49,2026-03-18,21:26:15.24,1,4,"Aivazian, Robert",811212,Right,SAN_BRO,"Wachter, Nater",821735,Right,UCO_HUS,Undefined,2,Top,0,2,1,ChangeUp,Changeup,StrikeSwinging,Undefined,Undefined,Undefined,0,0,,79.19523,-2.054956,-2.262898,1424.745776,239.421727,2:00,6.48508,1.61444,5.81751,-34.44884,11.02835,15.8028,1.70135,0.82621,71.66915,-8.459979,0.572264,0.485365,,,,,,,,,,,,-8.81497,6.79603,-1.43859,50,6.29652,3.92926,-114.71425,-5.15965,-11.53886,24.71386,-23.27801,SAN_BRO,UCO_HUS,StephenSchottBBS,D1,WCC,20260318-StephenSchottBBS-1,9f78ff40-2332-11f1-bc73-db1efe8e085b,77.65798,,,7.52608,,,,,,,4f91a5e0-4f32-4f63-8172-e61544f835a3,2026-03-19,01:26:15.24,2026-03-18T21:26:15.2477184-04:00,2026-03-19T01:26:15.2477184Z,,v3,471436,471275,10559,"Wheeler, Mace",1000367898,Right,SAN_BRO,5a9b730d-c092-46b3-b81c-8c25f5b88543,54.68005,-115.71812,12.35693,6.4869,-4.2141,-11.639,-1.60771,4.39797,-5.76943,,,,,,,,,,,,,,,,,,,,,,,,,,,,,,,,,,,,,,,,,,,,,,,,,,,High,High,High,,,,,,,,,,,,,,,,,,,,,,,,,,,,,,,,,,,,,,,
50,2026-03-18,21:26:28.91,1,5,"Aivazian, Robert",811212,Right,SAN_BRO,"Wachter, Nater",821735,Right,UCO_HUS,Undefined,2,Top,0,2,2,Slider,Curveball,BallCalled,Undefined,Undefined,Undefined,0,0,,76.91827,-0.019595,-2.347003,2567.166443,36.623733,7:15,6.62343,1.29348,5.23258,-58.62917,-9.96906,-8.55233,1.71923,-1.62664,70.92315,-10.576937,-3.865904,0.502063,,,,,,,,,,,,3.58563,-4.5204,-1.07067,50,6.57766,4.90897,-111.59333,-2.08053,4.49338,21.24778,-37.83882,SAN_BRO,UCO_HUS,StephenSchottBBS,D1,WCC,20260318-StephenSchottBBS-1,a79a24b0-2332-11f1-bc73-db1efe8e085b,75.07516,,,5.99512,,,,,,,4f91a5e0-4f32-4f63-8172-e61544f835a3,2026-03-19,01:26:28.91,2026-03-18T21:26:28.9113088-04:00,2026-03-19T01:26:28.9113088Z,,v3,471436,471275,10559,"Wheeler, Mace",1000367898,Right,SAN_BRO,10d98c42-7536-4207-85d8-b981d3a62211,55.26992,-112.59227,10.62389,6.63366,-0.30158,-18.91941,-1.29649,4.69771,2.24669,,,,,,,,,,,,,,,,,,,,,,,,,,,,,,,,,,,,,,,,,,,,,,,,,,,High,High,High,,,,,,,,,,,,,,,,,,,,,,,,,,,,,,,,,,,,,,,
51,2026-03-18,21:26:44.53,1,6,"Aivazian, Robert",811212,Right,SAN_BRO,"Wachter, Nater",821735,Right,UCO_HUS,Undefined,2,Top,0,3,2,Fastball,Four-Seam,BallCalled,Walk,Undefined,Undefined,0,0,,89.60741,-2.544359,-3.883353,1845.412231,197.035093,12:30,6.66335,1.20707,5.98007,-17.27095,17.9093,5.10792,2.85862,-1.97248,81.19621,-5.838084,-2.968461,0.426895,,,,,,,,,,,,-3.79441,10.32146,-0.90249,50,6.45215,8.5817,-129.64716,-6.26276,-6.39722,29.4937,-14.77249,SAN_BRO,UCO_HUS,StephenSchottBBS,D1,WCC,20260318-StephenSchottBBS-1,b0e26500-2332-11f1-bc73-db1efe8e085b,88.29447,,,8.4112,,,,,,,4f91a5e0-4f32-4f63-8172-e61544f835a3,2026-03-19,01:26:44.53,2026-03-18T21:26:44.5373440-04:00,2026-03-19T01:26:44.5373440Z,,v3,471436,471275,10559,"Wheeler, Mace",1000367898,Right,SAN_BRO,11269741-9c04-422e-a9f4-df6c066509de,54.51648,-130.67058,14.74685,6.66057,-5.75015,-7.38625,-1.20412,8.80368,-3.19861,,,,,,,,,,,,,,,,,,,,,,,,,,,,,,,,,,,,,,,,,,,,,,,,,,,High,High,High,,,,,,,,,,,,,,,,,,,,,,,,,,,,,,,,,,,,,,,
52,2026-03-18,21:27:18.29,2,1,"Aivazian, Robert",811212,Right,SAN_BRO,"Menzel, Evan",837534,Left,UCO_HUS,Undefined,2,Top,0,0,0,Fastball,Changeup,BallCalled,Undefined,Undefined,Undefined,0,0,,88.05063,-4.141128,-3.035717,1669.116049,208.461122,1:00,6.63391,1.03498,5.9641,-19.52631,17.03304,8.51788,1.15482,-1.07266,79.86844,-7.829489,-1.506771,0.435182,,,,,,,,,,,,-5.33626,10.4328,-0.79885,50,6.29377,6.40202,-127.31302,-9.80331,-8.65622,28.9832,-15.25051,SAN_BRO,UCO_HUS,StephenSchottBBS,D1,WCC,20260318-StephenSchottBBS-1,c5021120-2332-11f1-bc73-db1efe8e085b,86.61311,,,8.18219,,,,,,,4f91a5e0-4f32-4f63-8172-e61544f835a3,2026-03-19,01:27:18.29,2026-03-18T21:27:18.2906880-04:00,2026-03-19T01:27:18.2906880Z,,v3,471436,471275,10559,"Wheeler, Mace",1000367898,Right,SAN_BRO,2c8b8d81-5189-47da-8b7f-9bf1dc569237,54.53422,-128.34109,14.4916,6.63191,-9.26236,-7.62526,-1.03138,6.70907,-4.32811,,,,,,,,,,,,,,,,,,,,,,,,,,,,,,,,,,,,,,,,,,,,,,,,,,,High,High,High,,,,,,,,,,,,,,,,,,,,,,,,,,,,,,,,,,,,,,,
53,2026-03-18,21:27:46.33,2,2,"Aivazian, Robert",811212,Right,SAN_BRO,"Menzel, Evan",837534,Left,UCO_HUS,Undefined,2,Top,0,1,0,ChangeUp,Changeup,BallinDirt,Undefined,Undefined,Undefined,0,0,,80.06279,-3.387645,-3.769627,1540.724581,218.380735,1:15,6.40393,1.76203,5.99329,-29.95903,13.988,9.87961,0.75746,-0.91313,73.20985,-8.955657,-1.995862,0.477129,,,,,,,,,,,,-6.25504,8.64906,-1.47024,50,6.11967,7.27378,-115.85033,-7.7393,-8.44146,23.05654,-20.50182,SAN_BRO,UCO_HUS,StephenSchottBBS,D1,WCC,20260318-StephenSchottBBS-1,d5bb39b0-2332-11f1-bc73-db1efe8e085b,78.99838,,,6.85294,,,,,,,4f91a5e0-4f32-4f63-8172-e61544f835a3,2026-03-19,01:27:46.33,2026-03-18T21:27:46.3311360-04:00,2026-03-19T01:27:46.3311360Z,,v3,471436,471275,10559,"Wheeler, Mace",1000367898,Right,SAN_BRO,3dc5f14c-9b42-4073-af74-26c3351ba2ab,54.5065,-116.74376,11.52827,6.40417,-6.94486,-10.25091,-1.75844,7.60088,-4.22073,,,,,,,,,,,,,,,,,,,,,,,,,,,,,,,,,,,,,,,,,,,,,,,,,,,High,High,High,,,,,,,,,,,,,,,,,,,,,,,,,,,,,,,,,,,,,,,
54,2026-03-18,21:28:04.29,2,3,"Aivazian, Robert",811212,Right,SAN_BRO,"Menzel, Evan",837534,Left,UCO_HUS,Undefined,2,Top,0,2,0,Fastball,Four-Seam,BallCalled,Undefined,Undefined,Undefined,0,0,,89.06361,-2.933047,-3.864044,1869.50446,200.140467,12:45,6.50946,1.49252,6.22856,-16.11399,19.23312,6.58886,2.45201,-1.52886,80.58113,-6.037777,-2.678163,0.427906,,,,,,,,,,,,-4.60422,11.23894,-1.20659,50,6.28158,8.43286,-128.86321,-7.02846,-7.65304,29.64919,-13.49281,SAN_BRO,UCO_HUS,StephenSchottBBS,D1,WCC,20260318-StephenSchottBBS-1,e06b4760-2332-11f1-bc73-db1efe8e085b,88.08577,,,8.48248,,,,,,,4f91a5e0-4f32-4f63-8172-e61544f835a3,2026-03-19,01:28:04.29,2026-03-18T21:28:04.2915840-04:00,2026-03-19T01:28:04.2915840Z,,v3,471436,471275,10559,"Wheeler, Mace",1000367898,Right,SAN_BRO,2af2e172-f892-4537-8b23-8ddb5f608c50,54.2683,-129.84156,14.82459,6.50616,-6.58323,-6.7464,-1.48903,8.68539,-3.82652,,,,,,,,,,,,,,,,,,,,,,,,,,,,,,,,,,,,,,,,,,,,,,,,,,,High,High,High,,,,,,,,,,,,,,,,,,,,,,,,,,,,,,,,,,,,,,,
55,2026-03-18,21:29:01.85,2,4,"Aivazian, Robert",811212,Right,SAN_BRO,"Menzel, Evan",837534,Left,UCO_HUS,Undefined,2,Top,0,3,0,Fastball,Changeup,BallCalled,Walk,Undefined,Undefined,0,0,,87.45312,-3.730733,-5.130355,1718.405999,207.841574,1:00,6.58829,1.95534,6.12293,-19.45182,17.41906,8.51367,1.49961,-2.09073,79.4782,-7.414762,-3.604966,0.437032,,,,,,,,,,,,-5.9304,10.49922,-1.56598,50,6.29109,10.98901,-126.23873,-8.8085,-9.49455,27.58779,-15.36475,SAN_BRO,UCO_HUS,StephenSchottBBS,D1,WCC,20260318-StephenSchottBBS-1,02c03050-2333-11f1-bc73-db1efe8e085b,86.24643,,,7.97493,,,,,,,4f91a5e0-4f32-4f63-8172-e61544f835a3,2026-03-19,01:29:01.85,2026-03-18T21:29:01.8550784-04:00,2026-03-19T01:29:01.8550784Z,,v3,471436,471275,10559,"Wheeler, Mace",1000367898,Right,SAN_BRO,6ed6a6f1-af58-4006-9dda-af55abe76df1,54.37472,-127.19117,13.7939,6.58604,-8.27805,-7.68238,-1.95102,11.31679,-4.74728,,,,,,,,,,,,,,,,,,,,,,,,,,,,,,,,,,,,,,,,,,,,,,,,,,,High,High,High,,,,,,,,,,,,,,,,,,,,,,,,,,,,,,,,,,,,,,,
56,2026-03-18,21:32:51.03,3,1,"Habermann, Andrew",832234,Right,SAN_BRO,"Cancel, Chris",837525,Right,UCO_HUS,Undefined,2,Top,0,0,0,Sinker,Changeup,StrikeSwinging,Undefined,Undefined,Undefined,0,0,,86.96121,-1.508141,-3.728611,1918.826206,264.486621,2:45,6.29509,1.7462,5.29148,-34.99616,3.39973,20.91458,1.9593,-0.01693,78.75281,-7.91276,-0.018466,0.445978,,,,,,,,,,,,-11.62032,2.58973,-1.42213,50,6.13214,7.26033,-125.81062,-4.63292,-18.38023,28.65312,-28.0778,SAN_BRO,UCO_HUS,StephenSchottBBS,D1,WCC,20260318-StephenSchottBBS-1,8b5b3270-2333-11f1-bc73-db1efe8e085b,84.51631,,,8.20841,,,,,,,4f91a5e0-4f32-4f63-8172-e61544f835a3,2026-03-19,01:32:51.03,2026-03-18T21:32:51.0372352-04:00,2026-03-19T01:32:51.0372352Z,,v3,471436,471275,10559,"Wheeler, Mace",1000367898,Right,SAN_BRO,672a56e4-8c28-4c99-a5da-421b1b39bd61,55.20774,-126.99114,14.32656,6.29919,-3.47611,-14.0389,-1.73686,8.01761,-9.19012,,,,,,,,,,,,,,,,,,,,,,,,,,,,,,,,,,,,,,,,,,,,,,,,,,,High,High,High,,,,,,,,,,,,,,,,,,,,,,,,,,,,,,,,,,,,,,,
57,2026-03-18,21:33:06.98,3,2,"Habermann, Andrew",832234,Right,SAN_BRO,"Cancel, Chris",837525,Right,UCO_HUS,Undefined,2,Top,0,0,1,Sinker,Changeup,FoulBallNotFieldable,Undefined,Undefined,Undefined,0,0,,87.69053,-1.651733,-4.272058,1941.684065,255.803185,2:30,6.27778,1.66196,5.31853,-31.44781,6.04548,18.8745,2.10223,-0.78194,79.88631,-7.414309,-0.927508,0.440705,,,,,,,,,,,,-10.81548,3.85362,-1.28895,50,6.10499,8.65715,-126.89599,-4.82894,-17.53291,27.37343,-25.92693,SAN_BRO,UCO_HUS,StephenSchottBBS,D1,WCC,20260318-StephenSchottBBS-1,94d35c60-2333-11f1-bc73-db1efe8e085b,85.52752,,,7.80422,,,,,,,4f91a5e0-4f32-4f63-8172-e61544f835a3,2026-03-19,01:33:06.98,2026-03-18T21:33:06.9874688-04:00,2026-03-19T01:33:06.9874688Z,,v3,471436,471275,10559,"Wheeler, Mace",1000367898,Right,SAN_BRO,40f0654b-3fdc-484a-bc7a-c44bb5ae060e,55.18277,-128.00911,13.68672,6.27992,-3.77464,-12.96346,-1.65548,9.37011,-8.76645,,,,,,,,,,,,,,,,,,,,,,,,,,,,,,,,,,,,,,,,,,,,,,,,,,,High,High,High,,,,,,,,,,,,,,,,,,,,,,,,,,,,,,,,,,,,,,,
58,2026-03-18,21:33:42.92,3,3,"Habermann, Andrew",832234,Right,SAN_BRO,"Cancel, Chris",837525,Right,UCO_HUS,Undefined,2,Top,0,0,2,Sinker,Sinker,BallCalled,Undefined,Undefined,Undefined,0,0,,88.76339,-1.934197,-4.867289,2042.472541,262.064956,2:45,6.18403,1.74821,5.29176,-32.6786,4.05658,20.05096,1.6374,-1.16214,80.79995,-7.903214,-1.318861,0.436227,,,,,,,,,,,,-11.46296,2.98099,-1.31929,50,5.98351,10.01302,-128.2903,-5.59544,-18.98531,28.07986,-27.23685,SAN_BRO,UCO_HUS,StephenSchottBBS,D1,WCC,20260318-StephenSchottBBS-1,aa4440a0-2333-11f1-bc73-db1efe8e085b,86.40556,,,7.96343,,,,,,,4f91a5e0-4f32-4f63-8172-e61544f835a3,2026-03-19,01:33:42.92,2026-03-18T21:33:42.9265408-04:00,2026-03-19T01:33:42.9265408Z,,v3,471436,471275,10559,"Wheeler, Mace",1000367898,Right,SAN_BRO,eacb8e4f-c5ae-43bb-8526-3b29ddc1db1d,55.2083,-129.42526,14.03993,6.18742,-4.49456,-13.61843,-1.73951,10.78038,-9.49266,,,,,,,,,,,,,,,,,,,,,,,,,,,,,,,,,,,,,,,,,,,,,,,,,,,High,High,High,,,,,,,,,,,,,,,,,,,,,,,,,,,,,,,,,,,,,,,
59,2026-03-18,21:34:00.25,3,4,"Habermann, Andrew",832234,Right,SAN_BRO,"Cancel, Chris",837525,Right,UCO_HUS,Undefined,2,Top,0,1,2,Sinker,Sinker,BallCalled,Undefined,Undefined,Undefined,0,0,,88.68112,-2.949885,-4.029099,1990.600886,244.790766,2:15,6.2775,1.58275,5.30504,-27.06757,9.93941,18.23875,1.24339,-0.68586,80.23986,-7.940109,-0.796361,0.437838,,,,,,,,,,,,-10.39079,6.30178,-1.23009,50,5.98947,8.19275,-128.10238,-7.60196,-17.04361,29.65,-21.83747,SAN_BRO,UCO_HUS,StephenSchottBBS,D1,WCC,20260318-StephenSchottBBS-1,b4998420-2333-11f1-bc73-db1efe8e085b,86.08765,,,8.44126,,,,,,,4f91a5e0-4f32-4f63-8172-e61544f835a3,2026-03-19,01:34:00.25,2026-03-18T21:34:00.2550784-04:00,2026-03-19T01:34:00.2550784Z,,v3,471436,471275,10559,"Wheeler, Mace",1000367898,Right,SAN_BRO,c2ffd204-33f2-47e1-af92-90ecd1e771ab,55.1932,-129.29879,14.825,6.27844,-6.72079,-10.91873,-1.57455,8.88048,-8.52181,,,,,,,,,,,,,,,,,,,,,,,,,,,,,,,,,,,,,,,,,,,,,,,,,,,High,High,High,,,,,,,,,,,,,,,,,,,,,,,,,,,,,,,,,,,,,,,
60,2026-03-18,21:34:15.82,3,5,"Habermann, Andrew",832234,Right,SAN_BRO,"Cancel, Chris",837525,Right,UCO_HUS,Undefined,2,Top,0,2,2,Sinker,Sinker,FoulBallNotFieldable,Undefined,Undefined,Undefined,0,0,,87.93045,-1.593858,-3.468863,2013.062886,237.253149,2:00,6.23158,1.65242,5.34868,-25.11659,12.34733,17.08505,2.6404,-0.18152,79.40115,-6.265473,-0.437818,0.440532,73.01876,-24.046769,-57.992138,,,,,8.13931,8.13931,-39.400011,0.064092,-9.73965,7.08473,-1.35272,50,6.07023,6.96055,-127.24039,-4.42422,-15.7508,29.41267,-20.71675,SAN_BRO,UCO_HUS,StephenSchottBBS,D1,WCC,20260318-StephenSchottBBS-1,bdde4200-2333-11f1-bc73-db1efe8e085b,85.56109,2.80722,,8.5293,,,,2.9549,2.80722,0.1686,4f91a5e0-4f32-4f63-8172-e61544f835a3,2026-03-19,01:34:15.82,2026-03-18T21:34:15.8284800-04:00,2026-03-19T01:34:15.8284800Z,GroundBall,v3,471436,471275,10559,"Wheeler, Mace",1000367898,Right,SAN_BRO,db1d0031-ef6d-4223-b97f-7403545a755b,55.15069,-128.4255,14.70634,6.23168,-3.5895,-10.35838,-1.64596,7.59519,-7.8754,,2.95293,52.02865,,,,,,,,2.80888,-43.79999,,,,,,,,0.17176,-83.23783,,,,,,,,,,,,,,,,,,,,,,,,,,,,,,High,High,High,Estimated,Estimated,,,,,,,,,,,,,,,,,,,,,,,,,,,,,,,,,,,,,
61,2026-03-18,21:34:41.14,3,6,"Habermann, Andrew",832234,Right,SAN_BRO,"Cancel, Chris",837525,Right,UCO_HUS,Undefined,2,Top,0,2,2,Cutter,Slider,BallCalled,Undefined,Undefined,Undefined,0,0,,81.51667,-1.098532,-4.976202,2058.513091,203.552438,12:45,6.34816,1.38208,4.99042,-40.82719,3.87839,0.95295,1.90458,-3.24903,73.50194,-8.513582,-4.808889,0.481229,,,,,,,,,,,,-2.15047,2.81902,-0.90252,50,6.20939,10.19077,-117.52213,-3.75684,-2.94665,26.47668,-28.31133,SAN_BRO,UCO_HUS,StephenSchottBBS,D1,WCC,20260318-StephenSchottBBS-1,ccfc7f40-2333-11f1-bc73-db1efe8e085b,78.32529,,,8.01473,,,,,,,4f91a5e0-4f32-4f63-8172-e61544f835a3,2026-03-19,01:34:41.14,2026-03-18T21:34:41.1431424-04:00,2026-03-19T01:34:41.1431424Z,,v3,471436,471275,10559,"Wheeler, Mace",1000367898,Right,SAN_BRO,5a6156ec-29eb-4916-89b2-5a639f9d6eeb,55.5045,-118.75577,13.23834,6.3537,-2.43772,-14.15567,-1.38054,10.32806,-1.47332,,,,,,,,,,,,,,,,,,,,,,,,,,,,,,,,,,,,,,,,,,,,,,,,,,,High,High,High,,,,,,,,,,,,,,,,,,,,,,,,,,,,,,,,,,,,,,,
62,2026-03-18,21:34:59.60,3,7,"Habermann, Andrew",832234,Right,SAN_BRO,"Cancel, Chris",837525,Right,UCO_HUS,Undefined,2,Top,0,3,2,Sinker,Sinker,FoulBallNotFieldable,Undefined,Undefined,Undefined,0,0,,87.57938,-1.709858,-4.377856,1954.713472,240.825983,2:00,6.22767,1.62244,5.27299,-27.54179,10.09343,15.80324,2.32128,-1.18074,79.771,-6.780099,-1.582644,0.441538,82.42082,46.502551,47.927914,5021.941404,64.09811,92.45026,89.39474,274.04764,103.79023,61.213964,5.250915,-9.20331,5.91327,-1.23397,50,6.05094,8.99691,-126.68252,-4.7899,-14.89423,26.87878,-22.60431,SAN_BRO,UCO_HUS,StephenSchottBBS,D1,WCC,20260318-StephenSchottBBS-1,d7fa10b0-2333-11f1-bc73-db1efe8e085b,85.36616,102.90176,,7.80838,,,,1.67169,2.60075,1.14083,4f91a5e0-4f32-4f63-8172-e61544f835a3,2026-03-19,01:34:59.60,2026-03-18T21:34:59.6044800-04:00,2026-03-19T01:34:59.6044800Z,FlyBall,v3,471436,471275,10559,"Wheeler, Mace",1000367898,Right,SAN_BRO,6a24fcf4-b678-400c-8f21-6e181b460804,55.22675,-127.78669,13.43939,6.22863,-3.86132,-11.30216,-1.61613,9.60876,-7.44711,,1.68664,55.45038,-14.36927,2.0868,0.66743,-0.47604,0.11714,-0.01331,0.00058,2.59752,87.7339,-22.83248,2.14065,-0.20344,-0.09585,0.04764,-0.0079,0.00046,1.14314,61.71252,-5.86244,0.59398,0.23575,-0.16033,0.04241,-0.00537,0.00027,,,,,,,,,,,,,,,,,,,,,,,High,High,High,High,Low,,,,,,,,,,,,,,,,,,,,,,,,,,,,,,,,,,,,,
63,2026-03-18,21:35:24.24,3,8,"Habermann, Andrew",832234,Right,SAN_BRO,"Cancel, Chris",837525,Right,UCO_HUS,Undefined,2,Top,0,3,2,Sinker,Sinker,InPlay,Undefined,LineDrive,Single,0,1,,88.39848,-2.098494,-3.986598,1928.263823,248.985683,2:15,6.28496,1.54673,5.38757,-29.39927,7.8465,16.77406,1.86246,-0.7981,79.61251,-7.526864,-1.009225,0.439248,99.53056,10.684878,4.376463,1280.20476,109.11846,12.33602,13.89753,195.98362,195.98362,9.15806,1.688942,-9.78564,5.0226,-1.20239,50,6.07649,8.15695,-127.75084,-5.75776,-15.8775,30.78402,-24.02472,SAN_BRO,UCO_HUS,StephenSchottBBS,D1,WCC,20260318-StephenSchottBBS-1,e6a8c340-2333-11f1-bc73-db1efe8e085b,85.81127,12.39279,,8.78597,,,,1.9114,1.97229,0.76319,4f91a5e0-4f32-4f63-8172-e61544f835a3,2026-03-19,01:35:24.24,2026-03-18T21:35:24.2459136-04:00,2026-03-19T01:35:24.2459136Z,LineDrive,v3,471436,471275,10559,"Wheeler, Mace",1000367898,Right,SAN_BRO,56d7b73f-cc37-4dfd-a584-241f52db5d17,55.11103,-128.97656,15.39201,6.2867,-4.80117,-12.01236,-1.53975,8.78914,-7.93875,256.68357,1.91139,143.03018,-24.21875,5.36462,-0.99401,0.02649,0.09188,-0.03969,0.00591,1.97231,27.06289,-18.48369,1.42859,-0.50356,0.38467,-0.22824,0.07539,-0.01033,0.76321,10.94341,6.81032,-2.19965,0.30706,0.25238,-0.22919,0.08281,-0.01172,,,,,,,,,,,,,,,,,,,,,,,High,High,High,High,High,,,,,,,,,,,,,,,,,,,,,,,,,,,,,,,,,,,,,
64,2026-03-18,21:36:08.04,4,1,"Habermann, Andrew",832234,Right,SAN_BRO,"Jemison, Peyton",10267615,Right,UCO_HUS,Undefined,2,Top,0,0,0,Sinker,Sinker,InPlay,Undefined,GroundBall,Out,2,1,,88.53463,-2.020854,-3.971173,1935.998604,243.599522,2:00,6.23093,1.73309,5.31884,-27.22068,9.89272,17.1717,2.06062,-0.56885,79.88798,-7.055457,-0.927917,0.438467,94.67144,-14.676904,-11.46029,,,,,8.47222,8.44811,-6.202801,0.056624,-9.91154,5.99071,-1.38599,50,6.02809,8.11253,-127.97735,-5.50989,-16.19271,30.08733,-22.3869,SAN_BRO,UCO_HUS,StephenSchottBBS,D1,WCC,20260318-StephenSchottBBS-1,00c04c30-2334-11f1-bc73-db1efe8e085b,85.96419,1.99496,,8.64665,,,,0.95765,1.99496,0.59797,4f91a5e0-4f32-4f63-8172-e61544f835a3,2026-03-19,01:36:08.04,2026-03-18T21:36:08.0424448-04:00,2026-03-19T01:36:08.0424448Z,GroundBall,v3,471436,471275,10559,"Wheeler, Mace",1000367898,Right,SAN_BRO,5d62ce52-a99f-4ec9-93ca-600429c4902e,55.17985,-129.18939,15.04367,6.23189,-4.60805,-11.19345,-1.72594,8.76484,-8.09635,180,0.9559,131.83443,,,,,,,,1.99542,-35.23175,,,,,,,,0.59833,-26.72688,,,,,,,,,,,,,,,,,,,,,,,,,,,,,,High,High,High,High,High,,,,,,,,,,,,,,,,,,,,,,,,,,,,,,,,,,,,,
65,2026-03-18,21:36:42.24,5,1,"Habermann, Andrew",832234,Right,SAN_BRO,"Rispoli, Robert",10111517,Right,UCO_HUS,Undefined,2,Top,2,0,0,Sinker,Changeup,StrikeSwinging,Undefined,Undefined,Undefined,0,0,,89.0239,-0.964404,-3.401144,1815.180523,241.61407,2:00,6.19136,1.64258,5.39509,-26.98462,9.64402,15.3117,3.03716,-0.27263,80.01765,-5.979162,-0.682493,0.435594,,,,,,,,,,,,-8.74847,5.55929,-1.34969,50,6.08666,6.94558,-128.76722,-3.14309,-14.43592,31.03019,-23.00061,SAN_BRO,UCO_HUS,StephenSchottBBS,D1,WCC,20260318-StephenSchottBBS-1,15220a60-2334-11f1-bc73-db1efe8e085b,86.53118,,,9.00626,,,,,,,4f91a5e0-4f32-4f63-8172-e61544f835a3,2026-03-19,01:36:42.24,2026-03-18T21:36:42.2477312-04:00,2026-03-19T01:36:42.2477312Z,,v3,471436,471275,10559,"Wheeler, Mace",1000367898,Right,SAN_BRO,2d4c8950-e735-4a2c-b00b-79335f82156d,55.10107,-129.99065,15.5151,6.1927,-2.23624,-11.50031,-1.63476,7.51475,-7.21796,,,,,,,,,,,,,,,,,,,,,,,,,,,,,,,,,,,,,,,,,,,,,,,,,,,High,High,High,,,,,,,,,,,,,,,,,,,,,,,,,,,,,,,,,,,,,,,
66,2026-03-18,21:36:55.51,5,2,"Habermann, Andrew",832234,Right,SAN_BRO,"Rispoli, Robert",10111517,Right,UCO_HUS,Undefined,2,Top,2,0,1,Sinker,Changeup,InPlay,Undefined,GroundBall,Out,1,0,,88.38798,-1.787705,-2.755477,1809.527232,241.371439,2:00,6.16991,1.57953,5.26807,-27.12773,10.41512,16.37741,2.22744,0.35387,79.11159,-6.82515,0.149325,0.440996,85.12328,6.000631,-16.646253,5938.163295,,,,92.25471,90.32891,-17.311421,0.827029,-9.12461,6.24319,-1.33994,50,5.9868,5.39538,-127.77863,-4.97123,-14.72885,32.13696,-22.09635,SAN_BRO,UCO_HUS,StephenSchottBBS,D1,WCC,20260318-StephenSchottBBS-1,1d139450-2334-11f1-bc73-db1efe8e085b,85.47106,4.27958,,9.2764,,,,0.7837,2.16108,-0.26518,4f91a5e0-4f32-4f63-8172-e61544f835a3,2026-03-19,01:36:55.51,2026-03-18T21:36:55.5122176-04:00,2026-03-19T01:36:55.5122176Z,GroundBall,v3,471436,471275,10559,"Wheeler, Mace",1000367898,Right,SAN_BRO,3fac11f8-52e7-4088-a2bb-5baa16ad134d,55.22813,-129.08683,16.06848,6.17086,-4.07175,-11.04818,-1.57177,5.99495,-7.36442,35.312641,0.85143,117.83729,-15.04665,,,,,,,2.21553,12.15138,-18.00444,,,,,,,-0.27422,-35.41946,3.10481,,,,,,,,,,,,,,,,,,,,,,,,,,,,,High,High,High,High,High,,,,,,,,,,,,,,,,,,,,,,,,,,,,,,,,,,,,,
67,2026-03-18,21:39:15.38,1,1,"Finn, Sean",805616,Right,UCO_HUS,"Garcia, Mateo",832233,Left,SAN_BRO,Undefined,2,Bottom,0,0,0,Fastball,Sinker,BallCalled,Undefined,Undefined,Undefined,0,0,,91.88946,0.073742,-1.224892,2217.899067,229.487502,1:45,5.70457,1.14351,5.19512,-19.84934,14.64556,15.66757,4.11984,1.29676,82.54083,-3.658718,1.550419,0.422716,,,,,,,,,,,,-8.12461,7.61859,-1.042,50,5.697,2.07648,-133.08641,-0.52951,-14.34255,32.75271,-18.72484,SAN_BRO,UCO_HUS,StephenSchottBBS,D1,WCC,20260318-StephenSchottBBS-1,706784e0-2334-11f1-bc73-db1efe8e085b,89.16723,,,9.34863,,,,,,,4f91a5e0-4f32-4f63-8172-e61544f835a3,2026-03-19,01:39:15.38,2026-03-18T21:39:15.3889792-04:00,2026-03-19T01:39:15.3889792Z,,v3,471436,471275,10559,"Cancel, Chris",837525,Right,UCO_HUS,44801dcd-02e7-4413-82f1-2d81b8cf5132,55.30022,-134.38447,16.37636,5.70328,0.21259,-9.36242,-1.13556,2.6449,-7.17127,,,,,,,,,,,,,,,,,,,,,,,,,,,,,,,,,,,,,,,,,,,,,,,,,,,High,High,High,,,,,,,,,,,,,,,,,,,,,,,,,,,,,,,,,,,,,,,
68,2026-03-18,21:39:30.67,1,2,"Finn, Sean",805616,Right,UCO_HUS,"Garcia, Mateo",832233,Left,SAN_BRO,Undefined,2,Bottom,0,1,0,Slider,Slider,StrikeCalled,Undefined,Undefined,Undefined,0,0,,78.90726,0.937822,-1.065919,2218.260208,73.622878,8:30,5.51234,1.45303,4.92042,-48.4868,-0.9002,-9.21115,2.35868,-0.32245,70.94258,-7.880983,-2.69082,0.496494,,,,,,,,,,,,4.15374,-0.21476,-1.34103,50,5.56387,2.51936,-114.16741,0.10129,5.35625,25.52417,-32.45096,SAN_BRO,UCO_HUS,StephenSchottBBS,D1,WCC,20260318-StephenSchottBBS-1,7997a950-2334-11f1-bc73-db1efe8e085b,75.91726,,,7.96468,,,,,,,4f91a5e0-4f32-4f63-8172-e61544f835a3,2026-03-19,01:39:30.67,2026-03-18T21:39:30.6730496-04:00,2026-03-19T01:39:30.6730496Z,,v3,471436,471275,10559,"Cancel, Chris",837525,Right,UCO_HUS,eee03d9c-077d-4303-a788-e0dc0187eb28,55.57595,-115.40728,12.76209,5.52067,1.67764,-16.22548,-1.4571,2.25918,2.67812,,,,,,,,,,,,,,,,,,,,,,,,,,,,,,,,,,,,,,,,,,,,,,,,,,,High,High,High,,,,,,,,,,,,,,,,,,,,,,,,,,,,,,,,,,,,,,,
69,2026-03-18,21:39:48.37,1,3,"Finn, Sean",805616,Right,UCO_HUS,"Garcia, Mateo",832233,Left,SAN_BRO,Undefined,2,Bottom,0,1,1,Slider,Curveball,StrikeCalled,Undefined,Undefined,Undefined,0,0,,78.74299,1.550159,0.341696,2253.977375,53.387195,7:45,5.44628,1.44758,4.22913,-54.54444,-6.07528,-10.43075,2.3856,0.90553,71.54596,-8.190624,-1.476477,0.501077,,,,,,,,,,,,5.10209,-2.87236,-1.47346,50,5.55944,-0.20532,-113.97996,0.89524,6.63963,23.05541,-35.91203,SAN_BRO,UCO_HUS,StephenSchottBBS,D1,WCC,20260318-StephenSchottBBS-1,84227bc0-2334-11f1-bc73-db1efe8e085b,75.22292,,,7.19703,,,,,,,4f91a5e0-4f32-4f63-8172-e61544f835a3,2026-03-19,01:39:48.37,2026-03-18T21:39:48.3723264-04:00,2026-03-19T01:39:48.3723264Z,,v3,471436,471275,10559,"Cancel, Chris",837525,Right,UCO_HUS,316dd517-2875-4b7e-8638-0ffdd549c53f,56.27022,-115.2413,11.5277,5.45672,2.85994,-17.95601,-1.45229,-0.56857,3.31981,,,,,,,,,,,,,,,,,,,,,,,,,,,,,,,,,,,,,,,,,,,,,,,,,,,High,High,High,,,,,,,,,,,,,,,,,,,,,,,,,,,,,,,,,,,,,,,
70,2026-03-18,21:40:07.89,1,4,"Finn, Sean",805616,Right,UCO_HUS,"Garcia, Mateo",832233,Left,SAN_BRO,Undefined,2,Bottom,0,1,2,ChangeUp,Changeup,InPlay,Undefined,GroundBall,Out,1,0,,84.37574,1.184044,-1.888443,1473.997402,292.398531,3:45,5.35925,1.19588,5.33283,-46.31495,-5.47512,16.95166,2.61137,0.83604,75.9407,-7.280099,1.12534,0.459953,77.827,-24.02623,38.907849,,,,,7.40935,6.55866,23.459776,0.058179,-9.18048,-2.77154,-1.03818,50,5.43274,3.3045,-122.23801,0.80415,-13.60435,28.72363,-36.2811,SAN_BRO,UCO_HUS,StephenSchottBBS,D1,WCC,20260318-StephenSchottBBS-1,8fbf3360-2334-11f1-bc73-db1efe8e085b,81.94848,2.71232,,8.43504,,,,2.06222,2.71232,-0.87177,4f91a5e0-4f32-4f63-8172-e61544f835a3,2026-03-19,01:40:07.89,2026-03-18T21:40:07.8919680-04:00,2026-03-19T01:40:07.8919680Z,GroundBall,v3,471436,471275,10559,"Cancel, Chris",837525,Right,UCO_HUS,51edc6b2-3c9f-4e2a-9df5-8377ca5f893b,55.16751,-123.44631,14.36181,5.36681,2.33037,-18.14055,-1.18923,3.87678,-6.80218,180,2.05984,81.38165,,,,,,,,2.71368,-46.62053,,,,,,,,-0.87369,65.68512,,,,,,,,,,,,,,,,,,,,,,,,,,,,,,High,High,High,Low,Low,,,,,,,,,,,,,,,,,,,,,,,,,,,,,,,,,,,,,
71,2026-03-18,21:40:48.73,2,1,"Finn, Sean",805616,Right,UCO_HUS,"Walsh, Waylon",1000338272,Left,SAN_BRO,Undefined,2,Bottom,1,0,0,Slider,Curveball,StrikeCalled,Undefined,Undefined,Undefined,0,0,,79.57585,2.114043,0.064258,2251.387579,68.980787,8:15,5.3897,1.51159,4.50273,-49.45892,-1.89547,-9.66725,3.28318,0.7672,71.27662,-6.829441,-1.627442,0.496373,,,,,,,,,,,,4.66158,-1.03721,-1.50858,50,5.5647,0.31387,-114.99109,2.31547,6.10401,25.7082,-33.53218,SAN_BRO,UCO_HUS,StephenSchottBBS,D1,WCC,20260318-StephenSchottBBS-1,a8166eb0-2334-11f1-bc73-db1efe8e085b,75.93573,,,8.29924,,,,,,,4f91a5e0-4f32-4f63-8172-e61544f835a3,2026-03-19,01:40:48.73,2026-03-18T21:40:48.7399424-04:00,2026-03-19T01:40:48.7399424Z,,v3,471436,471275,10559,"Cancel, Chris",837525,Right,UCO_HUS,d392bb29-ef33-4d9a-b330-844e449e7d8c,55.99246,-116.32309,12.8541,5.39972,4.05284,-16.76609,-1.51665,-0.00239,3.052,,,,,,,,,,,,,,,,,,,,,,,,,,,,,,,,,,,,,,,,,,,,,,,,,,,High,High,High,,,,,,,,,,,,,,,,,,,,,,,,,,,,,,,,,,,,,,,
72,2026-03-18,21:41:08.24,2,2,"Finn, Sean",805616,Right,UCO_HUS,"Walsh, Waylon",1000338272,Left,SAN_BRO,Undefined,2,Bottom,1,0,1,Slider,Slider,FoulBallNotFieldable,Undefined,Undefined,Undefined,0,0,,79.48042,1.439996,-0.727522,2317.757023,76.79671,8:30,5.41566,1.29683,4.89467,-47.76758,-1.15106,-11.99796,2.79752,-0.3912,71.85891,-7.233329,-2.842175,0.491407,104.11171,11.845234,49.400392,3110.178257,67.35729,16.77376,86.96513,236.76338,172.69025,57.8482,2.019036,5.7328,-0.63882,-1.2147,50,5.51649,1.96421,-115.11573,1.1524,7.56509,24.67426,-33.01706,SAN_BRO,UCO_HUS,StephenSchottBBS,D1,WCC,20260318-StephenSchottBBS-1,b3b80850-2334-11f1-bc73-db1efe8e085b,76.70308,16.97667,,7.62151,,,,3.2323,3.17497,0.38928,4f91a5e0-4f32-4f63-8172-e61544f835a3,2026-03-19,01:41:08.24,2026-03-18T21:41:08.2442752-04:00,2026-03-19T01:41:08.2442752Z,LineDrive,v3,471436,471275,10559,"Cancel, Chris",837525,Right,UCO_HUS,12079a89-251a-452d-99a2-14d6576fc359,55.6052,-116.31096,12.33713,5.42193,2.75176,-16.50853,-1.30097,1.59776,3.78255,,3.23227,97.25551,-25.18009,5.1995,-1.08335,0.02844,0.13685,-0.06208,0.00914,3.17497,31.34395,-19.41629,2.11783,-0.40223,0.05807,0.00963,-0.00697,0.00107,0.38929,113.46912,-6.72245,-0.59797,0.37191,-0.09089,-0.02173,0.01843,-0.00322,,,,,,,,,,,,,,,,,,,,,,,High,High,High,High,Medium,,,,,,,,,,,,,,,,,,,,,,,,,,,,,,,,,,,,,
73,2026-03-18,21:41:32.01,2,3,"Finn, Sean",805616,Right,UCO_HUS,"Walsh, Waylon",1000338272,Left,SAN_BRO,Undefined,2,Bottom,1,0,2,ChangeUp,Changeup,InPlay,Undefined,FlyBall,Triple,0,0,,86.7344,0.393841,-2.532252,1636.432525,257.023103,2:30,5.46461,1.3129,5.47236,-33.00911,5.45355,17.42395,3.08279,0.39362,77.86155,-5.720016,0.569404,0.446366,98.3499,26.629732,7.918452,2701.426604,109.28317,52.55935,12.53732,386.99731,382.04125,5.021766,4.815661,-9.67504,2.99862,-1.10274,50,5.47695,4.79978,-125.6135,-0.31407,-15.14851,30.20195,-27.47904,SAN_BRO,UCO_HUS,StephenSchottBBS,D1,WCC,20260318-StephenSchottBBS-1,c1de5100-2334-11f1-bc73-db1efe8e085b,84.44295,75.53023,,8.87285,,,,2.28136,3.1997,-0.37794,4f91a5e0-4f32-4f63-8172-e61544f835a3,2026-03-19,01:41:32.01,2026-03-18T21:41:32.0113664-04:00,2026-03-19T01:41:32.0113664Z,FlyBall,v3,471436,471275,10559,"Cancel, Chris",837525,Right,UCO_HUS,9d25ea83-f750-423c-9a03-96cdd5b1df9d,55.0264,-126.81627,15.10097,5.46767,0.78026,-13.73952,-1.3059,5.40306,-7.57426,168.404216,2.28261,127.68957,-23.93703,5.9431,-1.17683,0.19441,-0.0278,0.00305,-0.00016,3.20036,64.63607,-14.30968,-0.81754,0.70514,-0.27328,0.06542,-0.00839,0.00043,-0.37754,17.75469,-6.14456,1.82745,-0.41224,0.07103,-0.00894,0.00077,-3E-05,,,,,,,,,,,,,,,,,,,,,,,High,High,High,High,High,,,,,,,,,,,,,,,,,,,,,,,,,,,,,,,,,,,,,
74,2026-03-18,21:42:28.34,3,1,"Finn, Sean",805616,Right,UCO_HUS,"Rayment, Andrew",827439,Left,SAN_BRO,Undefined,2,Bottom,1,0,0,Slider,Slider,BallinDirt,Undefined,Undefined,Undefined,0,1,,78.98147,3.325526,2.362311,2458.476399,80.038914,8:45,5.45976,1.37799,4.74145,-49.09353,-1.37236,-17.78847,4.52937,2.13771,70.86931,-5.58635,-0.757907,0.497195,,,,,,,,,,,,9.36524,-1.15882,-1.59939,50,5.75213,-3.91345,-114.07791,4.78676,12.14202,24.14762,-33.67646,SAN_BRO,UCO_HUS,StephenSchottBBS,D1,WCC,20260318-StephenSchottBBS-1,e3782750-2334-11f1-bc73-db1efe8e085b,75.81016,,,8.11217,,,,,,,4f91a5e0-4f32-4f63-8172-e61544f835a3,2026-03-19,01:42:28.34,2026-03-18T21:42:28.3443200-04:00,2026-03-19T01:42:28.3443200Z,,v3,471436,471275,10559,"Cancel, Chris",837525,Right,UCO_HUS,e2794419-fbb4-4ed8-86b6-07f16fcc6b42,55.75569,-115.28982,12.07381,5.46948,6.47689,-16.83823,-1.38769,-4.52282,6.07101,,,,,,,,,,,,,,,,,,,,,,,,,,,,,,,,,,,,,,,,,,,,,,,,,,,High,High,High,,,,,,,,,,,,,,,,,,,,,,,,,,,,,,,,,,,,,,,
75,2026-03-18,21:43:00.86,3,2,"Finn, Sean",805616,Right,UCO_HUS,"Rayment, Andrew",827439,Left,SAN_BRO,Undefined,2,Bottom,1,1,0,Slider,Slider,StrikeSwinging,Undefined,Undefined,Undefined,0,0,,79.69024,1.006048,-1.640063,2567.656597,75.550399,8:30,5.45467,1.43109,5.13399,-47.85148,-1.68138,-13.10406,2.41495,-1.20582,71.89488,-7.713804,-3.958662,0.489048,,,,,,,,,,,,5.92756,-0.64154,-1.26676,50,5.5125,3.85784,-115.36689,0.30605,7.82527,25.55809,-33.02095,SAN_BRO,UCO_HUS,StephenSchottBBS,D1,WCC,20260318-StephenSchottBBS-1,f6d98c80-2334-11f1-bc73-db1efe8e085b,77.07302,,,7.79536,,,,,,,4f91a5e0-4f32-4f63-8172-e61544f835a3,2026-03-19,01:43:00.86,2026-03-18T21:43:00.8610304-04:00,2026-03-19T01:43:00.8610304Z,,v3,471436,471275,10559,"Cancel, Chris",837525,Right,UCO_HUS,70b2ad06-c784-45ef-b7f4-ca9d1cd53d54,55.36335,-116.54902,12.77905,5.46302,1.83335,-16.51048,-1.43683,3.49591,3.91263,,,,,,,,,,,,,,,,,,,,,,,,,,,,,,,,,,,,,,,,,,,,,,,,,,,High,High,High,,,,,,,,,,,,,,,,,,,,,,,,,,,,,,,,,,,,,,,
76,2026-03-18,21:43:17.30,3,3,"Finn, Sean",805616,Right,UCO_HUS,"Rayment, Andrew",827439,Left,SAN_BRO,Undefined,2,Bottom,1,1,1,Slider,Slider,FoulBallNotFieldable,Undefined,Undefined,Undefined,0,0,,79.95883,0.307144,-1.738687,2614.798605,88.413051,9:00,5.54173,1.39599,4.71405,-45.20802,1.31095,-13.83296,2.06603,-1.40736,72.27968,-7.872124,-4.167418,0.490893,,,,,,,,,,,,6.24559,0.97378,-1.20687,50,5.53264,4.10801,-115.71216,-1.06319,8.3055,25.45106,-30.8791,SAN_BRO,UCO_HUS,StephenSchottBBS,D1,WCC,20260318-StephenSchottBBS-1,00a8fe30-2335-11f1-bc73-db1efe8e085b,76.78348,,,7.67915,,,,,,,4f91a5e0-4f32-4f63-8172-e61544f835a3,2026-03-19,01:43:17.30,2026-03-18T21:43:17.3037568-04:00,2026-03-19T01:43:17.3037568Z,,v3,471436,471275,10559,"Cancel, Chris",837525,Right,UCO_HUS,28ae0dbb-5d7c-44d6-bfa2-8b41e8e3bd8c,55.7848,-116.97762,12.72553,5.54733,0.47215,-15.43955,-1.40086,3.69505,4.15275,,,,,,,,,,,,,,,,,,,,,,,,,,,,,,,,,,,,,,,,,,,,,,,,,,,High,High,High,,,,,,,,,,,,,,,,,,,,,,,,,,,,,,,,,,,,,,,
77,2026-03-18,21:43:44.34,3,4,"Finn, Sean",805616,Right,UCO_HUS,"Rayment, Andrew",827439,Left,SAN_BRO,Undefined,2,Bottom,1,1,2,Fastball,Four-Seam,HitByPitch,Undefined,Undefined,Undefined,0,0,,92.29342,-1.624077,-4.700309,2366.355057,209.934096,1:00,5.68741,1.00013,5.32259,-14.16532,20.07521,10.82312,2.97733,-2.51878,82.84774,-4.349658,-2.788722,0.421155,,,,,,,,,,,,-7.0993,11.05075,-0.5824,50,5.53071,10.47478,-133.31923,-4.23711,-12.55496,33.31592,-12.63105,SAN_BRO,UCO_HUS,StephenSchottBBS,D1,WCC,20260318-StephenSchottBBS-1,10b7b5f0-2335-11f1-bc73-db1efe8e085b,89.49784,,,9.44568,,,,,,,4f91a5e0-4f32-4f63-8172-e61544f835a3,2026-03-19,01:43:44.34,2026-03-18T21:43:44.3412992-04:00,2026-03-19T01:43:44.3412992Z,,v3,471436,471275,10559,"Cancel, Chris",837525,Right,UCO_HUS,2e54671c-a7cb-4719-aa6a-74243885201f,55.17805,-134.60699,16.65796,5.68505,-3.74889,-6.31552,-0.99666,10.96007,-6.27748,,,,,,,,,,,,,,,,,,,,,,,,,,,,,,,,,,,,,,,,,,,,,,,,,,,High,High,High,,,,,,,,,,,,,,,,,,,,,,,,,,,,,,,,,,,,,,,
78,2026-03-18,21:45:04.60,4,1,"Finn, Sean",805616,Right,UCO_HUS,"Wheeler, Mace",1000367898,Left,SAN_BRO,Undefined,2,Bottom,1,0,0,Fastball,Four-Seam,BallCalled,Undefined,Undefined,Undefined,0,0,,91.58063,-2.672193,-3.712188,2061.348703,214.350014,1:15,5.55892,1.07013,5.07733,-18.13777,17.23903,10.80871,1.5212,-1.53357,81.68599,-6.09968,-1.806702,0.428086,,,,,,,,,,,,-6.6352,9.87079,-0.72677,50,5.29158,8.04102,-132.09488,-6.7958,-11.4407,34.46884,-15.15437,SAN_BRO,UCO_HUS,StephenSchottBBS,D1,WCC,20260318-StephenSchottBBS-1,4095e440-2335-11f1-bc73-db1efe8e085b,88.04881,,,9.89464,,,,,,,4f91a5e0-4f32-4f63-8172-e61544f835a3,2026-03-19,01:45:04.60,2026-03-18T21:45:04.6021632-04:00,2026-03-19T01:45:04.6021632Z,,v3,471436,471275,10559,"Cancel, Chris",837525,Right,UCO_HUS,614fc0e6-f299-41ad-a92d-0dbdc3ddf362,55.41733,-133.501,17.23442,5.5562,-6.1776,-7.57719,-1.06431,8.50773,-5.72035,,,,,,,,,,,,,,,,,,,,,,,,,,,,,,,,,,,,,,,,,,,,,,,,,,,High,High,High,,,,,,,,,,,,,,,,,,,,,,,,,,,,,,,,,,,,,,,
79,2026-03-18,21:45:22.11,4,2,"Finn, Sean",805616,Right,UCO_HUS,"Wheeler, Mace",1000367898,Left,SAN_BRO,Undefined,2,Bottom,1,1,0,Slider,Curveball,BallCalled,Undefined,Undefined,Undefined,0,0,,78.98721,1.706305,0.864366,2407.488231,77.596712,8:30,5.45092,1.46919,4.76455,-50.0129,-2.6354,-19.62407,2.90171,0.65348,71.46522,-7.344908,-2.587716,0.495402,,,,,,,,,,,,9.83886,-1.29673,-1.53774,50,5.57837,-0.86865,-114.3763,1.52871,12.84415,23.95323,-33.86687,SAN_BRO,UCO_HUS,StephenSchottBBS,D1,WCC,20260318-StephenSchottBBS-1,4b0cb980-2335-11f1-bc73-db1efe8e085b,76.08458,,,7.52198,,,,,,,4f91a5e0-4f32-4f63-8172-e61544f835a3,2026-03-19,01:45:22.11,2026-03-18T21:45:22.1180000-04:00,2026-03-19T01:45:22.1180000Z,,v3,471436,471275,10559,"Cancel, Chris",837525,Right,UCO_HUS,8a08ccff-e5a8-418f-9479-4531eabeaae5,55.73454,-115.57102,11.97661,5.45999,3.21789,-16.93344,-1.47844,-1.50928,6.42208,,,,,,,,,,,,,,,,,,,,,,,,,,,,,77.76925,2.005494,0.727808,1.277686,-1.20911,2.5517,-0.53095,-1.04685,6.31233,0.19338,127.28648,4.41636,-2.12249,-0.92798,111.67724,-8.95977,6.33573,14.12826,-12.25518,0.14415,-5.36319,2.84717,High,High,High,,,High,High,High,,,,,,,,,,,,,,,,,,,,,,,,,,,,,,,,,,
80,2026-03-18,21:46:03.13,4,3,"Finn, Sean",805616,Right,UCO_HUS,"Wheeler, Mace",1000367898,Left,SAN_BRO,Undefined,2,Bottom,1,2,0,Slider,Curveball,StrikeCalled,Undefined,Undefined,Undefined,0,0,,79.74419,1.055541,0.824634,2471.994253,74.387581,8:30,5.46063,1.50936,4.72375,-50.94243,-4.11272,-20.97891,2.21723,0.54366,71.8455,-8.152704,-2.865931,0.492529,,,,,,,,,,,,10.50237,-1.82638,-1.57292,50,5.52213,-0.73335,-115.42005,0.18121,13.86437,25.76612,-34.5851,SAN_BRO,UCO_HUS,StephenSchottBBS,D1,WCC,20260318-StephenSchottBBS-1,63820420-2335-11f1-bc73-db1efe8e085b,76.52831,,,7.89869,,,,,,,4f91a5e0-4f32-4f63-8172-e61544f835a3,2026-03-19,01:46:03.13,2026-03-18T21:46:03.1343104-04:00,2026-03-19T01:46:03.1343104Z,,v3,471436,471275,10559,"Cancel, Chris",837525,Right,UCO_HUS,80095b6b-058d-40b3-9bfa-888db1cae0a0,55.77507,-116.70214,12.88306,5.4703,1.90213,-17.29255,-1.51926,-1.42322,6.93219,,,,,,,,,,,,,,,,,,,,,,,,,,,,,,,,,,,,,,,,,,,,,,,,,,,High,High,High,,,,,,,,,,,,,,,,,,,,,,,,,,,,,,,,,,,,,,,
81,2026-03-18,21:46:19.84,4,4,"Finn, Sean",805616,Right,UCO_HUS,"Wheeler, Mace",1000367898,Left,SAN_BRO,Undefined,2,Bottom,1,2,1,Slider,Curveball,StrikeSwinging,Undefined,Undefined,Undefined,0,0,,80.03953,-0.451072,-0.994769,2415.267603,62.879822,8:00,5.45592,1.44176,4.37099,-54.38219,-7.2804,-17.59225,0.4932,-0.9744,72.56918,-10.145668,-4.073095,0.493958,,,,,,,,,,,,8.27477,-3.00614,-1.3163,50,5.35312,2.78759,-115.81699,-3.06221,10.99018,26.1002,-36.16666,SAN_BRO,UCO_HUS,StephenSchottBBS,D1,WCC,20260318-StephenSchottBBS-1,6d7837b0-2335-11f1-bc73-db1efe8e085b,76.30698,,,7.47035,,,,,,,4f91a5e0-4f32-4f63-8172-e61544f835a3,2026-03-19,01:46:19.84,2026-03-18T21:46:19.8474752-04:00,2026-03-19T01:46:19.8474752Z,,v3,471436,471275,10559,"Cancel, Chris",837525,Right,UCO_HUS,575636da-17f9-424e-b7c1-7fe7ce665576,56.13009,-117.19031,13.0501,5.46418,-1.15922,-18.08333,-1.44776,2.20931,5.49509,,,,,,,,,,,,,,,,,,,,,,,,,,,,,,,,,,,,,,,,,,,,,,,,,,,High,High,High,,,,,,,,,,,,,,,,,,,,,,,,,,,,,,,,,,,,,,,
82,2026-03-18,21:46:49.74,4,5,"Finn, Sean",805616,Right,UCO_HUS,"Wheeler, Mace",1000367898,Left,SAN_BRO,Undefined,2,Bottom,1,2,2,Slider,Slider,BallCalled,Undefined,Undefined,Undefined,0,0,,79.25903,2.822253,-0.279161,2400.708816,66.944409,8:15,5.41599,1.58169,4.77666,-49.84196,-2.62091,-10.18426,3.94007,0.46837,71.31764,-6.22019,-2.069006,0.494583,,,,,,,,,,,,4.8576,-1.6387,-1.54444,50,5.65529,1.00799,-114.62384,3.77291,6.35578,24.45621,-34.31814,SAN_BRO,UCO_HUS,StephenSchottBBS,D1,WCC,20260318-StephenSchottBBS-1,7f458f60-2335-11f1-bc73-db1efe8e085b,76.21052,,,7.9414,,,,,,,4f91a5e0-4f32-4f63-8172-e61544f835a3,2026-03-19,01:46:49.74,2026-03-18T21:46:49.7464832-04:00,2026-03-19T01:46:49.7464832Z,,v3,471436,471275,10559,"Cancel, Chris",837525,Right,UCO_HUS,14523a03-d14d-40ea-ad73-ee5ffc4d35ba,55.72029,-115.83789,12.2281,5.42571,5.47653,-17.15907,-1.58664,0.69248,3.17789,,,,,,,,,,,,,,,,,,,,,,,,,,,,,,,,,,,,,,,,,,,,,,,,,,,High,High,High,,,,,,,,,,,,,,,,,,,,,,,,,,,,,,,,,,,,,,,
83,2026-03-18,21:47:07.77,4,6,"Finn, Sean",805616,Right,UCO_HUS,"Wheeler, Mace",1000367898,Left,SAN_BRO,Undefined,2,Bottom,1,3,2,Slider,Slider,BallCalled,Walk,Undefined,Undefined,0,0,,79.63058,-0.537525,-2.252167,2246.136964,95.995342,9:15,5.43866,1.41248,4.82584,-43.8992,2.56354,-9.0165,1.27089,-1.47302,72.48288,-8.473191,-3.838644,0.490596,,,,,,,,,,,,3.82142,1.75425,-1.18058,50,5.34742,4.90371,-115.31984,-2.66709,5.07378,24.25602,-29.84489,SAN_BRO,UCO_HUS,StephenSchottBBS,D1,WCC,20260318-StephenSchottBBS-1,8a055480-2335-11f1-bc73-db1efe8e085b,76.82992,,,7.1477,,,,,,,4f91a5e0-4f32-4f63-8172-e61544f835a3,2026-03-19,01:47:07.77,2026-03-18T21:47:07.7742080-04:00,2026-03-19T01:47:07.7742080Z,,v3,471436,471275,10559,"Cancel, Chris",837525,Right,UCO_HUS,41a09e05-6036-4e5d-93bd-81d1e540aea8,55.67545,-116.50748,12.12801,5.44223,-1.20581,-14.92244,-1.4146,4.65529,2.53689,,,,,,,,,,,,,,,,,,,,,,,,,,,,,,,,,,,,,,,,,,,,,,,,,,,High,High,High,,,,,,,,,,,,,,,,,,,,,,,,,,,,,,,,,,,,,,,
84,2026-03-18,21:50:11.89,5,1,"Aasland, Tristan",837524,Right,UCO_HUS,"Ferroggiaro, Thomas",813763,Left,SAN_BRO,Undefined,2,Bottom,1,0,0,Fastball,Four-Seam,StrikeCalled,Undefined,Undefined,Undefined,0,0,,87.20779,-2.686635,-1.985408,2038.37634,214.78059,1:15,5.92302,1.38473,6.25387,-18.63851,18.17013,11.68316,1.88895,0.5267,78.74511,-6.263243,0.125385,0.436663,,,,,,,,,,,,-6.70929,10.68997,-1.24283,50,5.71415,3.91874,-126.40611,-6.42759,-10.68823,29.47283,-15.14443,SAN_BRO,UCO_HUS,StephenSchottBBS,D1,WCC,20260318-StephenSchottBBS-1,f7be2ab0-2335-11f1-bc73-db1efe8e085b,86.3193,,,8.46268,,,,,,,4f91a5e0-4f32-4f63-8172-e61544f835a3,2026-03-19,01:50:11.89,2026-03-18T21:50:11.8968320-04:00,2026-03-19T01:50:11.8968320Z,,v3,471436,471275,10559,"Cancel, Chris",837525,Right,UCO_HUS,63e59ae3-ea5c-4e15-9b22-85c5d9bbd991,54.24389,-127.39177,14.73641,5.92064,-5.92111,-7.57221,-1.37987,4.27618,-5.34411,,,,,,,,,,,,,,,,,,,,,,,,,,,,,,,,,,,,,,,,,,,,,,,,,,,High,High,High,,,,,,,,,,,,,,,,,,,,,,,,,,,,,,,,,,,,,,,
85,2026-03-18,21:50:28.97,5,2,"Aasland, Tristan",837524,Right,UCO_HUS,"Ferroggiaro, Thomas",813763,Left,SAN_BRO,Undefined,2,Bottom,1,0,1,Splitter,Changeup,BallinDirt,Undefined,Undefined,Undefined,0,1,,80.46942,-2.571564,-3.026232,1493.5824,254.914013,2:30,5.85521,1.21255,5.96608,-37.79455,5.30351,14.65489,0.31638,-0.37475,74.26007,-9.514276,-0.389289,0.472498,,,,,,,,,,,,-8.47477,3.78847,-0.98104,50,5.62958,5.64333,-116.73463,-6.41636,-11.69621,21.93637,-26.94549,SAN_BRO,UCO_HUS,StephenSchottBBS,D1,WCC,20260318-StephenSchottBBS-1,01f3ff50-2336-11f1-bc73-db1efe8e085b,79.77266,,,6.20935,,,,,,,4f91a5e0-4f32-4f63-8172-e61544f835a3,2026-03-19,01:50:28.97,2026-03-18T21:50:28.9764864-04:00,2026-03-19T01:50:28.9764864Z,,v3,471436,471275,10559,"Cancel, Chris",837525,Right,UCO_HUS,2cf007b5-0d96-4627-8666-82f5178fe6c3,54.53619,-117.58396,10.96819,5.85781,-5.37308,-13.47275,-1.2083,6.09618,-5.84811,,,,,,,,,,,,,,,,,,,,,,,,,,,,,,,,,,,,,,,,,,,,,,,,,,,High,High,High,,,,,,,,,,,,,,,,,,,,,,,,,,,,,,,,,,,,,,,
86,2026-03-18,21:51:02.77,5,3,"Aasland, Tristan",837524,Right,UCO_HUS,"Ferroggiaro, Thomas",813763,Left,SAN_BRO,Undefined,2,Bottom,1,1,1,Splitter,Splitter,BallCalled,Undefined,Undefined,Undefined,0,0,,79.6187,-0.664449,-3.61116,1149.642176,272.68867,3:00,5.8475,1.08808,6.12702,-43.07597,0.81024,12.87737,1.64237,-1.18135,73.05815,-8.615841,-1.290894,0.476799,,,,,,,,,,,,-7.72941,1.00347,-0.81835,50,5.77416,6.8275,-115.52162,-2.65578,-10.40681,22.25744,-30.823,SAN_BRO,UCO_HUS,StephenSchottBBS,D1,WCC,20260318-StephenSchottBBS-1,161d4860-2336-11f1-bc73-db1efe8e085b,79.05308,,,6.56055,,,,,,,4f91a5e0-4f32-4f63-8172-e61544f835a3,2026-03-19,01:51:02.77,2026-03-18T21:51:02.7752448-04:00,2026-03-19T01:51:02.7752448Z,,v3,471436,471275,10559,"Cancel, Chris",837525,Right,UCO_HUS,d98186f8-3af7-49d8-9ec6-e348e989f600,54.37426,-116.36136,11.12872,5.85242,-1.49289,-15.4115,-1.08335,7.22013,-5.20341,,,,,,,,,,,,,,,,,,,,,,,,,,,,,,,,,,,,,,,,,,,,,,,,,,,High,High,High,,,,,,,,,,,,,,,,,,,,,,,,,,,,,,,,,,,,,,,
87,2026-03-18,21:51:24.78,5,4,"Aasland, Tristan",837524,Right,UCO_HUS,"Ferroggiaro, Thomas",813763,Left,SAN_BRO,Undefined,2,Bottom,1,2,1,Fastball,Sinker,FoulBallNotFieldable,Undefined,Undefined,Undefined,0,0,,88.08891,-2.19168,-2.023432,2127.598866,222.317627,1:30,5.85607,1.2238,6.10496,-17.58887,18.63001,15.76839,2.36127,0.66583,79.5382,-5.571008,0.817303,0.433151,89.52905,17.897982,-58.334132,2944.856418,52.74445,24.50588,-96.52976,227.25879,135.43498,-65.857398,2.51855,-8.77205,10.68788,-1.07635,50,5.67829,3.86401,-127.71374,-5.36419,-14.28359,29.77331,-14.7709,SAN_BRO,UCO_HUS,StephenSchottBBS,D1,WCC,20260318-StephenSchottBBS-1,233443f0-2336-11f1-bc73-db1efe8e085b,87.01924,24.88915,,8.5507,,,,0.85985,2.16614,-0.41074,4f91a5e0-4f32-4f63-8172-e61544f835a3,2026-03-19,01:51:24.78,2026-03-18T21:51:24.7886336-04:00,2026-03-19T01:51:24.7886336Z,LineDrive,v3,471436,471275,10559,"Cancel, Chris",837525,Right,UCO_HUS,53ae3226-8c2b-4208-b1f4-8d719eabbdb1,54.39297,-128.73378,14.88665,5.8534,-4.85814,-7.38545,-1.21711,4.35337,-7.14179,,0.85985,65.59602,-18.00738,3.99079,-0.81119,0.08502,0.03029,-0.01437,0.00178,2.16612,40.35816,-20.14589,2.65215,-1.09219,0.68887,-0.33728,0.08796,-0.00909,-0.41073,-106.35175,15.31142,-3.50684,0.74322,-0.12119,-0.00094,0.006,-0.0009,,,,,,,,,,,,,,,,,,,,,,,High,High,High,Medium,Low,,,,,,,,,,,,,,,,,,,,,,,,,,,,,,,,,,,,,
88,2026-03-18,21:51:47.33,5,5,"Aasland, Tristan",837524,Right,UCO_HUS,"Ferroggiaro, Thomas",813763,Left,SAN_BRO,Undefined,2,Bottom,1,2,2,Curveball,Curveball,BallCalled,Undefined,Undefined,Undefined,0,0,,76.16175,3.286008,0.286938,1724.925858,27.491073,7:00,5.78974,1.10518,6.00295,-55.54227,-6.98307,-4.49973,4.20928,0.99607,69.01214,-6.974592,-0.522272,0.501542,,,,,,,,,,,,2.37634,-4.00937,-1.12541,50,6.0188,-0.38632,-110.43096,4.61112,2.89886,21.89189,-37.06503,SAN_BRO,UCO_HUS,StephenSchottBBS,D1,WCC,20260318-StephenSchottBBS-1,30adf8f0-2336-11f1-bc73-db1efe8e085b,75.15314,,,7.14961,,,,,,,4f91a5e0-4f32-4f63-8172-e61544f835a3,2026-03-19,01:51:47.33,2026-03-18T21:51:47.3396736-04:00,2026-03-19T01:51:47.3396736Z,,v3,471436,471275,10559,"Cancel, Chris",837525,Right,UCO_HUS,345f382b-a1d0-49b6-b00a-cbc39616d0f1,54.49646,-111.31877,10.94595,5.80132,6.11426,-18.53251,-1.10736,-0.50388,1.44943,,,,,,,,,,,,,,,,,,,,,,,,,,,,,,,,,,,,,,,,,,,,,,,,,,,High,High,High,,,,,,,,,,,,,,,,,,,,,,,,,,,,,,,,,,,,,,,
89,2026-03-18,21:52:07.50,5,6,"Aasland, Tristan",837524,Right,UCO_HUS,"Ferroggiaro, Thomas",813763,Left,SAN_BRO,Undefined,2,Bottom,1,3,2,Fastball,Four-Seam,FoulBallNotFieldable,Undefined,Undefined,Undefined,0,0,,89.54761,-1.100041,-2.33786,2176.93241,216.596254,1:15,5.96021,0.98649,6.24008,-16.10513,18.59808,12.91796,3.60245,-0.09469,81.04838,-4.212825,-0.006202,0.423991,72.08612,24.709817,-54.10874,2870.037456,58.62953,31.93733,-93.07248,208.30531,90.00642,-61.887638,2.841011,-7.41768,10.33477,-0.81844,50,5.87016,4.77853,-129.95165,-2.91676,-12.55741,29.78029,-14.6783,SAN_BRO,UCO_HUS,StephenSchottBBS,D1,WCC,20260318-StephenSchottBBS-1,3ca839e0-2336-11f1-bc73-db1efe8e085b,88.89925,31.93384,,8.49923,,,,0.86169,3.69664,-0.03404,4f91a5e0-4f32-4f63-8172-e61544f835a3,2026-03-19,01:52:07.50,2026-03-18T21:52:07.5094528-04:00,2026-03-19T01:52:07.5094528Z,LineDrive,v3,471436,471275,10559,"Cancel, Chris",837525,Right,UCO_HUS,4384acd0-e662-4f9c-98bc-a9c8d2d35609,54.25838,-130.92388,14.89014,5.95757,-2.43756,-7.33915,-0.98114,5.18849,-6.2787,,0.8617,56.308,-12.33309,2.58215,-0.66769,0.26175,-0.09212,0.01851,-0.00153,3.6967,44.18955,-19.07661,1.54105,0.13066,-0.37445,0.17876,-0.03868,0.00329,-0.03406,-77.80893,7.66574,-1.64984,0.33417,-0.09174,0.02839,-0.00561,0.00047,,,,,,,,,,,,,,,,,,,,,,,High,High,High,High,Medium,,,,,,,,,,,,,,,,,,,,,,,,,,,,,,,,,,,,,
90,2026-03-18,21:52:31.58,5,7,"Aasland, Tristan",837524,Right,UCO_HUS,"Ferroggiaro, Thomas",813763,Left,SAN_BRO,Undefined,2,Bottom,1,3,2,Fastball,Four-Seam,InPlay,Undefined,Popup,Out,1,0,,88.59294,-2.434902,-2.163992,2110.074968,213.657994,1:00,5.9671,1.02119,6.24919,-17.66824,17.95115,11.09591,2.24619,-0.05086,80.04386,-5.830808,-0.160033,0.429551,75.0139,51.093736,-19.355293,,100.25946,93.41839,-45.25515,244.70209,182.61434,-28.20981,4.980617,-6.46477,10.47355,-0.86564,50,5.77722,4.40922,-128.44634,-5.93721,-10.64737,30.12069,-14.92428,SAN_BRO,UCO_HUS,StephenSchottBBS,D1,WCC,20260318-StephenSchottBBS-1,4b076ce0-2336-11f1-bc73-db1efe8e085b,87.74849,96.70378,,8.54908,,,,1.9289,2.45645,0.03808,4f91a5e0-4f32-4f63-8172-e61544f835a3,2026-03-19,01:52:31.58,2026-03-18T21:52:31.5894784-04:00,2026-03-19T01:52:31.5894784Z,FlyBall,v3,471436,471275,10559,"Cancel, Chris",837525,Right,UCO_HUS,7d75eefd-e007-421c-b0a7-05227ee11c9f,54.24908,-129.43892,15.06034,5.96477,-5.4454,-7.46214,-1.01672,4.76008,-5.32368,144.368109,1.93843,64.98728,-9.49593,0.91383,0.76684,-0.467,0.11798,-0.01424,0.00067,2.45492,85.63046,-23.0683,2.19902,-0.19479,-0.11544,0.05448,-0.00908,0.00054,0.04241,-22.98867,-0.76219,-0.03117,0.27777,-0.13973,0.0315,-0.00327,0.00012,,,,,,,,,,,,,,,,,,,,,,,High,High,High,High,Medium,,,,,,,,,,,,,,,,,,,,,,,,,,,,,,,,,,,,,
91,2026-03-18,21:53:13.00,6,1,"Aasland, Tristan",837524,Right,UCO_HUS,"Ross, Max",832229,Left,SAN_BRO,Undefined,2,Bottom,2,0,0,Splitter,Splitter,StrikeCalled,Undefined,Undefined,Undefined,0,0,,79.78346,-0.378405,-2.510642,1123.174685,271.600915,3:00,5.84219,1.15165,6.07595,-42.87813,1.15996,12.77138,1.91854,-0.10861,72.65335,-8.316181,-0.208407,0.477624,,,,,,,,,,,,-7.34961,1.18232,-0.96394,50,5.79043,4.59933,-115.76798,-2.09427,-9.86091,23.90494,-30.58776,SAN_BRO,UCO_HUS,StephenSchottBBS,D1,WCC,20260318-StephenSchottBBS-1,63bd42f0-2336-11f1-bc73-db1efe8e085b,78.91663,,,7.13011,,,,,,,4f91a5e0-4f32-4f63-8172-e61544f835a3,2026-03-19,01:53:13.00,2026-03-18T21:53:13.0021888-04:00,2026-03-19T01:53:13.0021888Z,,v3,471436,471275,10559,"Cancel, Chris",837525,Right,UCO_HUS,1d170f5b-8d9d-484f-aaac-964a13dd2f57,54.42325,-116.67777,11.95247,5.84798,-0.93015,-15.29388,-1.14612,4.97462,-4.93046,,,,,,,,,,,,,,,,,,,,,,,,,,,,,,,,,,,,,,,,,,,,,,,,,,,High,High,High,,,,,,,,,,,,,,,,,,,,,,,,,,,,,,,,,,,,,,,
92,2026-03-18,21:53:30.81,6,2,"Aasland, Tristan",837524,Right,UCO_HUS,"Ross, Max",832229,Left,SAN_BRO,Undefined,2,Bottom,2,0,1,Splitter,Changeup,BallCalled,Undefined,Undefined,Undefined,0,0,,78.40926,-0.940109,-3.140123,1206.473984,261.493365,2:45,5.76562,1.21387,6.12805,-41.97392,3.23984,11.9056,1.3974,-0.69955,71.99661,-8.69751,-0.993383,0.483957,,,,,,,,,,,,-7.09658,2.34996,-0.97985,50,5.67177,5.82353,-113.80487,-3.11676,-9.27356,21.58671,-29.10322,SAN_BRO,UCO_HUS,StephenSchottBBS,D1,WCC,20260318-StephenSchottBBS-1,6e57a5c0-2336-11f1-bc73-db1efe8e085b,77.88386,,,6.41265,,,,,,,4f91a5e0-4f32-4f63-8172-e61544f835a3,2026-03-19,01:53:30.81,2026-03-18T21:53:30.8112896-04:00,2026-03-19T01:53:30.8112896Z,,v3,471436,471275,10559,"Cancel, Chris",837525,Right,UCO_HUS,9c001b79-5a55-4948-881b-6b7ce4e57d23,54.37291,-114.63132,10.79336,5.76976,-2.00253,-14.55161,-1.20961,6.17857,-4.63678,,,,,,,,,,,,,,,,,,,,,,,,,,,,,,,,,,,,,,,,,,,,,,,,,,,High,High,High,,,,,,,,,,,,,,,,,,,,,,,,,,,,,,,,,,,,,,,
93,2026-03-18,21:53:49.61,6,3,"Aasland, Tristan",837524,Right,UCO_HUS,"Ross, Max",832229,Left,SAN_BRO,Undefined,2,Bottom,2,1,1,Splitter,Changeup,InPlay,Undefined,FlyBall,Double,0,1,,79.87664,-1.042997,-2.567324,1203.802022,266.571926,3:00,5.80441,1.05243,6.13771,-41.28825,2.26539,14.23024,1.3987,-0.13604,73.2799,-8.674862,0.001558,0.474989,72.74153,47.840141,27.358838,,98.69487,86.27163,48.57235,232.53434,232.53434,25.022115,4.827731,-8.18583,1.83516,-0.86406,50,5.70322,4.696,-115.99674,-3.35991,-11.09636,22.72814,-29.68641,SAN_BRO,UCO_HUS,StephenSchottBBS,D1,WCC,20260318-StephenSchottBBS-1,798dfa70-2336-11f1-bc73-db1efe8e085b,79.3543,88.25575,,6.59674,,,,3.07505,1.78422,0.15871,4f91a5e0-4f32-4f63-8172-e61544f835a3,2026-03-19,01:53:49.61,2026-03-18T21:53:49.6102912-04:00,2026-03-19T01:53:49.6102912Z,FlyBall,v3,471436,471275,10559,"Cancel, Chris",837525,Right,UCO_HUS,f8ac4bfa-3335-4517-a95f-da14a41796b8,54.36404,-116.84869,11.36407,5.8083,-2.24714,-14.84321,-1.04788,5.11195,-5.54818,180.092708,3.07624,63.56659,-12.23462,3.34732,-0.49192,-0.01671,0.02318,-0.00385,0.00021,1.78272,79.11375,-20.63151,1.4844,-0.15878,-0.02885,0.02071,-0.00408,0.00027,0.16014,32.87529,-6.23863,1.35015,-0.09059,-0.05057,0.01705,-0.0021,9E-05,,,,,,,,,,,,,,,,,,,,,,,High,High,High,High,Medium,,,,,,,,,,,,,,,,,,,,,,,,,,,,,,,,,,,,,
94,2026-03-18,21:54:44.31,7,1,"Aasland, Tristan",837524,Right,UCO_HUS,"DeVine, Luke",825765,Right,SAN_BRO,Undefined,2,Bottom,2,0,0,Fastball,Four-Seam,FoulBallNotFieldable,Undefined,Undefined,Undefined,0,0,,88.87418,-1.299222,-2.339993,2049.450034,208.751827,1:00,6.02063,0.92435,6.21461,-16.7582,18.69674,9.55296,3.42391,-0.44027,80.07191,-4.540774,-0.616718,0.428558,75.09448,18.020493,161.254592,2667.707716,,,,,48.67396,,,-5.70433,10.47595,-0.75356,50,5.91481,4.87684,-128.88306,-3.36144,-9.44772,30.61773,-14.82342,SAN_BRO,UCO_HUS,StephenSchottBBS,D1,WCC,20260318-StephenSchottBBS-1,9a222090-2336-11f1-bc73-db1efe8e085b,87.95171,15.76122,,8.80227,,,,0.87106,3.48106,0.13613,4f91a5e0-4f32-4f63-8172-e61544f835a3,2026-03-19,01:54:44.31,2026-03-18T21:54:44.3124736-04:00,2026-03-19T01:54:44.3124736Z,,v3,471436,471275,10559,"Cancel, Chris",837525,Right,UCO_HUS,3f307c3c-95ce-4d15-b635-977c34e23b8f,54.28283,-129.89651,15.30887,6.01795,-2.87078,-7.41171,-0.92016,5.18956,-4.72386,,0.87106,-99.18004,9.08606,-0.56081,0.10904,-0.08378,0.18918,-0.2097,0.09569,3.48106,34.0721,-19.8836,1.78408,-0.31138,0.00134,0.12673,-0.14929,0.06855,0.13613,33.65823,-12.32693,2.2067,-0.43015,-0.13718,0.45466,-0.51292,0.23449,,,,,,,,,,,,,,,,,,,,,,,High,High,High,High,Undefined,,,,,,,,,,,,,,,,,,,,,,,,,,,,,,,,,,,,,
95,2026-03-18,21:55:10.10,7,2,"Aasland, Tristan",837524,Right,UCO_HUS,"DeVine, Luke",825765,Right,SAN_BRO,Undefined,2,Bottom,2,0,1,Splitter,Splitter,InPlay,Undefined,LineDrive,Single,0,1,,79.62069,1.738204,-1.742899,1027.332066,291.197217,3:45,5.8172,1.18116,6.1381,-46.80877,-2.75717,10.94615,3.52414,0.48206,72.3569,-6.940485,0.231367,0.477697,76.09946,16.146269,-8.332273,6309.935137,108.89752,15.15669,-15.53213,172.19822,172.19822,-7.818858,1.875747,-6.21205,-1.55665,-1.05386,50,5.92572,3.11821,-115.58931,2.06414,-8.31457,23.69688,-34.25755,SAN_BRO,UCO_HUS,StephenSchottBBS,D1,WCC,20260318-StephenSchottBBS-1,a988b170-2336-11f1-bc73-db1efe8e085b,78.90454,16.35016,,7.26379,,,,0.92698,3.44165,-0.49371,4f91a5e0-4f32-4f63-8172-e61544f835a3,2026-03-19,01:55:10.10,2026-03-18T21:55:10.1083136-04:00,2026-03-19T01:55:10.1083136Z,LineDrive,v3,471436,471275,10559,"Cancel, Chris",837525,Right,UCO_HUS,7a4caa77-420b-4a29-a2f1-cd3fddbff026,54.36263,-116.48026,11.84844,5.8239,3.35214,-17.12877,-1.17697,3.43082,-4.15728,310.515132,0.92698,106.07812,-10.9227,1.91948,-0.37781,0.06649,-0.01259,0.00198,-0.00015,3.44165,31.03832,-19.91564,1.74323,-0.35194,0.07035,-0.01138,0.00184,-0.00017,-0.49371,-15.53615,2.34788,-0.4341,0.08739,-0.01566,0.00293,-0.00046,3E-05,,,,,,,,,,,,,,,,,,,,,,,High,High,High,High,High,,,,,,,,,,,,,,,,,,,,,,,,,,,,,,,,,,,,,
96,2026-03-18,21:56:41.74,8,1,"Aasland, Tristan",837524,Right,UCO_HUS,"Anderson, Will",1000265922,Left,SAN_BRO,Undefined,2,Bottom,2,0,0,Fastball,Sinker,BallCalled,Undefined,Undefined,Undefined,0,0,,87.3743,-0.078962,-0.838573,2051.647948,217.719809,1:15,5.97162,1.08315,6.17538,-19.48533,17.24993,12.31264,4.27491,1.33469,78.59048,-3.825659,1.382981,0.436228,,,,,,,,,,,,-6.57398,9.30497,-1.02545,50,5.95567,1.34297,-126.77206,-0.70042,-10.52208,29.89835,-17.28083,SAN_BRO,UCO_HUS,StephenSchottBBS,D1,WCC,20260318-StephenSchottBBS-1,e02233a0-2336-11f1-bc73-db1efe8e085b,86.40546,,,8.78381,,,,,,,4f91a5e0-4f32-4f63-8172-e61544f835a3,2026-03-19,01:56:41.74,2026-03-18T21:56:41.7446400-04:00,2026-03-19T01:56:41.7446400Z,,v3,471436,471275,10559,"Cancel, Chris",837525,Right,UCO_HUS,7886bbf0-5181-450f-88d6-8d4fb699dcd1,54.31991,-127.78682,14.94918,5.96949,-0.1139,-8.64042,-1.0771,1.7001,-5.26104,,,,,,,,,,,,,,,,,,,,,,,,,,,,,,,,,,,,,,,,,,,,,,,,,,,High,High,High,,,,,,,,,,,,,,,,,,,,,,,,,,,,,,,,,,,,,,,
97,2026-03-18,21:57:04.38,8,2,"Aasland, Tristan",837524,Right,UCO_HUS,"Anderson, Will",1000265922,Left,SAN_BRO,Undefined,2,Bottom,2,1,0,Fastball,Four-Seam,StrikeCalled,Undefined,Undefined,Undefined,1,0,,87.53682,-1.239191,-3.085125,2029.147461,222.717225,1:30,5.93466,1.05294,6.31524,-20.74678,15.57324,13.19548,3.0625,-0.69192,79.16749,-5.202291,-0.701491,0.433755,,,,,,,,,,,,-7.78398,8.84969,-0.83279,50,5.83387,6.3113,-126.92845,-3.32187,-12.55328,28.75732,-17.90212,SAN_BRO,UCO_HUS,StephenSchottBBS,D1,WCC,20260318-StephenSchottBBS-1,eda18df0-2336-11f1-bc73-db1efe8e085b,86.898,,,8.36933,,,,,,,4f91a5e0-4f32-4f63-8172-e61544f835a3,2026-03-19,01:57:04.38,2026-03-18T21:57:04.3840000-04:00,2026-03-19T01:57:04.3840000Z,,v3,471436,471275,10559,"Cancel, Chris",837525,Right,UCO_HUS,1add37ef-aa08-4c48-9a70-f62acbc1fbd4,54.18206,-127.87244,14.37866,5.93326,-2.73422,-8.95106,-1.04673,6.72337,-6.27664,,,,,,,,,,,,,,,,,,,,,,,,,,,,,79.10924,,0.665242,,-0.91187,2.84628,0.71829,-0.28954,6.29304,0.05561,,,,-0.17773,114.49015,-9.91038,6.29844,6.75032,-10.83917,0.03703,-0.21127,1.27491,High,High,High,,,High,High,Medium,,,,,,,,,,,,,,,,,,,,,,,,,,,,,,,,,,
98,2026-03-18,21:59:11.79,1,1,"Habermann, Andrew",832234,Right,SAN_BRO,"Minick, Tyler",835230,Right,UCO_HUS,Undefined,3,Top,0,0,0,Cutter,Slider,StrikeCalled,Undefined,Undefined,Undefined,0,0,,78.9614,-0.065213,-3.022014,2006.014276,165.732217,11:30,6.24582,1.71938,5.06576,-45.50821,2.76095,-0.1611,2.3919,-1.14619,69.75909,-8.418743,-3.050464,0.500042,,,,,,,,,,,,-1.13551,2.04492,-1.43197,50,6.20464,6.01783,-113.85727,-1.73258,-1.42889,28.95015,-29.60081,SAN_BRO,UCO_HUS,StephenSchottBBS,D1,WCC,20260318-StephenSchottBBS-1,39997dd0-2337-11f1-bc73-db1efe8e085b,75.37858,,,9.20231,,,,,,,4f91a5e0-4f32-4f63-8172-e61544f835a3,2026-03-19,01:59:11.79,2026-03-18T21:59:11.7909504-04:00,2026-03-19T01:59:11.7909504Z,,v3,471436,471275,10559,"Wheeler, Mace",1000367898,Right,SAN_BRO,a6e67a23-e81b-424a-8fc9-ef1285333c21,55.42547,-115.22853,14.47508,6.2535,-0.3305,-14.80041,-1.71861,6.08552,-0.71445,,,,,,,,,,,,,,,,,,,,,,,,,,,,,,,,,,,,,,,,,,,,,,,,,,,High,High,High,,,,,,,,,,,,,,,,,,,,,,,,,,,,,,,,,,,,,,,
99,2026-03-18,21:59:22.79,1,2,"Habermann, Andrew",832234,Right,SAN_BRO,"Minick, Tyler",835230,Right,UCO_HUS,Undefined,3,Top,0,0,1,Fastball,Changeup,InPlay,Undefined,FlyBall,HomeRun,0,1,,87.36107,-0.994542,-2.726601,2034.540123,252.50293,2:30,6.10937,1.85386,5.11401,-31.15553,7.0902,18.11745,2.57499,0.79305,78.94827,-6.715182,0.478378,0.445105,106.34137,35.235069,-27.686222,3269.007346,95.42612,75.04794,-54.71613,413.6769,205.42284,-35.826128,6.031006,-9.93804,4.21673,-1.61207,50,5.99164,5.20672,-126.48365,-3.36857,-15.87295,29.18446,-25.43915,SAN_BRO,UCO_HUS,StephenSchottBBS,D1,WCC,20260318-StephenSchottBBS-1,401f90e0-2337-11f1-bc73-db1efe8e085b,84.68205,122.25322,,8.41281,,,,2.04628,2.64973,-0.71292,4f91a5e0-4f32-4f63-8172-e61544f835a3,2026-03-19,01:59:22.79,2026-03-18T21:59:22.7969536-04:00,2026-03-19T01:59:22.7969536Z,FlyBall,v3,471436,471275,10559,"Wheeler, Mace",1000367898,Right,SAN_BRO,23b16d81-dcb8-4135-97ea-758ae306c437,55.38545,-127.72023,14.59223,6.11154,-2.29068,-12.71957,-1.84693,5.87928,-7.93648,159.232637,2.05156,112.72763,-25.82238,6.21253,-1.15516,0.15563,-0.01433,0.00089,-3E-05,2.65074,89.9407,-19.57869,1.16985,0.0079,-0.06682,0.01952,-0.00241,0.00011,-0.71505,-59.15363,7.07389,-1.26328,0.16555,-0.01577,0.00172,-0.00022,1E-05,,,,,,,,,,,,,,,,,,,,,,,High,High,High,High,Low,,,,,,,,,,,,,,,,,,,,,,,,,,,,,,,,,,,,,
100,2026-03-18,22:00:03.25,2,1,"Habermann, Andrew",832234,Right,SAN_BRO,"Marshall, Jackson",837532,Right,UCO_HUS,Undefined,3,Top,0,0,0,Sinker,Sinker,InPlay,Undefined,GroundBall,Single,0,0,,88.10986,-1.653699,-4.374758,2057.724889,248.163767,2:15,6.14188,1.6285,5.32236,-28.06872,9.29764,19.84682,2.24596,-0.83102,79.68764,-6.837734,-0.859549,0.439959,106.37506,-4.425258,32.655038,,,,,29.43468,26.41437,33.162747,0.181659,-11.30296,5.55894,-1.2468,50,5.9718,8.85022,-127.37377,-4.70572,-18.35754,28.94957,-23.14559,SAN_BRO,UCO_HUS,StephenSchottBBS,D1,WCC,20260318-StephenSchottBBS-1,583cd070-2337-11f1-bc73-db1efe8e085b,85.6727,2.18854,,8.42222,,,,0.83075,2.18854,0.8422,4f91a5e0-4f32-4f63-8172-e61544f835a3,2026-03-19,02:00:03.25,2026-03-18T22:00:03.2531456-04:00,2026-03-19T02:00:03.2531456Z,GroundBall,v3,471436,471275,10559,"Wheeler, Mace",1000367898,Right,SAN_BRO,48c1022a-7be3-49c7-86fb-9657b747c9b8,55.17661,-128.54492,14.47479,6.14323,-3.76936,-11.57279,-1.61987,9.59288,-9.17877,180,0.82772,131.06765,,,,,,,,2.18882,-12.04753,,,,,,,,0.84026,83.99876,,,,,,,,,,,,,,,,,,,,,,,,,,,,,,High,High,High,High,Medium,,,,,,,,,,,,,,,,,,,,,,,,,,,,,,,,,,,,,
101,2026-03-18,22:00:38.27,3,1,"Habermann, Andrew",832234,Right,SAN_BRO,"Polemeni, Chris",1000214322,Right,UCO_HUS,Undefined,3,Top,0,0,0,Sinker,Sinker,InPlay,Undefined,FlyBall,Out,1,0,,87.70329,-1.085672,-2.536876,1980.51563,241.343125,2:00,6.32581,1.68375,5.28401,-26.50253,11.57564,18.44737,3.09659,0.83708,78.40391,-6.026932,0.735988,0.444129,88.73035,44.914658,-10.799862,4409.154542,109.01535,100.84682,-14.68486,291.38435,291.32128,-3.402851,5.673968,-10.10048,6.58449,-1.46645,50,6.20794,4.78026,-126.85903,-3.34165,-16.06423,31.76436,-21.70178,SAN_BRO,UCO_HUS,StephenSchottBBS,D1,WCC,20260318-StephenSchottBBS-1,6d1d82a0-2337-11f1-bc73-db1efe8e085b,84.86814,117.92297,,9.29937,,,,0.72581,3.08854,-0.81676,4f91a5e0-4f32-4f63-8172-e61544f835a3,2026-03-19,02:00:38.27,2026-03-18T22:00:38.2707712-04:00,2026-03-19T02:00:38.2707712Z,FlyBall,v3,471436,471275,10559,"Wheeler, Mace",1000367898,Right,SAN_BRO,bf8def65-3db3-46b4-ba58-790db9341f88,55.21258,-128.15756,15.88218,6.32641,-2.45448,-10.85089,-1.67529,5.43697,-8.03212,193.702333,0.72999,90.43474,-21.49176,5.77049,-0.93872,0.04734,0.01327,-0.00244,0.00012,3.08638,91.91805,-21.15373,1.02681,0.21732,-0.16303,0.04828,-0.00696,0.00038,-0.81838,-17.23288,8.21778,-2.3922,0.44926,-0.04198,-0.00135,0.00063,-4E-05,,,,,,,,,,,,,,,,,,,,,,,High,High,High,High,Medium,,,,,,,,,,,,,,,,,,,,,,,,,,,,,,,,,,,,,
102,2026-03-18,22:01:17.84,4,1,"Habermann, Andrew",832234,Right,SAN_BRO,"Righi, Camden",10319340,Left,UCO_HUS,Undefined,3,Top,1,0,0,Sinker,Changeup,BallCalled,Undefined,Undefined,Undefined,0,0,,86.30934,-2.542963,-1.776961,1953.934039,241.158499,2:00,6.31826,1.71978,5.12619,-28.68513,10.26284,16.2108,1.52999,1.3965,78.65657,-7.798264,1.094766,0.449173,,,,,,,,,,,,-8.58308,6.26477,-1.56593,50,6.05731,3.14744,-124.99454,-6.60392,-13.48267,26.86145,-22.33309,SAN_BRO,UCO_HUS,StephenSchottBBS,D1,WCC,20260318-StephenSchottBBS-1,84b7d690-2337-11f1-bc73-db1efe8e085b,83.91518,,,7.65277,,,,,,,4f91a5e0-4f32-4f63-8172-e61544f835a3,2026-03-19,02:01:17.84,2026-03-18T22:01:17.8494464-04:00,2026-03-19T02:01:17.8494464Z,,v3,471436,471275,10559,"Wheeler, Mace",1000367898,Right,SAN_BRO,5217f7d4-099d-43de-a278-b67e3ccf1fa5,55.37219,-126.14375,13.43072,6.3194,-5.64845,-11.16654,-1.71293,3.72427,-6.74134,,,,,,,,,,,,,,,,,,,,,,,,,,,,,,,,,,,,,,,,,,,,,,,,,,,High,High,High,,,,,,,,,,,,,,,,,,,,,,,,,,,,,,,,,,,,,,,
103,2026-03-18,22:01:36.86,4,2,"Habermann, Andrew",832234,Right,SAN_BRO,"Righi, Camden",10319340,Left,UCO_HUS,Undefined,3,Top,1,1,0,Sinker,Sinker,FoulBallNotFieldable,Undefined,Undefined,Undefined,0,0,,88.24735,-2.561568,-3.156011,2052.134842,246.508821,2:15,6.23783,1.63717,5.1157,-27.75533,9.76375,19.34887,1.50651,0.27347,79.92524,-7.660492,0.266357,0.440857,,,,,,,,,,,,-10.68205,6.04099,-1.35595,50,5.97503,6.15894,-127.63059,-6.75177,-17.39746,29.36319,-22.33529,SAN_BRO,UCO_HUS,StephenSchottBBS,D1,WCC,20260318-StephenSchottBBS-1,9008b820-2337-11f1-bc73-db1efe8e085b,85.49816,,,8.32211,,,,,,,4f91a5e0-4f32-4f63-8172-e61544f835a3,2026-03-19,02:01:36.86,2026-03-18T22:01:36.8646656-04:00,2026-03-19T02:01:36.8646656Z,,v3,471436,471275,10559,"Wheeler, Mace",1000367898,Right,SAN_BRO,57b2ec84-e4b1-410f-b6d9-8ed0984ccf13,55.38396,-128.86329,14.68159,6.2388,-5.8141,-11.16765,-1.62985,6.8893,-8.69873,,,,,,,,,,,,,,,,,,,,,,,,,,,,,,,,,,,,,,,,,,,,,,,,,,,High,High,High,,,,,,,,,,,,,,,,,,,,,,,,,,,,,,,,,,,,,,,
104,2026-03-18,22:02:03.43,4,3,"Habermann, Andrew",832234,Right,SAN_BRO,"Righi, Camden",10319340,Left,UCO_HUS,Undefined,3,Top,1,1,1,ChangeUp,Changeup,FoulBallNotFieldable,Undefined,Undefined,Undefined,0,0,,79.32547,-0.495057,-2.765114,1282.572241,243.521535,2:00,6.0719,1.85982,5.07248,-39.53742,7.3065,11.04599,2.30982,0.17135,71.29273,-7.749023,-0.812874,0.492604,84.59991,29.657466,42.140695,3353.723614,77.58432,47.96141,77.97834,287.60511,233.90532,52.975784,3.759451,-6.47347,4.27079,-1.60668,50,5.99407,5.08475,-114.71996,-2.35244,-8.43376,25.65203,-26.60998,SAN_BRO,UCO_HUS,StephenSchottBBS,D1,WCC,20260318-StephenSchottBBS-1,9feaba90-2337-11f1-bc73-db1efe8e085b,76.51668,53.97632,,8.03275,,,,3.39308,2.68113,-0.09993,4f91a5e0-4f32-4f63-8172-e61544f835a3,2026-03-19,02:02:03.43,2026-03-18T22:02:03.4347520-04:00,2026-03-19T02:02:03.4347520Z,FlyBall,v3,471436,471275,10559,"Wheeler, Mace",1000367898,Right,SAN_BRO,2bb122c4-f791-43e3-ad43-d250080c9d0d,55.42511,-115.9267,12.82602,6.0753,-1.10063,-13.30499,-1.85521,5.4815,-4.21688,,3.39265,79.96546,-16.53048,3.84762,-1.00984,0.28344,-0.07176,0.01118,-0.00073,2.68158,61.38271,-20.69524,1.64439,-0.11863,-0.07202,0.03508,-0.00613,0.00039,-0.10018,72.35421,-3.69125,0.20114,-0.07243,0.07484,-0.03214,0.00622,-0.00045,,,,,,,,,,,,,,,,,,,,,,,High,High,High,High,Medium,,,,,,,,,,,,,,,,,,,,,,,,,,,,,,,,,,,,,
105,2026-03-18,22:02:32.28,4,4,"Habermann, Andrew",832234,Right,SAN_BRO,"Righi, Camden",10319340,Left,UCO_HUS,Undefined,3,Top,1,1,2,Sinker,Sinker,InPlay,Undefined,GroundBall,FieldersChoice,1,0,,88.37407,-2.68451,-2.690463,2072.202615,251.246604,2:15,6.21698,1.71508,5.11891,-29.66116,7.66213,18.68517,1.2118,0.73593,80.27794,-8.107521,0.617643,0.439705,100.54427,5.268134,-9.267262,1461.385682,,,,118.0363,117.06321,-11.628062,0.896275,-10.16516,5.01595,-1.47724,50,5.94127,5.15634,-127.87525,-7.12738,-16.6499,29.02744,-23.95828,SAN_BRO,UCO_HUS,StephenSchottBBS,D1,WCC,20260318-StephenSchottBBS-1,b112aa80-2337-11f1-bc73-db1efe8e085b,85.72214,3.78977,,8.09613,,,,1.36873,1.13635,-0.56609,4f91a5e0-4f32-4f63-8172-e61544f835a3,2026-03-19,02:02:32.28,2026-03-18T22:02:32.2835456-04:00,2026-03-19T02:02:32.2835456Z,GroundBall,v3,471436,471275,10559,"Wheeler, Mace",1000367898,Right,SAN_BRO,f9752a52-34f2-4518-855d-aa9c1be66039,55.38064,-129.09086,14.51372,6.21874,-6.12405,-11.97914,-1.70778,5.8536,-8.32495,91.792989,1.47427,143.31295,-17.93035,,,,,,,1.18227,12.84121,-15.85139,,,,,,,-0.53439,-24.13791,-2.05444,,,,,,,,,,,,,,,,,,,,,,,,,,,,,High,High,High,High,High,,,,,,,,,,,,,,,,,,,,,,,,,,,,,,,,,,,,,
106,2026-03-18,22:03:34.07,5,1,"Habermann, Andrew",832234,Right,SAN_BRO,"Wachter, Nater",821735,Right,UCO_HUS,Undefined,3,Top,2,0,0,Cutter,,BallCalled,Undefined,Undefined,Undefined,0,0,,,,,,,,,,,,,,,,,,,,,,,,,,,,,,,,,,,,,,,,,,SAN_BRO,UCO_HUS,StephenSchottBBS,D1,WCC,20260318-StephenSchottBBS-1,18fa94c0-23a4-11f1-9235-850434709099,,,,,,,,,,,4f91a5e0-4f32-4f63-8172-e61544f835a3,2026-03-19,02:03:34.07,2026-03-18T22:03:34.0704768-04:00,2026-03-19T02:03:34.0704768Z,,v3,471436,471275,10559,"Wheeler, Mace",1000367898,Right,SAN_BRO,136fc5ac-514b-4419-9cc3-243935b51608,,,,,,,,,,,,,,,,,,,,,,,,,,,,,,,,,,,,,,,,,,,,,,,,,,,,,,,,,,,,,,,,,,,,,,,,,,,,,,,,,,,,,,,,,,,,,,,,,,,,,
107,2026-03-18,22:04:13.07,5,2,"Habermann, Andrew",832234,Right,SAN_BRO,"Wachter, Nater",821735,Right,UCO_HUS,Undefined,3,Top,2,1,0,Cutter,,InPlay,Undefined,LineDrive,Out,1,0,,,,,,,,,,,,,,,,,,,,,,,,,,,,,,,,,,,,,,,,,,SAN_BRO,UCO_HUS,StephenSchottBBS,D1,WCC,20260318-StephenSchottBBS-1,18fa94c1-23a4-11f1-9235-850434709099,,,,,,,,,,,4f91a5e0-4f32-4f63-8172-e61544f835a3,2026-03-19,02:04:13.07,2026-03-18T22:04:13.0768384-04:00,2026-03-19T02:04:13.0768384Z,,v3,471436,471275,10559,"Wheeler, Mace",1000367898,Right,SAN_BRO,1153fd33-2522-45c0-96e4-518098d8d270,,,,,,,,,,,,,,,,,,,,,,,,,,,,,,,,,,,,,,,,,,,,,,,,,,,,,,,,,,,,,,,,,,,,,,,,,,,,,,,,,,,,,,,,,,,,,,,,,,,,,
108,2026-03-18,22:06:40.42,1,1,"Aasland, Tristan",837524,Right,UCO_HUS,"Anderson, Will",1000265922,Left,SAN_BRO,Undefined,3,Bottom,0,0,0,Fastball,,BallCalled,Undefined,Undefined,Undefined,0,0,,,,,,,,,,,,,,,,,,,,,,,,,,,,,,,,,,,,,,,,,,SAN_BRO,UCO_HUS,StephenSchottBBS,D1,WCC,20260318-StephenSchottBBS-1,18fa94c2-23a4-11f1-9235-850434709099,,,,,,,,,,,4f91a5e0-4f32-4f63-8172-e61544f835a3,2026-03-19,02:06:40.42,2026-03-18T22:06:40.4298240-04:00,2026-03-19T02:06:40.4298240Z,,v3,471436,471275,10559,"Cancel, Chris",837525,Right,UCO_HUS,2c518c7b-a80e-4546-ba0f-df6378e173da,,,,,,,,,,,,,,,,,,,,,,,,,,,,,,,,,,,,,,,,,,,,,,,,,,,,,,,,,,,,,,,,,,,,,,,,,,,,,,,,,,,,,,,,,,,,,,,,,,,,,
109,2026-03-18,22:06:58.58,1,2,"Aasland, Tristan",837524,Right,UCO_HUS,"Anderson, Will",1000265922,Left,SAN_BRO,Undefined,3,Bottom,0,1,0,Fastball,Sinker,StrikeCalled,Undefined,Undefined,Undefined,0,0,,88.68303,-2.725763,-1.599786,2105.648724,221.533186,1:30,5.91995,1.10615,6.325,-16.24276,19.02513,15.76875,2.05326,0.94653,80.51885,-5.855243,1.253651,0.427426,,,,,,,,,,,,-8.65701,11.07587,-0.99629,50,5.7128,2.95779,-128.66143,-6.53694,-14.38199,28.91352,-13.77351,SAN_BRO,UCO_HUS,StephenSchottBBS,D1,WCC,20260318-StephenSchottBBS-1,4fcef520-2338-11f1-bc73-db1efe8e085b,88.18466,,,8.16418,,,,,,,4f91a5e0-4f32-4f63-8172-e61544f835a3,2026-03-19,02:06:58.58,2026-03-18T22:06:58.5871872-04:00,2026-03-19T02:06:58.5871872Z,,v3,471436,471275,10559,"Cancel, Chris",837525,Right,UCO_HUS,3907e9f2-ac70-4cce-b0cc-6ff5c13879a5,54.17324,-129.59587,14.45676,5.91687,-6.0918,-6.88675,-1.09939,3.4226,-7.191,,,,,,,,,,,,,,,,,,,,,,,,,,,,,,,,,,,,,,,,,,,,,,,,,,,High,High,High,,,,,,,,,,,,,,,,,,,,,,,,,,,,,,,,,,,,,,,
110,2026-03-18,22:07:17.02,1,3,"Aasland, Tristan",837524,Right,UCO_HUS,"Anderson, Will",1000265922,Left,SAN_BRO,Undefined,3,Bottom,0,1,1,Splitter,Changeup,InPlay,Undefined,LineDrive,Single,0,0,,79.95687,-0.796136,-2.119002,1361.413447,264.244403,2:45,5.80298,1.25777,6.05987,-40.55845,2.81579,14.58131,1.68569,0.51071,73.62242,-8.280999,0.51001,0.47401,94.86934,12.784585,5.156886,2532.573941,109.31747,17.25275,12.23318,230.83501,230.83501,7.979219,2.153682,-8.17764,2.02996,-1.10123,50,5.71918,3.77561,-116.18992,-2.8575,-11.17618,21.82109,-29.39973,SAN_BRO,UCO_HUS,StephenSchottBBS,D1,WCC,20260318-StephenSchottBBS-1,5ad204d0-2338-11f1-bc73-db1efe8e085b,79.51829,17.50432,,6.33445,,,,2.64441,1.96277,-0.45336,4f91a5e0-4f32-4f63-8172-e61544f835a3,2026-03-19,02:07:17.02,2026-03-18T22:07:17.0282496-04:00,2026-03-19T02:07:17.0282496Z,LineDrive,v3,471436,471275,10559,"Cancel, Chris",837525,Right,UCO_HUS,10a7e5e8-19d9-4bb6-8a99-0f42f4a09b35,54.44213,-117.02121,10.91054,5.80671,-1.73751,-14.69987,-1.25317,4.20136,-5.58809,225.483058,2.64438,135.14518,-21.10059,4.69526,-0.79597,0.01572,0.04934,-0.0166,0.00196,1.96282,30.78679,-15.65799,0.41693,-0.10051,0.15427,-0.08898,0.02499,-0.00277,-0.45332,12.19339,3.41671,-1.58704,0.31783,0.06102,-0.06843,0.02101,-0.0024,,,,,,,,,,,,,,,,,,,,,,,High,High,High,High,High,,,,,,,,,,,,,,,,,,,,,,,,,,,,,,,,,,,,,
111,2026-03-18,22:07:56.24,2,1,"Aasland, Tristan",837524,Right,UCO_HUS,"Medicoff, Tate",827399,Right,SAN_BRO,Undefined,3,Bottom,0,0,0,Fastball,Four-Seam,BallCalled,Undefined,Undefined,Undefined,0,0,,88.44066,-2.517013,-4.000831,2136.639843,215.150044,1:15,5.87708,0.95283,6.16957,-17.03458,18.87466,12.37985,2.12552,-1.71689,79.94607,-5.794084,-1.774641,0.431295,,,,,,,,,,,,-7.61268,10.90229,-0.65542,50,5.67714,8.43983,-127.98291,-6.08599,-12.48283,29.21844,-14.29715,SAN_BRO,UCO_HUS,StephenSchottBBS,D1,WCC,20260318-StephenSchottBBS-1,7233e3a0-2338-11f1-bc73-db1efe8e085b,87.39362,,,8.49459,,,,,,,4f91a5e0-4f32-4f63-8172-e61544f835a3,2026-03-19,02:07:56.24,2026-03-18T22:07:56.2463232-04:00,2026-03-19T02:07:56.2463232Z,,v3,471436,471275,10559,"Cancel, Chris",837525,Right,UCO_HUS,100aaf49-88ba-4a75-9546-f3503a2a9b1a,54.32759,-128.96712,14.60922,5.87404,-5.60441,-7.14858,-0.94679,8.86031,-6.24141,,,,,,,,,,,,,,,,,,,,,,,,,,,,,,,,,,,,,,,,,,,,,,,,,,,High,High,High,,,,,,,,,,,,,,,,,,,,,,,,,,,,,,,,,,,,,,,
112,2026-03-18,22:08:13.69,2,2,"Aasland, Tristan",837524,Right,UCO_HUS,"Medicoff, Tate",827399,Right,SAN_BRO,Undefined,3,Bottom,0,1,0,Fastball,Four-Seam,StrikeCalled,Undefined,Undefined,Undefined,0,0,,87.65236,-2.554865,-2.856767,2036.499664,219.006346,1:15,5.88442,1.05406,6.41266,-18.12741,17.70769,13.38064,2.02037,-0.4596,79.97906,-6.023659,-0.434277,0.43085,,,,,,,,,,,,-7.80473,10.33756,-0.85545,50,5.693,5.82756,-127.16182,-6.15331,-12.73746,26.87551,-15.30297,SAN_BRO,UCO_HUS,StephenSchottBBS,D1,WCC,20260318-StephenSchottBBS-1,7c92c410-2338-11f1-bc73-db1efe8e085b,87.48398,,,7.6733,,,,,,,4f91a5e0-4f32-4f63-8172-e61544f835a3,2026-03-19,02:08:13.69,2026-03-18T22:08:13.6958976-04:00,2026-03-19T02:08:13.6958976Z,,v3,471436,471275,10559,"Cancel, Chris",837525,Right,UCO_HUS,f5111729-a5a0-4ede-bde0-8e6ce9db3e2a,54.08658,-128.02261,13.43776,5.88223,-5.66318,-7.65148,-1.04863,6.23552,-6.36873,,,,,,,,,,,,,,,,,,,,,,,,,,,,,,,,,,,,,,,,,,,,,,,,,,,High,High,High,,,,,,,,,,,,,,,,,,,,,,,,,,,,,,,,,,,,,,,
113,2026-03-18,22:08:32.67,2,3,"Aasland, Tristan",837524,Right,UCO_HUS,"Medicoff, Tate",827399,Right,SAN_BRO,Undefined,3,Bottom,0,1,1,Fastball,Four-Seam,StrikeSwinging,Undefined,Undefined,Undefined,0,0,,88.45319,-1.823943,-1.509188,2118.598074,199.739495,12:45,5.96274,0.9862,6.19269,-13.84627,21.7143,7.35528,3.12378,0.20547,80.25017,-4.524244,-0.182151,0.429196,,,,,,,,,,,,-4.23567,12.11709,-0.87599,50,5.81802,3.07884,-128.36456,-4.4071,-7.01464,28.42008,-12.10718,SAN_BRO,UCO_HUS,StephenSchottBBS,D1,WCC,20260318-StephenSchottBBS-1,87e5ef90-2338-11f1-bc73-db1efe8e085b,87.82102,,,8.20302,,,,,,,4f91a5e0-4f32-4f63-8172-e61544f835a3,2026-03-19,02:08:32.67,2026-03-18T22:08:32.6784512-04:00,2026-03-19T02:08:32.6784512Z,,v3,471436,471275,10559,"Cancel, Chris",837525,Right,UCO_HUS,f1f8c452-7bfd-4724-ab72-ec1e68416c6a,54.3043,-129.31403,14.21004,5.9585,-4.00262,-6.05359,-0.98277,3.31319,-3.50732,,,,,,,,,,,,,,,,,,,,,,,,,,,,,,,,,,,,,,,,,,,,,,,,,,,High,High,High,,,,,,,,,,,,,,,,,,,,,,,,,,,,,,,,,,,,,,,
114,2026-03-18,22:08:52.99,2,4,"Aasland, Tristan",837524,Right,UCO_HUS,"Medicoff, Tate",827399,Right,SAN_BRO,Undefined,3,Bottom,0,1,2,Splitter,Changeup,FoulBallNotFieldable,Undefined,Undefined,Undefined,0,0,,78.976,-0.142577,-2.70472,1419.549259,278.495076,3:15,5.70053,1.02429,6.28978,-44.22357,-0.29079,10.68906,1.8837,-0.57934,72.97929,-8.316224,-0.770728,0.477052,74.7256,-43.521399,-120.099383,,,,,2.22083,2.39432,-51.834154,0.032063,-6.32981,0.22965,-0.83023,50,5.66847,5.0574,-114.80953,-1.58808,-8.47832,20.55575,-31.86644,SAN_BRO,UCO_HUS,StephenSchottBBS,D1,WCC,20260318-StephenSchottBBS-1,94067d30-2338-11f1-bc73-db1efe8e085b,79.01115,2.42743,,5.99671,,,,2.65421,2.42743,0.46533,4f91a5e0-4f32-4f63-8172-e61544f835a3,2026-03-19,02:08:52.99,2026-03-18T22:08:52.9962496-04:00,2026-03-19T02:08:52.9962496Z,GroundBall,v3,471436,471275,10559,"Cancel, Chris",837525,Right,UCO_HUS,bbb423c1-fb98-414a-b639-3311cab4e9d7,54.21271,-115.56133,10.27787,5.70524,-0.42262,-15.93322,-1.02086,5.36747,-4.23916,,2.65485,-39.97934,,,,,,,,2.42865,-75.7074,,,,,,,,0.46644,-68.9697,,,,,,,,,,,,,,,,,,,,,,,,,,,,,,High,High,High,Low,Low,,,,,,,,,,,,,,,,,,,,,,,,,,,,,,,,,,,,,
115,2026-03-18,22:09:26.81,2,5,"Aasland, Tristan",837524,Right,UCO_HUS,"Medicoff, Tate",827399,Right,SAN_BRO,Undefined,3,Bottom,0,1,2,Fastball,Four-Seam,StrikeSwinging,Strikeout,Undefined,Undefined,0,0,,89.34045,-0.636491,-2.336466,2200.34621,208.66073,1:00,5.99681,0.93603,6.10728,-12.79863,22.60824,11.62615,4.34115,-0.25694,79.94038,-3.177077,-0.24381,0.428268,,,,,,,,,,,,-6.70886,12.18623,-0.76209,50,5.94091,4.77888,-129.45741,-1.70221,-11.15824,32.05005,-11.90574,SAN_BRO,UCO_HUS,StephenSchottBBS,D1,WCC,20260318-StephenSchottBBS-1,a82b3260-2338-11f1-bc73-db1efe8e085b,88.01143,,,9.40007,,,,,,,4f91a5e0-4f32-4f63-8172-e61544f835a3,2026-03-19,02:09:26.81,2026-03-18T22:09:26.8174336-04:00,2026-03-19T02:09:26.8174336Z,,v3,471436,471275,10559,"Cancel, Chris",837525,Right,UCO_HUS,ebacaaf8-3534-4849-94d0-1715226ae51c,54.38726,-130.53906,16.02503,5.99158,-1.30041,-5.95287,-0.92972,5.15546,-5.57912,,,,,,,,,,,,,,,,,,,,,,,,,,,,,,,,,,,,,,,,,,,,,,,,,,,High,High,High,,,,,,,,,,,,,,,,,,,,,,,,,,,,,,,,,,,,,,,
116,2026-03-18,22:10:00.20,3,1,"Aasland, Tristan",837524,Right,UCO_HUS,"Garcia, Mateo",832233,Left,SAN_BRO,Undefined,3,Bottom,1,0,0,Fastball,Four-Seam,FoulBallNotFieldable,Undefined,Undefined,Undefined,0,0,,88.65483,-2.508685,-1.733762,2139.193261,200.555692,12:45,5.94249,0.73272,6.21456,-15.71922,19.89702,6.97744,2.31485,-0.28634,80.05785,-5.552815,-0.474352,0.429532,60.11734,53.414328,-80.447729,3852.856809,,,,,58.95393,,,-4.16524,11.48115,-0.60614,50,5.74641,3.60649,-128.53035,-6.02769,-6.86963,30.14071,-13.23839,SAN_BRO,UCO_HUS,StephenSchottBBS,D1,WCC,20260318-StephenSchottBBS-1,bc1130e0-2338-11f1-bc73-db1efe8e085b,87.7524,60.8548,,8.59698,,,,-0.29293,2.6723,0.34864,4f91a5e0-4f32-4f63-8172-e61544f835a3,2026-03-19,02:10:00.20,2026-03-18T22:10:00.2031104-04:00,2026-03-19T02:10:00.2031104Z,,v3,471436,471275,10559,"Cancel, Chris",837525,Right,UCO_HUS,ee149526-18ad-4360-aff4-7df961458f3a,54.2827,-129.53076,15.07035,5.93919,-5.58829,-6.61919,-0.72963,3.83451,-3.43482,144.125035,-0.29293,8.72096,-12.7301,4.00504,-0.96437,0.20973,-0.04331,0.00702,-0.00069,2.6723,70.79913,-21.19711,1.58778,-0.13119,-0.02148,0.01188,-0.00324,0.00059,0.34864,-51.82395,4.88849,-1.21185,0.1825,-0.01389,-0.00148,0.00111,-0.0002,,,,,,,,,,,,,,,,,,,,,,,High,High,High,High,Undefined,,,,,,,,,,,,,,,,,,,,,,,,,,,,,,,,,,,,,
117,2026-03-18,22:10:23.03,3,2,"Aasland, Tristan",837524,Right,UCO_HUS,"Garcia, Mateo",832233,Left,SAN_BRO,Undefined,3,Bottom,1,0,1,Fastball,Four-Seam,FoulBallNotFieldable,Undefined,Undefined,Undefined,0,0,,87.89454,-1.378764,-1.934077,2024.540823,215.637083,1:15,5.90883,0.96399,6.29159,-18.53954,17.78651,11.76367,3.09235,0.16133,78.82083,-4.961325,0.19239,0.433791,66.51011,41.004096,-151.991351,3021.89984,-99.31002,43.69842,-47.30228,181.52453,54.65342,-156.057529,2.983016,-6.77603,10.10434,-0.82709,50,5.79839,3.8328,-127.44624,-3.55397,-10.90637,31.41542,-15.9106,SAN_BRO,UCO_HUS,StephenSchottBBS,D1,WCC,20260318-StephenSchottBBS-1,c9aaf100-2338-11f1-bc73-db1efe8e085b,86.89083,44.98976,,9.0737,,,,1.15684,2.85118,-0.03199,4f91a5e0-4f32-4f63-8172-e61544f835a3,2026-03-19,02:10:23.03,2026-03-18T22:10:23.0387712-04:00,2026-03-19T02:10:23.0387712Z,Popup,v3,471436,471275,10559,"Cancel, Chris",837525,Right,UCO_HUS,94be62c0-7d9f-493b-83af-5e8952775217,54.20546,-128.4787,15.70771,5.9066,-3.03107,-7.9553,-0.95895,4.19123,-5.45319,19.272619,1.15696,-64.99811,2.22605,0.21096,0.25256,-0.27295,0.12673,-0.02732,0.00223,2.85108,64.00772,-27.75046,3.25528,-0.64264,0.10567,-0.02028,0.00502,-0.00057,-0.03184,-34.57671,4.52317,-0.77901,0.30713,-0.16927,0.07057,-0.01533,0.00129,,,,,,,,,,,,,,,,,,,,,,,High,High,High,High,Low,,,,,,,,,,,,,,,,,,,,,,,,,,,,,,,,,,,,,
118,2026-03-18,22:10:49.14,3,3,"Aasland, Tristan",837524,Right,UCO_HUS,"Garcia, Mateo",832233,Left,SAN_BRO,Undefined,3,Bottom,1,0,2,Splitter,Changeup,FoulBallNotFieldable,Undefined,Undefined,Undefined,0,0,,79.47463,0.962719,-1.666817,1283.083017,269.659973,3:00,5.86,1.14122,6.09522,-42.4179,1.42291,11.28548,3.2161,0.53952,72.93669,-6.890408,0.367568,0.476553,65.80541,56.293796,-136.637069,4019.075095,,,,,28.35112,,,-6.32595,0.83413,-1.01886,50,5.91165,2.9558,-115.50668,0.6487,-8.54225,21.61037,-31.04766,SAN_BRO,UCO_HUS,StephenSchottBBS,D1,WCC,20260318-StephenSchottBBS-1,d94451b0-2338-11f1-bc73-db1efe8e085b,79.09398,39.20889,,6.53794,,,,0.8404,3.40979,-0.57655,4f91a5e0-4f32-4f63-8172-e61544f835a3,2026-03-19,02:10:49.14,2026-03-18T22:10:49.1421184-04:00,2026-03-19T02:10:49.1421184Z,,v3,471436,471275,10559,"Cancel, Chris",837525,Right,UCO_HUS,2b29668b-897c-4602-a7d6-08a363975b70,54.40625,-116.32813,10.80519,5.86456,1.82888,-15.52383,-1.13739,3.28051,-4.27113,18.849603,0.8404,-38.93833,-1.46344,1.77225,-1.81969,5.89562,-13.6086,16.31121,-7.72783,3.40979,80.28997,-28.32966,3.60404,-1.72461,4.5148,-10.30952,12.28272,-5.77535,-0.57655,-36.77472,3.83204,-0.59246,0.32857,-1.09253,2.5433,-3.02471,1.41596,,,,,,,,,,,,,,,,,,,,,,,High,High,High,High,Undefined,,,,,,,,,,,,,,,,,,,,,,,,,,,,,,,,,,,,,
119,2026-03-18,22:11:14.30,3,4,"Aasland, Tristan",837524,Right,UCO_HUS,"Garcia, Mateo",832233,Left,SAN_BRO,Undefined,3,Bottom,1,0,2,Fastball,Four-Seam,StrikeSwinging,Strikeout,Undefined,Undefined,0,0,,88.48662,-0.426103,-1.464185,2086.471888,206.223813,12:45,5.96802,0.95033,6.22111,-15.90958,19.76903,9.11154,4.24889,0.35826,79.73697,-3.519997,0.180603,0.429908,,,,,,,,,,,,-5.13437,10.70347,-0.84487,50,5.92792,2.90021,-128.3915,-1.34293,-8.45333,29.9696,-14.55162,SAN_BRO,UCO_HUS,StephenSchottBBS,D1,WCC,20260318-StephenSchottBBS-1,e83a1f60-2338-11f1-bc73-db1efe8e085b,87.67561,,,8.74965,,,,,,,4f91a5e0-4f32-4f63-8172-e61544f835a3,2026-03-19,02:11:14.30,2026-03-18T22:11:14.3092736-04:00,2026-03-19T02:11:14.3092736Z,,v3,471436,471275,10559,"Cancel, Chris",837525,Right,UCO_HUS,db574063-b781-480a-8332-cfd88685a7f0,54.27426,-129.38537,14.9848,5.96446,-0.86036,-7.27581,-0.94569,3.18054,-4.22667,,,,,,,,,,,,,,,,,,,,,,,,,,,,,,,,,,,,,,,,,,,,,,,,,,,High,High,High,,,,,,,,,,,,,,,,,,,,,,,,,,,,,,,,,,,,,,,
120,2026-03-18,22:11:48.68,4,1,"Aasland, Tristan",837524,Right,UCO_HUS,"Walsh, Waylon",1000338272,Left,SAN_BRO,Undefined,3,Bottom,2,0,0,Curveball,Curveball,BallCalled,Undefined,Undefined,Undefined,0,0,,77.07752,3.967775,1.636041,1923.950243,24.951421,6:45,5.87663,0.93908,6.13989,-52.749,-5.54359,-3.32603,5.15513,2.17429,69.73117,-5.808681,1.037256,0.494501,,,,,,,,,,,,2.20177,-3.49941,-1.06224,50,6.15341,-3.06636,-111.6585,6.1283,2.75043,22.07929,-36.54549,SAN_BRO,UCO_HUS,StephenSchottBBS,D1,WCC,20260318-StephenSchottBBS-1,fcc13fe0-2338-11f1-bc73-db1efe8e085b,76.22314,,,7.34635,,,,,,,4f91a5e0-4f32-4f63-8172-e61544f835a3,2026-03-19,02:11:48.68,2026-03-18T22:11:48.6827520-04:00,2026-03-19T02:11:48.6827520Z,,v3,471436,471275,10559,"Cancel, Chris",837525,Right,UCO_HUS,9004c706-89c1-4801-bc02-01741ec768eb,54.35909,-112.51717,11.03965,5.88745,7.54955,-18.27275,-0.94091,-3.17332,1.37522,,,,,,,,,,,,,,,,,,,,,,,,,,,,,,,,,,,,,,,,,,,,,,,,,,,High,High,High,,,,,,,,,,,,,,,,,,,,,,,,,,,,,,,,,,,,,,,
121,2026-03-18,22:12:11.17,4,2,"Aasland, Tristan",837524,Right,UCO_HUS,"Walsh, Waylon",1000338272,Left,SAN_BRO,Undefined,3,Bottom,2,1,0,Fastball,Four-Seam,FoulBallNotFieldable,Undefined,Undefined,Undefined,0,0,,88.30178,-1.935646,-1.382074,2093.396161,216.220452,1:15,5.9329,1.01888,6.23432,-17.13383,18.5782,12.69414,2.71822,0.80149,80.00453,-5.232142,0.911043,0.430109,,,,,,,,,,,,-6.94965,10.56725,-0.92152,50,5.77974,2.56756,-128.12695,-4.77545,-11.43628,28.9639,-14.78469,SAN_BRO,UCO_HUS,StephenSchottBBS,D1,WCC,20260318-StephenSchottBBS-1,0a25e640-2339-11f1-bc73-db1efe8e085b,87.6346,,,8.29724,,,,,,,4f91a5e0-4f32-4f63-8172-e61544f835a3,2026-03-19,02:12:11.17,2026-03-18T22:12:11.1786496-04:00,2026-03-19T02:12:11.1786496Z,,v3,471436,471275,10559,"Cancel, Chris",837525,Right,UCO_HUS,c5eea5d3-68bb-4de0-9a25-b28bc6e94570,54.2624,-129.0869,14.48195,5.9299,-4.28544,-7.39235,-1.0129,2.94659,-5.71814,,,,,,,,,,,,,,,,,,,,,,,,,,,,,,,,,,,,,,,,,,,,,,,,,,,High,High,High,,,,,,,,,,,,,,,,,,,,,,,,,,,,,,,,,,,,,,,
122,2026-03-18,22:12:32.97,4,3,"Aasland, Tristan",837524,Right,UCO_HUS,"Walsh, Waylon",1000338272,Left,SAN_BRO,Undefined,3,Bottom,2,1,1,Fastball,Sinker,FoulBallNotFieldable,Undefined,Undefined,Undefined,0,0,,89.02121,-1.120007,-1.440685,2073.037393,225.174289,1:30,5.96517,0.97804,6.19215,-19.47064,15.88867,14.69454,3.30811,0.87218,80.20748,-4.848296,1.211742,0.42798,75.27398,45.110766,-128.37277,3648.203817,,,,,35.50466,,,-8.06831,8.95776,-0.87668,50,5.87099,2.64408,-129.16643,-3.07589,-13.40712,31.02471,-17.28897,SAN_BRO,UCO_HUS,StephenSchottBBS,D1,WCC,20260318-StephenSchottBBS-1,172429b0-2339-11f1-bc73-db1efe8e085b,88.0706,34.35963,,8.81372,,,,1.07828,3.35926,-0.87066,4f91a5e0-4f32-4f63-8172-e61544f835a3,2026-03-19,02:12:32.97,2026-03-18T22:12:32.9747456-04:00,2026-03-19T02:12:32.9747456Z,,v3,471436,471275,10559,"Cancel, Chris",837525,Right,UCO_HUS,a7456530-6186-45a7-9f7c-501ff0eb900d,54.3055,-130.19647,15.51236,5.96358,-2.50189,-8.64449,-0.97185,3.0892,-6.70356,,1.09182,-48.74916,-0.06615,,,,,,,3.39304,77.28898,-29.75027,,,,,,,-0.9006,-60.26047,15.04448,,,,,,,,,,,,,,,,,,,,,,,,,,,,,High,High,High,Medium,Undefined,,,,,,,,,,,,,,,,,,,,,,,,,,,,,,,,,,,,,
123,2026-03-18,22:12:57.24,4,4,"Aasland, Tristan",837524,Right,UCO_HUS,"Walsh, Waylon",1000338272,Left,SAN_BRO,Undefined,3,Bottom,2,1,2,Splitter,Splitter,BallCalled,Undefined,Undefined,Undefined,0,0,,79.39906,-0.520619,-0.399517,1092.156999,295.699022,3:45,5.80558,1.11126,6.02882,-47.10282,-2.9078,8.97579,1.39818,1.48925,72.96994,-9.180293,1.22024,0.478474,,,,,,,,,,,,-4.76189,-0.95681,-1.08494,50,5.73929,0.4784,-115.40384,-2.52535,-6.38644,22.58261,-33.45726,SAN_BRO,UCO_HUS,StephenSchottBBS,D1,WCC,20260318-StephenSchottBBS-1,259dc280-2339-11f1-bc73-db1efe8e085b,78.77638,,,6.42912,,,,,,,4f91a5e0-4f32-4f63-8172-e61544f835a3,2026-03-19,02:12:57.24,2026-03-18T22:12:57.2478976-04:00,2026-03-19T02:12:57.2478976Z,,v3,471436,471275,10559,"Cancel, Chris",837525,Right,UCO_HUS,8f79d9e7-13da-4a9b-95d8-6a606348710f,54.47257,-116.27575,11.29131,5.81186,-1.23357,-16.72863,-1.10817,0.72498,-3.19322,,,,,,,,,,,,,,,,,,,,,,,,,,,,,,,,,,,,,,,,,,,,,,,,,,,High,High,High,,,,,,,,,,,,,,,,,,,,,,,,,,,,,,,,,,,,,,,
124,2026-03-18,22:13:16.55,4,5,"Aasland, Tristan",837524,Right,UCO_HUS,"Walsh, Waylon",1000338272,Left,SAN_BRO,Undefined,3,Bottom,2,2,2,Splitter,Splitter,BallinDirt,Undefined,Undefined,Undefined,0,0,,79.71,-1.565668,-2.582456,1150.49117,283.256214,3:30,5.7488,1.09075,6.32854,-44.09061,-0.78138,9.05347,0.63097,-0.53452,73.54663,-9.698911,-0.941066,0.473654,,,,,,,,,,,,-5.49851,0.37587,-0.90658,50,5.6134,4.9127,-115.79896,-4.46832,-7.44978,22.06471,-31.66482,SAN_BRO,UCO_HUS,StephenSchottBBS,D1,WCC,20260318-StephenSchottBBS-1,311b8070-2339-11f1-bc73-db1efe8e085b,79.57792,,,6.16337,,,,,,,4f91a5e0-4f32-4f63-8172-e61544f835a3,2026-03-19,02:13:16.55,2026-03-18T22:13:16.5597696-04:00,2026-03-19T02:13:16.5597696Z,,v3,471436,471275,10559,"Cancel, Chris",837525,Right,UCO_HUS,c4342e0f-c538-4fd1-a938-c7cbd2fed9c5,54.1736,-116.5915,11.03236,5.75347,-3.33095,-15.83241,-1.08785,5.18029,-3.72489,,,,,,,,,,,,,,,,,,,,,,,,,,,,,,,,,,,,,,,,,,,,,,,,,,,High,High,High,,,,,,,,,,,,,,,,,,,,,,,,,,,,,,,,,,,,,,,
125,2026-03-18,22:13:39.32,4,6,"Aasland, Tristan",837524,Right,UCO_HUS,"Walsh, Waylon",1000338272,Left,SAN_BRO,Undefined,3,Bottom,2,3,2,Fastball,Sinker,StrikeCalled,Strikeout,Undefined,Undefined,0,0,,87.94402,-2.719976,-3.185237,2105.76666,218.026199,1:15,5.98442,1.0532,6.26801,-16.01308,20.21174,14.76213,2.1366,-0.65621,79.30812,-5.82711,-0.521493,0.433186,,,,,,,,,,,,-8.68036,11.74757,-0.82419,50,5.77481,6.49544,-127.36424,-6.45218,-14.04649,29.78757,-13.16422,SAN_BRO,UCO_HUS,StephenSchottBBS,D1,WCC,20260318-StephenSchottBBS-1,3eaba3a0-2339-11f1-bc73-db1efe8e085b,87.01211,,,8.6359,,,,,,,4f91a5e0-4f32-4f63-8172-e61544f835a3,2026-03-19,02:13:39.32,2026-03-18T22:13:39.3264128-04:00,2026-03-19T02:13:39.3264128Z,,v3,471436,471275,10559,"Cancel, Chris",837525,Right,UCO_HUS,f48b93ad-cfb4-4979-9d3b-145ac0de3934,54.22991,-128.34971,14.89378,5.98107,-6.01667,-6.58211,-1.04677,6.96014,-7.02324,,,,,,,,,,,,,,,,,,,,,,,,,,,,,,,,,,,,,,,,,,,,,,,,,,,High,High,High,,,,,,,,,,,,,,,,,,,,,,,,,,,,,,,,,,,,,,,
126,2026-03-18,22:15:51.73,1,1,"Habermann, Andrew",832234,Right,SAN_BRO,"Menzel, Evan",837534,Left,UCO_HUS,Undefined,4,Top,0,0,0,Sinker,Sinker,BallCalled,Undefined,Undefined,Undefined,0,0,,87.29503,-0.759292,-1.338381,2102.841996,245.391521,2:15,6.13496,1.86175,5.14758,-28.2086,10.13709,19.03619,3.06914,2.1878,78.57561,-5.976571,2.033252,0.445687,,,,,,,,,,,,-9.79028,5.71788,-1.75136,50,6.04285,2.05632,-126.39782,-2.7112,-15.56911,29.85098,-23.08116,SAN_BRO,UCO_HUS,StephenSchottBBS,D1,WCC,20260318-StephenSchottBBS-1,8d9905c0-2339-11f1-bc73-db1efe8e085b,84.5716,,,8.71942,,,,,,,4f91a5e0-4f32-4f63-8172-e61544f835a3,2026-03-19,02:15:51.73,2026-03-18T22:15:51.7365760-04:00,2026-03-19T02:15:51.7365760Z,,v3,471436,471275,10559,"Wheeler, Mace",1000367898,Right,SAN_BRO,24e56967-31eb-4a40-96da-86875e859d01,55.34779,-127.65454,14.92549,6.13654,-1.73949,-11.54058,-1.85173,2.71177,-7.78455,,,,,,,,,,,,,,,,,,,,,,,,,,,,,,,,,,,,,,,,,,,,,,,,,,,High,High,High,,,,,,,,,,,,,,,,,,,,,,,,,,,,,,,,,,,,,,,
127,2026-03-18,22:16:06.70,1,2,"Habermann, Andrew",832234,Right,SAN_BRO,"Menzel, Evan",837534,Left,UCO_HUS,Undefined,4,Top,0,1,0,Sinker,Sinker,StrikeCalled,Undefined,Undefined,Undefined,0,0,,87.38617,-1.65854,-4.296239,2052.653546,256.6067,2:30,6.12151,1.69464,5.41075,-31.53592,6.98181,22.64493,1.93483,-0.45095,77.78933,-7.505386,-0.275535,0.446686,,,,,,,,,,,,-12.85741,4.57307,-1.32792,50,5.95209,8.44256,-126.11033,-4.79848,-20.10055,32.63006,-25.02474,SAN_BRO,UCO_HUS,StephenSchottBBS,D1,WCC,20260318-StephenSchottBBS-1,968913f0-2339-11f1-bc73-db1efe8e085b,84.38249,,,9.59683,,,,,,,4f91a5e0-4f32-4f63-8172-e61544f835a3,2026-03-19,02:16:06.70,2026-03-18T22:16:06.7049984-04:00,2026-03-19T02:16:06.7049984Z,,v3,471436,471275,10559,"Wheeler, Mace",1000367898,Right,SAN_BRO,54996f53-62e9-4abc-9802-0135e5b8e46f,55.08521,-127.41929,16.31503,6.12445,-3.79461,-12.51237,-1.68277,9.24889,-10.05028,,,,,,,,,,,,,,,,,,,,,,,,,,,,,,,,,,,,,,,,,,,,,,,,,,,High,High,High,,,,,,,,,,,,,,,,,,,,,,,,,,,,,,,,,,,,,,,
128,2026-03-18,22:16:18.84,1,3,"Habermann, Andrew",832234,Right,SAN_BRO,"Menzel, Evan",837534,Left,UCO_HUS,Undefined,4,Top,0,1,1,Sinker,Sinker,BallCalled,Undefined,Undefined,Undefined,0,0,,87.22315,-1.701906,-2.344382,2149.824796,251.890129,2:30,6.04355,1.93943,5.10162,-30.72206,7.85461,19.58159,1.87788,1.36092,78.54969,-7.347504,1.121425,0.447027,,,,,,,,,,,,-10.39823,4.90925,-1.73378,50,5.85939,4.24422,-126.16979,-4.90952,-16.45875,29.99326,-24.40345,SAN_BRO,UCO_HUS,StephenSchottBBS,D1,WCC,20260318-StephenSchottBBS-1,9dc44630-2339-11f1-bc73-db1efe8e085b,84.31804,,,8.67346,,,,,,,4f91a5e0-4f32-4f63-8172-e61544f835a3,2026-03-19,02:16:18.84,2026-03-18T22:16:18.8413952-04:00,2026-03-19T02:16:18.8413952Z,,v3,471436,471275,10559,"Wheeler, Mace",1000367898,Right,SAN_BRO,b8ad4b07-bba8-4cf6-9b35-4fcea2c6ed39,55.39435,-127.4457,14.99663,6.04616,-3.87141,-12.20173,-1.92922,4.94437,-8.22938,,,,,,,,,,,,,,,,,,,,,,,,,,,,,,,,,,,,,,,,,,,,,,,,,,,High,High,High,,,,,,,,,,,,,,,,,,,,,,,,,,,,,,,,,,,,,,,
129,2026-03-18,22:16:31.77,1,4,"Habermann, Andrew",832234,Right,SAN_BRO,"Menzel, Evan",837534,Left,UCO_HUS,Undefined,4,Top,0,2,1,Sinker,Changeup,BallCalled,Undefined,Undefined,Undefined,0,0,,87.34194,-0.753543,-1.252353,2115.581242,256.853155,2:30,6.11462,1.84936,5.08389,-31.83017,6.64166,22.26993,2.7516,2.52453,78.56322,-6.602336,2.688987,0.446419,,,,,,,,,,,,-11.3489,3.99788,-1.74868,50,6.01886,1.71033,-126.45283,-2.87749,-18.01724,30.4802,-25.82712,SAN_BRO,UCO_HUS,StephenSchottBBS,D1,WCC,20260318-StephenSchottBBS-1,a5767d30-2339-11f1-bc73-db1efe8e085b,84.43285,,,8.77872,,,,,,,4f91a5e0-4f32-4f63-8172-e61544f835a3,2026-03-19,02:16:31.77,2026-03-18T22:16:31.7718016-04:00,2026-03-19T02:16:31.7718016Z,,v3,471436,471275,10559,"Wheeler, Mace",1000367898,Right,SAN_BRO,267bd6be-4beb-49ff-b356-000562b80ca9,55.41239,-127.75078,15.2401,6.11798,-1.77769,-12.91356,-1.83785,2.47757,-9.00862,,,,,,,,,,,,,,,,,,,,,,,,,,,,,,,,,,,,,,,,,,,,,,,,,,,High,High,High,,,,,,,,,,,,,,,,,,,,,,,,,,,,,,,,,,,,,,,
130,2026-03-18,22:16:45.84,1,5,"Habermann, Andrew",832234,Right,SAN_BRO,"Menzel, Evan",837534,Left,UCO_HUS,Undefined,4,Top,0,3,1,Sinker,Sinker,BallCalled,Walk,Undefined,Undefined,0,0,,88.30647,-1.774145,-1.643073,2129.927459,242.981042,2:00,6.10974,1.7639,5.19412,-26.41706,10.82288,18.62796,2.23821,1.77021,79.96801,-6.651642,1.659528,0.439214,,,,,,,,,,,,-9.70607,6.34528,-1.6258,50,5.92562,2.79444,-127.89355,-4.93168,-15.89042,29.21993,-21.78578,SAN_BRO,UCO_HUS,StephenSchottBBS,D1,WCC,20260318-StephenSchottBBS-1,ade26740-2339-11f1-bc73-db1efe8e085b,85.81797,,,8.33846,,,,,,,4f91a5e0-4f32-4f63-8172-e61544f835a3,2026-03-19,02:16:45.84,2026-03-18T22:16:45.8419200-04:00,2026-03-19T02:16:45.8419200Z,,v3,471436,471275,10559,"Wheeler, Mace",1000367898,Right,SAN_BRO,ec533554-d78e-4137-b4ec-9214a6ecb674,55.30254,-129.09934,14.60997,6.11059,-4.03266,-10.89289,-1.75465,3.45017,-7.94521,,,,,,,,,,,,,,,,,,,,,,,,,,,,,,,,,,,,,,,,,,,,,,,,,,,High,High,High,,,,,,,,,,,,,,,,,,,,,,,,,,,,,,,,,,,,,,,
131,2026-03-18,22:17:21.53,2,1,"Habermann, Andrew",832234,Right,SAN_BRO,"Tirado, Gabriel",815559,Left,UCO_HUS,Undefined,4,Top,0,0,0,Sinker,Changeup,BallCalled,Undefined,Undefined,Undefined,0,0,,86.91988,-2.801078,-3.698542,2043.734059,253.354482,2:30,6.09767,1.74079,5.26638,-30.9575,7.60532,20.72229,0.87892,-0.01164,78.71523,-8.478494,-0.023844,0.446947,,,,,,,,,,,,-11.58253,5.09343,-1.41812,50,5.81816,7.20355,-125.63236,-7.29054,-18.25039,28.80446,-24.14843,SAN_BRO,UCO_HUS,StephenSchottBBS,D1,WCC,20260318-StephenSchottBBS-1,c3207bb0-2339-11f1-bc73-db1efe8e085b,84.33321,,,8.20465,,,,,,,4f91a5e0-4f32-4f63-8172-e61544f835a3,2026-03-19,02:17:21.53,2026-03-18T22:17:21.5301632-04:00,2026-03-19T02:17:21.5301632Z,,v3,471436,471275,10559,"Wheeler, Mace",1000367898,Right,SAN_BRO,7c7c8dcb-8bb5-4016-8ae5-b484a9f1c71c,55.23311,-126.82651,14.40223,6.09965,-6.28942,-12.07421,-1.73244,7.96016,-9.1252,,,,,,,,,,,,,,,,,,,,,,,,,,,,,,,,,,,,,,,,,,,,,,,,,,,High,High,High,,,,,,,,,,,,,,,,,,,,,,,,,,,,,,,,,,,,,,,
132,2026-03-18,22:17:53.27,2,2,"Habermann, Andrew",832234,Right,SAN_BRO,"Tirado, Gabriel",815559,Left,UCO_HUS,Undefined,4,Top,0,1,0,Sinker,Changeup,FoulBallNotFieldable,Undefined,Undefined,Undefined,0,0,,86.79107,-1.421771,-3.313509,2071.088705,261.366922,2:45,6.13228,1.76034,5.13561,-34.43392,4.4528,19.82737,1.9214,0.28882,78.305,-7.72223,0.195222,0.44882,,,,,,,,,,,,-10.99406,3.07457,-1.4656,50,5.97234,6.3762,-125.54087,-4.42344,-17.24367,29.49445,-27.35172,SAN_BRO,UCO_HUS,StephenSchottBBS,D1,WCC,20260318-StephenSchottBBS-1,d60c62c0-2339-11f1-bc73-db1efe8e085b,83.98119,,,8.48607,,,,,,,4f91a5e0-4f32-4f63-8172-e61544f835a3,2026-03-19,02:17:53.27,2026-03-18T22:17:53.2704768-04:00,2026-03-19T02:17:53.2704768Z,,v3,471436,471275,10559,"Wheeler, Mace",1000367898,Right,SAN_BRO,bf6afb00-4f4f-4819-b574-3a2c559812be,55.36361,-126.79473,14.74722,6.13567,-3.26067,-13.67586,-1.75225,7.10926,-8.62184,,,,,,,,,,,,,,,,,,,,,,,,,,,,,,,,,,,,,,,,,,,,,,,,,,,High,High,High,,,,,,,,,,,,,,,,,,,,,,,,,,,,,,,,,,,,,,,
133,2026-03-18,22:18:17.75,2,3,"Habermann, Andrew",832234,Right,SAN_BRO,"Tirado, Gabriel",815559,Left,UCO_HUS,Undefined,4,Top,0,1,1,ChangeUp,Changeup,BallCalled,Undefined,Undefined,Undefined,0,0,,80.49224,-1.571221,-3.71621,1229.511877,240.419859,2:00,6.11334,1.67398,5.16856,-39.44179,5.89827,7.37103,1.34433,-1.21408,72.66613,-8.778573,-2.412541,0.484633,,,,,,,,,,,,-4.93103,3.94374,-1.33316,50,5.93684,7.24665,-116.29973,-4.56902,-6.6206,25.81698,-26.87902,SAN_BRO,UCO_HUS,StephenSchottBBS,D1,WCC,20260318-StephenSchottBBS-1,e4b066f0-2339-11f1-bc73-db1efe8e085b,77.77529,,,7.82611,,,,,,,4f91a5e0-4f32-4f63-8172-e61544f835a3,2026-03-19,02:18:17.75,2026-03-18T22:18:17.7597952-04:00,2026-03-19T02:18:17.7597952Z,,v3,471436,471275,10559,"Wheeler, Mace",1000367898,Right,SAN_BRO,82d6d62b-9209-4a5f-916b-c6f87f71fbc1,55.32856,-117.47665,12.90849,6.1172,-3.34369,-13.43951,-1.67039,7.54846,-3.3103,,,,,,,,,,,,,,,,,,,,,,,,,,,,,,,,,,,,,,,,,,,,,,,,,,,High,High,High,,,,,,,,,,,,,,,,,,,,,,,,,,,,,,,,,,,,,,,
134,2026-03-18,22:18:36.16,2,4,"Habermann, Andrew",832234,Right,SAN_BRO,"Tirado, Gabriel",815559,Left,UCO_HUS,Undefined,4,Top,0,2,1,Sinker,Changeup,StrikeSwinging,Undefined,Undefined,Undefined,0,0,,87.48165,-2.098643,-3.168354,2024.868564,251.6793,2:30,6.20451,1.65909,5.05851,-31.29277,6.97678,16.89729,1.61376,0.07626,79.21916,-7.820343,-0.182539,0.445244,,,,,,,,,,,,-9.39894,4.51906,-1.37165,50,5.98002,6.22892,-126.52347,-5.83481,-15.03721,28.9532,-24.94408,SAN_BRO,UCO_HUS,StephenSchottBBS,D1,WCC,20260318-StephenSchottBBS-1,ef9910d0-2339-11f1-bc73-db1efe8e085b,84.65568,,,8.26249,,,,,,,4f91a5e0-4f32-4f63-8172-e61544f835a3,2026-03-19,02:18:36.16,2026-03-18T22:18:36.1612288-04:00,2026-03-19T02:18:36.1612288Z,,v3,471436,471275,10559,"Wheeler, Mace",1000367898,Right,SAN_BRO,76090de8-9e47-425e-ada7-b904ccd16b37,55.4401,-127.7623,14.4766,6.20684,-4.76752,-12.47204,-1.65194,6.87232,-7.51861,,,,,,,,,,,,,,,,,,,,,,,,,,,,,,,,,,,,,,,,,,,,,,,,,,,High,High,High,,,,,,,,,,,,,,,,,,,,,,,,,,,,,,,,,,,,,,,
135,2026-03-18,22:18:56.59,2,5,"Habermann, Andrew",832234,Right,SAN_BRO,"Tirado, Gabriel",815559,Left,UCO_HUS,Undefined,4,Top,0,2,2,Sinker,Sinker,InPlay,Undefined,GroundBall,Out,1,0,,87.96349,-2.543318,-3.274587,2062.755458,246.818141,2:15,6.20956,1.60002,5.12336,-28.43923,9.37725,18.66851,1.43856,0.06801,79.56159,-7.767336,0.027504,0.4426,92.19969,-17.682543,42.038617,,,,,6.09335,2.67171,30.119593,0.036472,-10.3691,5.86492,-1.30736,50,5.94834,6.42653,-127.17831,-6.71623,-16.74468,29.49383,-22.70298,SAN_BRO,UCO_HUS,StephenSchottBBS,D1,WCC,20260318-StephenSchottBBS-1,fbccb140-2339-11f1-bc73-db1efe8e085b,85.16132,1.49983,,8.4019,,,,1.7766,1.49983,-0.09262,4f91a5e0-4f32-4f63-8172-e61544f835a3,2026-03-19,02:18:56.59,2026-03-18T22:18:56.5975552-04:00,2026-03-19T02:18:56.5975552Z,GroundBall,v3,471436,471275,10559,"Wheeler, Mace",1000367898,Right,SAN_BRO,e9c196cc-0087-4e48-94ea-ad83fd73c17d,55.37563,-128.41892,14.74692,6.21076,-5.76127,-11.35149,-1.59249,7.13087,-8.37234,,1.77593,95.80004,,,,,,,,1.50011,-41.12265,,,,,,,,-0.09322,86.37573,,,,,,,,,,,,,,,,,,,,,,,,,,,,,,High,High,High,Low,Low,,,,,,,,,,,,,,,,,,,,,,,,,,,,,,,,,,,,,
136,2026-03-18,22:19:31.76,3,1,"Habermann, Andrew",832234,Right,SAN_BRO,"Jemison, Peyton",10267615,Right,UCO_HUS,Undefined,4,Top,1,0,0,Sinker,Changeup,FoulBallNotFieldable,Undefined,Undefined,Undefined,0,0,,86.86607,-2.263074,-3.337243,2043.48428,243.308809,2:00,6.26024,1.62421,5.16575,-27.83265,10.65729,18.5269,1.80619,0.02365,78.94933,-7.381187,-0.058861,0.446524,123.6692,-34.631297,-66.907472,,,,,3.71544,1.71499,-42.001055,0.017861,-10.29914,6.3767,-1.32781,50,6.02785,6.50762,-125.7003,-5.98639,-16.34075,27.46642,-22.05675,SAN_BRO,UCO_HUS,StephenSchottBBS,D1,WCC,20260318-StephenSchottBBS-1,10c04f30-233a-11f1-bc73-db1efe8e085b,84.41296,1.84257,,7.91675,,,,1.71469,1.84257,-0.03209,4f91a5e0-4f32-4f63-8172-e61544f835a3,2026-03-19,02:19:31.76,2026-03-18T22:19:31.7696000-04:00,2026-03-19T02:19:31.7696000Z,GroundBall,v3,471436,471275,10559,"Wheeler, Mace",1000367898,Right,SAN_BRO,d8b491bd-8759-4e3f-8fe8-51d53792bd61,55.33418,-126.8605,13.73321,6.26104,-5.0547,-11.02837,-1.61727,7.19786,-8.17038,,1.71455,58.58545,,,,,,,,1.84282,-103.16387,,,,,,,,-0.03176,-137.40131,,,,,,,,,,,,,,,,,,,,,,,,,,,,,,High,High,High,Estimated,Estimated,,,,,,,,,,,,,,,,,,,,,,,,,,,,,,,,,,,,,
137,2026-03-18,22:19:55.29,3,2,"Habermann, Andrew",832234,Right,SAN_BRO,"Jemison, Peyton",10267615,Right,UCO_HUS,Undefined,4,Top,1,0,1,Sinker,Changeup,BallCalled,Undefined,Undefined,Undefined,0,1,,86.99538,-0.388235,-4.630875,1958.652406,254.967294,2:30,6.33579,1.45202,5.37185,-32.01561,6.00303,17.57001,3.30262,-1.43507,79.09877,-6.271655,-1.519118,0.443782,,,,,,,,,,,,-10.12304,3.52012,-1.0488,50,6.2784,9.41002,-125.8536,-2.02963,-16.16068,26.64946,-26.55441,SAN_BRO,UCO_HUS,StephenSchottBBS,D1,WCC,20260318-StephenSchottBBS-1,1ec442d0-233a-11f1-bc73-db1efe8e085b,84.93457,,,7.89661,,,,,,,4f91a5e0-4f32-4f63-8172-e61544f835a3,2026-03-19,02:19:55.29,2026-03-18T22:19:55.2910000-04:00,2026-03-19T02:19:55.2910000Z,,v3,471436,471275,10559,"Wheeler, Mace",1000367898,Right,SAN_BRO,0eef7f4f-2290-4ee1-b3cf-57e180ba1caa,55.12717,-126.93463,13.32473,6.33888,-0.95245,-13.27721,-1.44381,10.06558,-8.08034,,,,,,,,,,,,,,,,,,,,,,,,,,,,,75.06639,1.693389,0.79959,0.893799,-3.24001,2.76732,1.54756,-3.16465,6.26259,-0.61677,62.778,-1.42623,-61.99792,-3.14439,79.08222,-6.03701,6.26696,1.45292,-11.27595,-0.64642,-75.71519,8.02646,High,High,High,,,High,High,Medium,,,,,,,,,,,,,,,,,,,,,,,,,,,,,,,,,,
138,2026-03-18,22:20:27.34,3,3,"Habermann, Andrew",832234,Right,SAN_BRO,"Jemison, Peyton",10267615,Right,UCO_HUS,Undefined,4,Top,1,1,1,Sinker,Sinker,StrikeSwinging,Undefined,Undefined,Undefined,0,0,,88.42054,-1.894184,-3.981408,1923.222953,246.386742,2:15,6.20206,1.54795,5.3405,-28.1699,8.53689,16.76926,2.07265,-0.79567,80.79298,-7.069358,-1.00817,0.436058,,,,,,,,,,,,-9.49426,5.18469,-1.20065,50,6.01077,8.14934,-127.99005,-5.27953,-15.73013,26.71192,-23.58406,SAN_BRO,UCO_HUS,StephenSchottBBS,D1,WCC,20260318-StephenSchottBBS-1,31e65510-233a-11f1-bc73-db1efe8e085b,86.439,,,7.62756,,,,,,,4f91a5e0-4f32-4f63-8172-e61544f835a3,2026-03-19,02:20:27.34,2026-03-18T22:20:27.3479168-04:00,2026-03-19T02:20:27.3479168Z,,v3,471436,471275,10559,"Wheeler, Mace",1000367898,Right,SAN_BRO,a7262123-59c5-4a5b-b485-7eb8677360ec,55.15867,-129.06219,13.35596,6.20368,-4.33293,-11.79203,-1.54041,8.78071,-7.86506,,,,,,,,,,,,,,,,,,,,,,,,,,,,,,,,,,,,,,,,,,,,,,,,,,,High,High,High,,,,,,,,,,,,,,,,,,,,,,,,,,,,,,,,,,,,,,,
139,2026-03-18,22:20:40.86,3,4,"Habermann, Andrew",832234,Right,SAN_BRO,"Jemison, Peyton",10267615,Right,UCO_HUS,Undefined,4,Top,1,1,2,Cutter,Slider,BallCalled,Undefined,Undefined,Undefined,0,0,,81.97347,-0.477555,-3.514449,1966.905727,206.010368,12:45,6.23079,1.47359,5.36946,-37.20089,5.45748,1.98681,2.6821,-1.66017,74.99184,-7.281775,-3.162101,0.470082,,,,,,,,,,,,-2.00028,3.31646,-1.15948,50,6.16174,7.20923,-118.73733,-2.2884,-2.8474,23.34779,-27.45307,SAN_BRO,UCO_HUS,StephenSchottBBS,D1,WCC,20260318-StephenSchottBBS-1,39f467b0-233a-11f1-bc73-db1efe8e085b,80.18269,,,6.98163,,,,,,,4f91a5e0-4f32-4f63-8172-e61544f835a3,2026-03-19,02:20:40.86,2026-03-18T22:20:40.8641024-04:00,2026-03-19T02:20:40.8641024Z,,v3,471436,471275,10559,"Wheeler, Mace",1000367898,Right,SAN_BRO,449101c5-30c2-4730-aff2-66c694bf5485,55.12836,-119.74149,11.67389,6.23477,-1.10767,-13.72654,-1.47218,7.3317,-1.4237,,,,,,,,,,,,,,,,,,,,,,,,,,,,,,,,,,,,,,,,,,,,,,,,,,,High,High,High,,,,,,,,,,,,,,,,,,,,,,,,,,,,,,,,,,,,,,,
140,2026-03-18,22:20:53.77,3,5,"Habermann, Andrew",832234,Right,SAN_BRO,"Jemison, Peyton",10267615,Right,UCO_HUS,Undefined,4,Top,1,2,2,Cutter,Slider,StrikeSwinging,Strikeout,Undefined,Undefined,0,0,,80.7374,-0.504577,-3.344972,1998.034575,205.445902,12:45,6.30664,1.40851,5.21303,-39.28904,5.16717,1.73626,2.55726,-1.5958,73.53604,-7.676853,-3.037804,0.479886,,,,,,,,,,,,-1.87347,3.20508,-1.10042,50,6.23076,6.75749,-116.86753,-2.41117,-2.5696,23.72723,-27.77806,SAN_BRO,UCO_HUS,StephenSchottBBS,D1,WCC,20260318-StephenSchottBBS-1,41a87370-233a-11f1-bc73-db1efe8e085b,78.54465,,,7.20136,,,,,,,4f91a5e0-4f32-4f63-8172-e61544f835a3,2026-03-19,02:20:53.77,2026-03-18T22:20:53.7770000-04:00,2026-03-19T02:20:53.7770000Z,,v3,471436,471275,10559,"Wheeler, Mace",1000367898,Right,SAN_BRO,eddb3591-4fd1-4f02-a69b-3478b00c9e4c,55.28403,-117.93545,11.86362,6.31115,-1.16093,-13.88903,-1.40716,6.87315,-1.2848,,,,,,,,,,,,,,,,,,,,,,,,,,,,,69.74946,2.902325,1.983795,0.91853,-1.65785,2.12988,1.75849,-0.74678,5.83852,4.765,65.4201,3.41104,59.36281,-0.70384,78.53337,-7.16949,5.84686,8.22235,-11.8487,4.79281,63.83958,-4.85121,High,High,High,,,High,High,High,,,,,,,,,,,,,,,,,,,,,,,,,,,,,,,,,,
141,2026-03-18,22:21:24.66,4,1,"Habermann, Andrew",832234,Right,SAN_BRO,"Rispoli, Robert",10111517,Right,UCO_HUS,Undefined,4,Top,2,0,0,Cutter,Slider,BallCalled,Undefined,Undefined,Undefined,0,0,,81.72741,0.488084,-1.945942,1721.958483,197.70162,12:30,6.28161,1.39454,5.3188,-40.09553,3.87386,0.67512,3.39866,-0.37617,72.9079,-6.909408,-1.826075,0.477251,,,,,,,,,,,,-1.03815,2.3089,-1.21874,50,6.29761,3.98605,-118.1794,-0.40171,-1.42667,28.4587,-29.0011,SAN_BRO,UCO_HUS,StephenSchottBBS,D1,WCC,20260318-StephenSchottBBS-1,540e61a0-233a-11f1-bc73-db1efe8e085b,78.97827,,,8.81951,,,,,,,4f91a5e0-4f32-4f63-8172-e61544f835a3,2026-03-19,02:21:24.66,2026-03-18T22:21:24.6636032-04:00,2026-03-19T02:21:24.6636032Z,,v3,471436,471275,10559,"Wheeler, Mace",1000367898,Right,SAN_BRO,dbd970cb-84ac-4f50-b7a5-91ccc8cc87dc,55.17464,-119.419,14.22935,6.2876,0.86152,-14.50055,-1.39372,4.04819,-0.71334,,,,,,,,,,,,,,,,,,,,,,,,,,,,,,,,,,,,,,,,,,,,,,,,,,,High,High,High,,,,,,,,,,,,,,,,,,,,,,,,,,,,,,,,,,,,,,,
142,2026-03-18,22:21:38.39,4,2,"Habermann, Andrew",832234,Right,SAN_BRO,"Rispoli, Robert",10111517,Right,UCO_HUS,Undefined,4,Top,2,1,0,Cutter,Slider,BallCalled,Undefined,Undefined,Undefined,0,0,,80.09808,-1.157368,-4.103338,2085.265332,211.803733,1:00,6.1586,1.43105,5.55865,-37.73726,6.68036,3.24606,1.92956,-2.13881,73.41855,-8.071874,-3.526102,0.479677,,,,,,,,,,,,-2.81492,4.15626,-1.07821,50,6.03364,8.19084,-115.96607,-3.58977,-3.82243,22.25751,-26.5302,SAN_BRO,UCO_HUS,StephenSchottBBS,D1,WCC,20260318-StephenSchottBBS-1,5c45a720-233a-11f1-bc73-db1efe8e085b,78.57879,,,6.67953,,,,,,,4f91a5e0-4f32-4f63-8172-e61544f835a3,2026-03-19,02:21:38.39,2026-03-18T22:21:38.3924224-04:00,2026-03-19T02:21:38.3924224Z,,v3,471436,471275,10559,"Wheeler, Mace",1000367898,Right,SAN_BRO,ff60cc1b-836a-4ec0-9f4c-638e53303c0d,54.9397,-116.91031,11.12876,6.16205,-2.46428,-13.2651,-1.42913,8.35301,-1.91121,,,,,,,,,,,,,,,,,,,,,,,,,,,,,,,,,,,,,,,,,,,,,,,,,,,High,High,High,,,,,,,,,,,,,,,,,,,,,,,,,,,,,,,,,,,,,,,
143,2026-03-18,22:21:54.67,4,3,"Habermann, Andrew",832234,Right,SAN_BRO,"Rispoli, Robert",10111517,Right,UCO_HUS,Undefined,4,Top,2,2,0,Sinker,Changeup,StrikeCalled,Undefined,Undefined,Undefined,0,0,,86.07514,-1.856666,-3.876588,1902.737675,255.041039,2:30,6.14077,1.61149,5.241,-32.71758,6.00957,17.90914,1.6647,-0.54508,79.05595,-7.820075,-0.70457,0.447898,,,,,,,,,,,,-10.02997,3.87004,-1.26861,50,5.94532,7.66659,-124.67049,-5.26072,-15.81988,24.55716,-26.06996,SAN_BRO,UCO_HUS,StephenSchottBBS,D1,WCC,20260318-StephenSchottBBS-1,65f22780-233a-11f1-bc73-db1efe8e085b,84.15407,,,7.01919,,,,,,,4f91a5e0-4f32-4f63-8172-e61544f835a3,2026-03-19,02:21:54.67,2026-03-18T22:21:54.6741760-04:00,2026-03-19T02:21:54.6741760Z,,v3,471436,471275,10559,"Wheeler, Mace",1000367898,Right,SAN_BRO,6a72ba1e-7246-4b5c-b4c7-756b231a3510,55.26001,-125.70231,12.27858,6.14336,-4.16532,-13.03498,-1.6047,8.3313,-7.90994,,,,,,,,,,,,,,,,,,,,,,,,,,,,,,,,,,,,,,,,,,,,,,,,,,,High,High,High,,,,,,,,,,,,,,,,,,,,,,,,,,,,,,,,,,,,,,,
144,2026-03-18,22:22:09.12,4,4,"Habermann, Andrew",832234,Right,SAN_BRO,"Rispoli, Robert",10111517,Right,UCO_HUS,Undefined,4,Top,2,2,1,Sinker,Changeup,BallinDirt,Undefined,Undefined,Undefined,0,0,,85.73009,-2.93019,-4.647077,1930.7217,250.765014,2:15,6.12311,1.6222,5.34196,-31.72411,7.37807,17.4941,0.71918,-1.28893,78.66751,-8.718,-1.546744,0.450062,,,,,,,,,,,,-10.14788,4.8763,-1.21564,50,5.83508,9.33487,-123.94958,-7.50281,-15.78448,24.81358,-24.58924,SAN_BRO,UCO_HUS,StephenSchottBBS,D1,WCC,20260318-StephenSchottBBS-1,6e8d8600-233a-11f1-bc73-db1efe8e085b,83.7495,,,7.06258,,,,,,,4f91a5e0-4f32-4f63-8172-e61544f835a3,2026-03-19,02:22:09.12,2026-03-18T22:22:09.1243008-04:00,2026-03-19T02:22:09.1243008Z,,v3,471436,471275,10559,"Wheeler, Mace",1000367898,Right,SAN_BRO,84e5739f-42e2-48d7-8819-84f40482ce1a,55.15945,-124.97819,12.40679,6.12497,-6.4835,-12.29462,-1.61616,9.98919,-7.89224,,,,,,,,,,,,,,,,,,,,,,,,,,,,,,,,,,,,,,,,,,,,,,,,,,,High,High,High,,,,,,,,,,,,,,,,,,,,,,,,,,,,,,,,,,,,,,,
145,2026-03-18,22:22:25.47,4,5,"Habermann, Andrew",832234,Right,SAN_BRO,"Rispoli, Robert",10111517,Right,UCO_HUS,Undefined,4,Top,2,3,1,Sinker,Changeup,HitByPitch,Undefined,Undefined,Undefined,0,0,,87.18088,-1.251294,-0.883205,1923.205708,250.988209,2:15,6.25235,1.47012,5.34555,-30.69667,6.99433,16.69253,2.52022,2.03262,79.58596,-6.886245,2.08615,0.441866,,,,,,,,,,,,-8.7965,4.19465,-1.40346,50,6.11759,1.24433,-126.52643,-3.87521,-14.16669,27.38931,-25.41862,SAN_BRO,UCO_HUS,StephenSchottBBS,D1,WCC,20260318-StephenSchottBBS-1,784b6b80-233a-11f1-bc73-db1efe8e085b,85.30296,,,7.59492,,,,,,,4f91a5e0-4f32-4f63-8172-e61544f835a3,2026-03-19,02:22:25.47,2026-03-18T22:22:25.4748160-04:00,2026-03-19T02:22:25.4748160Z,,v3,471436,471275,10559,"Wheeler, Mace",1000367898,Right,SAN_BRO,ef9475c6-cd14-40c7-b613-46c45f39ed42,55.1564,-127.63776,13.69466,6.2539,-2.84384,-12.70931,-1.46561,1.81915,-7.08334,,,,,,,,,,,,,,,,,,,,,,,,,,,,,,,,,,,,,,,,,,,,,,,,,,,High,High,High,,,,,,,,,,,,,,,,,,,,,,,,,,,,,,,,,,,,,,,
146,2026-03-18,22:25:15.55,5,1,"Lazark, Jack",824229,Right,SAN_BRO,"Minick, Tyler",835230,Right,UCO_HUS,Undefined,4,Top,2,0,0,Cutter,Slider,FoulBallNotFieldable,Undefined,Undefined,Undefined,0,0,,84.23094,-1.669179,-0.944829,2177.250535,131.636006,10:30,5.87882,1.50311,5.65607,-32.43029,7.19607,-6.7337,1.61895,0.06073,77.61439,-7.625247,-2.149435,0.453068,71.37855,41.435323,137.264092,4118.860934,,,,,43.47345,,,3.18914,4.45933,-1.41865,50,5.71676,2.28686,-122.33385,-4.65947,4.84301,23.65878,-25.40209,SAN_BRO,UCO_HUS,StephenSchottBBS,D1,WCC,20260318-StephenSchottBBS-1,ddae77b0-233a-11f1-bc73-db1efe8e085b,83.19375,34.89763,,6.61655,,,,1.86617,1.78792,-0.21342,4f91a5e0-4f32-4f63-8172-e61544f835a3,2026-03-19,02:25:15.55,2026-03-18T22:25:15.5556352-04:00,2026-03-19T02:25:15.5556352Z,,v3,471436,471275,10559,"Wheeler, Mace",1000367898,Right,SAN_BRO,b4abd389-0a08-4ac0-9c76-6dcf5125ba8b,54.84454,-123.2672,11.82939,5.88081,-3.65734,-12.70104,-1.5051,2.0958,2.4215,,1.86617,-57.64659,0.03838,0.8593,-0.19671,-0.36116,0.85404,-0.84117,0.32166,1.78792,69.28006,-25.95185,2.9722,-0.59681,0.08254,0.03336,-0.04634,0.01747,-0.21342,53.26161,-11.90941,2.79898,-0.49299,-0.3311,0.85717,-0.84444,0.32101,,,,,,,,,,,,,,,,,,,,,,,High,High,High,High,Undefined,,,,,,,,,,,,,,,,,,,,,,,,,,,,,,,,,,,,,
147,2026-03-18,22:26:02.44,5,2,"Lazark, Jack",824229,Right,SAN_BRO,"Minick, Tyler",835230,Right,UCO_HUS,Undefined,4,Top,2,0,1,Cutter,Slider,BallCalled,Undefined,Undefined,Undefined,0,0,,84.81261,-1.481272,-2.511814,2346.23714,133.883333,10:30,5.82954,1.52236,5.72489,-30.69777,8.41882,-7.49536,1.89009,-1.44328,77.98246,-7.135205,-3.851394,0.450145,,,,,,,,,,,,3.12004,5.07288,-1.30791,50,5.68688,5.7039,-123.0545,-4.21062,4.78654,24.29711,-24.39157,SAN_BRO,UCO_HUS,StephenSchottBBS,D1,WCC,20260318-StephenSchottBBS-1,f99bf920-233a-11f1-bc73-db1efe8e085b,83.73406,,,6.83015,,,,,,,4f91a5e0-4f32-4f63-8172-e61544f835a3,2026-03-19,02:26:02.44,2026-03-18T22:26:02.4408064-04:00,2026-03-19T02:26:02.4408064Z,,v3,471436,471275,10559,"Wheeler, Mace",1000367898,Right,SAN_BRO,af273bc9-0f94-4435-a823-f3133151299e,54.77416,-123.99358,12.14856,5.8314,-3.2679,-12.19579,-1.52478,5.5189,2.39327,,,,,,,,,,,,,,,,,,,,,,,,,,,,,,,,,,,,,,,,,,,,,,,,,,,High,High,High,,,,,,,,,,,,,,,,,,,,,,,,,,,,,,,,,,,,,,,
148,2026-03-18,22:26:25.74,5,3,"Lazark, Jack",824229,Right,SAN_BRO,"Minick, Tyler",835230,Right,UCO_HUS,Undefined,4,Top,2,1,1,Cutter,Slider,InPlay,Undefined,FlyBall,Out,1,0,,84.73682,-1.647209,-1.446422,2390.246584,133.281675,10:30,5.85282,1.54298,5.78981,-32.37943,6.55804,-5.71512,1.62126,-0.27914,78.14865,-7.602888,-2.470998,0.449113,83.6673,29.763457,9.744736,3939.447182,107.01668,52.49689,25.44261,299.07166,293.96482,19.091057,4.372717,2.55221,4.12921,-1.42029,50,5.6975,3.33302,-123.08595,-4.6186,3.9261,23.8047,-25.82204,SAN_BRO,UCO_HUS,StephenSchottBBS,D1,WCC,20260318-StephenSchottBBS-1,07822b90-233b-11f1-bc73-db1efe8e085b,83.92647,62.54358,,6.58818,,,,2.00441,1.78432,0.25514,4f91a5e0-4f32-4f63-8172-e61544f835a3,2026-03-19,02:26:25.74,2026-03-18T22:26:25.7437184-04:00,2026-03-19T02:26:25.7437184Z,FlyBall,v3,471436,471275,10559,"Wheeler, Mace",1000367898,Right,SAN_BRO,1990a437-8abc-4f34-a8ec-63444cbd44c6,54.71113,-123.99373,11.90235,5.85486,-3.63389,-12.91102,-1.54453,3.1833,1.96305,212.218808,2.00522,104.96939,-19.20921,4.16067,-0.71812,0.10542,-0.01879,0.00323,-0.00024,1.78475,60.90174,-16.41378,0.51782,0.16391,-0.14214,0.05094,-0.00831,0.00051,0.25465,18.04168,3.42358,-1.18398,0.21978,-0.01934,0.00058,-0.00012,2E-05,,,,,,,,,,,,,,,,,,,,,,,High,High,High,High,High,,,,,,,,,,,,,,,,,,,,,,,,,,,,,,,,,,,,,
149,2026-03-18,22:28:32.55,1,1,"Aasland, Tristan",837524,Right,UCO_HUS,"Rayment, Andrew",827439,Left,SAN_BRO,Undefined,4,Bottom,0,0,0,Fastball,Four-Seam,BallCalled,Undefined,Undefined,Undefined,0,0,,88.13663,-1.176671,-0.924841,2091.285591,213.675112,1:00,5.9522,1.19099,6.16855,-15.83867,20.25497,12.62264,3.54517,1.38856,79.37206,-4.255651,1.352363,0.432401,,,,,,,,,,,,-6.77465,11.20119,-1.12694,50,5.85483,1.53819,-127.86997,-3.01432,-11.0406,30.22822,-13.91957,SAN_BRO,UCO_HUS,StephenSchottBBS,D1,WCC,20260318-StephenSchottBBS-1,5317fe40-233b-11f1-bc73-db1efe8e085b,87.17008,,,8.76458,,,,,,,4f91a5e0-4f32-4f63-8172-e61544f835a3,2026-03-19,02:28:32.55,2026-03-18T22:28:32.5587456-04:00,2026-03-19T02:28:32.5587456Z,,v3,471436,471275,10559,"Cancel, Chris",837525,Right,UCO_HUS,777cabaa-a388-4f1e-aaf3-411b5bf52a4a,54.32748,-128.88891,15.11411,5.94853,-2.54511,-6.95979,-1.18506,1.91035,-5.5203,,,,,,,,,,,,,,,,,,,,,,,,,,,,,,,,,,,,,,,,,,,,,,,,,,,High,High,High,,,,,,,,,,,,,,,,,,,,,,,,,,,,,,,,,,,,,,,
150,2026-03-18,22:28:47.73,1,2,"Aasland, Tristan",837524,Right,UCO_HUS,"Rayment, Andrew",827439,Left,SAN_BRO,Undefined,4,Bottom,0,1,0,Fastball,Four-Seam,StrikeSwinging,Undefined,Undefined,Undefined,0,0,,87.5137,-1.596494,-1.478603,2219.467972,210.955163,1:00,5.93019,1.08897,6.20326,-17.03954,19.3982,10.8643,3.03569,0.62919,79.15895,-4.884137,0.482436,0.434457,,,,,,,,,,,,-6.04398,10.8919,-0.98293,50,5.80144,2.83238,-126.97504,-3.97346,-9.75524,28.75518,-14.594,SAN_BRO,UCO_HUS,StephenSchottBBS,D1,WCC,20260318-StephenSchottBBS-1,5c249520-233b-11f1-bc73-db1efe8e085b,86.75754,,,8.35475,,,,,,,4f91a5e0-4f32-4f63-8172-e61544f835a3,2026-03-19,02:28:47.73,2026-03-18T22:28:47.7346816-04:00,2026-03-19T02:28:47.7346816Z,,v3,471436,471275,10559,"Cancel, Chris",837525,Right,UCO_HUS,85f3dec6-dd9d-4ed3-9305-a24b976609ed,54.29324,-127.9436,14.37759,5.927,-3.48188,-7.297,-1.08386,3.16096,-4.87762,,,,,,,,,,,,,,,,,,,,,,,,,,,,,,,,,,,,,,,,,,,,,,,,,,,High,High,High,,,,,,,,,,,,,,,,,,,,,,,,,,,,,,,,,,,,,,,
151,2026-03-18,22:29:04.46,1,3,"Aasland, Tristan",837524,Right,UCO_HUS,"Rayment, Andrew",827439,Left,SAN_BRO,Undefined,4,Bottom,0,1,1,Fastball,Four-Seam,FoulBallNotFieldable,Undefined,Undefined,Undefined,0,0,,88.55,-0.91925,-1.339468,2102.53555,210.192747,1:00,5.91714,1.20257,6.22994,-16.7141,18.75273,10.2006,3.6759,0.81661,80.1842,-4.145165,0.502633,0.42863,76.07757,9.129719,-173.689176,882.651883,-108.2779,7.15486,-19.38762,145.25893,43.16159,-168.921161,1.587225,-5.5667,10.27835,-1.10658,50,5.83961,2.56236,-128.49725,-2.47932,-9.2307,28.67377,-15.13054,SAN_BRO,UCO_HUS,StephenSchottBBS,D1,WCC,20260318-StephenSchottBBS-1,661a2c70-233b-11f1-bc73-db1efe8e085b,87.93704,9.75261,,8.3658,,,,0.34089,3.70735,-0.89805,4f91a5e0-4f32-4f63-8172-e61544f835a3,2026-03-19,02:29:04.46,2026-03-18T22:29:04.4630528-04:00,2026-03-19T02:29:04.4630528Z,GroundBall,v3,471436,471275,10559,"Cancel, Chris",837525,Right,UCO_HUS,93d4f40c-a704-45ca-954c-9a111289b09a,54.2634,-129.44512,14.33688,5.9133,-1.97915,-7.56527,-1.19633,2.8675,-4.61535,230.094496,-0.00794,-106.42458,10.5867,,,,,,,3.77245,17.17311,-12.3435,,,,,,,-0.75658,-13.37952,-2.39564,,,,,,,,,,,,,,,,,,,,,,,,,,,,,High,High,High,Medium,Low,,,,,,,,,,,,,,,,,,,,,,,,,,,,,,,,,,,,,
152,2026-03-18,22:29:23.20,1,4,"Aasland, Tristan",837524,Right,UCO_HUS,"Rayment, Andrew",827439,Left,SAN_BRO,Undefined,4,Bottom,0,1,2,Splitter,Changeup,BallinDirt,Undefined,Undefined,Undefined,0,0,,79.74777,-2.40424,-2.318729,1255.989853,281.960127,3:30,5.67219,1.28247,6.04293,-45.33558,-1.28315,12.9652,-0.3349,0.21491,73.29131,-10.711045,0.022588,0.477701,,,,,,,,,,,,-7.48304,0.3939,-1.10898,50,5.4598,4.22518,-115.71005,-6.26183,-10.05303,23.42172,-31.6449,SAN_BRO,UCO_HUS,StephenSchottBBS,D1,WCC,20260318-StephenSchottBBS-1,7148e000-233b-11f1-bc73-db1efe8e085b,78.90382,,,6.45646,,,,,,,4f91a5e0-4f32-4f63-8172-e61544f835a3,2026-03-19,02:29:23.20,2026-03-18T22:29:23.2014848-04:00,2026-03-19T02:29:23.2014848Z,,v3,471436,471275,10559,"Cancel, Chris",837525,Right,UCO_HUS,4972b028-3b28-4dec-aefa-ff477c2859f5,54.45929,-116.60919,11.71086,5.67687,-5.047,-15.82245,-1.27859,4.61111,-5.02652,,,,,,,,,,,,,,,,,,,,,,,,,,,,,,,,,,,,,,,,,,,,,,,,,,,High,High,High,,,,,,,,,,,,,,,,,,,,,,,,,,,,,,,,,,,,,,,
153,2026-03-18,22:29:42.53,1,5,"Aasland, Tristan",837524,Right,UCO_HUS,"Rayment, Andrew",827439,Left,SAN_BRO,Undefined,4,Bottom,0,2,2,Fastball,Four-Seam,FoulBallNotFieldable,Undefined,Undefined,Undefined,0,0,,89.15205,-1.314256,-1.678518,2210.978653,218.475663,1:15,5.97425,1.19987,5.97367,-16.27808,19.1782,14.23977,3.39861,0.82998,80.49336,-4.451086,0.880494,0.428566,73.44839,38.221924,-160.145886,2759.218128,-103.43848,44.40981,-37.4214,216.1819,62.35749,-157.519441,2.96992,-7.83119,10.62142,-1.07487,50,5.86125,3.18698,-129.31975,-3.41056,-13.09143,30.19843,-14.4182,SAN_BRO,UCO_HUS,StephenSchottBBS,D1,WCC,20260318-StephenSchottBBS-1,7cce1800-233b-11f1-bc73-db1efe8e085b,87.95011,44.4738,,8.65869,,,,1.00997,3.11937,-0.69657,4f91a5e0-4f32-4f63-8172-e61544f835a3,2026-03-19,02:29:42.53,2026-03-18T22:29:42.5343488-04:00,2026-03-19T02:29:42.5343488Z,FlyBall,v3,471436,471275,10559,"Cancel, Chris",837525,Right,UCO_HUS,0a494b7d-dd90-413d-b722-6e962795a8d0,54.52415,-130.37194,15.09921,5.97134,-2.9082,-7.2091,-1.19386,3.64312,-6.54571,8.795919,1.01039,-79.619,4.04944,0.266,0.15815,-0.39213,0.21041,-0.04792,0.00406,3.11947,66.6467,-31.9925,5.00772,-0.98355,0.19655,-0.05383,0.0127,-0.0013,-0.69681,-28.73223,5.09268,-2.97303,0.58817,0.04123,-0.05797,0.01332,-0.00104,,,,,,,,,,,,,,,,,,,,,,,High,High,High,High,Low,,,,,,,,,,,,,,,,,,,,,,,,,,,,,,,,,,,,,
154,2026-03-18,22:30:02.03,1,6,"Aasland, Tristan",837524,Right,UCO_HUS,"Rayment, Andrew",827439,Left,SAN_BRO,Undefined,4,Bottom,0,2,2,Fastball,Four-Seam,StrikeCalled,Strikeout,Undefined,Undefined,0,0,,89.37037,-2.833311,-2.696334,2223.614135,216.407576,1:15,5.90929,1.06974,6.38848,-15.27052,19.7017,13.56505,2.02557,-0.28184,80.44092,-5.809123,-0.241471,0.425631,,,,,,,,,,,,-7.92197,11.55918,-0.88147,50,5.69794,5.54506,-129.45929,-6.77436,-13.21428,31.34071,-12.89275,SAN_BRO,UCO_HUS,StephenSchottBBS,D1,WCC,20260318-StephenSchottBBS-1,886d67b0-233b-11f1-bc73-db1efe8e085b,88.55666,,,8.92945,,,,,,,4f91a5e0-4f32-4f63-8172-e61544f835a3,2026-03-19,02:30:02.03,2026-03-18T22:30:02.0330000-04:00,2026-03-19T02:30:02.0330000Z,,v3,471436,471275,10559,"Cancel, Chris",837525,Right,UCO_HUS,f19b84ff-533b-40be-8e3c-9eff311e5047,54.1084,-130.45009,15.67035,5.90566,-6.36676,-6.44637,-1.06337,5.96282,-6.60714,,,,,,,,,,,,,,,,,,,,,,,,,,,,,51.5212,2.425926,0.94121,1.484717,0.12094,1.89272,0.28661,-2.71189,3.24223,1.87863,72.63664,10.00743,-52.1522,-2.63506,55.1216,-2.97653,3.40233,27.60431,-15.58513,1.7656,-41.07459,3.20047,High,High,High,,,Medium,High,High,,,,,,,,,,,,,,,,,,,,,,,,,,,,,,,,,,
155,2026-03-18,22:30:30.71,2,1,"Aasland, Tristan",837524,Right,UCO_HUS,"Wheeler, Mace",1000367898,Left,SAN_BRO,Undefined,4,Bottom,1,0,0,Fastball,Four-Seam,BallCalled,Undefined,Undefined,Undefined,0,0,,89.46387,-3.339135,-1.140895,2171.599934,210.428764,1:00,5.95199,1.16035,6.1977,-13.48867,21.5258,11.89599,1.74128,1.09832,80.84159,-5.971528,1.006456,0.425888,,,,,,,,,,,,-6.50489,12.5641,-1.08025,50,5.69357,2.08996,-129.65054,-7.87654,-10.92136,30.54904,-11.07955,SAN_BRO,UCO_HUS,StephenSchottBBS,D1,WCC,20260318-StephenSchottBBS-1,99855210-233b-11f1-bc73-db1efe8e085b,88.50324,,,8.62228,,,,,,,4f91a5e0-4f32-4f63-8172-e61544f835a3,2026-03-19,02:30:30.71,2026-03-18T22:30:30.7104256-04:00,2026-03-19T02:30:30.7104256Z,,v3,471436,471275,10559,"Cancel, Chris",837525,Right,UCO_HUS,3b1d62ec-8d7b-45ec-830f-c44fadc97c7d,54.29973,-130.65974,15.27452,5.94773,-7.51052,-5.53978,-1.15525,2.45076,-5.46068,,,,,,,,,,,,,,,,,,,,,,,,,,,,,,,,,,,,,,,,,,,,,,,,,,,High,High,High,,,,,,,,,,,,,,,,,,,,,,,,,,,,,,,,,,,,,,,
156,2026-03-18,22:30:48.61,2,2,"Aasland, Tristan",837524,Right,UCO_HUS,"Wheeler, Mace",1000367898,Left,SAN_BRO,Undefined,4,Bottom,1,1,0,Fastball,Four-Seam,InPlay,Undefined,LineDrive,Single,0,0,,89.05471,-2.282201,-2.015532,2188.542325,219.032319,1:15,5.9232,1.09126,6.16801,-18.76607,16.64442,12.44383,2.24892,0.26578,80.33176,-5.872874,0.229122,0.428289,103.02046,13.650637,17.454363,1166.610136,104.80197,21.29158,33.41479,276.75301,276.75301,18.323044,2.542119,-7.11831,9.73441,-0.94487,50,5.74067,4.03787,-129.1077,-5.67603,-11.82136,30.92035,-16.00814,SAN_BRO,UCO_HUS,StephenSchottBBS,D1,WCC,20260318-StephenSchottBBS-1,a42f6c50-233b-11f1-bc73-db1efe8e085b,88.00693,23.20593,,8.72296,,,,1.48335,2.25792,-0.28562,4f91a5e0-4f32-4f63-8172-e61544f835a3,2026-03-19,02:30:48.61,2026-03-18T22:30:48.6126080-04:00,2026-03-19T02:30:48.6126080Z,LineDrive,v3,471436,471275,10559,"Cancel, Chris",837525,Right,UCO_HUS,af192f5e-ede8-4378-aeea-3e6b12e5e5a3,54.33035,-130.14065,15.46018,5.92135,-5.14124,-8.00407,-1.08636,4.43279,-5.91068,203.504195,1.48337,140.06646,-23.2132,5.21942,-1.01101,0.07745,0.04392,-0.01742,0.00203,2.25791,35.66007,-15.98443,0.77727,-0.17159,0.14305,-0.07854,0.02142,-0.00224,-0.28563,44.04152,-4.67066,0.34516,-0.0534,0.08942,-0.05734,0.01602,-0.00168,,,,,,,,,,,,,,,,,,,,,,,High,High,High,High,High,,,,,,,,,,,,,,,,,,,,,,,,,,,,,,,,,,,,,
157,2026-03-18,22:34:21.77,3,1,"Shaw, Greg",837542,Right,UCO_HUS,"Ferroggiaro, Thomas",813763,Left,SAN_BRO,Undefined,4,Bottom,1,0,0,Sinker,Sinker,StrikeCalled,Undefined,Undefined,Undefined,0,0,,88.74829,0.670137,-3.450141,1980.506763,247.580274,2:15,4.38572,2.16256,5.5,-27.07206,9.38945,19.65076,2.75769,0.56918,80.08212,-4.368166,0.044013,0.434599,,,,,,,,,,,,-10.90552,4.90296,-1.87411,50,4.42645,6.85719,-128.51056,0.5458,-18.04227,29.2916,-24.06248,SAN_BRO,UCO_HUS,StephenSchottBBS,D1,WCC,20260318-StephenSchottBBS-1,233baf40-233c-11f1-bc73-db1efe8e085b,86.72926,,,8.66617,,,,,,,4f91a5e0-4f32-4f63-8172-e61544f835a3,2026-03-19,02:34:21.77,2026-03-18T22:34:21.7706496-04:00,2026-03-19T02:34:21.7706496Z,,v3,471436,471275,10559,"Cancel, Chris",837525,Right,UCO_HUS,3cdcf7d2-b792-4cba-a63d-700c9102640d,54.99801,-129.64475,14.6458,4.38728,1.47752,-12.03124,-2.15315,7.55581,-9.02114,,,,,,,,,,,,,,,,,,,,,,,,,,,,,,,,,,,,,,,,,,,,,,,,,,,High,High,High,,,,,,,,,,,,,,,,,,,,,,,,,,,,,,,,,,,,,,,
158,2026-03-18,22:34:36.51,3,2,"Shaw, Greg",837542,Right,UCO_HUS,"Ferroggiaro, Thomas",813763,Left,SAN_BRO,Undefined,4,Bottom,1,0,1,Splitter,Splitter,FoulBallNotFieldable,Undefined,Undefined,Undefined,0,0,,78.17604,2.665937,-3.372793,809.698134,312.11173,4:30,4.24994,2.12952,5.3129,-53.1542,-6.15945,8.47418,2.32883,-0.33366,71.4064,-6.995851,-1.871802,0.493397,,,,,,,,,,,,-5.26764,-3.55843,-1.83001,50,4.45285,6.34648,-113.2371,3.45983,-6.81991,21.23425,-36.78108,SAN_BRO,UCO_HUS,StephenSchottBBS,D1,WCC,20260318-StephenSchottBBS-1,2c0a2bb0-233c-11f1-bc73-db1efe8e085b,76.3938,,,6.76964,,,,,,,4f91a5e0-4f32-4f63-8172-e61544f835a3,2026-03-19,02:34:36.51,2026-03-18T22:34:36.5128192-04:00,2026-03-19T02:34:36.5128192Z,,v3,471436,471275,10559,"Cancel, Chris",837525,Right,UCO_HUS,baf1dd17-8333-44bd-92b0-a8698dc0e7a7,55.19004,-114.20619,10.61713,4.25664,5.13845,-18.39054,-2.12676,6.65772,-3.40996,,,,,,,,,,,,,,,,,,,,,,,,,,,,,,,,,,,,,,,,,,,,,,,,,,,High,High,High,,,,,,,,,,,,,,,,,,,,,,,,,,,,,,,,,,,,,,,
159,2026-03-18,22:34:59.65,3,3,"Shaw, Greg",837542,Right,UCO_HUS,"Ferroggiaro, Thomas",813763,Left,SAN_BRO,Undefined,4,Bottom,1,0,2,Sinker,Sinker,BallCalled,Undefined,Undefined,Undefined,0,0,,89.98333,1.790677,-2.916882,2085.035248,262.132055,2:45,4.40935,2.00756,5.33865,-31.61821,4.30933,21.54548,3.45715,1.06418,80.59349,-4.053358,0.904824,0.431405,,,,,,,,,,,,-11.63233,1.98331,-1.75985,50,4.54893,5.60841,-130.18245,2.86158,-19.60732,31.86284,-28.83099,SAN_BRO,UCO_HUS,StephenSchottBBS,D1,WCC,20260318-StephenSchottBBS-1,39ce5730-233c-11f1-bc73-db1efe8e085b,87.37134,,,9.38984,,,,,,,4f91a5e0-4f32-4f63-8172-e61544f835a3,2026-03-19,02:34:59.65,2026-03-18T22:34:59.6521984-04:00,2026-03-19T02:34:59.6521984Z,,v3,471436,471275,10559,"Cancel, Chris",837525,Right,UCO_HUS,510e840a-b80b-4d73-80d2-5e0b7613078e,55.15839,-131.43893,15.93142,4.41366,3.9985,-14.4155,-1.99626,6.3816,-9.80366,,,,,,,,,,,,,,,,,,,,,,,,,,,,,,,,,,,,,,,,,,,,,,,,,,,High,High,High,,,,,,,,,,,,,,,,,,,,,,,,,,,,,,,,,,,,,,,
160,2026-03-18,22:35:17.45,3,4,"Shaw, Greg",837542,Right,UCO_HUS,"Ferroggiaro, Thomas",813763,Left,SAN_BRO,Undefined,4,Bottom,1,1,2,Sinker,Sinker,FoulBallNotFieldable,Undefined,Undefined,Undefined,0,0,,90.9542,1.199258,-4.835497,2001.385925,259.825919,2:45,4.32863,2.12318,5.39013,-29.65297,5.43201,23.12643,2.98574,-0.49249,81.66635,-4.282355,-0.741808,0.426316,61.84062,46.719337,-111.989938,3860.030924,,,,,16.22578,,,-13.14379,2.70264,-1.70731,50,4.41548,10.04372,-131.42989,1.63695,-22.66522,31.53302,-27.51363,SAN_BRO,UCO_HUS,StephenSchottBBS,D1,WCC,20260318-StephenSchottBBS-1,446ead70-233c-11f1-bc73-db1efe8e085b,88.41426,19.05708,,9.28785,,,,1.25189,2.78006,0.51289,4f91a5e0-4f32-4f63-8172-e61544f835a3,2026-03-19,02:35:17.45,2026-03-18T22:35:17.4577664-04:00,2026-03-19T02:35:17.4577664Z,,v3,471436,471275,10559,"Cancel, Chris",837525,Right,UCO_HUS,9afe0ff5-3029-4627-bfe3-a4fe90be0ee3,55.10938,-132.65008,15.76651,4.33153,2.7016,-13.75681,-2.11292,10.92076,-11.33261,,1.2505,-23.21565,9.06824,,,,,,,2.78024,66.02145,-22.22041,,,,,,,0.51536,-57.77845,-6.31414,,,,,,,,,,,,,,,,,,,,,,,,,,,,,High,High,High,Low,Undefined,,,,,,,,,,,,,,,,,,,,,,,,,,,,,,,,,,,,,
161,2026-03-18,22:35:38.80,3,5,"Shaw, Greg",837542,Right,UCO_HUS,"Ferroggiaro, Thomas",813763,Left,SAN_BRO,Undefined,4,Bottom,1,1,2,Sinker,Sinker,BallCalled,Undefined,Undefined,Undefined,0,0,,91.87575,-1.083626,-4.65939,2193.716982,261.974842,2:45,4.39251,1.94437,5.55022,-29.4782,4.3454,22.78092,0.91991,-0.52085,83.62127,-6.510163,-0.608398,0.418583,,,,,,,,,,,,-12.98993,2.80669,-1.55639,50,4.2788,9.82871,-133.00604,-3.63185,-23.1593,29.79005,-27.17009,SAN_BRO,UCO_HUS,StephenSchottBBS,D1,WCC,20260318-StephenSchottBBS-1,51247630-233c-11f1-bc73-db1efe8e085b,90.04777,,,8.25448,,,,,,,4f91a5e0-4f32-4f63-8172-e61544f835a3,2026-03-19,02:35:38.80,2026-03-18T22:35:38.8050432-04:00,2026-03-19T02:35:38.8050432Z,,v3,471436,471275,10559,"Cancel, Chris",837525,Right,UCO_HUS,7de6353d-9bc4-4589-8d77-eaf985c2a891,54.95205,-134.11059,14.89503,4.39479,-2.62445,-13.58504,-1.93674,10.68741,-11.57965,,,,,,,,,,,,,,,,,,,,,,,,,,,,,,,,,,,,,,,,,,,,,,,,,,,High,High,High,,,,,,,,,,,,,,,,,,,,,,,,,,,,,,,,,,,,,,,
162,2026-03-18,22:35:56.94,3,6,"Shaw, Greg",837542,Right,UCO_HUS,"Ferroggiaro, Thomas",813763,Left,SAN_BRO,Undefined,4,Bottom,1,2,2,Sinker,Sinker,FoulBallNotFieldable,Undefined,Undefined,Undefined,0,0,,89.92784,0.263964,-4.445879,2061.812626,241.593092,2:00,4.2927,2.01457,5.27226,-23.61883,12.16575,20.20206,2.57316,-0.48638,81.29006,-4.130735,-0.875388,0.430546,64.49832,38.314224,-150.745359,3595.894712,-98.62819,35.7957,-48.70807,182.98609,57.49224,-155.024642,2.750066,-11.49603,6.35622,-1.62336,50,4.2999,9.19334,-130.09424,-0.24983,-19.54763,29.28465,-21.366,SAN_BRO,UCO_HUS,StephenSchottBBS,D1,WCC,20260318-StephenSchottBBS-1,5bf9e630-233c-11f1-bc73-db1efe8e085b,87.54571,37.85492,,8.63778,,,,1.74668,2.55341,0.57066,4f91a5e0-4f32-4f63-8172-e61544f835a3,2026-03-19,02:35:56.94,2026-03-18T22:35:56.9412608-04:00,2026-03-19T02:35:56.9412608Z,Popup,v3,471436,471275,10559,"Cancel, Chris",837525,Right,UCO_HUS,aea446e1-a767-44e3-aa12-396590fdd8aa,55.22788,-131.26578,14.64233,4.2928,0.60492,-10.683,-2.00679,9.97534,-9.77382,18.084316,1.74668,-64.75631,2.39708,-0.53224,0.07767,0.00292,-0.00892,0.00274,-0.00028,2.55339,58.64907,-28.08874,3.87895,-0.933,0.25388,-0.07225,0.0138,-0.00117,0.57058,-36.26652,5.00837,-0.95269,-0.17799,0.33749,-0.18252,0.04552,-0.00436,,,,,,,,,,,,,,,,,,,,,,,High,High,High,High,Low,,,,,,,,,,,,,,,,,,,,,,,,,,,,,,,,,,,,,
163,2026-03-18,22:36:17.94,3,7,"Shaw, Greg",837542,Right,UCO_HUS,"Ferroggiaro, Thomas",813763,Left,SAN_BRO,Undefined,4,Bottom,1,2,2,Slider,Curveball,StrikeSwinging,Strikeout,Undefined,Undefined,0,0,,79.18816,2.435742,-3.22667,858.876548,28.941175,7:00,4.31369,2.069,5.31616,-67.76764,-20.6904,-12.45824,0.95745,-2.00076,71.01895,-9.839223,-5.435649,0.493829,,,,,,,,,,,,5.18626,-11.29083,-1.76645,50,4.4842,6.93485,-114.49044,2.50652,6.64693,27.91039,-46.64479,SAN_BRO,UCO_HUS,StephenSchottBBS,D1,WCC,20260318-StephenSchottBBS-1,6882d290-233c-11f1-bc73-db1efe8e085b,76.32687,,,8.16921,,,,,,,4f91a5e0-4f32-4f63-8172-e61544f835a3,2026-03-19,02:36:17.94,2026-03-18T22:36:17.9499008-04:00,2026-03-19T02:36:17.9499008Z,,v3,471436,471275,10559,"Cancel, Chris",837525,Right,UCO_HUS,84b3c6fc-8d0b-47d9-90c9-9d2dcae7c8f3,55.18794,-115.74824,13.9552,4.32387,4.6086,-23.3224,-2.07222,6.6353,3.32346,,,,,,,,,,,,,,,,,,,,,,,,,,,,,,,,,,,,,,,,,,,,,,,,,,,High,High,High,,,,,,,,,,,,,,,,,,,,,,,,,,,,,,,,,,,,,,,
164,2026-03-18,22:37:03.44,4,1,"Shaw, Greg",837542,Right,UCO_HUS,"Ross, Max",832229,Left,SAN_BRO,Undefined,4,Bottom,2,0,0,Slider,Slider,StrikeSwinging,Undefined,Undefined,Undefined,0,0,,79.02702,2.791214,-1.973945,805.834162,39.426913,7:15,4.29135,2.19342,5.30614,-57.40558,-10.87304,-10.28808,2.13134,-0.51763,71.47698,-7.649756,-3.798423,0.490964,,,,,,,,,,,,4.48465,-5.83803,-2.00643,50,4.50341,4.3651,-114.41784,3.52962,5.84521,24.41887,-39.78323,SAN_BRO,UCO_HUS,StephenSchottBBS,D1,WCC,20260318-StephenSchottBBS-1,83a14430-233c-11f1-bc73-db1efe8e085b,76.77228,,,7.55003,,,,,,,4f91a5e0-4f32-4f63-8172-e61544f835a3,2026-03-19,02:37:03.44,2026-03-18T22:37:03.4415104-04:00,2026-03-19T02:37:03.4415104Z,,v3,471436,471275,10559,"Cancel, Chris",837525,Right,UCO_HUS,0901c19e-a810-4acd-b2a3-264fc9c06312,55.1945,-115.52113,12.20944,4.30333,5.32708,-19.89161,-2.19769,4.101,2.92261,,,,,,,,,,,,,,,,,,,,,,,,,,,,,,,,,,,,,,,,,,,,,,,,,,,High,High,High,,,,,,,,,,,,,,,,,,,,,,,,,,,,,,,,,,,,,,,
165,2026-03-18,22:37:19.24,4,2,"Shaw, Greg",837542,Right,UCO_HUS,"Ross, Max",832229,Left,SAN_BRO,Undefined,4,Bottom,2,0,1,Slider,Curveball,InPlay,Undefined,GroundBall,Single,0,0,,78.30617,2.96415,-0.909635,920.894853,31.497033,7:00,4.25489,2.2307,5.44624,-61.29956,-14.06265,-9.6663,1.92467,0.57343,70.65728,-8.210718,-2.631185,0.494666,90.98674,4.867421,-16.305221,2810.927119,,,,107.63097,107.07662,-19.793637,0.900068,4.55933,-7.60154,-2.1434,50,4.47453,2.1845,-113.43268,3.73863,5.81973,24.68003,-41.877,SAN_BRO,UCO_HUS,StephenSchottBBS,D1,WCC,20260318-StephenSchottBBS-1,8d109480-233c-11f1-bc73-db1efe8e085b,76.19772,3.81604,,7.64889,,,,0.74479,1.70438,-0.46613,4f91a5e0-4f32-4f63-8172-e61544f835a3,2026-03-19,02:37:19.24,2026-03-18T22:37:19.2402432-04:00,2026-03-19T02:37:19.2402432Z,GroundBall,v3,471436,471275,10559,"Cancel, Chris",837525,Right,UCO_HUS,08818a50-32c8-4632-bcfb-c8bb5a7b683a,55.0555,-114.52735,12.34001,4.26752,5.59605,-20.9385,-2.23457,1.92637,2.90987,102.747997,0.83771,126.2085,-16.35118,,,,,,,1.73371,10.88258,-14.26475,,,,,,,-0.42722,-37.92932,-2.36451,,,,,,,,,,,,,,,,,,,,,,,,,,,,,High,High,High,High,High,,,,,,,,,,,,,,,,,,,,,,,,,,,,,,,,,,,,,
166,2026-03-18,22:38:04.52,5,1,"Shaw, Greg",837542,Right,UCO_HUS,"DeVine, Luke",825765,Right,SAN_BRO,Undefined,4,Bottom,2,0,0,Sinker,Sinker,BallCalled,Undefined,Undefined,Undefined,0,0,,90.43892,0.883241,-6.369235,1997.730379,252.141707,2:30,4.34347,1.82624,5.579,-26.85356,8.08748,21.53674,2.93577,-2.35224,82.15402,-4.084803,-2.560783,0.425441,,,,,,,,,,,,-12.60552,4.18425,-1.29045,50,4.40245,13.60035,-130.56715,1.05592,-21.76232,27.46828,-24.95031,SAN_BRO,UCO_HUS,StephenSchottBBS,D1,WCC,20260318-StephenSchottBBS-1,a806bda0-233c-11f1-bc73-db1efe8e085b,88.59614,,,8.2849,,,,,,,4f91a5e0-4f32-4f63-8172-e61544f835a3,2026-03-19,02:38:04.52,2026-03-18T22:38:04.5288448-04:00,2026-03-19T02:38:04.5288448Z,,v3,471436,471275,10559,"Cancel, Chris",837525,Right,UCO_HUS,700ecd7f-9e79-48ba-a66e-0752e976de24,54.92132,-131.59841,13.73414,4.34522,1.99264,-12.47515,-1.81639,14.41738,-10.88116,,,,,,,,,,,,,,,,,,,,,,,,,,,,,,,,,,,,,,,,,,,,,,,,,,,High,High,High,,,,,,,,,,,,,,,,,,,,,,,,,,,,,,,,,,,,,,,
167,2026-03-18,22:38:28.68,5,2,"Shaw, Greg",837542,Right,UCO_HUS,"DeVine, Luke",825765,Right,SAN_BRO,Undefined,4,Bottom,2,1,0,Sinker,Sinker,StrikeCalled,Undefined,Undefined,Undefined,0,0,,89.91741,0.580458,-5.318788,2147.648498,247.809697,2:15,4.33243,1.94534,5.24993,-25.65289,10.15316,21.91033,2.74253,-1.24126,81.43178,-4.16433,-1.45562,0.430675,,,,,,,,,,,,-12.40686,5.25717,-1.47265,50,4.36722,11.06524,-129.92961,0.37145,-21.12612,28.21483,-23.22227,SAN_BRO,UCO_HUS,StephenSchottBBS,D1,WCC,20260318-StephenSchottBBS-1,b66ca760-233c-11f1-bc73-db1efe8e085b,87.51946,,,8.48563,,,,,,,4f91a5e0-4f32-4f63-8172-e61544f835a3,2026-03-19,02:38:28.68,2026-03-18T22:38:28.6876672-04:00,2026-03-19T02:38:28.6876672Z,,v3,471436,471275,10559,"Cancel, Chris",837525,Right,UCO_HUS,09a9f307-dbf8-41c5-b4a2-309da1e154ac,55.24925,-131.06456,14.10742,4.33349,1.30557,-11.61114,-1.93484,11.91504,-10.56306,,,,,,,,,,,,,,,,,,,,,,,,,,,,,,,,,,,,,,,,,,,,,,,,,,,High,High,High,,,,,,,,,,,,,,,,,,,,,,,,,,,,,,,,,,,,,,,
168,2026-03-18,22:38:49.78,5,3,"Shaw, Greg",837542,Right,UCO_HUS,"DeVine, Luke",825765,Right,SAN_BRO,Undefined,4,Bottom,2,1,1,Sinker,Sinker,StrikeCalled,Undefined,Undefined,Undefined,0,0,,90.72181,0.134596,-4.910614,2154.859878,252.685371,2:30,4.24866,1.97615,5.4925,-26.53025,8.26386,22.73934,2.16419,-0.73389,82.29306,-4.780126,-0.877341,0.424546,,,,,,,,,,,,-12.84146,4.47303,-1.56106,50,4.24271,10.23472,-131.25344,-0.66266,-22.30749,28.86875,-24.40378,SAN_BRO,UCO_HUS,StephenSchottBBS,D1,WCC,20260318-StephenSchottBBS-1,c2fe1f40-233c-11f1-bc73-db1efe8e085b,88.78303,,,8.42875,,,,,,,4f91a5e0-4f32-4f63-8172-e61544f835a3,2026-03-19,02:38:49.78,2026-03-18T22:38:49.7884160-04:00,2026-03-19T02:38:49.7884160Z,,v3,471436,471275,10559,"Cancel, Chris",837525,Right,UCO_HUS,b7b263f7-1580-4ebb-8d5c-936d7abe516f,55.00761,-132.35026,14.43438,4.25027,0.26453,-12.20189,-1.96602,11.08226,-11.15375,,,,,,,,,,,,,,,,,,,,,,,,,,,,,,,,,,,,,,,,,,,,,,,,,,,High,High,High,,,,,,,,,,,,,,,,,,,,,,,,,,,,,,,,,,,,,,,
169,2026-03-18,22:39:11.13,5,4,"Shaw, Greg",837542,Right,UCO_HUS,"DeVine, Luke",825765,Right,SAN_BRO,Undefined,4,Bottom,2,1,2,Sinker,Sinker,StrikeCalled,Strikeout,Undefined,Undefined,0,0,,91.25099,0.185849,-4.751914,2250.840569,247.575865,2:15,4.38184,1.85145,5.26545,-24.78033,10.02347,21.3467,2.49201,-0.844,82.44587,-4.407564,-0.981152,0.424604,,,,,,,,,,,,-12.03816,5.30433,-1.432,50,4.38098,9.95169,-131.93061,-0.49736,-21.05599,30.06107,-22.89624,SAN_BRO,UCO_HUS,StephenSchottBBS,D1,WCC,20260318-StephenSchottBBS-1,cfb324b0-233c-11f1-bc73-db1efe8e085b,88.77071,,,8.80512,,,,,,,4f91a5e0-4f32-4f63-8172-e61544f835a3,2026-03-19,02:39:11.13,2026-03-18T22:39:11.1355392-04:00,2026-03-19T02:39:11.1355392Z,,v3,471436,471275,10559,"Cancel, Chris",837525,Right,UCO_HUS,7e1a7c9d-8648-456a-98a1-cb23aeadf679,55.23341,-133.11773,15.03053,4.38277,0.40682,-11.44812,-1.84141,10.7832,-10.52799,,,,,,,,,,,,,,,,,,,,,,,,,,,,,,,,,,,,,,,,,,,,,,,,,,,High,High,High,,,,,,,,,,,,,,,,,,,,,,,,,,,,,,,,,,,,,,,
170,2026-03-18,22:41:22.83,1,1,"Lazark, Jack",824229,Right,SAN_BRO,"Marshall, Jackson",837532,Right,UCO_HUS,Undefined,5,Top,0,0,0,Fastball,Four-Seam,BallCalled,Undefined,Undefined,Undefined,0,0,LAZARK,91.75555,-3.789137,-1.083971,1954.892595,197.204927,12:30,6.0654,1.20655,5.90753,-12.39414,20.98493,6.15067,1.50963,0.71282,83.65093,-6.182233,0.020152,0.415823,,,,,,,,,,,,-3.47827,12.20327,-1.12311,50,5.75377,2.25263,-132.98133,-9.1328,-6.20496,29.52461,-10.40444,SAN_BRO,UCO_HUS,StephenSchottBBS,D1,WCC,20260318-StephenSchottBBS-1,1e33bb40-233d-11f1-bc73-db1efe8e085b,90.6454,,,8.10462,,,,,,,4f91a5e0-4f32-4f63-8172-e61544f835a3,2026-03-19,02:41:22.83,2026-03-18T22:41:22.8310000-04:00,2026-03-19T02:41:22.8310000Z,,v3,471436,471275,10559,"Wheeler, Mace",1000367898,Right,SAN_BRO,6da17117-0f80-40e6-83d0-509beec465d0,54.59182,-133.99693,14.7623,6.06177,-8.77491,-5.20222,-1.20427,2.46607,-3.10248,,,,,,,,,,,,,,,,,,,,,,,,,,,,,,,,,,,,,,,,,,,,,,,,,,,High,High,High,,,,,,,,,,,,,,,,,,,,,,,,,,,,,,,,,,,,,,,
171,2026-03-18,22:41:36.97,1,2,"Lazark, Jack",824229,Right,SAN_BRO,"Marshall, Jackson",837532,Right,UCO_HUS,Undefined,5,Top,0,1,0,Cutter,Slider,InPlay,Undefined,GroundBall,Single,0,0,,85.75429,-2.17293,-1.546829,2314.483161,160.838018,11:15,5.90038,1.33621,5.9288,-29.26872,8.50839,-2.56457,1.44346,-0.31308,79.18466,-7.576903,-2.007789,0.44237,107.79091,5.662654,-2.901242,5045.107721,109.9824,3.66413,-1.95237,142.77889,142.77889,-0.497746,1.040909,0.9228,5.2667,-1.21105,50,5.70981,3.46281,-124.57228,-5.67737,1.45626,24.01967,-23.86253,SAN_BRO,UCO_HUS,StephenSchottBBS,D1,WCC,20260318-StephenSchottBBS-1,26a26470-233d-11f1-bc73-db1efe8e085b,85.20565,5.1892,,6.56962,,,,2.24704,1.72368,0.10583,4f91a5e0-4f32-4f63-8172-e61544f835a3,2026-03-19,02:41:36.97,2026-03-18T22:41:36.9710000-04:00,2026-03-19T02:41:36.9710000Z,GroundBall,v3,471436,471275,10559,"Wheeler, Mace",1000367898,Right,SAN_BRO,fc0bcd63-8bde-49e2-a93f-e74a6abf468d,54.57277,-125.45089,12.00984,5.90151,-4.8045,-11.93126,-1.33674,3.40954,0.72813,268.598336,2.43561,154.61591,-19.16946,,,,,,,1.80091,14.57745,-15.73048,,,,,,,0.0198,-6.80803,5.44599,,,,,,,,,,,,,,,,,,,,,,,,,,,,,High,High,High,High,High,,,,,,,,,,,,,,,,,,,,,,,,,,,,,,,,,,,,,
172,2026-03-18,22:42:11.19,2,1,"Lazark, Jack",824229,Right,SAN_BRO,"Polemeni, Chris",1000214322,Right,UCO_HUS,Undefined,5,Top,0,0,0,Fastball,Four-Seam,StrikeCalled,Undefined,Undefined,Undefined,0,0,,92.18909,-2.937519,-3.04423,1953.182521,203.258314,12:45,5.98679,1.22456,5.82807,-15.44765,17.73576,7.14748,1.96249,-1.01243,84.021,-5.875174,-1.765388,0.414602,,,,,,,,,,,,-4.50784,10.21859,-0.97989,50,5.73726,6.78313,-133.52427,-7.32023,-8.11496,29.51583,-13.77857,SAN_BRO,UCO_HUS,StephenSchottBBS,D1,WCC,20260318-StephenSchottBBS-1,3b0a3d20-233d-11f1-bc73-db1efe8e085b,90.91227,,,8.16809,,,,,,,4f91a5e0-4f32-4f63-8172-e61544f835a3,2026-03-19,02:42:11.19,2026-03-18T22:42:11.1920000-04:00,2026-03-19T02:42:11.1920000Z,,v3,471436,471275,10559,"Wheeler, Mace",1000367898,Right,SAN_BRO,3de91220-7d34-4d1c-91ce-0e5b94442319,54.66986,-134.55259,14.75791,5.98393,-6.84019,-6.88928,-1.22114,7.06586,-4.05748,,,,,,,,,,,,,,,,,,,,,,,,,,,,,,,,,,,,,,,,,,,,,,,,,,,High,High,High,,,,,,,,,,,,,,,,,,,,,,,,,,,,,,,,,,,,,,,
173,2026-03-18,22:42:28.20,2,2,"Lazark, Jack",824229,Right,SAN_BRO,"Polemeni, Chris",1000214322,Right,UCO_HUS,Undefined,5,Top,0,0,1,Fastball,Four-Seam,InPlay,Undefined,GroundBall,Single,0,0,,91.87639,-2.908218,-1.792874,2126.54953,204.58883,12:45,5.98804,1.26837,5.903,-11.30741,21.96643,9.5402,2.34241,0.39851,83.60992,-5.116659,-0.081329,0.415167,77.43233,3.024661,24.160912,3646.663847,,,,66.45423,65.42515,26.686556,0.633118,-5.41622,12.43772,-1.12977,50,5.74767,3.75721,-133.22701,-7.04526,-9.69363,29.75072,-9.91382,SAN_BRO,UCO_HUS,StephenSchottBBS,D1,WCC,20260318-StephenSchottBBS-1,452bc670-233d-11f1-bc73-db1efe8e085b,90.78863,2.79855,,8.26647,,,,0.26078,2.21762,-0.43516,4f91a5e0-4f32-4f63-8172-e61544f835a3,2026-03-19,02:42:28.20,2026-03-18T22:42:28.2020000-04:00,2026-03-19T02:42:28.2020000Z,GroundBall,v3,471436,471275,10559,"Wheeler, Mace",1000367898,Right,SAN_BRO,8ac92c63-234b-4ec5-b28d-d1c8c1204b60,54.59614,-134.24945,14.87536,5.98394,-6.70455,-4.95691,-1.26462,4.09035,-4.84681,262.63518,0.28899,102.87329,-15.1457,,,,,,,2.22896,5.75254,-14.67369,,,,,,,-0.44844,46.70408,1.83762,,,,,,,,,,,,,,,,,,,,,,,,,,,,,High,High,High,High,High,,,,,,,,,,,,,,,,,,,,,,,,,,,,,,,,,,,,,
174,2026-03-18,22:43:12.85,3,1,"Lazark, Jack",824229,Right,SAN_BRO,"Righi, Camden",10319340,Left,UCO_HUS,Undefined,5,Top,0,0,0,Fastball,Four-Seam,StrikeSwinging,Undefined,Undefined,Undefined,0,0,,90.275,-1.035755,-2.253859,1884.954239,188.503726,12:15,6.02786,1.34578,5.89823,-14.19509,20.17033,2.84941,3.88251,-0.5103,82.23796,-3.769977,-1.743104,0.421922,,,,,,,,,,,,-2.08898,10.92965,-1.16596,50,5.93624,5.03175,-130.9957,-2.74742,-3.62305,28.15562,-13.21809,SAN_BRO,UCO_HUS,StephenSchottBBS,D1,WCC,20260318-StephenSchottBBS-1,5fc5c5d0-233d-11f1-bc73-db1efe8e085b,89.33512,,,8.03704,,,,,,,4f91a5e0-4f32-4f63-8172-e61544f835a3,2026-03-19,02:43:12.85,2026-03-18T22:43:12.8510000-04:00,2026-03-19T02:43:12.8510000Z,,v3,471436,471275,10559,"Wheeler, Mace",1000367898,Right,SAN_BRO,452c0c03-c465-4974-9eaa-0095f1efc05b,54.59908,-131.98051,14.07781,6.02425,-2.28509,-6.60905,-1.34417,5.15847,-1.81153,,,,,,,,,,,,,,,,,,,,,,,,,,,,,,,,,,,,,,,,,,,,,,,,,,,High,High,High,,,,,,,,,,,,,,,,,,,,,,,,,,,,,,,,,,,,,,,
175,2026-03-18,22:43:33.76,3,2,"Lazark, Jack",824229,Right,SAN_BRO,"Righi, Camden",10319340,Left,UCO_HUS,Undefined,5,Top,0,0,1,Fastball,Four-Seam,StrikeCalled,Undefined,Undefined,Undefined,0,0,,92.82125,-3.050634,-2.482861,2070.1254,200.835889,12:45,5.96502,1.18497,6.08456,-10.35871,22.0723,7.98221,2.27424,-0.44826,84.39337,-5.093362,-1.047138,0.409875,,,,,,,,,,,,-4.8211,12.57237,-0.99726,50,5.72341,5.48635,-134.53187,-7.396,-8.79502,30.43772,-9.2386,SAN_BRO,UCO_HUS,StephenSchottBBS,D1,WCC,20260318-StephenSchottBBS-1,6c42a440-233d-11f1-bc73-db1efe8e085b,91.96078,,,8.42788,,,,,,,4f91a5e0-4f32-4f63-8172-e61544f835a3,2026-03-19,02:43:33.76,2026-03-18T22:43:33.7640000-04:00,2026-03-19T02:43:33.7640000Z,,v3,471436,471275,10559,"Wheeler, Mace",1000367898,Right,SAN_BRO,c3043a78-0980-4d04-b7c4-ae9a544341ea,54.41349,-135.52674,15.21886,5.96022,-7.09403,-4.6193,-1.18128,5.77382,-4.39751,,,,,,,,,,,,,,,,,,,,,,,,,,,,,,,,,,,,,,,,,,,,,,,,,,,High,High,High,,,,,,,,,,,,,,,,,,,,,,,,,,,,,,,,,,,,,,,
176,2026-03-18,22:43:53.66,3,3,"Lazark, Jack",824229,Right,SAN_BRO,"Righi, Camden",10319340,Left,UCO_HUS,Undefined,5,Top,0,0,2,Cutter,Slider,BallCalled,Undefined,Undefined,Undefined,0,0,,85.67921,-2.27503,-2.682646,2402.827414,146.806612,11:00,5.84933,1.30171,5.77866,-28.78076,9.59583,-5.47819,1.33065,-1.65276,78.64087,-7.585151,-3.662727,0.445866,,,,,,,,,,,,2.04941,5.90642,-1.07673,50,5.64391,6.04153,-124.23389,-5.88984,3.19598,25.39384,-22.96321,SAN_BRO,UCO_HUS,StephenSchottBBS,D1,WCC,20260318-StephenSchottBBS-1,78269e10-233d-11f1-bc73-db1efe8e085b,84.53758,,,7.03835,,,,,,,4f91a5e0-4f32-4f63-8172-e61544f835a3,2026-03-19,02:43:53.66,2026-03-18T22:43:53.6680000-04:00,2026-03-19T02:43:53.6680000Z,,v3,471436,471275,10559,"Wheeler, Mace",1000367898,Right,SAN_BRO,8d00e3c6-e954-4577-9ba2-f70feb05dd0a,54.72108,-125.19518,12.69692,5.85042,-5.02057,-11.4816,-1.30315,5.92054,1.59799,,,,,,,,,,,,,,,,,,,,,,,,,,,,,,,,,,,,,,,,,,,,,,,,,,,High,High,High,,,,,,,,,,,,,,,,,,,,,,,,,,,,,,,,,,,,,,,
177,2026-03-18,22:44:15.00,3,4,"Lazark, Jack",824229,Right,SAN_BRO,"Righi, Camden",10319340,Left,UCO_HUS,Undefined,5,Top,0,1,2,Fastball,Four-Seam,FoulBallNotFieldable,Undefined,Undefined,Undefined,0,0,,92.91918,-3.315763,-1.491045,2101.33539,202.47762,12:45,5.96629,1.21519,6.0013,-8.98048,23.36336,9.22575,2.14111,0.60211,84.74598,-5.100947,0.167242,0.409324,79.37155,44.97968,-73.283682,5575.511402,,,,,72.9125,,,-5.20075,13.31812,-1.1031,50,5.70038,3.11592,-134.77928,-7.99652,-9.54636,29.86812,-7.72769,SAN_BRO,UCO_HUS,StephenSchottBBS,D1,WCC,20260318-StephenSchottBBS-1,84d3b440-233d-11f1-bc73-db1efe8e085b,92.08459,60.60118,,8.17319,,,,0.85355,2.05579,-0.49708,4f91a5e0-4f32-4f63-8172-e61544f835a3,2026-03-19,02:44:15.00,2026-03-18T22:44:15.0080000-04:00,2026-03-19T02:44:15.0080000Z,,v3,471436,471275,10559,"Wheeler, Mace",1000367898,Right,SAN_BRO,f921f77d-37de-45b0-9177-a3c2b72fc81c,54.49907,-135.77265,14.93406,5.96205,-7.7395,-3.86385,-1.21201,3.43342,-4.77318,,0.85355,23.68502,-12.74605,4.20705,-1.16043,0.30228,-0.07452,0.01518,-0.0018,2.05579,82.28611,-27.57156,2.80006,-0.22065,-0.05115,0.03013,-0.00851,0.0012,-0.49708,-78.86467,14.52574,-5.24644,1.3962,-0.33964,0.0782,-0.01503,0.00171,,,,,,,,,,,,,,,,,,,,,,,High,High,High,Medium,Undefined,,,,,,,,,,,,,,,,,,,,,,,,,,,,,,,,,,,,,
178,2026-03-18,22:44:43.96,3,5,"Lazark, Jack",824229,Right,SAN_BRO,"Righi, Camden",10319340,Left,UCO_HUS,Undefined,5,Top,0,1,2,Cutter,Slider,InPlay,Undefined,GroundBall,Out,1,0,,84.87255,-0.643655,-2.138623,2407.668095,141.205952,10:45,5.89297,1.35036,5.63432,-29.92336,9.15591,-6.40599,2.79839,-1.17971,78.02649,-6.163339,-3.281742,0.44993,50.47073,-11.523482,-8.300437,,,,,13.04994,12.83991,-2.551525,0.165796,2.6874,5.175,-1.16413,50,5.81903,4.86234,-123.22536,-2.39232,4.1417,23.95427,-24.1986,SAN_BRO,UCO_HUS,StephenSchottBBS,D1,WCC,20260318-StephenSchottBBS-1,961f7fe0-233d-11f1-bc73-db1efe8e085b,83.77403,2.78793,,6.84606,,,,1.31245,2.78793,1.2017,4f91a5e0-4f32-4f63-8172-e61544f835a3,2026-03-19,02:44:43.96,2026-03-18T22:44:43.9670000-04:00,2026-03-19T02:44:43.9670000Z,GroundBall,v3,471436,471275,10559,"Wheeler, Mace",1000367898,Right,SAN_BRO,37d57251-d927-461d-a56a-c133a68c4ccf,54.86573,-124.16763,11.97714,5.89441,-1.44044,-12.0993,-1.35219,4.69942,2.07085,132.132736,1.31261,71.75899,-6.29742,,,,,,,2.78804,-14.79601,-12.18803,,,,,,,1.20174,-10.4741,-1.67948,,,,,,,,,,,,,,,,,,,,,,,,,,,,,High,High,High,High,High,,,,,,,,,,,,,,,,,,,,,,,,,,,,,,,,,,,,,
179,2026-03-18,22:45:27.41,4,1,"Lazark, Jack",824229,Right,SAN_BRO,"Wachter, Nater",821735,Right,UCO_HUS,Undefined,5,Top,1,0,0,Cutter,Slider,FoulBallNotFieldable,Undefined,Undefined,Undefined,0,0,,85.47612,-0.169022,-0.511668,2425.518468,147.511457,11:00,5.90631,1.37654,5.66701,-27.65742,10.81607,-6.13087,3.44392,0.38853,78.33481,-5.302689,-1.607692,0.446429,71.93344,44.68864,131.213257,4975.884528,,,,,36.68892,,,2.98701,5.8965,-1.32931,50,5.87461,1.36063,-124.17455,-1.28528,4.66891,24.60883,-22.95733,SAN_BRO,UCO_HUS,StephenSchottBBS,D1,WCC,20260318-StephenSchottBBS-1,b005bfa0-233d-11f1-bc73-db1efe8e085b,84.43103,35.50526,,7.1413,,,,0.8114,3.47153,-0.39158,4f91a5e0-4f32-4f63-8172-e61544f835a3,2026-03-19,02:45:27.41,2026-03-18T22:45:27.4150000-04:00,2026-03-19T02:45:27.4150000Z,,v3,471436,471275,10559,"Wheeler, Mace",1000367898,Right,SAN_BRO,381a73ef-3a69-4240-869f-222a9164a975,54.83264,-125.12861,12.30442,5.90719,-0.39525,-11.47867,-1.37855,1.17962,2.33446,,0.8114,-49.41848,-1.16709,1.60366,-0.52513,0.03169,0.25919,-0.36709,0.19116,3.47153,74.19483,-27.42369,3.29483,-0.64383,0.08172,0.05763,-0.09605,0.05059,-0.39158,56.42392,-12.39748,3.00029,-0.63779,0.01567,0.25561,-0.35363,0.18292,,,,,,,,,,,,,,,,,,,,,,,High,High,High,High,Undefined,,,,,,,,,,,,,,,,,,,,,,,,,,,,,,,,,,,,,
180,2026-03-18,22:45:49.51,4,2,"Lazark, Jack",824229,Right,SAN_BRO,"Wachter, Nater",821735,Right,UCO_HUS,Undefined,5,Top,1,0,1,Fastball,Four-Seam,BallCalled,Undefined,Undefined,Undefined,0,0,,92.29448,-3.054386,-3.154044,2164.784228,195.227551,12:30,5.89065,1.10738,6.25269,-12.9143,19.88651,5.09756,1.99077,-1.37942,83.56378,-5.57058,-2.235178,0.412205,,,,,,,,,,,,-3.6004,11.57461,-0.87525,50,5.65669,7.14748,-133.64708,-7.44853,-6.44582,31.53184,-11.4519,SAN_BRO,UCO_HUS,StephenSchottBBS,D1,WCC,20260318-StephenSchottBBS-1,bd2ff510-233d-11f1-bc73-db1efe8e085b,91.44094,,,8.7307,,,,,,,4f91a5e0-4f32-4f63-8172-e61544f835a3,2026-03-19,02:45:49.51,2026-03-18T22:45:49.5130000-04:00,2026-03-19T02:45:49.5130000Z,,v3,471436,471275,10559,"Wheeler, Mace",1000367898,Right,SAN_BRO,855c1d7a-163c-4b9f-986d-735f64a3313d,54.24428,-134.64473,15.76592,5.88662,-7.0862,-5.72595,-1.10462,7.35142,-3.22291,,,,,,,,,,,,,,,,,,,,,,,,,,,,,,,,,,,,,,,,,,,,,,,,,,,High,High,High,,,,,,,,,,,,,,,,,,,,,,,,,,,,,,,,,,,,,,,
181,2026-03-18,22:46:09.74,4,3,"Lazark, Jack",824229,Right,SAN_BRO,"Wachter, Nater",821735,Right,UCO_HUS,Undefined,5,Top,1,1,1,Cutter,Cutter,FoulBallNotFieldable,Undefined,Undefined,Undefined,0,0,,87.17158,-1.351326,-1.879125,2471.50377,146.304898,11:00,5.8245,1.47166,5.75174,-27.32742,9.43481,-5.56831,2.2883,-0.74235,80.40885,-6.397718,-2.875497,0.436387,66.12085,11.052478,83.747144,2874.163074,,,,106.13603,65.36747,89.540293,1.299986,2.36977,5.48922,-1.31209,50,5.69549,4.38118,-126.62975,-3.91091,3.8691,24.52062,-23.21184,SAN_BRO,UCO_HUS,StephenSchottBBS,D1,WCC,20260318-StephenSchottBBS-1,c94fbf60-233d-11f1-bc73-db1efe8e085b,86.37379,7.56892,,6.76273,,,,1.37207,2.30609,0.69316,4f91a5e0-4f32-4f63-8172-e61544f835a3,2026-03-19,02:46:09.74,2026-03-18T22:46:09.7410000-04:00,2026-03-19T02:46:09.7410000Z,GroundBall,v3,471436,471275,10559,"Wheeler, Mace",1000367898,Right,SAN_BRO,0f2f138f-aa30-4f7f-a39e-99aabaf77acd,54.74918,-127.54606,12.26031,5.82543,-3.0435,-11.60592,-1.47311,4.23659,1.93455,,1.37207,10.36649,-10.83551,2.64412,-0.66164,0.13303,-0.02511,0.00413,-0.00038,2.30609,18.59128,-17.10513,1.29946,-0.18984,0.03753,-0.00466,0.00058,-8E-05,0.69316,94.61213,-11.82003,1.31347,-0.16357,-0.00428,0.00495,-0.0011,0.0001,,,,,,,,,,,,,,,,,,,,,,,High,High,High,Medium,Medium,,,,,,,,,,,,,,,,,,,,,,,,,,,,,,,,,,,,,
182,2026-03-18,22:46:35.53,4,4,"Lazark, Jack",824229,Right,SAN_BRO,"Wachter, Nater",821735,Right,UCO_HUS,Undefined,5,Top,1,1,2,Fastball,Four-Seam,FoulBallNotFieldable,Undefined,Undefined,Undefined,0,0,,92.89153,-3.108568,-2.017531,2261.242146,187.640559,12:15,5.97343,1.02911,5.99304,-11.89796,20.93883,2.64571,2.09651,-0.62089,83.64004,-5.441871,-1.542274,0.412432,,,,,,,,,,,,-2.02201,12.13827,-0.87156,50,5.72175,4.62333,-134.51162,-7.59803,-3.64339,33.67253,-10.30227,SAN_BRO,UCO_HUS,StephenSchottBBS,D1,WCC,20260318-StephenSchottBBS-1,d8997970-233d-11f1-bc73-db1efe8e085b,91.39078,,,9.25149,,,,,,,4f91a5e0-4f32-4f63-8172-e61544f835a3,2026-03-19,02:46:35.53,2026-03-18T22:46:35.5320000-04:00,2026-03-19T02:46:35.5320000Z,,v3,471436,471275,10559,"Wheeler, Mace",1000367898,Right,SAN_BRO,3dc4db97-84c9-4751-aa6c-7c59898e5cbf,54.50459,-135.63457,16.83626,5.96941,-7.25445,-5.15114,-1.02777,4.74483,-1.8217,,,,,,,,,,,,,,,,,,,,,,,,,,,,,,,,,,,,,,,,,,,,,,,,,,,High,High,High,,,,,,,,,,,,,,,,,,,,,,,,,,,,,,,,,,,,,,,
183,2026-03-18,22:47:05.20,4,5,"Lazark, Jack",824229,Right,SAN_BRO,"Wachter, Nater",821735,Right,UCO_HUS,Undefined,5,Top,1,1,2,Fastball,Four-Seam,InPlay,Undefined,LineDrive,Sacrifice,1,1,,92.21862,-1.053234,-1.874408,2103.898133,200.134252,12:45,5.94135,1.04142,6.25379,-15.99706,16.92946,5.76465,3.63636,-0.20735,82.90467,-4.149553,-0.833389,0.412995,102.54502,19.66479,18.777947,3420.833657,102.09978,35.65559,40.9343,336.15551,330.63862,28.574975,3.570427,-3.61087,9.47902,-0.90495,50,5.85526,4.13487,-133.76486,-2.8934,-6.42663,33.61439,-15.3032,SAN_BRO,UCO_HUS,StephenSchottBBS,D1,WCC,20260318-StephenSchottBBS-1,ea47d770-233d-11f1-bc73-db1efe8e085b,91.26616,44.54366,,9.31395,,,,0.77902,3.5611,0.13873,4f91a5e0-4f32-4f63-8172-e61544f835a3,2026-03-19,02:47:05.20,2026-03-18T22:47:05.2090000-04:00,2026-03-19T02:47:05.2090000Z,LineDrive,v3,471436,471275,10559,"Wheeler, Mace",1000367898,Right,SAN_BRO,7c5b8a38-228d-4f15-b134-a7e947a8ff89,54.2434,-134.82699,16.8072,5.93904,-2.40986,-7.6516,-1.03881,4.33794,-3.21332,228.608757,0.77921,134.08283,-26.44607,6.0615,-1.28975,0.23383,-0.0328,0.00294,-0.00011,3.5609,50.61827,-16.90724,0.92051,-0.13062,0.04021,-0.01237,0.00239,-0.00018,0.13859,45.59459,1.42091,-1.13291,0.37035,-0.08146,0.01256,-0.00126,7E-05,,,,,,,,,,,,,,,,,,,,,,,High,High,High,High,High,,,,,,,,,,,,,,,,,,,,,,,,,,,,,,,,,,,,,
184,2026-03-18,22:47:51.00,5,1,"Lazark, Jack",824229,Right,SAN_BRO,"Menzel, Evan",837534,Left,UCO_HUS,Undefined,5,Top,2,0,0,Cutter,Slider,StrikeCalled,Undefined,Undefined,Undefined,0,0,,86.594,-1.431581,-1.117529,2412.624985,157.775764,11:15,5.90991,1.39776,5.78152,-29.97722,7.71595,-2.63264,2.07931,0.13847,78.87234,-6.98719,-1.589469,0.441878,,,,,,,,,,,,1.00039,4.75788,-1.304,50,5.77394,2.56165,-125.62791,-4.15484,1.58607,27.33987,-24.63078,SAN_BRO,UCO_HUS,StephenSchottBBS,D1,WCC,20260318-StephenSchottBBS-1,0598a3b0-233e-11f1-bc73-db1efe8e085b,85.30051,,,7.72166,,,,,,,4f91a5e0-4f32-4f63-8172-e61544f835a3,2026-03-19,02:47:51.00,2026-03-18T22:47:51.0080000-04:00,2026-03-19T02:47:51.0080000Z,,v3,471436,471275,10559,"Wheeler, Mace",1000367898,Right,SAN_BRO,1ab4705d-b926-4388-9160-2bf02c883b99,54.71578,-126.65003,13.66993,5.91205,-3.234,-12.31539,-1.39866,2.50235,0.79303,,,,,,,,,,,,,,,,,,,,,,,,,,,,,,,,,,,,,,,,,,,,,,,,,,,High,High,High,,,,,,,,,,,,,,,,,,,,,,,,,,,,,,,,,,,,,,,
185,2026-03-18,22:48:08.55,5,2,"Lazark, Jack",824229,Right,SAN_BRO,"Menzel, Evan",837534,Left,UCO_HUS,Undefined,5,Top,2,0,1,Fastball,Four-Seam,BallCalled,Undefined,Undefined,Undefined,0,0,,91.99572,-4.121263,-1.871568,2092.24971,187.91678,12:15,5.90481,1.11254,6.16203,-10.92182,22.48446,2.94933,1.17891,-0.37121,82.69263,-6.288366,-1.340041,0.415992,,,,,,,,,,,,-2.15193,13.37599,-0.97204,50,5.586,4.22381,-133.08456,-9.81915,-3.78611,33.62186,-8.64034,SAN_BRO,UCO_HUS,StephenSchottBBS,D1,WCC,20260318-StephenSchottBBS-1,1007d7d0-233e-11f1-bc73-db1efe8e085b,90.60846,,,9.30309,,,,,,,4f91a5e0-4f32-4f63-8172-e61544f835a3,2026-03-19,02:48:08.55,2026-03-18T22:48:08.5560000-04:00,2026-03-19T02:48:08.5560000Z,,v3,471436,471275,10559,"Wheeler, Mace",1000367898,Right,SAN_BRO,dd1ac3e8-ca76-4412-becd-69b116dc6813,54.33519,-134.17531,16.81093,5.90001,-9.53884,-4.32017,-1.11106,4.34664,-1.89305,,,,,,,,,,,,,,,,,,,,,,,,,,,,,,,,,,,,,,,,,,,,,,,,,,,High,High,High,,,,,,,,,,,,,,,,,,,,,,,,,,,,,,,,,,,,,,,
186,2026-03-18,22:48:26.06,5,3,"Lazark, Jack",824229,Right,SAN_BRO,"Menzel, Evan",837534,Left,UCO_HUS,Undefined,5,Top,2,1,1,Cutter,Cutter,FoulBallNotFieldable,Undefined,Undefined,Undefined,0,0,,86.95081,-1.462386,-1.578399,2459.361066,149.984111,11:00,5.84685,1.36952,5.81699,-24.92934,12.23721,-6.37666,2.40887,-0.62984,79.49349,-6.109394,-2.720921,0.438781,60.80487,31.235659,-148.077702,3394.172581,-96.54577,18.682,-52.71538,142.96394,50.44537,-151.984373,2.209202,2.81016,7.033,-1.23643,50,5.71235,3.74082,-126.20344,-4.02902,4.51778,26.44914,-20.86735,SAN_BRO,UCO_HUS,StephenSchottBBS,D1,WCC,20260318-StephenSchottBBS-1,1a858ae0-233e-11f1-bc73-db1efe8e085b,85.90269,25.1348,,7.45732,,,,-0.04933,2.10715,0.7908,4f91a5e0-4f32-4f63-8172-e61544f835a3,2026-03-19,02:48:26.06,2026-03-18T22:48:26.0670000-04:00,2026-03-19T02:48:26.0670000Z,Popup,v3,471436,471275,10559,"Wheeler, Mace",1000367898,Right,SAN_BRO,b326ba6f-44a0-45fc-9afe-9a30c5382031,54.68183,-127.18085,13.22457,5.84699,-3.25787,-10.43368,-1.37159,3.57387,2.25889,26.834207,-0.04928,-64.72355,2.65235,0.4418,-0.04945,-0.01504,0.01301,-0.00023,-0.00066,2.10713,46.24701,-25.49609,2.80237,-0.81307,0.39761,-0.18458,0.05114,-0.00579,0.79083,-40.3226,5.46316,-0.86585,0.37291,-0.25485,0.13075,-0.03432,0.00344,,,,,,,,,,,,,,,,,,,,,,,High,High,High,High,Low,,,,,,,,,,,,,,,,,,,,,,,,,,,,,,,,,,,,,
187,2026-03-18,22:48:52.77,5,4,"Lazark, Jack",824229,Right,SAN_BRO,"Menzel, Evan",837534,Left,UCO_HUS,Undefined,5,Top,2,1,2,Fastball,Four-Seam,FoulBallNotFieldable,Undefined,Undefined,Undefined,0,0,,92.83909,-2.294338,-2.266575,2016.715928,195.456429,12:30,5.97001,1.14543,6.01002,-12.88272,19.60962,5.1191,2.7681,-0.5289,84.36854,-4.789223,-1.346858,0.410263,77.50358,51.219654,-47.321075,3646.811333,62.66219,97.56418,-90.40673,242.83481,111.66598,-60.879533,5.074893,-3.30736,11.09619,-0.97023,50,5.78269,5.10832,-134.64409,-5.73903,-6.0357,30.84499,-11.92433,SAN_BRO,UCO_HUS,StephenSchottBBS,D1,WCC,20260318-StephenSchottBBS-1,2a671820-233e-11f1-bc73-db1efe8e085b,91.87393,100.76687,,8.47056,,,,0.1562,2.74195,0.57588,4f91a5e0-4f32-4f63-8172-e61544f835a3,2026-03-19,02:48:52.77,2026-03-18T22:48:52.7720000-04:00,2026-03-19T02:48:52.7720000Z,FlyBall,v3,471436,471275,10559,"Wheeler, Mace",1000367898,Right,SAN_BRO,a808cfe6-7adf-4551-ad25-8ba24352ca8a,54.48874,-135.6685,15.4225,5.96672,-5.343,-5.96217,-1.14322,5.30877,-3.01785,145.975787,0.18548,47.67034,-10.26287,-0.59095,2.37864,-1.17607,0.27629,-0.03166,0.00142,2.74396,88.53616,-23.44254,1.42506,0.61612,-0.5113,0.15781,-0.02268,0.00125,0.57634,-52.3309,3.1904,0.01679,-0.39135,0.22837,-0.06603,0.00948,-0.00053,,,,,,,,,,,,,,,,,,,,,,,High,High,High,High,Low,,,,,,,,,,,,,,,,,,,,,,,,,,,,,,,,,,,,,
188,2026-03-18,22:49:20.57,5,5,"Lazark, Jack",824229,Right,SAN_BRO,"Menzel, Evan",837534,Left,UCO_HUS,Undefined,5,Top,2,1,2,Cutter,Slider,BallinDirt,Undefined,Undefined,Undefined,0,0,,84.68453,-2.827079,-1.563904,2354.579977,144.609098,10:45,5.81221,1.29934,5.74206,-31.39399,7.67036,-4.6178,0.56061,-0.542,78.3364,-8.578367,-2.391351,0.449844,,,,,,,,,,,,1.95933,5.00311,-1.16629,50,5.55743,3.53801,-122.9115,-7.11948,3.01077,23.33785,-24.48614,SAN_BRO,UCO_HUS,StephenSchottBBS,D1,WCC,20260318-StephenSchottBBS-1,3afa4220-233e-11f1-bc73-db1efe8e085b,83.79006,,,6.34813,,,,,,,4f91a5e0-4f32-4f63-8172-e61544f835a3,2026-03-19,02:49:20.57,2026-03-18T22:49:20.5780000-04:00,2026-03-19T02:49:20.5780000Z,,v3,471436,471275,10559,"Wheeler, Mace",1000367898,Right,SAN_BRO,237ac126-d2b5-466b-a0d1-e8fc6b20cf7a,54.75886,-123.8118,11.66892,5.81386,-6.17489,-12.24307,-1.30054,3.42186,1.50539,,,,,,,,,,,,,,,,,,,,,,,,,,,,,,,,,,,,,,,,,,,,,,,,,,,High,High,High,,,,,,,,,,,,,,,,,,,,,,,,,,,,,,,,,,,,,,,
189,2026-03-18,22:49:39.00,5,6,"Lazark, Jack",824229,Right,SAN_BRO,"Menzel, Evan",837534,Left,UCO_HUS,Undefined,5,Top,2,2,2,Cutter,Cutter,InPlay,Undefined,GroundBall,Out,1,0,LAZARK,86.90418,-1.782163,-1.028573,2387.994993,166.640651,11:30,5.85219,1.32138,5.74485,-25.12761,11.95064,-2.56854,2.09811,0.14957,79.9211,-6.444676,-1.488551,0.438259,96.10255,3.175639,-4.741305,1095.557892,,,,94.13392,94.13392,-7.333555,0.721482,1.03748,6.91654,-1.23426,50,5.68862,2.37191,-126.2106,-4.75678,1.67896,24.89677,-20.98091,SAN_BRO,UCO_HUS,StephenSchottBBS,D1,WCC,20260318-StephenSchottBBS-1,45f5b0b0-233e-11f1-bc73-db1efe8e085b,86.00491,2.97356,,6.98308,,,,0.58864,1.95745,-0.11739,4f91a5e0-4f32-4f63-8172-e61544f835a3,2026-03-19,02:49:39.00,2026-03-18T22:49:39.0030000-04:00,2026-03-19T02:49:39.0030000Z,GroundBall,v3,471436,471275,10559,"Wheeler, Mace",1000367898,Right,SAN_BRO,7675e0f8-7bee-4782-bbcf-1d3b28b69b2f,54.75482,-127.1451,12.44838,5.85239,-3.96927,-10.49046,-1.32211,2.30889,0.83948,100.958472,0.62562,139.56092,-15.34386,,,,,,,1.97128,7.5511,-14.27876,,,,,,,-0.08993,-12.14973,-6.11922,,,,,,,,,,,,,,,,,,,,,,,,,,,,,High,High,High,High,High,,,,,,,,,,,,,,,,,,,,,,,,,,,,,,,,,,,,,
190,2026-03-18,22:51:58.72,1,1,"Shaw, Greg",837542,Right,UCO_HUS,"Anderson, Will",1000265922,Left,SAN_BRO,Undefined,5,Bottom,0,0,0,Sinker,Changeup,BallinDirt,Undefined,Undefined,Undefined,0,0,,89.35684,-1.851244,-4.341366,1808.359592,247.202962,2:15,4.57943,1.95335,5.53653,-25.65407,10.23154,21.37903,0.70566,-0.33071,81.11758,-6.611839,-0.539278,0.431153,,,,,,,,,,,,-12.2443,6.07366,-1.5912,50,4.40137,8.89546,-129.30976,-5.09217,-20.56551,28.98257,-21.97271,SAN_BRO,UCO_HUS,StephenSchottBBS,D1,WCC,20260318-StephenSchottBBS-1,993c81e0-233e-11f1-bc73-db1efe8e085b,87.42238,,,8.23925,,,,,,,4f91a5e0-4f32-4f63-8172-e61544f835a3,2026-03-19,02:51:58.72,2026-03-18T22:51:58.7284992-04:00,2026-03-19T02:51:58.7284992Z,,v3,471436,471275,10559,"Cancel, Chris",837525,Right,UCO_HUS,bd0d6752-7418-4ae2-bda4-836382c72d82,54.96498,-130.41783,14.49128,4.58,-4.25211,-10.98636,-1.94633,9.68173,-10.28276,,,,,,,,,,,,,,,,,,,,,,,,,,,,,,,,,,,,,,,,,,,,,,,,,,,High,High,High,,,,,,,,,,,,,,,,,,,,,,,,,,,,,,,,,,,,,,,
191,2026-03-18,22:52:20.57,1,2,"Shaw, Greg",837542,Right,UCO_HUS,"Anderson, Will",1000265922,Left,SAN_BRO,Undefined,5,Bottom,0,1,0,Sinker,Sinker,StrikeCalled,Undefined,Undefined,Undefined,0,0,,88.74403,-0.132228,-4.882752,2024.162578,250.905379,2:15,4.41528,2.07303,5.46823,-27.15033,9.59749,23.81112,2.02855,-0.52351,79.77915,-5.185328,-0.660323,0.436302,,,,,,,,,,,,-13.52253,5.2576,-1.6594,50,4.38539,9.88301,-128.25782,-1.25936,-22.20037,30.09475,-23.54245,SAN_BRO,UCO_HUS,StephenSchottBBS,D1,WCC,20260318-StephenSchottBBS-1,a648f620-233e-11f1-bc73-db1efe8e085b,86.39072,,,8.96489,,,,,,,4f91a5e0-4f32-4f63-8172-e61544f835a3,2026-03-19,02:52:20.57,2026-03-18T22:52:20.5744640-04:00,2026-03-19T02:52:20.5744640Z,,v3,471436,471275,10559,"Cancel, Chris",837525,Right,UCO_HUS,b7bece15-ac9b-4109-8a7d-06a179667536,55.03079,-129.43287,15.04738,4.41661,-0.34014,-11.77122,-2.0622,10.74982,-11.10019,,,,,,,,,,,,,,,,,,,,,,,,,,,,,,,,,,,,,,,,,,,,,,,,,,,High,High,High,,,,,,,,,,,,,,,,,,,,,,,,,,,,,,,,,,,,,,,
192,2026-03-18,22:52:38.67,1,3,"Shaw, Greg",837542,Right,UCO_HUS,"Anderson, Will",1000265922,Left,SAN_BRO,Undefined,5,Bottom,0,1,1,Slider,Curveball,StrikeSwinging,Undefined,Undefined,Undefined,0,0,,78.28701,2.641828,-1.46528,914.680759,29.065676,7:00,4.33529,2.14847,5.40697,-67.69043,-19.70379,-12.01831,1.17227,-0.22626,69.96133,-9.677881,-3.605585,0.498576,,,,,,,,,,,,5.50095,-10.46052,-2.00915,50,4.52297,3.3764,-113.27825,2.84449,6.89409,27.52758,-45.28371,SAN_BRO,UCO_HUS,StephenSchottBBS,D1,WCC,20260318-StephenSchottBBS-1,b113ded0-233e-11f1-bc73-db1efe8e085b,75.60016,,,8.32568,,,,,,,4f91a5e0-4f32-4f63-8172-e61544f835a3,2026-03-19,02:52:38.67,2026-03-18T22:52:38.6709504-04:00,2026-03-19T02:52:38.6709504Z,,v3,471436,471275,10559,"Cancel, Chris",837525,Right,UCO_HUS,c8141d74-0102-4998-9f9c-41e5fa1770a1,55.09498,-114.50968,13.76379,4.35042,4.87023,-22.64186,-2.1533,3.068,3.44704,,,,,,,,,,,,,,,,,,,,,,,,,,,,,,,,,,,,,,,,,,,,,,,,,,,High,High,High,,,,,,,,,,,,,,,,,,,,,,,,,,,,,,,,,,,,,,,
193,2026-03-18,22:52:57.69,1,4,"Shaw, Greg",837542,Right,UCO_HUS,"Anderson, Will",1000265922,Left,SAN_BRO,Undefined,5,Bottom,0,1,2,Slider,Curveball,StrikeSwinging,Strikeout,Undefined,Undefined,0,0,,79.34518,1.886702,-0.30174,939.280839,22.964045,6:45,4.32318,2.26316,5.2979,-70.03602,-22.96848,-10.55894,0.25886,1.09995,70.74303,-10.8186,-2.18347,0.493778,,,,,,,,,,,,5.18603,-11.79953,-2.2276,50,4.44325,1.0372,-114.83471,1.22913,6.64245,29.33456,-47.28733,SAN_BRO,UCO_HUS,StephenSchottBBS,D1,WCC,20260318-StephenSchottBBS-1,bc6c6180-233e-11f1-bc73-db1efe8e085b,76.33472,,,8.60215,,,,,,,4f91a5e0-4f32-4f63-8172-e61544f835a3,2026-03-19,02:52:57.69,2026-03-18T22:52:57.6953344-04:00,2026-03-19T02:52:57.6953344Z,,v3,471436,471275,10559,"Cancel, Chris",837525,Right,UCO_HUS,469e8cbf-2142-4e8b-85c6-1d8f710ec37d,55.2041,-116.15649,14.66728,4.33986,3.35985,-23.64367,-2.26759,0.7379,3.32123,,,,,,,,,,,,,,,,,,,,,,,,,,,,,,,,,,,,,,,,,,,,,,,,,,,High,High,High,,,,,,,,,,,,,,,,,,,,,,,,,,,,,,,,,,,,,,,
194,2026-03-18,22:53:36.70,2,1,"Shaw, Greg",837542,Right,UCO_HUS,"Medicoff, Tate",827399,Right,SAN_BRO,Undefined,5,Bottom,1,0,0,Sinker,Sinker,StrikeCalled,Undefined,Undefined,Undefined,0,0,,90.66759,0.244305,-4.456625,1972.592939,245.208493,2:15,4.44396,1.92077,5.52754,-24.48844,10.65032,20.24387,2.63235,-0.56696,81.3601,-4.3371,-0.861461,0.426643,,,,,,,,,,,,-11.57331,5.66422,-1.5463,50,4.44929,9.27617,-131.07573,-0.30333,-19.82372,31.69623,-22.47189,SAN_BRO,UCO_HUS,StephenSchottBBS,D1,WCC,20260318-StephenSchottBBS-1,d39ca900-233e-11f1-bc73-db1efe8e085b,88.34657,,,9.30749,,,,,,,4f91a5e0-4f32-4f63-8172-e61544f835a3,2026-03-19,02:53:36.70,2026-03-18T22:53:36.7072256-04:00,2026-03-19T02:53:36.7072256Z,,v3,471436,471275,10559,"Cancel, Chris",837525,Right,UCO_HUS,bf542423-2b92-4462-8cdb-8731720de1e3,54.9697,-132.27202,15.84811,4.44473,0.54482,-11.23595,-1.91052,10.02437,-9.91186,,,,,,,,,,,,,,,,,,,,,,,,,,,,,,,,,,,,,,,,,,,,,,,,,,,High,High,High,,,,,,,,,,,,,,,,,,,,,,,,,,,,,,,,,,,,,,,
195,2026-03-18,22:53:53.77,2,2,"Shaw, Greg",837542,Right,UCO_HUS,"Medicoff, Tate",827399,Right,SAN_BRO,Undefined,5,Bottom,1,0,1,Sinker,Sinker,StrikeCalled,Undefined,Undefined,Undefined,0,0,,91.3983,1.184212,-4.382078,2130.791471,244.923575,2:15,4.28851,1.98244,5.49525,-22.82426,11.86552,22.58352,3.49763,-0.24268,81.73317,-3.103709,-0.374045,0.423909,,,,,,,,,,,,-12.69615,5.94748,-1.6137,50,4.37741,9.05165,-132.08638,1.94071,-22.04424,32.6469,-21.84746,SAN_BRO,UCO_HUS,StephenSchottBBS,D1,WCC,20260318-StephenSchottBBS-1,ddcdc2b0-233e-11f1-bc73-db1efe8e085b,88.91642,,,9.66513,,,,,,,4f91a5e0-4f32-4f63-8172-e61544f835a3,2026-03-19,02:53:53.77,2026-03-18T22:53:53.7713664-04:00,2026-03-19T02:53:53.7713664Z,,v3,471436,471275,10559,"Cancel, Chris",837525,Right,UCO_HUS,b50a4792-6102-43ea-8036-4eaadbc1025a,55.00162,-133.31686,16.32345,4.28875,2.76415,-10.92373,-1.97052,9.88251,-11.02212,,,,,,,,,,,,,,,,,,,,,,,,,,,,,,,,,,,,,,,,,,,,,,,,,,,High,High,High,,,,,,,,,,,,,,,,,,,,,,,,,,,,,,,,,,,,,,,
196,2026-03-18,22:54:12.09,2,3,"Shaw, Greg",837542,Right,UCO_HUS,"Medicoff, Tate",827399,Right,SAN_BRO,Undefined,5,Bottom,1,0,2,Splitter,Splitter,BallCalled,Undefined,Undefined,Undefined,0,0,,79.17151,1.309818,-3.696987,854.49866,295.879622,3:45,4.37297,1.93874,5.18008,-49.73522,-3.16067,9.95327,1.46359,-0.71521,71.61371,-7.742766,-1.937524,0.491186,,,,,,,,,,,,-6.13607,-1.50402,-1.60246,50,4.45724,6.98737,-114.5127,0.85423,-8.02965,24.00619,-34.14221,SAN_BRO,UCO_HUS,StephenSchottBBS,D1,WCC,20260318-StephenSchottBBS-1,e8c49d60-233e-11f1-bc73-db1efe8e085b,76.73766,,,7.55779,,,,,,,4f91a5e0-4f32-4f63-8172-e61544f835a3,2026-03-19,02:54:12.09,2026-03-18T22:54:12.0970752-04:00,2026-03-19T02:54:12.0970752Z,,v3,471436,471275,10559,"Cancel, Chris",837525,Right,UCO_HUS,f298afa1-36c3-4ab8-bc92-0e76987d0b70,55.31896,-115.62238,12.0031,4.38128,2.43244,-17.07111,-1.93403,7.35854,-4.01483,,,,,,,,,,,,,,,,,,,,,,,,,,,,,,,,,,,,,,,,,,,,,,,,,,,High,High,High,,,,,,,,,,,,,,,,,,,,,,,,,,,,,,,,,,,,,,,
197,2026-03-18,22:54:31.48,2,4,"Shaw, Greg",837542,Right,UCO_HUS,"Medicoff, Tate",827399,Right,SAN_BRO,Undefined,5,Bottom,1,1,2,Sinker,Sinker,StrikeCalled,Strikeout,Undefined,Undefined,0,0,,91.04282,0.255771,-4.991041,2071.335795,250.728893,2:15,4.38178,1.84336,5.4294,-26.08726,8.65949,21.32159,2.4483,-1.06614,82.31778,-4.580414,-1.215313,0.424256,,,,,,,,,,,,-12.13733,4.63284,-1.41498,50,4.38671,10.49843,-131.62819,-0.37387,-21.14495,29.76802,-24.10303,SAN_BRO,UCO_HUS,StephenSchottBBS,D1,WCC,20260318-StephenSchottBBS-1,f44e1b20-233e-11f1-bc73-db1efe8e085b,88.84352,,,8.72504,,,,,,,4f91a5e0-4f32-4f63-8172-e61544f835a3,2026-03-19,02:54:31.48,2026-03-18T22:54:31.4850000-04:00,2026-03-19T02:54:31.4850000Z,,v3,471436,471275,10559,"Cancel, Chris",837525,Right,UCO_HUS,3709c004-85db-450d-a00c-7cbf7c728276,55.06954,-132.76973,14.88401,4.38333,0.55043,-12.05152,-1.83312,11.30929,-10.57248,,,,,,,,,,,,,,,,,,,,,,,,,,,,,74.39084,,,0.862354,,,,-1.26823,5.4537,-6.23991,65.58254,9.89628,-59.20265,-1.23492,81.80614,-4.99509,5.48594,17.16786,-13.95858,-6.31929,-68.50946,8.28858,High,High,High,,,High,High,High,,,,,,,,,,,,,,,,,,,,,,,,,,,,,,,,,,
198,2026-03-18,22:55:04.49,3,1,"Shaw, Greg",837542,Right,UCO_HUS,"Garcia, Mateo",832233,Left,SAN_BRO,Undefined,5,Bottom,2,0,0,Sinker,Sinker,InPlay,Undefined,FlyBall,Triple,0,0,,91.29157,0.261313,-3.885483,1936.564767,249.079306,2:15,4.33171,2.17526,5.3559,-25.94868,8.9589,20.0156,2.41496,0.19363,81.81847,-4.566988,-0.337801,0.425237,98.92263,31.819618,14.162678,3265.546224,106.32675,66.2391,28.18726,387.04118,382.46578,15.396738,5.508517,-11.3278,4.76929,-1.84035,50,4.33714,8.03172,-132.02655,-0.35759,-19.63522,32.81881,-23.90716,SAN_BRO,UCO_HUS,StephenSchottBBS,D1,WCC,20260318-StephenSchottBBS-1,07f8be50-233f-11f1-bc73-db1efe8e085b,88.6386,98.85898,,9.4731,,,,1.3387,2.42315,-0.19443,4f91a5e0-4f32-4f63-8172-e61544f835a3,2026-03-19,02:55:04.49,2026-03-18T22:55:04.4974080-04:00,2026-03-19T02:55:04.4974080Z,FlyBall,v3,471436,471275,10559,"Cancel, Chris",837525,Right,UCO_HUS,beae9c5a-fc26-4c87-98fc-edbd57a47b7d,55.14242,-133.29871,16.4094,4.33304,0.56912,-11.95358,-2.16644,8.79284,-9.81761,188.88799,1.34304,119.44956,-25.28491,6.23526,-1.07857,0.10681,-0.00167,-0.00062,4E-05,2.42015,76.54616,-15.7512,-0.18463,0.33149,-0.11757,0.02689,-0.00335,0.00016,-0.19357,30.14976,-3.77259,0.41242,0.0223,-0.01952,0.00306,-0.00016,0,,,,,,,,,,,,,,,,,,,,,,,High,High,High,High,Medium,,,,,,,,,,,,,,,,,,,,,,,,,,,,,,,,,,,,,
199,2026-03-18,22:56:09.86,4,1,"Shaw, Greg",837542,Right,UCO_HUS,"Walsh, Waylon",1000338272,Left,SAN_BRO,Undefined,5,Bottom,2,0,0,Splitter,Splitter,StrikeCalled,Undefined,Undefined,Undefined,0,0,,79.00802,2.676833,-2.426936,847.271736,319.499246,4:45,4.27451,2.16968,5.30662,-56.19566,-9.40918,9.53422,2.1084,0.68464,70.97739,-7.572956,-0.734929,0.492302,,,,,,,,,,,,-5.56748,-5.05461,-1.9564,50,4.47724,4.44949,-114.29106,3.34052,-7.20839,25.21905,-38.71837,SAN_BRO,UCO_HUS,StephenSchottBBS,D1,WCC,20260318-StephenSchottBBS-1,2f011d30-233f-11f1-bc73-db1efe8e085b,76.56364,,,8.03063,,,,,,,4f91a5e0-4f32-4f63-8172-e61544f835a3,2026-03-19,02:56:09.86,2026-03-18T22:56:09.8668032-04:00,2026-03-19T02:56:09.8668032Z,,v3,471436,471275,10559,"Cancel, Chris",837525,Right,UCO_HUS,7a775e7a-53af-4927-afd1-db442390f47b,55.19256,-115.43115,12.60952,4.28667,5.09087,-19.35918,-2.16492,4.77536,-3.6042,,,,,,,,,,,,,,,,,,,,,,,,,,,,,,,,,,,,,,,,,,,,,,,,,,,High,High,High,,,,,,,,,,,,,,,,,,,,,,,,,,,,,,,,,,,,,,,
200,2026-03-18,22:56:26.13,4,2,"Shaw, Greg",837542,Right,UCO_HUS,"Walsh, Waylon",1000338272,Left,SAN_BRO,Undefined,5,Bottom,2,0,1,Splitter,Splitter,StrikeSwinging,Undefined,Undefined,Undefined,0,0,,78.13314,2.325383,-1.961991,949.000158,307.771067,4:15,4.24102,2.17664,5.21966,-54.84574,-6.48429,10.86934,1.85942,1.23698,69.66026,-7.702575,-0.034958,0.50052,,,,,,,,,,,,-6.08618,-3.44705,-2.0039,50,4.41528,3.4142,-112.9374,2.64164,-7.62941,26.20531,-36.49514,SAN_BRO,UCO_HUS,StephenSchottBBS,D1,WCC,20260318-StephenSchottBBS-1,38aa6940-233f-11f1-bc73-db1efe8e085b,75.30662,,,8.47289,,,,,,,4f91a5e0-4f32-4f63-8172-e61544f835a3,2026-03-19,02:56:26.13,2026-03-18T22:56:26.1329408-04:00,2026-03-19T02:56:26.1329408Z,,v3,471436,471275,10559,"Cancel, Chris",837525,Right,UCO_HUS,ecca38d3-42fa-4d87-993c-0bcaf701b5fe,55.27697,-114.15527,13.10265,4.2531,4.33773,-18.24757,-2.17081,3.76877,-3.8147,,,,,,,,,,,,,,,,,,,,,,,,,,,,,,,,,,,,,,,,,,,,,,,,,,,High,High,High,,,,,,,,,,,,,,,,,,,,,,,,,,,,,,,,,,,,,,,
201,2026-03-18,22:56:43.92,4,3,"Shaw, Greg",837542,Right,UCO_HUS,"Walsh, Waylon",1000338272,Left,SAN_BRO,Undefined,5,Bottom,2,0,2,Splitter,Splitter,BallCalled,Undefined,Undefined,Undefined,0,0,,78.68359,2.148373,-4.155161,948.128003,301.541188,4:00,4.32167,2.25431,5.36786,-48.3577,-1.13709,4.74949,2.31252,-1.25279,70.59516,-6.716502,-3.314755,0.494581,,,,,,,,,,,,-3.78252,-0.76311,-1.88442,50,4.48101,8.06093,-113.62299,2.61823,-4.84134,24.88221,-33.15077,SAN_BRO,UCO_HUS,StephenSchottBBS,D1,WCC,20260318-StephenSchottBBS-1,43462ba0-233f-11f1-bc73-db1efe8e085b,76.21088,,,8.08843,,,,,,,4f91a5e0-4f32-4f63-8172-e61544f835a3,2026-03-19,02:56:43.92,2026-03-18T22:56:43.9230976-04:00,2026-03-19T02:56:43.9230976Z,,v3,471436,471275,10559,"Cancel, Chris",837525,Right,UCO_HUS,6ed44ede-c9ae-4228-ad28-93e8638da216,55.12906,-114.7407,12.44111,4.32995,4.10737,-16.57538,-2.2514,8.27841,-2.42067,,,,,,,,,,,,,,,,,,,,,,,,,,,,,,,,,,,,,,,,,,,,,,,,,,,High,High,High,,,,,,,,,,,,,,,,,,,,,,,,,,,,,,,,,,,,,,,
202,2026-03-18,22:57:02.47,4,4,"Shaw, Greg",837542,Right,UCO_HUS,"Walsh, Waylon",1000338272,Left,SAN_BRO,Undefined,5,Bottom,2,1,2,Sinker,Sinker,BallCalled,Undefined,Undefined,Undefined,0,0,,90.91774,1.30031,-2.790754,2027.562475,252.460381,2:30,4.3226,2.03568,5.35588,-26.95541,8.44063,22.31182,3.29747,1.27562,80.87835,-3.730256,1.169031,0.428202,,,,,,,,,,,,-12.0415,4.17366,-1.80072,50,4.42103,5.33534,-131.46861,1.98778,-20.54904,34.35242,-25.05159,SAN_BRO,UCO_HUS,StephenSchottBBS,D1,WCC,20260318-StephenSchottBBS-1,4e489f10-233f-11f1-bc73-db1efe8e085b,88.02487,,,10.03939,,,,,,,4f91a5e0-4f32-4f63-8172-e61544f835a3,2026-03-19,02:57:02.47,2026-03-18T22:57:02.4771584-04:00,2026-03-19T02:57:02.4771584Z,,v3,471436,471275,10559,"Cancel, Chris",837525,Right,UCO_HUS,58b9bb74-0291-48db-90e6-1417c504ebcd,55.13978,-132.80483,17.17621,4.32476,2.96222,-12.52579,-2.02379,6.13465,-10.27452,,,,,,,,,,,,,,,,,,,,,,,,,,,,,,,,,,,,,,,,,,,,,,,,,,,High,High,High,,,,,,,,,,,,,,,,,,,,,,,,,,,,,,,,,,,,,,,
203,2026-03-18,22:57:22.42,4,5,"Shaw, Greg",837542,Right,UCO_HUS,"Walsh, Waylon",1000338272,Left,SAN_BRO,Undefined,5,Bottom,2,2,2,Sinker,Sinker,StrikeCalled,Strikeout,Undefined,Undefined,0,0,,89.90698,-0.161886,-4.043252,2246.855573,252.254549,2:30,4.2381,2.09283,5.4941,-26.96399,8.88674,23.52167,1.83929,0.26446,80.54684,-5.188802,0.13726,0.430944,,,,,,,,,,,,-13.10812,4.92469,-1.75459,50,4.20608,8.10139,-130.01431,-1.33741,-22.01381,32.05253,-23.90353,SAN_BRO,UCO_HUS,StephenSchottBBS,D1,WCC,20260318-StephenSchottBBS-1,5a2daa50-233f-11f1-bc73-db1efe8e085b,87.46488,,,9.36014,,,,,,,4f91a5e0-4f32-4f63-8172-e61544f835a3,2026-03-19,02:57:22.42,2026-03-18T22:57:22.4200000-04:00,2026-03-19T02:57:22.4200000Z,,v3,471436,471275,10559,"Cancel, Chris",837525,Right,UCO_HUS,9cb15e36-c043-48a7-9833-2330f119ca03,55.00345,-131.24202,16.02627,4.23977,-0.42183,-11.95176,-2.08105,8.94458,-11.00691,,,,,,,,,,,,,,,,,,,,,,,,,,,,,56.72756,,,1.280859,,,,-0.34822,4.40745,-4.20486,81.88834,2.09565,42.89478,-0.29497,70.7845,-5.23877,4.4502,16.94954,-14.73142,-4.19288,38.82179,-1.62307,High,High,High,,,Medium,High,High,,,,,,,,,,,,,,,,,,,,,,,,,,,,,,,,,,
204,2026-03-18,23:00:37.20,1,1,"Reimers, Max",10179986,Right,SAN_BRO,"Tirado, Gabriel",815559,Left,UCO_HUS,Undefined,6,Top,0,0,0,Fastball,Four-Seam,StrikeCalled,Undefined,Undefined,Undefined,0,0,,93.39342,-1.787035,-1.840365,2494.61495,207.75391,1:00,5.75745,1.33166,6.38729,-10.69363,21.24304,10.56036,3.22114,0.51825,83.95097,-3.92583,0.071539,0.40674,,,,,,,,,,,,-6.04052,11.93257,-1.20348,50,5.62333,3.89348,-135.44449,-4.42342,-11.03695,34.11304,-10.37139,SAN_BRO,UCO_HUS,StephenSchottBBS,D1,WCC,20260318-StephenSchottBBS-1,ce413dd0-233f-11f1-bc73-db1efe8e085b,92.66973,,,9.44245,,,,,,,4f91a5e0-4f32-4f63-8172-e61544f835a3,2026-03-19,03:00:37.20,2026-03-18T23:00:37.2080000-04:00,2026-03-19T03:00:37.2080000Z,,v3,471436,471275,10559,"Wheeler, Mace",1000367898,Right,SAN_BRO,18db9e54-a6c1-48ad-8109-2664d099a2df,54.10824,-136.47527,17.05652,5.75226,-4.11003,-5.1857,-1.32617,4.22698,-5.51847,,,,,,,,,,,,,,,,,,,,,,,,,,,,,,,,,,,,,,,,,,,,,,,,,,,High,High,High,,,,,,,,,,,,,,,,,,,,,,,,,,,,,,,,,,,,,,,
205,2026-03-18,23:00:54.19,1,2,"Reimers, Max",10179986,Right,SAN_BRO,"Tirado, Gabriel",815559,Left,UCO_HUS,Undefined,6,Top,0,0,1,Fastball,Four-Seam,BallCalled,Undefined,Undefined,Undefined,0,0,,93.99836,-3.998109,-2.078854,2468.208606,209.634169,1:00,5.78319,1.31375,6.34332,-9.54398,22.14088,11.92135,1.29872,0.39252,84.63417,-5.91475,0.077225,0.405133,,,,,,,,,,,,-6.84599,13.13418,-1.16775,50,5.48709,4.42568,-136.06475,-9.67965,-12.62844,34.31964,-7.94615,SAN_BRO,UCO_HUS,StephenSchottBBS,D1,WCC,20260318-StephenSchottBBS-1,d8644dc0-233f-11f1-bc73-db1efe8e085b,93.03728,,,9.36419,,,,,,,4f91a5e0-4f32-4f63-8172-e61544f835a3,2026-03-19,03:00:54.19,2026-03-18T23:00:54.1940000-04:00,2026-03-19T03:00:54.1940000Z,,v3,471436,471275,10559,"Wheeler, Mace",1000367898,Right,SAN_BRO,876fbcdb-2637-4bb7-9688-ace7527693de,54.15375,-137.10844,17.15982,5.77779,-9.438,-3.97308,-1.30818,4.80972,-6.31422,,,,,,,,,,,,,,,,,,,,,,,,,,,,,,,,,,,,,,,,,,,,,,,,,,,High,High,High,,,,,,,,,,,,,,,,,,,,,,,,,,,,,,,,,,,,,,,
206,2026-03-18,23:01:11.05,1,3,"Reimers, Max",10179986,Right,SAN_BRO,"Tirado, Gabriel",815559,Left,UCO_HUS,Undefined,6,Top,0,1,1,Curveball,Curveball,StrikeCalled,Undefined,Undefined,Undefined,0,0,,78.61329,0.991282,0.072394,2308.791806,46.093708,7:30,5.49829,1.48272,5.72019,-54.01424,-7.96233,-9.93292,1.92056,0.72241,71.49158,-8.903406,-1.708748,0.488422,,,,,,,,,,,,5.03441,-3.80095,-1.48275,50,5.54839,0.24515,-114.08847,0.15961,6.53722,23.88957,-37.1096,SAN_BRO,UCO_HUS,StephenSchottBBS,D1,WCC,20260318-StephenSchottBBS-1,e27d99b0-233f-11f1-bc73-db1efe8e085b,77.17186,,,7.12171,,,,,,,4f91a5e0-4f32-4f63-8172-e61544f835a3,2026-03-19,03:01:11.05,2026-03-18T23:01:11.0510000-04:00,2026-03-19T03:01:11.0510000Z,,v3,471436,471275,10559,"Wheeler, Mace",1000367898,Right,SAN_BRO,9f30a346-fc92-499d-a3c4-d4add046d5f6,54.77956,-115.08493,11.94479,5.50945,1.7075,-18.5548,-1.48729,-0.02753,3.26861,,,,,,,,,,,,,,,,,,,,,,,,,,,,,,,,,,,,,,,,,,,,,,,,,,,High,High,High,,,,,,,,,,,,,,,,,,,,,,,,,,,,,,,,,,,,,,,
207,2026-03-18,23:01:28.77,1,4,"Reimers, Max",10179986,Right,SAN_BRO,"Tirado, Gabriel",815559,Left,UCO_HUS,Undefined,6,Top,0,1,2,Curveball,Curveball,BallinDirt,Undefined,Undefined,Undefined,0,0,,79.01626,-1.072342,-0.855164,2589.663221,30.503481,7:00,5.56949,1.7508,5.65972,-56.32157,-10.74316,-7.22335,-0.12421,0.35132,72.56659,-11.290465,-2.152127,0.485905,,,,,,,,,,,,3.44973,-4.84465,-1.67362,50,5.44244,1.98107,-114.72817,-4.02121,4.53702,23.85085,-38.54565,SAN_BRO,UCO_HUS,StephenSchottBBS,D1,WCC,20260318-StephenSchottBBS-1,ed0c8ad0-233f-11f1-bc73-db1efe8e085b,77.57168,,,6.44968,,,,,,,4f91a5e0-4f32-4f63-8172-e61544f835a3,2026-03-19,03:01:28.77,2026-03-18T23:01:28.7760000-04:00,2026-03-19T03:01:28.7760000Z,,v3,471436,471275,10559,"Wheeler, Mace",1000367898,Right,SAN_BRO,6f1fde55-e6e5-4e57-bfee-b00831d360c5,54.84336,-115.73068,11.92542,5.57741,-2.40105,-19.27282,-1.75287,1.79036,2.26851,,,,,,,,,,,,,,,,,,,,,,,,,,,,,,,,,,,,,,,,,,,,,,,,,,,High,High,High,,,,,,,,,,,,,,,,,,,,,,,,,,,,,,,,,,,,,,,
208,2026-03-18,23:01:47.22,1,5,"Reimers, Max",10179986,Right,SAN_BRO,"Tirado, Gabriel",815559,Left,UCO_HUS,Undefined,6,Top,0,2,2,Curveball,Curveball,StrikeSwinging,Strikeout,Undefined,Undefined,0,0,,79.816,0.655359,-2.172466,2448.857431,41.964032,7:30,5.50042,1.70144,5.58117,-56.51877,-11.44855,-11.70556,1.40304,-1.3039,72.65557,-9.629503,-4.263471,0.483188,,,,,,,,,,,,5.23516,-5.61583,-1.50663,50,5.51969,4.84808,-115.74954,-0.62208,6.97416,25.246,-39.65532,SAN_BRO,UCO_HUS,StephenSchottBBS,D1,WCC,20260318-StephenSchottBBS-1,f80cdb60-233f-11f1-bc73-db1efe8e085b,78.00777,,,7.16043,,,,,,,4f91a5e0-4f32-4f63-8172-e61544f835a3,2026-03-19,03:01:47.22,2026-03-18T23:01:47.2270000-04:00,2026-03-19T03:01:47.2270000Z,,v3,471436,471275,10559,"Wheeler, Mace",1000367898,Right,SAN_BRO,17c40a88-53af-42ce-bdb1-04f525d36733,54.92075,-116.81787,12.623,5.51051,1.05601,-19.82766,-1.70554,4.55296,3.48708,,,,,,,,,,,,,,,,,,,,,,,,,,,,,67.23223,,,0.952148,,,,3.07967,5.75985,-4.03245,74.19575,3.91655,-50.58526,3.11579,79.74363,-5.36134,5.77525,9.81185,-12.36151,-4.09206,-55.63385,7.16897,High,High,High,,,Medium,High,High,,,,,,,,,,,,,,,,,,,,,,,,,,,,,,,,,,
209,2026-03-18,23:02:20.41,2,1,"Reimers, Max",10179986,Right,SAN_BRO,"Jemison, Peyton",10267615,Right,UCO_HUS,Undefined,6,Top,1,0,0,Fastball,Four-Seam,InPlay,Undefined,GroundBall,Double,0,0,,90.96172,-1.493946,-3.102103,2380.935925,218.551023,1:15,5.86774,1.30518,6.37569,-12.27792,21.66072,16.20816,3.46775,-0.20103,81.20915,-3.946808,-0.171747,0.419294,101.65177,14.457343,-29.668986,2546.369525,92.8791,18.19786,-58.93593,213.44056,161.64773,-36.562624,1.884778,-9.52871,12.17851,-1.0884,50,5.75401,6.47472,-131.78078,-3.69068,-16.35672,34.22864,-11.26873,SAN_BRO,UCO_HUS,StephenSchottBBS,D1,WCC,20260318-StephenSchottBBS-1,0bcba2d0-2340-11f1-bc73-db1efe8e085b,89.89505,18.18763,,9.75257,,,,1.50799,3.46775,0.17598,4f91a5e0-4f32-4f63-8172-e61544f835a3,2026-03-19,03:02:20.41,2026-03-18T23:02:20.4160000-04:00,2026-03-19T03:02:20.4160000Z,LineDrive,v3,471436,471275,10559,"Wheeler, Mace",1000367898,Right,SAN_BRO,bdf9f321-803a-4b16-a42a-c56a90bde45b,54.12173,-132.84704,17.11432,5.86351,-3.33964,-5.63437,-1.29803,6.98426,-8.17836,,1.50799,125.44122,-22.88208,3.15793,-0.71092,0.14933,-0.02747,0.00409,-0.00033,3.46775,37.2214,-26.39359,4.15334,-0.91504,0.23272,-0.04889,0.00743,-0.00059,0.17598,-71.46046,1.67301,0.33647,-0.10223,0.02997,-0.00786,0.00138,-0.00012,,,,,,,,,,,,,,,,,,,,,,,High,High,High,High,Medium,,,,,,,,,,,,,,,,,,,,,,,,,,,,,,,,,,,,,
210,2026-03-18,23:03:06.11,3,1,"Reimers, Max",10179986,Right,SAN_BRO,"Rispoli, Robert",10111517,Right,UCO_HUS,Undefined,6,Top,1,0,0,Fastball,Four-Seam,FoulBallNotFieldable,Undefined,Undefined,Undefined,0,0,,91.90207,-2.90017,-1.726127,2401.93254,212.366315,1:00,5.87372,0.87879,6.59184,-11.24497,21.58808,12.89686,2.2758,0.37144,82.54211,-5.149849,0.618362,0.412408,71.60708,59.531088,155.727214,5478.401764,,,,,30.795,,,-7.34831,12.66662,-0.76563,50,5.67017,3.49615,-133.24741,-6.95944,-12.95162,33.87847,-9.84872,SAN_BRO,UCO_HUS,StephenSchottBBS,D1,WCC,20260318-StephenSchottBBS-1,27067610-2340-11f1-bc73-db1efe8e085b,91.396,46.62694,,9.35996,,,,1.46821,2.36405,-0.40359,4f91a5e0-4f32-4f63-8172-e61544f835a3,2026-03-19,03:03:06.11,2026-03-18T23:03:06.1170000-04:00,2026-03-19T03:03:06.1170000Z,,v3,471436,471275,10559,"Wheeler, Mace",1000367898,Right,SAN_BRO,736a07dc-2a83-4fec-b82a-b00aefd9a8e6,53.9057,-134.23677,16.93924,5.86921,-6.67182,-4.92436,-0.87325,3.87438,-6.47581,345.30929,1.46822,-48.5472,-2.02626,1.63743,0.37427,-0.4723,-1.61117,3.13711,-1.64872,2.36405,90.51991,-31.82568,4.16654,-0.48011,0.22758,-1.62937,2.41088,-1.16927,-0.40359,21.89184,-4.2023,0.71917,-0.09937,0.06965,-0.2466,0.32186,-0.14877,,,,,,,,,,,,,,,,,,,,,,,High,High,High,High,Undefined,,,,,,,,,,,,,,,,,,,,,,,,,,,,,,,,,,,,,
211,2026-03-18,23:03:29.20,3,2,"Reimers, Max",10179986,Right,SAN_BRO,"Rispoli, Robert",10111517,Right,UCO_HUS,Undefined,6,Top,1,0,1,Curveball,Curveball,InPlay,Undefined,GroundBall,Single,0,1,,78.64834,0.950998,-1.475006,2321.434421,41.974558,7:30,5.62987,1.09764,5.6886,-54.27397,-8.58205,-9.02626,1.99379,-1.02962,72.20172,-8.94993,-3.091222,0.486509,90.31918,8.224353,8.145803,1459.436845,,,,127.99443,127.99443,11.740351,1.107794,4.17827,-4.27599,-0.96771,50,5.67557,3.28086,-114.22906,0.09619,5.48598,22.27509,-37.78833,SAN_BRO,UCO_HUS,StephenSchottBBS,D1,WCC,20260318-StephenSchottBBS-1,34d43e80-2340-11f1-bc73-db1efe8e085b,77.47528,6.45104,,6.44662,,,,0.78948,1.88425,1.05394,4f91a5e0-4f32-4f63-8172-e61544f835a3,2026-03-19,03:03:29.20,2026-03-18T23:03:29.2030000-04:00,2026-03-19T03:03:29.2030000Z,GroundBall,v3,471436,471275,10559,"Wheeler, Mace",1000367898,Right,SAN_BRO,c67e77d3-3f30-4cb1-903f-a11c7dadd832,54.81401,-115.16399,11.13754,5.63824,1.68223,-18.89416,-1.10058,3.0506,2.74299,283.662495,0.78948,129.78278,-18.19626,2.78628,-0.55056,0.09142,-0.01696,0.00293,-0.0003,1.88425,18.94948,-20.6288,2.19121,-0.4494,0.10007,-0.01946,0.00354,-0.0004,1.05394,18.57669,5.16173,-1.85302,0.50476,-0.12347,0.02744,-0.00525,0.00057,,,,,,,,,,,,,,,,,,,,,,,High,High,High,High,High,,,,,,,,,,,,,,,,,,,,,,,,,,,,,,,,,,,,,
212,2026-03-18,23:04:33.95,4,1,"Reimers, Max",10179986,Right,SAN_BRO,"Minick, Tyler",835230,Right,UCO_HUS,Undefined,6,Top,1,0,0,Curveball,Curveball,BallCalled,Undefined,Undefined,Undefined,0,0,,77.53165,3.548783,0.507277,2302.383965,53.433396,7:45,5.63325,1.09076,5.8532,-53.03542,-6.10315,-10.30949,4.51541,0.703,70.46488,-6.217053,-1.340871,0.493068,,,,,,,,,,,,5.36516,-3.61693,-1.12614,50,5.89149,-0.60141,-112.41323,5.25744,6.81699,21.71528,-36.76977,SAN_BRO,UCO_HUS,StephenSchottBBS,D1,WCC,20260318-StephenSchottBBS-1,5b6ee770-2340-11f1-bc73-db1efe8e085b,76.44464,,,7.06677,,,,,,,4f91a5e0-4f32-4f63-8172-e61544f835a3,2026-03-19,03:04:33.95,2026-03-18T23:04:33.9540000-04:00,2026-03-19T03:04:33.9540000Z,,v3,471436,471275,10559,"Wheeler, Mace",1000367898,Right,SAN_BRO,8ce9e05c-6f46-44cb-ad86-4405204909c5,54.64695,-113.30734,10.85764,5.64385,6.77141,-18.38488,-1.0956,-0.88209,3.40849,,,,,,,,,,,,,,,,,,,,,,,,,,,,,,,,,,,,,,,,,,,,,,,,,,,High,High,High,,,,,,,,,,,,,,,,,,,,,,,,,,,,,,,,,,,,,,,
213,2026-03-18,23:05:12.74,4,2,"Reimers, Max",10179986,Right,SAN_BRO,"Minick, Tyler",835230,Right,UCO_HUS,Undefined,6,Top,1,1,0,Fastball,Sinker,BallCalled,Undefined,Undefined,Undefined,0,0,,89.70946,0.773117,-0.839955,2349.963817,226.395933,1:30,5.95561,0.92672,6.43596,-16.92308,17.63556,17.19934,5.25596,1.58802,80.49223,-2.521971,2.278032,0.423107,,,,,,,,,,,,-9.11961,9.26548,-0.87336,50,6.00252,1.18594,-130.19474,1.34347,-15.36536,32.02276,-16.56294,SAN_BRO,UCO_HUS,StephenSchottBBS,D1,WCC,20260318-StephenSchottBBS-1,7281bbe0-2340-11f1-bc73-db1efe8e085b,89.08499,,,9.21722,,,,,,,4f91a5e0-4f32-4f63-8172-e61544f835a3,2026-03-19,03:05:12.74,2026-03-18T23:05:12.7430000-04:00,2026-03-19T03:05:12.7430000Z,,v3,471436,471275,10559,"Wheeler, Mace",1000367898,Right,SAN_BRO,263b3562-b88b-47bc-92e9-a7c85f17b31b,54.05905,-131.18931,16.01138,5.9528,1.85789,-8.28147,-0.91761,1.66316,-7.68268,,,,,,,,,,,,,,,,,,,,,,,,,,,,,,,,,,,,,,,,,,,,,,,,,,,High,High,High,,,,,,,,,,,,,,,,,,,,,,,,,,,,,,,,,,,,,,,
214,2026-03-18,23:05:44.16,4,3,"Reimers, Max",10179986,Right,SAN_BRO,"Minick, Tyler",835230,Right,UCO_HUS,Undefined,6,Top,1,2,0,Curveball,Curveball,StrikeSwinging,Undefined,Undefined,Undefined,0,0,,78.91936,0.731132,-0.967615,2402.134517,25.786021,6:45,5.60156,1.08982,6.0019,-52.09605,-7.40922,-4.24984,1.93781,-0.16099,72.61253,-8.830554,-1.73359,0.481129,,,,,,,,,,,,1.90602,-3.57894,-1.01143,50,5.63072,2.09425,-114.71976,-0.2021,2.5325,21.81354,-36.92927,SAN_BRO,UCO_HUS,StephenSchottBBS,D1,WCC,20260318-StephenSchottBBS-1,85435ea0-2340-11f1-bc73-db1efe8e085b,78.34171,,,6.30683,,,,,,,4f91a5e0-4f32-4f63-8172-e61544f835a3,2026-03-19,03:05:44.16,2026-03-18T23:05:44.1630000-04:00,2026-03-19T03:05:44.1630000Z,,v3,471436,471275,10559,"Wheeler, Mace",1000367898,Right,SAN_BRO,bc06b3e7-947a-4dc5-8ee6-f237348f9334,54.49987,-115.57223,10.90677,5.61042,1.24109,-18.46464,-1.09134,1.99529,1.26625,,,,,,,,,,,,,,,,,,,,,,,,,,,,,,,,,,,,,,,,,,,,,,,,,,,High,High,High,,,,,,,,,,,,,,,,,,,,,,,,,,,,,,,,,,,,,,,
215,2026-03-18,23:06:03.77,4,4,"Reimers, Max",10179986,Right,SAN_BRO,"Minick, Tyler",835230,Right,UCO_HUS,Undefined,6,Top,1,2,1,Fastball,Four-Seam,StrikeSwinging,Undefined,Undefined,Undefined,0,0,,92.55552,-2.034494,-1.416532,2344.954627,217.262103,1:15,5.89213,1.06711,6.46794,-14.79485,17.4008,12.39032,2.78931,0.79837,83.87167,-4.902017,0.831536,0.408385,,,,,,,,,,,,-6.86784,10.03186,-0.97204,50,5.74167,2.80574,-134.36163,-5.14471,-12.43148,31.78192,-14.01539,SAN_BRO,UCO_HUS,StephenSchottBBS,D1,WCC,20260318-StephenSchottBBS-1,90eb87f0-2340-11f1-bc73-db1efe8e085b,92.29631,,,8.68385,,,,,,,4f91a5e0-4f32-4f63-8172-e61544f835a3,2026-03-19,03:06:03.77,2026-03-18T23:06:03.7740000-04:00,2026-03-19T03:06:03.7740000Z,,v3,471436,471275,10559,"Wheeler, Mace",1000367898,Right,SAN_BRO,b60c951a-b985-435b-95f2-58a09e69a7ce,54.02944,-135.3114,15.89096,5.88915,-4.72588,-7.00769,-1.06144,3.17724,-6.21574,,,,,,,,,,,,,,,,,,,,,,,,,,,,,,,,,,,,,,,,,,,,,,,,,,,High,High,High,,,,,,,,,,,,,,,,,,,,,,,,,,,,,,,,,,,,,,,
216,2026-03-18,23:06:23.28,4,5,"Reimers, Max",10179986,Right,SAN_BRO,"Minick, Tyler",835230,Right,UCO_HUS,Undefined,6,Top,1,2,2,Curveball,Curveball,BallinDirt,Undefined,Undefined,Undefined,0,0,,79.81571,-0.929185,-2.201408,2348.062713,12.77466,6:30,5.64784,1.2519,5.91808,-49.86723,-5.82957,-1.64169,0.62921,-0.9289,73.44006,-10.042591,-2.49687,0.477621,,,,,,,,,,,,0.19362,-2.37386,-1.07453,50,5.54471,4.51533,-115.89755,-3.48525,0.26153,23.04683,-35.38073,SAN_BRO,UCO_HUS,StephenSchottBBS,D1,WCC,20260318-StephenSchottBBS-1,9c93d850-2340-11f1-bc73-db1efe8e085b,78.91701,,,6.37565,,,,,,,4f91a5e0-4f32-4f63-8172-e61544f835a3,2026-03-19,03:06:23.28,2026-03-18T23:06:23.2840000-04:00,2026-03-19T03:06:23.2840000Z,,v3,471436,471275,10559,"Wheeler, Mace",1000367898,Right,SAN_BRO,506517ac-a6f8-48aa-985f-6e6827c6e64a,54.58391,-116.80552,11.52342,5.65456,-2.09136,-17.69037,-1.25221,4.50503,0.13076,,,,,,,,,,,,,,,,,,,,,,,,,,,,,,,,,,,,,,,,,,,,,,,,,,,High,High,High,,,,,,,,,,,,,,,,,,,,,,,,,,,,,,,,,,,,,,,
217,2026-03-18,23:06:47.60,4,6,"Reimers, Max",10179986,Right,SAN_BRO,"Minick, Tyler",835230,Right,UCO_HUS,Undefined,6,Top,1,3,2,Curveball,Curveball,BallinDirt,Walk,Undefined,Undefined,0,0,,79.0199,-1.472449,-2.75316,2506.947075,48.851075,7:45,5.72728,1.1206,5.92478,-49.75676,-4.67012,-7.02382,0.21268,-2.0214,72.70718,-10.549692,-4.016363,0.483276,,,,,,,,,,,,2.80902,-1.63402,-0.89608,50,5.58073,5.76459,-114.65101,-4.51643,3.70232,23.13474,-34.32772,SAN_BRO,UCO_HUS,StephenSchottBBS,D1,WCC,20260318-StephenSchottBBS-1,ab0f45e0-2340-11f1-bc73-db1efe8e085b,77.99358,,,6.31271,,,,,,,4f91a5e0-4f32-4f63-8172-e61544f835a3,2026-03-19,03:06:47.60,2026-03-18T23:06:47.6030000-04:00,2026-03-19T03:06:47.6030000Z,,v3,471436,471275,10559,"Wheeler, Mace",1000367898,Right,SAN_BRO,29ad1d59-acd8-43b0-9f66-0f1be91d7d76,54.57742,-115.57097,11.56737,5.73319,-3.15138,-17.16386,-1.12238,5.61737,1.85116,,,,,,,,,,,,,,,,,,,,,,,,,,,,,,,,,,,,,,,,,,,,,,,,,,,High,High,High,,,,,,,,,,,,,,,,,,,,,,,,,,,,,,,,,,,,,,,
218,2026-03-18,23:07:45.56,5,1,"Reimers, Max",10179986,Right,SAN_BRO,"Marshall, Jackson",837532,Right,UCO_HUS,Undefined,6,Top,1,0,0,Fastball,Four-Seam,InPlay,Undefined,GroundBall,Single,0,1,,91.24986,-2.701078,-1.832514,2344.879911,213.262557,1:00,5.94523,1.03083,6.27123,-13.3817,20.20344,12.44698,2.33692,0.37816,82.27558,-5.318991,0.416607,0.417104,107.61241,8.882341,-27.520179,3271.925446,94.3169,8.93367,-56.60499,175.66726,175.25576,-33.725995,1.314452,-7.10241,11.7519,-0.90135,50,5.73881,3.72603,-132.30636,-6.56811,-12.39034,32.39312,-11.67253,SAN_BRO,UCO_HUS,StephenSchottBBS,D1,WCC,20260318-StephenSchottBBS-1,cd96b080-2340-11f1-bc73-db1efe8e085b,90.36692,9.54321,,8.97429,,,,3.26647,2.74739,-0.62201,4f91a5e0-4f32-4f63-8172-e61544f835a3,2026-03-19,03:07:45.56,2026-03-18T23:07:45.5640000-04:00,2026-03-19T03:07:45.5640000Z,LineDrive,v3,471436,471275,10559,"Wheeler, Mace",1000367898,Right,SAN_BRO,536010b2-87b0-421e-8f55-b4cd692e0de5,54.22782,-133.33746,16.19656,5.94196,-6.19657,-5.83627,-1.02623,4.12042,-6.19517,,3.26646,138.29484,-27.40863,4.82817,-1.16828,0.23392,0.12324,-0.14012,0.03698,2.74739,24.37069,-23.52007,3.36919,-0.86427,0.25105,-0.00244,-0.04735,0.0149,-0.62202,-72.05119,-3.79974,2.80349,-1.17115,0.56178,-0.0866,-0.08185,0.03222,,,,,,,,,,,,,,,,,,,,,,,High,High,High,Medium,High,,,,,,,,,,,,,,,,,,,,,,,,,,,,,,,,,,,,,
219,2026-03-18,23:08:34.08,6,1,"Reimers, Max",10179986,Right,SAN_BRO,"Polemeni, Chris",1000214322,Right,UCO_HUS,Undefined,6,Top,1,0,0,Fastball,Four-Seam,InPlay,Undefined,GroundBall,Out,2,0,,90.00271,-2.349083,-2.164464,2278.305615,212.088254,1:00,5.8868,0.78661,6.41885,-13.07792,21.07844,12.46615,2.63471,-0.16528,81.4984,-4.916561,0.093563,0.420637,86.06787,-32.741723,-4.248999,,,,,4.99041,4.99041,-1.545748,0.037924,-7.17327,12.07918,-0.6374,50,5.71274,4.43663,-130.58129,-5.64801,-12.25792,30.14578,-11.53273,SAN_BRO,UCO_HUS,StephenSchottBBS,D1,WCC,20260318-StephenSchottBBS-1,ea84b200-2340-11f1-bc73-db1efe8e085b,89.60804,2.59558,,8.50431,,,,0.96312,2.59558,0.16446,4f91a5e0-4f32-4f63-8172-e61544f835a3,2026-03-19,03:08:34.08,2026-03-18T23:08:34.0840000-04:00,2026-03-19T03:08:34.0840000Z,GroundBall,v3,471436,471275,10559,"Wheeler, Mace",1000367898,Right,SAN_BRO,1ad1dd6a-b59a-4fa6-b409-497836682747,54.07966,-131.51974,15.07289,5.88298,-5.28899,-5.76637,-0.78145,4.81822,-6.12896,,0.96152,106.14692,,,,,,,,2.59661,-68.44243,,,,,,,,0.16458,-7.88621,,,,,,,,,,,,,,,,,,,,,,,,,,,,,,High,High,High,Estimated,Estimated,,,,,,,,,,,,,,,,,,,,,,,,,,,,,,,,,,,,,
220,2026-03-18,23:10:47.15,1,1,"Shaw, Greg",837542,Right,UCO_HUS,"Rayment, Andrew",827439,Left,SAN_BRO,Undefined,6,Bottom,0,0,0,Sinker,Sinker,FoulBallNotFieldable,Undefined,Undefined,Undefined,0,0,,89.11454,1.197799,-3.108712,2020.168622,269.597661,3:00,4.34233,2.17146,5.39527,-34.9473,1.4624,21.47521,2.5544,1.04483,80.23578,-5.233061,0.705949,0.43429,,,,,,,,,,,,-11.78229,0.72063,-1.90956,50,4.42493,6.03321,-129.04177,1.36933,-19.57146,30.5789,-30.97699,SAN_BRO,UCO_HUS,StephenSchottBBS,D1,WCC,20260318-StephenSchottBBS-1,39d3e330-2341-11f1-bc73-db1efe8e085b,86.7909,,,8.87877,,,,,,,4f91a5e0-4f32-4f63-8172-e61544f835a3,2026-03-19,03:10:47.15,2026-03-18T23:10:47.1566848-04:00,2026-03-19T03:10:47.1566848Z,,v3,471436,471275,10559,"Cancel, Chris",837525,Right,UCO_HUS,8110f2f4-3e1c-45e2-b849-c5b45516e09b,55.10445,-130.24575,15.28945,4.34701,2.58898,-15.4885,-2.16227,6.80379,-9.78573,,,,,,,,,,,,,,,,,,,,,,,,,,,,,,,,,,,,,,,,,,,,,,,,,,,High,High,High,,,,,,,,,,,,,,,,,,,,,,,,,,,,,,,,,,,,,,,
221,2026-03-18,23:11:06.49,1,2,"Shaw, Greg",837542,Right,UCO_HUS,"Rayment, Andrew",827439,Left,SAN_BRO,Undefined,6,Bottom,0,0,1,Slider,Curveball,StrikeCalled,Undefined,Undefined,Undefined,0,0,,78.51423,3.002202,-1.155065,996.983423,29.382227,7:00,4.47989,2.14901,4.99801,-64.37244,-15.59017,-9.94489,1.95306,0.22963,69.49827,-8.681857,-2.911548,0.502693,,,,,,,,,,,,4.42185,-8.22993,-2.02945,50,4.71684,2.71343,-113.34902,3.53718,5.52231,28.43859,-42.45216,SAN_BRO,UCO_HUS,StephenSchottBBS,D1,WCC,20260318-StephenSchottBBS-1,45677310-2341-11f1-bc73-db1efe8e085b,74.98109,,,9.01596,,,,,,,4f91a5e0-4f32-4f63-8172-e61544f835a3,2026-03-19,03:11:06.49,2026-03-18T23:11:06.4928768-04:00,2026-03-19T03:11:06.4928768Z,,v3,471436,471275,10559,"Cancel, Chris",837525,Right,UCO_HUS,6c58833f-09a6-4e45-abcd-109f7435ddbd,55.49979,-114.72059,14.2193,4.49687,5.58461,-21.22608,-2.15389,2.4471,2.76115,,,,,,,,,,,,,,,,,,,,,,,,,,,,,,,,,,,,,,,,,,,,,,,,,,,High,High,High,,,,,,,,,,,,,,,,,,,,,,,,,,,,,,,,,,,,,,,
222,2026-03-18,23:11:21.08,1,3,"Shaw, Greg",837542,Right,UCO_HUS,"Rayment, Andrew",827439,Left,SAN_BRO,Undefined,6,Bottom,0,0,2,Slider,Curveball,StrikeSwinging,Strikeout,Undefined,Undefined,0,0,,80.65739,2.198599,-0.75197,1025.947716,32.887076,7:00,4.31463,2.19775,5.09606,-61.27637,-15.34989,-11.17099,1.28139,0.55815,71.58305,-8.931994,-2.730769,0.487756,,,,,,,,,,,,5.25154,-7.975,-2.11744,50,4.47417,2.0101,-116.58331,2.16661,6.94344,29.93492,-42.7184,SAN_BRO,UCO_HUS,StephenSchottBBS,D1,WCC,20260318-StephenSchottBBS-1,4e187c70-2341-11f1-bc73-db1efe8e085b,77.27719,,,9.07434,,,,,,,4f91a5e0-4f32-4f63-8172-e61544f835a3,2026-03-19,03:11:21.08,2026-03-18T23:11:21.0840000-04:00,2026-03-19T03:11:21.0840000Z,,v3,471436,471275,10559,"Cancel, Chris",837525,Right,UCO_HUS,2c4bf1e8-83b6-4966-af5a-1671f52eb30f,55.40284,-117.96243,14.96746,4.32902,4.13467,-21.3592,-2.20268,1.69021,3.47172,,,,,,,,,,,,,,,,,,,,,,,,,,,,,70.14452,2.923316,1.958912,0.964404,2.31672,1.42138,-0.60081,-0.1874,5.10129,-0.6266,70.96492,6.3834,-53.81811,-0.13294,79.6433,-6.14747,5.11464,12.95106,-12.06663,-0.69823,-61.95819,7.14164,High,High,High,,,High,High,High,,,,,,,,,,,,,,,,,,,,,,,,,,,,,,,,,,
223,2026-03-18,23:12:12.32,2,1,"Shaw, Greg",837542,Right,UCO_HUS,"Tiendas, Matthew",1000163923,Left,SAN_BRO,Undefined,6,Bottom,1,0,0,Sinker,Sinker,FoulBallNotFieldable,Undefined,Undefined,Undefined,0,0,,88.99737,0.5764,-3.713338,1942.565178,242.299882,2:00,4.45811,2.13603,5.32495,-24.92655,11.8065,19.88974,2.92294,0.30407,79.79223,-4.080257,-0.18984,0.436215,74.23826,31.216477,-140.08101,2885.3973,,,,,46.65925,,,-11.12016,6.10713,-1.81452,50,4.49289,7.4316,-128.71154,0.41484,-18.34534,30.84632,-22.09889,SAN_BRO,UCO_HUS,StephenSchottBBS,D1,WCC,20260318-StephenSchottBBS-1,6c99a110-2341-11f1-bc73-db1efe8e085b,86.40804,24.96173,,9.20514,,,,-0.09167,2.79915,-0.28652,4f91a5e0-4f32-4f63-8172-e61544f835a3,2026-03-19,03:12:12.32,2026-03-18T23:12:12.3228160-04:00,2026-03-19T03:12:12.3228160Z,,v3,471436,471275,10559,"Cancel, Chris",837525,Right,UCO_HUS,119367d2-459c-42e8-b442-bd665e52b56e,55.17222,-129.94517,15.42316,4.45863,1.29864,-11.04945,-2.1264,8.16529,-9.17267,,-0.09167,-71.41713,4.51981,-1.07145,0.22716,-0.05613,0.01725,-0.00742,0.00253,2.79915,56.43091,-29.24625,4.34124,-1.02789,0.24281,-0.06374,0.01844,-0.00433,-0.28652,-59.75422,11.20417,-2.62599,0.57851,-0.14082,0.03811,-0.01217,0.00325,,,,,,,,,,,,,,,,,,,,,,,High,High,High,High,Undefined,,,,,,,,,,,,,,,,,,,,,,,,,,,,,,,,,,,,,
224,2026-03-18,23:12:35.70,2,2,"Shaw, Greg",837542,Right,UCO_HUS,"Tiendas, Matthew",1000163923,Left,SAN_BRO,Undefined,6,Bottom,1,0,1,Slider,Splitter,BallCalled,Undefined,Undefined,Undefined,0,0,,77.79839,4.111246,-0.718333,804.935058,21.477987,6:45,4.3248,2.15763,5.25485,-59.05881,-10.53485,-4.87107,3.27317,1.07671,69.56495,-6.663356,-1.581478,0.50136,,,,,,,,,,,,2.14504,-5.96461,-2.08813,50,4.6594,1.61429,-112.40951,5.96101,2.68158,24.73852,-39.63059,SAN_BRO,UCO_HUS,StephenSchottBBS,D1,WCC,20260318-StephenSchottBBS-1,7a924a10-2341-11f1-bc73-db1efe8e085b,75.18042,,,8.23344,,,,,,,4f91a5e0-4f32-4f63-8172-e61544f835a3,2026-03-19,03:12:35.70,2026-03-18T23:12:35.7005824-04:00,2026-03-19T03:12:35.7005824Z,,v3,471436,471275,10559,"Cancel, Chris",837525,Right,UCO_HUS,be5110ca-16f6-41be-a387-229ced47d03f,55.24272,-113.55744,12.36926,4.34012,7.79997,-19.8153,-2.16015,1.48986,1.34079,,,,,,,,,,,,,,,,,,,,,,,,,,,,,,,,,,,,,,,,,,,,,,,,,,,High,High,High,,,,,,,,,,,,,,,,,,,,,,,,,,,,,,,,,,,,,,,
225,2026-03-18,23:12:53.18,2,3,"Shaw, Greg",837542,Right,UCO_HUS,"Tiendas, Matthew",1000163923,Left,SAN_BRO,Undefined,6,Bottom,1,1,1,Splitter,Splitter,StrikeCalled,Undefined,Undefined,Undefined,0,0,,78.35151,2.244234,-2.909458,854.361701,350.387414,5:45,4.41714,2.12452,5.16182,-52.00952,-4.12264,1.00232,2.19918,-0.53279,70.37798,-7.240781,-2.732331,0.498058,,,,,,,,,,,,-1.49284,-2.32162,-1.85365,50,4.58711,5.7154,-113.26569,2.61149,-1.89743,24.85172,-35.12489,SAN_BRO,UCO_HUS,StephenSchottBBS,D1,WCC,20260318-StephenSchottBBS-1,84fd5f80-2341-11f1-bc73-db1efe8e085b,75.67887,,,7.97353,,,,,,,4f91a5e0-4f32-4f63-8172-e61544f835a3,2026-03-19,03:12:53.18,2026-03-18T23:12:53.1892224-04:00,2026-03-19T03:12:53.1892224Z,,v3,471436,471275,10559,"Cancel, Chris",837525,Right,UCO_HUS,410c353f-b981-4053-9b88-78ff75cf370c,55.33637,-114.43056,12.42586,4.42612,4.25789,-17.56244,-2.12364,5.80434,-0.94871,,,,,,,,,,,,,,,,,,,,,,,,,,,,,,,,,,,,,,,,,,,,,,,,,,,High,High,High,,,,,,,,,,,,,,,,,,,,,,,,,,,,,,,,,,,,,,,
226,2026-03-18,23:13:11.19,2,4,"Shaw, Greg",837542,Right,UCO_HUS,"Tiendas, Matthew",1000163923,Left,SAN_BRO,Undefined,6,Bottom,1,1,2,Slider,Splitter,InPlay,Undefined,LineDrive,Out,1,0,,78.22638,2.895404,-2.060477,896.783677,14.821285,6:30,4.34344,2.21768,5.55828,-60.48531,-13.52564,-4.01229,2.01228,-0.04264,70.88781,-8.139455,-2.775828,0.493212,92.75399,20.297527,15.091282,1923.584236,105.80358,34.68129,30.09268,328.37299,317.42162,16.555603,3.696067,1.37142,-7.38859,-2.03685,50,4.5535,4.23221,-113.34172,3.68034,1.75591,23.75609,-41.63413,SAN_BRO,UCO_HUS,StephenSchottBBS,D1,WCC,20260318-StephenSchottBBS-1,8fb905f0-2341-11f1-bc73-db1efe8e085b,76.42232,42.26626,,7.33857,,,,1.52023,2.12407,0.06684,4f91a5e0-4f32-4f63-8172-e61544f835a3,2026-03-19,03:13:11.19,2026-03-18T23:13:11.1909888-04:00,2026-03-19T03:13:11.1909888Z,LineDrive,v3,471436,471275,10559,"Cancel, Chris",837525,Right,UCO_HUS,76d13cef-ba00-4f29-afa4-dd91d1f2e266,54.94418,-114.37331,11.87804,4.35443,5.48827,-20.81706,-2.21897,4.15597,0.87795,198.023396,1.52009,123.19573,-20.49391,5.00704,-1.13478,0.25675,-0.05526,0.00875,-0.00063,2.12467,47.17249,-14.14129,-0.31357,0.56547,-0.27846,0.08625,-0.01399,0.00089,0.06672,33.22304,-2.37133,-0.18104,0.13623,-0.0266,0.00171,0.00018,-3E-05,,,,,,,,,,,,,,,,,,,,,,,High,High,High,High,High,,,,,,,,,,,,,,,,,,,,,,,,,,,,,,,,,,,,,
227,2026-03-18,23:13:47.65,3,1,"Shaw, Greg",837542,Right,UCO_HUS,"Ferroggiaro, Thomas",813763,Left,SAN_BRO,Undefined,6,Bottom,2,0,0,Slider,Curveball,BallCalled,Undefined,Undefined,Undefined,0,0,,77.97824,3.489771,0.099506,846.047959,37.093235,7:15,4.30776,2.14954,5.431,-60.25708,-12.47776,-10.77292,2.55869,1.34499,70.07562,-7.515859,-1.817875,0.497498,,,,,,,,,,,,5.37681,-6.77626,-2.1509,50,4.57631,0.24624,-112.85908,4.75644,6.78784,24.59975,-40.72861,SAN_BRO,UCO_HUS,StephenSchottBBS,D1,WCC,20260318-StephenSchottBBS-1,a57e99e0-2341-11f1-bc73-db1efe8e085b,75.76401,,,7.90263,,,,,,,4f91a5e0-4f32-4f63-8172-e61544f835a3,2026-03-19,03:13:47.65,2026-03-18T23:13:47.6581888-04:00,2026-03-19T03:13:47.6581888Z,,v3,471436,471275,10559,"Cancel, Chris",837525,Right,UCO_HUS,5802ae8f-0e8d-460d-9c7e-53ca1a497cb8,55.06856,-113.95851,12.29988,4.32305,6.57671,-20.36431,-2.15512,-0.05712,3.39392,,,,,,,,,,,,,,,,,,,,,,,,,,,,,,,,,,,,,,,,,,,,,,,,,,,High,High,High,,,,,,,,,,,,,,,,,,,,,,,,,,,,,,,,,,,,,,,
228,2026-03-18,23:14:02.99,3,2,"Shaw, Greg",837542,Right,UCO_HUS,"Ferroggiaro, Thomas",813763,Left,SAN_BRO,Undefined,6,Bottom,2,1,0,Sinker,Sinker,FoulBallNotFieldable,Undefined,Undefined,Undefined,0,0,,89.99995,0.07591,-3.197792,2028.331557,250.72775,2:15,4.38777,2.18724,5.39051,-27.00387,8.92426,21.59655,2.2087,0.98673,80.51465,-4.954547,0.637431,0.431408,71.39311,29.770229,-139.685816,3018.38665,,,,,47.6646,,,-11.93993,4.83504,-1.91728,50,4.37597,6.28259,-130.22531,-0.80957,-20.06592,32.79156,-24.04842,SAN_BRO,UCO_HUS,StephenSchottBBS,D1,WCC,20260318-StephenSchottBBS-1,ae912430-2341-11f1-bc73-db1efe8e085b,87.37065,22.77939,,9.48529,,,,1.22922,2.14857,-0.90753,4f91a5e0-4f32-4f63-8172-e61544f835a3,2026-03-19,03:14:02.99,2026-03-18T23:14:02.9937152-04:00,2026-03-19T03:14:02.9937152Z,,v3,471436,471275,10559,"Cancel, Chris",837525,Right,UCO_HUS,b1711415-858a-44b9-9b8c-881b9454631b,55.10762,-131.50515,16.39578,4.38925,0.12903,-12.02421,-2.17777,7.06575,-10.03296,,1.22922,-69.30476,3.61553,-0.44817,-0.15081,0.10463,-0.03934,0.01076,-0.00161,2.14857,51.99079,-29.09345,3.57519,-0.51505,0.04377,0.00221,-0.0018,0.00012,-0.90753,-58.80421,14.04973,-5.54538,1.55682,-0.39165,0.0943,-0.02062,0.0031,,,,,,,,,,,,,,,,,,,,,,,High,High,High,High,Undefined,,,,,,,,,,,,,,,,,,,,,,,,,,,,,,,,,,,,,
229,2026-03-18,23:14:24.03,3,3,"Shaw, Greg",837542,Right,UCO_HUS,"Ferroggiaro, Thomas",813763,Left,SAN_BRO,Undefined,6,Bottom,2,1,1,Sinker,Sinker,BallCalled,Undefined,Undefined,Undefined,0,0,,89.59367,1.383011,-3.315081,2173.135222,246.955501,2:15,4.36369,2.11998,5.43149,-26.6069,10.16138,20.2067,3.4441,0.69573,78.83871,-3.62392,0.273004,0.436423,,,,,,,,,,,,-11.28111,5.01,-1.84003,50,4.46876,6.52803,-129.32449,2.18774,-18.43189,35.81684,-23.98835,SAN_BRO,UCO_HUS,StephenSchottBBS,D1,WCC,20260318-StephenSchottBBS-1,bb16dc40-2341-11f1-bc73-db1efe8e085b,86.36666,,,10.75496,,,,,,,4f91a5e0-4f32-4f63-8172-e61544f835a3,2026-03-19,03:14:24.03,2026-03-18T23:14:24.0339456-04:00,2026-03-19T03:14:24.0339456Z,,v3,471436,471275,10559,"Cancel, Chris",837525,Right,UCO_HUS,0f4ec651-aa2d-4e83-8520-72af8b6a8372,55.06135,-130.71873,17.90842,4.36542,3.12154,-11.99417,-2.10811,7.24553,-9.21595,,,,,,,,,,,,,,,,,,,,,,,,,,,,,,,,,,,,,,,,,,,,,,,,,,,High,High,High,,,,,,,,,,,,,,,,,,,,,,,,,,,,,,,,,,,,,,,
230,2026-03-18,23:14:41.33,3,4,"Shaw, Greg",837542,Right,UCO_HUS,"Ferroggiaro, Thomas",813763,Left,SAN_BRO,Undefined,6,Bottom,2,2,1,Sinker,Sinker,BallCalled,Undefined,Undefined,Undefined,0,0,,88.98819,0.35409,-1.913945,2084.916522,248.982048,2:15,4.33716,2.12536,5.35102,-28.07883,9.02331,19.54107,2.32955,1.95796,78.93338,-4.891954,1.557792,0.4384,,,,,,,,,,,,-10.31934,4.83988,-1.96685,50,4.34976,3.36188,-128.66849,-0.22447,-16.78153,34.14279,-24.30328,SAN_BRO,UCO_HUS,StephenSchottBBS,D1,WCC,20260318-StephenSchottBBS-1,c569fce0-2341-11f1-bc73-db1efe8e085b,85.97719,,,10.05481,,,,,,,4f91a5e0-4f32-4f63-8172-e61544f835a3,2026-03-19,03:14:41.33,2026-03-18T23:14:41.3303808-04:00,2026-03-19T03:14:41.3303808Z,,v3,471436,471275,10559,"Cancel, Chris",837525,Right,UCO_HUS,82d8be4e-1575-40db-a793-520f313a6e94,55.14167,-130.0257,17.07139,4.33949,0.74161,-12.15164,-2.11375,4.02896,-8.39076,,,,,,,,,,,,,,,,,,,,,,,,,,,,,,,,,,,,,,,,,,,,,,,,,,,High,High,High,,,,,,,,,,,,,,,,,,,,,,,,,,,,,,,,,,,,,,,
231,2026-03-18,23:14:58.86,3,5,"Shaw, Greg",837542,Right,UCO_HUS,"Ferroggiaro, Thomas",813763,Left,SAN_BRO,Undefined,6,Bottom,2,3,1,Sinker,Changeup,BallCalled,Walk,Undefined,Undefined,0,0,,87.6318,0.209307,-5.412533,2002.616535,268.778785,3:00,4.17523,2.02648,5.52237,-36.16222,2.01165,21.26167,1.35828,-1.27724,77.89104,-6.475987,-1.641939,0.444687,,,,,,,,,,,,-12.70438,1.35335,-1.56905,50,4.16957,11.0352,-126.38793,-0.85578,-19.96297,32.60966,-30.04747,SAN_BRO,UCO_HUS,StephenSchottBBS,D1,WCC,20260318-StephenSchottBBS-1,cfe3df60-2341-11f1-bc73-db1efe8e085b,84.76171,,,9.74076,,,,,,,4f91a5e0-4f32-4f63-8172-e61544f835a3,2026-03-19,03:14:58.86,2026-03-18T23:14:58.8620288-04:00,2026-03-19T03:14:58.8620288Z,,v3,471436,471275,10559,"Cancel, Chris",837525,Right,UCO_HUS,3fa462f4-17a1-41c9-9e66-320d41f1fe72,54.97571,-127.66527,16.30483,4.18004,0.3212,-15.02373,-2.01661,11.81717,-9.98149,,,,,,,,,,,,,,,,,,,,,,,,,,,,,,,,,,,,,,,,,,,,,,,,,,,High,High,High,,,,,,,,,,,,,,,,,,,,,,,,,,,,,,,,,,,,,,,
232,2026-03-18,23:15:34.90,4,1,"Shaw, Greg",837542,Right,UCO_HUS,"Ross, Max",832229,Left,SAN_BRO,Undefined,6,Bottom,2,0,0,Sinker,Sinker,BallCalled,Undefined,Undefined,Undefined,0,0,,89.05646,-0.778202,-5.287183,1978.903912,246.473745,2:15,4.27618,2.20541,5.72169,-26.561,9.88733,19.44202,1.33476,-1.11328,79.59709,-5.755505,-1.827341,0.43452,,,,,,,,,,,,-11.69083,5.6867,-1.77485,50,4.19481,11.04486,-128.56209,-2.65261,-19.13821,32.0911,-22.86478,SAN_BRO,UCO_HUS,StephenSchottBBS,D1,WCC,20260318-StephenSchottBBS-1,e55d0100-2341-11f1-bc73-db1efe8e085b,86.74492,,,9.45937,,,,,,,4f91a5e0-4f32-4f63-8172-e61544f835a3,2026-03-19,03:15:34.90,2026-03-18T23:15:34.9041152-04:00,2026-03-19T03:15:34.9041152Z,,v3,471436,471275,10559,"Cancel, Chris",837525,Right,UCO_HUS,ad3f732d-b350-4c93-a730-220153c18ccf,54.77605,-129.74879,16.04555,4.27727,-1.80709,-11.43239,-2.19636,11.75258,-9.5691,,,,,,,,,,,,,,,,,,,,,,,,,,,,,,,,,,,,,,,,,,,,,,,,,,,High,High,High,,,,,,,,,,,,,,,,,,,,,,,,,,,,,,,,,,,,,,,
233,2026-03-18,23:15:51.84,4,2,"Shaw, Greg",837542,Right,UCO_HUS,"Ross, Max",832229,Left,SAN_BRO,Undefined,6,Bottom,2,1,0,Sinker,Sinker,StrikeCalled,Undefined,Undefined,Undefined,0,0,,88.17411,0.677643,-3.323717,2071.995619,249.661551,2:15,4.30863,2.13148,5.35707,-27.99899,9.52717,21.80733,2.612,0.82818,78.7514,-4.54143,0.544882,0.440898,,,,,,,,,,,,-11.93119,4.96418,-1.84807,50,4.35028,6.38712,-127.50417,0.50605,-19.2233,31.41886,-24.17586,SAN_BRO,UCO_HUS,StephenSchottBBS,D1,WCC,20260318-StephenSchottBBS-1,ef769b10-2341-11f1-bc73-db1efe8e085b,85.4901,,,9.42271,,,,,,,4f91a5e0-4f32-4f63-8172-e61544f835a3,2026-03-19,03:15:51.84,2026-03-18T23:15:51.8488576-04:00,2026-03-19T03:15:51.8488576Z,,v3,471436,471275,10559,"Cancel, Chris",837525,Right,UCO_HUS,fd2ecf6d-d6c0-4437-b84e-c7580366a08d,55.13871,-128.76419,15.70943,4.31054,1.4756,-12.08793,-2.11968,7.15805,-9.61165,,,,,,,,,,,,,,,,,,,,,,,,,,,,,,,,,,,,,,,,,,,,,,,,,,,High,High,High,,,,,,,,,,,,,,,,,,,,,,,,,,,,,,,,,,,,,,,
234,2026-03-18,23:16:09.17,4,3,"Shaw, Greg",837542,Right,UCO_HUS,"Ross, Max",832229,Left,SAN_BRO,Undefined,6,Bottom,2,1,1,Sinker,Changeup,BallCalled,Undefined,Undefined,Undefined,0,0,,87.82029,1.250513,-1.796186,1934.454314,262.24651,2:45,4.22401,2.24825,5.4405,-33.47313,4.10918,19.8519,2.60629,2.22013,78.69083,-4.945703,1.736365,0.441228,,,,,,,,,,,,-10.46788,2.09284,-2.10304,50,4.3121,3.07449,-127.16842,1.53689,-16.79672,30.97407,-28.81589,SAN_BRO,UCO_HUS,StephenSchottBBS,D1,WCC,20260318-StephenSchottBBS-1,f9cca1e0-2341-11f1-bc73-db1efe8e085b,85.42618,,,9.12946,,,,,,,4f91a5e0-4f32-4f63-8172-e61544f835a3,2026-03-19,03:16:09.17,2026-03-18T23:16:09.1743744-04:00,2026-03-19T03:16:09.1743744Z,,v3,471436,471275,10559,"Cancel, Chris",837525,Right,UCO_HUS,33a50301-b701-4576-b9a9-b99a1e5e3d79,55.05579,-128.39394,15.48704,4.22874,2.67701,-14.40794,-2.23784,3.73907,-8.39836,,,,,,,,,,,,,,,,,,,,,,,,,,,,,,,,,,,,,,,,,,,,,,,,,,,High,High,High,,,,,,,,,,,,,,,,,,,,,,,,,,,,,,,,,,,,,,,
235,2026-03-18,23:16:32.63,4,4,"Shaw, Greg",837542,Right,UCO_HUS,"Ross, Max",832229,Left,SAN_BRO,Undefined,6,Bottom,2,2,1,Sinker,Changeup,InPlay,Undefined,FlyBall,Out,1,0,,87.15505,0.161608,-4.007762,1991.418783,253.917437,2:30,4.1629,2.04761,5.85053,-30.85147,7.25449,19.67576,1.74248,-0.04291,77.22531,-5.63246,-0.487802,0.444291,82.80173,41.739235,-23.454395,,96.65212,78.85902,-52.51984,290.80205,152.53752,-35.483678,5.001057,-11.51505,4.08252,-1.7329,50,4.15844,7.98022,-125.95042,-0.67115,-17.89962,33.2748,-25.82795,SAN_BRO,UCO_HUS,StephenSchottBBS,D1,WCC,20260318-StephenSchottBBS-1,07c65c50-2342-11f1-bc73-db1efe8e085b,84.83724,90.51888,,9.92975,,,,1.23056,1.78889,0.03567,4f91a5e0-4f32-4f63-8172-e61544f835a3,2026-03-19,03:16:32.63,2026-03-18T23:16:32.6320640-04:00,2026-03-19T03:16:32.6320640Z,FlyBall,v3,471436,471275,10559,"Cancel, Chris",837525,Right,UCO_HUS,d530c317-4621-4482-a80f-a952eb700e96,54.64557,-127.17181,16.6374,4.16567,0.2769,-12.91397,-2.03788,8.63725,-8.94981,144.774173,1.2374,82.9909,-16.19568,3.09701,-0.1215,-0.14405,0.04134,-0.00438,0.00015,1.78942,80.82595,-21.34599,1.52533,0.09021,-0.18801,0.06491,-0.00966,0.00053,0.03588,-36.06882,-0.43175,0.66305,-0.28495,0.09582,-0.02278,0.00308,-0.00017,,,,,,,,,,,,,,,,,,,,,,,High,High,High,Medium,Low,,,,,,,,,,,,,,,,,,,,,,,,,,,,,,,,,,,,,
236,2026-03-18,23:19:23.52,1,1,"Stewart, Henry",813782,Left,SAN_BRO,"Righi, Camden",10319340,Left,UCO_HUS,Undefined,7,Top,0,0,0,Fastball,Four-Seam,BallCalled,Undefined,Undefined,Undefined,0,0,,82.39018,-1.904176,3.068074,2070.255947,182.818843,12:00,5.71657,-0.95165,6.45665,-22.5121,18.08422,0.82354,2.08816,1.93813,75.13613,-6.189575,3.217111,0.45858,,,,,,,,,,,,0.47567,10.41595,0.73421,50,5.5714,-6.43467,-119.48368,-4.54276,0.68379,24.22362,-17.20063,SAN_BRO,UCO_HUS,StephenSchottBBS,D1,WCC,20260318-StephenSchottBBS-1,6da85c80-2342-11f1-bc73-db1efe8e085b,82.19386,,,7.25405,,,,,,,4f91a5e0-4f32-4f63-8172-e61544f835a3,2026-03-19,03:19:23.52,2026-03-18T23:19:23.5204096-04:00,2026-03-19T03:19:23.5204096Z,,v3,471436,471275,10559,"Tiendas, Matthew",1000163923,Left,SAN_BRO,5f812c7f-13ad-4ab9-88f5-f6c0088e0ef7,54.03976,-120.2999,12.11181,5.71471,-3.96318,-8.60032,0.95141,-6.45771,0.34189,,,,,,,,,,,,,,,,,,,,,,,,,,,,,,,,,,,,,,,,,,,,,,,,,,,High,High,High,,,,,,,,,,,,,,,,,,,,,,,,,,,,,,,,,,,,,,,
237,2026-03-18,23:19:35.62,1,2,"Stewart, Henry",813782,Left,SAN_BRO,"Righi, Camden",10319340,Left,UCO_HUS,Undefined,7,Top,0,1,0,Fastball,Changeup,StrikeCalled,Undefined,Undefined,Undefined,0,0,,81.1504,-0.501957,1.892543,2134.691004,160.118515,11:15,5.63158,-1.12295,6.45474,-22.54663,19.51332,-6.51311,3.2913,0.07355,73.26631,-4.843306,0.711925,0.466773,,,,,,,,,,,,3.97831,10.77619,0.99157,50,5.58574,-3.65071,-117.75975,-1.57064,5.50905,25.2522,-17.25155,SAN_BRO,UCO_HUS,StephenSchottBBS,D1,WCC,20260318-StephenSchottBBS-1,74d90770-2342-11f1-bc73-db1efe8e085b,80.75113,,,7.88409,,,,,,,4f91a5e0-4f32-4f63-8172-e61544f835a3,2026-03-19,03:19:35.62,2026-03-18T23:19:35.6207104-04:00,2026-03-19T03:19:35.6207104Z,,v3,471436,471275,10559,"Tiendas, Matthew",1000163923,Left,SAN_BRO,929f49a2-185c-4b7d-963b-293d2bc13733,54.04058,-118.62304,12.6261,5.62936,-0.98087,-8.62577,1.1196,-3.83904,2.75452,,,,,,,,,,,,,,,,,,,,,,,,,,,,,,,,,,,,,,,,,,,,,,,,,,,High,High,High,,,,,,,,,,,,,,,,,,,,,,,,,,,,,,,,,,,,,,,
238,2026-03-18,23:19:49.89,1,3,"Stewart, Henry",813782,Left,SAN_BRO,"Righi, Camden",10319340,Left,UCO_HUS,Undefined,7,Top,0,1,1,Cutter,Slider,InPlay,Undefined,FlyBall,HomeRun,0,1,,75.32317,1.627871,0.188941,2211.606626,266.025647,2:45,5.58665,-1.50067,5.42988,-48.4731,2.2911,7.23426,3.07225,-0.72086,68.23308,-7.2782,1.476852,0.512802,102.84514,33.999338,22.890686,2402.165191,100.85018,70.76286,43.92307,401.30776,358.17195,23.307983,5.578375,-3.60268,1.09421,1.47862,50,5.69735,-0.63164,-109.19764,1.55901,-4.28637,21.85372,-30.8722,SAN_BRO,UCO_HUS,StephenSchottBBS,D1,WCC,20260318-StephenSchottBBS-1,7d62b2b0-2342-11f1-bc73-db1efe8e085b,73.50284,108.00732,,7.09009,,,,2.17241,3.19407,0.70709,4f91a5e0-4f32-4f63-8172-e61544f835a3,2026-03-19,03:19:49.89,2026-03-18T23:19:49.8910720-04:00,2026-03-19T03:19:49.8910720Z,FlyBall,v3,471436,471275,10559,"Tiendas, Matthew",1000163923,Left,SAN_BRO,7250b963-3ce8-40d8-8158-fb3e7eca73b4,55.06932,-110.2075,10.92686,5.59234,2.9856,-15.4361,1.50323,-0.43356,-2.14319,189.090171,2.17907,115.07076,-23.49269,5.34323,-0.73947,0.02563,0.00967,-0.00145,6E-05,3.19144,84.39134,-19.466,1.33398,-0.14134,-0.02821,0.01694,-0.00274,0.00015,0.708,48.62779,-7.79189,1.48083,-0.24086,0.03643,-0.00563,0.00065,-3E-05,,,,,,,,,,,,,,,,,,,,,,,High,High,High,High,Medium,,,,,,,,,,,,,,,,,,,,,,,,,,,,,,,,,,,,,
239,2026-03-18,23:20:32.54,2,1,"Stewart, Henry",813782,Left,SAN_BRO,"Wachter, Nater",821735,Right,UCO_HUS,Undefined,7,Top,0,0,0,Fastball,Four-Seam,BallCalled,Undefined,Undefined,Undefined,0,0,,84.81196,-2.693711,2.174728,2168.222751,162.811959,11:30,5.66089,-1.14249,6.33989,-18.78926,19.5943,-5.66599,1.61146,0.38853,77.42694,-6.285944,1.149885,0.445907,,,,,,,,,,,,3.58992,11.3806,0.98682,50,5.45566,-4.46096,-123.05689,-6.27083,5.48273,25.33181,-14.79301,SAN_BRO,UCO_HUS,StephenSchottBBS,D1,WCC,20260318-StephenSchottBBS-1,96c7b480-2342-11f1-bc73-db1efe8e085b,84.52984,,,7.38502,,,,,,,4f91a5e0-4f32-4f63-8172-e61544f835a3,2026-03-19,03:20:32.54,2026-03-18T23:20:32.5457408-04:00,2026-03-19T03:20:32.5457408Z,,v3,471436,471275,10559,"Tiendas, Matthew",1000163923,Left,SAN_BRO,ea351722-4a78-430b-b44e-3f6465c68a2c,54.15903,-123.91009,12.6659,5.65847,-5.77259,-7.39651,1.14018,-4.64562,2.74136,,,,,,,,,,,,,,,,,,,,,,,,,,,,,,,,,,,,,,,,,,,,,,,,,,,High,High,High,,,,,,,,,,,,,,,,,,,,,,,,,,,,,,,,,,,,,,,
240,2026-03-18,23:20:46.58,2,2,"Stewart, Henry",813782,Left,SAN_BRO,"Wachter, Nater",821735,Right,UCO_HUS,Undefined,7,Top,0,1,0,ChangeUp,Changeup,BallCalled,Undefined,Undefined,Undefined,0,0,,75.62263,-0.62457,1.855046,1504.550833,124.739509,10:15,5.49491,-1.37229,6.13973,-38.82888,9.84012,-11.8404,1.68164,-0.64401,69.12366,-7.860092,-0.281824,0.502108,,,,,,,,,,,,6.66044,5.76803,1.23674,50,5.42738,-3.14285,-109.79616,-2.27814,8.07621,20.65207,-25.17993,SAN_BRO,UCO_HUS,StephenSchottBBS,D1,WCC,20260318-StephenSchottBBS-1,9f2c2480-2342-11f1-bc73-db1efe8e085b,75.06832,,,6.49898,,,,,,,4f91a5e0-4f32-4f63-8172-e61544f835a3,2026-03-19,03:20:46.58,2026-03-18T23:20:46.5887232-04:00,2026-03-19T03:20:46.5887232Z,,v3,471436,471275,10559,"Tiendas, Matthew",1000163923,Left,SAN_BRO,d4ea32ea-dd06-4bb5-af4c-fb59363cc471,54.35854,-110.61294,10.32604,5.49779,-1.28229,-12.58997,1.36736,-3.46226,4.03811,,,,,,,,,,,,,,,,,,,,,,,,,,,,,,,,,,,,,,,,,,,,,,,,,,,High,High,High,,,,,,,,,,,,,,,,,,,,,,,,,,,,,,,,,,,,,,,
241,2026-03-18,23:21:00.86,2,3,"Stewart, Henry",813782,Left,SAN_BRO,"Wachter, Nater",821735,Right,UCO_HUS,Undefined,7,Top,0,2,0,Fastball,Four-Seam,BallCalled,Undefined,Undefined,Undefined,0,0,,82.72544,-2.529142,2.359562,2214.738219,161.168197,11:15,5.62743,-1.10112,6.55578,-22.85261,17.28414,-5.42756,1.40058,0.6113,75.39409,-6.882431,1.373746,0.455977,,,,,,,,,,,,3.56583,10.25071,0.94045,50,5.44286,-4.75341,-120.0337,-5.87975,5.16281,24.8855,-17.3324,SAN_BRO,UCO_HUS,StephenSchottBBS,D1,WCC,20260318-StephenSchottBBS-1,a7a220b0-2342-11f1-bc73-db1efe8e085b,82.66311,,,7.33135,,,,,,,4f91a5e0-4f32-4f63-8172-e61544f835a3,2026-03-19,03:21:00.86,2026-03-18T23:21:00.8626176-04:00,2026-03-19T03:21:00.8626176Z,,v3,471436,471275,10559,"Tiendas, Matthew",1000163923,Left,SAN_BRO,c553d9ce-5bab-4761-ac68-70f6839b97d4,53.94272,-120.84835,12.44275,5.62605,-5.31237,-8.6662,1.09882,-4.92241,2.5814,,,,,,,,,,,,,,,,,,,,,,,,,,,,,,,,,,,,,,,,,,,,,,,,,,,High,High,High,,,,,,,,,,,,,,,,,,,,,,,,,,,,,,,,,,,,,,,
242,2026-03-18,23:21:14.64,2,4,"Stewart, Henry",813782,Left,SAN_BRO,"Wachter, Nater",821735,Right,UCO_HUS,Undefined,7,Top,0,3,0,Fastball,Four-Seam,BallCalled,Walk,Undefined,Undefined,0,0,,83.90714,-3.567427,0.741184,2243.762006,169.882548,11:45,5.57274,-1.30478,6.43214,-20.92214,18.35332,-3.03138,0.54601,-0.87616,76.4287,-7.54961,0.191125,0.451058,,,,,,,,,,,,1.82658,11.11599,1.25342,50,5.30914,-1.46545,-121.69951,-8.12315,2.71307,26.02652,-15.66309,SAN_BRO,UCO_HUS,StephenSchottBBS,D1,WCC,20260318-StephenSchottBBS-1,afdd5dd0-2342-11f1-bc73-db1efe8e085b,83.56457,,,7.47844,,,,,,,4f91a5e0-4f32-4f63-8172-e61544f835a3,2026-03-19,03:21:14.64,2026-03-18T23:21:14.6410496-04:00,2026-03-19T03:21:14.6410496Z,,v3,471436,471275,10559,"Tiendas, Matthew",1000163923,Left,SAN_BRO,4b7646d3-77be-4d25-bd48-8026c930c9f8,54.06727,-122.56624,13.01326,5.57098,-7.60154,-7.83155,1.30372,-1.5558,1.35654,,,,,,,,,,,,,,,,,,,,,,,,,,,,,,,,,,,,,,,,,,,,,,,,,,,High,High,High,,,,,,,,,,,,,,,,,,,,,,,,,,,,,,,,,,,,,,,
243,2026-03-18,23:21:44.47,3,1,"Stewart, Henry",813782,Left,SAN_BRO,"Menzel, Evan",837534,Left,UCO_HUS,Undefined,7,Top,0,0,0,Fastball,Four-Seam,BallCalled,Undefined,Undefined,Undefined,0,0,,83.3548,0.41897,1.215181,2193.823598,161.087285,11:15,5.64018,-1.13571,6.55619,-19.8054,19.89288,-6.33386,4.37398,-0.54916,75.11385,-3.428537,0.064587,0.453479,,,,,,,,,,,,3.6739,10.67556,1.05412,50,5.66021,-2.32768,-121.01005,0.43526,5.37013,26.74913,-16.56958,SAN_BRO,UCO_HUS,StephenSchottBBS,D1,WCC,20260318-StephenSchottBBS-1,c1a49b00-2342-11f1-bc73-db1efe8e085b,83.11838,,,8.24096,,,,,,,4f91a5e0-4f32-4f63-8172-e61544f835a3,2026-03-19,03:21:44.47,2026-03-18T23:21:44.4765696-04:00,2026-03-19T03:21:44.4765696Z,,v3,471436,471275,10559,"Tiendas, Matthew",1000163923,Left,SAN_BRO,ec1a5078-208d-41b2-93a4-037bde0c64ae,53.93866,-121.87757,13.37456,5.63738,0.97264,-8.28479,1.13243,-2.50184,2.68507,,,,,,,,,,,,,,,,,,,,,,,,,,,,,,,,,,,,,,,,,,,,,,,,,,,High,High,High,,,,,,,,,,,,,,,,,,,,,,,,,,,,,,,,,,,,,,,
244,2026-03-18,23:21:58.36,3,2,"Stewart, Henry",813782,Left,SAN_BRO,"Menzel, Evan",837534,Left,UCO_HUS,Undefined,7,Top,0,1,0,Fastball,Changeup,BallCalled,Undefined,Undefined,Undefined,0,0,,80.76512,0.160951,1.516086,2074.891809,159.174835,11:15,5.71284,-1.11259,6.47105,-24.24454,17.85871,-6.2615,3.84033,-0.2417,73.42581,-4.475082,0.380502,0.467013,,,,,,,,,,,,3.70575,9.70288,1.00823,50,5.71322,-2.87899,-117.32204,-0.2717,5.13287,23.48882,-18.73457,SAN_BRO,UCO_HUS,StephenSchottBBS,D1,WCC,20260318-StephenSchottBBS-1,c9e9ea40-2342-11f1-bc73-db1efe8e085b,80.70956,,,7.3393,,,,,,,4f91a5e0-4f32-4f63-8172-e61544f835a3,2026-03-19,03:21:58.36,2026-03-18T23:21:58.3672320-04:00,2026-03-19T03:21:58.3672320Z,,v3,471436,471275,10559,"Tiendas, Matthew",1000163923,Left,SAN_BRO,c677265b-b43f-4d9c-b410-250b092fa417,54.02574,-118.12528,11.74441,5.71156,0.36896,-9.36728,1.10968,-3.05451,2.56643,,,,,,,,,,,,,,,,,,,,,,,,,,,,,,,,,,,,,,,,,,,,,,,,,,,High,High,High,,,,,,,,,,,,,,,,,,,,,,,,,,,,,,,,,,,,,,,
245,2026-03-18,23:22:15.74,3,3,"Stewart, Henry",813782,Left,SAN_BRO,"Menzel, Evan",837534,Left,UCO_HUS,Undefined,7,Top,0,2,0,Fastball,Changeup,BallCalled,Undefined,Undefined,Undefined,0,0,,82.27649,-2.531587,2.329999,2143.890216,153.118786,11:00,5.55775,-1.11481,6.51241,-21.68411,18.75403,-8.83603,1.42415,0.28819,75.3045,-6.663628,0.726307,0.457685,,,,,,,,,,,,5.29878,10.95705,0.95584,50,5.3713,-4.54535,-119.43092,-5.82073,7.63747,23.44609,-16.38097,SAN_BRO,UCO_HUS,StephenSchottBBS,D1,WCC,20260318-StephenSchottBBS-1,d44e7000-2342-11f1-bc73-db1efe8e085b,82.3545,,,6.97199,,,,,,,4f91a5e0-4f32-4f63-8172-e61544f835a3,2026-03-19,03:22:15.74,2026-03-18T23:22:15.7440512-04:00,2026-03-19T03:22:15.7440512Z,,v3,471436,471275,10559,"Tiendas, Matthew",1000163923,Left,SAN_BRO,d94e3f5c-aeba-4ed0-ae69-d528ee2339df,53.98649,-120.21097,11.72304,5.55589,-5.27573,-8.19049,1.11129,-4.79945,3.81873,,,,,,,,,,,,,,,,,,,,,,,,,,,,,,,,,,,,,,,,,,,,,,,,,,,High,High,High,,,,,,,,,,,,,,,,,,,,,,,,,,,,,,,,,,,,,,,
246,2026-03-18,23:22:36.43,3,4,"Stewart, Henry",813782,Left,SAN_BRO,"Menzel, Evan",837534,Left,UCO_HUS,Undefined,7,Top,0,3,0,Fastball,Changeup,StrikeCalled,Undefined,Undefined,Undefined,0,0,,80.31124,-0.256711,0.831048,2068.39863,156.210963,11:15,5.66496,-1.04762,6.57016,-24.51651,17.74473,-7.22221,3.38658,-0.88763,73.31441,-4.939601,-0.481937,0.467889,,,,,,,,,,,,4.01244,9.79961,0.99317,50,5.63669,-1.4393,-116.7481,-1.12036,5.5214,22.5922,-18.68906,SAN_BRO,UCO_HUS,StephenSchottBBS,D1,WCC,20260318-StephenSchottBBS-1,e09a5360-2342-11f1-bc73-db1efe8e085b,80.55858,,,6.99683,,,,,,,4f91a5e0-4f32-4f63-8172-e61544f835a3,2026-03-19,03:22:36.43,2026-03-18T23:22:36.4339200-04:00,2026-03-19T03:22:36.4339200Z,,v3,471436,471275,10559,"Tiendas, Matthew",1000163923,Left,SAN_BRO,a213f029-dd32-46d6-9721-0a7381c63bda,53.92723,-117.50561,11.2961,5.66375,-0.49372,-9.34453,1.04453,-1.62443,2.7607,,,,,,,,,,,,,,,,,,,,,,,,,,,,,,,,,,,,,,,,,,,,,,,,,,,High,High,High,,,,,,,,,,,,,,,,,,,,,,,,,,,,,,,,,,,,,,,
247,2026-03-18,23:22:53.36,3,5,"Stewart, Henry",813782,Left,SAN_BRO,"Menzel, Evan",837534,Left,UCO_HUS,Undefined,7,Top,0,3,1,Fastball,Four-Seam,BallCalled,Walk,Undefined,Undefined,0,0,,83.59603,-2.603989,2.429802,2150.353505,157.847712,11:15,5.65811,-0.97389,6.53723,-21.96521,17.19056,-6.47744,1.43542,0.71636,76.51202,-6.780336,1.253788,0.45037,,,,,,,,,,,,4.09299,10.15516,0.80798,50,5.46774,-4.91505,-121.32996,-6.08164,6.08684,24.26191,-17.07201,SAN_BRO,UCO_HUS,StephenSchottBBS,D1,WCC,20260318-StephenSchottBBS-1,eab5c230-2342-11f1-bc73-db1efe8e085b,83.69222,,,7.084,,,,,,,4f91a5e0-4f32-4f63-8172-e61544f835a3,2026-03-19,03:22:53.36,2026-03-18T23:22:53.3673472-04:00,2026-03-19T03:22:53.3673472Z,,v3,471436,471275,10559,"Tiendas, Matthew",1000163923,Left,SAN_BRO,75003b97-63e3-41be-bb5e-60befa1e0a76,53.96152,-122.11956,12.13096,5.65662,-5.52604,-8.53601,0.97116,-5.11314,3.04342,,,,,,,,,,,,,,,,,,,,,,,,,,,,,,,,,,,,,,,,,,,,,,,,,,,High,High,High,,,,,,,,,,,,,,,,,,,,,,,,,,,,,,,,,,,,,,,
248,2026-03-18,23:23:25.30,4,1,"Stewart, Henry",813782,Left,SAN_BRO,"Tirado, Gabriel",815559,Left,UCO_HUS,Undefined,7,Top,0,0,0,Fastball,Four-Seam,BallCalled,Undefined,Undefined,Undefined,0,0,,83.58476,-1.549055,3.527731,2151.822002,165.387146,11:30,5.59035,-1.18597,6.62253,-21.4595,17.39194,-4.22351,2.38049,1.69665,76.7994,-5.635397,2.761464,0.448616,,,,,,,,,,,,3.16055,9.9369,0.94801,50,5.4759,-7.3291,-121.33726,-3.81979,4.72951,22.90922,-17.30435,SAN_BRO,UCO_HUS,StephenSchottBBS,D1,WCC,20260318-StephenSchottBBS-1,fdc4e8b0-2342-11f1-bc73-db1efe8e085b,84.01935,,,6.78536,,,,,,,4f91a5e0-4f32-4f63-8172-e61544f835a3,2026-03-19,03:23:25.30,2026-03-18T23:23:25.3031424-04:00,2026-03-19T03:23:25.3031424Z,,v3,471436,471275,10559,"Tiendas, Matthew",1000163923,Left,SAN_BRO,8e92ad56-0b3c-4759-ba8c-37d06eec3f57,53.8761,-122.0669,11.45461,5.58878,-3.26866,-8.65217,1.18383,-7.47973,2.36475,,,,,,,,,,,,,,,,,,,,,,,,,,,,,,,,,,,,,,,,,,,,,,,,,,,High,High,High,,,,,,,,,,,,,,,,,,,,,,,,,,,,,,,,,,,,,,,
249,2026-03-18,23:23:39.65,4,2,"Stewart, Henry",813782,Left,SAN_BRO,"Tirado, Gabriel",815559,Left,UCO_HUS,Undefined,7,Top,0,1,0,Fastball,Four-Seam,FoulBallNotFieldable,Undefined,Undefined,Undefined,0,0,,83.17551,-0.59735,1.903308,2124.554777,160.150302,11:15,5.61731,-1.09439,6.53793,-21.53954,18.08639,-6.05067,3.27412,0.14778,75.61058,-4.731566,0.804735,0.453066,71.29449,15.594185,-167.048817,2336.142109,-108.53548,8.82751,-17.8877,139.80904,49.64062,-171.694173,1.615345,3.67705,10.01843,0.96446,50,5.56618,-3.78158,-120.77053,-1.78184,5.3999,24.76896,-17.46157,SAN_BRO,UCO_HUS,StephenSchottBBS,D1,WCC,20260318-StephenSchottBBS-1,065327d0-2343-11f1-bc73-db1efe8e085b,83.19422,13.03279,,7.56494,,,,0.66231,2.99709,-0.0704,4f91a5e0-4f32-4f63-8172-e61544f835a3,2026-03-19,03:23:39.65,2026-03-18T23:23:39.6517888-04:00,2026-03-19T03:23:39.6517888Z,LineDrive,v3,471436,471275,10559,"Tiendas, Matthew",1000163923,Left,SAN_BRO,37c5208e-113b-4a23-a253-f339011fa403,53.95649,-121.57926,12.38448,5.61505,-1.2117,-8.73078,1.09081,-3.95789,2.69995,68.104801,0.66231,-98.15396,8.06485,-0.51042,0.08629,0.01057,-0.00416,0.00122,-0.00021,2.99709,28.10941,-20.85466,1.83879,-0.35435,0.08232,-0.0191,0.00489,-0.00066,-0.0704,-22.57257,7.96408,-1.46768,0.34617,-0.08456,0.0294,-0.00934,0.00131,,,,,,,,,,,,,,,,,,,,,,,High,High,High,High,Low,,,,,,,,,,,,,,,,,,,,,,,,,,,,,,,,,,,,,
250,2026-03-18,23:23:58.31,4,3,"Stewart, Henry",813782,Left,SAN_BRO,"Tirado, Gabriel",815559,Left,UCO_HUS,Undefined,7,Top,0,1,1,Fastball,Four-Seam,FoulBallNotFieldable,Undefined,Undefined,Undefined,0,0,,81.56711,-0.257986,2.066455,2067.913886,169.696923,11:45,5.60926,-1.05025,6.634,-22.85021,18.01229,-3.03799,3.46872,0.58933,74.50797,-4.633175,1.514076,0.460081,73.79001,36.578577,-147.278453,4035.740533,,,,,51.96311,,,2.18835,9.95662,0.91162,50,5.58216,-4.17207,-118.54833,-1.08457,3.10754,23.11558,-18.03529,SAN_BRO,UCO_HUS,StephenSchottBBS,D1,WCC,20260318-StephenSchottBBS-1,116b9440-2343-11f1-bc73-db1efe8e085b,81.92574,33.81135,,7.05914,,,,0.01314,3.26702,-0.52872,4f91a5e0-4f32-4f63-8172-e61544f835a3,2026-03-19,03:23:58.31,2026-03-18T23:23:58.3122944-04:00,2026-03-19T03:23:58.3122944Z,,v3,471436,471275,10559,"Tiendas, Matthew",1000163923,Left,SAN_BRO,96539d04-50f5-4554-9879-dffffa9a25af,53.86453,-119.29949,11.55779,5.60788,-0.4985,-9.01765,1.04883,-4.27305,1.55377,,0.01314,-73.11735,3.89049,-0.97468,0.20848,-0.05201,0.01335,-0.00309,0.00047,3.26702,64.49405,-28.84918,4.40513,-1.07508,0.26311,-0.06748,0.01586,-0.00243,-0.52872,-46.97934,16.22293,-3.8639,0.88858,-0.22179,0.05592,-0.01238,0.00169,,,,,,,,,,,,,,,,,,,,,,,High,High,High,High,Undefined,,,,,,,,,,,,,,,,,,,,,,,,,,,,,,,,,,,,,
251,2026-03-18,23:24:17.27,4,4,"Stewart, Henry",813782,Left,SAN_BRO,"Tirado, Gabriel",815559,Left,UCO_HUS,Undefined,7,Top,0,1,2,Slider,Slider,FoulBallNotFieldable,Undefined,Undefined,Undefined,0,0,,74.86186,0.09157,1.311094,2329.353029,274.916731,3:15,5.39446,-1.74794,5.73351,-51.29349,0.45189,18.93481,1.2053,1.05114,67.1077,-9.370345,4.702897,0.517735,,,,,,,,,,,,-9.19426,0.7263,1.62666,50,5.37093,-3.16932,-108.42056,-1.38336,-10.56107,25.13065,-31.33978,SAN_BRO,UCO_HUS,StephenSchottBBS,D1,WCC,20260318-StephenSchottBBS-1,1cbceb00-2343-11f1-bc73-db1efe8e085b,72.8026,,,7.75416,,,,,,,4f91a5e0-4f32-4f63-8172-e61544f835a3,2026-03-19,03:24:17.27,2026-03-18T23:24:17.2767232-04:00,2026-03-19T03:24:17.2767232Z,,v3,471436,471275,10559,"Tiendas, Matthew",1000163923,Left,SAN_BRO,5ec199c6-2b77-4685-a45d-909da4794b34,54.76466,-109.51938,12.56532,5.40146,-0.01304,-15.66989,1.75514,-2.70755,-5.28053,,,,,,,,,,,,,,,,,,,,,,,,,,,,,,,,,,,,,,,,,,,,,,,,,,,High,High,High,,,,,,,,,,,,,,,,,,,,,,,,,,,,,,,,,,,,,,,
252,2026-03-18,23:24:40.93,4,5,"Stewart, Henry",813782,Left,SAN_BRO,"Tirado, Gabriel",815559,Left,UCO_HUS,Undefined,7,Top,0,1,2,Fastball,Four-Seam,InPlay,Undefined,GroundBall,Out,2,0,,82.4298,-1.175403,2.246323,2071.540541,161.744088,11:30,5.61777,-1.03138,6.5573,-24.79285,15.46528,-4.66461,2.47302,0.64056,75.22073,-5.888818,1.399145,0.456665,102.25018,-6.102129,-8.50571,,,,,29.95642,27.83564,-9.52713,0.197727,3.12284,8.87071,0.87833,50,5.52599,-4.53376,-119.74046,-3.09789,4.5099,24.26227,-19.3632,SAN_BRO,UCO_HUS,StephenSchottBBS,D1,WCC,20260318-StephenSchottBBS-1,2ad1a780-2343-11f1-bc73-db1efe8e085b,82.5384,2.76242,,7.20907,,,,1.0619,2.76242,-0.63972,4f91a5e0-4f32-4f63-8172-e61544f835a3,2026-03-19,03:24:40.93,2026-03-18T23:24:40.9329152-04:00,2026-03-19T03:24:40.9329152Z,GroundBall,v3,471436,471275,10559,"Tiendas, Matthew",1000163923,Left,SAN_BRO,7051415f-f643-4c39-b5e2-3911aa0e539b,53.94199,-120.53656,12.13114,5.61722,-2.46255,-9.6816,1.02952,-4.68174,2.25495,176.382533,1.06256,147.43262,-17.17243,,,,,,,2.76074,-15.82884,9.48167,,,,,,,-0.63969,-22.05783,1.09622,,,,,,,,,,,,,,,,,,,,,,,,,,,,,High,High,High,High,High,,,,,,,,,,,,,,,,,,,,,,,,,,,,,,,,,,,,,
253,2026-03-18,23:25:17.64,5,1,"Stewart, Henry",813782,Left,SAN_BRO,"Jemison, Peyton",10267615,Right,UCO_HUS,Undefined,7,Top,2,0,0,ChangeUp,Changeup,BallCalled,Undefined,Undefined,Undefined,0,0,,74.97133,1.893953,0.854292,1511.48669,127.18923,10:15,5.47971,-1.45545,5.64942,-38.91754,12.26276,-13.64221,4.00396,-1.79542,67.25399,-5.383106,-1.581933,0.5149,,,,,,,,,,,,7.12508,6.14449,1.39155,50,5.61626,-1.09667,-108.55855,2.4489,8.33267,22.54849,-24.98818,SAN_BRO,UCO_HUS,StephenSchottBBS,D1,WCC,20260318-StephenSchottBBS-1,40bfd210-2343-11f1-bc73-db1efe8e085b,73.20343,,,7.71734,,,,,,,4f91a5e0-4f32-4f63-8172-e61544f835a3,2026-03-19,03:25:17.64,2026-03-18T23:25:17.6417280-04:00,2026-03-19T03:25:17.6417280Z,,v3,471436,471275,10559,"Tiendas, Matthew",1000163923,Left,SAN_BRO,a8ece666-b856-4d29-9ae8-d422a9935d09,54.84473,-109.56022,11.27425,5.48282,3.55895,-12.49409,1.44849,-1.46683,4.16634,,,,,,,,,,,,,,,,,,,,,,,,,,,,,,,,,,,,,,,,,,,,,,,,,,,High,High,High,,,,,,,,,,,,,,,,,,,,,,,,,,,,,,,,,,,,,,,
254,2026-03-18,23:25:32.39,5,2,"Stewart, Henry",813782,Left,SAN_BRO,"Jemison, Peyton",10267615,Right,UCO_HUS,Undefined,7,Top,2,1,0,ChangeUp,Changeup,BallCalled,Undefined,Undefined,Undefined,0,0,,73.8299,2.048847,2.403459,1438.982054,151.896837,11:00,5.51787,-1.33262,5.86489,-37.64408,15.03221,-6.93347,4.28666,0.32363,65.86261,-5.0524,1.162113,0.522371,,,,,,,,,,,,4.32784,7.553,1.14157,50,5.66284,-4.22306,-106.76972,2.79809,4.87459,22.54019,-23.66683,SAN_BRO,UCO_HUS,StephenSchottBBS,D1,WCC,20260318-StephenSchottBBS-1,49885b10-2343-11f1-bc73-db1efe8e085b,72.15647,,,7.96729,,,,,,,4f91a5e0-4f32-4f63-8172-e61544f835a3,2026-03-19,03:25:32.39,2026-03-18T23:25:32.3959296-04:00,2026-03-19T03:25:32.3959296Z,,v3,471436,471275,10559,"Tiendas, Matthew",1000163923,Left,SAN_BRO,c4d6def5-0671-476d-82c3-5104ad86531a,54.62678,-107.74205,11.2701,5.52012,3.81902,-11.83342,1.32828,-4.43334,2.43729,,,,,,,,,,,,,,,,,,,,,,,,,,,,,,,,,,,,,,,,,,,,,,,,,,,High,High,High,,,,,,,,,,,,,,,,,,,,,,,,,,,,,,,,,,,,,,,
255,2026-03-18,23:25:47.37,5,3,"Stewart, Henry",813782,Left,SAN_BRO,"Jemison, Peyton",10267615,Right,UCO_HUS,Undefined,7,Top,2,2,0,Fastball,Four-Seam,StrikeSwinging,Undefined,Undefined,Undefined,0,0,,82.32722,-0.694341,1.913848,2116.516475,144.24345,10:45,5.61204,-1.189,6.4107,-25.6949,14.90532,-9.76367,2.832,-0.24231,74.99929,-5.568494,0.144589,0.458601,,,,,,,,,,,,5.6317,8.38756,1.05612,50,5.55055,-3.63395,-119.57032,-2.1372,8.1088,24.22582,-20.09719,SAN_BRO,UCO_HUS,StephenSchottBBS,D1,WCC,20260318-StephenSchottBBS-1,526f4180-2343-11f1-bc73-db1efe8e085b,82.18997,,,7.32793,,,,,,,4f91a5e0-4f32-4f63-8172-e61544f835a3,2026-03-19,03:25:47.37,2026-03-18T23:25:47.3772032-04:00,2026-03-19T03:25:47.3772032Z,,v3,471436,471275,10559,"Tiendas, Matthew",1000163923,Left,SAN_BRO,ad71f413-b09b-488e-a133-9ad91ace7090,54.08676,-120.39548,12.11291,5.61169,-1.45267,-10.04859,1.1846,-3.91014,4.0544,,,,,,,,,,,,,,,,,,,,,,,,,,,,,,,,,,,,,,,,,,,,,,,,,,,High,High,High,,,,,,,,,,,,,,,,,,,,,,,,,,,,,,,,,,,,,,,
256,2026-03-18,23:26:02.07,5,4,"Stewart, Henry",813782,Left,SAN_BRO,"Jemison, Peyton",10267615,Right,UCO_HUS,Undefined,7,Top,2,2,1,ChangeUp,Changeup,StrikeSwinging,Undefined,Undefined,Undefined,0,0,,75.11727,0.037792,2.315683,1458.520563,147.937601,11:00,5.51618,-1.26863,6.06314,-35.64325,14.31091,-7.82536,2.58092,0.22361,67.87428,-6.664761,0.907626,0.508695,,,,,,,,,,,,4.73315,7.90071,1.09279,50,5.50043,-4.119,-108.87599,-0.89204,5.5951,21.82462,-22.83456,SAN_BRO,UCO_HUS,StephenSchottBBS,D1,WCC,20260318-StephenSchottBBS-1,5b3afed0-2343-11f1-bc73-db1efe8e085b,74.09637,,,7.24299,,,,,,,4f91a5e0-4f32-4f63-8172-e61544f835a3,2026-03-19,03:26:02.07,2026-03-18T23:26:02.0737024-04:00,2026-03-19T03:26:02.0737024Z,,v3,471436,471275,10559,"Tiendas, Matthew",1000163923,Left,SAN_BRO,143857ee-80b7-4582-b28c-0489d7759bec,54.43123,-109.76066,10.91231,5.51782,0.03355,-11.41728,1.26435,-4.3458,2.79755,,,,,,,,,,,,,,,,,,,,,,,,,,,,,,,,,,,,,,,,,,,,,,,,,,,High,High,High,,,,,,,,,,,,,,,,,,,,,,,,,,,,,,,,,,,,,,,
257,2026-03-18,23:26:18.49,5,5,"Stewart, Henry",813782,Left,SAN_BRO,"Jemison, Peyton",10267615,Right,UCO_HUS,Undefined,7,Top,2,2,2,ChangeUp,Changeup,BallCalled,Undefined,Undefined,Undefined,0,0,,76.9422,-1.023799,2.383961,1505.246907,105.025958,9:30,5.39423,-1.47129,6.20181,-41.56427,5.21819,-13.79761,0.98457,-0.41922,70.66723,-8.727114,-0.109972,0.492281,,,,,,,,,,,,7.88225,3.42969,1.29896,50,5.2963,-4.17912,-111.74954,-3.18555,9.92734,20.89377,-27.85452,SAN_BRO,UCO_HUS,StephenSchottBBS,D1,WCC,20260318-StephenSchottBBS-1,64ffe930-2343-11f1-bc73-db1efe8e085b,76.56694,,,6.27498,,,,,,,4f91a5e0-4f32-4f63-8172-e61544f835a3,2026-03-19,03:26:18.49,2026-03-18T23:26:18.4955904-04:00,2026-03-19T03:26:18.4955904Z,,v3,471436,471275,10559,"Tiendas, Matthew",1000163923,Left,SAN_BRO,d615df09-1b1c-41fb-a0a8-0ba3d1551df4,54.29895,-112.55044,10.44689,5.39794,-2.11783,-13.92726,1.46645,-4.55966,4.96367,,,,,,,,,,,,,,,,,,,,,,,,,,,,,,,,,,,,,,,,,,,,,,,,,,,High,High,High,,,,,,,,,,,,,,,,,,,,,,,,,,,,,,,,,,,,,,,
258,2026-03-18,23:26:33.79,5,6,"Stewart, Henry",813782,Left,SAN_BRO,"Jemison, Peyton",10267615,Right,UCO_HUS,Undefined,7,Top,2,3,2,ChangeUp,Changeup,BallCalled,Walk,Undefined,Undefined,0,0,,76.41148,-1.364905,2.338716,1443.424344,131.225566,10:15,5.58167,-1.31119,6.06728,-36.05746,12.01749,-11.78127,1.31247,-0.12744,69.53306,-8.095178,0.216279,0.499035,,,,,,,,,,,,6.81024,7.11571,1.13609,50,5.45671,-4.10873,-110.81995,-3.64932,8.37052,21.95641,-23.42807,SAN_BRO,UCO_HUS,StephenSchottBBS,D1,WCC,20260318-StephenSchottBBS-1,6e1d9710-2343-11f1-bc73-db1efe8e085b,75.53071,,,6.87842,,,,,,,4f91a5e0-4f32-4f63-8172-e61544f835a3,2026-03-19,03:26:33.79,2026-03-18T23:26:33.7942528-04:00,2026-03-19T03:26:33.7942528Z,,v3,471436,471275,10559,"Tiendas, Matthew",1000163923,Left,SAN_BRO,d0a61aa5-63e8-4891-ab36-1cd4f7070ed1,54.43074,-111.69435,10.97821,5.58346,-2.71631,-11.71404,1.30636,-4.44208,4.18526,,,,,,,,,,,,,,,,,,,,,,,,,,,,,,,,,,,,,,,,,,,,,,,,,,,High,High,High,,,,,,,,,,,,,,,,,,,,,,,,,,,,,,,,,,,,,,,
259,2026-03-18,23:27:09.48,6,1,"Stewart, Henry",813782,Left,SAN_BRO,"Rispoli, Robert",10111517,Right,UCO_HUS,Undefined,7,Top,2,0,0,ChangeUp,Changeup,StrikeCalled,Undefined,Undefined,Undefined,0,0,,74.55981,0.470725,1.249675,1445.229314,123.655162,10:00,5.56967,-1.3091,6.06111,-42.02435,8.04914,-9.64662,2.50343,-0.95618,68.24118,-7.341893,-0.488366,0.509302,,,,,,,,,,,,5.31937,4.51429,1.21713,50,5.58391,-2.02623,-108.29518,-0.29398,6.29105,19.64106,-26.83517,SAN_BRO,UCO_HUS,StephenSchottBBS,D1,WCC,20260318-StephenSchottBBS-1,83652160-2343-11f1-bc73-db1efe8e085b,74.00804,,,6.31863,,,,,,,4f91a5e0-4f32-4f63-8172-e61544f835a3,2026-03-19,03:27:09.48,2026-03-18T23:27:09.4820000-04:00,2026-03-19T03:27:09.4820000Z,,v3,471436,471275,10559,"Tiendas, Matthew",1000163923,Left,SAN_BRO,9adc724f-800e-4599-801b-e206011c2221,54.43727,-109.09699,9.82053,5.57355,0.80151,-13.41759,1.30508,-2.28305,3.14553,,,,,,,,,,,,,,,,,,,,,,,,,,,,,77.61007,2.018098,0.719514,1.298584,-0.54513,2.2451,0.974,-1.11068,6.08698,1.2194,127.27476,-2.0646,-0.85781,-0.98217,111.69339,-10.09143,6.13265,10.7106,-13.16303,1.17645,-4.63963,2.4116,High,High,High,,,High,High,High,,,,,,,,,,,,,,,,,,,,,,,,,,,,,,,,,,
260,2026-03-18,23:27:34.30,6,2,"Stewart, Henry",813782,Left,SAN_BRO,"Rispoli, Robert",10111517,Right,UCO_HUS,Undefined,7,Top,2,0,1,ChangeUp,Changeup,BallinDirt,Undefined,Undefined,Undefined,0,0,,76.53331,-2.545862,2.665118,1487.484618,148.838243,11:00,5.59289,-1.16048,6.04676,-32.18045,16.04607,-8.6291,0.55014,0.58955,69.44219,-8.573124,1.111955,0.499821,,,,,,,,,,,,5.34933,9.60327,0.95761,50,5.37718,-4.85868,-110.85194,-5.80492,6.55067,22.74624,-20.41407,SAN_BRO,UCO_HUS,StephenSchottBBS,D1,WCC,20260318-StephenSchottBBS-1,922c16e0-2343-11f1-bc73-db1efe8e085b,75.41188,,,7.09112,,,,,,,4f91a5e0-4f32-4f63-8172-e61544f835a3,2026-03-19,03:27:34.30,2026-03-18T23:27:34.3020032-04:00,2026-03-19T03:27:34.3020032Z,,v3,471436,471275,10559,"Tiendas, Matthew",1000163923,Left,SAN_BRO,359a52ea-2adf-45b2-bb07-291bba721e49,54.45157,-111.76164,11.37312,5.59301,-4.98849,-10.20703,1.15717,-5.12067,3.27533,,,,,,,,,,,,,,,,,,,,,,,,,,,,,,,,,,,,,,,,,,,,,,,,,,,High,High,High,,,,,,,,,,,,,,,,,,,,,,,,,,,,,,,,,,,,,,,
261,2026-03-18,23:27:50.77,6,3,"Stewart, Henry",813782,Left,SAN_BRO,"Rispoli, Robert",10111517,Right,UCO_HUS,Undefined,7,Top,2,1,1,Fastball,Four-Seam,BallCalled,Undefined,Undefined,Undefined,0,0,,83.4857,-2.398024,0.616725,2080.568884,159.252927,11:15,5.51859,-1.19739,6.39211,-23.43131,15.95139,-5.56146,1.35894,-1.09358,76.50587,-6.827196,-0.391697,0.451673,,,,,,,,,,,,3.08484,9.39784,1.15554,50,5.33532,-1.10234,-121.27289,-5.70896,4.58574,24.12145,-18.20385,SAN_BRO,UCO_HUS,StephenSchottBBS,D1,WCC,20260318-StephenSchottBBS-1,9bf965b0-2343-11f1-bc73-db1efe8e085b,83.45072,,,6.97983,,,,,,,4f91a5e0-4f32-4f63-8172-e61544f835a3,2026-03-19,03:27:50.77,2026-03-18T23:27:50.7747840-04:00,2026-03-19T03:27:50.7747840Z,,v3,471436,471275,10559,"Tiendas, Matthew",1000163923,Left,SAN_BRO,aaca3240-ea0c-47c7-b087-086055440bee,54.10694,-122.08704,12.06073,5.51764,-5.09454,-9.10193,1.19536,-1.25712,2.29287,,,,,,,,,,,,,,,,,,,,,,,,,,,,,,,,,,,,,,,,,,,,,,,,,,,High,High,High,,,,,,,,,,,,,,,,,,,,,,,,,,,,,,,,,,,,,,,
262,2026-03-18,23:28:06.27,6,4,"Stewart, Henry",813782,Left,SAN_BRO,"Rispoli, Robert",10111517,Right,UCO_HUS,Undefined,7,Top,2,2,1,Fastball,Four-Seam,BallCalled,Undefined,Undefined,Undefined,0,0,,82.16643,-0.146449,0.288077,2103.592008,155.252504,11:15,5.60202,-1.20967,6.51914,-24.11726,16.32316,-6.92729,3.45788,-1.52261,75.00517,-4.743325,-0.970213,0.457698,,,,,,,,,,,,3.69166,8.98583,1.19223,50,5.58116,-0.34846,-119.44926,-0.92016,5.31899,23.60059,-19.22714,SAN_BRO,UCO_HUS,StephenSchottBBS,D1,WCC,20260318-StephenSchottBBS-1,a5387e40-2343-11f1-bc73-db1efe8e085b,82.35218,,,7.16125,,,,,,,4f91a5e0-4f32-4f63-8172-e61544f835a3,2026-03-19,03:28:06.27,2026-03-18T23:28:06.2796288-04:00,2026-03-19T03:28:06.2796288Z,,v3,471436,471275,10559,"Tiendas, Matthew",1000163923,Left,SAN_BRO,ea87992a-309e-4162-b27d-23999e58d9c5,53.97818,-120.23269,11.8003,5.60111,-0.28191,-9.61357,1.20673,-0.52503,2.6595,,,,,,,,,,,,,,,,,,,,,,,,,,,,,,,,,,,,,,,,,,,,,,,,,,,High,High,High,,,,,,,,,,,,,,,,,,,,,,,,,,,,,,,,,,,,,,,
263,2026-03-18,23:28:23.39,6,5,"Stewart, Henry",813782,Left,SAN_BRO,"Rispoli, Robert",10111517,Right,UCO_HUS,Undefined,7,Top,2,3,1,ChangeUp,Changeup,InPlay,Undefined,LineDrive,Double,0,2,,73.9696,0.387564,1.797324,1477.207415,115.564659,9:45,5.59604,-1.17014,6.03949,-43.83924,6.98181,-11.21355,2.3018,-0.43988,67.89538,-7.739487,-0.222103,0.51309,93.58997,12.320528,-34.526739,3040.795942,86.92539,9.1149,-67.40844,153.30317,105.88006,-39.646723,1.36802,6.31953,3.94378,1.0361,50,5.6025,-2.99329,-107.45848,-0.50262,7.37244,19.01858,-27.5732,SAN_BRO,UCO_HUS,StephenSchottBBS,D1,WCC,20260318-StephenSchottBBS-1,af746d60-2343-11f1-bc73-db1efe8e085b,73.4617,11.01807,,6.07422,,,,2.05643,2.36261,0.35369,4f91a5e0-4f32-4f63-8172-e61544f835a3,2026-03-19,03:28:23.39,2026-03-18T23:28:23.3987072-04:00,2026-03-19T03:28:23.3987072Z,LineDrive,v3,471436,471275,10559,"Tiendas, Matthew",1000163923,Left,SAN_BRO,9617d000-eb5f-4479-82a7-2a97844bf395,54.4608,-108.24509,9.50929,5.5997,0.63782,-13.7866,1.16621,-3.29822,3.68622,,2.05644,110.48108,-23.05606,3.87373,-0.22606,-0.86081,0.83874,-0.36246,0.06078,2.36261,29.28849,-26.92232,3.95414,-0.53385,-0.44226,0.52596,-0.23704,0.0406,0.3537,-76.01033,1.43028,1.68637,-0.1086,-0.71074,0.75531,-0.34375,0.06013,,,,,,,,,,,,,,,,,,,,,,,High,High,High,High,Medium,,,,,,,,,,,,,,,,,,,,,,,,,,,,,,,,,,,,,
264,2026-03-18,23:31:08.13,7,1,"Gargasz, Tate",832230,Right,SAN_BRO,"Minick, Tyler",835230,Right,UCO_HUS,Undefined,7,Top,2,0,0,Slider,Curveball,BallinDirt,Undefined,Undefined,Undefined,0,0,,74.18453,-0.436143,-1.168992,2370.880463,58.899096,8:00,5.78318,0.88001,5.31558,-58.69346,-6.23961,-13.2956,0.48262,-1.32527,68.06393,-11.047567,-3.537854,0.521267,,,,,,,,,,,,6.35646,-2.56772,-0.7639,50,5.70082,2.68659,-107.62376,-2.73257,7.35213,21.09253,-35.14397,SAN_BRO,UCO_HUS,StephenSchottBBS,D1,WCC,20260318-StephenSchottBBS-1,11a3ece0-2344-11f1-bc73-db1efe8e085b,72.30929,,,6.12059,,,,,,,4f91a5e0-4f32-4f63-8172-e61544f835a3,2026-03-19,03:31:08.13,2026-03-18T23:31:08.1385472-04:00,2026-03-19T03:31:08.1385472Z,,v3,471436,471275,10559,"Tiendas, Matthew",1000163923,Left,SAN_BRO,18366aee-6fa1-403e-949f-45ecd4871392,55.18644,-108.63547,10.54626,5.79146,-1.04689,-17.57199,-0.88431,2.33394,3.67606,,,,,,,,,,,,,,,,,,,,,,,,,,,,,,,,,,,,,,,,,,,,,,,,,,,High,High,High,,,,,,,,,,,,,,,,,,,,,,,,,,,,,,,,,,,,,,,
265,2026-03-18,23:31:26.40,7,2,"Gargasz, Tate",832230,Right,SAN_BRO,"Minick, Tyler",835230,Right,UCO_HUS,Undefined,7,Top,2,1,0,Slider,Slider,InPlay,Undefined,FlyBall,Out,1,0,,75.17001,0.71095,0.876151,2337.831469,90.626396,9:00,5.77909,1.10239,5.40914,-49.25908,2.10323,-15.85548,2.34038,0.60205,67.7834,-8.338081,-1.948277,0.515815,91.22484,39.044868,3.71485,3834.95685,109.25175,80.56666,12.80656,330.13582,329.06904,14.288971,5.455176,8.32934,1.30205,-1.16863,50,5.80806,-1.06876,-108.92628,-0.21742,9.78151,23.15654,-30.64498,SAN_BRO,UCO_HUS,StephenSchottBBS,D1,WCC,20260318-StephenSchottBBS-1,1c84a780-2344-11f1-bc73-db1efe8e085b,73.07361,105.21632,,7.38661,,,,1.73273,2.42946,-0.65406,4f91a5e0-4f32-4f63-8172-e61544f835a3,2026-03-19,03:31:26.40,2026-03-18T23:31:26.4072704-04:00,2026-03-19T03:31:26.4072704Z,FlyBall,v3,471436,471275,10559,"Tiendas, Matthew",1000163923,Left,SAN_BRO,e4e3b2ff-c10d-4bf2-9f9c-88eeeb387969,55.08995,-110.00303,11.57827,5.78504,1.20753,-15.32249,-1.10836,-1.52359,4.89075,202.084983,1.734,103.67301,-20.83348,4.85837,-0.87918,0.13083,-0.01728,0.00177,-9E-05,2.43254,84.21723,-19.97388,1.43082,-0.09563,-0.05085,0.0193,-0.00264,0.00013,-0.65407,6.73272,3.83094,-0.95121,0.18739,-0.02845,0.00347,-0.00031,1E-05,,,,,,,,,,,,,,,,,,,,,,,High,High,High,High,Medium,,,,,,,,,,,,,,,,,,,,,,,,,,,,,,,,,,,,,
266,2026-03-18,23:33:48.42,1,1,"Shaw, Greg",837542,Right,UCO_HUS,"Lambert, Payton",824218,Right,SAN_BRO,Undefined,7,Bottom,0,0,0,Sinker,Sinker,StrikeCalled,Undefined,Undefined,Undefined,0,0,,87.91584,0.098641,-4.560111,1970.656469,251.446355,2:30,4.37156,2.00949,5.67854,-29.11694,8.57926,20.9158,2.0374,-0.50755,77.91369,-5.362875,-0.834647,0.441896,,,,,,,,,,,,-12.21446,4.75331,-1.63758,50,4.36211,9.1914,-126.92571,-0.7748,-19.32157,33.31366,-24.65494,SAN_BRO,UCO_HUS,StephenSchottBBS,D1,WCC,20260318-StephenSchottBBS-1,7122a440-2344-11f1-bc73-db1efe8e085b,85.29706,,,10.00216,,,,,,,4f91a5e0-4f32-4f63-8172-e61544f835a3,2026-03-19,03:33:48.42,2026-03-18T23:33:48.4220416-04:00,2026-03-19T03:33:48.4220416Z,,v3,471436,471275,10559,"Cancel, Chris",837525,Right,UCO_HUS,cec70e31-a91a-434a-ad68-2602d6453dc7,54.81707,-128.18379,16.65683,4.37379,0.15629,-12.32747,-1.99847,9.92107,-9.66079,,,,,,,,,,,,,,,,,,,,,,,,,,,,,,,,,,,,,,,,,,,,,,,,,,,High,High,High,,,,,,,,,,,,,,,,,,,,,,,,,,,,,,,,,,,,,,,
267,2026-03-18,23:34:01.93,1,2,"Shaw, Greg",837542,Right,UCO_HUS,"Lambert, Payton",824218,Right,SAN_BRO,Undefined,7,Bottom,0,0,1,Slider,Splitter,BallCalled,Undefined,Undefined,Undefined,0,0,,76.67844,2.169608,-3.393159,851.796273,356.742861,6:00,4.38539,1.98417,5.37482,-54.72688,-4.8711,0.38713,1.86342,-1.16845,68.68696,-7.847346,-3.324526,0.508193,,,,,,,,,,,,-1.3928,-2.54906,-1.68013,50,4.5422,6.55211,-110.77142,2.34333,-1.68612,24.51876,-35.25997,SAN_BRO,UCO_HUS,StephenSchottBBS,D1,WCC,20260318-StephenSchottBBS-1,793c0180-2344-11f1-bc73-db1efe8e085b,74.16947,,,7.99148,,,,,,,4f91a5e0-4f32-4f63-8172-e61544f835a3,2026-03-19,03:34:01.93,2026-03-18T23:34:01.9361280-04:00,2026-03-19T03:34:01.9361280Z,,v3,471436,471275,10559,"Cancel, Chris",837525,Right,UCO_HUS,b621ef88-a287-4ff6-930e-083e49803762,55.12119,-111.89923,12.25938,4.39711,3.96521,-17.62998,-1.9833,6.62967,-0.84306,,,,,,,,,,,,,,,,,,,,,,,,,,,,,,,,,,,,,,,,,,,,,,,,,,,High,High,High,,,,,,,,,,,,,,,,,,,,,,,,,,,,,,,,,,,,,,,
268,2026-03-18,23:34:21.13,1,3,"Shaw, Greg",837542,Right,UCO_HUS,"Lambert, Payton",824218,Right,SAN_BRO,Undefined,7,Bottom,0,1,1,Splitter,Splitter,StrikeSwinging,Undefined,Undefined,Undefined,0,0,,76.63108,2.759478,-2.342469,714.182587,304.408005,4:15,4.36923,2.12695,5.32684,-52.93841,-3.90244,8.08083,2.55125,0.60105,69.69553,-6.897317,-0.908862,0.503998,,,,,,,,,,,,-4.73028,-2.26622,-1.92105,50,4.58099,4.22141,-110.99744,3.55774,-5.86109,21.13383,-34.98204,SAN_BRO,UCO_HUS,StephenSchottBBS,D1,WCC,20260318-StephenSchottBBS-1,84af1110-2344-11f1-bc73-db1efe8e085b,74.78689,,,6.93555,,,,,,,4f91a5e0-4f32-4f63-8172-e61544f835a3,2026-03-19,03:34:21.13,2026-03-18T23:34:21.1362816-04:00,2026-03-19T03:34:21.1362816Z,,v3,471436,471275,10559,"Cancel, Chris",837525,Right,UCO_HUS,483b936d-8dd2-4dc2-913f-f432a87098f4,55.17313,-111.97807,10.56691,4.37825,5.18094,-17.49102,-2.12324,4.49337,-2.93054,,,,,,,,,,,,,,,,,,,,,,,,,,,,,,,,,,,,,,,,,,,,,,,,,,,High,High,High,,,,,,,,,,,,,,,,,,,,,,,,,,,,,,,,,,,,,,,
269,2026-03-18,23:34:37.71,1,4,"Shaw, Greg",837542,Right,UCO_HUS,"Lambert, Payton",824218,Right,SAN_BRO,Undefined,7,Bottom,0,1,2,Splitter,Splitter,FoulBallNotFieldable,Undefined,Undefined,Undefined,0,0,,77.01633,2.395854,-2.816784,845.796455,332.352204,5:00,4.31567,1.91713,5.39575,-55.76342,-6.91233,4.53803,1.91803,-0.34659,69.59995,-7.784752,-2.01076,0.503047,67.00527,-27.488144,-79.198003,,,,,5.26312,5.13278,-45.662328,0.047915,-3.22063,-3.85898,-1.66902,50,4.49018,5.31066,-111.48327,2.79803,-3.98479,23.1982,-36.94864,SAN_BRO,UCO_HUS,StephenSchottBBS,D1,WCC,20260318-StephenSchottBBS-1,8e8ed670-2344-11f1-bc73-db1efe8e085b,74.92828,2.18094,,7.41638,,,,2.89274,2.18094,0.35302,4f91a5e0-4f32-4f63-8172-e61544f835a3,2026-03-19,03:34:37.71,2026-03-18T23:34:37.7134592-04:00,2026-03-19T03:34:37.7134592Z,GroundBall,v3,471436,471275,10559,"Cancel, Chris",837525,Right,UCO_HUS,f1bdf43e-ed5f-402d-8ad2-349199a768e2,55.10514,-112.54056,11.5991,4.32428,4.48203,-18.47432,-1.9152,5.49228,-1.9924,180,2.8923,16.39516,,,,,,,,2.18214,-45.51632,,,,,,,,0.3553,-85.93015,,,,,,,,,,,,,,,,,,,,,,,,,,,,,,High,High,High,Low,Low,,,,,,,,,,,,,,,,,,,,,,,,,,,,,,,,,,,,,
270,2026-03-18,23:35:02.80,1,5,"Shaw, Greg",837542,Right,UCO_HUS,"Lambert, Payton",824218,Right,SAN_BRO,Undefined,7,Bottom,0,1,2,Sinker,Changeup,FoulBallNotFieldable,Undefined,Undefined,Undefined,0,0,,88.33105,1.382835,-3.310251,1870.247435,246.389027,2:15,4.2844,1.97292,5.4346,-26.67159,10.84367,21.36446,3.35917,0.64987,78.34955,-3.624041,0.483868,0.440834,67.39116,-45.594505,-94.134169,,,,,4.13105,4.13105,-72.303563,0.047388,-11.90642,5.36315,-1.69488,50,4.38918,6.41159,-127.65811,2.16127,-19.09937,33.11556,-23.5709,SAN_BRO,UCO_HUS,StephenSchottBBS,D1,WCC,20260318-StephenSchottBBS-1,9d75d710-2344-11f1-bc73-db1efe8e085b,85.50251,3.36402,,9.98151,,,,1.49327,3.36402,-0.64922,4f91a5e0-4f32-4f63-8172-e61544f835a3,2026-03-19,03:35:02.80,2026-03-18T23:35:02.8059648-04:00,2026-03-19T03:35:02.8059648Z,GroundBall,v3,471436,471275,10559,"Cancel, Chris",837525,Right,UCO_HUS,0ab6ff41-37c3-4f09-bde8-4b29aaf0d135,55.06181,-128.9645,16.55778,4.28558,3.09113,-11.78545,-1.96267,7.16505,-9.54969,,1.49347,-5.01264,,,,,,,,3.36689,-70.98895,,,,,,,,-0.64641,-69.34994,,,,,,,,,,,,,,,,,,,,,,,,,,,,,,High,High,High,Estimated,Estimated,,,,,,,,,,,,,,,,,,,,,,,,,,,,,,,,,,,,,
271,2026-03-18,23:35:30.31,1,6,"Shaw, Greg",837542,Right,UCO_HUS,"Lambert, Payton",824218,Right,SAN_BRO,Undefined,7,Bottom,0,1,2,Splitter,Splitter,BallCalled,Undefined,Undefined,Undefined,0,0,,76.65413,1.616156,-3.52503,872.472456,352.743366,5:45,4.35027,1.87694,5.20613,-56.64149,-6.65075,1.08571,1.15337,-1.35194,69.069,-8.684019,-3.332989,0.508881,,,,,,,,,,,,-1.75658,-3.37189,-1.55124,50,4.45736,6.78293,-110.81025,1.1821,-2.13496,23.94983,-36.27233,SAN_BRO,UCO_HUS,StephenSchottBBS,D1,WCC,20260318-StephenSchottBBS-1,adee4d20-2344-11f1-bc73-db1efe8e085b,74.06928,,,7.58513,,,,,,,4f91a5e0-4f32-4f63-8172-e61544f835a3,2026-03-19,03:35:30.31,2026-03-18T23:35:30.3199744-04:00,2026-03-19T03:35:30.3199744Z,,v3,471436,471275,10559,"Cancel, Chris",837525,Right,UCO_HUS,dc2488f2-8705-4a4a-b116-a98f2f2ce683,55.293,-111.94841,11.97491,4.36023,2.90584,-18.13616,-1.87599,6.88438,-1.06748,,,,,,,,,,,,,,,,,,,,,,,,,,,,,,,,,,,,,,,,,,,,,,,,,,,High,High,High,,,,,,,,,,,,,,,,,,,,,,,,,,,,,,,,,,,,,,,
272,2026-03-18,23:35:48.83,1,7,"Shaw, Greg",837542,Right,UCO_HUS,"Lambert, Payton",824218,Right,SAN_BRO,Undefined,7,Bottom,0,2,2,Splitter,Splitter,InPlay,Undefined,GroundBall,Single,0,0,,76.48863,1.828933,-3.914321,769.150377,313.009891,4:30,4.26484,2.10458,5.32855,-51.82089,-1.67315,3.86382,1.66717,-1.25207,68.58159,-7.660598,-3.230424,0.50968,66.75811,-68.747213,-119.856413,,,,,1.7933,2.28391,17.245908,0.02266,-3.3191,-0.98717,-1.75317,50,4.39332,7.40916,-110.48513,1.81607,-4.00111,24.22547,-33.36407,SAN_BRO,UCO_HUS,StephenSchottBBS,D1,WCC,20260318-StephenSchottBBS-1,b8f30a80-2344-11f1-bc73-db1efe8e085b,73.95322,2.07483,,7.90704,,,,2.11441,2.07483,1.23154,4f91a5e0-4f32-4f63-8172-e61544f835a3,2026-03-19,03:35:48.83,2026-03-18T23:35:48.8397312-04:00,2026-03-19T03:35:48.8397312Z,GroundBall,v3,471436,471275,10559,"Cancel, Chris",837525,Right,UCO_HUS,07d63327-ec5a-4c1a-8545-44a2405f9c60,55.16959,-111.61289,12.11273,4.27263,3.36925,-16.68203,-2.10242,7.59542,-2.00055,,2.11463,-17.72847,,,,,,,,2.07596,-91.56195,,,,,,,,1.23192,-30.8851,,,,,,,,,,,,,,,,,,,,,,,,,,,,,,High,High,High,Low,Low,,,,,,,,,,,,,,,,,,,,,,,,,,,,,,,,,,,,,
273,2026-03-18,23:37:03.24,2,1,"Shaw, Greg",837542,Right,UCO_HUS,"Carston, Koen",824220,Right,SAN_BRO,Undefined,7,Bottom,0,0,0,Sinker,Changeup,StrikeSwinging,Undefined,Undefined,Undefined,0,0,,87.72032,0.55889,-2.963789,1977.775725,254.967617,2:30,4.18372,2.11537,5.44766,-30.7484,7.23772,21.26781,2.14533,1.11037,77.98793,-5.170416,0.818142,0.443592,,,,,,,,,,,,-11.72859,3.86709,-1.86853,50,4.21248,5.606,-126.85341,0.13912,-18.57195,32.77266,-26.05061,SAN_BRO,UCO_HUS,StephenSchottBBS,D1,WCC,20260318-StephenSchottBBS-1,e5418260-2344-11f1-bc73-db1efe8e085b,84.97093,,,9.73239,,,,,,,4f91a5e0-4f32-4f63-8172-e61544f835a3,2026-03-19,03:37:03.24,2026-03-18T23:37:03.2406528-04:00,2026-03-19T03:37:03.2406528Z,,v3,471436,471275,10559,"Cancel, Chris",837525,Right,UCO_HUS,209d46c0-a1d5-41a7-8bc1-214629b51db2,55.04881,-128.15114,16.38633,4.18655,1.17067,-13.02531,-2.10507,6.34141,-9.28597,,,,,,,,,,,,,,,,,,,,,,,,,,,,,,,,,,,,,,,,,,,,,,,,,,,High,High,High,,,,,,,,,,,,,,,,,,,,,,,,,,,,,,,,,,,,,,,
274,2026-03-18,23:37:19.91,2,2,"Shaw, Greg",837542,Right,UCO_HUS,"Carston, Koen",824220,Right,SAN_BRO,Undefined,7,Bottom,0,0,1,Sinker,Sinker,BallCalled,Undefined,Undefined,Undefined,0,0,,88.41563,0.09198,-6.728891,2033.687506,249.391328,2:15,4.35191,1.94657,5.55991,-27.82872,9.50497,21.40226,2.11938,-2.58571,78.91988,-5.097486,-2.949066,0.439766,,,,,,,,,,,,-12.97461,5.18181,-1.37712,50,4.34198,14.0488,-127.28338,-0.76136,-20.87114,30.86481,-23.83851,SAN_BRO,UCO_HUS,StephenSchottBBS,D1,WCC,20260318-StephenSchottBBS-1,ef37b5f0-2344-11f1-bc73-db1efe8e085b,85.71017,,,9.49575,,,,,,,4f91a5e0-4f32-4f63-8172-e61544f835a3,2026-03-19,03:37:19.91,2026-03-18T23:37:19.9199744-04:00,2026-03-19T03:37:19.9199744Z,,v3,471436,471275,10559,"Cancel, Chris",837525,Right,UCO_HUS,61d9e76f-e7af-4a5b-95db-ae7e1a7e6694,54.93698,-128.47497,15.43241,4.35361,0.15897,-11.91926,-1.93505,14.85456,-10.43557,,,,,,,,,,,,,,,,,,,,,,,,,,,,,,,,,,,,,,,,,,,,,,,,,,,High,High,High,,,,,,,,,,,,,,,,,,,,,,,,,,,,,,,,,,,,,,,
275,2026-03-18,23:37:40.17,2,3,"Shaw, Greg",837542,Right,UCO_HUS,"Carston, Koen",824220,Right,SAN_BRO,Undefined,7,Bottom,0,1,1,Sinker,Sinker,InPlay,Undefined,GroundBall,Out,2,0,,87.84564,0.70151,-4.143812,2051.610902,249.315768,2:15,4.28898,1.96921,5.4243,-28.30427,9.48347,21.236,2.58912,-0.14924,78.38277,-4.578942,-0.37722,0.442432,97.50645,-1.184879,-10.102338,2013.765303,,,,38.70599,37.96116,-10.329513,0.275481,-12.07831,4.93063,-1.61631,50,4.33218,8.24119,-126.94722,0.56079,-19.27209,31.37332,-24.30678,SAN_BRO,UCO_HUS,StephenSchottBBS,D1,WCC,20260318-StephenSchottBBS-1,fb4a60e0-2344-11f1-bc73-db1efe8e085b,85.19367,2.61536,,9.46287,,,,0.89646,2.61536,0.11566,4f91a5e0-4f32-4f63-8172-e61544f835a3,2026-03-19,03:37:40.17,2026-03-18T23:37:40.1784320-04:00,2026-03-19T03:37:40.1784320Z,GroundBall,v3,471436,471275,10559,"Cancel, Chris",837525,Right,UCO_HUS,86a87243-0193-4dbf-9e75-d4f8dafa61ac,55.07319,-128.19486,15.68666,4.29066,1.52741,-12.15339,-1.95928,9.0076,-9.63604,33.759173,0.8991,140.63445,-20.62267,,,,,,,2.61883,-3.12498,-23.20922,,,,,,,0.11666,-25.12771,-1.78879,,,,,,,,,,,,,,,,,,,,,,,,,,,,,High,High,High,High,High,,,,,,,,,,,,,,,,,,,,,,,,,,,,,,,,,,,,,
276,2026-03-18,23:38:31.54,3,1,"Shaw, Greg",837542,Right,UCO_HUS,"Banning, Trevor",1000239374,Left,SAN_BRO,Undefined,7,Bottom,2,0,0,Sinker,Changeup,StrikeCalled,Undefined,Undefined,Undefined,0,0,,88.0204,0.487466,-4.706553,1980.846582,245.233326,2:15,4.36821,2.30049,5.61466,-26.11356,11.47564,21.58332,2.6486,-0.30359,78.14134,-4.429557,-0.869342,0.441268,,,,,,,,,,,,-12.49879,6.05142,-1.91164,50,4.39365,9.48787,-127.06796,0.21175,-19.8929,32.4753,-22.54266,SAN_BRO,UCO_HUS,StephenSchottBBS,D1,WCC,20260318-StephenSchottBBS-1,19e59d30-2345-11f1-bc73-db1efe8e085b,85.41839,,,9.87906,,,,,,,4f91a5e0-4f32-4f63-8172-e61544f835a3,2026-03-19,03:38:31.54,2026-03-18T23:38:31.5450880-04:00,2026-03-19T03:38:31.5450880Z,,v3,471436,471275,10559,"Cancel, Chris",837525,Right,UCO_HUS,93999198-d6fe-4a01-a507-154d5015df47,54.88091,-128.30933,16.23765,4.36909,1.07344,-11.27133,-2.28885,10.24827,-9.94645,,,,,,,,,,,,,,,,,,,,,,,,,,,,,,,,,,,,,,,,,,,,,,,,,,,High,High,High,,,,,,,,,,,,,,,,,,,,,,,,,,,,,,,,,,,,,,,
277,2026-03-18,23:38:47.90,3,2,"Shaw, Greg",837542,Right,UCO_HUS,"Banning, Trevor",1000239374,Left,SAN_BRO,Undefined,7,Bottom,2,0,1,Splitter,Splitter,BallCalled,Undefined,Undefined,Undefined,0,0,,75.71044,2.83757,-0.617824,861.608006,327.881257,5:00,4.46237,2.20453,5.26742,-54.87597,-3.5765,3.50984,2.5573,1.91662,67.59656,-7.224775,0.004847,0.515499,,,,,,,,,,,,-1.94721,-2.08973,-2.15064,50,4.68259,1.03686,-109.4484,3.55762,-2.29902,24.11109,-34.64135,SAN_BRO,UCO_HUS,StephenSchottBBS,D1,WCC,20260318-StephenSchottBBS-1,23b535f0-2345-11f1-bc73-db1efe8e085b,73.11834,,,8.11389,,,,,,,4f91a5e0-4f32-4f63-8172-e61544f835a3,2026-03-19,03:38:47.90,2026-03-18T23:38:47.9059968-04:00,2026-03-19T03:38:47.9059968Z,,v3,471436,471275,10559,"Cancel, Chris",837525,Right,UCO_HUS,68357f3d-c373-47a8-8165-7ead68c71a0d,55.22745,-110.59399,12.05555,4.47445,5.20354,-17.32068,-2.2025,1.14609,-1.14951,,,,,,,,,,,,,,,,,,,,,,,,,,,,,,,,,,,,,,,,,,,,,,,,,,,High,High,High,,,,,,,,,,,,,,,,,,,,,,,,,,,,,,,,,,,,,,,
278,2026-03-18,23:39:05.23,3,3,"Shaw, Greg",837542,Right,UCO_HUS,"Banning, Trevor",1000239374,Left,SAN_BRO,Undefined,7,Bottom,2,1,1,Sinker,Changeup,StrikeSwinging,Undefined,Undefined,Undefined,0,0,,87.61707,-0.061247,-2.862933,1914.003069,249.201422,2:15,4.31451,2.27209,5.54466,-28.72368,9.0528,19.95466,1.86356,1.25718,78.25469,-5.427023,0.692615,0.442366,,,,,,,,,,,,-11.08217,5.00079,-2.03762,50,4.29057,5.46154,-126.80273,-1.13113,-17.60198,31.8426,-24.23123,SAN_BRO,UCO_HUS,StephenSchottBBS,D1,WCC,20260318-StephenSchottBBS-1,2df802e0-2345-11f1-bc73-db1efe8e085b,85.20638,,,9.36238,,,,,,,4f91a5e0-4f32-4f63-8172-e61544f835a3,2026-03-19,03:39:05.23,2026-03-18T23:39:05.2311040-04:00,2026-03-19T03:39:05.2311040Z,,v3,471436,471275,10559,"Cancel, Chris",837525,Right,UCO_HUS,3bfe7fee-d290-437a-8746-6d1fa8669c54,54.95277,-128.04043,15.9213,4.31623,-0.18928,-12.11561,-2.26321,6.14571,-8.80099,,,,,,,,,,,,,,,,,,,,,,,,,,,,,,,,,,,,,,,,,,,,,,,,,,,High,High,High,,,,,,,,,,,,,,,,,,,,,,,,,,,,,,,,,,,,,,,
279,2026-03-18,23:39:25.95,3,4,"Shaw, Greg",837542,Right,UCO_HUS,"Banning, Trevor",1000239374,Left,SAN_BRO,Undefined,7,Bottom,2,1,2,Sinker,Changeup,BallCalled,Undefined,Undefined,Undefined,0,0,,87.74224,2.127781,-1.97025,1887.807028,255.361068,2:30,4.30139,2.26827,5.49376,-30.89876,6.84548,20.64989,3.71901,2.14531,78.18882,-3.6312,1.705415,0.442178,,,,,,,,,,,,-10.94008,3.15292,-2.10962,50,4.46749,3.41571,-126.93632,3.61049,-17.43058,31.6703,-27.15055,SAN_BRO,UCO_HUS,StephenSchottBBS,D1,WCC,20260318-StephenSchottBBS-1,3a7137d0-2345-11f1-bc73-db1efe8e085b,85.24278,,,9.55342,,,,,,,4f91a5e0-4f32-4f63-8172-e61544f835a3,2026-03-19,03:39:25.95,2026-03-18T23:39:25.9596288-04:00,2026-03-19T03:39:25.9596288Z,,v3,471436,471275,10559,"Cancel, Chris",837525,Right,UCO_HUS,8a935bba-6d23-4d2f-b527-3c7ac19f10ea,55.00141,-128.17809,15.83515,4.30505,4.67504,-13.57528,-2.25695,4.09914,-8.71529,,,,,,,,,,,,,,,,,,,,,,,,,,,,,,,,,,,,,,,,,,,,,,,,,,,High,High,High,,,,,,,,,,,,,,,,,,,,,,,,,,,,,,,,,,,,,,,
280,2026-03-18,23:39:46.86,3,5,"Shaw, Greg",837542,Right,UCO_HUS,"Banning, Trevor",1000239374,Left,SAN_BRO,Undefined,7,Bottom,2,2,2,Splitter,Changeup,StrikeCalled,Strikeout,Undefined,Undefined,0,0,,76.57916,2.473629,-3.799436,1535.503384,324.484661,4:45,4.39039,2.01787,5.24582,-54.06125,-4.27551,4.32666,2.2165,-1.19741,69.14815,-7.377674,-3.034873,0.507836,,,,,,,,,,,,-3.39524,-2.4437,-1.67184,50,4.57794,7.17924,-110.68094,2.95085,-4.1452,22.66342,-35.15752,SAN_BRO,UCO_HUS,StephenSchottBBS,D1,WCC,20260318-StephenSchottBBS-1,46d02e00-2345-11f1-bc73-db1efe8e085b,74.22161,,,7.43101,,,,,,,4f91a5e0-4f32-4f63-8172-e61544f835a3,2026-03-19,03:39:46.86,2026-03-18T23:39:46.8650000-04:00,2026-03-19T03:39:46.8650000Z,,v3,471436,471275,10559,"Cancel, Chris",837525,Right,UCO_HUS,12e1fdc2-ba05-4516-8cae-7048174fbf83,55.25351,-111.75149,11.33171,4.39933,4.61158,-17.57876,-2.01559,7.37505,-2.0726,,,,,,,,,,,,,,,,,,,,,,,,,,,,,58.53367,,,1.187036,,,,-1.49959,5.55576,1.16684,77.61131,3.03313,47.17193,-1.44822,73.69436,-6.07142,5.57938,13.92038,-13.58597,1.17531,40.37044,-1.38222,High,High,High,,,High,High,High,,,,,,,,,,,,,,,,,,,,,,,,,,,,,,,,,,
281,2026-03-18,23:41:51.59,1,1,"Gargasz, Tate",832230,Right,SAN_BRO,"Marshall, Jackson",837532,Right,UCO_HUS,Undefined,8,Top,0,0,0,Sinker,Changeup,InPlay,Undefined,GroundBall,Out,1,0,,86.02685,-1.861613,-1.610534,2003.371567,229.553122,1:45,6.08556,0.77587,6.10803,-24.11241,14.00465,14.76036,2.35344,0.51621,77.48047,-6.427662,1.050867,0.444356,57.0179,-20.490208,2.109793,,,,,7.35973,7.0934,-2.237463,0.07942,-8.16654,8.25835,-0.65981,50,5.93004,2.91705,-124.72402,-4.76373,-12.61702,29.57858,-19.41522,SAN_BRO,UCO_HUS,StephenSchottBBS,D1,WCC,20260318-StephenSchottBBS-1,91228430-2345-11f1-bc73-db1efe8e085b,84.82483,2.33665,,8.54638,,,,1.10545,2.33665,-0.51753,4f91a5e0-4f32-4f63-8172-e61544f835a3,2026-03-19,03:41:51.59,2026-03-18T23:41:51.5969536-04:00,2026-03-19T03:41:51.5969536Z,GroundBall,v3,471436,471275,10559,"Tiendas, Matthew",1000163923,Left,SAN_BRO,84724429-1dad-400c-88ac-ee5512f0ad4f,54.38963,-125.76072,14.78929,6.08508,-4.08325,-9.70761,-0.7698,3.35926,-6.30851,180,1.10039,78.67829,,,,,,,,2.33854,-29.42123,,,,,,,,-0.51772,2.89847,,,,,,,,,,,,,,,,,,,,,,,,,,,,,,High,High,High,High,High,,,,,,,,,,,,,,,,,,,,,,,,,,,,,,,,,,,,,
282,2026-03-18,23:42:22.81,2,1,"Gargasz, Tate",832230,Right,SAN_BRO,"Polemeni, Chris",1000214322,Right,UCO_HUS,Undefined,8,Top,1,0,0,Sinker,Changeup,BallCalled,Undefined,Undefined,Undefined,0,0,,87.7673,-4.648668,-1.321423,1811.362402,204.558094,12:45,6.31955,0.52853,5.82277,-18.54781,18.6004,7.85977,0.44137,-0.04524,79.2854,-8.159736,0.088185,0.438672,,,,,,,,,,,,-4.46772,11.44119,-0.42527,50,5.92788,2.59899,-126.86623,-10.85811,-7.15847,30.04448,-13.84227,SAN_BRO,UCO_HUS,StephenSchottBBS,D1,WCC,20260318-StephenSchottBBS-1,a3b8aa20-2345-11f1-bc73-db1efe8e085b,85.92389,,,8.48191,,,,,,,4f91a5e0-4f32-4f63-8172-e61544f835a3,2026-03-19,03:42:22.81,2026-03-18T23:42:22.8155392-04:00,2026-03-19T03:42:22.8155392Z,,v3,471436,471275,10559,"Tiendas, Matthew",1000163923,Left,SAN_BRO,66fdce41-7992-4c92-8152-64171fc145f3,54.67507,-127.96859,15.02224,6.31696,-10.35022,-6.92113,-0.52544,2.86164,-3.57924,,,,,,,,,,,,,,,,,,,,,,,,,,,,,,,,,,,,,,,,,,,,,,,,,,,High,High,High,,,,,,,,,,,,,,,,,,,,,,,,,,,,,,,,,,,,,,,
283,2026-03-18,23:42:38.70,2,2,"Gargasz, Tate",832230,Right,SAN_BRO,"Polemeni, Chris",1000214322,Right,UCO_HUS,Undefined,8,Top,1,1,0,Sinker,Changeup,BallCalled,Undefined,Undefined,Undefined,0,0,,86.58289,-3.613265,-2.116099,2009.344006,234.045715,1:45,5.97781,0.79582,6.00007,-25.22655,12.60308,15.44446,0.52078,0.12117,78.33802,-8.335777,0.664108,0.442677,,,,,,,,,,,,-8.69071,8.07004,-0.63795,50,5.67928,4.01352,-125.33634,-8.69717,-13.58758,29.38187,-19.55687,SAN_BRO,UCO_HUS,StephenSchottBBS,D1,WCC,20260318-StephenSchottBBS-1,ad3567f0-2345-11f1-bc73-db1efe8e085b,85.1465,,,8.24486,,,,,,,4f91a5e0-4f32-4f63-8172-e61544f835a3,2026-03-19,03:42:38.70,2026-03-18T23:42:38.7097088-04:00,2026-03-19T03:42:38.7097088Z,,v3,471436,471275,10559,"Tiendas, Matthew",1000163923,Left,SAN_BRO,e582900b-cd85-419e-a7a8-99072ee75407,54.49895,-126.3866,14.69094,5.97767,-7.9981,-9.77844,-0.79009,4.49921,-6.79379,,,,,,,,,,,,,,,,,,,,,,,,,,,,,,,,,,,,,,,,,,,,,,,,,,,High,High,High,,,,,,,,,,,,,,,,,,,,,,,,,,,,,,,,,,,,,,,
284,2026-03-18,23:42:54.82,2,3,"Gargasz, Tate",832230,Right,SAN_BRO,"Polemeni, Chris",1000214322,Right,UCO_HUS,Undefined,8,Top,1,2,0,Sinker,Changeup,StrikeSwinging,Undefined,Undefined,Undefined,0,0,,85.81051,-2.49153,-2.027,2027.555836,239.155669,2:00,6.00585,0.79949,6.20534,-26.03978,12.22138,18.04253,1.53324,0.43128,77.29676,-7.404632,1.233034,0.445195,,,,,,,,,,,,-10.06945,7.58996,-0.65616,50,5.80563,3.69595,-124.3573,-6.18197,-15.43751,29.81776,-20.53787,SAN_BRO,UCO_HUS,StephenSchottBBS,D1,WCC,20260318-StephenSchottBBS-1,b6d05c20-2345-11f1-bc73-db1efe8e085b,84.66499,,,8.51375,,,,,,,4f91a5e0-4f32-4f63-8172-e61544f835a3,2026-03-19,03:42:54.82,2026-03-18T23:42:54.8273664-04:00,2026-03-19T03:42:54.8273664Z,,v3,471436,471275,10559,"Tiendas, Matthew",1000163923,Left,SAN_BRO,8dac2eed-4b62-45ca-af25-86a5c2c8b117,54.29311,-125.38245,14.90888,6.00603,-5.47586,-10.26894,-0.79236,4.22671,-7.71875,,,,,,,,,,,,,,,,,,,,,,,,,,,,,,,,,,,,,,,,,,,,,,,,,,,High,High,High,,,,,,,,,,,,,,,,,,,,,,,,,,,,,,,,,,,,,,,
285,2026-03-18,23:43:13.48,2,4,"Gargasz, Tate",832230,Right,SAN_BRO,"Polemeni, Chris",1000214322,Right,UCO_HUS,Undefined,8,Top,1,2,1,Fastball,Four-Seam,BallCalled,Undefined,Undefined,Undefined,0,0,,87.15906,-1.832184,-2.966763,2011.326778,213.86047,1:15,6.04569,0.79102,6.22865,-20.40903,16.68906,10.24827,2.65169,-1.0946,78.2137,-5.745814,-1.118432,0.438376,,,,,,,,,,,,-6.25189,9.64737,-0.57386,50,5.89848,6.11686,-126.20244,-4.59537,-9.88065,30.48824,-16.9271,SAN_BRO,UCO_HUS,StephenSchottBBS,D1,WCC,20260318-StephenSchottBBS-1,c1f46150-2345-11f1-bc73-db1efe8e085b,85.98189,,,8.94536,,,,,,,4f91a5e0-4f32-4f63-8172-e61544f835a3,2026-03-19,03:43:13.48,2026-03-18T23:43:13.4802432-04:00,2026-03-19T03:43:13.4802432Z,,v3,471436,471275,10559,"Tiendas, Matthew",1000163923,Left,SAN_BRO,ae908cbe-c41e-40e1-9e67-e555bbd95477,54.266,-127.22885,15.24412,6.0436,-4.02551,-8.46355,-0.78538,6.4495,-4.94032,,,,,,,,,,,,,,,,,,,,,,,,,,,,,,,,,,,,,,,,,,,,,,,,,,,High,High,High,,,,,,,,,,,,,,,,,,,,,,,,,,,,,,,,,,,,,,,
286,2026-03-18,23:43:29.92,2,5,"Gargasz, Tate",832230,Right,SAN_BRO,"Polemeni, Chris",1000214322,Right,UCO_HUS,Undefined,8,Top,1,3,1,Fastball,Changeup,BallCalled,Walk,Undefined,Undefined,0,0,,87.10442,-3.471289,0.045317,1873.873101,210.627516,1:00,6.22202,0.65609,5.64137,-19.41458,18.37025,10.05623,1.36192,1.53638,78.78793,-7.135077,1.842791,0.442415,,,,,,,,,,,,-5.08847,10.83327,-0.66651,50,5.91486,-0.53021,-126.09519,-8.23459,-8.07329,29.12621,-14.98606,SAN_BRO,UCO_HUS,StephenSchottBBS,D1,WCC,20260318-StephenSchottBBS-1,cbc05090-2345-11f1-bc73-db1efe8e085b,85.19699,,,8.31649,,,,,,,4f91a5e0-4f32-4f63-8172-e61544f835a3,2026-03-19,03:43:29.92,2026-03-18T23:43:29.9249152-04:00,2026-03-19T03:43:29.9249152Z,,v3,471436,471275,10559,"Tiendas, Matthew",1000163923,Left,SAN_BRO,0ba49b03-4c91-4246-8e7e-8dc8f806f00e,54.85578,-127.21186,14.56311,6.21955,-7.66004,-7.49303,-0.65211,-0.22069,-4.03665,,,,,,,,,,,,,,,,,,,,,,,,,,,,,,,,,,,,,,,,,,,,,,,,,,,High,High,High,,,,,,,,,,,,,,,,,,,,,,,,,,,,,,,,,,,,,,,
287,2026-03-18,23:44:03.03,3,1,"Gargasz, Tate",832230,Right,SAN_BRO,"Righi, Camden",10319340,Left,UCO_HUS,Undefined,8,Top,1,0,0,Sinker,Changeup,BallCalled,Undefined,Undefined,Undefined,0,0,,86.55456,0.087639,-1.596436,1971.436777,241.155632,2:00,5.91271,1.13994,5.95092,-26.95769,10.58792,16.87753,3.74755,1.06538,78.39149,-4.972068,1.436295,0.441013,,,,,,,,,,,,-9.0854,5.79063,-1.02207,50,5.90474,2.79465,-125.611,-0.66728,-14.36554,27.90131,-23.01812,SAN_BRO,UCO_HUS,StephenSchottBBS,D1,WCC,20260318-StephenSchottBBS-1,df7db870-2345-11f1-bc73-db1efe8e085b,85.46794,,,8.16308,,,,,,,4f91a5e0-4f32-4f63-8172-e61544f835a3,2026-03-19,03:44:03.03,2026-03-18T23:44:03.0396928-04:00,2026-03-19T03:44:03.0396928Z,,v3,471436,471275,10559,"Tiendas, Matthew",1000163923,Left,SAN_BRO,5854a32c-5e7c-43a6-af1d-fa7912008e65,54.54668,-126.6169,13.95066,5.91384,0.16258,-11.50906,-1.13216,3.31255,-7.18277,,,,,,,,,,,,,,,,,,,,,,,,,,,,,,,,,,,,,,,,,,,,,,,,,,,High,High,High,,,,,,,,,,,,,,,,,,,,,,,,,,,,,,,,,,,,,,,
288,2026-03-18,23:44:19.72,3,2,"Gargasz, Tate",832230,Right,SAN_BRO,"Righi, Camden",10319340,Left,UCO_HUS,Undefined,8,Top,1,1,0,ChangeUp,Changeup,StrikeSwinging,Undefined,Undefined,Undefined,0,0,,82.20395,-2.154838,-1.834705,1583.667112,235.828112,1:45,5.82334,0.97048,5.87065,-30.45659,11.74942,14.95698,1.28177,0.51212,74.13107,-7.84665,0.851551,0.467583,,,,,,,,,,,,-8.27603,7.19315,-0.83071,50,5.6314,3.22493,-119.07795,-5.41433,-11.64287,27.17316,-22.05456,SAN_BRO,UCO_HUS,StephenSchottBBS,D1,WCC,20260318-StephenSchottBBS-1,e975c0c0-2345-11f1-bc73-db1efe8e085b,80.61126,,,8.07288,,,,,,,4f91a5e0-4f32-4f63-8172-e61544f835a3,2026-03-19,03:44:19.72,2026-03-18T23:44:19.7291520-04:00,2026-03-19T03:44:19.7291520Z,,v3,471436,471275,10559,"Tiendas, Matthew",1000163923,Left,SAN_BRO,c4a25af0-e245-4d0b-88a0-6fe84a4f385c,54.62666,-120.1291,13.58658,5.82435,-4.56119,-11.02728,-0.96417,3.67532,-5.82144,,,,,,,,,,,,,,,,,,,,,,,,,,,,,,,,,,,,,,,,,,,,,,,,,,,High,High,High,,,,,,,,,,,,,,,,,,,,,,,,,,,,,,,,,,,,,,,
289,2026-03-18,23:44:41.95,3,3,"Gargasz, Tate",832230,Right,SAN_BRO,"Righi, Camden",10319340,Left,UCO_HUS,Undefined,8,Top,1,1,1,Fastball,Changeup,InPlay,Undefined,FlyBall,Single,0,0,,85.67754,-1.725171,-2.721951,1906.49016,223.007331,1:30,5.93523,0.92886,5.89499,-22.33379,16.5095,14.02048,2.47007,-0.43184,76.93962,-5.968756,-0.207493,0.448569,70.82271,30.230335,-30.06678,3894.730673,90.86468,43.3044,-61.99684,226.52687,195.65452,-38.581969,3.439745,-8.11091,9.45426,-0.71776,50,5.78362,5.32501,-124.06741,-4.39568,-12.38675,29.49969,-17.73574,SAN_BRO,UCO_HUS,StephenSchottBBS,D1,WCC,20260318-StephenSchottBBS-1,f6b1a970-2345-11f1-bc73-db1efe8e085b,84.02814,43.81898,,8.73791,,,,1.05054,2.4654,0.47101,4f91a5e0-4f32-4f63-8172-e61544f835a3,2026-03-19,03:44:41.95,2026-03-18T23:44:41.9532800-04:00,2026-03-19T03:44:41.9532800Z,FlyBall,v3,471436,471275,10559,"Tiendas, Matthew",1000163923,Left,SAN_BRO,0d46b882-2af8-4991-9c67-756346f8d278,54.60235,-125.15693,14.74985,5.93387,-3.74064,-8.86787,-0.92287,5.7825,-6.19338,138.446103,1.05005,77.68851,-14.91993,3.78754,-0.8897,0.23543,-0.06534,0.01202,-0.00092,2.46599,52.27724,-17.64908,0.68938,0.11526,-0.12151,0.04454,-0.0072,0.00041,0.47096,-44.96238,1.23692,0.06508,-0.02983,-0.01878,0.01193,-0.00265,0.00022,,,,,,,,,,,,,,,,,,,,,,,High,High,High,High,High,,,,,,,,,,,,,,,,,,,,,,,,,,,,,,,,,,,,,
290,2026-03-18,23:45:25.30,4,1,"Gargasz, Tate",832230,Right,SAN_BRO,"Wachter, Nater",821735,Right,UCO_HUS,Undefined,8,Top,1,0,0,Slider,Curveball,InPlay,Undefined,GroundBall,Single,0,1,,74.87165,1.224197,-0.491069,2485.777574,84.885979,8:45,5.84355,1.18594,5.34645,-50.3831,0.84874,-9.61292,2.79349,-0.07578,68.33907,-7.980072,-2.200596,0.515159,89.59957,-6.957679,22.105687,,,,,19.00757,18.71226,21.743488,0.141745,4.69292,0.52587,-1.13448,50,5.91773,1.29327,-108.6172,0.69118,5.55852,20.54038,-31.55118,SAN_BRO,UCO_HUS,StephenSchottBBS,D1,WCC,20260318-StephenSchottBBS-1,108e2530-2346-11f1-bc73-db1efe8e085b,73.16663,2.69554,,6.53258,,,,0.94261,2.69554,0.09197,4f91a5e0-4f32-4f63-8172-e61544f835a3,2026-03-19,03:45:25.30,2026-03-18T23:45:25.3026304-04:00,2026-03-19T03:45:25.3026304Z,GroundBall,v3,471436,471275,10559,"Tiendas, Matthew",1000163923,Left,SAN_BRO,e1f6872a-c18d-45b7-b5f5-047dd0b593cf,55.15347,-109.58743,10.27019,5.84989,2.18151,-15.77559,-1.18937,1.03071,2.77926,317.431303,0.94297,120.82295,-20.61331,,,,,,,2.69598,-15.95907,-21.61554,,,,,,,0.09184,49.09999,-0.49843,,,,,,,,,,,,,,,,,,,,,,,,,,,,,High,High,High,High,High,,,,,,,,,,,,,,,,,,,,,,,,,,,,,,,,,,,,,
291,2026-03-18,23:46:02.46,5,1,"Gargasz, Tate",832230,Right,SAN_BRO,"Menzel, Evan",837534,Left,UCO_HUS,Undefined,8,Top,1,0,0,Sinker,Changeup,BallCalled,Undefined,Undefined,Undefined,0,0,,86.04854,-2.044486,-3.285471,1962.037588,245.242239,2:15,5.87998,1.04817,6.06686,-28.39809,9.76272,18.12135,1.6175,-0.48557,77.7114,-7.364849,-0.023999,0.444611,,,,,,,,,,,,-10.35028,6.11209,-0.80251,50,5.70629,6.41224,-124.61077,-5.34572,-16.01101,28.81918,-22.71916,SAN_BRO,UCO_HUS,StephenSchottBBS,D1,WCC,20260318-StephenSchottBBS-1,26ad71e0-2346-11f1-bc73-db1efe8e085b,84.77621,,,8.33714,,,,,,,4f91a5e0-4f32-4f63-8172-e61544f835a3,2026-03-19,03:46:02.46,2026-03-18T23:46:02.4603136-04:00,2026-03-19T03:46:02.4603136Z,,v3,471436,471275,10559,"Tiendas, Matthew",1000163923,Left,SAN_BRO,fdcf9600-fa0c-4480-b284-1ecb059816c5,54.43067,-125.63129,14.40959,5.88134,-4.54121,-11.35958,-1.03961,6.97921,-8.00551,,,,,,,,,,,,,,,,,,,,,,,,,,,,,,,,,,,,,,,,,,,,,,,,,,,High,High,High,,,,,,,,,,,,,,,,,,,,,,,,,,,,,,,,,,,,,,,
292,2026-03-18,23:46:20.83,5,2,"Gargasz, Tate",832230,Right,SAN_BRO,"Menzel, Evan",837534,Left,UCO_HUS,Undefined,8,Top,1,1,0,ChangeUp,Changeup,BallCalled,Undefined,Undefined,Undefined,0,0,,81.79405,-2.322098,-3.48897,1603.07598,241.753415,2:00,5.70124,1.04176,5.81172,-32.2099,10.75213,16.89021,0.85258,-0.79912,73.53697,-8.327782,-0.463626,0.471752,,,,,,,,,,,,-9.83587,6.76205,-0.76569,50,5.49164,6.54312,-118.27481,-5.80302,-13.61234,27.39372,-22.81569,SAN_BRO,UCO_HUS,StephenSchottBBS,D1,WCC,20260318-StephenSchottBBS-1,319fb8b0-2346-11f1-bc73-db1efe8e085b,79.89881,,,8.25708,,,,,,,4f91a5e0-4f32-4f63-8172-e61544f835a3,2026-03-19,03:46:20.83,2026-03-18T23:46:20.8318464-04:00,2026-03-19T03:46:20.8318464Z,,v3,471436,471275,10559,"Tiendas, Matthew",1000163923,Left,SAN_BRO,c7dc1ae2-aac7-45d4-ae99-feaa4faa7945,54.6856,-119.35511,13.69686,5.70275,-4.90326,-11.40785,-1.03431,7.07994,-6.80617,,,,,,,,,,,,,,,,,,,,,,,,,,,,,,,,,,,,,,,,,,,,,,,,,,,High,High,High,,,,,,,,,,,,,,,,,,,,,,,,,,,,,,,,,,,,,,,
293,2026-03-18,23:46:40.28,5,3,"Gargasz, Tate",832230,Right,SAN_BRO,"Menzel, Evan",837534,Left,UCO_HUS,Undefined,8,Top,1,2,0,Fastball,Four-Seam,InPlay,Undefined,LineDrive,Sacrifice,1,1,,85.80906,-0.903905,-1.99499,1929.606723,204.924981,12:45,6.21065,0.59719,5.83437,-17.81249,20.77848,9.00249,3.88552,-0.50769,77.24959,-4.333608,-0.382269,0.44711,94.36645,16.080322,22.99405,1048.601994,100.284,27.22393,45.20058,278.87256,272.68371,25.022882,2.989038,-5.23244,11.298,-0.43974,50,6.12664,3.95777,-124.37784,-2.44154,-8.07109,28.50811,-14.74678,SAN_BRO,UCO_HUS,StephenSchottBBS,D1,WCC,20260318-StephenSchottBBS-1,3d37dc70-2346-11f1-bc73-db1efe8e085b,84.30241,29.82691,,8.55947,,,,0.68073,3.88444,0.51305,4f91a5e0-4f32-4f63-8172-e61544f835a3,2026-03-19,03:46:40.28,2026-03-18T23:46:40.2831360-04:00,2026-03-19T03:46:40.2831360Z,LineDrive,v3,471436,471275,10559,"Tiendas, Matthew",1000163923,Left,SAN_BRO,2b6bf884-2ebf-42bf-9329-e1d9a30262bb,54.66218,-125.44188,14.25405,6.2075,-1.89113,-7.37339,-0.59309,4.25902,-4.03555,207.988165,0.68079,122.41972,-21.29531,4.82793,-0.99387,0.14096,-0.00636,-0.00217,0.00036,3.88437,38.33852,-14.78029,0.38965,0.03775,0.02154,-0.01826,0.00554,-0.00059,0.51306,51.94944,-4.69582,-0.18432,0.26956,-0.10268,0.02717,-0.00451,0.00035,,,,,,,,,,,,,,,,,,,,,,,High,High,High,High,High,,,,,,,,,,,,,,,,,,,,,,,,,,,,,,,,,,,,,
294,2026-03-18,23:47:21.98,6,1,"Gargasz, Tate",832230,Right,SAN_BRO,"Tirado, Gabriel",815559,Left,UCO_HUS,Undefined,8,Top,2,0,0,Slider,Curveball,StrikeCalled,Undefined,Undefined,Undefined,0,0,,73.14889,2.020896,-0.368585,2113.658058,91.745708,9:00,5.6984,1.28463,5.41885,-51.3203,1.93244,-8.24225,3.3156,0.2525,67.03154,-7.367052,-1.835222,0.525222,,,,,,,,,,,,4.01965,0.94453,-1.24605,50,5.84243,0.98983,-106.13563,2.12962,4.5772,18.45846,-31.09851,SAN_BRO,UCO_HUS,StephenSchottBBS,D1,WCC,20260318-StephenSchottBBS-1,561781a0-2346-11f1-bc73-db1efe8e085b,71.76484,,,6.11734,,,,,,,4f91a5e0-4f32-4f63-8172-e61544f835a3,2026-03-19,03:47:21.98,2026-03-18T23:47:21.9827200-04:00,2026-03-19T03:47:21.9827200Z,,v3,471436,471275,10559,"Tiendas, Matthew",1000163923,Left,SAN_BRO,c858c086-9d1a-48e4-9731-f039c7fca1cf,55.0802,-107.0155,9.22923,5.70558,3.61201,-15.54926,-1.28803,0.77165,2.2886,,,,,,,,,,,,,,,,,,,,,,,,,,,,,,,,,,,,,,,,,,,,,,,,,,,High,High,High,,,,,,,,,,,,,,,,,,,,,,,,,,,,,,,,,,,,,,,
295,2026-03-18,23:47:39.06,6,2,"Gargasz, Tate",832230,Right,SAN_BRO,"Tirado, Gabriel",815559,Left,UCO_HUS,Undefined,8,Top,2,0,1,Sinker,Changeup,FoulBallNotFieldable,Undefined,Undefined,Undefined,0,0,,85.04169,-0.499907,-2.530092,1962.448364,234.686449,1:45,5.89095,1.09174,6.07729,-27.24368,11.68579,14.50859,3.15763,-0.04172,76.70915,-5.63606,0.081619,0.449067,71.37775,12.922508,-168.062225,1085.698049,,,,116.6686,43.58223,-169.804563,1.314269,-8.11099,6.60882,-0.9025,50,5.83812,4.83041,-123.25177,-1.90584,-12.30345,27.67079,-22.1492,SAN_BRO,UCO_HUS,StephenSchottBBS,D1,WCC,20260318-StephenSchottBBS-1,60456700-2346-11f1-bc73-db1efe8e085b,83.93506,9.46958,,8.33254,,,,0.66691,2.88157,0.19406,4f91a5e0-4f32-4f63-8172-e61544f835a3,2026-03-19,03:47:39.06,2026-03-18T23:47:39.0626304-04:00,2026-03-19T03:47:39.0626304Z,LineDrive,v3,471436,471275,10559,"Tiendas, Matthew",1000163923,Left,SAN_BRO,42e2fc0f-efc1-4510-97b7-418a86d1d043,54.4162,-124.23928,13.8354,5.89203,-1.11538,-11.0746,-1.08272,5.2695,-6.15173,38.44863,0.58718,-98.97718,8.53129,,,,,,,3.04836,21.65729,-18.32953,,,,,,,0.13025,-20.42489,3.54131,,,,,,,,,,,,,,,,,,,,,,,,,,,,,High,High,High,High,Low,,,,,,,,,,,,,,,,,,,,,,,,,,,,,,,,,,,,,
296,2026-03-18,23:48:01.29,6,3,"Gargasz, Tate",832230,Right,SAN_BRO,"Tirado, Gabriel",815559,Left,UCO_HUS,Undefined,8,Top,2,0,2,Sinker,Changeup,BallCalled,Undefined,Undefined,Undefined,0,0,,85.76009,-2.755698,-1.53821,1978.585386,241.738253,2:00,5.8086,1.03064,6.15561,-28.26549,10.09961,16.10887,0.90429,0.95156,77.39736,-8.053335,1.371639,0.4458,,,,,,,,,,,,-8.84473,6.56977,-0.92179,50,5.58478,2.69726,-124.26962,-6.84705,-13.55074,29.60929,-22.10871,SAN_BRO,UCO_HUS,StephenSchottBBS,D1,WCC,20260318-StephenSchottBBS-1,6d7a4ad0-2346-11f1-bc73-db1efe8e085b,84.55018,,,8.36273,,,,,,,4f91a5e0-4f32-4f63-8172-e61544f835a3,2026-03-19,03:48:01.29,2026-03-18T23:48:01.2971008-04:00,2026-03-19T03:48:01.2971008Z,,v3,471436,471275,10559,"Tiendas, Matthew",1000163923,Left,SAN_BRO,aaab6248-4564-4d07-b8e9-b544eaf1fb10,54.34205,-125.29992,14.80465,5.80965,-6.07775,-11.05436,-1.02385,3.16877,-6.77537,,,,,,,,,,,,,,,,,,,,,,,,,,,,,,,,,,,,,,,,,,,,,,,,,,,High,High,High,,,,,,,,,,,,,,,,,,,,,,,,,,,,,,,,,,,,,,,
297,2026-03-18,23:48:18.44,6,4,"Gargasz, Tate",832230,Right,SAN_BRO,"Tirado, Gabriel",815559,Left,UCO_HUS,Undefined,8,Top,2,1,2,ChangeUp,Changeup,InPlay,Undefined,GroundBall,Out,1,0,,81.63304,-1.230647,-2.127215,1866.237323,248.703133,2:15,5.73303,0.88523,5.88143,-34.62919,7.60926,15.85977,1.70343,0.23047,74.47212,-7.648821,0.721257,0.467762,73.0076,-57.441172,46.054993,,,,,1.9848,1.9848,15.403517,0.018433,-8.77201,4.68292,-0.72267,50,5.61366,3.78729,-118.45357,-3.63734,-12.36689,24.26289,-25.57203,SAN_BRO,UCO_HUS,StephenSchottBBS,D1,WCC,20260318-StephenSchottBBS-1,77bd65e0-2346-11f1-bc73-db1efe8e085b,80.5803,1.66737,,7.16091,,,,1.17468,1.66737,-0.23935,4f91a5e0-4f32-4f63-8172-e61544f835a3,2026-03-19,03:48:18.44,2026-03-18T23:48:18.4447488-04:00,2026-03-19T03:48:18.4447488Z,GroundBall,v3,471436,471275,10559,"Tiendas, Matthew",1000163923,Left,SAN_BRO,3bc98b87-9406-4d45-bc95-f757a5743ffd,54.61811,-119.39576,12.13145,5.73562,-2.64432,-12.78602,-0.87906,4.26753,-6.18345,,1.17441,40.08089,,,,,,,,1.66798,-90.45389,,,,,,,,-0.23963,41.58477,,,,,,,,,,,,,,,,,,,,,,,,,,,,,,High,High,High,Estimated,Estimated,,,,,,,,,,,,,,,,,,,,,,,,,,,,,,,,,,,,,
298,2026-03-18,23:50:43.79,1,1,"Talarico, Joseph",1000322767,Right,UCO_HUS,"Garcia, Mateo",832233,Left,SAN_BRO,Undefined,8,Bottom,0,0,0,Fastball,Four-Seam,StrikeCalled,Undefined,Undefined,Undefined,0,0,,87.41874,-1.044013,-2.679302,2106.05707,217.098694,1:15,5.1405,2.12253,6.50818,-17.99906,18.05529,12.71056,2.68129,0.72105,79.15917,-4.522113,-0.37415,0.432166,,,,,,,,,,,,-7.4378,10.12709,-1.94025,50,5.05938,5.44059,-126.87025,-2.75763,-12.00457,28.32056,-15.82901,SAN_BRO,UCO_HUS,StephenSchottBBS,D1,WCC,20260318-StephenSchottBBS-1,ce590760-2346-11f1-bc73-db1efe8e085b,87.21757,,,8.25957,,,,,,,4f91a5e0-4f32-4f63-8172-e61544f835a3,2026-03-19,03:50:43.79,2026-03-18T23:50:43.7914624-04:00,2026-03-19T03:50:43.7914624Z,,v3,471436,471275,10559,"Cancel, Chris",837525,Right,UCO_HUS,329eab74-9268-4025-9759-f1fda68959e1,53.98922,-127.75764,14.16028,5.13802,-2.26165,-7.91451,-2.11661,5.81674,-6.00228,,,,,,,,,,,,,,,,,,,,,,,,,,,,,,,,,,,,,,,,,,,,,,,,,,,High,High,High,,,,,,,,,,,,,,,,,,,,,,,,,,,,,,,,,,,,,,,
299,2026-03-18,23:50:56.61,1,2,"Talarico, Joseph",1000322767,Right,UCO_HUS,"Garcia, Mateo",832233,Left,SAN_BRO,Undefined,8,Bottom,0,0,1,ChangeUp,Changeup,BallinDirt,Undefined,Undefined,Undefined,0,0,,81.88479,-2.193615,-3.395539,1293.958511,211.834083,1:00,5.01128,2.23564,6.29082,-29.50317,11.87938,6.51437,0.52665,-0.35426,74.83318,-7.716657,-2.219257,0.462999,,,,,,,,,,,,-4.43567,7.23087,-1.98866,50,4.83518,6.81305,-118.72743,-5.39007,-6.28982,24.12566,-21.92061,SAN_BRO,UCO_HUS,StephenSchottBBS,D1,WCC,20260318-StephenSchottBBS-1,d5fac3a0-2346-11f1-bc73-db1efe8e085b,81.40934,,,7.05161,,,,,,,4f91a5e0-4f32-4f63-8172-e61544f835a3,2026-03-19,03:50:56.61,2026-03-18T23:50:56.6189568-04:00,2026-03-19T03:50:56.6189568Z,,v3,471436,471275,10559,"Cancel, Chris",837525,Right,UCO_HUS,7c37761d-bad0-4f3e-8a31-59b5eee8e416,54.20941,-119.57973,12.06283,5.01192,-4.61566,-10.96031,-2.23327,7.03526,-3.14491,,,,,,,,,,,,,,,,,,,,,,,,,,,,,,,,,,,,,,,,,,,,,,,,,,,High,High,High,,,,,,,,,,,,,,,,,,,,,,,,,,,,,,,,,,,,,,,
300,2026-03-18,23:51:12.76,1,3,"Talarico, Joseph",1000322767,Right,UCO_HUS,"Garcia, Mateo",832233,Left,SAN_BRO,Undefined,8,Bottom,0,1,1,Slider,Curveball,StrikeCalled,Undefined,Undefined,Undefined,0,0,,77.86914,1.468975,-1.387339,2270.943568,56.098171,7:45,4.86314,2.4905,6.22033,-49.23483,-3.42673,-7.33508,2.11645,0.5988,71.09405,-7.651147,-2.712532,0.487128,,,,,,,,,,,,3.35811,-1.70705,-2.38328,50,4.9493,3.00375,-113.09573,1.41273,4.31252,22.2586,-34.36624,SAN_BRO,UCO_HUS,StephenSchottBBS,D1,WCC,20260318-StephenSchottBBS-1,dfa9dc10-2346-11f1-bc73-db1efe8e085b,77.37694,,,6.77509,,,,,,,4f91a5e0-4f32-4f63-8172-e61544f835a3,2026-03-19,03:51:12.76,2026-03-18T23:51:12.7643136-04:00,2026-03-19T03:51:12.7643136Z,,v3,471436,471275,10559,"Cancel, Chris",837525,Right,UCO_HUS,e3afd0e2-67bc-4dc0-99b4-f7e1f9901df5,54.27927,-113.93483,11.1293,4.87163,2.70826,-17.18312,-2.49345,2.84118,2.15626,,,,,,,,,,,,,,,,,,,,,,,,,,,,,,,,,,,,,,,,,,,,,,,,,,,High,High,High,,,,,,,,,,,,,,,,,,,,,,,,,,,,,,,,,,,,,,,
301,2026-03-18,23:51:28.10,1,4,"Talarico, Joseph",1000322767,Right,UCO_HUS,"Garcia, Mateo",832233,Left,SAN_BRO,Undefined,8,Bottom,0,1,2,Slider,Slider,InPlay,Undefined,GroundBall,Single,0,0,,78.13352,0.668824,-1.492951,2431.470709,74.687673,8:30,4.79482,2.60785,6.02924,-46.31321,-0.81032,-8.06331,1.55503,0.55298,71.88868,-7.864923,-2.94473,0.485502,86.11114,-6.417722,29.355051,,,,,17.48524,16.65635,26.125963,0.128635,3.76618,-0.24969,-2.48665,50,4.82173,3.24455,-113.56212,-0.08465,4.91013,21.11551,-32.49957,SAN_BRO,UCO_HUS,StephenSchottBBS,D1,WCC,20260318-StephenSchottBBS-1,e8c6c6a0-2346-11f1-bc73-db1efe8e085b,77.63602,1.79325,,6.24484,,,,1.71516,1.79325,-0.28746,4f91a5e0-4f32-4f63-8172-e61544f835a3,2026-03-19,03:51:28.10,2026-03-18T23:51:28.1074176-04:00,2026-03-19T03:51:28.1074176Z,GroundBall,v3,471436,471275,10559,"Cancel, Chris",837525,Right,UCO_HUS,82be0164-0418-40f3-a2a8-5b641336d20b,54.47257,-114.39071,10.55775,4.80003,1.19068,-16.24978,-2.61019,3.05187,2.45507,203.825163,1.71516,109.39028,-5.30682,,,,,,,1.79321,-14.11238,1.34058,,,,,,,-0.2875,61.52888,4.37157,,,,,,,,,,,,,,,,,,,,,,,,,,,,,High,High,High,Low,High,,,,,,,,,,,,,,,,,,,,,,,,,,,,,,,,,,,,,
302,2026-03-18,23:52:10.77,2,1,"Talarico, Joseph",1000322767,Right,UCO_HUS,"Sos, Camden",805190,Right,SAN_BRO,Undefined,8,Bottom,0,0,0,Fastball,Four-Seam,BallCalled,Undefined,Undefined,Undefined,0,0,,85.811,0.23078,-2.936495,2043.459279,207.865673,1:00,5.25505,2.07192,6.7944,-18.94383,18.04387,8.87591,3.88732,0.12896,77.68958,-3.446725,-1.319339,0.437724,,,,,,,,,,,,-5.5617,9.83567,-1.88413,50,5.2624,6.06343,-124.58206,0.07268,-8.66062,27.1763,-16.85806,SAN_BRO,UCO_HUS,StephenSchottBBS,D1,WCC,20260318-StephenSchottBBS-1,0231e2f0-2347-11f1-bc73-db1efe8e085b,86.11013,,,8.12141,,,,,,,4f91a5e0-4f32-4f63-8172-e61544f835a3,2026-03-19,03:52:10.77,2026-03-18T23:52:10.7743232-04:00,2026-03-19T03:52:10.7743232Z,,v3,471436,471275,10559,"Cancel, Chris",837525,Right,UCO_HUS,cb9b735c-d8b7-41ce-80b0-0d0a17553b3a,53.70256,-125.38714,13.58815,5.25285,0.57208,-8.42903,-2.06755,6.31999,-4.33031,,,,,,,,,,,,,,,,,,,,,,,,,,,,,,,,,,,,,,,,,,,,,,,,,,,High,High,High,,,,,,,,,,,,,,,,,,,,,,,,,,,,,,,,,,,,,,,
303,2026-03-18,23:52:27.65,2,2,"Talarico, Joseph",1000322767,Right,UCO_HUS,"Sos, Camden",805190,Right,SAN_BRO,Undefined,8,Bottom,0,1,0,Slider,Curveball,InPlay,Undefined,GroundBall,Out,2,0,,77.56307,2.611275,-1.94537,2366.112008,50.871144,7:45,5.03699,2.50256,6.03923,-49.96373,-3.61595,-6.22776,3.29426,0.18162,70.95775,-6.609736,-3.064727,0.489989,90.69963,-23.184671,-41.891384,,,,,9.88421,7.81979,-32.740813,0.062585,2.67709,-2.28406,-2.3473,50,5.21349,4.04265,-112.59099,3.62144,3.42354,21.16045,-35.09495,SAN_BRO,UCO_HUS,StephenSchottBBS,D1,WCC,20260318-StephenSchottBBS-1,0c464ce0-2347-11f1-bc73-db1efe8e085b,76.92515,3.28673,,6.60532,,,,2.60112,3.28673,-0.22157,4f91a5e0-4f32-4f63-8172-e61544f835a3,2026-03-19,03:52:27.65,2026-03-18T23:52:27.6570112-04:00,2026-03-19T03:52:27.6570112Z,GroundBall,v3,471436,471275,10559,"Cancel, Chris",837525,Right,UCO_HUS,b956aceb-775b-40fa-aea7-a6437b2d58c6,54.46298,-113.42667,10.58023,5.04311,5.00742,-17.54748,-2.50428,3.90745,1.71177,,2.59859,91.27947,,,,,,,,3.28818,-52.51598,,,,,,,,-0.2193,-81.87561,,,,,,,,,,,,,,,,,,,,,,,,,,,,,,High,High,High,Low,Low,,,,,,,,,,,,,,,,,,,,,,,,,,,,,,,,,,,,,
304,2026-03-18,23:53:03.19,3,1,"Talarico, Joseph",1000322767,Right,UCO_HUS,"Fujimoto, Hunter Kenji",10146331,Left,SAN_BRO,Undefined,8,Bottom,2,0,0,Fastball,Four-Seam,BallCalled,Undefined,Undefined,Undefined,0,0,,88.05475,-3.40105,-2.320798,2081.930223,203.408045,12:45,5.02455,2.01555,6.56977,-16.04465,19.49253,7.89752,0.56365,0.54513,79.9331,-6.506234,-0.88625,0.429055,,,,,,,,,,,,-4.8965,11.6876,-1.85919,50,4.78341,4.87985,-127.67062,-7.97525,-7.99668,28.86895,-13.08657,SAN_BRO,UCO_HUS,StephenSchottBBS,D1,WCC,20260318-StephenSchottBBS-1,2166ee40-2347-11f1-bc73-db1efe8e085b,87.84992,,,8.12164,,,,,,,4f91a5e0-4f32-4f63-8172-e61544f835a3,2026-03-19,03:53:03.19,2026-03-18T23:53:03.1986176-04:00,2026-03-19T03:53:03.1986176Z,,v3,471436,471275,10559,"Cancel, Chris",837525,Right,UCO_HUS,002333be-223f-4f79-a7eb-0d24aff1c385,53.92968,-128.55613,14.43447,5.02188,-7.57384,-6.54328,-2.01263,5.12513,-3.99834,,,,,,,,,,,,,,,,,,,,,,,,,,,,,,,,,,,,,,,,,,,,,,,,,,,High,High,High,,,,,,,,,,,,,,,,,,,,,,,,,,,,,,,,,,,,,,,
305,2026-03-18,23:53:15.94,3,2,"Talarico, Joseph",1000322767,Right,UCO_HUS,"Fujimoto, Hunter Kenji",10146331,Left,SAN_BRO,Undefined,8,Bottom,2,1,0,Fastball,Four-Seam,StrikeCalled,Undefined,Undefined,Undefined,0,0,,87.36862,-1.790834,-1.879852,2092.336415,210.525792,1:00,5.13963,1.88648,6.37539,-17.38698,18.92111,10.40575,2.04162,1.02344,79.10947,-5.147708,0.004079,0.433684,,,,,,,,,,,,-5.96894,10.76906,-1.75521,50,5.00203,3.74645,-126.77597,-4.39733,-9.61021,28.50951,-14.83546,SAN_BRO,UCO_HUS,StephenSchottBBS,D1,WCC,20260318-StephenSchottBBS-1,2904d9f0-2347-11f1-bc73-db1efe8e085b,86.91232,,,8.25916,,,,,,,4f91a5e0-4f32-4f63-8172-e61544f835a3,2026-03-19,03:53:15.94,2026-03-18T23:53:15.9429632-04:00,2026-03-19T03:53:15.9429632Z,,v3,471436,471275,10559,"Cancel, Chris",837525,Right,UCO_HUS,7b120a3c-87da-40e1-a0ec-9d1670102c03,54.12144,-127.69944,14.25476,5.13668,-3.91678,-7.41773,-1.88161,4.05774,-4.8051,,,,,,,,,,,,,,,,,,,,,,,,,,,,,,,,,,,,,,,,,,,,,,,,,,,High,High,High,,,,,,,,,,,,,,,,,,,,,,,,,,,,,,,,,,,,,,,
306,2026-03-18,23:53:29.10,3,3,"Talarico, Joseph",1000322767,Right,UCO_HUS,"Fujimoto, Hunter Kenji",10146331,Left,SAN_BRO,Undefined,8,Bottom,2,1,1,Slider,Curveball,InPlay,Undefined,GroundBall,Out,1,0,,78.95011,1.243032,-2.175773,2404.367888,64.747151,8:15,4.81562,2.53698,6.20068,-47.67451,-3.02032,-9.5078,1.99121,-0.26477,72.08286,-7.579839,-3.891005,0.480953,95.87343,-5.202637,20.850216,,,,,23.86728,21.98859,20.003314,0.161429,4.27504,-1.53551,-2.36865,50,4.88534,4.69428,-114.63517,1.04489,5.63364,23.10699,-34.19755,SAN_BRO,UCO_HUS,StephenSchottBBS,D1,WCC,20260318-StephenSchottBBS-1,30e6d380-2347-11f1-bc73-db1efe8e085b,78.37033,2.06058,,6.86724,,,,1.279,2.06058,0.10963,4f91a5e0-4f32-4f63-8172-e61544f835a3,2026-03-19,03:53:29.10,2026-03-18T23:53:29.1074048-04:00,2026-03-19T03:53:29.1074048Z,GroundBall,v3,471436,471275,10559,"Cancel, Chris",837525,Right,UCO_HUS,527a52e7-d037-4763-9211-d2db4dcc9277,54.30012,-115.49869,11.55349,4.82241,2.32288,-17.09878,-2.54014,4.48375,2.81682,180,1.27528,131.0075,,,,,,,,2.06094,-12.7646,,,,,,,,0.10822,49.89651,,,,,,,,,,,,,,,,,,,,,,,,,,,,,,High,High,High,Low,Low,,,,,,,,,,,,,,,,,,,,,,,,,,,,,,,,,,,,,
307,2026-03-18,23:55:57.30,1,1,"Padilla, Bryce",813773,Right,SAN_BRO,"Jemison, Peyton",10267615,Right,UCO_HUS,Undefined,9,Top,0,0,0,Sinker,Sinker,InPlay,Undefined,GroundBall,Single,0,0,,93.36419,-0.272527,-2.287428,2054.638849,247.526058,2:15,5.24543,1.13283,5.11546,-22.79757,10.50997,22.62234,3.0887,0.86201,84.47111,-4.496377,1.713512,0.415377,,,,,,,,,,,,-11.9593,5.63992,-0.93604,50,5.20245,4.30255,-135.30816,-1.52701,-21.96212,32.12789,-21.81688,SAN_BRO,UCO_HUS,StephenSchottBBS,D1,WCC,20260318-StephenSchottBBS-1,893220d0-2347-11f1-bc73-db1efe8e085b,90.74268,,,8.89308,,,,,,,4f91a5e0-4f32-4f63-8172-e61544f835a3,2026-03-19,03:55:57.30,2026-03-18T23:55:57.3080000-04:00,2026-03-19T03:55:57.3080000Z,,v3,471436,471275,10559,"Tiendas, Matthew",1000163923,Left,SAN_BRO,b1ffc526-e9ae-4a70-b2f5-9cd6d7107fef,55.38429,-136.58063,16.06394,5.24581,-0.66292,-10.90844,-1.12367,5.17239,-10.98106,,,,,,,,,,,,,,,,,,,,,,,,,,,,,,,,,,,,,,,,,,,,,,,,,,,High,High,High,,,,,,,,,,,,,,,,,,,,,,,,,,,,,,,,,,,,,,,
308,2026-03-18,23:56:37.94,2,1,"Padilla, Bryce",813773,Right,SAN_BRO,"Rispoli, Robert",10111517,Right,UCO_HUS,Undefined,9,Top,0,0,0,Sinker,Sinker,BallCalled,Undefined,Undefined,Undefined,0,0,,91.3149,-1.346878,-3.474324,1959.338222,263.375741,2:45,5.16214,0.9378,5.29629,-31.60872,3.67681,19.44013,1.26095,-0.7082,81.45634,-7.172081,-0.025382,0.427533,,,,,,,,,,,,-10.90331,2.7454,-0.63599,50,5.01684,7.07514,-131.92223,-4.34531,-18.69229,35.17371,-27.46742,SAN_BRO,UCO_HUS,StephenSchottBBS,D1,WCC,20260318-StephenSchottBBS-1,a171dc80-2347-11f1-bc73-db1efe8e085b,88.16265,,,9.85855,,,,,,,4f91a5e0-4f32-4f63-8172-e61544f835a3,2026-03-19,03:56:37.94,2026-03-18T23:56:37.9457024-04:00,2026-03-19T03:56:37.9457024Z,,v3,471436,471275,10559,"Tiendas, Matthew",1000163923,Left,SAN_BRO,34571f1b-9507-4f74-b8ea-88c753a9dd1d,55.19978,-133.30141,17.58685,5.16611,-3.2683,-13.73371,-0.92778,7.80808,-9.34615,,,,,,,,,,,,,,,,,,,,,,,,,,,,,,,,,,,,,,,,,,,,,,,,,,,High,High,High,,,,,,,,,,,,,,,,,,,,,,,,,,,,,,,,,,,,,,,
309,2026-03-18,23:56:53.63,2,2,"Padilla, Bryce",813773,Right,SAN_BRO,"Rispoli, Robert",10111517,Right,UCO_HUS,Undefined,9,Top,0,1,0,Sinker,Sinker,StrikeCalled,Undefined,Undefined,Undefined,0,0,,92.41407,-1.033913,-3.409674,1981.230683,240.928836,2:00,5.39932,0.92534,5.35018,-23.36395,10.47764,16.6821,2.48074,-0.88637,83.46817,-5.378064,-0.450472,0.418694,,,,,,,,,,,,-9.34189,5.92528,-0.63014,50,5.28978,7.16445,-133.75048,-3.2852,-16.74049,31.74518,-21.55606,SAN_BRO,UCO_HUS,StephenSchottBBS,D1,WCC,20260318-StephenSchottBBS-1,aac73c30-2347-11f1-bc73-db1efe8e085b,90.02381,,,8.9459,,,,,,,4f91a5e0-4f32-4f63-8172-e61544f835a3,2026-03-19,03:56:53.63,2026-03-18T23:56:53.6327168-04:00,2026-03-19T03:56:53.6327168Z,,v3,471436,471275,10559,"Tiendas, Matthew",1000163923,Left,SAN_BRO,8816b7eb-f7b9-4505-849b-c73ba0b5e81b,55.14675,-134.96651,15.87259,5.39981,-2.45947,-10.77803,-0.91687,7.80572,-8.37025,,,,,,,,,,,,,,,,,,,,,,,,,,,,,,,,,,,,,,,,,,,,,,,,,,,High,High,High,,,,,,,,,,,,,,,,,,,,,,,,,,,,,,,,,,,,,,,
310,2026-03-18,23:57:09.75,2,3,"Padilla, Bryce",813773,Right,SAN_BRO,"Rispoli, Robert",10111517,Right,UCO_HUS,Undefined,9,Top,0,1,1,Sinker,Sinker,BallCalled,Undefined,Undefined,Undefined,0,0,,92.31595,-2.341536,-3.09463,1975.466695,248.534333,2:15,5.38353,0.84953,5.30816,-25.83395,8.04378,17.47962,1.02831,-0.60154,83.88216,-7.096255,0.007693,0.418918,,,,,,,,,,,,-9.70386,5.07504,-0.58172,50,5.1521,6.40541,-133.6389,-6.46177,-17.40722,30.97349,-23.07022,SAN_BRO,UCO_HUS,StephenSchottBBS,D1,WCC,20260318-StephenSchottBBS-1,b4671260-2347-11f1-bc73-db1efe8e085b,89.97579,,,8.43379,,,,,,,4f91a5e0-4f32-4f63-8172-e61544f835a3,2026-03-19,03:57:09.75,2026-03-18T23:57:09.7589248-04:00,2026-03-19T03:57:09.7589248Z,,v3,471436,471275,10559,"Tiendas, Matthew",1000163923,Left,SAN_BRO,c869d538-3a71-4aec-b95d-e9d5afcba108,55.19133,-134.83672,15.48675,5.38474,-5.56959,-11.53511,-0.84245,7.0786,-8.70361,,,,,,,,,,,,,,,,,,,,,,,,,,,,,,,,,,,,,,,,,,,,,,,,,,,High,High,High,,,,,,,,,,,,,,,,,,,,,,,,,,,,,,,,,,,,,,,
311,2026-03-18,23:57:26.77,2,4,"Padilla, Bryce",813773,Right,SAN_BRO,"Rispoli, Robert",10111517,Right,UCO_HUS,Undefined,9,Top,0,2,1,Sinker,Sinker,BallCalled,Undefined,Undefined,Undefined,0,0,,93.10698,-1.154806,-4.458647,2094.751109,246.213973,2:15,5.26102,1.04826,5.16319,-24.18301,9.2978,18.49261,2.1554,-1.61572,84.46507,-5.614996,-1.195399,0.416456,,,,,,,,,,,,-10.44567,5.31024,-0.64611,50,5.13481,9.58811,-134.63507,-3.66645,-19.07403,30.64145,-22.47741,SAN_BRO,UCO_HUS,StephenSchottBBS,D1,WCC,20260318-StephenSchottBBS-1,be8392a0-2347-11f1-bc73-db1efe8e085b,90.50756,,,8.64191,,,,,,,4f91a5e0-4f32-4f63-8172-e61544f835a3,2026-03-19,03:57:26.77,2026-03-18T23:57:26.7712512-04:00,2026-03-19T03:57:26.7712512Z,,v3,471436,471275,10559,"Tiendas, Matthew",1000163923,Left,SAN_BRO,ef53fd74-8c7c-4b60-a5df-6492e7050a9c,55.33512,-135.84386,15.32073,5.26196,-2.77973,-11.23871,-1.0392,10.34058,-9.53701,,,,,,,,,,,,,,,,,,,,,,,,,,,,,,,,,,,,,,,,,,,,,,,,,,,High,High,High,,,,,,,,,,,,,,,,,,,,,,,,,,,,,,,,,,,,,,,
312,2026-03-18,23:57:44.99,2,5,"Padilla, Bryce",813773,Right,SAN_BRO,"Rispoli, Robert",10111517,Right,UCO_HUS,Undefined,9,Top,0,3,1,Sinker,Sinker,BallCalled,Walk,Undefined,Undefined,0,0,,91.80673,-0.067542,-1.466165,1929.313036,257.279657,2:30,5.21166,1.08452,5.22708,-29.2921,4.80276,16.35828,2.70714,1.06907,83.6503,-5.438817,1.435112,0.420258,,,,,,,,,,,,-8.56008,2.76079,-0.96199,50,5.18373,2.62894,-133.19254,-1.32013,-15.3206,29.59124,-27.23285,SAN_BRO,UCO_HUS,StephenSchottBBS,D1,WCC,20260318-StephenSchottBBS-1,c9600780-2347-11f1-bc73-db1efe8e085b,89.68882,,,8.15642,,,,,,,4f91a5e0-4f32-4f63-8172-e61544f835a3,2026-03-19,03:57:44.99,2026-03-18T23:57:44.9941504-04:00,2026-03-19T03:57:44.9941504Z,,v3,471436,471275,10559,"Tiendas, Matthew",1000163923,Left,SAN_BRO,1462607f-dc56-47c8-b75d-709e93208a88,55.27211,-134.35874,14.79562,5.2146,-0.24689,-13.61642,-1.07749,3.23272,-7.6603,,,,,,,,,,,,,,,,,,,,,,,,,,,,,,,,,,,,,,,,,,,,,,,,,,,High,High,High,,,,,,,,,,,,,,,,,,,,,,,,,,,,,,,,,,,,,,,
313,2026-03-18,23:58:16.39,3,1,"Padilla, Bryce",813773,Right,SAN_BRO,"Minick, Tyler",835230,Right,UCO_HUS,Undefined,9,Top,0,0,0,Sinker,Sinker,InPlay,Undefined,GroundBall,Out,2,0,,92.09364,-0.562574,-2.419546,2069.793985,259.247619,2:45,5.1976,1.24635,5.22625,-29.52301,4.40079,17.30686,2.20798,0.41259,83.91495,-5.969731,0.648773,0.419202,99.78316,-8.687713,7.051646,,,,,15.41171,14.80707,5.309261,0.100598,-9.36154,2.68295,-1.03679,50,5.12369,4.82693,-133.54601,-2.48649,-16.83723,29.85658,-27.34864,SAN_BRO,UCO_HUS,StephenSchottBBS,D1,WCC,20260318-StephenSchottBBS-1,dc17bf30-2347-11f1-bc73-db1efe8e085b,89.91467,2.17901,,8.17869,,,,1.05081,2.17901,-0.42604,4f91a5e0-4f32-4f63-8172-e61544f835a3,2026-03-19,03:58:16.39,2026-03-18T23:58:16.3958784-04:00,2026-03-19T03:58:16.3958784Z,GroundBall,v3,471436,471275,10559,"Tiendas, Matthew",1000163923,Left,SAN_BRO,a79ef5a8-323b-42ab-850c-3dc7c0254ac8,55.27401,-134.71995,14.92829,5.20032,-1.41116,-13.67432,-1.2396,5.48896,-8.41862,204.574047,1.05088,143.56615,-14.60602,,,,,,,2.17888,-22.08922,4.28735,,,,,,,-0.42611,17.76932,6.39264,,,,,,,,,,,,,,,,,,,,,,,,,,,,,High,High,High,High,High,,,,,,,,,,,,,,,,,,,,,,,,,,,,,,,,,,,,,
314,2026-03-18,23:58:48.50,4,1,"Padilla, Bryce",813773,Right,SAN_BRO,"Marshall, Jackson",837532,Right,UCO_HUS,Undefined,9,Top,2,0,0,Sinker,Sinker,InPlay,Undefined,LineDrive,Out,1,0,,92.60777,-0.097208,-1.480112,1984.178461,255.581351,2:30,5.36748,0.8761,5.47915,-27.74439,5.5304,17.19773,2.96446,0.92399,84.15502,-5.219712,1.584163,0.415173,64.00518,14.615747,-8.285107,1261.288811,,,,135.82665,135.82665,-6.307455,1.722672,-9.16985,3.12378,-0.75849,50,5.34012,2.68803,-134.39584,-1.28377,-16.64844,31.123,-26.50261,SAN_BRO,UCO_HUS,StephenSchottBBS,D1,WCC,20260318-StephenSchottBBS-1,ef3a46a0-2347-11f1-bc73-db1efe8e085b,90.78729,12.11464,,8.45275,,,,1.56874,2.99403,-0.90838,4f91a5e0-4f32-4f63-8172-e61544f835a3,2026-03-19,03:58:48.50,2026-03-18T23:58:48.5012480-04:00,2026-03-19T03:58:48.5012480Z,GroundBall,v3,471436,471275,10559,"Tiendas, Matthew",1000163923,Left,SAN_BRO,8e9972f8-acf8-4715-9fb0-d42b9fdf659d,55.02138,-135.55369,15.5615,5.36954,-0.29781,-13.2513,-0.87001,3.3074,-8.32422,224.324301,1.56874,89.88829,-9.27165,1.58667,-0.29106,0.04604,-0.00747,0.00135,-0.00013,2.99403,23.68775,-15.98572,0.86303,-0.12684,0.02575,-0.00206,0.00025,-5E-05,-0.90838,-13.08942,3.83728,-0.77763,0.16857,-0.03091,0.00546,-0.00093,8E-05,,,,,,,,,,,,,,,,,,,,,,,High,High,High,High,High,,,,,,,,,,,,,,,,,,,,,,,,,,,,,,,,,,,,,
315,2026-03-19,00:00:57.28,1,1,"Talarico, Joseph",1000322767,Right,UCO_HUS,"Filter, Russ",824222,Right,SAN_BRO,Undefined,9,Bottom,0,0,0,Fastball,Four-Seam,FoulBallNotFieldable,Undefined,Undefined,Undefined,0,0,,86.52251,-1.194154,-2.415518,2014.301293,205.037466,12:45,5.10389,1.86559,6.45106,-19.31934,17.6471,7.63402,2.3957,0.28122,78.23476,-4.913979,-1.032337,0.437598,78.62497,-57.830726,87.688729,,,,,1.40026,1.40026,58.744733,0.023813,-4.74563,9.97949,-1.69764,50,5.01046,5.00268,-125.54839,-3.11052,-7.48004,28.38047,-16.44438,SAN_BRO,UCO_HUS,StephenSchottBBS,D1,WCC,20260318-StephenSchottBBS-1,3c00f830-2348-11f1-bc73-db1efe8e085b,86.13488,2.33084,,8.28775,,,,0.6674,2.33084,-0.26784,4f91a5e0-4f32-4f63-8172-e61544f835a3,2026-03-19,04:00:57.28,2026-03-19T00:00:57.2817920-04:00,2026-03-19T04:00:57.2817920Z,GroundBall,v3,471436,471275,10559,"Cancel, Chris",837525,Right,UCO_HUS,3266068c-768a-4e1b-891b-fc6364c85374,54.0464,-126.45978,14.19023,5.10187,-2.58244,-8.22219,-1.86215,5.24289,-3.74002,,0.66738,2.48279,,,,,,,,2.33186,-97.87902,,,,,,,,-0.26848,61.51434,,,,,,,,,,,,,,,,,,,,,,,,,,,,,,High,High,High,Estimated,Estimated,,,,,,,,,,,,,,,,,,,,,,,,,,,,,,,,,,,,,
316,2026-03-19,00:01:22.61,1,2,"Talarico, Joseph",1000322767,Right,UCO_HUS,"Filter, Russ",824222,Right,SAN_BRO,Undefined,9,Bottom,0,0,1,Fastball,Four-Seam,StrikeCalled,Undefined,Undefined,Undefined,0,0,,86.9063,-2.177556,-2.528579,2028.891196,198.021856,12:30,5.19394,1.64158,6.35019,-19.19281,17.59434,5.30303,1.58719,-0.24556,78.75492,-5.854324,-1.569659,0.436536,,,,,,,,,,,,-3.54866,10.22276,-1.46036,50,5.02661,5.35897,-126.02387,-5.30082,-5.64278,28.30434,-15.91874,SAN_BRO,UCO_HUS,StephenSchottBBS,D1,WCC,20260318-StephenSchottBBS-1,4b1e4b10-2348-11f1-bc73-db1efe8e085b,86.3445,,,8.15138,,,,,,,4f91a5e0-4f32-4f63-8172-e61544f835a3,2026-03-19,04:01:22.61,2026-03-19T00:01:22.6118656-04:00,2026-03-19T04:01:22.6118656Z,,v3,471436,471275,10559,"Cancel, Chris",837525,Right,UCO_HUS,436e5aed-b3f1-4b56-8885-d4f59c5ecd75,54.14751,-126.95196,14.15217,5.19186,-4.77885,-7.95937,-1.63911,5.544,-2.82139,,,,,,,,,,,,,,,,,,,,,,,,,,,,,,,,,,,,,,,,,,,,,,,,,,,High,High,High,,,,,,,,,,,,,,,,,,,,,,,,,,,,,,,,,,,,,,,
317,2026-03-19,00:01:37.20,1,3,"Talarico, Joseph",1000322767,Right,UCO_HUS,"Filter, Russ",824222,Right,SAN_BRO,Undefined,9,Bottom,0,0,2,Cutter,Slider,BallCalled,Undefined,Undefined,Undefined,0,0,,85.23765,-0.624135,-3.550947,2335.435819,161.133573,11:15,5.30764,1.61736,6.16774,-31.4408,7.09993,-1.97465,2.10994,-1.83134,77.42177,-6.490996,-3.906146,0.446819,,,,,,,,,,,,-0.08484,4.26579,-1.3471,50,5.24443,7.74347,-123.53384,-2.32998,-0.12965,27.19593,-25.65635,SAN_BRO,UCO_HUS,StephenSchottBBS,D1,WCC,20260318-StephenSchottBBS-1,53d08cf0-2348-11f1-bc73-db1efe8e085b,84.35732,,,7.81588,,,,,,,4f91a5e0-4f32-4f63-8172-e61544f835a3,2026-03-19,04:01:37.20,2026-03-19T00:01:37.2032000-04:00,2026-03-19T04:01:37.2032000Z,,v3,471436,471275,10559,"Cancel, Chris",837525,Right,UCO_HUS,4af5322b-329f-4560-b34b-ffa76f7eb571,54.32992,-124.48342,13.59797,5.31014,-1.43415,-12.82818,-1.61755,7.748,-0.06483,,,,,,,,,,,,,,,,,,,,,,,,,,,,,,,,,,,,,,,,,,,,,,,,,,,High,High,High,,,,,,,,,,,,,,,,,,,,,,,,,,,,,,,,,,,,,,,
318,2026-03-19,00:01:51.31,1,4,"Talarico, Joseph",1000322767,Right,UCO_HUS,"Filter, Russ",824222,Right,SAN_BRO,Undefined,9,Bottom,0,1,2,Fastball,Four-Seam,FoulBallNotFieldable,Undefined,Undefined,Undefined,0,0,,88.35577,-2.496021,-3.810224,2153.458694,202.903849,12:45,5.28184,1.64156,6.5345,-16.70871,18.90414,7.43032,1.59337,-1.23945,79.60554,-5.73995,-2.464872,0.429511,,,,,,,,,,,,-5.12772,11.09796,-1.37984,50,5.10083,8.22857,-127.91558,-5.98435,-8.35615,30.43503,-14.08871,SAN_BRO,UCO_HUS,StephenSchottBBS,D1,WCC,20260318-StephenSchottBBS-1,5c3460b0-2348-11f1-bc73-db1efe8e085b,87.75653,,,8.75023,,,,,,,4f91a5e0-4f32-4f63-8172-e61544f835a3,2026-03-19,04:01:51.31,2026-03-19T00:01:51.3111040-04:00,2026-03-19T04:01:51.3111040Z,,v3,471436,471275,10559,"Cancel, Chris",837525,Right,UCO_HUS,0db69649-57ee-442d-aa46-2c71b689269b,53.9623,-128.85488,15.21751,5.27881,-5.54954,-7.04436,-1.63777,8.48647,-4.17807,,,,,,,,,,,,,,,,,,,,,,,,,,,,,,,,,,,,,,,,,,,,,,,,,,,High,High,High,,,,,,,,,,,,,,,,,,,,,,,,,,,,,,,,,,,,,,,
319,2026-03-19,00:02:12.86,1,5,"Talarico, Joseph",1000322767,Right,UCO_HUS,"Filter, Russ",824222,Right,SAN_BRO,Undefined,9,Bottom,0,1,2,Fastball,Four-Seam,StrikeSwinging,Strikeout,Undefined,Undefined,0,0,,88.79389,-1.080128,-2.974713,2055.633361,212.328683,1:00,5.21804,1.66384,6.49846,-18.43088,16.81584,9.81839,2.68923,-0.25093,79.81555,-4.645265,-1.195324,0.427298,,,,,,,,,,,,-6.075,9.51237,-1.45922,50,5.13407,6.29327,-128.72123,-2.89694,-10.01397,31.08823,-16.49396,SAN_BRO,UCO_HUS,StephenSchottBBS,D1,WCC,20260318-StephenSchottBBS-1,6911aea0-2348-11f1-bc73-db1efe8e085b,88.21116,,,8.97833,,,,,,,4f91a5e0-4f32-4f63-8172-e61544f835a3,2026-03-19,04:02:12.86,2026-03-19T00:02:12.8680000-04:00,2026-03-19T04:02:12.8680000Z,,v3,471436,471275,10559,"Cancel, Chris",837525,Right,UCO_HUS,4f96d734-28c4-4024-a4ca-a0e960ca90e0,53.99723,-129.68303,15.54411,5.2158,-2.38665,-8.24698,-1.65871,6.60308,-5.00699,,,,,,,,,,,,,,,,,,,,,,,,,,,,,73.02871,2.391013,1.46135,0.929663,-1.09338,2.48073,0.30144,-0.88053,5.36375,-0.78256,68.15551,10.27392,-56.62933,-0.82368,79.62565,-5.81533,5.40064,17.96556,-13.67002,-0.87706,-67.27509,7.81978,High,High,High,,,High,High,High,,,,,,,,,,,,,,,,,,,,,,,,,,,,,,,,,,
320,2026-03-19,00:02:49.57,2,1,"Talarico, Joseph",1000322767,Right,UCO_HUS,"Cunningham, Kai",813767,Left,SAN_BRO,Undefined,9,Bottom,1,0,0,Fastball,Four-Seam,BallCalled,Undefined,Undefined,Undefined,0,0,,87.45518,-0.435572,-0.150224,2080.839415,197.526144,12:30,5.18621,1.99108,6.51536,-18.32907,18.20627,5.29729,3.25909,2.29467,77.96237,-4.014025,0.811803,0.435039,,,,,,,,,,,,-2.78669,10.05028,-1.98246,50,5.14759,0.11711,-126.82892,-1.39667,-4.41928,32.31859,-16.23589,SAN_BRO,UCO_HUS,StephenSchottBBS,D1,WCC,20260318-StephenSchottBBS-1,7ef1cf70-2348-11f1-bc73-db1efe8e085b,86.64158,,,9.4928,,,,,,,4f91a5e0-4f32-4f63-8172-e61544f835a3,2026-03-19,04:02:49.57,2026-03-19T00:02:49.5771136-04:00,2026-03-19T04:02:49.5771136Z,,v3,471436,471275,10559,"Cancel, Chris",837525,Right,UCO_HUS,d313d34d-431b-401f-9a5b-bb942482c164,53.97729,-127.8384,16.1593,5.18329,-0.88954,-8.11795,-1.98828,0.25514,-2.20964,,,,,,,,,,,,,,,,,,,,,,,,,,,,,,,,,,,,,,,,,,,,,,,,,,,High,High,High,,,,,,,,,,,,,,,,,,,,,,,,,,,,,,,,,,,,,,,
321,2026-03-19,00:03:01.73,2,2,"Talarico, Joseph",1000322767,Right,UCO_HUS,"Cunningham, Kai",813767,Left,SAN_BRO,Undefined,9,Bottom,1,1,0,Fastball,Four-Seam,BallCalled,Undefined,Undefined,Undefined,0,0,,88.04326,-1.804525,-3.873709,2068.182154,201.116267,12:45,5.05078,1.9482,6.53734,-17.26536,18.6804,6.69103,1.95249,-1.05272,79.05274,-5.161863,-2.662491,0.431514,,,,,,,,,,,,-4.79681,10.77737,-1.68194,50,4.91777,8.36942,-127.4706,-4.43487,-7.73754,30.99854,-14.78949,SAN_BRO,UCO_HUS,StephenSchottBBS,D1,WCC,20260318-StephenSchottBBS-1,862ba220-2348-11f1-bc73-db1efe8e085b,87.34921,,,8.99052,,,,,,,4f91a5e0-4f32-4f63-8172-e61544f835a3,2026-03-19,04:03:01.73,2026-03-19T00:03:01.7306112-04:00,2026-03-19T04:03:01.7306112Z,,v3,471436,471275,10559,"Cancel, Chris",837525,Right,UCO_HUS,18de1ad5-1a11-4777-87e6-cd2c28f367f2,53.95887,-128.42972,15.49927,5.04791,-3.97727,-7.39474,-1.9446,8.60883,-3.86877,,,,,,,,,,,,,,,,,,,,,,,,,,,,,,,,,,,,,,,,,,,,,,,,,,,High,High,High,,,,,,,,,,,,,,,,,,,,,,,,,,,,,,,,,,,,,,,
322,2026-03-19,00:03:16.65,2,3,"Talarico, Joseph",1000322767,Right,UCO_HUS,"Cunningham, Kai",813767,Left,SAN_BRO,Undefined,9,Bottom,1,2,0,Fastball,Four-Seam,InPlay,Undefined,LineDrive,Double,0,0,,86.88332,-0.886174,-2.132459,2098.48854,199.120513,12:45,5.11257,1.90363,6.47448,-18.18288,18.7521,6.01567,2.7829,0.44573,77.84647,-4.424011,-1.041905,0.437412,98.29455,23.241094,18.136685,2246.711718,103.8684,43.41063,36.21266,355.9689,355.9689,21.500959,4.246345,-3.88788,10.52095,-1.75597,50,5.04203,4.46122,-126.01453,-2.3917,-6.11242,30.92245,-15.6332,SAN_BRO,UCO_HUS,StephenSchottBBS,D1,WCC,20260318-StephenSchottBBS-1,8f148460-2348-11f1-bc73-db1efe8e085b,86.17157,58.10803,,9.03685,,,,1.71577,2.87652,-0.41529,4f91a5e0-4f32-4f63-8172-e61544f835a3,2026-03-19,04:03:16.65,2026-03-19T00:03:16.6534656-04:00,2026-03-19T04:03:16.6534656Z,LineDrive,v3,471436,471275,10559,"Cancel, Chris",837525,Right,UCO_HUS,75c8ecdb-b1e7-4cef-a8b1-7e409c9ae502,54.02247,-126.99776,15.46122,5.11017,-1.89462,-7.8166,-1.90091,4.65558,-3.05621,203.315448,1.71494,125.90793,-24.13188,5.89599,-1.28073,0.25901,-0.0487,0.00671,-0.00042,2.87832,56.83966,-15.03918,-0.21797,0.45748,-0.20345,0.05504,-0.00765,0.00041,-0.41506,41.22828,-2.79968,-0.17777,0.1191,-0.01264,-0.00248,0.00079,-6E-05,,,,,,,,,,,,,,,,,,,,,,,High,High,High,High,High,,,,,,,,,,,,,,,,,,,,,,,,,,,,,,,,,,,,,
323,2026-03-19,00:04:22.00,3,1,"Talarico, Joseph",1000322767,Right,UCO_HUS,"Viskovich, Bryant",814701,Right,SAN_BRO,Undefined,9,Bottom,1,0,0,Cutter,Slider,BallCalled,Undefined,Undefined,Undefined,0,0,,83.48928,1.559358,-2.007664,2198.276722,151.720268,11:00,5.22094,2.0715,6.05148,-31.49356,8.47831,-3.87894,4.04123,-0.11102,76.10689,-4.324441,-2.704805,0.455039,,,,,,,,,,,,1.41083,4.31677,-1.91331,50,5.32553,4.40066,-121.17171,2.32208,2.09166,24.29977,-25.77414,SAN_BRO,UCO_HUS,StephenSchottBBS,D1,WCC,20260318-StephenSchottBBS-1,b60d2bd0-2348-11f1-bc73-db1efe8e085b,82.83342,,,7.3824,,,,,,,4f91a5e0-4f32-4f63-8172-e61544f835a3,2026-03-19,04:04:22.00,2026-03-19T00:04:22.0062720-04:00,2026-03-19T04:04:22.0062720Z,,v3,471436,471275,10559,"Cancel, Chris",837525,Right,UCO_HUS,f7b97951-a93e-4793-a17c-7cf5cfb8b15d,54.44613,-122.06007,12.14989,5.22342,3.26435,-12.88707,-2.0728,4.32419,1.04583,,,,,,,,,,,,,,,,,,,,,,,,,,,,,,,,,,,,,,,,,,,,,,,,,,,High,High,High,,,,,,,,,,,,,,,,,,,,,,,,,,,,,,,,,,,,,,,
324,2026-03-19,00:04:43.26,3,2,"Talarico, Joseph",1000322767,Right,UCO_HUS,"Viskovich, Bryant",814701,Right,SAN_BRO,Undefined,9,Bottom,1,1,0,Fastball,Sinker,BallCalled,Undefined,Undefined,Undefined,0,0,,86.89984,-3.521065,-4.232284,2072.581637,223.951959,1:30,5.024,1.95808,6.64539,-23.14021,13.03406,11.44331,-0.14022,-0.96937,79.76442,-7.885586,-2.154936,0.432884,,,,,,,,,,,,-7.30485,8.21776,-1.67693,50,4.77614,8.9145,-125.89304,-8.39649,-11.71527,25.72364,-18.99472,SAN_BRO,UCO_HUS,StephenSchottBBS,D1,WCC,20260318-StephenSchottBBS-1,c2ad22a0-2348-11f1-bc73-db1efe8e085b,87.07288,,,7.13542,,,,,,,4f91a5e0-4f32-4f63-8172-e61544f835a3,2026-03-19,04:04:43.26,2026-03-19T00:04:43.2624128-04:00,2026-03-19T04:04:43.2624128Z,,v3,471436,471275,10559,"Cancel, Chris",837525,Right,UCO_HUS,7764bdfe-c4a4-429e-a149-4a8b0e8b4b9b,53.85639,-126.67856,12.86182,5.02369,-7.81645,-9.49736,-1.95462,9.27225,-5.85763,,,,,,,,,,,,,,,,,,,,,,,,,,,,,,,,,,,,,,,,,,,,,,,,,,,High,High,High,,,,,,,,,,,,,,,,,,,,,,,,,,,,,,,,,,,,,,,
325,2026-03-19,00:05:07.26,3,3,"Talarico, Joseph",1000322767,Right,UCO_HUS,"Viskovich, Bryant",814701,Right,SAN_BRO,Undefined,9,Bottom,1,2,0,Fastball,Four-Seam,BallCalled,Undefined,Undefined,Undefined,0,0,,87.74911,-2.891098,-4.2441,2158.397761,206.824177,1:00,5.17046,1.85518,6.45295,-14.19906,21.78218,10.37942,1.32158,-1.18608,79.61738,-5.664805,-2.369382,0.431727,,,,,,,,,,,,-6.70981,12.63375,-1.55868,50,4.95851,9.02679,-127.02869,-6.74517,-10.87709,27.93842,-11.69381,SAN_BRO,UCO_HUS,StephenSchottBBS,D1,WCC,20260318-StephenSchottBBS-1,d100bce0-2348-11f1-bc73-db1efe8e085b,87.30617,,,8.13173,,,,,,,4f91a5e0-4f32-4f63-8172-e61544f835a3,2026-03-19,04:05:07.26,2026-03-19T00:05:07.2692736-04:00,2026-03-19T04:05:07.2692736Z,,v3,471436,471275,10559,"Cancel, Chris",837525,Right,UCO_HUS,321be642-effd-4cf2-bc6d-a9635dc148d8,54.04578,-127.91541,13.96921,5.1667,-6.37403,-5.84691,-1.85066,9.37201,-5.43855,,,,,,,,,,,,,,,,,,,,,,,,,,,,,,,,,,,,,,,,,,,,,,,,,,,High,High,High,,,,,,,,,,,,,,,,,,,,,,,,,,,,,,,,,,,,,,,
326,2026-03-19,00:05:30.99,3,4,"Talarico, Joseph",1000322767,Right,UCO_HUS,"Viskovich, Bryant",814701,Right,SAN_BRO,Undefined,9,Bottom,1,3,0,Fastball,Sinker,StrikeCalled,Undefined,Undefined,Undefined,0,0,,87.36551,-1.025399,-3.457039,2115.705705,220.557,1:15,5.16777,1.85182,6.54001,-18.24308,17.80816,14.18024,2.70521,-0.14108,79.17958,-4.547347,-0.886572,0.432147,,,,,,,,,,,,-8.43512,9.99678,-1.61746,50,5.08847,7.10536,-126.73146,-2.72191,-13.60477,27.90088,-16.05057,SAN_BRO,UCO_HUS,StephenSchottBBS,D1,WCC,20260318-StephenSchottBBS-1,df286520-2348-11f1-bc73-db1efe8e085b,87.22133,,,8.18594,,,,,,,4f91a5e0-4f32-4f63-8172-e61544f835a3,2026-03-19,04:05:30.99,2026-03-19T00:05:30.9970432-04:00,2026-03-19T04:05:30.9970432Z,,v3,471436,471275,10559,"Cancel, Chris",837525,Right,UCO_HUS,24ce2783-c5e4-43e2-948e-0dd42c9e4c81,53.95779,-127.59983,13.95044,5.16541,-2.22236,-8.02529,-1.84519,7.52878,-6.80239,,,,,,,,,,,,,,,,,,,,,,,,,,,,,,,,,,,,,,,,,,,,,,,,,,,High,High,High,,,,,,,,,,,,,,,,,,,,,,,,,,,,,,,,,,,,,,,
327,2026-03-19,00:05:49.47,3,5,"Talarico, Joseph",1000322767,Right,UCO_HUS,"Viskovich, Bryant",814701,Right,SAN_BRO,Undefined,9,Bottom,1,3,1,Fastball,Four-Seam,FoulBallNotFieldable,Undefined,Undefined,Undefined,0,0,,87.05631,-2.045794,-3.078086,2038.049269,203.510229,12:45,5.05074,2.00456,6.52851,-14.46402,21.85481,8.96315,1.96511,-0.07501,78.98573,-4.877913,-1.453462,0.433748,78.0986,55.368624,60.571696,5542.338659,29.4749,101.33177,105.97748,199.1105,72.70209,79.50939,4.865394,-5.63441,12.45253,-1.79419,50,4.90183,6.45154,-126.27924,-4.82813,-9.02331,27.68927,-12.23173,SAN_BRO,UCO_HUS,StephenSchottBBS,D1,WCC,20260318-StephenSchottBBS-1,ea2f9380-2348-11f1-bc73-db1efe8e085b,86.89941,101.50146,,8.07058,,,,0.774,2.41265,0.29943,4f91a5e0-4f32-4f63-8172-e61544f835a3,2026-03-19,04:05:49.47,2026-03-19T00:05:49.4777856-04:00,2026-03-19T04:05:49.4777856Z,FlyBall,v3,471436,471275,10559,"Cancel, Chris",837525,Right,UCO_HUS,cb9c9970-5a9f-4482-b998-ba99952ced07,53.97007,-127.14677,13.84463,5.04709,-4.4449,-6.11587,-2.00075,6.73425,-4.51165,,0.81922,30.97305,-11.02095,-2.88502,5.59776,-2.9235,0.75452,-0.0965,0.00488,2.42635,94.00546,-26.42747,1.94322,0.13805,-0.06588,-0.01786,0.0076,-0.00067,0.30292,56.66817,-4.52255,0.55086,-0.55372,0.43078,-0.15338,0.02496,-0.00152,,,,,,,,,,,,,,,,,,,,,,,High,High,High,Medium,Low,,,,,,,,,,,,,,,,,,,,,,,,,,,,,,,,,,,,,
328,2026-03-19,00:06:15.23,3,6,"Talarico, Joseph",1000322767,Right,UCO_HUS,"Viskovich, Bryant",814701,Right,SAN_BRO,Undefined,9,Bottom,1,3,2,Fastball,Four-Seam,FoulBallNotFieldable,Undefined,Undefined,Undefined,0,0,,88.31636,-1.758531,-3.22303,2025.217549,205.007192,12:45,5.20175,1.72007,6.5325,-18.22466,17.13847,7.41973,2.06684,-0.62128,80.0176,-5.267857,-1.878093,0.428003,,,,,,,,,,,,-4.86512,9.88075,-1.49906,50,5.07142,6.92175,-128.0659,-4.39859,-7.99755,28.96192,-15.93159,SAN_BRO,UCO_HUS,StephenSchottBBS,D1,WCC,20260318-StephenSchottBBS-1,f98841b0-2348-11f1-bc73-db1efe8e085b,88.06583,,,8.29876,,,,,,,4f91a5e0-4f32-4f63-8172-e61544f835a3,2026-03-19,04:06:15.23,2026-03-19T00:06:15.2362496-04:00,2026-03-19T04:06:15.2362496Z,,v3,471436,471275,10559,"Cancel, Chris",837525,Right,UCO_HUS,fc138617-8de4-4fe1-9404-5c347024c97e,53.96476,-128.95941,14.48096,5.19954,-3.90708,-7.96579,-1.71641,7.16848,-3.99877,,,,,,,,,,,,,,,,,,,,,,,,,,,,,,,,,,,,,,,,,,,,,,,,,,,High,High,High,,,,,,,,,,,,,,,,,,,,,,,,,,,,,,,,,,,,,,,
329,2026-03-19,00:06:39.26,3,7,"Talarico, Joseph",1000322767,Right,UCO_HUS,"Viskovich, Bryant",814701,Right,SAN_BRO,Undefined,9,Bottom,1,3,2,Fastball,Four-Seam,InPlay,Undefined,LineDrive,Double,0,1,,87.26854,-0.711973,-2.728976,2011.772736,203.582167,12:45,5.1843,1.8075,6.50582,-19.01899,16.873,6.86583,2.94517,-0.12684,79.66859,-4.355681,-1.484402,0.431192,93.25696,17.444875,-9.523609,866.263771,109.00669,25.8329,-14.74847,263.01371,263.01371,-5.487454,2.639898,-4.40414,9.41193,-1.6197,50,5.12606,5.78917,-126.77975,-2.07415,-7.1528,26.43358,-16.88807,SAN_BRO,UCO_HUS,StephenSchottBBS,D1,WCC,20260318-StephenSchottBBS-1,07d74810-2349-11f1-bc73-db1efe8e085b,87.4146,27.2144,,7.59996,,,,1.35408,2.95138,0.12485,4f91a5e0-4f32-4f63-8172-e61544f835a3,2026-03-19,04:06:39.26,2026-03-19T00:06:39.2692736-04:00,2026-03-19T04:06:39.2692736Z,LineDrive,v3,471436,471275,10559,"Cancel, Chris",837525,Right,UCO_HUS,5661725c-79ba-4951-a2ff-78fa1da92add,53.99444,-127.60988,13.21679,5.18287,-1.54379,-8.44403,-1.80503,6.0138,-3.5764,243.69615,1.35408,128.68723,-16.27894,2.89903,-0.58534,0.10728,-0.01863,0.00246,-0.00016,2.95138,41.00395,-18.95998,1.66107,-0.31553,0.06189,-0.009,0.00112,-8E-05,0.12485,-21.58928,7.41677,-1.84157,0.45233,-0.09606,0.01761,-0.00229,0.00014,,,,,,,,,,,,,,,,,,,,,,,High,High,High,High,High,,,,,,,,,,,,,,,,,,,,,,,,,,,,,,,,,,,,,
330,2026-03-19,00:07:56.45,4,1,"Talarico, Joseph",1000322767,Right,UCO_HUS,"Lambert, Payton",824218,Right,SAN_BRO,Undefined,9,Bottom,1,0,0,Fastball,Four-Seam,StrikeCalled,Undefined,Undefined,Undefined,0,0,,86.61974,-1.84604,-3.474966,2086.561246,216.832905,1:15,5.12566,2.02757,6.64563,-17.91414,18.45316,12.92261,1.93936,-0.08023,78.97225,-5.300258,-1.127745,0.434037,,,,,,,,,,,,-7.79382,10.60666,-1.79773,50,4.99329,7.15276,-125.69183,-4.48659,-12.42809,26.24147,-15.26055,SAN_BRO,UCO_HUS,StephenSchottBBS,D1,WCC,20260318-StephenSchottBBS-1,35dc2280-2349-11f1-bc73-db1efe8e085b,86.84147,,,7.64749,,,,,,,4f91a5e0-4f32-4f63-8172-e61544f835a3,2026-03-19,04:07:56.45,2026-03-19T00:07:56.4543488-04:00,2026-03-19T04:07:56.4543488Z,,v3,471436,471275,10559,"Cancel, Chris",837525,Right,UCO_HUS,1cb0e00c-2897-4785-aa89-47cee4eb6469,53.85344,-126.49378,13.12074,5.12328,-4.02022,-7.63028,-2.02212,7.53256,-6.21405,,,,,,,,,,,,,,,,,,,,,,,,,,,,,,,,,,,,,,,,,,,,,,,,,,,High,High,High,,,,,,,,,,,,,,,,,,,,,,,,,,,,,,,,,,,,,,,
331,2026-03-19,00:08:14.54,4,2,"Talarico, Joseph",1000322767,Right,UCO_HUS,"Lambert, Payton",824218,Right,SAN_BRO,Undefined,9,Bottom,1,0,1,Cutter,Slider,BallCalled,Undefined,Undefined,Undefined,0,0,,84.06564,-2.030599,-3.2047,2221.575421,176.874071,12:00,5.22623,1.92158,6.29155,-24.68997,14.16265,-0.70957,1.29378,-1.09383,77.50244,-6.656533,-3.332716,0.448623,,,,,,,,,,,,-0.47783,8.27477,-1.68519,50,5.06446,6.85811,-122.02195,-5.03397,-0.72376,22.97175,-19.64054,SAN_BRO,UCO_HUS,StephenSchottBBS,D1,WCC,20260318-StephenSchottBBS-1,40a49a30-2349-11f1-bc73-db1efe8e085b,84.01807,,,6.56321,,,,,,,4f91a5e0-4f32-4f63-8172-e61544f835a3,2026-03-19,04:08:14.54,2026-03-19T00:08:14.5480704-04:00,2026-03-19T04:08:14.5480704Z,,v3,471436,471275,10559,"Cancel, Chris",837525,Right,UCO_HUS,ddfdffc1-b24c-4a63-a5be-642a12db7ff8,54.20868,-122.81172,11.48588,5.22592,-4.35873,-9.82027,-1.9214,6.88299,-0.36188,,,,,,,,,,,,,,,,,,,,,,,,,,,,,,,,,,,,,,,,,,,,,,,,,,,High,High,High,,,,,,,,,,,,,,,,,,,,,,,,,,,,,,,,,,,,,,,
332,2026-03-19,00:08:34.59,4,3,"Talarico, Joseph",1000322767,Right,UCO_HUS,"Lambert, Payton",824218,Right,SAN_BRO,Undefined,9,Bottom,1,1,1,Fastball,Four-Seam,FoulBallNotFieldable,Undefined,Undefined,Undefined,0,0,,86.34839,-1.210639,-3.744339,2005.451077,206.738195,1:00,5.13828,1.91219,6.5528,-17.27753,19.54773,9.22512,2.58584,-0.75736,78.47635,-4.554202,-2.073343,0.436762,84.00694,27.045269,57.721304,4769.393504,49.13449,45.27277,98.41599,252.02186,117.34364,71.517886,3.893736,-5.94107,10.98036,-1.65696,50,5.04683,7.84974,-125.23948,-3.05933,-9.38116,26.66454,-14.83563,SAN_BRO,UCO_HUS,StephenSchottBBS,D1,WCC,20260318-StephenSchottBBS-1,4c956540-2349-11f1-bc73-db1efe8e085b,86.2998,50.66991,,7.87204,,,,0.33226,2.62701,0.67489,4f91a5e0-4f32-4f63-8172-e61544f835a3,2026-03-19,04:08:34.59,2026-03-19T00:08:34.5907200-04:00,2026-03-19T04:08:34.5907200Z,FlyBall,v3,471436,471275,10559,"Cancel, Chris",837525,Right,UCO_HUS,3348c00d-caa3-44d8-9d95-ee6e036e2f8c,53.94562,-126.07673,13.33227,5.13558,-2.5935,-7.41782,-1.90806,8.14431,-4.69058,,0.32211,58.89146,-20.99941,8.4951,-4.99422,2.46248,-0.76168,0.12459,-0.00804,2.62773,55.99251,-18.39696,0.93401,0.65261,-0.58229,0.23852,-0.04876,0.00387,0.67861,92.65828,-9.0583,-1.22962,2.22595,-1.43751,0.50795,-0.0945,0.00709,,,,,,,,,,,,,,,,,,,,,,,High,High,High,High,Low,,,,,,,,,,,,,,,,,,,,,,,,,,,,,,,,,,,,,
333,2026-03-19,00:09:01.25,4,4,"Talarico, Joseph",1000322767,Right,UCO_HUS,"Lambert, Payton",824218,Right,SAN_BRO,Undefined,9,Bottom,1,1,2,Slider,Slider,InPlay,Undefined,Popup,Out,1,0,,78.02543,0.928734,-2.119892,2406.79463,112.115192,9:45,4.92796,2.19637,6.26547,-39.9249,5.67441,-10.26347,2.45782,-0.6143,71.13105,-6.520149,-3.972414,0.486016,79.87151,62.968445,24.021594,,87.40516,109.48555,66.78575,144.73713,62.87793,38.659445,5.692444,4.74859,3.04587,-2.03422,50,4.97716,4.54302,-113.30491,0.71143,6.11156,22.62904,-28.25397,SAN_BRO,UCO_HUS,StephenSchottBBS,D1,WCC,20260318-StephenSchottBBS-1,5c78a030-2349-11f1-bc73-db1efe8e085b,77.5539,132.08405,,6.89438,,,,1.86337,2.64672,0.56365,4f91a5e0-4f32-4f63-8172-e61544f835a3,2026-03-19,04:09:01.25,2026-03-19T00:09:01.2554240-04:00,2026-03-19T04:09:01.2554240Z,Popup,v3,471436,471275,10559,"Cancel, Chris",837525,Right,UCO_HUS,8aa12f64-46b4-4b36-80ce-b96a5e2d9dbf,54.23528,-114.14764,11.31452,4.93107,1.76364,-14.12699,-2.19916,4.31542,3.05578,191.878035,1.86594,48.55222,-17.40535,4.94987,-0.68961,-0.05693,0.04281,-0.00674,0.00036,2.62677,104.69125,-26.87675,4.10535,-1.41555,0.41437,-0.07407,0.00672,-0.00023,0.56927,21.57601,-1.56597,-0.32582,0.36799,-0.13786,0.027,-0.00269,0.00011,,,,,,,,,,,,,,,,,,,,,,,High,High,High,Medium,Low,,,,,,,,,,,,,,,,,,,,,,,,,,,,,,,,,,,,,
334,2026-03-19,00:09:44.91,5,1,"Talarico, Joseph",1000322767,Right,UCO_HUS,"Carston, Koen",824220,Right,SAN_BRO,Undefined,9,Bottom,2,0,0,Fastball,Four-Seam,StrikeSwinging,Undefined,Undefined,Undefined,0,0,,85.68686,0.023285,-1.724671,2010.582229,208.872901,1:00,5.10272,2.02255,6.58611,-20.02914,17.38564,8.87304,3.45497,1.18104,77.47641,-3.843704,-0.112078,0.440243,,,,,,,,,,,,-5.14544,9.48087,-1.90753,50,5.09556,3.40505,-124.42805,-0.43787,-7.97796,27.53131,-17.47399,SAN_BRO,UCO_HUS,StephenSchottBBS,D1,WCC,20260318-StephenSchottBBS-1,76815c10-2349-11f1-bc73-db1efe8e085b,85.61726,,,8.21045,,,,,,,4f91a5e0-4f32-4f63-8172-e61544f835a3,2026-03-19,04:09:44.91,2026-03-19T00:09:44.9168384-04:00,2026-03-19T04:09:44.9168384Z,,v3,471436,471275,10559,"Cancel, Chris",837525,Right,UCO_HUS,56dad9cf-ea0d-49a7-80a8-f556503ccfea,53.90972,-125.29014,13.76566,5.10071,0.1093,-8.737,-2.01806,3.65487,-3.98898,,,,,,,,,,,,,,,,,,,,,,,,,,,,,,,,,,,,,,,,,,,,,,,,,,,High,High,High,,,,,,,,,,,,,,,,,,,,,,,,,,,,,,,,,,,,,,,
335,2026-03-19,00:09:58.68,5,2,"Talarico, Joseph",1000322767,Right,UCO_HUS,"Carston, Koen",824220,Right,SAN_BRO,Undefined,9,Bottom,2,0,1,Slider,Curveball,StrikeSwinging,Undefined,Undefined,Undefined,0,0,,77.05848,0.638838,-1.687058,2284.170035,75.614855,8:30,4.90655,2.51357,6.06252,-47.09747,-0.15579,-6.49603,1.5733,0.41038,70.61238,-8.057666,-2.857295,0.493118,,,,,,,,,,,,2.86567,0.14728,-2.37916,50,4.93093,3.52542,-111.93399,-0.16043,3.61317,21.37393,-31.98837,SAN_BRO,UCO_HUS,StephenSchottBBS,D1,WCC,20260318-StephenSchottBBS-1,7ebdd1b0-2349-11f1-bc73-db1efe8e085b,76.43699,,,6.4461,,,,,,,4f91a5e0-4f32-4f63-8172-e61544f835a3,2026-03-19,04:09:58.68,2026-03-19T00:09:58.6821120-04:00,2026-03-19T04:09:58.6821120Z,,v3,471436,471275,10559,"Cancel, Chris",837525,Right,UCO_HUS,436ee24d-4cac-478b-9a90-85ebc3038e1a,54.43813,-112.77827,10.68697,4.91231,1.10312,-15.99418,-2.5156,3.3827,1.80659,,,,,,,,,,,,,,,,,,,,,,,,,,,,,,,,,,,,,,,,,,,,,,,,,,,High,High,High,,,,,,,,,,,,,,,,,,,,,,,,,,,,,,,,,,,,,,,
336,2026-03-19,00:10:12.11,5,3,"Talarico, Joseph",1000322767,Right,UCO_HUS,"Carston, Koen",824220,Right,SAN_BRO,Undefined,9,Bottom,2,0,2,Fastball,Four-Seam,BallCalled,Undefined,Undefined,Undefined,0,0,,86.48802,-0.421196,-2.008347,2074.127217,204.441356,12:45,5.35051,2.00591,6.37949,-18.71942,18.34265,7.74685,3.40282,0.80308,78.13996,-4.034125,-0.60627,0.438164,,,,,,,,,,,,-4.70902,10.10071,-1.86473,50,5.31146,4.11055,-125.56779,-1.40338,-7.41985,28.53682,-16.25865,SAN_BRO,UCO_HUS,StephenSchottBBS,D1,WCC,20260318-StephenSchottBBS-1,86b241d0-2349-11f1-bc73-db1efe8e085b,86.02367,,,8.34806,,,,,,,4f91a5e0-4f32-4f63-8172-e61544f835a3,2026-03-19,04:10:12.11,2026-03-19T00:10:12.1162752-04:00,2026-03-19T04:10:12.1162752Z,,v3,471436,471275,10559,"Cancel, Chris",837525,Right,UCO_HUS,08c6afa9-5221-4f2c-bef6-9390d4cf1166,54.11957,-126.50055,14.26841,5.34865,-0.87195,-8.12932,-2.00305,4.35308,-3.70992,,,,,,,,,,,,,,,,,,,,,,,,,,,,,,,,,,,,,,,,,,,,,,,,,,,High,High,High,,,,,,,,,,,,,,,,,,,,,,,,,,,,,,,,,,,,,,,
337,2026-03-19,00:10:28.76,5,4,"Talarico, Joseph",1000322767,Right,UCO_HUS,"Carston, Koen",824220,Right,SAN_BRO,Undefined,9,Bottom,2,1,2,Slider,Slider,StrikeSwinging,Strikeout,Undefined,Undefined,0,0,,78.70786,1.305635,-2.945207,2330.496328,103.380001,9:30,4.9942,2.3869,5.88824,-41.64483,4.27914,-11.14701,2.73797,-1.27923,71.15362,-6.418723,-4.939376,0.487743,,,,,,,,,,,,4.70662,2.26461,-2.14297,50,5.07608,6.29076,-114.00004,1.31211,6.08697,24.32909,-29.24526,SAN_BRO,UCO_HUS,StephenSchottBBS,D1,WCC,20260318-StephenSchottBBS-1,90aba9b0-2349-11f1-bc73-db1efe8e085b,77.27932,,,7.55424,,,,,,,4f91a5e0-4f32-4f63-8172-e61544f835a3,2026-03-19,04:10:28.76,2026-03-19T00:10:28.7662080-04:00,2026-03-19T04:10:28.7662080Z,,v3,471436,471275,10559,"Cancel, Chris",837525,Right,UCO_HUS,d8f37672-3e04-4354-a017-84ce6c62b7c4,54.60869,-114.97939,12.16455,4.99956,2.48935,-14.62263,-2.39127,6.04574,3.04348,,,,,,,,,,,,,,,,,,,,,,,,,,,,,,,,,,,,,,,,,,,,,,,,,,,High,High,High,,,,,,,,,,,,,,,,,,,,,,,,,,,,,,,,,,,,,,,