PitchNo,Date,Time,PAofInning,PitchofPA,Pitcher,PitcherId,PitcherThrows,PitcherTeam,Batter,BatterId,BatterSide,BatterTeam,PitcherSet,Inning,Top/Bottom,Outs,Balls,Strikes,TaggedPitchType,AutoPitchType,PitchCall,KorBB,TaggedHitType,PlayResult,OutsOnPlay,RunsScored,Notes,RelSpeed,VertRelAngle,HorzRelAngle,SpinRate,SpinAxis,Tilt,RelHeight,RelSide,Extension,VertBreak,InducedVertBreak,HorzBreak,PlateLocHeight,PlateLocSide,ZoneSpeed,VertApprAngle,HorzApprAngle,ZoneTime,ExitSpeed,Angle,Direction,HitSpinRate,PositionAt110X,PositionAt110Y,PositionAt110Z,Distance,LastTrackedDistance,Bearing,HangTime,pfxx,pfxz,x0,y0,z0,vx0,vy0,vz0,ax0,ay0,az0,HomeTeam,AwayTeam,Stadium,Level,League,GameID,PitchUID,EffectiveVelo,MaxHeight,MeasuredDuration,SpeedDrop,PitchLastMeasuredX,PitchLastMeasuredY,PitchLastMeasuredZ,ContactPositionX,ContactPositionY,ContactPositionZ,GameUID,UTCDate,UTCTime,LocalDateTime,UTCDateTime,AutoHitType,System,HomeTeamForeignID,AwayTeamForeignID,GameForeignID,Catcher,CatcherId,CatcherThrows,CatcherTeam,PlayID,PitchTrajectoryXc0,PitchTrajectoryXc1,PitchTrajectoryXc2,PitchTrajectoryYc0,PitchTrajectoryYc1,PitchTrajectoryYc2,PitchTrajectoryZc0,PitchTrajectoryZc1,PitchTrajectoryZc2,HitSpinAxis,HitTrajectoryXc0,HitTrajectoryXc1,HitTrajectoryXc2,HitTrajectoryXc3,HitTrajectoryXc4,HitTrajectoryXc5,HitTrajectoryXc6,HitTrajectoryXc7,HitTrajectoryXc8,HitTrajectoryYc0,HitTrajectoryYc1,HitTrajectoryYc2,HitTrajectoryYc3,HitTrajectoryYc4,HitTrajectoryYc5,HitTrajectoryYc6,HitTrajectoryYc7,HitTrajectoryYc8,HitTrajectoryZc0,HitTrajectoryZc1,HitTrajectoryZc2,HitTrajectoryZc3,HitTrajectoryZc4,HitTrajectoryZc5,HitTrajectoryZc6,HitTrajectoryZc7,HitTrajectoryZc8,ThrowSpeed,PopTime,ExchangeTime,TimeToBase,CatchPositionX,CatchPositionY,CatchPositionZ,ThrowPositionX,ThrowPositionY,ThrowPositionZ,BasePositionX,BasePositionY,BasePositionZ,ThrowTrajectoryXc0,ThrowTrajectoryXc1,ThrowTrajectoryXc2,ThrowTrajectoryYc0,ThrowTrajectoryYc1,ThrowTrajectoryYc2,ThrowTrajectoryZc0,ThrowTrajectoryZc1,ThrowTrajectoryZc2,PitchReleaseConfidence,PitchLocationConfidence,PitchMovementConfidence,HitLaunchConfidence,HitLandingConfidence,CatcherThrowCatchConfidence,CatcherThrowReleaseConfidence,CatcherThrowLocationConfidence,SpinAxis3dTransverseAngle,SpinAxis3dLongitudinalAngle,SpinAxis3dActiveSpinRate,SpinAxis3dSpinEfficiency,SpinAxis3dTilt,SpinAxis3dVectorX,SpinAxis3dVectorY,SpinAxis3dVectorZ,SpinAxis3dSeamOrientationRotationX,SpinAxis3dSeamOrientationRotationY,SpinAxis3dSeamOrientationRotationZ,SpinAxis3dSeamOrientationBallAngleHorizontalAmb1,SpinAxis3dSeamOrientationBallAngleVerticalAmb1,SpinAxis3dSeamOrientationBallXAmb1,SpinAxis3dSeamOrientationBallYAmb1,SpinAxis3dSeamOrientationBallZAmb1,SpinAxis3dSeamOrientationBallAngleHorizontalAmb2,SpinAxis3dSeamOrientationBallAngleVerticalAmb2,SpinAxis3dSeamOrientationBallXAmb2,SpinAxis3dSeamOrientationBallYAmb2,SpinAxis3dSeamOrientationBallZAmb2,SpinAxis3dSeamOrientationBallAngleHorizontalAmb3,SpinAxis3dSeamOrientationBallAngleVerticalAmb3,SpinAxis3dSeamOrientationBallXAmb3,SpinAxis3dSeamOrientationBallYAmb3,SpinAxis3dSeamOrientationBallZAmb3,SpinAxis3dSeamOrientationBallAngleHorizontalAmb4,SpinAxis3dSeamOrientationBallAngleVerticalAmb4,SpinAxis3dSeamOrientationBallXAmb4,SpinAxis3dSeamOrientationBallYAmb4,SpinAxis3dSeamOrientationBallZAmb4,BatSpeed,VerticalAttackAngle,HorizontalAttackAngle
1,2026-03-13,18:37:00.06,1,1,"Trosclair, Brody",10124039,Left,NOR_DEM,"Russell, Austin",10027579,Right,TEX_ISL,Undefined,1,Top,0,0,0,Undefined,Slider,StrikeSwinging,Undefined,Undefined,Undefined,0,0,,81.71291,0.663163,2.148124,2933.275876,247.64982,2:15,5.25644,-2.36156,6.82229,-35.81679,4.04016,7.25418,2.87714,0.20353,75.94021,-6.040102,3.47165,0.454384,,,,,,,,,,,,-3.33914,2.32067,2.22094,50,5.28594,-4.70113,-118.97078,0.40848,-4.8454,20.1603,-28.8065,NOR_DEM,TEX_ISL,BrownStroudField,D1,SLAND,20260313-BrownStroudField-1,8a46f5b0-1f35-11f1-8827-db2f8d1f1106,82.95275,,,5.7727,,,,,,,99932099-0ba7-405d-b958-1caf3e33b2c7,2026-03-13,23:37:00.06,2026-03-13T18:37:00.0644096-05:00,2026-03-13T23:37:00.0644096Z,,v3,471394,4764,,"Huerta, Sebastian",1000220704,Right,NOR_DEM,314a71c8-2041-42f9-9641-1cfdbeb1dde4,53.67981,-119.59272,10.08015,5.25963,1.29715,-14.40325,2.36366,-4.55165,-2.4227,,,,,,,,,,,,,,,,,,,,,,,,,,,,,,,,,,,,,,,,,,,,,,,,,,,High,High,High,,,,,,,,,,,,,,,,,,,,,,,,,,,,,,,,,,,,,,,
2,2026-03-13,18:37:13.98,1,2,"Trosclair, Brody",10124039,Left,NOR_DEM,"Russell, Austin",10027579,Right,TEX_ISL,Undefined,1,Top,0,0,1,Undefined,Slider,FoulBallNotFieldable,Undefined,Undefined,Undefined,0,0,,80.96141,1.017683,2.675272,2930.945064,251.012849,2:15,5.17177,-2.4487,6.28255,-37.8873,4.12394,8.2776,2.95359,0.70865,74.32862,-6.028445,4.168456,0.466503,96.70568,31.675294,-41.935578,3375.638801,,,,,121.3103,,,-3.57315,2.22996,2.24733,50,5.22853,-5.79068,-117.59849,0.96783,-5.00105,22.41145,-29.05291,NOR_DEM,TEX_ISL,BrownStroudField,D1,SLAND,20260313-BrownStroudField-1,92963000-1f35-11f1-8827-db2f8d1f1106,80.79788,72.32737,,6.63278,,,,1.96376,3.08805,-0.73211,99932099-0ba7-405d-b958-1caf3e33b2c7,2026-03-13,23:37:13.98,2026-03-13T18:37:13.9876864-05:00,2026-03-13T23:37:13.9876864Z,,v3,471394,4764,,"Huerta, Sebastian",1000220704,Right,NOR_DEM,2caaec4b-0b66-4753-a6cd-ceec8c364fe4,54.21838,-118.39968,11.20573,5.17536,2.00645,-14.52646,2.45115,-5.6119,-2.50053,,1.96375,89.79644,-25.22914,7.20649,-3.38868,3.50188,-2.85618,1.25788,-0.22662,3.08806,74.47467,-15.3934,-0.74743,2.38661,-3.69443,3.20823,-1.43683,0.26102,-0.73211,-80.66762,12.52006,-2.51424,0.4048,-0.00306,-0.06068,0.03526,-0.0072,,,,,,,,,,,,,,,,,,,,,,,High,High,High,Medium,Undefined,,,,,,,,,,,,,,,,,,,,,,,,,,,,,,,,,,,,,
3,2026-03-13,18:37:37.33,1,3,"Trosclair, Brody",10124039,Left,NOR_DEM,"Russell, Austin",10027579,Right,TEX_ISL,Undefined,1,Top,0,0,2,Undefined,Slider,BallCalled,Undefined,Undefined,Undefined,0,0,,81.20296,2.009641,-0.735948,2967.631568,293.334275,3:45,5.82424,-1.8978,7.03852,-42.89089,-2.92992,9.2293,4.07664,-1.79733,75.41375,-6.02997,0.957526,0.454977,,,,,,,,,,,,-5.09048,-1.66272,1.94009,50,5.93286,1.22006,-118.30862,2.99586,-7.31156,19.73806,-34.56223,NOR_DEM,TEX_ISL,BrownStroudField,D1,SLAND,20260313-BrownStroudField-1,a07b5100-1f35-11f1-8827-db2f8d1f1106,82.84471,,,5.78921,,,,,,,99932099-0ba7-405d-b958-1caf3e33b2c7,2026-03-13,23:37:37.33,2026-03-13T18:37:37.3329408-05:00,2026-03-13T23:37:37.3329408Z,,v3,471394,4764,,"Huerta, Sebastian",1000220704,Right,NOR_DEM,8c3f831e-87d4-4666-bdb5-16a6a14509cb,53.46444,-118.8852,9.86903,5.8306,4.00549,-17.28112,1.90133,1.43364,-3.65578,,,,,,,,,,,,,,,,,,,,,,,,,,,,,,,,,,,,,,,,,,,,,,,,,,,High,High,High,,,,,,,,,,,,,,,,,,,,,,,,,,,,,,,,,,,,,,,
4,2026-03-13,18:37:55.17,1,4,"Trosclair, Brody",10124039,Left,NOR_DEM,"Russell, Austin",10027579,Right,TEX_ISL,Undefined,1,Top,0,1,2,Undefined,Four-Seam,BallCalled,Undefined,Undefined,Undefined,0,0,,92.07824,0.023484,3.143381,2642.547743,158.625375,11:15,5.59809,-1.91854,6.70252,-15.11288,16.55737,-6.13071,4.36019,0.44761,84.82753,-2.884393,2.028894,0.405039,,,,,,,,,,,,4.00217,9.00595,1.7116,50,5.59311,-7.11197,-133.86704,-0.32094,7.33738,26.10366,-15.66293,NOR_DEM,TEX_ISL,BrownStroudField,D1,SLAND,20260313-BrownStroudField-1,ab1390f0-1f35-11f1-8827-db2f8d1f1106,93.05876,,,7.2507,,,,,,,99932099-0ba7-405d-b958-1caf3e33b2c7,2026-03-13,23:37:55.17,2026-03-13T18:37:55.1701504-05:00,2026-03-13T23:37:55.1701504Z,,v3,471394,4764,,"Huerta, Sebastian",1000220704,Right,NOR_DEM,9f968050-b983-43e1-9b19-adb7e28f2dea,53.79735,-134.60547,13.05183,5.59592,0.12214,-7.83147,1.91572,-7.31953,3.66869,,,,,,,,,,,,,,,,,,,,,,,,,,,,,,,,,,,,,,,,,,,,,,,,,,,High,High,High,,,,,,,,,,,,,,,,,,,,,,,,,,,,,,,,,,,,,,,
5,2026-03-13,18:38:15.35,1,5,"Trosclair, Brody",10124039,Left,NOR_DEM,"Russell, Austin",10027579,Right,TEX_ISL,Undefined,1,Top,0,2,2,Undefined,Slider,InPlay,Undefined,FlyBall,Out,1,0,,80.79682,-0.549314,1.183199,2947.260765,289.354446,3:45,5.55217,-1.95228,6.98834,-42.16904,-1.71323,7.91193,1.53844,-0.21684,75.44675,-8.410576,2.635448,0.457785,73.51274,24.054423,-19.087769,2494.952869,103.07885,35.65591,-38.40125,253.52054,247.1743,-22.805043,3.503149,-3.99315,-0.53118,1.87706,50,5.50408,-2.67238,-117.77031,-2.23417,-5.67242,19.96832,-32.92859,NOR_DEM,TEX_ISL,BrownStroudField,D1,SLAND,20260313-BrownStroudField-1,b71fd340-1f35-11f1-8827-db2f8d1f1106,82.33648,37.71497,,5.35007,,,,1.48695,1.57006,0.22507,99932099-0ba7-405d-b958-1caf3e33b2c7,2026-03-13,23:38:15.35,2026-03-13T18:38:15.3538560-05:00,2026-03-13T23:38:15.3538560Z,LineDrive,v3,471394,4764,,"Huerta, Sebastian",1000220704,Right,NOR_DEM,a6d07d6b-c737-4f90-93f4-9938619340d4,53.51596,-118.36495,9.98416,5.55602,-1.25358,-16.4643,1.95413,-2.50346,-2.83621,161.379663,1.48673,93.05007,-13.30582,2.82817,-0.67809,0.20595,-0.05864,0.01035,-0.00076,1.57039,43.93571,-13.92799,0.22571,0.2181,-0.16085,0.06027,-0.01099,0.00077,0.22514,-32.19882,1.78924,-0.28573,0.07231,-0.03359,0.0123,-0.00236,0.00018,,,,,,,,,,,,,,,,,,,,,,,High,High,High,High,High,,,,,,,,,,,,,,,,,,,,,,,,,,,,,,,,,,,,,
6,2026-03-13,18:38:50.46,2,1,"Trosclair, Brody",10124039,Left,NOR_DEM,"Sanchez, Cade",1000125037,Right,TEX_ISL,Undefined,1,Top,1,0,0,Undefined,Slider,BallCalled,Undefined,Undefined,Undefined,0,0,,80.01828,1.604255,0.431015,2878.200245,276.528263,3:15,5.49146,-2.363,7.4959,-40.29919,0.01268,8.83,3.57825,-1.23903,74.5671,-6.019274,2.065415,0.45697,,,,,,,,,,,,-4.69996,-0.00913,2.33902,50,5.56677,-1.13323,-116.69749,2.32639,-6.58208,18.75856,-32.18686,NOR_DEM,TEX_ISL,BrownStroudField,D1,SLAND,20260313-BrownStroudField-1,cc191680-1f35-11f1-8827-db2f8d1f1106,82.48333,,,5.45117,,,,,,,99932099-0ba7-405d-b958-1caf3e33b2c7,2026-03-13,23:38:50.46,2026-03-13T18:38:50.4690688-05:00,2026-03-13T23:38:50.4690688Z,,v3,471394,4764,,"Huerta, Sebastian",1000220704,Right,NOR_DEM,a86e451f-8e66-48f3-8d75-11fd17ac22e5,53.00707,-117.17987,9.37928,5.49631,3.15407,-16.09343,2.36598,-0.96397,-3.29104,,,,,,,,,,,,,,,,,,,,,,,,,,,,,,,,,,,,,,,,,,,,,,,,,,,High,High,High,,,,,,,,,,,,,,,,,,,,,,,,,,,,,,,,,,,,,,,
7,2026-03-13,18:39:05.58,2,2,"Trosclair, Brody",10124039,Left,NOR_DEM,"Sanchez, Cade",1000125037,Right,TEX_ISL,Undefined,1,Top,1,1,0,Undefined,Slider,BallCalled,Undefined,Undefined,Undefined,0,0,,80.02213,-0.147219,0.855464,2898.105731,277.632776,3:15,5.38723,-2.32107,6.97808,-41.12549,0.28228,6.47347,1.8262,-1.00347,74.32589,-7.842303,2.043185,0.46314,,,,,,,,,,,,-3.24949,0.54177,2.26648,50,5.36456,-1.94415,-116.59103,-1.37655,-4.50811,20.30236,-31.42243,NOR_DEM,TEX_ISL,BrownStroudField,D1,SLAND,20260313-BrownStroudField-1,d5150b90-1f35-11f1-8827-db2f8d1f1106,81.38455,,,5.69624,,,,,,,99932099-0ba7-405d-b958-1caf3e33b2c7,2026-03-13,23:39:05.58,2026-03-13T18:39:05.5842304-05:00,2026-03-13T23:39:05.5842304Z,,v3,471394,4764,,"Huerta, Sebastian",1000220704,Right,NOR_DEM,c2220ece-bccb-4bb6-a099-dcfaf832d332,53.52439,-117.20314,10.15118,5.39178,-0.42918,-15.71122,2.32304,-1.80823,-2.25405,,,,,,,,,,,,,,,,,,,,,,,,,,,,,,,,,,,,,,,,,,,,,,,,,,,High,High,High,,,,,,,,,,,,,,,,,,,,,,,,,,,,,,,,,,,,,,,
8,2026-03-13,18:39:20.82,2,3,"Trosclair, Brody",10124039,Left,NOR_DEM,"Sanchez, Cade",1000125037,Right,TEX_ISL,Undefined,1,Top,1,2,0,Undefined,Slider,BallCalled,Undefined,Undefined,Undefined,0,0,,81.55989,1.801873,0.819837,2989.711058,295.550393,3:45,5.22382,-2.31578,7.17649,-40.44644,-0.87347,4.11547,3.48663,-1.22993,75.42485,-5.817888,1.576763,0.452763,,,,,,,,,,,,-1.99681,-0.54406,2.26722,50,5.31729,-1.83116,-118.79998,2.68831,-2.87814,20.93623,-32.9582,NOR_DEM,TEX_ISL,BrownStroudField,D1,SLAND,20260313-BrownStroudField-1,de291c80-1f35-11f1-8827-db2f8d1f1106,83.24989,,,6.13504,,,,,,,99932099-0ba7-405d-b958-1caf3e33b2c7,2026-03-13,23:39:20.82,2026-03-13T18:39:20.8243200-05:00,2026-03-13T23:39:20.8243200Z,,v3,471394,4764,,"Huerta, Sebastian",1000220704,Right,NOR_DEM,f09fe890-d788-4467-928e-feb1121eb7fa,53.32529,-119.38456,10.46812,5.22938,3.60857,-16.4791,2.31723,-1.7508,-1.43907,,,,,,,,,,,,,,,,,,,,,,,,,,,,,,,,,,,,,,,,,,,,,,,,,,,High,High,High,,,,,,,,,,,,,,,,,,,,,,,,,,,,,,,,,,,,,,,
9,2026-03-13,18:39:38.45,2,4,"Trosclair, Brody",10124039,Left,NOR_DEM,"Sanchez, Cade",1000125037,Right,TEX_ISL,Undefined,1,Top,1,3,0,Undefined,Four-Seam,StrikeCalled,Undefined,Undefined,Undefined,0,0,,92.07837,-0.838162,3.613987,2597.485021,153.278238,11:00,5.5224,-1.87657,6.57802,-16.01418,15.97532,-7.56162,3.4181,0.81002,84.53345,-3.908435,2.243473,0.407076,,,,,,,,,,,,4.91949,8.9117,1.63127,50,5.4577,-8.14897,-133.73146,-2.38334,8.95947,27.30832,-15.94386,NOR_DEM,TEX_ISL,BrownStroudField,D1,SLAND,20260313-BrownStroudField-1,e8adfb80-1f35-11f1-8827-db2f8d1f1106,92.59317,,,7.54492,,,,,,,99932099-0ba7-405d-b958-1caf3e33b2c7,2026-03-13,23:39:38.45,2026-03-13T18:39:38.4501248-05:00,2026-03-13T23:39:38.4501248Z,,v3,471394,4764,,"Huerta, Sebastian",1000220704,Right,NOR_DEM,507821d4-7e1c-4e72-aa27-1d8fb39731bb,53.9223,-134.53002,13.65416,5.52058,-1.9171,-7.97193,1.87339,-8.41096,4.47973,,,,,,,,,,,,,,,,,,,,,,,,,,,,,,,,,,,,,,,,,,,,,,,,,,,High,High,High,,,,,,,,,,,,,,,,,,,,,,,,,,,,,,,,,,,,,,,
10,2026-03-13,18:39:57.44,2,5,"Trosclair, Brody",10124039,Left,NOR_DEM,"Sanchez, Cade",1000125037,Right,TEX_ISL,Undefined,1,Top,1,3,1,Undefined,Slider,FoulBallNotFieldable,Undefined,Undefined,Undefined,0,0,,79.99523,1.204551,1.625474,2851.938542,279.237324,3:15,5.18788,-2.3621,6.41543,-42.58561,-0.27772,8.74591,2.74711,-0.13848,74.25858,-6.686857,3.210114,0.468147,63.05457,68.284285,120.166706,2801.725898,,,,,13.10298,,,-4.2002,-0.12992,2.24204,50,5.25439,-3.60087,-116.43122,1.20749,-5.82508,19.74993,-32.35424,NOR_DEM,TEX_ISL,BrownStroudField,D1,SLAND,20260313-BrownStroudField-1,f40322d0-1f35-11f1-8827-db2f8d1f1106,80.51415,30.98689,,5.73665,,,,1.57399,2.47228,0.12978,99932099-0ba7-405d-b958-1caf3e33b2c7,2026-03-13,23:39:57.44,2026-03-13T18:39:57.4435328-05:00,2026-03-13T23:39:57.4435328Z,,v3,471394,4764,,"Huerta, Sebastian",1000220704,Right,NOR_DEM,769badbe-ae57-477c-80ef-86f2d285c518,54.08779,-117.12257,9.87496,5.19229,2.34005,-16.17712,2.36452,-3.39696,-2.91254,349.557081,1.58225,-17.48618,-4.86386,,,,,,,2.48449,85.49108,-29.28177,,,,,,,0.12488,29.75714,1.31964,,,,,,,,,,,,,,,,,,,,,,,,,,,,,High,High,High,High,Undefined,,,,,,,,,,,,,,,,,,,,,,,,,,,,,,,,,,,,,
11,2026-03-13,18:40:20.49,2,6,"Trosclair, Brody",10124039,Left,NOR_DEM,"Sanchez, Cade",1000125037,Right,TEX_ISL,Undefined,1,Top,1,3,2,Undefined,Slider,FoulBallNotFieldable,Undefined,Undefined,Undefined,0,0,,81.31708,1.053182,2.916762,2986.650556,308.270555,4:15,5.22562,-2.33005,6.60294,-45.16565,-3.6702,6.37847,2.42799,0.87582,74.19417,-7.363068,4.075033,0.46363,,,,,,,,,,,,-2.46925,-1.88315,2.12863,50,5.27917,-6.23705,-118.08901,0.85959,-3.45049,24.67107,-34.80553,NOR_DEM,TEX_ISL,BrownStroudField,D1,SLAND,20260313-BrownStroudField-1,01bf3800-1f36-11f1-8827-db2f8d1f1106,81.29849,,,7.12291,,,,,,,99932099-0ba7-405d-b958-1caf3e33b2c7,2026-03-13,23:40:20.49,2026-03-13T18:40:20.4998656-05:00,2026-03-13T23:40:20.4998656Z,,v3,471394,4764,,"Huerta, Sebastian",1000220704,Right,NOR_DEM,17b4f2f9-91d3-4b2c-a89b-69b42d1aea0e,53.89833,-118.90065,12.33554,5.23205,2.00465,-17.40277,2.33196,-6.12353,-1.72525,,,,,,,,,,,,,,,,,,,,,,,,,,,,,,,,,,,,,,,,,,,,,,,,,,,High,High,High,,,,,,,,,,,,,,,,,,,,,,,,,,,,,,,,,,,,,,,
12,2026-03-13,18:40:41.40,2,7,"Trosclair, Brody",10124039,Left,NOR_DEM,"Sanchez, Cade",1000125037,Right,TEX_ISL,Undefined,1,Top,1,3,2,Undefined,Four-Seam,InPlay,Undefined,LineDrive,Single,0,0,,93.04857,-1.843181,2.460527,2523.986145,158.564908,11:15,5.57365,-1.94348,7.24131,-14.66595,15.91721,-5.87977,2.68138,-0.20544,85.29683,-4.698696,1.379106,0.398027,95.20615,3.119194,12.644912,2091.505848,,,,123.30383,123.22495,15.522232,1.017713,3.85752,9.39205,1.80447,50,5.46361,-5.60893,-135.34099,-4.67893,7.16374,29.19802,-14.73221,NOR_DEM,TEX_ISL,BrownStroudField,D1,SLAND,20260313-BrownStroudField-1,0e2978d0-1f36-11f1-8827-db2f8d1f1106,94.69818,4.32568,,7.75174,,,,0.89157,2.90865,0.01027,99932099-0ba7-405d-b958-1caf3e33b2c7,2026-03-13,23:40:41.40,2026-03-13T18:40:41.4014464-05:00,2026-03-13T23:40:41.4014464Z,GroundBall,v3,471394,4764,,"Huerta, Sebastian",1000220704,Right,NOR_DEM,c25a1707-2984-4156-8fd0-1e3608a2f6d4,53.25954,-136.04237,14.59901,5.57176,-4.32504,-7.36611,1.94127,-5.78102,3.58187,229.003363,1.07031,133.62648,-17.78081,,,,,,,2.90355,7.68155,-10.34911,,,,,,,-0.03161,31.10288,1.36204,,,,,,,,,,,,,,,,,,,,,,,,,,,,,High,High,High,Medium,Medium,,,,,,,,,,,,,,,,,,,,,,,,,,,,,,,,,,,,,
13,2026-03-13,18:41:17.63,3,1,"Trosclair, Brody",10124039,Left,NOR_DEM,"Flaggert, Jarrett",813171,Right,TEX_ISL,Undefined,1,Top,1,0,0,Undefined,Slider,InPlay,Undefined,Popup,Out,1,0,,80.16542,0.599329,1.932617,2874.94392,263.649454,2:45,5.14721,-2.38215,6.66414,-40.18707,1.78413,5.08079,2.34702,-0.18969,74.02247,-6.9018,2.857641,0.466279,70.93076,59.539855,-8.128321,,,,,,19.9927,,,-2.19784,1.0791,2.25043,50,5.17106,-4.10051,-116.65699,0.11936,-3.03935,21.22098,-30.68179,NOR_DEM,TEX_ISL,BrownStroudField,D1,SLAND,20260313-BrownStroudField-1,23cae2f0-1f36-11f1-8827-db2f8d1f1106,80.83643,32.86502,,6.14295,,,,1.84843,2.24164,0.2042,99932099-0ba7-405d-b958-1caf3e33b2c7,2026-03-13,23:41:17.63,2026-03-13T18:41:17.6397824-05:00,2026-03-13T23:41:17.6397824Z,,v3,471394,4764,,"Huerta, Sebastian",1000220704,Right,NOR_DEM,210ccc59-3ef4-497c-be70-4f1a1cbcd323,53.83872,-117.35321,10.61049,5.15063,1.12598,-15.3409,2.38332,-4.00079,-1.51968,200.129073,1.86049,51.78424,-12.18159,,,,,,,2.25054,89.36263,-24.70277,,,,,,,0.19687,-7.19785,5.92677,,,,,,,,,,,,,,,,,,,,,,,,,,,,,High,High,High,High,Undefined,,,,,,,,,,,,,,,,,,,,,,,,,,,,,,,,,,,,,
14,2026-03-13,18:42:28.92,4,1,"Trosclair, Brody",10124039,Left,NOR_DEM,"Smith, Jackson",1000116497,Left,TEX_ISL,Undefined,1,Top,2,0,0,Undefined,Slider,StrikeCalled,Undefined,Undefined,Undefined,0,0,,81.39394,0.599042,0.501204,3026.620074,263.935181,2:45,5.30442,-2.62065,7.26938,-37.0714,2.44847,12.91099,2.75699,-1.09141,75.51481,-6.398792,2.881244,0.452459,,,,,,,,,,,,-6.83386,1.53571,2.58972,50,5.32827,-1.43651,-118.64873,0.32215,-9.83067,20.75765,-29.96489,NOR_DEM,TEX_ISL,BrownStroudField,D1,SLAND,20260313-BrownStroudField-1,4e4c8a10-1f36-11f1-8827-db2f8d1f1106,83.30578,,,5.87914,,,,,,,99932099-0ba7-405d-b958-1caf3e33b2c7,2026-03-13,23:42:28.92,2026-03-13T18:42:28.9278976-05:00,2026-03-13T23:42:28.9278976Z,,v3,471394,4764,,"Huerta, Sebastian",1000220704,Right,NOR_DEM,89893950-6c1a-462e-b1d5-fe500fcd1595,53.23285,-119.21298,10.37883,5.30845,1.13667,-14.98244,2.62513,-1.16928,-4.91533,,,,,,,,,,,,,,,,,,,,,,,,,,,,,,,,,,,,,,,,,,,,,,,,,,,High,High,High,,,,,,,,,,,,,,,,,,,,,,,,,,,,,,,,,,,,,,,
15,2026-03-13,18:42:46.16,4,2,"Trosclair, Brody",10124039,Left,NOR_DEM,"Smith, Jackson",1000116497,Left,TEX_ISL,Undefined,1,Top,2,0,1,Undefined,Four-Seam,BallCalled,Undefined,Undefined,Undefined,0,0,,93.46183,-1.122059,1.582219,2588.287255,148.107929,11:00,5.69924,-2.07504,7.24894,-12.81249,17.75631,-10.40587,3.61576,-1.51021,84.72927,-3.662474,-0.333594,0.397934,,,,,,,,,,,,6.1663,10.27524,1.9876,50,5.63119,-3.39306,-135.97631,-2.91617,11.4194,32.84196,-13.14529,NOR_DEM,TEX_ISL,BrownStroudField,D1,SLAND,20260313-BrownStroudField-1,587f7880-1f36-11f1-8827-db2f8d1f1106,94.72042,,,8.73256,,,,,,,99932099-0ba7-405d-b958-1caf3e33b2c7,2026-03-13,23:42:46.16,2026-03-13T18:42:46.1689856-05:00,2026-03-13T23:42:46.1689856Z,,v3,471394,4764,,"Huerta, Sebastian",1000220704,Right,NOR_DEM,2797317d-db52-41a6-8182-0f1cae5bcd1c,53.2522,-136.75955,16.42098,5.697,-2.60267,-6.57264,2.07177,-3.6654,5.7097,,,,,,,,,,,,,,,,,,,,,,,,,,,,,,,,,,,,,,,,,,,,,,,,,,,High,High,High,,,,,,,,,,,,,,,,,,,,,,,,,,,,,,,,,,,,,,,
16,2026-03-13,18:43:03.02,4,3,"Trosclair, Brody",10124039,Left,NOR_DEM,"Smith, Jackson",1000116497,Left,TEX_ISL,Undefined,1,Top,2,1,1,Undefined,Four-Seam,StrikeCalled,Undefined,Undefined,Undefined,0,0,,92.98903,-2.474421,2.404263,2609.765765,147.307792,11:00,5.53686,-1.85744,6.52029,-13.69564,18.05403,-10.90308,2.12178,-0.55874,84.58246,-5.134771,0.425865,0.405547,,,,,,,,,,,,6.40579,10.50044,1.69427,50,5.3581,-5.22081,-134.95038,-6.16925,11.74753,30.88708,-12.9173,NOR_DEM,TEX_ISL,BrownStroudField,D1,SLAND,20260313-BrownStroudField-1,629764e0-1f36-11f1-8827-db2f8d1f1106,92.94227,,,8.40657,,,,,,,99932099-0ba7-405d-b958-1caf3e33b2c7,2026-03-13,23:43:03.02,2026-03-13T18:43:03.0270976-05:00,2026-03-13T23:43:03.0270976Z,,v3,471394,4764,,"Huerta, Sebastian",1000220704,Right,NOR_DEM,608e1b1c-6e8b-4ac4-ae4f-df3bce988a7c,53.97871,-135.85796,15.44354,5.5338,-5.78969,-6.45865,1.85275,-5.56599,5.87377,,,,,,,,,,,,,,,,,,,,,,,,,,,,,,,,,,,,,,,,,,,,,,,,,,,High,High,High,,,,,,,,,,,,,,,,,,,,,,,,,,,,,,,,,,,,,,,
17,2026-03-13,18:43:19.03,4,4,"Trosclair, Brody",10124039,Left,NOR_DEM,"Smith, Jackson",1000116497,Left,TEX_ISL,Undefined,1,Top,2,1,2,Undefined,Slider,BallCalled,Undefined,Undefined,Undefined,0,0,,81.36952,-0.133357,2.405885,2944.063772,275.020698,3:15,5.33703,-1.79496,5.99849,-41.33136,0.48803,8.21622,1.76907,1.12043,75.28578,-7.726372,3.882663,0.465436,,,,,,,,,,,,-3.60358,0.64913,1.60098,50,5.3037,-5.27436,-118.25033,-1.59646,-5.12609,21.57045,-31.25067,NOR_DEM,TEX_ISL,BrownStroudField,D1,SLAND,20260313-BrownStroudField-1,6c2adf00-1f36-11f1-8827-db2f8d1f1106,80.98302,,,6.08375,,,,,,,99932099-0ba7-405d-b958-1caf3e33b2c7,2026-03-13,23:43:19.03,2026-03-13T18:43:19.0395392-05:00,2026-03-13T23:43:19.0395392Z,,v3,471394,4764,,"Huerta, Sebastian",1000220704,Right,NOR_DEM,4a31762f-e8a4-4e72-a7fc-16626837540f,54.50329,-119.06896,10.78522,5.34179,-0.41045,-15.62534,1.79746,-5.07981,-2.56304,,,,,,,,,,,,,,,,,,,,,,,,,,,,,,,,,,,,,,,,,,,,,,,,,,,High,High,High,,,,,,,,,,,,,,,,,,,,,,,,,,,,,,,,,,,,,,,
18,2026-03-13,18:43:35.61,4,5,"Trosclair, Brody",10124039,Left,NOR_DEM,"Smith, Jackson",1000116497,Left,TEX_ISL,Undefined,1,Top,2,2,2,Undefined,Four-Seam,InPlay,Undefined,LineDrive,Single,0,1,,93.40421,-0.796245,2.704473,2690.400547,146.716471,11:00,5.6157,-2.00469,7.23478,-13.23761,17.19816,-10.65855,3.79107,-0.44336,85.22517,-3.401657,0.7449,0.397067,98.9768,9.737932,3.68094,972.173361,109.98409,12.4896,1.85608,191.87763,191.27572,-1.208238,1.659462,6.49386,9.77709,1.85228,50,5.56551,-6.02894,-135.84634,-2.15216,12.11368,30.24568,-13.93583,NOR_DEM,TEX_ISL,BrownStroudField,D1,SLAND,20260313-BrownStroudField-1,76059b50-1f36-11f1-8827-db2f8d1f1106,94.92721,12.79863,,8.17904,,,,-0.9488,4.04468,0.49766,99932099-0ba7-405d-b958-1caf3e33b2c7,2026-03-13,23:43:35.61,2026-03-13T18:43:35.6157440-05:00,2026-03-13T23:43:35.6157440Z,LineDrive,v3,471394,4764,,"Huerta, Sebastian",1000220704,Right,NOR_DEM,a56d8e17-3e6e-4733-bbca-96e499c119be,53.26511,-136.57137,15.12284,5.6131,-1.8181,-6.96791,2.00028,-6.31932,6.05684,98.589798,-0.9488,142.77894,-20.65837,3.63694,-0.54287,-0.12298,0.18358,-0.08107,0.01316,4.04469,24.55339,-18.12225,1.40539,-0.29262,0.20113,-0.16043,0.06879,-0.01135,0.49765,9.186,-11.29406,3.57714,-0.68733,-0.36336,0.50688,-0.23306,0.03901,,,,,,,,,,,,,,,,,,,,,,,High,High,High,High,High,,,,,,,,,,,,,,,,,,,,,,,,,,,,,,,,,,,,,
19,2026-03-13,18:44:21.76,5,1,"Trosclair, Brody",10124039,Left,NOR_DEM,"Towchik, Maxwell",1000167584,Right,TEX_ISL,Undefined,1,Top,2,0,0,Undefined,Slider,StrikeCalled,Undefined,Undefined,Undefined,0,0,,81.81173,0.238696,1.950287,2898.335662,264.288842,2:45,5.28783,-2.4033,7.32676,-36.69557,2.39807,13.38942,2.44564,0.47516,75.98744,-6.682621,4.417736,0.450013,,,,,,,,,,,,-6.77402,1.56973,2.29221,50,5.29138,-4.46166,-119.21373,-0.39694,-9.82721,21.18564,-29.89684,NOR_DEM,TEX_ISL,BrownStroudField,D1,SLAND,20260313-BrownStroudField-1,918d7d20-1f36-11f1-8827-db2f8d1f1106,83.75864,,,5.82428,,,,,,,99932099-0ba7-405d-b958-1caf3e33b2c7,2026-03-13,23:44:21.76,2026-03-13T18:44:21.7689088-05:00,2026-03-13T23:44:21.7689088Z,,v3,471394,4764,,"Huerta, Sebastian",1000220704,Right,NOR_DEM,8b992783-108d-4254-8b85-bb2096c26dc3,53.17606,-119.77682,10.59282,5.29137,0.39769,-14.94842,2.40733,-4.20047,-4.91361,,,,,,,,,,,,,,,,,,,,,,,,,,,,,,,,,,,,,,,,,,,,,,,,,,,High,High,High,,,,,,,,,,,,,,,,,,,,,,,,,,,,,,,,,,,,,,,
20,2026-03-13,18:44:38.37,5,2,"Trosclair, Brody",10124039,Left,NOR_DEM,"Towchik, Maxwell",1000167584,Right,TEX_ISL,Undefined,1,Top,2,0,1,Undefined,Slider,BallCalled,Undefined,Undefined,Undefined,0,0,,80.65223,2.387901,0.59392,2938.688443,272.906064,3:00,5.25997,-2.35409,6.96483,-40.61727,0.41524,15.20473,4.04902,-0.54668,74.20012,-5.252917,3.376971,0.461037,,,,,,,,,,,,-7.89756,-0.00244,2.31343,50,5.39465,-1.72102,-117.36706,3.80887,-11.0511,21.55096,-32.17747,NOR_DEM,TEX_ISL,BrownStroudField,D1,SLAND,20260313-BrownStroudField-1,9b749580-1f36-11f1-8827-db2f8d1f1106,81.75584,,,6.45211,,,,,,,99932099-0ba7-405d-b958-1caf3e33b2c7,2026-03-13,23:44:38.37,2026-03-13T18:44:38.3788544-05:00,2026-03-13T23:44:38.3788544Z,,v3,471394,4764,,"Huerta, Sebastian",1000220704,Right,NOR_DEM,7ab9cb93-efb4-4379-b4cd-c882e76860f5,53.53675,-118.01469,10.77548,5.26566,4.77585,-16.08873,2.36016,-1.38893,-5.52555,,,,,,,,,,,,,,,,,,,,,,,,,,,,,,,,,,,,,,,,,,,,,,,,,,,High,High,High,,,,,,,,,,,,,,,,,,,,,,,,,,,,,,,,,,,,,,,
21,2026-03-13,18:44:54.30,5,3,"Trosclair, Brody",10124039,Left,NOR_DEM,"Towchik, Maxwell",1000167584,Right,TEX_ISL,Undefined,1,Top,2,1,1,Undefined,Slider,StrikeSwinging,Undefined,Undefined,Undefined,0,0,,81.13679,0.689775,2.077944,2875.107006,253.57105,2:30,5.2038,-2.33684,6.71817,-38.42833,2.31992,4.00666,2.6324,-0.10271,75.11891,-6.48869,2.80791,0.459437,,,,,,,,,,,,-1.58386,1.43756,2.198,50,5.2348,-4.42029,-118.06907,0.34902,-2.25465,20.7012,-30.12765,NOR_DEM,TEX_ISL,BrownStroudField,D1,SLAND,20260313-BrownStroudField-1,a4f54af0-1f36-11f1-8827-db2f8d1f1106,82.04049,,,6.01788,,,,,,,99932099-0ba7-405d-b958-1caf3e33b2c7,2026-03-13,23:44:54.30,2026-03-13T18:44:54.3063552-05:00,2026-03-13T23:44:54.3063552Z,,v3,471394,4764,,"Huerta, Sebastian",1000220704,Right,NOR_DEM,b95d2f6a-d981-4085-aecc-e7a3c24b674a,53.78286,-118.73047,10.3506,5.20827,1.31159,-15.06383,2.33808,-4.34825,-1.12732,,,,,,,,,,,,,,,,,,,,,,,,,,,,,,,,,,,,,,,,,,,,,,,,,,,High,High,High,,,,,,,,,,,,,,,,,,,,,,,,,,,,,,,,,,,,,,,
22,2026-03-13,18:45:10.71,5,4,"Trosclair, Brody",10124039,Left,NOR_DEM,"Towchik, Maxwell",1000167584,Right,TEX_ISL,Undefined,1,Top,2,1,2,Undefined,Slider,StrikeSwinging,Strikeout,Undefined,Undefined,0,0,,81.77756,0.48104,1.667512,2997.818886,245.429378,2:15,5.25269,-2.32687,6.64394,-37.12845,3.15055,4.37429,2.59919,-0.43552,75.57122,-6.454533,2.463766,0.456784,,,,,,,,,,,,-1.86347,1.9302,2.21286,50,5.27044,-3.61709,-118.99481,-0.05819,-2.68982,21.39938,-29.3879,NOR_DEM,TEX_ISL,BrownStroudField,D1,SLAND,20260313-BrownStroudField-1,aeb74f20-1f36-11f1-8827-db2f8d1f1106,82.51704,,,6.20633,,,,,,,99932099-0ba7-405d-b958-1caf3e33b2c7,2026-03-13,23:45:10.71,2026-03-13T18:45:10.7100000-05:00,2026-03-13T23:45:10.7100000Z,,v3,471394,4764,,"Huerta, Sebastian",1000220704,Right,NOR_DEM,42823d2f-0c41-410b-a48e-cb585f5cb370,53.85648,-119.68633,10.69969,5.25698,0.89148,-14.69395,2.32834,-3.53017,-1.34491,,,,,,,,,,,,,,,,,,,,,,,,,,,,,70.29469,2.69858,1.775411,0.923169,-2.06876,2.18906,0.28393,-2.99124,5.99562,5.49931,63.02067,2.81748,61.78856,-2.95383,79.58157,-8.94449,5.99099,5.5036,-9.67167,5.51224,64.3251,-3.69952,High,High,High,,,High,Low,Low,,,,,,,,,,,,,,,,,,,,,,,,,,,,,,,,,,
23,2026-03-13,18:47:56.35,1,1,"Watkins, Preston",1000188594,Right,TEX_ISL,"Leonard, Brooks",1000166243,Right,NOR_DEM,Undefined,1,Bottom,0,0,0,Undefined,Four-Seam,FoulBallNotFieldable,Undefined,Undefined,Undefined,0,0,,91.0619,-2.923365,-1.328055,2386.452353,193.930632,12:30,6.23274,0.47386,5.56256,-13.14146,21.27426,4.98162,2.40335,-0.35197,82.6534,-5.453404,-0.43975,0.422231,87.97217,-41.825454,-175.444984,,,,,0.54282,0.54282,11.253441,0.03006,-2.94012,12.02666,-0.36268,50,5.97205,2.83932,-131.9612,-7.11423,-5.14435,30.10588,-11.13091,NOR_DEM,TEX_ISL,BrownStroudField,D1,SLAND,20260313-BrownStroudField-1,116bb610-1f37-11f1-8827-db2f8d1f1106,89.26974,2.59259,,8.4085,,,,3.4203,2.59259,0.33601,99932099-0ba7-405d-b958-1caf3e33b2c7,2026-03-13,23:47:56.35,2026-03-13T18:47:56.3524096-05:00,2026-03-13T23:47:56.3524096Z,GroundBall,v3,471394,4764,,"Azemar, Hunter",10091882,Right,TEX_ISL,b4dfd653-ae2d-4230-997e-ae75aa622ff9,54.93714,-133.0828,15.05294,6.22936,-6.69955,-5.56546,-0.47203,3.03097,-2.57217,,3.42141,-96.07277,,,,,,,,2.59358,-86.24821,,,,,,,,0.3361,-7.65392,,,,,,,,,,,,,,,,,,,,,,,,,,,,,,High,High,High,Estimated,Estimated,,,,,,,,,,,,,,,,,,,,,,,,,,,,,,,,,,,,,
24,2026-03-13,18:49:59.07,1,2,"Watkins, Preston",1000188594,Right,TEX_ISL,"Leonard, Brooks",1000166243,Right,NOR_DEM,Undefined,1,Bottom,0,0,1,Undefined,Curveball,BallinDirt,Undefined,Undefined,Undefined,0,0,,82.41413,-2.546677,-0.897237,2556.020437,51.377349,7:45,6.02015,0.86203,5.11282,-51.44259,-8.39221,-12.3752,-0.66782,-1.01459,75.43858,-11.764659,-3.097455,0.472237,,,,,,,,,,,,5.99677,-3.13929,-0.76714,50,5.73933,2.37497,-119.38932,-7.21122,8.50142,26.80024,-36.62453,NOR_DEM,TEX_ISL,BrownStroudField,D1,SLAND,20260313-BrownStroudField-1,5a956ac0-1f37-11f1-8827-db2f8d1f1106,79.81682,,,6.97556,,,,,,,99932099-0ba7-405d-b958-1caf3e33b2c7,2026-03-13,23:49:59.07,2026-03-13T18:49:59.0708224-05:00,2026-03-13T23:49:59.0708224Z,,v3,471394,4764,,"Azemar, Hunter",10091882,Right,TEX_ISL,4bea7684-46d4-4648-82fb-b0155bbe772a,55.39031,-120.59326,13.40012,6.02633,-5.56595,-18.31226,-0.86525,1.99306,4.25071,,,,,,,,,,,,,,,,,,,,,,,,,,,,,,,,,,,,,,,,,,,,,,,,,,,High,High,High,,,,,,,,,,,,,,,,,,,,,,,,,,,,,,,,,,,,,,,
25,2026-03-13,18:50:15.99,1,3,"Watkins, Preston",1000188594,Right,TEX_ISL,"Leonard, Brooks",1000166243,Right,NOR_DEM,Undefined,1,Bottom,0,1,1,Undefined,Curveball,BallinDirt,Undefined,Undefined,Undefined,0,0,,82.8436,-2.692834,-1.691275,2730.130519,58.551651,8:00,6.01837,0.69268,5.12538,-48.79636,-6.1017,-12.44162,-0.58729,-1.93756,75.66813,-11.446966,-3.900829,0.470282,,,,,,,,,,,,5.71788,-1.83425,-0.52346,50,5.72687,4.05915,-119.91578,-7.45628,8.16769,27.29544,-34.7942,NOR_DEM,TEX_ISL,BrownStroudField,D1,SLAND,20260313-BrownStroudField-1,64aeddc0-1f37-11f1-8827-db2f8d1f1106,80.14862,,,7.17547,,,,,,,99932099-0ba7-405d-b958-1caf3e33b2c7,2026-03-13,23:50:15.99,2026-03-13T18:50:15.9947776-05:00,2026-03-13T23:50:15.9947776Z,,v3,471394,4764,,"Azemar, Hunter",10091882,Right,TEX_ISL,4a0af839-f69a-4785-911e-c8f68c55ec4a,55.3763,-121.13336,13.64772,6.02486,-5.9042,-17.3971,-0.69641,3.69481,4.08385,,,,,,,,,,,,,,,,,,,,,,,,,,,,,,,,,,,,,,,,,,,,,,,,,,,High,High,High,,,,,,,,,,,,,,,,,,,,,,,,,,,,,,,,,,,,,,,
26,2026-03-13,18:50:36.58,1,4,"Watkins, Preston",1000188594,Right,TEX_ISL,"Leonard, Brooks",1000166243,Right,NOR_DEM,Undefined,1,Bottom,0,2,1,Undefined,Four-Seam,BallCalled,Undefined,Undefined,Undefined,0,0,,91.56002,-0.524709,-1.146904,2127.522381,190.50634,12:15,6.22343,0.38739,5.92978,-15.44308,18.02651,3.135,4.44955,-0.41565,83.04288,-3.490816,-0.584026,0.416386,,,,,,,,,,,,-1.93543,9.70252,-0.29744,50,6.1727,2.52175,-132.89542,-1.65294,-3.43867,30.21649,-14.93551,NOR_DEM,TEX_ISL,BrownStroudField,D1,SLAND,20260313-BrownStroudField-1,70f2f8f0-1f37-11f1-8827-db2f8d1f1106,90.52273,,,8.51714,,,,,,,99932099-0ba7-405d-b958-1caf3e33b2c7,2026-03-13,23:50:36.58,2026-03-13T18:50:36.5869056-05:00,2026-03-13T23:50:36.5869056Z,,v3,471394,4764,,"Azemar, Hunter",10091882,Right,TEX_ISL,1062177c-9bb3-4cf2-919c-4f5747956a5b,54.56716,-133.92983,15.10825,6.22053,-1.14165,-7.46775,-0.38579,2.63947,-1.71933,,,,,,,,,,,,,,,,,,,,,,,,,,,,,,,,,,,,,,,,,,,,,,,,,,,High,High,High,,,,,,,,,,,,,,,,,,,,,,,,,,,,,,,,,,,,,,,
27,2026-03-13,18:50:52.12,1,5,"Watkins, Preston",1000188594,Right,TEX_ISL,"Leonard, Brooks",1000166243,Right,NOR_DEM,Undefined,1,Bottom,0,3,1,Undefined,Four-Seam,InPlay,Undefined,LineDrive,Single,0,0,,90.83579,-1.937849,-0.58235,2047.889978,186.398185,12:15,6.21763,0.38413,5.87666,-15.96143,18.14517,1.90473,3.08692,0.00198,82.49379,-4.9885,-0.240544,0.42033,91.24621,19.941484,-9.312577,1283.063409,108.10214,31.17179,-20.34282,262.1944,262.1944,-12.029809,2.88596,-1.15406,10.22453,-0.33819,50,6.05188,1.25841,-131.81512,-4.92632,-2.01502,30.00678,-14.32149,NOR_DEM,TEX_ISL,BrownStroudField,D1,SLAND,20260313-BrownStroudField-1,7a312720-1f37-11f1-8827-db2f8d1f1106,89.67342,33.19011,,8.342,,,,1.7531,3.555,-0.07445,99932099-0ba7-405d-b958-1caf3e33b2c7,2026-03-13,23:50:52.12,2026-03-13T18:50:52.1297920-05:00,2026-03-13T23:50:52.1297920Z,LineDrive,v3,471394,4764,,"Azemar, Hunter",10091882,Right,TEX_ISL,6944b255-662f-46f7-ac4b-0e88d6d5a3a7,54.62242,-132.86321,15.00339,6.21521,-4.42609,-7.16074,-0.38338,1.32879,-1.00751,136.549163,1.75294,124.15024,-20.45175,4.49988,-0.89729,0.14705,-0.01632,-0.00018,0.00023,3.55511,45.63956,-19.09849,1.39498,-0.23406,0.0544,-0.01536,0.00381,-0.00039,-0.07464,-20.35152,-0.92814,1.0392,-0.31866,0.06747,-0.00796,-0.00034,0.00014,,,,,,,,,,,,,,,,,,,,,,,High,High,High,High,High,,,,,,,,,,,,,,,,,,,,,,,,,,,,,,,,,,,,,
28,2026-03-13,18:51:30.43,2,1,"Watkins, Preston",1000188594,Right,TEX_ISL,"Johnson, Bryce",1000121296,Right,NOR_DEM,Undefined,1,Bottom,0,0,0,Undefined,Curveball,StrikeCalled,Undefined,Undefined,Undefined,0,0,,82.16268,0.711313,-0.054479,2560.169678,54.139181,7:45,5.92438,1.32171,4.64783,-50.3055,-6.32449,-10.91288,2.4082,0.36054,74.44606,-8.339162,-1.972205,0.477314,,,,,,,,,,,,5.50154,-3.23917,-1.30519,50,5.95038,0.57548,-119.05232,-0.46316,7.75674,26.61173,-36.74104,NOR_DEM,TEX_ISL,BrownStroudField,D1,SLAND,20260313-BrownStroudField-1,910c97e0-1f37-11f1-8827-db2f8d1f1106,78.96785,,,7.71662,,,,,,,99932099-0ba7-405d-b958-1caf3e33b2c7,2026-03-13,23:51:30.43,2026-03-13T18:51:30.4365056-05:00,2026-03-13T23:51:30.4365056Z,,v3,471394,4764,,"Azemar, Hunter",10091882,Right,TEX_ISL,52bf0de1-4ac9-435f-8f56-beb639d05d78,55.85583,-120.35416,13.30586,5.92907,1.33419,-18.37052,-1.32407,0.19602,3.87837,,,,,,,,,,,,,,,,,,,,,,,,,,,,,,,,,,,,,,,,,,,,,,,,,,,High,High,High,,,,,,,,,,,,,,,,,,,,,,,,,,,,,,,,,,,,,,,
29,2026-03-13,18:51:46.72,2,2,"Watkins, Preston",1000188594,Right,TEX_ISL,"Johnson, Bryce",1000121296,Right,NOR_DEM,Undefined,1,Bottom,0,0,1,Undefined,Curveball,InPlay,Undefined,Undefined,Error,0,0,,79.55398,1.908351,0.103241,2680.258597,15.056732,6:30,5.97346,0.81874,4.79162,-66.67724,-19.94529,-5.81114,2.22625,0.43232,72.21353,-10.046559,-0.922076,0.492015,,,,,,,,,,,,2.91567,-10.1219,-0.82359,50,6.10453,0.03836,-115.28163,1.2768,3.85169,25.10005,-45.5454,NOR_DEM,TEX_ISL,BrownStroudField,D1,SLAND,20260313-BrownStroudField-1,9ac80c60-1f37-11f1-8827-db2f8d1f1106,76.6083,,,7.34045,,,,,,,99932099-0ba7-405d-b958-1caf3e33b2c7,2026-03-13,23:51:46.72,2026-03-13T18:51:46.7251200-05:00,2026-03-13T23:51:46.7251200Z,,v3,471394,4764,,"Azemar, Hunter",10091882,Right,TEX_ISL,e63c4485-11ba-4faf-b737-37de7165b884,55.71278,-116.51882,12.55002,5.98627,3.52176,-22.7727,-0.8208,-0.1515,1.92585,,,,,,,,,,,,,,,,,,,,,,,,,,,,,,,,,,,,,,,,,,,,,,,,,,,High,High,High,,,,,,,,,,,,,,,,,,,,,,,,,,,,,,,,,,,,,,,
30,2026-03-13,18:52:33.65,3,1,"Watkins, Preston",1000188594,Right,TEX_ISL,"Marsala III, Thomas",1000096473,Left,NOR_DEM,Undefined,1,Bottom,0,0,0,Undefined,Slider,BallCalled,Undefined,Undefined,Undefined,0,0,,85.4513,0.782915,0.188721,822.448245,147.850946,11:00,5.97413,1.43421,5.7286,-24.50143,14.82969,-8.37827,4.66157,0.91179,76.35058,-3.862557,-1.310151,0.451377,,,,,,,,,,,,4.2517,7.68028,-1.44508,50,6.02475,-0.03953,-123.76227,0.93881,6.44919,29.77203,-20.5242,NOR_DEM,TEX_ISL,BrownStroudField,D1,SLAND,20260313-BrownStroudField-1,b6bdcb30-1f37-11f1-8827-db2f8d1f1106,83.50544,,,9.10072,,,,,,,99932099-0ba7-405d-b958-1caf3e33b2c7,2026-03-13,23:52:33.65,2026-03-13T18:52:33.6529408-05:00,2026-03-13T23:52:33.6529408Z,,v3,471394,4764,,"Azemar, Hunter",10091882,Right,TEX_ISL,33b9393c-2c28-4432-926d-d17380de50f0,54.76397,-124.90303,14.88602,5.97371,1.72522,-10.2621,-1.43883,-0.28664,3.22459,,,,,,,,,,,,,,,,,,,,,,,,,,,,,,,,,,,,,,,,,,,,,,,,,,,High,High,High,,,,,,,,,,,,,,,,,,,,,,,,,,,,,,,,,,,,,,,
31,2026-03-13,18:53:26.02,3,2,"Watkins, Preston",1000188594,Right,TEX_ISL,"Marsala III, Thomas",1000096473,Left,NOR_DEM,Undefined,1,Bottom,0,1,0,Undefined,Four-Seam,InPlay,Undefined,GroundBall,Single,1,2,,91.04902,-2.018899,-1.579068,2272.059885,180.526494,12:00,6.19679,0.81887,5.78385,-15.9971,18.02938,0.15524,2.98385,-0.6377,82.85042,-5.064574,-1.551277,0.419836,,,,,,,,,,,,-0.54256,10.13489,-0.68875,50,6.02078,3.63422,-132.07705,-5.13663,-0.95329,29.51844,-14.36613,NOR_DEM,TEX_ISL,BrownStroudField,D1,SLAND,20260313-BrownStroudField-1,d5edcd70-1f37-11f1-8827-db2f8d1f1106,89.77891,,,8.1986,,,,,,,99932099-0ba7-405d-b958-1caf3e33b2c7,2026-03-13,23:53:26.02,2026-03-13T18:53:26.0272640-05:00,2026-03-13T23:53:26.0272640Z,,v3,471394,4764,,"Azemar, Hunter",10091882,Right,TEX_ISL,95405343-3c5c-4d36-b355-fc362fbfb5cb,54.71516,-133.12669,14.75922,6.19435,-4.62579,-7.18306,-0.81858,3.66811,-0.47665,,,,,,,,,,,,,,,,,,,,,,,,,,,,,,,,,,,,,,,,,,,,,,,,,,,High,High,High,,,,,,,,,,,,,,,,,,,,,,,,,,,,,,,,,,,,,,,
32,2026-03-13,18:54:20.21,4,1,"Watkins, Preston",1000188594,Right,TEX_ISL,"Siervo, Joe",1000090286,Right,NOR_DEM,Undefined,1,Bottom,1,0,0,Undefined,Four-Seam,StrikeCalled,Undefined,Undefined,Undefined,0,0,,92.59541,-3.865893,-1.188216,2337.452828,193.791267,12:30,6.24566,0.51383,5.98776,-12.51894,20.14663,4.6776,1.61319,-0.1978,84.47646,-6.27897,-0.347305,0.411355,,,,,,,,,,,,-2.74583,11.79249,-0.42266,50,5.93325,2.58141,-134.19579,-9.39779,-4.99233,29.8445,-10.73367,NOR_DEM,TEX_ISL,BrownStroudField,D1,SLAND,20260313-BrownStroudField-1,f63c5f10-1f37-11f1-8827-db2f8d1f1106,91.63003,,,8.11895,,,,,,,99932099-0ba7-405d-b958-1caf3e33b2c7,2026-03-13,23:54:20.21,2026-03-13T18:54:20.2193920-05:00,2026-03-13T23:54:20.2193920Z,,v3,471394,4764,,"Azemar, Hunter",10091882,Right,TEX_ISL,d302f7b5-b672-4145-9a47-23e91c14190c,54.51142,-135.19538,14.92225,6.24199,-9.03828,-5.36684,-0.51192,2.74862,-2.49616,,,,,,,,,,,,,,,,,,,,,,,,,,,,,,,,,,,,,,,,,,,,,,,,,,,High,High,High,,,,,,,,,,,,,,,,,,,,,,,,,,,,,,,,,,,,,,,
33,2026-03-13,18:54:35.96,4,2,"Watkins, Preston",1000188594,Right,TEX_ISL,"Siervo, Joe",1000090286,Right,NOR_DEM,Undefined,1,Bottom,1,0,1,Undefined,Slider,StrikeSwinging,Undefined,Undefined,Undefined,0,0,,84.02378,-1.575871,-0.774365,2710.637133,77.465601,8:30,5.91616,0.76075,4.91705,-43.00868,-1.13539,-12.07552,0.84158,-0.97777,76.0296,-9.348108,-2.908168,0.465736,,,,,,,,,,,,5.74248,0.36732,-0.67444,50,5.7265,2.17805,-121.62352,-5.00174,8.41961,28.55718,-31.63548,NOR_DEM,TEX_ISL,BrownStroudField,D1,SLAND,20260313-BrownStroudField-1,ff9f7a60-1f37-11f1-8827-db2f8d1f1106,80.93088,,,7.99419,,,,,,,99932099-0ba7-405d-b958-1caf3e33b2c7,2026-03-13,23:54:35.96,2026-03-13T18:54:35.9621632-05:00,2026-03-13T23:54:35.9621632Z,,v3,471394,4764,,"Azemar, Hunter",10091882,Right,TEX_ISL,3f48b494-ea06-4326-8149-ace41c08dfa9,55.58225,-122.92724,14.27859,5.92188,-3.55748,-15.81774,-0.7651,1.79367,4.2098,,,,,,,,,,,,,,,,,,,,,,,,,,,,,,,,,,,,,,,,,,,,,,,,,,,High,High,High,,,,,,,,,,,,,,,,,,,,,,,,,,,,,,,,,,,,,,,
34,2026-03-13,18:54:54.60,4,3,"Watkins, Preston",1000188594,Right,TEX_ISL,"Siervo, Joe",1000090286,Right,NOR_DEM,Undefined,1,Bottom,1,0,2,Undefined,Curveball,BallinDirt,Undefined,Undefined,Undefined,0,0,,83.21847,-2.892242,-2.097564,2691.32928,61.481079,8:00,6.06016,0.64137,5.38134,-47.60432,-5.90426,-13.42481,-0.62221,-2.44452,76.47585,-11.448977,-4.491464,0.464772,,,,,,,,,,,,6.23678,-1.85551,-0.44341,50,5.76669,4.94691,-120.55582,-7.79429,9.05111,26.47517,-34.86682,NOR_DEM,TEX_ISL,BrownStroudField,D1,SLAND,20260313-BrownStroudField-1,0abbde70-1f38-11f1-8827-db2f8d1f1106,81.09884,,,6.74262,,,,,,,99932099-0ba7-405d-b958-1caf3e33b2c7,2026-03-13,23:54:54.60,2026-03-13T18:54:54.6003968-05:00,2026-03-13T23:54:54.6003968Z,,v3,471394,4764,,"Azemar, Hunter",10091882,Right,TEX_ISL,696bd72a-0eee-42a9-98ba-df178be39506,55.12206,-121.67547,13.23758,6.06514,-6.31975,-17.43341,-0.64452,4.56413,4.52555,,,,,,,,,,,,,,,,,,,,,,,,,,,,,,,,,,,,,,,,,,,,,,,,,,,High,High,High,,,,,,,,,,,,,,,,,,,,,,,,,,,,,,,,,,,,,,,
35,2026-03-13,18:55:15.03,4,4,"Watkins, Preston",1000188594,Right,TEX_ISL,"Siervo, Joe",1000090286,Right,NOR_DEM,Undefined,1,Bottom,1,1,2,Undefined,Curveball,BallCalled,Undefined,Undefined,Undefined,0,0,,79.11221,1.801857,1.193524,2553.524346,21.295752,6:45,6.02091,0.63894,4.70155,-67.84464,-20.46092,-8.6276,2.07859,1.05312,71.9107,-10.333599,-0.326505,0.495434,,,,,,,,,,,,4.63977,-10.22894,-0.75161,50,6.14153,-2.01874,-114.62427,0.97088,6.06611,24.60578,-45.54759,NOR_DEM,TEX_ISL,BrownStroudField,D1,SLAND,20260313-BrownStroudField-1,16f3ebb0-1f38-11f1-8827-db2f8d1f1106,76.07959,,,7.20151,,,,,,,99932099-0ba7-405d-b958-1caf3e33b2c7,2026-03-13,23:55:15.03,2026-03-13T18:55:15.0335488-05:00,2026-03-13T23:55:15.0335488Z,,v3,471394,4764,,"Azemar, Hunter",10091882,Right,TEX_ISL,97232796-4a06-42fe-97bb-988b90082dad,55.8031,-115.86329,12.30289,6.0349,3.26443,-22.77379,-0.64226,-2.3242,3.03306,,,,,,,,,,,,,,,,,,,,,,,,,,,,,,,,,,,,,,,,,,,,,,,,,,,High,High,High,,,,,,,,,,,,,,,,,,,,,,,,,,,,,,,,,,,,,,,
36,2026-03-13,18:55:32.94,4,5,"Watkins, Preston",1000188594,Right,TEX_ISL,"Siervo, Joe",1000090286,Right,NOR_DEM,Undefined,1,Bottom,1,2,2,Undefined,Four-Seam,StrikeSwinging,Strikeout,Undefined,Undefined,0,0,,91.74042,-1.896933,-1.249423,2409.648652,195.820241,12:30,6.18969,0.29172,6.1864,-13.63965,19.24111,5.15048,3.30045,-0.43293,83.68853,-4.53301,-0.32011,0.412707,,,,,,,,,,,,-3.02772,10.8317,-0.20003,50,6.03953,2.69217,-133.24084,-4.76827,-5.43066,29.23157,-12.74588,NOR_DEM,TEX_ISL,BrownStroudField,D1,SLAND,20260313-BrownStroudField-1,21970110-1f38-11f1-8827-db2f8d1f1106,91.32968,,,8.05189,,,,,,,99932099-0ba7-405d-b958-1caf3e33b2c7,2026-03-13,23:55:32.94,2026-03-13T18:55:32.9480000-05:00,2026-03-13T23:55:32.9480000Z,,v3,471394,4764,,"Azemar, Hunter",10091882,Right,TEX_ISL,4ffd72ed-50ad-44f5-ad56-b28ee3e41933,54.31314,-134.18375,14.61578,6.18671,-4.35713,-6.37294,-0.2897,2.86734,-2.71533,,,,,,,,,,,,,,,,,,,,,,,,,,,,,68.65475,2.876823,1.890202,0.986621,0.30084,3.21131,0.43897,-0.63159,5.77143,-0.40069,67.49032,7.78235,-57.32904,-0.62207,72.38929,-3.39841,5.81702,16.53801,-14.74142,-0.494,-66.5862,9.09979,High,High,High,,,High,Medium,Medium,,,,,,,,,,,,,,,,,,,,,,,,,,,,,,,,,,
37,2026-03-13,18:56:01.51,5,1,"Watkins, Preston",1000188594,Right,TEX_ISL,"Rains, Colin",1000379017,Right,NOR_DEM,Undefined,1,Bottom,2,0,0,Undefined,Four-Seam,StrikeCalled,Undefined,Undefined,Undefined,0,0,,91.4662,-3.287805,-1.113522,2346.327024,189.5859,12:15,6.17319,0.52081,5.89678,-13.64095,19.98351,3.18264,1.98006,-0.24791,83.2626,-5.909699,-0.542308,0.417349,,,,,,,,,,,,-1.95146,11.52442,-0.433,50,5.90046,2.43823,-132.58443,-7.98554,-3.45646,29.65365,-11.76165,NOR_DEM,TEX_ISL,BrownStroudField,D1,SLAND,20260313-BrownStroudField-1,329b6370-1f38-11f1-8827-db2f8d1f1106,90.31401,,,8.2036,,,,,,,99932099-0ba7-405d-b958-1caf3e33b2c7,2026-03-13,23:56:01.51,2026-03-13T18:56:01.5154688-05:00,2026-03-13T23:56:01.5154688Z,,v3,471394,4764,,"Azemar, Hunter",10091882,Right,TEX_ISL,f0b503ab-b075-481e-ad74-57a9d16134b6,54.60143,-133.60962,14.82682,6.16951,-7.57892,-5.88083,-0.51936,2.55773,-1.72823,,,,,,,,,,,,,,,,,,,,,,,,,,,,,,,,,,,,,,,,,,,,,,,,,,,High,High,High,,,,,,,,,,,,,,,,,,,,,,,,,,,,,,,,,,,,,,,
38,2026-03-13,18:56:15.39,5,2,"Watkins, Preston",1000188594,Right,TEX_ISL,"Rains, Colin",1000379017,Right,NOR_DEM,Undefined,1,Bottom,2,0,1,Undefined,Four-Seam,BallCalled,Undefined,Undefined,Undefined,0,0,,91.73571,-1.990343,-2.090477,2414.144948,186.097903,12:15,6.12686,0.42391,5.87832,-12.87119,20.61761,2.08036,3.20378,-1.3451,83.21516,-4.486816,-1.717644,0.416506,,,,,,,,,,,,-1.71551,11.56469,-0.25621,50,5.95884,4.76969,-133.06323,-4.97773,-3.04897,30.87413,-11.62032,NOR_DEM,TEX_ISL,BrownStroudField,D1,SLAND,20260313-BrownStroudField-1,3adfc850-1f38-11f1-8827-db2f8d1f1106,90.49675,,,8.52055,,,,,,,99932099-0ba7-405d-b958-1caf3e33b2c7,2026-03-13,23:56:15.39,2026-03-13T18:56:15.3986560-05:00,2026-03-13T23:56:15.3986560Z,,v3,471394,4764,,"Azemar, Hunter",10091882,Right,TEX_ISL,e8eee245-7f92-4e7d-9698-d4ddd792debf,54.62248,-134.13148,15.43706,6.12411,-4.57567,-5.81016,-0.42306,4.87519,-1.52449,,,,,,,,,,,,,,,,,,,,,,,,,,,,,,,,,,,,,,,,,,,,,,,,,,,High,High,High,,,,,,,,,,,,,,,,,,,,,,,,,,,,,,,,,,,,,,,
39,2026-03-13,18:56:29.80,5,3,"Watkins, Preston",1000188594,Right,TEX_ISL,"Rains, Colin",1000379017,Right,NOR_DEM,Undefined,1,Bottom,2,1,1,Undefined,Curveball,BallCalled,Undefined,Undefined,Undefined,0,0,,82.81144,-1.089873,-1.204457,2513.978849,50.84638,7:45,5.90709,0.90903,4.69998,-51.64196,-8.24497,-12.05166,0.56862,-1.23884,75.22791,-10.332355,-3.327221,0.474134,,,,,,,,,,,,5.57323,-3.35933,-0.77529,50,5.74974,3.05111,-119.8931,-4.32072,7.94666,27.58932,-36.96398,NOR_DEM,TEX_ISL,BrownStroudField,D1,SLAND,20260313-BrownStroudField-1,437c8660-1f38-11f1-8827-db2f8d1f1106,79.49742,,,7.58354,,,,,,,99932099-0ba7-405d-b958-1caf3e33b2c7,2026-03-13,23:56:29.80,2026-03-13T18:56:29.8051072-05:00,2026-03-13T23:56:29.8051072Z,,v3,471394,4764,,"Azemar, Hunter",10091882,Right,TEX_ISL,fd15c44e-7c0d-4470-a132-1bbb9e647d83,55.8015,-121.22077,13.79466,5.91487,-2.54192,-18.48199,-0.91291,2.6687,3.97333,,,,,,,,,,,,,,,,,,,,,,,,,,,,,,,,,,,,,,,,,,,,,,,,,,,High,High,High,,,,,,,,,,,,,,,,,,,,,,,,,,,,,,,,,,,,,,,
40,2026-03-13,18:56:44.95,5,4,"Watkins, Preston",1000188594,Right,TEX_ISL,"Rains, Colin",1000379017,Right,NOR_DEM,Undefined,1,Bottom,2,2,1,Undefined,Four-Seam,StrikeSwinging,Undefined,Undefined,Undefined,0,0,,91.14289,-2.483901,-1.261624,2404.805716,188.357964,12:15,6.09965,0.35663,5.3525,-14.97123,19.36997,2.68433,2.52033,-0.60316,83.35689,-5.313571,-0.784783,0.421773,,,,,,,,,,,,-1.69335,10.7341,-0.24509,50,5.86569,2.78725,-132.16896,-6.20952,-2.99907,27.8384,-13.16289,NOR_DEM,TEX_ISL,BrownStroudField,D1,SLAND,20260313-BrownStroudField-1,4c8e2650-1f38-11f1-8827-db2f8d1f1106,89.36658,,,7.78599,,,,,,,99932099-0ba7-405d-b958-1caf3e33b2c7,2026-03-13,23:56:44.95,2026-03-13T18:56:44.9517568-05:00,2026-03-13T23:56:44.9517568Z,,v3,471394,4764,,"Azemar, Hunter",10091882,Right,TEX_ISL,86b375c7-1bae-4614-b40b-8c303df107e2,55.14643,-133.24853,13.9192,6.0966,-5.69907,-6.58145,-0.35543,2.90356,-1.49953,,,,,,,,,,,,,,,,,,,,,,,,,,,,,,,,,,,,,,,,,,,,,,,,,,,High,High,High,,,,,,,,,,,,,,,,,,,,,,,,,,,,,,,,,,,,,,,
41,2026-03-13,18:57:01.85,5,5,"Watkins, Preston",1000188594,Right,TEX_ISL,"Rains, Colin",1000379017,Right,NOR_DEM,Undefined,1,Bottom,2,2,2,Undefined,Four-Seam,BallCalled,Undefined,Undefined,Undefined,0,0,,91.36704,-3.07915,-3.154851,2323.28187,194.940201,12:30,6.16834,0.40414,6.671,-14.66146,17.95442,4.51107,2.12243,-2.10924,83.59808,-5.908578,-2.335093,0.411042,,,,,,,,,,,,-3.24878,10.6356,-0.19422,50,5.95525,7.12754,-132.51731,-7.48843,-5.77539,28.39377,-13.26707,NOR_DEM,TEX_ISL,BrownStroudField,D1,SLAND,20260313-BrownStroudField-1,5698a530-1f38-11f1-8827-db2f8d1f1106,91.69976,,,7.76896,,,,,,,99932099-0ba7-405d-b958-1caf3e33b2c7,2026-03-13,23:57:01.85,2026-03-13T18:57:01.8585600-05:00,2026-03-13T23:57:01.8585600Z,,v3,471394,4764,,"Azemar, Hunter",10091882,Right,TEX_ISL,35678055-55a0-437f-9b2c-5129b2572cea,53.82786,-133.33496,14.19688,6.16539,-7.10638,-6.63353,-0.40186,7.29385,-2.8877,,,,,,,,,,,,,,,,,,,,,,,,,,,,,,,,,,,,,,,,,,,,,,,,,,,High,High,High,,,,,,,,,,,,,,,,,,,,,,,,,,,,,,,,,,,,,,,
42,2026-03-13,18:57:19.70,5,6,"Watkins, Preston",1000188594,Right,TEX_ISL,"Rains, Colin",1000379017,Right,NOR_DEM,Undefined,1,Bottom,2,3,2,Undefined,Four-Seam,InPlay,Undefined,GroundBall,Out,1,0,,91.1219,-3.268075,-1.318277,2366.856759,187.333732,12:15,6.11274,0.38075,5.81761,-13.71387,20.17501,2.45268,1.92716,-0.6408,83.1781,-5.894889,-0.878808,0.418986,91.02254,-5.475658,6.899444,,,,,25.11118,20.05544,9.102925,0.185066,-1.6428,11.61851,-0.27435,50,5.83701,2.93687,-132.13389,-7.93559,-2.89629,28.884,-11.69015,NOR_DEM,TEX_ISL,BrownStroudField,D1,SLAND,20260313-BrownStroudField-1,6131f690-1f38-11f1-8827-db2f8d1f1106,89.961,2.67563,,7.94379,,,,1.03613,2.67563,0.85608,99932099-0ba7-405d-b958-1caf3e33b2c7,2026-03-13,23:57:19.70,2026-03-13T18:57:19.7012480-05:00,2026-03-13T23:57:19.7012480Z,GroundBall,v3,471394,4764,,"Azemar, Hunter",10091882,Right,TEX_ISL,514e6efd-6321-47e5-bf9c-0b7894678438,54.68298,-133.15364,14.442,6.10989,-7.52287,-5.84508,-0.37984,3.03912,-1.44814,236.599546,1.03714,131.85611,-18.84083,,,,,,,2.6756,-12.73645,-9.29898,,,,,,,0.85566,15.99381,4.60275,,,,,,,,,,,,,,,,,,,,,,,,,,,,,High,High,High,High,High,,,,,,,,,,,,,,,,,,,,,,,,,,,,,,,,,,,,,
43,2026-03-13,18:59:39.39,1,1,"Trosclair, Brody",10124039,Left,NOR_DEM,"Smith-Johnson, Christian",1000093678,Right,TEX_ISL,Undefined,2,Top,0,0,0,Undefined,Slider,BallCalled,Undefined,Undefined,Undefined,0,0,,81.57864,-0.559504,2.290149,2994.47904,294.407922,3:45,5.50361,-2.13718,6.69664,-42.9188,-1.81327,7.02181,1.41498,0.54333,74.52836,-8.562849,3.570329,0.461447,,,,,,,,,,,,-3.01673,-0.43165,1.98216,50,5.44968,-4.97739,-118.54259,-2.37414,-4.23854,25.32713,-32.78051,NOR_DEM,TEX_ISL,BrownStroudField,D1,SLAND,20260313-BrownStroudField-1,b47f0950-1f38-11f1-8827-db2f8d1f1106,81.6832,,,7.05027,,,,,,,99932099-0ba7-405d-b958-1caf3e33b2c7,2026-03-13,23:59:39.39,2026-03-13T18:59:39.3997824-05:00,2026-03-13T23:59:39.3997824Z,,v3,471394,4764,,"Huerta, Sebastian",1000220704,Right,NOR_DEM,aeb3a48b-941f-49b7-825d-9acc0d63a514,53.80465,-119.3527,12.66357,5.50885,-1.32562,-16.39026,2.1392,-4.84181,-2.11927,,,,,,,,,,,,,,,,,,,,,,,,,,,,,,,,,,,,,,,,,,,,,,,,,,,High,High,High,,,,,,,,,,,,,,,,,,,,,,,,,,,,,,,,,,,,,,,
44,2026-03-13,18:59:59.03,1,2,"Trosclair, Brody",10124039,Left,NOR_DEM,"Smith-Johnson, Christian",1000093678,Right,TEX_ISL,Undefined,2,Top,0,1,0,Undefined,Slider,BallCalled,Undefined,Undefined,Undefined,0,0,,80.59421,-0.17658,2.485144,2895.750812,307.372196,4:15,5.39729,-2.25076,6.65544,-44.10841,-2.01272,4.4439,1.55983,0.39533,73.73475,-8.39609,3.294395,0.466971,,,,,,,,,,,,-1.59516,-0.64457,2.08188,50,5.36787,-5.23209,-117.11219,-1.60844,-2.19318,24.18565,-33.06027,NOR_DEM,TEX_ISL,BrownStroudField,D1,SLAND,20260313-BrownStroudField-1,c0327d40-1f38-11f1-8827-db2f8d1f1106,80.71681,,,6.85945,,,,,,,99932099-0ba7-405d-b958-1caf3e33b2c7,2026-03-13,23:59:59.03,2026-03-13T18:59:59.0321664-05:00,2026-03-13T23:59:59.0321664Z,,v3,471394,4764,,"Huerta, Sebastian",1000220704,Right,NOR_DEM,9f0e4bc1-9573-497c-89ad-0edde4e6ec70,53.84589,-117.90376,12.09282,5.40281,-0.52641,-16.53014,2.25194,-5.16031,-1.09659,,,,,,,,,,,,,,,,,,,,,,,,,,,,,,,,,,,,,,,,,,,,,,,,,,,High,High,High,,,,,,,,,,,,,,,,,,,,,,,,,,,,,,,,,,,,,,,
45,2026-03-13,19:00:17.12,1,3,"Trosclair, Brody",10124039,Left,NOR_DEM,"Smith-Johnson, Christian",1000093678,Right,TEX_ISL,Undefined,2,Top,0,2,0,Undefined,Slider,StrikeCalled,Undefined,Undefined,Undefined,0,0,,82.01905,1.160886,2.302951,2450.397082,299.192724,4:00,5.3148,-2.45696,6.70501,-41.65916,-1.22843,4.50008,2.90562,0.0248,74.98926,-6.632574,3.122321,0.457643,,,,,,,,,,,,-1.68532,-0.55024,2.30255,50,5.37637,-4.95226,-119.18948,1.21264,-2.4112,24.06962,-32.96129,NOR_DEM,TEX_ISL,BrownStroudField,D1,SLAND,20260313-BrownStroudField-1,cb03ce90-1f38-11f1-8827-db2f8d1f1106,82.36202,,,7.02979,,,,,,,99932099-0ba7-405d-b958-1caf3e33b2c7,2026-03-14,00:00:17.12,2026-03-13T19:00:17.1272192-05:00,2026-03-14T00:00:17.1272192Z,,v3,471394,4764,,"Huerta, Sebastian",1000220704,Right,NOR_DEM,64203d83-05a7-41e6-a50a-e291f65fa0d5,53.7948,-119.95337,12.03481,5.32129,2.25872,-16.48064,2.4585,-4.87574,-1.2056,,,,,,,,,,,,,,,,,,,,,,,,,,,,,,,,,,,,,,,,,,,,,,,,,,,High,High,High,,,,,,,,,,,,,,,,,,,,,,,,,,,,,,,,,,,,,,,
46,2026-03-13,19:00:33.90,1,4,"Trosclair, Brody",10124039,Left,NOR_DEM,"Smith-Johnson, Christian",1000093678,Right,TEX_ISL,Undefined,2,Top,0,2,1,Undefined,Slider,BallCalled,Undefined,Undefined,Undefined,0,0,,81.33712,1.618514,0.702857,3132.098482,292.618147,3:45,5.2427,-2.48115,7.10557,-42.16124,-1.67677,7.15485,3.19827,-1.24716,74.2152,-6.34098,2.017421,0.457948,,,,,,,,,,,,-3.57843,-0.88303,2.43801,50,5.32719,-1.69304,-118.31892,2.2136,-5.03698,24.06055,-33.41702,NOR_DEM,TEX_ISL,BrownStroudField,D1,SLAND,20260313-BrownStroudField-1,d5065e30-1f38-11f1-8827-db2f8d1f1106,82.30733,,,7.12192,,,,,,,99932099-0ba7-405d-b958-1caf3e33b2c7,2026-03-14,00:00:33.90,2026-03-13T19:00:33.9085824-05:00,2026-03-14T00:00:33.9085824Z,,v3,471394,4764,,"Huerta, Sebastian",1000220704,Right,NOR_DEM,95a20a85-4967-493c-96e7-543f12ec464c,53.39355,-119.00701,12.03027,5.25022,3.16926,-16.70851,2.48436,-1.549,-2.51849,,,,,,,,,,,,,,,,,,,,,,,,,,,,,,,,,,,,,,,,,,,,,,,,,,,High,High,High,,,,,,,,,,,,,,,,,,,,,,,,,,,,,,,,,,,,,,,
47,2026-03-13,19:00:52.46,1,5,"Trosclair, Brody",10124039,Left,NOR_DEM,"Smith-Johnson, Christian",1000093678,Right,TEX_ISL,Undefined,2,Top,0,3,1,Undefined,Four-Seam,StrikeCalled,Undefined,Undefined,Undefined,0,0,,92.1903,-2.860905,3.378859,2568.456523,148.541233,11:00,5.64678,-2.0626,6.93005,-13.17379,18.9167,-10.86674,1.93774,0.11147,83.27272,-5.460892,1.394413,0.407718,,,,,,,,,,,,6.82981,11.29749,1.85434,50,5.46241,-7.47129,-133.63737,-6.95244,12.18556,32.40078,-12.01741,NOR_DEM,TEX_ISL,BrownStroudField,D1,SLAND,20260313-BrownStroudField-1,e00c7b20-1f38-11f1-8827-db2f8d1f1106,92.44742,,,8.91758,,,,,,,99932099-0ba7-405d-b958-1caf3e33b2c7,2026-03-14,00:00:52.46,2026-03-13T19:00:52.4652032-05:00,2026-03-14T00:00:52.4652032Z,,v3,471394,4764,,"Huerta, Sebastian",1000220704,Right,NOR_DEM,040e5960-662e-48f1-87bd-8c6aaa4a9598,53.568,-134.49966,16.20039,5.64318,-6.63262,-6.00871,2.05749,-7.79558,6.09278,,,,,,,,,,,,,,,,,,,,,,,,,,,,,,,,,,,,,,,,,,,,,,,,,,,High,High,High,,,,,,,,,,,,,,,,,,,,,,,,,,,,,,,,,,,,,,,
48,2026-03-13,19:01:07.50,1,6,"Trosclair, Brody",10124039,Left,NOR_DEM,"Smith-Johnson, Christian",1000093678,Right,TEX_ISL,Undefined,2,Top,0,3,2,Undefined,Slider,FoulBallNotFieldable,Undefined,Undefined,Undefined,0,0,,81.31074,1.241009,1.88527,2961.061306,314.407421,4:30,5.3523,-2.15955,6.15474,-46.10613,-3.97453,5.46827,2.65751,0.0386,74.174,-7.286194,2.871444,0.467171,,,,,,,,,,,,-2.26854,-2.06799,2.01346,50,5.42301,-4.08803,-118.08293,1.10626,-3.17418,24.37627,-35.06762,NOR_DEM,TEX_ISL,BrownStroudField,D1,SLAND,20260313-BrownStroudField-1,e90ba480-1f38-11f1-8827-db2f8d1f1106,80.68238,,,7.13674,,,,,,,99932099-0ba7-405d-b958-1caf3e33b2c7,2026-03-14,00:01:07.50,2026-03-13T19:01:07.5069440-05:00,2026-03-14T00:01:07.5069440Z,,v3,471394,4764,,"Huerta, Sebastian",1000220704,Right,NOR_DEM,052cf9cd-50dd-49ab-b6bc-e3ce6fc21bfa,54.34662,-118.97683,12.18813,5.35886,2.39222,-17.53381,2.16124,-3.97163,-1.58709,,,,,,,,,,,,,,,,,,,,,,,,,,,,,,,,,,,,,,,,,,,,,,,,,,,High,High,High,,,,,,,,,,,,,,,,,,,,,,,,,,,,,,,,,,,,,,,
49,2026-03-13,19:01:28.37,1,7,"Trosclair, Brody",10124039,Left,NOR_DEM,"Smith-Johnson, Christian",1000093678,Right,TEX_ISL,Undefined,2,Top,0,3,2,Undefined,Slider,StrikeCalled,Strikeout,Undefined,Undefined,0,0,,80.30209,1.569897,0.563262,3044.274401,274.606315,3:15,5.36088,-2.46777,7.30986,-40.37132,0.25039,10.84749,3.41583,-1.05475,74.30344,-6.057665,2.563638,0.458723,,,,,,,,,,,,-5.67363,0.15713,2.43455,50,5.43849,-1.48804,-117.00388,2.20624,-7.92631,20.46525,-31.95453,NOR_DEM,TEX_ISL,BrownStroudField,D1,SLAND,20260313-BrownStroudField-1,f574acd0-1f38-11f1-8827-db2f8d1f1106,82.16821,,,5.99865,,,,,,,99932099-0ba7-405d-b958-1caf3e33b2c7,2026-03-14,00:01:28.37,2026-03-13T19:01:28.3787264-05:00,2026-03-14T00:01:28.3787264Z,,v3,471394,4764,,"Huerta, Sebastian",1000220704,Right,NOR_DEM,2d4095c1-2198-4a62-bee2-44fe0b461eb4,53.19164,-117.56081,10.23262,5.36661,3.07582,-15.97727,2.47211,-1.27235,-3.96316,,,,,,,,,,,,,,,,,,,,,,,,,,,,,,,,,,,,,,,,,,,,,,,,,,,High,High,High,,,,,,,,,,,,,,,,,,,,,,,,,,,,,,,,,,,,,,,
50,2026-03-13,19:01:57.03,2,1,"Trosclair, Brody",10124039,Left,NOR_DEM,"Azemar, Hunter",10091882,Right,TEX_ISL,Undefined,2,Top,1,0,0,Undefined,Four-Seam,BallCalled,Undefined,Undefined,Undefined,0,0,,92.93163,-2.580877,3.923195,2676.688752,144.1484,10:45,5.7582,-1.83637,6.53486,-15.38028,16.31737,-11.05481,2.10196,0.84669,84.95159,-5.535111,1.921322,0.405214,,,,,,,,,,,,6.90626,9.59611,1.56838,50,5.57183,-8.80061,-134.74471,-6.49498,12.69545,29.31431,-14.53401,NOR_DEM,TEX_ISL,BrownStroudField,D1,SLAND,20260313-BrownStroudField-1,0684a7f0-1f39-11f1-8827-db2f8d1f1106,93.01854,,,7.98004,,,,,,,99932099-0ba7-405d-b958-1caf3e33b2c7,2026-03-14,00:01:57.03,2026-03-13T19:01:57.0319360-05:00,2026-03-14T00:01:57.0319360Z,,v3,471394,4764,,"Huerta, Sebastian",1000220704,Right,NOR_DEM,a90aaa59-7030-484c-99b4-ac21753d0121,53.96563,-135.60471,14.65716,5.75612,-6.06859,-7.267,1.83203,-9.17306,6.34773,,,,,,,,,,,,,,,,,,,,,,,,,,,,,,,,,,,,,,,,,,,,,,,,,,,High,High,High,,,,,,,,,,,,,,,,,,,,,,,,,,,,,,,,,,,,,,,
51,2026-03-13,19:02:11.19,2,2,"Trosclair, Brody",10124039,Left,NOR_DEM,"Azemar, Hunter",10091882,Right,TEX_ISL,Undefined,2,Top,1,1,0,Undefined,Curveball,InPlay,Undefined,FlyBall,Single,0,0,,79.29525,1.013843,2.406571,2885.240493,279.077019,3:15,5.20589,-2.4349,6.78515,-43.06786,-0.47441,10.32276,2.54336,0.62361,73.53823,-7.016759,4.288088,0.469724,77.64313,24.933019,-27.95194,1766.232031,94.75218,34.80979,-55.87508,247.07689,133.63832,-34.150946,3.107431,-4.88693,-0.18441,2.27484,50,5.25566,-5.1783,-115.40201,0.88518,-6.63655,20.063,-32.42446,NOR_DEM,TEX_ISL,BrownStroudField,D1,SLAND,20260313-BrownStroudField-1,0efe74b0-1f39-11f1-8827-db2f8d1f1106,80.24379,36.03932,,5.75703,,,,1.77487,2.08568,-0.41441,99932099-0ba7-405d-b958-1caf3e33b2c7,2026-03-14,00:02:11.19,2026-03-13T19:02:11.1996416-05:00,2026-03-14T00:02:11.1996416Z,LineDrive,v3,471394,4764,,"Huerta, Sebastian",1000220704,Right,NOR_DEM,4d11a5b1-e556-4798-8b87-cf1e1284e332,53.71798,-116.04659,10.0315,5.21048,1.92691,-16.21223,2.43778,-4.96508,-3.31827,128.218833,1.77468,91.222,-13.23906,2.59888,-0.51334,0.10633,-0.02858,0.0055,-0.00041,2.0858,48.00233,-18.55558,1.39853,-0.27203,0.05432,-0.00733,0.00133,-0.00018,-0.41435,-48.40678,1.37088,-0.11719,0.18476,-0.13882,0.05092,-0.00952,0.00071,,,,,,,,,,,,,,,,,,,,,,,High,High,High,High,Low,,,,,,,,,,,,,,,,,,,,,,,,,,,,,,,,,,,,,
52,2026-03-13,19:02:47.56,3,1,"Trosclair, Brody",10124039,Left,NOR_DEM,"Cassie, Noah",10971528,Right,TEX_ISL,Undefined,2,Top,1,0,0,Undefined,Slider,StrikeCalled,Undefined,Undefined,Undefined,0,0,,80.11465,0.073021,1.715778,2983.999018,263.427859,2:45,5.25618,-2.46971,6.90965,-38.91227,2.40547,11.36642,2.08003,0.04058,74.62571,-7.198965,3.795204,0.462636,,,,,,,,,,,,-5.65874,1.60437,2.3584,50,5.24719,-3.85454,-116.70833,-0.87348,-7.89401,19.61332,-29.93594,NOR_DEM,TEX_ISL,BrownStroudField,D1,SLAND,20260313-BrownStroudField-1,24acd720-1f39-11f1-8827-db2f8d1f1106,81.47317,,,5.48893,,,,,,,99932099-0ba7-405d-b958-1caf3e33b2c7,2026-03-14,00:02:47.56,2026-03-13T19:02:47.5620352-05:00,2026-03-14T00:02:47.5620352Z,,v3,471394,4764,,"Huerta, Sebastian",1000220704,Right,NOR_DEM,d21d07b2-f25c-4cd6-8b02-2b684d8b5c02,53.59321,-117.31063,9.80666,5.2599,0.04581,-14.96797,2.47304,-3.61213,-3.947,,,,,,,,,,,,,,,,,,,,,,,,,,,,,,,,,,,,,,,,,,,,,,,,,,,High,High,High,,,,,,,,,,,,,,,,,,,,,,,,,,,,,,,,,,,,,,,
53,2026-03-13,19:03:05.52,3,2,"Trosclair, Brody",10124039,Left,NOR_DEM,"Cassie, Noah",10971528,Right,TEX_ISL,Undefined,2,Top,1,0,1,Undefined,Four-Seam,BallCalled,Undefined,Undefined,Undefined,0,0,,92.00715,-1.848162,4.215179,2634.45621,145.465039,10:45,5.58659,-1.98844,6.92361,-15.62363,16.16229,-10.4376,2.59674,0.98659,84.22713,-4.86878,2.312502,0.405778,,,,,,,,,,,,6.72752,9.42587,1.72745,50,5.46471,-9.45517,-133.52365,-4.69332,12.16317,28.3554,-15.13236,NOR_DEM,TEX_ISL,BrownStroudField,D1,SLAND,20260313-BrownStroudField-1,2f567c30-1f39-11f1-8827-db2f8d1f1106,92.8892,,,7.78002,,,,,,,99932099-0ba7-405d-b958-1caf3e33b2c7,2026-03-14,00:03:05.52,2026-03-13T19:03:05.5241216-05:00,2026-03-14T00:03:05.5241216Z,,v3,471394,4764,,"Huerta, Sebastian",1000220704,Right,NOR_DEM,e579acf1-660d-4248-8ada-311c37dd052c,53.57719,-134.28116,14.1777,5.5847,-4.28906,-7.56618,1.98438,-9.78011,6.08158,,,,,,,,,,,,,,,,,,,,,,,,,,,,,,,,,,,,,,,,,,,,,,,,,,,High,High,High,,,,,,,,,,,,,,,,,,,,,,,,,,,,,,,,,,,,,,,
54,2026-03-13,19:03:24.94,3,3,"Trosclair, Brody",10124039,Left,NOR_DEM,"Cassie, Noah",10971528,Right,TEX_ISL,Undefined,2,Top,1,1,1,Undefined,Slider,StrikeSwinging,Undefined,Undefined,Undefined,0,0,,79.35011,0.819292,2.538488,2987.444008,288.722854,3:30,5.20635,-2.53692,6.22827,-47.21294,-3.3113,13.72044,2.02864,0.95007,73.02669,-7.889794,5.013263,0.476883,,,,,,,,,,,,-6.42949,-1.59524,2.34043,50,5.24415,-5.59302,-115.29168,0.22376,-8.62301,22.14977,-34.31353,NOR_DEM,TEX_ISL,BrownStroudField,D1,SLAND,20260313-BrownStroudField-1,3af64110-1f39-11f1-8827-db2f8d1f1106,79.03918,,,6.32343,,,,,,,99932099-0ba7-405d-b958-1caf3e33b2c7,2026-03-14,00:03:24.94,2026-03-13T19:03:24.9480192-05:00,2026-03-14T00:03:24.9480192Z,,v3,471394,4764,,"Huerta, Sebastian",1000220704,Right,NOR_DEM,322f69c3-8f4a-401c-b3d6-fbf4f1a1ca23,54.27439,-116.10996,11.07489,5.21247,1.49142,-17.15677,2.54117,-5.27445,-4.3115,,,,,,,,,,,,,,,,,,,,,,,,,,,,,,,,,,,,,,,,,,,,,,,,,,,High,High,High,,,,,,,,,,,,,,,,,,,,,,,,,,,,,,,,,,,,,,,
55,2026-03-13,19:03:47.84,3,4,"Trosclair, Brody",10124039,Left,NOR_DEM,"Cassie, Noah",10971528,Right,TEX_ISL,Undefined,2,Top,1,1,2,Undefined,Curveball,StrikeSwinging,Strikeout,Undefined,Undefined,0,0,,78.25474,-0.410524,0.336469,3014.488863,291.470304,3:45,5.72093,-1.80464,6.0174,-50.16168,-4.45484,15.14615,1.1605,-0.23078,71.76889,-9.622034,3.069096,0.486589,,,,,,,,,,,,-7.71811,-1.74362,1.77002,50,5.66152,-1.21514,-113.71325,-2.37647,-10.00181,22.85583,-34.43359,NOR_DEM,TEX_ISL,BrownStroudField,D1,SLAND,20260313-BrownStroudField-1,489ea730-1f39-11f1-8827-db2f8d1f1106,77.46262,,,6.48585,,,,,,,99932099-0ba7-405d-b958-1caf3e33b2c7,2026-03-14,00:03:47.84,2026-03-13T19:03:47.8405632-05:00,2026-03-14T00:03:47.8405632Z,,v3,471394,4764,,"Huerta, Sebastian",1000220704,Right,NOR_DEM,c9e72275-e276-4071-88f1-3e3515662e03,54.48461,-114.61109,11.42791,5.7283,-1.02382,-17.2168,1.81003,-0.82224,-5.0009,,,,,,,,,,,,,,,,,,,,,,,,,,,,,,,,,,,,,,,,,,,,,,,,,,,High,High,High,,,,,,,,,,,,,,,,,,,,,,,,,,,,,,,,,,,,,,,
56,2026-03-13,19:04:20.03,4,1,"Trosclair, Brody",10124039,Left,NOR_DEM,"Krowka, Karson",1000114100,Right,TEX_ISL,Undefined,2,Top,2,0,0,Undefined,Slider,StrikeCalled,Undefined,Undefined,Undefined,0,0,,79.34955,1.414895,1.356641,3024.945041,270.63602,3:00,5.28261,-2.28445,6.67728,-41.98829,1.16504,15.8267,3.07855,0.27572,72.71283,-6.445258,4.237689,0.472801,,,,,,,,,,,,-7.92166,0.64429,2.18833,50,5.36109,-3.27113,-115.38595,1.68867,-10.63195,22.36709,-31.30933,NOR_DEM,TEX_ISL,BrownStroudField,D1,SLAND,20260313-BrownStroudField-1,5bcf1150-1f39-11f1-8827-db2f8d1f1106,79.72154,,,6.63672,,,,,,,99932099-0ba7-405d-b958-1caf3e33b2c7,2026-03-14,00:04:20.03,2026-03-13T19:04:20.0349696-05:00,2026-03-14T00:04:20.0349696Z,,v3,471394,4764,,"Huerta, Sebastian",1000220704,Right,NOR_DEM,1119156c-8f41-4b7f-9c1b-9a86e92a8685,53.82355,-116.12476,11.18355,5.28824,2.72285,-15.65467,2.29058,-2.91995,-5.31597,,,,,,,,,,,,,,,,,,,,,,,,,,,,,,,,,,,,,,,,,,,,,,,,,,,High,High,High,,,,,,,,,,,,,,,,,,,,,,,,,,,,,,,,,,,,,,,
57,2026-03-13,19:04:38.72,4,2,"Trosclair, Brody",10124039,Left,NOR_DEM,"Krowka, Karson",1000114100,Right,TEX_ISL,Undefined,2,Top,2,0,1,Undefined,Changeup,BallCalled,Undefined,Undefined,Undefined,0,0,,85.20938,-2.055148,3.159752,1713.746328,123.745576,10:00,5.45241,-2.18552,7.00742,-30.76155,6.75989,-8.08469,1.0171,0.01599,77.14752,-7.886568,1.678484,0.440871,,,,,,,,,,,,5.36973,4.68418,1.99449,50,5.31662,-6.54594,-123.62003,-5.25345,8.16157,28.73356,-25.05447,NOR_DEM,TEX_ISL,BrownStroudField,D1,SLAND,20260313-BrownStroudField-1,66e7f2f0-1f39-11f1-8827-db2f8d1f1106,85.49545,,,8.06187,,,,,,,99932099-0ba7-405d-b958-1caf3e33b2c7,2026-03-14,00:04:38.72,2026-03-13T19:04:38.7213312-05:00,2026-03-14T00:04:38.7213312Z,,v3,471394,4764,,"Huerta, Sebastian",1000220704,Right,NOR_DEM,56733334-2aa5-4fb0-9094-7e4cef53e7ec,53.49141,-124.42891,14.36678,5.45458,-4.54814,-12.52723,2.182,-6.7757,4.08078,,,,,,,,,,,,,,,,,,,,,,,,,,,,,,,,,,,,,,,,,,,,,,,,,,,High,High,High,,,,,,,,,,,,,,,,,,,,,,,,,,,,,,,,,,,,,,,
58,2026-03-13,19:04:55.20,4,3,"Trosclair, Brody",10124039,Left,NOR_DEM,"Krowka, Karson",1000114100,Right,TEX_ISL,Undefined,2,Top,2,1,1,Undefined,Curveball,InPlay,Undefined,LineDrive,Single,0,0,,79.46447,0.853877,1.455832,2868.696908,264.820045,2:45,5.1969,-2.39449,6.87757,-39.93699,2.44122,13.4078,2.64726,0.0498,73.36641,-6.635724,3.906582,0.468536,79.64277,15.98453,-7.719915,1646.492345,108.88475,22.66852,-15.62357,228.95623,228.79063,-8.303236,2.681737,-6.785,1.41528,2.29786,50,5.23678,-3.36313,-115.68913,0.68232,-9.21978,21.04815,-30.2509,NOR_DEM,TEX_ISL,BrownStroudField,D1,SLAND,20260313-BrownStroudField-1,70c6cdf0-1f39-11f1-8827-db2f8d1f1106,80.44729,22.98777,,6.09806,,,,1.29238,2.66841,-0.06337,99932099-0ba7-405d-b958-1caf3e33b2c7,2026-03-14,00:04:55.20,2026-03-13T19:04:55.2047104-05:00,2026-03-14T00:04:55.2047104Z,LineDrive,v3,471394,4764,,"Huerta, Sebastian",1000220704,Right,NOR_DEM,0e3aa59c-b776-47bd-8381-1b547adf6ea3,53.62499,-116.34678,10.52407,5.2007,1.62751,-15.12545,2.39844,-3.07506,-4.60989,170.522424,1.29234,111.27642,-16.33546,3.42753,-0.52949,0.01056,0.02436,-0.00658,0.00062,2.66848,32.16404,-12.87249,0.10789,-0.09171,0.13379,-0.06106,0.01397,-0.0013,-0.06341,-15.08269,0.84802,0.17395,-0.01943,-0.03532,0.01936,-0.00432,0.00038,,,,,,,,,,,,,,,,,,,,,,,High,High,High,High,High,,,,,,,,,,,,,,,,,,,,,,,,,,,,,,,,,,,,,
59,2026-03-13,19:05:32.86,5,1,"Trosclair, Brody",10124039,Left,NOR_DEM,"Russell, Austin",10027579,Right,TEX_ISL,Undefined,2,Top,2,0,0,Undefined,Four-Seam,StrikeCalled,Undefined,Undefined,Undefined,0,0,,93.443,-2.137541,3.548133,2587.442116,143.346535,10:45,5.72692,-1.92137,6.52515,-12.98201,18.51973,-12.98568,2.67932,0.25589,84.83848,-4.673389,1.195526,0.40396,,,,,,,,,,,,7.80933,10.63012,1.67932,50,5.5719,-7.86158,-135.49133,-5.36758,14.43107,31.23972,-12.53037,NOR_DEM,TEX_ISL,BrownStroudField,D1,SLAND,20260313-BrownStroudField-1,872a0170-1f39-11f1-8827-db2f8d1f1106,93.30731,,,8.60451,,,,,,,99932099-0ba7-405d-b958-1caf3e33b2c7,2026-03-14,00:05:32.86,2026-03-13T19:05:32.8607232-05:00,2026-03-14T00:05:32.8607232Z,,v3,471394,4764,,"Huerta, Sebastian",1000220704,Right,NOR_DEM,964b4ee8-8b8b-49db-9ad2-e9cecb414cd0,53.97342,-136.40439,15.61986,5.72343,-5.00134,-6.26518,1.91526,-8.28336,7.21554,,,,,,,,,,,,,,,,,,,,,,,,,,,,,,,,,,,,,,,,,,,,,,,,,,,High,High,High,,,,,,,,,,,,,,,,,,,,,,,,,,,,,,,,,,,,,,,
60,2026-03-13,19:05:48.37,5,2,"Trosclair, Brody",10124039,Left,NOR_DEM,"Russell, Austin",10027579,Right,TEX_ISL,Undefined,2,Top,2,0,1,Undefined,Four-Seam,StrikeSwinging,Undefined,Undefined,Undefined,0,0,,92.65071,-1.784924,2.907407,2625.633264,141.527784,10:45,5.59017,-1.96408,6.78882,-16.35072,15.11552,-11.22292,2.59563,-0.24303,84.75153,-4.931793,0.86159,0.403733,,,,,,,,,,,,6.70898,8.79036,1.77862,50,5.46751,-6.39384,-134.58516,-4.61377,12.31246,29.04867,-16.04182,NOR_DEM,TEX_ISL,BrownStroudField,D1,SLAND,20260313-BrownStroudField-1,906856b0-1f39-11f1-8827-db2f8d1f1106,93.35989,,,7.89917,,,,,,,99932099-0ba7-405d-b958-1caf3e33b2c7,2026-03-14,00:05:48.37,2026-03-13T19:05:48.3759616-05:00,2026-03-14T00:05:48.3759616Z,,v3,471394,4764,,"Huerta, Sebastian",1000220704,Right,NOR_DEM,55631573-8543-4437-82c3-8ffec7634fa4,53.71041,-135.38364,14.52434,5.58827,-4.17282,-8.02091,1.95903,-6.73227,6.15623,,,,,,,,,,,,,,,,,,,,,,,,,,,,,,,,,,,,,,,,,,,,,,,,,,,High,High,High,,,,,,,,,,,,,,,,,,,,,,,,,,,,,,,,,,,,,,,
61,2026-03-13,19:06:06.40,5,3,"Trosclair, Brody",10124039,Left,NOR_DEM,"Russell, Austin",10027579,Right,TEX_ISL,Undefined,2,Top,2,0,2,Undefined,Slider,InPlay,Undefined,FlyBall,Out,1,0,,79.9996,0.978637,1.193672,3107.859996,295.341163,3:45,5.63974,-1.74496,5.89596,-48.27247,-4.8813,12.94379,2.52592,0.44209,73.99643,-7.86219,3.518571,0.474102,87.41032,29.880746,-23.191361,2962.368669,,,,,62.25311,,,-6.38441,-2.47772,1.64111,50,5.69026,-2.8963,-116.348,0.4329,-8.78339,21.08313,-35.58275,NOR_DEM,TEX_ISL,BrownStroudField,D1,SLAND,20260313-BrownStroudField-1,9b2f20b0-1f39-11f1-8827-db2f8d1f1106,79.50274,35.86839,,6.00318,,,,1.00301,2.72677,-0.49013,99932099-0ba7-405d-b958-1caf3e33b2c7,2026-03-14,00:06:06.40,2026-03-13T19:06:06.4036352-05:00,2026-03-14T00:06:06.4036352Z,,v3,471394,4764,,"Huerta, Sebastian",1000220704,Right,NOR_DEM,41c80470-0f79-421b-8c64-872beb5a6ad1,54.60803,-117.18003,10.54157,5.64547,1.83715,-17.79138,1.74858,-2.54966,-4.39169,181.44539,1.00301,102.17678,-18.485,4.01386,-0.87975,0.19406,-0.04067,0.00558,0.00028,2.72677,63.86957,-16.19368,1.05649,-0.15558,0.02369,-0.00062,-0.00161,0.00076,-0.49013,-43.77478,7.97693,-1.375,0.2541,-0.04718,0.00834,-0.00037,-0.00038,,,,,,,,,,,,,,,,,,,,,,,High,High,High,High,Undefined,,,,,,,,,,,,,,,,,,,,,,,,,,,,,,,,,,,,,
62,2026-03-13,19:08:14.19,1,1,"Watkins, Preston",1000188594,Right,TEX_ISL,"McAloose, Michael",1000232847,Right,NOR_DEM,Undefined,2,Bottom,0,0,0,Undefined,Slider,StrikeCalled,Undefined,Undefined,Undefined,0,0,,81.97195,0.343313,-0.675406,2576.163467,106.935682,9:30,5.97749,1.10992,4.81849,-39.48325,4.75992,-10.08567,3.01244,-0.37035,73.5609,-6.865691,-2.450837,0.478734,,,,,,,,,,,,4.68382,2.74158,-1.03376,50,5.97827,1.85551,-118.57284,-0.77145,6.52089,27.34259,-28.35718,NOR_DEM,TEX_ISL,BrownStroudField,D1,SLAND,20260313-BrownStroudField-1,e75c0340-1f39-11f1-8827-db2f8d1f1106,78.73353,,,8.41106,,,,,,,99932099-0ba7-405d-b958-1caf3e33b2c7,2026-03-14,00:08:14.19,2026-03-13T19:08:14.1996032-05:00,2026-03-14T00:08:14.1996032Z,,v3,471394,4764,,"Azemar, Hunter",10091882,Right,TEX_ISL,8d869dd3-0dd5-4b57-81de-6856b8d0ceaf,55.67646,-119.87467,13.67129,5.98286,0.57868,-14.17859,-1.11471,1.54504,3.26044,,,,,,,,,,,,,,,,,,,,,,,,,,,,,,,,,,,,,,,,,,,,,,,,,,,High,High,High,,,,,,,,,,,,,,,,,,,,,,,,,,,,,,,,,,,,,,,
63,2026-03-13,19:08:27.11,1,2,"Watkins, Preston",1000188594,Right,TEX_ISL,"McAloose, Michael",1000232847,Right,NOR_DEM,Undefined,2,Bottom,0,0,1,Undefined,Curveball,BallCalled,Undefined,Undefined,Undefined,0,0,,79.40417,-1.188725,-0.678872,2660.984391,23.526885,6:45,6.07639,0.70182,4.87251,-63.05444,-16.26647,-7.79481,-0.30327,-0.59019,72.68698,-12.435751,-2.0606,0.49231,,,,,,,,,,,,3.68166,-7.40414,-0.62795,50,5.90495,1.68275,-115.08913,-4.74486,4.84213,25.22614,-41.91204,NOR_DEM,TEX_ISL,BrownStroudField,D1,SLAND,20260313-BrownStroudField-1,ef0f72c0-1f39-11f1-8827-db2f8d1f1106,76.56242,,,6.71719,,,,,,,99932099-0ba7-405d-b958-1caf3e33b2c7,2026-03-14,00:08:27.11,2026-03-13T19:08:27.1140864-05:00,2026-03-14T00:08:27.1140864Z,,v3,471394,4764,,"Azemar, Hunter",10091882,Right,TEX_ISL,12f2af83-0dc6-41f2-a9e2-577ec37089dd,55.63152,-116.31694,12.61307,6.08625,-2.70491,-20.95602,-0.70412,1.44707,2.42107,,,,,,,,,,,,,,,,,,,,,,,,,,,,,,,,,,,,,,,,,,,,,,,,,,,High,High,High,,,,,,,,,,,,,,,,,,,,,,,,,,,,,,,,,,,,,,,
64,2026-03-13,19:08:44.43,1,3,"Watkins, Preston",1000188594,Right,TEX_ISL,"McAloose, Michael",1000232847,Right,NOR_DEM,Undefined,2,Bottom,0,1,1,Undefined,Four-Seam,BallCalled,Undefined,Undefined,Undefined,0,0,,89.86883,-4.386331,-1.402537,2433.995848,182.127909,12:00,6.18254,0.6464,5.63276,-12.44985,22.9732,0.80661,1.04326,-0.59524,81.51738,-6.792946,-1.258548,0.428365,,,,,,,,,,,,-0.83717,13.36733,-0.52758,50,5.80096,3.14719,-129.98671,-10.2939,-1.41922,29.58557,-9.51345,NOR_DEM,TEX_ISL,BrownStroudField,D1,SLAND,20260313-BrownStroudField-1,f95dd870-1f39-11f1-8827-db2f8d1f1106,87.99133,,,8.35145,,,,,,,99932099-0ba7-405d-b958-1caf3e33b2c7,2026-03-14,00:08:44.43,2026-03-13T19:08:44.4318208-05:00,2026-03-14T00:08:44.4318208Z,,v3,471394,4764,,"Azemar, Hunter",10091882,Right,TEX_ISL,b8dc6f61-f15d-4197-a4f0-354637f67f51,54.86561,-131.08946,14.79279,6.17804,-9.9393,-4.75673,-0.64587,3.20009,-0.70961,,,,,,,,,,,,,,,,,,,,,,,,,,,,,,,,,,,,,,,,,,,,,,,,,,,High,High,High,,,,,,,,,,,,,,,,,,,,,,,,,,,,,,,,,,,,,,,
65,2026-03-13,19:08:57.68,1,4,"Watkins, Preston",1000188594,Right,TEX_ISL,"McAloose, Michael",1000232847,Right,NOR_DEM,Undefined,2,Bottom,0,2,1,Undefined,Four-Seam,InPlay,Undefined,Popup,Out,1,0,,90.37878,-3.090483,-1.469322,2460.980081,192.317884,12:30,6.24146,0.63334,5.40022,-11.31292,23.91765,4.95099,2.39891,-0.33125,81.84723,-5.298362,-0.589364,0.4272,85.29525,52.36048,-16.639393,3017.400905,,,,,23.67746,,,-2.98772,13.44465,-0.5061,50,5.95868,3.14109,-130.90835,-7.37597,-5.13181,30.26045,-9.08101,NOR_DEM,TEX_ISL,BrownStroudField,D1,SLAND,20260313-BrownStroudField-1,014417c0-1f3a-11f1-8827-db2f8d1f1106,88.23139,32.98664,,8.53155,,,,0.41024,3.69197,0.24866,99932099-0ba7-405d-b958-1caf3e33b2c7,2026-03-14,00:08:57.68,2026-03-13T19:08:57.6894464-05:00,2026-03-14T00:08:57.6894464Z,,v3,471394,4764,,"Azemar, Hunter",10091882,Right,TEX_ISL,6edd9c5d-0599-4358-9dd9-91128f16e01a,55.10073,-132.08216,15.13022,6.23797,-7.02371,-4.5405,-0.6318,3.34016,-2.56591,173.177651,0.41608,72.95723,-12.40592,,,,,,,3.69782,98.82103,-26.12899,,,,,,,0.2474,-21.82427,2.98355,,,,,,,,,,,,,,,,,,,,,,,,,,,,,High,High,High,High,Undefined,,,,,,,,,,,,,,,,,,,,,,,,,,,,,,,,,,,,,
66,2026-03-13,19:09:35.69,2,1,"Watkins, Preston",1000188594,Right,TEX_ISL,"Ardoin, Sam",822449,Right,NOR_DEM,Undefined,2,Bottom,1,0,0,Undefined,Four-Seam,FoulBallNotFieldable,Undefined,Undefined,Undefined,0,0,,90.21685,-2.619734,-0.856727,2388.492425,192.478384,12:30,6.27678,0.51262,5.79599,-12.36272,22.35438,4.68296,2.80777,0.1059,81.89173,-5.025375,-0.017886,0.424076,80.61325,86.341322,-161.081593,6263.478478,,,,,1.43221,,,-2.66567,12.58453,-0.44509,50,6.05415,1.75739,-130.84233,-6.30367,-4.58539,29.59869,-10.52672,NOR_DEM,TEX_ISL,BrownStroudField,D1,SLAND,20260313-BrownStroudField-1,17e6ec50-1f3a-11f1-8827-db2f8d1f1106,88.88143,25.08173,,8.32513,,,,3.22581,2.5769,-0.02022,99932099-0ba7-405d-b958-1caf3e33b2c7,2026-03-14,00:09:35.69,2026-03-13T19:09:35.6903936-05:00,2026-03-14T00:09:35.6903936Z,,v3,471394,4764,,"Azemar, Hunter",10091882,Right,TEX_ISL,07fc5289-1f2a-4a11-9592-2b9995129d7b,54.70372,-131.90209,14.79934,6.2731,-5.92677,-5.26336,-0.51095,1.92157,-2.29269,5.217556,3.22718,-7.228,-8.61293,,,,,,,2.57795,117.92264,-28.72485,,,,,,,-0.02188,-2.33622,11.23602,,,,,,,,,,,,,,,,,,,,,,,,,,,,,High,High,High,Medium,Undefined,,,,,,,,,,,,,,,,,,,,,,,,,,,,,,,,,,,,,
67,2026-03-13,19:10:00.28,2,2,"Watkins, Preston",1000188594,Right,TEX_ISL,"Ardoin, Sam",822449,Right,NOR_DEM,Undefined,2,Bottom,1,0,1,Undefined,Four-Seam,BallCalled,Undefined,Undefined,Undefined,0,0,,88.91864,-0.928346,-1.626518,2064.380786,180.28632,12:00,6.18155,0.53244,5.47543,-20.09151,16.09816,0.07425,3.63812,-0.98383,80.62002,-4.707995,-1.6133,0.432976,,,,,,,,,,,,-0.5324,8.77556,-0.3896,50,6.08674,3.65826,-128.9455,-2.75178,-0.88834,29.06474,-17.53201,NOR_DEM,TEX_ISL,BrownStroudField,D1,SLAND,20260313-BrownStroudField-1,268e72f0-1f3a-11f1-8827-db2f8d1f1106,87.05439,,,8.29863,,,,,,,99932099-0ba7-405d-b958-1caf3e33b2c7,2026-03-14,00:10:00.28,2026-03-13T19:10:00.2813440-05:00,2026-03-14T00:10:00.2813440Z,,v3,471394,4764,,"Azemar, Hunter",10091882,Right,TEX_ISL,10c02f04-1089-472e-b9da-b94d2743bcb9,55.02389,-130.07297,14.53237,6.18029,-2.07168,-8.766,-0.53218,3.69272,-0.44417,,,,,,,,,,,,,,,,,,,,,,,,,,,,,,,,,,,,,,,,,,,,,,,,,,,High,High,High,,,,,,,,,,,,,,,,,,,,,,,,,,,,,,,,,,,,,,,
68,2026-03-13,19:10:18.34,2,3,"Watkins, Preston",1000188594,Right,TEX_ISL,"Ardoin, Sam",822449,Right,NOR_DEM,Undefined,2,Bottom,1,1,1,Undefined,Four-Seam,StrikeCalled,Undefined,Undefined,Undefined,0,0,,89.96596,-3.556083,-1.717043,2323.575813,198.680034,12:30,6.08939,0.66837,5.62618,-15.30733,19.65411,6.26213,1.4897,-0.41251,82.3662,-6.453754,-0.599053,0.425565,,,,,,,,,,,,-3.65252,11.29371,-0.52616,50,5.7763,3.63424,-130.36965,-8.56337,-6.29187,27.17547,-12.7195,NOR_DEM,TEX_ISL,BrownStroudField,D1,SLAND,20260313-BrownStroudField-1,31564e60-1f3a-11f1-8827-db2f8d1f1106,88.57032,,,7.59976,,,,,,,99932099-0ba7-405d-b958-1caf3e33b2c7,2026-03-14,00:10:18.34,2026-03-13T19:10:18.3406080-05:00,2026-03-14T00:10:18.3406080Z,,v3,471394,4764,,"Azemar, Hunter",10091882,Right,TEX_ISL,3e13ce74-9da5-4648-a8a6-4a9af0d2be96,54.87324,-131.38155,13.58774,6.08634,-8.08975,-6.35975,-0.66585,3.86852,-3.14593,,,,,,,,,,,,,,,,,,,,,,,,,,,,,,,,,,,,,,,,,,,,,,,,,,,High,High,High,,,,,,,,,,,,,,,,,,,,,,,,,,,,,,,,,,,,,,,
69,2026-03-13,19:10:34.76,2,4,"Watkins, Preston",1000188594,Right,TEX_ISL,"Ardoin, Sam",822449,Right,NOR_DEM,Undefined,2,Bottom,1,1,2,Undefined,Curveball,StrikeSwinging,Strikeout,Undefined,Undefined,0,0,,82.15771,-1.478755,-0.780591,2466.751036,43.958002,7:30,6.05465,0.82772,5.36917,-47.41156,-5.25925,-6.30099,0.71674,-0.42931,76.01816,-10.039834,-1.904522,0.467285,,,,,,,,,,,,2.99284,-1.96772,-0.75295,50,5.88769,1.87653,-119.32725,-4.77548,4.31459,22.99266,-35.01075,NOR_DEM,TEX_ISL,BrownStroudField,D1,SLAND,20260313-BrownStroudField-1,3b237620-1f3a-11f1-8827-db2f8d1f1106,80.66258,,,6.13955,,,,,,,99932099-0ba7-405d-b958-1caf3e33b2c7,2026-03-14,00:10:34.76,2026-03-13T19:10:34.7678720-05:00,2026-03-14T00:10:34.7678720Z,,v3,471394,4764,,"Azemar, Hunter",10091882,Right,TEX_ISL,a11b627b-8890-4249-bbc3-7a5e480ebaad,55.13413,-120.31245,11.49633,6.06018,-3.27531,-17.50538,-0.8294,1.69165,2.1573,,,,,,,,,,,,,,,,,,,,,,,,,,,,,,,,,,,,,,,,,,,,,,,,,,,High,High,High,,,,,,,,,,,,,,,,,,,,,,,,,,,,,,,,,,,,,,,
70,2026-03-13,19:11:10.85,3,1,"Watkins, Preston",1000188594,Right,TEX_ISL,"Huerta, Sebastian",1000220704,Right,NOR_DEM,Undefined,2,Bottom,2,0,0,Undefined,Four-Seam,BallCalled,Undefined,Undefined,Undefined,0,0,,89.78144,-3.637281,-0.659367,2240.361512,190.787542,12:15,6.1127,0.75033,5.48929,-19.07926,16.21115,2.87154,1.11518,0.37274,82.28605,-7.190502,-0.147491,0.427563,,,,,,,,,,,,-1.64181,9.54993,-0.69461,50,5.78103,1.37178,-130.11466,-8.90856,-2.81469,27.28982,-15.80177,NOR_DEM,TEX_ISL,BrownStroudField,D1,SLAND,20260313-BrownStroudField-1,509f56e0-1f3a-11f1-8827-db2f8d1f1106,88.15652,,,7.49539,,,,,,,99932099-0ba7-405d-b958-1caf3e33b2c7,2026-03-14,00:11:10.85,2026-03-13T19:11:10.8542976-05:00,2026-03-14T00:11:10.8542976Z,,v3,471394,4764,,"Azemar, Hunter",10091882,Right,TEX_ISL,c31ac61b-9589-4a36-acc7-2f316296d27c,55.01074,-131.16139,13.64491,6.1111,-8.30246,-7.90088,-0.7493,1.47974,-1.40735,,,,,,,,,,,,,,,,,,,,,,,,,,,,,,,,,,,,,,,,,,,,,,,,,,,High,High,High,,,,,,,,,,,,,,,,,,,,,,,,,,,,,,,,,,,,,,,
71,2026-03-13,19:11:23.83,3,2,"Watkins, Preston",1000188594,Right,TEX_ISL,"Huerta, Sebastian",1000220704,Right,NOR_DEM,Undefined,2,Bottom,2,1,0,Undefined,Four-Seam,FoulBallNotFieldable,Undefined,Undefined,Undefined,0,0,,90.51398,-2.815576,-1.605553,2201.863672,193.080125,12:30,6.07663,0.54359,5.65556,-14.38249,20.32556,4.44445,2.24906,-0.58382,82.19334,-5.571426,-0.811758,0.42402,,,,,,,,,,,,-2.75331,11.54123,-0.41053,50,5.82921,3.4835,-131.18006,-6.86922,-4.76141,29.70609,-12.21516,NOR_DEM,TEX_ISL,BrownStroudField,D1,SLAND,20260313-BrownStroudField-1,585a8e90-1f3a-11f1-8827-db2f8d1f1106,88.89305,,,8.32065,,,,,,,99932099-0ba7-405d-b958-1caf3e33b2c7,2026-03-14,00:11:23.83,2026-03-13T19:11:23.8382592-05:00,2026-03-14T00:11:23.8382592Z,,v3,471394,4764,,"Azemar, Hunter",10091882,Right,TEX_ISL,b6fcd63e-e544-477c-9cbb-dab8b5916445,54.8439,-132.27243,14.85305,6.07355,-6.42004,-6.10758,-0.54185,3.65859,-2.38071,,,,,,,,,,,,,,,,,,,,,,,,,,,,,,,,,,,,,,,,,,,,,,,,,,,High,High,High,,,,,,,,,,,,,,,,,,,,,,,,,,,,,,,,,,,,,,,
72,2026-03-13,19:11:50.06,3,3,"Watkins, Preston",1000188594,Right,TEX_ISL,"Huerta, Sebastian",1000220704,Right,NOR_DEM,Undefined,2,Bottom,2,1,1,Undefined,Four-Seam,FoulBallNotFieldable,Undefined,Undefined,Undefined,0,0,,89.39985,-1.722731,-1.165696,2198.925697,199.286612,12:45,6.1002,0.67473,5.68784,-19.29808,16.29993,5.26662,2.88552,0.02696,80.93314,-5.372582,-0.223937,0.429422,71.328,48.166187,130.345357,4684.646444,,,,,27.94729,,,-3.05134,9.19071,-0.58008,50,5.94345,2.41041,-129.63709,-4.5077,-5.1342,29.94865,-16.70976,NOR_DEM,TEX_ISL,BrownStroudField,D1,SLAND,20260313-BrownStroudField-1,6800e790-1f3a-11f1-8827-db2f8d1f1106,87.77482,30.87032,,8.46671,,,,0.52344,3.00823,-0.04959,99932099-0ba7-405d-b958-1caf3e33b2c7,2026-03-14,00:11:50.06,2026-03-13T19:11:50.0683776-05:00,2026-03-14T00:11:50.0683776Z,,v3,471394,4764,,"Azemar, Hunter",10091882,Right,TEX_ISL,dcc6406e-8879-4e3f-8a2b-077f0d9893db,54.81078,-130.74375,14.97432,6.09861,-3.89024,-8.35488,-0.67265,2.60013,-2.5671,319.073495,0.5336,-45.49646,-1.5581,,,,,,,3.02735,77.34571,-29.08745,,,,,,,-0.03427,52.69739,-12.67755,,,,,,,,,,,,,,,,,,,,,,,,,,,,,High,High,High,High,Undefined,,,,,,,,,,,,,,,,,,,,,,,,,,,,,,,,,,,,,
73,2026-03-13,19:12:09.86,3,4,"Watkins, Preston",1000188594,Right,TEX_ISL,"Huerta, Sebastian",1000220704,Right,NOR_DEM,Undefined,2,Bottom,2,1,2,Undefined,Curveball,BallCalled,Undefined,Undefined,Undefined,0,0,,79.34125,2.168452,0.255192,2538.149796,13.840014,6:30,6.06788,0.70113,4.75338,-63.83405,-16.96395,-4.57662,2.80588,0.56177,72.16689,-9.281066,-0.551017,0.492742,,,,,,,,,,,,2.33477,-8.60859,-0.72244,50,6.22848,-0.31616,-114.97607,1.88864,3.08337,23.98957,-43.5428,NOR_DEM,TEX_ISL,BrownStroudField,D1,SLAND,20260313-BrownStroudField-1,73d81020-1f3a-11f1-8827-db2f8d1f1106,76.49531,,,7.17436,,,,,,,99932099-0ba7-405d-b958-1caf3e33b2c7,2026-03-14,00:12:09.86,2026-03-13T19:12:09.8683392-05:00,2026-03-14T00:12:09.8683392Z,,v3,471394,4764,,"Azemar, Hunter",10091882,Right,TEX_ISL,1d03fd7b-8d2e-48e1-843b-61740988ded2,55.75025,-116.16965,11.99478,6.08062,4.05508,-21.7714,-0.7029,-0.46958,1.54169,,,,,,,,,,,,,,,,,,,,,,,,,,,,,,,,,,,,,,,,,,,,,,,,,,,High,High,High,,,,,,,,,,,,,,,,,,,,,,,,,,,,,,,,,,,,,,,
74,2026-03-13,19:12:28.80,3,5,"Watkins, Preston",1000188594,Right,TEX_ISL,"Huerta, Sebastian",1000220704,Right,NOR_DEM,Undefined,2,Bottom,2,2,2,Undefined,Slider,StrikeSwinging,Strikeout,Undefined,Undefined,0,0,,82.37258,-2.704477,-1.769691,2561.556287,97.643885,9:15,5.95757,0.7639,5.29208,-40.34274,2.77669,-8.5904,0.05315,-1.61418,74.56548,-10.041575,-3.297427,0.472615,,,,,,,,,,,,3.75599,2.70362,-0.59603,50,5.68166,4.03185,-119.16161,-7.04686,5.27338,27.92353,-28.37818,NOR_DEM,TEX_ISL,BrownStroudField,D1,SLAND,20260313-BrownStroudField-1,7f1e6a60-1f3a-11f1-8827-db2f8d1f1106,79.75287,,,7.8071,,,,,,,99932099-0ba7-405d-b958-1caf3e33b2c7,2026-03-14,00:12:28.80,2026-03-13T19:12:28.8061440-05:00,2026-03-14T00:12:28.8061440Z,,v3,471394,4764,,"Azemar, Hunter",10091882,Right,TEX_ISL,307fae7f-95d1-4e90-95cd-0acf8f6d1acd,55.20772,-120.37577,13.96177,5.96124,-5.81293,-14.18909,-0.76635,3.80256,2.63669,,,,,,,,,,,,,,,,,,,,,,,,,,,,,,,,,,,,,,,,,,,,,,,,,,,High,High,High,,,,,,,,,,,,,,,,,,,,,,,,,,,,,,,,,,,,,,,
75,2026-03-13,19:14:44.44,1,1,"Trosclair, Brody",10124039,Left,NOR_DEM,"Sanchez, Cade",1000125037,Right,TEX_ISL,Undefined,3,Top,0,0,0,Undefined,Changeup,StrikeCalled,Undefined,Undefined,Undefined,0,0,,91.73912,-2.224423,2.98879,1189.616304,145.907604,10:45,5.5799,-1.95071,6.99767,-16.34749,15.52473,-9.82284,2.19139,-0.04939,83.93178,-5.382386,1.191279,0.406329,,,,,,,,,,,,6.06174,9.21497,1.77001,50,5.43737,-6.59197,-133.25839,-5.57001,10.89628,28.72582,-15.6097,NOR_DEM,TEX_ISL,BrownStroudField,D1,SLAND,20260313-BrownStroudField-1,cff09210-1f3a-11f1-8827-db2f8d1f1106,92.76337,,,7.80734,,,,,,,99932099-0ba7-405d-b958-1caf3e33b2c7,2026-03-14,00:14:44.44,2026-03-13T19:14:44.4458496-05:00,2026-03-14T00:14:44.4458496Z,,v3,471394,4764,,"Huerta, Sebastian",1000220704,Right,NOR_DEM,f90ef43f-dadd-4204-93f6-e95166cf1e82,53.50196,-134.01116,14.36291,5.57798,-5.16095,-7.80485,1.9465,-6.87751,5.44814,,,,,,,,,,,,,,,,,,,,,,,,,,,,,,,,,,,,,,,,,,,,,,,,,,,High,High,High,,,,,,,,,,,,,,,,,,,,,,,,,,,,,,,,,,,,,,,
76,2026-03-13,19:15:00.19,1,2,"Trosclair, Brody",10124039,Left,NOR_DEM,"Sanchez, Cade",1000125037,Right,TEX_ISL,Undefined,3,Top,0,0,1,Undefined,Changeup,BallinDirt,Undefined,Undefined,Undefined,0,0,,84.42882,-2.557773,2.57547,1761.224678,98.611647,9:15,5.40109,-2.15739,6.86963,-35.64415,2.8311,-9.42839,0.09559,-0.59412,76.54999,-9.251703,0.849046,0.446439,,,,,,,,,,,,5.92611,2.72898,1.99684,50,5.22581,-5.18869,-122.49237,-6.46045,8.82244,28.74178,-28.11133,NOR_DEM,TEX_ISL,BrownStroudField,D1,SLAND,20260313-BrownStroudField-1,d95f4620-1f3a-11f1-8827-db2f8d1f1106,84.42908,,,7.87883,,,,,,,99932099-0ba7-405d-b958-1caf3e33b2c7,2026-03-14,00:15:00.19,2026-03-13T19:15:00.1907200-05:00,2026-03-14T00:15:00.1907200Z,,v3,471394,4764,,"Huerta, Sebastian",1000220704,Right,NOR_DEM,5d348356-3edd-4241-a29e-85cc51755986,53.6306,-123.34132,14.37089,5.40437,-5.63012,-14.05566,2.15395,-5.44928,4.41122,,,,,,,,,,,,,,,,,,,,,,,,,,,,,,,,,,,,,,,,,,,,,,,,,,,High,High,High,,,,,,,,,,,,,,,,,,,,,,,,,,,,,,,,,,,,,,,
77,2026-03-13,19:15:19.27,1,3,"Trosclair, Brody",10124039,Left,NOR_DEM,"Sanchez, Cade",1000125037,Right,TEX_ISL,Undefined,3,Top,0,1,1,Undefined,Four-Seam,BallCalled,Undefined,Undefined,Undefined,0,0,,91.60537,0.237267,2.782932,2501.355606,163.702127,11:30,5.57485,-2.05782,6.88723,-17.71422,14.62524,-3.95689,4.3151,0.15004,82.93798,-3.193794,2.060739,0.409296,,,,,,,,,,,,2.93162,8.00563,1.88288,50,5.58309,-6.31124,-133.02278,0.11717,5.20367,31.03214,-17.96399,NOR_DEM,TEX_ISL,BrownStroudField,D1,SLAND,20260313-BrownStroudField-1,e4b1fc70-1f3a-11f1-8827-db2f8d1f1106,92.09085,,,8.6674,,,,,,,99932099-0ba7-405d-b958-1caf3e33b2c7,2026-03-14,00:15:19.27,2026-03-13T19:15:19.2783872-05:00,2026-03-14T00:15:19.2783872Z,,v3,471394,4764,,"Huerta, Sebastian",1000220704,Right,NOR_DEM,537e0271-4a62-41df-a3a4-119252a5528f,53.60962,-133.8622,15.51607,5.57335,0.6031,-8.98199,2.0555,-6.452,2.60184,,,,,,,,,,,,,,,,,,,,,,,,,,,,,,,,,,,,,,,,,,,,,,,,,,,High,High,High,,,,,,,,,,,,,,,,,,,,,,,,,,,,,,,,,,,,,,,
78,2026-03-13,19:15:34.68,1,4,"Trosclair, Brody",10124039,Left,NOR_DEM,"Sanchez, Cade",1000125037,Right,TEX_ISL,Undefined,3,Top,0,2,1,Undefined,Slider,BallCalled,Undefined,Undefined,Undefined,0,0,,80.06526,2.773929,0.256762,3026.010951,279.476717,3:15,5.4385,-2.30615,6.76632,-43.03711,-0.78571,12.59583,4.38734,-1.02202,73.12197,-5.304345,2.553858,0.467834,,,,,,,,,,,,-6.53693,-0.75272,2.28554,50,5.6043,-0.95538,-116.37369,4.4392,-8.93417,22.5273,-33.20278,NOR_DEM,TEX_ISL,BrownStroudField,D1,SLAND,20260313-BrownStroudField-1,edf16320-1f3a-11f1-8827-db2f8d1f1106,80.56795,,,6.94329,,,,,,,99932099-0ba7-405d-b958-1caf3e33b2c7,2026-03-14,00:15:34.68,2026-03-13T19:15:34.6868224-05:00,2026-03-14T00:15:34.6868224Z,,v3,471394,4764,,"Huerta, Sebastian",1000220704,Right,NOR_DEM,c568c607-e491-42ca-917c-2d4057fa700f,53.73411,-117.0943,11.26365,5.44532,5.5013,-16.60139,2.31153,-0.66959,-4.46708,,,,,,,,,,,,,,,,,,,,,,,,,,,,,,,,,,,,,,,,,,,,,,,,,,,High,High,High,,,,,,,,,,,,,,,,,,,,,,,,,,,,,,,,,,,,,,,
79,2026-03-13,19:15:49.94,1,5,"Trosclair, Brody",10124039,Left,NOR_DEM,"Sanchez, Cade",1000125037,Right,TEX_ISL,Undefined,3,Top,0,3,1,Undefined,Slider,BallCalled,Walk,Undefined,Undefined,0,0,,80.285,1.954589,0.007481,3062.699912,266.856655,3:00,5.40491,-2.33306,6.92556,-39.51624,1.72071,10.57316,3.89216,-1.44515,74.21393,-5.469024,1.942645,0.462184,,,,,,,,,,,,-5.60166,0.82106,2.32969,50,5.51393,-0.36293,-116.89958,2.93763,-7.82108,20.1829,-31.02766,NOR_DEM,TEX_ISL,BrownStroudField,D1,SLAND,20260313-BrownStroudField-1,f7009210-1f3a-11f1-8827-db2f8d1f1106,81.55296,,,6.07107,,,,,,,99932099-0ba7-405d-b958-1caf3e33b2c7,2026-03-14,00:15:49.94,2026-03-13T19:15:49.9499008-05:00,2026-03-14T00:15:49.9499008Z,,v3,471394,4764,,"Huerta, Sebastian",1000220704,Right,NOR_DEM,e8d99b0b-7165-40d7-8f40-972d3b4d8643,53.57595,-117.51535,10.09145,5.40986,3.88427,-15.51383,2.33712,-0.12431,-3.91054,,,,,,,,,,,,,,,,,,,,,,,,,,,,,,,,,,,,,,,,,,,,,,,,,,,High,High,High,,,,,,,,,,,,,,,,,,,,,,,,,,,,,,,,,,,,,,,
80,2026-03-13,19:16:23.61,2,1,"Trosclair, Brody",10124039,Left,NOR_DEM,"Flaggert, Jarrett",813171,Right,TEX_ISL,Undefined,3,Top,0,0,0,Undefined,Four-Seam,BallCalled,Undefined,Undefined,Undefined,0,0,,91.53916,-1.292115,4.507649,2494.833078,157.111283,11:15,5.52381,-2.03006,6.59914,-16.51229,16.43954,-6.45272,2.96013,1.57047,82.74759,-4.484935,3.340031,0.413153,,,,,,,,,,,,4.88418,9.44115,1.72466,50,5.42848,-10.21425,-132.63516,-3.42958,8.58571,31.86513,-15.57789,NOR_DEM,TEX_ISL,BrownStroudField,D1,SLAND,20260313-BrownStroudField-1,0b034050-1f3b-11f1-8827-db2f8d1f1106,91.23111,,,8.79157,,,,,,,99932099-0ba7-405d-b958-1caf3e33b2c7,2026-03-14,00:16:23.61,2026-03-13T19:16:23.6100096-05:00,2026-03-14T00:16:23.6100096Z,,v3,471394,4764,,"Huerta, Sebastian",1000220704,Right,NOR_DEM,73171565-808f-452c-be90-2d3391ebb8d8,53.90205,-133.56933,15.93257,5.52233,-2.97289,-7.78894,2.02779,-10.46595,4.29285,,,,,,,,,,,,,,,,,,,,,,,,,,,,,,,,,,,,,,,,,,,,,,,,,,,High,High,High,,,,,,,,,,,,,,,,,,,,,,,,,,,,,,,,,,,,,,,
81,2026-03-13,19:17:16.96,2,2,"Trosclair, Brody",10124039,Left,NOR_DEM,"Flaggert, Jarrett",813171,Right,TEX_ISL,Undefined,3,Top,0,1,0,Undefined,Slider,BallCalled,Undefined,Undefined,Undefined,0,0,,79.82192,0.856214,-0.001044,3053.997274,251.270806,2:30,5.61707,-2.25448,7.45075,-36.1023,4.58748,10.3439,3.38031,-1.39343,74.17362,-5.992805,1.912351,0.459107,,,,,,,,,,,,-5.59327,2.67465,2.25306,50,5.65424,-0.30479,-116.38627,0.9078,-7.76815,19.27985,-28.45941,NOR_DEM,TEX_ISL,BrownStroudField,D1,SLAND,20260313-BrownStroudField-1,2ae22030-1f3b-11f1-8827-db2f8d1f1106,82.09945,,,5.6483,,,,,,,99932099-0ba7-405d-b958-1caf3e33b2c7,2026-03-14,00:17:16.96,2026-03-13T19:17:16.9680896-05:00,2026-03-14T00:17:16.9680896Z,,v3,471394,4764,,"Huerta, Sebastian",1000220704,Right,NOR_DEM,3b3e5ede-2e4f-4aa9-ae3e-f05f72a2e16c,53.05066,-116.89053,9.63992,5.62076,1.65215,-14.22971,2.25838,-0.10161,-3.88408,,,,,,,,,,,,,,,,,,,,,,,,,,,,,,,,,,,,,,,,,,,,,,,,,,,High,High,High,,,,,,,,,,,,,,,,,,,,,,,,,,,,,,,,,,,,,,,
82,2026-03-13,19:17:51.05,2,3,"Trosclair, Brody",10124039,Left,NOR_DEM,"Flaggert, Jarrett",813171,Right,TEX_ISL,Undefined,3,Top,0,2,0,Undefined,Slider,BallCalled,Undefined,Undefined,Undefined,0,0,,82.24373,1.553841,0.592883,3065.491136,244.815608,2:15,5.34791,-2.31595,6.95625,-36.30596,4.37981,5.94366,3.73672,-1.28115,73.36909,-5.371743,1.681369,0.459085,,,,,,,,,,,,-2.8954,2.30638,2.27793,50,5.43303,-1.45085,-119.33445,2.26418,-4.05652,29.04482,-28.94277,NOR_DEM,TEX_ISL,BrownStroudField,D1,SLAND,20260313-BrownStroudField-1,3f32c760-1f3b-11f1-8827-db2f8d1f1106,82.10346,,,8.87464,,,,,,,99932099-0ba7-405d-b958-1caf3e33b2c7,2026-03-14,00:17:51.05,2026-03-13T19:17:51.0569472-05:00,2026-03-14T00:17:51.0569472Z,,v3,471394,4764,,"Huerta, Sebastian",1000220704,Right,NOR_DEM,4108967c-b498-4a65-8413-1c5a14a851f2,53.53748,-120.19236,14.52241,5.35353,3.11907,-14.47138,2.31901,-1.33103,-2.02826,,,,,,,,,,,,,,,,,,,,,,,,,,,,,,,,,,,,,,,,,,,,,,,,,,,High,High,High,,,,,,,,,,,,,,,,,,,,,,,,,,,,,,,,,,,,,,,
83,2026-03-13,19:18:10.01,2,4,"Trosclair, Brody",10124039,Left,NOR_DEM,"Flaggert, Jarrett",813171,Right,TEX_ISL,Undefined,3,Top,0,3,0,Undefined,Slider,StrikeCalled,Undefined,Undefined,Undefined,0,0,,81.41802,1.576572,1.264073,3025.982088,282.195396,3:30,5.40109,-2.23367,6.6529,-41.44963,0.71583,4.49177,3.39058,-0.70227,72.47853,-6.255957,2.081876,0.467358,,,,,,,,,,,,-1.85248,0.39032,2.14727,50,5.49206,-2.77323,-118.0174,2.0451,-2.5299,29.08354,-31.64101,NOR_DEM,TEX_ISL,BrownStroudField,D1,SLAND,20260313-BrownStroudField-1,4a83d000-1f3b-11f1-8827-db2f8d1f1106,80.64999,,,8.93949,,,,,,,99932099-0ba7-405d-b958-1caf3e33b2c7,2026-03-14,00:18:10.01,2026-03-13T19:18:10.0156416-05:00,2026-03-14T00:18:10.0156416Z,,v3,471394,4764,,"Huerta, Sebastian",1000220704,Right,NOR_DEM,94059a23-faa0-486e-a0cb-16cbce252de9,53.8407,-118.96012,14.54177,5.40915,3.07071,-15.82051,2.23583,-2.69123,-1.26495,,,,,,,,,,,,,,,,,,,,,,,,,,,,,,,,,,,,,,,,,,,,,,,,,,,High,High,High,,,,,,,,,,,,,,,,,,,,,,,,,,,,,,,,,,,,,,,
84,2026-03-13,19:18:29.31,2,5,"Trosclair, Brody",10124039,Left,NOR_DEM,"Flaggert, Jarrett",813171,Right,TEX_ISL,Undefined,3,Top,0,3,1,Undefined,Slider,BallCalled,Walk,Undefined,Undefined,0,0,,80.13179,2.096942,0.449185,3088.687149,268.172887,3:00,5.29318,-2.49563,7.07345,-39.90274,1.56752,10.32859,3.87263,-1.2271,73.54943,-5.437174,2.344545,0.463489,,,,,,,,,,,,-5.35339,0.71374,2.46647,50,5.40714,-1.25365,-116.60447,3.23559,-7.37874,21.69714,-31.19027,NOR_DEM,TEX_ISL,BrownStroudField,D1,SLAND,20260313-BrownStroudField-1,56013fd0-1f3b-11f1-8827-db2f8d1f1106,81.32322,,,6.58236,,,,,,,99932099-0ba7-405d-b958-1caf3e33b2c7,2026-03-14,00:18:29.31,2026-03-13T19:18:29.3123072-05:00,2026-03-14T00:18:29.3123072Z,,v3,471394,4764,,"Huerta, Sebastian",1000220704,Right,NOR_DEM,16666ce2-481a-4d1d-8f2c-b5643088e738,53.42657,-117.24034,10.84857,5.29892,4.14966,-15.59514,2.50004,-1.03741,-3.68937,,,,,,,,,,,,,,,,,,,,,,,,,,,,,,,,,,,,,,,,,,,,,,,,,,,High,High,High,,,,,,,,,,,,,,,,,,,,,,,,,,,,,,,,,,,,,,,
85,2026-03-13,19:20:23.32,3,1,"Trosclair, Brody",10124039,Left,NOR_DEM,"Smith, Jackson",1000116497,Left,TEX_ISL,Undefined,3,Top,0,0,0,Undefined,Slider,StrikeCalled,Undefined,Undefined,Undefined,0,0,,80.54383,1.386612,-0.030227,2982.483935,263.1672,2:45,5.37894,-2.25898,7.23344,-37.81002,2.82106,13.75241,3.48336,-1.14031,74.23777,-5.769629,2.502414,0.458776,,,,,,,,,,,,-7.35552,1.5765,2.25824,50,5.44808,-0.37662,-117.31876,1.89848,-10.29416,21.33084,-29.96771,NOR_DEM,TEX_ISL,BrownStroudField,D1,SLAND,20260313-BrownStroudField-1,99f50820-1f3b-11f1-8827-db2f8d1f1106,82.15869,,,6.30607,,,,,,,99932099-0ba7-405d-b958-1caf3e33b2c7,2026-03-14,00:20:23.32,2026-03-13T19:20:23.3239552-05:00,2026-03-14T00:20:23.3239552Z,,v3,471394,4764,,"Huerta, Sebastian",1000220704,Right,NOR_DEM,c0c66c21-5686-4043-afba-5d5a061918a7,53.26735,-117.91133,10.66542,5.38378,2.73098,-14.98386,2.26473,-0.09064,-5.14708,,,,,,,,,,,,,,,,,,,,,,,,,,,,,,,,,,,,,,,,,,,,,,,,,,,High,High,High,,,,,,,,,,,,,,,,,,,,,,,,,,,,,,,,,,,,,,,
86,2026-03-13,19:20:38.48,3,2,"Trosclair, Brody",10124039,Left,NOR_DEM,"Smith, Jackson",1000116497,Left,TEX_ISL,Undefined,3,Top,0,0,1,Undefined,Slider,FoulBallNotFieldable,Undefined,Undefined,Undefined,0,0,,81.7883,0.488749,1.986176,3098.515722,268.319794,3:00,5.29444,-2.24708,6.34366,-39.24171,1.51949,12.61024,2.47453,0.63301,75.70087,-6.780473,4.26677,0.45951,,,,,,,,,,,,-6.1139,0.97232,2.09672,50,5.31129,-4.56713,-118.98338,-0.15748,-8.81356,21.63453,-30.77237,NOR_DEM,TEX_ISL,BrownStroudField,D1,SLAND,20260313-BrownStroudField-1,a2fd0b20-1f3b-11f1-8827-db2f8d1f1106,82.02747,,,6.08742,,,,,,,99932099-0ba7-405d-b958-1caf3e33b2c7,2026-03-14,00:20:38.48,2026-03-13T19:20:38.4835584-05:00,2026-03-14T00:20:38.4835584Z,,v3,471394,4764,,"Huerta, Sebastian",1000220704,Right,NOR_DEM,279a3ded-d652-4af4-b78c-a63a391e4788,54.15931,-119.73727,10.81726,5.29809,0.91484,-15.38619,2.25052,-4.26001,-4.40678,,,,,,,,,,,,,,,,,,,,,,,,,,,,,,,,,,,,,,,,,,,,,,,,,,,High,High,High,,,,,,,,,,,,,,,,,,,,,,,,,,,,,,,,,,,,,,,
87,2026-03-13,19:21:44.04,3,3,"Trosclair, Brody",10124039,Left,NOR_DEM,"Smith, Jackson",1000116497,Left,TEX_ISL,Undefined,3,Top,0,0,2,Undefined,Slider,BallCalled,Undefined,Undefined,Undefined,0,0,,81.86272,-0.350669,2.219589,2865.485765,295.806625,3:45,5.25977,-1.63164,5.49745,-43.80884,-0.72791,4.74024,1.28078,0.84059,74.08464,-8.372445,3.06449,0.472404,,,,,,,,,,,,-1.65378,0.19634,1.43414,50,5.19969,-4.79062,-118.59091,-2.25251,-2.31074,26.66727,-31.89973,NOR_DEM,TEX_ISL,BrownStroudField,D1,SLAND,20260313-BrownStroudField-1,ca1177f0-1f3b-11f1-8827-db2f8d1f1106,79.78851,,,7.77808,,,,,,,99932099-0ba7-405d-b958-1caf3e33b2c7,2026-03-14,00:21:44.04,2026-03-13T19:21:44.0402432-05:00,2026-03-14T00:21:44.0402432Z,,v3,471394,4764,,"Huerta, Sebastian",1000220704,Right,NOR_DEM,24f5bf12-c9d3-4e07-9314-9a7303655d95,55.00099,-119.71018,13.33363,5.26613,-0.91361,-15.94987,1.63318,-4.69363,-1.15537,,,,,,,,,,,,,,,,,,,,,,,,,,,,,,,,,,,,,,,,,,,,,,,,,,,High,High,High,,,,,,,,,,,,,,,,,,,,,,,,,,,,,,,,,,,,,,,
88,2026-03-13,19:22:04.19,3,4,"Trosclair, Brody",10124039,Left,NOR_DEM,"Smith, Jackson",1000116497,Left,TEX_ISL,Undefined,3,Top,0,1,2,Undefined,Four-Seam,FoulBallNotFieldable,Undefined,Undefined,Undefined,0,0,,93.45602,-1.655522,3.628318,2625.954491,148.769073,11:00,5.57185,-1.76327,6.5787,-13.14327,18.75662,-10.63016,2.9558,0.68074,83.58219,-4.255013,1.701255,0.406505,94.80285,-1.297226,-42.731065,4438.788006,,,,39.81909,38.62376,-44.021518,0.303378,6.80555,10.74764,1.51806,50,5.4522,-8.1413,-135.35121,-4.20794,12.3441,35.67073,-12.67961,NOR_DEM,TEX_ISL,BrownStroudField,D1,SLAND,20260313-BrownStroudField-1,d60eed30-1f3b-11f1-8827-db2f8d1f1106,92.72313,2.49819,,9.87383,,,,-0.18514,2.49819,-0.37354,99932099-0ba7-405d-b958-1caf3e33b2c7,2026-03-14,00:22:04.19,2026-03-13T19:22:04.1998848-05:00,2026-03-14T00:22:04.1998848Z,GroundBall,v3,471394,4764,,"Huerta, Sebastian",1000220704,Right,NOR_DEM,ccfd87e8-90a0-4ff9-93d7-67822a635844,53.91808,-136.37988,17.83536,5.56828,-3.84228,-6.33981,1.75797,-8.49728,6.17205,,-0.17736,101.76473,-22.49203,,,,,,,2.50133,-3.28637,-16.377,,,,,,,-0.3772,-94.16434,13.87087,,,,,,,,,,,,,,,,,,,,,,,,,,,,,High,High,High,Medium,Medium,,,,,,,,,,,,,,,,,,,,,,,,,,,,,,,,,,,,,
89,2026-03-13,19:22:32.95,3,5,"Trosclair, Brody",10124039,Left,NOR_DEM,"Smith, Jackson",1000116497,Left,TEX_ISL,Undefined,3,Top,0,1,2,Undefined,Slider,FoulBallNotFieldable,Undefined,Undefined,Undefined,0,0,,81.5925,0.608441,2.605994,2993.065093,301.30203,4:00,5.41505,-1.78328,5.75932,-44.84621,-2.32728,6.12768,2.24483,1.15473,74.49352,-7.62036,3.702086,0.469313,,,,,,,,,,,,-2.36351,-1.04791,1.56324,50,5.43792,-5.62237,-118.37683,-0.23324,-3.3233,24.5129,-33.64753,NOR_DEM,TEX_ISL,BrownStroudField,D1,SLAND,20260313-BrownStroudField-1,e7352f70-1f3b-11f1-8827-db2f8d1f1106,80.31408,,,7.09899,,,,,,,99932099-0ba7-405d-b958-1caf3e33b2c7,2026-03-14,00:22:32.95,2026-03-13T19:22:32.9503744-05:00,2026-03-14T00:22:32.9503744Z,,v3,471394,4764,,"Huerta, Sebastian",1000220704,Right,NOR_DEM,a4601b5f-a585-49fe-9bc3-8ea1d8211f67,54.74232,-119.35481,12.25645,5.42045,1.10917,-16.82377,1.78491,-5.48978,-1.66165,,,,,,,,,,,,,,,,,,,,,,,,,,,,,,,,,,,,,,,,,,,,,,,,,,,High,High,High,,,,,,,,,,,,,,,,,,,,,,,,,,,,,,,,,,,,,,,
90,2026-03-13,19:22:58.95,3,6,"Trosclair, Brody",10124039,Left,NOR_DEM,"Smith, Jackson",1000116497,Left,TEX_ISL,Undefined,3,Top,0,1,2,Undefined,Slider,InPlay,Undefined,GroundBall,Out,2,0,,81.48021,1.104857,1.468359,3001.457587,282.019711,3:30,5.31726,-2.21356,6.6931,-41.19585,-0.4074,7.77099,2.89514,-0.22284,74.79316,-6.597787,2.884303,0.459663,82.62534,-12.212078,14.318643,,,,,12.57265,7.86652,14.152345,0.102536,-3.69634,-0.15976,2.11298,50,5.37486,-3.30284,-118.52302,1.11874,-5.24844,23.03689,-32.40092,NOR_DEM,TEX_ISL,BrownStroudField,D1,SLAND,20260313-BrownStroudField-1,f6b5b0f0-1f3b-11f1-8827-db2f8d1f1106,82.00008,2.63501,,6.68705,,,,0.3943,2.63501,0.06298,99932099-0ba7-405d-b958-1caf3e33b2c7,2026-03-14,00:22:58.95,2026-03-13T19:22:58.9560320-05:00,2026-03-14T00:22:58.9560320Z,GroundBall,v3,471394,4764,,"Huerta, Sebastian",1000220704,Right,NOR_DEM,5eb77270-b76a-4aba-815e-afa9c1c9edc2,53.80835,-119.26093,11.51845,5.3224,2.1566,-16.20046,2.21608,-3.13472,-2.62422,180,0.38955,115.05006,,,,,,,,2.63607,-25.6984,,,,,,,,0.06177,29.36576,,,,,,,,,,,,,,,,,,,,,,,,,,,,,,High,High,High,Low,Low,,,,,,,,,,,,,,,,,,,,,,,,,,,,,,,,,,,,,
91,2026-03-13,19:23:41.23,4,1,"Trosclair, Brody",10124039,Left,NOR_DEM,"Towchik, Maxwell",1000167584,Right,TEX_ISL,Undefined,3,Top,2,0,0,Undefined,Slider,StrikeSwinging,Undefined,Undefined,Undefined,0,0,,81.68333,-1.214941,2.338782,2968.891902,283.507086,3:30,5.49057,-1.99797,6.86762,-40.53108,-0.17756,5.86154,1.00451,0.62341,75.37285,-8.773883,3.411161,0.457206,,,,,,,,,,,,-2.4848,0.55906,1.84731,50,5.39876,-5.03999,-118.80343,-3.61967,-3.5427,23.27679,-31.37699,NOR_DEM,TEX_ISL,BrownStroudField,D1,SLAND,20260313-BrownStroudField-1,0ff613c0-1f3c-11f1-8827-db2f8d1f1106,82.44078,,,6.31047,,,,,,,99932099-0ba7-405d-b958-1caf3e33b2c7,2026-03-14,00:23:41.23,2026-03-13T19:23:41.2336640-05:00,2026-03-14T00:23:41.2336640Z,,v3,471394,4764,,"Huerta, Sebastian",1000220704,Right,NOR_DEM,3ea6dcb9-38bd-47ce-aab1-93f8e3ce1a81,53.63485,-119.51347,11.6384,5.49458,-2.66253,-15.6885,1.9994,-4.93192,-1.77135,,,,,,,,,,,,,,,,,,,,,,,,,,,,,,,,,,,,,,,,,,,,,,,,,,,High,High,High,,,,,,,,,,,,,,,,,,,,,,,,,,,,,,,,,,,,,,,
92,2026-03-13,19:23:58.85,4,2,"Trosclair, Brody",10124039,Left,NOR_DEM,"Towchik, Maxwell",1000167584,Right,TEX_ISL,Undefined,3,Top,2,0,1,Undefined,Slider,BallCalled,Undefined,Undefined,Undefined,0,0,,81.37875,2.380319,0.191929,3102.057247,290.104766,3:45,5.29121,-2.17402,6.67959,-43.6977,-2.98536,11.37379,3.82841,-1.05064,74.91283,-5.776384,2.263807,0.459234,,,,,,,,,,,,-5.90469,-1.77374,2.15744,50,5.43381,-0.79611,-118.3929,3.64792,-8.41749,21.67864,-34.70261,NOR_DEM,TEX_ISL,BrownStroudField,D1,SLAND,20260313-BrownStroudField-1,1a687c30-1f3c-11f1-8827-db2f8d1f1106,82.0767,,,6.46592,,,,,,,99932099-0ba7-405d-b958-1caf3e33b2c7,2026-03-14,00:23:58.85,2026-03-13T19:23:58.8531200-05:00,2026-03-14T00:23:58.8531200Z,,v3,471394,4764,,"Huerta, Sebastian",1000220704,Right,NOR_DEM,1ec872d9-fcb0-489e-8080-8ec10343b4f5,53.82215,-119.09071,10.83932,5.29841,4.76496,-17.35131,2.1787,-0.52516,-4.20875,,,,,,,,,,,,,,,,,,,,,,,,,,,,,,,,,,,,,,,,,,,,,,,,,,,High,High,High,,,,,,,,,,,,,,,,,,,,,,,,,,,,,,,,,,,,,,,
93,2026-03-13,19:24:13.88,4,3,"Trosclair, Brody",10124039,Left,NOR_DEM,"Towchik, Maxwell",1000167584,Right,TEX_ISL,Undefined,3,Top,2,1,1,Undefined,Slider,InPlay,Undefined,GroundBall,Out,1,0,,80.09343,2.044915,1.53046,2997.409733,258.226571,2:30,5.21694,-2.39086,6.54929,-40.06916,2.32453,5.04788,3.75455,-0.5664,73.48245,-5.44754,2.446935,0.468621,82.12902,-16.086445,-44.208023,,,,,13.52589,11.66614,-36.567003,0.110837,-2.23921,1.02382,2.28306,50,5.34131,-3.2828,-116.43532,3.02918,-3.07697,21.66296,-30.7672,NOR_DEM,TEX_ISL,BrownStroudField,D1,SLAND,20260313-BrownStroudField-1,23635fd0-1f3c-11f1-8827-db2f8d1f1106,80.43261,3.70665,,6.61099,,,,1.68746,3.70665,0.91212,99932099-0ba7-405d-b958-1caf3e33b2c7,2026-03-14,00:24:13.88,2026-03-13T19:24:13.8897408-05:00,2026-03-14T00:24:13.8897408Z,GroundBall,v3,471394,4764,,"Huerta, Sebastian",1000220704,Right,NOR_DEM,6266704e-23df-4082-8a63-0afc5adbedc5,53.95199,-117.16828,10.83148,5.2212,4.07019,-15.3836,2.39237,-3.17869,-1.53848,166.237597,1.68746,82.96313,-1.57923,,,,,,,3.70665,-33.37741,-0.58593,,,,,,,0.91212,-80.70116,-2.08765,,,,,,,,,,,,,,,,,,,,,,,,,,,,,High,High,High,Low,Low,,,,,,,,,,,,,,,,,,,,,,,,,,,,,,,,,,,,,
94,2026-03-13,19:37:26.07,1,1,"Smith, Easten",1000261621,Right,TEX_ISL,"White, Zach",10149850,Left,NOR_DEM,Undefined,3,Bottom,0,0,0,Undefined,Four-Seam,FoulBallNotFieldable,Undefined,Undefined,Undefined,0,0,,88.2817,-2.177092,-1.884945,2427.243399,201.048149,12:45,5.83778,1.15774,6.24115,-14.60824,21.07796,7.63666,2.6102,0.05482,80.07083,-5.016402,-0.506178,0.429954,75.2593,70.796105,-139.506991,2323.870125,,,,,11.16543,,,-4.56272,11.99146,-1.0211,50,5.66828,3.9152,-128.10191,-5.22833,-7.51165,28.74897,-12.43232,NOR_DEM,TEX_ISL,BrownStroudField,D1,SLAND,20260313-BrownStroudField-1,fb8ec560-1f3d-11f1-8827-db2f8d1f1106,87.6663,31.45596,,8.21087,,,,0.47604,3.31945,-0.07001,99932099-0ba7-405d-b958-1caf3e33b2c7,2026-03-14,00:37:26.07,2026-03-13T19:37:26.0768768-05:00,2026-03-14T00:37:26.0768768Z,,v3,471394,4764,,"Azemar, Hunter",10091882,Right,TEX_ISL,cb976186-3319-4afa-a987-8a9a28ee9020,54.25843,-129.05406,14.37449,5.83463,-4.81658,-6.21616,-1.15489,4.16398,-3.75583,11.338575,0.48455,-27.98908,-7.73366,,,,,,,3.33156,103.70718,-38.24049,,,,,,,-0.07116,-23.52692,3.87401,,,,,,,,,,,,,,,,,,,,,,,,,,,,,High,High,High,Low,Undefined,,,,,,,,,,,,,,,,,,,,,,,,,,,,,,,,,,,,,
95,2026-03-13,19:37:44.73,1,2,"Smith, Easten",1000261621,Right,TEX_ISL,"White, Zach",10149850,Left,NOR_DEM,Undefined,3,Bottom,0,0,1,Undefined,Four-Seam,StrikeCalled,Undefined,Undefined,Undefined,0,0,,88.99026,-2.423548,-2.018385,2354.694471,184.942814,12:15,5.67767,1.42776,5.69238,-18.00229,17.89005,1.43988,1.91603,-0.33413,80.79623,-5.832162,-1.761115,0.431194,,,,,,,,,,,,-1.34051,10.18717,-1.25897,50,5.46275,4.48196,-128.95,-6.00823,-2.23867,28.85808,-15.16124,NOR_DEM,TEX_ISL,BrownStroudField,D1,SLAND,20260313-BrownStroudField-1,06b42a20-1f3e-11f1-8827-db2f8d1f1106,87.4142,,,8.19403,,,,,,,99932099-0ba7-405d-b958-1caf3e33b2c7,2026-03-14,00:37:44.73,2026-03-13T19:37:44.7386624-05:00,2026-03-14T00:37:44.7386624Z,,v3,471394,4764,,"Azemar, Hunter",10091882,Right,TEX_ISL,0ce376f8-df41-44df-829e-56f5e6647e0c,54.8055,-130.02099,14.42904,5.67529,-5.44556,-7.58062,-1.42685,4.56505,-1.11934,,,,,,,,,,,,,,,,,,,,,,,,,,,,,,,,,,,,,,,,,,,,,,,,,,,High,High,High,,,,,,,,,,,,,,,,,,,,,,,,,,,,,,,,,,,,,,,
96,2026-03-13,19:38:05.26,1,3,"Smith, Easten",1000261621,Right,TEX_ISL,"White, Zach",10149850,Left,NOR_DEM,Undefined,3,Bottom,0,0,2,Undefined,Changeup,InPlay,Undefined,FlyBall,Single,0,0,,84.07825,-1.01371,-1.209541,1549.802458,213.313342,1:00,5.42888,1.42432,5.98804,-23.2856,16.6578,9.99343,2.54858,1.13591,75.8288,-5.436755,0.587596,0.454877,68.5514,27.731067,1.692287,1998.486511,109.99992,40.01373,0.02276,219.3301,219.3301,-0.282627,3.505473,-5.54792,9.31162,-1.33448,50,5.33624,2.18161,-121.95973,-2.82379,-8.22008,27.62732,-18.37744,NOR_DEM,TEX_ISL,BrownStroudField,D1,SLAND,20260313-BrownStroudField-1,12ecd3a0-1f3e-11f1-8827-db2f8d1f1106,82.86291,40.41888,,8.24946,,,,1.12694,3.1868,-1.06939,99932099-0ba7-405d-b958-1caf3e33b2c7,2026-03-14,00:38:05.26,2026-03-13T19:38:05.2641280-05:00,2026-03-14T00:38:05.2641280Z,FlyBall,v3,471394,4764,,"Azemar, Hunter",10091882,Right,TEX_ISL,e7ffe2ce-cdb4-4ce2-bd92-a7f7a91e9d02,54.51002,-122.97714,13.81366,5.42776,-2.14702,-9.18872,-1.4204,2.48432,-4.11004,167.798333,1.12686,88.95866,-13.19849,2.71279,-0.60761,0.16981,-0.04852,0.00935,-0.00075,3.18715,46.7721,-15.71024,0.57568,0.17764,-0.16966,0.06934,-0.01333,0.00097,-1.06936,2.62702,-2.00638,0.66911,-0.14185,0.01269,0.00242,-0.00062,4E-05,,,,,,,,,,,,,,,,,,,,,,,High,High,High,High,Medium,,,,,,,,,,,,,,,,,,,,,,,,,,,,,,,,,,,,,
97,2026-03-13,19:38:42.33,2,1,"Smith, Easten",1000261621,Right,TEX_ISL,"Leonard, Brooks",1000166243,Right,NOR_DEM,Undefined,3,Bottom,0,0,0,Undefined,Slider,StrikeSwinging,Undefined,Undefined,Undefined,0,0,,85.35746,-1.077765,-2.897546,2439.25194,148.080994,11:00,5.31661,1.46068,4.36776,-32.6384,8.69052,-4.47654,1.56593,-1.68218,77.11369,-6.984971,-3.677314,0.462699,,,,,,,,,,,,1.23476,4.97933,-1.14513,50,5.16927,6.45664,-123.31158,-3.63556,1.87274,27.94607,-24.62199,NOR_DEM,TEX_ISL,BrownStroudField,D1,SLAND,20260313-BrownStroudField-1,2906f030-1f3e-11f1-8827-db2f8d1f1106,81.46215,,,8.24377,,,,,,,99932099-0ba7-405d-b958-1caf3e33b2c7,2026-03-14,00:38:42.33,2026-03-13T19:38:42.3300000-05:00,2026-03-14T00:38:42.3300000Z,,v3,471394,4764,,"Azemar, Hunter",10091882,Right,TEX_ISL,b5c6cb9e-31dc-43f1-9c97-c2a44495756b,56.12891,-124.69284,13.97304,5.31888,-2.4186,-12.31099,-1.46197,6.36408,0.93637,,,,,,,,,,,,,,,,,,,,,,,,,,,,,78.47851,2.001649,0.72704,1.274609,0.59759,1.46465,1.7349,-0.25994,6.23798,1.84477,127.27779,-0.82782,2.21068,-0.12563,112.99106,-10.34782,6.26588,9.87914,-12.14625,1.76785,-4.80391,4.10883,High,High,High,,,High,Low,Low,,,,,,,,,,,,,,,,,,,,,,,,,,,,,,,,,,
98,2026-03-13,19:39:02.33,2,2,"Smith, Easten",1000261621,Right,TEX_ISL,"Leonard, Brooks",1000166243,Right,NOR_DEM,Undefined,3,Bottom,0,0,1,Undefined,,InPlay,Undefined,Undefined,Out,1,0,,,,,,,,,,,,,,,,,,,,,,,,,,,,,,,,,,,,,,,,,,NOR_DEM,TEX_ISL,BrownStroudField,D1,SLAND,20260313-BrownStroudField-1,5efe6030-1fa5-11f1-ae95-f33898300492,,,,,,,,,,,99932099-0ba7-405d-b958-1caf3e33b2c7,2026-03-14,00:39:02.33,2026-03-13T19:39:02.3300000-05:00,2026-03-14T00:39:02.3300000Z,,v3,471394,4764,,"Azemar, Hunter",10091882,Right,TEX_ISL,4d09ad18-df48-4876-98dc-692ec83bd5a0,,,,,,,,,,,,,,,,,,,,,,,,,,,,,,,,,,,,,,,,,,,,,,,,,,,,,,,,,,,,,,,,,,,,,,,,,,,,,,,,,,,,,,,,,,,,,,,,,,,,,
99,2026-03-13,19:39:23.84,3,1,"Smith, Easten",1000261621,Right,TEX_ISL,"Johnson, Bryce",1000121296,Right,NOR_DEM,Undefined,3,Bottom,1,0,0,Undefined,Cutter,InPlay,Undefined,Popup,Out,1,0,,84.54989,-0.948809,-0.754979,2507.88255,180.588488,12:00,5.56505,1.56786,5.57909,-24.91706,14.80643,0.1385,2.60232,0.87424,77.0041,-5.603434,-0.730257,0.453623,54.96568,22.594473,6.574374,3256.432342,,,,136.69832,131.44079,12.232616,2.270184,-0.29181,8.16544,-1.50301,50,5.46739,1.61102,-122.68995,-2.83044,-0.4424,25.4862,-19.79434,NOR_DEM,TEX_ISL,BrownStroudField,D1,SLAND,20260313-BrownStroudField-1,41c48e70-1f3e-11f1-8827-db2f8d1f1106,83.092,18.98536,,7.54579,,,,0.13529,3.04328,-0.77534,99932099-0ba7-405d-b958-1caf3e33b2c7,2026-03-14,00:39:23.84,2026-03-13T19:39:23.8457856-05:00,2026-03-14T00:39:23.8457856Z,GroundBall,v3,471394,4764,,"Azemar, Hunter",10091882,Right,TEX_ISL,b407b125-621d-4e8b-af55-c3e69b88df72,54.9194,-123.70764,12.7431,5.56463,-2.04004,-9.89717,-1.56768,1.62868,-0.2212,224.706067,0.13523,73.94326,-9.01811,1.62941,-0.58093,0.35526,-0.18265,0.0518,-0.00578,3.04333,30.97036,-15.75953,0.68194,0.11828,-0.18935,0.11423,-0.03144,0.00326,-0.77533,8.52104,3.00105,-0.7464,0.22458,-0.0748,0.02924,-0.00764,0.00082,,,,,,,,,,,,,,,,,,,,,,,High,High,High,High,High,,,,,,,,,,,,,,,,,,,,,,,,,,,,,,,,,,,,,
100,2026-03-13,19:39:58.18,4,1,"Smith, Easten",1000261621,Right,TEX_ISL,"Marsala III, Thomas",1000096473,Left,NOR_DEM,Undefined,3,Bottom,2,0,0,Undefined,Changeup,BallCalled,Undefined,Undefined,Undefined,0,0,,83.40219,0.128916,-0.656622,1506.361544,233.57847,1:45,5.35553,1.6239,6.66879,-29.83663,9.34449,10.90843,2.98711,1.93214,75.91991,-5.520062,1.331172,0.450515,,,,,,,,,,,,-5.8724,5.30642,-1.5833,50,5.35249,0.98479,-121.22946,-0.54689,-8.67772,25.25649,-24.33268,NOR_DEM,TEX_ISL,BrownStroudField,D1,SLAND,20260313-BrownStroudField-1,563fc810-1f3e-11f1-8827-db2f8d1f1106,83.66514,,,7.48228,,,,,,,99932099-0ba7-405d-b958-1caf3e33b2c7,2026-03-14,00:39:58.18,2026-03-13T19:39:58.1805056-05:00,2026-03-14T00:39:58.1805056Z,,v3,471394,4764,,"Azemar, Hunter",10091882,Right,TEX_ISL,e6ff8672-b673-484e-ac3e-6fb36a9c6cae,53.82821,-122.0244,12.62825,5.35765,0.21898,-12.16634,-1.61859,1.25792,-4.33886,,,,,,,,,,,,,,,,,,,,,,,,,,,,,,,,,,,,,,,,,,,,,,,,,,,High,Medium,Medium,,,,,,,,,,,,,,,,,,,,,,,,,,,,,,,,,,,,,,,
101,2026-03-13,19:40:16.86,4,2,"Smith, Easten",1000261621,Right,TEX_ISL,"Marsala III, Thomas",1000096473,Left,NOR_DEM,Undefined,3,Bottom,2,1,0,Undefined,Cutter,StrikeCalled,Undefined,Undefined,Undefined,0,0,,84.38005,-1.40985,-0.941708,2534.861034,170.770172,11:45,5.33565,1.45281,3.98959,-25.85608,16.56017,-2.4552,1.82466,0.34249,76.72401,-6.105989,-1.36725,0.468746,,,,,,,,,,,,0.89709,8.73556,-1.34273,50,5.14787,2.1272,-122.07246,-4.03123,1.347,25.13701,-19.05754,NOR_DEM,TEX_ISL,BrownStroudField,D1,SLAND,20260313-BrownStroudField-1,61688830-1f3e-11f1-8827-db2f8d1f1106,80.41124,,,7.65604,,,,,,,99932099-0ba7-405d-b958-1caf3e33b2c7,2026-03-14,00:40:16.86,2026-03-13T19:40:16.8656896-05:00,2026-03-14T00:40:16.8656896Z,,v3,471394,4764,,"Azemar, Hunter",10091882,Right,TEX_ISL,139d68f7-322d-4411-a1d9-3d8470d5d51a,56.5074,-123.40518,12.56851,5.33482,-3.02083,-9.52877,-1.45362,2.05579,0.6735,,,,,,,,,,,,,,,,,,,,,,,,,,,,,,,,,,,,,,,,,,,,,,,,,,,High,High,High,,,,,,,,,,,,,,,,,,,,,,,,,,,,,,,,,,,,,,,
102,2026-03-13,19:40:36.44,4,3,"Smith, Easten",1000261621,Right,TEX_ISL,"Marsala III, Thomas",1000096473,Left,NOR_DEM,Undefined,3,Bottom,2,1,1,Undefined,Slider,InPlay,Undefined,GroundBall,Out,1,0,,84.80228,-1.854785,-0.855981,2488.26553,129.833131,10:15,5.35634,1.47071,4.61251,-33.2225,7.91607,-7.79603,0.8234,0.00709,77.2544,-7.866012,-2.224106,0.461632,97.59464,-30.247691,167.699246,,,,,1.16183,1.16183,15.464192,0.014072,3.58103,4.81673,-1.3749,50,5.13519,2.19086,-122.79234,-5.27297,5.41897,26.33007,-24.88515,NOR_DEM,TEX_ISL,BrownStroudField,D1,SLAND,20260313-BrownStroudField-1,6d0abe10-1f3e-11f1-8827-db2f8d1f1106,81.65038,1.01544,,7.54788,,,,2.82115,1.01544,-0.0612,99932099-0ba7-405d-b958-1caf3e33b2c7,2026-03-14,00:40:36.44,2026-03-13T19:40:36.4431360-05:00,2026-03-14T00:40:36.4431360Z,GroundBall,v3,471394,4764,,"Azemar, Hunter",10091882,Right,TEX_ISL,4308da9c-37e9-403a-8d79-2de4824e7390,55.88687,-124.04823,13.16503,5.35839,-4.086,-12.44257,-1.47323,1.93239,2.70948,,2.82136,-120.90253,,,,,,,,1.01556,-72.1583,,,,,,,,-0.06124,26.36268,,,,,,,,,,,,,,,,,,,,,,,,,,,,,,High,High,High,Estimated,Estimated,,,,,,,,,,,,,,,,,,,,,,,,,,,,,,,,,,,,,
103,2026-03-13,19:47:30.57,1,1,"Trosclair, Brody",10124039,Left,NOR_DEM,"Smith-Johnson, Christian",1000093678,Right,TEX_ISL,Undefined,4,Top,0,0,0,Undefined,Curveball,StrikeCalled,Undefined,Undefined,Undefined,0,0,,78.78145,0.746486,1.21036,2959.178058,289.421603,3:45,5.21541,-2.25145,6.10547,-47.19278,-2.29213,10.64642,1.9732,-0.24477,72.06196,-7.970682,3.130459,0.482278,,,,,,,,,,,,-5.12095,-0.94886,2.15303,50,5.24838,-2.80702,-114.44884,0.03468,-6.73763,22.70779,-33.42244,NOR_DEM,TEX_ISL,BrownStroudField,D1,SLAND,20260313-BrownStroudField-1,63e18200-1f3f-11f1-8827-db2f8d1f1106,78.15493,,,6.7195,,,,,,,99932099-0ba7-405d-b958-1caf3e33b2c7,2026-03-14,00:47:30.57,2026-03-13T19:47:30.5756672-05:00,2026-03-14T00:47:30.5756672Z,,v3,471394,4764,,"Huerta, Sebastian",1000220704,Right,NOR_DEM,b7735d5d-938b-4ab6-b134-8bfb2c95eda7,54.3951,-115.31758,11.35389,5.2226,1.31332,-16.71122,2.25549,-2.54926,-3.36882,,,,,,,,,,,,,,,,,,,,,,,,,,,,,,,,,,,,,,,,,,,,,,,,,,,High,High,High,,,,,,,,,,,,,,,,,,,,,,,,,,,,,,,,,,,,,,,
104,2026-03-13,19:47:45.35,1,2,"Trosclair, Brody",10124039,Left,NOR_DEM,"Smith-Johnson, Christian",1000093678,Right,TEX_ISL,Undefined,4,Top,0,0,1,Undefined,Four-Seam,BallCalled,Undefined,Undefined,Undefined,0,0,,90.61814,-2.198943,4.714183,2517.300664,138.118041,10:30,5.50226,-1.85442,6.41577,-17.72052,16.03166,-13.33757,1.99608,1.37795,82.28497,-5.593647,2.308027,0.418141,,,,,,,,,,,,8.46646,9.40032,1.52313,50,5.3365,-10.30488,-131.2153,-5.54216,14.65023,29.70755,-15.90793,NOR_DEM,TEX_ISL,BrownStroudField,D1,SLAND,20260313-BrownStroudField-1,6caa0b00-1f3f-11f1-8827-db2f8d1f1106,90.14295,,,8.33318,,,,,,,99932099-0ba7-405d-b958-1caf3e33b2c7,2026-03-14,00:47:45.35,2026-03-13T19:47:45.3506048-05:00,2026-03-14T00:47:45.3506048Z,,v3,471394,4764,,"Huerta, Sebastian",1000220704,Right,NOR_DEM,87ff7422-a61c-4fdd-adf6-3d8398083c1b,54.08551,-132.13703,14.85378,5.5008,-5.04859,-7.95396,1.84991,-10.75943,7.32511,,,,,,,,,,,,,,,,,,,,,,,,,,,,,,,,,,,,,,,,,,,,,,,,,,,High,High,High,,,,,,,,,,,,,,,,,,,,,,,,,,,,,,,,,,,,,,,
105,2026-03-13,19:48:03.70,1,3,"Trosclair, Brody",10124039,Left,NOR_DEM,"Smith-Johnson, Christian",1000093678,Right,TEX_ISL,Undefined,4,Top,0,1,1,Undefined,Slider,FoulBallNotFieldable,Undefined,Undefined,Undefined,0,0,,78.6695,0.669201,1.741767,2971.182742,276.213801,3:15,5.15353,-2.31261,5.76714,-45.34861,0.1226,11.99264,1.99761,0.3083,72.19966,-7.654544,3.888882,0.485333,,,,,,,,,,,,-5.67583,0.21567,2.16082,50,5.1811,-3.9145,-114.25461,-0.10651,-7.46961,21.91773,-31.89021,NOR_DEM,TEX_ISL,BrownStroudField,D1,SLAND,20260313-BrownStroudField-1,77a41a00-1f3f-11f1-8827-db2f8d1f1106,77.66308,,,6.46983,,,,,,,99932099-0ba7-405d-b958-1caf3e33b2c7,2026-03-14,00:48:03.70,2026-03-13T19:48:03.7097984-05:00,2026-03-14T00:48:03.7097984Z,,v3,471394,4764,,"Huerta, Sebastian",1000220704,Right,NOR_DEM,5d2b1141-6bdc-4d6b-901d-25c54b16ca2c,54.73503,-115.15936,10.95887,5.15832,1.2099,-15.94511,2.31605,-3.60616,-3.73481,,,,,,,,,,,,,,,,,,,,,,,,,,,,,,,,,,,,,,,,,,,,,,,,,,,High,High,High,,,,,,,,,,,,,,,,,,,,,,,,,,,,,,,,,,,,,,,
106,2026-03-13,19:48:25.15,1,4,"Trosclair, Brody",10124039,Left,NOR_DEM,"Smith-Johnson, Christian",1000093678,Right,TEX_ISL,Undefined,4,Top,0,1,2,Undefined,Curveball,FoulBallNotFieldable,Undefined,Undefined,Undefined,0,0,,76.59375,-0.077284,-0.179973,3031.103814,303.412712,4:00,5.76565,-1.89838,6.36664,-52.67511,-5.68268,10.92646,1.30494,-1.15346,70.35559,-9.811287,1.8052,0.493384,,,,,,,,,,,,-5.76788,-2.50244,1.90652,50,5.73594,-0.01871,-111.38522,-1.67134,-7.1818,21.66776,-35.28992,NOR_DEM,TEX_ISL,BrownStroudField,D1,SLAND,20260313-BrownStroudField-1,846db8e0-1f3f-11f1-8827-db2f8d1f1106,76.3957,,,6.23816,,,,,,,99932099-0ba7-405d-b958-1caf3e33b2c7,2026-03-14,00:48:25.15,2026-03-13T19:48:25.1576832-05:00,2026-03-14T00:48:25.1576832Z,,v3,471394,4764,,"Huerta, Sebastian",1000220704,Right,NOR_DEM,4852fb1a-0a2e-4d2e-94c4-085f0ab06fb0,54.13556,-112.18683,10.83388,5.77362,-0.36578,-17.64496,1.9023,0.24698,-3.5909,,,,,,,,,,,,,,,,,,,,,,,,,,,,,,,,,,,,,,,,,,,,,,,,,,,High,High,High,,,,,,,,,,,,,,,,,,,,,,,,,,,,,,,,,,,,,,,
107,2026-03-13,19:48:48.10,1,5,"Trosclair, Brody",10124039,Left,NOR_DEM,"Smith-Johnson, Christian",1000093678,Right,TEX_ISL,Undefined,4,Top,0,1,2,Undefined,Slider,BallCalled,Undefined,Undefined,Undefined,0,0,,79.8004,0.002959,0.853213,3069.402235,297.336262,4:00,5.39826,-1.96483,6.00438,-48.64577,-5.02992,12.28796,1.34719,-0.15024,73.64835,-8.917231,3.06809,0.475328,,,,,,,,,,,,-6.09922,-2.20126,1.89104,50,5.37183,-2.17947,-116.03938,-1.54775,-8.30558,21.97155,-35.17164,NOR_DEM,TEX_ISL,BrownStroudField,D1,SLAND,20260313-BrownStroudField-1,921cd5c0-1f3f-11f1-8827-db2f8d1f1106,79.2977,,,6.15205,,,,,,,99932099-0ba7-405d-b958-1caf3e33b2c7,2026-03-14,00:48:48.10,2026-03-13T19:48:48.1027584-05:00,2026-03-14T00:48:48.1027584Z,,v3,471394,4764,,"Huerta, Sebastian",1000220704,Right,NOR_DEM,9235c0f6-0414-4f7c-a234-ba3cf1afc754,54.49831,-116.88801,10.98577,5.40538,-0.18927,-17.58582,1.96903,-1.85867,-4.15279,,,,,,,,,,,,,,,,,,,,,,,,,,,,,,,,,,,,,,,,,,,,,,,,,,,High,High,High,,,,,,,,,,,,,,,,,,,,,,,,,,,,,,,,,,,,,,,
108,2026-03-13,19:49:09.67,1,6,"Trosclair, Brody",10124039,Left,NOR_DEM,"Smith-Johnson, Christian",1000093678,Right,TEX_ISL,Undefined,4,Top,0,2,2,Undefined,Four-Seam,StrikeSwinging,Strikeout,Undefined,Undefined,0,0,,91.92852,-0.357535,2.279834,2503.882816,165.667514,11:30,5.60281,-1.82403,6.57068,-15.68607,16.68843,-3.99205,3.96764,-0.06577,83.51894,-3.393348,1.555049,0.409518,,,,,,,,,,,,2.75894,9.1756,1.66876,50,5.57123,-5.15505,-133.52968,-1.22973,4.95258,30.29741,-15.70288,NOR_DEM,TEX_ISL,BrownStroudField,D1,SLAND,20260313-BrownStroudField-1,9ef20d60-1f3f-11f1-8827-db2f8d1f1106,92.04096,,,8.40958,,,,,,,99932099-0ba7-405d-b958-1caf3e33b2c7,2026-03-14,00:49:09.67,2026-03-13T19:49:09.6770000-05:00,2026-03-14T00:49:09.6770000Z,,v3,471394,4764,,"Huerta, Sebastian",1000220704,Right,NOR_DEM,773119ba-909b-4cf7-b9db-d0ff17fcc940,53.92742,-134.41784,15.14871,5.60053,-0.76941,-7.85144,1.82201,-5.30023,2.47629,,,,,,,,,,,,,,,,,,,,,,,,,,,,,74.06246,,,0.854688,,,,3.79531,5.76883,-0.19323,65.05237,0.6124,-59.73043,3.80227,75.21048,-4.17796,5.78341,6.20146,-14.39611,-0.22048,-77.50268,9.32262,High,High,High,,,High,Medium,Low,,,,,,,,,,,,,,,,,,,,,,,,,,,,,,,,,,
109,2026-03-13,19:49:39.02,2,1,"Trosclair, Brody",10124039,Left,NOR_DEM,"Azemar, Hunter",10091882,Right,TEX_ISL,Undefined,4,Top,1,0,0,Undefined,Slider,StrikeCalled,Undefined,Undefined,Undefined,0,0,,79.38809,0.910559,0.649383,3025.608528,289.848965,3:45,5.1922,-1.95407,5.72138,-47.45692,-2.99886,11.98568,2.08574,-0.35036,73.19366,-7.772082,2.796163,0.479895,,,,,,,,,,,,-5.91882,-1.35567,1.89236,50,5.23894,-1.76701,-115.38859,0.26136,-7.99406,21.11503,-34.00505,NOR_DEM,TEX_ISL,BrownStroudField,D1,SLAND,20260313-BrownStroudField-1,b07b5730-1f3f-11f1-8827-db2f8d1f1106,78.54305,,,6.19443,,,,,,,99932099-0ba7-405d-b958-1caf3e33b2c7,2026-03-14,00:49:39.02,2026-03-13T19:49:39.0225408-05:00,2026-03-14T00:49:39.0225408Z,,v3,471394,4764,,"Huerta, Sebastian",1000220704,Right,NOR_DEM,9c122704-4b69-489c-956e-a4c365d826af,54.78061,-116.2601,10.55751,5.19918,1.66491,-17.00253,1.95848,-1.43706,-3.99703,,,,,,,,,,,,,,,,,,,,,,,,,,,,,,,,,,,,,,,,,,,,,,,,,,,High,High,High,,,,,,,,,,,,,,,,,,,,,,,,,,,,,,,,,,,,,,,
110,2026-03-13,19:49:53.29,2,2,"Trosclair, Brody",10124039,Left,NOR_DEM,"Azemar, Hunter",10091882,Right,TEX_ISL,Undefined,4,Top,1,0,1,Undefined,Four-Seam,InPlay,Undefined,FlyBall,Out,1,0,,92.3542,-2.5552,3.540541,2488.303773,151.984467,11:00,5.53443,-1.7422,6.16598,-12.44367,20.21966,-10.17481,2.13109,0.68452,84.01049,-4.977664,1.710156,0.411341,84.40156,31.946876,1.009444,3547.943768,,,,,286.87957,,,6.33063,11.5604,1.47883,50,5.33397,-7.85974,-133.84409,-6.29631,11.43159,30.11383,-11.29876,NOR_DEM,TEX_ISL,BrownStroudField,D1,SLAND,20260313-BrownStroudField-1,b8ec4a50-1f3f-11f1-8827-db2f8d1f1106,91.63316,35.55206,,8.34371,,,,2.32213,2.28949,-0.65268,99932099-0ba7-405d-b958-1caf3e33b2c7,2026-03-14,00:49:53.29,2026-03-13T19:49:53.2960768-05:00,2026-03-14T00:49:53.2960768Z,,v3,471394,4764,,"Huerta, Sebastian",1000220704,Right,NOR_DEM,91848cb4-eacc-4802-ab18-dcf2c0e9fc12,54.33447,-134.81578,15.05691,5.53126,-5.93173,-5.64938,1.73839,-8.2286,5.7158,219.644071,2.32213,105.0233,-18.37223,4.12161,-0.83111,0.15369,-0.03321,0.01021,-0.00276,2.28949,65.50068,-17.64053,0.7001,0.06747,-0.05214,0.01344,0.00212,-0.00211,-0.65268,1.85051,7.88494,-2.79728,0.78143,-0.19186,0.04573,-0.0098,0.00138,,,,,,,,,,,,,,,,,,,,,,,High,High,High,High,Undefined,,,,,,,,,,,,,,,,,,,,,,,,,,,,,,,,,,,,,
111,2026-03-13,19:50:28.92,3,1,"Trosclair, Brody",10124039,Left,NOR_DEM,"Cassie, Noah",10971528,Right,TEX_ISL,Undefined,4,Top,2,0,0,Undefined,Slider,StrikeCalled,Undefined,Undefined,Undefined,0,0,,80.23186,1.382592,1.164992,2858.625317,290.592353,3:45,5.1682,-2.22311,6.2796,-43.51168,-1.12709,6.16898,2.81712,-0.63507,74.22037,-6.668438,2.280524,0.468571,,,,,,,,,,,,-2.90091,-0.53839,2.13431,50,5.24941,-2.59554,-116.71979,1.49186,-4.03384,20.32541,-32.9227,NOR_DEM,TEX_ISL,BrownStroudField,D1,SLAND,20260313-BrownStroudField-1,ce35f780-1f3f-11f1-8827-db2f8d1f1106,80.44126,,,6.0115,,,,,,,99932099-0ba7-405d-b958-1caf3e33b2c7,2026-03-14,00:50:28.92,2026-03-13T19:50:28.9232384-05:00,2026-03-14T00:50:28.9232384Z,,v3,471394,4764,,"Huerta, Sebastian",1000220704,Right,NOR_DEM,49f3e01b-1dc7-4197-8d78-012454924f8e,54.22211,-117.45272,10.1627,5.17421,2.67905,-16.46135,2.22529,-2.45009,-2.01692,,,,,,,,,,,,,,,,,,,,,,,,,,,,,,,,,,,,,,,,,,,,,,,,,,,High,High,High,,,,,,,,,,,,,,,,,,,,,,,,,,,,,,,,,,,,,,,
112,2026-03-13,19:50:44.24,3,2,"Trosclair, Brody",10124039,Left,NOR_DEM,"Cassie, Noah",10971528,Right,TEX_ISL,Undefined,4,Top,2,0,1,Undefined,Four-Seam,StrikeCalled,Undefined,Undefined,Undefined,0,0,,91.68348,-0.907947,3.701958,2434.629968,142.904125,10:45,5.50711,-1.89106,6.43931,-17.83497,14.71229,-10.36268,3.18469,0.65203,83.91143,-4.308376,1.828343,0.410609,,,,,,,,,,,,6.42591,8.24658,1.63222,50,5.43425,-8.19607,-133.08462,-2.61634,11.55117,27.94654,-17.35005,NOR_DEM,TEX_ISL,BrownStroudField,D1,SLAND,20260313-BrownStroudField-1,d74d8ae0-1f3f-11f1-8827-db2f8d1f1106,91.79638,,,7.77204,,,,,,,99932099-0ba7-405d-b958-1caf3e33b2c7,2026-03-14,00:50:44.24,2026-03-13T19:50:44.2441216-05:00,2026-03-14T00:50:44.2441216Z,,v3,471394,4764,,"Huerta, Sebastian",1000220704,Right,NOR_DEM,dffe7b1f-b32f-4d9a-bb78-9fa9ef0c0ce8,54.06099,-133.93467,13.97327,5.5058,-2.0886,-8.67502,1.88687,-8.54742,5.77559,,,,,,,,,,,,,,,,,,,,,,,,,,,,,,,,,,,,,,,,,,,,,,,,,,,High,High,High,,,,,,,,,,,,,,,,,,,,,,,,,,,,,,,,,,,,,,,
113,2026-03-13,19:51:00.85,3,3,"Trosclair, Brody",10124039,Left,NOR_DEM,"Cassie, Noah",10971528,Right,TEX_ISL,Undefined,4,Top,2,0,2,Undefined,Curveball,InPlay,Undefined,GroundBall,Out,1,0,,79.73636,1.06677,0.614703,3214.134862,309.04491,4:15,5.62702,-1.61364,5.74995,-52.01826,-8.04603,11.51068,2.28549,-0.08212,73.67982,-8.424857,2.678736,0.477266,70.66302,6.690027,12.200635,1848.907657,,,,78.21519,78.15836,15.465103,0.803764,-5.73276,-4.055,1.55534,50,5.68344,-1.67702,-115.94631,0.42513,-7.82145,21.22438,-37.70647,NOR_DEM,TEX_ISL,BrownStroudField,D1,SLAND,20260313-BrownStroudField-1,e13d07b0-1f3f-11f1-8827-db2f8d1f1106,78.97573,4.24267,,6.05653,,,,0.31761,2.35026,0.22333,99932099-0ba7-405d-b958-1caf3e33b2c7,2026-03-14,00:51:00.85,2026-03-13T19:51:00.8584704-05:00,2026-03-14T00:51:00.8584704Z,GroundBall,v3,471394,4764,,"Huerta, Sebastian",1000220704,Right,NOR_DEM,69c86d03-8c87-4d57-ac65-831a66d38413,54.75402,-116.81331,10.61219,5.63461,1.96541,-18.85324,1.61732,-1.35752,-3.91072,287.371032,0.327,100.44954,-8.80752,,,,,,,2.37648,11.63588,-18.19385,,,,,,,0.19946,22.15517,4.44465,,,,,,,,,,,,,,,,,,,,,,,,,,,,,High,High,High,Medium,Medium,,,,,,,,,,,,,,,,,,,,,,,,,,,,,,,,,,,,,
114,2026-03-13,19:53:13.68,1,1,"Smith, Easten",1000261621,Right,TEX_ISL,"Siervo, Joe",1000090286,Right,NOR_DEM,Undefined,4,Bottom,0,0,0,Undefined,Curveball,StrikeCalled,Undefined,Undefined,Undefined,0,0,,76.51001,1.606456,0.096893,2456.28162,55.815388,7:45,5.70292,1.40219,5.08761,-55.71747,-6.40752,-11.74005,2.57434,0.51518,70.18392,-8.470909,-1.982353,0.505404,,,,,,,,,,,,5.84036,-3.13547,-1.40178,50,5.81104,0.28503,-111.02428,1.14776,7.26475,20.51537,-36.07422,NOR_DEM,TEX_ISL,BrownStroudField,D1,SLAND,20260313-BrownStroudField-1,306f8920-1f40-11f1-8827-db2f8d1f1106,74.57883,,,6.32609,,,,,,,99932099-0ba7-405d-b958-1caf3e33b2c7,2026-03-14,00:53:13.68,2026-03-13T19:53:13.6809984-05:00,2026-03-14T00:53:13.6809984Z,,v3,471394,4764,,"Azemar, Hunter",10091882,Right,TEX_ISL,51e86e5c-e271-4fb1-b6ab-8b8aa1b042b4,55.41416,-112.02026,10.25769,5.7128,2.89908,-18.03711,-1.40705,-0.06766,3.63238,,,,,,,,,,,,,,,,,,,,,,,,,,,,,,,,,,,,,,,,,,,,,,,,,,,High,High,High,,,,,,,,,,,,,,,,,,,,,,,,,,,,,,,,,,,,,,,
115,2026-03-13,19:53:30.66,1,2,"Smith, Easten",1000261621,Right,TEX_ISL,"Siervo, Joe",1000090286,Right,NOR_DEM,Undefined,4,Bottom,0,0,1,Undefined,Slider,BallCalled,Undefined,Undefined,Undefined,0,0,,85.0622,-1.33348,-2.736772,2462.821846,175.918211,11:45,5.58837,1.41246,5.20812,-28.06002,11.71158,-0.74406,1.99433,-1.22526,77.81032,-6.490503,-2.86843,0.453898,,,,,,,,,,,,-0.40118,6.61146,-1.15854,50,5.44407,5.92425,-123.25053,-3.86469,-0.61628,24.80812,-22.01809,NOR_DEM,TEX_ISL,BrownStroudField,D1,SLAND,20260313-BrownStroudField-1,3a8a5bb0-1f40-11f1-8827-db2f8d1f1106,83.04174,,,7.25187,,,,,,,99932099-0ba7-405d-b958-1caf3e33b2c7,2026-03-14,00:53:30.66,2026-03-13T19:53:30.6653184-05:00,2026-03-14T00:53:30.6653184Z,,v3,471394,4764,,"Azemar, Hunter",10091882,Right,TEX_ISL,62e73e38-a894-4199-a228-25b0bcf3bbad,55.29,-124.31075,12.40406,5.58913,-2.9237,-11.00905,-1.41229,5.95059,-0.30814,,,,,,,,,,,,,,,,,,,,,,,,,,,,,,,,,,,,,,,,,,,,,,,,,,,High,High,High,,,,,,,,,,,,,,,,,,,,,,,,,,,,,,,,,,,,,,,
116,2026-03-13,19:53:49.01,1,3,"Smith, Easten",1000261621,Right,TEX_ISL,"Siervo, Joe",1000090286,Right,NOR_DEM,Undefined,4,Bottom,0,1,1,Undefined,Slider,InPlay,Undefined,LineDrive,HomeRun,0,1,,79.28901,-0.376748,-0.149195,2584.02901,94.279466,9:15,5.82657,1.56268,5.53887,-43.1101,2.12709,-8.58327,1.88192,0.70797,72.58191,-8.269748,-1.682438,0.484082,100.77878,24.540484,-25.396459,2349.471661,,,,,73.83418,,,4.33693,1.56567,-1.54372,50,5.76504,0.62868,-115.11947,-2.18054,5.78004,22.73902,-30.08739,NOR_DEM,TEX_ISL,BrownStroudField,D1,SLAND,20260313-BrownStroudField-1,4574b340-1f40-11f1-8827-db2f8d1f1106,77.86372,36.07942,,6.7071,,,,2.14765,2.85521,-0.80302,99932099-0ba7-405d-b958-1caf3e33b2c7,2026-03-14,00:53:49.01,2026-03-13T19:53:49.0116096-05:00,2026-03-14T00:53:49.0116096Z,,v3,471394,4764,,"Azemar, Hunter",10091882,Right,TEX_ISL,19dc1601-3f5e-4854-9478-ac66dc8131a2,54.9622,-116.09549,11.36951,5.83092,-0.88911,-15.04369,-1.56538,0.38058,2.89002,,2.14765,121.46313,-23.02156,5.3204,-1.07528,0.20487,-0.03541,0.00273,0.00096,2.85521,61.39027,-7.47879,-2.03851,0.79375,-0.23834,0.06704,-0.01803,0.00359,-0.80302,-57.66574,9.77439,-1.97429,0.34738,-0.05408,0.00508,0.0024,-0.00138,,,,,,,,,,,,,,,,,,,,,,,High,High,High,Medium,Undefined,,,,,,,,,,,,,,,,,,,,,,,,,,,,,,,,,,,,,
117,2026-03-13,19:54:38.28,2,1,"Smith, Easten",1000261621,Right,TEX_ISL,"Rains, Colin",1000379017,Right,NOR_DEM,Undefined,4,Bottom,0,0,0,Undefined,Four-Seam,BallCalled,Undefined,Undefined,Undefined,0,0,,88.72091,-0.055968,-1.514301,2412.51106,178.524552,12:00,5.77853,1.31212,5.62809,-16.07938,20.32816,-0.48953,4.38634,-0.14201,79.71015,-3.156653,-1.601655,0.434277,,,,,,,,,,,,-0.24476,10.65568,-1.18281,50,5.76375,3.42039,-128.55048,-0.57051,-0.40313,30.54983,-14.62316,NOR_DEM,TEX_ISL,BrownStroudField,D1,SLAND,20260313-BrownStroudField-1,62d106f0-1f40-11f1-8827-db2f8d1f1106,86.79347,,,9.01077,,,,,,,99932099-0ba7-405d-b958-1caf3e33b2c7,2026-03-14,00:54:38.28,2026-03-13T19:54:38.2830080-05:00,2026-03-14T00:54:38.2830080Z,,v3,471394,4764,,"Azemar, Hunter",10091882,Right,TEX_ISL,f9155894-e792-45b8-8741-32bc028ecd90,54.86665,-129.70187,15.27491,5.77486,-0.01938,-7.31158,-1.31201,3.43558,-0.20156,,,,,,,,,,,,,,,,,,,,,,,,,,,,,,,,,,,,,,,,,,,,,,,,,,,High,High,High,,,,,,,,,,,,,,,,,,,,,,,,,,,,,,,,,,,,,,,
118,2026-03-13,19:54:56.59,2,2,"Smith, Easten",1000261621,Right,TEX_ISL,"Rains, Colin",1000379017,Right,NOR_DEM,Undefined,4,Bottom,0,1,0,Undefined,Slider,FoulBallNotFieldable,Undefined,Undefined,Undefined,0,0,,83.87386,0.436634,-0.866903,2549.882492,130.030006,10:15,5.73863,1.56766,5.50278,-32.22116,8.18973,-8.20004,3.46197,0.07346,76.53567,-5.513915,-2.327901,0.457531,66.92053,22.999337,164.118672,2762.987267,-107.25636,15.07725,24.41447,147.18905,45.22994,168.267718,1.894765,3.9115,4.37866,-1.48614,50,5.75513,2.17958,-121.75105,-0.17033,5.84726,24.81557,-25.62846,NOR_DEM,TEX_ISL,BrownStroudField,D1,SLAND,20260313-BrownStroudField-1,6db65570-1f40-11f1-8827-db2f8d1f1106,82.38223,19.90054,,7.33819,,,,0.91126,3.92187,0.02404,99932099-0ba7-405d-b958-1caf3e33b2c7,2026-03-14,00:54:56.59,2026-03-13T19:54:56.5986816-05:00,2026-03-14T00:54:56.5986816Z,LineDrive,v3,471394,4764,,"Azemar, Hunter",10091882,Right,TEX_ISL,ba1abdb1-2d66-4460-b216-26dea934cd30,54.99714,-122.76535,12.40779,5.74068,0.8772,-12.81423,-1.57034,1.94058,2.92363,324.197959,0.91124,-86.8979,6.1797,-0.74038,0.48151,-0.37294,0.20136,-0.05807,0.00693,3.92185,38.35059,-24.8464,2.38008,-0.10408,-0.31649,0.21081,-0.06312,0.00767,0.02403,24.72421,-6.10691,0.91049,0.0591,-0.22749,0.13616,-0.04025,0.00489,,,,,,,,,,,,,,,,,,,,,,,High,High,High,High,Low,,,,,,,,,,,,,,,,,,,,,,,,,,,,,,,,,,,,,
119,2026-03-13,19:55:16.24,2,3,"Smith, Easten",1000261621,Right,TEX_ISL,"Rains, Colin",1000379017,Right,NOR_DEM,Undefined,4,Bottom,0,1,1,Undefined,Slider,StrikeSwinging,Undefined,Undefined,Undefined,0,0,,85.7615,-1.588769,-1.363571,2465.530404,151.798345,11:00,5.70978,1.623,5.53439,-22.83186,15.94414,-7.84764,2.32124,-0.3058,78.04796,-5.857621,-2.762097,0.44818,,,,,,,,,,,,3.53902,8.9102,-1.49935,50,5.55691,3.29834,-124.34578,-4.18055,5.50428,26.47374,-18.31587,NOR_DEM,TEX_ISL,BrownStroudField,D1,SLAND,20260313-BrownStroudField-1,79770fd0-1f40-11f1-8827-db2f8d1f1106,84.10105,,,7.71354,,,,,,,99932099-0ba7-405d-b958-1caf3e33b2c7,2026-03-14,00:55:16.24,2026-03-13T19:55:16.2453504-05:00,2026-03-14T00:55:16.2453504Z,,v3,471394,4764,,"Azemar, Hunter",10091882,Right,TEX_ISL,21c2405e-41ea-4a36-8491-51f21e61b84f,54.96267,-125.3979,13.23687,5.70859,-3.45264,-9.15794,-1.62609,3.07959,2.75214,,,,,,,,,,,,,,,,,,,,,,,,,,,,,,,,,,,,,,,,,,,,,,,,,,,High,High,High,,,,,,,,,,,,,,,,,,,,,,,,,,,,,,,,,,,,,,,
120,2026-03-13,19:55:32.88,2,4,"Smith, Easten",1000261621,Right,TEX_ISL,"Rains, Colin",1000379017,Right,NOR_DEM,Undefined,4,Bottom,0,1,2,Undefined,Slider,StrikeSwinging,Strikeout,Undefined,Undefined,0,0,,80.22265,-0.266881,-0.264801,2708.57224,101.947904,9:30,5.76114,1.39176,5.43173,-39.68203,4.9337,-16.05387,2.20436,-0.19406,72.976,-7.551389,-3.124583,0.480746,,,,,,,,,,,,7.97453,3.03414,-1.35693,50,5.71032,1.19112,-116.36364,-1.88382,10.805,24.23938,-28.06295,NOR_DEM,TEX_ISL,BrownStroudField,D1,SLAND,20260313-BrownStroudField-1,835c2c60-1f40-11f1-8827-db2f8d1f1106,78.40413,,,7.24665,,,,,,,99932099-0ba7-405d-b958-1caf3e33b2c7,2026-03-14,00:55:32.88,2026-03-13T19:55:32.8880000-05:00,2026-03-14T00:55:32.8880000Z,,v3,471394,4764,,"Azemar, Hunter",10091882,Right,TEX_ISL,6a4a445f-38ef-43a0-a31a-eef8c28ce26d,55.06697,-117.41438,12.11969,5.76561,-0.66733,-14.03148,-1.39841,0.72274,5.4025,,,,,,,,,,,,,,,,,,,,,,,,,,,,,66.86169,,,0.950098,,,,3.44553,5.51907,-3.94952,67.63125,8.92617,-57.19575,3.46314,72.30443,-5.06073,5.54824,18.70521,-16.02264,-3.98293,-62.57039,6.99132,High,High,High,,,Medium,Medium,Low,,,,,,,,,,,,,,,,,,,,,,,,,,,,,,,,,,
121,2026-03-13,19:56:04.47,3,1,"Smith, Easten",1000261621,Right,TEX_ISL,"McAloose, Michael",1000232847,Right,NOR_DEM,Undefined,4,Bottom,1,0,0,Undefined,Four-Seam,StrikeCalled,Undefined,Undefined,Undefined,0,0,,88.65055,-1.293168,-1.651674,2329.660827,191.09505,12:15,5.54496,1.38641,5.67365,-18.83985,17.11095,3.12504,2.76864,0.10653,80.80309,-4.850045,-1.093347,0.431545,,,,,,,,,,,,-2.07835,9.43666,-1.24909,50,5.42422,3.57804,-128.65724,-3.49623,-3.47119,27.57887,-16.4132,NOR_DEM,TEX_ISL,BrownStroudField,D1,SLAND,20260313-BrownStroudField-1,962ac770-1f40-11f1-8827-db2f8d1f1106,87.34306,,,7.84746,,,,,,,99932099-0ba7-405d-b958-1caf3e33b2c7,2026-03-14,00:56:04.47,2026-03-13T19:56:04.4714496-05:00,2026-03-14T00:56:04.4714496Z,,v3,471394,4764,,"Azemar, Hunter",10091882,Right,TEX_ISL,bfbb5096-de44-4007-b1dc-3326473fc8e0,54.82646,-129.68771,13.78943,5.54339,-2.88296,-8.2066,-1.38521,3.70774,-1.73559,,,,,,,,,,,,,,,,,,,,,,,,,,,,,,,,,,,,,,,,,,,,,,,,,,,High,High,High,,,,,,,,,,,,,,,,,,,,,,,,,,,,,,,,,,,,,,,
122,2026-03-13,19:56:19.83,3,2,"Smith, Easten",1000261621,Right,TEX_ISL,"McAloose, Michael",1000232847,Right,NOR_DEM,Undefined,4,Bottom,1,0,1,Undefined,Four-Seam,BallCalled,Undefined,Undefined,Undefined,0,0,,89.2424,-1.70425,-1.145588,2471.291074,190.929385,12:15,5.46528,1.58941,5.71235,-15.18879,20.50741,3.71697,2.61102,0.83175,80.69209,-4.627556,-0.480871,0.430014,,,,,,,,,,,,-2.23036,11.29001,-1.4958,50,5.31335,2.42235,-129.37726,-4.26612,-3.74058,29.643,-13.23941,NOR_DEM,TEX_ISL,BrownStroudField,D1,SLAND,20260313-BrownStroudField-1,9f5853d0-1f40-11f1-8827-db2f8d1f1106,87.65396,,,8.55032,,,,,,,99932099-0ba7-405d-b958-1caf3e33b2c7,2026-03-14,00:56:19.83,2026-03-13T19:56:19.8300672-05:00,2026-03-14T00:56:19.8300672Z,,v3,471394,4764,,"Azemar, Hunter",10091882,Right,TEX_ISL,5510b0dd-b2c4-4e6c-8262-c058704a32d5,54.784,-130.46877,14.8215,5.46146,-3.77862,-6.6197,-1.58753,2.56009,-1.87029,,,,,,,,,,,,,,,,,,,,,,,,,,,,,,,,,,,,,,,,,,,,,,,,,,,High,High,High,,,,,,,,,,,,,,,,,,,,,,,,,,,,,,,,,,,,,,,
123,2026-03-13,19:56:35.08,3,3,"Smith, Easten",1000261621,Right,TEX_ISL,"McAloose, Michael",1000232847,Right,NOR_DEM,Undefined,4,Bottom,1,1,1,Undefined,Slider,FoulBallNotFieldable,Undefined,Undefined,Undefined,0,0,,84.07041,-0.522838,-0.342199,2539.517972,137.438696,10:30,5.59607,1.68563,5.40285,-33.02813,6.88571,-5.26414,2.35379,0.9263,77.68249,-6.566874,-1.27933,0.454708,47.64329,52.483063,138.605591,4273.311836,,,,,25.92571,,,2.58276,3.93099,-1.65125,50,5.5262,0.94597,-122.18319,-2.27574,3.93526,22.28655,-26.18452,NOR_DEM,TEX_ISL,BrownStroudField,D1,SLAND,20260313-BrownStroudField-1,a8723120-1f40-11f1-8827-db2f8d1f1106,82.89364,29.69746,,6.38791,,,,-0.03348,3.05367,-0.71498,99932099-0ba7-405d-b958-1caf3e33b2c7,2026-03-14,00:56:35.08,2026-03-13T19:56:35.0843392-05:00,2026-03-14T00:56:35.0843392Z,,v3,471394,4764,,"Azemar, Hunter",10091882,Right,TEX_ISL,098e7c07-85ae-4744-8fd8-bf3be3869cee,55.09863,-123.10968,11.14327,5.59818,-1.1872,-13.09226,-1.68718,0.78238,1.96763,326.139716,-0.03348,-31.92345,-0.97601,0.40031,-0.10935,0.0249,-0.00498,0.00042,0.00013,3.05367,55.42435,-22.76609,2.2519,-0.44811,0.07707,-0.01724,0.00491,-0.0012,-0.71498,28.13877,-4.9913,1.37186,-0.27645,0.05668,-0.01249,0.00286,-0.00055,,,,,,,,,,,,,,,,,,,,,,,High,High,High,High,Undefined,,,,,,,,,,,,,,,,,,,,,,,,,,,,,,,,,,,,,
124,2026-03-13,19:56:55.87,3,4,"Smith, Easten",1000261621,Right,TEX_ISL,"McAloose, Michael",1000232847,Right,NOR_DEM,Undefined,4,Bottom,1,1,2,Undefined,Changeup,FoulBallNotFieldable,Undefined,Undefined,Undefined,0,0,,89.73383,-1.944778,-1.856897,1197.405843,184.89012,12:15,5.70027,1.30758,5.97618,-13.05524,22.13411,1.78189,2.80782,-0.26594,80.66082,-4.508067,-1.5369,0.42695,,,,,,,,,,,,-1.52894,12.38843,-1.16165,50,5.53928,4.14032,-130.0368,-4.72681,-2.57156,31.77265,-11.33741,NOR_DEM,TEX_ISL,BrownStroudField,D1,SLAND,20260313-BrownStroudField-1,b4d06400-1f40-11f1-8827-db2f8d1f1106,88.28302,,,9.07301,,,,,,,99932099-0ba7-405d-b958-1caf3e33b2c7,2026-03-14,00:56:55.87,2026-03-13T19:56:55.8733312-05:00,2026-03-14T00:56:55.8733312Z,,v3,471394,4764,,"Azemar, Hunter",10091882,Right,TEX_ISL,db95aa42-79b8-4a3e-bb8b-cf86814461ca,54.52121,-131.13684,15.88633,5.69614,-4.33428,-5.66871,-1.30654,4.22935,-1.28578,,,,,,,,,,,,,,,,,,,,,,,,,,,,,,,,,,,,,,,,,,,,,,,,,,,High,High,High,,,,,,,,,,,,,,,,,,,,,,,,,,,,,,,,,,,,,,,
125,2026-03-13,19:57:16.97,3,5,"Smith, Easten",1000261621,Right,TEX_ISL,"McAloose, Michael",1000232847,Right,NOR_DEM,Undefined,4,Bottom,1,1,2,Undefined,Slider,StrikeSwinging,Strikeout,Undefined,Undefined,0,0,,78.70328,0.135823,-0.610621,1327.513798,62.933623,8:00,5.51417,1.41921,4.66284,-53.7529,-5.93792,-14.86867,1.1638,-0.39993,71.72541,-9.507798,-3.225644,0.497684,,,,,,,,,,,,7.09886,-2.49142,-1.34256,50,5.47905,1.85226,-114.03521,-1.76624,9.21579,23.73503,-35.40842,NOR_DEM,TEX_ISL,BrownStroudField,D1,SLAND,20260313-BrownStroudField-1,c170d000-1f40-11f1-8827-db2f8d1f1106,75.73574,,,6.97787,,,,,,,99932099-0ba7-405d-b958-1caf3e33b2c7,2026-03-14,00:57:16.97,2026-03-13T19:57:16.9730000-05:00,2026-03-14T00:57:16.9730000Z,,v3,471394,4764,,"Azemar, Hunter",10091882,Right,TEX_ISL,096ced25-e9dd-4b52-a779-88cea81d1e57,55.83813,-115.24394,11.86752,5.52308,0.03697,-17.70421,-1.42493,1.38293,4.6079,,,,,,,,,,,,,,,,,,,,,,,,,,,,,66.76623,2.968896,1.920409,1.048486,0.89418,1.07564,0.4295,-1.15499,5.47867,-0.7574,72.79034,9.9467,-52.04011,-1.14086,75.59715,-4.91275,5.50773,20.82967,-15.96329,-0.80307,-57.47506,8.40883,High,High,High,,,High,Medium,Low,,,,,,,,,,,,,,,,,,,,,,,,,,,,,,,,,,
126,2026-03-13,19:57:47.10,4,1,"Smith, Easten",1000261621,Right,TEX_ISL,"Ardoin, Sam",822449,Right,NOR_DEM,Undefined,4,Bottom,2,0,0,Undefined,Slider,StrikeCalled,Undefined,Undefined,Undefined,0,0,,79.34449,-0.046617,-0.523053,2654.426374,62.578076,8:00,5.76965,1.48591,5.44381,-49.53774,-3.94528,-10.60737,1.59786,0.1122,72.3735,-9.073151,-2.415444,0.485979,,,,,,,,,,,,5.17646,-1.50835,-1.43215,50,5.73146,1.47416,-115.12133,-1.80259,6.85962,23.87418,-34.17282,NOR_DEM,TEX_ISL,BrownStroudField,D1,SLAND,20260313-BrownStroudField-1,d3649b70-1f40-11f1-8827-db2f8d1f1106,77.55974,,,6.97098,,,,,,,99932099-0ba7-405d-b958-1caf3e33b2c7,2026-03-14,00:57:47.10,2026-03-13T19:57:47.1022080-05:00,2026-03-14T00:57:47.1022080Z,,v3,471394,4764,,"Azemar, Hunter",10091882,Right,TEX_ISL,0a6cdff7-f543-47a1-8f48-9cf2cea1cbfc,55.05646,-116.16522,11.93709,5.77761,-0.3084,-17.08641,-1.49005,1.17423,3.42981,,,,,,,,,,,,,,,,,,,,,,,,,,,,,,,,,,,,,,,,,,,,,,,,,,,High,High,High,,,,,,,,,,,,,,,,,,,,,,,,,,,,,,,,,,,,,,,
127,2026-03-13,19:58:02.74,4,2,"Smith, Easten",1000261621,Right,TEX_ISL,"Ardoin, Sam",822449,Right,NOR_DEM,Undefined,4,Bottom,2,0,1,Undefined,Cutter,FoulBallNotFieldable,Undefined,Undefined,Undefined,0,0,,89.35149,-1.923212,-1.86782,2507.427778,173.352242,11:45,5.51545,1.41651,5.32998,-16.61674,19.64733,-2.13725,2.32452,-0.5148,80.6271,-5.082069,-2.24703,0.433421,,,,,,,,,,,,0.48311,10.86355,-1.24603,50,5.33029,4.31559,-129.38965,-4.86708,0.8075,30.53548,-14.01606,NOR_DEM,TEX_ISL,BrownStroudField,D1,SLAND,20260313-BrownStroudField-1,dcad29e0-1f40-11f1-8827-db2f8d1f1106,86.96504,,,8.72439,,,,,,,99932099-0ba7-405d-b958-1caf3e33b2c7,2026-03-14,00:58:02.74,2026-03-13T19:58:02.7496960-05:00,2026-03-14T00:58:02.7496960Z,,v3,471394,4764,,"Azemar, Hunter",10091882,Right,TEX_ISL,a2ff6e29-a0c1-409f-83ce-fd04da2e6791,55.1683,-130.60366,15.26774,5.51272,-4.30985,-7.00803,-1.41697,4.28348,0.40375,,,,,,,,,,,,,,,,,,,,,,,,,,,,,,,,,,,,,,,,,,,,,,,,,,,High,High,High,,,,,,,,,,,,,,,,,,,,,,,,,,,,,,,,,,,,,,,
128,2026-03-13,19:58:20.13,4,3,"Smith, Easten",1000261621,Right,TEX_ISL,"Ardoin, Sam",822449,Right,NOR_DEM,Undefined,4,Bottom,2,0,2,Undefined,Slider,BallCalled,Undefined,Undefined,Undefined,0,0,,79.97955,-0.045983,-2.142935,2697.257768,81.13252,8:45,5.56238,1.37398,4.49437,-46.80853,-0.47748,-12.74024,1.61782,-1.73065,73.25869,-8.425656,-4.370811,0.4899,,,,,,,,,,,,5.58252,0.20677,-1.13596,50,5.51272,4.89526,-115.84383,-1.90676,7.53934,22.88564,-31.89478,NOR_DEM,TEX_ISL,BrownStroudField,D1,SLAND,20260313-BrownStroudField-1,e70f65b0-1f40-11f1-8827-db2f8d1f1106,76.93903,,,6.72086,,,,,,,99932099-0ba7-405d-b958-1caf3e33b2c7,2026-03-14,00:58:20.13,2026-03-13T19:58:20.1310208-05:00,2026-03-14T00:58:20.1310208Z,,v3,471394,4764,,"Azemar, Hunter",10091882,Right,TEX_ISL,915215db-b950-4082-9ac2-faafcec4cf7e,56.00605,-117.02435,11.44282,5.56864,-0.26153,-15.94739,-1.37844,4.50636,3.76967,,,,,,,,,,,,,,,,,,,,,,,,,,,,,,,,,,,,,,,,,,,,,,,,,,,High,High,High,,,,,,,,,,,,,,,,,,,,,,,,,,,,,,,,,,,,,,,
129,2026-03-13,19:58:36.20,4,4,"Smith, Easten",1000261621,Right,TEX_ISL,"Ardoin, Sam",822449,Right,NOR_DEM,Undefined,4,Bottom,2,1,2,Undefined,Four-Seam,StrikeSwinging,Strikeout,Undefined,Undefined,0,0,,89.46362,-1.329603,-1.993834,2493.554631,178.861252,12:00,5.41738,1.33758,5.3629,-16.41686,19.1993,-0.35909,2.80152,-0.56279,81.76615,-4.428165,-2.057599,0.429531,,,,,,,,,,,,-0.36898,10.35619,-1.1582,50,5.28668,4.53399,-129.77613,-3.53709,-0.62976,26.95916,-14.49837,NOR_DEM,TEX_ISL,BrownStroudField,D1,SLAND,20260313-BrownStroudField-1,f09cc550-1f40-11f1-8827-db2f8d1f1106,87.75245,,,7.69747,,,,,,,99932099-0ba7-405d-b958-1caf3e33b2c7,2026-03-14,00:58:36.20,2026-03-13T19:58:36.2024448-05:00,2026-03-14T00:58:36.2024448Z,,v3,471394,4764,,"Azemar, Hunter",10091882,Right,TEX_ISL,f8655e5a-05b4-43ca-b77a-7e17bd74a2e7,55.13639,-130.83879,13.47958,5.41484,-2.9656,-7.24919,-1.33741,4.55881,-0.31488,,,,,,,,,,,,,,,,,,,,,,,,,,,,,,,,,,,,,,,,,,,,,,,,,,,High,High,High,,,,,,,,,,,,,,,,,,,,,,,,,,,,,,,,,,,,,,,
130,2026-03-13,20:00:46.65,1,1,"Trosclair, Brody",10124039,Left,NOR_DEM,"Krowka, Karson",1000114100,Right,TEX_ISL,Undefined,5,Top,0,0,0,Undefined,Slider,StrikeCalled,Undefined,Undefined,Undefined,0,0,,79.27356,0.776072,1.207356,3017.716755,254.357444,2:30,5.38128,-2.21865,6.56785,-38.60321,4.11264,10.64792,2.87598,-0.22437,73.73771,-6.412619,3.142755,0.470398,,,,,,,,,,,,-5.30898,2.34638,2.13149,50,5.41842,-2.78957,-115.43593,0.4916,-7.25698,18.86533,-28.96672,NOR_DEM,TEX_ISL,BrownStroudField,D1,SLAND,20260313-BrownStroudField-1,3e758320-1f41-11f1-8827-db2f8d1f1106,80.12875,,,5.53585,,,,,,,99932099-0ba7-405d-b958-1caf3e33b2c7,2026-03-14,01:00:46.65,2026-03-13T20:00:46.6580480-05:00,2026-03-14T01:00:46.6580480Z,,v3,471394,4764,,"Huerta, Sebastian",1000220704,Right,NOR_DEM,beb917f9-e995-4e69-bf85-8c2d1d3de922,53.93417,-116.07709,9.43266,5.38498,1.47608,-14.48336,2.22211,-2.54293,-3.62849,,,,,,,,,,,,,,,,,,,,,,,,,,,,,,,,,,,,,,,,,,,,,,,,,,,High,High,High,,,,,,,,,,,,,,,,,,,,,,,,,,,,,,,,,,,,,,,
131,2026-03-13,20:01:01.02,1,2,"Trosclair, Brody",10124039,Left,NOR_DEM,"Krowka, Karson",1000114100,Right,TEX_ISL,Undefined,5,Top,0,0,1,Undefined,Four-Seam,BallCalled,Undefined,Undefined,Undefined,0,0,,91.75187,-1.407613,1.989542,2497.641941,144.660267,10:45,5.69249,-1.97205,6.81396,-12.88729,19.33269,-12.94257,3.3332,-1.2346,83.31312,-3.946528,-0.372854,0.408539,,,,,,,,,,,,7.41536,10.96595,1.84763,50,5.59617,-4.12682,-133.32458,-3.54014,13.25396,30.53549,-12.57388,NOR_DEM,TEX_ISL,BrownStroudField,D1,SLAND,20260313-BrownStroudField-1,46eedab0-1f41-11f1-8827-db2f8d1f1106,92.26147,,,8.43875,,,,,,,99932099-0ba7-405d-b958-1caf3e33b2c7,2026-03-14,01:01:01.02,2026-03-13T20:01:01.0229248-05:00,2026-03-14T01:01:01.0229248Z,,v3,471394,4764,,"Huerta, Sebastian",1000220704,Right,NOR_DEM,5af4daed-a588-4146-96ec-21b7b11ab523,53.68476,-134.16585,15.26774,5.68894,-3.19373,-6.28694,1.96636,-4.49198,6.62698,,,,,,,,,,,,,,,,,,,,,,,,,,,,,,,,,,,,,,,,,,,,,,,,,,,High,High,High,,,,,,,,,,,,,,,,,,,,,,,,,,,,,,,,,,,,,,,
132,2026-03-13,20:01:15.09,1,3,"Trosclair, Brody",10124039,Left,NOR_DEM,"Krowka, Karson",1000114100,Right,TEX_ISL,Undefined,5,Top,0,1,1,Undefined,Curveball,BallCalled,Undefined,Undefined,Undefined,0,0,,78.87478,0.287086,2.291394,2995.52698,293.392839,3:45,5.18274,-2.11048,6.1103,-47.98766,-3.57126,11.26934,1.44945,0.94859,72.96569,-8.526138,4.322183,0.47967,,,,,,,,,,,,-5.25075,-1.60776,1.92849,50,5.17934,-4.98157,-114.66204,-0.89077,-6.99806,20.98235,-34.31683,NOR_DEM,TEX_ISL,BrownStroudField,D1,SLAND,20260313-BrownStroudField-1,4f57b780-1f41-11f1-8827-db2f8d1f1106,78.57986,,,5.9091,,,,,,,99932099-0ba7-405d-b958-1caf3e33b2c7,2026-03-14,01:01:15.09,2026-03-13T20:01:15.0916608-05:00,2026-03-14T01:01:15.0916608Z,,v3,471394,4764,,"Huerta, Sebastian",1000220704,Right,NOR_DEM,f621c52e-8bbd-4e06-a9b4-dbdbb593d89d,54.39307,-115.46314,10.49118,5.18834,0.41944,-17.15841,2.11358,-4.71439,-3.49903,,,,,,,,,,,,,,,,,,,,,,,,,,,,,,,,,,,,,,,,,,,,,,,,,,,High,High,High,,,,,,,,,,,,,,,,,,,,,,,,,,,,,,,,,,,,,,,
133,2026-03-13,20:01:30.02,1,4,"Trosclair, Brody",10124039,Left,NOR_DEM,"Krowka, Karson",1000114100,Right,TEX_ISL,Undefined,5,Top,0,2,1,Undefined,Curveball,FoulBallNotFieldable,Undefined,Undefined,Undefined,0,0,,78.96963,1.04113,2.259215,2949.840272,283.093811,3:30,5.12156,-2.23056,6.11753,-45.36585,-1.43508,11.22457,2.30451,0.79469,73.45989,-7.298593,4.280096,0.477041,,,,,,,,,,,,-5.30118,-0.70425,2.05134,50,5.17726,-4.92083,-114.87142,0.7125,-7.15802,19.17653,-33.12495,NOR_DEM,TEX_ISL,BrownStroudField,D1,SLAND,20260313-BrownStroudField-1,58415d10-1f41-11f1-8827-db2f8d1f1106,79.01297,,,5.50974,,,,,,,99932099-0ba7-405d-b958-1caf3e33b2c7,2026-03-14,01:01:30.02,2026-03-13T20:01:30.0278272-05:00,2026-03-14T01:01:30.0278272Z,,v3,471394,4764,,"Huerta, Sebastian",1000220704,Right,NOR_DEM,c457aa4a-eb8c-44d4-b1ab-32f3dc276af8,54.38635,-115.60136,9.58826,5.12614,1.97337,-16.56248,2.23346,-4.64837,-3.57901,,,,,,,,,,,,,,,,,,,,,,,,,,,,,,,,,,,,,,,,,,,,,,,,,,,High,High,High,,,,,,,,,,,,,,,,,,,,,,,,,,,,,,,,,,,,,,,
134,2026-03-13,20:01:52.30,1,5,"Trosclair, Brody",10124039,Left,NOR_DEM,"Krowka, Karson",1000114100,Right,TEX_ISL,Undefined,5,Top,0,2,2,Undefined,Four-Seam,InPlay,Undefined,GroundBall,Out,1,0,,92.76505,-0.327405,2.139889,2378.265553,146.551376,11:00,5.51532,-1.65307,5.80859,-17.50351,15.21607,-9.33804,3.75201,-0.44032,84.26303,-3.648218,0.467974,0.411695,83.88008,-3.372099,27.44737,2640.351575,,,,41.47469,32.61364,30.978511,0.341336,5.43256,8.19729,1.48329,50,5.47821,-4.62305,-134.63762,-1.33011,9.91688,30.73771,-17.21034,NOR_DEM,TEX_ISL,BrownStroudField,D1,SLAND,20260313-BrownStroudField-1,657f68a0-1f41-11f1-8827-db2f8d1f1106,91.55433,4.28296,,8.50201,,,,0.61344,4.28296,1.05293,99932099-0ba7-405d-b958-1caf3e33b2c7,2026-03-14,01:01:52.30,2026-03-13T20:01:52.3047936-05:00,2026-03-14T01:01:52.3047936Z,GroundBall,v3,471394,4764,,"Huerta, Sebastian",1000220704,Right,NOR_DEM,c445a850-c0b5-47df-b379-9f6eee70241b,54.6916,-135.70448,15.36886,5.51401,-0.73276,-8.60517,1.64972,-4.96725,4.95844,273.572432,0.61649,108.86858,-19.0666,,,,,,,4.28508,-7.31853,-15.35558,,,,,,,1.04796,56.80145,7.86352,,,,,,,,,,,,,,,,,,,,,,,,,,,,,High,High,High,Medium,Medium,,,,,,,,,,,,,,,,,,,,,,,,,,,,,,,,,,,,,
135,2026-03-13,20:02:28.23,2,1,"Trosclair, Brody",10124039,Left,NOR_DEM,"Russell, Austin",10027579,Right,TEX_ISL,Undefined,5,Top,1,0,0,Undefined,Slider,BallinDirt,Undefined,Undefined,Undefined,0,0,,79.21712,-1.742492,3.527998,2878.031019,263.317862,2:45,5.22274,-2.16198,6.18924,-42.40872,1.88917,4.12906,0.07626,1.44368,72.98939,-9.542564,4.272403,0.47903,,,,,,,,,,,,-1.13709,1.82606,1.89357,50,5.0694,-7.22613,-114.90612,-4.75511,-1.51259,22.298,-29.745,NOR_DEM,TEX_ISL,BrownStroudField,D1,SLAND,20260313-BrownStroudField-1,7aeb1cc0-1f41-11f1-8827-db2f8d1f1106,78.68489,,,6.22774,,,,,,,99932099-0ba7-405d-b958-1caf3e33b2c7,2026-03-14,01:02:28.23,2026-03-13T20:02:28.2356736-05:00,2026-03-14T01:02:28.2356736Z,,v3,471394,4764,,"Huerta, Sebastian",1000220704,Right,NOR_DEM,d4f1370b-0e1a-4812-ac45-cef42a40f50c,54.31279,-115.74001,11.149,5.22643,-3.64273,-14.8725,2.16275,-7.16957,-0.75629,,,,,,,,,,,,,,,,,,,,,,,,,,,,,,,,,,,,,,,,,,,,,,,,,,,High,High,High,,,,,,,,,,,,,,,,,,,,,,,,,,,,,,,,,,,,,,,
136,2026-03-13,20:02:47.75,2,2,"Trosclair, Brody",10124039,Left,NOR_DEM,"Russell, Austin",10027579,Right,TEX_ISL,Undefined,5,Top,1,1,0,Undefined,Slider,InPlay,Undefined,FlyBall,Out,1,0,,79.10505,0.838285,2.054974,2774.915613,215.774661,1:15,5.07363,-2.3686,6.13236,-37.82719,6.37343,3.61646,2.69675,-0.16699,72.60862,-6.192856,2.706382,0.478504,75.71744,65.833793,31.668193,,,,,,15.01245,,,-1.31221,3.44177,2.20969,50,5.11792,-4.25179,-114.93064,0.57052,-1.75523,21.293,-27.57035,NOR_DEM,TEX_ISL,BrownStroudField,D1,SLAND,20260313-BrownStroudField-1,8695de20-1f41-11f1-8827-db2f8d1f1106,78.77143,32.64045,,6.49644,,,,0.99423,3.01997,0.39267,99932099-0ba7-405d-b958-1caf3e33b2c7,2026-03-14,01:02:47.75,2026-03-13T20:02:47.7594112-05:00,2026-03-14T01:02:47.7594112Z,,v3,471394,4764,,"Huerta, Sebastian",1000220704,Right,NOR_DEM,9c7359bd-d7d2-4457-a6de-e90adb89e06c,54.36853,-115.73716,10.6465,5.07654,1.6148,-13.78517,2.36948,-4.18531,-0.87761,,1.00076,38.42255,-11.50029,,,,,,,3.02664,101.04464,-28.89194,,,,,,,0.38725,24.09411,5.48924,,,,,,,,,,,,,,,,,,,,,,,,,,,,,High,High,High,Medium,Undefined,,,,,,,,,,,,,,,,,,,,,,,,,,,,,,,,,,,,,
137,2026-03-13,20:03:30.89,3,1,"Trosclair, Brody",10124039,Left,NOR_DEM,"Sanchez, Cade",1000125037,Right,TEX_ISL,Undefined,5,Top,2,0,0,Undefined,Four-Seam,FoulBallNotFieldable,Undefined,Undefined,Undefined,0,0,,90.67562,-0.392465,2.52295,2460.500884,152.276503,11:00,5.59027,-1.872,6.22881,-17.52288,16.28481,-7.95705,3.76758,-0.20586,82.17351,-3.753134,1.087723,0.418484,73.34272,51.471842,173.559243,4378.463782,,,,,23.72821,,,4.91362,8.91241,1.68741,50,5.55223,-5.47576,-131.61405,-1.3964,8.54417,30.19192,-16.67656,NOR_DEM,TEX_ISL,BrownStroudField,D1,SLAND,20260313-BrownStroudField-1,a041acf0-1f41-11f1-8827-db2f8d1f1106,90.06891,30.18931,,8.50211,,,,1.62204,4.08482,0.21615,99932099-0ba7-405d-b958-1caf3e33b2c7,2026-03-14,01:03:30.89,2026-03-13T20:03:30.8942848-05:00,2026-03-14T01:03:30.8942848Z,,v3,471394,4764,,"Huerta, Sebastian",1000220704,Right,NOR_DEM,a5297d13-2577-4baa-afea-f0464a74543c,54.27074,-132.59012,15.09596,5.58866,-0.85727,-8.33828,1.8689,-5.75199,4.27208,6.379433,1.63118,-66.91417,0.73338,,,,,,,4.1054,83.41789,-37.85575,,,,,,,0.21195,7.66793,2.35498,,,,,,,,,,,,,,,,,,,,,,,,,,,,,High,High,High,High,Undefined,,,,,,,,,,,,,,,,,,,,,,,,,,,,,,,,,,,,,
138,2026-03-13,20:03:49.45,3,2,"Trosclair, Brody",10124039,Left,NOR_DEM,"Sanchez, Cade",1000125037,Right,TEX_ISL,Undefined,5,Top,2,0,1,Undefined,Four-Seam,FoulBallNotFieldable,Undefined,Undefined,Undefined,0,0,,91.69493,-0.835359,2.405341,2519.826603,149.873283,11:00,5.54966,-1.74048,6.15856,-17.37859,15.76662,-8.49717,3.32896,-0.2251,83.13617,-4.159686,0.874296,0.414364,77.98766,17.843281,165.238438,7509.575268,,,,,44.70912,,,5.12536,8.73871,1.56207,50,5.47726,-5.23296,-133.07085,-2.44611,9.11537,30.72916,-16.63238,NOR_DEM,TEX_ISL,BrownStroudField,D1,SLAND,20260313-BrownStroudField-1,ab520310-1f41-11f1-8827-db2f8d1f1106,90.96463,14.08011,,8.55876,,,,0.51442,3.34899,0.17949,99932099-0ba7-405d-b958-1caf3e33b2c7,2026-03-14,01:03:49.45,2026-03-13T20:03:49.4536704-05:00,2026-03-14T01:03:49.4536704Z,,v3,471394,4764,,"Huerta, Sebastian",1000220704,Right,NOR_DEM,9476d091-ddbb-43c0-ad07-f1f968f89274,54.34036,-134.06939,15.36458,5.54797,-1.90564,-8.31619,1.73693,-5.52917,4.55768,331.845039,0.5094,-105.13211,10.79148,,,,,,,3.36031,34.69987,-23.24559,,,,,,,0.1836,27.61548,-5.1995,,,,,,,,,,,,,,,,,,,,,,,,,,,,,High,High,High,Medium,Undefined,,,,,,,,,,,,,,,,,,,,,,,,,,,,,,,,,,,,,
139,2026-03-13,20:04:08.72,3,3,"Trosclair, Brody",10124039,Left,NOR_DEM,"Sanchez, Cade",1000125037,Right,TEX_ISL,Undefined,5,Top,2,0,2,Undefined,Slider,BallinDirt,Undefined,Undefined,Undefined,0,0,,78.93615,-2.504066,1.371922,2975.659873,294.075461,3:45,5.65264,-1.61217,5.72852,-47.20707,-1.76217,7.25205,-0.61561,0.27016,72.77318,-11.079464,2.674352,0.485192,,,,,,,,,,,,-3.35784,0.12465,1.49292,50,5.41388,-3.00376,-114.53496,-6.51792,-4.42247,22.8342,-32.00991,NOR_DEM,TEX_ISL,BrownStroudField,D1,SLAND,20260313-BrownStroudField-1,b6ceaf90-1f41-11f1-8827-db2f8d1f1106,77.68554,,,6.16297,,,,,,,99932099-0ba7-405d-b958-1caf3e33b2c7,2026-03-14,01:04:08.72,2026-03-13T20:04:08.7289344-05:00,2026-03-14T01:04:08.7289344Z,,v3,471394,4764,,"Huerta, Sebastian",1000220704,Right,NOR_DEM,2d23ad01-b5e8-4a11-bf1b-396d1d0b6519,54.7745,-115.48291,11.4171,5.65689,-5.18906,-16.00495,1.61381,-2.82016,-2.21123,,,,,,,,,,,,,,,,,,,,,,,,,,,,,,,,,,,,,,,,,,,,,,,,,,,High,High,High,,,,,,,,,,,,,,,,,,,,,,,,,,,,,,,,,,,,,,,
140,2026-03-13,20:04:27.19,3,4,"Trosclair, Brody",10124039,Left,NOR_DEM,"Sanchez, Cade",1000125037,Right,TEX_ISL,Undefined,5,Top,2,1,2,Undefined,Slider,BallCalled,Undefined,Undefined,Undefined,0,0,,79.63707,-0.370626,1.127606,3044.263187,295.613064,3:45,5.63637,-1.89386,5.86562,-46.62432,-2.44291,8.00319,1.40664,-0.17929,73.24134,-8.915307,2.566146,0.4784,,,,,,,,,,,,-3.7828,-0.74417,1.79777,50,5.57916,-2.57652,-115.70515,-2.2535,-5.10649,22.44273,-33.17865,NOR_DEM,TEX_ISL,BrownStroudField,D1,SLAND,20260313-BrownStroudField-1,c1ddcd30-1f41-11f1-8827-db2f8d1f1106,78.78855,,,6.39573,,,,,,,99932099-0ba7-405d-b958-1caf3e33b2c7,2026-03-14,01:04:27.19,2026-03-13T20:04:27.1921152-05:00,2026-03-14T01:04:27.1921152Z,,v3,471394,4764,,"Huerta, Sebastian",1000220704,Right,NOR_DEM,85c06113-de3e-4ed6-9914-4904d4ad7ac4,54.63581,-116.60086,11.22137,5.64267,-0.9293,-16.58932,1.89654,-2.37271,-2.55324,,,,,,,,,,,,,,,,,,,,,,,,,,,,,,,,,,,,,,,,,,,,,,,,,,,High,High,High,,,,,,,,,,,,,,,,,,,,,,,,,,,,,,,,,,,,,,,
141,2026-03-13,20:04:44.32,3,5,"Trosclair, Brody",10124039,Left,NOR_DEM,"Sanchez, Cade",1000125037,Right,TEX_ISL,Undefined,5,Top,2,2,2,Undefined,Slider,StrikeSwinging,Strikeout,Undefined,Undefined,0,0,,79.9926,-0.679996,2.936904,2866.643383,301.226084,4:00,5.24264,-2.1215,6.54332,-44.0677,-1.31697,4.38303,0.94584,0.93964,73.61762,-8.851289,3.733064,0.47059,,,,,,,,,,,,-1.47536,-0.20402,1.91623,50,5.17648,-6.10691,-116.22939,-2.62694,-2.00768,22.84921,-32.45166,NOR_DEM,TEX_ISL,BrownStroudField,D1,SLAND,20260313-BrownStroudField-1,cc0c4ed0-1f41-11f1-8827-db2f8d1f1106,80.09607,,,6.37497,,,,,,,99932099-0ba7-405d-b958-1caf3e33b2c7,2026-03-14,01:04:44.32,2026-03-13T20:04:44.3295232-05:00,2026-03-14T01:04:44.3295232Z,,v3,471394,4764,,"Huerta, Sebastian",1000220704,Right,NOR_DEM,736f7ba2-dba5-41f2-a4a7-f2bf00c2443b,53.95941,-117.00517,11.42461,5.24697,-1.52513,-16.22583,2.12241,-6.03874,-1.00384,,,,,,,,,,,,,,,,,,,,,,,,,,,,,,,,,,,,,,,,,,,,,,,,,,,High,High,High,,,,,,,,,,,,,,,,,,,,,,,,,,,,,,,,,,,,,,,
142,2026-03-13,20:07:15.12,1,1,"Smith, Easten",1000261621,Right,TEX_ISL,"Huerta, Sebastian",1000220704,Right,NOR_DEM,Undefined,5,Bottom,0,0,0,Undefined,Slider,StrikeCalled,Undefined,Undefined,Undefined,0,0,,81.66205,-1.53013,-1.752873,2551.817179,153.959383,11:15,5.67603,1.42241,4.96807,-29.8938,14.0717,-6.10855,1.73847,-0.74296,74.0258,-7.028356,-2.830227,0.47723,,,,,,,,,,,,2.46433,7.89792,-1.24763,50,5.50423,3.88329,-118.19312,-4.19228,3.4434,25.0944,-21.1383,NOR_DEM,TEX_ISL,BrownStroudField,D1,SLAND,20260313-BrownStroudField-1,25ee1aa0-1f42-11f1-8827-db2f8d1f1106,78.98177,,,7.63624,,,,,,,99932099-0ba7-405d-b958-1caf3e33b2c7,2026-03-14,01:07:15.12,2026-03-13T20:07:15.1225856-05:00,2026-03-14T01:07:15.1225856Z,,v3,471394,4764,,"Azemar, Hunter",10091882,Right,TEX_ISL,97db8879-85a5-4b95-a68d-4f6a5df28f03,55.5282,-119.36108,12.5472,5.67645,-3.20845,-10.56915,-1.42464,3.72303,1.7217,,,,,,,,,,,,,,,,,,,,,,,,,,,,,,,,,,,,,,,,,,,,,,,,,,,High,High,High,,,,,,,,,,,,,,,,,,,,,,,,,,,,,,,,,,,,,,,
143,2026-03-13,20:07:30.70,1,2,"Smith, Easten",1000261621,Right,TEX_ISL,"Huerta, Sebastian",1000220704,Right,NOR_DEM,Undefined,5,Bottom,0,0,1,Undefined,Cutter,StrikeCalled,Undefined,Undefined,Undefined,0,0,,86.83101,-2.217165,-1.441831,2396.886043,166.853099,11:30,5.67637,1.2661,5.62449,-18.44824,19.41883,-4.22366,2.06834,-0.43163,78.66165,-5.717007,-2.19573,0.442896,,,,,,,,,,,,1.67516,10.88162,-1.14053,50,5.47563,3.3518,-125.794,-5.4101,2.6571,27.92344,-14.91387,NOR_DEM,TEX_ISL,BrownStroudField,D1,SLAND,20260313-BrownStroudField-1,2f3bd930-1f42-11f1-8827-db2f8d1f1106,85.10443,,,8.16937,,,,,,,99932099-0ba7-405d-b958-1caf3e33b2c7,2026-03-14,01:07:30.70,2026-03-13T20:07:30.7085312-05:00,2026-03-14T01:07:30.7085312Z,,v3,471394,4764,,"Azemar, Hunter",10091882,Right,TEX_ISL,87492572-6712-4b9b-b8f9-cfa0546cd001,54.87086,-126.87061,13.96172,5.67313,-4.83508,-7.45694,-1.26778,3.24936,1.32855,,,,,,,,,,,,,,,,,,,,,,,,,,,,,,,,,,,,,,,,,,,,,,,,,,,High,High,High,,,,,,,,,,,,,,,,,,,,,,,,,,,,,,,,,,,,,,,
144,2026-03-13,20:07:47.20,1,3,"Smith, Easten",1000261621,Right,TEX_ISL,"Huerta, Sebastian",1000220704,Right,NOR_DEM,Undefined,5,Bottom,0,0,2,Undefined,Curveball,InPlay,Undefined,LineDrive,Double,0,0,,77.68206,0.743031,-0.764982,2613.242535,59.61011,8:00,5.49909,1.6541,4.46548,-53.11007,-3.81595,-9.36823,1.78176,0.14405,70.84064,-8.772438,-2.40542,0.505323,,,,,,,,,,,,4.49496,-2.00602,-1.5635,50,5.52541,1.88083,-112.58149,-0.50354,5.69816,22.7807,-34.71703,NOR_DEM,TEX_ISL,BrownStroudField,D1,SLAND,20260313-BrownStroudField-1,3912c4f0-1f42-11f1-8827-db2f8d1f1106,74.5908,,,6.84142,,,,,,,99932099-0ba7-405d-b958-1caf3e33b2c7,2026-03-14,01:07:47.20,2026-03-13T20:07:47.2029696-05:00,2026-03-14T01:07:47.2029696Z,,v3,471394,4764,,"Azemar, Hunter",10091882,Right,TEX_ISL,a7cfb656-ab3e-46d7-8d9a-61933f86116d,56.03886,-113.79688,11.39035,5.50286,1.34867,-17.35851,-1.65573,1.57682,2.84908,,,,,,,,,,,,,,,,,,,,,,,,,,,,,,,,,,,,,,,,,,,,,,,,,,,High,High,High,,,,,,,,,,,,,,,,,,,,,,,,,,,,,,,,,,,,,,,
145,2026-03-13,20:11:06.15,2,1,"Smith, Easten",1000261621,Right,TEX_ISL,"White, Zach",10149850,Left,NOR_DEM,Undefined,5,Bottom,0,0,0,Undefined,Four-Seam,FoulBallNotFieldable,Undefined,Undefined,Undefined,0,0,,87.15387,-0.798741,-2.804071,2371.420599,180.375887,12:00,5.58399,1.29519,5.30395,-19.20347,18.85694,0.11496,3.23293,-1.32969,78.80975,-4.423836,-2.783706,0.444026,,,,,,,,,,,,-0.93012,10.10823,-1.0404,50,5.49813,6.17728,-126.22228,-2.37745,-1.48363,28.39553,-16.05045,NOR_DEM,TEX_ISL,BrownStroudField,D1,SLAND,20260313-BrownStroudField-1,af9f6ec0-1f42-11f1-8827-db2f8d1f1106,84.88799,,,8.34412,,,,,,,99932099-0ba7-405d-b958-1caf3e33b2c7,2026-03-14,01:11:06.15,2026-03-13T20:11:06.1556224-05:00,2026-03-14T01:11:06.1556224Z,,v3,471394,4764,,"Azemar, Hunter",10091882,Right,TEX_ISL,b04e4c33-8bbd-4f7a-bca0-5745738e7039,55.19515,-127.38564,14.19776,5.58206,-1.71986,-8.02522,-1.29473,6.23807,-0.74182,,,,,,,,,,,,,,,,,,,,,,,,,,,,,,,,,,,,,,,,,,,,,,,,,,,High,High,High,,,,,,,,,,,,,,,,,,,,,,,,,,,,,,,,,,,,,,,
146,2026-03-13,20:12:01.05,2,2,"Smith, Easten",1000261621,Right,TEX_ISL,"White, Zach",10149850,Left,NOR_DEM,Undefined,5,Bottom,0,0,1,Undefined,Cutter,InPlay,Undefined,Bunt,Out,2,0,,87.44931,-1.736297,-2.127684,2375.415557,174.933212,11:45,5.45906,1.43572,5.09018,-20.34438,17.72922,-1.45378,2.12562,-0.69168,79.23549,-5.538667,-2.384455,0.444103,25.55712,27.282879,-9.916514,1838.43695,,,,42.36298,39.57157,-9.643998,1.313921,0.0776,9.7913,-1.23319,50,5.27961,4.76916,-126.66434,-4.54034,0.12466,28.61681,-16.44779,NOR_DEM,TEX_ISL,BrownStroudField,D1,SLAND,20260313-BrownStroudField-1,d054d880-1f42-11f1-8827-db2f8d1f1106,84.87325,8.23112,,8.21381,,,,1.0687,3.41737,0.54751,99932099-0ba7-405d-b958-1caf3e33b2c7,2026-03-14,01:12:01.05,2026-03-13T20:12:01.0523136-05:00,2026-03-14T01:12:01.0523136Z,GroundBall,v3,471394,4764,,"Azemar, Hunter",10091882,Right,TEX_ISL,e2130526-8ffa-4421-bad1-69cacf63aa95,55.41088,-127.88096,14.30841,5.45777,-3.84108,-8.22389,-1.43584,4.76386,0.06233,167.963349,1.0687,32.81702,-1.87059,0.53915,-0.42847,0.44879,-0.25916,0.07613,-0.00882,3.41737,17.18146,-15.51448,0.3431,0.06399,-0.04012,-0.02783,0.02643,-0.00629,0.54751,-5.73704,0.01986,-0.06227,-0.0009,-0.00612,0.01033,-0.00505,0.00093,,,,,,,,,,,,,,,,,,,,,,,High,High,High,High,Medium,,,,,,,,,,,,,,,,,,,,,,,,,,,,,,,,,,,,,
147,2026-03-13,20:12:40.14,3,1,"Smith, Easten",1000261621,Right,TEX_ISL,"Leonard, Brooks",1000166243,Right,NOR_DEM,Undefined,5,Bottom,2,0,0,Undefined,Slider,BallCalled,Undefined,Undefined,Undefined,0,0,,85.18557,-0.919334,-2.735985,1322.053064,130.095744,10:15,5.56361,1.61049,4.62639,-33.6223,6.71055,-6.51256,1.88677,-1.535,78.40142,-6.97774,-3.875985,0.457089,,,,,,,,,,,,2.45815,3.89378,-1.32308,50,5.43847,6.19884,-123.43049,-3.31619,3.80572,23.74761,-26.14566,NOR_DEM,TEX_ISL,BrownStroudField,D1,SLAND,20260313-BrownStroudField-1,e7ab1e90-1f42-11f1-8827-db2f8d1f1106,82.46194,,,6.78415,,,,,,,99932099-0ba7-405d-b958-1caf3e33b2c7,2026-03-14,01:12:40.14,2026-03-13T20:12:40.1476096-05:00,2026-03-14T01:12:40.1476096Z,,v3,471394,4764,,"Azemar, Hunter",10091882,Right,TEX_ISL,14126ec5-31f3-493a-be9b-67f23fa9d986,55.87341,-124.55539,11.8738,5.56622,-2.0777,-13.07283,-1.61244,6.01856,1.90286,,,,,,,,,,,,,,,,,,,,,,,,,,,,,,,,,,,,,,,,,,,,,,,,,,,High,High,High,,,,,,,,,,,,,,,,,,,,,,,,,,,,,,,,,,,,,,,
148,2026-03-13,20:12:56.12,3,2,"Smith, Easten",1000261621,Right,TEX_ISL,"Leonard, Brooks",1000166243,Right,NOR_DEM,Undefined,5,Bottom,2,1,0,Undefined,Four-Seam,InPlay,Undefined,FlyBall,Triple,0,0,,88.76941,-1.394826,-1.95213,2431.532724,178.588851,12:00,5.58656,1.38669,5.53977,-18.17462,18.04718,-0.41413,2.76733,-0.47308,80.55128,-4.833758,-2.025902,0.433168,83.50205,43.803586,28.420179,4362.780338,,,,,35.23159,,,-0.37937,9.93831,-1.21706,50,5.45394,4.40493,-128.71589,-3.70865,-0.63103,28.84947,-15.64345,NOR_DEM,TEX_ISL,BrownStroudField,D1,SLAND,20260313-BrownStroudField-1,f12a7470-1f42-11f1-8827-db2f8d1f1106,87.01577,33.6812,,8.21813,,,,1.5188,3.77428,0.66839,99932099-0ba7-405d-b958-1caf3e33b2c7,2026-03-14,01:12:56.12,2026-03-13T20:12:56.1243648-05:00,2026-03-14T01:12:56.1243648Z,,v3,471394,4764,,"Azemar, Hunter",10091882,Right,TEX_ISL,f14276ae-e96a-4d01-8313-86e377e4d22f,54.96011,-129.82285,14.42473,5.58473,-3.10841,-7.82172,-1.38655,4.42915,-0.31552,227.942963,1.53435,77.22459,-14.7368,,,,,,,3.79114,84.21777,-27.91599,,,,,,,0.67117,41.97661,-4.48694,,,,,,,,,,,,,,,,,,,,,,,,,,,,,High,High,High,High,Undefined,,,,,,,,,,,,,,,,,,,,,,,,,,,,,,,,,,,,,
149,2026-03-13,20:13:55.21,4,1,"Smith, Easten",1000261621,Right,TEX_ISL,"Johnson, Bryce",1000121296,Right,NOR_DEM,Undefined,5,Bottom,2,0,0,Undefined,Cutter,BallCalled,Undefined,Undefined,Undefined,0,0,,85.62409,0.236375,-2.52971,2607.235344,156.248913,11:15,5.51322,1.37448,5.04152,-29.78521,9.8702,-3.76047,3.25432,-1.32682,77.82195,-5.234414,-3.19279,0.453234,,,,,,,,,,,,1.13165,5.18949,-1.12974,50,5.51232,5.64525,-124.05691,-0.57755,1.75047,26.54301,-24.14691,NOR_DEM,TEX_ISL,BrownStroudField,D1,SLAND,20260313-BrownStroudField-1,14672550-1f43-11f1-8827-db2f8d1f1106,83.16328,,,7.80214,,,,,,,99932099-0ba7-405d-b958-1caf3e33b2c7,2026-03-14,01:13:55.21,2026-03-13T20:13:55.2165376-05:00,2026-03-14T01:13:55.2165376Z,,v3,471394,4764,,"Azemar, Hunter",10091882,Right,TEX_ISL,5be605ab-5d2e-4612-afcd-5e6efd169620,55.45862,-125.21938,13.27151,5.51445,0.47998,-12.07346,-1.3753,5.56859,0.87524,,,,,,,,,,,,,,,,,,,,,,,,,,,,,,,,,,,,,,,,,,,,,,,,,,,High,High,High,,,,,,,,,,,,,,,,,,,,,,,,,,,,,,,,,,,,,,,
150,2026-03-13,20:14:12.81,4,2,"Smith, Easten",1000261621,Right,TEX_ISL,"Johnson, Bryce",1000121296,Right,NOR_DEM,Undefined,5,Bottom,2,1,0,Undefined,Slider,BallCalled,Undefined,Undefined,Undefined,0,0,,84.66436,0.467323,-0.256491,2562.970917,137.250212,10:30,5.66211,1.46166,5.7007,-31.98073,7.58745,-5.77122,3.43254,0.74172,76.81649,-5.473164,-1.288954,0.452736,,,,,,,,,,,,2.83567,4.12866,-1.43658,50,5.68169,0.79266,-122.84602,-0.07317,4.2939,26.39959,-25.92223,NOR_DEM,TEX_ISL,BrownStroudField,D1,SLAND,20260313-BrownStroudField-1,1ee6d430-1f43-11f1-8827-db2f8d1f1106,83.25487,,,7.84787,,,,,,,99932099-0ba7-405d-b958-1caf3e33b2c7,2026-03-14,01:14:12.81,2026-03-13T20:14:12.8101376-05:00,2026-03-14T01:14:12.8101376Z,,v3,471394,4764,,"Azemar, Hunter",10091882,Right,TEX_ISL,3bb308cb-0495-49e4-917a-9743d12136cf,54.79645,-123.87248,13.1998,5.66494,0.93474,-12.96112,-1.46415,0.62571,2.14695,,,,,,,,,,,,,,,,,,,,,,,,,,,,,,,,,,,,,,,,,,,,,,,,,,,High,High,High,,,,,,,,,,,,,,,,,,,,,,,,,,,,,,,,,,,,,,,
151,2026-03-13,20:14:32.47,4,3,"Smith, Easten",1000261621,Right,TEX_ISL,"Johnson, Bryce",1000121296,Right,NOR_DEM,Undefined,5,Bottom,2,2,0,Undefined,Four-Seam,StrikeCalled,Undefined,Undefined,Undefined,0,0,,89.52758,-2.664153,-2.249135,2485.820622,179.099486,12:00,5.53786,1.24442,5.55154,-13.4143,22.481,-0.33268,1.9268,-0.88607,80.71399,-5.263668,-2.308373,0.431211,,,,,,,,,,,,-0.54933,12.55237,-1.04954,50,5.29859,5.10314,-129.54922,-6.37978,-0.9206,30.56345,-11.13747,NOR_DEM,TEX_ISL,BrownStroudField,D1,SLAND,20260313-BrownStroudField-1,2a9bcec0-1f43-11f1-8827-db2f8d1f1106,87.4106,,,8.81359,,,,,,,99932099-0ba7-405d-b958-1caf3e33b2c7,2026-03-14,01:14:32.47,2026-03-13T20:14:32.4747264-05:00,2026-03-14T01:14:32.4747264Z,,v3,471394,4764,,"Azemar, Hunter",10091882,Right,TEX_ISL,22e9ca5a-ae50-4b63-8a08-5a77a2aa4af2,54.94423,-130.71047,15.28173,5.53295,-5.95662,-5.56873,-1.24409,5.13812,-0.4603,,,,,,,,,,,,,,,,,,,,,,,,,,,,,,,,,,,,,,,,,,,,,,,,,,,High,High,High,,,,,,,,,,,,,,,,,,,,,,,,,,,,,,,,,,,,,,,
152,2026-03-13,20:14:54.72,4,4,"Smith, Easten",1000261621,Right,TEX_ISL,"Johnson, Bryce",1000121296,Right,NOR_DEM,Undefined,5,Bottom,2,2,1,Undefined,Four-Seam,StrikeSwinging,Undefined,Undefined,Undefined,0,0,,89.14858,-1.372351,-1.910526,2415.393215,184.529657,12:15,5.58109,1.35567,6.05845,-14.59276,20.81403,1.54831,3.09384,-0.28434,80.39049,-4.212264,-1.632054,0.428267,,,,,,,,,,,,-1.40047,11.49843,-1.20804,50,5.46656,4.24611,-129.25976,-3.45694,-2.33683,30.39748,-12.98749,NOR_DEM,TEX_ISL,BrownStroudField,D1,SLAND,20260313-BrownStroudField-1,37dcc080-1f43-11f1-8827-db2f8d1f1106,88.01153,,,8.75809,,,,,,,99932099-0ba7-405d-b958-1caf3e33b2c7,2026-03-14,01:14:54.72,2026-03-13T20:14:54.7221504-05:00,2026-03-14T01:14:54.7221504Z,,v3,471394,4764,,"Azemar, Hunter",10091882,Right,TEX_ISL,0563d390-52ca-4577-b486-1a6768ad24c2,54.43791,-130.29922,15.19874,5.57718,-3.01282,-6.49374,-1.35461,4.32602,-1.16842,,,,,,,,,,,,,,,,,,,,,,,,,,,,,,,,,,,,,,,,,,,,,,,,,,,High,High,High,,,,,,,,,,,,,,,,,,,,,,,,,,,,,,,,,,,,,,,
153,2026-03-13,20:15:14.70,4,5,"Smith, Easten",1000261621,Right,TEX_ISL,"Johnson, Bryce",1000121296,Right,NOR_DEM,Undefined,5,Bottom,2,2,2,Undefined,Four-Seam,BallCalled,Undefined,Undefined,Undefined,0,0,,89.24941,-1.815676,-2.882537,2462.214145,181.747447,12:00,5.48161,1.37727,5.31679,-14.50182,21.71088,0.62421,2.56632,-1.27837,80.89524,-4.590134,-2.771978,0.433114,,,,,,,,,,,,-1.17469,11.76772,-1.11636,50,5.30694,6.47691,-129.20163,-4.52167,-1.97106,28.76566,-12.42863,NOR_DEM,TEX_ISL,BrownStroudField,D1,SLAND,20260313-BrownStroudField-1,43c79820-1f43-11f1-8827-db2f8d1f1106,87.02669,,,8.35418,,,,,,,99932099-0ba7-405d-b958-1caf3e33b2c7,2026-03-14,01:15:14.70,2026-03-13T20:15:14.7005440-05:00,2026-03-14T01:15:14.7005440Z,,v3,471394,4764,,"Azemar, Hunter",10091882,Right,TEX_ISL,bc612bb3-258c-4038-a9ed-6a3c19585358,55.18019,-130.34985,14.38283,5.47753,-4.02557,-6.21432,-1.37647,6.55559,-0.98553,,,,,,,,,,,,,,,,,,,,,,,,,,,,,,,,,,,,,,,,,,,,,,,,,,,High,High,High,,,,,,,,,,,,,,,,,,,,,,,,,,,,,,,,,,,,,,,
154,2026-03-13,20:15:33.05,4,6,"Smith, Easten",1000261621,Right,TEX_ISL,"Johnson, Bryce",1000121296,Right,NOR_DEM,Undefined,5,Bottom,2,3,2,Undefined,Curveball,FoulBallNotFieldable,Undefined,Undefined,Undefined,0,0,,80.9623,-1.101649,-0.817485,2725.366273,64.00075,8:15,5.44549,1.55134,4.82668,-48.50077,-3.91504,-10.99087,0.36016,-0.13885,74.39516,-9.800103,-2.757303,0.480584,,,,,,,,,,,,5.23918,-1.28539,-1.46013,50,5.29403,2.13814,-117.41799,-4.08802,7.26638,23.59205,-33.95678,NOR_DEM,TEX_ISL,BrownStroudField,D1,SLAND,20260313-BrownStroudField-1,4eb7bc10-1f43-11f1-8827-db2f8d1f1106,78.43046,,,6.56714,,,,,,,99932099-0ba7-405d-b958-1caf3e33b2c7,2026-03-14,01:15:33.05,2026-03-13T20:15:33.0520064-05:00,2026-03-14T01:15:33.0520064Z,,v3,471394,4764,,"Azemar, Hunter",10091882,Right,TEX_ISL,d62b8d3d-8ac4-4db7-ba6c-4e1e4f129f3e,55.67567,-118.55288,11.79603,5.45139,-2.45454,-16.97839,-1.55458,1.7886,3.63319,,,,,,,,,,,,,,,,,,,,,,,,,,,,,,,,,,,,,,,,,,,,,,,,,,,High,High,High,,,,,,,,,,,,,,,,,,,,,,,,,,,,,,,,,,,,,,,
155,2026-03-13,20:15:58.31,4,7,"Smith, Easten",1000261621,Right,TEX_ISL,"Johnson, Bryce",1000121296,Right,NOR_DEM,Undefined,5,Bottom,2,3,2,Undefined,Four-Seam,StrikeCalled,Strikeout,Undefined,Undefined,0,0,,90.31669,-2.589591,-1.521381,2505.096401,180.38246,12:00,5.58752,1.35838,5.72912,-14.95709,19.81454,0.12425,1.92681,-0.04852,81.98449,-5.452771,-1.499158,0.424408,,,,,,,,,,,,-0.51858,11.19351,-1.23154,50,5.36228,3.47094,-130.89373,-6.34401,-0.89304,29.54393,-12.89846,NOR_DEM,TEX_ISL,BrownStroudField,D1,SLAND,20260313-BrownStroudField-1,5dc4bb40-1f43-11f1-8827-db2f8d1f1106,88.81171,,,8.3322,,,,,,,99932099-0ba7-405d-b958-1caf3e33b2c7,2026-03-14,01:15:58.31,2026-03-13T20:15:58.3193088-05:00,2026-03-14T01:15:58.3193088Z,,v3,471394,4764,,"Azemar, Hunter",10091882,Right,TEX_ISL,5284c991-3d00-4049-a7a3-5c1cf57c7345,54.76809,-131.96555,14.77197,5.58394,-5.87607,-6.44923,-1.35805,3.50334,-0.44652,,,,,,,,,,,,,,,,,,,,,,,,,,,,,,,,,,,,,,,,,,,,,,,,,,,High,High,High,,,,,,,,,,,,,,,,,,,,,,,,,,,,,,,,,,,,,,,
156,2026-03-13,20:18:13.43,1,1,"Trosclair, Brody",10124039,Left,NOR_DEM,"Flaggert, Jarrett",813171,Right,TEX_ISL,Undefined,6,Top,0,0,0,Undefined,Slider,InPlay,Undefined,GroundBall,Out,1,0,,80.11952,1.47657,2.313778,2931.608231,285.538971,3:30,5.11424,-2.15708,5.81684,-44.06306,-0.27181,5.93626,2.81667,0.49015,73.32962,-6.631984,3.376373,0.476283,52.31057,7.476609,-31.227995,1875.85517,,,,53.52986,53.52986,-30.422304,0.714759,-2.38358,-0.19827,1.9639,50,5.20887,-4.92197,-116.28514,1.57616,-3.25221,22.52647,-32.44459,NOR_DEM,TEX_ISL,BrownStroudField,D1,SLAND,20260313-BrownStroudField-1,ae52d510-1f43-11f1-8827-db2f8d1f1106,79.13878,3.90017,,6.78991,,,,1.31679,2.62572,-0.04961,99932099-0ba7-405d-b958-1caf3e33b2c7,2026-03-14,01:18:13.43,2026-03-13T20:18:13.4369280-05:00,2026-03-14T01:18:13.4369280Z,GroundBall,v3,471394,4764,,"Huerta, Sebastian",1000220704,Right,NOR_DEM,cecf8838-f45e-4778-a3e0-d006c5ecbe92,54.68446,-117.18909,11.26324,5.1195,2.8781,-16.2223,2.15879,-4.79146,-1.62611,,1.31322,65.11242,-3.30688,,,,,,,2.63983,9.71895,-18.79115,,,,,,,-0.04791,-39.46798,2.25152,,,,,,,,,,,,,,,,,,,,,,,,,,,,,High,High,High,Low,Medium,,,,,,,,,,,,,,,,,,,,,,,,,,,,,,,,,,,,,
157,2026-03-13,20:18:50.08,2,1,"Trosclair, Brody",10124039,Left,NOR_DEM,"Smith, Jackson",1000116497,Left,TEX_ISL,Undefined,6,Top,1,0,0,Undefined,Curveball,BallCalled,Undefined,Undefined,Undefined,0,0,,79.32193,-0.089358,1.71322,2912.789648,297.540617,4:00,5.29931,-2.2678,6.22805,-46.68959,-2.83744,8.02863,1.32603,-0.0176,73.08781,-8.69874,3.165015,0.476614,,,,,,,,,,,,-3.69819,-1.07465,2.13585,50,5.26947,-3.73143,-115.31574,-1.59219,-4.96644,21.97704,-33.61723,NOR_DEM,TEX_ISL,BrownStroudField,D1,SLAND,20260313-BrownStroudField-1,c42d0270-1f43-11f1-8827-db2f8d1f1106,79.08377,,,6.23413,,,,,,,99932099-0ba7-405d-b958-1caf3e33b2c7,2026-03-14,01:18:50.08,2026-03-13T20:18:50.0819456-05:00,2026-03-14T01:18:50.0819456Z,,v3,471394,4764,,"Huerta, Sebastian",1000220704,Right,NOR_DEM,cd92837a-5a90-4260-a170-606996dc94a7,54.27405,-116.12743,10.98852,5.30535,-0.35058,-16.80862,2.27028,-3.548,-2.48322,,,,,,,,,,,,,,,,,,,,,,,,,,,,,,,,,,,,,,,,,,,,,,,,,,,High,High,High,,,,,,,,,,,,,,,,,,,,,,,,,,,,,,,,,,,,,,,
158,2026-03-13,20:19:03.53,2,2,"Trosclair, Brody",10124039,Left,NOR_DEM,"Smith, Jackson",1000116497,Left,TEX_ISL,Undefined,6,Top,1,1,0,Undefined,Slider,StrikeCalled,Undefined,Undefined,Undefined,0,0,,79.98517,1.712054,3.02629,2880.028823,279.408305,3:15,5.1494,-2.4493,6.34439,-42.04431,0.99713,2.03378,3.2245,0.50879,73.24717,-6.106519,3.393509,0.472188,,,,,,,,,,,,-0.19787,0.51165,2.22834,50,5.25489,-6.21163,-116.08546,2.21698,-0.2697,21.9494,-31.47661,NOR_DEM,TEX_ISL,BrownStroudField,D1,SLAND,20260313-BrownStroudField-1,cc3373f0-1f43-11f1-8827-db2f8d1f1106,79.82511,,,6.738,,,,,,,99932099-0ba7-405d-b958-1caf3e33b2c7,2026-03-14,01:19:03.53,2026-03-13T20:19:03.5339264-05:00,2026-03-14T01:19:03.5339264Z,,v3,471394,4764,,"Huerta, Sebastian",1000220704,Right,NOR_DEM,7807cb73-c57e-4c5d-b3d3-a6846acdbc0e,54.15462,-116.86837,10.9747,5.15579,3.33971,-15.73831,2.44973,-6.20201,-0.13485,,,,,,,,,,,,,,,,,,,,,,,,,,,,,,,,,,,,,,,,,,,,,,,,,,,High,High,High,,,,,,,,,,,,,,,,,,,,,,,,,,,,,,,,,,,,,,,
159,2026-03-13,20:19:17.84,2,3,"Trosclair, Brody",10124039,Left,NOR_DEM,"Smith, Jackson",1000116497,Left,TEX_ISL,Undefined,6,Top,1,1,1,Undefined,Curveball,StrikeSwinging,Undefined,Undefined,Undefined,0,0,,78.15488,0.802488,1.489458,2920.374679,297.003251,4:00,5.13032,-2.42488,6.44011,-46.50463,-1.8541,6.25264,1.99266,-0.5348,72.0822,-7.823724,2.624034,0.480933,,,,,,,,,,,,-2.89181,-0.86587,2.3163,50,5.16623,-3.163,-113.69637,0.27183,-3.78766,20.72559,-33.30812,NOR_DEM,TEX_ISL,BrownStroudField,D1,SLAND,20260313-BrownStroudField-1,d4b90080-1f43-11f1-8827-db2f8d1f1106,78.37353,,,6.07268,,,,,,,99932099-0ba7-405d-b958-1caf3e33b2c7,2026-03-14,01:19:17.84,2026-03-13T20:19:17.8419712-05:00,2026-03-14T01:19:17.8419712Z,,v3,471394,4764,,"Huerta, Sebastian",1000220704,Right,NOR_DEM,1144d7a7-4912-4a8c-9a9f-05f2c56b93c8,54.06273,-114.43456,10.3628,5.13542,1.45818,-16.65406,2.42656,-3.0281,-1.89383,,,,,,,,,,,,,,,,,,,,,,,,,,,,,,,,,,,,,,,,,,,,,,,,,,,High,High,High,,,,,,,,,,,,,,,,,,,,,,,,,,,,,,,,,,,,,,,
160,2026-03-13,20:19:33.71,2,4,"Trosclair, Brody",10124039,Left,NOR_DEM,"Smith, Jackson",1000116497,Left,TEX_ISL,Undefined,6,Top,1,1,2,Undefined,Slider,StrikeSwinging,Strikeout,Undefined,Undefined,0,0,,80.55287,0.479168,2.163693,2941.377952,302.394293,4:00,5.21398,-1.59508,5.13048,-46.70999,-2.26469,5.78811,1.77309,0.92597,73.89057,-7.980772,3.18793,0.479827,,,,,,,,,,,,-2.26559,-0.85421,1.38722,50,5.22266,-4.65456,-116.82912,-0.71938,-3.12174,22.63679,-33.35104,NOR_DEM,TEX_ISL,BrownStroudField,D1,SLAND,20260313-BrownStroudField-1,de2e6b50-1f43-11f1-8827-db2f8d1f1106,78.55429,,,6.66231,,,,,,,99932099-0ba7-405d-b958-1caf3e33b2c7,2026-03-14,01:19:33.71,2026-03-13T20:19:33.7130000-05:00,2026-03-14T01:19:33.7130000Z,,v3,471394,4764,,"Huerta, Sebastian",1000220704,Right,NOR_DEM,8ee080a3-fd52-4f90-98c3-968fa09886ae,55.37027,-117.86507,11.3184,5.22066,0.8069,-16.67552,1.59697,-4.5117,-1.56087,,,,,,,,,,,,,,,,,,,,,,,,,,,,,72.15891,2.768743,1.847552,0.921191,0.32384,1.61783,-0.98704,-2.51906,5.60295,-3.38048,68.26485,5.11127,-56.53977,-2.49764,82.27415,-6.02247,5.60351,9.61604,-11.02627,-3.41284,-64.85361,7.94142,High,High,High,,,High,Medium,Low,,,,,,,,,,,,,,,,,,,,,,,,,,,,,,,,,,
161,2026-03-13,20:20:02.96,3,1,"Trosclair, Brody",10124039,Left,NOR_DEM,"Towchik, Maxwell",1000167584,Right,TEX_ISL,Undefined,6,Top,2,0,0,Undefined,Four-Seam,StrikeSwinging,Undefined,Undefined,Undefined,0,0,,90.96788,-0.923945,2.661854,2516.072015,147.782537,11:00,5.60895,-1.96079,6.81228,-15.91237,16.7921,-9.91166,3.4389,-0.35623,82.83843,-4.011333,0.854164,0.4116,,,,,,,,,,,,6.00532,9.47938,1.79205,50,5.54288,-5.76579,-132.17505,-2.51051,10.58293,29.18178,-15.46898,NOR_DEM,TEX_ISL,BrownStroudField,D1,SLAND,20260313-BrownStroudField-1,ef981f30-1f43-11f1-8827-db2f8d1f1106,91.57549,,,8.12945,,,,,,,99932099-0ba7-405d-b958-1caf3e33b2c7,2026-03-14,01:20:02.96,2026-03-13T20:20:02.9682688-05:00,2026-03-14T01:20:02.9682688Z,,v3,471394,4764,,"Huerta, Sebastian",1000220704,Right,NOR_DEM,75a87bb0-f04b-4a3a-8c7b-61a33413d5b8,53.68677,-132.98653,14.59089,5.60671,-2.08035,-7.73449,1.95647,-6.06008,5.29147,,,,,,,,,,,,,,,,,,,,,,,,,,,,,,,,,,,,,,,,,,,,,,,,,,,High,High,High,,,,,,,,,,,,,,,,,,,,,,,,,,,,,,,,,,,,,,,
162,2026-03-13,20:20:20.06,3,2,"Trosclair, Brody",10124039,Left,NOR_DEM,"Towchik, Maxwell",1000167584,Right,TEX_ISL,Undefined,6,Top,2,0,1,Undefined,Slider,FoulBallNotFieldable,Undefined,Undefined,Undefined,0,0,,81.11866,0.616224,1.987821,2935.166159,306.585323,4:15,5.2201,-2.12596,6.29999,-44.68132,-3.03736,5.74422,2.0648,0.18499,74.86441,-7.639921,3.026898,0.464459,74.95849,-10.263127,-51.542098,,,,,11.14929,4.70261,-44.924457,0.090042,-2.48091,-1.46697,1.97711,50,5.2436,-4.29478,-117.97379,-0.08537,-3.50288,22.05472,-34.24533,NOR_DEM,TEX_ISL,BrownStroudField,D1,SLAND,20260313-BrownStroudField-1,f9cabf80-1f43-11f1-8827-db2f8d1f1106,81.15341,1.76728,,6.25425,,,,1.82376,1.76728,-0.23032,99932099-0ba7-405d-b958-1caf3e33b2c7,2026-03-14,01:20:20.06,2026-03-13T20:20:20.0628736-05:00,2026-03-14T01:20:20.0628736Z,GroundBall,v3,471394,4764,,"Huerta, Sebastian",1000220704,Right,NOR_DEM,052e8e69-6ee9-4dda-bf31-2b652091c792,54.20318,-118.75696,11.02736,5.22504,1.13069,-17.12267,2.12741,-4.1704,-1.75144,180,1.82178,67.41746,,,,,,,,1.76785,-19.62734,,,,,,,,-0.22783,-84.8833,,,,,,,,,,,,,,,,,,,,,,,,,,,,,,High,High,High,Low,Low,,,,,,,,,,,,,,,,,,,,,,,,,,,,,,,,,,,,,
163,2026-03-13,20:20:59.82,3,3,"Trosclair, Brody",10124039,Left,NOR_DEM,"Towchik, Maxwell",1000167584,Right,TEX_ISL,Undefined,6,Top,2,0,2,Undefined,Four-Seam,BallCalled,Undefined,Undefined,Undefined,0,0,,93.46682,-0.004006,2.122323,2461.760751,141.982483,10:45,5.71164,-1.89805,6.9363,-14.88702,15.92064,-11.67009,4.4674,-0.93779,85.02063,-2.905675,-0.012384,0.399485,,,,,,,,,,,,6.77363,8.75378,1.76868,50,5.70556,-4.57686,-135.89199,-0.35204,12.6148,30.90933,-15.87154,NOR_DEM,TEX_ISL,BrownStroudField,D1,SLAND,20260313-BrownStroudField-1,117455b0-1f44-11f1-8827-db2f8d1f1106,94.35255,,,8.44619,,,,,,,99932099-0ba7-405d-b958-1caf3e33b2c7,2026-03-14,01:20:59.82,2026-03-13T20:20:59.8215680-05:00,2026-03-14T01:20:59.8215680Z,,v3,471394,4764,,"Huerta, Sebastian",1000220704,Right,NOR_DEM,4e1ad87d-e91d-479c-93f9-6d27db83135b,53.56209,-136.6998,15.45466,5.70934,0.06276,-7.93577,1.89261,-4.90655,6.3074,,,,,,,,,,,,,,,,,,,,,,,,,,,,,,,,,,,,,,,,,,,,,,,,,,,High,High,High,,,,,,,,,,,,,,,,,,,,,,,,,,,,,,,,,,,,,,,
164,2026-03-13,20:21:14.50,3,4,"Trosclair, Brody",10124039,Left,NOR_DEM,"Towchik, Maxwell",1000167584,Right,TEX_ISL,Undefined,6,Top,2,1,2,Undefined,Curveball,BallinDirt,Undefined,Undefined,Undefined,0,0,,78.37279,-1.313185,1.928142,2827.889534,339.060474,5:15,5.65244,-1.81508,5.49417,-51.05833,-4.75985,2.37693,0.16826,0.18735,72.38859,-10.556262,2.352845,0.489728,,,,,,,,,,,,-0.65894,-1.71862,1.64459,50,5.50231,-3.91882,-113.76313,-4.3139,-0.86015,21.63128,-34.41753,NOR_DEM,TEX_ISL,BrownStroudField,D1,SLAND,20260313-BrownStroudField-1,1a401300-1f44-11f1-8827-db2f8d1f1106,76.96611,,,5.9842,,,,,,,99932099-0ba7-405d-b958-1caf3e33b2c7,2026-03-14,01:21:14.50,2026-03-13T20:21:14.5041408-05:00,2026-03-14T01:21:14.5041408Z,,v3,471394,4764,,"Huerta, Sebastian",1000220704,Right,NOR_DEM,06e18bad-f9af-433b-a1c8-abf32b287dcc,55.00875,-114.71156,10.81564,5.65837,-2.80486,-17.20877,1.81558,-3.88111,-0.43008,,,,,,,,,,,,,,,,,,,,,,,,,,,,,,,,,,,,,,,,,,,,,,,,,,,High,High,High,,,,,,,,,,,,,,,,,,,,,,,,,,,,,,,,,,,,,,,
165,2026-03-13,20:21:32.15,3,5,"Trosclair, Brody",10124039,Left,NOR_DEM,"Towchik, Maxwell",1000167584,Right,TEX_ISL,Undefined,6,Top,2,2,2,Undefined,Sinker,StrikeSwinging,Strikeout,Undefined,Undefined,0,0,,92.77113,-0.397888,2.641535,2592.251689,138.088181,10:30,5.58769,-1.92228,6.39814,-17.12658,14.81816,-12.3706,3.79415,-0.52211,84.42282,-3.679328,0.402741,0.406791,,,,,,,,,,,,7.19863,8.15158,1.73793,50,5.55105,-5.70354,-134.73205,-1.41916,13.18584,30.23024,-17.24272,NOR_DEM,TEX_ISL,BrownStroudField,D1,SLAND,20260313-BrownStroudField-1,24c1e4c0-1f44-11f1-8827-db2f8d1f1106,92.65804,,,8.34831,,,,,,,99932099-0ba7-405d-b958-1caf3e33b2c7,2026-03-14,01:21:32.15,2026-03-13T20:21:32.1570000-05:00,2026-03-14T01:21:32.1570000Z,,v3,471394,4764,,"Huerta, Sebastian",1000220704,Right,NOR_DEM,e315f111-8853-4d8f-8c79-5373cd8c41d6,54.10118,-135.64913,15.11512,5.58617,-0.89608,-8.62136,1.91702,-6.10355,6.59292,,,,,,,,,,,,,,,,,,,,,,,,,,,,,73.60886,2.768972,1.875149,0.893823,-1.19546,3.6218,0.50628,-3.0878,6.03803,6.10004,66.72845,5.20023,58.1054,-3.02771,86.90557,-9.98982,6.0404,8.98618,-11.10978,6.12001,61.82737,-4.12721,High,High,High,,,High,Low,Low,,,,,,,,,,,,,,,,,,,,,,,,,,,,,,,,,,
166,2026-03-13,20:23:38.01,1,1,"Smith, Easten",1000261621,Right,TEX_ISL,"Marsala III, Thomas",1000096473,Left,NOR_DEM,Undefined,6,Bottom,0,0,0,Undefined,Changeup,BallCalled,Undefined,Undefined,Undefined,0,0,,81.75805,0.105295,-0.200043,1568.125166,240.471745,2:00,5.72902,1.60091,6.65292,-31.95506,8.68351,13.05076,3.16247,2.50539,74.7834,-5.921215,2.177519,0.458818,,,,,,,,,,,,-6.86181,4.97177,-1.59167,50,5.72348,-0.05498,-118.89894,-0.65476,-9.79072,23.49248,-25.08016,NOR_DEM,TEX_ISL,BrownStroudField,D1,SLAND,20260313-BrownStroudField-1,6fc9a840-1f44-11f1-8827-db2f8d1f1106,82.15118,,,6.97465,,,,,,,99932099-0ba7-405d-b958-1caf3e33b2c7,2026-03-14,01:23:38.01,2026-03-13T20:23:38.0166656-05:00,2026-03-14T01:23:38.0166656Z,,v3,471394,4764,,"Azemar, Hunter",10091882,Right,TEX_ISL,66f4bfa4-186d-49f5-a819-309f8d489545,53.84525,-119.65628,11.74624,5.73156,0.15377,-12.54008,-1.59499,0.26066,-4.89536,,,,,,,,,,,,,,,,,,,,,,,,,,,,,,,,,,,,,,,,,,,,,,,,,,,High,High,High,,,,,,,,,,,,,,,,,,,,,,,,,,,,,,,,,,,,,,,
167,2026-03-13,20:23:54.65,1,2,"Smith, Easten",1000261621,Right,TEX_ISL,"Marsala III, Thomas",1000096473,Left,NOR_DEM,Undefined,6,Bottom,0,1,0,Undefined,Slider,InPlay,Undefined,Popup,Out,1,0,,84.24391,-0.307685,-0.773228,2493.780478,134.411923,10:30,5.45809,1.55097,4.63346,-32.50722,8.67016,-7.54933,2.45669,0.18689,77.30321,-6.198741,-2.097438,0.46185,,,,,,,,,,,,3.52067,4.67622,-1.46424,50,5.39702,1.98823,-122.20785,-1.91337,5.33437,23.65713,-25.08882,NOR_DEM,TEX_ISL,BrownStroudField,D1,SLAND,20260313-BrownStroudField-1,79b52d70-1f44-11f1-8827-db2f8d1f1106,81.61191,,,6.9407,,,,,,,99932099-0ba7-405d-b958-1caf3e33b2c7,2026-03-14,01:23:54.65,2026-03-13T20:23:54.6580992-05:00,2026-03-14T01:23:54.6580992Z,,v3,471394,4764,,"Azemar, Hunter",10091882,Right,TEX_ISL,290adf4b-f9ae-4be5-bcd7-379265b5cfa6,55.86741,-123.33844,11.82856,5.45981,-0.71436,-12.54441,-1.55316,1.7333,2.66719,,,,,,,,,,,,,,,,,,,,,,,,,,,,,,,,,,,,,,,,,,,,,,,,,,,High,High,High,,,,,,,,,,,,,,,,,,,,,,,,,,,,,,,,,,,,,,,
168,2026-03-13,20:24:37.10,2,1,"Smith, Easten",1000261621,Right,TEX_ISL,"Siervo, Joe",1000090286,Right,NOR_DEM,Undefined,6,Bottom,1,0,0,Undefined,Cutter,BallCalled,Undefined,Undefined,Undefined,0,0,,87.41477,1.472918,-0.912256,2457.111381,181.214146,12:00,5.67992,1.61974,5.43934,-19.70859,17.66599,0.34858,5.41725,0.79448,79.2811,-2.250016,-0.850257,0.440007,,,,,,,,,,,,-0.43693,8.7891,-1.53928,50,5.79692,2.00233,-126.74388,2.64077,-0.70798,26.84153,-17.93268,NOR_DEM,TEX_ISL,BrownStroudField,D1,SLAND,20260313-BrownStroudField-1,92feb800-1f44-11f1-8827-db2f8d1f1106,85.66325,,,8.13367,,,,,,,99932099-0ba7-405d-b958-1caf3e33b2c7,2026-03-14,01:24:37.10,2026-03-13T20:24:37.1040256-05:00,2026-03-14T01:24:37.1040256Z,,v3,471394,4764,,"Azemar, Hunter",10091882,Right,TEX_ISL,62b9a029-5b17-4eb5-9eb5-f3e6cc4b33b0,55.05604,-127.81016,13.42076,5.67786,3.35314,-8.96634,-1.61938,2.03046,-0.35399,,,,,,,,,,,,,,,,,,,,,,,,,,,,,,,,,,,,,,,,,,,,,,,,,,,High,High,High,,,,,,,,,,,,,,,,,,,,,,,,,,,,,,,,,,,,,,,
169,2026-03-13,20:25:02.37,2,2,"Smith, Easten",1000261621,Right,TEX_ISL,"Siervo, Joe",1000090286,Right,NOR_DEM,Undefined,6,Bottom,1,1,0,Undefined,Slider,StrikeSwinging,Undefined,Undefined,Undefined,0,0,,84.65241,-2.000741,-1.16208,2522.145224,159.672491,11:15,5.64688,1.57529,5.38486,-22.78411,17.32489,-5.90394,1.87166,-0.00614,76.9153,-6.257861,-2.211672,0.455819,,,,,,,,,,,,2.60354,9.71067,-1.46711,50,5.45228,2.74338,-122.66306,-5.01441,3.93369,26.15005,-17.50222,NOR_DEM,TEX_ISL,BrownStroudField,D1,SLAND,20260313-BrownStroudField-1,a2135850-1f44-11f1-8827-db2f8d1f1106,82.69171,,,7.73711,,,,,,,99932099-0ba7-405d-b958-1caf3e33b2c7,2026-03-14,01:25:02.37,2026-03-13T20:25:02.3784960-05:00,2026-03-14T01:25:02.3784960Z,,v3,471394,4764,,"Azemar, Hunter",10091882,Right,TEX_ISL,1f7077e1-859c-48b7-93d1-8636d8c6afd6,55.11192,-123.74806,13.07503,5.64527,-4.28822,-8.75111,-1.57755,2.58016,1.96684,,,,,,,,,,,,,,,,,,,,,,,,,,,,,,,,,,,,,,,,,,,,,,,,,,,High,High,High,,,,,,,,,,,,,,,,,,,,,,,,,,,,,,,,,,,,,,,
170,2026-03-13,20:25:21.62,2,3,"Smith, Easten",1000261621,Right,TEX_ISL,"Siervo, Joe",1000090286,Right,NOR_DEM,Undefined,6,Bottom,1,1,1,Undefined,Slider,InPlay,Undefined,GroundBall,Single,0,0,,84.85738,-0.844602,-1.374694,2620.883655,139.632711,10:45,5.56244,1.66699,5.21656,-30.83978,8.77162,-6.44815,2.198,-0.16321,78.1651,-6.482121,-2.517652,0.452982,,,,,,,,,,,,2.96449,4.89087,-1.5347,50,5.46113,3.21682,-123.2556,-2.91554,4.57299,23.86468,-24.62941,NOR_DEM,TEX_ISL,BrownStroudField,D1,SLAND,20260313-BrownStroudField-1,ad894e10-1f44-11f1-8827-db2f8d1f1106,83.20949,,,6.69228,,,,,,,99932099-0ba7-405d-b958-1caf3e33b2c7,2026-03-14,01:25:21.62,2026-03-13T20:25:21.6287232-05:00,2026-03-14T01:25:21.6287232Z,,v3,471394,4764,,"Azemar, Hunter",10091882,Right,TEX_ISL,3ddb63b8-0fc5-405b-9b70-f138d7adf100,55.28763,-124.27517,11.93234,5.56322,-1.86329,-12.31471,-1.66796,3.02144,2.2865,,,,,,,,,,,,,,,,,,,,,,,,,,,,,,,,,,,,,,,,,,,,,,,,,,,High,High,High,,,,,,,,,,,,,,,,,,,,,,,,,,,,,,,,,,,,,,,
171,2026-03-13,20:25:57.99,3,1,"Smith, Easten",1000261621,Right,TEX_ISL,"Rains, Colin",1000379017,Right,NOR_DEM,Undefined,6,Bottom,1,0,0,Undefined,Four-Seam,BallCalled,Undefined,Undefined,Undefined,0,0,,87.33912,-0.526531,-3.259415,2448.015498,190.774443,12:15,5.61521,1.2743,5.63861,-16.27828,20.83525,3.73721,3.76667,-1.45833,79.5748,-3.632832,-2.593854,0.438468,,,,,,,,,,,,-2.83457,11.10339,-0.99951,50,5.56038,7.05486,-126.63119,-1.6356,-4.5937,26.3295,-14.18005,NOR_DEM,TEX_ISL,BrownStroudField,D1,SLAND,20260313-BrownStroudField-1,c335dbc0-1f44-11f1-8827-db2f8d1f1106,85.96404,,,7.76432,,,,,,,99932099-0ba7-405d-b958-1caf3e33b2c7,2026-03-14,01:25:57.99,2026-03-13T20:25:57.9951616-05:00,2026-03-14T01:25:57.9951616Z,,v3,471394,4764,,"Azemar, Hunter",10091882,Right,TEX_ISL,d4d19546-a6c5-468a-96dd-965a0bd3c036,54.86124,-127.63795,13.16475,5.61256,-1.0934,-7.09003,-1.27263,7.23051,-2.29685,,,,,,,,,,,,,,,,,,,,,,,,,,,,,,,,,,,,,,,,,,,,,,,,,,,High,High,High,,,,,,,,,,,,,,,,,,,,,,,,,,,,,,,,,,,,,,,
172,2026-03-13,20:26:16.79,3,2,"Smith, Easten",1000261621,Right,TEX_ISL,"Rains, Colin",1000379017,Right,NOR_DEM,Undefined,6,Bottom,1,1,0,Undefined,Four-Seam,BallCalled,Undefined,Undefined,Undefined,0,0,,88.22479,-1.318455,-2.776817,2461.539235,190.058585,12:15,5.65245,1.17952,5.83398,-14.62154,21.50281,3.60433,3.20681,-1.10323,80.34378,-4.13422,-2.131986,0.432585,,,,,,,,,,,,-2.6352,11.71386,-0.95497,50,5.53625,6.054,-127.95128,-3.33466,-4.35656,27.07805,-12.80831,NOR_DEM,TEX_ISL,BrownStroudField,D1,SLAND,20260313-BrownStroudField-1,ce7187a0-1f44-11f1-8827-db2f8d1f1106,87.13303,,,7.88101,,,,,,,99932099-0ba7-405d-b958-1caf3e33b2c7,2026-03-14,01:26:16.79,2026-03-13T20:26:16.7975424-05:00,2026-03-14T01:26:16.7975424Z,,v3,471394,4764,,"Azemar, Hunter",10091882,Right,TEX_ISL,61338990-ba0c-4e2d-9804-f976ffe4c9b6,54.66462,-128.93466,13.53902,5.64891,-2.86951,-6.40416,-1.17771,6.21222,-2.17828,,,,,,,,,,,,,,,,,,,,,,,,,,,,,,,,,,,,,,,,,,,,,,,,,,,High,High,High,,,,,,,,,,,,,,,,,,,,,,,,,,,,,,,,,,,,,,,
173,2026-03-13,20:26:50.70,3,3,"Smith, Easten",1000261621,Right,TEX_ISL,"Rains, Colin",1000379017,Right,NOR_DEM,Undefined,6,Bottom,1,2,0,Undefined,Slider,StrikeCalled,Undefined,Undefined,Undefined,0,0,,83.43376,0.164005,-1.575084,2531.362575,107.729167,9:30,5.2832,1.59303,4.69246,-37.55124,4.39272,-9.69583,2.3097,-0.71076,76.59846,-6.616482,-3.276601,0.466129,,,,,,,,,,,,4.32355,2.49343,-1.4239,50,5.26623,3.76447,-120.99261,-1.11646,6.41823,23.29257,-28.47263,NOR_DEM,TEX_ISL,BrownStroudField,D1,SLAND,20260313-BrownStroudField-1,e2a7a1f0-1f44-11f1-8827-db2f8d1f1106,80.86265,,,6.8353,,,,,,,99932099-0ba7-405d-b958-1caf3e33b2c7,2026-03-14,01:26:50.70,2026-03-13T20:26:50.7008000-05:00,2026-03-14T01:26:50.7008000Z,,v3,471394,4764,,"Azemar, Hunter",10091882,Right,TEX_ISL,a1897a49-2caf-4bf2-bb2c-cfc50ea134bd,55.80744,-122.1055,11.64628,5.28708,0.24392,-14.23632,-1.59644,3.45782,3.20912,,,,,,,,,,,,,,,,,,,,,,,,,,,,,,,,,,,,,,,,,,,,,,,,,,,High,High,High,,,,,,,,,,,,,,,,,,,,,,,,,,,,,,,,,,,,,,,
174,2026-03-13,20:27:12.32,3,4,"Smith, Easten",1000261621,Right,TEX_ISL,"Rains, Colin",1000379017,Right,NOR_DEM,Undefined,6,Bottom,1,2,1,Undefined,Curveball,BallCalled,Undefined,Undefined,Undefined,0,0,,78.97388,-0.638182,-1.074211,2606.468954,59.95976,8:00,5.48686,1.49986,4.97141,-50.9566,-4.57059,-10.3806,0.63754,-0.37997,72.91311,-9.791521,-2.910485,0.49019,,,,,,,,,,,,4.89197,-1.75248,-1.38698,50,5.38288,2.56936,-114.62854,-3.12484,6.49704,21.55023,-34.50153,NOR_DEM,TEX_ISL,BrownStroudField,D1,SLAND,20260313-BrownStroudField-1,ef8b7f90-1f44-11f1-8827-db2f8d1f1106,76.89347,,,6.06076,,,,,,,99932099-0ba7-405d-b958-1caf3e33b2c7,2026-03-14,01:27:12.32,2026-03-13T20:27:12.3205632-05:00,2026-03-14T01:27:12.3205632Z,,v3,471394,4764,,"Azemar, Hunter",10091882,Right,TEX_ISL,2597a7dd-a7af-4aef-a87c-bbf90ef3b894,55.53148,-115.66379,10.77512,5.49318,-1.46743,-17.25076,-1.50291,2.25725,3.24852,,,,,,,,,,,,,,,,,,,,,,,,,,,,,,,,,,,,,,,,,,,,,,,,,,,High,High,High,,,,,,,,,,,,,,,,,,,,,,,,,,,,,,,,,,,,,,,
175,2026-03-13,20:27:49.52,3,5,"Smith, Easten",1000261621,Right,TEX_ISL,"Rains, Colin",1000379017,Right,NOR_DEM,Undefined,6,Bottom,1,3,1,Undefined,Slider,BallCalled,Walk,Undefined,Undefined,0,0,,83.34592,-2.578677,-1.396141,2505.508862,134.893087,10:30,5.32028,1.57897,4.71953,-30.87419,11.45784,-10.0806,0.29798,-0.58623,76.25833,-8.174085,-3.167567,0.46828,,,,,,,,,,,,4.57874,6.78437,-1.42827,50,5.03253,3.38673,-120.66907,-6.58538,6.71465,24.66545,-22.22486,NOR_DEM,TEX_ISL,BrownStroudField,D1,SLAND,20260313-BrownStroudField-1,05b8fd10-1f45-11f1-8827-db2f8d1f1106,80.49119,,,7.08759,,,,,,,99932099-0ba7-405d-b958-1caf3e33b2c7,2026-03-14,01:27:49.52,2026-03-13T20:27:49.5261184-05:00,2026-03-14T01:27:49.5261184Z,,v3,471394,4764,,"Azemar, Hunter",10091882,Right,TEX_ISL,4a7a4a15-3ee3-43e0-baca-b2d84a0846d4,55.78015,-121.84483,12.33272,5.3212,-5.52595,-11.11243,-1.58208,3.06665,3.35733,,,,,,,,,,,,,,,,,,,,,,,,,,,,,,,,,,,,,,,,,,,,,,,,,,,High,High,High,,,,,,,,,,,,,,,,,,,,,,,,,,,,,,,,,,,,,,,
176,2026-03-13,20:29:43.76,4,1,"Smith, Easten",1000261621,Right,TEX_ISL,"McAloose, Michael",1000232847,Right,NOR_DEM,Undefined,6,Bottom,1,0,0,Undefined,Four-Seam,BallCalled,Undefined,Undefined,Undefined,0,0,,87.71213,-0.092879,-1.311889,2393.384737,199.203575,12:45,5.55987,1.50903,5.86738,-16.95217,19.68702,6.42103,4.06089,0.82525,79.36528,-3.350547,-0.16047,0.435657,,,,,,,,,,,,-3.66099,10.43831,-1.40641,50,5.54255,2.64042,-127.26654,-0.66971,-5.95147,28.26746,-15.20509,NOR_DEM,TEX_ISL,BrownStroudField,D1,SLAND,20260313-BrownStroudField-1,49c7ee80-1f45-11f1-8827-db2f8d1f1106,86.51866,,,8.34685,,,,,,,99932099-0ba7-405d-b958-1caf3e33b2c7,2026-03-14,01:29:43.76,2026-03-13T20:29:43.7630976-05:00,2026-03-14T01:29:43.7630976Z,,v3,471394,4764,,"Azemar, Hunter",10091882,Right,TEX_ISL,ed77088a-4b94-49cc-ab91-889f5e1df0c7,54.62939,-128.29066,14.13373,5.55683,-0.11884,-7.60255,-1.50598,2.85604,-2.97574,,,,,,,,,,,,,,,,,,,,,,,,,,,,,,,,,,,,,,,,,,,,,,,,,,,High,High,High,,,,,,,,,,,,,,,,,,,,,,,,,,,,,,,,,,,,,,,
177,2026-03-13,20:30:00.47,4,2,"Smith, Easten",1000261621,Right,TEX_ISL,"McAloose, Michael",1000232847,Right,NOR_DEM,Undefined,6,Bottom,1,1,0,Undefined,Slider,StrikeCalled,Undefined,Undefined,Undefined,0,0,,82.83244,-0.303261,-1.040237,2546.685018,142.205033,10:45,5.44465,1.3896,5.02535,-28.41214,14.05863,-9.76615,2.79075,-0.40595,75.11284,-5.552013,-2.764514,0.469047,,,,,,,,,,,,4.50477,7.48914,-1.28187,50,5.39346,2.60958,-120.01677,-1.61984,6.50787,25.29403,-21.35482,NOR_DEM,TEX_ISL,BrownStroudField,D1,SLAND,20260313-BrownStroudField-1,53c43c90-1f45-11f1-8827-db2f8d1f1106,80.35959,,,7.7196,,,,,,,99932099-0ba7-405d-b958-1caf3e33b2c7,2026-03-14,01:30:00.47,2026-03-13T20:30:00.4724736-05:00,2026-03-14T01:30:00.4724736Z,,v3,471394,4764,,"Azemar, Hunter",10091882,Right,TEX_ISL,f8daef53-390d-4b45-801d-3086579c70d9,55.47135,-121.16439,12.64702,5.44498,-0.65094,-10.67741,-1.39357,2.31431,3.25394,,,,,,,,,,,,,,,,,,,,,,,,,,,,,,,,,,,,,,,,,,,,,,,,,,,High,High,High,,,,,,,,,,,,,,,,,,,,,,,,,,,,,,,,,,,,,,,
178,2026-03-13,20:30:19.37,4,3,"Smith, Easten",1000261621,Right,TEX_ISL,"McAloose, Michael",1000232847,Right,NOR_DEM,Undefined,6,Bottom,1,1,1,Undefined,Slider,FoulBallNotFieldable,Undefined,Undefined,Undefined,0,0,,84.06524,-0.124863,-1.186664,2580.753214,147.365503,11:00,5.38738,1.61677,5.34257,-26.95994,13.78934,-7.93083,3.02356,-0.15749,76.17887,-5.141133,-2.594876,0.459443,,,,,,,,,,,,3.50756,7.36772,-1.50454,50,5.35736,2.88798,-121.78726,-1.16802,5.22572,25.71184,-21.1973,NOR_DEM,TEX_ISL,BrownStroudField,D1,SLAND,20260313-BrownStroudField-1,5f04ca70-1f45-11f1-8827-db2f8d1f1106,82.03946,,,7.88637,,,,,,,99932099-0ba7-405d-b958-1caf3e33b2c7,2026-03-14,01:30:19.37,2026-03-13T20:30:19.3760256-05:00,2026-03-14T01:30:19.3760256Z,,v3,471394,4764,,"Azemar, Hunter",10091882,Right,TEX_ISL,a725d7b8-d6d4-4bfa-9bba-4dff3f7378dd,55.14872,-122.86946,12.85592,5.38774,-0.27585,-10.59865,-1.62147,2.66803,2.61286,,,,,,,,,,,,,,,,,,,,,,,,,,,,,,,,,,,,,,,,,,,,,,,,,,,High,High,High,,,,,,,,,,,,,,,,,,,,,,,,,,,,,,,,,,,,,,,
179,2026-03-13,20:30:42.73,4,4,"Smith, Easten",1000261621,Right,TEX_ISL,"McAloose, Michael",1000232847,Right,NOR_DEM,Undefined,6,Bottom,1,1,2,Undefined,Slider,FoulBallNotFieldable,Undefined,Undefined,Undefined,0,0,,87.80309,-1.996227,-1.521762,1212.357248,175.454315,11:45,5.67544,1.25874,6.1019,-14.2952,21.96371,-1.64693,2.63659,-0.28621,79.64571,-4.774035,-1.818285,0.43339,,,,,,,,,,,,0.3911,12.33965,-1.14082,50,5.5144,3.45049,-127.40373,-4.79148,0.63686,28.43058,-12.07942,NOR_DEM,TEX_ISL,BrownStroudField,D1,SLAND,20260313-BrownStroudField-1,6ceb7210-1f45-11f1-8827-db2f8d1f1106,86.9712,,,8.15738,,,,,,,99932099-0ba7-405d-b958-1caf3e33b2c7,2026-03-14,01:30:42.73,2026-03-13T20:30:42.7363328-05:00,2026-03-14T01:30:42.7363328Z,,v3,471394,4764,,"Azemar, Hunter",10091882,Right,TEX_ISL,879152b8-f013-4112-bfe9-d3695cb6c813,54.39721,-128.38123,14.21529,5.672,-4.37616,-6.03971,-1.25908,3.4286,0.31843,,,,,,,,,,,,,,,,,,,,,,,,,,,,,,,,,,,,,,,,,,,,,,,,,,,High,High,High,,,,,,,,,,,,,,,,,,,,,,,,,,,,,,,,,,,,,,,
180,2026-03-13,20:31:20.72,4,5,"Smith, Easten",1000261621,Right,TEX_ISL,"McAloose, Michael",1000232847,Right,NOR_DEM,Undefined,6,Bottom,1,1,2,Undefined,Slider,FoulBallNotFieldable,Undefined,Undefined,Undefined,0,0,,81.93889,0.557796,-0.893303,2503.838984,96.727112,9:15,5.41782,1.5682,4.91364,-41.05947,2.1228,-6.49099,2.52371,0.18253,75.09227,-6.882798,-2.038049,0.47296,64.72842,85.995931,176.821018,,,,,,0.41816,,,2.97886,1.2511,-1.47518,50,5.43784,2.13117,-118.88363,-0.37513,4.25879,23.01087,-30.3854,NOR_DEM,TEX_ISL,BrownStroudField,D1,SLAND,20260313-BrownStroudField-1,8399b850-1f45-11f1-8827-db2f8d1f1106,79.69485,23.19228,,6.84662,,,,1.39767,3.19428,-0.18716,99932099-0ba7-405d-b958-1caf3e33b2c7,2026-03-14,01:31:20.72,2026-03-13T20:31:20.7286784-05:00,2026-03-14T01:31:20.7286784Z,,v3,471394,4764,,"Azemar, Hunter",10091882,Right,TEX_ISL,6a313539-0d6e-49ac-97ec-120d7f0fa6bf,55.58728,-119.96021,11.50544,5.42214,1.04648,-15.1927,-1.57023,1.93192,2.12939,359.410147,1.399,-6.69757,-5.80633,,,,,,,3.19565,94.62222,-24.55968,,,,,,,-0.18702,0.35983,-0.62338,,,,,,,,,,,,,,,,,,,,,,,,,,,,,High,High,High,Medium,Undefined,,,,,,,,,,,,,,,,,,,,,,,,,,,,,,,,,,,,,
181,2026-03-13,20:31:58.14,4,6,"Smith, Easten",1000261621,Right,TEX_ISL,"McAloose, Michael",1000232847,Right,NOR_DEM,Undefined,6,Bottom,1,1,2,Undefined,Curveball,BallCalled,Undefined,Undefined,Undefined,0,0,,80.73945,-0.586495,-0.775977,2653.113418,53.444349,7:45,5.54671,1.4124,5.26669,-50.8466,-7.12244,-11.35316,0.75846,-0.26271,74.79252,-9.752502,-2.796309,0.475918,,,,,,,,,,,,5.52331,-3.09752,-1.33258,50,5.45496,2.04331,-117.31325,-3.0297,7.70851,21.88724,-36.49705,NOR_DEM,TEX_ISL,BrownStroudField,D1,SLAND,20260313-BrownStroudField-1,99e7b620-1f45-11f1-8827-db2f8d1f1106,79.19943,,,5.94693,,,,,,,99932099-0ba7-405d-b958-1caf3e33b2c7,2026-03-14,01:31:58.14,2026-03-13T20:31:58.1426688-05:00,2026-03-14T01:31:58.1426688Z,,v3,471394,4764,,"Azemar, Hunter",10091882,Right,TEX_ISL,b7c8c3e8-8530-4f98-aab9-cfeb7a289084,55.23705,-118.28629,10.94362,5.55359,-1.40714,-18.24853,-1.4158,1.70061,3.85426,,,,,,,,,,,,,,,,,,,,,,,,,,,,,,,,,,,,,,,,,,,,,,,,,,,High,High,High,,,,,,,,,,,,,,,,,,,,,,,,,,,,,,,,,,,,,,,
182,2026-03-13,20:31:59.14,4,7,"Smith, Easten",1000261621,Right,TEX_ISL,"McAloose, Michael",1000232847,Right,NOR_DEM,Undefined,6,Bottom,1,2,2,Undefined,,StrikeCalled,Strikeout,Undefined,Undefined,0,0,,,,,,,,,,,,,,,,,,,,,,,,,,,,,,,,,,,,,,,,,,NOR_DEM,TEX_ISL,BrownStroudField,D1,SLAND,20260313-BrownStroudField-1,b3bd05f0-1f45-11f1-8827-db2f8d1f1106,,,,,,,,,,,99932099-0ba7-405d-b958-1caf3e33b2c7,2026-03-14,01:31:59.14,2026-03-13T20:31:59.1426688-05:00,2026-03-14T01:31:59.1426688Z,,v3,471394,4764,,"Azemar, Hunter",10091882,Right,TEX_ISL,87e92555-c654-486a-a0e3-23cce040c990,,,,,,,,,,,,,,,,,,,,,,,,,,,,,,,,,,,,,,,,,,,,,,,,,,,,,,,,,,,,,,,,,,,,,,,,,,,,,,,,,,,,,,,,,,,,,,,,,,,,,
183,2026-03-13,20:32:58.27,5,1,"Smith, Easten",1000261621,Right,TEX_ISL,"Ardoin, Sam",822449,Right,NOR_DEM,Undefined,6,Bottom,2,0,0,Undefined,Slider,StrikeCalled,Undefined,Undefined,Undefined,0,0,,83.8789,-1.004441,-0.628637,2573.953363,130.731635,10:15,5.5177,1.5814,6.10031,-34.13793,5.1702,-4.60095,1.74375,0.61656,77.16007,-7.32809,-1.458795,0.451245,,,,,,,,,,,,2.21291,3.3026,-1.53062,50,5.4224,1.51224,-121.9292,-3.21677,3.33288,23.86954,-27.19998,NOR_DEM,TEX_ISL,BrownStroudField,D1,SLAND,20260313-BrownStroudField-1,bdb77f40-1f45-11f1-8827-db2f8d1f1106,83.52983,,,6.71883,,,,,,,99932099-0ba7-405d-b958-1caf3e33b2c7,2026-03-14,01:32:58.27,2026-03-13T20:32:58.2707712-05:00,2026-03-14T01:32:58.2707712Z,,v3,471394,4764,,"Azemar, Hunter",10091882,Right,TEX_ISL,b93eb055-2ffe-47e4-84d6-cd596c4a9f02,54.4004,-122.78763,11.93477,5.52049,-2.23857,-13.59999,-1.58285,1.39238,1.66644,,,,,,,,,,,,,,,,,,,,,,,,,,,,,,,,,,,,,,,,,,,,,,,,,,,High,High,High,,,,,,,,,,,,,,,,,,,,,,,,,,,,,,,,,,,,,,,
184,2026-03-13,20:33:16.43,5,2,"Smith, Easten",1000261621,Right,TEX_ISL,"Ardoin, Sam",822449,Right,NOR_DEM,Undefined,6,Bottom,2,0,1,Undefined,Four-Seam,InPlay,Undefined,Popup,Out,1,0,,87.92087,-1.799128,-1.430383,2446.894142,183.869153,12:15,5.48183,1.37735,5.38406,-18.63029,18.56651,1.16807,2.24178,0.13362,79.6836,-5.315679,-1.222783,0.438959,83.82857,63.170588,22.953651,4878.893869,,,,,16.39378,,,-1.03122,10.28445,-1.25029,50,5.30832,3.13118,-127.43307,-4.59943,-1.679,28.59699,-15.42912,NOR_DEM,TEX_ISL,BrownStroudField,D1,SLAND,20260313-BrownStroudField-1,c88b8fb0-1f45-11f1-8827-db2f8d1f1106,85.86773,31.96897,,8.23728,,,,1.7391,3.51497,0.11227,99932099-0ba7-405d-b958-1caf3e33b2c7,2026-03-14,01:33:16.43,2026-03-13T20:33:16.4314112-05:00,2026-03-14T01:33:16.4314112Z,,v3,471394,4764,,"Azemar, Hunter",10091882,Right,TEX_ISL,75ad63d9-75da-4bcc-b99e-fc01e8efbd95,55.1152,-128.57583,14.29849,5.4798,-3.98286,-7.71456,-1.37676,3.19828,-0.8395,,1.7434,50.89258,-13.48071,,,,,,,3.5183,109.55586,-27.88441,,,,,,,0.10844,21.82447,7.48522,,,,,,,,,,,,,,,,,,,,,,,,,,,,,High,High,High,Medium,Undefined,,,,,,,,,,,,,,,,,,,,,,,,,,,,,,,,,,,,,
185,2026-03-13,20:35:36.62,1,1,"Trosclair, Brody",10124039,Left,NOR_DEM,"Smith-Johnson, Christian",1000093678,Right,TEX_ISL,Undefined,7,Top,0,0,0,Undefined,Four-Seam,StrikeCalled,Undefined,Undefined,Undefined,0,0,,89.85771,-1.047228,2.265379,2298.716692,143.05979,10:45,5.48636,-1.84182,6.18123,-18.62107,15.68241,-10.95611,2.96667,-0.66177,81.92528,-4.591349,0.289755,0.421541,,,,,,,,,,,,6.31036,8.74749,1.67604,50,5.39766,-4.71106,-130.47855,-2.92539,10.85099,28.10274,-17.13222,NOR_DEM,TEX_ISL,BrownStroudField,D1,SLAND,20260313-BrownStroudField-1,1c15f990-1f46-11f1-8827-db2f8d1f1106,89.41566,,,7.93243,,,,,,,99932099-0ba7-405d-b958-1caf3e33b2c7,2026-03-14,01:35:36.62,2026-03-13T20:35:36.6215680-05:00,2026-03-14T01:35:36.6215680Z,,v3,471394,4764,,"Huerta, Sebastian",1000220704,Right,NOR_DEM,396d2955-f8de-484e-ba4e-38b985cf5923,54.31803,-131.40528,14.05137,5.48482,-2.36043,-8.56611,1.8373,-5.06889,5.4255,,,,,,,,,,,,,,,,,,,,,,,,,,,,,,,,,,,,,,,,,,,,,,,,,,,High,High,High,,,,,,,,,,,,,,,,,,,,,,,,,,,,,,,,,,,,,,,
186,2026-03-13,20:35:51.16,1,2,"Trosclair, Brody",10124039,Left,NOR_DEM,"Smith-Johnson, Christian",1000093678,Right,TEX_ISL,Undefined,7,Top,0,0,1,Undefined,Four-Seam,StrikeSwinging,Undefined,Undefined,Undefined,0,0,,90.33233,-1.372954,3.184479,2458.787321,145.071809,10:45,5.52973,-1.74961,6.15387,-17.35973,16.77328,-10.91414,2.81237,0.28614,82.09279,-4.692011,1.219909,0.420493,,,,,,,,,,,,6.57028,9.41044,1.51282,50,5.41623,-6.83484,-131.00995,-3.63533,11.3573,29.07635,-15.90728,NOR_DEM,TEX_ISL,BrownStroudField,D1,SLAND,20260313-BrownStroudField-1,24c666b0-1f46-11f1-8827-db2f8d1f1106,89.6387,,,8.23953,,,,,,,99932099-0ba7-405d-b958-1caf3e33b2c7,2026-03-14,01:35:51.16,2026-03-13T20:35:51.1618560-05:00,2026-03-14T01:35:51.1618560Z,,v3,471394,4764,,"Huerta, Sebastian",1000220704,Right,NOR_DEM,5e05907d-eae6-4ec9-9146-3a11488aecbd,54.34504,-131.97076,14.53817,5.52767,-3.10969,-7.95364,1.74487,-7.21013,5.67865,,,,,,,,,,,,,,,,,,,,,,,,,,,,,,,,,,,,,,,,,,,,,,,,,,,High,High,High,,,,,,,,,,,,,,,,,,,,,,,,,,,,,,,,,,,,,,,
187,2026-03-13,20:36:19.83,1,3,"Trosclair, Brody",10124039,Left,NOR_DEM,"Smith-Johnson, Christian",1000093678,Right,TEX_ISL,Undefined,7,Top,0,0,2,Undefined,Slider,BallCalled,Undefined,Undefined,Undefined,0,0,,79.21241,0.949029,-1.087069,3106.17977,272.967409,3:00,5.83045,-1.84815,6.55119,-42.68857,0.62095,13.46536,3.14356,-1.723,72.81527,-7.014528,1.36227,0.473656,,,,,,,,,,,,-7.3115,0.53402,1.91836,50,5.87857,1.71466,-115.22651,0.68705,-9.83459,21.31473,-31.45576,NOR_DEM,TEX_ISL,BrownStroudField,D1,SLAND,20260313-BrownStroudField-1,35e6dc90-1f46-11f1-8827-db2f8d1f1106,79.57766,,,6.39715,,,,,,,99932099-0ba7-405d-b958-1caf3e33b2c7,2026-03-14,01:36:19.83,2026-03-13T20:36:19.8353408-05:00,2026-03-14T01:36:19.8353408Z,,v3,471394,4764,,"Huerta, Sebastian",1000220704,Right,NOR_DEM,4b105169-e6ab-44bd-b4ef-83b5649e8f80,53.94938,-115.95477,10.65737,5.83674,1.76179,-15.72788,1.85404,2.05068,-4.9173,,,,,,,,,,,,,,,,,,,,,,,,,,,,,,,,,,,,,,,,,,,,,,,,,,,High,High,High,,,,,,,,,,,,,,,,,,,,,,,,,,,,,,,,,,,,,,,
188,2026-03-13,20:36:38.39,1,4,"Trosclair, Brody",10124039,Left,NOR_DEM,"Smith-Johnson, Christian",1000093678,Right,TEX_ISL,Undefined,7,Top,0,1,2,Undefined,Curveball,BallCalled,Undefined,Undefined,Undefined,0,0,,77.13268,-0.717925,0.693865,2869.961372,283.893457,3:30,5.70466,-1.8557,5.88884,-48.14479,-1.37803,11.17733,1.02588,-0.27993,71.49384,-9.520067,2.704936,0.492198,,,,,,,,,,,,-5.57902,-0.13358,1.79316,50,5.61876,-1.75503,-112.15579,-2.89462,-7.11996,19.9179,-32.34453,NOR_DEM,TEX_ISL,BrownStroudField,D1,SLAND,20260313-BrownStroudField-1,40f66f60-1f46-11f1-8827-db2f8d1f1106,76.57979,,,5.63883,,,,,,,99932099-0ba7-405d-b958-1caf3e33b2c7,2026-03-14,01:36:38.39,2026-03-13T20:36:38.3969792-05:00,2026-03-14T01:36:38.3969792Z,,v3,471394,4764,,"Huerta, Sebastian",1000220704,Right,NOR_DEM,072468b8-4d7d-4ff1-9bd6-c1e564f2b730,54.61384,-112.9722,9.95895,5.71023,-1.56886,-16.17227,1.85911,-1.46319,-3.55998,,,,,,,,,,,,,,,,,,,,,,,,,,,,,,,,,,,,,,,,,,,,,,,,,,,High,High,High,,,,,,,,,,,,,,,,,,,,,,,,,,,,,,,,,,,,,,,
189,2026-03-13,20:36:54.95,1,5,"Trosclair, Brody",10124039,Left,NOR_DEM,"Smith-Johnson, Christian",1000093678,Right,TEX_ISL,Undefined,7,Top,0,2,2,Undefined,Four-Seam,FoulBallNotFieldable,Undefined,Undefined,Undefined,0,0,,91.34617,-0.842281,2.1921,2502.505697,150.007263,11:00,5.67977,-1.90031,7.12961,-12.27142,19.72387,-10.7891,3.89268,-0.81042,83.19092,-3.277984,0.211491,0.407113,72.69918,50.399999,147.409192,3888.142504,,,,,28.03486,,,6.41752,11.13568,1.77356,50,5.62541,-4.69545,-132.8597,-2.17449,11.42587,29.50583,-12.34788,NOR_DEM,TEX_ISL,BrownStroudField,D1,SLAND,20260313-BrownStroudField-1,4ac9d8b0-1f46-11f1-8827-db2f8d1f1106,92.5848,30.80644,,8.15525,,,,0.1606,3.78642,0.82831,99932099-0ba7-405d-b958-1caf3e33b2c7,2026-03-14,01:36:54.95,2026-03-13T20:36:54.9510656-05:00,2026-03-14T01:36:54.9510656Z,,v3,471394,4764,,"Huerta, Sebastian",1000220704,Right,NOR_DEM,d730ec94-47c6-4aeb-8829-33e91171c941,53.37018,-133.60606,14.75292,5.67647,-1.86215,-6.17394,1.89599,-4.98447,5.71293,353.144077,0.17269,-57.67055,-1.05702,,,,,,,3.80993,81.37881,-36.92812,,,,,,,0.82497,36.7225,-2.12875,,,,,,,,,,,,,,,,,,,,,,,,,,,,,High,High,High,High,Undefined,,,,,,,,,,,,,,,,,,,,,,,,,,,,,,,,,,,,,
190,2026-03-13,20:37:15.84,1,6,"Trosclair, Brody",10124039,Left,NOR_DEM,"Smith-Johnson, Christian",1000093678,Right,TEX_ISL,Undefined,7,Top,0,2,2,Undefined,Four-Seam,StrikeCalled,Strikeout,Undefined,Undefined,0,0,,92.2358,-1.421915,2.719182,2624.484867,146.033324,10:45,5.48365,-1.83266,6.35594,-13.9952,18.55639,-11.74764,3.0069,-0.30701,83.55126,-4.145059,0.595214,0.410636,,,,,,,,,,,,6.91811,10.40969,1.64056,50,5.37365,-5.86528,-133.82878,-3.67145,12.43917,31.19098,-13.45685,NOR_DEM,TEX_ISL,BrownStroudField,D1,SLAND,20260313-BrownStroudField-1,573fd950-1f46-11f1-8827-db2f8d1f1106,91.79032,,,8.68453,,,,,,,99932099-0ba7-405d-b958-1caf3e33b2c7,2026-03-14,01:37:15.84,2026-03-13T20:37:15.8440000-05:00,2026-03-14T01:37:15.8440000Z,,v3,471394,4764,,"Huerta, Sebastian",1000220704,Right,NOR_DEM,e1496324-8914-48ad-82b6-dbe33d296bf1,54.14244,-134.79079,15.59549,5.48049,-3.25641,-6.72843,1.82738,-6.24893,6.21958,,,,,,,,,,,,,,,,,,,,,,,,,,,,,68.68846,,,0.980933,,,,1.00983,5.89228,2.63792,69.47285,4.58924,-55.32948,1.0187,72.41683,-2.68458,5.90429,10.44637,-12.01781,2.55454,-68.04705,9.22636,High,High,High,,,High,Low,Medium,,,,,,,,,,,,,,,,,,,,,,,,,,,,,,,,,,
191,2026-03-13,20:37:45.17,2,1,"Trosclair, Brody",10124039,Left,NOR_DEM,"Azemar, Hunter",10091882,Right,TEX_ISL,Undefined,7,Top,1,0,0,Undefined,Slider,StrikeSwinging,Undefined,Undefined,Undefined,0,0,,78.68676,1.381366,2.222134,2935.60887,253.869522,2:30,5.24904,-2.29914,6.30541,-41.28955,3.00827,5.85599,3.08208,0.2371,72.41181,-6.291193,3.279956,0.47903,,,,,,,,,,,,-2.44248,1.60681,2.13342,50,5.33081,-4.64244,-114.34124,1.55821,-3.24222,20.55289,-30.04111,NOR_DEM,TEX_ISL,BrownStroudField,D1,SLAND,20260313-BrownStroudField-1,68c133e0-1f46-11f1-8827-db2f8d1f1106,78.68495,,,6.27495,,,,,,,99932099-0ba7-405d-b958-1caf3e33b2c7,2026-03-14,01:37:45.17,2026-03-13T20:37:45.1743744-05:00,2026-03-14T01:37:45.1743744Z,,v3,471394,4764,,"Huerta, Sebastian",1000220704,Right,NOR_DEM,61825587-a3a1-4094-975b-8e0e6cfec4a3,54.19511,-115.09284,10.27645,5.25375,2.65678,-15.02055,2.30102,-4.52387,-1.62111,,,,,,,,,,,,,,,,,,,,,,,,,,,,,,,,,,,,,,,,,,,,,,,,,,,High,High,High,,,,,,,,,,,,,,,,,,,,,,,,,,,,,,,,,,,,,,,
192,2026-03-13,20:38:03.26,2,2,"Trosclair, Brody",10124039,Left,NOR_DEM,"Azemar, Hunter",10091882,Right,TEX_ISL,Undefined,7,Top,1,0,1,Undefined,Slider,InPlay,Undefined,LineDrive,Single,0,0,,80.0923,0.800155,1.909917,2956.384059,255.392495,2:30,5.23922,-2.11048,6.05791,-40.24723,2.74992,5.80044,2.62637,0.14138,73.97524,-6.631992,2.953684,0.471945,99.8207,9.565447,-17.936648,1180.374102,103.10964,10.56483,-38.31953,186.56207,186.56207,-22.516836,1.562434,-2.51028,1.55921,1.95893,50,5.27961,-4.09217,-116.43761,0.38916,-3.46634,20.66996,-30.02097,NOR_DEM,TEX_ISL,BrownStroudField,D1,SLAND,20260313-BrownStroudField-1,7387fde0-1f46-11f1-8827-db2f8d1f1106,79.86621,10.83475,,6.11706,,,,1.43805,2.43051,-0.00618,99932099-0ba7-405d-b958-1caf3e33b2c7,2026-03-14,01:38:03.26,2026-03-13T20:38:03.2671744-05:00,2026-03-14T01:38:03.2671744Z,LineDrive,v3,471394,4764,,"Huerta, Sebastian",1000220704,Right,NOR_DEM,cc680e98-4257-4986-bec1-a0b189e5abfe,54.44394,-117.22385,10.33498,5.24308,1.53108,-15.01048,2.11208,-3.96032,-1.73317,98.808571,1.43804,137.35383,-23.84183,5.37823,-2.11471,1.70397,-1.12893,0.40924,-0.06075,2.43053,24.32446,-18.73883,1.51546,1.06331,-2.17291,1.67745,-0.63156,0.09509,-0.0062,-44.4557,-1.36503,0.9368,-1.86448,2.65384,-1.96394,0.7329,-0.11002,,,,,,,,,,,,,,,,,,,,,,,High,High,High,High,Medium,,,,,,,,,,,,,,,,,,,,,,,,,,,,,,,,,,,,,
193,2026-03-13,20:42:08.38,3,1,"Marien, Wesley",1000449341,Right,NOR_DEM,"Reynolds, Jayden",1000303157,Right,TEX_ISL,Undefined,7,Top,1,0,0,Undefined,,FoulBallNotFieldable,Undefined,Undefined,Undefined,0,0,,,,,,,,,,,,,,,,,,,,,,,,,,,,,,,,,,,,,,,,,,NOR_DEM,TEX_ISL,BrownStroudField,D1,SLAND,20260313-BrownStroudField-1,ff020410-1f46-11f1-8827-db2f8d1f1106,,,,,,,,,,,99932099-0ba7-405d-b958-1caf3e33b2c7,2026-03-14,01:42:08.38,2026-03-13T20:42:08.3888000-05:00,2026-03-14T01:42:08.3888000Z,,v3,471394,4764,,"Huerta, Sebastian",1000220704,Right,NOR_DEM,b64fdc29-f1bc-49b2-8e89-4c6ebc675f0d,,,,,,,,,,,,,,,,,,,,,,,,,,,,,,,,,,,,,,,,,,,,,,,,,,,,,,,,,,,,,,,,,,,,,,,,,,,,,,,,,,,,,,,,,,,,,,,,,,,,,
194,2026-03-13,20:42:09.38,3,2,"Marien, Wesley",1000449341,Right,NOR_DEM,"Reynolds, Jayden",1000303157,Right,TEX_ISL,Undefined,7,Top,1,0,1,Undefined,Four-Seam,BallCalled,Undefined,Undefined,Undefined,0,0,,88.31215,-1.484246,-0.502432,2018.203353,200.6569,12:45,5.77046,1.31084,5.37284,-15.98269,20.81828,7.37217,3.04664,1.45411,80.06992,-4.531261,0.807963,0.436617,,,,,,,,,,,,-3.83402,11.24627,-1.27115,50,5.62659,0.78868,-128.03815,-3.79209,-6.318,28.2456,-13.64164,NOR_DEM,TEX_ISL,BrownStroudField,D1,SLAND,20260313-BrownStroudField-1,063c24e0-1f47-11f1-8827-db2f8d1f1106,86.32835,,,8.24223,,,,,,,99932099-0ba7-405d-b958-1caf3e33b2c7,2026-03-14,01:42:09.38,2026-03-13T20:42:09.3888000-05:00,2026-03-14T01:42:09.3888000Z,,v3,471394,4764,,"Huerta, Sebastian",1000220704,Right,NOR_DEM,420f47a5-5284-41f0-aa4b-53a924c9f012,55.12419,-129.16362,14.1228,5.76686,-3.24853,-6.82082,-1.30759,1.04043,-3.159,,,,,,,,,,,,,,,,,,,,,,,,,,,,,,,,,,,,,,,,,,,,,,,,,,,High,High,High,,,,,,,,,,,,,,,,,,,,,,,,,,,,,,,,,,,,,,,
195,2026-03-13,20:42:28.84,3,3,"Marien, Wesley",1000449341,Right,NOR_DEM,"Reynolds, Jayden",1000303157,Right,TEX_ISL,Undefined,7,Top,1,1,1,Undefined,Curveball,StrikeSwinging,Undefined,Undefined,Undefined,1,0,,75.35791,1.678073,-0.856399,2211.535531,21.829925,6:45,5.84961,1.37178,5.05036,-65.03795,-14.02835,-6.27264,2.01315,0.04126,69.23693,-10.027329,-1.967577,0.514041,,,,,,,,,,,,2.90638,-7.21906,-1.2848,50,5.95637,1.87409,-109.36849,0.95346,3.49615,20.52254,-40.85803,NOR_DEM,TEX_ISL,BrownStroudField,D1,SLAND,20260313-BrownStroudField-1,11de33b0-1f47-11f1-8827-db2f8d1f1106,73.32581,,,6.12098,,,,,,,99932099-0ba7-405d-b958-1caf3e33b2c7,2026-03-14,01:42:28.84,2026-03-13T20:42:28.8410000-05:00,2026-03-14T01:42:28.8410000Z,,v3,471394,4764,,"Huerta, Sebastian",1000220704,Right,NOR_DEM,51be324f-9fcc-46eb-9d6d-395b1b47d664,55.45464,-110.38729,10.26127,5.85869,2.98177,-20.42902,-1.37353,1.70053,1.74807,,,,,,,,,,,,,,,,,,,,,,,,,,,,,79.31779,2.064544,0.817766,1.246777,5.29384,2.66802,-0.17172,2.09878,5.49551,0.21848,127.27779,0.33537,2.84577,2.26039,114.03868,-11.16178,5.50698,9.83639,-11.22859,0.14741,-2.09013,3.46387,High,High,High,,,High,Medium,Medium,,,,,,,,,,,,,,,,,,,,,,,,,,,,,,,,,,
196,2026-03-13,20:43:15.24,3,4,"Marien, Wesley",1000449341,Right,NOR_DEM,"Reynolds, Jayden",1000303157,Right,TEX_ISL,Undefined,7,Top,2,1,2,Undefined,Four-Seam,FoulBallNotFieldable,Undefined,Undefined,Undefined,0,0,,90.75032,-2.130495,-0.283998,2069.35737,187.31835,12:15,5.67904,0.9945,5.11168,-13.02733,22.36076,2.70768,2.5853,0.95257,81.85951,-4.641794,0.19493,0.428154,81.12033,29.367412,-80.366771,3488.181916,,,,,57.9713,,,-1.4413,12.17505,-0.96999,50,5.46918,0.52389,-131.42482,-5.27346,-2.48885,31.158,-11.1504,NOR_DEM,TEX_ISL,BrownStroudField,D1,SLAND,20260313-BrownStroudField-1,2d7cd1d0-1f47-11f1-8827-db2f8d1f1106,88.03482,31.04309,,8.89081,,,,0.08666,3.42492,-1.50719,99932099-0ba7-405d-b958-1caf3e33b2c7,2026-03-14,01:43:15.24,2026-03-13T20:43:15.2453120-05:00,2026-03-14T01:43:15.2453120Z,,v3,471394,4764,,"Huerta, Sebastian",1000220704,Right,NOR_DEM,2771ea44-ac38-4ea0-a8cb-0f92449df371,55.38623,-132.69563,15.579,5.67499,-4.81868,-5.5752,-0.99343,0.62541,-1.24442,,0.08666,17.35104,-8.78474,2.55083,-0.69082,0.17879,-0.04697,0.01141,-0.00186,3.42492,58.34694,-22.86937,2.5528,-0.54165,0.11818,-0.02776,0.00776,-0.00167,-1.50719,-102.22492,19.64819,-4.09864,0.91338,-0.20739,0.05275,-0.01427,0.00295,,,,,,,,,,,,,,,,,,,,,,,High,High,High,Medium,Undefined,,,,,,,,,,,,,,,,,,,,,,,,,,,,,,,,,,,,,
197,2026-03-13,20:43:33.66,3,5,"Marien, Wesley",1000449341,Right,NOR_DEM,"Reynolds, Jayden",1000303157,Right,TEX_ISL,Undefined,7,Top,2,1,2,Undefined,Curveball,InPlay,Undefined,GroundBall,Out,1,0,,77.88196,1.991749,-0.538676,2237.370571,23.045025,6:45,5.65057,1.1,5.47836,-56.16365,-9.33792,-4.59185,2.83482,0.21328,71.50193,-8.226907,-1.357581,0.492509,50.97392,-66.181467,148.06919,,,,,3.72782,3.72783,7.405546,0.048125,2.1937,-5.01914,-1.04936,50,5.7863,1.23573,-113.10749,2.04656,2.83404,21.15766,-38.65833,NOR_DEM,TEX_ISL,BrownStroudField,D1,SLAND,20260313-BrownStroudField-1,387ab160-1f47-11f1-8827-db2f8d1f1106,76.53154,3.32209,,6.38003,,,,4.94133,3.32209,-0.29514,99932099-0ba7-405d-b958-1caf3e33b2c7,2026-03-14,01:43:33.66,2026-03-13T20:43:33.6606208-05:00,2026-03-14T01:43:33.6606208Z,GroundBall,v3,471394,4764,,"Huerta, Sebastian",1000220704,Right,NOR_DEM,bf555418-2ab4-4729-9711-6305cbd5102a,55.02566,-114.0437,10.57883,5.6579,3.75717,-19.32916,-1.10127,1.11033,1.41702,,4.94318,-25.86169,,,,,,,,3.32701,-69.03008,,,,,,,,-0.29629,16.11678,,,,,,,,,,,,,,,,,,,,,,,,,,,,,,High,High,High,Estimated,Estimated,,,,,,,,,,,,,,,,,,,,,,,,,,,,,,,,,,,,,
198,2026-03-13,20:45:57.68,1,1,"Smith, Easten",1000261621,Right,TEX_ISL,"Huerta, Sebastian",1000220704,Right,NOR_DEM,Undefined,7,Bottom,0,0,0,Undefined,Four-Seam,StrikeSwinging,Undefined,Undefined,Undefined,0,0,,88.20218,-1.352866,-1.620729,2414.020446,178.250841,12:00,5.60338,1.39294,5.67009,-17.59769,18.65934,-0.53429,2.8748,-0.16311,80.54172,-4.685052,-1.716162,0.433379,,,,,,,,,,,,-0.18307,10.19674,-1.25572,50,5.47815,3.64467,-127.99531,-3.55258,-0.30349,26.58233,-15.26965,NOR_DEM,TEX_ISL,BrownStroudField,D1,SLAND,20260313-BrownStroudField-1,8e4ce860-1f47-11f1-8827-db2f8d1f1106,86.97347,,,7.66046,,,,,,,99932099-0ba7-405d-b958-1caf3e33b2c7,2026-03-14,01:45:57.68,2026-03-13T20:45:57.6812544-05:00,2026-03-14T01:45:57.6812544Z,,v3,471394,4764,,"Azemar, Hunter",10091882,Right,TEX_ISL,ad4c0789-11da-48f3-ad1f-ca629bd00028,54.8281,-128.99412,13.29117,5.60086,-2.97884,-7.63482,-1.39288,3.65607,-0.15175,,,,,,,,,,,,,,,,,,,,,,,,,,,,,,,,,,,,,,,,,,,,,,,,,,,High,High,High,,,,,,,,,,,,,,,,,,,,,,,,,,,,,,,,,,,,,,,
199,2026-03-13,20:46:15.02,1,2,"Smith, Easten",1000261621,Right,TEX_ISL,"Huerta, Sebastian",1000220704,Right,NOR_DEM,Undefined,7,Bottom,0,0,1,Undefined,Slider,StrikeCalled,Undefined,Undefined,Undefined,0,0,,87.6365,-2.296795,-1.435313,1219.728992,182.54037,12:00,5.51704,1.29896,4.69767,-17.18702,21.11753,0.87898,1.90249,0.00932,79.67751,-5.512983,-1.28108,0.445448,,,,,,,,,,,,-0.84736,11.3882,-1.15422,50,5.26964,3.13664,-126.86099,-5.67503,-1.37482,27.01817,-13.69681,NOR_DEM,TEX_ISL,BrownStroudField,D1,SLAND,20260313-BrownStroudField-1,98a9a5f0-1f47-11f1-8827-db2f8d1f1106,84.61701,,,7.95899,,,,,,,99932099-0ba7-405d-b958-1caf3e33b2c7,2026-03-14,01:46:15.02,2026-03-13T20:46:15.0245376-05:00,2026-03-14T01:46:15.0245376Z,,v3,471394,4764,,"Azemar, Hunter",10091882,Right,TEX_ISL,3cb95c92-6376-4bf3-9bb4-ca81049156c3,55.79975,-128.09023,13.50909,5.51366,-5.05186,-6.8484,-1.29835,3.19919,-0.68741,,,,,,,,,,,,,,,,,,,,,,,,,,,,,,,,,,,,,,,,,,,,,,,,,,,High,High,High,,,,,,,,,,,,,,,,,,,,,,,,,,,,,,,,,,,,,,,
200,2026-03-13,20:46:32.78,1,3,"Smith, Easten",1000261621,Right,TEX_ISL,"Huerta, Sebastian",1000220704,Right,NOR_DEM,Undefined,7,Bottom,0,0,2,Undefined,Cutter,BallCalled,Undefined,Undefined,Undefined,0,0,,88.36693,0.141975,-2.163768,2419.221144,172.955505,11:45,5.61678,1.38771,5.18814,-18.42155,18.32509,-2.1224,4.21532,-0.82576,80.66922,-3.313922,-2.539094,0.436295,,,,,,,,,,,,0.46417,9.45209,-1.18503,50,5.61656,4.93842,-128.16284,-0.29621,0.77263,26.29535,-16.44047,NOR_DEM,TEX_ISL,BrownStroudField,D1,SLAND,20260313-BrownStroudField-1,a3371070-1f47-11f1-8827-db2f8d1f1106,86.39208,,,7.69771,,,,,,,99932099-0ba7-405d-b958-1caf3e33b2c7,2026-03-14,01:46:32.78,2026-03-13T20:46:32.7881728-05:00,2026-03-14T01:46:32.7881728Z,,v3,471394,4764,,"Azemar, Hunter",10091882,Right,TEX_ISL,0187cb65-dbf9-48f0-abb5-aa8c9a41ef09,55.31083,-129.24787,13.14767,5.61478,0.38218,-8.22023,-1.38815,4.90654,0.38632,,,,,,,,,,,,,,,,,,,,,,,,,,,,,,,,,,,,,,,,,,,,,,,,,,,High,High,High,,,,,,,,,,,,,,,,,,,,,,,,,,,,,,,,,,,,,,,
201,2026-03-13,20:46:50.32,1,4,"Smith, Easten",1000261621,Right,TEX_ISL,"Huerta, Sebastian",1000220704,Right,NOR_DEM,Undefined,7,Bottom,0,1,2,Undefined,Curveball,FoulBallNotFieldable,Undefined,Undefined,Undefined,0,0,,79.21313,-1.638563,-0.501946,2732.679012,52.652286,7:45,5.61342,1.45903,5.36413,-53.36932,-7.96977,-12.2404,-0.37099,-0.0317,73.50926,-11.239693,-2.687721,0.48495,,,,,,,,,,,,6.1167,-3.31473,-1.40467,50,5.42746,1.47322,-115.06557,-5.13191,8.18596,21.7073,-36.61012,NOR_DEM,TEX_ISL,BrownStroudField,D1,SLAND,20260313-BrownStroudField-1,adae81f0-1f47-11f1-8827-db2f8d1f1106,77.72434,,,5.70387,,,,,,,99932099-0ba7-405d-b958-1caf3e33b2c7,2026-03-14,01:46:50.32,2026-03-13T20:46:50.3232000-05:00,2026-03-14T01:46:50.3232000Z,,v3,471394,4764,,"Azemar, Hunter",10091882,Right,TEX_ISL,0db04f38-8670-4604-8a15-5fde8bbab083,55.14041,-116.03126,10.85365,5.61953,-3.50323,-18.30506,-1.46211,1.10905,4.09298,,,,,,,,,,,,,,,,,,,,,,,,,,,,,,,,,,,,,,,,,,,,,,,,,,,High,High,High,,,,,,,,,,,,,,,,,,,,,,,,,,,,,,,,,,,,,,,
202,2026-03-13,20:47:36.37,1,5,"Smith, Easten",1000261621,Right,TEX_ISL,"Huerta, Sebastian",1000220704,Right,NOR_DEM,Undefined,7,Bottom,0,1,2,Undefined,Four-Seam,BallCalled,Undefined,Undefined,Undefined,0,0,,88.27845,0.173206,-0.913867,2451.857259,181.823021,12:00,5.58126,1.4967,5.18169,-18.69674,18.38044,0.54512,4.18619,0.6822,79.94676,-3.352721,-0.817354,0.438253,,,,,,,,,,,,-0.54035,9.44725,-1.41217,50,5.58371,2.01554,-127.95776,-0.22285,-0.89002,28.01467,-16.61334,NOR_DEM,TEX_ISL,BrownStroudField,D1,SLAND,20260313-BrownStroudField-1,c91a0220-1f47-11f1-8827-db2f8d1f1106,86.00614,,,8.33168,,,,,,,99932099-0ba7-405d-b958-1caf3e33b2c7,2026-03-14,01:47:36.37,2026-03-13T20:47:36.3748352-05:00,2026-03-14T01:47:36.3748352Z,,v3,471394,4764,,"Azemar, Hunter",10091882,Right,TEX_ISL,c6bd46c3-04b9-409e-90ee-18e2c8779f59,55.31391,-129.11593,14.00734,5.57873,0.46397,-8.30667,-1.49625,2.05234,-0.44501,,,,,,,,,,,,,,,,,,,,,,,,,,,,,,,,,,,,,,,,,,,,,,,,,,,High,High,High,,,,,,,,,,,,,,,,,,,,,,,,,,,,,,,,,,,,,,,
203,2026-03-13,20:47:54.34,1,6,"Smith, Easten",1000261621,Right,TEX_ISL,"Huerta, Sebastian",1000220704,Right,NOR_DEM,Undefined,7,Bottom,0,2,2,Undefined,Slider,BallCalled,Undefined,Undefined,Undefined,0,0,,85.37725,-2.145512,-0.965259,2593.77516,143.753846,10:45,5.6361,1.66309,5.92464,-30.14659,8.15756,-5.09662,1.13179,0.3426,78.45673,-7.719369,-1.881716,0.445445,,,,,,,,,,,,2.36012,5.14276,-1.58291,50,5.44721,2.28925,-123.97321,-5.6234,3.66937,25.01614,-24.17839,NOR_DEM,TEX_ISL,BrownStroudField,D1,SLAND,20260313-BrownStroudField-1,d3d70820-1f47-11f1-8827-db2f8d1f1106,84.61745,,,6.92052,,,,,,,99932099-0ba7-405d-b958-1caf3e33b2c7,2026-03-14,01:47:54.34,2026-03-13T20:47:54.3465984-05:00,2026-03-14T01:47:54.3465984Z,,v3,471394,4764,,"Azemar, Hunter",10091882,Right,TEX_ISL,7e0c99a6-5701-4596-ba86-6f29c5f3b346,54.57581,-124.89313,12.50807,5.63765,-4.73428,-12.08919,-1.66461,2.15432,1.83469,,,,,,,,,,,,,,,,,,,,,,,,,,,,,,,,,,,,,,,,,,,,,,,,,,,High,High,High,,,,,,,,,,,,,,,,,,,,,,,,,,,,,,,,,,,,,,,
204,2026-03-13,20:48:15.30,1,7,"Smith, Easten",1000261621,Right,TEX_ISL,"Huerta, Sebastian",1000220704,Right,NOR_DEM,Undefined,7,Bottom,0,3,2,Undefined,Splitter,StrikeCalled,Strikeout,Undefined,Undefined,0,0,,88.5304,-2.835205,-1.919354,1208.308482,190.77535,12:15,5.50047,1.37623,5.70262,-15.6754,20.49355,3.66634,1.54869,-0.10737,80.56255,-5.82607,-1.264119,0.432852,,,,,,,,,,,,-2.42567,11.61253,-1.21753,50,5.25285,4.14136,-128.29045,-6.80112,-4.02156,27.8281,-12.92131,NOR_DEM,TEX_ISL,BrownStroudField,D1,SLAND,20260313-BrownStroudField-1,e054d0f0-1f47-11f1-8827-db2f8d1f1106,87.07927,,,7.96785,,,,,,,99932099-0ba7-405d-b958-1caf3e33b2c7,2026-03-14,01:48:15.30,2026-03-13T20:48:15.3050000-05:00,2026-03-14T01:48:15.3050000Z,,v3,471394,4764,,"Azemar, Hunter",10091882,Right,TEX_ISL,2a70c1f5-c2b2-448b-af0c-7ea9002f08d2,54.79564,-129.32651,13.91405,5.49711,-6.32005,-6.46065,-1.3745,4.29108,-2.01078,,,,,,,,,,,,,,,,,,,,,,,,,,,,,60.20935,,,1.164868,,,,-1.62988,5.48159,2.15145,68.74747,7.12362,-56.06838,-1.5866,65.28624,-4.2382,5.52602,18.32721,-14.58476,2.10037,-55.20062,4.55009,High,High,High,,,High,Low,Medium,,,,,,,,,,,,,,,,,,,,,,,,,,,,,,,,,,
205,2026-03-13,20:48:46.32,2,1,"Smith, Easten",1000261621,Right,TEX_ISL,"White, Zach",10149850,Left,NOR_DEM,Undefined,7,Bottom,1,0,0,Undefined,Four-Seam,BallCalled,Undefined,Undefined,Undefined,0,0,,90.11069,-0.717243,-1.483907,2390.858417,180.894366,12:00,5.52809,1.57855,4.8281,-18.21383,17.93245,0.26035,3.33074,0.19457,81.507,-4.12885,-1.438122,0.432716,,,,,,,,,,,,-0.59354,9.49764,-1.43166,50,5.44244,3.37081,-130.5814,-2.29757,-1.01325,30.40184,-15.96062,NOR_DEM,TEX_ISL,BrownStroudField,D1,SLAND,20260313-BrownStroudField-1,f2c9da50-1f47-11f1-8827-db2f8d1f1106,87.10663,,,8.6037,,,,,,,99932099-0ba7-405d-b958-1caf3e33b2c7,2026-03-14,01:48:46.32,2026-03-13T20:48:46.3227904-05:00,2026-03-14T01:48:46.3227904Z,,v3,471394,4764,,"Azemar, Hunter",10091882,Right,TEX_ISL,e2b1314e-72e5-42cf-af53-a4dbbb35179f,55.674,-131.8958,15.20092,5.52686,-1.60752,-7.98031,-1.57835,3.41461,-0.50662,,,,,,,,,,,,,,,,,,,,,,,,,,,,,,,,,,,,,,,,,,,,,,,,,,,High,High,High,,,,,,,,,,,,,,,,,,,,,,,,,,,,,,,,,,,,,,,
206,2026-03-13,20:49:02.88,2,2,"Smith, Easten",1000261621,Right,TEX_ISL,"White, Zach",10149850,Left,NOR_DEM,Undefined,7,Bottom,1,1,0,Undefined,Slider,StrikeSwinging,Undefined,Undefined,Undefined,0,0,,83.47228,-1.457335,-1.250981,2576.481095,143.204559,10:45,5.40204,1.53705,4.69166,-35.1464,7.62485,-4.50221,1.08888,-0.02607,75.27013,-7.851286,-2.042072,0.470703,,,,,,,,,,,,1.79311,4.66587,-1.40571,50,5.22307,2.84079,-120.72171,-4.40828,2.59526,27.71702,-25.42086,NOR_DEM,TEX_ISL,BrownStroudField,D1,SLAND,20260313-BrownStroudField-1,fcb1dd10-1f47-11f1-8827-db2f8d1f1106,80.07686,,,8.20215,,,,,,,99932099-0ba7-405d-b958-1caf3e33b2c7,2026-03-14,01:49:02.88,2026-03-13T20:49:02.8897792-05:00,2026-03-14T01:49:02.8897792Z,,v3,471394,4764,,"Azemar, Hunter",10091882,Right,TEX_ISL,05f71145-e536-4915-9a4c-931dbda5c7f0,55.80527,-122.04729,13.85851,5.40483,-3.19252,-12.71043,-1.5386,2.71667,1.29763,,,,,,,,,,,,,,,,,,,,,,,,,,,,,,,,,,,,,,,,,,,,,,,,,,,High,High,High,,,,,,,,,,,,,,,,,,,,,,,,,,,,,,,,,,,,,,,
207,2026-03-13,20:49:20.55,2,3,"Smith, Easten",1000261621,Right,TEX_ISL,"White, Zach",10149850,Left,NOR_DEM,Undefined,7,Bottom,1,1,1,Undefined,Splitter,FoulBallNotFieldable,Undefined,Undefined,Undefined,0,0,,89.40337,-2.076953,-1.905024,1207.185495,188.956509,12:15,5.51789,1.47782,5.03605,-16.43922,19.86367,2.93847,2.18653,-0.07524,81.34655,-5.170843,-1.386393,0.433653,66.03645,70.055842,-131.837916,4342.111987,,,,,11.20111,,,-2.02201,10.84127,-1.29834,50,5.30705,4.17261,-129.52299,-5.24926,-3.42036,28.1248,-13.83541,NOR_DEM,TEX_ISL,BrownStroudField,D1,SLAND,20260313-BrownStroudField-1,0741dfa0-1f48-11f1-8827-db2f8d1f1106,86.9185,30.88091,,8.05682,,,,0.58089,2.13216,0.36892,99932099-0ba7-405d-b958-1caf3e33b2c7,2026-03-14,01:49:20.55,2026-03-13T20:49:20.5588992-05:00,2026-03-14T01:49:20.5588992Z,,v3,471394,4764,,"Azemar, Hunter",10091882,Right,TEX_ISL,731fa7cd-cc71-4a24-8b59-f8be6d39ef9a,55.46341,-130.70394,14.0624,5.51527,-4.66831,-6.91771,-1.47657,4.31623,-1.71018,16.523592,0.58829,-22.31463,-3.94657,,,,,,,2.14654,90.51119,-31.10303,,,,,,,0.36481,-24.46138,5.15653,,,,,,,,,,,,,,,,,,,,,,,,,,,,,High,High,High,Medium,Undefined,,,,,,,,,,,,,,,,,,,,,,,,,,,,,,,,,,,,,
208,2026-03-13,20:49:39.33,2,4,"Smith, Easten",1000261621,Right,TEX_ISL,"White, Zach",10149850,Left,NOR_DEM,Undefined,7,Bottom,1,1,2,Undefined,Cutter,BallCalled,Undefined,Undefined,Undefined,0,0,,88.12817,0.340705,-2.158439,2396.073218,162.411455,11:30,5.67811,1.38056,5.44723,-17.49883,19.42485,-5.76107,4.53909,-1.12135,79.75693,-2.987871,-3.181831,0.437345,,,,,,,,,,,,2.24504,10.04327,-1.18572,50,5.69669,5.06931,-127.73505,0.22669,3.67551,28.54525,-15.73158,NOR_DEM,TEX_ISL,BrownStroudField,D1,SLAND,20260313-BrownStroudField-1,126a0380-1f48-11f1-8827-db2f8d1f1106,86.18475,,,8.37125,,,,,,,99932099-0ba7-405d-b958-1caf3e33b2c7,2026-03-14,01:49:39.33,2026-03-13T20:49:39.3359360-05:00,2026-03-14T01:49:39.3359360Z,,v3,471394,4764,,"Azemar, Hunter",10091882,Right,TEX_ISL,aad7b00d-06e3-49e6-bc57-4b6a0f8e7d85,55.05051,-128.85876,14.27262,5.67558,0.84597,-7.86579,-1.38242,4.92462,1.83775,,,,,,,,,,,,,,,,,,,,,,,,,,,,,,,,,,,,,,,,,,,,,,,,,,,High,High,High,,,,,,,,,,,,,,,,,,,,,,,,,,,,,,,,,,,,,,,
209,2026-03-13,20:49:58.66,2,5,"Smith, Easten",1000261621,Right,TEX_ISL,"White, Zach",10149850,Left,NOR_DEM,Undefined,7,Bottom,1,2,2,Undefined,Slider,FoulBallNotFieldable,Undefined,Undefined,Undefined,0,0,,84.06509,-2.046369,-0.778571,2442.826248,140.450557,10:45,5.69787,1.5024,5.5872,-32.66411,7.48953,-5.10264,1.06394,0.35009,77.02536,-8.047503,-1.690575,0.456072,,,,,,,,,,,,2.37315,4.76626,-1.43207,50,5.50078,1.86499,-121.97091,-5.46723,3.5594,24.96813,-25.02532,NOR_DEM,TEX_ISL,BrownStroudField,D1,SLAND,20260313-BrownStroudField-1,1df1d390-1f48-11f1-8827-db2f8d1f1106,82.64574,,,7.03974,,,,,,,99932099-0ba7-405d-b958-1caf3e33b2c7,2026-03-14,01:49:58.66,2026-03-13T20:49:58.6603008-05:00,2026-03-14T01:49:58.6603008Z,,v3,471394,4764,,"Azemar, Hunter",10091882,Right,TEX_ISL,769394f8-0039-4efa-8292-6fa05023ed45,54.91266,-122.97244,12.48407,5.69995,-4.4634,-12.51266,-1.50401,1.72221,1.7797,,,,,,,,,,,,,,,,,,,,,,,,,,,,,,,,,,,,,,,,,,,,,,,,,,,High,High,High,,,,,,,,,,,,,,,,,,,,,,,,,,,,,,,,,,,,,,,
210,2026-03-13,20:50:19.19,2,6,"Smith, Easten",1000261621,Right,TEX_ISL,"White, Zach",10149850,Left,NOR_DEM,Undefined,7,Bottom,1,2,2,Undefined,Four-Seam,BallCalled,Undefined,Undefined,Undefined,0,0,,88.23191,-0.274207,-1.320397,2325.195381,179.875926,12:00,5.38842,1.56033,4.87541,-20.77418,16.70174,-0.03346,3.3977,0.3079,80.13214,-4.139181,-1.326288,0.440603,,,,,,,,,,,,-0.37673,8.73871,-1.43048,50,5.34478,2.9504,-127.93886,-1.36713,-0.62008,28.1149,-17.79099,NOR_DEM,TEX_ISL,BrownStroudField,D1,SLAND,20260313-BrownStroudField-1,2a29e0d0-1f48-11f1-8827-db2f8d1f1106,85.54734,,,8.09977,,,,,,,99932099-0ba7-405d-b958-1caf3e33b2c7,2026-03-14,01:50:19.19,2026-03-13T20:50:19.1900672-05:00,2026-03-14T01:50:19.1900672Z,,v3,471394,4764,,"Azemar, Hunter",10091882,Right,TEX_ISL,47df92cd-9822-49bb-8a7b-4a9d108af626,55.62677,-129.16944,14.05745,5.38758,-0.58842,-8.8955,-1.56021,2.97754,-0.31004,,,,,,,,,,,,,,,,,,,,,,,,,,,,,,,,,,,,,,,,,,,,,,,,,,,High,High,High,,,,,,,,,,,,,,,,,,,,,,,,,,,,,,,,,,,,,,,
211,2026-03-13,20:50:34.65,2,7,"Smith, Easten",1000261621,Right,TEX_ISL,"White, Zach",10149850,Left,NOR_DEM,Undefined,7,Bottom,1,3,2,Undefined,Slider,StrikeCalled,Strikeout,Undefined,Undefined,0,0,,85.27691,-1.358162,-0.756946,2574.086244,146.132143,10:45,5.73323,1.62566,5.82708,-28.86128,9.5376,-5.61174,2.06519,0.45429,78.42701,-6.702451,-1.763716,0.445996,,,,,,,,,,,,2.65835,5.60988,-1.56051,50,5.60522,1.86489,-123.87812,-3.88364,4.14147,24.1502,-23.43432,NOR_DEM,TEX_ISL,BrownStroudField,D1,SLAND,20260313-BrownStroudField-1,336772c0-1f48-11f1-8827-db2f8d1f1106,84.51299,,,6.8499,,,,,,,99932099-0ba7-405d-b958-1caf3e33b2c7,2026-03-14,01:50:34.65,2026-03-13T20:50:34.6550000-05:00,2026-03-14T01:50:34.6550000Z,,v3,471394,4764,,"Azemar, Hunter",10091882,Right,TEX_ISL,1d4532c1-a51d-43a8-ba4e-8ea2626150e9,54.67221,-124.78565,12.0751,5.73461,-3.00302,-11.71716,-1.62767,1.70926,2.07073,,,,,,,,,,,,,,,,,,,,,,,,,,,,,64.94722,3.014081,1.953485,1.060596,-0.52198,1.83355,-0.39397,-2.29809,5.83382,-1.59292,70.60187,5.75906,-54.20739,-2.23518,74.88378,-5.86709,5.87046,14.23164,-13.52564,-1.6553,-55.24575,5.38419,High,High,High,,,High,Medium,Medium,,,,,,,,,,,,,,,,,,,,,,,,,,,,,,,,,,
212,2026-03-13,20:51:08.36,3,1,"Smith, Easten",1000261621,Right,TEX_ISL,"Leonard, Brooks",1000166243,Right,NOR_DEM,Undefined,7,Bottom,2,0,0,Undefined,Slider,StrikeCalled,Undefined,Undefined,Undefined,0,0,,84.37565,-1.236217,-1.1442,2653.770184,123.007566,10:00,5.63584,1.3632,5.47983,-33.67246,6.10166,-7.51709,1.67268,-0.33399,77.6684,-7.399877,-2.484178,0.453912,,,,,,,,,,,,3.49169,3.78103,-1.25748,50,5.50442,2.75875,-122.51105,-3.82395,5.31621,23.79864,-26.41736,NOR_DEM,TEX_ISL,BrownStroudField,D1,SLAND,20260313-BrownStroudField-1,47798a50-1f48-11f1-8827-db2f8d1f1106,83.03908,,,6.70726,,,,,,,99932099-0ba7-405d-b958-1caf3e33b2c7,2026-03-14,01:51:08.36,2026-03-13T20:51:08.3634176-05:00,2026-03-14T01:51:08.3634176Z,,v3,471394,4764,,"Azemar, Hunter",10091882,Right,TEX_ISL,ae4a8ee7-4719-42bb-9884-58208f6996fb,55.02047,-123.48246,11.89932,5.6385,-2.74565,-13.20868,-1.36566,2.54176,2.6581,,,,,,,,,,,,,,,,,,,,,,,,,,,,,,,,,,,,,,,,,,,,,,,,,,,High,High,High,,,,,,,,,,,,,,,,,,,,,,,,,,,,,,,,,,,,,,,
213,2026-03-13,20:51:24.45,3,2,"Smith, Easten",1000261621,Right,TEX_ISL,"Leonard, Brooks",1000166243,Right,NOR_DEM,Undefined,7,Bottom,2,0,1,Undefined,Curveball,BallCalled,Undefined,Undefined,Undefined,0,0,,78.88695,-1.006081,-1.361394,2775.160827,78.939597,8:45,5.58931,1.41075,5.27624,-46.66873,-0.82784,-11.27914,0.75493,-0.8081,73.02146,-9.440451,-3.366536,0.487302,,,,,,,,,,,,5.32981,0.2139,-1.27767,50,5.46274,3.16246,-114.55385,-3.623,7.09146,20.90219,-31.88944,NOR_DEM,TEX_ISL,BrownStroudField,D1,SLAND,20260313-BrownStroudField-1,511a9900-1f48-11f1-8827-db2f8d1f1106,77.34926,,,5.86549,,,,,,,99932099-0ba7-405d-b958-1caf3e33b2c7,2026-03-14,01:51:24.45,2026-03-13T20:51:24.4546560-05:00,2026-03-14T01:51:24.4546560Z,,v3,471394,4764,,"Azemar, Hunter",10091882,Right,TEX_ISL,ea8e1317-4495-4ad8-8fca-ec849cf4ec04,55.22626,-115.50352,10.4511,5.59444,-2.17412,-15.94472,-1.41403,2.84026,3.54573,,,,,,,,,,,,,,,,,,,,,,,,,,,,,,,,,,,,,,,,,,,,,,,,,,,High,High,High,,,,,,,,,,,,,,,,,,,,,,,,,,,,,,,,,,,,,,,
214,2026-03-13,20:51:40.46,3,3,"Smith, Easten",1000261621,Right,TEX_ISL,"Leonard, Brooks",1000166243,Right,NOR_DEM,Undefined,7,Bottom,2,1,1,Undefined,Slider,StrikeSwinging,Undefined,Undefined,Undefined,0,0,,83.53001,-1.515476,-1.486153,2673.432282,128.19999,10:15,5.45312,1.55998,4.89803,-33.50419,7.78374,-8.36233,1.22688,-0.54287,77.30759,-7.57216,-2.960277,0.462469,,,,,,,,,,,,3.7602,4.60201,-1.40706,50,5.27664,3.51124,-121.21416,-4.46526,5.63969,21.89994,-25.27179,NOR_DEM,TEX_ISL,BrownStroudField,D1,SLAND,20260313-BrownStroudField-1,5aa2a170-1f48-11f1-8827-db2f8d1f1106,81.50256,,,6.22242,,,,,,,99932099-0ba7-405d-b958-1caf3e33b2c7,2026-03-14,01:51:40.46,2026-03-13T20:51:40.4619776-05:00,2026-03-14T01:51:40.4619776Z,,v3,471394,4764,,"Azemar, Hunter",10091882,Right,TEX_ISL,a9c13b8c-d787-4e83-81eb-321d49b7a1bc,55.60234,-122.22215,10.94997,5.45539,-3.30207,-12.6359,-1.56269,3.25166,2.81985,,,,,,,,,,,,,,,,,,,,,,,,,,,,,,,,,,,,,,,,,,,,,,,,,,,High,High,High,,,,,,,,,,,,,,,,,,,,,,,,,,,,,,,,,,,,,,,
215,2026-03-13,20:51:59.02,3,4,"Smith, Easten",1000261621,Right,TEX_ISL,"Leonard, Brooks",1000166243,Right,NOR_DEM,Undefined,7,Bottom,2,1,2,Undefined,Slider,FoulBallNotFieldable,Undefined,Undefined,Undefined,0,0,,84.38481,-1.45135,-1.121387,2840.138856,136.993422,10:30,5.48034,1.58036,4.73211,-32.17573,8.75642,-6.97863,1.42152,-0.06523,77.57123,-7.276224,-2.348105,0.460472,68.08352,45.448554,79.347241,7405.316203,,,,,67.37,,,3.16681,5.04292,-1.46063,50,5.30562,2.70339,-122.38442,-4.32988,4.80923,23.85891,-24.51566,NOR_DEM,TEX_ISL,BrownStroudField,D1,SLAND,20260313-BrownStroudField-1,65ac8ef0-1f48-11f1-8827-db2f8d1f1106,81.85604,58.97235,,6.81359,,,,3.60353,2.27668,0.67232,99932099-0ba7-405d-b958-1caf3e33b2c7,2026-03-14,01:51:59.02,2026-03-13T20:51:59.0261760-05:00,2026-03-14T01:51:59.0261760Z,,v3,471394,4764,,"Azemar, Hunter",10091882,Right,TEX_ISL,75a076ec-a3ba-4d33-a923-3f28c5088f3b,55.76925,-123.50402,11.92945,5.48181,-3.17946,-12.25783,-1.58219,2.47772,2.40462,198.350224,3.60352,12.95073,-4.08265,1.31359,-0.63862,0.60626,-0.4192,0.14864,-0.02007,2.2767,71.15718,-21.26903,1.30663,0.67899,-1.29537,0.97518,-0.35422,0.0487,0.67231,68.84894,-15.98692,4.71752,-2.03818,1.83761,-1.25967,0.44511,-0.05988,,,,,,,,,,,,,,,,,,,,,,,High,High,High,High,Undefined,,,,,,,,,,,,,,,,,,,,,,,,,,,,,,,,,,,,,
216,2026-03-13,20:52:20.97,3,5,"Smith, Easten",1000261621,Right,TEX_ISL,"Leonard, Brooks",1000166243,Right,NOR_DEM,Undefined,7,Bottom,2,1,2,Undefined,Cutter,BallCalled,Undefined,Undefined,Undefined,0,0,,87.15793,0.862681,-1.976143,2426.112452,155.525408,11:15,5.60153,1.30538,5.06822,-21.70485,16.28143,-6.86973,4.60674,-1.13109,79.50135,-3.174559,-3.188112,0.443593,,,,,,,,,,,,2.87225,8.20524,-1.11194,50,5.66689,4.67044,-126.37779,1.14665,4.64312,25.86267,-18.9099,NOR_DEM,TEX_ISL,BrownStroudField,D1,SLAND,20260313-BrownStroudField-1,72bde530-1f48-11f1-8827-db2f8d1f1106,84.97075,,,7.65658,,,,,,,99932099-0ba7-405d-b958-1caf3e33b2c7,2026-03-14,01:52:20.97,2026-03-13T20:52:20.9706496-05:00,2026-03-14T01:52:20.9706496Z,,v3,471394,4764,,"Azemar, Hunter",10091882,Right,TEX_ISL,c35e892c-e3eb-41b5-9398-1f44b1425f3f,55.43094,-127.48436,12.93134,5.60052,1.95573,-9.45495,-1.30753,4.47178,2.32156,,,,,,,,,,,,,,,,,,,,,,,,,,,,,,,,,,,,,,,,,,,,,,,,,,,High,High,High,,,,,,,,,,,,,,,,,,,,,,,,,,,,,,,,,,,,,,,
217,2026-03-13,20:52:42.80,3,6,"Smith, Easten",1000261621,Right,TEX_ISL,"Leonard, Brooks",1000166243,Right,NOR_DEM,Undefined,7,Bottom,2,2,2,Undefined,Slider,InPlay,Undefined,Popup,Out,1,0,,79.59876,-0.006967,-0.149018,2701.683457,80.657725,8:45,5.74668,1.41371,5.74208,-45.18042,-0.81567,-13.40603,1.97516,0.15779,73.17233,-8.285432,-2.552874,0.479392,55.53336,41.250258,26.277063,3759.222566,,,,,44.77573,,,6.87268,-0.0922,-1.39265,50,5.71799,0.79809,-115.6828,-1.47728,9.28094,22.28059,-32.29858,NOR_DEM,TEX_ISL,BrownStroudField,D1,SLAND,20260313-BrownStroudField-1,7fc920f0-1f48-11f1-8827-db2f8d1f1106,78.62558,35.08579,,6.42642,,,,1.72393,2.62642,-0.03845,99932099-0ba7-405d-b958-1caf3e33b2c7,2026-03-14,01:52:42.80,2026-03-13T20:52:42.8068864-05:00,2026-03-14T01:52:42.8068864Z,,v3,471394,4764,,"Azemar, Hunter",10091882,Right,TEX_ISL,2c7ef3de-2162-41da-85db-753c631941ab,54.76065,-116.5961,11.1403,5.75141,-0.15334,-16.14929,-1.41757,0.41766,4.64047,201.801422,1.72393,54.90828,-9.56766,1.74159,-0.41857,0.05988,-0.01009,0.00301,-0.00065,2.62642,53.70319,-16.64707,1.11978,-0.10438,0.02083,0.00051,-9E-05,-0.00042,-0.03845,27.11002,-0.71855,-0.44084,0.19624,-0.04427,0.00906,-0.00145,-1E-05,,,,,,,,,,,,,,,,,,,,,,,High,High,High,High,Undefined,,,,,,,,,,,,,,,,,,,,,,,,,,,,,,,,,,,,,
218,2026-03-13,20:55:04.29,1,1,"Marien, Wesley",1000449341,Right,NOR_DEM,"Krowka, Karson",1000114100,Right,TEX_ISL,Undefined,8,Top,0,0,0,Undefined,Four-Seam,BallCalled,Undefined,Undefined,Undefined,0,0,,88.54302,-0.969513,-1.502766,2015.649234,190.302535,12:15,5.75798,1.16591,6.0647,-13.05914,22.5156,3.87736,3.77205,0.09791,80.40855,-3.522957,-0.805049,0.429282,45.65418,9.191699,175.830684,3294.403147,,,,49.78392,41.13743,177.141256,0.813332,-2.42764,12.20749,-1.05133,50,5.67558,3.20987,-128.53497,-2.47335,-4.03939,27.98392,-11.86175,NOR_DEM,TEX_ISL,BrownStroudField,D1,SLAND,20260313-BrownStroudField-1,d41a3630-1f48-11f1-8827-db2f8d1f1106,87.80354,4.73473,,8.13447,,,,0.6341,3.19461,-0.20659,99932099-0ba7-405d-b958-1caf3e33b2c7,2026-03-14,01:55:04.29,2026-03-13T20:55:04.2930688-05:00,2026-03-14T01:55:04.2930688Z,GroundBall,v3,471394,4764,,"Huerta, Sebastian",1000220704,Right,NOR_DEM,f2c173e1-03b8-4fc6-9765-4349c5d83391,54.43276,-129.49645,13.99196,5.75356,-2.0658,-5.93087,-1.164,3.34865,-2.01969,319.726093,0.6341,-65.92413,4.73342,0.33041,-0.62773,1.61328,-1.90269,1.0173,-0.19337,3.19461,10.69581,-18.88781,1.19809,0.04245,-0.57428,0.86905,-0.5879,0.15147,-0.20659,4.80553,-2.06364,0.28676,0.1565,-0.5955,0.77333,-0.45444,0.09951,,,,,,,,,,,,,,,,,,,,,,,High,High,High,Medium,Medium,,,,,,,,,,,,,,,,,,,,,,,,,,,,,,,,,,,,,
219,2026-03-13,20:55:21.33,1,2,"Marien, Wesley",1000449341,Right,NOR_DEM,"Krowka, Karson",1000114100,Right,TEX_ISL,Undefined,8,Top,0,1,0,Undefined,Four-Seam,InPlay,Undefined,FlyBall,Out,1,0,,89.56553,-1.538912,-0.852377,2119.720209,204.742129,12:45,5.55845,1.27831,5.66923,-15.02702,20.75647,8.94189,2.87083,1.22867,80.30847,-4.450392,0.745709,0.430539,72.08691,27.941521,-34.281109,2584.51657,88.20583,45.71256,-65.72421,248.84093,198.69463,-39.456796,3.892965,-4.85496,11.46386,-1.21222,50,5.41955,1.54117,-129.78608,-3.9032,-8.11207,32.32978,-13.01929,NOR_DEM,TEX_ISL,BrownStroudField,D1,SLAND,20260313-BrownStroudField-1,de40efa0-1f48-11f1-8827-db2f8d1f1106,87.54706,48.3885,,9.25705,,,,2.60913,3.81796,-1.47715,99932099-0ba7-405d-b958-1caf3e33b2c7,2026-03-14,01:55:21.33,2026-03-13T20:55:21.3354496-05:00,2026-03-14T01:55:21.3354496Z,FlyBall,v3,471394,4764,,"Huerta, Sebastian",1000220704,Right,NOR_DEM,0dd5b9a8-cf95-4dac-bae6-6e73d099c2d2,54.82869,-130.98339,16.16489,5.55517,-3.42104,-6.50965,-1.27487,1.84159,-4.05603,157.994402,2.60934,77.17284,-14.68189,3.44212,-0.68744,0.12437,-0.02314,0.00375,-0.00029,3.81827,49.52821,-14.12076,-0.10027,0.37437,-0.20787,0.07033,-0.01216,0.00082,-1.47719,-52.6087,5.44281,-0.91469,0.13764,-0.02898,0.00899,-0.00186,0.00015,,,,,,,,,,,,,,,,,,,,,,,High,High,High,High,Medium,,,,,,,,,,,,,,,,,,,,,,,,,,,,,,,,,,,,,
220,2026-03-13,20:56:04.10,2,1,"Marien, Wesley",1000449341,Right,NOR_DEM,"Russell, Austin",10027579,Right,TEX_ISL,Undefined,8,Top,1,0,0,Undefined,Four-Seam,FoulBallNotFieldable,Undefined,Undefined,Undefined,0,0,,90.9566,-3.0862,-1.72081,2103.888785,192.9778,12:30,5.81889,0.9327,6.05444,-14.06772,19.97076,4.3202,1.78574,-0.30065,82.22808,-5.809902,-0.943458,0.41991,,,,,,,,,,,,-2.76543,11.61178,-0.80119,50,5.57117,3.77527,-131.78273,-7.4705,-4.80171,31.31166,-12.01209,NOR_DEM,TEX_ISL,BrownStroudField,D1,SLAND,20260313-BrownStroudField-1,f7bea990-1f48-11f1-8827-db2f8d1f1106,89.76309,,,8.72852,,,,,,,99932099-0ba7-405d-b958-1caf3e33b2c7,2026-03-14,01:56:04.10,2026-03-13T20:56:04.1068544-05:00,2026-03-14T01:56:04.1068544Z,,v3,471394,4764,,"Huerta, Sebastian",1000220704,Right,NOR_DEM,477dc971-421e-4f37-8e75-a4a52dd4bb39,54.44331,-132.83427,15.65583,5.81528,-7.0671,-6.00605,-0.93069,3.93652,-2.40085,,,,,,,,,,,,,,,,,,,,,,,,,,,,,,,,,,,,,,,,,,,,,,,,,,,High,High,High,,,,,,,,,,,,,,,,,,,,,,,,,,,,,,,,,,,,,,,
221,2026-03-13,20:56:21.82,2,2,"Marien, Wesley",1000449341,Right,NOR_DEM,"Russell, Austin",10027579,Right,TEX_ISL,Undefined,8,Top,1,0,1,Undefined,Curveball,BallCalled,Undefined,Undefined,Undefined,0,0,,77.23172,0.641533,-1.512694,2340.481678,21.3828,6:45,5.55798,1.06439,5.37939,-61.16472,-13.35627,-5.8067,1.06256,-0.8379,71.31638,-10.404339,-2.54813,0.49765,,,,,,,,,,,,2.4952,-6.50815,-0.92469,50,5.57167,3.18532,-112.18305,-0.84927,3.16839,20.9728,-40.43813,NOR_DEM,TEX_ISL,BrownStroudField,D1,SLAND,20260313-BrownStroudField-1,0257faf0-1f49-11f1-8827-db2f8d1f1106,75.7409,,,5.91534,,,,,,,99932099-0ba7-405d-b958-1caf3e33b2c7,2026-03-14,01:56:21.82,2026-03-13T20:56:21.8286592-05:00,2026-03-14T01:56:21.8286592Z,,v3,471394,4764,,"Huerta, Sebastian",1000220704,Right,NOR_DEM,30491c6f-ea47-485a-a698-fb86db94a099,55.12502,-113.13713,10.4864,5.56846,0.9903,-20.21907,-1.06631,3.04118,1.5842,,,,,,,,,,,,,,,,,,,,,,,,,,,,,,,,,,,,,,,,,,,,,,,,,,,High,High,High,,,,,,,,,,,,,,,,,,,,,,,,,,,,,,,,,,,,,,,
222,2026-03-13,20:56:37.60,2,3,"Marien, Wesley",1000449341,Right,NOR_DEM,"Russell, Austin",10027579,Right,TEX_ISL,Undefined,8,Top,1,1,1,Undefined,Four-Seam,FoulBallNotFieldable,Undefined,Undefined,Undefined,0,0,,89.0998,-2.243839,-0.688774,2029.199539,189.168749,12:15,5.61991,1.18656,5.83311,-13.39304,21.88694,3.34992,2.4169,0.82546,81.42647,-4.825741,-0.088249,0.427499,,,,,,,,,,,,-1.91016,12.16957,-1.13239,50,5.42901,1.41429,-129.34822,-5.42097,-3.23561,27.02325,-11.56015,NOR_DEM,TEX_ISL,BrownStroudField,D1,SLAND,20260313-BrownStroudField-1,0bbaa110-1f49-11f1-8827-db2f8d1f1106,88.16956,,,7.67333,,,,,,,99932099-0ba7-405d-b958-1caf3e33b2c7,2026-03-14,01:56:37.60,2026-03-13T20:56:37.6064512-05:00,2026-03-14T01:56:37.6064512Z,,v3,471394,4764,,"Huerta, Sebastian",1000220704,Right,NOR_DEM,dfe8f4ef-3aad-4187-b434-9f662ee613e3,54.6666,-130.31951,13.51162,5.61639,-5.00547,-5.78008,-1.18531,1.53059,-1.6178,,,,,,,,,,,,,,,,,,,,,,,,,,,,,,,,,,,,,,,,,,,,,,,,,,,High,High,High,,,,,,,,,,,,,,,,,,,,,,,,,,,,,,,,,,,,,,,
223,2026-03-13,20:57:02.40,2,4,"Marien, Wesley",1000449341,Right,NOR_DEM,"Russell, Austin",10027579,Right,TEX_ISL,Undefined,8,Top,1,1,2,Undefined,Curveball,InPlay,Undefined,LineDrive,Out,1,0,,77.21651,0.814332,-1.273839,2289.990095,29.300228,7:00,5.57242,1.2056,5.36054,-58.96771,-10.93871,-7.00248,1.42235,-0.57271,70.94972,-9.860709,-2.521346,0.498796,78.05804,11.900624,5.522743,1578.689083,108.55498,9.94693,17.77116,159.91418,148.14295,10.838771,1.701687,3.16914,-5.40429,-1.08586,50,5.6029,2.75987,-112.11022,-0.41792,4.00407,21.6438,-39.00214,NOR_DEM,TEX_ISL,BrownStroudField,D1,SLAND,20260313-BrownStroudField-1,1a8ce130-1f49-11f1-8827-db2f8d1f1106,75.5668,11.31363,,6.26679,,,,0.90293,2.17541,0.66684,99932099-0ba7-405d-b958-1caf3e33b2c7,2026-03-14,01:57:02.40,2026-03-13T20:57:02.4067072-05:00,2026-03-14T01:57:02.4067072Z,LineDrive,v3,471394,4764,,"Huerta, Sebastian",1000220704,Right,NOR_DEM,702a023f-062e-4a82-859e-7262aaa0609d,55.14316,-113.09879,10.8219,5.58131,1.36348,-19.50107,-1.20774,2.57699,2.00204,244.031397,0.90293,111.50431,-15.08721,2.73779,-0.52343,0.09099,-0.01588,0.00244,-0.00019,2.17541,23.60842,-15.85853,0.86412,-0.11022,0.01832,-0.00117,0.0002,-4E-05,0.66684,10.7812,5.56068,-1.49204,0.37893,-0.0828,0.01669,-0.00261,0.00021,,,,,,,,,,,,,,,,,,,,,,,High,High,High,High,Medium,,,,,,,,,,,,,,,,,,,,,,,,,,,,,,,,,,,,,
224,2026-03-13,20:57:36.62,3,1,"Marien, Wesley",1000449341,Right,NOR_DEM,"Sanchez, Cade",1000125037,Right,TEX_ISL,Undefined,8,Top,2,0,0,Undefined,Curveball,StrikeCalled,Undefined,Undefined,Undefined,0,0,,77.83646,2.081793,-1.580448,2367.260425,23.134885,6:45,5.63291,1.32609,5.4197,-63.27555,-16.08584,-7.51441,2.31165,-0.78096,71.40693,-9.380188,-2.919201,0.494419,,,,,,,,,,,,3.31709,-8.29682,-1.18027,50,5.7734,3.40973,-112.97798,1.9059,4.25771,21.90981,-42.82357,NOR_DEM,TEX_ISL,BrownStroudField,D1,SLAND,20260313-BrownStroudField-1,2eed3fd0-1f49-11f1-8827-db2f8d1f1106,76.23585,,,6.42953,,,,,,,99932099-0ba7-405d-b958-1caf3e33b2c7,2026-03-14,01:57:36.62,2026-03-13T20:57:36.6253568-05:00,2026-03-14T01:57:36.6253568Z,,v3,471394,4764,,"Huerta, Sebastian",1000220704,Right,NOR_DEM,6bab5e72-149c-4222-b029-31529d0d08ee,55.08502,-113.95985,10.9549,5.64498,3.82501,-21.41179,-1.32879,3.21893,2.12886,,,,,,,,,,,,,,,,,,,,,,,,,,,,,,,,,,,,,,,,,,,,,,,,,,,High,High,High,,,,,,,,,,,,,,,,,,,,,,,,,,,,,,,,,,,,,,,
225,2026-03-13,20:57:51.84,3,2,"Marien, Wesley",1000449341,Right,NOR_DEM,"Sanchez, Cade",1000125037,Right,TEX_ISL,Undefined,8,Top,2,0,1,Undefined,Four-Seam,StrikeSwinging,Undefined,Undefined,Undefined,0,0,,89.39951,-0.54359,-0.611973,2021.401629,184.1906,12:15,5.66674,1.07318,5.22487,-13.29682,22.96485,1.58839,4.04758,0.63017,80.56583,-3.121091,-0.330489,0.433406,,,,,,,,,,,,-1.0041,12.1156,-1.01804,50,5.60786,1.31403,-129.61156,-1.62047,-1.68421,30.61898,-11.85202,NOR_DEM,TEX_ISL,BrownStroudField,D1,SLAND,20260313-BrownStroudField-1,37f9d6b0-1f49-11f1-8827-db2f8d1f1106,86.96787,,,8.83368,,,,,,,99932099-0ba7-405d-b958-1caf3e33b2c7,2026-03-14,01:57:51.84,2026-03-13T20:57:51.8436352-05:00,2026-03-14T01:57:51.8436352Z,,v3,471394,4764,,"Huerta, Sebastian",1000220704,Right,NOR_DEM,7b97eead-b98d-4041-88aa-8246bb207f6f,55.27555,-130.8519,15.30949,5.66378,-1.14036,-5.92601,-1.07265,1.38225,-0.84211,,,,,,,,,,,,,,,,,,,,,,,,,,,,,,,,,,,,,,,,,,,,,,,,,,,High,High,High,,,,,,,,,,,,,,,,,,,,,,,,,,,,,,,,,,,,,,,
226,2026-03-13,20:58:43.76,3,3,"Marien, Wesley",1000449341,Right,NOR_DEM,"Sanchez, Cade",1000125037,Right,TEX_ISL,Undefined,8,Top,2,0,2,Undefined,Four-Seam,FoulBallNotFieldable,Undefined,Undefined,Undefined,0,0,,90.65882,-2.337754,-1.09568,2034.892175,196.331384,12:30,5.88949,0.77481,6.51859,-11.97646,21.50793,5.96229,2.74483,0.26619,82.16469,-4.704247,-0.013086,0.416478,,,,,,,,,,,,-3.41477,12.25552,-0.70061,50,5.7206,2.27002,-131.5794,-5.59986,-5.93415,30.19985,-10.87648,NOR_DEM,TEX_ISL,BrownStroudField,D1,SLAND,20260313-BrownStroudField-1,56e751b0-1f49-11f1-8827-db2f8d1f1106,90.50274,,,8.49413,,,,,,,99932099-0ba7-405d-b958-1caf3e33b2c7,2026-03-14,01:58:43.76,2026-03-13T20:58:43.7601280-05:00,2026-03-14T01:58:43.7601280Z,,v3,471394,4764,,"Huerta, Sebastian",1000220704,Right,NOR_DEM,c0457975-42ff-4cd1-b707-cb59396a0175,53.97746,-132.48915,15.09993,5.88436,-5.27221,-5.43824,-0.77169,2.44878,-2.96707,,,,,,,,,,,,,,,,,,,,,,,,,,,,,,,,,,,,,,,,,,,,,,,,,,,High,High,High,,,,,,,,,,,,,,,,,,,,,,,,,,,,,,,,,,,,,,,
227,2026-03-13,20:59:24.44,3,4,"Marien, Wesley",1000449341,Right,NOR_DEM,"Sanchez, Cade",1000125037,Right,TEX_ISL,Undefined,8,Top,2,0,2,Undefined,Four-Seam,FoulBallNotFieldable,Undefined,Undefined,Undefined,0,0,,90.19411,-0.853546,-1.713838,2025.964384,202.350046,12:45,5.75694,1.02632,5.96241,-15.41584,19.08316,7.36374,3.68041,0.0503,81.73605,-3.823267,-0.391209,0.422741,76.73731,41.151373,132.716167,3266.603982,,,,,32.7544,,,-4.31236,10.41178,-0.89449,50,5.68073,3.60644,-130.90338,-2.37712,-7.41977,29.80253,-14.25978,NOR_DEM,TEX_ISL,BrownStroudField,D1,SLAND,20260313-BrownStroudField-1,6f28bb10-1f49-11f1-8827-db2f8d1f1106,89.16201,30.72176,,8.45806,,,,0.08368,4.34051,0.14525,99932099-0ba7-405d-b958-1caf3e33b2c7,2026-03-14,01:59:24.44,2026-03-13T20:59:24.4400128-05:00,2026-03-14T01:59:24.4400128Z,,v3,471394,4764,,"Huerta, Sebastian",1000220704,Right,NOR_DEM,cc3a86f4-bd43-44d2-9095-513bbe02c7c0,54.53662,-131.93218,14.90126,5.75429,-1.88486,-7.12989,-1.02341,3.86258,-3.70988,295.35648,0.08768,-57.62177,1.33433,,,,,,,4.35016,73.75001,-24.09969,,,,,,,0.16301,61.68623,-16.68526,,,,,,,,,,,,,,,,,,,,,,,,,,,,,High,High,High,High,Undefined,,,,,,,,,,,,,,,,,,,,,,,,,,,,,,,,,,,,,
228,2026-03-13,20:59:44.78,3,5,"Marien, Wesley",1000449341,Right,NOR_DEM,"Sanchez, Cade",1000125037,Right,TEX_ISL,Undefined,8,Top,2,0,2,Undefined,Curveball,InPlay,Undefined,GroundBall,Out,1,0,,76.54441,2.031749,-0.72964,2295.026488,33.808369,7:15,5.62083,1.2707,5.29445,-61.97334,-13.07249,-9.78256,2.36501,-0.22964,70.32834,-9.181604,-2.469201,0.503303,71.11204,-78.057602,-90.382391,,,,,3.39129,3.39129,-7.09499,0.026098,4.7439,-6.85422,-1.19667,50,5.7595,1.7863,-111.13394,1.82535,5.90497,20.79363,-40.70579,NOR_DEM,TEX_ISL,BrownStroudField,D1,SLAND,20260313-BrownStroudField-1,7b522250-1f49-11f1-8827-db2f8d1f1106,74.89014,2.6733,,6.21607,,,,3.3691,2.6733,0.14653,99932099-0ba7-405d-b958-1caf3e33b2c7,2026-03-14,01:59:44.78,2026-03-13T20:59:44.7840256-05:00,2026-03-14T01:59:44.7840256Z,GroundBall,v3,471394,4764,,"Huerta, Sebastian",1000220704,Right,NOR_DEM,15da3c5c-9900-483c-856c-87e267ce2837,55.21043,-112.10459,10.39681,5.62994,3.72551,-20.35289,-1.27362,1.51065,2.95248,,3.3691,-0.14459,,,,,,,,2.67495,-102.43233,,,,,,,,0.14688,-21.66457,,,,,,,,,,,,,,,,,,,,,,,,,,,,,,High,High,High,Estimated,Estimated,,,,,,,,,,,,,,,,,,,,,,,,,,,,,,,,,,,,,
229,2026-03-13,21:02:51.62,1,1,"Jacques, Pierre-Luc",10151050,Right,TEX_ISL,"Menard, Ethan",1000162177,Right,NOR_DEM,Undefined,8,Bottom,0,0,0,Undefined,Changeup,FoulBallNotFieldable,Undefined,Undefined,Undefined,0,0,,85.44062,-0.324202,-2.59093,2289.297281,227.838058,1:30,4.95444,1.40339,4.11386,-30.13206,10.56162,10.31166,2.13203,-0.22509,78.56463,-5.741952,-0.801485,0.459129,84.52472,55.754671,42.3927,,,,,,19.71894,,,-5.65847,5.5,-1.12602,50,4.88641,5.107,-123.80502,-1.95161,-8.84843,22.97785,-23.57344,NOR_DEM,TEX_ISL,BrownStroudField,D1,SLAND,20260313-BrownStroudField-1,eaa60ae0-1f49-11f1-8827-db2f8d1f1106,82.0955,32.40452,,6.87599,,,,0.02324,3.34063,0.41291,99932099-0ba7-405d-b958-1caf3e33b2c7,2026-03-14,02:02:51.62,2026-03-13T21:02:51.6269568-05:00,2026-03-14T02:02:51.6269568Z,,v3,471394,4764,,"Azemar, Hunter",10091882,Right,TEX_ISL,032e6a8e-6b73-4fe0-8103-33ff54cf03ad,56.38722,-124.98484,11.48893,4.95555,-0.74121,-11.78672,-1.39991,5.56134,-4.42422,178.244233,0.03138,51.16825,-15.04208,,,,,,,3.34558,102.26441,-26.29538,,,,,,,0.42075,46.69307,-14.31001,,,,,,,,,,,,,,,,,,,,,,,,,,,,,High,High,High,High,Undefined,,,,,,,,,,,,,,,,,,,,,,,,,,,,,,,,,,,,,
230,2026-03-13,21:03:25.29,1,2,"Jacques, Pierre-Luc",10151050,Right,TEX_ISL,"Menard, Ethan",1000162177,Right,NOR_DEM,Undefined,8,Bottom,0,0,1,Undefined,Sinker,BallCalled,Undefined,Undefined,Undefined,0,0,,92.05705,0.196146,-3.359228,2384.994336,232.726655,1:45,5.52986,0.90486,4.70793,-19.1019,15.9954,19.30749,4.12453,-0.6783,82.50571,-3.378889,0.023655,0.426391,,,,,,,,,,,,-10.5606,8.13193,-0.583,50,5.53377,6.83909,-133.06643,-0.26004,-18.63474,32.77789,-17.82486,NOR_DEM,TEX_ISL,BrownStroudField,D1,SLAND,20260313-BrownStroudField-1,feba4550-1f49-11f1-8827-db2f8d1f1106,88.39869,,,9.55134,,,,,,,99932099-0ba7-405d-b958-1caf3e33b2c7,2026-03-14,02:03:25.29,2026-03-13T21:03:25.2905472-05:00,2026-03-14T02:03:25.2905472Z,,v3,471394,4764,,"Azemar, Hunter",10091882,Right,TEX_ISL,fcf5c6b4-d80f-4e2a-a5b3-a77f0948bfe0,55.79033,-134.48518,16.38895,5.52833,0.51149,-8.91243,-0.89648,7.64568,-9.31737,,,,,,,,,,,,,,,,,,,,,,,,,,,,,,,,,,,,,,,,,,,,,,,,,,,High,High,High,,,,,,,,,,,,,,,,,,,,,,,,,,,,,,,,,,,,,,,
231,2026-03-13,21:03:38.44,1,3,"Jacques, Pierre-Luc",10151050,Right,TEX_ISL,"Menard, Ethan",1000162177,Right,NOR_DEM,Undefined,8,Bottom,0,1,1,Undefined,Four-Seam,StrikeSwinging,Undefined,Undefined,Undefined,0,0,,87.27687,-0.686648,-2.891829,2335.41024,209.667784,1:00,4.89995,1.34013,4.426,-23.03395,15.95682,8.34485,2.32448,-0.72586,79.32273,-4.916608,-1.436771,0.44942,,,,,,,,,,,,-4.89067,8.31658,-1.04169,50,4.8055,5.97448,-126.29006,-2.40385,-7.87161,26.5397,-18.78833,NOR_DEM,TEX_ISL,BrownStroudField,D1,SLAND,20260313-BrownStroudField-1,06916970-1f4a-11f1-8827-db2f8d1f1106,83.86912,,,7.95414,,,,,,,99932099-0ba7-405d-b958-1caf3e33b2c7,2026-03-14,02:03:38.44,2026-03-13T21:03:38.4491520-05:00,2026-03-14T02:03:38.4491520Z,,v3,471394,4764,,"Azemar, Hunter",10091882,Right,TEX_ISL,b5691c85-bae5-4df7-8043-8f941018e5d2,56.07245,-127.5598,13.26985,4.899,-1.50496,-9.39417,-1.33653,6.35108,-3.93581,,,,,,,,,,,,,,,,,,,,,,,,,,,,,,,,,,,,,,,,,,,,,,,,,,,High,High,High,,,,,,,,,,,,,,,,,,,,,,,,,,,,,,,,,,,,,,,
232,2026-03-13,21:03:55.92,1,4,"Jacques, Pierre-Luc",10151050,Right,TEX_ISL,"Menard, Ethan",1000162177,Right,NOR_DEM,Undefined,8,Bottom,0,1,2,Undefined,Sinker,BallCalled,Undefined,Undefined,Undefined,0,0,,92.57108,-0.052541,-3.129433,2398.977479,229.899472,1:45,5.47674,0.95634,5.189,-18.84694,14.94544,16.36899,3.85666,-0.62659,83.71226,-3.587734,-0.235011,0.418389,,,,,,,,,,,,-9.06449,7.7928,-0.67845,50,5.45809,6.53587,-134.05793,-0.79479,-16.3735,30.98318,-18.09763,NOR_DEM,TEX_ISL,BrownStroudField,D1,SLAND,20260313-BrownStroudField-1,10f971a0-1f4a-11f1-8827-db2f8d1f1106,90.08937,,,8.85881,,,,,,,99932099-0ba7-405d-b958-1caf3e33b2c7,2026-03-14,02:03:55.92,2026-03-13T21:03:55.9223296-05:00,2026-03-14T02:03:55.9223296Z,,v3,471394,4764,,"Azemar, Hunter",10091882,Right,TEX_ISL,51acd733-2eb2-4449-a4a6-714f105fdbc4,55.30933,-135.27945,15.49159,5.47536,-0.08129,-9.04882,-0.94885,7.18139,-8.18675,,,,,,,,,,,,,,,,,,,,,,,,,,,,,,,,,,,,,,,,,,,,,,,,,,,High,High,High,,,,,,,,,,,,,,,,,,,,,,,,,,,,,,,,,,,,,,,
233,2026-03-13,21:04:09.02,1,5,"Jacques, Pierre-Luc",10151050,Right,TEX_ISL,"Menard, Ethan",1000162177,Right,NOR_DEM,Undefined,8,Bottom,0,2,2,Undefined,Slider,InPlay,Undefined,LineDrive,Single,0,0,,86.25096,-0.742344,-2.108129,2334.312841,185.50637,12:15,5.09353,1.13355,4.34725,-29.25033,10.61012,0.89945,1.9462,-0.80664,78.85646,-6.035018,-1.951342,0.454404,100.91578,6.218977,9.140039,1553.014748,,,,131.79328,131.79328,11.909917,1.045387,-1.03008,5.69843,-0.90775,50,4.98493,4.55654,-124.93891,-2.80293,-1.62731,25.29936,-23.17174,NOR_DEM,TEX_ISL,BrownStroudField,D1,SLAND,20260313-BrownStroudField-1,18c80a40-1f4a-11f1-8827-db2f8d1f1106,82.94913,5.87378,,7.3945,,,,0.73176,2.46385,0.69026,99932099-0ba7-405d-b958-1caf3e33b2c7,2026-03-14,02:04:09.02,2026-03-13T21:04:09.0242560-05:00,2026-03-14T02:04:09.0242560Z,GroundBall,v3,471394,4764,,"Azemar, Hunter",10091882,Right,TEX_ISL,54a84541-609a-46a1-b4a1-84c737d51729,56.15317,-126.17874,12.64968,5.09447,-1.66738,-11.58587,-1.13301,4.63629,-0.81365,277.19532,0.93685,142.54727,-19.37844,,,,,,,2.56014,14.75861,-16.53879,,,,,,,0.64118,24.03703,1.34571,,,,,,,,,,,,,,,,,,,,,,,,,,,,,High,High,High,Medium,High,,,,,,,,,,,,,,,,,,,,,,,,,,,,,,,,,,,,,
234,2026-03-13,21:05:13.89,2,1,"Jacques, Pierre-Luc",10151050,Right,TEX_ISL,"Marsala III, Thomas",1000096473,Left,NOR_DEM,Undefined,8,Bottom,0,0,0,Undefined,Splitter,InPlay,Undefined,LineDrive,HomeRun,0,2,,85.09074,-1.113337,-3.315487,1102.772015,231.021165,1:45,4.72777,1.71772,3.20351,-28.87273,13.95127,15.48355,1.23378,-0.2296,77.6041,-6.253062,-0.674146,0.470994,,,,,,,,,,,,-8.48567,7.18044,-1.3175,50,4.54763,6.35882,-122.97079,-3.67936,-12.96256,24.92691,-21.20533,NOR_DEM,TEX_ISL,BrownStroudField,D1,SLAND,20260313-BrownStroudField-1,3f77c1d0-1f4a-11f1-8827-db2f8d1f1106,80.0275,,,7.48665,,,,,,,99932099-0ba7-405d-b958-1caf3e33b2c7,2026-03-14,02:05:13.89,2026-03-13T21:05:13.8993664-05:00,2026-03-14T02:05:13.8993664Z,,v3,471394,4764,,"Azemar, Hunter",10091882,Right,TEX_ISL,6e7f7e35-62e1-49d3-a31f-eaf9da2157db,57.30105,-124.44195,12.46346,4.72785,-2.42783,-10.60266,-1.71537,7.12386,-6.48128,,,,,,,,,,,,,,,,,,,,,,,,,,,,,,,,,,,,,,,,,,,,,,,,,,,High,High,High,,,,,,,,,,,,,,,,,,,,,,,,,,,,,,,,,,,,,,,
235,2026-03-13,21:06:23.32,3,1,"Jacques, Pierre-Luc",10151050,Right,TEX_ISL,"Siervo, Joe",1000090286,Right,NOR_DEM,Undefined,8,Bottom,0,0,0,Undefined,Sinker,StrikeCalled,Undefined,Undefined,Undefined,0,0,,91.86234,-1.488038,-3.237909,2393.858102,227.374729,1:30,5.49321,1.09543,5.01044,-16.28485,18.42674,18.65926,2.72904,-0.4091,82.80347,-4.56944,0.050809,0.424042,,,,,,,,,,,,-10.15674,9.91083,-0.80005,50,5.3378,6.58853,-132.86649,-4.0045,-17.95742,31.37665,-14.65137,NOR_DEM,TEX_ISL,BrownStroudField,D1,SLAND,20260313-BrownStroudField-1,68d4e620-1f4a-11f1-8827-db2f8d1f1106,88.88851,,,9.05887,,,,,,,99932099-0ba7-405d-b958-1caf3e33b2c7,2026-03-14,02:06:23.32,2026-03-13T21:06:23.3213952-05:00,2026-03-14T02:06:23.3213952Z,,v3,471394,4764,,"Azemar, Hunter",10091882,Right,TEX_ISL,fe6f3779-f2d8-48a6-883d-db9f15220e7a,55.48662,-134.15591,15.68832,5.48999,-3.4024,-7.32569,-1.08597,7.32649,-8.97871,,,,,,,,,,,,,,,,,,,,,,,,,,,,,,,,,,,,,,,,,,,,,,,,,,,High,High,High,,,,,,,,,,,,,,,,,,,,,,,,,,,,,,,,,,,,,,,
236,2026-03-13,21:06:37.43,3,2,"Jacques, Pierre-Luc",10151050,Right,TEX_ISL,"Siervo, Joe",1000090286,Right,NOR_DEM,Undefined,8,Bottom,0,0,1,Undefined,Sinker,StrikeSwinging,Undefined,Undefined,Undefined,0,0,,92.81549,-0.676224,-2.74423,2479.505217,235.607,1:45,5.5469,1.15075,5.37151,-19.57292,13.80981,18.48899,3.28105,0.11659,83.98935,-4.347391,0.538929,0.415846,,,,,,,,,,,,-9.98938,7.45339,-0.91764,50,5.47268,5.54606,-134.46985,-2.27855,-18.14827,31.27729,-18.63306,NOR_DEM,TEX_ISL,BrownStroudField,D1,SLAND,20260313-BrownStroudField-1,713e8640-1f4a-11f1-8827-db2f8d1f1106,90.64042,,,8.82614,,,,,,,99932099-0ba7-405d-b958-1caf3e33b2c7,2026-03-14,02:06:37.43,2026-03-13T21:06:37.4360064-05:00,2026-03-14T02:06:37.4360064Z,,v3,471394,4764,,"Azemar, Hunter",10091882,Right,TEX_ISL,b1e587cd-c28e-4f24-a5b3-5bb00ffb4d0d,55.12578,-135.65685,15.63865,5.54574,-1.57141,-9.31653,-1.14118,6.2348,-9.07414,,,,,,,,,,,,,,,,,,,,,,,,,,,,,,,,,,,,,,,,,,,,,,,,,,,High,High,High,,,,,,,,,,,,,,,,,,,,,,,,,,,,,,,,,,,,,,,
237,2026-03-13,21:06:53.42,3,3,"Jacques, Pierre-Luc",10151050,Right,TEX_ISL,"Siervo, Joe",1000090286,Right,NOR_DEM,Undefined,8,Bottom,0,0,2,Undefined,Four-Seam,BallCalled,Undefined,Undefined,Undefined,0,0,,92.72988,-1.953573,-3.736529,2451.971721,230.683817,1:45,5.55886,0.80406,5.03982,-20.0619,13.71749,15.37312,2.03945,-1.4448,84.42152,-5.67133,-1.027162,0.418309,,,,,,,,,,,,-8.65063,7.68347,-0.45978,50,5.3564,8.00674,-134.16848,-5.34134,-15.73772,29.55631,-18.19585,NOR_DEM,TEX_ISL,BrownStroudField,D1,SLAND,20260313-BrownStroudField-1,7ac926c0-1f4a-11f1-8827-db2f8d1f1106,90.10666,,,8.30836,,,,,,,99932099-0ba7-405d-b958-1caf3e33b2c7,2026-03-14,02:06:53.42,2026-03-13T21:06:53.4245888-05:00,2026-03-14T02:06:53.4245888Z,,v3,471394,4764,,"Azemar, Hunter",10091882,Right,TEX_ISL,fd8ca44c-2f65-4da1-a725-9f14fed40d52,55.459,-135.36572,14.77816,5.55783,-4.60428,-9.09793,-0.79702,8.64423,-7.86886,,,,,,,,,,,,,,,,,,,,,,,,,,,,,,,,,,,,,,,,,,,,,,,,,,,High,High,High,,,,,,,,,,,,,,,,,,,,,,,,,,,,,,,,,,,,,,,
238,2026-03-13,21:07:10.71,3,4,"Jacques, Pierre-Luc",10151050,Right,TEX_ISL,"Siervo, Joe",1000090286,Right,NOR_DEM,Undefined,8,Bottom,0,1,2,Undefined,Cutter,BallCalled,Undefined,Undefined,Undefined,0,0,,88.64029,-1.215212,-2.980836,2574.039713,194.778987,12:30,5.03867,1.19913,4.56816,-27.83631,9.08823,2.13126,1.56084,-1.4624,82.27541,-6.229329,-2.608193,0.43735,,,,,,,,,,,,-1.73945,5.02981,-0.89196,50,4.88662,6.59267,-128.56171,-3.8764,-2.95741,22.69118,-23.6224,NOR_DEM,TEX_ISL,BrownStroudField,D1,SLAND,20260313-BrownStroudField-1,8516a210-1f4a-11f1-8827-db2f8d1f1106,86.18371,,,6.36488,,,,,,,99932099-0ba7-405d-b958-1caf3e33b2c7,2026-03-14,02:07:10.71,2026-03-13T21:07:10.7105792-05:00,2026-03-14T02:07:10.7105792Z,,v3,471394,4764,,"Azemar, Hunter",10091882,Right,TEX_ISL,4e9ad952-b896-4a50-a3e1-0525a52705db,55.93294,-129.60465,11.34559,5.03983,-2.79066,-11.8112,-1.1981,6.7286,-1.47871,,,,,,,,,,,,,,,,,,,,,,,,,,,,,,,,,,,,,,,,,,,,,,,,,,,High,High,High,,,,,,,,,,,,,,,,,,,,,,,,,,,,,,,,,,,,,,,
239,2026-03-13,21:07:25.41,3,5,"Jacques, Pierre-Luc",10151050,Right,TEX_ISL,"Siervo, Joe",1000090286,Right,NOR_DEM,Undefined,8,Bottom,0,2,2,Undefined,Splitter,FoulBallNotFieldable,Undefined,Undefined,Undefined,0,0,,89.81398,-1.116364,-1.244813,1293.614036,215.359076,1:15,5.07258,1.30799,4.68124,-26.40852,9.53422,6.02142,1.81135,0.62748,82.84459,-5.90705,-0.187605,0.431496,,,,,,,,,,,,-3.29355,5.26004,-1.18722,50,4.9354,2.54665,-130.35827,-3.61565,-5.71867,25.07794,-23.04088,NOR_DEM,TEX_ISL,BrownStroudField,D1,SLAND,20260313-BrownStroudField-1,8dda9730-1f4a-11f1-8827-db2f8d1f1106,87.35286,,,6.96939,,,,,,,99932099-0ba7-405d-b958-1caf3e33b2c7,2026-03-14,02:07:25.41,2026-03-13T21:07:25.4127104-05:00,2026-03-14T02:07:25.4127104Z,,v3,471394,4764,,"Azemar, Hunter",10091882,Right,TEX_ISL,f06d536e-2777-4b85-b2f7-2512bca8ccda,55.82025,-131.47319,12.53897,5.07338,-2.5913,-11.52044,-1.30609,2.80089,-2.85933,,,,,,,,,,,,,,,,,,,,,,,,,,,,,,,,,,,,,,,,,,,,,,,,,,,High,High,High,,,,,,,,,,,,,,,,,,,,,,,,,,,,,,,,,,,,,,,
240,2026-03-13,21:07:46.26,3,6,"Jacques, Pierre-Luc",10151050,Right,TEX_ISL,"Siervo, Joe",1000090286,Right,NOR_DEM,Undefined,8,Bottom,0,2,2,Undefined,Sinker,BallCalled,Undefined,Undefined,Undefined,0,0,,93.05716,-0.261076,-2.604049,2432.929125,228.817405,1:45,5.52502,1.0128,4.8681,-17.76442,16.32273,17.22214,3.79732,-0.01812,83.51489,-3.602599,0.425347,0.42021,,,,,,,,,,,,-9.24134,8.45319,-0.77155,50,5.48513,5.23969,-134.60958,-1.25749,-16.70323,33.28594,-16.89532,NOR_DEM,TEX_ISL,BrownStroudField,D1,SLAND,20260313-BrownStroudField-1,9a4489e0-1f4a-11f1-8827-db2f8d1f1106,89.69901,,,9.54228,,,,,,,99932099-0ba7-405d-b958-1caf3e33b2c7,2026-03-14,02:07:46.26,2026-03-13T21:07:46.2674944-05:00,2026-03-14T02:07:46.2674944Z,,v3,471394,4764,,"Azemar, Hunter",10091882,Right,TEX_ISL,c839cb7d-fe18-4f42-949d-4b5bf7fc5417,55.62806,-135.99415,16.64297,5.52282,-0.5547,-8.44766,-1.00396,5.93448,-8.35161,,,,,,,,,,,,,,,,,,,,,,,,,,,,,,,,,,,,,,,,,,,,,,,,,,,High,High,High,,,,,,,,,,,,,,,,,,,,,,,,,,,,,,,,,,,,,,,
241,2026-03-13,21:08:02.76,3,7,"Jacques, Pierre-Luc",10151050,Right,TEX_ISL,"Siervo, Joe",1000090286,Right,NOR_DEM,Undefined,8,Bottom,0,3,2,Undefined,Sinker,FoulBallNotFieldable,Undefined,Undefined,Undefined,0,0,,90.05339,-1.725114,-2.031587,2344.7493,227.334255,1:30,5.24294,1.24817,4.99585,-20.08182,15.96438,15.93375,1.93918,0.65707,81.44303,-5.471295,0.780483,0.432117,,,,,,,,,,,,-8.61733,8.82863,-1.06662,50,5.06133,3.88572,-130.41429,-4.6537,-14.6729,30.32659,-17.14141,NOR_DEM,TEX_ISL,BrownStroudField,D1,SLAND,20260313-BrownStroudField-1,a417cc20-1f4a-11f1-8827-db2f8d1f1106,87.22743,,,8.61036,,,,,,,99932099-0ba7-405d-b958-1caf3e33b2c7,2026-03-14,02:08:02.76,2026-03-13T21:08:02.7638272-05:00,2026-03-14T02:08:02.7638272Z,,v3,471394,4764,,"Azemar, Hunter",10091882,Right,TEX_ISL,e935593a-eb22-4ff9-a670-2e728db9cdb6,55.50438,-131.68806,15.16329,5.24167,-3.93373,-8.57071,-1.24278,4.50201,-7.33645,,,,,,,,,,,,,,,,,,,,,,,,,,,,,,,,,,,,,,,,,,,,,,,,,,,High,High,High,,,,,,,,,,,,,,,,,,,,,,,,,,,,,,,,,,,,,,,
242,2026-03-13,21:09:19.89,3,8,"Jacques, Pierre-Luc",10151050,Right,TEX_ISL,"Siervo, Joe",1000090286,Right,NOR_DEM,Undefined,8,Bottom,0,3,2,Undefined,Four-Seam,BallCalled,Walk,Undefined,Undefined,0,0,,86.4259,-0.930808,-0.88997,2336.577702,214.582917,1:15,5.11446,1.24264,4.78193,-26.68915,12.13434,7.54827,2.00789,1.02802,79.39392,-5.803501,0.437819,0.448455,,,,,,,,,,,,-3.95047,6.56804,-1.16067,50,4.99854,1.599,-125.3925,-3.05484,-6.32167,24.15002,-21.66369,NOR_DEM,TEX_ISL,BrownStroudField,D1,SLAND,20260313-BrownStroudField-1,d21d69e0-1f4a-11f1-8827-db2f8d1f1106,84.0496,,,7.03199,,,,,,,99932099-0ba7-405d-b958-1caf3e33b2c7,2026-03-14,02:09:19.89,2026-03-13T21:09:19.8947840-05:00,2026-03-14T02:09:19.8947840Z,,v3,471394,4764,,"Azemar, Hunter",10091882,Right,TEX_ISL,bbc256f2-4cfb-4c22-8195-b7d6cb9f8ff0,55.71759,-126.48889,12.07501,5.11491,-2.07133,-10.83185,-1.23978,1.88599,-3.16083,,,,,,,,,,,,,,,,,,,,,,,,,,,,,,,,,,,,,,,,,,,,,,,,,,,High,High,High,,,,,,,,,,,,,,,,,,,,,,,,,,,,,,,,,,,,,,,
243,2026-03-13,21:09:50.53,4,1,"Jacques, Pierre-Luc",10151050,Right,TEX_ISL,"Rains, Colin",1000379017,Right,NOR_DEM,Undefined,8,Bottom,0,0,0,Undefined,Four-Seam,StrikeCalled,Undefined,Undefined,Undefined,0,0,,86.71029,-0.748199,-2.846752,2349.641764,206.266368,1:00,5.01095,1.32626,4.33218,-22.19745,17.2208,7.8789,2.44516,-0.74011,79.2308,-4.81553,-1.475312,0.451877,,,,,,,,,,,,-4.57465,8.89374,-1.02765,50,4.90892,5.85719,-125.5319,-2.49656,-7.32,24.74926,-17.94294,NOR_DEM,TEX_ISL,BrownStroudField,D1,SLAND,20260313-BrownStroudField-1,e462d7c0-1f4a-11f1-8827-db2f8d1f1106,83.41308,,,7.47949,,,,,,,99932099-0ba7-405d-b958-1caf3e33b2c7,2026-03-14,02:09:50.53,2026-03-13T21:09:50.5354752-05:00,2026-03-14T02:09:50.5354752Z,,v3,471394,4764,,"Azemar, Hunter",10091882,Right,TEX_ISL,37728c01-0e59-4dc9-b997-41d660d46514,56.1662,-126.74177,12.37463,5.00952,-1.61942,-8.97147,-1.32272,6.21503,-3.66,,,,,,,,,,,,,,,,,,,,,,,,,,,,,,,,,,,,,,,,,,,,,,,,,,,High,High,High,,,,,,,,,,,,,,,,,,,,,,,,,,,,,,,,,,,,,,,
244,2026-03-13,21:10:18.82,4,2,"Jacques, Pierre-Luc",10151050,Right,TEX_ISL,"Rains, Colin",1000379017,Right,NOR_DEM,Undefined,8,Bottom,0,0,1,Undefined,Sinker,StrikeSwinging,Undefined,Undefined,Undefined,0,0,,91.39322,0.130856,-1.631061,2380.108158,232.115022,1:45,5.34167,1.36036,5.07279,-20.88576,14.34178,16.70324,3.72461,1.21412,81.65676,-3.791753,1.320544,0.427182,,,,,,,,,,,,-8.74552,7.4326,-1.21917,50,5.33836,2.93507,-132.23396,-0.44923,-15.16172,33.68658,-19.28851,NOR_DEM,TEX_ISL,BrownStroudField,D1,SLAND,20260313-BrownStroudField-1,f533ce10-1f4a-11f1-8827-db2f8d1f1106,88.23516,,,9.73646,,,,,,,99932099-0ba7-405d-b958-1caf3e33b2c7,2026-03-14,02:10:18.82,2026-03-13T21:10:18.8282368-05:00,2026-03-14T02:10:18.8282368Z,,v3,471394,4764,,"Azemar, Hunter",10091882,Right,TEX_ISL,6e6934e6-8bb5-4ff5-881a-5004b8f73ed6,55.42202,-133.60808,16.84329,5.34064,0.33758,-9.64426,-1.35151,3.55353,-7.58086,,,,,,,,,,,,,,,,,,,,,,,,,,,,,,,,,,,,,,,,,,,,,,,,,,,High,High,High,,,,,,,,,,,,,,,,,,,,,,,,,,,,,,,,,,,,,,,
245,2026-03-13,21:10:37.42,4,3,"Jacques, Pierre-Luc",10151050,Right,TEX_ISL,"Rains, Colin",1000379017,Right,NOR_DEM,Undefined,8,Bottom,0,0,2,Undefined,Four-Seam,BallCalled,Undefined,Undefined,Undefined,0,0,,92.22211,-1.328836,-3.523388,2382.090104,218.233996,1:15,5.42719,1.17071,4.53861,-14.33985,20.81603,15.37745,2.96437,-0.90677,82.85636,-4.053788,-0.838765,0.426747,,,,,,,,,,,,-8.57796,10.9006,-0.81872,50,5.27639,7.40854,-133.2153,-3.58701,-15.21269,32.1156,-12.84224,NOR_DEM,TEX_ISL,BrownStroudField,D1,SLAND,20260313-BrownStroudField-1,00500b10-1f4b-11f1-8827-db2f8d1f1106,88.32503,,,9.36575,,,,,,,99932099-0ba7-405d-b958-1caf3e33b2c7,2026-03-14,02:10:37.42,2026-03-13T21:10:37.4221824-05:00,2026-03-14T02:10:37.4221824Z,,v3,471394,4764,,"Azemar, Hunter",10091882,Right,TEX_ISL,fe4b3933-1c4a-4788-bede-295d1ab5d951,55.95856,-134.64413,16.0578,5.42327,-3.01565,-6.42112,-1.16338,8.08535,-7.60635,,,,,,,,,,,,,,,,,,,,,,,,,,,,,,,,,,,,,,,,,,,,,,,,,,,High,High,High,,,,,,,,,,,,,,,,,,,,,,,,,,,,,,,,,,,,,,,
246,2026-03-13,21:10:54.50,4,4,"Jacques, Pierre-Luc",10151050,Right,TEX_ISL,"Rains, Colin",1000379017,Right,NOR_DEM,Undefined,8,Bottom,0,1,2,Undefined,Cutter,FoulBallNotFieldable,Undefined,Undefined,Undefined,0,0,,86.20921,0.33019,-1.034548,2522.279586,148.003064,11:00,4.82993,1.4151,3.49403,-31.89214,8.78095,-4.76299,2.49271,0.0142,79.5797,-5.324043,-1.852502,0.459013,,,,,,,,,,,,2.01099,4.35866,-1.28189,50,4.83035,2.49942,-124.98231,-0.72283,3.21838,22.40479,-25.19841,NOR_DEM,TEX_ISL,BrownStroudField,D1,SLAND,20260313-BrownStroudField-1,0a85b8a0-1f4b-11f1-8827-db2f8d1f1106,82.11628,,,6.62951,,,,,,,99932099-0ba7-405d-b958-1caf3e33b2c7,2026-03-14,02:10:54.50,2026-03-13T21:10:54.5054720-05:00,2026-03-14T02:10:54.5054720Z,,v3,471394,4764,,"Azemar, Hunter",10091882,Right,TEX_ISL,419f5745-7c4f-46d4-9fde-2b5c1c019617,57.00758,-126.23226,11.2024,4.83147,0.68298,-12.5992,-1.41633,2.31987,1.60919,,,,,,,,,,,,,,,,,,,,,,,,,,,,,,,,,,,,,,,,,,,,,,,,,,,High,High,High,,,,,,,,,,,,,,,,,,,,,,,,,,,,,,,,,,,,,,,
247,2026-03-13,21:11:14.60,4,5,"Jacques, Pierre-Luc",10151050,Right,TEX_ISL,"Rains, Colin",1000379017,Right,NOR_DEM,Undefined,8,Bottom,0,1,2,Undefined,Slider,BallCalled,Undefined,Undefined,Undefined,0,0,,87.70283,-1.666968,-3.729497,2436.550761,175.142999,11:45,4.99286,1.25616,4.64903,-28.02462,10.24441,-0.76579,1.06973,-2.35641,80.27403,-6.747672,-3.863374,0.445241,,,,,,,,,,,,-0.67882,5.81174,-0.8735,50,4.79682,8.30675,-126.90599,-4.80384,-1.10431,26.56434,-22.71943,NOR_DEM,TEX_ISL,BrownStroudField,D1,SLAND,20260313-BrownStroudField-1,16757240-1f4b-11f1-8827-db2f8d1f1106,84.65623,,,7.4288,,,,,,,99932099-0ba7-405d-b958-1caf3e33b2c7,2026-03-14,02:11:14.60,2026-03-13T21:11:14.6057216-05:00,2026-03-14T02:11:14.6057216Z,,v3,471394,4764,,"Azemar, Hunter",10091882,Right,TEX_ISL,871b325b-693e-4e8a-bdad-311c6cc5c32f,55.85373,-128.12544,13.28217,4.99341,-3.76088,-11.35971,-1.25599,8.35745,-0.55215,,,,,,,,,,,,,,,,,,,,,,,,,,,,,,,,,,,,,,,,,,,,,,,,,,,High,High,High,,,,,,,,,,,,,,,,,,,,,,,,,,,,,,,,,,,,,,,
248,2026-03-13,21:11:35.59,4,6,"Jacques, Pierre-Luc",10151050,Right,TEX_ISL,"Rains, Colin",1000379017,Right,NOR_DEM,Undefined,8,Bottom,0,2,2,Undefined,Sinker,StrikeCalled,Strikeout,Undefined,Undefined,0,0,,89.688,-1.202159,-3.513841,2341.659343,226.406082,1:30,5.31932,1.23071,4.89157,-18.72493,18.20261,17.60749,2.61941,-0.63013,80.12932,-4.737732,-0.418701,0.437368,,,,,,,,,,,,-9.82044,9.76004,-0.90149,50,5.1866,7.0923,-129.53311,-3.36532,-16.34533,32.19677,-15.9292,NOR_DEM,TEX_ISL,BrownStroudField,D1,SLAND,20260313-BrownStroudField-1,22f33b10-1f4b-11f1-8827-db2f8d1f1106,86.18019,,,9.55867,,,,,,,99932099-0ba7-405d-b958-1caf3e33b2c7,2026-03-14,02:11:35.59,2026-03-13T21:11:35.5912704-05:00,2026-03-14T02:11:35.5912704Z,,v3,471394,4764,,"Azemar, Hunter",10091882,Right,TEX_ISL,7142add2-1c41-4c43-a07f-db941a9588bd,55.60451,-130.91875,16.09839,5.31668,-2.67978,-7.9646,-1.22186,7.79575,-8.17266,,,,,,,,,,,,,,,,,,,,,,,,,,,,,,,,,,,,,,,,,,,,,,,,,,,High,High,High,,,,,,,,,,,,,,,,,,,,,,,,,,,,,,,,,,,,,,,
249,2026-03-13,21:12:07.73,5,1,"Jacques, Pierre-Luc",10151050,Right,TEX_ISL,"McAloose, Michael",1000232847,Right,NOR_DEM,Undefined,8,Bottom,1,0,0,Undefined,Sinker,BallCalled,Undefined,Undefined,Undefined,0,0,,91.16034,0.043632,-2.576555,2417.967966,228.383489,1:30,5.34605,1.20734,4.8115,-19.79025,15.99961,16.46123,3.73824,0.13654,81.38317,-3.672238,0.31587,0.430577,,,,,,,,,,,,-8.90382,8.21374,-0.96602,50,5.33435,5.10023,-131.7691,-0.62019,-15.33331,33.35879,-18.02915,NOR_DEM,TEX_ISL,BrownStroudField,D1,SLAND,20260313-BrownStroudField-1,3622e1e0-1f4b-11f1-8827-db2f8d1f1106,87.53929,,,9.77718,,,,,,,99932099-0ba7-405d-b958-1caf3e33b2c7,2026-03-14,02:12:07.73,2026-03-13T21:12:07.7318656-05:00,2026-03-14T02:12:07.7318656Z,,v3,471394,4764,,"Azemar, Hunter",10091882,Right,TEX_ISL,dc013cb5-8352-410f-8558-0f6fef1519ce,55.684,-133.20029,16.67939,5.34437,0.15331,-9.01457,-1.19894,5.75807,-7.66666,,,,,,,,,,,,,,,,,,,,,,,,,,,,,,,,,,,,,,,,,,,,,,,,,,,High,High,High,,,,,,,,,,,,,,,,,,,,,,,,,,,,,,,,,,,,,,,
250,2026-03-13,21:12:38.71,5,2,"Jacques, Pierre-Luc",10151050,Right,TEX_ISL,"McAloose, Michael",1000232847,Right,NOR_DEM,Undefined,8,Bottom,1,1,0,Undefined,Slider,StrikeCalled,Undefined,Undefined,Undefined,0,0,,84.68745,-0.555712,-1.263117,2352.532237,198.598065,12:30,4.97687,1.36605,4.46816,-29.76872,11.05819,3.31091,1.96621,0.43757,77.96907,-5.942655,-0.684201,0.45988,,,,,,,,,,,,-1.94142,5.87933,-1.2363,50,4.88997,2.55512,-122.84528,-2.36423,-2.98883,22.63874,-23.12283,NOR_DEM,TEX_ISL,BrownStroudField,D1,SLAND,20260313-BrownStroudField-1,489d1b60-1f4b-11f1-8827-db2f8d1f1106,81.96143,,,6.71838,,,,,,,99932099-0ba7-405d-b958-1caf3e33b2c7,2026-03-14,02:12:38.71,2026-03-13T21:12:38.7181568-05:00,2026-03-14T02:12:38.7181568Z,,v3,471394,4764,,"Azemar, Hunter",10091882,Right,TEX_ISL,e4088e8d-7762-41c7-82c5-9a6733211765,56.0319,-123.95189,11.31937,4.97791,-1.23395,-11.56141,-1.36477,2.70122,-1.49442,,,,,,,,,,,,,,,,,,,,,,,,,,,,,,,,,,,,,,,,,,,,,,,,,,,High,High,High,,,,,,,,,,,,,,,,,,,,,,,,,,,,,,,,,,,,,,,
251,2026-03-13,21:12:56.87,5,3,"Jacques, Pierre-Luc",10151050,Right,TEX_ISL,"McAloose, Michael",1000232847,Right,NOR_DEM,Undefined,8,Bottom,1,1,1,Undefined,Four-Seam,FoulBallNotFieldable,Undefined,Undefined,Undefined,0,0,,90.04169,-1.077329,-2.986205,2314.480092,220.093681,1:15,5.35347,1.23478,4.4076,-19.65576,17.71032,13.66418,2.68576,-0.47918,80.27047,-4.751158,-0.604098,0.439957,,,,,,,,,,,,-7.73737,9.38438,-0.93126,50,5.22093,6.10025,-129.99189,-3.19089,-12.92625,33.2554,-16.49626,NOR_DEM,TEX_ISL,BrownStroudField,D1,SLAND,20260313-BrownStroudField-1,53698ab0-1f4b-11f1-8827-db2f8d1f1106,85.67303,,,9.77122,,,,,,,99932099-0ba7-405d-b958-1caf3e33b2c7,2026-03-14,02:12:56.87,2026-03-13T21:12:56.8773120-05:00,2026-03-14T02:12:56.8773120Z,,v3,471394,4764,,"Azemar, Hunter",10091882,Right,TEX_ISL,8b3842d2-c748-4c45-b684-de3dae877dcc,56.09041,-131.54075,16.6277,5.35165,-2.42258,-8.24813,-1.2294,6.70229,-6.46312,,,,,,,,,,,,,,,,,,,,,,,,,,,,,,,,,,,,,,,,,,,,,,,,,,,High,High,High,,,,,,,,,,,,,,,,,,,,,,,,,,,,,,,,,,,,,,,
252,2026-03-13,21:13:36.22,5,4,"Jacques, Pierre-Luc",10151050,Right,TEX_ISL,"McAloose, Michael",1000232847,Right,NOR_DEM,Undefined,8,Bottom,1,1,2,Undefined,Four-Seam,BallCalled,Undefined,Undefined,Undefined,0,0,,89.46852,-0.255109,-4.120793,2558.158189,208.757267,1:00,5.22734,1.19429,5.08336,-23.47989,12.75418,6.34729,3.02959,-2.16779,81.42038,-4.593621,-3.00339,0.433241,,,,,,,,,,,,-4.38406,6.76067,-0.80889,50,5.18508,9.04181,-129.4884,-1.44482,-7.41876,27.87725,-20.73352,NOR_DEM,TEX_ISL,BrownStroudField,D1,SLAND,20260313-BrownStroudField-1,6adccea0-1f4b-11f1-8827-db2f8d1f1106,87.001,,,8.04814,,,,,,,99932099-0ba7-405d-b958-1caf3e33b2c7,2026-03-14,02:13:36.22,2026-03-13T21:13:36.2250752-05:00,2026-03-14T02:13:36.2250752Z,,v3,471394,4764,,"Azemar, Hunter",10091882,Right,TEX_ISL,41fd6636-d200-409e-98fa-e0841001b8fd,55.41742,-130.6495,13.93862,5.22727,-0.58126,-10.36676,-1.19192,9.3508,-3.70938,,,,,,,,,,,,,,,,,,,,,,,,,,,,,,,,,,,,,,,,,,,,,,,,,,,High,High,High,,,,,,,,,,,,,,,,,,,,,,,,,,,,,,,,,,,,,,,
253,2026-03-13,21:13:53.37,5,5,"Jacques, Pierre-Luc",10151050,Right,TEX_ISL,"McAloose, Michael",1000232847,Right,NOR_DEM,Undefined,8,Bottom,1,2,2,Undefined,Splitter,InPlay,Undefined,GroundBall,FieldersChoice,1,0,,87.23213,-0.643978,-2.584657,1278.747228,210.654323,1:00,4.9548,1.38148,4.36349,-26.32391,12.38631,6.64729,2.14537,-0.53506,80.1474,-5.414897,-1.426216,0.4478,31.06534,-30.501732,-61.683386,,,,,10.05818,8.57713,-21.003626,0.113128,-3.96343,6.50634,-1.11134,50,4.86,5.39703,-126.4468,-2.4874,-6.45429,24.37829,-21.57877,NOR_DEM,TEX_ISL,BrownStroudField,D1,SLAND,20260313-BrownStroudField-1,751b55d0-1f4b-11f1-8827-db2f8d1f1106,84.17244,2.66811,,7.08472,,,,,,,99932099-0ba7-405d-b958-1caf3e33b2c7,2026-03-14,02:13:53.37,2026-03-13T21:13:53.3705216-05:00,2026-03-14T02:13:53.3705216Z,GroundBall,v3,471394,4764,,"Azemar, Hunter",10091882,Right,TEX_ISL,ae2e8a7d-0a57-4899-879c-dbdc7d56db95,56.13896,-127.62487,12.18914,4.95501,-1.44462,-10.78939,-1.37968,5.70893,-3.22715,,7.23473,18.99119,,,,,,,,2.67647,-23.5851,,,,,,,,0.39467,-35.24598,,,,,,,,,,,,,,,,,,,,,,,,,,,,,,High,High,High,Estimated,Estimated,,,,,,,,,,,,,,,,,,,,,,,,,,,,,,,,,,,,,
254,2026-03-13,21:14:30.53,6,1,"Jacques, Pierre-Luc",10151050,Right,TEX_ISL,"Ardoin, Sam",822449,Right,NOR_DEM,Undefined,8,Bottom,2,0,0,Undefined,Slider,StrikeCalled,Undefined,Undefined,Undefined,0,0,,85.99599,-0.521595,-2.863008,2445.793766,201.581919,12:45,4.72706,1.47874,3.66683,-29.1488,11.79068,4.16701,1.79279,-0.94581,78.93652,-5.728503,-2.146285,0.460514,,,,,,,,,,,,-2.7163,6.06878,-1.14208,50,4.63021,6.01099,-124.44285,-2.40631,-4.28706,23.45838,-22.59587,NOR_DEM,TEX_ISL,BrownStroudField,D1,SLAND,20260313-BrownStroudField-1,8b4502c0-1f4b-11f1-8827-db2f8d1f1106,81.84869,,,7.05946,,,,,,,99932099-0ba7-405d-b958-1caf3e33b2c7,2026-03-14,02:14:30.53,2026-03-13T21:14:30.5350144-05:00,2026-03-14T02:14:30.5350144Z,,v3,471394,4764,,"Azemar, Hunter",10091882,Right,TEX_ISL,efe70d1b-3fcb-4dd6-a3a1-e08da613ad8f,56.83239,-125.7242,11.72919,4.72794,-1.17207,-11.29793,-1.47681,6.24516,-2.14353,,,,,,,,,,,,,,,,,,,,,,,,,,,,,,,,,,,,,,,,,,,,,,,,,,,High,High,High,,,,,,,,,,,,,,,,,,,,,,,,,,,,,,,,,,,,,,,
255,2026-03-13,21:15:03.05,6,2,"Jacques, Pierre-Luc",10151050,Right,TEX_ISL,"Ardoin, Sam",822449,Right,NOR_DEM,Undefined,8,Bottom,2,0,1,Undefined,Slider,StrikeCalled,Undefined,Undefined,Undefined,0,0,,85.786,0.270335,-1.765093,2537.527132,176.327834,12:00,4.88604,1.37333,4.22117,-31.91793,8.39178,-0.45909,2.48523,-0.35583,78.64885,-5.4759,-1.844948,0.456958,,,,,,,,,,,,-0.24776,4.33898,-1.17908,50,4.883,3.85314,-124.30839,-0.74217,-0.38935,23.9031,-25.35516,NOR_DEM,TEX_ISL,BrownStroudField,D1,SLAND,20260313-BrownStroudField-1,9e9f3c00-1f4b-11f1-8827-db2f8d1f1106,82.48557,,,7.13714,,,,,,,99932099-0ba7-405d-b958-1caf3e33b2c7,2026-03-14,02:15:03.05,2026-03-13T21:15:03.0572544-05:00,2026-03-14T02:15:03.0572544Z,,v3,471394,4764,,"Azemar, Hunter",10091882,Right,TEX_ISL,563fb36b-2cf6-4e89-a01d-2eadfbe1e193,56.27766,-125.50971,11.95155,4.88827,0.53212,-12.67758,-1.37323,3.87271,-0.19468,,,,,,,,,,,,,,,,,,,,,,,,,,,,,,,,,,,,,,,,,,,,,,,,,,,High,High,High,,,,,,,,,,,,,,,,,,,,,,,,,,,,,,,,,,,,,,,
256,2026-03-13,21:15:22.56,6,3,"Jacques, Pierre-Luc",10151050,Right,TEX_ISL,"Ardoin, Sam",822449,Right,NOR_DEM,Undefined,8,Bottom,2,0,2,Undefined,Four-Seam,StrikeSwinging,Strikeout,Undefined,Undefined,0,0,,92.86723,-1.124648,-3.066776,2480.56573,218.437116,1:15,5.55703,1.12314,5.14813,-13.90709,20.13037,14.94131,3.33761,-0.52183,83.02729,-3.80749,-0.4269,0.419904,,,,,,,,,,,,-8.42437,10.73438,-0.84799,50,5.44186,6.45679,-134.26684,-3.06291,-15.08015,34.3314,-12.95885,NOR_DEM,TEX_ISL,BrownStroudField,D1,SLAND,20260313-BrownStroudField-1,aa401250-1f4b-11f1-8827-db2f8d1f1106,89.76441,,,9.83994,,,,,,,99932099-0ba7-405d-b958-1caf3e33b2c7,2026-03-14,02:15:22.56,2026-03-13T21:15:22.5642496-05:00,2026-03-14T02:15:22.5642496Z,,v3,471394,4764,,"Azemar, Hunter",10091882,Right,TEX_ISL,f84789ea-4a2e-4eb7-bda3-7d5a0fabc342,55.34811,-135.62743,17.1657,5.55307,-2.54934,-6.47943,-1.11572,7.05443,-7.54008,,,,,,,,,,,,,,,,,,,,,,,,,,,,,,,,,,,,,,,,,,,,,,,,,,,High,High,High,,,,,,,,,,,,,,,,,,,,,,,,,,,,,,,,,,,,,,,
257,2026-03-13,21:17:54.10,1,1,"Marien, Wesley",1000449341,Right,NOR_DEM,"Flaggert, Jarrett",813171,Right,TEX_ISL,Undefined,9,Top,0,0,0,Undefined,Four-Seam,StrikeCalled,Undefined,Undefined,Undefined,0,0,,88.18236,-2.091328,-2.606961,2107.757106,192.708563,12:30,5.66887,1.19864,5.66505,-16.36221,20.148,4.26469,2.35239,-0.87853,80.17098,-5.210112,-1.846026,0.434889,,,,,,,,,,,,-2.92634,11.20068,-0.98088,50,5.48176,5.63359,-127.78144,-5.14177,-4.81271,27.63547,-13.75326,NOR_DEM,TEX_ISL,BrownStroudField,D1,SLAND,20260313-BrownStroudField-1,049427f0-1f4c-11f1-8827-db2f8d1f1106,86.6714,,,8.01138,,,,,,,99932099-0ba7-405d-b958-1caf3e33b2c7,2026-03-14,02:17:54.10,2026-03-13T21:17:54.1095936-05:00,2026-03-14T02:17:54.1095936Z,,v3,471394,4764,,"Huerta, Sebastian",1000220704,Right,NOR_DEM,a8f1734c-b52f-4fd8-acea-09a108a12a15,54.83291,-128.82242,13.81774,5.66569,-4.62371,-6.87663,-1.19651,5.81488,-2.40635,,,,,,,,,,,,,,,,,,,,,,,,,,,,,,,,,,,,,,,,,,,,,,,,,,,High,High,High,,,,,,,,,,,,,,,,,,,,,,,,,,,,,,,,,,,,,,,
258,2026-03-13,21:18:10.56,1,2,"Marien, Wesley",1000449341,Right,NOR_DEM,"Flaggert, Jarrett",813171,Right,TEX_ISL,Undefined,9,Top,0,0,1,Undefined,Curveball,BallCalled,Undefined,Undefined,Undefined,0,0,,76.39419,2.481741,-0.299689,2240.051426,47.166101,7:30,5.63924,1.35598,5.07337,-57.38802,-7.98583,-10.26095,3.19815,0.21836,70.13056,-7.89127,-2.114855,0.505877,,,,,,,,,,,,5.14366,-4.53292,-1.31866,50,5.82809,0.96692,-110.86679,2.83603,6.39039,20.15577,-37.80568,NOR_DEM,TEX_ISL,BrownStroudField,D1,SLAND,20260313-BrownStroudField-1,0e6dd2d0-1f4c-11f1-8827-db2f8d1f1106,74.50917,,,6.26363,,,,,,,99932099-0ba7-405d-b958-1caf3e33b2c7,2026-03-14,02:18:10.56,2026-03-13T21:18:10.5644032-05:00,2026-03-14T02:18:10.5644032Z,,v3,471394,4764,,"Huerta, Sebastian",1000220704,Right,NOR_DEM,ea49a3db-2e8d-425e-870a-a5c210084aa4,55.43154,-111.8499,10.07788,5.64479,4.68001,-18.90284,-1.35823,0.65523,3.19519,,,,,,,,,,,,,,,,,,,,,,,,,,,,,,,,,,,,,,,,,,,,,,,,,,,High,High,High,,,,,,,,,,,,,,,,,,,,,,,,,,,,,,,,,,,,,,,
259,2026-03-13,21:18:27.70,1,3,"Marien, Wesley",1000449341,Right,NOR_DEM,"Flaggert, Jarrett",813171,Right,TEX_ISL,Undefined,9,Top,0,1,1,Undefined,Four-Seam,BallCalled,Undefined,Undefined,Undefined,0,0,,88.38378,-2.228768,-0.29553,2081.815806,194.35022,12:30,5.63428,1.18699,5.54602,-14.7904,21.75663,5.24134,2.3178,1.34758,80.13652,-5.068315,0.639151,0.435108,,,,,,,,,,,,-2.73181,12.028,-1.16495,50,5.43178,0.42935,-128.12698,-5.39723,-4.50393,28.50101,-12.34346,NOR_DEM,TEX_ISL,BrownStroudField,D1,SLAND,20260313-BrownStroudField-1,189f3aa0-1f4c-11f1-8827-db2f8d1f1106,86.62769,,,8.24726,,,,,,,99932099-0ba7-405d-b958-1caf3e33b2c7,2026-03-14,02:18:27.70,2026-03-13T21:18:27.7067776-05:00,2026-03-14T02:18:27.7067776Z,,v3,471394,4764,,"Huerta, Sebastian",1000220704,Right,NOR_DEM,1317ccc6-0d48-4774-82e1-dce6197294da,54.95145,-129.2237,14.25051,5.63032,-4.92225,-6.17173,-1.1848,0.60266,-2.25197,,,,,,,,,,,,,,,,,,,,,,,,,,,,,,,,,,,,,,,,,,,,,,,,,,,High,High,High,,,,,,,,,,,,,,,,,,,,,,,,,,,,,,,,,,,,,,,
260,2026-03-13,21:18:44.14,1,4,"Marien, Wesley",1000449341,Right,NOR_DEM,"Flaggert, Jarrett",813171,Right,TEX_ISL,Undefined,9,Top,0,2,1,Undefined,Four-Seam,BallCalled,Undefined,Undefined,Undefined,0,0,,88.36568,-1.889289,0.041413,2051.857734,190.022941,12:15,5.78789,1.21703,6.37886,-12.79005,22.32513,3.74756,2.98327,1.56743,80.7391,-4.390192,0.720184,0.4265,,,,,,,,,,,,-1.92539,12.46398,-1.22154,50,5.64513,-0.24345,-128.39048,-4.50188,-3.21339,26.61767,-11.37235,NOR_DEM,TEX_ISL,BrownStroudField,D1,SLAND,20260313-BrownStroudField-1,2263d6e0-1f4c-11f1-8827-db2f8d1f1106,88.3762,,,7.62658,,,,,,,99932099-0ba7-405d-b958-1caf3e33b2c7,2026-03-14,02:18:44.14,2026-03-13T21:18:44.1489920-05:00,2026-03-14T02:18:44.1489920Z,,v3,471394,4764,,"Huerta, Sebastian",1000220704,Right,NOR_DEM,16cd8ffd-29be-44e4-b1ae-f80f9cb9f84a,54.11877,-129.24156,13.30883,5.78326,-4.13826,-5.68617,-1.2154,-0.1407,-1.60669,,,,,,,,,,,,,,,,,,,,,,,,,,,,,,,,,,,,,,,,,,,,,,,,,,,High,High,High,,,,,,,,,,,,,,,,,,,,,,,,,,,,,,,,,,,,,,,
261,2026-03-13,21:19:00.21,1,5,"Marien, Wesley",1000449341,Right,NOR_DEM,"Flaggert, Jarrett",813171,Right,TEX_ISL,Undefined,9,Top,0,3,1,Undefined,Four-Seam,StrikeSwinging,Undefined,Undefined,Undefined,0,0,,87.82033,-1.263475,-0.838086,2052.579856,194.911052,12:30,5.62647,1.01487,5.63916,-15.07213,21.6471,5.4389,3.19143,0.68619,79.84961,-4.158195,0.133302,0.436132,,,,,,,,,,,,-2.99543,11.69638,-0.94717,50,5.50972,1.62851,-127.43326,-3.22442,-4.90407,27.2605,-13.02501,NOR_DEM,TEX_ISL,BrownStroudField,D1,SLAND,20260313-BrownStroudField-1,2c00edf0-1f4c-11f1-8827-db2f8d1f1106,86.42436,,,7.97073,,,,,,,99932099-0ba7-405d-b958-1caf3e33b2c7,2026-03-14,02:19:00.21,2026-03-13T21:19:00.2199040-05:00,2026-03-14T02:19:00.2199040Z,,v3,471394,4764,,"Huerta, Sebastian",1000220704,Right,NOR_DEM,5511c2ab-db25-4654-ab73-5e60b6d04dc4,54.85878,-128.46844,13.63025,5.62278,-2.72981,-6.51251,-1.01255,1.81474,-2.45204,,,,,,,,,,,,,,,,,,,,,,,,,,,,,,,,,,,,,,,,,,,,,,,,,,,High,High,High,,,,,,,,,,,,,,,,,,,,,,,,,,,,,,,,,,,,,,,
262,2026-03-13,21:19:16.84,1,6,"Marien, Wesley",1000449341,Right,NOR_DEM,"Flaggert, Jarrett",813171,Right,TEX_ISL,Undefined,9,Top,0,3,2,Undefined,Four-Seam,InPlay,Undefined,GroundBall,Out,1,0,,89.87892,-2.729796,-1.110401,2132.750929,199.471194,12:45,5.67711,1.04253,6.0233,-15.04891,19.50954,6.4926,1.89228,0.55498,81.9593,-5.615072,0.057759,0.423105,61.18969,-11.514705,-63.62413,,,,,10.02136,4.95099,-46.99526,0.093108,-3.69295,11.20906,-0.95925,50,5.45519,2.26291,-130.43198,-6.63438,-6.33574,28.48429,-12.94344,NOR_DEM,TEX_ISL,BrownStroudField,D1,SLAND,20260313-BrownStroudField-1,35de9070-1f4c-11f1-8827-db2f8d1f1106,89.08522,1.67301,,7.91962,,,,3.18677,1.67301,0.02882,99932099-0ba7-405d-b958-1caf3e33b2c7,2026-03-14,02:19:16.84,2026-03-13T21:19:16.8458240-05:00,2026-03-14T02:19:16.8458240Z,GroundBall,v3,471394,4764,,"Huerta, Sebastian",1000220704,Right,NOR_DEM,59961001-6888-417c-b92d-4c24c5905b2e,54.47708,-131.40607,14.24214,5.6745,-6.19175,-6.47172,-1.04034,2.47957,-3.16787,180,3.18501,39.18441,,,,,,,,1.67382,-17.96846,,,,,,,,0.03236,-79.02002,,,,,,,,,,,,,,,,,,,,,,,,,,,,,,High,High,High,Low,Low,,,,,,,,,,,,,,,,,,,,,,,,,,,,,,,,,,,,,
263,2026-03-13,21:19:54.66,2,1,"Marien, Wesley",1000449341,Right,NOR_DEM,"Smith, Jackson",1000116497,Left,TEX_ISL,Undefined,9,Top,1,0,0,Undefined,Four-Seam,StrikeCalled,Undefined,Undefined,Undefined,0,0,,89.10725,-1.384507,-0.95271,2114.042098,193.43431,12:30,5.67179,1.0264,5.50463,-13.88587,21.75596,4.92874,3.21933,0.54602,81.46893,-4.043142,-0.074705,0.429686,,,,,,,,,,,,-2.75071,11.70276,-0.94664,50,5.54187,1.93394,-129.3576,-3.52252,-4.66913,26.53513,-12.30935,NOR_DEM,TEX_ISL,BrownStroudField,D1,SLAND,20260313-BrownStroudField-1,4c735b40-1f4c-11f1-8827-db2f8d1f1106,87.72082,,,7.63832,,,,,,,99932099-0ba7-405d-b958-1caf3e33b2c7,2026-03-14,02:19:54.66,2026-03-13T21:19:54.6644480-05:00,2026-03-14T02:19:54.6644480Z,,v3,471394,4764,,"Huerta, Sebastian",1000220704,Right,NOR_DEM,b1f2449d-4e7e-46c7-b85b-f8cb505c7488,54.99467,-130.37813,13.26757,5.66824,-3.04911,-6.15468,-1.02447,2.11351,-2.33457,,,,,,,,,,,,,,,,,,,,,,,,,,,,,,,,,,,,,,,,,,,,,,,,,,,High,High,High,,,,,,,,,,,,,,,,,,,,,,,,,,,,,,,,,,,,,,,
264,2026-03-13,21:20:11.68,2,2,"Marien, Wesley",1000449341,Right,NOR_DEM,"Smith, Jackson",1000116497,Left,TEX_ISL,Undefined,9,Top,1,0,1,Undefined,Four-Seam,StrikeCalled,Undefined,Undefined,Undefined,0,0,,88.30942,-2.212559,-1.750801,2057.931839,200.317443,12:45,5.53288,1.27838,5.21319,-15.56395,21.281,7.43276,2.15331,0.25091,80.58088,-5.159491,-0.434266,0.436878,,,,,,,,,,,,-4.20256,11.60426,-1.12239,50,5.31716,3.57575,-128.00411,-5.42945,-6.9682,26.58215,-12.9333,NOR_DEM,TEX_ISL,BrownStroudField,D1,SLAND,20260313-BrownStroudField-1,56992a50-1f4c-11f1-8827-db2f8d1f1106,86.27678,,,7.72854,,,,,,,99932099-0ba7-405d-b958-1caf3e33b2c7,2026-03-14,02:20:11.68,2026-03-13T21:20:11.6805632-05:00,2026-03-14T02:20:11.6805632Z,,v3,471394,4764,,"Huerta, Sebastian",1000220704,Right,NOR_DEM,a73404ad-64d5-4d39-9f71-5fd2219ae85d,55.28561,-129.09709,13.29108,5.52947,-4.89767,-6.46665,-1.27531,3.86226,-3.4841,,,,,,,,,,,,,,,,,,,,,,,,,,,,,,,,,,,,,,,,,,,,,,,,,,,High,High,High,,,,,,,,,,,,,,,,,,,,,,,,,,,,,,,,,,,,,,,
265,2026-03-13,21:20:29.01,2,3,"Marien, Wesley",1000449341,Right,NOR_DEM,"Smith, Jackson",1000116497,Left,TEX_ISL,Undefined,9,Top,1,0,2,Undefined,Curveball,FoulBallNotFieldable,Undefined,Undefined,Undefined,0,0,,77.22876,1.288418,-0.766455,2396.910885,38.037613,7:15,5.6792,1.36655,5.02301,-58.5081,-10.19658,-9.11823,2.01968,-0.11662,71.27373,-9.238129,-2.380081,0.500261,,,,,,,,,,,,4.35095,-5.0924,-1.28535,50,5.75459,1.86103,-112.14834,0.43495,5.54151,20.27258,-38.6599,NOR_DEM,TEX_ISL,BrownStroudField,D1,SLAND,20260313-BrownStroudField-1,60f4af60-1f4c-11f1-8827-db2f8d1f1106,75.34551,,,5.95503,,,,,,,99932099-0ba7-405d-b958-1caf3e33b2c7,2026-03-14,02:20:29.01,2026-03-13T21:20:29.0187776-05:00,2026-03-14T02:20:29.0187776Z,,v3,471394,4764,,"Huerta, Sebastian",1000220704,Right,NOR_DEM,ac485677-f923-4548-8f7b-ca40f1a90117,55.48128,-113.13483,10.13629,5.68765,2.31619,-19.32995,-1.36935,1.59137,2.77075,,,,,,,,,,,,,,,,,,,,,,,,,,,,,,,,,,,,,,,,,,,,,,,,,,,High,High,High,,,,,,,,,,,,,,,,,,,,,,,,,,,,,,,,,,,,,,,
266,2026-03-13,21:20:53.48,2,4,"Marien, Wesley",1000449341,Right,NOR_DEM,"Smith, Jackson",1000116497,Left,TEX_ISL,Undefined,9,Top,1,0,2,Undefined,Four-Seam,FoulBallNotFieldable,Undefined,Undefined,Undefined,0,0,,89.70688,-0.79688,-1.158544,2009.899404,193.796209,12:30,5.56767,1.18646,4.86525,-16.32127,20.27422,4.65185,3.45318,0.4775,80.70776,-3.893332,-0.339679,0.435397,89.5133,-4.434584,-52.689355,1668.272016,,,,26.1091,26.1091,-54.52095,0.205084,-2.65894,10.61461,-1.07654,50,5.47646,2.40103,-129.8642,-2.34707,-4.47723,30.7443,-14.30067,NOR_DEM,TEX_ISL,BrownStroudField,D1,SLAND,20260313-BrownStroudField-1,6f83cc00-1f4c-11f1-8827-db2f8d1f1106,86.57034,3.73103,,8.99912,,,,-0.3953,3.73103,-1.00333,99932099-0ba7-405d-b958-1caf3e33b2c7,2026-03-14,02:20:53.48,2026-03-13T21:20:53.4816256-05:00,2026-03-14T02:20:53.4816256Z,GroundBall,v3,471394,4764,,"Huerta, Sebastian",1000220704,Right,NOR_DEM,c47599ad-30ef-4f39-91b8-acfb18c03c8a,55.63126,-131.19058,15.37215,5.56441,-1.73011,-7.15033,-1.18429,2.59419,-2.23862,,-0.3948,79.30739,-17.03518,,,,,,,3.736,-10.47418,-37.86822,,,,,,,-1.00454,-104.02922,25.65578,,,,,,,,,,,,,,,,,,,,,,,,,,,,,High,High,High,Medium,High,,,,,,,,,,,,,,,,,,,,,,,,,,,,,,,,,,,,,
267,2026-03-13,21:21:14.65,2,5,"Marien, Wesley",1000449341,Right,NOR_DEM,"Smith, Jackson",1000116497,Left,TEX_ISL,Undefined,9,Top,1,0,2,Undefined,Splitter,BallCalled,Undefined,Undefined,Undefined,0,0,,78.53638,-2.671803,-2.899815,995.924389,232.357274,1:45,5.64898,1.24146,5.42558,-39.77569,6.72323,6.69941,-0.17321,-0.91866,72.11165,-9.914871,-1.706678,0.490787,,,,,,,,,,,,-4.32721,4.52343,-0.9891,50,5.38361,5.51494,-113.76107,-6.6019,-5.63088,22.23682,-26.28782,NOR_DEM,TEX_ISL,BrownStroudField,D1,SLAND,20260313-BrownStroudField-1,7c257080-1f4c-11f1-8827-db2f8d1f1106,76.80003,,,6.42473,,,,,,,99932099-0ba7-405d-b958-1caf3e33b2c7,2026-03-14,02:21:14.65,2026-03-13T21:21:14.6541056-05:00,2026-03-14T02:21:14.6541056Z,,v3,471394,4764,,"Huerta, Sebastian",1000220704,Right,NOR_DEM,38c94db8-5653-412c-92a8-6dbafee0999a,55.07699,-114.74918,11.11841,5.65102,-5.43378,-13.14391,-1.23971,5.76515,-2.81544,,,,,,,,,,,,,,,,,,,,,,,,,,,,,,,,,,,,,,,,,,,,,,,,,,,High,High,High,,,,,,,,,,,,,,,,,,,,,,,,,,,,,,,,,,,,,,,
268,2026-03-13,21:21:34.15,2,6,"Marien, Wesley",1000449341,Right,NOR_DEM,"Smith, Jackson",1000116497,Left,TEX_ISL,Undefined,9,Top,1,1,2,Undefined,Curveball,BallCalled,Undefined,Undefined,Undefined,0,0,,77.0707,-0.158499,-0.884725,2353.48494,26.529765,7:00,5.44349,1.22314,4.16125,-65.25437,-14.78206,-8.19351,-0.14634,-0.30791,71.05297,-11.662385,-2.316094,0.511326,,,,,,,,,,,,3.77138,-6.96386,-1.11573,50,5.35533,2.06917,-111.72674,-2.8523,4.72743,21.69286,-40.9033,NOR_DEM,TEX_ISL,BrownStroudField,D1,SLAND,20260313-BrownStroudField-1,87c4e740-1f4c-11f1-8827-db2f8d1f1106,73.71505,,,6.01773,,,,,,,99932099-0ba7-405d-b958-1caf3e33b2c7,2026-03-14,02:21:34.15,2026-03-13T21:21:34.1519872-05:00,2026-03-14T02:21:34.1519872Z,,v3,471394,4764,,"Huerta, Sebastian",1000220704,Right,NOR_DEM,8b1deda6-4533-4315-ab5a-18337bc2293e,56.34413,-112.9518,10.84643,5.45118,-0.54237,-20.45165,-1.22504,1.80219,2.36371,,,,,,,,,,,,,,,,,,,,,,,,,,,,,,,,,,,,,,,,,,,,,,,,,,,High,High,High,,,,,,,,,,,,,,,,,,,,,,,,,,,,,,,,,,,,,,,
269,2026-03-13,21:21:52.31,2,7,"Marien, Wesley",1000449341,Right,NOR_DEM,"Smith, Jackson",1000116497,Left,TEX_ISL,Undefined,9,Top,1,2,2,Undefined,Four-Seam,BallCalled,Undefined,Undefined,Undefined,0,0,,89.19608,-1.218815,-0.381077,2085.1641,195.587987,12:30,5.67476,1.0613,5.51779,-15.89241,20.48974,5.32441,3.21057,1.14867,79.73896,-4.287367,0.567879,0.434126,,,,,,,,,,,,-2.80421,11.13099,-1.03174,50,5.55854,0.61683,-129.16082,-3.19758,-4.63171,32.48296,-13.78915,NOR_DEM,TEX_ISL,BrownStroudField,D1,SLAND,20260313-BrownStroudField-1,92930440-1f4c-11f1-8827-db2f8d1f1106,86.82377,,,9.45712,,,,,,,99932099-0ba7-405d-b958-1caf3e33b2c7,2026-03-14,02:21:52.31,2026-03-13T21:21:52.3118080-05:00,2026-03-14T02:21:52.3118080Z,,v3,471394,4764,,"Huerta, Sebastian",1000220704,Right,NOR_DEM,72f3a71e-ed27-4915-a85f-12c18cba1eab,54.97728,-130.40656,16.24148,5.67102,-2.66876,-6.89457,-1.0588,0.79446,-2.31585,,,,,,,,,,,,,,,,,,,,,,,,,,,,,,,,,,,,,,,,,,,,,,,,,,,High,High,High,,,,,,,,,,,,,,,,,,,,,,,,,,,,,,,,,,,,,,,
270,2026-03-13,21:22:11.37,2,8,"Marien, Wesley",1000449341,Right,NOR_DEM,"Smith, Jackson",1000116497,Left,TEX_ISL,Undefined,9,Top,1,3,2,Undefined,Four-Seam,FoulBallNotFieldable,Undefined,Undefined,Undefined,0,0,,89.13523,-3.177404,-2.178185,2038.609393,196.385643,12:30,5.76104,1.11057,5.66721,-10.05162,26.33387,7.31741,1.95553,-0.31161,79.60563,-5.209443,-0.872131,0.434146,,,,,,,,,,,,-4.48977,14.90635,-0.93129,50,5.48656,4.5827,-128.88189,-7.34895,-7.3715,32.74482,-7.70015,NOR_DEM,TEX_ISL,BrownStroudField,D1,SLAND,20260313-BrownStroudField-1,9e1b97a0-1f4c-11f1-8827-db2f8d1f1106,86.81978,,,9.5296,,,,,,,99932099-0ba7-405d-b958-1caf3e33b2c7,2026-03-14,02:22:11.37,2026-03-13T21:22:11.3756672-05:00,2026-03-14T02:22:11.3756672Z,,v3,471394,4764,,"Huerta, Sebastian",1000220704,Right,NOR_DEM,901113b7-0589-4b07-ac64-d407f6d858bf,54.83011,-130.10328,16.37241,5.75532,-7.06173,-3.85008,-1.10735,4.85765,-3.68575,,,,,,,,,,,,,,,,,,,,,,,,,,,,,,,,,,,,,,,,,,,,,,,,,,,High,High,High,,,,,,,,,,,,,,,,,,,,,,,,,,,,,,,,,,,,,,,
271,2026-03-13,21:22:32.10,2,9,"Marien, Wesley",1000449341,Right,NOR_DEM,"Smith, Jackson",1000116497,Left,TEX_ISL,Undefined,9,Top,1,3,2,Undefined,Four-Seam,FoulBallNotFieldable,Undefined,Undefined,Undefined,0,0,,89.24479,-2.03165,-0.884942,2030.483933,188.515101,12:15,5.82539,0.89677,5.94089,-10.87398,24.78537,3.50929,3.03356,0.36823,80.05245,-4.211088,-0.254744,0.429792,68.92978,47.912225,-154.621467,3219.328038,,,,,29.14748,,,-2.09366,13.76387,-0.8282,50,5.65745,1.84791,-129.33766,-4.79769,-3.47812,31.82298,-9.30856,NOR_DEM,TEX_ISL,BrownStroudField,D1,SLAND,20260313-BrownStroudField-1,aa4c03c0-1f4c-11f1-8827-db2f8d1f1106,87.69932,29.96187,,9.19234,,,,-0.46226,3.76531,-0.46282,99932099-0ba7-405d-b958-1caf3e33b2c7,2026-03-14,02:22:32.10,2026-03-13T21:22:32.1035264-05:00,2026-03-14T02:22:32.1035264Z,,v3,471394,4764,,"Huerta, Sebastian",1000220704,Right,NOR_DEM,b9e8c7b8-a02d-4e04-ba12-82efa5bfeb55,54.55588,-130.45379,15.91149,5.82,-4.47121,-4.65428,-0.89515,1.9699,-1.73906,24.066445,-0.4541,-61.48281,1.7399,,,,,,,3.78987,74.26096,-32.1405,,,,,,,-0.47202,-28.75629,7.51277,,,,,,,,,,,,,,,,,,,,,,,,,,,,,High,High,High,High,Undefined,,,,,,,,,,,,,,,,,,,,,,,,,,,,,,,,,,,,,
272,2026-03-13,21:22:53.73,2,10,"Marien, Wesley",1000449341,Right,NOR_DEM,"Smith, Jackson",1000116497,Left,TEX_ISL,Undefined,9,Top,1,3,2,Undefined,Four-Seam,BallCalled,Walk,Undefined,Undefined,0,0,,88.57788,-0.04183,-0.326122,1942.957546,192.059535,12:30,5.74908,0.97381,5.84983,-15.98812,20.27544,4.04591,4.37787,1.00792,79.43627,-3.143323,0.399365,0.433418,,,,,,,,,,,,-2.15768,10.7191,-0.9496,50,5.73647,0.55396,-128.41746,-0.51379,-3.53759,31.09983,-14.59955,NOR_DEM,TEX_ISL,BrownStroudField,D1,SLAND,20260313-BrownStroudField-1,b72d2240-1f4c-11f1-8827-db2f8d1f1106,86.9656,,,9.14161,,,,,,,99932099-0ba7-405d-b958-1caf3e33b2c7,2026-03-14,02:22:53.73,2026-03-13T21:22:53.7324544-05:00,2026-03-14T02:22:53.7324544Z,,v3,471394,4764,,"Huerta, Sebastian",1000220704,Right,NOR_DEM,8e46f97c-a34c-4807-b466-782ad98c6190,54.64519,-129.53753,15.54991,5.74551,0.01202,-7.29977,-0.97184,0.68137,-1.7688,,,,,,,,,,,,,,,,,,,,,,,,,,,,,,,,,,,,,,,,,,,,,,,,,,,High,High,High,,,,,,,,,,,,,,,,,,,,,,,,,,,,,,,,,,,,,,,
273,2026-03-13,21:23:23.96,3,1,"Marien, Wesley",1000449341,Right,NOR_DEM,"Towchik, Maxwell",1000167584,Right,TEX_ISL,Undefined,9,Top,1,0,0,Undefined,Four-Seam,StrikeSwinging,Undefined,Undefined,Undefined,0,0,,87.31103,-0.878468,-1.525549,1948.036528,202.659067,12:45,5.769,1.06289,5.783,-16.71363,20.52694,8.01595,3.55852,0.31118,78.77615,-4.095711,-0.090443,0.439218,,,,,,,,,,,,-4.5411,11.09831,-0.94184,50,5.68665,3.02697,-126.59692,-2.39509,-7.27804,28.84348,-14.38674,NOR_DEM,TEX_ISL,BrownStroudField,D1,SLAND,20260313-BrownStroudField-1,c93782f0-1f4c-11f1-8827-db2f8d1f1106,85.81723,,,8.53488,,,,,,,99932099-0ba7-405d-b958-1caf3e33b2c7,2026-03-14,02:23:23.96,2026-03-13T21:23:23.9624192-05:00,2026-03-14T02:23:23.9624192Z,,v3,471394,4764,,"Huerta, Sebastian",1000220704,Right,NOR_DEM,1c9d5de0-b0ad-4e45-a292-04770f696905,54.71345,-127.6663,14.42174,5.76556,-1.8617,-7.19337,-1.05907,3.2968,-3.63902,,,,,,,,,,,,,,,,,,,,,,,,,,,,,,,,,,,,,,,,,,,,,,,,,,,High,High,High,,,,,,,,,,,,,,,,,,,,,,,,,,,,,,,,,,,,,,,
274,2026-03-13,21:23:41.33,3,2,"Marien, Wesley",1000449341,Right,NOR_DEM,"Towchik, Maxwell",1000167584,Right,TEX_ISL,Undefined,9,Top,1,0,1,Undefined,Four-Seam,FoulBallNotFieldable,Undefined,Undefined,Undefined,0,0,,87.55899,-1.877501,-1.181419,1979.246732,188.606331,12:15,5.7516,1.10815,5.57963,-15.58706,21.88615,3.10244,2.69819,0.26314,78.78432,-4.884559,-0.628007,0.440587,,,,,,,,,,,,-1.96476,12.10717,-1.00865,50,5.58047,2.48263,-126.85486,-4.59028,-3.14782,30.01535,-12.77677,NOR_DEM,TEX_ISL,BrownStroudField,D1,SLAND,20260313-BrownStroudField-1,d3b3af60-1f4c-11f1-8827-db2f8d1f1106,85.55045,,,8.77467,,,,,,,99932099-0ba7-405d-b958-1caf3e33b2c7,2026-03-14,02:23:41.33,2026-03-13T21:23:41.3382656-05:00,2026-03-14T02:23:41.3382656Z,,v3,471394,4764,,"Huerta, Sebastian",1000220704,Right,NOR_DEM,450dfe61-ffd9-4312-8d00-8ada0f133b05,54.9182,-128.01328,15.00767,5.74812,-4.09717,-6.38839,-1.1068,2.60411,-1.57391,,,,,,,,,,,,,,,,,,,,,,,,,,,,,,,,,,,,,,,,,,,,,,,,,,,High,High,High,,,,,,,,,,,,,,,,,,,,,,,,,,,,,,,,,,,,,,,
275,2026-03-13,21:24:05.14,3,3,"Marien, Wesley",1000449341,Right,NOR_DEM,"Towchik, Maxwell",1000167584,Right,TEX_ISL,Undefined,9,Top,1,0,2,Undefined,Four-Seam,InPlay,Undefined,LineDrive,Out,1,0,,87.78895,-2.518542,-1.63029,2085.500702,208.001335,1:00,5.78637,1.17516,5.0924,-16.26532,21.76663,10.81414,2.05483,0.53946,78.9657,-5.61873,0.281375,0.44386,73.66145,11.891827,5.573521,1841.595696,108.71707,8.16027,16.75071,146.59472,141.27722,10.044418,1.609934,-5.94201,12.06961,-1.03012,50,5.53644,3.1227,-127.00623,-6.09161,-9.54274,30.0834,-12.79044,NOR_DEM,TEX_ISL,BrownStroudField,D1,SLAND,20260313-BrownStroudField-1,e1bc0fd0-1f4c-11f1-8827-db2f8d1f1106,84.91971,10.83465,,8.82325,,,,0.60195,2.94256,-0.36243,99932099-0ba7-405d-b958-1caf3e33b2c7,2026-03-14,02:24:05.14,2026-03-13T21:24:05.1424256-05:00,2026-03-14T02:24:05.1424256Z,GroundBall,v3,471394,4764,,"Huerta, Sebastian",1000220704,Right,NOR_DEM,078159bc-3d20-4102-912f-6c887a5e6759,55.40571,-128.28026,15.0417,5.78295,-5.54993,-6.39522,-1.17093,3.52684,-4.77137,249.725117,0.60194,105.21852,-11.79322,1.59128,-0.36197,0.116,-0.04901,0.01349,-0.00156,2.94256,22.26225,-16.39861,1.06005,-0.11064,-0.03015,0.03765,-0.01306,0.00169,-0.36242,10.26581,4.79379,-1.12405,0.58224,-0.48031,0.28231,-0.08795,0.01112,,,,,,,,,,,,,,,,,,,,,,,High,High,High,High,High,,,,,,,,,,,,,,,,,,,,,,,,,,,,,,,,,,,,,
276,2026-03-13,21:24:47.36,4,1,"Marien, Wesley",1000449341,Right,NOR_DEM,"Stark, Will",801124,Left,TEX_ISL,Undefined,9,Top,2,0,0,Undefined,Four-Seam,BallCalled,Undefined,Undefined,Undefined,0,0,,86.90893,-3.602258,-3.150505,2083.010008,199.852198,12:45,5.73093,1.25165,5.15046,-13.95387,24.42297,8.34371,1.16717,-1.02205,79.16026,-6.266356,-1.67708,0.445868,,,,,,,,,,,,-5.08162,13.61182,-0.9636,50,5.38336,6.54625,-125.66294,-8.32504,-8.10172,26.16304,-10.47244,NOR_DEM,TEX_ISL,BrownStroudField,D1,SLAND,20260313-BrownStroudField-1,faeae670-1f4c-11f1-8827-db2f8d1f1106,84.53726,,,7.74866,,,,,,,99932099-0ba7-405d-b958-1caf3e33b2c7,2026-03-14,02:24:47.36,2026-03-13T21:24:47.3657856-05:00,2026-03-14T02:24:47.3657856Z,,v3,471394,4764,,"Huerta, Sebastian",1000220704,Right,NOR_DEM,0a88aa1c-6b52-4235-a0f1-a2b7184c80f6,55.34902,-126.77172,13.08152,5.72676,-7.88123,-5.23622,-1.2483,6.8896,-4.05086,,,,,,,,,,,,,,,,,,,,,,,,,,,,,,,,,,,,,,,,,,,,,,,,,,,High,High,High,,,,,,,,,,,,,,,,,,,,,,,,,,,,,,,,,,,,,,,
277,2026-03-13,21:25:02.82,4,2,"Marien, Wesley",1000449341,Right,NOR_DEM,"Stark, Will",801124,Left,TEX_ISL,Undefined,9,Top,2,1,0,Undefined,Four-Seam,FoulBallNotFieldable,Undefined,Undefined,Undefined,0,0,,86.37851,-2.371583,-1.503423,2134.277689,202.312804,12:45,5.67693,1.47743,6.07469,-14.51784,22.81304,8.85331,2.27064,0.82375,78.73016,-5.183301,0.090446,0.43975,73.39199,28.294553,-148.995033,2573.420878,,,,,43.49261,,,-4.99752,12.81568,-1.36573,50,5.48548,2.93626,-125.35579,-5.54153,-7.92488,26.15027,-11.85138,NOR_DEM,TEX_ISL,BrownStroudField,D1,SLAND,20260313-BrownStroudField-1,04203b00-1f4d-11f1-8827-db2f8d1f1106,85.7134,19.79092,,7.64835,,,,-1.11492,2.51891,-0.98431,99932099-0ba7-405d-b958-1caf3e33b2c7,2026-03-14,02:25:02.82,2026-03-13T21:25:02.8292096-05:00,2026-03-14T02:25:02.8292096Z,,v3,471394,4764,,"Huerta, Sebastian",1000220704,Right,NOR_DEM,a8ccaa8b-831d-4cde-a7ca-cfb1362c76d1,54.42429,-126.27536,13.07513,5.67302,-5.12478,-5.92569,-1.47388,3.21494,-3.96244,,-1.10726,-81.46495,4.2385,,,,,,,2.54158,50.36813,-28.85706,,,,,,,-0.99978,-48.37635,13.05265,,,,,,,,,,,,,,,,,,,,,,,,,,,,,High,High,High,Medium,Undefined,,,,,,,,,,,,,,,,,,,,,,,,,,,,,,,,,,,,,
278,2026-03-13,21:25:26.78,4,3,"Marien, Wesley",1000449341,Right,NOR_DEM,"Stark, Will",801124,Left,TEX_ISL,Undefined,9,Top,2,1,1,Undefined,Four-Seam,StrikeSwinging,Undefined,Undefined,Undefined,0,0,,89.17268,-1.940583,-2.638954,2088.469853,191.5994,12:30,5.60283,1.11621,5.80828,-10.82178,24.86529,4.84362,2.89375,-0.93602,80.54016,-4.09066,-1.772715,0.429959,,,,,,,,,,,,-3.29784,13.67217,-0.90256,50,5.43733,5.74792,-129.20228,-4.60998,-5.51151,29.76046,-9.32442,NOR_DEM,TEX_ISL,BrownStroudField,D1,SLAND,20260313-BrownStroudField-1,12694df0-1f4d-11f1-8827-db2f8d1f1106,87.66525,,,8.63252,,,,,,,99932099-0ba7-405d-b958-1caf3e33b2c7,2026-03-14,02:25:26.78,2026-03-13T21:25:26.7812352-05:00,2026-03-14T02:25:26.7812352Z,,v3,471394,4764,,"Huerta, Sebastian",1000220704,Right,NOR_DEM,00aaeb43-83a9-4c11-870b-32fdbcbc8ef3,54.69002,-130.2781,14.88023,5.59789,-4.2729,-4.66221,-1.11394,5.94716,-2.75575,,,,,,,,,,,,,,,,,,,,,,,,,,,,,,,,,,,,,,,,,,,,,,,,,,,High,High,High,,,,,,,,,,,,,,,,,,,,,,,,,,,,,,,,,,,,,,,
279,2026-03-13,21:25:45.16,4,4,"Marien, Wesley",1000449341,Right,NOR_DEM,"Stark, Will",801124,Left,TEX_ISL,Undefined,9,Top,2,1,2,Undefined,Four-Seam,StrikeSwinging,Strikeout,Undefined,Undefined,3,0,,88.17697,-0.770268,-1.769437,2031.309133,193.141157,12:30,5.77344,1.12452,5.76695,-10.20792,26.3062,5.84048,4.20552,-0.03608,79.50638,-2.821675,-0.724617,0.434912,,,,,,,,,,,,-3.50043,13.95154,-0.98154,50,5.70354,3.69352,-127.84209,-1.8968,-5.72672,29.17337,-9.34928,NOR_DEM,TEX_ISL,BrownStroudField,D1,SLAND,20260313-BrownStroudField-1,1d5a3530-1f4d-11f1-8827-db2f8d1f1106,86.66673,,,8.67059,,,,,,,99932099-0ba7-405d-b958-1caf3e33b2c7,2026-03-14,02:25:45.16,2026-03-13T21:25:45.1673088-05:00,2026-03-14T02:25:45.1673088Z,,v3,471394,4764,,"Huerta, Sebastian",1000220704,Right,NOR_DEM,a2407f2e-76e8-499d-a0ad-c97bdb8502e6,54.72917,-128.91676,14.58669,5.76707,-1.5524,-4.67464,-1.12148,3.90448,-2.86336,,,,,,,,,,,,,,,,,,,,,,,,,,,,,,,,,,,,,,,,,,,,,,,,,,,High,High,High,,,,,,,,,,,,,,,,,,,,,,,,,,,,,,,,,,,,,,,