PitchNo,Date,Time,PAofInning,PitchofPA,Pitcher,PitcherId,PitcherThrows,PitcherTeam,Batter,BatterId,BatterSide,BatterTeam,PitcherSet,Inning,Top/Bottom,Outs,Balls,Strikes,TaggedPitchType,AutoPitchType,PitchCall,KorBB,TaggedHitType,PlayResult,OutsOnPlay,RunsScored,Notes,RelSpeed,VertRelAngle,HorzRelAngle,SpinRate,SpinAxis,Tilt,RelHeight,RelSide,Extension,VertBreak,InducedVertBreak,HorzBreak,PlateLocHeight,PlateLocSide,ZoneSpeed,VertApprAngle,HorzApprAngle,ZoneTime,ExitSpeed,Angle,Direction,HitSpinRate,PositionAt110X,PositionAt110Y,PositionAt110Z,Distance,LastTrackedDistance,Bearing,HangTime,pfxx,pfxz,x0,y0,z0,vx0,vy0,vz0,ax0,ay0,az0,HomeTeam,AwayTeam,Stadium,Level,League,GameID,PitchUID,EffectiveVelo,MaxHeight,MeasuredDuration,SpeedDrop,PitchLastMeasuredX,PitchLastMeasuredY,PitchLastMeasuredZ,ContactPositionX,ContactPositionY,ContactPositionZ,GameUID,UTCDate,UTCTime,LocalDateTime,UTCDateTime,AutoHitType,System,HomeTeamForeignID,AwayTeamForeignID,GameForeignID,Catcher,CatcherId,CatcherThrows,CatcherTeam,PlayID,PitchTrajectoryXc0,PitchTrajectoryXc1,PitchTrajectoryXc2,PitchTrajectoryYc0,PitchTrajectoryYc1,PitchTrajectoryYc2,PitchTrajectoryZc0,PitchTrajectoryZc1,PitchTrajectoryZc2,HitSpinAxis,HitTrajectoryXc0,HitTrajectoryXc1,HitTrajectoryXc2,HitTrajectoryXc3,HitTrajectoryXc4,HitTrajectoryXc5,HitTrajectoryXc6,HitTrajectoryXc7,HitTrajectoryXc8,HitTrajectoryYc0,HitTrajectoryYc1,HitTrajectoryYc2,HitTrajectoryYc3,HitTrajectoryYc4,HitTrajectoryYc5,HitTrajectoryYc6,HitTrajectoryYc7,HitTrajectoryYc8,HitTrajectoryZc0,HitTrajectoryZc1,HitTrajectoryZc2,HitTrajectoryZc3,HitTrajectoryZc4,HitTrajectoryZc5,HitTrajectoryZc6,HitTrajectoryZc7,HitTrajectoryZc8,ThrowSpeed,PopTime,ExchangeTime,TimeToBase,CatchPositionX,CatchPositionY,CatchPositionZ,ThrowPositionX,ThrowPositionY,ThrowPositionZ,BasePositionX,BasePositionY,BasePositionZ,ThrowTrajectoryXc0,ThrowTrajectoryXc1,ThrowTrajectoryXc2,ThrowTrajectoryYc0,ThrowTrajectoryYc1,ThrowTrajectoryYc2,ThrowTrajectoryZc0,ThrowTrajectoryZc1,ThrowTrajectoryZc2,PitchReleaseConfidence,PitchLocationConfidence,PitchMovementConfidence,HitLaunchConfidence,HitLandingConfidence,CatcherThrowCatchConfidence,CatcherThrowReleaseConfidence,CatcherThrowLocationConfidence,SpinAxis3dTransverseAngle,SpinAxis3dLongitudinalAngle,SpinAxis3dActiveSpinRate,SpinAxis3dSpinEfficiency,SpinAxis3dTilt,SpinAxis3dVectorX,SpinAxis3dVectorY,SpinAxis3dVectorZ,SpinAxis3dSeamOrientationRotationX,SpinAxis3dSeamOrientationRotationY,SpinAxis3dSeamOrientationRotationZ,SpinAxis3dSeamOrientationBallAngleHorizontalAmb1,SpinAxis3dSeamOrientationBallAngleVerticalAmb1,SpinAxis3dSeamOrientationBallXAmb1,SpinAxis3dSeamOrientationBallYAmb1,SpinAxis3dSeamOrientationBallZAmb1,SpinAxis3dSeamOrientationBallAngleHorizontalAmb2,SpinAxis3dSeamOrientationBallAngleVerticalAmb2,SpinAxis3dSeamOrientationBallXAmb2,SpinAxis3dSeamOrientationBallYAmb2,SpinAxis3dSeamOrientationBallZAmb2,SpinAxis3dSeamOrientationBallAngleHorizontalAmb3,SpinAxis3dSeamOrientationBallAngleVerticalAmb3,SpinAxis3dSeamOrientationBallXAmb3,SpinAxis3dSeamOrientationBallYAmb3,SpinAxis3dSeamOrientationBallZAmb3,SpinAxis3dSeamOrientationBallAngleHorizontalAmb4,SpinAxis3dSeamOrientationBallAngleVerticalAmb4,SpinAxis3dSeamOrientationBallXAmb4,SpinAxis3dSeamOrientationBallYAmb4,SpinAxis3dSeamOrientationBallZAmb4,BatSpeed,VerticalAttackAngle,HorizontalAttackAngle
1,2026-03-10,16:05:42.79,1,1,"Price, JT",838436,Right,NMS_AGG,"Anderson, Jackson",1000510741,Right,UNI_THE2,Undefined,1,Top,0,0,0,Fastball,Sinker,FoulBallNotFieldable,Undefined,Undefined,Undefined,0,0,,91.23366,-2.11534,-3.007671,2133.133718,229.128224,1:45,5.28929,1.64115,5.69823,-21.56415,12.13056,12.83953,1.51749,-0.09413,83.9333,-6.123074,-0.713918,0.417785,,,,,,,,,,,,-7.37,7.03792,-1.39696,50,5.09805,6.40323,-132.37413,-5.63866,-13.15431,26.697,-19.61252,NMS_AGG,UNI_THE2,PresleyAskewField,D1,CUSA,20260310-PresleyAskewField-2,48840100-1ccd-11f1-886b-8de6524961d4,90.21981,,,7.30035,,,,,,,6ee70939-121f-487f-ab01-d6bb8f265bb6,2026-03-10,22:05:42.79,2026-03-10T16:05:42.7914752-06:00,2026-03-10T22:05:42.7914752Z,,v3,471379,,,"Clizbe, Brandon",838429,Right,NMS_AGG,e30024a8-c7cd-4026-9904-ccacf1df8db5,54.80134,-133.33894,13.3485,5.28902,-4.92988,-9.80626,-1.63696,6.87862,-6.57716,,,,,,,,,,,,,,,,,,,,,,,,,,,,,,,,,,,,,,,,,,,,,,,,,,,High,High,High,,,,,,,,,,,,,,,,,,,,,,,,,,,,,,,,,,,,,,,
2,2026-03-10,16:05:58.91,1,2,"Price, JT",838436,Right,NMS_AGG,"Anderson, Jackson",1000510741,Right,UNI_THE2,Undefined,1,Top,0,0,1,Slider,Slider,StrikeSwinging,Undefined,Undefined,Undefined,0,0,,80.41462,-0.027914,-2.21244,2328.907083,87.154397,9:00,5.56595,1.68645,5.43636,-42.86656,1.03606,-6.04193,1.96757,-0.88983,74.07516,-7.837534,-3.287567,0.476888,,,,,,,,,,,,2.46012,0.87835,-1.48621,50,5.53354,4.74665,-116.73758,-1.52173,3.39736,21.82234,-30.96111,NMS_AGG,UNI_THE2,PresleyAskewField,D1,CUSA,20260310-PresleyAskewField-2,5228e040-1ccd-11f1-886b-8de6524961d4,79.03829,,,6.33945,,,,,,,6ee70939-121f-487f-ab01-d6bb8f265bb6,2026-03-10,22:05:58.91,2026-03-10T16:05:58.9112832-06:00,2026-03-10T22:05:58.9112832Z,,v3,471379,,,"Clizbe, Brandon",838429,Right,NMS_AGG,069e0d65-a1cf-4894-a4af-14525b39b271,55.06316,-117.68025,10.91117,5.57039,-0.18428,-15.48055,-1.68808,4.5999,1.69868,,,,,,,,,,,,,,,,,,,,,,,,,,,,,,,,,,,,,,,,,,,,,,,,,,,High,High,High,,,,,,,,,,,,,,,,,,,,,,,,,,,,,,,,,,,,,,,
3,2026-03-10,16:06:14.68,1,3,"Price, JT",838436,Right,NMS_AGG,"Anderson, Jackson",1000510741,Right,UNI_THE2,Undefined,1,Top,0,0,2,Slider,Slider,BallCalled,Undefined,Undefined,Undefined,0,0,,81.51373,-0.347722,-1.340125,2262.209718,73.783361,8:30,5.54044,1.72374,5.27524,-44.54428,-1.53146,-9.8139,1.50174,-0.353,75.07616,-8.423645,-3.083657,0.472031,,,,,,,,,,,,4.59347,-0.35587,-1.59371,50,5.47555,3.16429,-118.35841,-2.30634,6.50894,22.81747,-32.67833,NMS_AGG,UNI_THE2,PresleyAskewField,D1,CUSA,20260310-PresleyAskewField-2,5b8da940-1ccd-11f1-886b-8de6524961d4,79.85166,,,6.43758,,,,,,,6ee70939-121f-487f-ab01-d6bb8f265bb6,2026-03-10,22:06:14.68,2026-03-10T16:06:14.6839552-06:00,2026-03-10T22:06:14.6839552Z,,v3,471379,,,"Clizbe, Brandon",838429,Right,NMS_AGG,62a7711c-ceb8-4cad-acfb-84f5e942344b,55.22498,-119.36145,11.40874,5.54536,-0.86983,-16.33916,-1.72652,2.87816,3.25447,,,,,,,,,,,,,,,,,,,,,,,,,,,,,,,,,,,,,,,,,,,,,,,,,,,High,High,High,,,,,,,,,,,,,,,,,,,,,,,,,,,,,,,,,,,,,,,
4,2026-03-10,16:06:32.25,1,4,"Price, JT",838436,Right,NMS_AGG,"Anderson, Jackson",1000510741,Right,UNI_THE2,Undefined,1,Top,0,1,2,Fastball,Four-Seam,StrikeCalled,Strikeout,Undefined,Undefined,0,0,,92.75138,-2.252919,-2.074151,2270.483255,229.675183,1:45,5.30536,1.74813,5.7806,-21.236,11.67001,12.41883,1.43711,0.85239,84.25084,-6.228534,0.150474,0.412866,,,,,,,,,,,,-6.97457,6.96508,-1.58465,50,5.1067,4.31824,-134.47117,-6.01883,-12.6634,31.44755,-19.52787,NMS_AGG,UNI_THE2,PresleyAskewField,D1,CUSA,20260310-PresleyAskewField-2,66014a30-1ccd-11f1-886b-8de6524961d4,91.29463,,,8.50053,,,,,,,6ee70939-121f-487f-ab01-d6bb8f265bb6,2026-03-10,22:06:32.25,2026-03-10T16:06:32.2520000-06:00,2026-03-10T22:06:32.2520000Z,,v3,471379,,,"Clizbe, Brandon",838429,Right,NMS_AGG,90ab4de1-f46f-4ade-8527-8792efb33047,54.71655,-135.5697,15.72377,5.30504,-5.33668,-9.76393,-1.74322,4.7606,-6.3317,,,,,,,,,,,,,,,,,,,,,,,,,,,,,64.86202,,,1.025488,,,,-1.35739,6.30606,-3.86825,70.3097,4.91099,-54.46546,-1.31999,75.00336,-5.0442,6.33835,12.79365,-13.84963,-3.92498,-55.63695,6.22236,High,High,High,,,High,High,High,,,,,,,,,,,,,,,,,,,,,,,,,,,,,,,,,,
5,2026-03-10,16:06:59.92,2,1,"Price, JT",838436,Right,NMS_AGG,"Shin, Dong Joon",1000189267,Right,UNI_THE2,Undefined,1,Top,1,0,0,Slider,Slider,StrikeCalled,Undefined,Undefined,Undefined,0,0,,81.82291,0.700209,-0.585974,2351.182762,68.184042,8:15,5.60181,1.36014,5.30178,-43.83924,-1.18811,-6.28835,2.60594,0.286,75.0708,-7.281353,-1.703509,0.470042,,,,,,,,,,,,2.98339,-0.38154,-1.30219,50,5.6335,1.47705,-118.79505,-0.12934,4.26009,22.91738,-32.71885,NMS_AGG,UNI_THE2,PresleyAskewField,D1,CUSA,20260310-PresleyAskewField-2,768ab030-1ccd-11f1-886b-8de6524961d4,80.18952,,,6.75211,,,,,,,6ee70939-121f-487f-ab01-d6bb8f265bb6,2026-03-10,22:06:59.92,2026-03-10T16:06:59.9288320-06:00,2026-03-10T22:06:59.9288320Z,,v3,471379,,,"Clizbe, Brandon",838429,Right,NMS_AGG,04efe08d-0613-4a06-ab73-98f0bc4da975,55.19651,-119.79334,11.45869,5.60809,1.29591,-16.35942,-1.36249,1.29148,2.13005,,,,,,,,,,,,,,,,,,,,,,,,,,,,,,,,,,,,,,,,,,,,,,,,,,,High,High,High,,,,,,,,,,,,,,,,,,,,,,,,,,,,,,,,,,,,,,,
6,2026-03-10,16:07:12.95,2,2,"Price, JT",838436,Right,NMS_AGG,"Shin, Dong Joon",1000189267,Right,UNI_THE2,Undefined,1,Top,1,0,1,Slider,Slider,InPlay,Undefined,LineDrive,Out,1,0,,80.44395,-0.214401,-1.066669,2326.77506,80.653574,8:45,5.67726,1.31857,5.32471,-44.03026,0.19646,-7.4202,1.80685,-0.30082,73.78086,-8.228286,-2.386356,0.478645,89.51863,18.902568,-7.452474,1974.855691,109.33622,29.50641,-12.06538,292.00362,281.98798,-4.521142,3.177496,3.43067,0.5513,-1.21649,50,5.62599,2.47275,-116.75987,-1.97565,4.71568,22.86171,-31.41626,NMS_AGG,UNI_THE2,PresleyAskewField,D1,CUSA,20260310-PresleyAskewField-2,7e499160-1ccd-11f1-886b-8de6524961d4,78.74819,33.22705,,6.66309,,,,1.00602,1.78248,0.31554,6ee70939-121f-487f-ab01-d6bb8f265bb6,2026-03-10,22:07:12.95,2026-03-10T16:07:12.9539584-06:00,2026-03-10T22:07:12.9539584Z,FlyBall,v3,471379,,,"Clizbe, Brandon",838429,Right,NMS_AGG,99de2f49-5304-4b0e-a04e-2916447d429e,55.17389,-117.76857,11.43086,5.68258,-0.58951,-15.70813,-1.321,2.26469,2.35784,198.265452,1.00607,123.16191,-16.8546,3.52704,-0.6725,0.10382,-0.00956,-0.00013,9E-05,1.78243,42.5356,-15.40153,0.84263,-0.15469,0.04455,-0.01338,0.00281,-0.00025,0.31552,-16.11024,4.31181,-0.79714,0.14236,-0.0173,0.00018,0.00042,-5E-05,,,,,,,,,,,,,,,,,,,,,,,High,High,High,High,High,,,,,,,,,,,,,,,,,,,,,,,,,,,,,,,,,,,,,
7,2026-03-10,16:07:43.06,3,1,"Price, JT",838436,Right,NMS_AGG,"Gonzales, Marcus",10130884,Right,UNI_THE2,Undefined,1,Top,2,0,0,Fastball,Four-Seam,StrikeCalled,Undefined,Undefined,Undefined,0,0,,92.7038,-1.261529,-3.699408,2247.664466,225.156904,1:30,5.34123,1.70462,5.89985,-19.84151,12.71827,11.75056,2.51403,-0.7552,84.73368,-4.987927,-1.595679,0.410688,,,,,,,,,,,,-7.02678,7.17118,-1.41354,50,5.22823,8.17489,-134.41753,-3.62099,-12.87092,28.81988,-19.03864,NMS_AGG,UNI_THE2,PresleyAskewField,D1,CUSA,20260310-PresleyAskewField-2,902f7a20-1ccd-11f1-886b-8de6524961d4,91.77876,,,7.97011,,,,,,,6ee70939-121f-487f-ab01-d6bb8f265bb6,2026-03-10,22:07:43.06,2026-03-10T16:07:43.0669824-06:00,2026-03-10T22:07:43.0669824Z,,v3,471379,,,"Clizbe, Brandon",838429,Right,NMS_AGG,44e5cc1e-4c91-4812-9a1e-66cae6e0747d,54.59773,-135.39973,14.40994,5.34057,-2.97215,-9.51932,-1.69962,8.61353,-6.43546,,,,,,,,,,,,,,,,,,,,,,,,,,,,,,,,,,,,,,,,,,,,,,,,,,,High,High,High,,,,,,,,,,,,,,,,,,,,,,,,,,,,,,,,,,,,,,,
8,2026-03-10,16:07:56.31,3,2,"Price, JT",838436,Right,NMS_AGG,"Gonzales, Marcus",10130884,Right,UNI_THE2,Undefined,1,Top,2,0,1,Fastball,Sinker,BallCalled,Undefined,Undefined,Undefined,0,0,,93.07705,-1.999702,-3.931231,2363.548183,232.242494,1:45,5.30789,1.37155,6.09055,-21.39021,10.57666,12.39969,1.67055,-1.23723,85.53501,-5.998956,-1.703318,0.406932,,,,,,,,,,,,-7.46788,6.28457,-1.07476,50,5.14199,8.75623,-134.99205,-5.43174,-13.85006,27.99027,-20.51859,NMS_AGG,UNI_THE2,PresleyAskewField,D1,CUSA,20260310-PresleyAskewField-2,981dcfc0-1ccd-11f1-886b-8de6524961d4,92.626,,,7.54204,,,,,,,6ee70939-121f-487f-ab01-d6bb8f265bb6,2026-03-10,22:07:56.31,2026-03-10T16:07:56.3121152-06:00,2026-03-10T22:07:56.3121152Z,,v3,471379,,,"Clizbe, Brandon",838429,Right,NMS_AGG,308c8b6b-145c-415e-9709-d546a13b85f9,54.40874,-135.90312,13.99513,5.30792,-4.76387,-10.2593,-1.3671,9.20704,-6.92503,,,,,,,,,,,,,,,,,,,,,,,,,,,,,,,,,,,,,,,,,,,,,,,,,,,High,High,High,,,,,,,,,,,,,,,,,,,,,,,,,,,,,,,,,,,,,,,
9,2026-03-10,16:08:09.90,3,3,"Price, JT",838436,Right,NMS_AGG,"Gonzales, Marcus",10130884,Right,UNI_THE2,Undefined,1,Top,2,1,1,Fastball,Four-Seam,StrikeSwinging,Undefined,Undefined,Undefined,0,0,,93.50105,-1.502075,-3.193063,2270.414388,218.160789,1:15,5.33863,1.49035,5.94731,-19.10123,12.9067,9.32752,2.35121,-0.69698,85.291,-5.099417,-1.520359,0.407193,,,,,,,,,,,,-5.67859,7.35662,-1.24123,50,5.2082,7.15228,-135.59673,-4.18538,-10.55522,30.10136,-18.49974,NMS_AGG,UNI_THE2,PresleyAskewField,D1,CUSA,20260310-PresleyAskewField-2,a0394fe0-1ccd-11f1-886b-8de6524961d4,92.56651,,,8.21005,,,,,,,6ee70939-121f-487f-ab01-d6bb8f265bb6,2026-03-10,22:08:09.90,2026-03-10T16:08:09.9027456-06:00,2026-03-10T22:08:09.9027456Z,,v3,471379,,,"Clizbe, Brandon",838429,Right,NMS_AGG,f8bf6e0a-f36a-48de-b099-be87f526e996,54.54963,-136.60297,15.05068,5.33777,-3.56696,-9.24987,-1.48622,7.50512,-5.27761,,,,,,,,,,,,,,,,,,,,,,,,,,,,,,,,,,,,,,,,,,,,,,,,,,,High,High,High,,,,,,,,,,,,,,,,,,,,,,,,,,,,,,,,,,,,,,,
10,2026-03-10,16:08:26.49,3,4,"Price, JT",838436,Right,NMS_AGG,"Gonzales, Marcus",10130884,Right,UNI_THE2,Undefined,1,Top,2,1,2,Fastball,Four-Seam,StrikeCalled,Strikeout,Undefined,Undefined,0,0,,92.56768,-1.357861,-3.930558,2261.093626,223.465587,1:30,5.34402,1.57802,6.07636,-19.7919,12.52123,10.93969,2.43514,-1.15278,84.99072,-5.076449,-1.966445,0.409129,,,,,,,,,,,,-6.67048,7.11473,-1.27942,50,5.22817,8.76095,-134.2759,-3.82549,-12.24713,27.54012,-19.1113,NMS_AGG,UNI_THE2,PresleyAskewField,D1,CUSA,20260310-PresleyAskewField-2,aa15e0f0-1ccd-11f1-886b-8de6524961d4,92.12839,,,7.57696,,,,,,,6ee70939-121f-487f-ab01-d6bb8f265bb6,2026-03-10,22:08:26.49,2026-03-10T16:08:26.4956416-06:00,2026-03-10T22:08:26.4956416Z,,v3,471379,,,"Clizbe, Brandon",838429,Right,NMS_AGG,6de44ca6-0e2e-4883-8272-d23fd238e1fc,54.42192,-135.1798,13.77006,5.34344,-3.19824,-9.55565,-1.57356,9.16291,-6.12357,,,,,,,,,,,,,,,,,,,,,,,,,,,,,,,,,,,,,,,,,,,,,,,,,,,High,High,High,,,,,,,,,,,,,,,,,,,,,,,,,,,,,,,,,,,,,,,
11,2026-03-10,16:10:56.00,1,1,"Olivas, Miguel",1000510783,Right,UNI_THE2,"Solorzano, Steve",814833,Right,NMS_AGG,Undefined,1,Bottom,0,0,0,Fastball,Changeup,BallCalled,Undefined,Undefined,Undefined,0,0,,79.87957,0.706331,-1.362517,1979.90906,210.433745,1:00,6.29321,1.00471,4.84869,-28.7688,17.00517,9.09327,4.5647,0.47239,72.56872,-4.610286,0.237427,0.486946,,,,,,,,,,,,-4.86315,8.61,-0.87835,50,6.33926,2.36079,-115.74115,0.45616,-6.56739,22.50156,-20.54676,NMS_AGG,UNI_THE2,PresleyAskewField,D1,CUSA,20260310-PresleyAskewField-2,0340dfe0-1cce-11f1-886b-8de6524961d4,77.40583,,,7.31085,,,,,,,6ee70939-121f-487f-ab01-d6bb8f265bb6,2026-03-10,22:10:56.00,2026-03-10T16:10:56.0079360-06:00,2026-03-10T22:10:56.0079360Z,,v3,471379,,,"Loving, Joshua",1000510771,Right,UNI_THE2,fba40dc4-a56a-422a-9f23-4c7500dee8f2,55.64622,-116.83369,11.25078,6.29289,1.45379,-10.27338,-1.00072,2.67966,-3.28369,,,,,,,,,,,,,,,,,,,,,,,,,,,,,,,,,,,,,,,,,,,,,,,,,,,High,High,High,,,,,,,,,,,,,,,,,,,,,,,,,,,,,,,,,,,,,,,
12,2026-03-10,16:11:10.01,1,2,"Olivas, Miguel",1000510783,Right,UNI_THE2,"Solorzano, Steve",814833,Right,NMS_AGG,Undefined,1,Bottom,0,1,0,Fastball,Changeup,InPlay,Undefined,LineDrive,Out,1,0,,74.89092,1.258103,-2.669485,1875.532901,257.349196,2:30,5.70125,1.29847,5.1467,-47.31377,4.94618,13.32556,2.94438,-0.10613,67.43191,-7.417501,-0.312309,0.520302,93.95851,24.491412,-21.144979,2066.462437,102.97865,43.74322,-38.66858,366.71742,354.91876,-20.680329,4.145656,-7.59855,2.51791,-1.05967,50,5.78282,4.54078,-108.36284,0.84494,-8.85604,22.43427,-29.23942,NMS_AGG,UNI_THE2,PresleyAskewField,D1,CUSA,20260310-PresleyAskewField-2,0b99b720-1cce-11f1-886b-8de6524961d4,72.44333,57.48545,,7.45901,,,,3.47183,3.26767,0.08912,6ee70939-121f-487f-ab01-d6bb8f265bb6,2026-03-10,22:11:10.01,2026-03-10T16:11:10.0164608-06:00,2026-03-10T22:11:10.0164608Z,LineDrive,v3,471379,,,"Loving, Joshua",1000510771,Right,UNI_THE2,faf1d9d7-ef32-4eb6-9bfc-8fb5656c7df4,55.35049,-109.46494,11.21714,5.70604,2.28135,-14.61971,-1.29342,4.97584,-4.42802,176.21319,3.47132,116.97987,-17.20311,4.05384,-0.92624,0.21801,-0.04469,0.00594,-0.00034,3.26861,57.0986,-16.19122,0.56291,0.13763,-0.11206,0.03488,-0.00508,0.00028,0.08937,-45.24406,6.09323,-1.22891,0.29115,-0.08449,0.02096,-0.00302,0.00018,,,,,,,,,,,,,,,,,,,,,,,High,High,High,High,High,,,,,,,,,,,,,,,,,,,,,,,,,,,,,,,,,,,,,
13,2026-03-10,16:11:48.57,2,1,"Olivas, Miguel",1000510783,Right,UNI_THE2,"Taclas, Aidan",838428,Left,NMS_AGG,Undefined,1,Bottom,1,0,0,ChangeUp,Changeup,StrikeCalled,Undefined,Undefined,Undefined,0,0,,76.36978,-0.378961,-2.83019,1373.485779,251.04305,2:15,5.89369,1.67041,5.06967,-43.23152,6.00992,13.1341,1.93333,0.0944,70.49063,-8.21918,-0.508376,0.505053,,,,,,,,,,,,-7.29752,3.52268,-1.41265,50,5.82343,4.96028,-110.77554,-2.19699,-9.11344,18.85618,-27.77478,NMS_AGG,UNI_THE2,PresleyAskewField,D1,CUSA,20260310-PresleyAskewField-2,229a8a30-1cce-11f1-886b-8de6524961d4,74.63068,,,5.87915,,,,,,,6ee70939-121f-487f-ab01-d6bb8f265bb6,2026-03-10,22:11:48.57,2026-03-10T16:11:48.5754880-06:00,2026-03-10T22:11:48.5754880Z,,v3,471379,,,"Loving, Joshua",1000510771,Right,UNI_THE2,e5f032f9-c00f-4fef-94c3-9c9ed336fe6a,55.42921,-111.69587,9.42809,5.89758,-0.84136,-13.88739,-1.66561,5.40509,-4.55672,,,,,,,,,,,,,,,,,,,,,,,,,,,,,,,,,,,,,,,,,,,,,,,,,,,High,High,High,,,,,,,,,,,,,,,,,,,,,,,,,,,,,,,,,,,,,,,
14,2026-03-10,16:12:05.22,2,2,"Olivas, Miguel",1000510783,Right,UNI_THE2,"Taclas, Aidan",838428,Left,NMS_AGG,Undefined,1,Bottom,1,0,1,Slider,Curveball,BallCalled,Undefined,Undefined,Undefined,0,0,,70.47937,-0.255221,-2.809323,2279.667522,15.571308,6:30,6.10903,0.96218,4.47831,-71.03043,-10.82705,-3.59713,-0.05372,-2.01739,64.82935,-12.847519,-3.440344,0.558447,,,,,,,,,,,,0.88394,-4.99532,-0.66265,50,6.0127,5.13947,-102.01637,-2.86792,0.91657,19.29958,-37.35375,NMS_AGG,UNI_THE2,PresleyAskewField,D1,CUSA,20260310-PresleyAskewField-2,2c8991d0-1cce-11f1-886b-8de6524961d4,67.49513,,,5.65002,,,,,,,6ee70939-121f-487f-ab01-d6bb8f265bb6,2026-03-10,22:12:05.22,2026-03-10T16:12:05.2256256-06:00,2026-03-10T22:12:05.2256256Z,,v3,471379,,,"Loving, Joshua",1000510771,Right,UNI_THE2,d3ee7154-93e5-41e8-b0c9-6ca087e108ac,56.02387,-103.14968,9.64979,6.11671,-0.67444,-18.67688,-0.96287,5.08564,0.45828,,,,,,,,,,,,,,,,,,,,,,,,,,,,,,,,,,,,,,,,,,,,,,,,,,,High,High,High,,,,,,,,,,,,,,,,,,,,,,,,,,,,,,,,,,,,,,,
15,2026-03-10,16:12:22.78,2,3,"Olivas, Miguel",1000510783,Right,UNI_THE2,"Taclas, Aidan",838428,Left,NMS_AGG,Undefined,1,Bottom,1,1,1,Fastball,Changeup,StrikeCalled,Undefined,Undefined,Undefined,0,0,,74.60325,-0.049371,-1.867682,2958.82308,236.92639,2:00,5.75228,1.45312,5.24155,-45.04254,7.42559,8.35725,1.95231,0.39367,67.30113,-8.32358,-0.38458,0.521338,,,,,,,,,,,,-4.7789,4.31957,-1.28788,50,5.71492,3.19375,-107.98147,-1.53558,-5.53041,22.28413,-27.17522,NMS_AGG,UNI_THE2,PresleyAskewField,D1,CUSA,20260310-PresleyAskewField-2,36ff0780-1cce-11f1-886b-8de6524961d4,72.29943,,,7.30212,,,,,,,6ee70939-121f-487f-ab01-d6bb8f265bb6,2026-03-10,22:12:22.78,2026-03-10T16:12:22.7832832-06:00,2026-03-10T22:12:22.7832832Z,,v3,471379,,,"Loving, Joshua",1000510771,Right,UNI_THE2,e231bbc1-1192-4c5a-8d1b-8d6a50b187e3,55.25192,-109.05992,11.14206,5.75742,-0.22042,-13.58761,-1.44892,3.46139,-2.7652,,,,,,,,,,,,,,,,,,,,,,,,,,,,,,,,,,,,,,,,,,,,,,,,,,,High,High,High,,,,,,,,,,,,,,,,,,,,,,,,,,,,,,,,,,,,,,,
16,2026-03-10,16:12:40.40,2,4,"Olivas, Miguel",1000510783,Right,UNI_THE2,"Taclas, Aidan",838428,Left,NMS_AGG,Undefined,1,Bottom,1,1,2,Fastball,Changeup,FoulBallNotFieldable,Undefined,Undefined,Undefined,0,0,,82.19301,-2.676241,-2.640103,2065.358309,209.842062,1:00,6.16373,0.99926,4.78154,-28.03163,15.27154,7.94374,1.28657,-0.84293,75.32362,-7.790409,-1.243952,0.473621,,,,,,,,,,,,-4.69803,8.68311,-0.74281,50,5.87206,5.14528,-118.97367,-6.56619,-6.72728,23.02986,-19.74034,NMS_AGG,UNI_THE2,PresleyAskewField,D1,CUSA,20260310-PresleyAskewField-2,418d8370-1cce-11f1-886b-8de6524961d4,79.58351,,,6.86939,,,,,,,6ee70939-121f-487f-ab01-d6bb8f265bb6,2026-03-10,22:12:40.40,2026-03-10T16:12:40.4044800-06:00,2026-03-10T22:12:40.4044800Z,,v3,471379,,,"Loving, Joshua",1000510771,Right,UNI_THE2,57bda91d-22a4-4774-90d8-11b193c231b8,55.7168,-120.07517,11.51493,6.16353,-5.62202,-9.87017,-0.9966,5.46704,-3.36364,,,,,,,,,,,,,,,,,,,,,,,,,,,,,,,,,,,,,,,,,,,,,,,,,,,High,High,High,,,,,,,,,,,,,,,,,,,,,,,,,,,,,,,,,,,,,,,
17,2026-03-10,16:13:01.78,2,5,"Olivas, Miguel",1000510783,Right,UNI_THE2,"Taclas, Aidan",838428,Left,NMS_AGG,Undefined,1,Bottom,1,1,2,Fastball,Changeup,InPlay,Undefined,Popup,Out,1,0,,81.22072,-0.5952,-1.776774,2006.849206,211.162507,1:00,6.23728,1.07522,4.87038,-27.74313,16.32643,9.0093,3.36183,0.14411,74.20139,-5.702318,-0.190563,0.477794,65.77189,72.42618,-15.806879,,,,,86.85997,32.53351,-24.61249,5.186294,-4.95996,8.64087,-0.90855,50,6.1559,3.26612,-117.74707,-2.18045,-6.95839,22.50496,-20.05161,NMS_AGG,UNI_THE2,PresleyAskewField,D1,CUSA,20260310-PresleyAskewField-2,4e3a2470-1cce-11f1-886b-8de6524961d4,78.8885,111.30208,,7.01933,,,,0.9259,3.28731,-0.16551,6ee70939-121f-487f-ab01-d6bb8f265bb6,2026-03-10,22:13:01.78,2026-03-10T16:13:01.7814528-06:00,2026-03-10T22:13:01.7814528Z,Popup,v3,471379,,,"Loving, Joshua",1000510771,Right,UNI_THE2,fbb27fcd-7614-457f-a984-981a04f18dc6,55.62649,-118.8176,11.25248,6.23693,-1.22663,-10.02581,-1.07179,3.59712,-3.4792,174.006412,0.92703,27.99012,-7.91172,2.07789,-0.25781,-0.00581,0.00866,-0.00153,0.0001,3.28034,92.102,-23.91748,3.21166,-1.10831,0.3479,-0.07549,0.00896,-0.00043,-0.16661,-7.9114,0.1735,0.16361,-0.14028,0.05828,-0.01342,0.0016,-8E-05,,,,,,,,,,,,,,,,,,,,,,,High,High,High,Medium,Low,,,,,,,,,,,,,,,,,,,,,,,,,,,,,,,,,,,,,
18,2026-03-10,16:13:35.27,3,1,"Olivas, Miguel",1000510783,Right,UNI_THE2,"Vest, Boston",838426,Right,NMS_AGG,Undefined,1,Bottom,2,0,0,Slider,Curveball,InPlay,Undefined,GroundBall,Single,0,0,,70.18316,2.486786,-1.649555,2235.888988,26.711876,7:00,5.58422,1.76473,4.55018,-68.7474,-8.2091,-5.19823,2.22486,-0.23906,63.88505,-9.83729,-2.560258,0.559998,101.56674,3.843917,-32.836939,3296.639601,,,,88.90284,81.84172,-34.135269,0.636439,2.02268,-4.30028,-1.58794,50,5.77767,3.12389,-101.55266,2.0706,2.08168,18.87914,-36.59971,NMS_AGG,UNI_THE2,PresleyAskewField,D1,CUSA,20260310-PresleyAskewField-2,6235cdd0-1cce-11f1-886b-8de6524961d4,67.30816,3.39729,,6.29811,,,,2.48187,2.29012,0.16283,6ee70939-121f-487f-ab01-d6bb8f265bb6,2026-03-10,22:13:35.27,2026-03-10T16:13:35.2708608-06:00,2026-03-10T22:13:35.2708608Z,GroundBall,v3,471379,,,"Loving, Joshua",1000510771,Right,UNI_THE2,5efc9f97-a787-4494-85e3-ec436fece4ba,55.94962,-102.65277,9.43957,5.59488,4.2033,-18.29986,-1.76644,3.00259,1.04084,,2.51938,124.08471,-19.60358,,,,,,,2.32084,9.3338,-20.46676,,,,,,,0.16991,-80.74805,3.27699,,,,,,,,,,,,,,,,,,,,,,,,,,,,,High,High,High,High,High,,,,,,,,,,,,,,,,,,,,,,,,,,,,,,,,,,,,,
19,2026-03-10,16:14:17.69,4,1,"Olivas, Miguel",1000510783,Right,UNI_THE2,"Daniels, Chris",827428,Right,NMS_AGG,Undefined,1,Bottom,2,0,0,Fastball,Curveball,BallCalled,Undefined,Undefined,Undefined,0,0,,76.24438,1.055644,-1.920028,1883.578825,199.761998,12:45,6.16326,1.30043,4.92212,-38.87738,10.83292,3.3461,3.92215,-0.23658,70.01134,-6.033001,-1.330694,0.507451,,,,,,,,,,,,-2.16012,5.53177,-1.11618,50,6.23417,3.57094,-110.56281,0.72443,-2.68564,18.89798,-25.29649,NMS_AGG,UNI_THE2,PresleyAskewField,D1,CUSA,20260310-PresleyAskewField-2,7b821780-1cce-11f1-886b-8de6524961d4,74.27792,,,6.23304,,,,,,,6ee70939-121f-487f-ab01-d6bb8f265bb6,2026-03-10,22:14:17.69,2026-03-10T16:14:17.6936960-06:00,2026-03-10T22:14:17.6936960Z,,v3,471379,,,"Loving, Joshua",1000510771,Right,UNI_THE2,70f3b343-7fa3-44af-99fb-f88cf61118b2,55.57421,-111.51151,9.44899,6.16593,1.99435,-12.64825,-1.29883,3.70577,-1.34282,,,,,,,,,,,,,,,,,,,,,,,,,,,,,,,,,,,,,,,,,,,,,,,,,,,High,High,High,,,,,,,,,,,,,,,,,,,,,,,,,,,,,,,,,,,,,,,
20,2026-03-10,16:15:12.39,4,2,"Olivas, Miguel",1000510783,Right,UNI_THE2,"Daniels, Chris",827428,Right,NMS_AGG,Undefined,1,Bottom,2,1,0,Fastball,Changeup,BallCalled,Undefined,Undefined,Undefined,0,0,,76.13308,-1.62645,-4.478123,1319.770764,257.759204,2:30,5.6408,1.60589,4.89634,-45.97676,4.99095,14.47406,0.26593,-1.43217,69.27923,-9.940032,-1.931698,0.513829,,,,,,,,,,,,-8.60792,3.47114,-1.1796,50,5.44263,8.03131,-109.94873,-4.71055,-10.39769,21.90017,-27.98117,NMS_AGG,UNI_THE2,PresleyAskewField,D1,CUSA,20260310-PresleyAskewField-2,9c126d10-1cce-11f1-886b-8de6524961d4,73.35595,,,6.85385,,,,,,,6ee70939-121f-487f-ab01-d6bb8f265bb6,2026-03-10,22:15:12.39,2026-03-10T16:15:12.3901440-06:00,2026-03-10T22:15:12.3901440Z,,v3,471379,,,"Loving, Joshua",1000510771,Right,UNI_THE2,58192e7b-5f1f-4682-9175-7e4ecac6ba76,55.60107,-111.05877,10.95008,5.64545,-3.29228,-13.99058,-1.60004,8.55833,-5.19885,,,,,,,,,,,,,,,,,,,,,,,,,,,,,,,,,,,,,,,,,,,,,,,,,,,High,High,High,,,,,,,,,,,,,,,,,,,,,,,,,,,,,,,,,,,,,,,
21,2026-03-10,16:15:42.04,4,3,"Olivas, Miguel",1000510783,Right,UNI_THE2,"Daniels, Chris",827428,Right,NMS_AGG,Undefined,1,Bottom,2,2,0,ChangeUp,Changeup,StrikeSwinging,Undefined,Undefined,Undefined,0,0,,73.68799,0.560384,-3.261795,1167.904641,266.479262,3:00,5.67836,1.4439,5.11448,-51.66369,2.48492,7.22544,1.90182,-1.03001,66.51922,-8.862442,-1.984728,0.529621,,,,,,,,,,,,-4.68339,1.64134,-1.14256,50,5.6914,5.79064,-106.53981,-0.64812,-5.27483,21.73312,-30.32543,NMS_AGG,UNI_THE2,PresleyAskewField,D1,CUSA,20260310-PresleyAskewField-2,adc7a8e0-1cce-11f1-886b-8de6524961d4,71.16871,,,7.16878,,,,,,,6ee70939-121f-487f-ab01-d6bb8f265bb6,2026-03-10,22:15:42.04,2026-03-10T16:15:42.0436480-06:00,2026-03-10T22:15:42.0436480Z,,v3,471379,,,"Loving, Joshua",1000510771,Right,UNI_THE2,7a8ca566-b50f-4c44-ad1a-5afcfde383e6,55.3805,-107.63179,10.86656,5.68569,0.87557,-15.16272,-1.44017,6.05567,-2.63741,,,,,,,,,,,,,,,,,,,,,,,,,,,,,,,,,,,,,,,,,,,,,,,,,,,High,High,High,,,,,,,,,,,,,,,,,,,,,,,,,,,,,,,,,,,,,,,
22,2026-03-10,16:16:03.05,4,4,"Olivas, Miguel",1000510783,Right,UNI_THE2,"Daniels, Chris",827428,Right,NMS_AGG,Undefined,1,Bottom,2,2,1,Slider,Curveball,StrikeSwinging,Undefined,Undefined,Undefined,0,0,,69.89054,1.639932,-3.348709,2140.756855,25.58238,6:45,5.59343,1.60487,4.38927,-63.36917,-2.19728,-2.03347,1.88139,-1.7652,63.99303,-9.676631,-3.70303,0.562921,,,,,,,,,,,,-0.01949,-0.975,-1.24484,50,5.70611,5.99226,-101.05084,0.7192,-0.01998,17.63377,-33.17453,NMS_AGG,UNI_THE2,PresleyAskewField,D1,CUSA,20260310-PresleyAskewField-2,ba4b1700-1cce-11f1-886b-8de6524961d4,66.95867,,,5.89751,,,,,,,6ee70939-121f-487f-ab01-d6bb8f265bb6,2026-03-10,22:16:03.05,2026-03-10T16:16:03.0525440-06:00,2026-03-10T22:16:03.0525440Z,,v3,471379,,,"Loving, Joshua",1000510771,Right,UNI_THE2,1d5796fa-30b4-4fa2-bc32-41a4a76ad846,56.1087,-102.11126,8.81689,5.60287,2.71419,-16.58727,-1.60523,5.99346,-0.00999,,,,,,,,,,,,,,,,,,,,,,,,,,,,,,,,,,,,,,,,,,,,,,,,,,,High,High,High,,,,,,,,,,,,,,,,,,,,,,,,,,,,,,,,,,,,,,,
23,2026-03-10,16:16:40.61,4,5,"Olivas, Miguel",1000510783,Right,UNI_THE2,"Daniels, Chris",827428,Right,NMS_AGG,Undefined,1,Bottom,2,2,2,Fastball,Changeup,BallCalled,Undefined,Undefined,Undefined,0,0,,78.59921,0.827789,-1.915586,2040.899384,215.491369,1:15,5.86035,1.66563,4.80684,-30.74502,16.7117,10.76733,4.08301,0.7474,71.29103,-4.844714,-0.023245,0.495816,,,,,,,,,,,,-5.83524,8.43406,-1.48484,50,5.91703,3.34533,-113.81825,0.61169,-7.60894,22.05325,-21.17631,NMS_AGG,UNI_THE2,PresleyAskewField,D1,CUSA,20260310-PresleyAskewField-2,d0a6a960-1cce-11f1-886b-8de6524961d4,76.02108,,,7.30818,,,,,,,6ee70939-121f-487f-ab01-d6bb8f265bb6,2026-03-10,22:16:40.61,2026-03-10T16:16:40.6196224-06:00,2026-03-10T22:16:40.6196224Z,,v3,471379,,,"Loving, Joshua",1000510771,Right,UNI_THE2,1740ec8d-80cf-423f-bed5-d00ae84f8443,55.68754,-114.91498,11.02662,5.86043,1.66481,-10.58815,-1.66062,3.72373,-3.80447,,,,,,,,,,,,,,,,,,,,,,,,,,,,,,,,,,,,,,,,,,,,,,,,,,,High,High,High,,,,,,,,,,,,,,,,,,,,,,,,,,,,,,,,,,,,,,,
24,2026-03-10,16:17:01.12,4,6,"Olivas, Miguel",1000510783,Right,UNI_THE2,"Daniels, Chris",827428,Right,NMS_AGG,Undefined,1,Bottom,2,3,2,Slider,Curveball,FoulBallNotFieldable,Undefined,Undefined,Undefined,0,0,,70.7888,1.991787,-1.921174,2213.906036,8.357479,6:15,5.58087,1.61075,4.29155,-63.94126,-4.73918,-0.96402,2.15921,-0.30767,65.28427,-9.388236,-2.089226,0.553783,,,,,,,,,,,,-0.05791,-2.43575,-1.40125,50,5.73117,3.47822,-102.57109,1.31867,-0.06177,16.80815,-34.77154,NMS_AGG,UNI_THE2,PresleyAskewField,D1,CUSA,20260310-PresleyAskewField-2,dce82c80-1cce-11f1-886b-8de6524961d4,68.06351,,,5.50454,,,,,,,6ee70939-121f-487f-ab01-d6bb8f265bb6,2026-03-10,22:17:01.12,2026-03-10T16:17:01.1285504-06:00,2026-03-10T22:17:01.1285504Z,,v3,471379,,,"Loving, Joshua",1000510771,Right,UNI_THE2,a776fb06-bbe8-48f6-907c-337001d3e952,56.20931,-103.58361,8.40408,5.58865,3.41328,-17.38577,-1.61089,3.48194,-0.03089,,,,,,,,,,,,,,,,,,,,,,,,,,,,,,,,,,,,,,,,,,,,,,,,,,,High,High,High,,,,,,,,,,,,,,,,,,,,,,,,,,,,,,,,,,,,,,,
25,2026-03-10,16:17:24.05,4,7,"Olivas, Miguel",1000510783,Right,UNI_THE2,"Daniels, Chris",827428,Right,NMS_AGG,Undefined,1,Bottom,2,3,2,ChangeUp,Splitter,BallCalled,Walk,Undefined,Undefined,0,0,,73.30636,2.695383,-1.039563,920.944717,303.962393,4:15,5.55973,1.49296,5.26983,-57.61377,-3.87736,8.45,3.2927,1.22054,66.69662,-7.806037,0.459968,0.527601,,,,,,,,,,,,-4.54607,-2.24976,-1.40449,50,5.7637,1.60977,-106.23487,3.12949,-5.14652,19.79626,-34.72095,NMS_AGG,UNI_THE2,PresleyAskewField,D1,CUSA,20260310-PresleyAskewField-2,ea9303a0-1cce-11f1-886b-8de6524961d4,71.44118,,,6.60974,,,,,,,6ee70939-121f-487f-ab01-d6bb8f265bb6,2026-03-10,22:17:24.05,2026-03-10T16:17:24.0515072-06:00,2026-03-10T22:17:24.0515072Z,,v3,471379,,,"Loving, Joshua",1000510771,Right,UNI_THE2,6257b97c-3029-46fd-bd5e-8d650a436c5c,55.22882,-107.2048,9.89813,5.5687,4.83068,-17.36047,-1.48954,1.86193,-2.57326,,,,,,,,,,,,,,,,,,,,,,,,,,,,,,,,,,,,,,,,,,,,,,,,,,,High,High,High,,,,,,,,,,,,,,,,,,,,,,,,,,,,,,,,,,,,,,,
26,2026-03-10,16:17:55.95,5,1,"Olivas, Miguel",1000510783,Right,UNI_THE2,"Clough De Los Santos, Jonatan",10113700,Right,NMS_AGG,Undefined,1,Bottom,2,0,0,ChangeUp,Changeup,FoulBallNotFieldable,Undefined,Undefined,Undefined,0,0,,72.35106,2.581913,-1.839628,1530.424171,286.600615,3:30,5.65099,1.53746,5.26796,-57.71676,-2.42606,14.5295,3.26949,1.0196,65.72058,-7.94849,0.737985,0.535177,,,,,,,,,,,,-7.83776,-1.47539,-1.38048,50,5.84473,2.82515,-104.80698,2.88397,-8.61999,19.57135,-33.7967,NMS_AGG,UNI_THE2,PresleyAskewField,D1,CUSA,20260310-PresleyAskewField-2,fd9a3ae0-1cce-11f1-886b-8de6524961d4,70.42985,,,6.63048,,,,,,,6ee70939-121f-487f-ab01-d6bb8f265bb6,2026-03-10,22:17:55.95,2026-03-10T16:17:55.9533056-06:00,2026-03-10T22:17:55.9533056Z,,v3,471379,,,"Loving, Joshua",1000510771,Right,UNI_THE2,4da66bd5-c15a-45a4-ac9e-1fc2b544cfe9,55.23064,-105.77923,9.78567,5.65976,4.56288,-16.89835,-1.53146,3.25337,-4.30999,,,,,,,,,,,,,,,,,,,,,,,,,,,,,,,,,,,,,,,,,,,,,,,,,,,High,High,High,,,,,,,,,,,,,,,,,,,,,,,,,,,,,,,,,,,,,,,
27,2026-03-10,16:18:28.74,5,2,"Olivas, Miguel",1000510783,Right,UNI_THE2,"Clough De Los Santos, Jonatan",10113700,Right,NMS_AGG,Undefined,1,Bottom,2,0,1,Slider,Curveball,InPlay,Undefined,GroundBall,Single,0,1,,70.14847,1.918212,-1.804502,2102.159443,38.048994,7:15,5.72612,1.75103,4.24751,-62.32732,-2.4541,-3.24146,2.36982,-0.24686,65.21626,-9.148675,-2.368995,0.556913,101.59629,-11.825482,-0.923567,,,,,12.48858,12.25192,0.293909,0.078426,1.12476,-1.22201,-1.55028,50,5.8708,3.33166,-101.73813,1.21936,1.1909,15.09855,-33.46791,NMS_AGG,UNI_THE2,PresleyAskewField,D1,CUSA,20260310-PresleyAskewField-2,1126cec0-1ccf-11f1-886b-8de6524961d4,67.68096,2.39831,,4.9322,,,,1.03529,2.39831,0.24869,6ee70939-121f-487f-ab01-d6bb8f265bb6,2026-03-10,22:18:28.74,2026-03-10T16:18:28.7420416-06:00,2026-03-10T22:18:28.7420416Z,GroundBall,v3,471379,,,"Loving, Joshua",1000510771,Right,UNI_THE2,d559c3b6-04e4-4a3b-bc0a-f505b7b71bae,56.25332,-102.66196,7.54928,5.73354,3.26716,-16.73396,-1.7519,3.2588,0.59545,180,1.03261,146.03801,,,,,,,,2.39887,-30.58069,,,,,,,,0.24874,-2.35424,,,,,,,,,,,,,,,,,,,,,,,,,,,,,,High,High,High,High,High,,,,,,,,,,,,,,,,,,,,,,,,,,,,,,,,,,,,,
28,2026-03-10,16:19:13.07,6,1,"Olivas, Miguel",1000510783,Right,UNI_THE2,"Rulli, Easton",702537,Right,NMS_AGG,Undefined,1,Bottom,2,0,0,Fastball,Changeup,InPlay,Undefined,LineDrive,Double,0,2,,78.16969,-1.153796,-1.916675,1930.767708,214.161189,1:15,6.06647,1.16187,4.80664,-31.53277,15.55371,9.64426,2.34487,0.14901,72.4961,-6.886126,-0.220139,0.493878,88.97349,21.972212,-34.652492,2566.078439,87.93999,34.07082,-66.07972,287.30602,229.84669,-42.489643,3.178122,-5.28953,8.34729,-0.98018,50,5.92466,3.41085,-113.48566,-3.37087,-6.98482,18.32699,-21.15151,NMS_AGG,UNI_THE2,PresleyAskewField,D1,CUSA,20260310-PresleyAskewField-2,2b86ab50-1ccf-11f1-886b-8de6524961d4,76.31933,37.84816,,5.67359,,,,3.84748,2.71487,-0.22004,6ee70939-121f-487f-ab01-d6bb8f265bb6,2026-03-10,22:19:13.07,2026-03-10T16:19:13.0719744-06:00,2026-03-10T22:19:13.0719744Z,LineDrive,v3,471379,,,"Loving, Joshua",1000510771,Right,UNI_THE2,651441c9-82f3-41ab-b07c-0a6bf6c5d365,55.6934,-114.4014,9.16349,6.06668,-2.31399,-10.57575,-1.15933,3.75986,-3.49241,,3.84776,99.53867,-18.42952,4.06012,-0.74808,0.10588,-0.01509,0.00165,-4E-05,2.71469,48.83274,-18.50015,1.32304,-0.27957,0.08759,-0.02421,0.00504,-0.00048,-0.2198,-68.81845,2.47299,0.1927,-0.08554,0.00926,-0.00183,0.00077,-0.00011,,,,,,,,,,,,,,,,,,,,,,,High,High,High,High,Medium,,,,,,,,,,,,,,,,,,,,,,,,,,,,,,,,,,,,,
29,2026-03-10,16:20:00.50,7,1,"Olivas, Miguel",1000510783,Right,UNI_THE2,"Clizbe, Brandon",838429,Right,NMS_AGG,Undefined,1,Bottom,2,0,0,Fastball,Changeup,FoulBallNotFieldable,Undefined,Undefined,Undefined,0,0,,77.95636,-0.595665,-2.577587,1932.945623,222.060377,1:30,6.0166,1.06307,4.96331,-33.21116,14.16816,11.48757,2.6857,-0.41624,71.81937,-6.662769,-0.552412,0.495411,,,,,,,,,,,,-6.35823,7.60095,-0.82351,50,5.93201,4.6207,-113.06253,-2.29617,-8.28742,19.27319,-22.26684,NMS_AGG,UNI_THE2,PresleyAskewField,D1,CUSA,20260310-PresleyAskewField-2,47c90380-1ccf-11f1-886b-8de6524961d4,76.08313,,,6.13699,,,,,,,6ee70939-121f-487f-ab01-d6bb8f265bb6,2026-03-10,22:20:00.50,2026-03-10T16:20:00.5025280-06:00,2026-03-10T22:20:00.5025280Z,,v3,471379,,,"Loving, Joshua",1000510771,Right,UNI_THE2,3b4af345-58d7-4ec8-9f00-280f2b1b7a56,55.5341,-114.00199,9.63659,6.01748,-1.21078,-11.13342,-1.0586,5.02466,-4.14371,,,,,,,,,,,,,,,,,,,,,,,,,,,,,,,,,,,,,,,,,,,,,,,,,,,High,High,High,,,,,,,,,,,,,,,,,,,,,,,,,,,,,,,,,,,,,,,
30,2026-03-10,16:20:19.82,7,2,"Olivas, Miguel",1000510783,Right,UNI_THE2,"Clizbe, Brandon",838429,Right,NMS_AGG,Undefined,1,Bottom,2,0,1,ChangeUp,Changeup,InPlay,Undefined,FlyBall,Triple,0,1,,72.84612,0.633116,-2.337575,1076.27861,228.261915,1:30,5.58878,1.60694,5.01176,-50.97125,4.91244,3.0341,1.93925,-0.34771,65.38182,-8.68471,-1.801806,0.538039,91.96444,32.801318,2.17734,4371.909177,109.50806,61.70033,10.38824,368.23376,368.23376,10.439452,4.799459,-2.34012,2.79705,-1.38529,50,5.60896,4.18167,-105.30565,-0.48352,-2.5581,22.29716,-29.11644,NMS_AGG,UNI_THE2,PresleyAskewField,D1,CUSA,20260310-PresleyAskewField-2,53593800-1ccf-11f1-886b-8de6524961d4,70.05518,81.08854,,7.4643,,,,2.13913,2.11098,0.31349,6ee70939-121f-487f-ab01-d6bb8f265bb6,2026-03-10,22:20:19.82,2026-03-10T16:20:19.8218240-06:00,2026-03-10T22:20:19.8218240Z,FlyBall,v3,471379,,,"Loving, Joshua",1000510771,Right,UNI_THE2,d336a2a1-337a-489a-9594-ee162faae8e4,55.48261,-106.46019,11.14858,5.59496,1.02412,-14.55822,-1.60524,4.31413,-1.27905,212.037852,2.14234,113.22132,-19.97175,4.89762,-0.70783,0.00455,0.01843,-0.00275,0.00012,2.11002,73.08232,-18.4418,0.52304,0.27456,-0.16958,0.05086,-0.00753,0.00043,0.31262,4.32707,5.82201,-1.84252,0.40396,-0.05665,0.00442,-0.00017,0,,,,,,,,,,,,,,,,,,,,,,,High,High,High,High,High,,,,,,,,,,,,,,,,,,,,,,,,,,,,,,,,,,,,,
31,2026-03-10,16:21:04.51,8,1,"Olivas, Miguel",1000510783,Right,UNI_THE2,"Lombardi, Aidan",838424,Right,NMS_AGG,Undefined,1,Bottom,2,0,0,Slider,Curveball,InPlay,Undefined,LineDrive,Out,1,0,,72.06753,2.294521,-1.322753,2168.600063,292.383593,3:45,5.53923,1.33651,5.0942,-58.4335,-0.89803,8.11323,2.83383,0.76585,63.90461,-8.420435,0.11259,0.545933,89.26133,10.010342,-40.777914,2456.110452,,,,131.79054,117.36077,-43.129065,1.170825,-4.53992,-0.67858,-1.21831,50,5.71088,2.09056,-104.07164,2.28607,-4.79249,23.55738,-32.89037,NMS_AGG,UNI_THE2,PresleyAskewField,D1,CUSA,20260310-PresleyAskewField-2,6dfab170-1ccf-11f1-886b-8de6524961d4,69.04227,8.42345,,8.16292,,,,1.66397,2.79237,-0.75965,6ee70939-121f-487f-ab01-d6bb8f265bb6,2026-03-10,22:21:04.51,2026-03-10T16:21:04.5148160-06:00,2026-03-10T22:21:04.5148160Z,LineDrive,v3,471379,,,"Loving, Joshua",1000510771,Right,UNI_THE2,f0a80298-f79e-4e36-9053-6e139fa99ba4,55.39943,-105.28674,11.77869,5.54921,3.98258,-16.44519,-1.33252,2.33776,-2.39624,,1.66397,97.62683,-16.78371,2.57904,-0.61221,0.13402,-0.02947,0.00552,-0.00057,2.79237,22.75666,-24.36351,3.05875,-0.64699,0.15269,-0.03244,0.00608,-0.00067,-0.75965,-84.20357,7.9286,-1.26104,0.27147,-0.0607,0.01353,-0.00256,0.00027,,,,,,,,,,,,,,,,,,,,,,,High,High,High,High,High,,,,,,,,,,,,,,,,,,,,,,,,,,,,,,,,,,,,,
32,2026-03-10,16:23:31.54,1,1,"Price, JT",838436,Right,NMS_AGG,"Trujillo, Jadon",1000207236,Right,UNI_THE2,Undefined,2,Top,0,0,0,Fastball,Four-Seam,StrikeSwinging,Undefined,Undefined,Undefined,0,0,,91.7049,-0.52024,-3.06572,2216.694744,223.930261,1:30,5.35946,1.53257,5.89547,-20.41048,12.7606,11.30457,3.17489,-0.37431,83.92622,-4.352792,-1.040154,0.414525,,,,,,,,,,,,-6.60004,6.98489,-1.29209,50,5.3058,6.63539,-133.09684,-1.87981,-11.87382,27.7835,-19.60784,NMS_AGG,UNI_THE2,PresleyAskewField,D1,CUSA,20260310-PresleyAskewField-2,c58fce20-1ccf-11f1-886b-8de6524961d4,90.92914,,,7.77868,,,,,,,6ee70939-121f-487f-ab01-d6bb8f265bb6,2026-03-10,22:23:31.54,2026-03-10T16:23:31.5493888-06:00,2026-03-10T22:23:31.5493888Z,,v3,471379,,,"Clizbe, Brandon",838429,Right,NMS_AGG,96425ed4-5296-453f-befd-e49688ad9a16,54.60197,-134.05405,13.89175,5.35893,-1.20428,-9.80392,-1.52774,7.04447,-5.93691,,,,,,,,,,,,,,,,,,,,,,,,,,,,,,,,,,,,,,,,,,,,,,,,,,,High,High,High,,,,,,,,,,,,,,,,,,,,,,,,,,,,,,,,,,,,,,,
33,2026-03-10,16:23:44.99,1,2,"Price, JT",838436,Right,NMS_AGG,"Trujillo, Jadon",1000207236,Right,UNI_THE2,Undefined,2,Top,0,0,1,Slider,Slider,InPlay,Undefined,GroundBall,Out,1,0,,81.43224,0.517521,-0.907102,2513.820897,60.080785,8:00,5.62308,1.40517,5.22136,-45.11215,-1.99925,-5.76138,2.35037,0.07216,74.9181,-7.668851,-1.92961,0.47258,94.82903,3.456453,-31.307986,3347.79501,,,,79.93548,70.78065,-33.684422,0.611258,2.64709,-0.79319,-1.31695,50,5.63668,2.10871,-118.25121,-0.5616,3.75145,22.36431,-33.29816,NMS_AGG,UNI_THE2,PresleyAskewField,D1,CUSA,20260310-PresleyAskewField-2,cd9a5e50-1ccf-11f1-886b-8de6524961d4,79.75893,3.22102,,6.51414,,,,1.60633,2.38925,-0.13656,6ee70939-121f-487f-ab01-d6bb8f265bb6,2026-03-10,22:23:44.99,2026-03-10T16:23:44.9914880-06:00,2026-03-10T22:23:44.9914880Z,GroundBall,v3,471379,,,"Clizbe, Brandon",838429,Right,NMS_AGG,2cd462c1-8e8a-454f-8b71-dfca56e4935d,55.27826,-119.24529,11.18216,5.62874,0.91847,-16.64908,-1.40697,1.94197,1.87573,,1.63687,117.94116,-19.38603,,,,,,,2.41233,7.87632,-19.39977,,,,,,,-0.12254,-72.45367,0.17117,,,,,,,,,,,,,,,,,,,,,,,,,,,,,High,High,High,High,High,,,,,,,,,,,,,,,,,,,,,,,,,,,,,,,,,,,,,
34,2026-03-10,16:24:18.35,2,1,"Price, JT",838436,Right,NMS_AGG,"Garcia, Santiago",10147459,Left,UNI_THE2,Undefined,2,Top,1,0,0,Fastball,Sinker,InPlay,Undefined,GroundBall,Single,0,0,,91.89819,-1.683355,-2.26261,2347.216403,228.903162,1:45,5.3189,1.61688,5.88152,-20.49052,12.35257,13.06083,2.04645,0.60303,84.72595,-5.508563,0.080461,0.412471,95.11188,-4.578845,-26.724049,,,,,21.93109,20.51911,-26.603488,0.15236,-7.31374,7.05792,-1.44198,50,5.171,4.72309,-133.51883,-4.61219,-13.31292,26.50213,-19.32681,NMS_AGG,UNI_THE2,PresleyAskewField,D1,CUSA,20260310-PresleyAskewField-2,e173d9b0-1ccf-11f1-886b-8de6524961d4,91.38205,2.07013,,7.17224,,,,1.14943,2.07013,-0.47741,6ee70939-121f-487f-ab01-d6bb8f265bb6,2026-03-10,22:24:18.35,2026-03-10T16:24:18.3512064-06:00,2026-03-10T22:24:18.3512064Z,GroundBall,v3,471379,,,"Clizbe, Brandon",838429,Right,NMS_AGG,5c987434-8f24-406c-ba0a-1274deb584d7,54.61828,-134.43239,13.25107,5.31851,-3.94597,-9.66341,-1.6127,5.182,-6.65646,46.223794,1.15004,124.1458,-19.65664,,,,,,,2.07042,-11.16157,-15.9453,,,,,,,-0.47762,-62.51274,7.80666,,,,,,,,,,,,,,,,,,,,,,,,,,,,,High,High,High,High,High,,,,,,,,,,,,,,,,,,,,,,,,,,,,,,,,,,,,,
35,2026-03-10,16:24:52.29,3,1,"Price, JT",838436,Right,NMS_AGG,"Chavez, Vyncent",1000510728,Right,UNI_THE2,Undefined,2,Top,1,0,0,Slider,Slider,StrikeSwinging,Undefined,Undefined,Undefined,0,0,,80.99306,-1.271847,-1.798569,2468.89533,58.47991,8:00,5.67709,1.48297,5.41654,-46.0642,-2.6078,-6.46937,0.64621,-0.74152,74.66442,-9.61825,-2.951734,0.474459,,,,,,,,,,,,2.79232,-0.67366,-1.31835,50,5.53139,3.9429,-117.56132,-4.20591,3.89395,23.02549,-33.11348,NMS_AGG,UNI_THE2,PresleyAskewField,D1,CUSA,20260310-PresleyAskewField-2,f5b78890-1ccf-11f1-886b-8de6524961d4,79.44304,,,6.32865,,,,,,,6ee70939-121f-487f-ab01-d6bb8f265bb6,2026-03-10,22:24:52.29,2026-03-10T16:24:52.2918912-06:00,2026-03-10T22:24:52.2918912Z,,v3,471379,,,"Clizbe, Brandon",838429,Right,NMS_AGG,2a8dc36d-4cac-48ea-ae57-f2b86b06fcec,55.08412,-118.55291,11.51275,5.68181,-2.77989,-16.55674,-1.48454,3.77521,1.94698,,,,,,,,,,,,,,,,,,,,,,,,,,,,,,,,,,,,,,,,,,,,,,,,,,,High,High,High,,,,,,,,,,,,,,,,,,,,,,,,,,,,,,,,,,,,,,,
36,2026-03-10,16:25:13.48,3,2,"Price, JT",838436,Right,NMS_AGG,"Chavez, Vyncent",1000510728,Right,UNI_THE2,Undefined,2,Top,1,0,1,Slider,Slider,BallCalled,Undefined,Undefined,Undefined,0,0,,79.93592,-0.493589,-1.110857,2439.685148,95.458681,9:15,5.60691,1.53936,5.47886,-42.08427,2.10453,-8.30989,1.63795,-0.19266,73.89063,-8.161742,-2.592879,0.47844,,,,,,,,,,,,3.91831,1.57063,-1.43601,50,5.53478,2.57613,-116.13751,-2.42374,5.37262,20.95363,-30.02044,NMS_AGG,UNI_THE2,PresleyAskewField,D1,CUSA,20260310-PresleyAskewField-2,02703780-1cd0-11f1-886b-8de6524961d4,78.78194,,,6.04529,,,,,,,6ee70939-121f-487f-ab01-d6bb8f265bb6,2026-03-10,22:25:13.48,2026-03-10T16:25:13.4864896-06:00,2026-03-10T22:25:13.4864896Z,,v3,471379,,,"Clizbe, Brandon",838429,Right,NMS_AGG,e6576e7c-87c2-4251-b869-a08b6efe9df0,55.02043,-117.0398,10.47681,5.61131,-1.13103,-15.01022,-1.54196,2.34477,2.68631,,,,,,,,,,,,,,,,,,,,,,,,,,,,,,,,,,,,,,,,,,,,,,,,,,,High,High,High,,,,,,,,,,,,,,,,,,,,,,,,,,,,,,,,,,,,,,,
37,2026-03-10,16:25:29.03,3,3,"Price, JT",838436,Right,NMS_AGG,"Chavez, Vyncent",1000510728,Right,UNI_THE2,Undefined,2,Top,1,1,1,Fastball,Sinker,InPlay,Undefined,GroundBall,Single,0,0,,92.10708,-2.211745,-2.359961,2275.692643,231.412593,1:45,5.33368,1.59095,5.89686,-20.69607,12.06733,13.89304,1.55291,0.55654,84.80554,-6.073232,0.133432,0.41197,93.4144,-25.016316,30.629906,,,,,3.01912,3.01912,19.257635,0.024565,-7.80126,7.06823,-1.40932,50,5.1436,4.9272,-133.75543,-5.86327,-14.21848,27.2113,-19.29158,NMS_AGG,UNI_THE2,PresleyAskewField,D1,CUSA,20260310-PresleyAskewField-2,0b920410-1cd0-11f1-886b-8de6524961d4,91.49309,1.42486,,7.30154,,,,0.22285,1.42486,-0.5599,6ee70939-121f-487f-ab01-d6bb8f265bb6,2026-03-10,22:25:29.03,2026-03-10T16:25:29.0358272-06:00,2026-03-10T22:25:29.0358272Z,GroundBall,v3,471379,,,"Clizbe, Brandon",838429,Right,NMS_AGG,6ade79a1-dca5-4f34-82e3-ff07c44d0e4a,54.60309,-134.68863,13.60565,5.33334,-5.20167,-9.64579,-1.58666,5.41481,-7.10924,,0.22237,106.95286,,,,,,,,1.42512,-58.00279,,,,,,,,-0.56018,63.32712,,,,,,,,,,,,,,,,,,,,,,,,,,,,,,High,High,High,Estimated,Estimated,,,,,,,,,,,,,,,,,,,,,,,,,,,,,,,,,,,,,
38,2026-03-10,16:26:50.01,4,1,"Price, JT",838436,Right,NMS_AGG,"Loving, Joshua",1000510771,Right,UNI_THE2,Undefined,2,Top,1,0,0,Fastball,Sinker,StrikeCalled,Undefined,Undefined,Undefined,0,0,,91.51335,-0.585012,-3.270561,2194.451092,230.493466,1:45,5.24387,1.6304,6.10531,-22.84659,10.1017,11.0589,2.79811,-0.47573,84.07992,-4.860193,-1.281442,0.413131,,,,,,,,,,,,-6.55839,5.6726,-1.38462,50,5.18681,7.13004,-132.88582,-2.10753,-11.79824,26.86063,-21.96929,NMS_AGG,UNI_THE2,PresleyAskewField,D1,CUSA,20260310-PresleyAskewField-2,3bddc140-1cd0-11f1-886b-8de6524961d4,91.23602,,,7.43343,,,,,,,6ee70939-121f-487f-ab01-d6bb8f265bb6,2026-03-10,22:26:50.01,2026-03-10T16:26:50.0190720-06:00,2026-03-10T22:26:50.0190720Z,,v3,471379,,,"Clizbe, Brandon",838429,Right,NMS_AGG,9a833e7f-7912-43ab-9dce-e59607b17194,54.39305,-133.77086,13.43032,5.24432,-1.38366,-10.98465,-1.62595,7.51878,-5.89912,,,,,,,,,,,,,,,,,,,,,,,,,,,,,,,,,,,,,,,,,,,,,,,,,,,High,High,High,,,,,,,,,,,,,,,,,,,,,,,,,,,,,,,,,,,,,,,
39,2026-03-10,16:27:05.60,4,2,"Price, JT",838436,Right,NMS_AGG,"Loving, Joshua",1000510771,Right,UNI_THE2,Undefined,2,Top,1,0,1,Fastball,Sinker,InPlay,Undefined,FlyBall,Out,1,0,,92.66645,-0.495383,-3.019694,2195.755498,229.092145,1:45,5.25494,1.43714,6.09605,-21.3484,10.78717,11.34178,3.01708,-0.41321,85.08909,-4.499117,-0.979439,0.408004,91.0123,45.021967,-3.371102,4185.528257,109.94811,98.87094,-3.37803,341.66778,338.32475,1.532819,5.823629,-6.69528,5.99296,-1.21065,50,5.20541,6.63065,-134.61108,-1.86548,-12.34943,27.78168,-21.12003,NMS_AGG,UNI_THE2,PresleyAskewField,D1,CUSA,20260310-PresleyAskewField-2,45227f20-1cd0-11f1-886b-8de6524961d4,92.38258,126.46858,,7.57736,,,,2.15497,3.14875,0.40043,6ee70939-121f-487f-ab01-d6bb8f265bb6,2026-03-10,22:27:05.60,2026-03-10T16:27:05.6005632-06:00,2026-03-10T22:27:05.6005632Z,FlyBall,v3,471379,,,"Clizbe, Brandon",838429,Right,NMS_AGG,7377ccec-c589-4e02-81ae-0ff65f821627,54.40353,-135.51685,13.89084,5.25501,-1.17689,-10.56002,-1.43339,7.03328,-6.17471,186.615844,2.15766,94.12868,-18.20582,4.29724,-0.51199,-0.0218,0.01678,-0.00208,9E-05,3.1491,94.41213,-21.09116,1.56706,-0.15946,-0.0324,0.01761,-0.00279,0.00015,0.39871,-5.51788,2.51837,-0.38017,0.00217,0.01494,-0.00278,0.00016,0,,,,,,,,,,,,,,,,,,,,,,,High,High,High,High,High,,,,,,,,,,,,,,,,,,,,,,,,,,,,,,,,,,,,,
40,2026-03-10,16:27:50.75,5,1,"Price, JT",838436,Right,NMS_AGG,"Marquez-Munoz, Carlos",1000510702,Right,UNI_THE2,Undefined,2,Top,2,0,0,Fastball,Four-Seam,InPlay,Undefined,FlyBall,Single,0,1,,92.63528,-0.810366,-2.340644,2181.584827,227.356547,1:30,5.32583,1.55082,6.09335,-21.15501,10.97079,10.8743,2.81269,0.29084,85.13314,-4.777253,-0.382714,0.407942,61.05109,28.503075,37.52613,4753.192093,82.22946,31.24885,73.06372,182.4793,178.90979,44.244175,2.942469,-6.2441,6.17059,-1.37621,50,5.25212,5.04584,-134.62061,-2.59884,-11.52384,27.67137,-20.7859,NMS_AGG,UNI_THE2,PresleyAskewField,D1,CUSA,20260310-PresleyAskewField-2,600e6f10-1cd0-11f1-886b-8de6524961d4,92.39657,32.01511,,7.50214,,,,0.65803,2.7786,-0.28463,6ee70939-121f-487f-ab01-d6bb8f265bb6,2026-03-10,22:27:50.75,2026-03-10T16:27:50.7500032-06:00,2026-03-10T22:27:50.7500032Z,Popup,v3,471379,,,"Clizbe, Brandon",838429,Right,NMS_AGG,9138cbb6-cd13-4e03-85f9-ce73085ce5cb,54.40554,-135.52315,13.83569,5.32583,-1.92088,-10.39295,-1.54692,5.4217,-5.76192,219.562312,0.65782,62.41538,-10.80963,2.64171,-0.70496,0.26972,-0.09777,0.0205,-0.00172,2.77885,42.71757,-16.42591,0.56535,0.18728,-0.21737,0.09286,-0.01797,0.0013,-0.28463,47.93055,-2.55836,0.49179,-0.06198,0.00369,-0.00114,0.00063,-8E-05,,,,,,,,,,,,,,,,,,,,,,,High,High,High,High,High,,,,,,,,,,,,,,,,,,,,,,,,,,,,,,,,,,,,,
41,2026-03-10,16:28:35.70,6,1,"Price, JT",838436,Right,NMS_AGG,"Sedillo, Timrod",1000510767,Right,UNI_THE2,Undefined,2,Top,2,0,0,Fastball,Sinker,StrikeSwinging,Undefined,Undefined,Undefined,0,0,,92.56662,-0.579851,-2.88316,2201.891236,230.70498,1:45,5.34502,1.50388,6.11118,-21.44596,10.36945,11.64946,3.02101,-0.19345,85.96957,-4.579005,-0.786427,0.405966,,,,,,,,,,,,-6.68311,5.76138,-1.28859,50,5.28906,6.29475,-134.62022,-2.07518,-12.48468,24.29965,-21.41125,NMS_AGG,UNI_THE2,PresleyAskewField,D1,CUSA,20260310-PresleyAskewField-2,7ad96980-1cd0-11f1-886b-8de6524961d4,92.84621,,,6.59705,,,,,,,6ee70939-121f-487f-ab01-d6bb8f265bb6,2026-03-10,22:28:35.70,2026-03-10T16:28:35.7017600-06:00,2026-03-10T22:28:35.7017600Z,,v3,471379,,,"Clizbe, Brandon",838429,Right,NMS_AGG,e50c5c2a-cb6d-4535-b6b2-029b113b422d,54.38876,-135.41009,12.14983,5.3452,-1.3792,-10.70562,-1.4998,6.70057,-6.24234,,,,,,,,,,,,,,,,,,,,,,,,,,,,,,,,,,,,,,,,,,,,,,,,,,,High,High,High,,,,,,,,,,,,,,,,,,,,,,,,,,,,,,,,,,,,,,,
42,2026-03-10,16:28:50.86,6,2,"Price, JT",838436,Right,NMS_AGG,"Sedillo, Timrod",1000510767,Right,UNI_THE2,Undefined,2,Top,2,0,1,Fastball,Sinker,StrikeCalled,Undefined,Undefined,Undefined,0,0,,92.51177,-1.533202,-3.692618,2301.132506,241.0006,2:00,5.22267,1.54799,6.12135,-23.12765,8.84457,14.38481,1.8747,-0.67167,85.82772,-5.831847,-1.104823,0.406966,,,,,,,,,,,,-8.34115,5.205,-1.27261,50,5.09282,8.08188,-134.387,-4.38077,-15.4902,24.89752,-22.50795,NMS_AGG,UNI_THE2,PresleyAskewField,D1,CUSA,20260310-PresleyAskewField-2,83e0f750-1cd0-11f1-886b-8de6524961d4,92.61821,,,6.68405,,,,,,,6ee70939-121f-487f-ab01-d6bb8f265bb6,2026-03-10,22:28:50.86,2026-03-10T16:28:50.8623872-06:00,2026-03-10T22:28:50.8623872Z,,v3,471379,,,"Clizbe, Brandon",838429,Right,NMS_AGG,0e8f71fe-402d-468a-a453-ad1d7feb021d,54.37933,-135.19591,12.44876,5.22328,-3.6495,-11.25397,-1.54337,8.58515,-7.7451,,,,,,,,,,,,,,,,,,,,,,,,,,,,,,,,,,,,,,,,,,,,,,,,,,,High,High,High,,,,,,,,,,,,,,,,,,,,,,,,,,,,,,,,,,,,,,,
43,2026-03-10,16:29:07.42,6,3,"Price, JT",838436,Right,NMS_AGG,"Sedillo, Timrod",1000510767,Right,UNI_THE2,Undefined,2,Top,2,0,2,Fastball,Four-Seam,BallCalled,Undefined,Undefined,Undefined,0,0,,92.55451,0.893114,-3.590761,2279.770155,219.222322,1:15,5.37983,1.30595,6.08432,-19.37462,12.61658,9.59508,4.59319,-1.22064,85.53776,-2.742245,-1.867882,0.407087,,,,,,,,,,,,-5.78142,6.57248,-1.03345,50,5.43842,8.02958,-134.44113,1.47835,-10.74477,24.92705,-19.9591,NMS_AGG,UNI_THE2,PresleyAskewField,D1,CUSA,20260310-PresleyAskewField-2,8dbe4bb0-1cd0-11f1-886b-8de6524961d4,92.59071,,,7.01675,,,,,,,6ee70939-121f-487f-ab01-d6bb8f265bb6,2026-03-10,22:29:07.42,2026-03-10T16:29:07.4214400-06:00,2026-03-10T22:29:07.4214400Z,,v3,471379,,,"Clizbe, Brandon",838429,Right,NMS_AGG,f8f73a5e-52ba-4d48-abf9-f2062bd658a3,54.41448,-135.25715,12.46352,5.37933,2.13174,-9.97955,-1.30206,8.38133,-5.37239,,,,,,,,,,,,,,,,,,,,,,,,,,,,,,,,,,,,,,,,,,,,,,,,,,,High,High,High,,,,,,,,,,,,,,,,,,,,,,,,,,,,,,,,,,,,,,,
44,2026-03-10,16:29:24.89,6,4,"Price, JT",838436,Right,NMS_AGG,"Sedillo, Timrod",1000510767,Right,UNI_THE2,Undefined,2,Top,2,1,2,Fastball,Four-Seam,FoulBallNotFieldable,Undefined,Undefined,Undefined,0,0,,92.66589,-0.640829,-3.207549,2314.56354,221.938713,1:30,5.27784,1.35562,6.12258,-18.85052,12.88623,10.83056,3.11361,-0.71011,86.05219,-4.173593,-1.259149,0.405464,91.93198,48.88181,49.513579,4841.177543,,,,,109.37515,,,-6.36008,7.08339,-1.11572,50,5.21872,7.10682,-134.73687,-2.11331,-11.90598,24.24455,-18.91404,NMS_AGG,UNI_THE2,PresleyAskewField,D1,CUSA,20260310-PresleyAskewField-2,982a4b80-1cd0-11f1-886b-8de6524961d4,92.96115,109.54466,,6.6137,,,,1.37306,3.24874,0.75392,6ee70939-121f-487f-ab01-d6bb8f265bb6,2026-03-10,22:29:24.89,2026-03-10T16:29:24.8932864-06:00,2026-03-10T22:29:24.8932864Z,,v3,471379,,,"Clizbe, Brandon",838429,Right,NMS_AGG,1420de9f-d9e9-4c4f-a158-ab46ccca9de3,54.37787,-135.52234,12.12228,5.27726,-1.50054,-9.45702,-1.35221,7.49254,-5.95299,,1.3731,57.56414,-15.98553,3.79962,-0.25921,-0.26637,0.09082,0.0084,-0.00634,3.24872,101.58046,-24.48417,2.98445,-0.98954,0.42837,-0.12845,0.01272,0.0016,0.75392,67.43746,-9.05465,1.94994,-0.38344,0.08673,-0.02607,0.00735,-0.00107,,,,,,,,,,,,,,,,,,,,,,,High,High,High,High,Undefined,,,,,,,,,,,,,,,,,,,,,,,,,,,,,,,,,,,,,
45,2026-03-10,16:29:50.28,6,5,"Price, JT",838436,Right,NMS_AGG,"Sedillo, Timrod",1000510767,Right,UNI_THE2,Undefined,2,Top,2,1,2,Slider,Slider,BallCalled,Undefined,Undefined,Undefined,0,0,,81.6506,-1.440649,-0.629266,2452.488078,81.6758,8:45,5.68345,1.36603,5.40142,-43.66388,-0.06988,-11.6454,0.6945,-0.19408,73.80854,-9.413484,-2.705836,0.475209,,,,,,,,,,,,5.71792,0.83098,-1.30126,50,5.52441,1.76695,-118.29581,-4.48934,7.90965,27.57187,-31.02453,NMS_AGG,UNI_THE2,PresleyAskewField,D1,CUSA,20260310-PresleyAskewField-2,a7509f10-1cd0-11f1-886b-8de6524961d4,79.31761,,,7.84205,,,,,,,6ee70939-121f-487f-ab01-d6bb8f265bb6,2026-03-10,22:29:50.28,2026-03-10T16:29:50.2871040-06:00,2026-03-10T22:29:50.2871040Z,,v3,471379,,,"Clizbe, Brandon",838429,Right,NMS_AGG,41da5ede-f72c-4274-a861-8be456ce7ede,55.09652,-119.47779,13.78594,5.68835,-3.15936,-15.51226,-1.36974,1.42787,3.95483,,,,,,,,,,,,,,,,,,,,,,,,,,,,,,,,,,,,,,,,,,,,,,,,,,,High,High,High,,,,,,,,,,,,,,,,,,,,,,,,,,,,,,,,,,,,,,,
46,2026-03-10,16:30:10.50,6,6,"Price, JT",838436,Right,NMS_AGG,"Sedillo, Timrod",1000510767,Right,UNI_THE2,Undefined,2,Top,2,2,2,Fastball,Four-Seam,InPlay,Undefined,FlyBall,Out,1,0,,92.73878,-1.197938,-2.481833,2326.028662,205.364506,12:45,5.35627,1.43263,6.19246,-18.0191,14.24753,6.25087,2.74752,-0.33916,84.40101,-4.625148,-1.354854,0.408835,90.6936,49.931305,17.422248,4690.649048,101.1418,112.44228,43.24737,301.45552,267.20016,31.536283,5.828988,-3.98764,8.05871,-1.24887,50,5.25689,5.5762,-134.62741,-3.36168,-7.28037,30.64814,-17.46092,NMS_AGG,UNI_THE2,PresleyAskewField,D1,CUSA,20260310-PresleyAskewField-2,b358e9c0-1cd0-11f1-886b-8de6524961d4,92.19473,132.79179,,8.33777,,,,2.0622,2.86312,0.34726,6ee70939-121f-487f-ab01-d6bb8f265bb6,2026-03-10,22:30:10.50,2026-03-10T16:30:10.5098240-06:00,2026-03-10T22:30:10.5098240Z,FlyBall,v3,471379,,,"Clizbe, Brandon",838429,Right,NMS_AGG,fa29cce4-4a02-4c1b-b5ca-3df87ac021b2,54.30549,-135.60402,15.32407,5.35515,-2.80529,-8.73046,-1.43025,5.8082,-3.64019,203.785124,2.06468,81.65857,-18.63241,4.5812,-0.81365,0.11706,-0.01514,0.00152,-7E-05,2.8705,101.65069,-24.16852,2.02135,0.01958,-0.14048,0.03928,-0.00471,0.00021,0.34742,25.63302,0.5583,-0.19275,0.06346,-0.01511,0.00244,-0.00023,1E-05,,,,,,,,,,,,,,,,,,,,,,,High,High,High,High,Medium,,,,,,,,,,,,,,,,,,,,,,,,,,,,,,,,,,,,,
47,2026-03-10,16:33:06.80,1,1,"Wajima, Kaigo",1000510773,Left,UNI_THE2,"Kaufman, Camden",831503,Right,NMS_AGG,Undefined,2,Bottom,0,0,0,Fastball,Changeup,BallCalled,Undefined,Undefined,Undefined,0,0,,83.74675,1.895645,0.664708,1956.14407,127.480726,10:15,5.98254,-1.38333,5.95307,-27.53222,12.41024,-14.49056,5.44696,-1.9744,76.03488,-3.281265,-1.937757,0.454872,,,,,,,,,,,,7.56725,6.19831,1.33827,50,6.11792,-0.82394,-121.54686,3.18566,11.25939,25.02399,-22.95147,NMS_AGG,UNI_THE2,PresleyAskewField,D1,CUSA,20260310-PresleyAskewField-2,1c71f910-1cd1-11f1-886b-8de6524961d4,82.86389,,,7.71187,,,,,,,6ee70939-121f-487f-ab01-d6bb8f265bb6,2026-03-10,22:33:06.80,2026-03-10T16:33:06.8041216-06:00,2026-03-10T22:33:06.8041216Z,,v3,471379,,,"Loving, Joshua",1000510771,Right,UNI_THE2,6ebc4b41-3bc2-431e-bc96-f9e8392c3f30,54.54247,-122.47849,12.512,5.98341,4.04013,-11.47574,1.37675,-1.24312,5.6297,,,,,,,,,,,,,,,,,,,,,,,,,,,,,,,,,,,,,,,,,,,,,,,,,,,High,High,High,,,,,,,,,,,,,,,,,,,,,,,,,,,,,,,,,,,,,,,
48,2026-03-10,16:33:22.62,1,2,"Wajima, Kaigo",1000510773,Left,UNI_THE2,"Kaufman, Camden",831503,Right,NMS_AGG,Undefined,2,Bottom,0,1,0,Fastball,Changeup,StrikeCalled,Undefined,Undefined,Undefined,0,0,,82.32108,-0.310854,3.139902,1809.354615,121.476073,10:00,5.78712,-1.36476,5.98471,-31.43041,9.13201,-13.10324,2.87937,0.45641,76.39625,-6.12742,0.786964,0.458388,,,,,,,,,,,,7.4887,5.12138,1.12402,50,5.74498,-6.06785,-119.64001,-1.6283,11.01461,19.88607,-24.64138,NMS_AGG,UNI_THE2,PresleyAskewField,D1,CUSA,20260310-PresleyAskewField-2,25ea2300-1cd1-11f1-886b-8de6524961d4,82.22825,,,5.92484,,,,,,,6ee70939-121f-487f-ab01-d6bb8f265bb6,2026-03-10,22:33:22.62,2026-03-10T16:33:22.6202112-06:00,2026-03-10T22:33:22.6202112Z,,v3,471379,,,"Loving, Joshua",1000510771,Right,UNI_THE2,be0b26ac-00db-4fd7-8e45-fbcce6b704cf,54.51487,-120.38812,9.94303,5.7888,-0.7013,-12.32069,1.36008,-6.48221,5.5073,,,,,,,,,,,,,,,,,,,,,,,,,,,,,,,,,,,,,,,,,,,,,,,,,,,High,High,High,,,,,,,,,,,,,,,,,,,,,,,,,,,,,,,,,,,,,,,
49,2026-03-10,16:33:37.68,1,3,"Wajima, Kaigo",1000510773,Left,UNI_THE2,"Kaufman, Camden",831503,Right,NMS_AGG,Undefined,2,Bottom,0,1,1,ChangeUp,Changeup,FoulBallNotFieldable,Undefined,Undefined,Undefined,0,0,,76.29307,-0.419863,2.148249,1231.614527,127.717919,10:15,5.81474,-1.14352,5.84421,-40.12943,7.838,-8.22422,2.08017,0.16842,70.29181,-7.822165,0.672738,0.498476,99.67029,21.885209,-43.580397,1991.869945,78.031,34.25737,-77.53163,309.53857,292.40714,-49.124137,3.102877,4.8324,4.5341,0.9737,50,5.75679,-3.86736,-110.81977,-2.00444,6.02051,19.46429,-26.52522,NMS_AGG,UNI_THE2,PresleyAskewField,D1,CUSA,20260310-PresleyAskewField-2,2ee1f960-1cd1-11f1-886b-8de6524961d4,75.61529,39.80432,,6.00126,,,,2.86673,2.3694,-0.22885,6ee70939-121f-487f-ab01-d6bb8f265bb6,2026-03-10,22:33:37.68,2026-03-10T16:33:37.6893952-06:00,2026-03-10T22:33:37.6893952Z,LineDrive,v3,471379,,,"Loving, Joshua",1000510771,Right,UNI_THE2,1d485032-d38f-4d93-846b-a7557107c5c1,54.65484,-111.63435,9.73215,5.81745,-0.89436,-13.26261,1.14082,-4.11932,3.01026,,2.86655,98.27113,-16.84566,3.4745,-0.91843,0.25859,-0.06847,0.01146,-0.00078,2.36948,54.48633,-22.46204,2.37113,-0.4334,0.0565,-0.00073,-0.00053,0,-0.22867,-93.51849,6.37638,-0.27048,0.07552,-0.06235,0.02949,-0.00559,0.00037,,,,,,,,,,,,,,,,,,,,,,,High,High,High,High,Medium,,,,,,,,,,,,,,,,,,,,,,,,,,,,,,,,,,,,,
50,2026-03-10,16:33:58.88,1,4,"Wajima, Kaigo",1000510773,Left,UNI_THE2,"Kaufman, Camden",831503,Right,NMS_AGG,Undefined,2,Bottom,0,1,2,Fastball,Changeup,BallCalled,Undefined,Undefined,Undefined,0,0,,83.72623,0.662161,2.068394,2052.195017,130.623551,10:15,5.95301,-1.33075,6.04994,-26.02041,13.26257,-14.14056,4.39803,-0.59358,77.08351,-4.212303,-0.475432,0.451101,,,,,,,,,,,,7.78685,7.01851,1.17721,50,5.99043,-3.84567,-121.70351,0.62894,11.78079,21.93701,-21.55569,NMS_AGG,UNI_THE2,PresleyAskewField,D1,CUSA,20260310-PresleyAskewField-2,3b852480-1cd1-11f1-886b-8de6524961d4,83.55656,,,6.64272,,,,,,,6ee70939-121f-487f-ab01-d6bb8f265bb6,2026-03-10,22:33:58.88,2026-03-10T16:33:58.8833280-06:00,2026-03-10T22:33:58.8833280Z,,v3,471379,,,"Loving, Joshua",1000510771,Right,UNI_THE2,d1ed23dd-59a4-4cdc-ad6f-fbd8b3d66372,54.44814,-122.50266,10.96851,5.95322,1.4142,-10.77784,1.32512,-4.27484,5.89039,,,,,,,,,,,,,,,,,,,,,,,,,,,,,,,,,,,,,,,,,,,,,,,,,,,High,High,High,,,,,,,,,,,,,,,,,,,,,,,,,,,,,,,,,,,,,,,
51,2026-03-10,16:34:16.09,1,5,"Wajima, Kaigo",1000510773,Left,UNI_THE2,"Kaufman, Camden",831503,Right,NMS_AGG,Undefined,2,Bottom,0,2,2,Fastball,Changeup,InPlay,Undefined,FlyBall,Double,0,0,,83.04347,-1.161063,2.874061,1807.380298,113.887041,9:45,5.80311,-1.25221,5.92515,-31.36998,8.51123,-16.78985,2.11011,0.01766,77.29385,-6.944696,-0.14074,0.454523,94.71365,30.578947,-8.788211,1398.673841,109.1949,53.78234,-13.28396,401.42675,394.85528,-3.879976,4.505892,9.37438,4.95862,1.03219,50,5.69203,-5.43366,-120.73606,-3.445,14.05709,20.01003,-24.7385,NMS_AGG,UNI_THE2,PresleyAskewField,D1,CUSA,20260310-PresleyAskewField-2,45bd9130-1cd1-11f1-886b-8de6524961d4,82.92754,72.47307,,5.74962,,,,2.0655,2.24769,-0.02534,6ee70939-121f-487f-ab01-d6bb8f265bb6,2026-03-10,22:34:16.09,2026-03-10T16:34:16.0961024-06:00,2026-03-10T22:34:16.0961024Z,FlyBall,v3,471379,,,"Loving, Joshua",1000510771,Right,UNI_THE2,2845ec18-88f8-4074-876d-62c108c03fba,54.57618,-121.49212,10.00502,5.80453,-2.51028,-12.36925,1.24754,-5.96479,7.02855,234.998964,2.06569,118.18699,-12.30219,2.44054,-0.54146,0.15727,-0.04951,0.00926,-0.00066,2.24671,70.69206,-20.37675,1.82772,-0.42714,0.10022,-0.01588,0.00185,-0.00012,-0.02396,-18.30187,6.57721,-2.15073,0.73232,-0.24516,0.06199,-0.00867,0.00047,,,,,,,,,,,,,,,,,,,,,,,High,High,High,High,High,,,,,,,,,,,,,,,,,,,,,,,,,,,,,,,,,,,,,
52,2026-03-10,16:34:57.39,2,1,"Wajima, Kaigo",1000510773,Left,UNI_THE2,"Solorzano, Steve",814833,Right,NMS_AGG,Undefined,2,Bottom,0,0,0,Fastball,Changeup,HitByPitch,Undefined,Undefined,Undefined,0,0,,82.87958,-0.775883,3.768057,2020.380898,147.542298,11:00,5.87197,-1.20793,5.95117,-21.99497,18.04721,-10.7904,3.31787,1.39252,76.91704,-4.895334,1.835273,0.455439,,,,,,,,,,,,6.43237,9.80422,0.91416,50,5.79765,-7.52009,-120.37117,-2.26952,9.60059,19.58004,-17.54086,NMS_AGG,UNI_THE2,PresleyAskewField,D1,CUSA,20260310-PresleyAskewField-2,5e613ed0-1cd1-11f1-886b-8de6524961d4,82.76065,,,5.96253,,,,,,,6ee70939-121f-487f-ab01-d6bb8f265bb6,2026-03-10,22:34:57.39,2026-03-10T16:34:57.3935104-06:00,2026-03-10T22:34:57.3935104Z,,v3,471379,,,"Loving, Joshua",1000510771,Right,UNI_THE2,0270bb31-944e-4302-b54b-80e0e0f234b6,54.54833,-121.10875,9.79002,5.8707,-1.60874,-8.77043,1.20426,-7.88175,4.8003,,,,,,,,,,,,,,,,,,,,,,,,,,,,,,,,,,,,,,,,,,,,,,,,,,,High,High,High,,,,,,,,,,,,,,,,,,,,,,,,,,,,,,,,,,,,,,,
53,2026-03-10,16:35:35.50,3,1,"Wajima, Kaigo",1000510773,Left,UNI_THE2,"Taclas, Aidan",838428,Left,NMS_AGG,Undefined,2,Bottom,0,0,0,Fastball,Changeup,FoulBallNotFieldable,Undefined,Undefined,Undefined,0,0,,83.13045,-0.848465,2.561727,1905.580117,131.99981,10:30,5.88364,-1.62451,5.99669,-27.86828,11.70367,-11.84926,2.77423,-0.23659,77.46392,-6.01294,0.432081,0.452757,75.36955,50.990692,-37.446697,,82.34126,102.78982,-72.93775,220.39348,97.59404,-43.700973,5.255042,6.72205,6.54449,1.4295,50,5.80118,-4.96887,-120.91883,-2.64973,10.13924,19.42969,-22.30265,NMS_AGG,UNI_THE2,PresleyAskewField,D1,CUSA,20260310-PresleyAskewField-2,75148e20-1cd1-11f1-886b-8de6524961d4,83.25094,104.49005,,5.66654,,,,0.53899,2.78469,0.20468,6ee70939-121f-487f-ab01-d6bb8f265bb6,2026-03-10,22:35:35.50,2026-03-10T16:35:35.5064320-06:00,2026-03-10T22:35:35.5064320Z,Popup,v3,471379,,,"Loving, Joshua",1000510771,Right,UNI_THE2,6f0e4b41-bac5-4b00-b9b7-b92e101497bc,54.5038,-121.64036,9.71484,5.88421,-1.8215,-11.15133,1.62101,-5.3454,5.06962,165.640394,0.54283,55.15164,-12.95183,2.75065,-0.07367,-0.14377,0.04212,-0.00507,0.00023,2.78214,85.94341,-21.25929,1.99382,-0.41699,0.04756,0.00458,-0.00181,0.00013,0.20275,-42.26566,6.02016,-1.12324,0.02215,0.05338,-0.01413,0.00152,-6E-05,,,,,,,,,,,,,,,,,,,,,,,High,High,High,High,Low,,,,,,,,,,,,,,,,,,,,,,,,,,,,,,,,,,,,,
54,2026-03-10,16:36:14.11,3,2,"Wajima, Kaigo",1000510773,Left,UNI_THE2,"Taclas, Aidan",838428,Left,NMS_AGG,Undefined,2,Bottom,0,0,1,Slider,Changeup,StrikeCalled,Undefined,Undefined,Undefined,0,0,,67.09301,1.766899,1.770376,1520.388177,114.243995,9:45,5.72637,-0.99861,6.49006,-56.45365,5.72134,-7.35807,2.64525,0.01398,60.36476,-8.844986,0.434427,0.567518,,,,,,,,,,,,4.4537,3.09988,0.87734,50,5.82661,-2.7815,-97.2556,1.65635,4.15369,18.98427,-29.28297,NMS_AGG,UNI_THE2,PresleyAskewField,D1,CUSA,20260310-PresleyAskewField-2,8c312690-1cd1-11f1-886b-8de6524961d4,66.41634,,,6.72825,,,,,,,6ee70939-121f-487f-ab01-d6bb8f265bb6,2026-03-10,22:36:14.11,2026-03-10T16:36:14.1173248-06:00,2026-03-10T22:36:14.1173248Z,,v3,471379,,,"Loving, Joshua",1000510771,Right,UNI_THE2,12b524ae-796e-4dce-b5de-8a18dae3ec4d,54.00364,-98.034,9.49213,5.73408,2.85701,-14.64148,0.99488,-2.95181,2.07685,,,,,,,,,,,,,,,,,,,,,,,,,,,,,,,,,,,,,,,,,,,,,,,,,,,High,High,High,,,,,,,,,,,,,,,,,,,,,,,,,,,,,,,,,,,,,,,
55,2026-03-10,16:36:31.98,3,3,"Wajima, Kaigo",1000510773,Left,UNI_THE2,"Taclas, Aidan",838428,Left,NMS_AGG,Undefined,2,Bottom,0,0,2,Slider,Curveball,BallCalled,Undefined,Undefined,Undefined,0,0,,73.01334,-1.496763,2.451907,1829.115932,243.455039,2:00,5.80243,-1.34228,5.59193,-47.10081,6.57552,9.45024,0.47824,1.73598,66.88163,-10.10378,4.139326,0.527306,,,,,,,,,,,,-4.07079,4.28721,1.1254,50,5.64328,-4.86029,-105.81366,-4.16316,-4.55581,20.22859,-27.37607,NMS_AGG,UNI_THE2,PresleyAskewField,D1,CUSA,20260310-PresleyAskewField-2,96cc25a0-1cd1-11f1-886b-8de6524961d4,71.48113,,,6.13171,,,,,,,6ee70939-121f-487f-ab01-d6bb8f265bb6,2026-03-10,22:36:31.98,2026-03-10T16:36:31.9883776-06:00,2026-03-10T22:36:31.9883776Z,,v3,471379,,,"Loving, Joshua",1000510771,Right,UNI_THE2,47604c88-a8fc-40c3-998f-3e255d88d135,54.906,-106.74743,10.11429,5.80629,-2.89946,-13.68804,1.3449,-4.64999,-2.2779,,,,,,,,,,,,,,,,,,,,,,,,,,,,,,,,,,,,,,,,,,,,,,,,,,,High,High,High,,,,,,,,,,,,,,,,,,,,,,,,,,,,,,,,,,,,,,,
56,2026-03-10,16:36:51.96,3,4,"Wajima, Kaigo",1000510773,Left,UNI_THE2,"Taclas, Aidan",838428,Left,NMS_AGG,Undefined,2,Bottom,0,1,2,Slider,Curveball,BallCalled,Undefined,Undefined,Undefined,0,0,,73.87844,-1.566238,4.156661,1827.217075,253.916772,2:30,5.81885,-1.29421,5.64075,-48.11908,4.75189,9.83827,0.34365,3.40999,67.32891,-10.349383,5.90865,0.523335,,,,,,,,,,,,-3.61051,3.49032,0.93425,50,5.65515,-8.11523,-106.79908,-4.37429,-4.08875,21.73843,-28.22142,NMS_AGG,UNI_THE2,PresleyAskewField,D1,CUSA,20260310-PresleyAskewField-2,a2b4da60-1cd1-11f1-886b-8de6524961d4,72.02347,,,6.54953,,,,,,,6ee70939-121f-487f-ab01-d6bb8f265bb6,2026-03-10,22:36:51.96,2026-03-10T16:36:51.9658496-06:00,2026-03-10T22:36:51.9658496Z,,v3,471379,,,"Loving, Joshua",1000510771,Right,UNI_THE2,e70e34fa-f35c-442c-9516-dd31b0569b7a,54.85514,-107.78279,10.86922,5.82421,-3.09721,-14.11071,1.2973,-7.9302,-2.04437,,,,,,,,,,,,,,,,,,,,,,,,,,,,,,,,,,,,,,,,,,,,,,,,,,,High,High,High,,,,,,,,,,,,,,,,,,,,,,,,,,,,,,,,,,,,,,,
57,2026-03-10,16:38:02.17,3,5,"Wajima, Kaigo",1000510773,Left,UNI_THE2,"Taclas, Aidan",838428,Left,NMS_AGG,Undefined,2,Bottom,0,2,2,Fastball,Changeup,BallCalled,Undefined,Undefined,Undefined,0,0,,83.50418,-3.119197,2.837628,1870.227021,123.909983,10:15,5.89412,-1.3463,5.78921,-29.65628,10.60741,-13.89887,0.51469,0.13734,76.94983,-8.584069,0.346869,0.456697,,,,,,,,,,,,7.94374,6.63264,1.12129,50,5.61889,-5.46432,-121.06326,-7.55463,11.81488,23.15492,-22.30922,NMS_AGG,UNI_THE2,PresleyAskewField,D1,CUSA,20260310-PresleyAskewField-2,cc80c610-1cd1-11f1-886b-8de6524961d4,82.53274,,,6.55435,,,,,,,6ee70939-121f-487f-ab01-d6bb8f265bb6,2026-03-10,22:38:02.17,2026-03-10T16:38:02.1790720-06:00,2026-03-10T22:38:02.1790720Z,,v3,471379,,,"Loving, Joshua",1000510771,Right,UNI_THE2,1940a555-051d-49ec-96f4-fa8b8850e80e,54.71042,-121.96086,11.57746,5.89498,-6.68981,-11.15461,1.34199,-5.92233,5.90744,,,,,,,,,,,,,,,,,,,,,,,,,,,,,,,,,,,,,,,,,,,,,,,,,,,High,High,High,,,,,,,,,,,,,,,,,,,,,,,,,,,,,,,,,,,,,,,
58,2026-03-10,16:38:21.33,3,6,"Wajima, Kaigo",1000510773,Left,UNI_THE2,"Taclas, Aidan",838428,Left,NMS_AGG,Undefined,2,Bottom,0,3,2,ChangeUp,Changeup,FoulBallNotFieldable,Undefined,Undefined,Undefined,0,0,,78.50216,-0.310867,1.332146,1458.916357,117.450493,10:00,5.79726,-1.21851,5.97417,-37.87915,7.49351,-11.54946,2.35241,-0.94581,71.75481,-7.342494,-0.746137,0.484807,,,,,,,,,,,,6.35733,4.36772,1.11967,50,5.75163,-2.23199,-114.01613,-1.75056,8.31834,22.13632,-26.45907,NMS_AGG,UNI_THE2,PresleyAskewField,D1,CUSA,20260310-PresleyAskewField-2,d7f200e0-1cd1-11f1-886b-8de6524961d4,77.74738,,,6.74735,,,,,,,6ee70939-121f-487f-ab01-d6bb8f265bb6,2026-03-10,22:38:21.33,2026-03-10T16:38:21.3315584-06:00,2026-03-10T22:38:21.3315584Z,,v3,471379,,,"Loving, Joshua",1000510771,Right,UNI_THE2,97ecf5f6-ed76-4e59-b108-1d2ac713682f,54.52378,-114.89107,11.06816,5.80015,-0.70477,-13.22953,1.21438,-2.56077,4.15917,,,,,,,,,,,,,,,,,,,,,,,,,,,,,,,,,,,,,,,,,,,,,,,,,,,High,High,High,,,,,,,,,,,,,,,,,,,,,,,,,,,,,,,,,,,,,,,
59,2026-03-10,16:38:43.74,3,7,"Wajima, Kaigo",1000510773,Left,UNI_THE2,"Taclas, Aidan",838428,Left,NMS_AGG,Undefined,2,Bottom,0,3,2,Slider,Curveball,InPlay,Undefined,LineDrive,Single,0,1,,68.7831,2.760021,0.56947,1821.514256,319.603098,4:45,5.76791,-1.22217,5.61117,-66.37519,-7.0841,7.46209,2.81487,-0.06879,63.84754,-9.32012,1.903009,0.5542,93.59792,13.821665,27.484745,1324.476224,96.41982,20.49474,52.94518,270.29574,262.80884,31.624617,2.471284,-3.66673,-3.90681,1.16844,50,5.96014,-1.23797,-99.94527,2.89199,-3.73215,15.1617,-36.15057,NMS_AGG,UNI_THE2,PresleyAskewField,D1,CUSA,20260310-PresleyAskewField-2,e578d540-1cd1-11f1-886b-8de6524961d4,68.0124,21.47268,,4.93556,,,,2.18013,3.04662,0.14559,6ee70939-121f-487f-ab01-d6bb8f265bb6,2026-03-10,22:38:43.74,2026-03-10T16:38:43.7458432-06:00,2026-03-10T22:38:43.7458432Z,LineDrive,v3,471379,,,"Loving, Joshua",1000510771,Right,UNI_THE2,1154a0b5-8f66-4864-ae3e-782dd3ad475c,54.89137,-100.68456,7.58085,5.77615,4.6547,-18.07529,1.22437,-1.05599,-1.86608,,2.18013,118.25642,-15.22355,2.86653,-0.57053,0.10449,-0.01773,0.00242,-0.00017,3.04662,32.79548,-15.46087,0.88692,-0.13017,0.02382,-0.00208,0.00019,-2E-05,0.14559,61.52042,-2.11637,0.17081,0.00766,-0.00754,0.00186,-0.00024,1E-05,,,,,,,,,,,,,,,,,,,,,,,High,High,High,High,Medium,,,,,,,,,,,,,,,,,,,,,,,,,,,,,,,,,,,,,
60,2026-03-10,16:39:27.09,4,1,"Wajima, Kaigo",1000510773,Left,UNI_THE2,"Vest, Boston",838426,Right,NMS_AGG,Undefined,2,Bottom,0,0,0,Fastball,Changeup,BallCalled,Undefined,Undefined,Undefined,0,0,,82.75932,-1.424594,1.218013,1776.379606,116.895872,10:00,5.84134,-1.32011,5.93032,-31.31427,8.87792,-15.32398,1.90952,-1.46687,76.9507,-7.199491,-1.53781,0.456291,,,,,,,,,,,,8.18268,5.25126,1.23157,50,5.70963,-1.97631,-120.38144,-3.98538,12.1655,20.48948,-24.36682,NMS_AGG,UNI_THE2,PresleyAskewField,D1,CUSA,20260310-PresleyAskewField-2,ff223310-1cd1-11f1-886b-8de6524961d4,82.6061,,,5.80863,,,,,,,6ee70939-121f-487f-ab01-d6bb8f265bb6,2026-03-10,22:39:27.09,2026-03-10T16:39:27.0990848-06:00,2026-03-10T22:39:27.0990848Z,,v3,471379,,,"Loving, Joshua",1000510771,Right,UNI_THE2,fcbb4053-b5b3-4924-8fcf-7e3562e3fc0f,54.56959,-121.15671,10.24474,5.84298,-3.0634,-12.18341,1.31506,-2.43661,6.08275,,,,,,,,,,,,,,,,,,,,,,,,,,,,,,,,,,,,,,,,,,,,,,,,,,,High,High,High,,,,,,,,,,,,,,,,,,,,,,,,,,,,,,,,,,,,,,,
61,2026-03-10,16:39:44.04,4,2,"Wajima, Kaigo",1000510773,Left,UNI_THE2,"Vest, Boston",838426,Right,NMS_AGG,Undefined,2,Bottom,0,1,0,ChangeUp,Changeup,FoulBallNotFieldable,Undefined,Undefined,Undefined,0,0,,76.92473,-0.958101,1.977009,1410.33534,104.369506,9:30,5.79526,-1.26954,5.92217,-42.20695,3.92752,-10.91099,1.38835,-0.34353,72.38103,-8.667857,0.014506,0.48886,,,,,,,,,,,,6.09496,2.53284,1.11782,50,5.69393,-3.49328,-111.98867,-3.14636,7.91457,15.95396,-28.88503,NMS_AGG,UNI_THE2,PresleyAskewField,D1,CUSA,20260310-PresleyAskewField-2,09548540-1cd2-11f1-886b-8de6524961d4,77.1028,,,4.5437,,,,,,,6ee70939-121f-487f-ab01-d6bb8f265bb6,2026-03-10,22:39:44.04,2026-03-10T16:39:44.0472064-06:00,2026-03-10T22:39:44.0472064Z,,v3,471379,,,"Loving, Joshua",1000510771,Right,UNI_THE2,d3896040-aaa8-4499-8a23-b100f3610d8b,54.57979,-112.63922,7.97698,5.79821,-1.96852,-14.44252,1.26684,-3.81601,3.95729,,,,,,,,,,,,,,,,,,,,,,,,,,,,,,,,,,,,,,,,,,,,,,,,,,,High,High,High,,,,,,,,,,,,,,,,,,,,,,,,,,,,,,,,,,,,,,,
62,2026-03-10,16:40:01.10,4,3,"Wajima, Kaigo",1000510773,Left,UNI_THE2,"Vest, Boston",838426,Right,NMS_AGG,Undefined,2,Bottom,0,1,1,Fastball,Changeup,InPlay,Undefined,Bunt,Out,1,0,,82.88036,-0.529401,3.01996,2023.410073,133.15464,10:30,5.82617,-1.22915,5.95217,-25.95446,14.65725,-14.25477,3.17163,0.38629,75.79716,-5.398943,0.462126,0.458667,30.52685,-47.96503,-13.920044,,,,,4.51626,2.85815,-15.603581,0.101073,8.20343,8.06091,0.99714,50,5.76949,-5.80154,-120.29512,-1.88346,12.01898,23.36666,-20.36387,NMS_AGG,UNI_THE2,PresleyAskewField,D1,CUSA,20260310-PresleyAskewField-2,136349e0-1cd2-11f1-886b-8de6524961d4,82.1783,3.45046,,7.08319,,,,1.33049,3.45046,-0.46646,6ee70939-121f-487f-ab01-d6bb8f265bb6,2026-03-10,22:40:01.10,2026-03-10T16:40:01.1085312-06:00,2026-03-10T22:40:01.1085312Z,GroundBall,v3,471379,,,"Loving, Joshua",1000510771,Right,UNI_THE2,f1a17bfd-58be-459f-a484-d9a7cec70576,54.54634,-121.175,11.68333,5.82598,-1.11665,-10.18194,1.22412,-6.25412,6.00949,,1.3179,29.87275,,,,,,,,3.46485,-34.13894,,,,,,,,-0.46334,-7.40385,,,,,,,,,,,,,,,,,,,,,,,,,,,,,,High,High,High,Low,Low,,,,,,,,,,,,,,,,,,,,,,,,,,,,,,,,,,,,,
63,2026-03-10,16:40:37.54,5,1,"Wajima, Kaigo",1000510773,Left,UNI_THE2,"Daniels, Chris",827428,Right,NMS_AGG,Undefined,2,Bottom,1,0,0,ChangeUp,Changeup,InPlay,Undefined,GroundBall,Out,1,1,,79.06304,0.092225,1.663273,1372.365209,113.867698,9:45,5.86602,-1.09937,5.94135,-37.61022,6.8265,-12.37591,2.81742,-0.58741,72.75648,-6.868439,-0.561382,0.47978,104.86722,1.865793,11.150741,1544.611842,,,,85.55418,82.04355,12.999734,0.588099,6.83595,3.87016,0.97396,50,5.85204,-2.88553,-114.90793,-0.95932,9.16404,20.76464,-26.98585,NMS_AGG,UNI_THE2,PresleyAskewField,D1,CUSA,20260310-PresleyAskewField-2,2921b1e0-1cd2-11f1-886b-8de6524961d4,78.56188,3.19417,,6.30656,,,,1.28483,2.83333,0.52199,6ee70939-121f-487f-ab01-d6bb8f265bb6,2026-03-10,22:40:37.54,2026-03-10T16:40:37.5451136-06:00,2026-03-10T22:40:37.5451136Z,GroundBall,v3,471379,,,"Loving, Joshua",1000510771,Right,UNI_THE2,5b4a91d4-476e-4d34-be64-579e52e3480e,54.55772,-115.72862,10.38232,5.86888,0.10724,-13.49293,1.09517,-3.24772,4.58202,275.607524,1.31032,150.23882,-18.29674,,,,,,,2.84617,4.71447,-16.2809,,,,,,,0.51108,29.97979,3.21825,,,,,,,,,,,,,,,,,,,,,,,,,,,,,High,High,High,High,High,,,,,,,,,,,,,,,,,,,,,,,,,,,,,,,,,,,,,
64,2026-03-10,16:41:08.81,6,1,"Wajima, Kaigo",1000510773,Left,UNI_THE2,"Clough De Los Santos, Jonatan",10113700,Right,NMS_AGG,Undefined,2,Bottom,2,0,0,Slider,Curveball,BallCalled,Undefined,Undefined,Undefined,0,0,,66.55981,1.504473,1.626173,2476.962982,316.609832,4:30,5.60186,-0.98012,6.51807,-61.0881,1.23067,0.87898,1.89246,0.5856,60.80425,-9.884786,1.785964,0.568173,,,,,,,,,,,,0.05902,0.75492,0.86656,50,5.68064,-2.76946,-96.66015,1.09046,0.05501,17.13159,-31.47032,NMS_AGG,UNI_THE2,PresleyAskewField,D1,CUSA,20260310-PresleyAskewField-2,3bd65c50-1cd2-11f1-886b-8de6524961d4,66.33969,,,5.75556,,,,,,,6ee70939-121f-487f-ab01-d6bb8f265bb6,2026-03-10,22:41:08.81,2026-03-10T16:41:08.8198144-06:00,2026-03-10T22:41:08.8198144Z,,v3,471379,,,"Loving, Joshua",1000510771,Right,UNI_THE2,10bc4d4f-cf57-4588-81f1-a9ae46bf877f,53.97984,-97.36297,8.5658,5.60943,2.38151,-15.73516,0.98022,-2.77171,0.0275,,,,,,,,,,,,,,,,,,,,,,,,,,,,,,,,,,,,,,,,,,,,,,,,,,,High,High,High,,,,,,,,,,,,,,,,,,,,,,,,,,,,,,,,,,,,,,,
65,2026-03-10,16:41:22.54,6,2,"Wajima, Kaigo",1000510773,Left,UNI_THE2,"Clough De Los Santos, Jonatan",10113700,Right,NMS_AGG,Undefined,2,Bottom,2,1,0,Slider,Curveball,HitByPitch,Undefined,Undefined,Undefined,0,0,,72.66916,-1.821402,3.744129,1931.644798,297.894436,4:00,5.70815,-1.09438,5.58292,-55.81428,-2.19646,7.15205,-0.64817,3.00309,67.81354,-11.872082,5.020466,0.527019,,,,,,,,,,,,-2.67488,-0.35622,0.7672,50,5.51389,-7.13246,-105.37001,-5.02992,-3.00833,17.84761,-32.57467,NMS_AGG,UNI_THE2,PresleyAskewField,D1,CUSA,20260310-PresleyAskewField-2,43f29fc0-1cd2-11f1-886b-8de6524961d4,71.52012,,,4.85562,,,,,,,6ee70939-121f-487f-ab01-d6bb8f265bb6,2026-03-10,22:41:22.54,2026-03-10T16:41:22.5413632-06:00,2026-03-10T22:41:22.5413632Z,,v3,471379,,,"Loving, Joshua",1000510771,Right,UNI_THE2,6f88b1fd-92fe-4438-8e28-b07212052082,54.91918,-106.19995,8.9238,5.71258,-3.51514,-16.28733,1.09562,-6.99257,-1.50417,,,,,,,,,,,,,,,,,,,,,,,,,,,,,,,,,,,,,,,,,,,,,,,,,,,High,High,High,,,,,,,,,,,,,,,,,,,,,,,,,,,,,,,,,,,,,,,
66,2026-03-10,16:41:55.14,7,1,"Wajima, Kaigo",1000510773,Left,UNI_THE2,"Rulli, Easton",702537,Right,NMS_AGG,Undefined,2,Bottom,2,0,0,Fastball,Changeup,BallCalled,Undefined,Undefined,Undefined,0,0,,82.88675,0.88531,1.306994,1806.624604,160.122864,11:15,5.84597,-1.31271,6.12989,-25.32033,15.20064,-5.01059,4.55452,-0.52198,75.24629,-3.911685,0.40411,0.458154,,,,,,,,,,,,2.96166,7.98189,1.21535,50,5.90047,-2.55099,-120.33315,1.14613,4.31478,24.74505,-20.54537,NMS_AGG,UNI_THE2,PresleyAskewField,D1,CUSA,20260310-PresleyAskewField-2,57656a10-1cd2-11f1-886b-8de6524961d4,82.27027,,,7.64046,,,,,,,6ee70939-121f-487f-ab01-d6bb8f265bb6,2026-03-10,22:41:55.14,2026-03-10T16:41:55.1441920-06:00,2026-03-10T22:41:55.1441920Z,,v3,471379,,,"Loving, Joshua",1000510771,Right,UNI_THE2,03b8fe66-0c1b-4340-badc-6c9b946e765b,54.36511,-121.22746,12.37252,5.84563,1.88866,-10.27269,1.31036,-2.70693,2.15739,,,,,,,,,,,,,,,,,,,,,,,,,,,,,,,,,,,,,,,,,,,,,,,,,,,High,High,High,,,,,,,,,,,,,,,,,,,,,,,,,,,,,,,,,,,,,,,
67,2026-03-10,16:42:13.70,7,2,"Wajima, Kaigo",1000510773,Left,UNI_THE2,"Rulli, Easton",702537,Right,NMS_AGG,Undefined,2,Bottom,2,1,0,Slider,Changeup,StrikeCalled,Undefined,Undefined,Undefined,0,0,,77.39564,-0.375067,3.133689,1451.694199,117.582946,10:00,5.79519,-1.23778,5.91747,-40.04333,6.61776,-9.84111,2.10966,0.85315,71.09099,-7.77184,1.367764,0.491642,,,,,,,,,,,,6.01166,3.86725,0.99254,50,5.74199,-5.80713,-112.33833,-1.92578,7.67226,20.59834,-27.23855,NMS_AGG,UNI_THE2,PresleyAskewField,D1,CUSA,20260310-PresleyAskewField-2,62710540-1cd2-11f1-886b-8de6524961d4,76.66643,,,6.30465,,,,,,,6ee70939-121f-487f-ab01-d6bb8f265bb6,2026-03-10,22:42:13.70,2026-03-10T16:42:13.7004544-06:00,2026-03-10T22:42:13.7004544Z,,v3,471379,,,"Loving, Joshua",1000510771,Right,UNI_THE2,dd9dbfc3-45ee-442e-b2ba-b05bedf56faa,54.58251,-113.17546,10.29917,5.79776,-0.81879,-13.61928,1.23488,-6.11893,3.83613,,,,,,,,,,,,,,,,,,,,,,,,,,,,,,,,,,,,,,,,,,,,,,,,,,,High,High,High,,,,,,,,,,,,,,,,,,,,,,,,,,,,,,,,,,,,,,,
68,2026-03-10,16:42:53.61,7,3,"Wajima, Kaigo",1000510773,Left,UNI_THE2,"Rulli, Easton",702537,Right,NMS_AGG,Undefined,2,Bottom,2,1,1,ChangeUp,Changeup,BallCalled,Undefined,Undefined,Undefined,1,0,,77.00992,2.482003,0.945159,1390.597551,138.378808,10:30,5.94399,-1.17715,5.68398,-36.7801,11.17894,-8.48689,5.1942,-1.00334,69.67366,-4.374421,-0.570827,0.498433,,,,,,,,,,,,4.56925,5.40563,1.10292,50,6.13029,-1.51558,-111.60847,3.73121,5.71112,21.78808,-25.41751,NMS_AGG,UNI_THE2,PresleyAskewField,D1,CUSA,20260310-PresleyAskewField-2,7a44b8b0-1cd2-11f1-886b-8de6524961d4,75.62191,,,7.33626,,,,,,,6ee70939-121f-487f-ab01-d6bb8f265bb6,2026-03-10,22:42:53.61,2026-03-10T16:42:53.6120000-06:00,2026-03-10T22:42:53.6120000Z,,v3,471379,,,"Loving, Joshua",1000510771,Right,UNI_THE2,57a15e69-ba53-43f0-b60f-583e38ece564,54.81054,-112.54366,10.89404,5.94673,4.82218,-12.70876,1.17324,-1.76072,2.85556,,,,,,,,,,,,,,,,,,,,,,,,,,,,,70.26788,,0.769946,,-1.37196,4.97097,1.03304,-0.38954,6.04569,1.45662,,,,-0.31942,101.61269,-7.70135,6.08451,10.62307,-13.85363,1.46679,0.95393,-0.81945,High,High,High,,,High,High,Medium,,,,,,,,,,,,,,,,,,,,,,,,,,,,,,,,,,
69,2026-03-10,16:45:57.81,1,1,"Price, JT",838436,Right,NMS_AGG,"Anderson, Jackson",1000510741,Right,UNI_THE2,Undefined,3,Top,0,0,0,Slider,Slider,StrikeCalled,Undefined,Undefined,Undefined,0,0,,79.37083,0.716999,0.32625,2312.329166,66.543959,8:15,5.57465,1.67511,5.13515,-48.17129,-2.58158,-9.215,2.2356,1.21442,72.94333,-8.012322,-1.307356,0.485965,,,,,,,,,,,,4.67173,-1.04047,-1.69829,50,5.60457,-0.27595,-115.2265,-0.29109,6.27894,21.47353,-33.57245,NMS_AGG,UNI_THE2,PresleyAskewField,D1,CUSA,20260310-PresleyAskewField-2,e8081630-1cd2-11f1-886b-8de6524961d4,77.56206,,,6.4275,,,,,,,6ee70939-121f-487f-ab01-d6bb8f265bb6,2026-03-10,22:45:57.81,2026-03-10T16:45:57.8169344-06:00,2026-03-10T22:45:57.8169344Z,,v3,471379,,,"Clizbe, Brandon",838429,Right,NMS_AGG,664ecced-70c2-42d6-8206-390be670d202,55.36363,-116.22177,10.73677,5.582,1.26494,-16.78622,-1.67876,-0.56697,3.13947,,,,,,,,,,,,,,,,,,,,,,,,,,,,,,,,,,,,,,,,,,,,,,,,,,,High,High,High,,,,,,,,,,,,,,,,,,,,,,,,,,,,,,,,,,,,,,,
70,2026-03-10,16:46:11.55,1,2,"Price, JT",838436,Right,NMS_AGG,"Anderson, Jackson",1000510741,Right,UNI_THE2,Undefined,3,Top,0,0,1,Slider,Curveball,StrikeSwinging,Undefined,Undefined,Undefined,0,0,,80.08585,-1.799415,-1.581707,2483.710586,61.366283,8:00,5.6269,1.40198,5.37067,-47.74727,-3.29449,-8.52469,-0.04029,-0.79173,74.13305,-10.41459,-3.101369,0.479867,,,,,,,,,,,,3.92555,-0.91421,-1.25369,50,5.43095,3.53535,-116.25646,-5.29482,5.36269,22.16569,-33.42293,NMS_AGG,UNI_THE2,PresleyAskewField,D1,CUSA,20260310-PresleyAskewField-2,f0368210-1cd2-11f1-886b-8de6524961d4,78.5477,,,5.9528,,,,,,,6ee70939-121f-487f-ab01-d6bb8f265bb6,2026-03-10,22:46:11.55,2026-03-10T16:46:11.5586560-06:00,2026-03-10T22:46:11.5586560Z,,v3,471379,,,"Clizbe, Brandon",838429,Right,NMS_AGG,400e7f3e-bccf-416e-81bf-479771df91f2,55.13081,-117.23063,11.08284,5.63137,-3.8259,-16.71147,-1.40389,3.29967,2.68135,,,,,,,,,,,,,,,,,,,,,,,,,,,,,,,,,,,,,,,,,,,,,,,,,,,High,High,High,,,,,,,,,,,,,,,,,,,,,,,,,,,,,,,,,,,,,,,
71,2026-03-10,16:46:42.09,1,3,"Price, JT",838436,Right,NMS_AGG,"Anderson, Jackson",1000510741,Right,UNI_THE2,Undefined,3,Top,0,0,2,Slider,Slider,BallCalled,Undefined,Undefined,Undefined,0,0,,80.10904,-1.697266,-0.077802,2518.9179,77.243277,8:30,5.62895,1.48432,5.2902,-43.80746,0.66957,-3.10209,0.38419,1.15276,74.01019,-9.627033,-0.630084,0.479998,,,,,,,,,,,,1.5541,1.13087,-1.47483,50,5.442,0.27963,-116.30692,-4.96658,2.12904,21.78868,-30.62485,NMS_AGG,UNI_THE2,PresleyAskewField,D1,CUSA,20260310-PresleyAskewField-2,026ab1e0-1cd3-11f1-886b-8de6524961d4,78.52628,,,6.09884,,,,,,,6ee70939-121f-487f-ab01-d6bb8f265bb6,2026-03-10,22:46:42.09,2026-03-10T16:46:42.0924928-06:00,2026-03-10T22:46:42.0924928Z,,v3,471379,,,"Clizbe, Brandon",838429,Right,NMS_AGG,c9963651-100d-409c-8857-8e8ea328d80a,55.20981,-117.27886,10.89434,5.63307,-3.60049,-15.31243,-1.48518,0.18466,1.06452,,,,,,,,,,,,,,,,,,,,,,,,,,,,,,,,,,,,,,,,,,,,,,,,,,,High,High,High,,,,,,,,,,,,,,,,,,,,,,,,,,,,,,,,,,,,,,,
72,2026-03-10,16:47:00.38,1,4,"Price, JT",838436,Right,NMS_AGG,"Anderson, Jackson",1000510741,Right,UNI_THE2,Undefined,3,Top,0,1,2,Fastball,Four-Seam,StrikeCalled,Strikeout,Undefined,Undefined,0,0,,92.20065,-1.778694,-1.616002,2269.41136,221.619717,1:30,5.30468,1.62239,5.94202,-20.38359,12.67658,10.26008,1.95496,0.97802,83.71968,-5.619271,0.227609,0.413832,,,,,,,,,,,,-5.74717,7.37296,-1.49939,50,5.15152,3.3259,-133.76631,-4.81752,-10.32697,31.08758,-18.92576,NMS_AGG,UNI_THE2,PresleyAskewField,D1,CUSA,20260310-PresleyAskewField-2,0d485f40-1cd3-11f1-886b-8de6524961d4,91.08147,,,8.48097,,,,,,,6ee70939-121f-487f-ab01-d6bb8f265bb6,2026-03-10,22:47:00.38,2026-03-10T16:47:00.3810000-06:00,2026-03-10T22:47:00.3810000Z,,v3,471379,,,"Clizbe, Brandon",838429,Right,NMS_AGG,4b67cff1-33e0-48ff-8525-44e6f27eadce,54.55443,-134.82061,15.54379,5.30402,-4.17567,-9.46288,-1.61812,3.67613,-5.16348,,,,,,,,,,,,,,,,,,,,,,,,,,,,,65.19353,,,1.013477,,,,-1.00495,6.44053,-3.26159,70.12655,4.0617,-54.64718,-0.96331,76.30797,-6.1042,6.48097,12.80491,-15.01317,-3.2897,-54.9321,4.21628,High,High,High,,,High,High,High,,,,,,,,,,,,,,,,,,,,,,,,,,,,,,,,,,
73,2026-03-10,16:47:27.98,2,1,"Price, JT",838436,Right,NMS_AGG,"Shin, Dong Joon",1000189267,Right,UNI_THE2,Undefined,3,Top,1,0,0,Fastball,Four-Seam,InPlay,Undefined,GroundBall,Single,0,0,,92.45292,-0.583046,-1.950178,2331.406445,228.253117,1:30,5.41494,1.39259,5.86716,-19.93426,12.88753,13.23824,3.21183,0.68356,84.13894,-4.339018,0.423988,0.412337,60.53372,9.632349,-4.162122,1216.897921,,,,88.78835,87.90503,-4.013599,1.10116,-7.35851,7.08331,-1.24249,50,5.35621,3.99228,-134.2236,-2.02339,-13.36769,30.19387,-19.30634,NMS_AGG,UNI_THE2,PresleyAskewField,D1,CUSA,20260310-PresleyAskewField-2,1dc17190-1cd3-11f1-886b-8de6524961d4,91.41173,6.45267,,8.31398,,,,0.67653,3.13015,-0.68597,6ee70939-121f-487f-ab01-d6bb8f265bb6,2026-03-10,22:47:27.98,2026-03-10T16:47:27.9819264-06:00,2026-03-10T22:47:27.9819264Z,GroundBall,v3,471379,,,"Clizbe, Brandon",838429,Right,NMS_AGG,1536402f-d66d-4c94-8168-3e61d4996be5,54.63064,-135.26126,15.09693,5.41434,-1.3599,-9.65317,-1.38759,4.45168,-6.68385,246.412936,0.67653,87.30011,-7.63514,0.95314,-0.19708,0.02662,-0.00373,0.00081,-0.0001,3.13015,14.85559,-17.02432,0.9937,-0.15234,0.0358,-0.004,0.00043,-7E-05,-0.68597,-6.3529,1.38978,-0.20317,0.04193,-0.00608,0.00086,-0.00018,2E-05,,,,,,,,,,,,,,,,,,,,,,,High,High,High,High,High,,,,,,,,,,,,,,,,,,,,,,,,,,,,,,,,,,,,,
74,2026-03-10,16:48:06.68,3,1,"Price, JT",838436,Right,NMS_AGG,"Gonzales, Marcus",10130884,Right,UNI_THE2,Undefined,3,Top,1,0,0,Fastball,Four-Seam,StrikeSwinging,Undefined,Undefined,Undefined,0,0,,91.69012,-0.138669,-2.814451,2383.235685,215.142429,1:15,5.3399,1.37731,6.01235,-17.36603,16.00761,10.46627,3.76411,-0.3598,82.97153,-3.458614,-0.934846,0.415789,,,,,,,,,,,,-6.18603,8.58528,-1.16185,50,5.31949,6.07597,-132.96712,-0.83257,-10.98453,30.68241,-16.9291,NMS_AGG,UNI_THE2,PresleyAskewField,D1,CUSA,20260310-PresleyAskewField-2,34d29850-1cd3-11f1-886b-8de6524961d4,90.65273,,,8.71859,,,,,,,6ee70939-121f-487f-ab01-d6bb8f265bb6,2026-03-10,22:48:06.68,2026-03-10T16:48:06.6862080-06:00,2026-03-10T22:48:06.6862080Z,,v3,471379,,,"Clizbe, Brandon",838429,Right,NMS_AGG,c5baee5d-c635-4467-814d-d9769527ee09,54.48265,-133.99751,15.34121,5.3379,-0.26405,-8.46455,-1.37209,6.44486,-5.49227,,,,,,,,,,,,,,,,,,,,,,,,,,,,,,,,,,,,,,,,,,,,,,,,,,,High,High,High,,,,,,,,,,,,,,,,,,,,,,,,,,,,,,,,,,,,,,,
75,2026-03-10,16:48:51.71,3,2,"Price, JT",838436,Right,NMS_AGG,"Gonzales, Marcus",10130884,Right,UNI_THE2,Undefined,3,Top,1,0,1,Fastball,Four-Seam,StrikeCalled,Undefined,Undefined,Undefined,0,0,,91.97795,-1.607368,-2.728027,2269.455728,219.974975,1:15,5.24936,1.47244,5.87731,-17.23158,16.22859,12.60871,2.31852,-0.01232,83.08417,-4.894567,-0.468218,0.416328,,,,,,,,,,,,-7.25835,9.1313,-1.25904,50,5.10947,5.7864,-133.28147,-4.26435,-12.90667,31.70889,-15.93697,NMS_AGG,UNI_THE2,PresleyAskewField,D1,CUSA,20260310-PresleyAskewField-2,4fabeaa0-1cd3-11f1-886b-8de6524961d4,90.53546,,,8.89377,,,,,,,6ee70939-121f-487f-ab01-d6bb8f265bb6,2026-03-10,22:48:51.71,2026-03-10T16:48:51.7161984-06:00,2026-03-10T22:48:51.7161984Z,,v3,471379,,,"Clizbe, Brandon",838429,Right,NMS_AGG,8c079bc8-a400-48f8-aa4c-f35d9dd7fb30,54.61781,-134.3756,15.85445,5.24712,-3.71444,-7.96848,-1.46638,6.23175,-6.45334,,,,,,,,,,,,,,,,,,,,,,,,,,,,,,,,,,,,,,,,,,,,,,,,,,,High,High,High,,,,,,,,,,,,,,,,,,,,,,,,,,,,,,,,,,,,,,,
76,2026-03-10,16:49:07.80,3,3,"Price, JT",838436,Right,NMS_AGG,"Gonzales, Marcus",10130884,Right,UNI_THE2,Undefined,3,Top,1,0,2,Fastball,Four-Seam,FoulBallNotFieldable,Undefined,Undefined,Undefined,0,0,,92.60931,-0.789535,-3.520672,2397.759458,215.35184,1:15,5.2885,1.38097,6.06095,-17.86985,14.74859,9.68662,3.06719,-1.07434,84.05765,-4.189279,-1.781286,0.411058,75.91487,49.031015,127.986078,5046.891573,,,,,35.44153,,,-6.03863,8.15682,-1.11268,50,5.2176,7.84535,-134.27043,-2.3986,-10.95623,30.7413,-17.3746,NMS_AGG,UNI_THE2,PresleyAskewField,D1,CUSA,20260310-PresleyAskewField-2,593f16a0-1cd3-11f1-886b-8de6524961d4,91.69617,37.53896,,8.55167,,,,0.15538,3.01781,1.15521,6ee70939-121f-487f-ab01-d6bb8f265bb6,2026-03-10,22:49:07.80,2026-03-10T16:49:07.8081536-06:00,2026-03-10T22:49:07.8081536Z,,v3,471379,,,"Clizbe, Brandon",838429,Right,NMS_AGG,4a00c5a5-1fad-4717-ab99-66e8800f6e60,54.43606,-135.28225,15.37065,5.28713,-1.82673,-8.6873,-1.37683,8.20597,-5.47812,,0.16533,-45.20465,-0.91279,,,,,,,3.04277,83.39197,-28.14052,,,,,,,1.16775,57.19677,-8.92022,,,,,,,,,,,,,,,,,,,,,,,,,,,,,High,High,High,High,Undefined,,,,,,,,,,,,,,,,,,,,,,,,,,,,,,,,,,,,,
77,2026-03-10,16:49:28.31,3,4,"Price, JT",838436,Right,NMS_AGG,"Gonzales, Marcus",10130884,Right,UNI_THE2,Undefined,3,Top,1,0,2,Fastball,Four-Seam,BallCalled,Undefined,Undefined,Undefined,1,0,,91.60133,1.27203,-2.685833,2384.502462,218.751547,1:15,5.50824,1.30692,6.11031,-19.16977,13.79831,10.27012,5.08843,-0.32252,83.6769,-2.358587,-0.838212,0.413255,,,,,,,,,,,,-6.01107,7.07851,-1.10592,50,5.5958,5.80349,-133.00027,2.36834,-10.79617,27.80297,-19.46077,NMS_AGG,UNI_THE2,PresleyAskewField,D1,CUSA,20260310-PresleyAskewField-2,65752810-1cd3-11f1-886b-8de6524961d4,91.20862,,,7.92443,,,,,,,6ee70939-121f-487f-ab01-d6bb8f265bb6,2026-03-10,22:49:28.31,2026-03-10T16:49:28.3170000-06:00,2026-03-10T22:49:28.3170000Z,,v3,471379,,,"Clizbe, Brandon",838429,Right,NMS_AGG,9cc8f515-5a26-40fd-a0e8-77ff6049f762,54.387,-133.9142,13.90148,5.50743,3.00805,-9.73039,-1.30253,6.15838,-5.39808,,,,,,,,,,,,,,,,,,,,,,,,,,,,,81.40566,2.043636,0.815974,1.227661,-1.53653,4.96074,0.36307,-1.56137,6.42044,1.4893,127.27827,6.63751,5.02272,-1.42482,117.01924,-10.01482,6.4271,14.01479,-11.28317,1.45868,0.85555,1.68778,High,High,High,,,High,High,High,,,,,,,,,,,,,,,,,,,,,,,,,,,,,,,,,,
78,2026-03-10,16:49:55.92,3,5,"Price, JT",838436,Right,NMS_AGG,"Gonzales, Marcus",10130884,Right,UNI_THE2,Undefined,3,Top,2,1,2,Fastball,Sinker,StrikeCalled,Strikeout,Undefined,Undefined,0,0,,92.67612,-1.760056,-1.806078,2349.383943,223.074586,1:30,5.4111,1.47801,6.22075,-19.13166,12.85414,11.1119,2.19143,0.73693,85.14001,-5.367736,0.200744,0.407052,,,,,,,,,,,,-6.32969,7.4526,-1.34864,50,5.26976,3.80272,-134.70802,-4.73752,-11.67046,28.32752,-18.43321,NMS_AGG,UNI_THE2,PresleyAskewField,D1,CUSA,20260310-PresleyAskewField-2,75e89510-1cd3-11f1-886b-8de6524961d4,92.59857,,,7.53611,,,,,,,6ee70939-121f-487f-ab01-d6bb8f265bb6,2026-03-10,22:49:55.92,2026-03-10T16:49:55.9225856-06:00,2026-03-10T22:49:55.9225856Z,,v3,471379,,,"Clizbe, Brandon",838429,Right,NMS_AGG,2a2c9ae2-7a68-4c8a-be92-ae19df2bb8a1,54.27944,-135.60495,14.16376,5.41052,-4.15387,-9.2166,-1.4749,4.17223,-5.83523,,,,,,,,,,,,,,,,,,,,,,,,,,,,,,,,,,,,,,,,,,,,,,,,,,,High,High,High,,,,,,,,,,,,,,,,,,,,,,,,,,,,,,,,,,,,,,,
79,2026-03-10,16:52:14.62,1,1,"Wajima, Kaigo",1000510773,Left,UNI_THE2,"Rulli, Easton",702537,Right,NMS_AGG,Undefined,3,Bottom,0,0,0,Fastball,Changeup,BallCalled,Undefined,Undefined,Undefined,0,0,,82.92622,0.398189,1.270294,2054.800033,132.981371,10:30,5.77553,-1.58944,6.19846,-26.90549,12.97083,-12.6591,3.90108,-1.47155,76.26756,-4.654489,-1.014758,0.454495,,,,,,,,,,,,6.88705,6.98189,1.50009,50,5.79181,-2.19935,-120.59389,0.05978,10.20198,22.15349,-21.8316,NMS_AGG,UNI_THE2,PresleyAskewField,D1,CUSA,20260310-PresleyAskewField-2,c89a7940-1cd3-11f1-886b-8de6524961d4,82.9326,,,6.65866,,,,,,,6ee70939-121f-487f-ab01-d6bb8f265bb6,2026-03-10,22:52:14.62,2026-03-10T16:52:14.6247680-06:00,2026-03-10T22:52:14.6247680Z,,v3,471379,,,"Loving, Joshua",1000510771,Right,UNI_THE2,7dd560c0-6beb-4d58-96f8-aa224c5e527c,54.29961,-121.38117,11.07675,5.7759,0.83562,-10.9158,1.58469,-2.56191,5.10099,,,,,,,,,,,,,,,,,,,,,,,,,,,,,,,,,,,,,,,,,,,,,,,,,,,High,High,High,,,,,,,,,,,,,,,,,,,,,,,,,,,,,,,,,,,,,,,
80,2026-03-10,16:52:29.59,1,2,"Wajima, Kaigo",1000510773,Left,UNI_THE2,"Rulli, Easton",702537,Right,NMS_AGG,Undefined,3,Bottom,0,1,0,ChangeUp,Changeup,BallCalled,Undefined,Undefined,Undefined,0,0,,74.30791,1.84394,0.267925,1430.89772,103.467786,9:30,5.63795,-1.41009,5.73141,-46.80794,3.33563,-8.39619,3.4551,-1.86026,69.13239,-6.73512,-1.23502,0.509658,,,,,,,,,,,,4.34701,1.67949,1.39304,50,5.76255,-0.20932,-108.07617,2.06174,5.22047,16.12471,-30.1571,NMS_AGG,UNI_THE2,PresleyAskewField,D1,CUSA,20260310-PresleyAskewField-2,d18ea620-1cd3-11f1-886b-8de6524961d4,73.95631,,,5.17551,,,,,,,6ee70939-121f-487f-ab01-d6bb8f265bb6,2026-03-10,22:52:29.59,2026-03-10T16:52:29.5932416-06:00,2026-03-10T22:52:29.5932416Z,,v3,471379,,,"Loving, Joshua",1000510771,Right,UNI_THE2,a7dbdf1e-a192-46ff-96db-1dfb874821ce,54.7685,-108.78529,8.06236,5.64272,3.38797,-15.07855,1.40729,-0.4389,2.61023,,,,,,,,,,,,,,,,,,,,,,,,,,,,,,,,,,,,,,,,,,,,,,,,,,,High,High,High,,,,,,,,,,,,,,,,,,,,,,,,,,,,,,,,,,,,,,,
81,2026-03-10,16:52:48.85,1,3,"Wajima, Kaigo",1000510773,Left,UNI_THE2,"Rulli, Easton",702537,Right,NMS_AGG,Undefined,3,Bottom,0,2,0,Fastball,Changeup,InPlay,Undefined,LineDrive,Out,1,0,,81.16336,-0.065624,1.64865,1986.00122,134.325106,10:30,5.72504,-1.52086,6.175,-27.60104,13.83402,-12.98379,3.36432,-1.07986,75.12569,-5.230259,-0.693998,0.463293,91.41424,25.766448,-24.175789,2179.592149,99.75947,45.00629,-46.34696,351.93602,337.64913,-28.948525,4.073225,7.21772,7.5452,1.40309,50,5.7058,-2.94278,-118.10273,-0.92162,10.31041,20.09359,-21.39583,NMS_AGG,UNI_THE2,PresleyAskewField,D1,CUSA,20260310-PresleyAskewField-2,dd078210-1cd3-11f1-886b-8de6524961d4,81.35776,56.18213,,6.03767,,,,3.64079,3.57269,1.04785,6ee70939-121f-487f-ab01-d6bb8f265bb6,2026-03-10,22:52:48.85,2026-03-10T16:52:48.8510976-06:00,2026-03-10T22:52:48.8510976Z,LineDrive,v3,471379,,,"Loving, Joshua",1000510771,Right,UNI_THE2,424d3493-0651-405d-b805-85d60a6cc647,54.3255,-118.83638,10.04679,5.72519,-0.14043,-10.69791,1.5174,-3.31923,5.15521,141.31979,3.64126,110.14405,-17.10353,3.99089,-0.86973,0.18879,-0.04675,0.0086,-0.00065,3.57297,58.27148,-17.56156,0.69925,0.19756,-0.16641,0.06021,-0.01007,0.00063,1.04746,-49.43882,1.61631,0.57124,-0.33385,0.10713,-0.02147,0.0021,-6E-05,,,,,,,,,,,,,,,,,,,,,,,High,High,High,High,High,,,,,,,,,,,,,,,,,,,,,,,,,,,,,,,,,,,,,
82,2026-03-10,16:53:25.45,2,1,"Wajima, Kaigo",1000510773,Left,UNI_THE2,"Clizbe, Brandon",838429,Right,NMS_AGG,Undefined,3,Bottom,1,0,0,Fastball,Changeup,InPlay,Undefined,GroundBall,Single,0,0,,83.98813,-0.282166,1.961864,2090.872248,133.800987,10:30,5.86089,-1.39271,5.94792,-25.34875,13.82918,-13.23583,3.48664,-0.67538,77.42648,-5.019608,-0.415555,0.450497,67.74395,-3.758889,24.957011,2748.973295,,,,29.51726,27.59459,24.918625,0.294819,7.33185,7.52693,1.2442,50,5.82409,-3.67259,-122.09909,-1.3735,11.16125,22.14893,-20.71583,NMS_AGG,UNI_THE2,PresleyAskewField,D1,CUSA,20260310-PresleyAskewField-2,f2daf8b0-1cd3-11f1-886b-8de6524961d4,83.66852,3.53177,,6.56165,,,,0.94143,3.53177,0.70014,6ee70939-121f-487f-ab01-d6bb8f265bb6,2026-03-10,22:53:25.45,2026-03-10T16:53:25.4523392-06:00,2026-03-10T22:53:25.4523392Z,GroundBall,v3,471379,,,"Loving, Joshua",1000510771,Right,UNI_THE2,e53df0f9-1c33-4708-a77c-89fad8481e63,54.55131,-122.92193,11.07446,5.86082,-0.6039,-10.35791,1.38834,-4.08723,5.58063,44.459747,0.94187,89.86641,-7.67621,,,,,,,3.53356,-6.59407,-18.30791,,,,,,,0.701,41.79366,-6.75206,,,,,,,,,,,,,,,,,,,,,,,,,,,,,High,High,High,High,High,,,,,,,,,,,,,,,,,,,,,,,,,,,,,,,,,,,,,
83,2026-03-10,16:54:03.98,3,1,"Wajima, Kaigo",1000510773,Left,UNI_THE2,"Lombardi, Aidan",838424,Right,NMS_AGG,Undefined,3,Bottom,1,0,0,Fastball,Changeup,BallCalled,Undefined,Undefined,Undefined,0,0,,83.27144,-3.298389,3.042813,1865.946554,119.938365,10:00,5.80791,-1.35909,5.77174,-30.73439,9.61898,-14.60422,0.16964,0.25807,77.13504,-8.936964,0.426352,0.457205,,,,,,,,,,,,8.36193,6.10134,1.11689,50,5.51587,-5.86648,-120.75221,-7.95962,12.43125,21.99773,-23.10347,NMS_AGG,UNI_THE2,PresleyAskewField,D1,CUSA,20260310-PresleyAskewField-2,09cc3b60-1cd4-11f1-886b-8de6524961d4,82.44097,,,6.1364,,,,,,,6ee70939-121f-487f-ab01-d6bb8f265bb6,2026-03-10,22:54:03.98,2026-03-10T16:54:03.9873536-06:00,2026-03-10T22:54:03.9873536Z,,v3,471379,,,"Loving, Joshua",1000510771,Right,UNI_THE2,4bd4285d-e6cc-4133-b9d4-b6aa6f390a60,54.72918,-121.61069,10.99887,5.80891,-7.05799,-11.55174,1.3553,-6.35162,6.21562,,,,,,,,,,,,,,,,,,,,,,,,,,,,,,,,,,,,,,,,,,,,,,,,,,,High,High,High,,,,,,,,,,,,,,,,,,,,,,,,,,,,,,,,,,,,,,,
84,2026-03-10,16:54:22.51,3,2,"Wajima, Kaigo",1000510773,Left,UNI_THE2,"Lombardi, Aidan",838424,Right,NMS_AGG,Undefined,3,Bottom,1,1,0,Curveball,Slider,StrikeCalled,Undefined,Undefined,Undefined,0,0,,65.13801,2.409616,0.922381,878.118829,162.256725,11:30,5.59522,-0.91845,6.15195,-52.2479,14.05442,-3.72874,3.46913,-0.3769,58.88989,-7.395814,0.250407,0.586051,,,,,,,,,,,,2.20721,7.20567,0.85014,50,5.75225,-1.40367,-94.3835,2.73415,1.95879,16.53439,-25.77937,NMS_AGG,UNI_THE2,PresleyAskewField,D1,CUSA,20260310-PresleyAskewField-2,14eda880-1cd4-11f1-886b-8de6524961d4,64.31592,,,6.24811,,,,,,,6ee70939-121f-487f-ab01-d6bb8f265bb6,2026-03-10,22:54:22.51,2026-03-10T16:54:22.5109504-06:00,2026-03-10T22:54:22.5109504Z,,v3,471379,,,"Loving, Joshua",1000510771,Right,UNI_THE2,c53758db-8ac1-4fbe-8ee9-70165a888d66,54.33991,-95.14074,8.2672,5.6,3.9148,-12.88969,0.91648,-1.49338,0.97939,,,,,,,,,,,,,,,,,,,,,,,,,,,,,,,,,,,,,,,,,,,,,,,,,,,High,High,High,,,,,,,,,,,,,,,,,,,,,,,,,,,,,,,,,,,,,,,
85,2026-03-10,16:54:53.52,3,3,"Wajima, Kaigo",1000510773,Left,UNI_THE2,"Lombardi, Aidan",838424,Right,NMS_AGG,Undefined,3,Bottom,1,1,1,Slider,Curveball,BallCalled,Undefined,Undefined,Undefined,0,0,,67.89558,1.07047,1.188283,1799.65861,331.704291,5:00,5.75784,-1.13696,5.92721,-71.41815,-10.35319,6.66709,0.79989,0.52134,62.54802,-11.978361,2.390289,0.562429,,,,,,,,,,,,-3.08532,-5.22949,1.03805,50,5.80242,-2.25311,-98.63817,-0.10787,-3.00026,17.58943,-37.25936,NMS_AGG,UNI_THE2,PresleyAskewField,D1,CUSA,20260310-PresleyAskewField-2,27610430-1cd4-11f1-886b-8de6524961d4,67.0173,,,5.34756,,,,,,,6ee70939-121f-487f-ab01-d6bb8f265bb6,2026-03-10,22:54:53.52,2026-03-10T16:54:53.5238144-06:00,2026-03-10T22:54:53.5238144Z,,v3,471379,,,"Loving, Joshua",1000510771,Right,UNI_THE2,85d6e53a-d1ec-464a-8ac8-a1a92e1dcfea,54.57478,-99.45061,8.79471,5.76766,1.61311,-18.62968,1.13892,-2.11453,-1.50013,,,,,,,,,,,,,,,,,,,,,,,,,,,,,,,,,,,,,,,,,,,,,,,,,,,High,High,High,,,,,,,,,,,,,,,,,,,,,,,,,,,,,,,,,,,,,,,
86,2026-03-10,16:55:12.79,3,4,"Wajima, Kaigo",1000510773,Left,UNI_THE2,"Lombardi, Aidan",838424,Right,NMS_AGG,Undefined,3,Bottom,1,2,1,Fastball,Changeup,StrikeSwinging,Undefined,Undefined,Undefined,0,0,,81.49667,-1.753411,2.190051,1989.570936,121.070537,10:00,5.79798,-1.28896,5.96153,-32.03939,10.05634,-14.40768,1.50049,-0.4579,74.65469,-7.702424,-0.401258,0.466972,,,,,,,,,,,,8.01382,6.08847,1.12312,50,5.64097,-3.9703,-118.27048,-4.60474,11.31701,23.1867,-23.57601,NMS_AGG,UNI_THE2,PresleyAskewField,D1,CUSA,20260310-PresleyAskewField-2,32db18a0-1cd4-11f1-886b-8de6524961d4,80.71675,,,6.84198,,,,,,,6ee70939-121f-487f-ab01-d6bb8f265bb6,2026-03-10,22:55:12.79,2026-03-10T16:55:12.7976448-06:00,2026-03-10T22:55:12.7976448Z,,v3,471379,,,"Loving, Joshua",1000510771,Right,UNI_THE2,53f23b4e-59e6-4289-971c-b709eb55f9fe,54.53572,-119.15638,11.59335,5.7997,-3.70397,-11.78801,1.28307,-4.40269,5.65851,,,,,,,,,,,,,,,,,,,,,,,,,,,,,,,,,,,,,,,,,,,,,,,,,,,High,High,High,,,,,,,,,,,,,,,,,,,,,,,,,,,,,,,,,,,,,,,
87,2026-03-10,16:55:33.37,3,5,"Wajima, Kaigo",1000510773,Left,UNI_THE2,"Lombardi, Aidan",838424,Right,NMS_AGG,Undefined,3,Bottom,1,2,2,Fastball,Changeup,BallCalled,Undefined,Undefined,Undefined,0,0,,82.33686,-2.91299,3.590764,1856.181841,129.385782,10:15,5.80661,-1.13209,5.85906,-30.07801,10.99367,-11.92048,0.58617,1.21486,76.34561,-8.449537,1.454757,0.461257,,,,,,,,,,,,7.13725,6.70898,0.848,50,5.55188,-7.05796,-119.41115,-7.0254,10.39625,21.09339,-22.40166,NMS_AGG,UNI_THE2,PresleyAskewField,D1,CUSA,20260310-PresleyAskewField-2,3f12d7c0-1cd4-11f1-886b-8de6524961d4,81.71684,,,5.99125,,,,,,,6ee70939-121f-487f-ab01-d6bb8f265bb6,2026-03-10,22:55:33.37,2026-03-10T16:55:33.3743104-06:00,2026-03-10T22:55:33.3743104Z,,v3,471379,,,"Loving, Joshua",1000510771,Right,UNI_THE2,4d8fc3f2-ff1a-4d31-a680-992149954ad0,54.6422,-120.22837,10.54669,5.80725,-6.15749,-11.20083,1.12925,-7.46074,5.19812,,,,,,,,,,,,,,,,,,,,,,,,,,,,,,,,,,,,,,,,,,,,,,,,,,,High,High,High,,,,,,,,,,,,,,,,,,,,,,,,,,,,,,,,,,,,,,,
88,2026-03-10,16:56:12.26,3,6,"Wajima, Kaigo",1000510773,Left,UNI_THE2,"Lombardi, Aidan",838424,Right,NMS_AGG,Undefined,3,Bottom,1,3,2,Curveball,Splitter,BallCalled,Walk,Undefined,Undefined,0,0,,67.65623,-0.3075,3.236004,723.471462,98.297765,9:15,5.70103,-0.63901,6.30296,-56.44385,4.2713,-14.93792,0.71363,1.10063,62.09247,-10.759445,0.531386,0.560815,,,,,,,,,,,,8.9089,2.79307,0.40884,50,5.65107,-5.11788,-98.18752,-1.91397,8.59572,17.23885,-29.47917,NMS_AGG,UNI_THE2,PresleyAskewField,D1,CUSA,20260310-PresleyAskewField-2,564edf10-1cd4-11f1-886b-8de6524961d4,67.21006,,,5.56376,,,,,,,6ee70939-121f-487f-ab01-d6bb8f265bb6,2026-03-10,22:56:12.26,2026-03-10T16:56:12.2668032-06:00,2026-03-10T22:56:12.2668032Z,,v3,471379,,,"Loving, Joshua",1000510771,Right,UNI_THE2,a70a9ade-9126-4d7e-8aca-bc2d1dc43e84,54.197,-98.92165,8.61942,5.70585,-0.65858,-14.73958,0.63458,-5.48393,4.29786,,,,,,,,,,,,,,,,,,,,,,,,,,,,,,,,,,,,,,,,,,,,,,,,,,,High,High,High,,,,,,,,,,,,,,,,,,,,,,,,,,,,,,,,,,,,,,,
89,2026-03-10,16:56:43.74,4,1,"Wajima, Kaigo",1000510773,Left,UNI_THE2,"Kaufman, Camden",831503,Right,NMS_AGG,Undefined,3,Bottom,1,0,0,Fastball,Changeup,InPlay,Undefined,LineDrive,Triple,0,2,,83.39296,-1.480092,1.470348,2116.65482,142.399169,10:45,5.7577,-1.32561,6.04506,-23.39919,16.35343,-11.66162,2.43676,-0.93588,76.69988,-5.877171,-0.629227,0.453789,92.92798,26.038679,25.568202,1964.918049,97.6107,45.19324,50.71601,362.90986,354.89856,29.762067,4.077618,6.43776,9.20288,1.21751,50,5.62974,-2.67034,-121.19067,-3.80755,9.6141,22.766,-18.43059,NMS_AGG,UNI_THE2,PresleyAskewField,D1,CUSA,20260310-PresleyAskewField-2,692b35c0-1cd4-11f1-886b-8de6524961d4,83.06151,57.44101,,6.69309,,,,0.94893,2.41149,0.90501,6ee70939-121f-487f-ab01-d6bb8f265bb6,2026-03-10,22:56:43.74,2026-03-10T16:56:43.7420544-06:00,2026-03-10T22:56:43.7420544Z,FlyBall,v3,471379,,,"Loving, Joshua",1000510771,Right,UNI_THE2,3c1d2e18-5c70-44e8-9454-fb93493d5aa0,54.45361,-122.02443,11.383,5.75682,-3.13258,-9.2153,1.32175,-3.02243,4.80705,214.238598,0.94953,110.45582,-16.54163,3.75068,-0.71536,0.14176,-0.03674,0.0071,-0.00055,2.41203,59.81112,-17.74348,0.79412,0.17076,-0.18606,0.07035,-0.01194,0.00076,0.90494,52.85341,-3.03532,0.21286,-0.00098,0.00306,-0.0025,0.0007,-7E-05,,,,,,,,,,,,,,,,,,,,,,,High,High,High,High,Medium,,,,,,,,,,,,,,,,,,,,,,,,,,,,,,,,,,,,,
90,2026-03-10,16:58:30.08,5,1,"Wajima, Kaigo",1000510773,Left,UNI_THE2,"Solorzano, Steve",814833,Right,NMS_AGG,Undefined,3,Bottom,1,0,0,Curveball,Curveball,BallCalled,Undefined,Undefined,Undefined,0,0,,67.51753,2.495687,0.286081,1824.922019,35.032851,7:15,5.74567,-1.17735,6.4179,-67.09307,-5.92591,-5.71051,2.4503,-1.39023,61.26229,-9.986791,-0.750865,0.562899,,,,,,,,,,,,3.06307,-3.23323,1.15929,50,5.89464,-0.31404,-97.98642,2.56896,2.91592,18.49367,-35.25196,NMS_AGG,UNI_THE2,PresleyAskewField,D1,CUSA,20260310-PresleyAskewField-2,a87a2e20-1cd4-11f1-886b-8de6524961d4,66.96125,,,6.25524,,,,,,,6ee70939-121f-487f-ab01-d6bb8f265bb6,2026-03-10,22:58:30.08,2026-03-10T16:58:30.0898816-06:00,2026-03-10T22:58:30.0898816Z,,v3,471379,,,"Loving, Joshua",1000510771,Right,UNI_THE2,a468933e-4142-454a-b537-9e3dfdf30ce5,54.0801,-98.75348,9.24684,5.75776,4.0311,-17.62598,1.17483,-0.43498,1.45796,,,,,,,,,,,,,,,,,,,,,,,,,,,,,,,,,,,,,,,,,,,,,,,,,,,High,High,High,,,,,,,,,,,,,,,,,,,,,,,,,,,,,,,,,,,,,,,
91,2026-03-10,16:58:44.55,5,2,"Wajima, Kaigo",1000510773,Left,UNI_THE2,"Solorzano, Steve",814833,Right,NMS_AGG,Undefined,3,Bottom,1,1,0,Slider,Curveball,BallCalled,Undefined,Undefined,Undefined,0,1,,69.25943,-0.596175,2.868396,1842.323206,290.153568,3:45,5.72633,-1.30214,5.69843,-60.11365,-1.51473,8.85831,0.1606,2.11117,64.59333,-11.487419,4.454094,0.550955,,,,,,,,,,,,-3.86091,-0.42839,1.05523,50,5.63754,-5.31103,-100.59033,-2.7191,-3.95571,16.32172,-32.61297,NMS_AGG,UNI_THE2,PresleyAskewField,D1,CUSA,20260310-PresleyAskewField-2,b1111fd0-1cd4-11f1-886b-8de6524961d4,68.41291,,,4.66611,,,,,,,6ee70939-121f-487f-ab01-d6bb8f265bb6,2026-03-10,22:58:44.55,2026-03-10T16:58:44.5506048-06:00,2026-03-10T22:58:44.5506048Z,,v3,471379,,,"Loving, Joshua",1000510771,Right,UNI_THE2,3456ce46-2cfe-447b-a6e9-f778c5a1f725,54.80446,-101.36691,8.16086,5.73,-1.16741,-16.30648,1.30345,-5.12282,-1.97785,,,,,,,,,,,,,,,,,,,,,,,,,,,,,,,,,,,,,,,,,,,,,,,,,,,High,High,High,,,,,,,,,,,,,,,,,,,,,,,,,,,,,,,,,,,,,,,
92,2026-03-10,16:59:22.61,5,3,"Wajima, Kaigo",1000510773,Left,UNI_THE2,"Solorzano, Steve",814833,Right,NMS_AGG,Undefined,3,Bottom,1,2,0,Fastball,Changeup,InPlay,Undefined,FlyBall,Out,1,0,,83.62467,-0.688272,2.300915,2040.962625,149.37589,11:00,5.79066,-1.43119,6.21875,-24.99769,14.50954,-7.84052,3.07186,0.03976,76.43165,-5.405058,0.886033,0.452386,84.86319,42.036882,17.748965,2770.42571,103.38045,82.39061,37.58243,332.82156,292.99897,21.817285,5.280881,4.76008,8.10575,1.26293,50,5.72659,-4.59204,-121.47019,-2.16959,7.09605,24.29323,-20.09052,NMS_AGG,UNI_THE2,PresleyAskewField,D1,CUSA,20260310-PresleyAskewField-2,c7b3f460-1cd4-11f1-886b-8de6524961d4,83.31911,100.13402,,7.19302,,,,2.31181,3.27476,-0.01012,6ee70939-121f-487f-ab01-d6bb8f265bb6,2026-03-10,22:59:22.61,2026-03-10T16:59:22.6140160-06:00,2026-03-10T22:59:22.6140160Z,FlyBall,v3,471379,,,"Loving, Joshua",1000510771,Right,UNI_THE2,9ae9ad9c-f281-4061-a523-82da875e43fd,54.27973,-122.32312,12.14661,5.79038,-1.46422,-10.04526,1.42853,-4.84117,3.54803,205.032837,2.31605,87.92652,-14.12816,2.38127,0.47331,-0.46756,0.13441,-0.0175,0.00087,3.26363,83.55732,-21.60588,2.95193,-1.22745,0.39468,-0.07027,0.00617,-0.00021,-0.01342,28.24957,-0.67975,0.13117,-0.31125,0.1685,-0.04168,0.00494,-0.00023,,,,,,,,,,,,,,,,,,,,,,,High,High,High,High,Medium,,,,,,,,,,,,,,,,,,,,,,,,,,,,,,,,,,,,,
93,2026-03-10,17:00:05.19,6,1,"Wajima, Kaigo",1000510773,Left,UNI_THE2,"Taclas, Aidan",838428,Left,NMS_AGG,Undefined,3,Bottom,2,0,0,Fastball,Changeup,FoulBallNotFieldable,Undefined,Undefined,Undefined,0,0,,84.15258,-0.15199,1.909414,1949.153276,133.894766,10:30,5.87272,-1.4231,6.03875,-27.15257,12.15729,-11.31662,3.4692,-0.59757,76.78916,-5.246061,-0.126897,0.451255,78.42424,56.848217,-42.558636,,70.84094,121.2789,-84.15188,213.36039,205.16619,-52.989393,5.568656,6.39886,6.68126,1.28035,50,5.8462,-3.63678,-122.22101,-1.1458,9.64826,24.80476,-22.09995,NMS_AGG,UNI_THE2,PresleyAskewField,D1,CUSA,20260310-PresleyAskewField-2,e11832e0-1cd4-11f1-886b-8de6524961d4,83.528,121.94856,,7.36341,,,,0.59812,3.49345,0.56049,6ee70939-121f-487f-ab01-d6bb8f265bb6,2026-03-10,23:00:05.19,2026-03-10T17:00:05.1959808-06:00,2026-03-10T23:00:05.1959808Z,Popup,v3,471379,,,"Loving, Joshua",1000510771,Right,UNI_THE2,c8e5bd7d-3e64-4cf2-a2d0-2c64baff2eb6,54.459,-123.12264,12.40238,5.87325,-0.34248,-11.04998,1.41892,-3.98748,4.82413,160.651803,0.6033,46.21987,-12.20808,2.71155,-0.14409,-0.11615,0.03783,-0.00476,0.00022,3.48852,96.3776,-23.88161,2.61307,-0.48285,0.03105,0.01183,-0.0029,0.00019,0.55973,-42.52741,4.98174,-0.9668,0.11823,-0.00927,0.00171,-0.00038,3E-05,,,,,,,,,,,,,,,,,,,,,,,High,High,High,High,Low,,,,,,,,,,,,,,,,,,,,,,,,,,,,,,,,,,,,,
94,2026-03-10,17:00:50.86,6,2,"Wajima, Kaigo",1000510773,Left,UNI_THE2,"Taclas, Aidan",838428,Left,NMS_AGG,Undefined,3,Bottom,2,0,1,Slider,Curveball,BallCalled,Undefined,Undefined,Undefined,0,0,,70.16168,-0.827634,2.90345,2772.168917,308.871335,4:15,5.68387,-1.23344,6.55348,-56.13877,0.44276,2.06858,0.24574,1.60344,63.84417,-11.261489,3.279911,0.541388,,,,,,,,,,,,-0.07642,1.10449,1.03218,50,5.60357,-5.22322,-101.75045,-2.87043,-0.07818,20.45669,-31.04412,NMS_AGG,UNI_THE2,PresleyAskewField,D1,CUSA,20260310-PresleyAskewField-2,fc5ddb90-1cd4-11f1-886b-8de6524961d4,69.62182,,,6.31751,,,,,,,6ee70939-121f-487f-ab01-d6bb8f265bb6,2026-03-10,23:00:50.86,2026-03-10T17:00:50.8604416-06:00,2026-03-10T23:00:50.8604416Z,,v3,471379,,,"Loving, Joshua",1000510771,Right,UNI_THE2,0545a361-3cad-4d0f-ab4e-b93f1f7cdbc3,53.94338,-102.54019,10.22835,5.69125,-1.67196,-15.52206,1.23377,-5.2202,-0.03909,,,,,,,,,,,,,,,,,,,,,,,,,,,,,,,,,,,,,,,,,,,,,,,,,,,High,High,High,,,,,,,,,,,,,,,,,,,,,,,,,,,,,,,,,,,,,,,
95,2026-03-10,17:01:09.29,6,3,"Wajima, Kaigo",1000510773,Left,UNI_THE2,"Taclas, Aidan",838428,Left,NMS_AGG,Undefined,3,Bottom,2,1,1,Fastball,Changeup,HitByPitch,Undefined,Undefined,Undefined,0,0,,83.05234,0.257089,0.340176,1993.775868,140.750529,10:45,5.81545,-1.47822,6.09568,-26.90061,12.99981,-9.66308,3.81153,-1.96885,76.41633,-4.7833,-1.401067,0.454632,,,,,,,,,,,,5.14969,7.00339,1.45738,50,5.82093,-0.36434,-120.81273,-0.25154,7.64852,22.45313,-21.77236,NMS_AGG,UNI_THE2,PresleyAskewField,D1,CUSA,20260310-PresleyAskewField-2,074a7d10-1cd5-11f1-886b-8de6524961d4,82.90756,,,6.63601,,,,,,,6ee70939-121f-487f-ab01-d6bb8f265bb6,2026-03-10,23:01:09.29,2026-03-10T17:01:09.2971008-06:00,2026-03-10T23:01:09.2971008Z,,v3,471379,,,"Loving, Joshua",1000510771,Right,UNI_THE2,79f14721-98fb-469d-81a9-a42002766d56,54.40421,-121.6285,11.22656,5.8157,0.5395,-10.88618,1.47566,-0.64223,3.82426,,,,,,,,,,,,,,,,,,,,,,,,,,,,,,,,,,,,,,,,,,,,,,,,,,,High,High,High,,,,,,,,,,,,,,,,,,,,,,,,,,,,,,,,,,,,,,,
96,2026-03-10,17:01:46.67,7,1,"Wajima, Kaigo",1000510773,Left,UNI_THE2,"Vest, Boston",838426,Right,NMS_AGG,Undefined,3,Bottom,2,0,0,Fastball,Changeup,StrikeCalled,Undefined,Undefined,Undefined,0,0,,81.1319,-0.391263,1.366484,1896.028998,143.849642,10:45,5.82357,-1.66313,6.31124,-28.45222,13.54202,-8.86713,3.09203,-1.14309,73.85477,-5.764844,-0.237957,0.466408,,,,,,,,,,,,4.98386,7.5837,1.56691,50,5.78137,-2.48039,-117.83095,-1.58838,6.96048,23.77407,-21.58263,NMS_AGG,UNI_THE2,PresleyAskewField,D1,CUSA,20260310-PresleyAskewField-2,1d9f0a90-1cd5-11f1-886b-8de6524961d4,80.81427,,,7.27713,,,,,,,6ee70939-121f-487f-ab01-d6bb8f265bb6,2026-03-10,23:01:46.67,2026-03-10T17:01:46.6748416-06:00,2026-03-10T23:01:46.6748416Z,,v3,471379,,,"Loving, Joshua",1000510771,Right,UNI_THE2,4d2c9854-c6ae-40b6-ad03-de3e99549dd6,54.18375,-118.67207,11.88703,5.82406,-0.82479,-10.79132,1.65902,-2.72665,3.48024,,,,,,,,,,,,,,,,,,,,,,,,,,,,,,,,,,,,,,,,,,,,,,,,,,,High,High,High,,,,,,,,,,,,,,,,,,,,,,,,,,,,,,,,,,,,,,,
97,2026-03-10,17:02:00.79,7,2,"Wajima, Kaigo",1000510773,Left,UNI_THE2,"Vest, Boston",838426,Right,NMS_AGG,Undefined,3,Bottom,2,0,1,Fastball,Changeup,StrikeCalled,Undefined,Undefined,Undefined,0,0,,81.45742,-0.494822,1.348722,1767.683132,125.713949,10:15,5.86968,-1.41916,5.88486,-32.21943,9.86438,-11.8752,2.72511,-1.15613,74.67515,-6.479843,-0.783733,0.466905,,,,,,,,,,,,6.43886,5.59941,1.31714,50,5.81126,-2.32476,-118.32314,-2.02389,9.12711,22.60319,-24.23687,NMS_AGG,UNI_THE2,PresleyAskewField,D1,CUSA,20260310-PresleyAskewField-2,2603efc0-1cd5-11f1-886b-8de6524961d4,80.72822,,,6.78227,,,,,,,6ee70939-121f-487f-ab01-d6bb8f265bb6,2026-03-10,23:02:00.79,2026-03-10T17:02:00.7928320-06:00,2026-03-10T23:02:00.7928320Z,,v3,471379,,,"Loving, Joshua",1000510771,Right,UNI_THE2,1e8baff8-5011-4f7b-a51f-43a180a7893e,54.61217,-119.20094,11.30159,5.87158,-1.08264,-12.11844,1.4143,-2.67922,4.56355,,,,,,,,,,,,,,,,,,,,,,,,,,,,,,,,,,,,,,,,,,,,,,,,,,,High,High,High,,,,,,,,,,,,,,,,,,,,,,,,,,,,,,,,,,,,,,,
98,2026-03-10,17:02:17.89,7,3,"Wajima, Kaigo",1000510773,Left,UNI_THE2,"Vest, Boston",838426,Right,NMS_AGG,Undefined,3,Bottom,2,0,2,ChangeUp,Changeup,BallCalled,Undefined,Undefined,Undefined,0,0,,76.86321,2.376945,-1.487325,1667.314385,108.108255,9:30,5.8101,-1.27805,5.7996,-42.32778,5.36087,-11.7519,4.49553,-3.64101,70.11576,-5.456836,-3.589628,0.497026,,,,,,,,,,,,5.54118,2.51685,1.40723,50,5.9804,3.33303,-111.4984,3.33487,6.94546,20.85533,-29.01935,NMS_AGG,UNI_THE2,PresleyAskewField,D1,CUSA,20260310-PresleyAskewField-2,303b7210-1cd5-11f1-886b-8de6524961d4,75.83598,,,6.74745,,,,,,,6ee70939-121f-487f-ab01-d6bb8f265bb6,2026-03-10,23:02:17.89,2026-03-10T17:02:17.8923008-06:00,2026-03-10T23:02:17.8923008Z,,v3,471379,,,"Loving, Joshua",1000510771,Right,UNI_THE2,6664fab5-ee58-40a9-b359-e541f2777aaf,54.69724,-112.37357,10.42767,5.81491,4.55263,-14.50968,1.27348,3.04158,3.47273,,,,,,,,,,,,,,,,,,,,,,,,,,,,,,,,,,,,,,,,,,,,,,,,,,,High,High,High,,,,,,,,,,,,,,,,,,,,,,,,,,,,,,,,,,,,,,,
99,2026-03-10,17:02:38.48,7,4,"Wajima, Kaigo",1000510773,Left,UNI_THE2,"Vest, Boston",838426,Right,NMS_AGG,Undefined,3,Bottom,2,1,2,Fastball,Changeup,BallCalled,Undefined,Undefined,Undefined,0,0,,82.28278,0.152517,1.039672,1769.203438,145.509208,10:45,5.92182,-1.40705,5.99999,-28.21608,12.60371,-7.82859,3.71182,-1.09599,75.69876,-5.11886,-0.368387,0.45984,,,,,,,,,,,,4.30453,6.81634,1.32959,50,5.91824,-1.87343,-119.62525,-0.52819,6.27334,21.83557,-22.24005,NMS_AGG,UNI_THE2,PresleyAskewField,D1,CUSA,20260310-PresleyAskewField-2,3c7d9170-1cd5-11f1-886b-8de6524961d4,81.9686,,,6.58402,,,,,,,6ee70939-121f-487f-ab01-d6bb8f265bb6,2026-03-10,23:02:38.48,2026-03-10T17:02:38.4813568-06:00,2026-03-10T23:02:38.4813568Z,,v3,471379,,,"Loving, Joshua",1000510771,Right,UNI_THE2,dfc9663c-1381-4030-b390-82cd6477472f,54.49787,-120.44346,10.91779,5.92241,0.30518,-11.12002,1.40419,-2.1085,3.13667,,,,,,,,,,,,,,,,,,,,,,,,,,,,,,,,,,,,,,,,,,,,,,,,,,,High,High,High,,,,,,,,,,,,,,,,,,,,,,,,,,,,,,,,,,,,,,,
100,2026-03-10,17:02:56.84,7,5,"Wajima, Kaigo",1000510773,Left,UNI_THE2,"Vest, Boston",838426,Right,NMS_AGG,Undefined,3,Bottom,2,2,2,Fastball,Changeup,BallCalled,Undefined,Undefined,Undefined,0,0,,81.19055,-1.542773,3.822624,1837.469293,141.129332,10:45,5.73889,-1.2879,6.24895,-27.15793,14.59898,-10.73359,2.04942,1.34822,74.71436,-6.634996,1.888096,0.465089,,,,,,,,,,,,6.66449,8.38823,1.00893,50,5.61048,-7.49593,-117.81477,-3.93453,9.40367,21.56472,-20.33814,NMS_AGG,UNI_THE2,PresleyAskewField,D1,CUSA,20260310-PresleyAskewField-2,476acf30-1cd5-11f1-886b-8de6524961d4,81.04358,,,6.47619,,,,,,,6ee70939-121f-487f-ab01-d6bb8f265bb6,2026-03-10,23:02:56.84,2026-03-10T17:02:56.8425984-06:00,2026-03-10T23:02:56.8425984Z,,v3,471379,,,"Loving, Joshua",1000510771,Right,UNI_THE2,60365cd8-bcf6-4b33-9c52-695bf8a59f5a,54.25066,-118.59025,10.78236,5.73882,-3.20316,-10.16907,1.28457,-7.83409,4.70184,,,,,,,,,,,,,,,,,,,,,,,,,,,,,,,,,,,,,,,,,,,,,,,,,,,High,High,High,,,,,,,,,,,,,,,,,,,,,,,,,,,,,,,,,,,,,,,
101,2026-03-10,17:03:17.00,7,6,"Wajima, Kaigo",1000510773,Left,UNI_THE2,"Vest, Boston",838426,Right,NMS_AGG,Undefined,3,Bottom,2,3,2,Fastball,Changeup,FoulBallNotFieldable,Undefined,Undefined,Undefined,0,0,,82.34055,-0.349086,1.637468,1722.471657,125.911031,10:15,5.83871,-1.5104,5.9866,-31.31399,9.74823,-11.66221,2.90554,-0.96421,75.38423,-6.18291,-0.460249,0.461203,66.56116,52.772141,134.093825,3709.760955,,,,,34.80146,,,6.47918,5.495,1.38773,50,5.79385,-2.97583,-119.61931,-1.69091,9.37445,23.37858,-24.22353,NMS_AGG,UNI_THE2,PresleyAskewField,D1,CUSA,20260310-PresleyAskewField-2,53722f80-1cd5-11f1-886b-8de6524961d4,81.72628,39.51909,,6.95633,,,,0.82372,2.93635,1.01201,6ee70939-121f-487f-ab01-d6bb8f265bb6,2026-03-10,23:03:17.00,2026-03-10T17:03:17.0021376-06:00,2026-03-10T23:03:17.0021376Z,,v3,471379,,,"Loving, Joshua",1000510771,Right,UNI_THE2,991d5427-4515-4743-b5b8-090f8a5418a8,54.51146,-120.49781,11.68929,5.84028,-0.78066,-12.11177,1.50617,-3.3281,4.68723,,0.82372,-41.09619,-1.08616,1.35744,-1.21205,3.45945,-7.18176,7.76869,-3.3207,2.93635,77.73102,-29.04618,3.70973,-1.53842,3.20501,-6.51066,6.98962,-2.96173,1.01201,42.41729,-2.04527,-0.15921,0.27787,-0.78805,1.62666,-1.77028,0.76383,,,,,,,,,,,,,,,,,,,,,,,High,High,High,High,Undefined,,,,,,,,,,,,,,,,,,,,,,,,,,,,,,,,,,,,,
102,2026-03-10,17:03:36.26,7,7,"Wajima, Kaigo",1000510773,Left,UNI_THE2,"Vest, Boston",838426,Right,NMS_AGG,Undefined,3,Bottom,2,3,2,Curveball,Splitter,StrikeSwinging,Strikeout,Undefined,Undefined,0,0,,65.84589,1.235846,2.547632,858.307879,93.122663,9:00,5.66596,-0.8195,6.34798,-61.51492,2.81154,-9.18571,1.67863,0.76167,60.00032,-10.206839,0.88368,0.577253,,,,,,,,,,,,5.64926,1.67012,0.63876,50,5.72714,-3.98259,-95.5275,0.58364,5.12963,17.0974,-30.65757,NMS_AGG,UNI_THE2,PresleyAskewField,D1,CUSA,20260310-PresleyAskewField-2,5ef96350-1cd5-11f1-886b-8de6524961d4,65.29622,,,5.84556,,,,,,,6ee70939-121f-487f-ab01-d6bb8f265bb6,2026-03-10,23:03:36.26,2026-03-10T17:03:36.2695680-06:00,2026-03-10T23:03:36.2695680Z,,v3,471379,,,"Loving, Joshua",1000510771,Right,UNI_THE2,1efc61d5-d4a7-42e1-9f64-dbb960913261,54.14976,-96.26736,8.5487,5.67318,1.91028,-15.32878,0.8159,-4.20456,2.56482,,,,,,,,,,,,,,,,,,,,,,,,,,,,,,,,,,,,,,,,,,,,,,,,,,,High,High,High,,,,,,,,,,,,,,,,,,,,,,,,,,,,,,,,,,,,,,,
103,2026-03-10,17:05:55.50,1,1,"Price, JT",838436,Right,NMS_AGG,"Trujillo, Jadon",1000207236,Right,UNI_THE2,Undefined,4,Top,0,0,0,Fastball,Four-Seam,FoulBallNotFieldable,Undefined,Undefined,Undefined,0,0,,90.56932,-1.156709,-1.522552,2295.491263,217.823505,1:15,5.33437,1.54225,5.98931,-20.98367,12.74599,9.11343,2.51321,0.89033,83.27675,-5.09057,0.116304,0.418001,69.51448,24.361861,164.092661,3340.430045,-108.25583,22.41443,19.51063,169.06107,51.07874,173.114168,2.300552,-5.11331,7.17319,-1.42734,50,5.23151,3.12212,-131.64157,-3.33411,-9.02078,26.54567,-19.51925,NMS_AGG,UNI_THE2,PresleyAskewField,D1,CUSA,20260310-PresleyAskewField-2,b1e2d240-1cd5-11f1-886b-8de6524961d4,90.17308,23.83371,,7.29257,,,,0.69051,2.43243,-0.87833,6ee70939-121f-487f-ab01-d6bb8f265bb6,2026-03-10,23:05:55.50,2026-03-10T17:05:55.5061248-06:00,2026-03-10T23:05:55.5061248Z,LineDrive,v3,471379,,,"Clizbe, Brandon",838429,Right,NMS_AGG,bedf893f-c70f-488d-b03f-7b81f9e78e0f,54.50959,-132.54781,13.27284,5.33395,-2.66774,-9.75962,-1.53918,3.43008,-4.51039,291.911776,0.69038,-89.3108,5.70938,0.89225,-0.70202,0.72119,-0.37542,0.09362,-0.00921,2.43244,42.05523,-22.47564,1.93784,-0.22221,0.01437,0.03765,-0.01725,0.00227,-0.87823,25.44862,-8.7211,0.74355,0.36617,-0.54048,0.30647,-0.08142,0.00842,,,,,,,,,,,,,,,,,,,,,,,High,High,High,High,Low,,,,,,,,,,,,,,,,,,,,,,,,,,,,,,,,,,,,,
104,2026-03-10,17:06:09.30,1,2,"Price, JT",838436,Right,NMS_AGG,"Trujillo, Jadon",1000207236,Right,UNI_THE2,Undefined,4,Top,0,0,1,Fastball,Sinker,StrikeCalled,Undefined,Undefined,Undefined,0,0,,90.9118,-0.672315,-3.288207,2351.873425,241.65242,2:00,5.30843,1.44923,5.83498,-24.64293,9.39898,15.3478,2.62891,-0.33139,82.78866,-5.270488,-0.540603,0.419931,,,,,,,,,,,,-8.74323,5.33323,-1.1898,50,5.23912,6.89748,-131.83307,-2.39678,-15.33735,28.87533,-22.81851,NMS_AGG,UNI_THE2,PresleyAskewField,D1,CUSA,20260310-PresleyAskewField-2,ba1ef9c0-1cd5-11f1-886b-8de6524961d4,89.75854,,,8.12314,,,,,,,6ee70939-121f-487f-ab01-d6bb8f265bb6,2026-03-10,23:06:09.30,2026-03-10T17:06:09.3071872-06:00,2026-03-10T23:06:09.3071872Z,,v3,471379,,,"Clizbe, Brandon",838429,Right,NMS_AGG,06da7d1c-3ff6-4d9c-8d1e-af5856631a7c,54.66198,-132.85026,14.43767,5.30939,-1.59296,-11.40926,-1.44229,7.43777,-7.66868,,,,,,,,,,,,,,,,,,,,,,,,,,,,,,,,,,,,,,,,,,,,,,,,,,,High,High,High,,,,,,,,,,,,,,,,,,,,,,,,,,,,,,,,,,,,,,,
105,2026-03-10,17:06:22.72,1,3,"Price, JT",838436,Right,NMS_AGG,"Trujillo, Jadon",1000207236,Right,UNI_THE2,Undefined,4,Top,0,0,2,Slider,Slider,FoulBallNotFieldable,Undefined,Undefined,Undefined,0,0,,80.84953,0.449683,-1.86063,2448.962654,65.299045,8:15,5.60296,1.36064,5.14712,-44.50609,-0.17902,-3.63217,2.31771,-0.69437,73.6689,-7.645557,-2.503725,0.479188,69.27955,-34.580802,-67.581722,,,,,5.23045,3.30339,-30.694346,0.044208,1.25606,0.14957,-1.18359,50,5.61062,3.95733,-117.20902,-0.67589,1.731,24.08306,-31.96792,NMS_AGG,UNI_THE2,PresleyAskewField,D1,CUSA,20260310-PresleyAskewField-2,c223bd90-1cd5-11f1-886b-8de6524961d4,78.65897,2.55919,,7.18062,,,,3.08189,2.55919,0.76193,6ee70939-121f-487f-ab01-d6bb8f265bb6,2026-03-10,23:06:22.72,2026-03-10T17:06:22.7250176-06:00,2026-03-10T23:06:22.7250176Z,GroundBall,v3,471379,,,"Clizbe, Brandon",838429,Right,NMS_AGG,7f316d6f-d961-4f64-b98c-e0911d511f35,55.35115,-118.30341,12.04153,5.60833,0.77681,-15.98396,-1.36163,3.87866,0.8655,,3.08102,32.02593,,,,,,,,2.56075,-57.89036,,,,,,,,0.76402,-77.63043,,,,,,,,,,,,,,,,,,,,,,,,,,,,,,High,High,High,Low,Low,,,,,,,,,,,,,,,,,,,,,,,,,,,,,,,,,,,,,
106,2026-03-10,17:06:40.38,1,4,"Price, JT",838436,Right,NMS_AGG,"Trujillo, Jadon",1000207236,Right,UNI_THE2,Undefined,4,Top,0,0,2,Fastball,Four-Seam,BallCalled,Undefined,Undefined,Undefined,0,0,,91.51328,-1.392694,-4.940751,2408.737985,220.4879,1:15,5.26355,1.46254,6.20957,-18.96997,14.06237,11.13111,2.39233,-2.18112,83.84509,-4.977896,-2.942228,0.413658,,,,,,,,,,,,-7.0741,7.96867,-1.09651,50,5.14907,10.99744,-132.56385,-3.80571,-12.6395,27.25478,-17.93617,NMS_AGG,UNI_THE2,PresleyAskewField,D1,CUSA,20260310-PresleyAskewField-2,ccaabf70-1cd5-11f1-886b-8de6524961d4,91.11985,,,7.6682,,,,,,,6ee70939-121f-487f-ab01-d6bb8f265bb6,2026-03-10,23:06:40.38,2026-03-10T17:06:40.3810304-06:00,2026-03-10T23:06:40.3810304Z,,v3,471379,,,"Clizbe, Brandon",838429,Right,NMS_AGG,0a177fc8-03f5-47df-aa14-486018c6b30c,54.28825,-133.44259,13.62739,5.26245,-3.22741,-8.96808,-1.45765,11.40496,-6.31975,,,,,,,,,,,,,,,,,,,,,,,,,,,,,,,,,,,,,,,,,,,,,,,,,,,High,High,High,,,,,,,,,,,,,,,,,,,,,,,,,,,,,,,,,,,,,,,
107,2026-03-10,17:06:56.32,1,5,"Price, JT",838436,Right,NMS_AGG,"Trujillo, Jadon",1000207236,Right,UNI_THE2,Undefined,4,Top,0,1,2,Fastball,Four-Seam,StrikeSwinging,Strikeout,Undefined,Undefined,0,0,,90.90523,0.350929,-1.751892,2341.891839,222.803885,1:30,5.43414,1.35273,5.96788,-20.12474,13.64367,11.63284,4.0826,0.69738,82.76548,-3.453677,0.337936,0.418241,,,,,,,,,,,,-6.44233,7.22315,-1.22023,50,5.45074,3.53386,-132.00544,0.17521,-11.3404,28.7261,-19.45916,NMS_AGG,UNI_THE2,PresleyAskewField,D1,CUSA,20260310-PresleyAskewField-2,d624e530-1cd5-11f1-886b-8de6524961d4,90.12132,,,8.13975,,,,,,,6ee70939-121f-487f-ab01-d6bb8f265bb6,2026-03-10,23:06:56.32,2026-03-10T17:06:56.3250000-06:00,2026-03-10T23:06:56.3250000Z,,v3,471379,,,"Clizbe, Brandon",838429,Right,NMS_AGG,3257ec0b-44d4-4928-9a4d-dc80d47fa417,54.52856,-132.98726,14.36305,5.43339,0.8403,-9.72958,-1.34764,3.92146,-5.6702,,,,,,,,,,,,,,,,,,,,,,,,,,,,,58.64222,3.018752,1.848269,1.170483,-1.75828,3.88365,-0.71956,-1.94432,6.91382,-0.14389,69.58872,5.29455,-55.18539,-1.8987,65.4803,-3.77397,6.95703,14.73274,-13.81068,-0.20642,-52.33375,4.59575,High,High,High,,,High,High,High,,,,,,,,,,,,,,,,,,,,,,,,,,,,,,,,,,
108,2026-03-10,17:07:22.64,2,1,"Price, JT",838436,Right,NMS_AGG,"Garcia, Santiago",10147459,Left,UNI_THE2,Undefined,4,Top,1,0,0,Slider,Slider,BallCalled,Undefined,Undefined,Undefined,0,0,,80.03534,0.678146,0.444166,2360.021029,81.815424,8:45,5.54506,1.56324,5.14846,-43.96349,0.7415,-4.31327,2.51992,1.62197,73.62036,-7.307013,-0.320289,0.481226,,,,,,,,,,,,2.28374,0.55169,-1.60126,50,5.57438,-0.72552,-116.21776,-0.18825,3.13026,21.33394,-31.41788,NMS_AGG,UNI_THE2,PresleyAskewField,D1,CUSA,20260310-PresleyAskewField-2,e5dd66a0-1cd5-11f1-886b-8de6524961d4,78.32581,,,6.41498,,,,,,,6ee70939-121f-487f-ab01-d6bb8f265bb6,2026-03-10,23:07:22.64,2026-03-10T17:07:22.6441216-06:00,2026-03-10T23:07:22.6441216Z,,v3,471379,,,"Clizbe, Brandon",838429,Right,NMS_AGG,260f1f4e-d177-46fc-a93c-c3393fde77fb,55.35075,-117.19588,10.66697,5.54999,1.25219,-15.70894,-1.5647,-0.86904,1.56513,,,,,,,,,,,,,,,,,,,,,,,,,,,,,,,,,,,,,,,,,,,,,,,,,,,High,High,High,,,,,,,,,,,,,,,,,,,,,,,,,,,,,,,,,,,,,,,
109,2026-03-10,17:07:38.49,2,2,"Price, JT",838436,Right,NMS_AGG,"Garcia, Santiago",10147459,Left,UNI_THE2,Undefined,4,Top,1,1,0,Fastball,Four-Seam,InPlay,Undefined,LineDrive,Single,0,0,,90.69719,-1.025048,-2.179295,2365.939988,224.628719,1:30,5.40405,1.44181,5.96141,-20.61001,13.24788,12.0232,2.73528,0.42201,82.93364,-4.902571,-0.019523,0.418795,95.81467,15.099083,-20.71501,1135.393604,101.64487,21.0426,-42.04988,244.31625,243.87541,-24.89794,2.308981,-6.81418,7.41496,-1.27575,50,5.31118,4.50957,-131.71923,-3.01755,-11.97192,27.97043,-19.14662,NMS_AGG,UNI_THE2,PresleyAskewField,D1,CUSA,20260310-PresleyAskewField-2,ef442b70-1cd5-11f1-886b-8de6524961d4,90.00214,21.56398,,7.76354,,,,1.41758,2.7314,-0.41425,6ee70939-121f-487f-ab01-d6bb8f265bb6,2026-03-10,23:07:38.49,2026-03-10T17:07:38.4947712-06:00,2026-03-10T23:07:38.4947712Z,LineDrive,v3,471379,,,"Clizbe, Brandon",838429,Right,NMS_AGG,b24a50fb-a237-4ab5-8ca7-b9c39361675c,54.53714,-132.67918,13.98522,5.40347,-2.36043,-9.57331,-1.43757,4.92045,-5.98596,107.876588,1.41758,126.90514,-18.05585,2.9095,-0.6218,0.11458,-0.02006,0.00275,-0.00019,2.7314,36.60596,-19.43417,1.88393,-0.37267,0.07999,-0.01293,0.00159,-0.00011,-0.41425,-47.99149,0.9842,0.43591,-0.14255,0.0407,-0.00794,0.00115,-8E-05,,,,,,,,,,,,,,,,,,,,,,,High,High,High,High,High,,,,,,,,,,,,,,,,,,,,,,,,,,,,,,,,,,,,,
110,2026-03-10,17:08:19.66,3,1,"Price, JT",838436,Right,NMS_AGG,"Chavez, Vyncent",1000510728,Right,UNI_THE2,Undefined,4,Top,1,0,0,Fastball,Sinker,StrikeCalled,Undefined,Undefined,Undefined,0,0,,91.03334,-1.176789,-3.803065,2262.331061,231.619796,1:45,5.33678,1.57861,6.12888,-22.46915,10.96343,12.52402,2.37406,-0.89817,83.36622,-5.391423,-1.550992,0.416156,,,,,,,,,,,,-7.4889,6.303,-1.29397,50,5.23496,8.25338,-132.04933,-3.43927,-13.25359,27.50929,-21.01926,NMS_AGG,UNI_THE2,PresleyAskewField,D1,CUSA,20260310-PresleyAskewField-2,07d6c210-1cd6-11f1-886b-8de6524961d4,90.57283,,,7.66712,,,,,,,6ee70939-121f-487f-ab01-d6bb8f265bb6,2026-03-10,23:08:19.66,2026-03-10T17:08:19.6653056-06:00,2026-03-10T23:08:19.6653056Z,,v3,471379,,,"Clizbe, Brandon",838429,Right,NMS_AGG,de085b0c-67ac-44eb-8f01-e5c5c0272e4f,54.36895,-132.95638,13.75465,5.33694,-2.74621,-10.50963,-1.5733,8.69039,-6.62679,,,,,,,,,,,,,,,,,,,,,,,,,,,,,,,,,,,,,,,,,,,,,,,,,,,High,High,High,,,,,,,,,,,,,,,,,,,,,,,,,,,,,,,,,,,,,,,
111,2026-03-10,17:08:37.31,3,2,"Price, JT",838436,Right,NMS_AGG,"Chavez, Vyncent",1000510728,Right,UNI_THE2,Undefined,4,Top,1,0,1,Fastball,Four-Seam,FoulBallNotFieldable,Undefined,Undefined,Undefined,0,0,,90.36667,-0.004301,-1.513176,2378.40581,223.4396,1:30,5.27375,1.36537,5.98204,-20.55485,13.54052,11.80028,3.55686,0.94586,82.44523,-3.883921,0.607917,0.420261,74.56989,16.530454,113.598213,2044.743143,,,,,28.83691,,,-6.47658,7.28111,-1.25231,50,5.26202,2.96587,-131.27203,-0.65667,-11.28894,28.07186,-19.48273,NMS_AGG,UNI_THE2,PresleyAskewField,D1,CUSA,20260310-PresleyAskewField-2,1254c340-1cd6-11f1-886b-8de6524961d4,89.68818,12.52041,,7.92144,,,,-0.6524,3.56635,-1.04075,6ee70939-121f-487f-ab01-d6bb8f265bb6,2026-03-10,23:08:37.31,2026-03-10T17:08:37.3125632-06:00,2026-03-10T23:08:37.3125632Z,,v3,471379,,,"Clizbe, Brandon",838429,Right,NMS_AGG,ceda7780-2c3f-400c-b9ef-3e17944e8902,54.51509,-132.23403,14.03593,5.27309,0.01099,-9.74137,-1.36058,3.35273,-5.64447,,-0.65454,-41.87913,6.71581,,,,,,,3.5618,31.32142,-5.72576,,,,,,,-1.03156,95.67542,-22.70848,,,,,,,,,,,,,,,,,,,,,,,,,,,,,High,High,High,Medium,Undefined,,,,,,,,,,,,,,,,,,,,,,,,,,,,,,,,,,,,,
112,2026-03-10,17:09:02.18,3,3,"Price, JT",838436,Right,NMS_AGG,"Chavez, Vyncent",1000510728,Right,UNI_THE2,Undefined,4,Top,1,0,2,Slider,Slider,InPlay,Undefined,GroundBall,Out,2,0,,81.38485,-0.832921,-1.841558,2563.406011,107.222934,9:30,5.58621,1.36814,5.63329,-38.84927,3.23595,-6.7452,1.57122,-0.91268,75.78083,-7.915582,-3.046995,0.466913,38.50375,-36.662803,23.45396,,,,,5.25058,5.25058,19.099811,0.0471,3.01473,2.15252,-1.20694,50,5.49003,4.06076,-118.32487,-3.01659,4.32476,20.06729,-29.08617,NMS_AGG,UNI_THE2,PresleyAskewField,D1,CUSA,20260310-PresleyAskewField-2,212ef2a0-1cd6-11f1-886b-8de6524961d4,80.72682,1.60064,,5.60402,,,,2.98887,1.60064,0.86221,6ee70939-121f-487f-ab01-d6bb8f265bb6,2026-03-10,23:09:02.18,2026-03-10T17:09:02.1814272-06:00,2026-03-10T23:09:02.1814272Z,GroundBall,v3,471379,,,"Clizbe, Brandon",838429,Right,NMS_AGG,309bee5f-38c7-41d5-b91e-77bfe1c024d7,54.86742,-119.1475,10.03365,5.58926,-1.82425,-14.54308,-1.36977,3.88347,2.16238,180,2.9864,41.88298,,,,,,,,1.60264,-33.98409,,,,,,,,0.86114,18.17123,,,,,,,,,,,,,,,,,,,,,,,,,,,,,,High,High,High,Low,Low,,,,,,,,,,,,,,,,,,,,,,,,,,,,,,,,,,,,,
113,2026-03-10,17:11:40.91,1,1,"Byrd, Major",1000510777,Right,UNI_THE2,"Daniels, Chris",827428,Right,NMS_AGG,Undefined,4,Bottom,0,0,0,ChangeUp,Curveball,BallCalled,Undefined,Undefined,Undefined,0,0,,75.79292,-1.690363,0.526489,1637.484864,179.431764,12:00,5.98767,-0.18543,5.86233,-42.21955,5.61729,-0.04339,0.89854,0.30006,71.15784,-9.392687,0.518686,0.497797,,,,,,,,,,,,0.14283,3.60071,0.14279,50,5.82544,-1.01207,-110.29677,-4.51252,0.17904,16.40865,-27.66103,NMS_AGG,UNI_THE2,PresleyAskewField,D1,CUSA,20260310-PresleyAskewField-2,7fcebbb0-1cd6-11f1-886b-8de6524961d4,75.71844,,,4.63507,,,,,,,6ee70939-121f-487f-ab01-d6bb8f265bb6,2026-03-10,23:11:40.91,2026-03-10T17:11:40.9100000-06:00,2026-03-10T23:11:40.9100000Z,,v3,471379,,,"Loving, Joshua",1000510771,Right,UNI_THE2,4b288eb7-74e8-4ba5-a231-1a66da069c58,54.63877,-110.98472,8.20433,5.99032,-3.35279,-13.83052,0.18538,-1.01958,0.08952,,,,,,,,,,,,,,,,,,,,,,,,,,,,,,,,,,,,,,,,,,,,,,,,,,,High,High,High,,,,,,,,,,,,,,,,,,,,,,,,,,,,,,,,,,,,,,,
114,2026-03-10,17:11:56.87,1,2,"Byrd, Major",1000510777,Right,UNI_THE2,"Daniels, Chris",827428,Right,NMS_AGG,Undefined,4,Bottom,0,1,0,Fastball,Changeup,BallCalled,Undefined,Undefined,Undefined,0,0,,76.56248,-2.661081,-0.845383,1488.886184,220.597981,1:15,5.9635,0.04828,5.94845,-39.40982,7.53087,5.35835,0.20922,-0.28932,71.70872,-9.861535,0.120051,0.493113,,,,,,,,,,,,-3.00122,4.85292,0.01578,50,5.72901,1.46246,-111.31724,-6.33156,-3.81783,17.3968,-26.00066,NMS_AGG,UNI_THE2,PresleyAskewField,D1,CUSA,20260310-PresleyAskewField-2,894a4100-1cd6-11f1-886b-8de6524961d4,76.43778,,,4.85376,,,,,,,6ee70939-121f-487f-ab01-d6bb8f265bb6,2026-03-10,23:11:56.87,2026-03-10T17:11:56.8710144-06:00,2026-03-10T23:11:56.8710144Z,,v3,471379,,,"Loving, Joshua",1000510771,Right,UNI_THE2,508cf184-357e-44da-9a05-e80d22963a95,54.55257,-112.02646,8.6984,5.96553,-5.27158,-13.00033,-0.04701,1.6181,-1.90892,,,,,,,,,,,,,,,,,,,,,,,,,,,,,,,,,,,,,,,,,,,,,,,,,,,High,High,High,,,,,,,,,,,,,,,,,,,,,,,,,,,,,,,,,,,,,,,
115,2026-03-10,17:12:12.97,1,3,"Byrd, Major",1000510777,Right,UNI_THE2,"Daniels, Chris",827428,Right,NMS_AGG,Undefined,4,Bottom,0,2,0,Fastball,Cutter,HitByPitch,Undefined,Undefined,Undefined,0,0,,81.82357,-0.547925,2.227993,1894.683409,193.230003,12:30,6.25786,-0.19582,6.02751,-25.92623,15.21765,3.30213,3.58952,2.14373,75.62383,-5.392671,2.821374,0.461662,,,,,,,,,,,,-1.16799,8.35989,0.01969,50,6.20081,-4.74586,-118.96012,-1.89305,-1.68771,21.03625,-20.0944,NMS_AGG,UNI_THE2,PresleyAskewField,D1,CUSA,20260310-PresleyAskewField-2,92e694c0-1cd6-11f1-886b-8de6524961d4,81.64512,,,6.19974,,,,,,,6ee70939-121f-487f-ab01-d6bb8f265bb6,2026-03-10,23:12:12.97,2026-03-10T17:12:12.9761792-06:00,2026-03-10T23:12:12.9761792Z,,v3,471379,,,"Loving, Joshua",1000510771,Right,UNI_THE2,eed1066e-2ec8-4f79-9780-41198afae9d9,54.47298,-119.74848,10.51812,6.25764,-1.13999,-10.0472,0.19636,-4.68261,-0.84386,,,,,,,,,,,,,,,,,,,,,,,,,,,,,,,,,,,,,,,,,,,,,,,,,,,High,High,High,,,,,,,,,,,,,,,,,,,,,,,,,,,,,,,,,,,,,,,
116,2026-03-10,17:12:44.28,2,1,"Byrd, Major",1000510777,Right,UNI_THE2,"Clough De Los Santos, Jonatan",10113700,Right,NMS_AGG,Undefined,4,Bottom,0,0,0,Fastball,Changeup,BallCalled,Undefined,Undefined,Undefined,0,0,,76.36062,0.690364,0.905491,1607.263999,154.376261,11:15,6.00321,0.2049,5.8783,-36.60242,11.67178,-4.81512,3.59426,0.64464,69.43465,-6.140311,0.04134,0.500068,,,,,,,,,,,,2.72244,6.25949,-0.27531,50,6.03806,-1.57333,-110.81168,0.27535,3.35814,21.27198,-24.45292,NMS_AGG,UNI_THE2,PresleyAskewField,D1,CUSA,20260310-PresleyAskewField-2,a59a06b0-1cd6-11f1-886b-8de6524961d4,75.37466,,,6.92597,,,,,,,6ee70939-121f-487f-ab01-d6bb8f265bb6,2026-03-10,23:12:44.28,2026-03-10T17:12:44.2846208-06:00,2026-03-10T23:12:44.2846208Z,,v3,471379,,,"Loving, Joshua",1000510771,Right,UNI_THE2,ef125d71-f85e-499a-bcce-3c8c34f52709,54.6163,-111.69434,10.63599,6.00559,1.29,-12.22646,-0.20714,-1.71267,1.67907,,,,,,,,,,,,,,,,,,,,,,,,,,,,,,,,,,,,,,,,,,,,,,,,,,,High,High,High,,,,,,,,,,,,,,,,,,,,,,,,,,,,,,,,,,,,,,,
117,2026-03-10,17:13:00.45,2,2,"Byrd, Major",1000510777,Right,UNI_THE2,"Clough De Los Santos, Jonatan",10113700,Right,NMS_AGG,Undefined,4,Bottom,0,1,0,Slider,Curveball,InPlay,Undefined,FlyBall,Out,1,0,,70.65618,0.279747,0.810852,2210.550835,102.320472,9:30,6.12462,0.18807,5.44452,-53.52275,3.68106,-8.15997,1.92634,0.26731,64.83704,-9.495881,-0.644679,0.544357,85.31895,62.854125,20.4866,,,,,,66.65162,,,4.39154,2.25984,-0.25375,50,6.11227,-1.16921,-102.55069,-1.09201,4.64324,18.09037,-29.7847,NMS_AGG,UNI_THE2,PresleyAskewField,D1,CUSA,20260310-PresleyAskewField-2,af3e70c0-1cd6-11f1-886b-8de6524961d4,69.24214,119.46759,,5.81914,,,,2.34104,2.206,-0.26139,6ee70939-121f-487f-ab01-d6bb8f265bb6,2026-03-10,23:13:00.45,2026-03-10T17:13:00.4539392-06:00,2026-03-10T23:13:00.4539392Z,,v3,471379,,,"Loving, Joshua",1000510771,Right,UNI_THE2,9bf3ef40-21b3-4302-9cd0-b804d8ba3f90,55.05405,-103.43841,9.04518,6.13,0.36955,-14.89235,-0.19078,-1.39706,2.32162,191.463894,2.34103,53.48412,-14.53755,3.76862,-0.17387,-0.70725,0.57033,-0.21149,0.03161,2.20601,111.34965,-26.1126,3.16697,-0.93072,0.52681,-0.30248,0.10364,-0.01509,-0.26139,19.9818,-1.32621,0.19308,-0.1081,0.1261,-0.08573,0.03072,-0.00455,,,,,,,,,,,,,,,,,,,,,,,High,High,High,High,Undefined,,,,,,,,,,,,,,,,,,,,,,,,,,,,,,,,,,,,,
118,2026-03-10,17:13:37.67,3,1,"Byrd, Major",1000510777,Right,UNI_THE2,"Rulli, Easton",702537,Right,NMS_AGG,Undefined,4,Bottom,1,0,0,Fastball,Changeup,BallCalled,Undefined,Undefined,Undefined,0,0,,75.75299,-1.003987,0.680873,1536.600649,175.26659,11:45,6.16119,0.22572,5.79048,-40.24707,8.81689,-0.59602,1.87317,0.80946,69.43635,-8.432747,0.573922,0.504142,,,,,,,,,,,,0.51032,5.22059,-0.28138,50,6.05425,-1.28645,-110.0022,-3.11372,0.62138,20.64858,-25.81711,NMS_AGG,UNI_THE2,PresleyAskewField,D1,CUSA,20260310-PresleyAskewField-2,c565acb0-1cd6-11f1-886b-8de6524961d4,74.76555,,,6.31664,,,,,,,6ee70939-121f-487f-ab01-d6bb8f265bb6,2026-03-10,23:13:37.67,2026-03-10T17:13:37.6738304-06:00,2026-03-10T23:13:37.6738304Z,,v3,471379,,,"Loving, Joshua",1000510771,Right,UNI_THE2,140c5fa0-5f79-4d7f-b096-3b52dc1567a4,54.70821,-110.88245,10.32429,6.16353,-2.01312,-12.90855,-0.22597,-1.31294,0.31069,,,,,,,,,,,,,,,,,,,,,,,,,,,,,,,,,,,,,,,,,,,,,,,,,,,High,High,High,,,,,,,,,,,,,,,,,,,,,,,,,,,,,,,,,,,,,,,
119,2026-03-10,17:13:55.20,3,2,"Byrd, Major",1000510777,Right,UNI_THE2,"Rulli, Easton",702537,Right,NMS_AGG,Undefined,4,Bottom,1,1,0,Slider,Curveball,HitByPitch,Undefined,Undefined,Undefined,0,0,,69.84841,-0.19836,2.758736,2368.767731,82.562804,8:45,6.08778,0.00446,5.84073,-56.9446,0.8352,-8.32453,1.15783,1.87657,64.26158,-10.629465,1.263766,0.547091,,,,,,,,,,,,5.23638,0.74236,-0.22386,50,6.03719,-4.62929,-101.38484,-1.90663,5.39958,18.01443,-31.40856,NMS_AGG,UNI_THE2,PresleyAskewField,D1,CUSA,20260310-PresleyAskewField-2,cfdc0cc0-1cd6-11f1-886b-8de6524961d4,68.89614,,,5.58683,,,,,,,6ee70939-121f-487f-ab01-d6bb8f265bb6,2026-03-10,23:13:55.20,2026-03-10T17:13:55.2070000-06:00,2026-03-10T23:13:55.2070000Z,,v3,471379,,,"Loving, Joshua",1000510771,Right,UNI_THE2,bebb890e-6175-4d90-910a-be502795e67f,54.66103,-102.20967,9.00721,6.09156,-0.46852,-15.70428,-0.00624,-4.87653,2.69979,,,,,,,,,,,,,,,,,,,,,,,,,,,,,,,,,,,,,,,,,,,,,,,,,,,High,High,High,,,,,,,,,,,,,,,,,,,,,,,,,,,,,,,,,,,,,,,
120,2026-03-10,17:14:31.00,4,1,"Byrd, Major",1000510777,Right,UNI_THE2,"Clizbe, Brandon",838429,Right,NMS_AGG,Undefined,4,Bottom,1,0,0,Slider,Changeup,StrikeCalled,Undefined,Undefined,Undefined,0,0,,68.92295,1.980771,2.203725,2243.504151,78.265232,8:30,6.1304,-0.26059,5.90338,-59.51322,-1.28315,-14.01335,3.01173,0.61827,64.10154,-8.922936,-0.313289,0.549218,,,,,,,,,,,,7.74689,-0.66272,0.09162,50,6.25529,-3.40588,-100.18191,1.81913,7.95219,14.6621,-32.85433,NMS_AGG,UNI_THE2,PresleyAskewField,D1,CUSA,20260310-PresleyAskewField-2,e54094f0-1cd6-11f1-886b-8de6524961d4,68.62923,,,4.82141,,,,,,,6ee70939-121f-487f-ab01-d6bb8f265bb6,2026-03-10,23:14:31.00,2026-03-10T17:14:31.0032896-06:00,2026-03-10T23:14:31.0032896Z,,v3,471379,,,"Loving, Joshua",1000510771,Right,UNI_THE2,41eb9f11-0549-46dd-8197-af0afc1ecad3,54.598,-100.8526,7.33105,6.13771,3.322,-16.42717,0.25574,-3.76964,3.9761,,,,,,,,,,,,,,,,,,,,,,,,,,,,,,,,,,,,,,,,,,,,,,,,,,,High,High,High,,,,,,,,,,,,,,,,,,,,,,,,,,,,,,,,,,,,,,,
121,2026-03-10,17:14:51.56,4,2,"Byrd, Major",1000510777,Right,UNI_THE2,"Clizbe, Brandon",838429,Right,NMS_AGG,Undefined,4,Bottom,1,0,1,Fastball,Cutter,InPlay,Undefined,GroundBall,Single,0,1,,82.27345,-2.231702,0.963653,2000.33807,175.112026,11:45,6.25091,-0.23704,6.35268,-29.646,10.56335,-0.80417,1.72498,0.58299,76.28857,-7.749384,0.817869,0.456389,100.65344,-7.320215,-28.171192,,,,,16.90577,14.98241,-26.814936,0.102365,0.66823,6.43296,0.16757,50,6.07494,-1.98427,-119.64076,-5.5119,0.97664,21.27841,-22.77208,NMS_AGG,UNI_THE2,PresleyAskewField,D1,CUSA,20260310-PresleyAskewField-2,f16a2340-1cd6-11f1-886b-8de6524961d4,82.58844,1.92746,,5.98488,,,,1.86109,1.92746,-0.54279,6ee70939-121f-487f-ab01-d6bb8f265bb6,2026-03-10,23:14:51.56,2026-03-10T17:14:51.5649024-06:00,2026-03-10T23:14:51.5649024Z,GroundBall,v3,471379,,,"Loving, Joshua",1000510771,Right,UNI_THE2,e0cee949-4292-4f1a-bbbb-55d605534c30,54.14675,-120.37601,10.63921,6.2518,-4.72504,-11.38604,0.23671,-2.01801,0.48832,180,1.85885,129.21244,,,,,,,,1.92778,-18.82934,,,,,,,,-0.54159,-69.19948,,,,,,,,,,,,,,,,,,,,,,,,,,,,,,High,High,High,Medium,High,,,,,,,,,,,,,,,,,,,,,,,,,,,,,,,,,,,,,
122,2026-03-10,17:15:42.71,5,1,"Byrd, Major",1000510777,Right,UNI_THE2,"Lombardi, Aidan",838424,Right,NMS_AGG,Undefined,4,Bottom,1,0,0,Fastball,Cutter,StrikeCalled,Undefined,Undefined,Undefined,0,0,,81.6101,-2.160663,0.567588,2054.576976,181.09247,12:00,6.15241,-0.25233,6.48802,-26.45742,14.40257,0.25075,1.96298,0.28966,75.19345,-7.138922,0.613144,0.460066,,,,,,,,,,,,0.02118,8.52268,0.21243,50,5.98905,-1.18403,-118.62758,-5.18063,0.03026,22.01804,-19.99078,NMS_AGG,UNI_THE2,PresleyAskewField,D1,CUSA,20260310-PresleyAskewField-2,0febe420-1cd7-11f1-886b-8de6524961d4,81.92825,,,6.41665,,,,,,,6ee70939-121f-487f-ab01-d6bb8f265bb6,2026-03-10,23:15:42.71,2026-03-10T17:15:42.7144192-06:00,2026-03-10T23:15:42.7144192Z,,v3,471379,,,"Loving, Joshua",1000510771,Right,UNI_THE2,84bd20a4-335c-4e07-aac1-6899c0c079ba,54.00918,-119.36939,11.00902,6.15225,-4.50712,-9.99539,0.25234,-1.18505,0.01513,,,,,,,,,,,,,,,,,,,,,,,,,,,,,,,,,,,,,,,,,,,,,,,,,,,High,High,High,,,,,,,,,,,,,,,,,,,,,,,,,,,,,,,,,,,,,,,
123,2026-03-10,17:16:00.23,5,2,"Byrd, Major",1000510777,Right,UNI_THE2,"Lombardi, Aidan",838424,Right,NMS_AGG,Undefined,4,Bottom,1,0,1,Slider,Changeup,BallCalled,Undefined,Undefined,Undefined,0,0,,76.76461,-2.440309,0.013304,1618.166883,179.134323,12:00,5.96127,0.15142,6.0004,-37.07675,10.22654,-0.1315,0.60906,0.15279,70.72064,-9.286523,-0.0104,0.495014,,,,,,,,,,,,0.07228,6.38772,-0.1524,50,5.74877,-0.02135,-111.46292,-5.81417,0.09072,20.52628,-24.15907,NMS_AGG,UNI_THE2,PresleyAskewField,D1,CUSA,20260310-PresleyAskewField-2,1a5c9ee0-1cd7-11f1-886b-8de6524961d4,76.14426,,,6.04397,,,,,,,6ee70939-121f-487f-ab01-d6bb8f265bb6,2026-03-10,23:16:00.23,2026-03-10T17:16:00.2325504-06:00,2026-03-10T23:16:00.2325504Z,,v3,471379,,,"Loving, Joshua",1000510771,Right,UNI_THE2,2d68de2e-5276-4ff6-aa0b-5784365d29a8,54.49822,-112.28823,10.26314,5.96302,-4.8428,-12.07953,-0.15146,-0.025,0.04536,,,,,,,,,,,,,,,,,,,,,,,,,,,,,,,,,,,,,,,,,,,,,,,,,,,High,High,High,,,,,,,,,,,,,,,,,,,,,,,,,,,,,,,,,,,,,,,
124,2026-03-10,17:16:41.78,5,3,"Byrd, Major",1000510777,Right,UNI_THE2,"Lombardi, Aidan",838424,Right,NMS_AGG,Undefined,4,Bottom,1,1,1,Slider,Changeup,StrikeSwinging,Undefined,Undefined,Undefined,0,0,,75.54209,-1.402472,-1.442794,1584.722621,179.94514,12:00,5.92888,0.20152,6.05594,-41.03423,7.5091,-0.00575,1.21057,-1.13469,69.81151,-8.97328,-1.443832,0.50146,,,,,,,,,,,,-0.39047,4.72154,-0.08945,50,5.79796,2.76441,-109.74803,-3.86429,-0.47712,19.08726,-26.40486,NMS_AGG,UNI_THE2,PresleyAskewField,D1,CUSA,20260310-PresleyAskewField-2,332c1770-1cd7-11f1-886b-8de6524961d4,75.16543,,,5.73057,,,,,,,6ee70939-121f-487f-ab01-d6bb8f265bb6,2026-03-10,23:16:41.78,2026-03-10T17:16:41.7816576-06:00,2026-03-10T23:16:41.7816576Z,,v3,471379,,,"Loving, Joshua",1000510771,Right,UNI_THE2,adfa6d04-860e-4ae6-baf4-77c4d4b020ba,54.44149,-110.51779,9.54363,5.93233,-2.79943,-13.20243,-0.20132,2.78365,-0.23856,,,,,,,,,,,,,,,,,,,,,,,,,,,,,,,,,,,,,,,,,,,,,,,,,,,High,High,High,,,,,,,,,,,,,,,,,,,,,,,,,,,,,,,,,,,,,,,
125,2026-03-10,17:17:06.61,5,4,"Byrd, Major",1000510777,Right,UNI_THE2,"Lombardi, Aidan",838424,Right,NMS_AGG,Undefined,4,Bottom,1,1,2,Slider,Changeup,BallCalled,Undefined,Undefined,Undefined,0,0,,69.42309,0.272345,1.563924,2260.995502,53.890096,7:45,6.12565,-0.27916,6.01152,-61.10976,-3.63311,-7.33548,1.28556,0.55869,64.53788,-10.90944,0.240176,0.545654,,,,,,,,,,,,4.25217,-1.55705,0.16064,50,6.11301,-2.52935,-100.96077,-1.18372,4.39501,16.22245,-33.78338,NMS_AGG,UNI_THE2,PresleyAskewField,D1,CUSA,20260310-PresleyAskewField-2,41f64140-1cd7-11f1-886b-8de6524961d4,69.07759,,,4.88521,,,,,,,6ee70939-121f-487f-ab01-d6bb8f265bb6,2026-03-10,23:17:06.61,2026-03-10T17:17:06.6122752-06:00,2026-03-10T23:17:06.6122752Z,,v3,471379,,,"Loving, Joshua",1000510771,Right,UNI_THE2,e63111cb-040a-4223-af04-b32580d68c90,54.49011,-101.67968,8.11122,6.13229,0.31343,-16.89169,0.27704,-2.72412,2.1975,,,,,,,,,,,,,,,,,,,,,,,,,,,,,,,,,,,,,,,,,,,,,,,,,,,High,High,High,,,,,,,,,,,,,,,,,,,,,,,,,,,,,,,,,,,,,,,
126,2026-03-10,17:17:27.65,5,5,"Byrd, Major",1000510777,Right,UNI_THE2,"Lombardi, Aidan",838424,Right,NMS_AGG,Undefined,4,Bottom,1,2,2,Fastball,Four-Seam,BallCalled,Undefined,Undefined,Undefined,0,0,,80.70036,-0.017069,1.67427,2015.175295,180.90051,12:00,6.48112,-0.34254,6.20211,-26.32033,15.75257,0.22835,4.272,1.22236,74.36277,-4.966628,1.715464,0.466845,,,,,,,,,,,,0.31098,8.55197,0.21664,50,6.46644,-3.43761,-117.31943,-0.76006,0.43676,20.60941,-20.16391,NMS_AGG,UNI_THE2,PresleyAskewField,D1,CUSA,20260310-PresleyAskewField-2,4e7828c0-1cd7-11f1-886b-8de6524961d4,80.73867,,,6.33759,,,,,,,6ee70939-121f-487f-ab01-d6bb8f265bb6,2026-03-10,23:17:27.65,2026-03-10T17:17:27.6500992-06:00,2026-03-10T23:17:27.6500992Z,,v3,471379,,,"Loving, Joshua",1000510771,Right,UNI_THE2,b344407e-1b04-48c2-aa25-a44e49836b96,54.29455,-118.07143,10.30471,6.48075,-0.0243,-10.08196,0.34237,-3.45354,0.21838,,,,,,,,,,,,,,,,,,,,,,,,,,,,,,,,,,,,,,,,,,,,,,,,,,,High,High,High,,,,,,,,,,,,,,,,,,,,,,,,,,,,,,,,,,,,,,,
127,2026-03-10,17:17:47.57,5,6,"Byrd, Major",1000510777,Right,UNI_THE2,"Lombardi, Aidan",838424,Right,NMS_AGG,Undefined,4,Bottom,1,3,2,ChangeUp,Changeup,BallCalled,Walk,Undefined,Undefined,0,0,,76.61383,-2.415628,-0.533746,1606.005448,202.486889,12:45,6.08952,0.033,5.82807,-41.96361,5.42138,1.6726,0.34561,-0.32379,71.33777,-10.073769,-0.232973,0.495441,,,,,,,,,,,,-1.00457,3.7674,0.00954,50,5.86699,0.97894,-111.3256,-5.96474,-1.2693,18.70991,-27.41388,NMS_AGG,UNI_THE2,PresleyAskewField,D1,CUSA,20260310-PresleyAskewField-2,5a5c2290-1cd7-11f1-886b-8de6524961d4,76.0786,,,5.27606,,,,,,,6ee70939-121f-487f-ab01-d6bb8f265bb6,2026-03-10,23:17:47.57,2026-03-10T17:17:47.5700224-06:00,2026-03-10T23:17:47.5700224Z,,v3,471379,,,"Loving, Joshua",1000510771,Right,UNI_THE2,58d67082-a85a-4d68-ade9-d13337eb7281,54.67202,-112.10806,9.35496,6.09246,-4.81829,-13.70694,-0.03251,1.03202,-0.63465,,,,,,,,,,,,,,,,,,,,,,,,,,,,,,,,,,,,,,,,,,,,,,,,,,,High,High,High,,,,,,,,,,,,,,,,,,,,,,,,,,,,,,,,,,,,,,,
128,2026-03-10,17:18:18.03,6,1,"Byrd, Major",1000510777,Right,UNI_THE2,"Kaufman, Camden",831503,Right,NMS_AGG,Undefined,4,Bottom,1,0,0,Fastball,Cutter,FoulBallNotFieldable,Undefined,Undefined,Undefined,0,0,,82.28425,-0.963213,-0.046983,1851.148002,188.610558,12:15,6.14735,-0.17811,6.24516,-27.80041,12.41162,1.7091,2.94219,-0.07902,76.26549,-6.155181,0.262045,0.456404,,,,,,,,,,,,-0.90728,7.03839,0.18075,50,6.06179,0.0373,-119.74995,-2.81428,-1.33199,20.73427,-21.84097,NMS_AGG,UNI_THE2,PresleyAskewField,D1,CUSA,20260310-PresleyAskewField-2,6c7e5100-1cd7-11f1-886b-8de6524961d4,82.58569,,,6.01876,,,,,,,6ee70939-121f-487f-ab01-d6bb8f265bb6,2026-03-10,23:18:18.03,2026-03-10T17:18:18.0351488-06:00,2026-03-10T23:18:18.0351488Z,,v3,471379,,,"Loving, Joshua",1000510771,Right,UNI_THE2,614a47de-799c-48f4-85ed-bae620c858ec,54.25429,-120.48431,10.36713,6.14777,-2.04072,-10.92049,0.17859,0.08447,-0.66599,,,,,,,,,,,,,,,,,,,,,,,,,,,,,,,,,,,,,,,,,,,,,,,,,,,High,High,High,,,,,,,,,,,,,,,,,,,,,,,,,,,,,,,,,,,,,,,
129,2026-03-10,17:18:50.36,6,2,"Byrd, Major",1000510777,Right,UNI_THE2,"Kaufman, Camden",831503,Right,NMS_AGG,Undefined,4,Bottom,1,0,1,Fastball,Four-Seam,FoulBallNotFieldable,Undefined,Undefined,Undefined,0,0,,82.46066,-1.688047,0.395273,2132.486776,182.696443,12:00,6.14469,-0.25775,6.19134,-24.28257,15.94308,0.69618,2.56219,0.1652,76.27895,-6.241792,0.521008,0.456481,94.42207,-4.036716,-45.07331,,,,,40.26518,30.56459,-43.004808,0.27869,-0.26425,9.06623,0.22763,50,6.00512,-0.85255,-119.93148,-4.21802,-0.3884,21.21317,-18.84875,NMS_AGG,UNI_THE2,PresleyAskewField,D1,CUSA,20260310-PresleyAskewField-2,7fbee7c0-1cd7-11f1-886b-8de6524961d4,82.57173,2.72035,,6.18171,,,,2.22325,2.72035,-0.17097,6ee70939-121f-487f-ab01-d6bb8f265bb6,2026-03-10,23:18:50.36,2026-03-10T17:18:50.3682048-06:00,2026-03-10T23:18:50.3682048Z,GroundBall,v3,471379,,,"Loving, Joshua",1000510771,Right,UNI_THE2,e716fc91-bc2d-4e52-97d7-aae3a1e0fd1c,54.30762,-120.691,10.60658,6.14406,-3.54316,-9.42437,0.25791,-0.83865,-0.1942,180,2.21767,97.6804,,,,,,,,2.72091,-9.76121,,,,,,,,-0.16538,-97.93069,,,,,,,,,,,,,,,,,,,,,,,,,,,,,,High,High,High,High,Medium,,,,,,,,,,,,,,,,,,,,,,,,,,,,,,,,,,,,,
130,2026-03-10,17:19:15.70,6,3,"Byrd, Major",1000510777,Right,UNI_THE2,"Kaufman, Camden",831503,Right,NMS_AGG,Undefined,4,Bottom,1,0,2,Fastball,Cutter,InPlay,Undefined,GroundBall,FieldersChoice,1,1,,82.75231,-1.145627,-0.71454,2160.044472,171.436705,11:45,6.13593,-0.63439,6.16157,-26.64368,13.59127,-1.86075,2.85712,-1.44954,76.06163,-6.13989,-1.050388,0.456534,67.0778,-6.782927,10.837529,,,,,20.53563,19.84368,14.060484,0.19891,0.77535,7.72634,0.68952,50,6.03532,1.56886,-120.29574,-3.17647,1.13859,22.86424,-20.82786,NMS_AGG,UNI_THE2,PresleyAskewField,D1,CUSA,20260310-PresleyAskewField-2,8edb9e60-1cd7-11f1-886b-8de6524961d4,82.5622,2.82102,,6.69068,,,,1.02597,2.82102,1.44021,6ee70939-121f-487f-ab01-d6bb8f265bb6,2026-03-10,23:19:15.70,2026-03-10T17:19:15.7083136-06:00,2026-03-10T23:19:15.7083136Z,GroundBall,v3,471379,,,"Loving, Joshua",1000510771,Right,UNI_THE2,bddd0ee2-f288-4ade-903a-70112d253919,54.3366,-121.11718,11.43212,6.136,-2.42819,-10.41393,0.63389,1.52795,0.5693,145.217146,1.02615,95.93843,-4.77796,,,,,,,2.82114,-11.62733,-12.85206,,,,,,,1.44029,18.36292,-2.62589,,,,,,,,,,,,,,,,,,,,,,,,,,,,,High,High,High,High,High,,,,,,,,,,,,,,,,,,,,,,,,,,,,,,,,,,,,,
131,2026-03-10,17:19:54.58,7,1,"Byrd, Major",1000510777,Right,UNI_THE2,"Solorzano, Steve",814833,Right,NMS_AGG,Undefined,4,Bottom,2,0,0,ChangeUp,Changeup,BallCalled,Undefined,Undefined,Undefined,0,0,,75.1164,-2.482383,-0.49062,1348.519347,197.387868,12:30,5.94424,0.24118,5.89064,-42.30258,6.94426,1.71681,0.11264,-0.0713,69.88676,-10.217099,-0.181529,0.505081,,,,,,,,,,,,-1.02524,4.58559,-0.20271,50,5.71934,0.87725,-109.14435,-5.96151,-1.24291,18.30597,-26.61483,NMS_AGG,UNI_THE2,PresleyAskewField,D1,CUSA,20260310-PresleyAskewField-2,a60ef320-1cd7-11f1-886b-8de6524961d4,74.62659,,,5.22965,,,,,,,6ee70939-121f-487f-ab01-d6bb8f265bb6,2026-03-10,23:19:54.58,2026-03-10T17:19:54.5829888-06:00,2026-03-10T23:19:54.5829888Z,,v3,471379,,,"Loving, Joshua",1000510771,Right,UNI_THE2,705229a5-acb2-4923-8ae0-c75d30020820,54.60978,-109.9148,9.15299,5.94667,-4.84136,-13.30742,-0.24073,0.92956,-0.62146,,,,,,,,,,,,,,,,,,,,,,,,,,,,,,,,,,,,,,,,,,,,,,,,,,,High,High,High,,,,,,,,,,,,,,,,,,,,,,,,,,,,,,,,,,,,,,,
132,2026-03-10,17:20:22.91,7,2,"Byrd, Major",1000510777,Right,UNI_THE2,"Solorzano, Steve",814833,Right,NMS_AGG,Undefined,4,Bottom,2,1,0,ChangeUp,Changeup,BallCalled,Undefined,Undefined,Undefined,0,0,,76.53468,-2.546257,-0.371095,1513.625059,162.243835,11:30,5.93481,0.00589,5.9555,-40.1912,7.73922,-1.96154,0.22266,-0.50171,70.26691,-9.947656,-0.724599,0.498284,,,,,,,,,,,,0.91051,5.16469,0.02473,50,5.7098,0.78691,-111.0644,-6.10772,1.12763,21.47457,-25.77792,NMS_AGG,UNI_THE2,PresleyAskewField,D1,CUSA,20260310-PresleyAskewField-2,b6f0b250-1cd7-11f1-886b-8de6524961d4,75.64449,,,6.26776,,,,,,,6ee70939-121f-487f-ab01-d6bb8f265bb6,2026-03-10,23:20:22.91,2026-03-10T17:20:22.9197824-06:00,2026-03-10T23:20:22.9197824Z,,v3,471379,,,"Loving, Joshua",1000510771,Right,UNI_THE2,d1794957-f5ea-4f66-946b-c9bc72e53e31,54.54322,-111.9394,10.73729,5.93726,-5.05738,-12.88896,-0.0064,0.74096,0.56382,,,,,,,,,,,,,,,,,,,,,,,,,,,,,,,,,,,,,,,,,,,,,,,,,,,High,High,High,,,,,,,,,,,,,,,,,,,,,,,,,,,,,,,,,,,,,,,
133,2026-03-10,17:20:41.78,7,3,"Byrd, Major",1000510777,Right,UNI_THE2,"Solorzano, Steve",814833,Right,NMS_AGG,Undefined,4,Bottom,2,2,0,Fastball,Cutter,InPlay,Undefined,LineDrive,Double,0,2,,81.82898,-0.897701,0.257608,2029.729913,186.608576,12:15,6.28626,-0.16155,6.11788,-26.69604,14.58721,1.54036,3.23158,0.20498,75.04442,-5.91062,0.535393,0.462443,100.91944,21.519089,-11.960044,1339.949136,107.08385,38.51047,-25.15919,355.30291,349.60388,-15.587742,3.737722,-0.73236,8.18315,0.141,50,6.20353,-0.59087,-118.94676,-2.62699,-1.04918,22.8299,-20.45115,NMS_AGG,UNI_THE2,PresleyAskewField,D1,CUSA,20260310-PresleyAskewField-2,c22afea0-1cd7-11f1-886b-8de6524961d4,81.50717,49.71521,,6.78455,,,,3.29943,3.42874,-0.20462,6ee70939-121f-487f-ab01-d6bb8f265bb6,2026-03-10,23:20:41.78,2026-03-10T17:20:41.7825280-06:00,2026-03-10T23:20:41.7825280Z,LineDrive,v3,471379,,,"Loving, Joshua",1000510771,Right,UNI_THE2,91bdb6cf-ae03-4ee7-a20f-94b730baea2b,54.38054,-119.78458,11.41495,6.28616,-1.87647,-10.22558,0.16198,-0.55237,-0.52459,148.125455,3.29904,134.71626,-23.21172,5.51855,-1.06813,0.16559,-0.02286,0.00265,-0.00014,3.42911,54.28667,-16.90946,0.63851,-0.0996,0.0661,-0.02555,0.00536,-0.00045,-0.20475,-28.5336,-0.37249,0.817,-0.18956,0.00085,0.0091,-0.00194,0.00014,,,,,,,,,,,,,,,,,,,,,,,High,High,High,High,Medium,,,,,,,,,,,,,,,,,,,,,,,,,,,,,,,,,,,,,
134,2026-03-10,17:21:32.69,8,1,"Byrd, Major",1000510777,Right,UNI_THE2,"Taclas, Aidan",838428,Left,NMS_AGG,Undefined,4,Bottom,2,0,0,Fastball,Slider,FoulBallNotFieldable,Undefined,Undefined,Undefined,0,0,,80.30319,-1.844187,-0.940235,2046.203077,173.372194,11:45,6.36358,-0.21529,6.34837,-28.22868,14.03556,-1.48618,2.31282,-1.2047,74.27067,-7.127167,-1.209481,0.467905,,,,,,,,,,,,0.53972,8.18756,0.28422,50,6.21625,1.96728,-116.78196,-4.53026,0.75019,20.65573,-20.7937,NMS_AGG,UNI_THE2,PresleyAskewField,D1,CUSA,20260310-PresleyAskewField-2,e0878440-1cd7-11f1-886b-8de6524961d4,80.5557,,,6.03252,,,,,,,6ee70939-121f-487f-ab01-d6bb8f265bb6,2026-03-10,23:21:32.69,2026-03-10T17:21:32.6929920-06:00,2026-03-10T23:21:32.6929920Z,,v3,471379,,,"Loving, Joshua",1000510771,Right,UNI_THE2,ae9772e8-d281-43f8-a8d6-3082a4330caf,54.15089,-117.51385,10.32787,6.36371,-3.79347,-10.39685,0.21499,1.9407,0.37509,,,,,,,,,,,,,,,,,,,,,,,,,,,,,,,,,,,,,,,,,,,,,,,,,,,High,High,High,,,,,,,,,,,,,,,,,,,,,,,,,,,,,,,,,,,,,,,
135,2026-03-10,17:21:55.03,8,2,"Byrd, Major",1000510777,Right,UNI_THE2,"Taclas, Aidan",838428,Left,NMS_AGG,Undefined,4,Bottom,2,0,1,ChangeUp,Changeup,BallCalled,Undefined,Undefined,Undefined,0,0,,75.2391,2.470128,2.588026,1521.726587,174.034684,11:45,5.99158,0.29239,5.83876,-43.4727,5.87532,-0.4613,4.66834,2.66087,69.12491,-5.558311,2.505516,0.505599,,,,,,,,,,,,0.91654,2.82307,-0.50306,50,6.16763,-4.91673,-109.14592,3.41632,1.11127,18.29384,-28.75121,NMS_AGG,UNI_THE2,PresleyAskewField,D1,CUSA,20260310-PresleyAskewField-2,eddc9a40-1cd7-11f1-886b-8de6524961d4,74.55005,,,6.11419,,,,,,,6ee70939-121f-487f-ab01-d6bb8f265bb6,2026-03-10,23:21:55.03,2026-03-10T17:21:55.0300160-06:00,2026-03-10T23:21:55.0300160Z,,v3,471379,,,"Loving, Joshua",1000510771,Right,UNI_THE2,e503d1f1-9273-463c-9e58-68733e2c9183,54.65826,-109.92391,9.14692,5.99634,4.63904,-14.3756,-0.29296,-4.96399,0.55563,,,,,,,,,,,,,,,,,,,,,,,,,,,,,,,,,,,,,,,,,,,,,,,,,,,High,High,High,,,,,,,,,,,,,,,,,,,,,,,,,,,,,,,,,,,,,,,
136,2026-03-10,17:22:17.63,8,3,"Byrd, Major",1000510777,Right,UNI_THE2,"Taclas, Aidan",838428,Left,NMS_AGG,Undefined,4,Bottom,2,1,1,ChangeUp,Changeup,FoulBallNotFieldable,Undefined,Undefined,Undefined,0,0,,76.47856,-0.454126,-0.658992,1518.494745,197.330987,12:30,5.99851,0.12175,5.91816,-41.60723,5.55315,1.32122,2.10977,-0.37972,71.11345,-8.101617,-0.421369,0.494265,,,,,,,,,,,,-0.84811,3.33217,-0.06977,50,5.93809,1.234,-111.26325,-2.12112,-1.07421,18.01877,-27.95356,NMS_AGG,UNI_THE2,PresleyAskewField,D1,CUSA,20260310-PresleyAskewField-2,fb534200-1cd7-11f1-886b-8de6524961d4,76.25953,,,5.36511,,,,,,,6ee70939-121f-487f-ab01-d6bb8f265bb6,2026-03-10,23:22:17.63,2026-03-10T17:22:17.6327168-06:00,2026-03-10T23:22:17.6327168Z,,v3,471379,,,"Loving, Joshua",1000510771,Right,UNI_THE2,dcfb4e34-2057-4e24-9390-f89bf2b8f783,54.5818,-112.0028,9.00938,6.0016,-0.97381,-13.97678,-0.12132,1.27808,-0.5371,,,,,,,,,,,,,,,,,,,,,,,,,,,,,,,,,,,,,,,,,,,,,,,,,,,High,High,High,,,,,,,,,,,,,,,,,,,,,,,,,,,,,,,,,,,,,,,
137,2026-03-10,17:22:45.46,8,4,"Byrd, Major",1000510777,Right,UNI_THE2,"Taclas, Aidan",838428,Left,NMS_AGG,Undefined,4,Bottom,2,1,2,Fastball,Slider,InPlay,Undefined,Popup,Out,1,0,,80.87035,-2.105469,0.214876,2017.105153,157.47438,11:15,6.33283,-0.4076,6.31357,-29.85509,11.70142,-4.36855,1.90467,-0.57372,75.17122,-7.658413,-0.576566,0.463971,71.29189,57.300728,-6.495953,,106.92009,102.8784,-25.84716,194.77333,191.03661,-15.799777,5.128223,2.34776,6.97965,0.39397,50,6.16422,-0.29001,-117.64392,-5.16883,3.32716,19.97359,-22.28269,NMS_AGG,UNI_THE2,PresleyAskewField,D1,CUSA,20260310-PresleyAskewField-2,0be3fb00-1cd8-11f1-886b-8de6524961d4,81.23875,103.10024,,5.69913,,,,1.18754,1.94586,0.58039,6ee70939-121f-487f-ab01-d6bb8f265bb6,2026-03-10,23:22:45.46,2026-03-10T17:22:45.4670848-06:00,2026-03-10T23:22:45.4670848Z,Popup,v3,471379,,,"Loving, Joshua",1000510771,Right,UNI_THE2,4b0adb79-0f7e-4679-8435-73d2a8e168de,54.18593,-118.35247,9.98679,6.33356,-4.37836,-11.14135,0.40635,-0.40804,1.66358,155.618905,1.19018,56.05986,-9.94282,2.06273,-0.03065,-0.14139,0.04488,-0.00589,0.00029,1.94268,88.0444,-22.78724,2.32515,-0.43148,0.02149,0.01538,-0.00374,0.00026,0.58249,-6.44009,-2.92802,0.67308,0.11293,-0.13304,0.04072,-0.00557,0.00029,,,,,,,,,,,,,,,,,,,,,,,High,High,High,High,Low,,,,,,,,,,,,,,,,,,,,,,,,,,,,,,,,,,,,,
138,2026-03-10,17:26:48.10,1,1,"Timmons, Carson",838444,Right,NMS_AGG,"Loving, Joshua",1000510771,Right,UNI_THE2,Undefined,5,Top,0,0,0,Fastball,Four-Seam,StrikeCalled,Undefined,Undefined,Undefined,0,0,,87.8983,-1.248848,-2.635742,2213.944204,215.03256,1:15,5.96192,1.45926,5.65617,-19.69568,16.7969,10.9628,3.15455,-0.08695,80.36717,-4.953899,-0.679078,0.434784,,,,,,,,,,,,-6.28725,9.21721,-1.24311,50,5.84376,5.40088,-127.52171,-3.40194,-10.365,25.9388,-16.97872,NMS_AGG,UNI_THE2,PresleyAskewField,D1,CUSA,20260310-PresleyAskewField-2,9c8399e0-1cd8-11f1-886b-8de6524961d4,86.69228,,,7.53113,,,,,,,6ee70939-121f-487f-ab01-d6bb8f265bb6,2026-03-10,23:26:48.10,2026-03-10T17:26:48.1077760-06:00,2026-03-10T23:26:48.1077760Z,,v3,471379,,,"Clizbe, Brandon",838429,Right,NMS_AGG,ce4e2b13-a1f8-400d-be85-6b44a9874337,54.84105,-128.50264,12.9694,5.96028,-2.75986,-8.48936,-1.45477,5.79285,-5.1825,,,,,,,,,,,,,,,,,,,,,,,,,,,,,,,,,,,,,,,,,,,,,,,,,,,High,High,High,,,,,,,,,,,,,,,,,,,,,,,,,,,,,,,,,,,,,,,
139,2026-03-10,17:27:08.52,1,2,"Timmons, Carson",838444,Right,NMS_AGG,"Loving, Joshua",1000510771,Right,UNI_THE2,Undefined,5,Top,0,0,1,Slider,Slider,BallCalled,Undefined,Undefined,Undefined,0,0,,79.95844,2.254322,-2.524505,2849.469028,62.200044,8:00,5.70488,1.75239,5.2449,-46.73546,-2.36024,-6.77111,3.93192,-1.18582,74.05641,-6.214487,-3.722597,0.479448,,,,,,,,,,,,2.77414,-1.37071,-1.5152,50,5.87707,5.39009,-116.05571,2.91187,3.82741,19.36207,-34.06516,NMS_AGG,UNI_THE2,PresleyAskewField,D1,CUSA,20260310-PresleyAskewField-2,a8b4a240-1cd8-11f1-886b-8de6524961d4,78.61629,,,5.90204,,,,,,,6ee70939-121f-487f-ab01-d6bb8f265bb6,2026-03-10,23:27:08.52,2026-03-10T17:27:08.5244416-06:00,2026-03-10T23:27:08.5244416Z,,v3,471379,,,"Clizbe, Brandon",838429,Right,NMS_AGG,ffc9b79d-2134-4425-a14b-3c2e3075af3b,55.25549,-116.92922,9.68103,5.71103,4.4487,-17.03258,-1.75447,5.21742,1.9137,,,,,,,,,,,,,,,,,,,,,,,,,,,,,,,,,,,,,,,,,,,,,,,,,,,High,High,High,,,,,,,,,,,,,,,,,,,,,,,,,,,,,,,,,,,,,,,
140,2026-03-10,17:27:29.59,1,3,"Timmons, Carson",838444,Right,NMS_AGG,"Loving, Joshua",1000510771,Right,UNI_THE2,Undefined,5,Top,0,1,1,Fastball,Four-Seam,BallCalled,Undefined,Undefined,Undefined,0,0,,87.96429,-0.309698,-2.83295,2178.934899,219.23521,1:15,5.99449,1.3717,5.7606,-22.51576,13.72355,10.28796,3.82957,-0.4099,80.50147,-4.525114,-0.993804,0.433273,,,,,,,,,,,,-5.99477,7.41544,-1.14317,50,5.95518,5.87939,-127.65851,-1.41893,-9.91888,25.62606,-19.90454,NMS_AGG,UNI_THE2,PresleyAskewField,D1,CUSA,20260310-PresleyAskewField-2,b53ddcc0-1cd8-11f1-886b-8de6524961d4,86.99473,,,7.46282,,,,,,,6ee70939-121f-487f-ab01-d6bb8f265bb6,2026-03-10,23:27:29.59,2026-03-10T17:27:29.5919616-06:00,2026-03-10T23:27:29.5919616Z,,v3,471379,,,"Clizbe, Brandon",838429,Right,NMS_AGG,695e16e2-9338-4a01-846e-dfd9b668afb2,54.73647,-128.60579,12.81303,5.99404,-0.68315,-9.95227,-1.36728,6.24604,-4.95944,,,,,,,,,,,,,,,,,,,,,,,,,,,,,,,,,,,,,,,,,,,,,,,,,,,High,High,High,,,,,,,,,,,,,,,,,,,,,,,,,,,,,,,,,,,,,,,
141,2026-03-10,17:27:50.98,1,4,"Timmons, Carson",838444,Right,NMS_AGG,"Loving, Joshua",1000510771,Right,UNI_THE2,Undefined,5,Top,0,2,1,Fastball,Four-Seam,InPlay,Undefined,FlyBall,Out,1,0,,88.96562,-1.101559,-2.512332,2184.024263,217.883446,1:15,5.98022,1.4231,5.59099,-20.46879,15.12977,10.9191,3.24483,-0.01428,81.57252,-4.929655,-0.565371,0.429425,85.36775,49.759376,-8.046532,5195.300843,109.22763,113.3066,-13.00961,275.22307,274.11514,-6.359068,5.815014,-6.25166,8.30308,-1.21496,50,5.87249,5.20109,-129.1398,-3.1636,-10.59532,25.98716,-18.10194,NMS_AGG,UNI_THE2,PresleyAskewField,D1,CUSA,20260310-PresleyAskewField-2,c1fd6980-1cd8-11f1-886b-8de6524961d4,87.77414,126.7424,,7.39311,,,,2.11909,3.36641,-0.01635,6ee70939-121f-487f-ab01-d6bb8f265bb6,2026-03-10,23:27:50.98,2026-03-10T17:27:50.9891584-06:00,2026-03-10T23:27:50.9891584Z,FlyBall,v3,471379,,,"Clizbe, Brandon",838429,Right,NMS_AGG,7f398b78-e9ed-451d-9d4d-5bcdc5a5755b,54.90799,-130.1237,12.99358,5.97929,-2.47824,-9.05097,-1.41947,5.60223,-5.29766,184.151332,2.12883,79.89806,-17.99943,4.34135,-0.30944,-0.16825,0.05927,-0.00774,0.00037,3.3508,95.83568,-22.5364,2.57511,-0.78061,0.20099,-0.02721,0.00118,3E-05,-0.01744,-11.29929,3.77774,-1.10965,0.17706,-0.00135,-0.0056,0.00096,-5E-05,,,,,,,,,,,,,,,,,,,,,,,High,High,High,High,Medium,,,,,,,,,,,,,,,,,,,,,,,,,,,,,,,,,,,,,
142,2026-03-10,17:28:26.07,2,1,"Timmons, Carson",838444,Right,NMS_AGG,"Marquez-Munoz, Carlos",1000510702,Right,UNI_THE2,Undefined,5,Top,1,0,0,Slider,Slider,BallCalled,Undefined,Undefined,Undefined,0,0,,80.01319,1.674057,-2.747622,2765.551215,74.197892,8:30,5.58722,1.7851,5.17698,-46.61597,-1.91665,-11.34642,3.28,-1.74777,73.81733,-6.767759,-4.752139,0.481196,,,,,,,,,,,,4.93685,-1.00335,-1.52038,50,5.70745,6.03477,-116.06381,1.72484,6.76642,20.74925,-33.54924,NMS_AGG,UNI_THE2,PresleyAskewField,D1,CUSA,20260310-PresleyAskewField-2,d6e9b470-1cd8-11f1-886b-8de6524961d4,78.33077,,,6.19585,,,,,,,6ee70939-121f-487f-ab01-d6bb8f265bb6,2026-03-10,23:28:26.07,2026-03-10T17:28:26.0754432-06:00,2026-03-10T23:28:26.0754432Z,,v3,471379,,,"Clizbe, Brandon",838429,Right,NMS_AGG,b0c9e74d-c986-4c95-b76e-f03254778b08,55.32271,-117.01151,10.37463,5.59367,3.25716,-16.77462,-1.78895,5.72572,3.38321,,,,,,,,,,,,,,,,,,,,,,,,,,,,,,,,,,,,,,,,,,,,,,,,,,,High,High,High,,,,,,,,,,,,,,,,,,,,,,,,,,,,,,,,,,,,,,,
143,2026-03-10,17:28:44.78,2,2,"Timmons, Carson",838444,Right,NMS_AGG,"Marquez-Munoz, Carlos",1000510702,Right,UNI_THE2,Undefined,5,Top,1,1,0,Fastball,Changeup,BallCalled,Undefined,Undefined,Undefined,0,0,,86.85861,-2.700315,-4.614482,2124.77969,224.348466,1:30,5.97228,1.40651,5.86902,-23.72308,13.5328,12.06103,1.47712,-1.88391,79.64821,-7.120461,-2.459406,0.439308,,,,,,,,,,,,-7.41559,8.02327,-1.03926,50,5.73913,9.64703,-125.68525,-6.69751,-11.88707,24.96724,-19.31287,NMS_AGG,UNI_THE2,PresleyAskewField,D1,CUSA,20260310-PresleyAskewField-2,e2135ef0-1cd8-11f1-886b-8de6524961d4,85.79962,,,7.2104,,,,,,,6ee70939-121f-487f-ab01-d6bb8f265bb6,2026-03-10,23:28:44.78,2026-03-10T17:28:44.7812096-06:00,2026-03-10T23:28:44.7812096Z,,v3,471379,,,"Clizbe, Brandon",838429,Right,NMS_AGG,829f1ab8-7bb2-4406-a3fb-58955d55e2e5,54.62837,-126.60134,12.48362,5.97187,-5.98889,-9.65644,-1.40122,10.08318,-5.94354,,,,,,,,,,,,,,,,,,,,,,,,,,,,,,,,,,,,,,,,,,,,,,,,,,,High,High,High,,,,,,,,,,,,,,,,,,,,,,,,,,,,,,,,,,,,,,,
144,2026-03-10,17:29:08.00,2,3,"Timmons, Carson",838444,Right,NMS_AGG,"Marquez-Munoz, Carlos",1000510702,Right,UNI_THE2,Undefined,5,Top,1,2,0,Fastball,Sinker,InPlay,Undefined,FlyBall,Out,1,0,,88.80646,-1.26433,-2.562576,2122.541988,226.098462,1:30,5.91544,1.60237,5.64973,-22.88285,12.81729,12.16154,2.82793,0.22415,81.38485,-5.526575,-0.391224,0.430037,89.5654,30.565758,-5.400326,4162.675027,109.80449,59.32699,-6.55512,356.08756,349.54096,1.082771,4.934397,-6.91237,7.18827,-1.39314,50,5.7937,5.25249,-128.89085,-3.618,-11.6535,26.24259,-20.05539,NMS_AGG,UNI_THE2,PresleyAskewField,D1,CUSA,20260310-PresleyAskewField-2,efe98bd0-1cd8-11f1-886b-8de6524961d4,87.64922,79.50012,,7.42161,,,,1.45769,2.82514,-0.22621,6ee70939-121f-487f-ab01-d6bb8f265bb6,2026-03-10,23:29:08.00,2026-03-10T17:29:08.0032256-06:00,2026-03-10T23:29:08.0032256Z,FlyBall,v3,471379,,,"Clizbe, Brandon",838429,Right,NMS_AGG,75663c18-f2af-4fc9-adae-a504027f8b8c,54.84906,-129.87438,13.1213,5.91521,-2.86635,-10.02769,-1.59818,5.68925,-5.82675,198.202497,1.45946,112.56975,-19.0693,4.18771,-0.63832,0.06405,-0.00612,0.00089,-7E-05,2.82492,66.80141,-15.47851,0.4196,0.07823,-0.08709,0.03092,-0.00474,0.00027,-0.2268,-10.63262,5.69891,-1.31633,0.22175,-0.02746,0.00339,-0.00044,3E-05,,,,,,,,,,,,,,,,,,,,,,,High,High,High,High,High,,,,,,,,,,,,,,,,,,,,,,,,,,,,,,,,,,,,,
145,2026-03-10,17:29:46.05,3,1,"Timmons, Carson",838444,Right,NMS_AGG,"Sedillo, Timrod",1000510767,Right,UNI_THE2,Undefined,5,Top,2,0,0,Slider,Slider,BallCalled,Undefined,Undefined,Undefined,0,0,,80.67544,0.919814,-0.358957,2800.212488,89.570789,9:00,5.6135,1.83274,5.30467,-42.09364,1.11327,-4.24878,2.96923,1.14172,75.04652,-6.724414,-1.113826,0.473095,,,,,,,,,,,,2.09099,0.56114,-1.79681,50,5.66563,0.89883,-117.34922,0.42351,2.95796,19.19348,-31.38023,NMS_AGG,UNI_THE2,PresleyAskewField,D1,CUSA,20260310-PresleyAskewField-2,069476b0-1cd9-11f1-886b-8de6524961d4,79.67207,,,5.62893,,,,,,,6ee70939-121f-487f-ab01-d6bb8f265bb6,2026-03-10,23:29:46.05,2026-03-10T17:29:46.0539392-06:00,2026-03-10T23:29:46.0539392Z,,v3,471379,,,"Clizbe, Brandon",838429,Right,NMS_AGG,3037cf4a-21ff-475e-ab8f-4d7d7e91c6a4,55.19742,-118.19624,9.59674,5.61639,1.80835,-15.69012,-1.83359,0.76829,1.47898,,,,,,,,,,,,,,,,,,,,,,,,,,,,,,,,,,,,,,,,,,,,,,,,,,,High,High,High,,,,,,,,,,,,,,,,,,,,,,,,,,,,,,,,,,,,,,,
146,2026-03-10,17:30:05.58,3,2,"Timmons, Carson",838444,Right,NMS_AGG,"Sedillo, Timrod",1000510767,Right,UNI_THE2,Undefined,5,Top,2,1,0,Fastball,Four-Seam,BallCalled,Undefined,Undefined,Undefined,0,0,,87.91965,-1.34656,-3.913722,2248.392366,217.791925,1:15,5.97129,1.41463,5.76898,-19.89096,16.32304,11.8067,3.05743,-1.2493,80.77152,-5.080004,-1.806261,0.433121,,,,,,,,,,,,-7.03158,9.00615,-1.09783,50,5.84767,8.22582,-127.48401,-3.62421,-11.65118,24.52657,-17.25105,NMS_AGG,UNI_THE2,PresleyAskewField,D1,CUSA,20260310-PresleyAskewField-2,12343b90-1cd9-11f1-886b-8de6524961d4,87.02512,,,7.14814,,,,,,,6ee70939-121f-487f-ab01-d6bb8f265bb6,2026-03-10,23:30:05.58,2026-03-10T17:30:05.5893504-06:00,2026-03-10T23:30:05.5893504Z,,v3,471379,,,"Clizbe, Brandon",838429,Right,NMS_AGG,15b9399e-d2db-40d6-9bce-bbe575a9f005,54.72909,-128.39062,12.26328,5.96985,-2.98654,-8.62553,-1.40985,8.6565,-5.82559,,,,,,,,,,,,,,,,,,,,,,,,,,,,,,,,,,,,,,,,,,,,,,,,,,,High,High,High,,,,,,,,,,,,,,,,,,,,,,,,,,,,,,,,,,,,,,,
147,2026-03-10,17:30:27.76,3,3,"Timmons, Carson",838444,Right,NMS_AGG,"Sedillo, Timrod",1000510767,Right,UNI_THE2,Undefined,5,Top,2,2,0,Fastball,Four-Seam,StrikeCalled,Undefined,Undefined,Undefined,0,0,,87.71826,-2.203795,-3.680232,2243.619383,210.893032,1:00,5.91574,1.47028,6.02926,-19.94989,16.01989,8.94481,2.20716,-1.19715,80.86337,-5.951634,-2.075048,0.431659,,,,,,,,,,,,-5.53614,9.14162,-1.18715,50,5.73217,7.82204,-127.23139,-5.50201,-9.15346,23.98348,-17.05927,NMS_AGG,UNI_THE2,PresleyAskewField,D1,CUSA,20260310-PresleyAskewField-2,1f710ea0-1cd9-11f1-886b-8de6524961d4,87.32003,,,6.85489,,,,,,,6ee70939-121f-487f-ab01-d6bb8f265bb6,2026-03-10,23:30:27.76,2026-03-10T17:30:27.7646848-06:00,2026-03-10T23:30:27.7646848Z,,v3,471379,,,"Clizbe, Brandon",838429,Right,NMS_AGG,d8eda1fa-a172-4c10-8e4c-de049fa6147e,54.46876,-128.07099,11.99174,5.91433,-4.90481,-8.52963,-1.46658,8.14248,-4.57673,,,,,,,,,,,,,,,,,,,,,,,,,,,,,,,,,,,,,,,,,,,,,,,,,,,High,High,High,,,,,,,,,,,,,,,,,,,,,,,,,,,,,,,,,,,,,,,
148,2026-03-10,17:30:47.08,3,4,"Timmons, Carson",838444,Right,NMS_AGG,"Sedillo, Timrod",1000510767,Right,UNI_THE2,Undefined,5,Top,2,2,1,Fastball,Sinker,FoulBallNotFieldable,Undefined,Undefined,Undefined,0,0,,88.1571,-2.454714,-3.248713,2173.801049,225.057513,1:30,5.95789,1.43579,5.82907,-23.18407,12.67918,11.63757,1.73902,-0.61752,81.36551,-6.760234,-1.165183,0.431019,,,,,,,,,,,,-6.82815,7.43989,-1.17751,50,5.74334,6.78661,-127.89911,-6.24981,-11.40294,24.35712,-19.74951,NMS_AGG,UNI_THE2,PresleyAskewField,D1,CUSA,20260310-PresleyAskewField-2,2aefde00-1cd9-11f1-886b-8de6524961d4,87.44964,,,6.79159,,,,,,,6ee70939-121f-487f-ab01-d6bb8f265bb6,2026-03-10,23:30:47.08,2026-03-10T17:30:47.0800384-06:00,2026-03-10T23:30:47.0800384Z,,v3,471379,,,"Clizbe, Brandon",838429,Right,NMS_AGG,c6fbbe10-1ea6-4720-ba57-567c2bad2d2e,54.67063,-128.78552,12.17856,5.9577,-5.53109,-9.87476,-1.43204,7.20158,-5.70147,,,,,,,,,,,,,,,,,,,,,,,,,,,,,,,,,,,,,,,,,,,,,,,,,,,High,High,High,,,,,,,,,,,,,,,,,,,,,,,,,,,,,,,,,,,,,,,
149,2026-03-10,17:31:12.09,3,5,"Timmons, Carson",838444,Right,NMS_AGG,"Sedillo, Timrod",1000510767,Right,UNI_THE2,Undefined,5,Top,2,2,2,Slider,Curveball,BallCalled,Undefined,Undefined,Undefined,0,0,,80.543,1.572625,-2.091727,2962.552877,57.49426,8:00,5.62627,1.71606,5.19068,-48.29412,-4.43347,-8.87548,3.08249,-0.99213,74.60081,-7.158092,-3.662781,0.47666,,,,,,,,,,,,3.90654,-2.23476,-1.51494,50,5.73534,4.63614,-116.96047,1.45822,5.46011,20.19982,-35.29753,NMS_AGG,UNI_THE2,PresleyAskewField,D1,CUSA,20260310-PresleyAskewField-2,39dcf920-1cd9-11f1-886b-8de6524961d4,79.07612,,,5.9422,,,,,,,6ee70939-121f-487f-ab01-d6bb8f265bb6,2026-03-10,23:31:12.09,2026-03-10T17:31:12.0916992-06:00,2026-03-10T23:31:12.0916992Z,,v3,471379,,,"Clizbe, Brandon",838429,Right,NMS_AGG,6458d553-0e1e-405a-b1cc-1cb52c10265c,55.30992,-117.87396,10.09991,5.63331,3.05447,-17.64877,-1.71901,4.38922,2.73006,,,,,,,,,,,,,,,,,,,,,,,,,,,,,,,,,,,,,,,,,,,,,,,,,,,High,High,High,,,,,,,,,,,,,,,,,,,,,,,,,,,,,,,,,,,,,,,
150,2026-03-10,17:31:35.55,3,6,"Timmons, Carson",838444,Right,NMS_AGG,"Sedillo, Timrod",1000510767,Right,UNI_THE2,Undefined,5,Top,2,3,2,Fastball,Four-Seam,BallCalled,Walk,Undefined,Undefined,0,0,,87.76676,-0.994524,-1.137862,2209.569314,210.829858,1:00,6.03812,1.41887,5.93664,-19.97454,15.77587,8.81997,3.4507,1.09816,81.18317,-4.742182,0.4466,0.43034,,,,,,,,,,,,-4.8913,8.69264,-1.33346,50,5.9475,2.19397,-127.6871,-2.8354,-8.16768,23.47391,-17.65872,NMS_AGG,UNI_THE2,PresleyAskewField,D1,CUSA,20260310-PresleyAskewField-2,47d2bbf0-1cd9-11f1-886b-8de6524961d4,87.5875,,,6.58359,,,,,,,6ee70939-121f-487f-ab01-d6bb8f265bb6,2026-03-10,23:31:35.55,2026-03-10T17:31:35.5589632-06:00,2026-03-10T23:31:35.5589632Z,,v3,471379,,,"Clizbe, Brandon",838429,Right,NMS_AGG,188058c7-bc70-43d8-ac01-d2dec7600c2c,54.56435,-128.52346,11.73695,6.03731,-2.20623,-8.82936,-1.41681,2.48498,-4.08384,,,,,,,,,,,,,,,,,,,,,,,,,,,,,,,,,,,,,,,,,,,,,,,,,,,High,High,High,,,,,,,,,,,,,,,,,,,,,,,,,,,,,,,,,,,,,,,
151,2026-03-10,17:32:08.14,4,1,"Timmons, Carson",838444,Right,NMS_AGG,"Anderson, Jackson",1000510741,Right,UNI_THE2,Undefined,5,Top,2,0,0,Slider,Curveball,BallCalled,Undefined,Undefined,Undefined,0,0,,78.88349,-0.112982,-0.750942,2829.84297,39.208973,7:15,5.69464,1.97518,5.05915,-49.02873,-3.72792,-3.9352,1.50237,0.93907,74.22732,-8.904109,-1.448017,0.484423,,,,,,,,,,,,1.81173,-1.53965,-1.9005,50,5.64415,1.66065,-114.80305,-1.99133,2.47164,16.82573,-34.27446,NMS_AGG,UNI_THE2,PresleyAskewField,D1,CUSA,20260310-PresleyAskewField-2,5b523070-1cd9-11f1-886b-8de6524961d4,77.80898,,,4.65617,,,,,,,6ee70939-121f-487f-ab01-d6bb8f265bb6,2026-03-10,23:32:08.14,2026-03-10T17:32:08.1412096-06:00,2026-03-10T23:32:08.1412096Z,,v3,471379,,,"Clizbe, Brandon",838429,Right,NMS_AGG,2a67c637-7fbe-44d4-a310-a0087bc648a5,55.44318,-115.59805,8.41286,5.69998,-0.37188,-17.13723,-1.9762,1.54386,1.23582,,,,,,,,,,,,,,,,,,,,,,,,,,,,,,,,,,,,,,,,,,,,,,,,,,,High,High,High,,,,,,,,,,,,,,,,,,,,,,,,,,,,,,,,,,,,,,,
152,2026-03-10,17:32:26.78,4,2,"Timmons, Carson",838444,Right,NMS_AGG,"Anderson, Jackson",1000510741,Right,UNI_THE2,Undefined,5,Top,2,1,0,Fastball,Changeup,InPlay,Undefined,GroundBall,Out,1,0,,86.4338,-1.102693,-2.608002,2150.029467,222.070592,1:30,6.01172,1.66131,5.61208,-22.98029,14.54032,12.12851,3.06631,0.23616,79.65207,-5.377049,-0.444439,0.440866,91.23083,-14.359355,21.658867,,,,,13.82317,9.61523,17.796538,0.093381,-6.85489,7.99874,-1.44661,50,5.90267,5.21672,-125.51634,-3.17212,-11.02859,23.38118,-19.30519,NMS_AGG,UNI_THE2,PresleyAskewField,D1,CUSA,20260310-PresleyAskewField-2,665e8ef0-1cd9-11f1-886b-8de6524961d4,85.49638,3.10634,,6.78173,,,,1.88427,3.10634,-0.25358,6ee70939-121f-487f-ab01-d6bb8f265bb6,2026-03-10,23:32:26.78,2026-03-10T17:32:26.7839488-06:00,2026-03-10T23:32:26.7839488Z,GroundBall,v3,471379,,,"Clizbe, Brandon",838429,Right,NMS_AGG,3ca1959e-f0d5-4b73-8a5c-bed81bcc50b5,54.88721,-126.42345,11.69059,6.0112,-2.42314,-9.65259,-1.65731,5.64459,-5.5143,180,1.87984,120.76792,,,,,,,,3.10756,-33.26523,,,,,,,,-0.25534,47.95899,,,,,,,,,,,,,,,,,,,,,,,,,,,,,,High,High,High,High,High,,,,,,,,,,,,,,,,,,,,,,,,,,,,,,,,,,,,,
153,2026-03-10,17:34:34.65,1,1,"Byrd, Major",1000510777,Right,UNI_THE2,"Vest, Boston",838426,Right,NMS_AGG,Undefined,5,Bottom,0,0,0,Fastball,Changeup,HitByPitch,Undefined,Undefined,Undefined,0,0,,80.38357,-2.191034,2.714036,1970.239705,189.408537,12:15,6.32263,-0.09326,6.10345,-24.57249,18.13749,2.79394,2.24546,2.6513,74.2493,-6.791797,3.216607,0.470366,,,,,,,,,,,,-0.76209,10.38615,-0.11699,50,6.14109,-5.62947,-116.73077,-5.1491,-1.05692,20.9117,-17.76949,NMS_AGG,UNI_THE2,PresleyAskewField,D1,CUSA,20260310-PresleyAskewField-2,b29b9e20-1cd9-11f1-886b-8de6524961d4,80.13425,,,6.13428,,,,,,,6ee70939-121f-487f-ab01-d6bb8f265bb6,2026-03-10,23:34:34.65,2026-03-10T17:34:34.6508800-06:00,2026-03-10T23:34:34.6508800Z,,v3,471379,,,"Loving, Joshua",1000510771,Right,UNI_THE2,819ef222-efc0-4eaa-bad9-775c39d31985,54.39715,-117.51586,10.45585,6.32188,-4.48198,-8.88475,0.09361,-5.58979,-0.52846,,,,,,,,,,,,,,,,,,,,,,,,,,,,,,,,,,,,,,,,,,,,,,,,,,,High,High,High,,,,,,,,,,,,,,,,,,,,,,,,,,,,,,,,,,,,,,,
154,2026-03-10,17:35:05.19,2,1,"Byrd, Major",1000510777,Right,UNI_THE2,"Daniels, Chris",827428,Right,NMS_AGG,Undefined,5,Bottom,0,0,0,Slider,Cutter,StrikeSwinging,Undefined,Undefined,Undefined,0,0,,80.46799,-1.619255,-0.173733,1989.330027,184.804278,12:15,6.1666,-0.48388,6.08492,-26.8071,15.78497,1.21847,2.43431,-0.54306,74.17952,-6.635568,0.045928,0.469716,,,,,,,,,,,,-0.67449,8.97548,0.49665,50,6.02735,0.30974,-116.95002,-4.06307,-0.93909,20.96353,-19.67755,NMS_AGG,UNI_THE2,PresleyAskewField,D1,CUSA,20260310-PresleyAskewField-2,c4d6f9e0-1cd9-11f1-886b-8de6524961d4,80.24509,,,6.28847,,,,,,,6ee70939-121f-487f-ab01-d6bb8f265bb6,2026-03-10,23:35:05.19,2026-03-10T17:35:05.1990000-06:00,2026-03-10T23:35:05.1990000Z,,v3,471379,,,"Loving, Joshua",1000510771,Right,UNI_THE2,2a19682a-e801-41aa-9765-036803c09731,54.41207,-117.73824,10.48177,6.1662,-3.32321,-9.83877,0.48434,0.34505,-0.46954,,,,,,,,,,,,,,,,,,,,,,,,,,,,,,,,,,,,,,,,,,,,,,,,,,,High,High,High,,,,,,,,,,,,,,,,,,,,,,,,,,,,,,,,,,,,,,,
155,2026-03-10,17:35:24.26,2,2,"Byrd, Major",1000510777,Right,UNI_THE2,"Daniels, Chris",827428,Right,NMS_AGG,Undefined,5,Bottom,0,0,1,Slider,Changeup,BallCalled,Undefined,Undefined,Undefined,0,0,,74.81183,-1.730082,-1.08123,1633.815198,158.666249,11:15,6.02234,0.15888,5.79504,-39.98691,9.95642,-3.29079,1.08008,-1.12118,69.22864,-9.074626,-1.671792,0.50864,,,,,,,,,,,,1.39902,6.00839,-0.06795,50,5.85599,2.1658,-108.65793,-4.45266,1.67754,18.51099,-24.96951,NMS_AGG,UNI_THE2,PresleyAskewField,D1,CUSA,20260310-PresleyAskewField-2,d0368170-1cd9-11f1-886b-8de6524961d4,74.10442,,,5.58319,,,,,,,6ee70939-121f-487f-ab01-d6bb8f265bb6,2026-03-10,23:35:24.26,2026-03-10T17:35:24.2650000-06:00,2026-03-10T23:35:24.2650000Z,,v3,471379,,,"Loving, Joshua",1000510771,Right,UNI_THE2,90bfbb25-e827-465b-957b-2f914a289682,54.70296,-109.4562,9.2555,6.02479,-3.37589,-12.48475,-0.15979,2.09345,0.83877,,,,,,,,,,,,,,,,,,,,,,,,,,,,,,,,,,,,,,,,,,,,,,,,,,,High,High,High,,,,,,,,,,,,,,,,,,,,,,,,,,,,,,,,,,,,,,,
156,2026-03-10,17:36:24.10,2,3,"Byrd, Major",1000510777,Right,UNI_THE2,"Daniels, Chris",827428,Right,NMS_AGG,Undefined,5,Bottom,0,1,1,ChangeUp,Changeup,HitByPitch,Undefined,Undefined,Undefined,0,0,,76.0288,0.958944,1.702029,1763.928439,214.214046,1:15,6.01678,0.28306,5.96992,-40.13282,7.44445,4.18551,3.5619,2.21027,70.61414,-6.448759,2.453908,0.496445,,,,,,,,,,,,-1.77949,3.91465,-0.42034,50,6.06982,-3.42555,-110.59806,0.69357,-2.23036,17.52342,-27.26753,NMS_AGG,UNI_THE2,PresleyAskewField,D1,CUSA,20260310-PresleyAskewField-2,f3da0a70-1cd9-11f1-886b-8de6524961d4,75.92471,,,5.41466,,,,,,,6ee70939-121f-487f-ab01-d6bb8f265bb6,2026-03-10,23:36:24.10,2026-03-10T17:36:24.1069056-06:00,2026-03-10T23:36:24.1069056Z,,v3,471379,,,"Loving, Joshua",1000510771,Right,UNI_THE2,7ce6b7d5-942a-4b16-820d-d8a679f3cda5,54.53131,-111.31369,8.76171,6.01876,1.80715,-13.63377,-0.2823,-3.33447,-1.11518,,,,,,,,,,,,,,,,,,,,,,,,,,,,,,,,,,,,,,,,,,,,,,,,,,,High,High,High,,,,,,,,,,,,,,,,,,,,,,,,,,,,,,,,,,,,,,,
157,2026-03-10,17:39:21.99,3,1,"Pittman, Ryland",1000510785,Left,UNI_THE2,"Clough De Los Santos, Jonatan",10113700,Right,NMS_AGG,Undefined,5,Bottom,0,0,0,Slider,Changeup,StrikeCalled,Undefined,Undefined,Undefined,0,0,,76.85746,0.147687,2.416317,1451.513708,128.647555,10:15,5.76451,-1.84279,5.70264,-39.45077,7.69957,-7.96382,2.61469,-0.25366,71.25636,-7.098869,0.99251,0.494213,,,,,,,,,,,,4.64477,4.30303,1.64514,50,5.75224,-4.41864,-111.67211,-0.93194,5.93224,17.96083,-26.67825,NMS_AGG,UNI_THE2,PresleyAskewField,D1,CUSA,20260310-PresleyAskewField-2,5deac030-1cda-11f1-886b-8de6524961d4,76.26765,,,5.6011,,,,,,,6ee70939-121f-487f-ab01-d6bb8f265bb6,2026-03-10,23:39:21.99,2026-03-10T17:39:21.9944448-06:00,2026-03-10T23:39:21.9944448Z,,v3,471379,,,"Loving, Joshua",1000510771,Right,UNI_THE2,a584c85b-5104-4ede-8a10-f6234393e653,54.79579,-112.4408,8.98041,5.76769,0.20984,-13.33913,1.83969,-4.67253,2.96612,,,,,,,,,,,,,,,,,,,,,,,,,,,,,,,,,,,,,,,,,,,,,,,,,,,High,High,High,,,,,,,,,,,,,,,,,,,,,,,,,,,,,,,,,,,,,,,
158,2026-03-10,17:39:38.64,3,2,"Pittman, Ryland",1000510785,Left,UNI_THE2,"Clough De Los Santos, Jonatan",10113700,Right,NMS_AGG,Undefined,5,Bottom,0,0,1,Slider,Curveball,BallCalled,Undefined,Undefined,Undefined,0,0,,71.35669,0.868191,2.359451,2515.059649,307.100495,4:15,5.64069,-1.80393,5.08236,-60.98657,-5.11488,8.71441,1.37759,1.14752,66.87057,-10.068073,3.901024,0.537981,,,,,,,,,,,,-3.84209,-2.49575,1.57309,50,5.6737,-4.5786,-103.69217,-0.38265,-4.23554,15.30279,-34.92538,NMS_AGG,UNI_THE2,PresleyAskewField,D1,CUSA,20260310-PresleyAskewField-2,67d5f740-1cda-11f1-886b-8de6524961d4,70.06273,,,4.48612,,,,,,,6ee70939-121f-487f-ab01-d6bb8f265bb6,2026-03-10,23:39:38.64,2026-03-10T17:39:38.6452480-06:00,2026-03-10T23:39:38.6452480Z,,v3,471379,,,"Loving, Joshua",1000510771,Right,UNI_THE2,0f3d08cb-8866-4bdd-b5bd-19c4060f0f72,55.42074,-104.48909,7.65139,5.64627,1.43616,-17.46269,1.80578,-4.35802,-2.11777,,,,,,,,,,,,,,,,,,,,,,,,,,,,,,,,,,,,,,,,,,,,,,,,,,,High,High,High,,,,,,,,,,,,,,,,,,,,,,,,,,,,,,,,,,,,,,,
159,2026-03-10,17:39:56.97,3,3,"Pittman, Ryland",1000510785,Left,UNI_THE2,"Clough De Los Santos, Jonatan",10113700,Right,NMS_AGG,Undefined,5,Bottom,0,1,1,ChangeUp,Changeup,InPlay,Undefined,FlyBall,HomeRun,0,3,,76.55139,-0.006763,2.757777,1538.361844,117.214903,10:00,5.56342,-1.84941,5.89004,-40.68219,6.36839,-9.89666,2.16695,-0.11157,71.25772,-7.484055,0.982291,0.49369,101.60639,39.656618,-16.420996,3900.681292,106.3666,88.97322,-28.03625,406.70919,396.22072,-13.073074,6.339735,5.78209,3.62244,1.63305,50,5.53898,-5.01813,-111.29396,-1.22694,7.35506,17.31847,-27.56613,NMS_AGG,UNI_THE2,PresleyAskewField,D1,CUSA,20260310-PresleyAskewField-2,72c13930-1cda-11f1-886b-8de6524961d4,76.34847,138.28485,,5.29367,,,,2.24463,2.28413,0.12122,6ee70939-121f-487f-ab01-d6bb8f265bb6,2026-03-10,23:39:56.97,2026-03-10T17:39:56.9777664-06:00,2026-03-10T23:39:56.9777664Z,FlyBall,v3,471379,,,"Loving, Joshua",1000510771,Right,UNI_THE2,dda1157c-cdfe-4d92-9c56-837790ae7151,54.61063,-112.00912,8.65924,5.56614,-0.0886,-13.78306,1.84655,-5.32185,3.67753,188.626356,2.25027,109.94422,-23.00755,5.69083,-0.91943,0.07062,0.00298,-0.00092,5E-05,2.2766,95.22042,-18.51914,0.66076,0.02699,-0.0308,0.00959,-0.00136,7E-05,0.11932,-32.39658,9.51128,-2.64393,0.50361,-0.05928,0.00302,6E-05,-1E-05,,,,,,,,,,,,,,,,,,,,,,,High,High,High,High,Medium,,,,,,,,,,,,,,,,,,,,,,,,,,,,,,,,,,,,,
160,2026-03-10,17:40:51.19,4,1,"Pittman, Ryland",1000510785,Left,UNI_THE2,"Rulli, Easton",702537,Right,NMS_AGG,Undefined,5,Bottom,0,0,0,Fastball,Changeup,BallCalled,Undefined,Undefined,Undefined,0,0,,81.47645,-1.618478,3.832583,2076.305114,147.0039,11:00,5.85704,-1.77469,5.63578,-28.00911,14.42835,-8.52441,2.00923,1.09583,75.02276,-6.802899,2.31409,0.468863,,,,,,,,,,,,5.47953,8.14784,1.45444,50,5.70124,-7.60095,-118.14904,-4.2207,7.77461,21.71496,-20.61353,NMS_AGG,UNI_THE2,PresleyAskewField,D1,CUSA,20260310-PresleyAskewField-2,9309fe70-1cda-11f1-886b-8de6524961d4,80.39113,,,6.45369,,,,,,,6ee70939-121f-487f-ab01-d6bb8f265bb6,2026-03-10,23:40:51.19,2026-03-10T17:40:51.1989760-06:00,2026-03-10T23:40:51.1989760Z,,v3,471379,,,"Loving, Joshua",1000510771,Right,UNI_THE2,ff6029b6-6672-4396-be5b-8cd96279c4ce,54.8656,-119.03994,10.85748,5.85705,-3.37499,-10.30677,1.77283,-7.91993,3.8873,,,,,,,,,,,,,,,,,,,,,,,,,,,,,,,,,,,,,,,,,,,,,,,,,,,High,High,High,,,,,,,,,,,,,,,,,,,,,,,,,,,,,,,,,,,,,,,
161,2026-03-10,17:41:06.93,4,2,"Pittman, Ryland",1000510785,Left,UNI_THE2,"Rulli, Easton",702537,Right,NMS_AGG,Undefined,5,Bottom,0,1,0,Fastball,Changeup,BallCalled,Undefined,Undefined,Undefined,0,0,,80.3801,-2.667051,4.147296,2044.6035,146.883653,11:00,5.77229,-1.84825,5.71532,-29.42986,14.12312,-8.33682,0.82701,1.32716,74.19359,-8.095499,2.660259,0.474986,,,,,,,,,,,,5.50158,8.29685,1.50661,50,5.53025,-8.14875,-116.45987,-6.33799,7.58321,21.12802,-20.73794,NMS_AGG,UNI_THE2,PresleyAskewField,D1,CUSA,20260310-PresleyAskewField-2,9c677470-1cda-11f1-886b-8de6524961d4,79.35492,,,6.1865,,,,,,,6ee70939-121f-487f-ab01-d6bb8f265bb6,2026-03-10,23:41:06.93,2026-03-10T17:41:06.9311488-06:00,2026-03-10T23:41:06.9311488Z,,v3,471379,,,"Loving, Joshua",1000510771,Right,UNI_THE2,8011d2d8-6d82-4364-b4fe-966bfe5e171e,54.78658,-117.32503,10.56401,5.77239,-5.4888,-10.36897,1.84664,-8.45927,3.79161,,,,,,,,,,,,,,,,,,,,,,,,,,,,,,,,,,,,,,,,,,,,,,,,,,,High,High,High,,,,,,,,,,,,,,,,,,,,,,,,,,,,,,,,,,,,,,,
162,2026-03-10,17:41:26.35,4,3,"Pittman, Ryland",1000510785,Left,UNI_THE2,"Rulli, Easton",702537,Right,NMS_AGG,Undefined,5,Bottom,0,2,0,ChangeUp,Changeup,InPlay,Undefined,LineDrive,Triple,0,0,,76.50057,0.335344,2.173076,1613.070213,121.343025,10:00,5.57672,-2.10253,5.72629,-40.43215,7.0428,-9.39741,2.51992,-0.86078,71.00949,-7.089815,0.491587,0.495911,99.22042,10.056763,-33.884738,2342.12683,90.2483,9.01352,-62.89072,166.08321,164.07728,-36.95828,1.329103,5.3841,3.85717,1.92734,50,5.57932,-3.88927,-111.21918,-0.58002,6.82319,17.75106,-27.28592,NMS_AGG,UNI_THE2,PresleyAskewField,D1,CUSA,20260310-PresleyAskewField-2,a8038fd0-1cda-11f1-886b-8de6524961d4,76.00646,10.08099,,5.49107,,,,4.11858,2.82048,0.94226,6ee70939-121f-487f-ab01-d6bb8f265bb6,2026-03-10,23:41:26.35,2026-03-10T17:41:26.3522816-06:00,2026-03-10T23:41:26.3522816Z,LineDrive,v3,471379,,,"Loving, Joshua",1000510771,Right,UNI_THE2,aa18337d-899f-43b5-b824-025952f61d6d,54.77438,-111.9786,8.87553,5.57917,0.58731,-13.64296,2.09997,-4.18117,3.41159,,4.11858,118.95135,-19.75587,3.05325,-0.73634,0.16198,-0.03416,0.00636,-0.00066,2.82048,25.41178,-23.68986,2.79837,-0.56971,0.14199,-0.02897,0.005,-0.00052,0.94226,-79.88601,3.1588,-0.17546,0.08473,-0.0159,0.00325,-0.00078,9E-05,,,,,,,,,,,,,,,,,,,,,,,High,High,High,High,High,,,,,,,,,,,,,,,,,,,,,,,,,,,,,,,,,,,,,
163,2026-03-10,17:42:23.07,5,1,"Pittman, Ryland",1000510785,Left,UNI_THE2,"Clizbe, Brandon",838429,Right,NMS_AGG,Undefined,5,Bottom,0,0,0,Fastball,Changeup,BallCalled,Undefined,Undefined,Undefined,0,0,,80.8092,1.020354,3.750726,2075.730102,137.914097,10:30,5.89654,-1.81805,5.45943,-28.23624,15.22418,-12.54698,4.50074,0.65211,73.96798,-4.223864,1.524304,0.47448,,,,,,,,,,,,7.29319,7.79745,1.49605,50,5.96746,-7.16801,-117.10931,1.19733,10.17665,21.12919,-21.29377,NMS_AGG,UNI_THE2,PresleyAskewField,D1,CUSA,20260310-PresleyAskewField-2,c9d788f0-1cda-11f1-886b-8de6524961d4,79.4394,,,6.84122,,,,,,,6ee70939-121f-487f-ab01-d6bb8f265bb6,2026-03-10,23:42:23.07,2026-03-10T17:42:23.0748160-06:00,2026-03-10T23:42:23.0748160Z,,v3,471379,,,"Loving, Joshua",1000510771,Right,UNI_THE2,211c6f7d-a72a-48bd-b679-5c927cc4a087,55.0374,-118.01468,10.56459,5.89661,2.10974,-10.64689,1.81253,-7.60407,5.08832,,,,,,,,,,,,,,,,,,,,,,,,,,,,,,,,,,,,,,,,,,,,,,,,,,,High,High,High,,,,,,,,,,,,,,,,,,,,,,,,,,,,,,,,,,,,,,,
164,2026-03-10,17:42:39.28,5,2,"Pittman, Ryland",1000510785,Left,UNI_THE2,"Clizbe, Brandon",838429,Right,NMS_AGG,Undefined,5,Bottom,0,1,0,Fastball,Changeup,BallCalled,Undefined,Undefined,Undefined,0,0,,80.63766,-2.222179,2.910286,2099.652135,143.23171,10:45,5.87199,-1.72832,5.66493,-27.35879,15.98969,-10.92099,1.51636,0.07756,74.11511,-7.300733,0.960115,0.473869,,,,,,,,,,,,6.36634,9.1454,1.4894,50,5.66673,-5.52349,-116.92606,-5.37631,8.83482,21.54913,-19.48263,NMS_AGG,UNI_THE2,PresleyAskewField,D1,CUSA,20260310-PresleyAskewField-2,d3805fd0-1cda-11f1-886b-8de6524961d4,79.54188,,,6.52254,,,,,,,6ee70939-121f-487f-ab01-d6bb8f265bb6,2026-03-10,23:42:39.28,2026-03-10T17:42:39.2842752-06:00,2026-03-10T23:42:39.2842752Z,,v3,471379,,,"Loving, Joshua",1000510771,Right,UNI_THE2,8b5da80a-d5d6-4c0e-8499-4f71b1c08ebc,54.83307,-117.81341,10.77456,5.8716,-4.57406,-9.74132,1.72434,-5.8873,4.41741,,,,,,,,,,,,,,,,,,,,,,,,,,,,,,,,,,,,,,,,,,,,,,,,,,,High,High,High,,,,,,,,,,,,,,,,,,,,,,,,,,,,,,,,,,,,,,,
165,2026-03-10,17:42:57.18,5,3,"Pittman, Ryland",1000510785,Left,UNI_THE2,"Clizbe, Brandon",838429,Right,NMS_AGG,Undefined,5,Bottom,0,2,0,Fastball,Changeup,FoulBallNotFieldable,Undefined,Undefined,Undefined,0,0,,81.10502,-0.534113,2.546559,2049.450973,133.451756,10:30,5.78142,-1.74683,5.79255,-28.21899,14.40835,-13.78245,2.93251,-0.525,74.25961,-5.80094,0.079199,0.469911,69.96062,6.316026,178.054412,1521.608376,,,,51.67392,37.19471,175.003745,0.523967,7.58996,7.90926,1.54471,50,5.72066,-4.66847,-117.67279,-1.95286,10.66405,21.90026,-21.06143,NMS_AGG,UNI_THE2,PresleyAskewField,D1,CUSA,20260310-PresleyAskewField-2,de276cd0-1cda-11f1-886b-8de6524961d4,80.21188,3.68579,,6.84541,,,,1.05228,2.68104,0.71864,6ee70939-121f-487f-ab01-d6bb8f265bb6,2026-03-10,23:42:57.18,2026-03-10T17:42:57.1872256-06:00,2026-03-10T23:42:57.1872256Z,GroundBall,v3,471379,,,"Loving, Joshua",1000510771,Right,UNI_THE2,4bcfbb95-2030-4fa1-af00-246764baaabb,54.70124,-118.54451,10.95013,5.78171,-1.11452,-10.53072,1.73899,-5.09295,5.33202,25.750737,1.07376,-102.4684,4.07047,,,,,,,2.68832,11.1052,-31.01282,,,,,,,0.71443,3.56837,6.99475,,,,,,,,,,,,,,,,,,,,,,,,,,,,,High,High,High,Medium,Medium,,,,,,,,,,,,,,,,,,,,,,,,,,,,,,,,,,,,,
166,2026-03-10,17:43:17.21,5,4,"Pittman, Ryland",1000510785,Left,UNI_THE2,"Clizbe, Brandon",838429,Right,NMS_AGG,Undefined,5,Bottom,0,2,1,Slider,Changeup,BallCalled,Undefined,Undefined,Undefined,0,0,,77.0357,3.194208,1.577758,1633.522552,130.924442,10:15,5.799,-1.79421,5.99695,-35.82045,11.7752,-11.66851,5.77801,-1.30422,69.35149,-3.539863,-0.517367,0.496541,,,,,,,,,,,,6.40303,5.54488,1.67596,50,6.03141,-2.63071,-111.55487,5.21118,7.96851,22.39356,-25.2735,NMS_AGG,UNI_THE2,PresleyAskewField,D1,CUSA,20260310-PresleyAskewField-2,ea224a00-1cda-11f1-886b-8de6524961d4,75.91006,,,7.68422,,,,,,,6ee70939-121f-487f-ab01-d6bb8f265bb6,2026-03-10,23:43:17.21,2026-03-10T17:43:17.2164096-06:00,2026-03-10T23:43:17.2164096Z,,v3,471379,,,"Loving, Joshua",1000510771,Right,UNI_THE2,f5597b67-80f5-4abe-98a4-874901e26632,54.496,-112.45378,11.19678,5.80186,6.22569,-12.63675,1.78798,-2.95058,3.98426,,,,,,,,,,,,,,,,,,,,,,,,,,,,,,,,,,,,,,,,,,,,,,,,,,,High,High,High,,,,,,,,,,,,,,,,,,,,,,,,,,,,,,,,,,,,,,,
167,2026-03-10,17:43:39.50,5,5,"Pittman, Ryland",1000510785,Left,UNI_THE2,"Clizbe, Brandon",838429,Right,NMS_AGG,Undefined,5,Bottom,0,3,1,Slider,Curveball,BallCalled,Walk,Undefined,Undefined,0,0,,71.49978,0.80215,3.32545,2449.216295,326.919103,5:00,5.65634,-1.93811,5.25573,-61.78279,-5.44351,4.71595,1.26277,1.58288,65.90675,-10.355604,4.161292,0.540228,,,,,,,,,,,,-1.41996,-2.65201,1.6293,50,5.68336,-6.18686,-103.64334,-0.47814,-1.53515,18.30353,-35.04125,NMS_AGG,UNI_THE2,PresleyAskewField,D1,CUSA,20260310-PresleyAskewField-2,f764c260-1cda-11f1-886b-8de6524961d4,69.77137,,,5.59303,,,,,,,6ee70939-121f-487f-ab01-d6bb8f265bb6,2026-03-10,23:43:39.50,2026-03-10T17:43:39.5056128-06:00,2026-03-10T23:43:39.5056128Z,,v3,471379,,,"Loving, Joshua",1000510771,Right,UNI_THE2,476352f5-0974-4855-9902-f0a7f9f8c3bb,55.24568,-104.56563,9.15177,5.66297,1.28754,-17.52062,1.9391,-6.10951,-0.76758,,,,,,,,,,,,,,,,,,,,,,,,,,,,,,,,,,,,,,,,,,,,,,,,,,,High,High,High,,,,,,,,,,,,,,,,,,,,,,,,,,,,,,,,,,,,,,,
168,2026-03-10,17:44:13.13,6,1,"Pittman, Ryland",1000510785,Left,UNI_THE2,"Lombardi, Aidan",838424,Right,NMS_AGG,Undefined,5,Bottom,0,0,0,Fastball,Changeup,StrikeSwinging,Undefined,Undefined,Undefined,0,0,,79.10886,-2.03581,2.816681,2060.000026,153.002737,11:00,5.73858,-1.65164,5.66378,-28.9688,16.19985,-7.50398,1.42314,0.35154,72.5373,-7.414985,1.476743,0.483715,,,,,,,,,,,,4.62792,9.24485,1.41838,50,5.54811,-5.35929,-114.68853,-4.94862,6.15809,21.40071,-19.87244,NMS_AGG,UNI_THE2,PresleyAskewField,D1,CUSA,20260310-PresleyAskewField-2,0b6f38d0-1cdb-11f1-886b-8de6524961d4,77.92278,,,6.57156,,,,,,,6ee70939-121f-487f-ab01-d6bb8f265bb6,2026-03-10,23:44:13.13,2026-03-10T17:44:13.1398656-06:00,2026-03-10T23:44:13.1398656Z,,v3,471379,,,"Loving, Joshua",1000510771,Right,UNI_THE2,4d8165b8-fafb-4b0e-b8c2-9ee5a48e1d30,54.83372,-115.58698,10.70036,5.73835,-4.11433,-9.93622,1.6488,-5.61782,3.07905,,,,,,,,,,,,,,,,,,,,,,,,,,,,,,,,,,,,,,,,,,,,,,,,,,,High,High,High,,,,,,,,,,,,,,,,,,,,,,,,,,,,,,,,,,,,,,,
169,2026-03-10,17:44:34.11,6,2,"Pittman, Ryland",1000510785,Left,UNI_THE2,"Lombardi, Aidan",838424,Right,NMS_AGG,Undefined,5,Bottom,0,0,1,ChangeUp,Curveball,BallCalled,Undefined,Undefined,Undefined,0,0,,70.79112,0.629663,1.859588,2479.751934,332.916322,5:00,5.71325,-1.85947,4.90487,-67.78106,-10.24441,6.08213,0.66064,0.40659,66.06482,-11.472251,2.93455,0.545938,,,,,,,,,,,,-2.55134,-4.9078,1.67217,50,5.71689,-3.55813,-102.81883,-1.10199,-2.74286,16.36587,-37.45028,NMS_AGG,UNI_THE2,PresleyAskewField,D1,CUSA,20260310-PresleyAskewField-2,17fa2100-1cdb-11f1-886b-8de6524961d4,69.04156,,,4.7263,,,,,,,6ee70939-121f-487f-ab01-d6bb8f265bb6,2026-03-10,23:44:34.11,2026-03-10T17:44:34.1174784-06:00,2026-03-10T23:44:34.1174784Z,,v3,471379,,,"Loving, Joshua",1000510771,Right,UNI_THE2,731d6842-5fef-4052-933c-fb6f8b5f04f7,55.59836,-103.70611,8.18294,5.7216,0.92837,-18.72514,1.86104,-3.40942,-1.37143,,,,,,,,,,,,,,,,,,,,,,,,,,,,,,,,,,,,,,,,,,,,,,,,,,,High,High,High,,,,,,,,,,,,,,,,,,,,,,,,,,,,,,,,,,,,,,,
170,2026-03-10,17:44:55.13,6,3,"Pittman, Ryland",1000510785,Left,UNI_THE2,"Lombardi, Aidan",838424,Right,NMS_AGG,Undefined,5,Bottom,0,1,1,Fastball,Curveball,FoulBallNotFieldable,Undefined,Undefined,Undefined,0,0,,70.84851,1.779563,2.332704,2363.174565,324.865639,4:45,5.77529,-1.81935,5.07861,-63.58047,-5.74185,5.37335,2.15636,0.82859,64.98947,-9.705591,3.282722,0.547369,90.28127,3.766119,-67.340872,2885.415111,,,,72.58127,72.58127,-67.612086,0.575043,-1.99236,-2.94295,1.59375,50,5.89332,-4.37768,-102.68206,1.1541,-2.11059,18.2369,-35.29166,NMS_AGG,UNI_THE2,PresleyAskewField,D1,CUSA,20260310-PresleyAskewField-2,24829830-1cdb-11f1-886b-8de6524961d4,68.86108,3.06103,,5.85904,,,,2.35656,2.23,-1.01778,6ee70939-121f-487f-ab01-d6bb8f265bb6,2026-03-10,23:44:55.13,2026-03-10T17:44:55.1396864-06:00,2026-03-10T23:44:55.1396864Z,GroundBall,v3,471379,,,"Loving, Joshua",1000510771,Right,UNI_THE2,935f62b5-cb51-4100-83d8-60450bf3b667,55.42166,-103.6405,9.11845,5.78393,3.00886,-17.64583,1.8209,-4.26676,-1.05529,,2.35656,50.9014,-13.10228,2.07756,-0.46421,0.1008,-0.02122,0.00382,-0.00026,2.23,8.69735,-23.22793,2.63046,-0.52896,0.12791,-0.02664,0.00525,-0.00065,-1.01778,-121.92795,13.01251,-1.70494,0.43285,-0.08832,0.0173,-0.00174,-0.00052,,,,,,,,,,,,,,,,,,,,,,,High,High,High,High,High,,,,,,,,,,,,,,,,,,,,,,,,,,,,,,,,,,,,,
171,2026-03-10,17:45:20.41,6,4,"Pittman, Ryland",1000510785,Left,UNI_THE2,"Lombardi, Aidan",838424,Right,NMS_AGG,Undefined,5,Bottom,0,1,2,Fastball,Changeup,InPlay,Undefined,GroundBall,Single,1,1,,81.15962,-0.304219,3.016158,2083.989969,154.459114,11:15,5.92515,-1.56337,5.75273,-29.40053,13.4493,-5.75477,3.19152,0.76739,74.02579,-5.786185,1.987883,0.471136,82.47499,7.99832,-27.050366,1310.618754,,,,123.04074,119.38059,-30.336448,1.165695,3.82642,7.35315,1.31659,50,5.88206,-5.98036,-117.69961,-1.52503,5.34574,23.19013,-21.90127,NMS_AGG,UNI_THE2,PresleyAskewField,D1,CUSA,20260310-PresleyAskewField-2,3386bdc0-1cdb-11f1-886b-8de6524961d4,80.00337,7.24763,,7.13383,,,,0.90275,3.18628,-0.76669,6ee70939-121f-487f-ab01-d6bb8f265bb6,2026-03-10,23:45:20.41,2026-03-10T17:45:20.4124672-06:00,2026-03-10T23:45:20.4124672Z,GroundBall,v3,471379,,,"Loving, Joshua",1000510771,Right,UNI_THE2,07144440-db9f-4443-b5f4-08276a4e27f9,54.74469,-118.63076,11.59507,5.92564,-0.64563,-10.95063,1.56103,-6.19501,2.67287,95.600055,0.90275,106.68263,-17.58191,3.81417,-0.8139,0.1639,-0.03367,0.00586,-0.00057,3.18628,16.8313,-17.9814,1.20905,-0.18517,0.02811,-0.00305,0.00054,-5E-05,-0.76669,-54.47569,1.45712,0.21718,-0.15337,0.05089,-0.0133,0.00266,-0.0003,,,,,,,,,,,,,,,,,,,,,,,High,High,High,High,High,,,,,,,,,,,,,,,,,,,,,,,,,,,,,,,,,,,,,
172,2026-03-10,17:46:04.96,7,1,"Pittman, Ryland",1000510785,Left,UNI_THE2,"Kaufman, Camden",831503,Right,NMS_AGG,Undefined,5,Bottom,1,0,0,Fastball,Changeup,StrikeCalled,Undefined,Undefined,Undefined,0,0,,80.07783,-1.110167,2.704408,2126.722472,149.450036,11:00,6.0638,-1.75871,5.44991,-27.32423,17.69241,-9.46599,2.74618,-0.01385,72.26396,-6.230017,1.021262,0.482901,,,,,,,,,,,,5.58996,9.72642,1.52647,50,5.94749,-5.08427,-115.90122,-3.07674,7.49577,24.53096,-19.13158,NMS_AGG,UNI_THE2,PresleyAskewField,D1,CUSA,20260310-PresleyAskewField-2,4e117ae0-1cdb-11f1-886b-8de6524961d4,78.05423,,,7.81388,,,,,,,6ee70939-121f-487f-ab01-d6bb8f265bb6,2026-03-10,23:46:04.96,2026-03-10T17:46:04.9608704-06:00,2026-03-10T23:46:04.9608704Z,,v3,471379,,,"Loving, Joshua",1000510771,Right,UNI_THE2,97d034c2-9461-41e4-954c-45a485409f6c,55.04303,-116.96373,12.26548,6.06281,-2.24809,-9.56579,1.75371,-5.40893,3.74788,,,,,,,,,,,,,,,,,,,,,,,,,,,,,,,,,,,,,,,,,,,,,,,,,,,High,High,High,,,,,,,,,,,,,,,,,,,,,,,,,,,,,,,,,,,,,,,
173,2026-03-10,17:46:19.06,7,2,"Pittman, Ryland",1000510785,Left,UNI_THE2,"Kaufman, Camden",831503,Right,NMS_AGG,Undefined,5,Bottom,1,0,1,Fastball,Changeup,FoulBallNotFieldable,Undefined,Undefined,Undefined,0,0,,76.20809,-0.750101,3.241739,1597.930608,130.231458,10:15,5.79547,-1.84455,5.61716,-38.92687,10.12178,-9.98382,1.85037,0.35207,69.52516,-7.934091,1.460712,0.504063,60.4587,50.91489,132.339972,4216.060585,,,,,37.05028,,,6.06071,5.83099,1.57438,50,5.70642,-5.88578,-110.42815,-2.63084,7.42656,21.0694,-25.029,NMS_AGG,UNI_THE2,PresleyAskewField,D1,CUSA,20260310-PresleyAskewField-2,56810e70-1cdb-11f1-886b-8de6524961d4,74.77722,38.24155,,6.68293,,,,1.74355,1.94616,-0.34843,6ee70939-121f-487f-ab01-d6bb8f265bb6,2026-03-10,23:46:19.06,2026-03-10T17:46:19.0694912-06:00,2026-03-10T23:46:19.0694912Z,,v3,471379,,,"Loving, Joshua",1000510771,Right,UNI_THE2,eef053fe-08e9-4c38-a054-519e4ff4c764,54.87994,-111.35534,10.5347,5.79796,-1.52941,-12.5145,1.84058,-6.2126,3.71328,339.831613,1.74355,-37.65392,-0.97879,1.17656,-0.86446,1.95392,-3.39283,3.10126,-1.12256,1.94616,68.8288,-26.6523,3.07051,-1.1438,1.84863,-3.12951,2.83491,-1.01608,-0.34843,41.32341,-3.46437,0.309,-0.03901,0.04244,-0.08019,0.06583,-0.01999,,,,,,,,,,,,,,,,,,,,,,,High,High,High,High,Undefined,,,,,,,,,,,,,,,,,,,,,,,,,,,,,,,,,,,,,
174,2026-03-10,17:46:43.57,7,3,"Pittman, Ryland",1000510785,Left,UNI_THE2,"Kaufman, Camden",831503,Right,NMS_AGG,Undefined,5,Bottom,1,0,2,Fastball,Changeup,BallCalled,Undefined,Undefined,Undefined,0,0,,80.38386,-1.805481,1.553588,2105.400308,143.096605,10:45,5.93795,-1.85707,5.33313,-29.40805,14.95666,-10.11816,1.79217,-1.2423,73.45231,-7.239314,-0.244787,0.479391,,,,,,,,,,,,5.53398,8.46575,1.72437,50,5.75409,-2.75031,-116.5416,-4.62402,7.58079,22.71267,-20.57715,NMS_AGG,UNI_THE2,PresleyAskewField,D1,CUSA,20260310-PresleyAskewField-2,651c8720-1cdb-11f1-886b-8de6524961d4,78.6256,,,6.93155,,,,,,,6ee70939-121f-487f-ab01-d6bb8f265bb6,2026-03-10,23:46:43.57,2026-03-10T17:46:43.5740672-06:00,2026-03-10T23:46:43.5740672Z,,v3,471379,,,"Loving, Joshua",1000510771,Right,UNI_THE2,d10ef8ae-e1b5-4841-88ab-33d58e064407,55.16329,-117.54356,11.35634,5.93805,-3.71627,-10.28858,1.85308,-3.08473,3.7904,,,,,,,,,,,,,,,,,,,,,,,,,,,,,,,,,,,,,,,,,,,,,,,,,,,High,High,High,,,,,,,,,,,,,,,,,,,,,,,,,,,,,,,,,,,,,,,
175,2026-03-10,17:47:00.11,7,4,"Pittman, Ryland",1000510785,Left,UNI_THE2,"Kaufman, Camden",831503,Right,NMS_AGG,Undefined,5,Bottom,1,1,2,Slider,Curveball,FoulBallNotFieldable,Undefined,Undefined,Undefined,0,0,,72.07631,0.810623,3.08104,2348.390466,340.556345,5:15,5.54678,-2.03794,5.20616,-63.38464,-8.32378,3.50756,1.02822,1.15466,66.99251,-10.588968,3.702826,0.534064,,,,,,,,,,,,-0.94654,-4.08898,1.74986,50,5.57301,-5.75439,-104.60105,-0.54875,-1.05151,17.19954,-36.71654,NMS_AGG,UNI_THE2,PresleyAskewField,D1,CUSA,20260310-PresleyAskewField-2,6efb1400-1cdb-11f1-886b-8de6524961d4,70.5767,,,5.0838,,,,,,,6ee70939-121f-487f-ab01-d6bb8f265bb6,2026-03-10,23:47:00.11,2026-03-10T17:47:00.1172992-06:00,2026-03-10T23:47:00.1172992Z,,v3,471379,,,"Loving, Joshua",1000510771,Right,UNI_THE2,230ca413-cd06-4556-920e-054724624883,55.29642,-105.46834,8.59977,5.554,1.3027,-18.35827,2.03869,-5.70137,-0.52575,,,,,,,,,,,,,,,,,,,,,,,,,,,,,,,,,,,,,,,,,,,,,,,,,,,High,High,High,,,,,,,,,,,,,,,,,,,,,,,,,,,,,,,,,,,,,,,
176,2026-03-10,17:47:23.99,7,5,"Pittman, Ryland",1000510785,Left,UNI_THE2,"Kaufman, Camden",831503,Right,NMS_AGG,Undefined,5,Bottom,1,1,2,Fastball,Changeup,InPlay,Undefined,Popup,Out,1,0,,79.84888,-0.737297,3.119538,1939.610378,156.927514,11:15,5.95522,-1.5306,5.76755,-28.16198,16.29662,-6.28953,2.92118,0.85129,72.53222,-6.016409,1.995551,0.479898,63.46374,68.026843,18.032064,,,,,118.25772,57.14885,27.76542,4.942595,4.16213,8.97871,1.2763,50,5.87733,-6.06607,-115.71467,-2.3153,5.59503,23.31657,-20.10425,NMS_AGG,UNI_THE2,PresleyAskewField,D1,CUSA,20260310-PresleyAskewField-2,7d3cd3f0-1cdb-11f1-886b-8de6524961d4,78.54253,99.88396,,7.31665,,,,1.42548,2.90928,-0.84966,6ee70939-121f-487f-ab01-d6bb8f265bb6,2026-03-10,23:47:23.99,2026-03-10T17:47:23.9975424-06:00,2026-03-10T23:47:23.9975424Z,Popup,v3,471379,,,"Loving, Joshua",1000510771,Right,UNI_THE2,f4fd9261-6d86-4581-b504-929ccae39789,54.72858,-116.66359,11.65829,5.95491,-1.49711,-10.05212,1.52781,-6.29378,2.79752,195.125802,1.42904,33.03842,-6.90779,1.33119,0.2402,-0.24484,0.073,-0.01017,0.00055,2.9026,86.4501,-23.0979,2.96524,-1.00789,0.2925,-0.05548,0.00554,-0.00021,-0.84828,10.75491,1.09463,-0.55428,0.15675,-0.01902,-0.00309,0.00115,-9E-05,,,,,,,,,,,,,,,,,,,,,,,High,High,High,High,Low,,,,,,,,,,,,,,,,,,,,,,,,,,,,,,,,,,,,,
177,2026-03-10,17:47:58.87,8,1,"Pittman, Ryland",1000510785,Left,UNI_THE2,"Solorzano, Steve",814833,Right,NMS_AGG,Undefined,5,Bottom,2,0,0,ChangeUp,Changeup,BallCalled,Undefined,Undefined,Undefined,0,0,,75.52566,0.477518,1.514603,1534.256696,121.647284,10:00,5.79923,-1.9091,5.53595,-41.67022,9.10264,-11.58359,2.77321,-1.45841,67.77458,-7.258999,-0.551624,0.512846,,,,,,,,,,,,6.33886,5.00673,1.78551,50,5.81361,-2.44466,-109.35184,-0.36596,7.49489,23.51104,-26.25424,NMS_AGG,UNI_THE2,PresleyAskewField,D1,CUSA,20260310-PresleyAskewField-2,91fd2ce0-1cdb-11f1-886b-8de6524961d4,73.49655,,,7.75108,,,,,,,6ee70939-121f-487f-ab01-d6bb8f265bb6,2026-03-10,23:47:58.87,2026-03-10T17:47:58.8729344-06:00,2026-03-10T23:47:58.8729344Z,,v3,471379,,,"Loving, Joshua",1000510771,Right,UNI_THE2,c27ce79c-cf1b-48b1-8fa8-22964f7a841d,54.95717,-110.41251,11.75552,5.8034,0.81846,-13.12712,1.90342,-2.78278,3.74745,,,,,,,,,,,,,,,,,,,,,,,,,,,,,,,,,,,,,,,,,,,,,,,,,,,High,High,High,,,,,,,,,,,,,,,,,,,,,,,,,,,,,,,,,,,,,,,
178,2026-03-10,17:48:14.64,8,2,"Pittman, Ryland",1000510785,Left,UNI_THE2,"Solorzano, Steve",814833,Right,NMS_AGG,Undefined,5,Bottom,2,1,0,Slider,Curveball,StrikeCalled,Undefined,Undefined,Undefined,0,0,,69.54448,2.01631,2.492776,2413.076397,338.234848,5:15,5.89643,-1.91867,4.99857,-66.76661,-6.84032,3.47709,2.23864,0.72589,64.14104,-10.001835,3.106548,0.55716,,,,,,,,,,,,-1.02902,-3.53685,1.6759,50,6.03553,-4.51346,-100.82123,1.42586,-1.05667,16.75587,-35.80587,NMS_AGG,UNI_THE2,PresleyAskewField,D1,CUSA,20260310-PresleyAskewField-2,9b6b1da0-1cdb-11f1-886b-8de6524961d4,67.651,,,5.40345,,,,,,,6ee70939-121f-487f-ab01-d6bb8f265bb6,2026-03-10,23:48:14.64,2026-03-10T17:48:14.6488320-06:00,2026-03-10T23:48:14.6488320Z,,v3,471379,,,"Loving, Joshua",1000510771,Right,UNI_THE2,e8d34d1c-f3ba-41f0-8738-e045ca4d7891,55.5027,-101.73164,8.37793,5.9052,3.37132,-17.90294,1.91957,-4.45605,-0.52833,,,,,,,,,,,,,,,,,,,,,,,,,,,,,,,,,,,,,,,,,,,,,,,,,,,High,High,High,,,,,,,,,,,,,,,,,,,,,,,,,,,,,,,,,,,,,,,
179,2026-03-10,17:48:31.72,8,3,"Pittman, Ryland",1000510785,Left,UNI_THE2,"Solorzano, Steve",814833,Right,NMS_AGG,Undefined,5,Bottom,2,1,1,Fastball,Changeup,BallCalled,Undefined,Undefined,Undefined,0,0,,80.70101,0.705226,2.371408,2076.876162,149.632763,11:00,5.99678,-1.75337,5.83028,-29.78187,13.51509,-7.06918,4.17109,-0.13689,73.29366,-4.874347,1.105718,0.473587,,,,,,,,,,,,4.29579,7.12225,1.56388,50,6.03699,-4.56964,-117.03851,0.54915,5.92051,23.40537,-22.35806,NMS_AGG,UNI_THE2,PresleyAskewField,D1,CUSA,20260310-PresleyAskewField-2,a58f6610-1cdb-11f1-886b-8de6524961d4,79.58922,,,7.40735,,,,,,,6ee70939-121f-487f-ab01-d6bb8f265bb6,2026-03-10,23:48:31.72,2026-03-10T17:48:31.7262336-06:00,2026-03-10T23:48:31.7262336Z,,v3,471379,,,"Loving, Joshua",1000510771,Right,UNI_THE2,0ecb6931-ca5a-49e3-90ec-4afda650e06f,54.66477,-117.96768,11.70269,5.99757,1.43674,-11.17903,1.74995,-4.80468,2.96025,,,,,,,,,,,,,,,,,,,,,,,,,,,,,,,,,,,,,,,,,,,,,,,,,,,High,High,High,,,,,,,,,,,,,,,,,,,,,,,,,,,,,,,,,,,,,,,
180,2026-03-10,17:48:49.64,8,4,"Pittman, Ryland",1000510785,Left,UNI_THE2,"Solorzano, Steve",814833,Right,NMS_AGG,Undefined,5,Bottom,2,2,1,ChangeUp,Changeup,InPlay,Undefined,LineDrive,Out,1,0,,75.87366,0.318885,2.414978,1664.6247,123.011936,10:00,5.68415,-1.90089,5.81188,-41.01624,7.67469,-9.44985,2.56291,-0.44146,69.63792,-7.258787,0.721828,0.502222,97.68596,20.771597,-3.130438,1802.580786,109.96121,35.53707,-2.89247,335.15799,325.32851,0.002532,3.5315,5.54831,4.24902,1.70883,50,5.68571,-4.31221,-110.16073,-0.60326,6.8131,19.69817,-26.95639,NMS_AGG,UNI_THE2,PresleyAskewField,D1,CUSA,20260310-PresleyAskewField-2,b0414880-1cdb-11f1-886b-8de6524961d4,75.0514,43.97554,,6.23574,,,,3.15046,2.79291,0.471,6ee70939-121f-487f-ab01-d6bb8f265bb6,2026-03-10,23:48:49.64,2026-03-10T17:48:49.6458240-06:00,2026-03-10T23:48:49.6458240Z,LineDrive,v3,471379,,,"Loving, Joshua",1000510771,Right,UNI_THE2,7aa27201-03a7-437f-b15d-1c8983bbd926,54.68699,-110.99566,9.84908,5.68706,0.53932,-13.4782,1.89772,-4.601,3.40655,210.129219,3.1506,133.75779,-20.67853,4.58866,-0.89421,0.16919,-0.03296,0.00476,-0.0003,2.79263,50.81674,-16.75977,0.79385,-0.12409,0.03601,-0.00953,0.00228,-0.00024,0.47078,-7.31116,5.30548,-1.80123,0.43282,-0.0987,0.02336,-0.00386,0.00027,,,,,,,,,,,,,,,,,,,,,,,High,High,High,High,High,,,,,,,,,,,,,,,,,,,,,,,,,,,,,,,,,,,,,
181,2026-03-10,17:51:11.41,1,1,"Wright, Hazen",838442,Right,NMS_AGG,"Shin, Dong Joon",1000189267,Right,UNI_THE2,Undefined,6,Top,0,0,0,Fastball,Four-Seam,StrikeCalled,Undefined,Undefined,Undefined,0,0,,92.33906,-2.469905,-3.58772,2392.907468,202.361968,12:45,5.8913,2.06517,7.57968,-13.37993,16.93013,6.63134,2.55011,-0.61182,85.79448,-5.076765,-2.362289,0.396246,,,,,,,,,,,,-4.45796,10.0991,-1.88266,50,5.76086,8.20686,-134.31723,-6.05574,-8.27721,24.63432,-13.4228,NMS_AGG,UNI_THE2,PresleyAskewField,D1,CUSA,20260310-PresleyAskewField-2,04b30520-1cdc-11f1-886b-8de6524961d4,95.12383,,,6.54458,,,,,,,6ee70939-121f-487f-ab01-d6bb8f265bb6,2026-03-10,23:51:11.41,2026-03-10T17:51:11.4101248-06:00,2026-03-10T23:51:11.4101248Z,,v3,471379,,,"Clizbe, Brandon",838429,Right,NMS_AGG,5fd3616f-4fe1-4ae2-9306-67f1be23272f,52.92002,-134.8517,12.31716,5.88908,-5.7645,-6.7114,-2.06267,8.38645,-4.13861,,,,,,,,,,,,,,,,,,,,,,,,,,,,,,,,,,,,,,,,,,,,,,,,,,,High,High,High,,,,,,,,,,,,,,,,,,,,,,,,,,,,,,,,,,,,,,,
182,2026-03-10,17:51:38.63,1,2,"Wright, Hazen",838442,Right,NMS_AGG,"Shin, Dong Joon",1000189267,Right,UNI_THE2,Undefined,6,Top,0,0,1,Fastball,Four-Seam,StrikeSwinging,Undefined,Undefined,Undefined,0,0,,91.30691,-3.628133,-4.063647,2497.607852,185.440903,12:15,5.94773,2.35836,7.15901,-17.56529,14.41174,1.28051,1.1829,-1.22419,84.15522,-6.98505,-3.829172,0.406997,,,,,,,,,,,,-1.76295,9.01497,-2.1209,50,5.72915,9.3595,-132.38567,-8.8307,-3.14332,27.02419,-16.10046,NMS_AGG,UNI_THE2,PresleyAskewField,D1,CUSA,20260310-PresleyAskewField-2,14f13150-1cdc-11f1-886b-8de6524961d4,92.6112,,,7.15169,,,,,,,6ee70939-121f-487f-ab01-d6bb8f265bb6,2026-03-10,23:51:38.63,2026-03-10T17:51:38.6308096-06:00,2026-03-10T23:51:38.6308096Z,,v3,471379,,,"Clizbe, Brandon",838429,Right,NMS_AGG,a358f6dd-3a24-46a1-a94d-33904044e357,53.33856,-133.06543,13.5121,5.94619,-8.42571,-8.05023,-2.35732,9.43857,-1.57166,,,,,,,,,,,,,,,,,,,,,,,,,,,,,,,,,,,,,,,,,,,,,,,,,,,High,High,High,,,,,,,,,,,,,,,,,,,,,,,,,,,,,,,,,,,,,,,
183,2026-03-10,17:51:55.61,1,3,"Wright, Hazen",838442,Right,NMS_AGG,"Shin, Dong Joon",1000189267,Right,UNI_THE2,Undefined,6,Top,0,0,2,Slider,Curveball,StrikeCalled,Strikeout,Undefined,Undefined,0,0,,77.17552,1.115909,-2.492354,2614.340525,52.874417,7:45,5.36653,2.63371,5.93292,-57.13066,-10.03276,-15.20127,1.64204,-0.94679,71.00629,-9.327644,-5.222034,0.493938,,,,,,,,,,,,7.06945,-5.0563,-2.42609,50,5.42351,5.42604,-112.07504,0.38221,8.92434,21.67249,-38.55703,NMS_AGG,UNI_THE2,PresleyAskewField,D1,CUSA,20260310-PresleyAskewField-2,1f18d520-1cdc-11f1-886b-8de6524961d4,76.31011,,,6.16924,,,,,,,6ee70939-121f-487f-ab01-d6bb8f265bb6,2026-03-10,23:51:55.61,2026-03-10T17:51:55.6140000-06:00,2026-03-10T23:51:55.6140000Z,,v3,471379,,,"Clizbe, Brandon",838429,Right,NMS_AGG,5a274593-1207-4cc2-a211-362cb50cb45c,54.56861,-112.95504,10.83624,5.3762,1.9478,-19.27851,-2.63906,5.06367,4.46217,,,,,,,,,,,,,,,,,,,,,,,,,,,,,62.22272,2.764227,1.619354,1.144873,0.38665,1.47013,1.04142,-2.78909,3.20807,3.26798,72.02997,4.03048,-52.74542,-2.76464,69.3624,-3.52715,3.26769,18.27321,-15.39156,3.20482,-55.14303,5.49207,High,High,High,,,High,High,High,,,,,,,,,,,,,,,,,,,,,,,,,,,,,,,,,,
184,2026-03-10,17:52:22.98,2,1,"Wright, Hazen",838442,Right,NMS_AGG,"Gonzales, Marcus",10130884,Right,UNI_THE2,Undefined,6,Top,1,0,0,Fastball,Four-Seam,BallCalled,Undefined,Undefined,Undefined,0,0,,91.40359,-3.789381,-3.164763,2383.660255,187.005061,12:15,5.91184,2.28035,7.39551,-14.71509,16.71989,1.94177,1.25651,-0.41605,84.51713,-6.634562,-2.806974,0.403532,,,,,,,,,,,,-1.86386,10.35044,-2.10878,50,5.70103,7.27583,-132.74619,-9.10864,-3.35358,26.19629,-13.55103,NMS_AGG,UNI_THE2,PresleyAskewField,D1,CUSA,20260310-PresleyAskewField-2,2f5aaad0-1cdc-11f1-886b-8de6524961d4,93.40632,,,6.88646,,,,,,,6ee70939-121f-487f-ab01-d6bb8f265bb6,2026-03-10,23:52:22.98,2026-03-10T17:52:22.9865472-06:00,2026-03-10T23:52:22.9865472Z,,v3,471379,,,"Clizbe, Brandon",838429,Right,NMS_AGG,550f8064-c35a-4b58-95eb-fe03959e831d,53.10386,-133.3573,13.09815,5.90983,-8.79252,-6.77552,-2.27943,7.35407,-1.67679,,,,,,,,,,,,,,,,,,,,,,,,,,,,,,,,,,,,,,,,,,,,,,,,,,,High,High,High,,,,,,,,,,,,,,,,,,,,,,,,,,,,,,,,,,,,,,,
185,2026-03-10,17:52:40.48,2,2,"Wright, Hazen",838442,Right,NMS_AGG,"Gonzales, Marcus",10130884,Right,UNI_THE2,Undefined,6,Top,1,1,0,Fastball,Four-Seam,StrikeCalled,Undefined,Undefined,Undefined,0,0,,90.68215,-1.451466,-3.097408,2415.365459,173.865139,11:45,5.83703,2.38901,7.24192,-16.48147,15.85934,-1.59492,3.14795,-0.54948,82.91237,-4.651322,-3.390295,0.409305,78.35779,10.41845,169.309407,1709.54524,,,,112.97527,51.42657,171.504193,1.115044,-0.02799,9.22375,-2.21221,50,5.74846,7.18843,-131.7308,-3.68769,-0.04912,28.22982,-15.98164,NMS_AGG,UNI_THE2,PresleyAskewField,D1,CUSA,20260310-PresleyAskewField-2,39c9def0-1cdc-11f1-886b-8de6524961d4,92.08894,7.88287,,7.76977,,,,1.63065,3.02913,0.55602,6ee70939-121f-487f-ab01-d6bb8f265bb6,2026-03-10,23:52:40.48,2026-03-10T17:52:40.4889600-06:00,2026-03-10T23:52:40.4889600Z,GroundBall,v3,471379,,,"Clizbe, Brandon",838429,Right,NMS_AGG,ab3be37e-6130-4906-8895-256237996c5b,53.25156,-132.42577,14.11491,5.83441,-3.29425,-7.99082,-2.3892,7.18963,-0.02456,316.19978,1.61557,-110.88046,8.28283,,,,,,,3.13393,19.50092,-20.08686,,,,,,,0.60881,20.31627,-5.32351,,,,,,,,,,,,,,,,,,,,,,,,,,,,,High,High,High,High,Medium,,,,,,,,,,,,,,,,,,,,,,,,,,,,,,,,,,,,,
186,2026-03-10,17:52:59.44,2,3,"Wright, Hazen",838442,Right,NMS_AGG,"Gonzales, Marcus",10130884,Right,UNI_THE2,Undefined,6,Top,1,1,1,Fastball,Four-Seam,InPlay,Undefined,Popup,Out,1,0,,91.16176,-2.218502,-3.265175,2355.501685,189.27086,12:15,5.96899,2.16238,7.15623,-16.57186,14.76493,2.2878,2.57289,-0.60971,85.4703,-5.373526,-2.845656,0.402901,82.1221,58.188036,33.233697,4789.427428,83.46407,130.80369,71.65015,223.77583,88.82825,43.879214,5.807458,-1.91697,8.68308,-1.97193,50,5.83347,7.49408,-132.69332,-5.5502,-3.50422,21.66018,-16.30125,NMS_AGG,UNI_THE2,PresleyAskewField,D1,CUSA,20260310-PresleyAskewField-2,451ae790-1cdc-11f1-886b-8de6524961d4,93.5525,133.17117,,5.69146,,,,1.08094,2.60988,0.61781,6ee70939-121f-487f-ab01-d6bb8f265bb6,2026-03-10,23:52:59.44,2026-03-10T17:52:59.4457600-06:00,2026-03-10T23:52:59.4457600Z,Popup,v3,471379,,,"Massey, Noah",838425,Right,NMS_AGG,5fcec1d7-8a45-403d-a36d-c1d1fa832f41,53.3448,-133.23819,10.83009,5.96793,-5.14014,-8.15063,-2.16155,7.58223,-1.75211,198.509557,1.08373,53.05381,-13.10799,3.07993,-0.31485,-0.0586,0.02574,-0.00338,0.00015,2.60495,102.41679,-24.9089,2.87392,-0.54504,0.05121,0.00578,-0.00194,0.00013,0.61926,34.77239,-2.95416,0.44732,-0.04151,0.00972,-0.00412,0.00073,-5E-05,,,,,,,,,,,,,,,,,,,,,,,High,High,High,High,Low,,,,,,,,,,,,,,,,,,,,,,,,,,,,,,,,,,,,,
187,2026-03-10,17:53:37.84,3,1,"Wright, Hazen",838442,Right,NMS_AGG,"Trujillo, Jadon",1000207236,Right,UNI_THE2,Undefined,6,Top,2,0,0,Fastball,Four-Seam,StrikeSwinging,Undefined,Undefined,Undefined,0,0,,92.74214,-2.322046,-2.083502,2437.3868,204.048291,12:45,5.93029,2.2693,7.29194,-12.84434,17.41434,7.41792,2.7582,1.00309,86.29911,-4.815433,-0.717197,0.39591,,,,,,,,,,,,-4.51185,10.23386,-2.15412,50,5.79563,4.66539,-135.07443,-5.74895,-8.48437,24.50127,-12.92961,NMS_AGG,UNI_THE2,PresleyAskewField,D1,CUSA,20260310-PresleyAskewField-2,5c026640-1cdc-11f1-886b-8de6524961d4,95.20461,,,6.44303,,,,,,,6ee70939-121f-487f-ab01-d6bb8f265bb6,2026-03-10,23:53:37.84,2026-03-10T17:53:37.8492928-06:00,2026-03-10T23:53:37.8492928Z,,v3,471379,,,"Massey, Noah",838425,Right,NMS_AGG,3e1057ba-d341-47ea-9ce5-7f286b939544,53.20872,-135.65522,12.25063,5.92827,-5.44247,-6.4648,-2.2671,4.8665,-4.24219,,,,,,,,,,,,,,,,,,,,,,,,,,,,,,,,,,,,,,,,,,,,,,,,,,,High,High,High,,,,,,,,,,,,,,,,,,,,,,,,,,,,,,,,,,,,,,,
188,2026-03-10,17:53:57.64,3,2,"Wright, Hazen",838442,Right,NMS_AGG,"Trujillo, Jadon",1000207236,Right,UNI_THE2,Undefined,6,Top,2,0,1,Fastball,Cutter,BallCalled,Undefined,Undefined,Undefined,0,0,,92.43837,-3.623614,-3.911573,2574.18823,174.411497,11:45,5.91467,2.22285,7.49902,-13.35473,17.64214,-1.6278,1.52704,-1.44031,84.53881,-6.240011,-4.211477,0.40071,,,,,,,,,,,,-0.24654,10.94087,-2.01708,50,5.71952,9.22139,-134.03645,-8.74231,-0.44698,29.88486,-12.33739,NMS_AGG,UNI_THE2,PresleyAskewField,D1,CUSA,20260310-PresleyAskewField-2,67cf0780-1cdc-11f1-886b-8de6524961d4,94.0641,,,7.89955,,,,,,,6ee70939-121f-487f-ab01-d6bb8f265bb6,2026-03-10,23:53:57.64,2026-03-10T17:53:57.6449536-06:00,2026-03-10T23:53:57.6449536Z,,v3,471379,,,"Massey, Noah",838425,Right,NMS_AGG,82249f22-bfcd-4ad9-a730-59815f5590a2,52.99738,-134.70309,14.94243,5.91146,-8.4671,-6.16869,-2.22289,9.23136,-0.22349,,,,,,,,,,,,,,,,,,,,,,,,,,,,,,,,,,,,,,,,,,,,,,,,,,,High,High,High,,,,,,,,,,,,,,,,,,,,,,,,,,,,,,,,,,,,,,,
189,2026-03-10,17:54:12.67,3,3,"Wright, Hazen",838442,Right,NMS_AGG,"Trujillo, Jadon",1000207236,Right,UNI_THE2,Undefined,6,Top,2,1,1,Fastball,Four-Seam,StrikeSwinging,Undefined,Undefined,Undefined,0,0,,91.79625,-2.375171,-3.204972,2585.484029,187.661369,12:15,5.94519,2.31619,7.46927,-14.2608,17.05001,2.15906,2.61235,-0.39437,83.93108,-5.172046,-2.806693,0.402734,,,,,,,,,,,,-2.0789,10.24016,-2.14646,50,5.81456,7.39346,-133.36848,-5.80535,-3.73651,29.24322,-13.7687,NMS_AGG,UNI_THE2,PresleyAskewField,D1,CUSA,20260310-PresleyAskewField-2,70c2bf30-1cdc-11f1-886b-8de6524961d4,93.59136,,,7.86517,,,,,,,6ee70939-121f-487f-ab01-d6bb8f265bb6,2026-03-10,23:54:12.67,2026-03-10T17:54:12.6764032-06:00,2026-03-10T23:54:12.6764032Z,,v3,471379,,,"Massey, Noah",838425,Right,NMS_AGG,bf8bbeac-5d38-4955-ac2d-8b66465324a6,53.02745,-134.03065,14.62161,5.94249,-5.49358,-6.88435,-2.31484,7.47807,-1.86825,,,,,,,,,,,,,,,,,,,,,,,,,,,,,,,,,,,,,,,,,,,,,,,,,,,High,High,High,,,,,,,,,,,,,,,,,,,,,,,,,,,,,,,,,,,,,,,
190,2026-03-10,17:54:27.32,3,4,"Wright, Hazen",838442,Right,NMS_AGG,"Trujillo, Jadon",1000207236,Right,UNI_THE2,Undefined,6,Top,2,1,2,Slider,Curveball,BallCalled,Undefined,Undefined,Undefined,0,0,,78.12096,-1.545386,-3.915982,2744.454682,46.877263,7:30,5.39279,2.43987,6.72899,-58.72539,-13.60642,-16.09993,-0.91689,-2.48601,72.04908,-12.321246,-6.851724,0.483449,,,,,,,,,,,,7.39162,-6.54819,-2.1751,50,5.26777,8.2528,-113.37941,-4.65953,9.43724,24.43375,-40.53446,NMS_AGG,UNI_THE2,PresleyAskewField,D1,CUSA,20260310-PresleyAskewField-2,7980e7f0-1cdc-11f1-886b-8de6524961d4,77.96566,,,6.07187,,,,,,,6ee70939-121f-487f-ab01-d6bb8f265bb6,2026-03-10,23:54:27.32,2026-03-10T17:54:27.3296384-06:00,2026-03-10T23:54:27.3296384Z,,v3,471379,,,"Massey, Noah",838425,Right,NMS_AGG,04862ba1-2e71-4c9c-951c-e08b502cc684,53.77405,-114.18984,12.21688,5.40002,-3.31507,-20.26723,-2.44364,7.93978,4.71862,,,,,,,,,,,,,,,,,,,,,,,,,,,,,,,,,,,,,,,,,,,,,,,,,,,High,High,High,,,,,,,,,,,,,,,,,,,,,,,,,,,,,,,,,,,,,,,
191,2026-03-10,17:54:53.21,3,5,"Wright, Hazen",838442,Right,NMS_AGG,"Trujillo, Jadon",1000207236,Right,UNI_THE2,Undefined,6,Top,2,2,2,Fastball,Four-Seam,FoulBallNotFieldable,Undefined,Undefined,Undefined,0,0,,92.431,-2.263445,-3.388439,2406.04132,194.76347,12:30,5.97124,2.27954,7.31191,-14.17662,16.59824,4.13965,2.73978,-0.44112,85.28571,-5.017782,-2.627256,0.399273,75.05953,58.13169,84.179866,5324.672288,,,,,54.00832,,,-3.10603,9.84591,-2.09131,50,5.84018,7.8141,-134.37357,-5.61671,-5.72633,26.84633,-14.02203,NMS_AGG,UNI_THE2,PresleyAskewField,D1,CUSA,20260310-PresleyAskewField-2,88e6b580-1cdc-11f1-886b-8de6524961d4,94.40278,74.54118,,7.14529,,,,0.59698,2.66737,0.47865,6ee70939-121f-487f-ab01-d6bb8f265bb6,2026-03-10,23:54:53.21,2026-03-10T17:54:53.2198400-06:00,2026-03-10T23:54:53.2198400Z,,v3,471379,,,"Massey, Noah",838425,Right,NMS_AGG,16c67401-c59a-4812-b44a-f9c84c49ead2,53.18711,-135.00882,13.42317,5.96916,-5.28491,-7.01102,-2.27782,7.9496,-2.86316,,0.59698,5.89246,-9.10257,2.61486,0.37916,-2.10955,2.45161,-1.3388,0.28435,2.66737,93.49309,-26.0487,2.94295,-0.62108,0.22539,-0.17007,0.09367,-0.02159,0.47865,57.82278,-7.30631,1.39107,-0.13207,-0.18974,0.23827,-0.12674,0.02568,,,,,,,,,,,,,,,,,,,,,,,High,High,High,Low,Undefined,,,,,,,,,,,,,,,,,,,,,,,,,,,,,,,,,,,,,
192,2026-03-10,17:55:09.87,3,6,"Wright, Hazen",838442,Right,NMS_AGG,"Trujillo, Jadon",1000207236,Right,UNI_THE2,Undefined,6,Top,2,2,2,Fastball,Four-Seam,StrikeCalled,Strikeout,Undefined,Undefined,0,0,,91.85454,-3.103506,-3.618865,2453.707851,183.47445,12:00,5.67697,2.3137,7.30906,-13.47024,18.09304,1.03634,1.74136,-0.87476,83.9418,-5.743197,-3.428459,0.404355,,,,,,,,,,,,-1.5987,10.97894,-2.11174,50,5.49872,8.3928,-133.279,-7.49429,-2.86661,29.48282,-12.4879,NMS_AGG,UNI_THE2,PresleyAskewField,D1,CUSA,20260310-PresleyAskewField-2,92da02e0-1cdc-11f1-886b-8de6524961d4,93.21628,,,7.91274,,,,,,,6ee70939-121f-487f-ab01-d6bb8f265bb6,2026-03-10,23:55:09.87,2026-03-10T17:55:09.8760000-06:00,2026-03-10T23:55:09.8760000Z,,v3,471379,,,"Massey, Noah",838425,Right,NMS_AGG,a4b49ee5-3417-4031-8197-aef81b79a52b,53.18799,-133.98236,14.74141,5.67395,-7.19637,-6.24395,-2.31278,8.46119,-1.43331,,,,,,,,,,,,,,,,,,,,,,,,,,,,,63.72278,,,1.089551,,,,-4.24196,5.08963,2.30152,70.63084,9.81986,54.1434,-4.09264,74.36709,-5.25225,5.17996,19.26534,-13.736,2.37111,50.48683,-2.69882,High,High,High,,,High,High,High,,,,,,,,,,,,,,,,,,,,,,,,,,,,,,,,,,
193,2026-03-10,17:58:04.39,1,1,"Morrison, Alesandro",1000222482,Right,UNI_THE2,"Taclas, Aidan",838428,Left,NMS_AGG,Undefined,6,Bottom,0,0,0,Slider,Changeup,BallCalled,Undefined,Undefined,Undefined,0,0,,72.7481,3.005363,-6.332773,1392.252853,256.741182,2:30,3.02568,4.17972,6.35356,-48.86715,3.44835,7.93119,1.73911,-1.01192,66.73031,-6.051763,-4.913341,0.520579,,,,,,,,,,,,-5.85544,1.41402,-3.72264,50,3.2219,11.41043,-105.06916,4.26537,-6.57036,17.17147,-30.58737,NMS_AGG,UNI_THE2,PresleyAskewField,D1,CUSA,20260310-PresleyAskewField-2,faeb1810-1cdc-11f1-886b-8de6524961d4,72.40484,,,6.01779,,,,,,,6ee70939-121f-487f-ab01-d6bb8f265bb6,2026-03-10,23:58:04.39,2026-03-10T17:58:04.3980288-06:00,2026-03-10T23:58:04.3980288Z,,v3,471379,,,"Loving, Joshua",1000510771,Right,UNI_THE2,bbdd3916-2fad-4ca6-a4d3-ba3480e3a61e,54.14611,-105.74458,8.58574,3.03046,5.4685,-15.29368,-4.17655,11.66887,-3.28518,,,,,,,,,,,,,,,,,,,,,,,,,,,,,,,,,,,,,,,,,,,,,,,,,,,High,High,High,,,,,,,,,,,,,,,,,,,,,,,,,,,,,,,,,,,,,,,
194,2026-03-10,17:58:19.55,1,2,"Morrison, Alesandro",1000222482,Right,UNI_THE2,"Taclas, Aidan",838428,Left,NMS_AGG,Undefined,6,Bottom,0,1,0,Slider,Changeup,InPlay,Undefined,LineDrive,Out,1,0,,77.75647,2.847705,-5.254055,1732.590166,274.711291,3:15,3.41537,3.91896,6.65994,-44.53428,0.38323,11.25871,2.32315,0.0359,71.47302,-5.452976,-3.218679,0.482369,103.50533,16.739194,8.19724,1199.648302,108.79274,28.75605,16.25173,324.99785,314.46611,9.241104,3.122971,-7.31725,-0.16799,-3.5696,50,3.58956,9.99348,-112.63336,4.42519,-9.46488,19.13306,-32.39132,NMS_AGG,UNI_THE2,PresleyAskewField,D1,CUSA,20260310-PresleyAskewField-2,03ec3d40-1cdd-11f1-886b-8de6524961d4,78.14027,34.91628,,6.28345,,,,1.27112,2.32525,-0.00725,6ee70939-121f-487f-ab01-d6bb8f265bb6,2026-03-10,23:58:19.55,2026-03-10T17:58:19.5521024-06:00,2026-03-10T23:58:19.5521024Z,LineDrive,v3,471379,,,"Loving, Joshua",1000510771,Right,UNI_THE2,6eaae7d0-0beb-4961-9971-939b54edb5b8,53.84062,-113.28389,9.56653,3.42038,5.52651,-16.19566,-3.91484,10.31529,-4.73244,189.103026,1.27102,143.8944,-24.48966,5.97464,-1.29944,0.31358,-0.07558,0.01224,-0.00087,2.32545,43.71294,-14.91312,-0.00962,0.29018,-0.19408,0.07322,-0.01416,0.00111,-0.00725,20.72735,-2.15266,0.4182,-0.05998,0.00454,0.00065,-0.00026,3E-05,,,,,,,,,,,,,,,,,,,,,,,High,High,High,High,High,,,,,,,,,,,,,,,,,,,,,,,,,,,,,,,,,,,,,
195,2026-03-10,17:58:57.69,2,1,"Morrison, Alesandro",1000222482,Right,UNI_THE2,"Vest, Boston",838426,Right,NMS_AGG,Undefined,6,Bottom,1,0,0,Slider,Curveball,StrikeCalled,Undefined,Undefined,Undefined,0,0,,67.06508,4.532846,-4.293156,2077.405953,84.795578,8:45,3.12528,3.86297,6.09694,-61.41177,1.15874,-9.05776,2.22058,-0.86996,61.19794,-6.816716,-5.911455,0.56932,,,,,,,,,,,,3.38642,-0.12996,-3.52738,50,3.4438,7.55595,-96.87926,6.11895,3.19958,15.96238,-32.29683,NMS_AGG,UNI_THE2,PresleyAskewField,D1,CUSA,20260310-PresleyAskewField-2,1abe1110-1cdd-11f1-886b-8de6524961d4,66.2061,,,5.86714,,,,,,,6ee70939-121f-487f-ab01-d6bb8f265bb6,2026-03-10,23:58:57.69,2026-03-10T17:58:57.6995328-06:00,2026-03-10T23:58:57.6995328Z,,v3,471379,,,"Loving, Joshua",1000510771,Right,UNI_THE2,72fd3c52-afe0-43fe-b7ba-4bc1f74c0e8c,54.40086,-97.60168,7.98119,3.13379,7.58063,-16.14842,-3.86606,7.41115,1.59979,,,,,,,,,,,,,,,,,,,,,,,,,,,,,,,,,,,,,,,,,,,,,,,,,,,High,High,High,,,,,,,,,,,,,,,,,,,,,,,,,,,,,,,,,,,,,,,
196,2026-03-10,17:59:14.18,2,2,"Morrison, Alesandro",1000222482,Right,UNI_THE2,"Vest, Boston",838426,Right,NMS_AGG,Undefined,6,Bottom,1,0,1,Slider,Curveball,InPlay,Undefined,FlyBall,Double,0,0,,67.71469,4.219342,-4.132796,2080.446799,103.205637,9:30,3.17824,4.07633,6.05133,-58.03098,3.10335,-5.24359,2.26536,-0.19293,61.99059,-6.501223,-5.069741,0.562748,78.13734,53.431785,-15.075152,,107.73731,114.49622,-22.19606,220.48073,220.48073,-10.942665,5.524222,1.54949,0.90421,-3.75159,50,3.47628,7.23685,-97.91703,5.74231,1.50231,15.65599,-31.29736,NMS_AGG,UNI_THE2,PresleyAskewField,D1,CUSA,20260310-PresleyAskewField-2,2492b2e0-1cdd-11f1-886b-8de6524961d4,66.97924,116.62865,,5.7241,,,,2.2915,2.43402,0.11759,6ee70939-121f-487f-ab01-d6bb8f265bb6,2026-03-10,23:59:14.18,2026-03-10T17:59:14.1868032-06:00,2026-03-10T23:59:14.1868032Z,Popup,v3,471379,,,"Loving, Joshua",1000510771,Right,UNI_THE2,e5a68255-4110-4936-8950-2ccb1bbbe37a,54.44759,-98.62559,7.82799,3.18434,7.15877,-15.64868,-4.07759,7.16886,0.75115,189.313972,2.29509,65.85092,-14.56846,3.69365,-0.48046,-0.0233,0.01942,-0.00263,0.00011,2.43103,92.08796,-21.63679,1.57855,-0.09667,-0.06927,0.02993,-0.00492,0.00029,0.11706,-17.74243,6.45431,-1.96637,0.3629,-0.02773,-0.00362,0.00092,-5E-05,,,,,,,,,,,,,,,,,,,,,,,High,High,High,High,Medium,,,,,,,,,,,,,,,,,,,,,,,,,,,,,,,,,,,,,
197,2026-03-10,18:00:10.49,3,1,"Morrison, Alesandro",1000222482,Right,UNI_THE2,"Daniels, Chris",827428,Right,NMS_AGG,Undefined,6,Bottom,1,0,0,Slider,Changeup,BallCalled,Undefined,Undefined,Undefined,0,0,,71.45696,4.2673,-8.393752,1310.502554,308.522976,4:15,2.8042,4.23575,6.51219,-61.77956,-6.54674,10.63721,1.62147,-2.6358,64.61287,-7.148334,-6.500485,0.534897,,,,,,,,,,,,-8.1189,-4.10441,-3.65059,50,3.07978,14.78605,-102.51977,6.10201,-8.55271,18.5613,-36.49776,NMS_AGG,UNI_THE2,PresleyAskewField,D1,CUSA,20260310-PresleyAskewField-2,461c3580-1cdd-11f1-886b-8de6524961d4,70.46674,,,6.84409,,,,,,,6ee70939-121f-487f-ab01-d6bb8f265bb6,2026-03-11,00:00:10.49,2026-03-10T18:00:10.4903168-06:00,2026-03-11T00:00:10.4903168Z,,v3,471379,,,"Loving, Joshua",1000510771,Right,UNI_THE2,456a56c7-4b55-43ed-bd7d-eb5af100fc5f,53.987,-103.23909,9.28065,2.8159,7.51645,-18.24888,-4.23003,15.1175,-4.27636,,,,,,,,,,,,,,,,,,,,,,,,,,,,,,,,,,,,,,,,,,,,,,,,,,,High,High,High,,,,,,,,,,,,,,,,,,,,,,,,,,,,,,,,,,,,,,,
198,2026-03-10,18:00:26.59,3,2,"Morrison, Alesandro",1000222482,Right,UNI_THE2,"Daniels, Chris",827428,Right,NMS_AGG,Undefined,6,Bottom,1,1,0,Slider,Curveball,FoulBallNotFieldable,Undefined,Undefined,Undefined,0,0,,65.6883,4.249592,-3.100059,1985.448188,68.182381,8:15,3.16779,4.30668,6.14061,-65.6713,-1.44406,-8.21965,1.63531,0.75407,60.64924,-7.852269,-4.575097,0.576808,96.02764,0.648197,-58.219984,2578.910235,,,,46.32236,41.97609,-57.264211,0.320683,3.46835,-1.45536,-4.06585,50,3.45802,5.39373,-95.19133,5.44582,3.19498,14.07256,-33.51467,NMS_AGG,UNI_THE2,PresleyAskewField,D1,CUSA,20260310-PresleyAskewField-2,4fb38030-1cdd-11f1-886b-8de6524961d4,65.34663,2.07096,,5.03906,,,,3.52613,2.04657,-1.22971,6ee70939-121f-487f-ab01-d6bb8f265bb6,2026-03-11,00:00:26.59,2026-03-10T18:00:26.5924096-06:00,2026-03-11T00:00:26.5924096Z,GroundBall,v3,471379,,,"Loving, Joshua",1000510771,Right,UNI_THE2,2a81d2b7-f49e-4969-a23a-e1d2bc0e568d,54.36076,-95.83384,7.03628,3.17446,6.97598,-16.75734,-4.30878,5.24787,1.59749,,3.53099,73.96863,-21.45757,,,,,,,2.0515,1.38892,-24.32679,,,,,,,-1.22739,-119.81432,6.63644,,,,,,,,,,,,,,,,,,,,,,,,,,,,,High,High,High,Medium,High,,,,,,,,,,,,,,,,,,,,,,,,,,,,,,,,,,,,,
199,2026-03-10,18:00:50.38,3,3,"Morrison, Alesandro",1000222482,Right,UNI_THE2,"Daniels, Chris",827428,Right,NMS_AGG,Undefined,6,Bottom,1,1,1,Fastball,Changeup,BallCalled,Undefined,Undefined,Undefined,0,0,,75.50606,4.41406,-4.685571,1547.165257,262.050704,2:45,3.34569,4.4198,6.60765,-45.22813,2.83122,9.77103,3.64143,0.93262,68.85255,-4.039433,-2.921081,0.498954,,,,,,,,,,,,-6.37748,0.75953,-4.10386,50,3.62931,8.6268,-109.18611,7.26304,-7.71649,18.81122,-31.25507,NMS_AGG,UNI_THE2,PresleyAskewField,D1,CUSA,20260310-PresleyAskewField-2,5dd64670-1cdd-11f1-886b-8de6524961d4,75.54295,,,6.65352,,,,,,,6ee70939-121f-487f-ab01-d6bb8f265bb6,2026-03-11,00:00:50.38,2026-03-10T18:00:50.3847936-06:00,2026-03-11T00:00:50.3847936Z,,v3,471379,,,"Loving, Joshua",1000510771,Right,UNI_THE2,fadfdb29-537e-4c50-aa74-68a72bc6f91d,53.89045,-109.85433,9.40561,3.35159,8.3733,-15.62754,-4.41517,8.90091,-3.85824,,,,,,,,,,,,,,,,,,,,,,,,,,,,,,,,,,,,,,,,,,,,,,,,,,,High,High,High,,,,,,,,,,,,,,,,,,,,,,,,,,,,,,,,,,,,,,,
200,2026-03-10,18:01:07.60,3,4,"Morrison, Alesandro",1000222482,Right,UNI_THE2,"Daniels, Chris",827428,Right,NMS_AGG,Undefined,6,Bottom,1,2,1,ChangeUp,Changeup,StrikeSwinging,Undefined,Undefined,Undefined,0,0,,71.52589,3.539821,-5.745369,1223.940007,280.186474,3:15,2.98979,4.16576,6.26595,-55.54786,-0.32835,12.91875,1.64494,-0.07235,64.4336,-6.785428,-3.431058,0.534832,,,,,,,,,,,,-8.52819,-0.72177,-3.74522,50,3.22682,9.95383,-103.17527,4.91899,-9.05387,19.58938,-32.9403,NMS_AGG,UNI_THE2,PresleyAskewField,D1,CUSA,20260310-PresleyAskewField-2,68259680-1cdd-11f1-886b-8de6524961d4,70.47522,,,7.09229,,,,,,,6ee70939-121f-487f-ab01-d6bb8f265bb6,2026-03-11,00:01:07.60,2026-03-10T18:01:07.6081152-06:00,2026-03-11T00:01:07.6081152Z,,v3,471379,,,"Loving, Joshua",1000510771,Right,UNI_THE2,138817d5-fa99-4dac-9a63-ac52af175a88,54.23145,-103.97557,9.79469,2.99837,6.26472,-16.47015,-4.15943,10.32371,-4.52694,,,,,,,,,,,,,,,,,,,,,,,,,,,,,,,,,,,,,,,,,,,,,,,,,,,High,High,High,,,,,,,,,,,,,,,,,,,,,,,,,,,,,,,,,,,,,,,
201,2026-03-10,18:01:28.25,3,5,"Morrison, Alesandro",1000222482,Right,UNI_THE2,"Daniels, Chris",827428,Right,NMS_AGG,Undefined,6,Bottom,1,2,2,ChangeUp,Changeup,FoulBallNotFieldable,Undefined,Undefined,Undefined,0,0,,72.94713,3.345344,-5.439983,1425.2936,234.100159,1:45,2.99344,4.26438,6.35794,-44.2805,7.79036,8.52327,2.39966,-0.04702,66.57225,-4.915137,-3.910568,0.51936,54.75171,30.901987,146.704786,4543.883447,,,,130.19678,53.43646,152.077641,2.246303,-5.95481,3.59658,-3.87327,50,3.21624,9.76626,-105.43286,5.04423,-6.70685,17.82477,-28.12326,NMS_AGG,UNI_THE2,PresleyAskewField,D1,CUSA,20260310-PresleyAskewField-2,747375b0-1cdd-11f1-886b-8de6524961d4,72.57473,23.60185,,6.37488,,,,1.69387,2.34636,-0.02916,6ee70939-121f-487f-ab01-d6bb8f265bb6,2026-03-11,00:01:28.25,2026-03-10T18:01:28.2505728-06:00,2026-03-11T00:01:28.2505728Z,LineDrive,v3,471379,,,"Loving, Joshua",1000510771,Right,UNI_THE2,d5ec660c-f39c-4345-a146-347d971ed2dd,54.14006,-106.13048,8.91238,2.99728,6.14491,-14.06163,-4.26064,10.02875,-3.35343,311.841182,1.69381,-57.5892,1.63837,0.51038,-0.23845,0.1574,-0.03572,-0.00173,0.00114,2.34639,41.239,-21.3605,1.49835,-0.13762,-0.12809,0.10043,-0.02811,0.00286,-0.02907,37.81902,-5.55741,0.45124,0.17555,-0.26737,0.11681,-0.02042,0.00104,,,,,,,,,,,,,,,,,,,,,,,High,High,High,High,Medium,,,,,,,,,,,,,,,,,,,,,,,,,,,,,,,,,,,,,
202,2026-03-10,18:01:38.25,3,6,"Morrison, Alesandro",1000222482,Right,UNI_THE2,"Daniels, Chris",827428,Right,NMS_AGG,Undefined,6,Bottom,1,2,2,Other,,BallCalled,Undefined,Undefined,Undefined,0,0,,,,,,,,,,,,,,,,,,,,,,,,,,,,,,,,,,,,,,,,,,NMS_AGG,UNI_THE2,PresleyAskewField,D1,CUSA,20260310-PresleyAskewField-2,970c4571-1cdd-11f1-886b-8de6524961d4,,,,,,,,,,,6ee70939-121f-487f-ab01-d6bb8f265bb6,2026-03-11,00:01:38.25,2026-03-10T18:01:38.2505728-06:00,2026-03-11T00:01:38.2505728Z,,v3,471379,,,"Loving, Joshua",1000510771,Right,UNI_THE2,970c4570-1cdd-11f1-886b-8de6524961d4,,,,,,,,,,,,,,,,,,,,,,,,,,,,,,,,,,,,,,,,,,,,,,,,,,,,,,,,,,,,,,,,,,,,,,,,,,,,,,,,,,,,,,,,,,,,,,,,,,,,,
203,2026-03-10,18:02:16.63,3,7,"Morrison, Alesandro",1000222482,Right,UNI_THE2,"Daniels, Chris",827428,Right,NMS_AGG,Undefined,6,Bottom,1,3,2,Fastball,Changeup,FoulBallNotFieldable,Undefined,Undefined,Undefined,0,0,,77.48504,3.359623,-5.039866,1706.21128,249.58152,2:15,3.20408,4.398,6.53497,-39.24864,6.7202,14.01973,3.03045,0.93158,70.27362,-4.009001,-2.510971,0.487981,60.23256,15.788197,163.733605,3685.308527,,,,100.94916,51.01647,168.770041,1.34491,-8.80737,2.98232,-4.05341,50,3.42136,9.40836,-112.06051,5.55747,-11.15212,21.04755,-28.39777,NMS_AGG,UNI_THE2,PresleyAskewField,D1,CUSA,20260310-PresleyAskewField-2,91447950-1cdd-11f1-886b-8de6524961d4,77.24157,10.02483,,7.21142,,,,1.44779,2.9934,-0.94291,6ee70939-121f-487f-ab01-d6bb8f265bb6,2026-03-11,00:02:16.63,2026-03-10T18:02:16.6320000-06:00,2026-03-11T00:02:16.6320000Z,GroundBall,v3,471379,,,"Loving, Joshua",1000510771,Right,UNI_THE2,f9b34fef-cfef-43bf-8b0e-740e6ba7acf5,53.96293,-112.80238,10.52378,3.20783,6.55843,-14.19888,-4.39196,9.80144,-5.57606,302.365808,1.44779,-81.6053,5.3384,-0.18919,0.00458,0.02124,-0.00342,0.00059,-0.0001,2.9934,24.03598,-21.54231,1.8923,-0.3743,0.07202,-0.01059,0.00188,-0.00022,-0.94291,23.81111,-7.68137,1.35002,-0.30113,0.04835,-0.00867,0.00174,-0.00015,,,,,,,,,,,,,,,,,,,,,,,High,High,High,High,Medium,,,,,,,,,,,,,,,,,,,,,,,,,,,,,,,,,,,,,
204,2026-03-10,18:02:37.80,3,8,"Morrison, Alesandro",1000222482,Right,UNI_THE2,"Daniels, Chris",827428,Right,NMS_AGG,Undefined,6,Bottom,1,3,2,Slider,Curveball,InPlay,Undefined,FlyBall,Single,0,1,,68.10565,4.584954,-3.753089,1940.431214,119.838062,10:00,3.02934,4.3342,6.10675,-57.67436,2.94087,-1.69539,2.48112,0.71742,61.90841,-6.10981,-4.05665,0.560354,69.00204,42.744023,-10.508123,3905.165322,109.23657,71.78976,-12.93617,240.88204,240.60396,-2.286321,4.552594,-0.23886,0.66587,-4.04474,50,3.3525,6.5098,-98.43571,6.42516,-0.23278,16.61041,-31.52515,NMS_AGG,UNI_THE2,PresleyAskewField,D1,CUSA,20260310-PresleyAskewField-2,9deaffd0-1cdd-11f1-886b-8de6524961d4,67.26544,73.56058,,6.19725,,,,2.29532,2.61331,-0.77632,6ee70939-121f-487f-ab01-d6bb8f265bb6,2026-03-11,00:02:37.80,2026-03-10T18:02:37.8046464-06:00,2026-03-11T00:02:37.8046464Z,FlyBall,v3,471379,,,"Loving, Joshua",1000510771,Right,UNI_THE2,d940845d-04df-4f45-95d4-60f02ccac280,54.3915,-99.17397,8.3052,3.03579,7.82634,-15.76257,-4.33431,6.52015,-0.11639,199.588819,2.29596,73.05707,-12.23736,3.2673,-0.50276,-0.0021,0.02118,-0.00401,0.00024,2.61113,68.74014,-18.67737,1.39334,-0.38298,0.12634,-0.02439,0.00216,-7E-05,-0.77753,-13.52323,5.28532,-0.96298,-0.03713,0.10379,-0.03268,0.00447,-0.00023,,,,,,,,,,,,,,,,,,,,,,,High,High,High,High,Medium,,,,,,,,,,,,,,,,,,,,,,,,,,,,,,,,,,,,,
205,2026-03-10,18:03:20.48,4,1,"Morrison, Alesandro",1000222482,Right,UNI_THE2,"Clough De Los Santos, Jonatan",10113700,Right,NMS_AGG,Undefined,6,Bottom,1,0,0,ChangeUp,Changeup,BallCalled,Undefined,Undefined,Undefined,0,0,,72.79415,3.701584,-7.137715,1327.246096,321.550311,4:45,3.03293,4.19503,6.53688,-60.05865,-7.36642,7.25583,1.45444,-1.78115,66.13246,-7.414356,-5.838307,0.52245,,,,,,,,,,,,-5.95044,-4.40229,-3.70082,50,3.26703,12.89542,-104.84666,5.22432,-6.56746,19.13147,-37.03279,NMS_AGG,UNI_THE2,PresleyAskewField,D1,CUSA,20260310-PresleyAskewField-2,b7524b90-1cdd-11f1-886b-8de6524961d4,72.14555,,,6.66169,,,,,,,6ee70939-121f-487f-ab01-d6bb8f265bb6,2026-03-11,00:03:20.48,2026-03-10T18:03:20.4829184-06:00,2026-03-11T00:03:20.4829184Z,,v3,471379,,,"Loving, Joshua",1000510771,Right,UNI_THE2,42ff47a8-45e5-4a73-881f-3c636fd3893a,53.96269,-105.56725,9.56574,3.04398,6.61918,-18.5164,-4.19119,13.14279,-3.28373,,,,,,,,,,,,,,,,,,,,,,,,,,,,,,,,,,,,,,,,,,,,,,,,,,,High,High,High,,,,,,,,,,,,,,,,,,,,,,,,,,,,,,,,,,,,,,,
206,2026-03-10,18:03:36.61,4,2,"Morrison, Alesandro",1000222482,Right,UNI_THE2,"Clough De Los Santos, Jonatan",10113700,Right,NMS_AGG,Undefined,6,Bottom,1,1,0,Slider,Curveball,FoulBallNotFieldable,Undefined,Undefined,Undefined,0,0,,67.2959,4.839856,-2.87303,2107.101494,77.818789,8:30,3.02408,4.41575,6.05258,-61.28688,0.19181,-7.33099,2.41323,1.14317,61.8872,-6.460628,-4.185917,0.564331,70.17423,-21.556755,-51.62738,,,,,8.01354,7.48492,-49.459848,0.06526,3.03197,-0.70693,-4.18825,50,3.36832,5.11421,-97.42848,6.6675,2.92762,14.65222,-32.85667,NMS_AGG,UNI_THE2,PresleyAskewField,D1,CUSA,20260310-PresleyAskewField-2,c0f83c40-1cdd-11f1-886b-8de6524961d4,66.79139,2.47653,,5.4087,,,,1.31713,2.47653,-1.1752,6ee70939-121f-487f-ab01-d6bb8f265bb6,2026-03-11,00:03:36.61,2026-03-10T18:03:36.6162944-06:00,2026-03-11T00:03:36.6162944Z,GroundBall,v3,471379,,,"Loving, Joshua",1000510771,Right,UNI_THE2,5e962d5a-0472-47d9-a29b-4a0ac39c63e0,54.44759,-98.09507,7.32611,3.03099,8.16228,-16.42833,-4.41789,4.98102,1.46381,180,1.31494,59.63101,,,,,,,,2.47792,-37.94871,,,,,,,,-1.17243,-75.30951,,,,,,,,,,,,,,,,,,,,,,,,,,,,,,High,High,High,High,High,,,,,,,,,,,,,,,,,,,,,,,,,,,,,,,,,,,,,
207,2026-03-10,18:03:57.43,4,3,"Morrison, Alesandro",1000222482,Right,UNI_THE2,"Clough De Los Santos, Jonatan",10113700,Right,NMS_AGG,Undefined,6,Bottom,1,1,1,ChangeUp,Changeup,BallCalled,Undefined,Undefined,Undefined,0,0,,77.38347,4.107627,-6.754905,1711.083096,271.027532,3:00,3.13084,4.12467,6.56187,-44.64117,1.08291,11.89363,3.20933,-1.10573,71.09353,-4.171719,-4.621616,0.48668,,,,,,,,,,,,-7.88804,-0.03469,-3.66217,50,3.39731,12.82789,-111.64445,6.85074,-10.07076,17.92844,-32.21834,NMS_AGG,UNI_THE2,PresleyAskewField,D1,CUSA,20260310-PresleyAskewField-2,cd5a66c0-1cdd-11f1-886b-8de6524961d4,77.44803,,,6.28994,,,,,,,6ee70939-121f-487f-ab01-d6bb8f265bb6,2026-03-11,00:03:57.43,2026-03-10T18:03:57.4306816-06:00,2026-03-11T00:03:57.4306816Z,,v3,471379,,,"Loving, Joshua",1000510771,Right,UNI_THE2,ccbb7da1-5ad0-4bf2-9098-77b40708136d,53.93826,-112.27509,8.96422,3.13639,7.98404,-16.10917,-4.11963,13.18213,-5.03538,,,,,,,,,,,,,,,,,,,,,,,,,,,,,,,,,,,,,,,,,,,,,,,,,,,High,High,High,,,,,,,,,,,,,,,,,,,,,,,,,,,,,,,,,,,,,,,
208,2026-03-10,18:04:16.97,4,4,"Morrison, Alesandro",1000222482,Right,UNI_THE2,"Clough De Los Santos, Jonatan",10113700,Right,NMS_AGG,Undefined,6,Bottom,1,2,1,Fastball,Changeup,FoulBallNotFieldable,Undefined,Undefined,Undefined,0,0,,76.54207,4.319587,-5.288953,1685.48107,262.021294,2:45,3.27076,4.30656,6.45777,-43.92557,2.94977,11.2932,3.60274,0.37546,70.08908,-3.849542,-3.258246,0.492769,55.15691,7.55674,170.993324,3149.539442,,,,58.56449,42.32983,172.846406,0.739977,-7.22626,0.87492,-3.93644,50,3.55846,9.85831,-110.62846,7.18443,-9.02551,18.29038,-31.08129,NMS_AGG,UNI_THE2,PresleyAskewField,D1,CUSA,20260310-PresleyAskewField-2,d8fd5ff0-1cdd-11f1-886b-8de6524961d4,76.49103,4.73795,,6.45299,,,,-1.58423,3.41786,-0.14428,6ee70939-121f-487f-ab01-d6bb8f265bb6,2026-03-11,00:04:16.97,2026-03-10T18:04:16.9712640-06:00,2026-03-11T00:04:16.9712640Z,GroundBall,v3,471379,,,"Loving, Joshua",1000510771,Right,UNI_THE2,e1ede509-450b-415e-834a-ecd42da63383,54.04111,-111.29458,9.14519,3.2762,8.31638,-15.54065,-4.30145,10.18701,-4.51275,333.368147,-1.58423,-79.2053,4.32702,-0.79103,0.13676,-0.02155,0.00379,0.00032,-0.00027,3.41786,10.63855,-21.90597,2.01668,-0.42376,0.07549,-0.01421,0.00282,-0.0003,-0.14428,12.55435,-3.88786,0.7743,-0.13979,0.02316,-0.00491,0.00061,-3E-05,,,,,,,,,,,,,,,,,,,,,,,High,High,High,High,Medium,,,,,,,,,,,,,,,,,,,,,,,,,,,,,,,,,,,,,
209,2026-03-10,18:04:38.18,4,5,"Morrison, Alesandro",1000222482,Right,UNI_THE2,"Clough De Los Santos, Jonatan",10113700,Right,NMS_AGG,Undefined,6,Bottom,1,2,2,Slider,Curveball,InPlay,Undefined,LineDrive,HomeRun,0,2,,67.29291,5.099132,-4.374517,1954.681159,66.941375,8:15,2.89826,4.28052,6.37635,-60.72928,0.6215,-2.99425,2.5549,-0.00142,61.43132,-6.176041,-4.912236,0.563743,105.20878,29.674053,-22.392029,2722.202573,102.36053,58.14422,-40.27759,432.40053,406.52884,-18.645221,5.163089,0.32063,-0.63268,-3.96327,50,3.23958,7.52444,-97.20898,7.21513,0.30609,15.56731,-32.77803,NMS_AGG,UNI_THE2,PresleyAskewField,D1,CUSA,20260310-PresleyAskewField-2,e5ac71f0-1cdd-11f1-886b-8de6524961d4,66.86101,90.73613,,5.86158,,,,2.4782,2.56656,-0.05358,6ee70939-121f-487f-ab01-d6bb8f265bb6,2026-03-11,00:04:38.18,2026-03-10T18:04:38.1879296-06:00,2026-03-11T00:04:38.1879296Z,FlyBall,v3,471379,,,"Loving, Joshua",1000510771,Right,UNI_THE2,7735b7d0-434a-4ee3-aff5-607de7411730,54.123,-97.86702,7.78366,2.90531,8.60069,-16.38902,-4.28106,7.5115,0.15304,185.524428,2.47946,123.93611,-21.6752,5.39427,-1.14012,0.20612,-0.02911,0.00278,-0.00012,2.56841,76.34807,-18.51568,0.75101,0.25102,-0.16823,0.04471,-0.00569,0.00028,-0.05362,-51.07345,9.93468,-2.0972,0.44036,-0.09576,0.01802,-0.00211,0.0001,,,,,,,,,,,,,,,,,,,,,,,High,High,High,High,High,,,,,,,,,,,,,,,,,,,,,,,,,,,,,,,,,,,,,
210,2026-03-10,18:05:41.62,5,1,"Morrison, Alesandro",1000222482,Right,UNI_THE2,"Rulli, Easton",702537,Right,NMS_AGG,Undefined,6,Bottom,1,0,0,Fastball,Changeup,InPlay,Undefined,LineDrive,Single,0,0,,75.91107,2.178827,-5.862967,1661.407306,263.248394,2:45,3.46931,3.94571,6.34491,-44.99298,2.96945,12.59001,1.73715,-0.42123,69.55474,-6.172832,-3.603333,0.49845,93.74542,4.801817,-29.57472,1953.413558,,,,89.09612,81.28732,-29.280643,0.673975,-8.21504,1.32658,-3.52449,50,3.60699,10.86424,-109.80967,2.96348,-10.05428,19.01659,-30.55047,NMS_AGG,UNI_THE2,PresleyAskewField,D1,CUSA,20260310-PresleyAskewField-2,0b71f090-1cde-11f1-886b-8de6524961d4,75.61924,3.39976,,6.35633,,,,4.03553,1.9118,0.35157,6ee70939-121f-487f-ab01-d6bb8f265bb6,2026-03-11,00:05:41.62,2026-03-10T18:05:41.6275968-06:00,2026-03-11T00:05:41.6275968Z,GroundBall,v3,471379,,,"Loving, Joshua",1000510771,Right,UNI_THE2,2014a04f-55b7-407c-8ccd-45bd2ffb238e,54.15546,-110.52696,9.50829,3.47347,4.11582,-15.27524,-3.94143,11.24348,-5.02714,,4.05902,118.68932,-14.00548,,,,,,,1.94216,10.90208,-20.51409,,,,,,,0.35245,-67.64129,3.65341,,,,,,,,,,,,,,,,,,,,,,,,,,,,,High,High,High,High,High,,,,,,,,,,,,,,,,,,,,,,,,,,,,,,,,,,,,,
211,2026-03-10,18:06:18.09,6,1,"Morrison, Alesandro",1000222482,Right,UNI_THE2,"Massey, Noah",838425,Right,NMS_AGG,Undefined,6,Bottom,1,0,0,Fastball,Changeup,BallCalled,Undefined,Undefined,Undefined,0,0,,74.9313,3.726522,-7.196488,1805.956034,267.300109,3:00,3.2087,4.17085,6.60841,-46.54817,2.21784,16.89788,2.77498,-1.04755,68.77135,-4.920609,-4.165001,0.502609,,,,,,,,,,,,-10.63997,0.68717,-3.68505,50,3.44553,13.09983,-108.06061,5.87354,-12.71223,16.99072,-31.35307,NMS_AGG,UNI_THE2,PresleyAskewField,D1,CUSA,20260310-PresleyAskewField-2,212f9540-1cde-11f1-886b-8de6524961d4,74.99362,,,6.15995,,,,,,,6ee70939-121f-487f-ab01-d6bb8f265bb6,2026-03-11,00:06:18.09,2026-03-10T18:06:18.0901888-06:00,2026-03-11T00:06:18.0901888Z,,v3,471379,,,"Loving, Joshua",1000510771,Right,UNI_THE2,f1e696a1-8a42-4132-8024-b80c99c0ebbe,53.89196,-108.67083,8.49536,3.21435,6.99958,-15.67654,-4.16372,13.55639,-6.35612,,,,,,,,,,,,,,,,,,,,,,,,,,,,,,,,,,,,,,,,,,,,,,,,,,,High,High,High,,,,,,,,,,,,,,,,,,,,,,,,,,,,,,,,,,,,,,,
212,2026-03-10,18:06:34.17,6,2,"Morrison, Alesandro",1000222482,Right,UNI_THE2,"Massey, Noah",838425,Right,NMS_AGG,Undefined,6,Bottom,1,1,0,ChangeUp,Changeup,BallCalled,Undefined,Undefined,Undefined,0,0,,71.48138,3.336303,-6.855683,1206.516177,265.736071,2:45,2.84933,4.1508,6.27278,-51.76448,2.40496,11.41379,1.63673,-1.24805,65.87341,-6.211936,-4.819188,0.529723,,,,,,,,,,,,-7.64441,0.86976,-3.6474,50,3.07247,12.04077,-103.14886,4.68629,-8.32319,15.45686,-31.22704,NMS_AGG,UNI_THE2,PresleyAskewField,D1,CUSA,20260310-PresleyAskewField-2,2acf1d50-1cde-11f1-886b-8de6524961d4,71.15503,,,5.60797,,,,,,,6ee70939-121f-487f-ab01-d6bb8f265bb6,2026-03-11,00:06:34.17,2026-03-10T18:06:34.1709312-06:00,2026-03-11T00:06:34.1709312Z,,v3,471379,,,"Loving, Joshua",1000510771,Right,UNI_THE2,2363eeea-5336-43a4-8a58-849509f9f62a,54.22747,-103.78041,7.72843,2.85492,5.9622,-15.61352,-4.14632,12.38085,-4.16159,,,,,,,,,,,,,,,,,,,,,,,,,,,,,,,,,,,,,,,,,,,,,,,,,,,High,High,High,,,,,,,,,,,,,,,,,,,,,,,,,,,,,,,,,,,,,,,
213,2026-03-10,18:06:52.36,6,3,"Morrison, Alesandro",1000222482,Right,UNI_THE2,"Massey, Noah",838425,Right,NMS_AGG,Undefined,6,Bottom,1,2,0,Fastball,Changeup,StrikeCalled,Undefined,Undefined,Undefined,0,0,,73.96192,4.741692,-5.661483,1560.088206,259.371694,2:45,3.20485,4.30415,6.48807,-46.53672,3.52047,11.31883,3.71128,0.03283,67.95775,-3.90036,-3.627959,0.509219,,,,,,,,,,,,-7.27496,1.13551,-3.91042,50,3.51941,10.22229,-106.8151,7.67854,-8.50844,16.27715,-30.84603,NMS_AGG,UNI_THE2,PresleyAskewField,D1,CUSA,20260310-PresleyAskewField-2,359e99e0-1cde-11f1-886b-8de6524961d4,74.02008,,,6.00417,,,,,,,6ee70939-121f-487f-ab01-d6bb8f265bb6,2026-03-11,00:06:52.36,2026-03-10T18:06:52.3676672-06:00,2026-03-11T00:06:52.3676672Z,,v3,471379,,,"Loving, Joshua",1000510771,Right,UNI_THE2,2522c17a-18c2-4fb6-a593-07c586dcd2ea,54.01128,-107.42462,8.13858,3.21025,8.83362,-15.42301,-4.29918,10.5409,-4.25422,,,,,,,,,,,,,,,,,,,,,,,,,,,,,,,,,,,,,,,,,,,,,,,,,,,High,High,High,,,,,,,,,,,,,,,,,,,,,,,,,,,,,,,,,,,,,,,
214,2026-03-10,18:07:07.25,6,4,"Morrison, Alesandro",1000222482,Right,UNI_THE2,"Massey, Noah",838425,Right,NMS_AGG,Undefined,6,Bottom,1,2,1,Slider,Curveball,InPlay,Undefined,Popup,Out,1,0,,66.49726,4.685005,-4.040987,1893.695187,60.628282,8:00,2.98225,4.33699,6.01481,-63.56031,-0.62846,-4.21748,2.0459,0.23608,61.44527,-6.98982,-4.794171,0.570961,65.21236,87.018604,95.019141,,,,,,14.56977,,,1.16075,-1.0635,-4.01736,50,3.31587,6.92399,-96.21318,6.26281,1.09756,13.70635,-33.17963,NMS_AGG,UNI_THE2,PresleyAskewField,D1,CUSA,20260310-PresleyAskewField-2,3e877c20-1cde-11f1-886b-8de6524961d4,66.01575,73.07157,,5.05199,,,,,,,6ee70939-121f-487f-ab01-d6bb8f265bb6,2026-03-11,00:07:07.25,2026-03-10T18:07:07.2542208-06:00,2026-03-11T00:07:07.2542208Z,,v3,471379,,,"Loving, Joshua",1000510771,Right,UNI_THE2,481c996b-5404-4c21-a826-6b107caf4b03,54.48613,-96.85015,6.85318,2.98899,7.80477,-16.58982,-4.33795,6.87298,0.54878,176.857896,5.92118,-0.43522,8.58446,-3.70659,1.05701,-0.26754,0.06333,-0.01231,0.00137,1.2719,95.51519,-30.22418,3.95981,-0.65346,0.08225,-0.00745,-0.00016,0.00012,-0.3261,4.95557,4.89969,-2.31854,0.68483,-0.17704,0.0425,-0.00833,0.00093,,,,,,,,,,,,,,,,,,,,,,,High,High,High,High,Undefined,,,,,,,,,,,,,,,,,,,,,,,,,,,,,,,,,,,,,
215,2026-03-10,18:07:41.56,7,1,"Morrison, Alesandro",1000222482,Right,UNI_THE2,"Lombardi, Aidan",838424,Right,NMS_AGG,Undefined,6,Bottom,2,0,0,Slider,Curveball,StrikeSwinging,Undefined,Undefined,Undefined,0,0,,65.41131,4.148482,-2.895568,1841.340197,112.849494,9:45,2.93779,4.24704,6.2627,-60.69984,4.0061,-4.86004,1.71593,1.17008,60.03925,-7.117414,-3.770049,0.578953,,,,,,,,,,,,1.74378,1.40051,-4.02999,50,3.21584,4.93203,-94.77034,5.42963,1.58549,14.5174,-30.90066,NMS_AGG,UNI_THE2,PresleyAskewField,D1,CUSA,20260310-PresleyAskewField-2,52f82e70-1cde-11f1-886b-8de6524961d4,65.10446,,,5.37206,,,,,,,6ee70939-121f-487f-ab01-d6bb8f265bb6,2026-03-11,00:07:41.56,2026-03-10T18:07:41.5693312-06:00,2026-03-11T00:07:41.5693312Z,,v3,471379,,,"Loving, Joshua",1000510771,Right,UNI_THE2,00ff2306-9b95-47a9-81bb-9626a1259fdb,54.23697,-95.41717,7.2587,2.94325,6.80643,-15.45033,-4.24817,4.86139,0.79275,,,,,,,,,,,,,,,,,,,,,,,,,,,,,,,,,,,,,,,,,,,,,,,,,,,High,High,High,,,,,,,,,,,,,,,,,,,,,,,,,,,,,,,,,,,,,,,
216,2026-03-10,18:07:59.85,7,2,"Morrison, Alesandro",1000222482,Right,UNI_THE2,"Lombardi, Aidan",838424,Right,NMS_AGG,Undefined,6,Bottom,2,0,1,Fastball,Changeup,StrikeCalled,Undefined,Undefined,Undefined,0,0,,76.03494,3.227996,-5.880846,1632.479234,264.149452,2:45,3.20939,4.11115,6.51217,-44.80081,2.38768,10.41386,2.45694,-0.43654,70.09592,-5.090235,-4.008067,0.494413,,,,,,,,,,,,-6.8826,0.88358,-3.70399,50,3.41649,10.98573,-109.97928,5.02204,-8.53075,17.31548,-31.07888,NMS_AGG,UNI_THE2,PresleyAskewField,D1,CUSA,20260310-PresleyAskewField-2,5dd65100-1cde-11f1-886b-8de6524961d4,76.2368,,,5.93902,,,,,,,6ee70939-121f-487f-ab01-d6bb8f265bb6,2026-03-11,00:07:59.85,2026-03-10T18:07:59.8522880-06:00,2026-03-11T00:07:59.8522880Z,,v3,471379,,,"Loving, Joshua",1000510771,Right,UNI_THE2,4fe79866-ae7c-47c0-9f45-ec3d00c8d715,53.98758,-110.60532,8.65774,3.2146,6.14569,-15.53944,-4.10675,11.29416,-4.26538,,,,,,,,,,,,,,,,,,,,,,,,,,,,,,,,,,,,,,,,,,,,,,,,,,,High,High,High,,,,,,,,,,,,,,,,,,,,,,,,,,,,,,,,,,,,,,,
217,2026-03-10,18:08:19.53,7,3,"Morrison, Alesandro",1000222482,Right,UNI_THE2,"Lombardi, Aidan",838424,Right,NMS_AGG,Undefined,6,Bottom,2,0,2,ChangeUp,Changeup,FoulBallNotFieldable,Undefined,Undefined,Undefined,0,0,,70.34189,4.584361,-4.81847,1170.540136,225.858796,1:30,2.96769,4.32862,6.33929,-46.4088,9.75508,8.24784,3.34493,0.56931,63.98666,-4.08882,-3.337951,0.539386,65.4251,68.426529,112.482166,4567.989651,,,,,40.66372,,,-5.63697,4.29996,-3.98118,50,3.28104,8.30443,-101.5859,7.02215,-5.88878,16.68735,-27.682,NMS_AGG,UNI_THE2,PresleyAskewField,D1,CUSA,20260310-PresleyAskewField-2,69989200-1cde-11f1-886b-8de6524961d4,69.88023,92.3203,,6.35523,,,,0.97314,3.34485,-0.54737,6ee70939-121f-487f-ab01-d6bb8f265bb6,2026-03-11,00:08:19.53,2026-03-10T18:08:19.5358720-06:00,2026-03-11T00:08:19.5358720Z,,v3,471379,,,"Loving, Joshua",1000510771,Right,UNI_THE2,1c8423bc-43ea-4a56-99cf-95b03bbbe5e8,54.15784,-102.26662,8.34367,2.97156,8.15137,-13.841,-4.32484,8.54465,-2.94439,317.107244,0.97315,-13.493,-0.72633,0.33565,0.12672,-0.28994,0.23611,-0.09674,0.01582,3.34485,89.2355,-23.39837,2.38031,-0.634,0.34942,-0.22708,0.08786,-0.01405,-0.54735,32.59809,-9.49846,2.43609,0.15244,-0.80418,0.67855,-0.28032,0.04596,,,,,,,,,,,,,,,,,,,,,,,High,High,High,Low,Undefined,,,,,,,,,,,,,,,,,,,,,,,,,,,,,,,,,,,,,
218,2026-03-10,18:08:40.44,7,4,"Morrison, Alesandro",1000222482,Right,UNI_THE2,"Lombardi, Aidan",838424,Right,NMS_AGG,Undefined,6,Bottom,2,0,2,Fastball,Changeup,InPlay,Undefined,LineDrive,Single,0,0,,75.40724,4.259661,-5.121301,1629.626323,275.828735,3:15,3.22012,4.39535,6.41297,-48.37129,-0.00138,14.0165,3.12833,0.84245,69.0527,-4.715861,-2.600452,0.500563,91.78385,5.859537,-28.572974,1405.996285,,,,100.41956,95.56456,-30.094916,0.804854,-8.66422,-0.70898,-4.03479,50,3.50405,9.31264,-109.04713,6.82653,-10.50074,18.00527,-33.03331,NMS_AGG,UNI_THE2,PresleyAskewField,D1,CUSA,20260310-PresleyAskewField-2,76073fa0-1cde-11f1-886b-8de6524961d4,75.30003,5.01061,,6.35454,,,,1.2375,2.93685,-0.78289,6ee70939-121f-487f-ab01-d6bb8f265bb6,2026-03-11,00:08:40.44,2026-03-10T18:08:40.4431872-06:00,2026-03-11T00:08:40.4431872Z,GroundBall,v3,471379,,,"Loving, Joshua",1000510771,Right,UNI_THE2,ddcf5704-a171-4efd-99db-7c5b9c9f950c,54.08769,-109.71999,9.00263,3.22587,8.06099,-16.51665,-4.39014,9.70505,-5.25037,,1.27219,117.01855,-13.28273,,,,,,,2.9882,12.87888,-20.68808,,,,,,,-0.77886,-64.11671,3.12773,,,,,,,,,,,,,,,,,,,,,,,,,,,,,High,High,High,High,High,,,,,,,,,,,,,,,,,,,,,,,,,,,,,,,,,,,,,
219,2026-03-10,18:09:18.12,8,1,"Morrison, Alesandro",1000222482,Right,UNI_THE2,"Kaufman, Camden",831503,Right,NMS_AGG,Undefined,6,Bottom,2,0,0,Fastball,Changeup,StrikeCalled,Undefined,Undefined,Undefined,0,0,,74.40148,3.898064,-7.187485,1786.015479,273.526786,3:00,3.21096,4.27299,6.58395,-49.00723,0.30283,17.37056,2.73301,-0.90073,68.57591,-5.177592,-4.072187,0.505405,,,,,,,,,,,,-10.77158,-0.30362,-3.78494,50,3.46008,12.97654,-107.32641,6.0746,-12.75341,15.953,-32.53352,NMS_AGG,UNI_THE2,PresleyAskewField,D1,CUSA,20260310-PresleyAskewField-2,8c859c40-1cde-11f1-886b-8de6524961d4,74.57873,,,5.82558,,,,,,,6ee70939-121f-487f-ab01-d6bb8f265bb6,2026-03-11,00:09:18.12,2026-03-10T18:09:18.1258752-06:00,2026-03-11T00:09:18.1258752Z,,v3,471379,,,"Loving, Joshua",1000510771,Right,UNI_THE2,4bc550ed-b11d-433b-b24c-24b2834d2cee,53.9173,-107.9071,7.9765,3.2174,7.25884,-16.26676,-4.26574,13.44077,-6.3767,,,,,,,,,,,,,,,,,,,,,,,,,,,,,,,,,,,,,,,,,,,,,,,,,,,High,High,High,,,,,,,,,,,,,,,,,,,,,,,,,,,,,,,,,,,,,,,
220,2026-03-10,18:09:33.44,8,2,"Morrison, Alesandro",1000222482,Right,UNI_THE2,"Kaufman, Camden",831503,Right,NMS_AGG,Undefined,6,Bottom,2,0,1,Fastball,Changeup,BallCalled,Undefined,Undefined,Undefined,0,0,,74.85176,3.633872,-7.956815,1767.760585,267.540971,3:00,3.312,4.15629,6.59266,-46.83739,2.21291,17.94718,2.77524,-1.68563,68.66475,-5.052178,-4.747243,0.504072,,,,,,,,,,,,-11.33977,0.73472,-3.61595,50,3.54376,14.47837,-107.7662,5.67652,-13.47891,16.84101,-31.30073,NMS_AGG,UNI_THE2,PresleyAskewField,D1,CUSA,20260310-PresleyAskewField-2,95a6cc90-1cde-11f1-886b-8de6524961d4,74.77596,,,6.187,,,,,,,6ee70939-121f-487f-ab01-d6bb8f265bb6,2026-03-11,00:09:33.44,2026-03-10T18:09:33.4409728-06:00,2026-03-11T00:09:33.4409728Z,,v3,471379,,,"Loving, Joshua",1000510771,Right,UNI_THE2,687a2e58-d85a-4037-a2b6-003d2a4aa965,53.90761,-108.37514,8.4205,3.31804,6.80829,-15.65037,-4.14826,14.96574,-6.73946,,,,,,,,,,,,,,,,,,,,,,,,,,,,,,,,,,,,,,,,,,,,,,,,,,,High,High,High,,,,,,,,,,,,,,,,,,,,,,,,,,,,,,,,,,,,,,,
221,2026-03-10,18:09:48.91,8,3,"Morrison, Alesandro",1000222482,Right,UNI_THE2,"Kaufman, Camden",831503,Right,NMS_AGG,Undefined,6,Bottom,2,1,1,ChangeUp,Changeup,BallCalled,Undefined,Undefined,Undefined,0,0,,71.3421,3.003298,-7.474105,1367.589642,275.436109,3:15,2.98687,4.31339,6.47884,-53.40586,0.44713,10.86701,1.32025,-1.68308,66.08536,-6.847258,-5.531703,0.528173,,,,,,,,,,,,-7.43504,0.02205,-3.78948,50,3.17668,13.16311,-102.90795,4.06532,-8.09068,14.71546,-32.15005,NMS_AGG,UNI_THE2,PresleyAskewField,D1,CUSA,20260310-PresleyAskewField-2,9ed913e0-1cde-11f1-886b-8de6524961d4,71.3638,,,5.25674,,,,,,,6ee70939-121f-487f-ab01-d6bb8f265bb6,2026-03-11,00:09:48.91,2026-03-10T18:09:48.9132544-06:00,2026-03-11T00:09:48.9132544Z,,v3,471379,,,"Loving, Joshua",1000510771,Right,UNI_THE2,f87cfd59-a3f3-4072-9011-413370b285c1,54.02157,-103.48142,7.35773,2.99384,5.31823,-16.07503,-4.3086,13.47841,-4.04534,,,,,,,,,,,,,,,,,,,,,,,,,,,,,,,,,,,,,,,,,,,,,,,,,,,High,High,High,,,,,,,,,,,,,,,,,,,,,,,,,,,,,,,,,,,,,,,
222,2026-03-10,18:10:06.98,8,4,"Morrison, Alesandro",1000222482,Right,UNI_THE2,"Kaufman, Camden",831503,Right,NMS_AGG,Undefined,6,Bottom,2,2,1,ChangeUp,Changeup,BallCalled,Undefined,Undefined,Undefined,0,0,,70.52223,4.149324,-8.223009,1302.616288,281.249992,3:15,2.96413,4.34719,6.56753,-55.6996,-0.21382,9.08008,2.17231,-2.48611,64.90723,-6.134073,-6.605231,0.53612,,,,,,,,,,,,-6.80571,-0.63685,-3.78157,50,3.22964,14.37604,-101.38993,6.03681,-7.15673,14.99221,-32.84376,NMS_AGG,UNI_THE2,PresleyAskewField,D1,CUSA,20260310-PresleyAskewField-2,a9ac8810-1cde-11f1-886b-8de6524961d4,70.30594,,,5.615,,,,,,,6ee70939-121f-487f-ab01-d6bb8f265bb6,2026-03-11,00:10:06.98,2026-03-10T18:10:06.9811712-06:00,2026-03-11T00:10:06.9811712Z,,v3,471379,,,"Loving, Joshua",1000510771,Right,UNI_THE2,be2911a8-919c-4ad2-8c3b-dbffb9fe9646,53.93254,-101.96976,7.49611,2.9716,7.30706,-16.42188,-4.34292,14.65284,-3.57836,,,,,,,,,,,,,,,,,,,,,,,,,,,,,,,,,,,,,,,,,,,,,,,,,,,High,High,High,,,,,,,,,,,,,,,,,,,,,,,,,,,,,,,,,,,,,,,
223,2026-03-10,18:10:26.39,8,5,"Morrison, Alesandro",1000222482,Right,UNI_THE2,"Kaufman, Camden",831503,Right,NMS_AGG,Undefined,6,Bottom,2,3,1,Slider,Curveball,FoulBallNotFieldable,Undefined,Undefined,Undefined,0,0,,65.78684,4.959725,-4.850506,1903.480572,68.144406,8:15,2.99195,4.2485,6.06267,-65.34236,-1.0535,-6.95642,2.16493,-0.83101,60.90778,-7.027379,-6.09042,0.577084,69.32368,-23.020828,-51.107416,,,,,7.60443,6.26595,-29.943229,0.06068,2.40662,-1.37036,-3.8676,50,3.34318,8.27101,-95.06908,6.63028,2.22433,13.22438,-33.4406,NMS_AGG,UNI_THE2,PresleyAskewField,D1,CUSA,20260310-PresleyAskewField-2,b539d660-1cde-11f1-886b-8de6524961d4,65.31531,2.42126,,4.87906,,,,3.01161,2.42126,0.63948,6ee70939-121f-487f-ab01-d6bb8f265bb6,2026-03-11,00:10:26.39,2026-03-10T18:10:26.3997952-06:00,2026-03-11T00:10:26.3997952Z,GroundBall,v3,471379,,,"Loving, Joshua",1000510771,Right,UNI_THE2,00b1be8f-9909-4053-ab0b-f84381349114,54.4389,-95.68456,6.61219,2.99839,8.18662,-16.7203,-4.25012,8.16749,1.11217,180,3.00958,58.96151,,,,,,,,2.42263,-39.90202,,,,,,,,0.642,-73.09115,,,,,,,,,,,,,,,,,,,,,,,,,,,,,,High,High,High,High,High,,,,,,,,,,,,,,,,,,,,,,,,,,,,,,,,,,,,,
224,2026-03-10,18:10:54.73,8,6,"Morrison, Alesandro",1000222482,Right,UNI_THE2,"Kaufman, Camden",831503,Right,NMS_AGG,Undefined,6,Bottom,2,3,2,Slider,Curveball,InPlay,Undefined,LineDrive,Double,0,1,,64.92005,5.009477,-5.045353,1924.622644,104.891817,9:30,2.97278,4.24992,6.18346,-62.43858,3.19225,-5.49311,2.42505,-0.87866,60.16017,-6.484488,-6.025957,0.583076,97.60794,21.807159,1.716852,1923.345733,109.62527,37.96962,9.06509,378.48611,373.67938,9.529673,3.911857,1.63654,0.91158,-3.86551,50,3.32095,8.43746,-93.78861,6.74085,1.47609,12.50704,-31.35183,NMS_AGG,UNI_THE2,PresleyAskewField,D1,CUSA,20260310-PresleyAskewField-2,c62384d0-1cde-11f1-886b-8de6524961d4,64.64411,49.79053,,4.75988,,,,1.85783,2.49653,0.81931,6ee70939-121f-487f-ab01-d6bb8f265bb6,2026-03-11,00:10:54.73,2026-03-10T18:10:54.7351040-06:00,2026-03-11T00:10:54.7351040Z,LineDrive,v3,471379,,,"Loving, Joshua",1000510771,Right,UNI_THE2,8dfaf695-a6ed-4e56-95b6-eb346b7716f6,54.31685,-94.36252,6.25352,2.97863,8.17949,-15.67592,-4.25112,8.36972,0.73804,227.195122,1.85758,132.86267,-18.06872,3.96679,-0.90519,0.2335,-0.05904,0.00983,-0.00069,2.49721,53.16026,-15.71347,0.12464,0.40981,-0.23383,0.07438,-0.01182,0.00073,0.81935,3.9806,7.53038,-2.57072,0.72143,-0.17333,0.03492,-0.00468,0.00028,,,,,,,,,,,,,,,,,,,,,,,High,High,High,High,High,,,,,,,,,,,,,,,,,,,,,,,,,,,,,,,,,,,,,
225,2026-03-10,18:12:25.38,9,1,"Morrison, Alesandro",1000222482,Right,UNI_THE2,"Solorzano, Steve",814833,Right,NMS_AGG,Undefined,6,Bottom,2,0,0,Fastball,Changeup,BallCalled,Undefined,Undefined,Undefined,0,0,,74.25494,4.031176,-6.584825,1728.313849,258.703632,2:30,3.19869,4.27827,6.72893,-45.6216,4.67422,14.65812,3.11139,-0.54442,66.89955,-4.539419,-3.944673,0.510431,,,,,,,,,,,,-9.66969,1.7878,-3.84688,50,3.44968,11.8697,-106.9824,6.44211,-11.09872,20.1163,-30.12205,NMS_AGG,UNI_THE2,PresleyAskewField,D1,CUSA,20260310-PresleyAskewField-2,fc2003b0-1cde-11f1-886b-8de6524961d4,73.8443,,,7.35539,,,,,,,6ee70939-121f-487f-ab01-d6bb8f265bb6,2026-03-11,00:12:25.38,2026-03-10T18:12:25.3843968-06:00,2026-03-11T00:12:25.3843968Z,,v3,471379,,,"Loving, Joshua",1000510771,Right,UNI_THE2,399c4086-764c-4e90-84d5-d812e39bf8ec,53.76728,-107.68845,10.05815,3.20502,7.49934,-15.06103,-4.27032,12.25925,-5.54936,,,,,,,,,,,,,,,,,,,,,,,,,,,,,,,,,,,,,,,,,,,,,,,,,,,High,High,High,,,,,,,,,,,,,,,,,,,,,,,,,,,,,,,,,,,,,,,
226,2026-03-10,18:12:39.71,9,2,"Morrison, Alesandro",1000222482,Right,UNI_THE2,"Solorzano, Steve",814833,Right,NMS_AGG,Undefined,6,Bottom,2,1,0,ChangeUp,Changeup,InPlay,Undefined,LineDrive,Single,0,2,,71.71983,4.457958,-5.948744,1177.932845,270.78375,3:00,3.09195,4.22838,6.47703,-52.77873,1.71673,15.8345,2.81774,0.06577,64.50834,-5.400874,-3.10443,0.531314,77.58686,19.476855,-17.299768,1072.26471,105.28437,24.45289,-31.8606,215.91334,213.23553,-16.857464,2.469694,-10.18028,-0.00512,-3.81534,50,3.38466,10.27136,-103.37337,6.75476,-10.87296,19.31748,-32.17949,NMS_AGG,UNI_THE2,PresleyAskewField,D1,CUSA,20260310-PresleyAskewField-2,04a80140-1cdf-11f1-886b-8de6524961d4,70.94188,24.47343,,7.21149,,,,2.90597,2.94584,-0.16309,6ee70939-121f-487f-ab01-d6bb8f265bb6,2026-03-11,00:12:39.71,2026-03-10T18:12:39.7153280-06:00,2026-03-11T00:12:39.7153280Z,LineDrive,v3,471379,,,"Loving, Joshua",1000510771,Right,UNI_THE2,6981d293-a84f-437a-afcd-2fac39d6353c,54.02148,-104.12216,9.65874,3.09865,8.0021,-16.08975,-4.22165,10.69281,-5.43648,182.225737,2.90595,102.43118,-13.10071,3.05497,-0.58522,0.0911,-0.00886,-0.00019,0.00012,2.94586,37.93899,-17.76626,1.0952,-0.20068,0.05656,-0.02035,0.00494,-0.00048,-0.16309,-31.9029,4.19577,-0.90788,0.16825,-0.02807,0.0041,-0.00034,0,,,,,,,,,,,,,,,,,,,,,,,High,High,High,High,High,,,,,,,,,,,,,,,,,,,,,,,,,,,,,,,,,,,,,
227,2026-03-10,18:13:21.21,10,1,"Morrison, Alesandro",1000222482,Right,UNI_THE2,"Taclas, Aidan",838428,Left,NMS_AGG,Undefined,6,Bottom,2,0,0,Slider,Changeup,BallCalled,Undefined,Undefined,Undefined,0,0,,68.99384,4.386294,-7.511477,1276.619682,282.368699,3:30,3.00924,4.2796,6.58239,-58.91594,-0.9789,12.34705,2.16196,-1.61479,63.2989,-6.518792,-5.302682,0.547835,,,,,,,,,,,,-8.47355,-1.20555,-3.76733,50,3.28796,12.73912,-99.33138,6.25648,-8.52085,14.94518,-33.38634,NMS_AGG,UNI_THE2,PresleyAskewField,D1,CUSA,20260310-PresleyAskewField-2,1d6a3360-1cdf-11f1-886b-8de6524961d4,68.80255,,,5.69494,,,,,,,6ee70939-121f-487f-ab01-d6bb8f265bb6,2026-03-11,00:13:21.21,2026-03-10T18:13:21.2177920-06:00,2026-03-11T00:13:21.2177920Z,,v3,471379,,,"Loving, Joshua",1000510771,Right,UNI_THE2,646d76cc-224a-4430-8cca-64b5a44ae0e4,53.91881,-99.91926,7.47259,3.01602,7.56975,-16.69317,-4.27502,13.0743,-4.26043,,,,,,,,,,,,,,,,,,,,,,,,,,,,,,,,,,,,,,,,,,,,,,,,,,,High,High,High,,,,,,,,,,,,,,,,,,,,,,,,,,,,,,,,,,,,,,,
228,2026-03-10,18:13:38.54,10,2,"Morrison, Alesandro",1000222482,Right,UNI_THE2,"Taclas, Aidan",838428,Left,NMS_AGG,Undefined,6,Bottom,2,1,0,Fastball,Changeup,FoulBallNotFieldable,Undefined,Undefined,Undefined,0,0,,73.85258,3.891347,-5.518577,1772.987956,270.79712,3:00,3.13612,4.41062,6.58059,-49.21684,1.46059,15.75627,2.62304,0.65049,66.95668,-5.306787,-2.677602,0.512364,67.03133,63.783222,-113.114276,3906.25,,,,,13.27724,,,-9.88182,0.11102,-4.03748,50,3.38406,9.80133,-106.68881,6.01132,-11.32905,19.26907,-32.04676,NMS_AGG,UNI_THE2,PresleyAskewField,D1,CUSA,20260310-PresleyAskewField-2,27b93550-1cdf-11f1-886b-8de6524961d4,73.56573,26.20993,,6.89591,,,,0.68252,2.60018,-0.61072,6ee70939-121f-487f-ab01-d6bb8f265bb6,2026-03-11,00:13:38.54,2026-03-10T18:13:38.5448960-06:00,2026-03-11T00:13:38.5448960Z,,v3,471379,,,"Loving, Joshua",1000510771,Right,UNI_THE2,b23e81b3-3d8a-4277-9569-31dde2c47c84,53.91835,-107.39417,9.63454,3.14254,7.18442,-16.02338,-4.40386,10.21604,-5.66452,13.618913,0.68427,-17.12941,-3.82731,,,,,,,2.6023,88.10268,-24.26545,,,,,,,-0.60917,-40.01578,-2.11943,,,,,,,,,,,,,,,,,,,,,,,,,,,,,High,High,High,Medium,Undefined,,,,,,,,,,,,,,,,,,,,,,,,,,,,,,,,,,,,,
229,2026-03-10,18:13:59.33,10,3,"Morrison, Alesandro",1000222482,Right,UNI_THE2,"Taclas, Aidan",838428,Left,NMS_AGG,Undefined,6,Bottom,2,1,1,ChangeUp,Changeup,InPlay,Undefined,LineDrive,Double,0,1,,71.96651,3.977192,-5.331992,1562.61032,271.622577,3:00,3.14763,4.30298,6.61362,-51.61475,1.32059,10.86229,2.5107,0.31063,65.76963,-5.64889,-3.372471,0.523654,100.17738,24.194605,12.095503,2681.145193,107.21808,45.51433,24.58103,396.55997,393.19579,15.200899,4.391801,-7.19851,0.04362,-3.94402,50,3.39814,9.38134,-104.05239,5.97389,-7.90372,17.21608,-32.12615,NMS_AGG,UNI_THE2,PresleyAskewField,D1,CUSA,20260310-PresleyAskewField-2,341e6d10-1cdf-11f1-886b-8de6524961d4,71.97971,64.12919,,6.19688,,,,1.54898,2.55561,-0.29863,6ee70939-121f-487f-ab01-d6bb8f265bb6,2026-03-11,00:13:59.33,2026-03-10T18:13:59.3396736-06:00,2026-03-11T00:13:59.3396736Z,LineDrive,v3,471379,,,"Loving, Joshua",1000510771,Right,UNI_THE2,61baa76e-3ba7-497f-97a7-b3963893db34,53.88629,-104.69342,8.60804,3.15344,7.1701,-16.06307,-4.29881,9.67563,-3.95186,196.658798,1.54907,131.04412,-23.01342,5.93096,-1.31365,0.27355,-0.05078,0.00651,-0.00038,2.55674,60.18638,-14.76667,-0.65465,0.70555,-0.30146,0.07737,-0.01049,0.00057,-0.29874,28.08607,-1.43586,0.05405,0.03342,-0.00425,-0.00166,0.0005,-4E-05,,,,,,,,,,,,,,,,,,,,,,,High,High,High,High,High,,,,,,,,,,,,,,,,,,,,,,,,,,,,,,,,,,,,,
230,2026-03-10,18:14:54.33,11,1,"Morrison, Alesandro",1000222482,Right,UNI_THE2,"Vest, Boston",838426,Right,NMS_AGG,Undefined,6,Bottom,2,0,0,ChangeUp,Changeup,BallCalled,Undefined,Undefined,Undefined,0,0,,70.27927,3.947706,-6.145594,1300.702199,295.244248,3:45,2.94143,4.2419,6.28009,-59.54149,-2.77839,9.86741,1.64503,-0.62196,63.9267,-7.062222,-4.380894,0.542256,,,,,,,,,,,,-6.90819,-2.02252,-3.79148,50,3.20633,10.59689,-101.36131,5.45006,-7.14874,17.39147,-34.26699,NMS_AGG,UNI_THE2,PresleyAskewField,D1,CUSA,20260310-PresleyAskewField-2,54efea50-1cdf-11f1-886b-8de6524961d4,69.51038,,,6.35257,,,,,,,6ee70939-121f-487f-ab01-d6bb8f265bb6,2026-03-11,00:14:54.33,2026-03-10T18:14:54.3362560-06:00,2026-03-11T00:14:54.3362560Z,,v3,471379,,,"Loving, Joshua",1000510771,Right,UNI_THE2,62ddcbd1-b39a-47f0-90fe-cc89550acbdc,54.21893,-102.08262,8.69574,2.95081,6.87128,-17.13349,-4.23713,10.89339,-3.57437,,,,,,,,,,,,,,,,,,,,,,,,,,,,,,,,,,,,,,,,,,,,,,,,,,,High,High,High,,,,,,,,,,,,,,,,,,,,,,,,,,,,,,,,,,,,,,,
231,2026-03-10,18:15:08.57,11,2,"Morrison, Alesandro",1000222482,Right,UNI_THE2,"Vest, Boston",838426,Right,NMS_AGG,Undefined,6,Bottom,2,1,0,ChangeUp,Changeup,BallCalled,Undefined,Undefined,Undefined,0,0,,69.27508,3.851783,-4.289692,1051.809416,267.651329,3:00,3.07338,4.41832,6.25702,-55.87412,2.41386,11.01741,1.98425,1.37355,62.84952,-6.543944,-2.309689,0.549491,,,,,,,,,,,,-7.15859,0.43043,-4.10545,50,3.33222,7.18931,-100.20557,5.35732,-7.20878,17.64334,-31.74061,NMS_AGG,UNI_THE2,PresleyAskewField,D1,CUSA,20260310-PresleyAskewField-2,5d64ae00-1cdf-11f1-886b-8de6524961d4,68.59515,,,6.42556,,,,,,,6ee70939-121f-487f-ab01-d6bb8f265bb6,2026-03-11,00:15:08.57,2026-03-10T18:15:08.5714432-06:00,2026-03-11T00:15:08.5714432Z,,v3,471379,,,"Loving, Joshua",1000510771,Right,UNI_THE2,4fee4d63-ec3b-4a2a-8da7-3a7beec26c84,54.24362,-100.94999,8.82167,3.07793,6.69653,-15.8703,-4.4152,7.49347,-3.60439,,,,,,,,,,,,,,,,,,,,,,,,,,,,,,,,,,,,,,,,,,,,,,,,,,,High,High,High,,,,,,,,,,,,,,,,,,,,,,,,,,,,,,,,,,,,,,,
232,2026-03-10,18:15:25.42,11,3,"Morrison, Alesandro",1000222482,Right,UNI_THE2,"Vest, Boston",838426,Right,NMS_AGG,Undefined,6,Bottom,2,2,0,Slider,Curveball,InPlay,Undefined,FlyBall,Out,1,0,,65.99704,5.655143,-3.198329,1888.272467,85.319047,8:45,2.9264,4.30473,6.08253,-62.93578,1.53827,-5.58016,2.93877,0.87775,60.1656,-5.9848,-4.196845,0.577915,75.15421,36.798387,-25.482494,3031.619246,100.07504,63.71278,-45.66156,289.01763,283.33832,-22.276658,4.448757,1.97488,-0.28236,-4.05456,50,3.33153,5.49569,-95.32669,7.86783,1.81319,14.95757,-32.43329,NMS_AGG,UNI_THE2,PresleyAskewField,D1,CUSA,20260310-PresleyAskewField-2,6779db40-1cdf-11f1-886b-8de6524961d4,65.22145,70.41812,,5.83143,,,,1.93162,3.02727,-0.93725,6ee70939-121f-487f-ab01-d6bb8f265bb6,2026-03-11,00:15:25.42,2026-03-10T18:15:25.4263296-06:00,2026-03-11T00:15:25.4263296Z,FlyBall,v3,471379,,,"Loving, Joshua",1000510771,Right,UNI_THE2,707b5853-2671-4e79-84bc-f9eb27f753c6,54.41639,-96.01716,7.47879,2.93378,9.365,-16.21664,-4.30633,5.41199,0.9066,187.83825,1.9327,79.64942,-11.12186,2.74908,-0.34265,-0.04419,0.02809,-0.00455,0.00026,3.02584,66.05671,-17.72124,0.99625,-0.19093,0.03395,0.0015,-0.00147,0.00014,-0.93832,-37.94797,6.26594,-1.20406,0.05347,0.0609,-0.01987,0.00254,-0.00012,,,,,,,,,,,,,,,,,,,,,,,High,High,High,High,High,,,,,,,,,,,,,,,,,,,,,,,,,,,,,,,,,,,,,
233,2026-03-10,18:18:25.14,1,1,"Briggs, Asa",828387,Right,NMS_AGG,"Garcia, Santiago",10147459,Left,UNI_THE2,Undefined,7,Top,0,0,0,Fastball,Four-Seam,StrikeSwinging,Undefined,Undefined,Undefined,0,0,,87.57252,-1.24764,-4.2654,2422.139711,210.861215,1:00,5.87855,2.25254,6.28172,-21.03005,15.14733,8.335,2.97278,-0.9914,79.74395,-5.23853,-2.764736,0.432902,,,,,,,,,,,,-5.55044,8.58453,-1.9413,50,5.77601,9.13191,-126.88652,-3.36518,-9.01334,26.91647,-18.23363,NMS_AGG,UNI_THE2,PresleyAskewField,D1,CUSA,20260310-PresleyAskewField-2,d28592d0-1cdf-11f1-886b-8de6524961d4,87.06915,,,7.82857,,,,,,,6ee70939-121f-487f-ab01-d6bb8f265bb6,2026-03-11,00:18:25.14,2026-03-10T18:18:25.1495424-06:00,2026-03-11T00:18:25.1495424Z,,v3,471379,,,"Massey, Noah",838425,Right,NMS_AGG,6e695d79-e2fa-4137-9056-e29a9f7d1a87,54.21452,-127.77742,13.45824,5.87741,-2.76167,-9.11681,-2.24849,9.43024,-4.50667,,,,,,,,,,,,,,,,,,,,,,,,,,,,,,,,,,,,,,,,,,,,,,,,,,,High,High,High,,,,,,,,,,,,,,,,,,,,,,,,,,,,,,,,,,,,,,,
234,2026-03-10,18:18:40.67,1,2,"Briggs, Asa",828387,Right,NMS_AGG,"Garcia, Santiago",10147459,Left,UNI_THE2,Undefined,7,Top,0,0,1,Slider,Curveball,StrikeSwinging,Undefined,Undefined,Undefined,0,0,,72.76608,1.792379,-2.146768,2363.644675,105.129203,9:30,5.35224,2.18512,6.1845,-48.71892,4.26103,-8.88595,2.94904,-0.53853,65.96097,-7.287096,-3.747967,0.523874,,,,,,,,,,,,3.86697,2.22642,-2.01899,50,5.46362,4.25931,-105.50164,1.96636,4.29113,20.53434,-29.70344,NMS_AGG,UNI_THE2,PresleyAskewField,D1,CUSA,20260310-PresleyAskewField-2,dbd0e060-1cdf-11f1-886b-8de6524961d4,71.94937,,,6.80511,,,,,,,6ee70939-121f-487f-ab01-d6bb8f265bb6,2026-03-11,00:18:40.67,2026-03-10T18:18:40.6755840-06:00,2026-03-11T00:18:40.6755840Z,,v3,471379,,,"Massey, Noah",838425,Right,NMS_AGG,995e15e6-df5d-41b8-b0ac-d41713df2edd,54.31038,-106.33729,10.26717,5.359,3.17514,-14.85172,-2.18877,4.08469,2.14556,,,,,,,,,,,,,,,,,,,,,,,,,,,,,,,,,,,,,,,,,,,,,,,,,,,High,High,High,,,,,,,,,,,,,,,,,,,,,,,,,,,,,,,,,,,,,,,
235,2026-03-10,18:18:57.83,1,3,"Briggs, Asa",828387,Right,NMS_AGG,"Garcia, Santiago",10147459,Left,UNI_THE2,Undefined,7,Top,0,0,2,Slider,Curveball,BallCalled,Undefined,Undefined,Undefined,0,0,,73.79549,-0.491875,-3.646816,2400.39795,93.772909,9:15,5.38882,2.01814,6.36833,-48.45105,2.37768,-11.26654,0.89771,-2.28088,67.91364,-9.44508,-5.681711,0.513128,,,,,,,,,,,,4.82,1.8326,-1.7493,50,5.33077,7.18232,-107.0685,-2.21729,5.54728,19.96272,-30.06493,NMS_AGG,UNI_THE2,PresleyAskewField,D1,CUSA,20260310-PresleyAskewField-2,e60c5a50-1cdf-11f1-886b-8de6524961d4,73.45618,,,5.88184,,,,,,,6ee70939-121f-487f-ab01-d6bb8f265bb6,2026-03-11,00:18:57.83,2026-03-10T18:18:57.8377216-06:00,2026-03-11T00:18:57.8377216Z,,v3,471379,,,"Massey, Noah",838425,Right,NMS_AGG,6f5cc551-d8d0-4074-b6f4-6f56e2f47e21,54.13073,-107.83592,9.98136,5.39379,-1.06152,-15.03247,-2.02131,6.96907,2.77364,,,,,,,,,,,,,,,,,,,,,,,,,,,,,,,,,,,,,,,,,,,,,,,,,,,High,High,High,,,,,,,,,,,,,,,,,,,,,,,,,,,,,,,,,,,,,,,
236,2026-03-10,18:19:14.19,1,4,"Briggs, Asa",828387,Right,NMS_AGG,"Garcia, Santiago",10147459,Left,UNI_THE2,Undefined,7,Top,0,1,2,Slider,Curveball,BallCalled,Undefined,Undefined,Undefined,0,0,,73.43969,-1.096155,-3.26873,2378.618772,124.632567,10:15,5.16518,2.31563,6.06634,-47.11396,4.80315,-4.46792,0.22284,-1.08492,67.49182,-9.770629,-4.072571,0.518593,,,,,,,,,,,,1.34701,3.22705,-2.05961,50,5.0547,6.22854,-106.51734,-3.34586,1.5339,19.80317,-28.49921,NMS_AGG,UNI_THE2,PresleyAskewField,D1,CUSA,20260310-PresleyAskewField-2,efe1e680-1cdf-11f1-886b-8de6524961d4,72.68214,,,5.94788,,,,,,,6ee70939-121f-487f-ab01-d6bb8f265bb6,2026-03-11,00:19:14.19,2026-03-10T18:19:14.1938176-06:00,2026-03-11T00:19:14.1938176Z,,v3,471379,,,"Massey, Noah",838425,Right,NMS_AGG,4ab7bbc0-198a-43fe-9a76-09afbbe4752d,54.43285,-107.33831,9.90158,5.16892,-2.16438,-14.2496,-2.3165,6.16495,0.76695,,,,,,,,,,,,,,,,,,,,,,,,,,,,,,,,,,,,,,,,,,,,,,,,,,,High,High,High,,,,,,,,,,,,,,,,,,,,,,,,,,,,,,,,,,,,,,,
237,2026-03-10,18:19:30.62,1,5,"Briggs, Asa",828387,Right,NMS_AGG,"Garcia, Santiago",10147459,Left,UNI_THE2,Undefined,7,Top,0,2,2,Fastball,Four-Seam,FoulBallNotFieldable,Undefined,Undefined,Undefined,0,0,,88.06298,-1.320163,-4.478172,2430.130102,211.843063,1:00,5.84592,1.9962,6.24167,-20.77871,15.07182,8.6215,2.89275,-1.42425,80.18215,-5.260377,-2.927853,0.430942,64.30577,21.479521,38.711564,4096.0656,79.48693,19.45462,76.03797,169.25847,164.34562,45.697984,2.33011,-5.77118,8.55646,-1.66636,50,5.73702,9.6469,-127.56039,-3.54395,-9.47017,27.24059,-18.13341,NMS_AGG,UNI_THE2,PresleyAskewField,D1,CUSA,20260310-PresleyAskewField-2,f991c240-1cdf-11f1-886b-8de6524961d4,87.46515,20.98467,,7.88083,,,,-0.04217,2.75586,1.48504,6ee70939-121f-487f-ab01-d6bb8f265bb6,2026-03-11,00:19:30.62,2026-03-10T18:19:30.6272768-06:00,2026-03-11T00:19:30.6272768Z,LineDrive,v3,471379,,,"Massey, Noah",838425,Right,NMS_AGG,06af3edf-cb32-460f-9bb9-c40a5e35c817,54.25519,-128.46588,13.6203,5.84481,-2.94119,-9.0667,-1.99226,9.96169,-4.73508,239.822528,-0.04223,68.48633,-11.43222,2.66213,-0.74459,0.27011,-0.10666,0.02588,-0.00243,2.7559,34.53337,-17.31933,0.9576,-0.00945,-0.0685,0.03799,-0.00704,0.00026,1.48502,54.88893,-1.40949,-0.25686,0.11649,0.00311,-0.01613,0.00577,-0.00065,,,,,,,,,,,,,,,,,,,,,,,High,High,High,High,High,,,,,,,,,,,,,,,,,,,,,,,,,,,,,,,,,,,,,
238,2026-03-10,18:19:59.56,1,6,"Briggs, Asa",828387,Right,NMS_AGG,"Garcia, Santiago",10147459,Left,UNI_THE2,Undefined,7,Top,0,2,2,Fastball,Sinker,BallCalled,Undefined,Undefined,Undefined,0,0,,88.33196,-2.331393,-4.136551,2390.713314,232.292681,1:45,5.80125,2.17693,6.11718,-24.07678,11.00465,13.01024,1.63259,-0.56991,82.20617,-6.798788,-1.798045,0.426295,,,,,,,,,,,,-7.6937,6.52634,-1.86635,50,5.60933,8.75991,-128.19595,-5.99821,-13.03066,22.09123,-21.12049,NMS_AGG,UNI_THE2,PresleyAskewField,D1,CUSA,20260310-PresleyAskewField-2,0acfd240-1ce0-11f1-886b-8de6524961d4,88.41868,,,6.1258,,,,,,,6ee70939-121f-487f-ab01-d6bb8f265bb6,2026-03-11,00:19:59.56,2026-03-10T18:19:59.5650560-06:00,2026-03-11T00:19:59.5650560Z,,v3,471379,,,"Massey, Noah",838425,Right,NMS_AGG,0f0df0cd-c254-4a7d-83a3-dce67ff1769d,54.3831,-128.94905,11.04561,5.80154,-5.2782,-10.56025,-2.17255,9.20413,-6.51533,,,,,,,,,,,,,,,,,,,,,,,,,,,,,,,,,,,,,,,,,,,,,,,,,,,High,High,High,,,,,,,,,,,,,,,,,,,,,,,,,,,,,,,,,,,,,,,
239,2026-03-10,18:20:17.92,1,7,"Briggs, Asa",828387,Right,NMS_AGG,"Garcia, Santiago",10147459,Left,UNI_THE2,Undefined,7,Top,0,3,2,Fastball,Four-Seam,FoulBallNotFieldable,Undefined,Undefined,Undefined,0,0,,86.63432,-2.648858,-3.712867,2384.28175,233.027947,1:45,5.63603,2.10748,6.29241,-24.43352,11.72379,14.29646,1.15218,-0.12725,80.80475,-7.192986,-1.131879,0.432782,,,,,,,,,,,,-8.34674,7.01024,-1.84109,50,5.42863,7.63803,-125.82309,-6.56799,-13.63126,21.04661,-20.72546,NMS_AGG,UNI_THE2,PresleyAskewField,D1,CUSA,20260310-PresleyAskewField-2,15bc73c0-1ce0-11f1-886b-8de6524961d4,87.09333,,,5.82958,,,,,,,6ee70939-121f-487f-ab01-d6bb8f265bb6,2026-03-11,00:20:17.92,2026-03-10T18:20:17.9234816-06:00,2026-03-11T00:20:17.9234816Z,,v3,471379,,,"Massey, Noah",838425,Right,NMS_AGG,aa6c3e6b-8263-40f7-b579-8fc2e33af37b,54.20879,-126.52515,10.52331,5.63618,-5.87665,-10.36273,-2.10345,8.09273,-6.81563,,,,,,,,,,,,,,,,,,,,,,,,,,,,,,,,,,,,,,,,,,,,,,,,,,,High,High,High,,,,,,,,,,,,,,,,,,,,,,,,,,,,,,,,,,,,,,,
240,2026-03-10,18:20:40.15,1,8,"Briggs, Asa",828387,Right,NMS_AGG,"Garcia, Santiago",10147459,Left,UNI_THE2,Undefined,7,Top,0,3,2,Fastball,Four-Seam,FoulBallNotFieldable,Undefined,Undefined,Undefined,0,0,,86.72552,-0.62549,-3.973719,2282.973166,224.032396,1:30,5.67116,2.18995,6.16379,-25.01147,11.77217,10.27662,3.00768,-0.63015,79.46209,-5.316282,-2.125882,0.436515,72.88622,-56.621182,-83.488499,,,,,2.48879,1.95402,-32.262357,0.034804,-6.43256,6.60599,-1.89365,50,5.61077,8.34184,-125.81354,-2.13736,-10.33191,25.02764,-21.56353,NMS_AGG,UNI_THE2,PresleyAskewField,D1,CUSA,20260310-PresleyAskewField-2,22fd1760-1ce0-11f1-886b-8de6524961d4,86.34861,3.12002,,7.26344,,,,1.87144,3.12002,0.71385,6ee70939-121f-487f-ab01-d6bb8f265bb6,2026-03-11,00:20:40.15,2026-03-10T18:20:40.1500160-06:00,2026-03-11T00:20:40.1500160Z,GroundBall,v3,471379,,,"Massey, Noah",838425,Right,NMS_AGG,b960e134-1481-40b5-bd94-4fd37afba291,54.33497,-126.67295,12.51382,5.67145,-1.3969,-10.78177,-2.18618,8.69662,-5.16595,,1.87128,6.6979,,,,,,,,3.12215,-89.64585,,,,,,,,0.71524,-58.682,,,,,,,,,,,,,,,,,,,,,,,,,,,,,,High,High,High,Low,Low,,,,,,,,,,,,,,,,,,,,,,,,,,,,,,,,,,,,,
241,2026-03-10,18:21:03.79,1,9,"Briggs, Asa",828387,Right,NMS_AGG,"Garcia, Santiago",10147459,Left,UNI_THE2,Undefined,7,Top,0,3,2,Slider,Curveball,BallCalled,Walk,Undefined,Undefined,0,0,,71.94905,1.646588,-3.849457,2347.047505,38.557808,7:15,5.16671,2.3414,6.47779,-59.99342,-6.24906,-6.46949,1.68305,-1.73776,65.54032,-9.479763,-5.020044,0.52764,,,,,,,,,,,,2.11075,-3.23295,-2.0678,50,5.25734,7.22319,-104.28442,1.40456,2.28381,20.39448,-35.67211,NMS_AGG,UNI_THE2,PresleyAskewField,D1,CUSA,20260310-PresleyAskewField-2,3120a0f0-1ce0-11f1-886b-8de6524961d4,71.43588,,,6.40873,,,,,,,6ee70939-121f-487f-ab01-d6bb8f265bb6,2026-03-11,00:21:03.79,2026-03-10T18:21:03.7929472-06:00,2026-03-11T00:21:03.7929472Z,,v3,471379,,,"Massey, Noah",838425,Right,NMS_AGG,515ab97a-ab26-49e2-9c13-dabf3d6312eb,54.02073,-105.0678,10.19724,5.17707,2.77476,-17.83605,-2.34356,7.13547,1.14191,,,,,,,,,,,,,,,,,,,,,,,,,,,,,,,,,,,,,,,,,,,,,,,,,,,High,High,High,,,,,,,,,,,,,,,,,,,,,,,,,,,,,,,,,,,,,,,
242,2026-03-10,18:21:32.93,2,1,"Briggs, Asa",828387,Right,NMS_AGG,"Chavez, Vyncent",1000510728,Right,UNI_THE2,Undefined,7,Top,0,0,0,Fastball,Four-Seam,FoulBallNotFieldable,Undefined,Undefined,Undefined,0,0,,86.96275,-0.514853,-3.427014,2417.778498,214.225751,1:15,5.85852,2.02621,6.19632,-21.36119,15.19367,9.55189,3.60227,-0.34522,79.4921,-4.559052,-1.707188,0.435155,74.52437,61.423355,119.145333,5559.361961,,,,,48.35523,,,-5.91229,8.36528,-1.77293,50,5.80888,7.18469,-126.20985,-1.75216,-9.54085,25.57183,-18.67469,NMS_AGG,UNI_THE2,PresleyAskewField,D1,CUSA,20260310-PresleyAskewField-2,426edd90-1ce0-11f1-886b-8de6524961d4,86.61841,72.67691,,7.47065,,,,0.75765,3.32311,0.25514,6ee70939-121f-487f-ab01-d6bb8f265bb6,2026-03-11,00:21:32.93,2026-03-10T18:21:32.9308160-06:00,2026-03-11T00:21:32.9308160Z,,v3,471379,,,"Massey, Noah",838425,Right,NMS_AGG,1a21692b-7793-44e1-99e7-2e2e4af8aec9,54.3016,-127.07842,12.78592,5.85762,-1.11785,-9.33735,-2.02246,7.50876,-4.77042,330.782894,0.75765,-25.46319,-7.34976,3.91176,-1.24259,0.33791,-0.08443,0.0173,-0.00194,3.32311,95.98681,-31.12049,4.21171,-0.75952,0.11119,-0.0151,0.00134,-7E-05,0.25514,45.66327,-10.72155,2.71374,-0.59283,0.11715,-0.0234,0.00371,-0.0004,,,,,,,,,,,,,,,,,,,,,,,High,High,High,High,Undefined,,,,,,,,,,,,,,,,,,,,,,,,,,,,,,,,,,,,,
243,2026-03-10,18:21:53.63,2,2,"Briggs, Asa",828387,Right,NMS_AGG,"Chavez, Vyncent",1000510728,Right,UNI_THE2,Undefined,7,Top,0,0,1,Slider,Curveball,BallCalled,Undefined,Undefined,Undefined,0,0,,71.70904,0.420942,-2.845659,2315.460154,42.76068,7:30,5.25015,2.13864,6.27094,-55.40865,-0.77882,-2.57008,1.02129,-0.70095,65.08762,-9.854952,-3.310231,0.531969,,,,,,,,,,,,0.36358,0.05331,-1.92697,50,5.25509,5.2521,-103.96557,-0.73548,0.38948,20.88206,-32.11695,NMS_AGG,UNI_THE2,PresleyAskewField,D1,CUSA,20260310-PresleyAskewField-2,4ed9baa0-1ce0-11f1-886b-8de6524961d4,70.85458,,,6.62142,,,,,,,6ee70939-121f-487f-ab01-d6bb8f265bb6,2026-03-11,00:21:53.63,2026-03-10T18:21:53.6366080-06:00,2026-03-11T00:21:53.6366080Z,,v3,471379,,,"Massey, Noah",838425,Right,NMS_AGG,2d9a6cd0-a9c7-4264-abb2-89b5a9795b0c,54.22541,-104.81083,10.44103,5.25854,0.56455,-16.05848,-2.13924,5.23634,0.19474,,,,,,,,,,,,,,,,,,,,,,,,,,,,,,,,,,,,,,,,,,,,,,,,,,,High,High,High,,,,,,,,,,,,,,,,,,,,,,,,,,,,,,,,,,,,,,,
244,2026-03-10,18:22:13.56,2,3,"Briggs, Asa",828387,Right,NMS_AGG,"Chavez, Vyncent",1000510728,Right,UNI_THE2,Undefined,7,Top,0,1,1,Fastball,Four-Seam,BallCalled,Undefined,Undefined,Undefined,0,0,,87.49348,0.440601,-1.913323,2413.823982,219.379666,1:15,5.79317,1.99726,6.32342,-21.32663,14.57721,11.03674,4.42195,1.15429,79.82408,-3.614124,0.082372,0.431263,,,,,,,,,,,,-6.25945,7.79945,-1.86243,50,5.81506,3.81083,-127.13003,0.37556,-10.23448,26.28898,-19.42156,NMS_AGG,UNI_THE2,PresleyAskewField,D1,CUSA,20260310-PresleyAskewField-2,5ac44420-1ce0-11f1-886b-8de6524961d4,87.40018,,,7.6694,,,,,,,6ee70939-121f-487f-ab01-d6bb8f265bb6,2026-03-11,00:22:13.56,2026-03-10T18:22:13.5641088-06:00,2026-03-11T00:22:13.5641088Z,,v3,471379,,,"Massey, Noah",838425,Right,NMS_AGG,5f55213c-aea7-4fb2-a30a-13ed3f835f1b,54.1734,-127.99013,13.14449,5.79238,1.01098,-9.71078,-1.99259,4.14567,-5.11724,,,,,,,,,,,,,,,,,,,,,,,,,,,,,,,,,,,,,,,,,,,,,,,,,,,High,High,High,,,,,,,,,,,,,,,,,,,,,,,,,,,,,,,,,,,,,,,
245,2026-03-10,18:22:32.03,2,4,"Briggs, Asa",828387,Right,NMS_AGG,"Chavez, Vyncent",1000510728,Right,UNI_THE2,Undefined,7,Top,0,2,1,Fastball,Four-Seam,BallCalled,Undefined,Undefined,Undefined,0,0,,87.31845,-0.166148,-2.296233,2373.632665,216.658258,1:15,5.67421,2.16526,6.51355,-18.83879,17.20627,11.8978,3.95173,1.04856,79.13992,-3.798041,-0.137668,0.43211,,,,,,,,,,,,-6.88681,9.41012,-2.0097,50,5.65415,4.62049,-126.79659,-0.84228,-11.11941,27.91997,-16.98055,NMS_AGG,UNI_THE2,PresleyAskewField,D1,CUSA,20260310-PresleyAskewField-2,65afad20-1ce0-11f1-886b-8de6524961d4,87.22882,,,8.17853,,,,,,,6ee70939-121f-487f-ab01-d6bb8f265bb6,2026-03-11,00:22:32.03,2026-03-10T18:22:32.0377344-06:00,2026-03-11T00:22:32.0377344Z,,v3,471379,,,"Massey, Noah",838425,Right,NMS_AGG,fa6ad40a-6c8a-4546-937b-ddf39dcf0580,53.98203,-127.6704,13.95998,5.67219,-0.31084,-8.49028,-2.15975,4.96849,-5.5597,,,,,,,,,,,,,,,,,,,,,,,,,,,,,,,,,,,,,,,,,,,,,,,,,,,High,High,High,,,,,,,,,,,,,,,,,,,,,,,,,,,,,,,,,,,,,,,
246,2026-03-10,18:22:59.96,2,5,"Briggs, Asa",828387,Right,NMS_AGG,"Chavez, Vyncent",1000510728,Right,UNI_THE2,Undefined,7,Top,0,3,1,Fastball,Four-Seam,StrikeCalled,Undefined,Undefined,Undefined,0,0,,86.95279,-0.390715,-3.758655,2318.923773,214.112368,1:15,5.62791,2.09925,6.42679,-21.79143,14.53906,9.06016,3.45206,-0.60538,79.34264,-4.532109,-2.121338,0.433817,,,,,,,,,,,,-5.77288,8.05229,-1.83503,50,5.59,7.9372,-126.15629,-1.46341,-9.29253,25.94878,-19.21235,NMS_AGG,UNI_THE2,PresleyAskewField,D1,CUSA,20260310-PresleyAskewField-2,765107f0-1ce0-11f1-886b-8de6524961d4,86.88548,,,7.61015,,,,,,,6ee70939-121f-487f-ab01-d6bb8f265bb6,2026-03-11,00:22:59.96,2026-03-10T18:22:59.9626240-06:00,2026-03-11T00:22:59.9626240Z,,v3,471379,,,"Massey, Noah",838425,Right,NMS_AGG,050b85a8-14ed-42b9-837f-1afcc294e059,54.06981,-126.99064,12.97439,5.62712,-0.84566,-9.60617,-2.09505,8.23598,-4.64627,,,,,,,,,,,,,,,,,,,,,,,,,,,,,,,,,,,,,,,,,,,,,,,,,,,High,High,High,,,,,,,,,,,,,,,,,,,,,,,,,,,,,,,,,,,,,,,
247,2026-03-10,18:23:18.86,2,6,"Briggs, Asa",828387,Right,NMS_AGG,"Chavez, Vyncent",1000510728,Right,UNI_THE2,Undefined,7,Top,0,3,2,Fastball,Four-Seam,StrikeSwinging,Strikeout,Undefined,Undefined,0,0,,86.0243,-0.17889,-2.733545,2395.70206,216.809854,1:15,5.53043,2.13144,6.40468,-22.20828,14.63505,10.128,3.51506,0.46,78.99838,-4.386401,-0.900729,0.436868,,,,,,,,,,,,-5.99315,8.02748,-1.93993,50,5.50723,5.58397,-125.01343,-1.0063,-9.53589,23.92076,-19.40133,NMS_AGG,UNI_THE2,PresleyAskewField,D1,CUSA,20260310-PresleyAskewField-2,81958d70-1ce0-11f1-886b-8de6524961d4,86.27869,,,7.02592,,,,,,,6ee70939-121f-487f-ab01-d6bb8f265bb6,2026-03-11,00:23:18.86,2026-03-10T18:23:18.8649984-06:00,2026-03-11T00:23:18.8649984Z,,v3,471379,,,"Massey, Noah",838425,Right,NMS_AGG,336a895d-8a50-438a-a0f3-453a51d5f08a,54.09294,-125.79416,11.96038,5.52974,-0.37308,-9.70067,-2.12726,5.8952,-4.76794,,,,,,,,,,,,,,,,,,,,,,,,,,,,,,,,,,,,,,,,,,,,,,,,,,,High,High,High,,,,,,,,,,,,,,,,,,,,,,,,,,,,,,,,,,,,,,,
248,2026-03-10,18:23:52.01,3,1,"Briggs, Asa",828387,Right,NMS_AGG,"Loving, Joshua",1000510771,Right,UNI_THE2,Undefined,7,Top,1,0,0,Fastball,Four-Seam,StrikeCalled,Undefined,Undefined,Undefined,0,0,,88.0645,-1.32973,-2.881458,2467.335116,215.198112,1:15,5.77582,2.06021,6.31812,-20.91273,14.3891,9.39835,2.80661,0.18728,80.946,-5.281417,-1.183384,0.427632,,,,,,,,,,,,-5.63607,8.16685,-1.85364,50,5.66834,6.06849,-127.91299,-3.5749,-9.38892,25.03189,-18.56913,NMS_AGG,UNI_THE2,PresleyAskewField,D1,CUSA,20260310-PresleyAskewField-2,95569ed0-1ce0-11f1-886b-8de6524961d4,88.14227,,,7.1185,,,,,,,6ee70939-121f-487f-ab01-d6bb8f265bb6,2026-03-11,00:23:52.01,2026-03-10T18:23:52.0164352-06:00,2026-03-11T00:23:52.0164352Z,,v3,471379,,,"Massey, Noah",838425,Right,NMS_AGG,8158ecf5-df6d-469e-862f-11d066d5189f,54.1795,-128.7283,12.51595,5.77493,-2.97009,-9.28457,-2.05628,6.37429,-4.69446,,,,,,,,,,,,,,,,,,,,,,,,,,,,,,,,,,,,,,,,,,,,,,,,,,,High,High,High,,,,,,,,,,,,,,,,,,,,,,,,,,,,,,,,,,,,,,,
249,2026-03-10,18:24:08.61,3,2,"Briggs, Asa",828387,Right,NMS_AGG,"Loving, Joshua",1000510771,Right,UNI_THE2,Undefined,7,Top,1,0,1,Fastball,Four-Seam,FoulBallNotFieldable,Undefined,Undefined,Undefined,0,0,,88.5577,-0.758424,-2.235831,2517.4927,210.348596,1:00,5.82559,2.01334,6.30681,-21.28044,13.57918,7.34406,3.35298,0.56461,81.42764,-4.776183,-0.908384,0.424945,,,,,,,,,,,,-4.4474,7.59599,-1.85297,50,5.75964,4.74618,-128.74928,-2.33149,-7.50412,25.42282,-19.35732,NMS_AGG,UNI_THE2,PresleyAskewField,D1,CUSA,20260310-PresleyAskewField-2,9f35ef00-1ce0-11f1-886b-8de6524961d4,88.69957,,,7.13007,,,,,,,6ee70939-121f-487f-ab01-d6bb8f265bb6,2026-03-11,00:24:08.61,2026-03-10T18:24:08.6121472-06:00,2026-03-11T00:24:08.6121472Z,,v3,471379,,,"Massey, Noah",838425,Right,NMS_AGG,a07f1b8a-b534-4ae1-b960-cc5954c00570,54.19262,-129.57451,12.71141,5.82512,-1.70315,-9.67866,-2.01099,4.98977,-3.75206,,,,,,,,,,,,,,,,,,,,,,,,,,,,,,,,,,,,,,,,,,,,,,,,,,,High,High,High,,,,,,,,,,,,,,,,,,,,,,,,,,,,,,,,,,,,,,,
250,2026-03-10,18:24:34.76,3,3,"Briggs, Asa",828387,Right,NMS_AGG,"Loving, Joshua",1000510771,Right,UNI_THE2,Undefined,7,Top,1,0,2,Slider,Curveball,BallCalled,Undefined,Undefined,Undefined,0,0,,75.68761,-0.14041,-3.957718,2503.531661,53.10935,7:45,5.28492,2.15694,6.41918,-51.86219,-2.6226,-6.0213,0.83369,-1.9888,68.23917,-9.774526,-5.046712,0.505043,,,,,,,,,,,,1.70874,-0.82724,-1.87161,50,5.25195,7.78251,-109.58386,-1.70807,2.01545,24.77872,-33.14978,NMS_AGG,UNI_THE2,PresleyAskewField,D1,CUSA,20260310-PresleyAskewField-2,aedd0b50-1ce0-11f1-886b-8de6524961d4,74.63209,,,7.44845,,,,,,,6ee70939-121f-487f-ab01-d6bb8f265bb6,2026-03-11,00:24:34.76,2026-03-10T18:24:34.7620864-06:00,2026-03-11T00:24:34.7620864Z,,v3,471379,,,"Massey, Noah",838425,Right,NMS_AGG,da7e94cf-cbf5-4597-86f4-3103936f6aa3,54.07763,-110.50203,12.38936,5.29248,-0.4797,-16.57489,-2.1586,7.70783,1.00772,,,,,,,,,,,,,,,,,,,,,,,,,,,,,,,,,,,,,,,,,,,,,,,,,,,High,High,High,,,,,,,,,,,,,,,,,,,,,,,,,,,,,,,,,,,,,,,
251,2026-03-10,18:24:55.27,3,4,"Briggs, Asa",828387,Right,NMS_AGG,"Loving, Joshua",1000510771,Right,UNI_THE2,Undefined,7,Top,1,1,2,Slider,Curveball,BallCalled,Undefined,Undefined,Undefined,0,0,,73.78288,-0.077106,-3.951352,2442.735018,40.820024,7:15,5.14156,2.11034,6.48431,-57.51995,-6.54205,-7.14477,0.27727,-2.11864,67.61506,-10.694019,-5.246041,0.513881,,,,,,,,,,,,2.49988,-3.03874,-1.82947,50,5.11091,7.61393,-107.01766,-1.6844,2.85123,21.31541,-35.63989,NMS_AGG,UNI_THE2,PresleyAskewField,D1,CUSA,20260310-PresleyAskewField-2,bb165110-1ce0-11f1-886b-8de6524961d4,73.34862,,,6.16782,,,,,,,6ee70939-121f-487f-ab01-d6bb8f265bb6,2026-03-11,00:24:55.27,2026-03-10T18:24:55.2775680-06:00,2026-03-11T00:24:55.2775680Z,,v3,471379,,,"Massey, Noah",838425,Right,NMS_AGG,410b8158-d756-455a-be95-f0aebd22569d,54.01613,-107.81462,10.65771,5.14898,-0.35188,-17.81994,-2.11215,7.50733,1.42562,,,,,,,,,,,,,,,,,,,,,,,,,,,,,,,,,,,,,,,,,,,,,,,,,,,High,High,High,,,,,,,,,,,,,,,,,,,,,,,,,,,,,,,,,,,,,,,
252,2026-03-10,18:25:17.13,3,5,"Briggs, Asa",828387,Right,NMS_AGG,"Loving, Joshua",1000510771,Right,UNI_THE2,Undefined,7,Top,1,2,2,Fastball,Four-Seam,InPlay,Undefined,GroundBall,FieldersChoice,1,0,,87.61553,-1.109074,-3.201509,2383.729846,215.86395,1:15,5.72771,1.98823,6.44124,-23.22568,12.57426,8.24646,2.77142,-0.26941,79.92982,-5.505865,-1.708802,0.430638,79.71994,-19.382279,-43.235303,,,,,10.57497,10.04299,-31.76362,0.075938,-5.28603,7.2491,-1.7646,50,5.63837,6.80662,-127.19134,-3.12961,-8.62207,27.13596,-20.34993,NMS_AGG,UNI_THE2,PresleyAskewField,D1,CUSA,20260310-PresleyAskewField-2,c812bfc0-1ce0-11f1-886b-8de6524961d4,87.52694,2.95604,,7.68571,,,,2.86956,2.95604,0.1888,6ee70939-121f-487f-ab01-d6bb8f265bb6,2026-03-11,00:25:17.13,2026-03-10T18:25:17.1391488-06:00,2026-03-11T00:25:17.1391488Z,GroundBall,v3,471379,,,"Massey, Noah",838425,Right,NMS_AGG,b418ddab-afaf-454b-be28-df582270f0b9,54.05746,-128.05406,13.56798,5.72759,-2.48263,-10.17497,-1.98535,7.08074,-4.31104,180,2.86642,80.61227,,,,,,,,2.95756,-38.92687,,,,,,,,0.19175,-75.79349,,,,,,,,,,,,,,,,,,,,,,,,,,,,,,High,High,High,High,High,,,,,,,,,,,,,,,,,,,,,,,,,,,,,,,,,,,,,
253,2026-03-10,18:25:50.66,4,1,"Briggs, Asa",828387,Right,NMS_AGG,"Marquez-Munoz, Carlos",1000510702,Right,UNI_THE2,Undefined,7,Top,2,0,0,Fastball,Four-Seam,FoulBallNotFieldable,Undefined,Undefined,Undefined,0,0,,89.65503,-1.120159,-3.384723,2457.456906,220.715037,1:15,5.88736,2.07011,6.24002,-20.56336,13.68052,10.86788,3.13859,-0.14989,82.21038,-5.003512,-1.425509,0.421175,77.93902,5.094606,176.966899,2203.762895,,,,,36.83477,,,-6.43315,7.70178,-1.82231,50,5.79344,7.23153,-130.09908,-3.15866,-11.0789,26.06377,-18.91034,NMS_AGG,UNI_THE2,PresleyAskewField,D1,CUSA,20260310-PresleyAskewField-2,dc1212a0-1ce0-11f1-886b-8de6524961d4,89.49349,3.6119,,7.44465,,,,0.80976,2.92216,0.26677,6ee70939-121f-487f-ab01-d6bb8f265bb6,2026-03-11,00:25:50.66,2026-03-10T18:25:50.6653184-06:00,2026-03-11T00:25:50.6653184Z,,v3,471379,,,"Massey, Noah",838425,Right,NMS_AGG,b4369eb3-17b6-48bf-b98e-a257280b1711,54.25486,-130.94871,13.03189,5.88636,-2.54221,-9.45517,-2.06393,7.59268,-5.53945,,0.81713,-113.99055,4.10419,,,,,,,2.92487,10.04425,-36.75034,,,,,,,0.26595,6.05684,3.06136,,,,,,,,,,,,,,,,,,,,,,,,,,,,,High,High,High,Low,Undefined,,,,,,,,,,,,,,,,,,,,,,,,,,,,,,,,,,,,,
254,2026-03-10,18:26:15.57,4,2,"Briggs, Asa",828387,Right,NMS_AGG,"Marquez-Munoz, Carlos",1000510702,Right,UNI_THE2,Undefined,7,Top,2,0,1,Fastball,Four-Seam,StrikeSwinging,Undefined,Undefined,Undefined,0,0,,88.50727,-1.033942,-3.137901,2531.161776,199.867207,12:45,5.84114,2.04055,6.31915,-19.29155,16.05965,5.375,3.27971,-0.40445,80.43029,-4.717944,-2.167619,0.427931,,,,,,,,,,,,-3.71638,9.00729,-1.81343,50,5.75615,6.82284,-128.38862,-2.85087,-6.16401,28.14758,-17.2345,NMS_AGG,UNI_THE2,PresleyAskewField,D1,CUSA,20260310-PresleyAskewField-2,eaecde40-1ce0-11f1-886b-8de6524961d4,88.08068,,,8.07698,,,,,,,6ee70939-121f-487f-ab01-d6bb8f265bb6,2026-03-11,00:26:15.57,2026-03-10T18:26:15.5771904-06:00,2026-03-11T00:26:15.5771904Z,,v3,471379,,,"Massey, Noah",838425,Right,NMS_AGG,07c7c3b4-0f65-463b-8858-5fe8796bd0ed,54.17663,-129.30105,14.07379,5.8395,-2.2922,-8.61725,-2.03783,7.02265,-3.082,,,,,,,,,,,,,,,,,,,,,,,,,,,,,,,,,,,,,,,,,,,,,,,,,,,High,High,High,,,,,,,,,,,,,,,,,,,,,,,,,,,,,,,,,,,,,,,
255,2026-03-10,18:26:38.80,4,3,"Briggs, Asa",828387,Right,NMS_AGG,"Marquez-Munoz, Carlos",1000510702,Right,UNI_THE2,Undefined,7,Top,2,0,2,Fastball,Four-Seam,BallCalled,Undefined,Undefined,Undefined,0,0,,91.01472,-0.041027,-1.717695,2535.134411,213.128622,1:00,6.00715,1.9689,5.87196,-17.65969,16.41213,9.94158,4.49738,1.20148,82.23587,-3.413601,0.065024,0.420116,,,,,,,,,,,,-5.55331,8.72115,-1.83543,50,5.99361,3.51225,-132.01606,-0.6207,-9.70377,30.69249,-16.93489,NMS_AGG,UNI_THE2,PresleyAskewField,D1,CUSA,20260310-PresleyAskewField-2,f8bc5460-1ce0-11f1-886b-8de6524961d4,89.71914,,,8.77885,,,,,,,6ee70939-121f-487f-ab01-d6bb8f265bb6,2026-03-11,00:26:38.80,2026-03-10T18:26:38.8061696-06:00,2026-03-11T00:26:38.8061696Z,,v3,471379,,,"Massey, Noah",838425,Right,NMS_AGG,2d9e9832-58f6-4856-af50-43c65153b512,54.62197,-133.08629,15.34625,6.00496,-0.03019,-8.46744,-1.9638,3.85061,-4.85188,,,,,,,,,,,,,,,,,,,,,,,,,,,,,,,,,,,,,,,,,,,,,,,,,,,High,High,High,,,,,,,,,,,,,,,,,,,,,,,,,,,,,,,,,,,,,,,
256,2026-03-10,18:27:01.38,4,4,"Briggs, Asa",828387,Right,NMS_AGG,"Marquez-Munoz, Carlos",1000510702,Right,UNI_THE2,Undefined,7,Top,2,1,2,Fastball,Four-Seam,StrikeSwinging,Strikeout,Undefined,Undefined,0,0,,89.75214,-1.015891,-3.753705,2513.280048,212.556514,1:00,5.78041,2.10825,6.30648,-17.20737,17.15981,10.22812,3.40849,-0.50237,81.60665,-4.31753,-1.90937,0.421933,,,,,,,,,,,,-6.39036,9.54725,-1.83734,50,5.69735,8.12229,-130.14469,-2.77474,-10.91322,28.40593,-15.86961,NMS_AGG,UNI_THE2,PresleyAskewField,D1,CUSA,20260310-PresleyAskewField-2,06365780-1ce1-11f1-886b-8de6524961d4,89.33278,,,8.14548,,,,,,,6ee70939-121f-487f-ab01-d6bb8f265bb6,2026-03-11,00:27:01.38,2026-03-10T18:27:01.3868544-06:00,2026-03-11T00:27:01.3868544Z,,v3,471379,,,"Massey, Noah",838425,Right,NMS_AGG,8486377d-a12c-4c3c-8705-a06d2422f90e,54.18996,-131.05602,14.20296,5.7782,-2.2656,-7.93481,-2.10354,8.47241,-5.45661,,,,,,,,,,,,,,,,,,,,,,,,,,,,,,,,,,,,,,,,,,,,,,,,,,,High,High,High,,,,,,,,,,,,,,,,,,,,,,,,,,,,,,,,,,,,,,,
257,2026-03-10,18:29:22.75,1,1,"Morrison, Alesandro",1000222482,Right,UNI_THE2,"Daniels, Chris",827428,Right,NMS_AGG,Undefined,7,Bottom,0,0,0,Slider,Changeup,FoulBallNotFieldable,Undefined,Undefined,Undefined,0,0,,69.14182,3.918046,-6.363145,1276.648,292.102431,3:45,3.02393,4.41752,6.36846,-61.70803,-3.19965,12.68906,1.51477,-0.40427,62.88105,-7.506683,-4.0902,0.550529,82.14704,-9.294221,-65.408659,,,,,12.6423,7.86713,-50.220446,0.092394,-8.56032,-2.38173,-3.96214,50,3.28011,10.73807,-99.72022,5.30397,-8.56324,17.01775,-34.5566,NMS_AGG,UNI_THE2,PresleyAskewField,D1,CUSA,20260310-PresleyAskewField-2,5a88a540-1ce1-11f1-886b-8de6524961d4,68.4658,1.80083,,6.26077,,,,3.50976,1.80083,0.29014,6ee70939-121f-487f-ab01-d6bb8f265bb6,2026-03-11,00:29:22.75,2026-03-10T18:29:22.7507712-06:00,2026-03-11T00:29:22.7507712Z,GroundBall,v3,471379,,,"Loving, Joshua",1000510771,Right,UNI_THE2,8a005dce-6b47-46af-a43d-3175373e0604,54.13228,-100.42293,8.50888,3.03162,6.73093,-17.2783,-4.41284,11.09167,-4.28162,180,3.50854,49.56174,,,,,,,,1.80131,-19.49067,,,,,,,,0.29281,-108.29547,,,,,,,,,,,,,,,,,,,,,,,,,,,,,,High,High,High,Low,Low,,,,,,,,,,,,,,,,,,,,,,,,,,,,,,,,,,,,,
258,2026-03-10,18:29:42.91,1,2,"Morrison, Alesandro",1000222482,Right,UNI_THE2,"Daniels, Chris",827428,Right,NMS_AGG,Undefined,7,Bottom,0,0,1,Fastball,Changeup,BallCalled,Undefined,Undefined,Undefined,0,0,,73.2741,3.874473,-4.280693,1651.529687,248.819051,2:15,3.21888,4.41533,6.45391,-44.1429,7.18067,14.3819,3.11501,1.67402,66.72721,-4.390877,-1.686656,0.51562,,,,,,,,,,,,-8.85154,3.04236,-4.11875,50,3.47396,7.49889,-106.07693,6.08665,-10.07285,18.35843,-28.71192,NMS_AGG,UNI_THE2,PresleyAskewField,D1,CUSA,20260310-PresleyAskewField-2,66841eb0-1ce1-11f1-886b-8de6524961d4,73.10117,,,6.54689,,,,,,,6ee70939-121f-487f-ab01-d6bb8f265bb6,2026-03-11,00:29:42.91,2026-03-10T18:29:42.9190144-06:00,2026-03-11T00:29:42.9190144Z,,v3,471379,,,"Loving, Joshua",1000510771,Right,UNI_THE2,88a4d39b-9c90-4058-90e7-6f621ea16741,54.0465,-106.77494,9.17922,3.22178,7.17833,-14.35596,-4.41115,7.88188,-5.03643,,,,,,,,,,,,,,,,,,,,,,,,,,,,,,,,,,,,,,,,,,,,,,,,,,,High,High,High,,,,,,,,,,,,,,,,,,,,,,,,,,,,,,,,,,,,,,,
259,2026-03-10,18:29:57.76,1,3,"Morrison, Alesandro",1000222482,Right,UNI_THE2,"Daniels, Chris",827428,Right,NMS_AGG,Undefined,7,Bottom,0,1,1,Slider,Curveball,InPlay,Undefined,GroundBall,Error,0,0,,65.54006,5.652966,-4.558205,1942.427992,57.278065,8:00,3.21334,4.10447,6.02949,-67.18815,-1.87665,-5.86331,2.88304,-0.61425,60.20336,-6.691084,-5.602797,0.581656,102.50324,-5.31048,-24.911377,,,,,25.85044,24.858,-21.888444,0.162431,1.81756,-2.00079,-3.74432,50,3.6208,7.71572,-94.58792,7.68553,1.65319,13.89165,-33.99389,NMS_AGG,UNI_THE2,PresleyAskewField,D1,CUSA,20260310-PresleyAskewField-2,6f6d2800-1ce1-11f1-886b-8de6524961d4,64.80194,2.98877,,5.33671,,,,2.66486,2.98877,0.50319,6ee70939-121f-487f-ab01-d6bb8f265bb6,2026-03-11,00:29:57.76,2026-03-10T18:29:57.7616896-06:00,2026-03-11T00:29:57.7616896Z,GroundBall,v3,471379,,,"Loving, Joshua",1000510771,Right,UNI_THE2,434c71c6-d5dc-42a3-8dec-6849c2c4628b,54.47133,-95.24234,6.94582,3.22102,9.28694,-16.99695,-4.10597,7.63784,0.82659,31.537074,2.66572,135.69549,-27.31862,,,,,,,2.98992,-14.00876,-27.12992,,,,,,,0.50334,-63.06595,3.91522,,,,,,,,,,,,,,,,,,,,,,,,,,,,,High,High,High,High,High,,,,,,,,,,,,,,,,,,,,,,,,,,,,,,,,,,,,,
260,2026-03-10,18:30:34.47,2,1,"Morrison, Alesandro",1000222482,Right,UNI_THE2,"Clough De Los Santos, Jonatan",10113700,Right,NMS_AGG,Undefined,7,Bottom,0,0,0,Fastball,Changeup,FoulBallNotFieldable,Undefined,Undefined,Undefined,0,0,,72.11244,4.421391,-6.053345,1567.502035,270.67686,3:00,3.18399,4.39795,6.77635,-50.65318,1.26421,11.23119,3.03045,-0.21364,66.60003,-5.006103,-4.026275,0.518594,60.34733,25.497253,150.779569,4489.142556,,,,135.44721,52.50732,158.401092,2.048076,-7.37532,0.04504,-4.00636,50,3.45481,10.72002,-104.21178,6.86953,-8.23508,14.9947,-32.12376,NMS_AGG,UNI_THE2,PresleyAskewField,D1,CUSA,20260310-PresleyAskewField-2,8547ca90-1ce1-11f1-886b-8de6524961d4,72.68191,20.29991,,5.5124,,,,0.60051,2.88966,0.1971,6ee70939-121f-487f-ab01-d6bb8f265bb6,2026-03-11,00:30:34.47,2026-03-10T18:30:34.4713728-06:00,2026-03-11T00:30:34.4713728Z,Popup,v3,471379,,,"Loving, Joshua",1000510771,Right,UNI_THE2,dcd76e86-b6f1-4066-ab8a-7b2e6130cd4e,53.72464,-104.74634,7.49735,3.18949,8.01473,-16.06188,-4.39375,11.0136,-4.11754,303.146852,0.60054,-69.72583,2.79669,0.59318,0.14262,-0.3768,0.29337,-0.09959,0.01264,2.88967,38.09992,-22.58533,2.21715,-0.4156,0.06261,-0.00783,0.0051,-0.00119,0.19707,39.00191,-9.18069,1.6174,-0.69869,0.5078,-0.32425,0.11228,-0.01502,,,,,,,,,,,,,,,,,,,,,,,High,High,High,High,Medium,,,,,,,,,,,,,,,,,,,,,,,,,,,,,,,,,,,,,
261,2026-03-10,18:30:53.76,2,2,"Morrison, Alesandro",1000222482,Right,UNI_THE2,"Clough De Los Santos, Jonatan",10113700,Right,NMS_AGG,Undefined,7,Bottom,0,0,1,Fastball,Changeup,FoulBallNotFieldable,Undefined,Undefined,Undefined,0,0,,73.22543,4.544198,-6.141426,1786.174624,258.454595,2:30,3.21062,4.54622,6.50515,-47.40605,4.09209,12.33532,3.46348,-0.08387,66.77851,-4.283159,-3.927446,0.516496,63.00026,13.292202,163.24011,3049.795329,,,,102.66049,51.33186,167.095265,1.282196,-8.09245,1.39134,-4.12077,50,3.50989,10.96998,-105.61904,7.21987,-9.17437,17.37801,-30.59671,NMS_AGG,UNI_THE2,PresleyAskewField,D1,CUSA,20260310-PresleyAskewField-2,90ca6a80-1ce1-11f1-886b-8de6524961d4,72.97717,9.10146,,6.44692,,,,0.43863,3.35278,0.15088,6ee70939-121f-487f-ab01-d6bb8f265bb6,2026-03-11,00:30:53.76,2026-03-10T18:30:53.7669632-06:00,2026-03-11T00:30:53.7669632Z,GroundBall,v3,471379,,,"Loving, Joshua",1000510771,Right,UNI_THE2,d090b5bc-f173-48b3-9dc0-74d205313863,53.99366,-106.2741,8.68901,3.21599,8.37321,-15.29835,-4.54081,11.31581,-4.58718,296.549096,0.43862,-86.10387,5.41411,0.53126,-0.23026,0.27687,-0.063,-0.07346,0.03172,3.35278,21.24412,-20.40852,1.54869,-0.08781,-0.15081,0.19838,-0.09659,0.01701,0.15089,25.9298,-7.01003,0.55065,0.12147,-0.30836,0.16646,0.00174,-0.01537,,,,,,,,,,,,,,,,,,,,,,,High,High,High,High,Medium,,,,,,,,,,,,,,,,,,,,,,,,,,,,,,,,,,,,,
262,2026-03-10,18:31:13.77,2,3,"Morrison, Alesandro",1000222482,Right,UNI_THE2,"Clough De Los Santos, Jonatan",10113700,Right,NMS_AGG,Undefined,7,Bottom,0,0,2,Slider,Changeup,FoulBallNotFieldable,Undefined,Undefined,Undefined,0,0,,69.11536,4.061685,-5.442318,1219.427513,315.302356,4:30,2.8837,4.3372,6.52474,-61.71031,-3.99654,5.72276,1.49059,-0.19385,63.3098,-7.381781,-4.412149,0.546778,,,,,,,,,,,,-4.54217,-2.77587,-3.96034,50,3.14106,9.34892,-99.89712,5.59255,-4.58709,16.18575,-34.97737,NMS_AGG,UNI_THE2,PresleyAskewField,D1,CUSA,20260310-PresleyAskewField-2,9cbfa260-1ce1-11f1-886b-8de6524961d4,68.93552,,,5.80556,,,,,,,6ee70939-121f-487f-ab01-d6bb8f265bb6,2026-03-11,00:31:13.77,2026-03-10T18:31:13.7721344-06:00,2026-03-11T00:31:13.7721344Z,,v3,471379,,,"Loving, Joshua",1000510771,Right,UNI_THE2,fa32eec4-bea6-4e97-957a-cdb719c103fd,53.97609,-100.53928,8.09287,2.89165,6.98025,-17.48868,-4.33486,9.53091,-2.29355,,,,,,,,,,,,,,,,,,,,,,,,,,,,,,,,,,,,,,,,,,,,,,,,,,,High,High,High,,,,,,,,,,,,,,,,,,,,,,,,,,,,,,,,,,,,,,,
263,2026-03-10,18:31:34.79,2,4,"Morrison, Alesandro",1000222482,Right,UNI_THE2,"Clough De Los Santos, Jonatan",10113700,Right,NMS_AGG,Undefined,7,Bottom,0,0,2,Fastball,Changeup,InPlay,Undefined,FlyBall,Double,0,0,,73.12373,4.42232,-6.186801,1582.320416,241.804156,2:00,3.1011,4.46626,6.56341,-44.23298,8.06544,11.62827,3.50102,-0.25857,65.71435,-3.892802,-4.09785,0.520494,90.72126,34.5727,7.910779,4214.499647,107.94958,67.7101,21.13957,359.04106,356.8341,17.491853,4.910974,-8.04095,3.34945,-4.04346,50,3.38929,11.04521,-105.3273,7.09788,-8.92169,19.94609,-28.45772,NMS_AGG,UNI_THE2,PresleyAskewField,D1,CUSA,20260310-PresleyAskewField-2,a9394c80-1ce1-11f1-886b-8de6524961d4,72.41667,87.93223,,7.40938,,,,1.36434,3.54676,0.22977,6ee70939-121f-487f-ab01-d6bb8f265bb6,2026-03-11,00:31:34.79,2026-03-10T18:31:34.7929600-06:00,2026-03-11T00:31:34.7929600Z,FlyBall,v3,471379,,,"Loving, Joshua",1000510771,Right,UNI_THE2,0c489c0a-0e9c-405c-97ea-05f922d027cf,53.93304,-106.06949,9.97304,3.10548,8.15679,-14.22886,-4.46063,11.37719,-4.46084,208.6151,1.36639,108.47253,-19.42601,4.55596,-0.76203,0.11092,-0.01885,0.00266,-0.00016,3.54738,75.48893,-18.85909,1.02652,0.05544,-0.12073,0.04013,-0.00572,0.00031,0.22956,15.083,3.02068,-0.73585,0.17793,-0.04421,0.00954,-0.00125,7E-05,,,,,,,,,,,,,,,,,,,,,,,High,High,High,High,High,,,,,,,,,,,,,,,,,,,,,,,,,,,,,,,,,,,,,
264,2026-03-10,18:32:23.34,3,1,"Morrison, Alesandro",1000222482,Right,UNI_THE2,"Rulli, Easton",702537,Right,NMS_AGG,Undefined,7,Bottom,0,0,0,Fastball,Changeup,BallCalled,Undefined,Undefined,Undefined,0,0,,73.81785,4.927791,-5.979678,1768.98071,253.983349,2:30,3.33492,4.34668,6.66624,-44.57443,6.07469,15.47694,4.16494,0.14538,66.84418,-3.428708,-3.19148,0.512221,,,,,,,,,,,,-9.77922,2.30477,-3.9498,50,3.65028,10.64549,-106.40949,8.10999,-11.19233,18.56645,-29.53625,NMS_AGG,UNI_THE2,PresleyAskewField,D1,CUSA,20260310-PresleyAskewField-2,c628fbb0-1ce1-11f1-886b-8de6524961d4,73.58628,,,6.97366,,,,,,,6ee70939-121f-487f-ab01-d6bb8f265bb6,2026-03-11,00:32:23.34,2026-03-10T18:32:23.3470464-06:00,2026-03-11T00:32:23.3470464Z,,v3,471379,,,"Loving, Joshua",1000510771,Right,UNI_THE2,258dd256-472c-46fd-9228-149b41c2456c,53.83117,-107.07587,9.28323,3.34017,9.17009,-14.76813,-4.33909,11.0472,-5.59616,,,,,,,,,,,,,,,,,,,,,,,,,,,,,,,,,,,,,,,,,,,,,,,,,,,High,High,High,,,,,,,,,,,,,,,,,,,,,,,,,,,,,,,,,,,,,,,
265,2026-03-10,18:32:40.22,3,2,"Morrison, Alesandro",1000222482,Right,UNI_THE2,"Rulli, Easton",702537,Right,NMS_AGG,Undefined,7,Bottom,0,1,0,Fastball,Changeup,BallCalled,Undefined,Undefined,Undefined,0,0,,73.33311,2.880077,-8.236449,1615.910724,239.073199,2:00,3.33574,4.17832,6.77581,-43.7868,7.15839,9.41796,2.3461,-2.60926,67.29038,-5.289647,-6.55073,0.513716,,,,,,,,,,,,-7.10996,3.51099,-3.64151,50,3.50891,14.98891,-105.53712,4.30984,-8.07394,16.80783,-28.18705,NMS_AGG,UNI_THE2,PresleyAskewField,D1,CUSA,20260310-PresleyAskewField-2,d04024c0-1ce1-11f1-886b-8de6524961d4,73.37216,,,6.04274,,,,,,,6ee70939-121f-487f-ab01-d6bb8f265bb6,2026-03-11,00:32:40.22,2026-03-10T18:32:40.2273792-06:00,2026-03-11T00:32:40.2273792Z,,v3,471379,,,"Loving, Joshua",1000510771,Right,UNI_THE2,106a0adb-3a75-457a-b686-009b79fccc24,53.72244,-106.1283,8.40392,3.33989,5.30126,-14.09352,-4.1737,15.27289,-4.03697,,,,,,,,,,,,,,,,,,,,,,,,,,,,,,,,,,,,,,,,,,,,,,,,,,,High,High,High,,,,,,,,,,,,,,,,,,,,,,,,,,,,,,,,,,,,,,,
266,2026-03-10,18:33:00.27,3,3,"Morrison, Alesandro",1000222482,Right,UNI_THE2,"Rulli, Easton",702537,Right,NMS_AGG,Undefined,7,Bottom,0,2,0,Slider,Changeup,InPlay,Undefined,Popup,Out,1,0,,69.46983,4.628557,-5.538029,1512.322136,258.356851,2:30,3.06676,4.42838,6.48075,-53.51605,3.72957,9.57154,2.8862,0.12518,63.41328,-5.334156,-3.818179,0.544556,69.98068,72.00415,10.958431,,,,,,64.83918,,,-6.55914,1.13736,-4.04233,50,3.37035,9.44,-100.29207,6.84924,-6.69133,15.97765,-31.01375,NMS_AGG,UNI_THE2,PresleyAskewField,D1,CUSA,20260310-PresleyAskewField-2,dc2e7ed0-1ce1-11f1-886b-8de6524961d4,69.21684,84.6961,,6.05655,,,,2.18825,3.23527,-0.2877,6ee70939-121f-487f-ab01-d6bb8f265bb6,2026-03-11,00:33:00.27,2026-03-10T18:33:00.2761728-06:00,2026-03-11T00:33:00.2761728Z,,v3,471379,,,"Loving, Joshua",1000510771,Right,UNI_THE2,e30d72d1-034d-42fd-b244-ef0b82d555df,54.01886,-100.93029,7.98883,3.07202,8.08806,-15.50688,-4.42474,9.70728,-3.34566,182.510853,2.18825,31.13165,-13.23673,4.51095,-1.13829,0.26416,-0.05824,0.01059,-0.00113,3.23527,97.61699,-25.55673,2.55697,-0.33085,0.01383,0.00558,-0.00216,0.0003,-0.2877,6.02794,-1.15813,0.30556,-0.06287,0.01234,-0.00234,0.00038,-4E-05,,,,,,,,,,,,,,,,,,,,,,,High,High,High,Medium,Undefined,,,,,,,,,,,,,,,,,,,,,,,,,,,,,,,,,,,,,
267,2026-03-10,18:33:36.34,4,1,"Morrison, Alesandro",1000222482,Right,UNI_THE2,"Massey, Noah",838425,Right,NMS_AGG,Undefined,7,Bottom,1,0,0,Slider,Changeup,StrikeCalled,Undefined,Undefined,Undefined,0,0,,68.65196,4.189107,-6.940998,1323.210613,276.798959,3:15,3.01344,4.21621,6.39388,-59.22905,0.42736,13.71028,1.96579,-1.05632,62.10839,-6.807612,-4.490273,0.555904,,,,,,,,,,,,-9.22189,-0.42673,-3.72151,50,3.29021,11.60123,-98.80163,5.79825,-9.03463,17.0482,-32.59213,NMS_AGG,UNI_THE2,PresleyAskewField,D1,CUSA,20260310-PresleyAskewField-2,f1b5d140-1ce1-11f1-886b-8de6524961d4,67.80383,,,6.54357,,,,,,,6ee70939-121f-487f-ab01-d6bb8f265bb6,2026-03-11,00:33:36.34,2026-03-10T18:33:36.3471872-06:00,2026-03-11T00:33:36.3471872Z,,v3,471379,,,"Loving, Joshua",1000510771,Right,UNI_THE2,ee32cdd5-c65c-4ecf-b1f6-a5f23570c46e,54.10419,-99.50729,8.5241,3.02229,7.1473,-16.29607,-4.20945,11.97519,-4.51732,,,,,,,,,,,,,,,,,,,,,,,,,,,,,,,,,,,,,,,,,,,,,,,,,,,High,High,High,,,,,,,,,,,,,,,,,,,,,,,,,,,,,,,,,,,,,,,
268,2026-03-10,18:33:51.96,4,2,"Morrison, Alesandro",1000222482,Right,UNI_THE2,"Massey, Noah",838425,Right,NMS_AGG,Undefined,7,Bottom,1,0,1,Slider,Curveball,FoulBallNotFieldable,Undefined,Undefined,Undefined,0,0,,65.25788,4.27037,-3.595695,1932.674656,59.179808,8:00,3.13295,4.53874,6.21672,-65.74531,-0.67181,-4.34559,1.60995,0.85416,60.11186,-7.869815,-4.376065,0.580595,,,,,,,,,,,,1.29713,-1.0628,-4.26699,50,3.42046,6.06276,-94.50421,5.46613,1.17553,14.12125,-33.1372,NMS_AGG,UNI_THE2,PresleyAskewField,D1,CUSA,20260310-PresleyAskewField-2,fb019400-1ce1-11f1-886b-8de6524961d4,64.92035,,,5.14601,,,,,,,6ee70939-121f-487f-ab01-d6bb8f265bb6,2026-03-11,00:33:51.96,2026-03-10T18:33:51.9655936-06:00,2026-03-11T00:33:51.9655936Z,,v3,471379,,,"Loving, Joshua",1000510771,Right,UNI_THE2,4083c9a0-a12b-4a85-9b06-e5ccb1551660,54.28413,-95.14221,7.06063,3.13968,6.96327,-16.5686,-4.5397,6.00965,0.58776,,,,,,,,,,,,,,,,,,,,,,,,,,,,,,,,,,,,,,,,,,,,,,,,,,,High,High,High,,,,,,,,,,,,,,,,,,,,,,,,,,,,,,,,,,,,,,,
269,2026-03-10,18:34:15.61,4,3,"Morrison, Alesandro",1000222482,Right,UNI_THE2,"Massey, Noah",838425,Right,NMS_AGG,Undefined,7,Bottom,1,0,2,Fastball,Changeup,FoulBallNotFieldable,Undefined,Undefined,Undefined,0,0,,72.65617,4.825166,-5.267431,1481.028314,234.21977,1:45,3.40918,4.26695,6.7223,-44.88459,7.05307,7.5576,4.10806,0.06886,66.07948,-3.602385,-3.902791,0.518696,62.88951,20.872366,167.248713,2531.811775,,,,132.54009,49.91886,171.917118,1.79679,-5.39469,2.92087,-3.92046,50,3.71299,9.42755,-104.87241,7.7981,-6.01248,17.61044,-28.91864,NMS_AGG,UNI_THE2,PresleyAskewField,D1,CUSA,20260310-PresleyAskewField-2,09184c50-1ce2-11f1-886b-8de6524961d4,72.66775,17.04687,,6.57668,,,,1.46222,4.10357,-0.05065,6ee70939-121f-487f-ab01-d6bb8f265bb6,2026-03-11,00:34:15.61,2026-03-10T18:34:15.6149760-06:00,2026-03-11T00:34:15.6149760Z,LineDrive,v3,471379,,,"Loving, Joshua",1000510771,Right,UNI_THE2,de3a86af-93f9-4b9c-8cb2-5eca3eb64c62,53.77347,-105.50416,8.80522,3.41464,8.83551,-14.45932,-4.26253,9.64324,-3.00624,310.07267,1.46225,-84.06207,5.43064,-0.10618,0.49459,-0.60601,0.44831,-0.16565,0.02361,4.10357,32.86304,-22.15223,1.84442,-0.33219,0.07473,-0.01504,0.0068,-0.00161,-0.05066,19.02422,-5.81765,0.89236,-0.4419,0.38998,-0.26709,0.09833,-0.01423,,,,,,,,,,,,,,,,,,,,,,,High,High,High,High,Medium,,,,,,,,,,,,,,,,,,,,,,,,,,,,,,,,,,,,,
270,2026-03-10,18:34:36.11,4,4,"Morrison, Alesandro",1000222482,Right,UNI_THE2,"Massey, Noah",838425,Right,NMS_AGG,Undefined,7,Bottom,1,0,2,Fastball,Changeup,BallCalled,Undefined,Undefined,Undefined,0,0,,72.57791,3.829745,-6.845561,1515.833253,252.981306,2:30,3.20417,4.19669,6.63509,-47.93038,4.18083,8.5939,2.74652,-1.3842,66.49607,-5.096784,-5.303316,0.519561,,,,,,,,,,,,-6.30272,1.68099,-3.73515,50,3.44585,12.29735,-104.66273,5.85892,-7.03165,16.70749,-30.29865,NMS_AGG,UNI_THE2,PresleyAskewField,D1,CUSA,20260310-PresleyAskewField-2,154de890-1ce2-11f1-886b-8de6524961d4,72.54665,,,6.08184,,,,,,,6ee70939-121f-487f-ab01-d6bb8f265bb6,2026-03-11,00:34:36.11,2026-03-10T18:34:36.1172480-06:00,2026-03-11T00:34:36.1172480Z,,v3,471379,,,"Loving, Joshua",1000510771,Right,UNI_THE2,12ca8836-533c-4878-9dcb-97cc43acda63,53.86339,-105.27764,8.35375,3.2097,6.97406,-15.14933,-4.19252,12.55615,-3.51582,,,,,,,,,,,,,,,,,,,,,,,,,,,,,,,,,,,,,,,,,,,,,,,,,,,High,High,High,,,,,,,,,,,,,,,,,,,,,,,,,,,,,,,,,,,,,,,
271,2026-03-10,18:34:53.36,4,5,"Morrison, Alesandro",1000222482,Right,UNI_THE2,"Massey, Noah",838425,Right,NMS_AGG,Undefined,7,Bottom,1,1,2,Fastball,Changeup,InPlay,Undefined,GroundBall,Out,1,1,,72.11376,3.846438,-6.100389,1538.350297,277.7044,3:15,3.20797,4.3921,6.62101,-52.52341,0.39224,9.34252,2.37873,-0.43691,65.8332,-5.936281,-4.418984,0.523556,76.09865,-25.877649,-13.177837,,,,,6.71253,6.15074,-6.519584,0.056216,-6.64067,-0.42445,-3.98059,50,3.44914,10.84464,-104.12895,5.72163,-7.28883,17.53557,-32.63993,NMS_AGG,UNI_THE2,PresleyAskewField,D1,CUSA,20260310-PresleyAskewField-2,1f960cb0-1ce2-11f1-886b-8de6524961d4,71.99308,2.74756,,6.28056,,,,1.15428,2.74756,0.52908,6ee70939-121f-487f-ab01-d6bb8f265bb6,2026-03-11,00:34:53.36,2026-03-10T18:34:53.3602816-06:00,2026-03-11T00:34:53.3602816Z,GroundBall,v3,471379,,,"Loving, Joshua",1000510771,Right,UNI_THE2,9ef46a77-e42c-4e0a-8fc5-feb806121b2c,53.87878,-104.78011,8.76779,3.21417,6.93368,-16.31997,-4.38832,11.11531,-3.64441,,1.15133,98.10129,,,,,,,,2.74903,-48.87516,,,,,,,,0.52978,-22.96942,,,,,,,,,,,,,,,,,,,,,,,,,,,,,,High,High,High,Low,Low,,,,,,,,,,,,,,,,,,,,,,,,,,,,,,,,,,,,,
272,2026-03-10,18:35:29.29,5,1,"Morrison, Alesandro",1000222482,Right,UNI_THE2,"Lombardi, Aidan",838424,Right,NMS_AGG,Undefined,7,Bottom,2,0,0,Fastball,Changeup,BallCalled,Undefined,Undefined,Undefined,0,0,,72.45688,5.56736,-4.934858,1558.014716,255.933441,2:30,3.36603,4.21124,6.68591,-48.18743,3.84087,9.29032,4.47743,0.4608,66.19964,-3.43364,-3.257662,0.519148,,,,,,,,,,,,-6.14363,1.06654,-3.88463,50,3.72093,8.74247,-104.6026,9.04144,-6.85436,16.4926,-30.98414,NMS_AGG,UNI_THE2,PresleyAskewField,D1,CUSA,20260310-PresleyAskewField-2,35014ba0-1ce2-11f1-886b-8de6524961d4,72.60442,,,6.25724,,,,,,,6ee70939-121f-487f-ab01-d6bb8f265bb6,2026-03-11,00:35:29.29,2026-03-10T18:35:29.2955648-06:00,2026-03-11T00:35:29.2955648Z,,v3,471379,,,"Loving, Joshua",1000510771,Right,UNI_THE2,0e962514-65d5-4fc5-a665-dcd7c8861bbd,53.81252,-105.20199,8.2463,3.37187,10.16752,-15.49207,-4.20689,8.99158,-3.42718,,,,,,,,,,,,,,,,,,,,,,,,,,,,,,,,,,,,,,,,,,,,,,,,,,,High,High,High,,,,,,,,,,,,,,,,,,,,,,,,,,,,,,,,,,,,,,,
273,2026-03-10,18:35:45.33,5,2,"Morrison, Alesandro",1000222482,Right,UNI_THE2,"Lombardi, Aidan",838424,Right,NMS_AGG,Undefined,7,Bottom,2,1,0,ChangeUp,Changeup,BallCalled,Undefined,Undefined,Undefined,0,0,,68.49202,3.078198,-4.866662,1169.474601,220.57846,1:15,2.98791,4.52061,6.39458,-49.66849,9.45465,6.45516,1.69283,0.57193,62.42364,-6.208613,-3.705665,0.553414,,,,,,,,,,,,-4.8228,4.53866,-4.17357,50,3.18681,8.24488,-99.0752,4.15871,-4.77039,16.54737,-27.6847,NMS_AGG,UNI_THE2,PresleyAskewField,D1,CUSA,20260310-PresleyAskewField-2,3e8fe3c0-1ce2-11f1-886b-8de6524961d4,68.10894,,,6.06837,,,,,,,6ee70939-121f-487f-ab01-d6bb8f265bb6,2026-03-11,00:35:45.33,2026-03-10T18:35:45.3394432-06:00,2026-03-11T00:35:45.3394432Z,,v3,471379,,,"Loving, Joshua",1000510771,Right,UNI_THE2,9a4916d6-fe24-46cb-a8d7-6c9b4582138d,54.10357,-99.75821,8.27368,2.99157,5.30144,-13.84235,-4.51796,8.44178,-2.38519,,,,,,,,,,,,,,,,,,,,,,,,,,,,,,,,,,,,,,,,,,,,,,,,,,,High,High,High,,,,,,,,,,,,,,,,,,,,,,,,,,,,,,,,,,,,,,,
274,2026-03-10,18:36:03.46,5,3,"Morrison, Alesandro",1000222482,Right,UNI_THE2,"Lombardi, Aidan",838424,Right,NMS_AGG,Undefined,7,Bottom,2,2,0,Slider,Curveball,BallCalled,Undefined,Undefined,Undefined,0,0,,64.89822,5.196119,-5.068655,1862.968163,91.871995,9:00,3.18543,4.32769,6.23141,-63.77862,2.07606,-8.4343,2.69622,-1.06343,59.95007,-6.559588,-6.574583,0.58407,,,,,,,,,,,,3.06969,0.33886,-3.9446,50,3.54418,8.55772,-93.69223,7.00397,2.75219,13.00988,-31.87023,NMS_AGG,UNI_THE2,PresleyAskewField,D1,CUSA,20260310-PresleyAskewField-2,496c0a80-1ce2-11f1-886b-8de6524961d4,64.53414,,,4.94815,,,,,,,6ee70939-121f-487f-ab01-d6bb8f265bb6,2026-03-11,00:36:03.46,2026-03-10T18:36:03.4620928-06:00,2026-03-11T00:36:03.4620928Z,,v3,471379,,,"Loving, Joshua",1000510771,Right,UNI_THE2,50d1b999-f042-463e-bd33-9ee2962ad152,54.26777,-94.28298,6.50494,3.19329,8.45113,-15.93512,-4.33035,8.43275,1.3761,,,,,,,,,,,,,,,,,,,,,,,,,,,,,,,,,,,,,,,,,,,,,,,,,,,High,High,High,,,,,,,,,,,,,,,,,,,,,,,,,,,,,,,,,,,,,,,
275,2026-03-10,18:36:19.82,5,4,"Morrison, Alesandro",1000222482,Right,UNI_THE2,"Lombardi, Aidan",838424,Right,NMS_AGG,Undefined,7,Bottom,2,3,0,Fastball,Changeup,StrikeCalled,Undefined,Undefined,Undefined,0,0,,72.32478,3.162706,-6.502404,1627.34243,267.870039,3:00,3.19861,4.41751,6.69897,-49.92235,1.71791,9.46934,1.952,-0.76469,67.11581,-6.102662,-4.797154,0.517209,,,,,,,,,,,,-6.51508,0.58315,-3.98713,50,3.39054,11.63893,-104.57936,4.57971,-7.33699,14.84742,-31.51733,NMS_AGG,UNI_THE2,PresleyAskewField,D1,CUSA,20260310-PresleyAskewField-2,5321d9b0-1ce2-11f1-886b-8de6524961d4,72.87667,,,5.20897,,,,,,,6ee70939-121f-487f-ab01-d6bb8f265bb6,2026-03-11,00:36:19.82,2026-03-10T18:36:19.8238720-06:00,2026-03-11T00:36:19.8238720Z,,v3,471379,,,"Loving, Joshua",1000510771,Right,UNI_THE2,db2a1e2c-72e3-45f1-8848-146ec9a4b131,53.80205,-105.11776,7.42371,3.20375,5.7226,-15.75867,-4.41401,11.90498,-3.6685,,,,,,,,,,,,,,,,,,,,,,,,,,,,,,,,,,,,,,,,,,,,,,,,,,,High,High,High,,,,,,,,,,,,,,,,,,,,,,,,,,,,,,,,,,,,,,,
276,2026-03-10,18:36:37.01,5,5,"Morrison, Alesandro",1000222482,Right,UNI_THE2,"Lombardi, Aidan",838424,Right,NMS_AGG,Undefined,7,Bottom,2,3,1,Slider,Changeup,BallCalled,Walk,Undefined,Undefined,0,0,,68.56423,3.764012,-5.868737,1060.795823,195.930045,12:30,3.14753,4.39575,6.38344,-39.5462,20.38726,5.21662,3.33772,-0.58705,61.60842,-3.738441,-4.934577,0.557194,,,,,,,,,,,,-4.5665,10.00926,-3.9742,50,3.40197,9.98758,-98.7673,5.65719,-4.44835,17.76197,-22.42378,NMS_AGG,UNI_THE2,PresleyAskewField,D1,CUSA,20260310-PresleyAskewField-2,5d5d2c90-1ce2-11f1-886b-8de6524961d4,67.64694,,,6.95582,,,,,,,6ee70939-121f-487f-ab01-d6bb8f265bb6,2026-03-11,00:36:37.01,2026-03-10T18:36:37.0104320-06:00,2026-03-11T00:36:37.0104320Z,,v3,471379,,,"Loving, Joshua",1000510771,Right,UNI_THE2,808d9f4a-2e90-415f-a6f4-c11e46febe89,54.10844,-99.5034,8.88098,3.14826,6.5865,-11.21189,-4.39193,10.17194,-2.22417,,,,,,,,,,,,,,,,,,,,,,,,,,,,,,,,,,,,,,,,,,,,,,,,,,,High,High,High,,,,,,,,,,,,,,,,,,,,,,,,,,,,,,,,,,,,,,,
277,2026-03-10,18:37:09.32,6,1,"Morrison, Alesandro",1000222482,Right,UNI_THE2,"Kaufman, Camden",831503,Right,NMS_AGG,Undefined,7,Bottom,2,0,0,Slider,Changeup,BallCalled,Undefined,Undefined,Undefined,0,0,,68.14503,3.664516,-7.040861,1070.136245,274.901509,3:15,2.91896,4.42753,6.66926,-58.61983,0.86299,12.44524,1.41671,-1.00964,62.15844,-7.249905,-4.804997,0.555095,,,,,,,,,,,,-8.57855,-0.04484,-3.95828,50,3.14341,11.77052,-98.22008,4.95646,-8.35718,15.956,-32.21774,NMS_AGG,UNI_THE2,PresleyAskewField,D1,CUSA,20260310-PresleyAskewField-2,70a4a120-1ce2-11f1-886b-8de6524961d4,67.9027,,,5.98658,,,,,,,6ee70939-121f-487f-ab01-d6bb8f265bb6,2026-03-11,00:37:09.32,2026-03-10T18:37:09.3265408-06:00,2026-03-11T00:37:09.3265408Z,,v3,471379,,,"Loving, Joshua",1000510771,Right,UNI_THE2,d89977e0-d3d1-4374-9bc5-5f7aa710ca14,53.83016,-98.84033,7.978,2.92639,6.20886,-16.10887,-4.42215,12.09538,-4.17859,,,,,,,,,,,,,,,,,,,,,,,,,,,,,,,,,,,,,,,,,,,,,,,,,,,High,High,High,,,,,,,,,,,,,,,,,,,,,,,,,,,,,,,,,,,,,,,
278,2026-03-10,18:37:25.11,6,2,"Morrison, Alesandro",1000222482,Right,UNI_THE2,"Kaufman, Camden",831503,Right,NMS_AGG,Undefined,7,Bottom,2,1,0,Slider,Curveball,BallCalled,Undefined,Undefined,Undefined,0,0,,63.95727,6.173808,-2.871232,1885.015436,65.534338,8:15,2.96256,4.6002,6.43373,-68.13846,-0.04906,-4.93492,2.98734,1.54807,58.06849,-6.515417,-3.760208,0.593897,,,,,,,,,,,,1.7578,-1.48091,-4.39364,50,3.37221,4.76581,-92.36717,8.45844,1.50644,14.78623,-33.4432,NMS_AGG,UNI_THE2,PresleyAskewField,D1,CUSA,20260310-PresleyAskewField-2,7a0fd2c0-1ce2-11f1-886b-8de6524961d4,63.46627,,,5.88878,,,,,,,6ee70939-121f-487f-ab01-d6bb8f265bb6,2026-03-11,00:37:25.11,2026-03-10T18:37:25.1171840-06:00,2026-03-11T00:37:25.1171840Z,,v3,471379,,,"Loving, Joshua",1000510771,Right,UNI_THE2,943abd5d-9537-4bd0-bb17-10111b457770,54.0669,-93.01592,7.39312,2.9689,9.92578,-16.7216,-4.6013,4.69971,0.75322,,,,,,,,,,,,,,,,,,,,,,,,,,,,,,,,,,,,,,,,,,,,,,,,,,,High,High,High,,,,,,,,,,,,,,,,,,,,,,,,,,,,,,,,,,,,,,,
279,2026-03-10,18:37:44.46,6,3,"Morrison, Alesandro",1000222482,Right,UNI_THE2,"Kaufman, Camden",831503,Right,NMS_AGG,Undefined,7,Bottom,2,2,0,Fastball,Changeup,FoulBallNotFieldable,Undefined,Undefined,Undefined,0,0,,73.05021,3.55611,-6.22007,1677.601925,288.474936,3:30,3.13602,4.22866,6.52655,-54.38881,-3.0111,13.54973,1.88948,-0.37093,67.15187,-6.517038,-3.783745,0.515892,,,,,,,,,,,,-8.75063,-2.10378,-3.8007,50,3.3612,11.08715,-105.57203,5.17293,-9.94486,16.79791,-34.56495,NMS_AGG,UNI_THE2,PresleyAskewField,D1,CUSA,20260310-PresleyAskewField-2,858b46c0-1ce2-11f1-886b-8de6524961d4,73.06265,,,5.89834,,,,,,,6ee70939-121f-487f-ab01-d6bb8f265bb6,2026-03-11,00:37:44.46,2026-03-10T18:37:44.4627968-06:00,2026-03-11T00:37:44.4627968Z,,v3,471379,,,"Loving, Joshua",1000510771,Right,UNI_THE2,4d37bd6f-c0da-4250-8ccd-9263fc345601,53.97517,-106.20265,8.39896,3.14264,6.47055,-17.28248,-4.22393,11.46049,-4.97243,,,,,,,,,,,,,,,,,,,,,,,,,,,,,,,,,,,,,,,,,,,,,,,,,,,High,High,High,,,,,,,,,,,,,,,,,,,,,,,,,,,,,,,,,,,,,,,
280,2026-03-10,18:38:06.26,6,4,"Morrison, Alesandro",1000222482,Right,UNI_THE2,"Kaufman, Camden",831503,Right,NMS_AGG,Undefined,7,Bottom,2,2,1,Slider,Changeup,FoulBallNotFieldable,Undefined,Undefined,Undefined,0,0,,66.87027,4.762658,-5.335289,1025.275662,290.640979,3:45,2.84352,4.14204,6.52427,-62.66007,-0.5398,6.85441,2.02039,-0.19569,60.77939,-6.901709,-4.102215,0.567268,,,,,,,,,,,,-5.19272,-1.16347,-3.77308,50,3.14982,8.81436,-96.50631,6.58515,-4.86468,15.94992,-33.264,NMS_AGG,UNI_THE2,PresleyAskewField,D1,CUSA,20260310-PresleyAskewField-2,929522f0-1ce2-11f1-886b-8de6524961d4,66.4456,,,6.09088,,,,,,,6ee70939-121f-487f-ab01-d6bb8f265bb6,2026-03-11,00:38:06.26,2026-03-10T18:38:06.2691840-06:00,2026-03-11T00:38:06.2691840Z,,v3,471379,,,"Loving, Joshua",1000510771,Right,UNI_THE2,db6b3044-db5b-4557-931f-bb7dd5b0f27a,53.97501,-97.16106,7.97496,2.85147,7.95064,-16.632,-4.13901,9.01405,-2.43234,,,,,,,,,,,,,,,,,,,,,,,,,,,,,,,,,,,,,,,,,,,,,,,,,,,High,High,High,,,,,,,,,,,,,,,,,,,,,,,,,,,,,,,,,,,,,,,
281,2026-03-10,18:38:30.19,6,5,"Morrison, Alesandro",1000222482,Right,UNI_THE2,"Kaufman, Camden",831503,Right,NMS_AGG,Undefined,7,Bottom,2,2,2,ChangeUp,Changeup,InPlay,Undefined,LineDrive,Triple,0,2,,71.31543,4.520925,-5.843404,1587.502802,265.71088,2:45,3.0712,4.37026,6.58125,-51.70578,2.67008,12.21548,2.93581,0.01449,64.76747,-5.131287,-3.645512,0.530731,90.00699,27.862908,7.605968,3026.097183,108.20095,49.69296,19.8129,356.91849,354.95878,15.606807,4.331274,-8.08867,0.60295,-3.97341,50,3.36166,10.15383,-102.89218,6.89158,-8.64715,17.51461,-31.52945,NMS_AGG,UNI_THE2,PresleyAskewField,D1,CUSA,20260310-PresleyAskewField-2,a0d694c0-1ce2-11f1-886b-8de6524961d4,71.01985,63.03926,,6.54796,,,,1.45787,2.99057,-0.01164,6ee70939-121f-487f-ab01-d6bb8f265bb6,2026-03-11,00:38:30.19,2026-03-10T18:38:30.1906432-06:00,2026-03-11T00:38:30.1906432Z,FlyBall,v3,471379,,,"Loving, Joshua",1000510771,Right,UNI_THE2,c434be89-467d-4742-8aed-ca02881db34d,53.91753,-103.55688,8.7573,3.0774,8.08818,-15.76472,-4.36499,10.482,-4.32357,220.930449,1.45883,115.65847,-16.76802,3.44749,-0.55334,0.07105,-0.01414,0.00306,-0.00026,2.99105,61.67841,-17.33715,0.78303,0.12955,-0.15501,0.05856,-0.00977,0.00061,-0.01178,15.44902,4.36414,-1.40428,0.32552,-0.06892,0.0151,-0.00232,0.00015,,,,,,,,,,,,,,,,,,,,,,,High,High,High,High,High,,,,,,,,,,,,,,,,,,,,,,,,,,,,,,,,,,,,,
282,2026-03-10,18:39:14.20,7,1,"Morrison, Alesandro",1000222482,Right,UNI_THE2,"Solorzano, Steve",814833,Right,NMS_AGG,Undefined,7,Bottom,2,0,0,Slider,Changeup,BallCalled,Undefined,Undefined,Undefined,0,0,,68.35009,3.078899,-6.53661,1162.468254,267.380188,3:00,2.95984,4.28942,6.44597,-57.10369,2.15433,7.03882,1.05133,-1.15599,62.72969,-7.502143,-5.275457,0.554045,,,,,,,,,,,,-5.50437,0.77043,-3.82736,50,3.15397,11.09841,-98.66522,3.94583,-5.43095,15.56226,-31.4139,NMS_AGG,UNI_THE2,PresleyAskewField,D1,CUSA,20260310-PresleyAskewField-2,bb163f20-1ce2-11f1-886b-8de6524961d4,68.03138,,,5.6204,,,,,,,6ee70939-121f-487f-ab01-d6bb8f265bb6,2026-03-11,00:39:14.20,2026-03-10T18:39:14.2083072-06:00,2026-03-11T00:39:14.2083072Z,,v3,471379,,,"Loving, Joshua",1000510771,Right,UNI_THE2,d546a425-96c9-44bb-af20-50a4d7190422,54.05358,-99.30252,7.78113,2.96603,5.23229,-15.70695,-4.28641,11.32082,-2.71548,,,,,,,,,,,,,,,,,,,,,,,,,,,,,,,,,,,,,,,,,,,,,,,,,,,High,High,High,,,,,,,,,,,,,,,,,,,,,,,,,,,,,,,,,,,,,,,
283,2026-03-10,18:39:30.27,7,2,"Morrison, Alesandro",1000222482,Right,UNI_THE2,"Solorzano, Steve",814833,Right,NMS_AGG,Undefined,7,Bottom,2,1,0,Slider,Curveball,FoulBallNotFieldable,Undefined,Undefined,Undefined,0,0,,64.23885,5.517486,-3.924846,1939.217514,62.525163,8:00,3.21693,4.36381,6.32916,-68.28819,-0.92524,-5.7091,2.63467,0.26827,58.81971,-7.128931,-4.949843,0.59072,98.7455,16.186889,-41.234891,2500.066985,80.47896,21.69834,-74.98734,233.33718,233.33718,-46.613934,2.144204,1.89146,-1.55756,-4.07451,50,3.58854,6.52695,-92.81029,7.38044,1.6478,14.04659,-33.53095,NMS_AGG,UNI_THE2,PresleyAskewField,D1,CUSA,20260310-PresleyAskewField-2,c4a859b0-1ce2-11f1-886b-8de6524961d4,63.80758,21.99024,,5.41915,,,,3.91404,2.99357,-0.58716,6ee70939-121f-487f-ab01-d6bb8f265bb6,2026-03-11,00:39:30.27,2026-03-10T18:39:30.2733824-06:00,2026-03-11T00:39:30.2733824Z,LineDrive,v3,471379,,,"Loving, Joshua",1000510771,Right,UNI_THE2,b4307948-8b23-4b3e-a611-d3f0687041c0,54.17139,-93.43948,7.0233,3.2243,8.88241,-16.76548,-4.36523,6.45314,0.8239,,3.91412,104.58588,-21.31044,4.15793,-0.16163,-0.57772,0.34743,-0.09365,0.00996,2.99358,40.37247,-23.7267,2.81204,-0.51719,0.05112,0.01389,-0.00592,0.00068,-0.58712,-91.68189,5.87863,0.07564,0.28718,-0.41574,0.23317,-0.06284,0.00678,,,,,,,,,,,,,,,,,,,,,,,High,High,High,High,Medium,,,,,,,,,,,,,,,,,,,,,,,,,,,,,,,,,,,,,
284,2026-03-10,18:39:58.27,7,3,"Morrison, Alesandro",1000222482,Right,UNI_THE2,"Solorzano, Steve",814833,Right,NMS_AGG,Undefined,7,Bottom,2,1,1,Fastball,Changeup,FoulBallNotFieldable,Undefined,Undefined,Undefined,0,0,,73.19048,2.903024,-5.267596,1535.716523,248.546319,2:15,3.30545,4.32074,6.50667,-46.53691,5.14429,8.73418,2.10516,0.20068,66.49918,-5.803459,-3.694077,0.517414,73.48278,55.434974,59.816153,5707.381927,38.83188,98.61661,102.91784,207.29342,78.3605,73.969713,4.95166,-6.1667,2.29473,-3.95573,50,3.48891,9.48235,-105.83726,4.20167,-6.94758,19.19965,-29.58873,NMS_AGG,UNI_THE2,PresleyAskewField,D1,CUSA,20260310-PresleyAskewField-2,d552b530-1ce2-11f1-886b-8de6524961d4,72.84779,98.67417,,6.6913,,,,2.5284,2.17333,-0.34352,6ee70939-121f-487f-ab01-d6bb8f265bb6,2026-03-11,00:39:58.27,2026-03-10T18:39:58.2781952-06:00,2026-03-11T00:39:58.2781952Z,Popup,v3,471379,,,"Loving, Joshua",1000510771,Right,UNI_THE2,803bf0a5-277c-40fa-b12a-dae85a9a0a1e,53.9915,-106.55889,9.59982,3.31009,5.31377,-14.79436,-4.31703,9.74348,-3.47379,,2.5734,29.76776,-6.88627,-4.16686,5.4061,-2.5872,0.63466,-0.07815,0.00383,2.16841,88.81058,-24.423,2.3533,-0.04278,-0.25517,0.1043,-0.01721,0.00104,-0.34621,52.89104,-4.54377,0.64509,0.04212,-0.09358,0.03454,-0.00561,0.00034,,,,,,,,,,,,,,,,,,,,,,,High,High,High,High,Low,,,,,,,,,,,,,,,,,,,,,,,,,,,,,,,,,,,,,
285,2026-03-10,18:40:24.36,7,4,"Morrison, Alesandro",1000222482,Right,UNI_THE2,"Solorzano, Steve",814833,Right,NMS_AGG,Undefined,7,Bottom,2,1,2,Fastball,Changeup,InPlay,Undefined,LineDrive,Single,0,1,,72.6198,3.257662,-6.289398,1585.245025,204.222665,12:45,3.35733,4.42069,6.79893,-31.7788,20.54072,8.44374,3.70337,-0.63873,65.50354,-2.831289,-4.766142,0.520599,91.09899,15.263503,22.652901,3190.552204,98.82324,22.06316,48.30971,246.1463,244.03161,30.911812,2.411611,-6.42083,10.38245,-4.015,50,3.55739,11.29073,-104.75867,5.33877,-7.06338,19.36201,-20.75262,NMS_AGG,UNI_THE2,PresleyAskewField,D1,CUSA,20260310-PresleyAskewField-2,e4df44a0-1ce2-11f1-886b-8de6524961d4,72.40208,22.51002,,7.11625,,,,1.67877,3.68018,0.54925,6ee70939-121f-487f-ab01-d6bb8f265bb6,2026-03-11,00:40:24.36,2026-03-10T18:40:24.3643392-06:00,2026-03-11T00:40:24.3643392Z,LineDrive,v3,471379,,,"Loving, Joshua",1000510771,Right,UNI_THE2,d203316c-a5a0-4ac2-a1bf-0e4fb46651b5,53.69682,-105.43972,9.68101,3.35676,6.06873,-10.37631,-4.41651,11.53918,-3.53169,248.521282,1.67873,118.95785,-19.16591,3.79398,-1.04392,0.41631,-0.1541,0.03411,-0.00318,3.68025,35.16888,-17.85162,1.42785,0.10967,-0.35844,0.19456,-0.04805,0.00468,0.54936,49.63583,1.83975,-0.80983,0.86321,-0.74324,0.34908,-0.08344,0.00804,,,,,,,,,,,,,,,,,,,,,,,High,High,High,High,High,,,,,,,,,,,,,,,,,,,,,,,,,,,,,,,,,,,,,
286,2026-03-10,18:43:27.11,8,1,"Guerrero, Santiago",1000127632,Left,UNI_THE2,"Taclas, Aidan",838428,Left,NMS_AGG,Undefined,7,Bottom,2,0,0,Slider,Curveball,BallCalled,Undefined,Undefined,Undefined,0,0,,70.83715,2.497977,2.828061,1874.878361,239.931691,2:00,5.06475,-2.41283,5.88208,-48.05829,6.99827,9.62237,3.3839,1.0174,65.94,-6.336302,4.548575,0.534043,,,,,,,,,,,,-4.26555,3.46071,2.17887,50,5.23872,-5.39921,-102.85978,3.15655,-4.64012,14.60381,-28.40944,NMS_AGG,UNI_THE2,PresleyAskewField,D1,CUSA,20260310-PresleyAskewField-2,51ccb480-1ce3-11f1-886b-8de6524961d4,70.57945,,,4.89715,,,,,,,6ee70939-121f-487f-ab01-d6bb8f265bb6,2026-03-11,00:43:27.11,2026-03-10T18:43:27.1159296-06:00,2026-03-11T00:43:27.1159296Z,,v3,471379,,,"Loving, Joshua",1000510771,Right,UNI_THE2,a29a0d6a-bff1-47fd-b710-152c87d6afb9,54.61687,-103.5132,7.30191,5.06905,4.42767,-14.20472,2.41581,-5.19159,-2.32006,,,,,,,,,,,,,,,,,,,,,,,,,,,,,,,,,,,,,,,,,,,,,,,,,,,High,High,High,,,,,,,,,,,,,,,,,,,,,,,,,,,,,,,,,,,,,,,
287,2026-03-10,18:43:43.94,8,2,"Guerrero, Santiago",1000127632,Left,UNI_THE2,"Taclas, Aidan",838428,Left,NMS_AGG,Undefined,7,Bottom,2,1,0,Slider,Curveball,StrikeCalled,Undefined,Undefined,Undefined,0,0,,69.89488,1.715983,3.320554,1849.45701,232.846358,1:45,4.98417,-2.62653,5.87417,-50.27373,7.28138,7.21012,2.39161,1.0618,64.13373,-7.561544,4.609519,0.546026,,,,,,,,,,,,-2.72382,3.80858,2.3537,50,5.09428,-6.11872,-101.30302,1.66149,-2.82219,17.00142,-28.22791,NMS_AGG,UNI_THE2,PresleyAskewField,D1,CUSA,20260310-PresleyAskewField-2,5bdb5210-1ce3-11f1-886b-8de6524961d4,69.03048,,,5.76115,,,,,,,6ee70939-121f-487f-ab01-d6bb8f265bb6,2026-03-11,00:43:43.94,2026-03-10T18:43:43.9429120-06:00,2026-03-11T00:43:43.9429120Z,,v3,471379,,,"Loving, Joshua",1000510771,Right,UNI_THE2,e123ab36-3f16-4d95-ab43-7af112d63ef3,54.62201,-102.07577,8.50071,4.9896,2.94451,-14.11396,2.6289,-5.99045,-1.4111,,,,,,,,,,,,,,,,,,,,,,,,,,,,,,,,,,,,,,,,,,,,,,,,,,,High,High,High,,,,,,,,,,,,,,,,,,,,,,,,,,,,,,,,,,,,,,,
288,2026-03-10,18:44:02.24,8,3,"Guerrero, Santiago",1000127632,Left,UNI_THE2,"Taclas, Aidan",838428,Left,NMS_AGG,Undefined,7,Bottom,2,1,1,Fastball,Changeup,FoulBallNotFieldable,Undefined,Undefined,Undefined,0,0,,76.85817,1.365759,1.490091,1626.472948,143.469794,10:45,5.12528,-2.33696,6.41615,-37.58384,8.29859,-5.19587,3.24952,-1.39978,71.06237,-5.654973,0.548656,0.487522,,,,,,,,,,,,3.09921,4.38473,2.23288,50,5.20554,-2.73696,-111.8117,1.65177,3.96206,18.30291,-26.56861,NMS_AGG,UNI_THE2,PresleyAskewField,D1,CUSA,20260310-PresleyAskewField-2,66ba5f00-1ce3-11f1-886b-8de6524961d4,77.31428,,,5.7958,,,,,,,6ee70939-121f-487f-ab01-d6bb8f265bb6,2026-03-11,00:44:02.24,2026-03-10T18:44:02.2482432-06:00,2026-03-11T00:44:02.2482432Z,,v3,471379,,,"Loving, Joshua",1000510771,Right,UNI_THE2,5f480e4d-0089-4c8a-93a7-85f432998a5f,54.08289,-112.47806,9.15146,5.1278,2.61907,-13.2843,2.33515,-2.88121,1.98103,,,,,,,,,,,,,,,,,,,,,,,,,,,,,,,,,,,,,,,,,,,,,,,,,,,High,High,High,,,,,,,,,,,,,,,,,,,,,,,,,,,,,,,,,,,,,,,
289,2026-03-10,18:44:23.86,8,4,"Guerrero, Santiago",1000127632,Left,UNI_THE2,"Taclas, Aidan",838428,Left,NMS_AGG,Undefined,7,Bottom,2,1,2,Slider,Curveball,BallCalled,Undefined,Undefined,Undefined,0,0,,72.38724,0.712316,3.639923,1905.274822,246.277883,2:15,4.92882,-2.38418,6.00454,-48.25215,5.56949,8.51308,1.56913,1.70216,66.04587,-8.21104,5.165486,0.528019,,,,,,,,,,,,-3.21878,3.22106,2.09337,50,4.95893,-6.96305,-104.86234,-0.04148,-3.54196,19.67365,-28.62958,NMS_AGG,UNI_THE2,PresleyAskewField,D1,CUSA,20260310-PresleyAskewField-2,73a5ddc0-1ce3-11f1-886b-8de6524961d4,71.38457,,,6.34136,,,,,,,6ee70939-121f-487f-ab01-d6bb8f265bb6,2026-03-11,00:44:23.86,2026-03-10T18:44:23.8676480-06:00,2026-03-11T00:44:23.8676480Z,,v3,471379,,,"Loving, Joshua",1000510771,Right,UNI_THE2,97ce7374-82dc-4bb8-bd35-b47ae9e5cdf2,54.49094,-105.70154,9.83682,4.93466,1.17975,-14.31479,2.38716,-6.81196,-1.77098,,,,,,,,,,,,,,,,,,,,,,,,,,,,,,,,,,,,,,,,,,,,,,,,,,,High,High,High,,,,,,,,,,,,,,,,,,,,,,,,,,,,,,,,,,,,,,,
290,2026-03-10,18:44:43.31,8,5,"Guerrero, Santiago",1000127632,Left,UNI_THE2,"Taclas, Aidan",838428,Left,NMS_AGG,Undefined,7,Bottom,2,2,2,Fastball,Changeup,InPlay,Undefined,LineDrive,Single,0,0,,78.56157,0.853782,2.522654,1583.618815,117.876956,10:00,5.12558,-2.17666,6.44664,-36.45876,8.03867,-12.46135,2.87261,-0.89584,71.67166,-5.992838,0.264223,0.480108,83.04139,15.98133,25.211484,972.753278,98.39655,19.65035,49.17433,214.26254,210.75543,27.391484,2.192415,7.26252,4.37996,2.00313,50,5.16986,-4.59876,-114.10747,0.70492,9.529,21.94636,-26.4272,NMS_AGG,UNI_THE2,PresleyAskewField,D1,CUSA,20260310-PresleyAskewField-2,7f385c30-1ce3-11f1-886b-8de6524961d4,78.50828,19.65035,,6.8899,,,,0.99245,3.06897,0.99171,6ee70939-121f-487f-ab01-d6bb8f265bb6,2026-03-11,00:44:43.31,2026-03-10T18:44:43.3189888-06:00,2026-03-11T00:44:43.3189888Z,LineDrive,v3,471379,,,"Loving, Joshua",1000510771,Right,UNI_THE2,49a3bdc7-f5ed-4096-adcd-bbb802dcba6d,54.05116,-114.88399,10.97318,5.12838,1.63999,-13.2136,2.17181,-4.93592,4.7645,,0.99243,105.9347,-11.9218,2.07951,-0.52849,0.16074,-0.0438,0.00523,8E-05,3.06897,33.53277,-18.07628,1.30507,-0.22689,0.05171,-0.01518,0.00531,-0.00082,0.99175,49.87131,-2.67671,-0.00708,0.25958,-0.24717,0.12279,-0.03174,0.00337,,,,,,,,,,,,,,,,,,,,,,,High,High,High,High,High,,,,,,,,,,,,,,,,,,,,,,,,,,,,,,,,,,,,,
291,2026-03-10,18:45:27.24,9,1,"Guerrero, Santiago",1000127632,Left,UNI_THE2,"Vest, Boston",838426,Right,NMS_AGG,Undefined,7,Bottom,2,0,0,Fastball,Changeup,HitByPitch,Undefined,Undefined,Undefined,0,0,,77.95949,-1.713612,5.584865,1542.107797,160.872885,11:15,5.17017,-2.16821,6.47047,-38.42986,6.76087,-1.8698,0.38599,2.82122,72.10746,-8.825705,5.247941,0.483834,,,,,,,,,,,,2.56217,4.27122,1.77455,50,5.03122,-10.98385,-112.90625,-4.41422,3.30961,20.42616,-26.65683,NMS_AGG,UNI_THE2,PresleyAskewField,D1,CUSA,20260310-PresleyAskewField-2,99573820-1ce3-11f1-886b-8de6524961d4,77.90372,,,5.85204,,,,,,,6ee70939-121f-487f-ab01-d6bb8f265bb6,2026-03-11,00:45:27.24,2026-03-10T18:45:27.2451584-06:00,2026-03-11T00:45:27.2451584Z,,v3,471379,,,"Loving, Joshua",1000510771,Right,UNI_THE2,1af2b6b5-e56c-4a8e-8cd8-c375f75de94e,54.03194,-113.63334,10.21308,5.17146,-3.46534,-13.32842,2.16763,-11.10166,1.6548,,,,,,,,,,,,,,,,,,,,,,,,,,,,,,,,,,,,,,,,,,,,,,,,,,,High,High,High,,,,,,,,,,,,,,,,,,,,,,,,,,,,,,,,,,,,,,,
292,2026-03-10,18:46:03.71,10,1,"Guerrero, Santiago",1000127632,Left,UNI_THE2,"Daniels, Chris",827428,Right,NMS_AGG,Undefined,7,Bottom,2,0,0,ChangeUp,Changeup,BallCalled,Undefined,Undefined,Undefined,0,0,,77.46062,1.092078,0.951271,1587.833313,136.782611,10:30,5.17707,-2.4298,6.4281,-33.59108,12.08178,-9.98788,3.38181,-2.38772,70.75133,-5.24164,-0.859362,0.486408,,,,,,,,,,,,5.44843,6.45426,2.36608,50,5.23972,-1.52004,-112.56454,1.25885,6.97428,20.87724,-23.91226,NMS_AGG,UNI_THE2,PresleyAskewField,D1,CUSA,20260310-PresleyAskewField-2,af222340-1ce3-11f1-886b-8de6524961d4,77.49144,,,6.70929,,,,,,,6ee70939-121f-487f-ab01-d6bb8f265bb6,2026-03-11,00:46:03.71,2026-03-10T18:46:03.7149696-06:00,2026-03-11T00:46:03.7149696Z,,v3,471379,,,"Loving, Joshua",1000510771,Right,UNI_THE2,eb33e0da-5183-430c-b2e0-2c2f65d4cb53,54.06746,-113.31641,10.43862,5.17888,2.12003,-11.95613,2.42534,-1.77122,3.48714,,,,,,,,,,,,,,,,,,,,,,,,,,,,,,,,,,,,,,,,,,,,,,,,,,,High,High,High,,,,,,,,,,,,,,,,,,,,,,,,,,,,,,,,,,,,,,,
293,2026-03-10,18:46:17.76,10,2,"Guerrero, Santiago",1000127632,Left,UNI_THE2,"Daniels, Chris",827428,Right,NMS_AGG,Undefined,7,Bottom,2,1,0,Slider,Curveball,BallCalled,Undefined,Undefined,Undefined,0,0,,72.28802,0.729905,1.401311,1904.956545,259.001663,2:45,4.97703,-2.57398,5.89245,-52.08097,2.11965,1.00224,1.31488,-1.18915,65.70619,-8.892031,1.581414,0.529875,,,,,,,,,,,,-0.05827,1.44843,2.46056,50,5.00639,-2.59992,-104.85197,-0.16698,-0.06385,20.28252,-30.58648,NMS_AGG,UNI_THE2,PresleyAskewField,D1,CUSA,20260310-PresleyAskewField-2,b7888f10-1ce3-11f1-886b-8de6524961d4,71.13457,,,6.58183,,,,,,,6ee70939-121f-487f-ab01-d6bb8f265bb6,2026-03-11,00:46:17.76,2026-03-10T18:46:17.7673216-06:00,2026-03-11T00:46:17.7673216Z,,v3,471379,,,"Loving, Joshua",1000510771,Right,UNI_THE2,4e37f79c-842c-458f-8938-c7aa16ab8739,54.60317,-105.73865,10.14126,4.98446,1.17015,-15.29324,2.57416,-2.59714,-0.03193,,,,,,,,,,,,,,,,,,,,,,,,,,,,,,,,,,,,,,,,,,,,,,,,,,,High,High,High,,,,,,,,,,,,,,,,,,,,,,,,,,,,,,,,,,,,,,,
294,2026-03-10,18:46:32.54,10,3,"Guerrero, Santiago",1000127632,Left,UNI_THE2,"Daniels, Chris",827428,Right,NMS_AGG,Undefined,7,Bottom,2,2,0,Slider,Curveball,StrikeSwinging,Undefined,Undefined,Undefined,0,0,,73.21792,2.308205,2.250732,1916.213644,195.299932,12:30,4.93459,-2.59272,5.87328,-43.87518,8.59209,1.88689,3.42498,-0.34395,66.75565,-5.83781,2.588576,0.521334,,,,,,,,,,,,-0.30587,4.26642,2.4096,50,5.09636,-4.23896,-106.14261,3.03101,-0.34758,18.83351,-27.32592,NMS_AGG,UNI_THE2,PresleyAskewField,D1,CUSA,20260310-PresleyAskewField-2,c04fb880-1ce3-11f1-886b-8de6524961d4,72.30005,,,6.46227,,,,,,,6ee70939-121f-487f-ab01-d6bb8f265bb6,2026-03-11,00:46:32.54,2026-03-10T18:46:32.5472256-06:00,2026-03-11T00:46:32.5472256Z,,v3,471379,,,"Loving, Joshua",1000510771,Right,UNI_THE2,eca0089c-3882-474e-b807-25f0614f8e81,54.62156,-106.95949,9.41676,4.93918,4.21625,-13.66296,2.59313,-4.22388,-0.17379,,,,,,,,,,,,,,,,,,,,,,,,,,,,,,,,,,,,,,,,,,,,,,,,,,,High,High,High,,,,,,,,,,,,,,,,,,,,,,,,,,,,,,,,,,,,,,,
295,2026-03-10,18:46:49.43,10,4,"Guerrero, Santiago",1000127632,Left,UNI_THE2,"Daniels, Chris",827428,Right,NMS_AGG,Undefined,7,Bottom,2,2,1,Fastball,Changeup,StrikeCalled,Undefined,Undefined,Undefined,0,0,,77.46549,0.224682,2.767983,1570.961391,135.606832,10:30,5.16694,-2.27555,6.56145,-33.90915,11.22898,-9.68347,2.5474,-0.5429,71.38797,-6.146428,1.00983,0.483552,,,,,,,,,,,,5.78969,6.26807,2.0885,50,5.16804,-5.1192,-112.59737,-0.43984,7.4776,19.29011,-24.07861,NMS_AGG,UNI_THE2,PresleyAskewField,D1,CUSA,20260310-PresleyAskewField-2,ca56b4f0-1ce3-11f1-886b-8de6524961d4,77.94907,,,6.07752,,,,,,,6ee70939-121f-487f-ab01-d6bb8f265bb6,2026-03-11,00:46:49.43,2026-03-10T18:46:49.4361600-06:00,2026-03-11T00:46:49.4361600Z,,v3,471379,,,"Loving, Joshua",1000510771,Right,UNI_THE2,a941b31b-9925-4898-8dda-fbf1a82561b1,53.93591,-113.26966,9.64505,5.16875,0.39934,-12.03931,2.27145,-5.37981,3.7388,,,,,,,,,,,,,,,,,,,,,,,,,,,,,,,,,,,,,,,,,,,,,,,,,,,High,High,High,,,,,,,,,,,,,,,,,,,,,,,,,,,,,,,,,,,,,,,
296,2026-03-10,18:47:06.06,10,5,"Guerrero, Santiago",1000127632,Left,UNI_THE2,"Daniels, Chris",827428,Right,NMS_AGG,Undefined,7,Bottom,2,2,2,Fastball,Changeup,InPlay,Undefined,FlyBall,Double,0,2,,78.44157,0.6494,4.002016,1672.114081,127.009049,10:15,5.15778,-2.47443,6.48856,-34.80096,9.45701,-10.79745,2.85536,0.30581,72.18773,-5.869971,2.04872,0.478814,76.59593,32.471853,35.266014,3936.803815,84.7114,51.41172,70.17037,264.23136,211.49845,44.82422,3.778209,6.72882,5.17882,2.19795,50,5.18801,-7.60551,-113.87886,0.35908,8.8852,19.82654,-25.3356,NMS_AGG,UNI_THE2,PresleyAskewField,D1,CUSA,20260310-PresleyAskewField-2,d445bc90-1ce3-11f1-886b-8de6524961d4,78.72038,54.37279,,6.25384,,,,1.08479,2.79223,-0.37529,6ee70939-121f-487f-ab01-d6bb8f265bb6,2026-03-11,00:47:06.06,2026-03-10T18:47:06.0664320-06:00,2026-03-11T00:47:06.0664320Z,FlyBall,v3,471379,,,"Loving, Joshua",1000510771,Right,UNI_THE2,a716a9c4-ab22-408c-86a0-2189332b745b,54.01037,-114.57494,9.91327,5.15979,1.24859,-12.6678,2.47045,-7.91746,4.4426,226.621699,1.08413,77.4052,-15.5148,4.10407,-0.9928,0.26885,-0.07434,0.01327,-0.00097,2.79332,60.2801,-19.1963,0.87898,0.2089,-0.20257,0.07069,-0.01133,0.00068,-0.37515,54.71757,-1.70508,-0.06304,0.05703,0.00735,-0.00935,0.00236,-0.0002,,,,,,,,,,,,,,,,,,,,,,,High,High,High,High,Medium,,,,,,,,,,,,,,,,,,,,,,,,,,,,,,,,,,,,,
297,2026-03-10,18:47:48.01,11,1,"Guerrero, Santiago",1000127632,Left,UNI_THE2,"Clough De Los Santos, Jonatan",10113700,Right,NMS_AGG,Undefined,7,Bottom,2,0,0,Fastball,Changeup,StrikeCalled,Undefined,Undefined,Undefined,0,0,,78.29552,-0.270568,3.068338,1677.478442,140.837623,10:45,5.19028,-2.17339,6.54686,-36.90549,7.17075,-4.82296,1.86635,0.24115,72.5702,-7.152842,2.193053,0.47783,,,,,,,,,,,,3.31626,4.2176,1.96314,50,5.15571,-5.94332,-113.83184,-1.53451,4.39182,19.07509,-26.58858,NMS_AGG,UNI_THE2,PresleyAskewField,D1,CUSA,20260310-PresleyAskewField-2,ed467e50-1ce3-11f1-886b-8de6524961d4,78.88249,,,5.72532,,,,,,,6ee70939-121f-487f-ab01-d6bb8f265bb6,2026-03-11,00:47:48.01,2026-03-10T18:47:48.0144384-06:00,2026-03-11T00:47:48.0144384Z,,v3,471379,,,"Loving, Joshua",1000510771,Right,UNI_THE2,4d9d6a8f-88c8-438f-95d1-6e175a6b7747,53.95235,-114.49223,9.53754,5.1929,-0.614,-13.29429,2.17154,-6.09537,2.19591,,,,,,,,,,,,,,,,,,,,,,,,,,,,,,,,,,,,,,,,,,,,,,,,,,,High,High,High,,,,,,,,,,,,,,,,,,,,,,,,,,,,,,,,,,,,,,,
298,2026-03-10,18:48:02.52,11,2,"Guerrero, Santiago",1000127632,Left,UNI_THE2,"Clough De Los Santos, Jonatan",10113700,Right,NMS_AGG,Undefined,7,Bottom,2,0,1,ChangeUp,Curveball,InPlay,Undefined,GroundBall,Out,1,0,,74.01495,0.338668,2.449248,1955.719482,220.389842,1:15,4.91032,-2.66203,5.89188,-43.97215,7.01555,4.6317,1.56072,-0.00064,68.15765,-7.771724,3.279811,0.51393,61.52331,-4.096348,27.795443,,,,,17.25008,15.35001,25.284455,0.172871,-1.70957,3.94351,2.46194,50,4.91217,-4.75506,-107.46992,-0.62751,-1.99942,18.62321,-27.56196,NMS_AGG,UNI_THE2,PresleyAskewField,D1,CUSA,20260310-PresleyAskewField-2,f5e7a930-1ce3-11f1-886b-8de6524961d4,73.34156,1.75245,,5.8573,,,,2.24066,1.75245,0.1223,6ee70939-121f-487f-ab01-d6bb8f265bb6,2026-03-11,00:48:02.52,2026-03-10T18:48:02.5200640-06:00,2026-03-11T00:48:02.5200640Z,GroundBall,v3,471379,,,"Loving, Joshua",1000510771,Right,UNI_THE2,b722e68c-bc54-4b6f-9868-88d9b7b9d54e,54.60656,-108.26524,9.3116,4.91383,0.54955,-13.78098,2.66319,-4.66967,-0.99971,314.04216,2.24094,79.59672,-13.50815,,,,,,,1.7531,-6.49567,-21.10911,,,,,,,0.12208,41.98734,-0.41889,,,,,,,,,,,,,,,,,,,,,,,,,,,,,High,High,High,High,High,,,,,,,,,,,,,,,,,,,,,,,,,,,,,,,,,,,,,
299,2026-03-10,18:50:34.25,1,1,"Yarc, Matthew",838431,Right,NMS_AGG,"Sedillo, Timrod",1000510767,Right,UNI_THE2,Undefined,8,Top,0,0,0,Fastball,Four-Seam,BallCalled,Undefined,Undefined,Undefined,0,0,,91.3512,-2.175496,-3.125044,2320.588327,194.111259,12:30,5.61953,1.51316,6.61041,-15.31635,17.16576,4.06851,2.34666,-1.01294,83.96648,-5.115673,-2.386586,0.410198,,,,,,,,,,,,-2.95756,9.90642,-1.30199,50,5.46457,7.08324,-132.64954,-5.43264,-5.29766,26.96579,-14.4295,NMS_AGG,UNI_THE2,PresleyAskewField,D1,CUSA,20260310-PresleyAskewField-2,505205f0-1ce4-11f1-886b-8de6524961d4,91.88841,,,7.38472,,,,,,,6ee70939-121f-487f-ab01-d6bb8f265bb6,2026-03-11,00:50:34.25,2026-03-10T18:50:34.2596096-06:00,2026-03-11T00:50:34.2596096Z,,v3,471379,,,"Massey, Noah",838425,Right,NMS_AGG,2c7a4fda-fcac-47e6-bac1-c4d77b5e270c,53.88709,-133.43739,13.4829,5.61713,-5.01106,-7.21475,-1.5112,7.23803,-2.64883,,,,,,,,,,,,,,,,,,,,,,,,,,,,,,,,,,,,,,,,,,,,,,,,,,,High,High,High,,,,,,,,,,,,,,,,,,,,,,,,,,,,,,,,,,,,,,,
300,2026-03-10,18:50:47.93,1,2,"Yarc, Matthew",838431,Right,NMS_AGG,"Sedillo, Timrod",1000510767,Right,UNI_THE2,Undefined,8,Top,0,1,0,Fastball,Four-Seam,InPlay,Undefined,FlyBall,Double,0,0,,89.55306,-1.660496,-2.987635,2323.896635,196.81392,12:30,5.64546,1.4266,6.50437,-16.82816,17.18497,4.87339,2.71665,-0.91174,82.05399,-4.885075,-2.104623,0.419754,95.55136,31.800796,14.688876,2629.558135,104.97838,61.11957,32.85635,373.38194,371.62418,21.785539,4.809755,-3.38977,9.80693,-1.21984,50,5.52176,6.60298,-130.05955,-4.2159,-5.81476,26.90178,-15.35136,NMS_AGG,UNI_THE2,PresleyAskewField,D1,CUSA,20260310-PresleyAskewField-2,5876add0-1ce4-11f1-886b-8de6524961d4,89.79655,83.31186,,7.49907,,,,1.95346,2.80207,0.88324,6ee70939-121f-487f-ab01-d6bb8f265bb6,2026-03-11,00:50:47.93,2026-03-10T18:50:47.9358464-06:00,2026-03-11T00:50:47.9358464Z,FlyBall,v3,471379,,,"Massey, Noah",838425,Right,NMS_AGG,5b3bb980-678c-4d8a-a73f-f0a2eda52785,53.99416,-130.88311,13.45089,5.64363,-3.74595,-7.67568,-1.4247,6.78099,-2.90738,207.989243,1.95484,115.18148,-21.60963,5.12116,-0.87149,0.11621,-0.01678,0.00235,-0.00015,2.8034,73.81847,-18.69761,0.86993,0.0951,-0.12097,0.03988,-0.0058,0.00031,0.88294,30.20917,0.19436,-0.30314,0.04828,0.00861,-0.00464,0.00071,-4E-05,,,,,,,,,,,,,,,,,,,,,,,High,High,High,High,High,,,,,,,,,,,,,,,,,,,,,,,,,,,,,,,,,,,,,
301,2026-03-10,18:51:45.56,2,1,"Yarc, Matthew",838431,Right,NMS_AGG,"Anderson, Jackson",1000510741,Right,UNI_THE2,Undefined,8,Top,0,0,0,Fastball,Four-Seam,BallCalled,Undefined,Undefined,Undefined,0,0,,88.96852,-0.594642,-2.437732,2175.462851,190.240195,12:15,5.67889,1.74233,6.59988,-18.29115,16.01737,2.70205,3.60936,-0.26707,81.42603,-4.099181,-1.946957,0.421573,,,,,,,,,,,,-2.08618,8.90784,-1.57704,50,5.63037,5.40063,-129.29558,-1.81704,-3.53571,26.65755,-17.07692,NMS_AGG,UNI_THE2,PresleyAskewField,D1,CUSA,20260310-PresleyAskewField-2,7ad533b0-1ce4-11f1-886b-8de6524961d4,89.4091,,,7.54249,,,,,,,6ee70939-121f-487f-ab01-d6bb8f265bb6,2026-03-11,00:51:45.56,2026-03-10T18:51:45.5692800-06:00,2026-03-11T00:51:45.5692800Z,,v3,471379,,,"Massey, Noah",838425,Right,NMS_AGG,23ec79ff-a849-464d-acb6-5e22a45c706c,53.89686,-130.09653,13.32878,5.67725,-1.30394,-8.53846,-1.74091,5.50686,-1.76785,,,,,,,,,,,,,,,,,,,,,,,,,,,,,,,,,,,,,,,,,,,,,,,,,,,High,High,High,,,,,,,,,,,,,,,,,,,,,,,,,,,,,,,,,,,,,,,
302,2026-03-10,18:52:01.52,2,2,"Yarc, Matthew",838431,Right,NMS_AGG,"Anderson, Jackson",1000510741,Right,UNI_THE2,Undefined,8,Top,0,1,0,Slider,Curveball,BallCalled,Undefined,Undefined,Undefined,0,0,,78.92817,-0.183267,-0.886462,2280.169781,32.742363,7:00,5.34741,1.95805,5.84675,-50.19026,-5.5241,-4.39114,0.99457,0.76831,73.16081,-9.345348,-1.676101,0.481017,,,,,,,,,,,,2.02992,-2.46583,-1.88329,50,5.3026,1.93541,-114.79196,-1.98013,2.71717,20.61682,-35.47473,NMS_AGG,UNI_THE2,PresleyAskewField,D1,CUSA,20260310-PresleyAskewField-2,84576fc0-1ce4-11f1-886b-8de6524961d4,78.35983,,,5.76736,,,,,,,6ee70939-121f-487f-ab01-d6bb8f265bb6,2026-03-11,00:52:01.52,2026-03-10T18:52:01.5276032-06:00,2026-03-11T00:52:01.5276032Z,,v3,471379,,,"Massey, Noah",838425,Right,NMS_AGG,5b5adc5e-6906-4dae-abcc-cb9fb772ed98,54.65453,-115.6249,10.30841,5.35364,-0.54692,-17.73737,-1.95927,1.82563,1.35858,,,,,,,,,,,,,,,,,,,,,,,,,,,,,,,,,,,,,,,,,,,,,,,,,,,High,High,High,,,,,,,,,,,,,,,,,,,,,,,,,,,,,,,,,,,,,,,
303,2026-03-10,18:52:20.33,2,3,"Yarc, Matthew",838431,Right,NMS_AGG,"Anderson, Jackson",1000510741,Right,UNI_THE2,Undefined,8,Top,0,2,0,Fastball,Four-Seam,BallCalled,Undefined,Undefined,Undefined,0,0,,88.53245,-0.141486,-2.456188,2237.024094,201.563992,12:45,5.62421,1.56552,6.42393,-17.99119,16.72899,6.20638,3.99478,-0.17634,81.31486,-3.57712,-1.332655,0.424094,,,,,,,,,,,,-3.86709,9.08674,-1.393,50,5.60561,5.27671,-128.68753,-0.79732,-6.52632,25.10409,-16.83877,NMS_AGG,UNI_THE2,PresleyAskewField,D1,CUSA,20260310-PresleyAskewField-2,8f8782e0-1ce4-11f1-886b-8de6524961d4,88.8775,,,7.2176,,,,,,,6ee70939-121f-487f-ab01-d6bb8f265bb6,2026-03-11,00:52:20.33,2026-03-10T18:52:20.3334656-06:00,2026-03-11T00:52:20.3334656Z,,v3,471379,,,"Massey, Noah",838425,Right,NMS_AGG,cd65cfcd-0c7e-48e3-a1ab-79dd3b366cee,54.0732,-129.47968,12.55204,5.62239,-0.26598,-8.41939,-1.56275,5.48265,-3.26316,,,,,,,,,,,,,,,,,,,,,,,,,,,,,,,,,,,,,,,,,,,,,,,,,,,High,High,High,,,,,,,,,,,,,,,,,,,,,,,,,,,,,,,,,,,,,,,
304,2026-03-10,18:52:36.43,2,4,"Yarc, Matthew",838431,Right,NMS_AGG,"Anderson, Jackson",1000510741,Right,UNI_THE2,Undefined,8,Top,0,3,0,Fastball,Four-Seam,StrikeCalled,Undefined,Undefined,Undefined,0,0,,87.30319,-1.561269,-1.658689,2125.692561,196.902035,12:30,5.63802,1.59308,6.56232,-19.45092,16.01127,4.54886,2.58485,0.45111,80.46903,-5.260874,-0.832044,0.428602,,,,,,,,,,,,-2.8141,9.14229,-1.48064,50,5.52193,3.50672,-126.96434,-3.97517,-4.62737,24.19786,-17.14085,NMS_AGG,UNI_THE2,PresleyAskewField,D1,CUSA,20260310-PresleyAskewField-2,9920f070-1ce4-11f1-886b-8de6524961d4,87.94274,,,6.83416,,,,,,,6ee70939-121f-487f-ab01-d6bb8f265bb6,2026-03-11,00:52:36.43,2026-03-10T18:52:36.4304384-06:00,2026-03-11T00:52:36.4304384Z,,v3,471379,,,"Massey, Noah",838425,Right,NMS_AGG,633f1417-0560-4433-98ca-51b7971abb88,53.93545,-127.71219,12.09893,5.63659,-3.44543,-8.57042,-1.59123,3.64973,-2.31368,,,,,,,,,,,,,,,,,,,,,,,,,,,,,,,,,,,,,,,,,,,,,,,,,,,High,High,High,,,,,,,,,,,,,,,,,,,,,,,,,,,,,,,,,,,,,,,
305,2026-03-10,18:52:51.93,2,5,"Yarc, Matthew",838431,Right,NMS_AGG,"Anderson, Jackson",1000510741,Right,UNI_THE2,Undefined,8,Top,0,3,1,Fastball,Four-Seam,StrikeCalled,Undefined,Undefined,Undefined,0,0,,87.36336,-0.732737,-1.698021,2165.51855,206.246232,12:45,5.75761,1.59348,6.53,-19.21379,16.32194,7.52071,3.48397,0.66211,80.21521,-4.400772,-0.332384,0.429046,,,,,,,,,,,,-4.38166,9.08296,-1.47852,50,5.69812,3.48012,-127.04441,-2.12869,-7.19391,24.91621,-17.26144,NMS_AGG,UNI_THE2,PresleyAskewField,D1,CUSA,20260310-PresleyAskewField-2,a25d22d0-1ce4-11f1-886b-8de6524961d4,87.85169,,,7.14814,,,,,,,6ee70939-121f-487f-ab01-d6bb8f265bb6,2026-03-11,00:52:51.93,2026-03-10T18:52:51.9351296-06:00,2026-03-11T00:52:51.9351296Z,,v3,471379,,,"Massey, Noah",838425,Right,NMS_AGG,7ab3ccda-aefd-469f-a587-2b4d091a3372,53.96717,-127.82009,12.4581,5.75603,-1.59132,-8.63072,-1.59034,3.70408,-3.59696,,,,,,,,,,,,,,,,,,,,,,,,,,,,,,,,,,,,,,,,,,,,,,,,,,,High,High,High,,,,,,,,,,,,,,,,,,,,,,,,,,,,,,,,,,,,,,,
306,2026-03-10,18:53:08.55,2,6,"Yarc, Matthew",838431,Right,NMS_AGG,"Anderson, Jackson",1000510741,Right,UNI_THE2,Undefined,8,Top,0,3,2,Fastball,Four-Seam,BallCalled,Walk,Undefined,Undefined,0,0,,86.9097,-3.170531,-3.075024,2194.570344,207.903032,1:00,5.57202,1.52084,6.39505,-21.58816,14.52442,7.12839,0.84995,-0.71588,80.38102,-7.223432,-1.785082,0.432515,,,,,,,,,,,,-4.56721,8.74784,-1.30342,50,5.3339,6.51999,-126.15109,-7.61142,-7.41963,23.71308,-17.96285,NMS_AGG,UNI_THE2,PresleyAskewField,D1,CUSA,20260310-PresleyAskewField-2,ac3dab80-1ce4-11f1-886b-8de6524961d4,87.14722,,,6.52868,,,,,,,6ee70939-121f-487f-ab01-d6bb8f265bb6,2026-03-11,00:53:08.55,2026-03-10T18:53:08.5542400-06:00,2026-03-11T00:53:08.5542400Z,,v3,471379,,,"Massey, Noah",838425,Right,NMS_AGG,31168069-c5c7-44c3-a7af-0d74cf72189a,54.10547,-126.92046,11.85654,5.5714,-7.02862,-8.98142,-1.51886,6.76072,-3.70982,,,,,,,,,,,,,,,,,,,,,,,,,,,,,,,,,,,,,,,,,,,,,,,,,,,High,High,High,,,,,,,,,,,,,,,,,,,,,,,,,,,,,,,,,,,,,,,
307,2026-03-10,18:53:37.96,3,1,"Yarc, Matthew",838431,Right,NMS_AGG,"Shin, Dong Joon",1000189267,Right,UNI_THE2,Undefined,8,Top,0,0,0,Slider,Curveball,StrikeCalled,Undefined,Undefined,Undefined,0,0,,80.02487,2.293785,-1.766781,2283.506026,30.939177,7:00,5.3079,2.02985,5.80913,-49.07605,-5.57985,-4.08918,3.3534,0.04562,73.85161,-6.692868,-2.499087,0.474676,,,,,,,,,,,,1.62536,-3.03288,-1.88256,50,5.46688,3.74269,-116.25713,3.02597,2.23933,20.43184,-36.35261,NMS_AGG,UNI_THE2,PresleyAskewField,D1,CUSA,20260310-PresleyAskewField-2,bdd54d30-1ce4-11f1-886b-8de6524961d4,79.40672,,,6.17325,,,,,,,6ee70939-121f-487f-ab01-d6bb8f265bb6,2026-03-11,00:53:37.96,2026-03-10T18:53:37.9687424-06:00,2026-03-11T00:53:37.9687424Z,,v3,471379,,,"Massey, Noah",838425,Right,NMS_AGG,e989b99c-440c-4a66-8fe4-20b877fa6c16,54.69112,-117.07868,10.21592,5.31582,4.48768,-18.17631,-2.03124,3.65265,1.11966,,,,,,,,,,,,,,,,,,,,,,,,,,,,,,,,,,,,,,,,,,,,,,,,,,,High,High,High,,,,,,,,,,,,,,,,,,,,,,,,,,,,,,,,,,,,,,,
308,2026-03-10,18:53:52.86,3,2,"Yarc, Matthew",838431,Right,NMS_AGG,"Shin, Dong Joon",1000189267,Right,UNI_THE2,Undefined,8,Top,0,0,1,Fastball,Four-Seam,InPlay,Undefined,LineDrive,Error,0,1,,88.20866,-0.170677,-1.938226,2310.552874,198.201964,12:30,5.7419,1.62186,6.46662,-18.42414,16.55481,5.09658,4.04971,0.26576,80.85617,-3.693574,-1.014289,0.425672,103.44194,17.618721,-19.23244,1099.981077,103.78289,32.37999,-36.45696,345.61292,333.98217,-19.170697,3.466698,-3.20414,9.05032,-1.48737,50,5.72147,4.14832,-128.26436,-0.87363,-5.35406,25.77351,-17.05115,NMS_AGG,UNI_THE2,PresleyAskewField,D1,CUSA,20260310-PresleyAskewField-2,c6ab6ac0-1ce4-11f1-886b-8de6524961d4,88.54816,40.55106,,7.3525,,,,1.45361,4.06544,-0.27365,6ee70939-121f-487f-ab01-d6bb8f265bb6,2026-03-11,00:53:52.86,2026-03-10T18:53:52.8651264-06:00,2026-03-11T00:53:52.8651264Z,LineDrive,v3,471379,,,"Massey, Noah",838425,Right,NMS_AGG,a0ee88d8-f0f7-419d-8447-f81f8994ff39,54.03179,-129.07197,12.88676,5.74047,-0.33934,-8.52557,-1.61998,4.31609,-2.67703,172.193896,1.45365,136.52638,-22.72334,5.31834,-1.15819,0.22834,-0.03674,0.00403,-0.00021,4.06543,45.92178,-15.23778,0.47163,0.03661,-0.0225,0.00432,-0.00011,-3E-05,-0.27368,-47.62979,6.71972,-1.03298,0.12837,-0.00731,-0.00153,0.00046,-4E-05,,,,,,,,,,,,,,,,,,,,,,,High,High,High,High,High,,,,,,,,,,,,,,,,,,,,,,,,,,,,,,,,,,,,,
309,2026-03-10,18:54:45.28,4,1,"Yarc, Matthew",838431,Right,NMS_AGG,"Arenibas, Elijah",1000510722,Right,UNI_THE2,Undefined,8,Top,0,0,0,Fastball,Four-Seam,StrikeCalled,Undefined,Undefined,Undefined,0,0,,88.41168,-2.679471,-2.899901,2163.794499,197.998608,12:30,5.66506,1.50326,6.5865,-19.57977,15.00989,4.54945,1.57316,-0.77718,81.72078,-6.383571,-2.073815,0.423296,,,,,,,,,,,,-3.12906,8.89678,-1.30651,50,5.47292,6.33582,-128.41071,-6.54754,-5.27254,24.30593,-17.18269,NMS_AGG,UNI_THE2,PresleyAskewField,D1,CUSA,20260310-PresleyAskewField-2,e5ed2040-1ce4-11f1-886b-8de6524961d4,89.04501,,,6.6909,,,,,,,6ee70939-121f-487f-ab01-d6bb8f265bb6,2026-03-11,00:54:45.28,2026-03-10T18:54:45.2898816-06:00,2026-03-11T00:54:45.2898816Z,,v3,471379,,,"Massey, Noah",838425,Right,NMS_AGG,9380b88e-2283-4500-a0ca-b31947084bf7,53.91208,-129.14908,12.15297,5.66389,-6.02556,-8.59135,-1.50141,6.49599,-2.63627,,,,,,,,,,,,,,,,,,,,,,,,,,,,,,,,,,,,,,,,,,,,,,,,,,,High,High,High,,,,,,,,,,,,,,,,,,,,,,,,,,,,,,,,,,,,,,,
310,2026-03-10,18:54:59.92,4,2,"Yarc, Matthew",838431,Right,NMS_AGG,"Arenibas, Elijah",1000510722,Right,UNI_THE2,Undefined,8,Top,0,0,1,Fastball,Four-Seam,InPlay,Undefined,GroundBall,Single,0,2,,88.01733,-1.637128,-1.440673,2211.3644,191.098524,12:15,5.70069,1.5567,6.5832,-18.47115,16.54591,3.03433,2.66029,0.48906,80.75658,-5.16794,-0.888988,0.425904,96.96095,0.511042,-21.015906,1984.567853,,,,51.07968,48.53562,-21.787874,0.369864,-1.99516,9.49083,-1.45926,50,5.58054,3.10611,-127.97568,-4.1386,-3.31531,25.92469,-16.40338,NMS_AGG,UNI_THE2,PresleyAskewField,D1,CUSA,20260310-PresleyAskewField-2,eea0c1b0-1ce4-11f1-886b-8de6524961d4,88.49994,2.56307,,7.26075,,,,0.84073,2.54573,-0.36535,6ee70939-121f-487f-ab01-d6bb8f265bb6,2026-03-11,00:54:59.92,2026-03-10T18:54:59.9213056-06:00,2026-03-11T00:54:59.9213056Z,GroundBall,v3,471379,,,"Massey, Noah",838425,Right,NMS_AGG,d33a13a2-15dc-4353-91a8-79ce41423010,53.91497,-128.76631,12.96235,5.69913,-3.63834,-8.20169,-1.55553,3.20722,-1.65765,38.97512,0.84617,132.54796,-17.87502,,,,,,,2.55216,1.03632,-21.50338,,,,,,,-0.3646,-51.02551,2.02522,,,,,,,,,,,,,,,,,,,,,,,,,,,,,High,High,High,High,High,,,,,,,,,,,,,,,,,,,,,,,,,,,,,,,,,,,,,
311,2026-03-10,18:55:41.57,5,1,"Yarc, Matthew",838431,Right,NMS_AGG,"Trujillo, Jadon",1000207236,Right,UNI_THE2,Undefined,8,Top,0,0,0,Slider,Curveball,BallCalled,Undefined,Undefined,Undefined,0,0,,79.00554,-0.633987,-3.785997,2243.418036,37.990107,7:15,5.40436,1.92243,5.7711,-50.04656,-5.61485,-5.27359,0.64253,-2.04531,74.12543,-9.693362,-4.728988,0.479753,,,,,,,,,,,,1.82957,-2.47658,-1.60578,50,5.32075,7.78389,-114.77674,-2.89059,2.4756,18.38895,-35.52511,NMS_AGG,UNI_THE2,PresleyAskewField,D1,CUSA,20260310-PresleyAskewField-2,077c2120-1ce5-11f1-886b-8de6524961d4,78.56632,,,4.88011,,,,,,,6ee70939-121f-487f-ab01-d6bb8f265bb6,2026-03-11,00:55:41.57,2026-03-10T18:55:41.5790080-06:00,2026-03-11T00:55:41.5790080Z,,v3,471379,,,"Massey, Noah",838425,Right,NMS_AGG,a80919f8-8bd5-43a4-9142-b99053ad7097,54.7316,-115.53233,9.19448,5.40953,-1.4309,-17.76256,-1.92352,7.68217,1.2378,,,,,,,,,,,,,,,,,,,,,,,,,,,,,,,,,,,,,,,,,,,,,,,,,,,High,High,High,,,,,,,,,,,,,,,,,,,,,,,,,,,,,,,,,,,,,,,
312,2026-03-10,18:56:02.09,5,2,"Yarc, Matthew",838431,Right,NMS_AGG,"Trujillo, Jadon",1000207236,Right,UNI_THE2,Undefined,8,Top,0,1,0,Fastball,Cutter,InPlay,Undefined,FlyBall,Out,1,0,,88.25563,-1.832476,-2.19294,2238.637632,192.867868,12:30,5.59896,1.55768,6.61832,-22.05942,12.27485,2.59776,2.08072,-0.23508,82.1918,-5.977537,-1.720499,0.421731,87.14383,33.728483,9.758178,4099.968813,107.31698,65.4891,24.14644,337.25157,329.96018,18.901959,5.080573,-1.88185,7.19087,-1.40986,50,5.46512,4.82442,-128.432,-4.73469,-3.19674,22.35512,-19.95886,NMS_AGG,UNI_THE2,PresleyAskewField,D1,CUSA,20260310-PresleyAskewField-2,13b71490-1ce5-11f1-886b-8de6524961d4,89.3756,84.91404,,6.06383,,,,0.98384,2.0764,0.23782,6ee70939-121f-487f-ab01-d6bb8f265bb6,2026-03-11,00:56:02.09,2026-03-10T18:56:02.0997632-06:00,2026-03-11T00:56:02.0997632Z,FlyBall,v3,471379,,,"Massey, Noah",838425,Right,NMS_AGG,8f05ebd2-802e-4187-858d-000a4f0c4e9f,53.88167,-129.10588,11.17756,5.59878,-4.13304,-9.97943,-1.55674,4.92079,-1.59837,201.12184,0.98591,104.72015,-19.34274,4.3759,-0.79277,0.12548,-0.01893,0.00223,-0.00012,2.07659,70.95492,-16.57873,0.52052,0.20439,-0.14709,0.04202,-0.00564,0.00029,0.23767,18.01863,1.49006,-0.4024,0.11137,-0.02683,0.00493,-0.00055,3E-05,,,,,,,,,,,,,,,,,,,,,,,High,High,High,High,High,,,,,,,,,,,,,,,,,,,,,,,,,,,,,,,,,,,,,
313,2026-03-10,18:56:40.27,6,1,"Yarc, Matthew",838431,Right,NMS_AGG,"Garcia, Santiago",10147459,Left,UNI_THE2,Undefined,8,Top,1,0,0,Slider,Curveball,StrikeCalled,Undefined,Undefined,Undefined,0,0,,77.68081,2.378446,-1.882506,2260.554962,49.514104,7:45,5.46883,1.88022,5.86276,-49.21766,-3.74473,-5.68276,3.57933,-0.34277,72.64596,-6.615006,-2.900819,0.485342,,,,,,,,,,,,2.50012,-2.08209,-1.72429,50,5.63276,3.9192,-112.99757,3.13472,3.30002,16.55833,-34.92227,NMS_AGG,UNI_THE2,PresleyAskewField,D1,CUSA,20260310-PresleyAskewField-2,2a7a6970-1ce5-11f1-886b-8de6524961d4,77.6616,,,5.03485,,,,,,,6ee70939-121f-487f-ab01-d6bb8f265bb6,2026-03-11,00:56:40.27,2026-03-10T18:56:40.2755072-06:00,2026-03-11T00:56:40.2755072Z,,v3,471379,,,"Massey, Noah",838425,Right,NMS_AGG,dcb15ca2-c171-4ec0-bfae-3e5c1bfe264d,54.63906,-113.67534,8.27917,5.47519,4.56415,-17.46114,-1.88195,3.78412,1.65001,,,,,,,,,,,,,,,,,,,,,,,,,,,,,,,,,,,,,,,,,,,,,,,,,,,High,High,High,,,,,,,,,,,,,,,,,,,,,,,,,,,,,,,,,,,,,,,
314,2026-03-10,18:56:56.25,6,2,"Yarc, Matthew",838431,Right,NMS_AGG,"Garcia, Santiago",10147459,Left,UNI_THE2,Undefined,8,Top,1,0,1,Slider,Curveball,BallCalled,Undefined,Undefined,Undefined,0,0,,78.14036,-0.368579,-3.405344,2291.307574,40.896459,7:15,5.39258,1.75571,5.82082,-53.24507,-7.65441,-7.71268,0.61221,-2.05671,72.93457,-10.026113,-4.787107,0.48597,,,,,,,,,,,,3.11382,-3.55725,-1.47217,50,5.33012,7.02825,-113.5179,-2.42936,4.09153,19.42115,-36.84825,NMS_AGG,UNI_THE2,PresleyAskewField,D1,CUSA,20260310-PresleyAskewField-2,34038350-1ce5-11f1-886b-8de6524961d4,77.5613,,,5.20579,,,,,,,6ee70939-121f-487f-ab01-d6bb8f265bb6,2026-03-11,00:56:56.25,2026-03-10T18:56:56.2591232-06:00,2026-03-11T00:56:56.2591232Z,,v3,471379,,,"Massey, Noah",838425,Right,NMS_AGG,3ba03013-89bd-4b16-834a-d8864899bc76,54.68176,-114.31607,9.71057,5.39885,-0.91497,-18.42412,-1.75756,6.8601,2.04576,,,,,,,,,,,,,,,,,,,,,,,,,,,,,,,,,,,,,,,,,,,,,,,,,,,High,High,High,,,,,,,,,,,,,,,,,,,,,,,,,,,,,,,,,,,,,,,
315,2026-03-10,18:57:15.49,6,3,"Yarc, Matthew",838431,Right,NMS_AGG,"Garcia, Santiago",10147459,Left,UNI_THE2,Undefined,8,Top,1,1,1,Slider,Curveball,InPlay,Undefined,LineDrive,Out,2,0,,76.80036,1.302827,-1.775379,2162.215812,70.369836,8:15,5.38877,1.92138,5.80354,-48.63692,-1.61815,-8.13394,2.54812,-0.40808,71.3606,-7.59353,-3.232571,0.493523,89.79164,22.227002,1.798328,2198.370044,109.54201,36.41378,10.02548,322.23679,313.1155,10.446194,3.553362,3.74205,-0.80232,-1.77062,50,5.46625,3.75124,-111.67381,1.02255,4.77421,18.17118,-33.19769,NMS_AGG,UNI_THE2,PresleyAskewField,D1,CUSA,20260310-PresleyAskewField-2,3f7c1120-1ce5-11f1-886b-8de6524961d4,76.37428,42.63988,,5.43975,,,,1.11516,2.53646,0.40758,6ee70939-121f-487f-ab01-d6bb8f265bb6,2026-03-11,00:57:15.49,2026-03-10T18:57:15.4925568-06:00,2026-03-11T00:57:15.4925568Z,LineDrive,v3,471379,,,"Massey, Noah",838425,Right,NMS_AGG,69d227cf-dde0-4513-a44f-4728fef566d7,54.69753,-112.43558,9.08559,5.39422,2.41426,-16.59885,-1.92368,3.5511,2.38711,234.250705,1.11486,121.85915,-15.88577,3.33083,-0.8181,0.2518,-0.07462,0.01365,-0.00101,2.53686,49.80315,-16.49288,0.4849,0.26169,-0.18944,0.06796,-0.01174,0.00078,0.40766,3.82278,7.81996,-2.56927,0.72755,-0.18209,0.03986,-0.00579,0.00037,,,,,,,,,,,,,,,,,,,,,,,High,High,High,High,High,,,,,,,,,,,,,,,,,,,,,,,,,,,,,,,,,,,,,
316,2026-03-10,19:01:06.66,1,1,"Guerrero, Santiago",1000127632,Left,UNI_THE2,"Rulli, Easton",702537,Right,NMS_AGG,Undefined,8,Bottom,0,0,0,Slider,Changeup,FoulBallNotFieldable,Undefined,Undefined,Undefined,0,0,,76.68143,-0.109567,2.272438,1580.752172,128.544764,10:15,5.14226,-2.2229,6.55413,-39.8751,6.07016,-5.96256,1.71879,-0.63508,71.0389,-7.543534,1.188601,0.487856,,,,,,,,,,,,3.75221,3.58225,2.06862,50,5.1175,-4.23888,-111.5623,-1.26748,4.76291,18.71894,-27.62687,NMS_AGG,UNI_THE2,PresleyAskewField,D1,CUSA,20260310-PresleyAskewField-2,c9429af0-1ce5-11f1-886b-8de6524961d4,77.26138,,,5.64253,,,,,,,6ee70939-121f-487f-ab01-d6bb8f265bb6,2026-03-11,01:01:06.66,2026-03-10T19:01:06.6609152-06:00,2026-03-11T01:01:06.6609152Z,,v3,471379,,,"Loving, Joshua",1000510771,Right,UNI_THE2,8796bad4-3f37-4faf-a186-a6fc6ef3f96f,53.946,-112.22245,9.35947,5.14502,-0.29319,-13.81344,2.22107,-4.40685,2.38145,,,,,,,,,,,,,,,,,,,,,,,,,,,,,,,,,,,,,,,,,,,,,,,,,,,High,High,High,,,,,,,,,,,,,,,,,,,,,,,,,,,,,,,,,,,,,,,
317,2026-03-10,19:01:25.30,1,2,"Guerrero, Santiago",1000127632,Left,UNI_THE2,"Rulli, Easton",702537,Right,NMS_AGG,Undefined,8,Bottom,0,0,1,ChangeUp,Changeup,BallCalled,Undefined,Undefined,Undefined,0,0,,77.15479,-0.013152,0.620637,1605.608074,163.495435,11:30,5.10537,-2.377,6.42324,-37.04116,8.55587,-2.14366,2.00652,-1.98514,71.34779,-6.926297,0.231658,0.486004,,,,,,,,,,,,1.28079,4.89559,2.33369,50,5.08764,-1.14417,-112.26636,-1.0317,1.64615,18.97934,-25.88185,NMS_AGG,UNI_THE2,PresleyAskewField,D1,CUSA,20260310-PresleyAskewField-2,d464cb60-1ce5-11f1-886b-8de6524961d4,77.55586,,,5.807,,,,,,,6ee70939-121f-487f-ab01-d6bb8f265bb6,2026-03-11,01:01:25.30,2026-03-10T19:01:25.3046272-06:00,2026-03-11T01:01:25.3046272Z,,v3,471379,,,"Loving, Joshua",1000510771,Right,UNI_THE2,46323a32-15b9-4a29-8f27-a27530a6a547,54.07473,-112.95311,9.48967,5.10803,-0.09517,-12.94092,2.37617,-1.20374,0.82308,,,,,,,,,,,,,,,,,,,,,,,,,,,,,,,,,,,,,,,,,,,,,,,,,,,High,High,High,,,,,,,,,,,,,,,,,,,,,,,,,,,,,,,,,,,,,,,
318,2026-03-10,19:01:40.26,1,3,"Guerrero, Santiago",1000127632,Left,UNI_THE2,"Rulli, Easton",702537,Right,NMS_AGG,Undefined,8,Bottom,0,1,1,Slider,Curveball,StrikeCalled,Undefined,Undefined,Undefined,0,0,,71.73676,0.909921,0.947727,1917.965704,244.147572,2:15,4.88425,-2.75563,5.87529,-48.7427,5.53835,7.95559,1.66764,-1.21238,66.04004,-8.07682,2.376105,0.530268,,,,,,,,,,,,-3.8102,3.09331,2.6744,50,4.92961,-1.99345,-104.21536,0.27564,-4.1883,17.59392,-28.77377,NMS_AGG,UNI_THE2,PresleyAskewField,D1,CUSA,20260310-PresleyAskewField-2,dd54b280-1ce5-11f1-886b-8de6524961d4,71.08184,,,5.69672,,,,,,,6ee70939-121f-487f-ab01-d6bb8f265bb6,2026-03-11,01:01:40.26,2026-03-10T19:01:40.2639872-06:00,2026-03-11T01:01:40.2639872Z,,v3,471379,,,"Loving, Joshua",1000510771,Right,UNI_THE2,6454e328-cbcf-4700-81fd-4a5a28967347,54.62239,-104.99282,8.79696,4.88934,1.54714,-14.38688,2.7584,-1.80838,-2.09415,,,,,,,,,,,,,,,,,,,,,,,,,,,,,,,,,,,,,,,,,,,,,,,,,,,High,High,High,,,,,,,,,,,,,,,,,,,,,,,,,,,,,,,,,,,,,,,
319,2026-03-10,19:01:56.30,1,4,"Guerrero, Santiago",1000127632,Left,UNI_THE2,"Rulli, Easton",702537,Right,NMS_AGG,Undefined,8,Bottom,0,1,2,Fastball,Changeup,BallCalled,Undefined,Undefined,Undefined,0,0,,78.41438,2.10318,2.395228,1662.16013,159.758696,11:15,5.12064,-2.27348,6.41569,-33.72077,10.54438,-3.42158,4.24663,-0.35535,72.15348,-4.222914,1.776258,0.478853,,,,,,,,,,,,2.3924,5.37272,2.10384,50,5.25557,-4.64663,-113.91943,3.27344,3.16904,19.36162,-25.05723,NMS_AGG,UNI_THE2,PresleyAskewField,D1,CUSA,20260310-PresleyAskewField-2,e6d58f00-1ce5-11f1-886b-8de6524961d4,78.71398,,,6.2609,,,,,,,6ee70939-121f-487f-ab01-d6bb8f265bb6,2026-03-11,01:01:56.30,2026-03-10T19:01:56.3077632-06:00,2026-03-11T01:01:56.3077632Z,,v3,471379,,,"Loving, Joshua",1000510771,Right,UNI_THE2,6b2162f2-4ddc-4a3b-899f-194e3947cb86,54.08154,-114.61102,9.68081,5.12265,4.16847,-12.52862,2.27184,-4.75983,1.58452,,,,,,,,,,,,,,,,,,,,,,,,,,,,,,,,,,,,,,,,,,,,,,,,,,,High,High,High,,,,,,,,,,,,,,,,,,,,,,,,,,,,,,,,,,,,,,,
320,2026-03-10,19:02:11.77,1,5,"Guerrero, Santiago",1000127632,Left,UNI_THE2,"Rulli, Easton",702537,Right,NMS_AGG,Undefined,8,Bottom,0,2,2,Slider,Curveball,BallCalled,Undefined,Undefined,Undefined,0,0,,73.25366,-1.347576,3.489725,1869.976677,240.62702,2:00,4.84564,-2.666,6.07634,-47.61416,4.79425,5.32544,-0.37159,1.01063,67.12967,-10.114194,4.447744,0.521041,,,,,,,,,,,,-1.69807,3.28847,2.39288,50,4.7156,-6.64548,-106.18609,-3.80606,-1.91222,20.50796,-28.47088,NMS_AGG,UNI_THE2,PresleyAskewField,D1,CUSA,20260310-PresleyAskewField-2,f00f5060-1ce5-11f1-886b-8de6524961d4,72.34064,,,6.124,,,,,,,6ee70939-121f-487f-ab01-d6bb8f265bb6,2026-03-11,01:02:11.77,2026-03-10T19:02:11.7774336-06:00,2026-03-11T01:02:11.7774336Z,,v3,471379,,,"Loving, Joshua",1000510771,Right,UNI_THE2,2a85ef83-811a-495e-a5a3-e5e49d1ec02b,54.42332,-107.03697,10.25398,4.84901,-2.6248,-14.23544,2.66696,-6.56615,-0.95611,,,,,,,,,,,,,,,,,,,,,,,,,,,,,,,,,,,,,,,,,,,,,,,,,,,High,High,High,,,,,,,,,,,,,,,,,,,,,,,,,,,,,,,,,,,,,,,
321,2026-03-10,19:02:57.21,1,6,"Guerrero, Santiago",1000127632,Left,UNI_THE2,"Rulli, Easton",702537,Right,NMS_AGG,Undefined,8,Bottom,0,3,2,Fastball,Changeup,FoulBallNotFieldable,Undefined,Undefined,Undefined,0,0,,77.2982,-0.060873,2.281083,1569.946812,150.458319,11:00,5.07001,-2.36313,6.35177,-36.72695,8.94898,-4.30713,1.95336,-0.62136,71.36039,-6.90913,1.501613,0.486424,,,,,,,,,,,,2.8741,5.06174,2.19973,50,5.04811,-4.3355,-112.39395,-1.12019,3.69469,19.42385,-25.66713,NMS_AGG,UNI_THE2,PresleyAskewField,D1,CUSA,20260310-PresleyAskewField-2,0b2313a0-1ce6-11f1-886b-8de6524961d4,77.48883,,,5.9378,,,,,,,6ee70939-121f-487f-ab01-d6bb8f265bb6,2026-03-11,01:02:57.21,2026-03-10T19:02:57.2111360-06:00,2026-03-11T01:02:57.2111360Z,,v3,471379,,,"Loving, Joshua",1000510771,Right,UNI_THE2,4847aeec-e445-477e-873d-1ce3f078984a,54.14784,-113.1085,9.71193,5.07195,-0.17596,-12.83356,2.36172,-4.47142,1.84735,,,,,,,,,,,,,,,,,,,,,,,,,,,,,,,,,,,,,,,,,,,,,,,,,,,High,High,High,,,,,,,,,,,,,,,,,,,,,,,,,,,,,,,,,,,,,,,
322,2026-03-10,19:03:14.85,1,7,"Guerrero, Santiago",1000127632,Left,UNI_THE2,"Rulli, Easton",702537,Right,NMS_AGG,Undefined,8,Bottom,0,3,2,Fastball,Changeup,InPlay,Undefined,GroundBall,Error,0,0,,78.10763,-1.304887,3.126207,1564.645213,132.918542,10:30,5.02847,-2.36413,6.52143,-35.46742,9.24756,-8.44288,0.87366,-0.19664,71.91067,-7.935036,1.593819,0.48128,98.75682,4.081959,-18.643145,1625.24471,,,,79.63084,71.97839,-19.142239,0.572543,5.33894,5.61465,2.15012,50,4.92212,-5.92033,-113.44802,-3.53054,6.96001,20.69924,-24.85457,NMS_AGG,UNI_THE2,PresleyAskewField,D1,CUSA,20260310-PresleyAskewField-2,15a819b0-1ce6-11f1-886b-8de6524961d4,78.31705,2.26275,,6.19696,,,,3.10117,1.06391,0.31876,6ee70939-121f-487f-ab01-d6bb8f265bb6,2026-03-11,01:03:14.85,2026-03-10T19:03:14.8536320-06:00,2026-03-11T01:03:14.8536320Z,GroundBall,v3,471379,,,"Loving, Joshua",1000510771,Right,UNI_THE2,2c149774-f302-4504-a75a-1ae554388bfc,53.97769,-114.17146,10.34962,5.03033,-2.66187,-12.42729,2.36129,-6.16359,3.48,54.859632,3.12437,136.34915,-18.25507,,,,,,,1.08576,9.79598,-20.48438,,,,,,,0.32486,-46.32988,0.25417,,,,,,,,,,,,,,,,,,,,,,,,,,,,,High,High,High,High,High,,,,,,,,,,,,,,,,,,,,,,,,,,,,,,,,,,,,,
323,2026-03-10,19:03:47.64,2,1,"Guerrero, Santiago",1000127632,Left,UNI_THE2,"Massey, Noah",838425,Right,NMS_AGG,Undefined,8,Bottom,0,0,0,Fastball,Changeup,BallCalled,Undefined,Undefined,Undefined,0,0,,77.18554,0.461572,2.263782,1554.936437,140.19062,10:45,5.12822,-2.29225,6.37306,-34.25002,11.67497,-8.558,2.69907,-0.92151,70.87821,-5.964828,0.714836,0.487748,,,,,,,,,,,,5.05327,6.40752,2.13252,50,5.14567,-4.13755,-112.15575,-0.01372,6.45349,19.78561,-23.99107,NMS_AGG,UNI_THE2,PresleyAskewField,D1,CUSA,20260310-PresleyAskewField-2,293a79f0-1ce6-11f1-886b-8de6524961d4,77.27843,,,6.30733,,,,,,,6ee70939-121f-487f-ab01-d6bb8f265bb6,2026-03-11,01:03:47.64,2026-03-10T19:03:47.6486144-06:00,2026-03-11T01:03:47.6486144Z,,v3,471379,,,"Loving, Joshua",1000510771,Right,UNI_THE2,6cd36081-5b0d-4677-83ba-6b7e01cd99dd,54.12346,-112.88083,9.89281,5.13007,0.86548,-11.99554,2.28848,-4.37405,3.22675,,,,,,,,,,,,,,,,,,,,,,,,,,,,,,,,,,,,,,,,,,,,,,,,,,,High,High,High,,,,,,,,,,,,,,,,,,,,,,,,,,,,,,,,,,,,,,,
324,2026-03-10,19:04:03.59,2,2,"Guerrero, Santiago",1000127632,Left,UNI_THE2,"Massey, Noah",838425,Right,NMS_AGG,Undefined,8,Bottom,0,1,0,Fastball,Changeup,BallCalled,Undefined,Undefined,Undefined,0,0,,78.46488,-0.011045,4.39963,1618.471445,146.67243,11:00,5.05087,-2.1216,6.4495,-31.70415,12.76339,-7.49351,2.39868,1.30398,72.05254,-5.966433,3.046649,0.479947,,,,,,,,,,,,5.13276,7.09154,1.81279,50,5.03575,-8.50482,-113.81422,-0.85753,6.74999,20.38386,-22.8481,NMS_AGG,UNI_THE2,PresleyAskewField,D1,CUSA,20260310-PresleyAskewField-2,32b710b0-1ce6-11f1-886b-8de6524961d4,78.53466,,,6.41234,,,,,,,6ee70939-121f-487f-ab01-d6bb8f265bb6,2026-03-11,01:04:03.59,2026-03-10T19:04:03.5976704-06:00,2026-03-11T01:04:03.5976704Z,,v3,471379,,,"Loving, Joshua",1000510771,Right,UNI_THE2,ca4a0302-0249-4a4a-8536-eb54f9d32c5e,54.04875,-114.53704,10.19193,5.05179,-0.04732,-11.42405,2.11862,-8.74418,3.375,,,,,,,,,,,,,,,,,,,,,,,,,,,,,,,,,,,,,,,,,,,,,,,,,,,High,High,High,,,,,,,,,,,,,,,,,,,,,,,,,,,,,,,,,,,,,,,
325,2026-03-10,19:04:19.63,2,3,"Guerrero, Santiago",1000127632,Left,UNI_THE2,"Massey, Noah",838425,Right,NMS_AGG,Undefined,8,Bottom,0,2,0,Fastball,Changeup,BallCalled,Undefined,Undefined,Undefined,0,0,,77.45495,-1.280277,4.203014,1618.72214,132.896091,10:30,5.05745,-2.21086,6.51711,-34.89486,10.41764,-9.76812,0.97147,0.83854,71.66693,-7.791984,2.43396,0.484485,,,,,,,,,,,,6.28748,6.18146,1.92205,50,4.95266,-7.95245,-112.43472,-3.43329,8.10165,19.12563,-24.20899,NMS_AGG,UNI_THE2,PresleyAskewField,D1,CUSA,20260310-PresleyAskewField-2,3c444940-1ce6-11f1-886b-8de6524961d4,77.79897,,,5.78802,,,,,,,6ee70939-121f-487f-ab01-d6bb8f265bb6,2026-03-11,01:04:19.63,2026-03-10T19:04:19.6317184-06:00,2026-03-11T01:04:19.6317184Z,,v3,471379,,,"Loving, Joshua",1000510771,Right,UNI_THE2,1a388fb5-4f13-4c37-a486-8d10859aced6,53.98315,-113.11024,9.56282,5.05883,-2.57823,-12.1045,2.20798,-8.2386,4.05083,,,,,,,,,,,,,,,,,,,,,,,,,,,,,,,,,,,,,,,,,,,,,,,,,,,High,High,High,,,,,,,,,,,,,,,,,,,,,,,,,,,,,,,,,,,,,,,
326,2026-03-10,19:04:35.91,2,4,"Guerrero, Santiago",1000127632,Left,UNI_THE2,"Massey, Noah",838425,Right,NMS_AGG,Undefined,8,Bottom,0,3,0,Fastball,Changeup,BallCalled,Walk,Undefined,Undefined,0,0,,78.06342,-1.049926,2.399479,1612.369225,161.448985,11:30,5.01111,-2.17716,6.3701,-30.04714,14.90304,-4.53193,1.54017,-0.34573,71.76096,-6.69756,1.579272,0.482544,,,,,,,,,,,,3.02996,8.4915,2.00592,50,4.92116,-4.59817,-113.4101,-2.86918,3.95224,20.4426,-21.09778,NMS_AGG,UNI_THE2,PresleyAskewField,D1,CUSA,20260310-PresleyAskewField-2,45fa1870-1ce6-11f1-886b-8de6524961d4,78.1119,,,6.30246,,,,,,,6ee70939-121f-487f-ab01-d6bb8f265bb6,2026-03-11,01:04:35.91,2026-03-10T19:04:35.9140352-06:00,2026-03-11T01:04:35.9140352Z,,v3,471379,,,"Loving, Joshua",1000510771,Right,UNI_THE2,689621d0-77b4-4551-9d0d-e50386ec3113,54.12743,-114.15166,10.2213,5.01136,-2.10386,-10.54889,2.17532,-4.74153,1.97612,,,,,,,,,,,,,,,,,,,,,,,,,,,,,,,,,,,,,,,,,,,,,,,,,,,High,High,High,,,,,,,,,,,,,,,,,,,,,,,,,,,,,,,,,,,,,,,
327,2026-03-10,19:05:05.65,3,1,"Guerrero, Santiago",1000127632,Left,UNI_THE2,"Lombardi, Aidan",838424,Right,NMS_AGG,Undefined,8,Bottom,0,0,0,Slider,Curveball,StrikeCalled,Undefined,Undefined,Undefined,0,0,,72.13828,1.286626,1.67544,1878.091855,263.117777,2:45,4.76729,-2.47559,5.80186,-51.35562,2.76638,8.45709,1.68498,-0.21218,66.12321,-8.165782,3.190523,0.529491,,,,,,,,,,,,-3.82914,1.54764,2.33288,50,4.84238,-3.3541,-104.70697,0.86269,-4.2272,18.60486,-30.46552,NMS_AGG,UNI_THE2,PresleyAskewField,D1,CUSA,20260310-PresleyAskewField-2,57b91840-1ce6-11f1-886b-8de6524961d4,71.18622,,,6.01506,,,,,,,6ee70939-121f-487f-ab01-d6bb8f265bb6,2026-03-11,01:05:05.65,2026-03-10T19:05:05.6575488-06:00,2026-03-11T01:05:05.6575488Z,,v3,471379,,,"Loving, Joshua",1000510771,Right,UNI_THE2,7316a785-bd42-496b-a94d-d4afd6ff1e34,54.69597,-105.53807,9.30243,4.77344,2.22363,-15.23276,2.4785,-3.16526,-2.1136,,,,,,,,,,,,,,,,,,,,,,,,,,,,,,,,,,,,,,,,,,,,,,,,,,,High,High,High,,,,,,,,,,,,,,,,,,,,,,,,,,,,,,,,,,,,,,,
328,2026-03-10,19:05:20.69,3,2,"Guerrero, Santiago",1000127632,Left,UNI_THE2,"Lombardi, Aidan",838424,Right,NMS_AGG,Undefined,8,Bottom,0,0,1,Slider,Changeup,StrikeCalled,Undefined,Undefined,Undefined,0,0,,76.21274,-0.164956,3.088987,1562.645302,147.750524,11:00,4.90418,-2.33256,6.72012,-38.30498,7.9104,-4.16418,1.56111,0.14652,70.67538,-7.331447,2.330803,0.489288,,,,,,,,,,,,2.9876,4.63315,2.12976,50,4.87826,-5.85052,-110.82225,-1.28983,3.74942,18.11212,-26.35952,NMS_AGG,UNI_THE2,PresleyAskewField,D1,CUSA,20260310-PresleyAskewField-2,60ae2f80-1ce6-11f1-886b-8de6524961d4,77.03526,,,5.53737,,,,,,,6ee70939-121f-487f-ab01-d6bb8f265bb6,2026-03-11,01:05:20.69,2026-03-10T19:05:20.6932480-06:00,2026-03-11T01:05:20.6932480Z,,v3,471379,,,"Loving, Joshua",1000510771,Right,UNI_THE2,e58690d9-1040-44b7-bbed-a8f0762185db,53.7788,-111.43812,9.05606,4.90689,-0.39351,-13.17976,2.33087,-5.97801,1.87471,,,,,,,,,,,,,,,,,,,,,,,,,,,,,,,,,,,,,,,,,,,,,,,,,,,High,High,High,,,,,,,,,,,,,,,,,,,,,,,,,,,,,,,,,,,,,,,
329,2026-03-10,19:05:41.32,3,3,"Guerrero, Santiago",1000127632,Left,UNI_THE2,"Lombardi, Aidan",838424,Right,NMS_AGG,Undefined,8,Bottom,0,0,2,Fastball,Changeup,FoulBallNotFieldable,Undefined,Undefined,Undefined,0,0,,79.30416,0.526494,2.636509,1716.026891,179.429866,12:00,5.13705,-2.20455,6.36184,-25.13442,18.65269,-0.17165,3.52755,0.20913,72.30833,-4.259853,2.6055,0.476261,57.7701,39.08144,162.754102,2938.622442,-105.68359,28.28648,30.51086,149.32219,52.09487,164.251038,2.652482,0.84945,9.99756,2.01382,50,5.1633,-5.29599,-115.14003,0.42897,1.13635,22.07289,-18.79968,NMS_AGG,UNI_THE2,PresleyAskewField,D1,CUSA,20260310-PresleyAskewField-2,6cf4e2c0-1ce6-11f1-886b-8de6524961d4,79.14246,35.06347,,6.99583,,,,0.36406,3.49552,-0.26853,6ee70939-121f-487f-ab01-d6bb8f265bb6,2026-03-11,01:05:41.32,2026-03-10T19:05:41.3226496-06:00,2026-03-11T01:05:41.3226496Z,LineDrive,v3,471379,,,"Loving, Joshua",1000510771,Right,UNI_THE2,925f8690-35b3-49f4-a20f-12e04823f455,54.13459,-115.92994,11.03645,5.13591,1.10175,-9.39984,2.20407,-5.33666,0.56818,352.893189,0.36402,-62.81399,2.22715,0.40534,0.13851,-0.24889,0.15785,-0.04489,0.00474,3.49556,53.41222,-24.98668,2.32197,-0.20737,-0.13221,0.07499,-0.01475,0.00099,-0.26852,19.49915,-1.56789,0.05728,-0.07255,0.08137,-0.05209,0.01533,-0.00166,,,,,,,,,,,,,,,,,,,,,,,High,High,High,High,Medium,,,,,,,,,,,,,,,,,,,,,,,,,,,,,,,,,,,,,
330,2026-03-10,19:06:00.20,3,4,"Guerrero, Santiago",1000127632,Left,UNI_THE2,"Lombardi, Aidan",838424,Right,NMS_AGG,Undefined,8,Bottom,0,0,2,Slider,Curveball,BallCalled,Undefined,Undefined,Undefined,0,0,,71.98468,-0.223653,2.367999,1868.817896,277.869481,3:15,4.81684,-2.57508,5.85926,-54.06342,0.61248,9.19438,0.1036,0.39232,65.87427,-10.142094,4.018306,0.532193,,,,,,,,,,,,-4.01382,0.80441,2.37729,50,4.76686,-4.62194,-104.42917,-1.94651,-4.36593,20.04732,-31.29907,NMS_AGG,UNI_THE2,PresleyAskewField,D1,CUSA,20260310-PresleyAskewField-2,78398f50-1ce6-11f1-886b-8de6524961d4,70.82473,,,6.11041,,,,,,,6ee70939-121f-487f-ab01-d6bb8f265bb6,2026-03-11,01:06:00.20,2026-03-10T19:06:00.2027008-06:00,2026-03-11T01:06:00.2027008Z,,v3,471379,,,"Loving, Joshua",1000510771,Right,UNI_THE2,7e9076f5-7ca9-479f-bc2c-1c473f16c659,54.64007,-105.31615,10.02366,4.82235,-0.56169,-15.64954,2.57752,-4.42877,-2.18297,,,,,,,,,,,,,,,,,,,,,,,,,,,,,,,,,,,,,,,,,,,,,,,,,,,High,High,High,,,,,,,,,,,,,,,,,,,,,,,,,,,,,,,,,,,,,,,
331,2026-03-10,19:06:17.92,3,5,"Guerrero, Santiago",1000127632,Left,UNI_THE2,"Lombardi, Aidan",838424,Right,NMS_AGG,Undefined,8,Bottom,0,1,2,Fastball,Changeup,InPlay,Undefined,LineDrive,Single,0,0,,78.73706,1.184321,3.003185,1590.573319,126.857593,10:15,5.03615,-2.36946,6.37346,-34.61159,10.10249,-11.43142,3.24315,-0.55644,71.34494,-5.338466,0.936518,0.481275,97.61304,7.665134,-3.075096,2273.481019,109.85256,9.01763,-5.68934,182.37006,181.65656,-3.164673,1.532328,6.87886,5.34953,2.15769,50,5.10576,-5.58882,-114.21621,1.41917,8.99342,23.05657,-25.18007,NMS_AGG,UNI_THE2,PresleyAskewField,D1,CUSA,20260310-PresleyAskewField-2,82caca60-1ce6-11f1-886b-8de6524961d4,78.31786,9.4701,,7.39212,,,,0.98211,3.23337,0.48417,6ee70939-121f-487f-ab01-d6bb8f265bb6,2026-03-11,01:06:17.92,2026-03-10T19:06:17.9225600-06:00,2026-03-11T01:06:17.9225600Z,LineDrive,v3,471379,,,"Loving, Joshua",1000510771,Right,UNI_THE2,962a04c5-3b5f-4366-97b6-7589d2412d32,54.12294,-115.04549,11.52829,5.03843,2.32482,-12.59004,2.36452,-5.91229,4.49671,171.127445,0.98211,141.68201,-18.75334,2.96432,-0.62107,0.12313,-0.02376,0.00385,-0.00034,3.23337,19.09587,-15.33998,1.21859,-0.21749,0.05165,-0.00938,0.0014,-0.00013,0.48417,-7.61146,0.4091,0.04934,-0.00764,0.0022,-0.00033,5E-05,-0,,,,,,,,,,,,,,,,,,,,,,,High,High,High,High,High,,,,,,,,,,,,,,,,,,,,,,,,,,,,,,,,,,,,,
332,2026-03-10,19:06:55.62,4,1,"Guerrero, Santiago",1000127632,Left,UNI_THE2,"Kaufman, Camden",831503,Right,NMS_AGG,Undefined,8,Bottom,0,0,0,Fastball,Changeup,BallCalled,Undefined,Undefined,Undefined,0,0,,78.35953,-0.576652,3.088547,1641.268135,161.992404,11:30,5.12856,-2.1305,6.55413,-36.06069,7.98217,-2.18512,1.59398,0.52206,72.60737,-7.303308,2.69198,0.477649,,,,,,,,,,,,1.94811,4.71051,1.9182,50,5.07319,-6.07589,-113.91525,-2.11209,2.58011,19.3751,-25.93531,NMS_AGG,UNI_THE2,PresleyAskewField,D1,CUSA,20260310-PresleyAskewField-2,9940c290-1ce6-11f1-886b-8de6524961d4,78.91237,,,5.75217,,,,,,,6ee70939-121f-487f-ab01-d6bb8f265bb6,2026-03-11,01:06:55.62,2026-03-10T19:06:55.6239872-06:00,2026-03-11T01:06:55.6239872Z,,v3,471379,,,"Loving, Joshua",1000510771,Right,UNI_THE2,ffafd7f5-fe65-4290-862e-dda012828494,53.9455,-114.58435,9.68755,5.13066,-1.21645,-12.96766,2.12956,-6.16499,1.29006,,,,,,,,,,,,,,,,,,,,,,,,,,,,,,,,,,,,,,,,,,,,,,,,,,,High,High,High,,,,,,,,,,,,,,,,,,,,,,,,,,,,,,,,,,,,,,,
333,2026-03-10,19:07:09.11,4,2,"Guerrero, Santiago",1000127632,Left,UNI_THE2,"Kaufman, Camden",831503,Right,NMS_AGG,Undefined,8,Bottom,0,1,0,Fastball,Changeup,BallCalled,Undefined,Undefined,Undefined,0,0,,76.46326,2.703947,1.672003,1545.651613,145.695478,10:45,5.1446,-2.30198,6.47226,-34.8014,12.55406,-7.45,4.73052,-1.38692,68.9819,-3.899226,0.322076,0.495286,,,,,,,,,,,,4.37406,6.21055,2.18704,50,5.32001,-2.97515,-110.86775,4.34788,5.37857,22.05254,-24.53725,NMS_AGG,UNI_THE2,PresleyAskewField,D1,CUSA,20260310-PresleyAskewField-2,a149a510-1ce6-11f1-886b-8de6524961d4,76.10232,,,7.48136,,,,,,,6ee70939-121f-487f-ab01-d6bb8f265bb6,2026-03-11,01:07:09.11,2026-03-10T19:07:09.1197952-06:00,2026-03-11T01:07:09.1197952Z,,v3,471379,,,"Loving, Joshua",1000510771,Right,UNI_THE2,50afd9fe-e73a-49bc-a60d-08de2305a519,54.02107,-111.66471,11.02627,5.14686,5.23464,-12.26863,2.29807,-3.16953,2.68928,,,,,,,,,,,,,,,,,,,,,,,,,,,,,,,,,,,,,,,,,,,,,,,,,,,High,High,High,,,,,,,,,,,,,,,,,,,,,,,,,,,,,,,,,,,,,,,
334,2026-03-10,19:07:23.26,4,3,"Guerrero, Santiago",1000127632,Left,UNI_THE2,"Kaufman, Camden",831503,Right,NMS_AGG,Undefined,8,Bottom,0,2,0,Fastball,Changeup,BallCalled,Undefined,Undefined,Undefined,0,0,,78.99999,-0.427951,2.737561,1653.855416,109.599424,9:45,4.96263,-2.31291,6.39621,-37.67648,6.02099,-13.24827,1.4289,-0.89739,72.91833,-7.441395,0.336986,0.475773,,,,,,,,,,,,7.66678,3.64803,2.12231,50,4.91455,-5.03787,-114.83775,-1.92169,10.2869,20.31976,-27.27931,NMS_AGG,UNI_THE2,PresleyAskewField,D1,CUSA,20260310-PresleyAskewField-2,a9bb3470-1ce6-11f1-886b-8de6524961d4,79.22363,,,6.08166,,,,,,,6ee70939-121f-487f-ab01-d6bb8f265bb6,2026-03-11,01:07:23.26,2026-03-10T19:07:23.2654848-06:00,2026-03-11T01:07:23.2654848Z,,v3,471379,,,"Loving, Joshua",1000510771,Right,UNI_THE2,9bf0597e-9a6f-495d-bb5f-1b72a6f6f3f3,54.10324,-115.56151,10.15988,4.9657,-0.95004,-13.63966,2.30827,-5.40428,5.14345,,,,,,,,,,,,,,,,,,,,,,,,,,,,,,,,,,,,,,,,,,,,,,,,,,,High,High,High,,,,,,,,,,,,,,,,,,,,,,,,,,,,,,,,,,,,,,,
335,2026-03-10,19:07:37.07,4,4,"Guerrero, Santiago",1000127632,Left,UNI_THE2,"Kaufman, Camden",831503,Right,NMS_AGG,Undefined,8,Bottom,0,3,0,Fastball,Changeup,BallCalled,Walk,Undefined,Undefined,0,1,,78.35479,-0.491953,4.981516,1676.011689,143.542953,10:45,5.11895,-2.34419,6.44567,-32.92021,11.4478,-7.5163,1.92187,1.61802,72.51407,-6.636677,3.626095,0.479409,,,,,,,,,,,,5.22252,6.49504,1.9937,50,5.06891,-9.65908,-113.64178,-1.85781,6.89609,18.92685,-23.59764,NMS_AGG,UNI_THE2,PresleyAskewField,D1,CUSA,20260310-PresleyAskewField-2,b1f0cc40-1ce6-11f1-886b-8de6524961d4,78.62269,,,5.84072,,,,,,,6ee70939-121f-487f-ab01-d6bb8f265bb6,2026-03-11,01:07:37.07,2026-03-10T19:07:37.0767360-06:00,2026-03-11T01:07:37.0767360Z,,v3,471379,,,"Loving, Joshua",1000510771,Right,UNI_THE2,0712c821-05b1-4dda-942e-7ff6b3940fa2,54.05412,-114.31499,9.46343,5.12007,-1.01846,-11.79882,2.34163,-9.90437,3.44805,,,,,,,,,,,,,,,,,,,,,,,,,,,,,,,,,,,,,,,,,,,,,,,,,,,High,High,High,,,,,,,,,,,,,,,,,,,,,,,,,,,,,,,,,,,,,,,
336,2026-03-10,19:08:08.12,5,1,"Guerrero, Santiago",1000127632,Left,UNI_THE2,"Solorzano, Steve",814833,Right,NMS_AGG,Undefined,8,Bottom,0,0,0,ChangeUp,Curveball,BallCalled,Undefined,Undefined,Undefined,0,0,,73.53317,-0.553828,1.698008,1953.212649,244.259797,2:15,4.84494,-2.62598,5.91183,-45.88152,6.48996,9.60225,0.50722,-0.24939,66.93955,-9.036037,3.423422,0.520857,,,,,,,,,,,,-4.4224,3.98792,2.4841,50,4.77436,-3.488,-106.67082,-2.33086,-5.00995,21.22378,-27.65631,NMS_AGG,UNI_THE2,PresleyAskewField,D1,CUSA,20260310-PresleyAskewField-2,c4740670-1ce6-11f1-886b-8de6524961d4,72.36614,,,6.59362,,,,,,,6ee70939-121f-487f-ab01-d6bb8f265bb6,2026-03-11,01:08:08.12,2026-03-10T19:08:08.1254400-06:00,2026-03-11T01:08:08.1254400Z,,v3,471379,,,"Loving, Joshua",1000510771,Right,UNI_THE2,add83763-55ee-4a2e-9b9e-dff4fc60b897,54.58579,-107.57937,10.61189,4.8488,-1.14695,-13.82815,2.62883,-3.27353,-2.50498,,,,,,,,,,,,,,,,,,,,,,,,,,,,,,,,,,,,,,,,,,,,,,,,,,,High,High,High,,,,,,,,,,,,,,,,,,,,,,,,,,,,,,,,,,,,,,,
337,2026-03-10,19:08:22.22,5,2,"Guerrero, Santiago",1000127632,Left,UNI_THE2,"Solorzano, Steve",814833,Right,NMS_AGG,Undefined,8,Bottom,0,1,0,Fastball,Changeup,StrikeCalled,Undefined,Undefined,Undefined,0,0,,78.68634,-0.076215,4.088327,1632.625427,138.161789,10:30,4.99882,-2.47635,6.57279,-32.3473,11.88024,-9.34619,2.23318,0.49844,71.8614,-6.177598,2.395056,0.47865,,,,,,,,,,,,6.11981,6.68807,2.199,50,4.97988,-7.84714,-114.14705,-0.98888,8.04275,21.77811,-23.38443,NMS_AGG,UNI_THE2,PresleyAskewField,D1,CUSA,20260310-PresleyAskewField-2,ccddcda0-1ce6-11f1-886b-8de6524961d4,78.74746,,,6.82495,,,,,,,6ee70939-121f-487f-ab01-d6bb8f265bb6,2026-03-11,01:08:22.22,2026-03-10T19:08:22.2219264-06:00,2026-03-11T01:08:22.2219264Z,,v3,471379,,,"Loving, Joshua",1000510771,Right,UNI_THE2,cd19b3ad-8f73-40cf-839a-ff74d6043852,53.92506,-114.89347,10.88906,5.00004,-0.1874,-11.69221,2.47268,-8.1228,4.02138,,,,,,,,,,,,,,,,,,,,,,,,,,,,,,,,,,,,,,,,,,,,,,,,,,,High,High,High,,,,,,,,,,,,,,,,,,,,,,,,,,,,,,,,,,,,,,,
338,2026-03-10,19:08:36.80,5,3,"Guerrero, Santiago",1000127632,Left,UNI_THE2,"Solorzano, Steve",814833,Right,NMS_AGG,Undefined,8,Bottom,0,1,1,Fastball,Changeup,InPlay,Undefined,LineDrive,Single,0,1,,79.22324,1.319481,3.287218,1714.876311,149.44106,11:00,5.03124,-2.26773,6.47919,-37.56628,5.79827,-2.67453,3.11449,0.53108,72.94739,-5.696516,2.803196,0.473957,79.20714,9.363533,-0.919681,1359.55462,,,,131.14528,129.84565,1.652147,1.266436,2.27937,3.04532,2.03763,50,5.10739,-6.52061,-115.08631,1.61587,3.07233,20.35761,-28.06929,NMS_AGG,UNI_THE2,PresleyAskewField,D1,CUSA,20260310-PresleyAskewField-2,d58ed700-1ce6-11f1-886b-8de6524961d4,79.52714,8.18562,,6.27585,,,,1.79311,3.14299,-0.51007,6ee70939-121f-487f-ab01-d6bb8f265bb6,2026-03-11,01:08:36.80,2026-03-10T19:08:36.8091136-06:00,2026-03-11T01:08:36.8091136Z,GroundBall,v3,471379,,,"Loving, Joshua",1000510771,Right,UNI_THE2,df211c5c-352f-442e-9c4b-f83c56b1db42,54.02026,-115.79527,10.17881,5.03409,2.59339,-14.03465,2.26658,-6.62761,1.53617,275.239306,1.79311,114.60766,-11.27681,1.40135,-0.27714,0.0396,-0.00649,0.00111,-0.00011,3.14299,18.90067,-18.40078,1.44834,-0.25673,0.05565,-0.00865,0.00128,-0.00014,-0.51007,-1.83978,5.10974,-1.01298,0.23519,-0.04603,0.00849,-0.00146,0.00014,,,,,,,,,,,,,,,,,,,,,,,High,High,High,High,High,,,,,,,,,,,,,,,,,,,,,,,,,,,,,,,,,,,,,
339,2026-03-10,19:11:59.48,6,1,"Pillsbury, Syler",10302409,Left,UNI_THE2,"Taclas, Aidan",838428,Left,NMS_AGG,Undefined,8,Bottom,0,0,0,Fastball,Slider,InPlay,Undefined,GroundBall,Single,0,1,,81.79265,-0.950706,2.018201,2343.534675,204.046344,12:45,5.53139,-1.73993,5.68164,-33.35053,8.2502,3.16977,1.86537,0.40622,76.00195,-7.068335,2.584795,0.464218,98.87135,-2.250462,-2.01976,,,,,26.44708,23.92284,-2.737419,0.178855,-1.13602,4.76898,1.56787,50,5.43012,-4.31071,-118.88616,-3.06162,-1.64592,20.1595,-25.26448,NMS_AGG,UNI_THE2,PresleyAskewField,D1,CUSA,20260310-PresleyAskewField-2,4e56f1e0-1ce7-11f1-886b-8de6524961d4,81.19557,1.82618,,5.7907,,,,1.07346,1.82618,-0.4064,6ee70939-121f-487f-ab01-d6bb8f265bb6,2026-03-11,01:11:59.48,2026-03-10T19:11:59.4883584-06:00,2026-03-11T01:11:59.4883584Z,GroundBall,v3,471379,,,"Loving, Joshua",1000510771,Right,UNI_THE2,4f60c2ca-355b-4d87-a5a1-22537679ff31,54.81802,-119.70036,10.07975,5.53317,-2.04124,-12.63224,1.74063,-4.24424,-0.82296,353.440924,1.07382,144.78217,-17.26356,,,,,,,1.82706,-5.75964,-24.93994,,,,,,,-0.40648,-5.10093,1.74453,,,,,,,,,,,,,,,,,,,,,,,,,,,,,High,High,High,High,High,,,,,,,,,,,,,,,,,,,,,,,,,,,,,,,,,,,,,
340,2026-03-10,19:12:42.05,7,1,"Pillsbury, Syler",10302409,Left,UNI_THE2,"Vest, Boston",838426,Right,NMS_AGG,Undefined,8,Bottom,0,0,0,Fastball,Slider,BallCalled,Undefined,Undefined,Undefined,0,0,,80.62139,-0.219355,3.00715,2355.53655,193.533065,12:30,5.65199,-1.79631,5.69032,-35.34274,7.46713,1.51776,2.50204,1.13535,74.938,-6.699296,3.278032,0.470916,,,,,,,,,,,,-0.05921,4.1741,1.54234,50,5.61104,-6.20987,-117.1357,-1.58437,-0.08337,19.39262,-26.29822,NMS_AGG,UNI_THE2,PresleyAskewField,D1,CUSA,20260310-PresleyAskewField-2,67b7d500-1ce7-11f1-886b-8de6524961d4,80.04071,,,5.68339,,,,,,,6ee70939-121f-487f-ab01-d6bb8f265bb6,2026-03-11,01:12:42.05,2026-03-10T19:12:42.0528128-06:00,2026-03-11T01:12:42.0528128Z,,v3,471379,,,"Loving, Joshua",1000510771,Right,UNI_THE2,1a8122d9-d486-49d6-a723-dce2053336fc,54.81016,-117.92937,9.69631,5.65386,-0.50808,-13.14911,1.79642,-6.20646,-0.04168,,,,,,,,,,,,,,,,,,,,,,,,,,,,,,,,,,,,,,,,,,,,,,,,,,,High,High,High,,,,,,,,,,,,,,,,,,,,,,,,,,,,,,,,,,,,,,,
341,2026-03-10,19:12:56.46,7,2,"Pillsbury, Syler",10302409,Left,UNI_THE2,"Vest, Boston",838426,Right,NMS_AGG,Undefined,8,Bottom,0,1,0,Fastball,Slider,BallCalled,Undefined,Undefined,Undefined,0,0,,81.62953,-2.190972,2.736786,2415.717066,218.504747,1:15,5.4641,-1.94019,5.76398,-36.2364,5.49544,3.45921,0.40195,0.89713,76.12353,-8.797862,3.35611,0.464949,,,,,,,,,,,,-1.12571,3.63288,1.71129,50,5.26,-5.79427,-118.55643,-5.71137,-1.62051,20.23563,-26.94426,NMS_AGG,UNI_THE2,PresleyAskewField,D1,CUSA,20260310-PresleyAskewField-2,704b6b50-1ce7-11f1-886b-8de6524961d4,81.06795,,,5.506,,,,,,,6ee70939-121f-487f-ab01-d6bb8f265bb6,2026-03-11,01:12:56.46,2026-03-10T19:12:56.4627968-06:00,2026-03-11T01:12:56.4627968Z,,v3,471379,,,"Loving, Joshua",1000510771,Right,UNI_THE2,7f685ccb-d678-4abf-bcbc-0657411fe3bb,54.7372,-119.36225,10.11782,5.46608,-4.6384,-13.47213,1.94074,-5.72974,-0.81026,,,,,,,,,,,,,,,,,,,,,,,,,,,,,,,,,,,,,,,,,,,,,,,,,,,High,High,High,,,,,,,,,,,,,,,,,,,,,,,,,,,,,,,,,,,,,,,
342,2026-03-10,19:13:13.06,7,3,"Pillsbury, Syler",10302409,Left,UNI_THE2,"Vest, Boston",838426,Right,NMS_AGG,Undefined,8,Bottom,0,2,0,Fastball,Four-Seam,HitByPitch,Undefined,Undefined,Undefined,0,1,,86.39473,-3.136363,5.665439,2234.868421,142.130422,10:45,5.50699,-1.70843,5.99479,-22.15383,15.00733,-10.84867,0.73729,2.65467,80.17602,-7.252615,3.728571,0.438749,,,,,,,,,,,,7.14367,8.84804,1.26756,50,5.24631,-12.00873,-125.00658,-7.56469,11.45327,22.07603,-17.98824,NMS_AGG,UNI_THE2,PresleyAskewField,D1,CUSA,20260310-PresleyAskewField-2,7a2eb320-1ce7-11f1-886b-8de6524961d4,85.90889,,,6.21871,,,,,,,6ee70939-121f-487f-ab01-d6bb8f265bb6,2026-03-11,01:13:13.06,2026-03-10T19:13:13.0661376-06:00,2026-03-11T01:13:13.0661376Z,,v3,471379,,,"Loving, Joshua",1000510771,Right,UNI_THE2,c20f8cba-b546-4553-8f07-ae66f1ee1cf9,54.50811,-125.80019,11.03802,5.50663,-6.91803,-8.99412,1.70666,-12.42047,5.72664,,,,,,,,,,,,,,,,,,,,,,,,,,,,,,,,,,,,,,,,,,,,,,,,,,,High,High,High,,,,,,,,,,,,,,,,,,,,,,,,,,,,,,,,,,,,,,,
343,2026-03-10,19:13:57.27,8,1,"Pillsbury, Syler",10302409,Left,UNI_THE2,"Daniels, Chris",827428,Right,NMS_AGG,Undefined,8,Bottom,0,0,0,ChangeUp,Curveball,BallCalled,Undefined,Undefined,Undefined,0,0,,73.03784,1.929079,-1.039932,2583.074486,293.104681,3:45,5.63699,-1.71747,5.10815,-56.4157,-3.11784,10.72508,2.75413,-1.80359,67.92533,-8.254782,0.859196,0.525444,,,,,,,,,,,,-5.5889,-1.56036,1.80671,50,5.77435,1.52255,-106.12366,1.69948,-6.45323,16.03798,-33.97573,NMS_AGG,UNI_THE2,PresleyAskewField,D1,CUSA,20260310-PresleyAskewField-2,949c4b50-1ce7-11f1-886b-8de6524961d4,71.73447,,,5.11251,,,,,,,6ee70939-121f-487f-ab01-d6bb8f265bb6,2026-03-11,01:13:57.27,2026-03-10T19:13:57.2717056-06:00,2026-03-11T01:13:57.2717056Z,,v3,471379,,,"Loving, Joshua",1000510771,Right,UNI_THE2,f9c21a22-f5f1-4772-bb24-cf75730a12c8,55.39292,-106.93556,8.01899,5.64478,3.41946,-16.98787,1.72136,1.84924,-3.22661,,,,,,,,,,,,,,,,,,,,,,,,,,,,,,,,,,,,,,,,,,,,,,,,,,,High,High,High,,,,,,,,,,,,,,,,,,,,,,,,,,,,,,,,,,,,,,,
344,2026-03-10,19:14:11.38,8,2,"Pillsbury, Syler",10302409,Left,UNI_THE2,"Daniels, Chris",827428,Right,NMS_AGG,Undefined,8,Bottom,0,1,0,Slider,Curveball,FoulBallNotFieldable,Undefined,Undefined,Undefined,0,0,,74.31101,1.178126,2.035366,2559.963683,320.370351,4:45,5.64423,-1.67209,5.31785,-57.40755,-6.17449,6.28764,1.96677,0.76284,69.17786,-9.191336,3.152623,0.515165,,,,,,,,,,,,-2.67823,-3.09457,1.48287,50,5.70852,-4.06515,-107.98419,0.35106,-3.1898,17.27527,-35.85971,NMS_AGG,UNI_THE2,PresleyAskewField,D1,CUSA,20260310-PresleyAskewField-2,9cfb8b30-1ce7-11f1-886b-8de6524961d4,73.16574,,,5.13315,,,,,,,6ee70939-121f-487f-ab01-d6bb8f265bb6,2026-03-11,01:14:11.38,2026-03-10T19:14:11.3874944-06:00,2026-03-11T01:14:11.3874944Z,,v3,471379,,,"Loving, Joshua",1000510771,Right,UNI_THE2,4b3f31b3-0182-4cc9-a05c-3b26cc91e2a7,55.18449,-108.81044,8.63763,5.65071,2.06618,-17.92986,1.67365,-3.91259,-1.5949,,,,,,,,,,,,,,,,,,,,,,,,,,,,,,,,,,,,,,,,,,,,,,,,,,,High,High,High,,,,,,,,,,,,,,,,,,,,,,,,,,,,,,,,,,,,,,,
345,2026-03-10,19:14:31.36,8,3,"Pillsbury, Syler",10302409,Left,UNI_THE2,"Daniels, Chris",827428,Right,NMS_AGG,Undefined,8,Bottom,0,1,1,Fastball,Sinker,StrikeCalled,Undefined,Undefined,Undefined,0,0,,85.86752,-1.80827,3.230124,2270.002854,136.414899,10:30,5.51422,-1.71851,5.92033,-21.46202,16.17741,-14.33009,2.04448,0.08795,79.13332,-5.832118,0.660753,0.441563,,,,,,,,,,,,8.18764,9.10784,1.46798,50,5.35696,-6.46265,-124.63485,-4.58865,12.98692,23.08141,-17.72756,NMS_AGG,UNI_THE2,PresleyAskewField,D1,CUSA,20260310-PresleyAskewField-2,a8dd6220-1ce7-11f1-886b-8de6524961d4,85.36135,,,6.73421,,,,,,,6ee70939-121f-487f-ab01-d6bb8f265bb6,2026-03-11,01:14:31.36,2026-03-10T19:14:31.3631744-06:00,2026-03-11T01:14:31.3631744Z,,v3,471379,,,"Loving, Joshua",1000510771,Right,UNI_THE2,021e1846-ee7d-43e2-9a66-d82ec27b30f1,54.57856,-125.4799,11.54071,5.51308,-3.93962,-8.86378,1.71329,-6.93813,6.49346,,,,,,,,,,,,,,,,,,,,,,,,,,,,,,,,,,,,,,,,,,,,,,,,,,,High,High,High,,,,,,,,,,,,,,,,,,,,,,,,,,,,,,,,,,,,,,,
346,2026-03-10,19:14:47.65,8,4,"Pillsbury, Syler",10302409,Left,UNI_THE2,"Daniels, Chris",827428,Right,NMS_AGG,Undefined,8,Bottom,0,1,2,Slider,Curveball,BallCalled,Undefined,Undefined,Undefined,0,0,,74.61921,-0.214323,1.116366,2536.884953,322.502237,4:45,5.62995,-1.73916,5.41642,-58.80444,-8.30934,7.42347,0.52878,-0.07464,69.87931,-10.806513,2.441763,0.511442,,,,,,,,,,,,-3.51051,-3.86032,1.6345,50,5.56893,-2.37973,-108.54666,-2.31006,-4.22854,17.29344,-36.82393,NMS_AGG,UNI_THE2,PresleyAskewField,D1,CUSA,20260310-PresleyAskewField-2,b29a5d40-1ce7-11f1-886b-8de6524961d4,73.69841,,,4.7399,,,,,,,6ee70939-121f-487f-ab01-d6bb8f265bb6,2026-03-11,01:14:47.65,2026-03-10T19:14:47.6550144-06:00,2026-03-11T01:14:47.6550144Z,,v3,471379,,,"Loving, Joshua",1000510771,Right,UNI_THE2,293b4311-7ea0-47d5-bf94-18c213be0135,55.08672,-109.35406,8.64672,5.63665,-0.59081,-18.41197,1.741,-2.18231,-2.11427,,,,,,,,,,,,,,,,,,,,,,,,,,,,,,,,,,,,,,,,,,,,,,,,,,,High,High,High,,,,,,,,,,,,,,,,,,,,,,,,,,,,,,,,,,,,,,,
347,2026-03-10,19:15:08.84,8,5,"Pillsbury, Syler",10302409,Left,UNI_THE2,"Daniels, Chris",827428,Right,NMS_AGG,Undefined,8,Bottom,0,2,2,ChangeUp,Slider,InPlay,Undefined,FlyBall,Sacrifice,1,1,,80.79541,0.96127,0.855695,2486.826912,234.641337,1:45,5.49425,-1.71342,5.61156,-37.43431,5.3289,5.83898,3.27211,-0.42811,74.79006,-5.908355,1.898304,0.470659,90.54127,42.95421,-24.113548,4649.47296,101.08318,97.04198,-43.38357,317.45245,315.23165,-24.697557,5.917022,-2.77914,2.79059,1.63634,50,5.55186,-1.97762,-117.47953,0.73814,-3.92529,20.03787,-28.23258,NMS_AGG,UNI_THE2,PresleyAskewField,D1,CUSA,20260310-PresleyAskewField-2,bf3b6580-1ce7-11f1-886b-8de6524961d4,80.08436,124.11416,,6.00535,,,,2.73785,3.52796,0.46346,6ee70939-121f-487f-ab01-d6bb8f265bb6,2026-03-11,01:15:08.84,2026-03-10T19:15:08.8487424-06:00,2026-03-11T01:15:08.8487424Z,FlyBall,v3,471379,,,"Loving, Joshua",1000510771,Right,UNI_THE2,d74a9028-4d6e-432a-af26-36dc35813de9,54.88852,-118.31041,10.01894,5.49698,1.90881,-14.11629,1.71497,-1.81486,-1.96264,181.125613,2.74337,88.60668,-19.82873,4.83676,-0.71226,0.02553,0.01042,-0.00165,8E-05,3.52242,90.57452,-19.07128,0.89411,-0.02955,-0.02644,0.0106,-0.00163,9E-05,0.46163,-39.67166,9.26929,-2.49562,0.43352,-0.03793,-0.00104,0.00048,-3E-05,,,,,,,,,,,,,,,,,,,,,,,High,High,High,High,Medium,,,,,,,,,,,,,,,,,,,,,,,,,,,,,,,,,,,,,
348,2026-03-10,19:16:00.34,9,1,"Pillsbury, Syler",10302409,Left,UNI_THE2,"Clough De Los Santos, Jonatan",10113700,Right,NMS_AGG,Undefined,8,Bottom,1,0,0,Fastball,Changeup,StrikeCalled,Undefined,Undefined,Undefined,0,0,,83.49673,-0.637485,3.949513,2059.675583,124.425951,10:15,5.50417,-1.9158,5.93253,-29.44817,10.56721,-13.60304,2.45729,0.6206,76.60158,-6.114621,1.512668,0.455286,,,,,,,,,,,,8.06434,5.96485,1.60788,50,5.43645,-7.83265,-121.09644,-2.27009,12.00996,23.0003,-23.29082,NMS_AGG,UNI_THE2,PresleyAskewField,D1,CUSA,20260310-PresleyAskewField-2,dde68050-1ce7-11f1-886b-8de6524961d4,82.7884,,,6.89515,,,,,,,6ee70939-121f-487f-ab01-d6bb8f265bb6,2026-03-11,01:16:00.34,2026-03-10T19:16:00.3465728-06:00,2026-03-11T01:16:00.3465728Z,,v3,471379,,,"Loving, Joshua",1000510771,Right,UNI_THE2,73d28389-c92e-4e4e-89cc-8dcf1cdaa8d1,54.56605,-121.96061,11.50015,5.50531,-1.39501,-11.64541,1.91064,-8.28388,6.00498,,,,,,,,,,,,,,,,,,,,,,,,,,,,,,,,,,,,,,,,,,,,,,,,,,,High,High,High,,,,,,,,,,,,,,,,,,,,,,,,,,,,,,,,,,,,,,,
349,2026-03-10,19:16:15.25,9,2,"Pillsbury, Syler",10302409,Left,UNI_THE2,"Clough De Los Santos, Jonatan",10113700,Right,NMS_AGG,Undefined,8,Bottom,1,0,1,Fastball,Four-Seam,BallCalled,Undefined,Undefined,Undefined,0,0,,86.0176,-1.254402,4.272845,2277.968374,148.120099,11:00,5.50576,-1.81596,5.97627,-20.33163,17.34469,-10.0569,2.64521,1.31421,78.8172,-5.092808,2.472504,0.44178,,,,,,,,,,,,6.33115,9.61166,1.48321,50,5.395,-8.91562,-124.67623,-3.32899,9.99905,24.27222,-16.99396,NMS_AGG,UNI_THE2,PresleyAskewField,D1,CUSA,20260310-PresleyAskewField-2,e6c43f00-1ce7-11f1-886b-8de6524961d4,85.31956,,,7.2004,,,,,,,6ee70939-121f-487f-ab01-d6bb8f265bb6,2026-03-11,01:16:15.25,2026-03-10T19:16:15.2543744-06:00,2026-03-11T01:16:15.2543744Z,,v3,471379,,,"Loving, Joshua",1000510771,Right,UNI_THE2,98d3de1b-d88c-4b8d-b4c5-c9a4c7d7d098,54.52179,-125.55346,12.13611,5.50422,-2.71481,-8.49698,1.81196,-9.27699,4.99952,,,,,,,,,,,,,,,,,,,,,,,,,,,,,,,,,,,,,,,,,,,,,,,,,,,High,High,High,,,,,,,,,,,,,,,,,,,,,,,,,,,,,,,,,,,,,,,
350,2026-03-10,19:16:33.78,9,3,"Pillsbury, Syler",10302409,Left,UNI_THE2,"Clough De Los Santos, Jonatan",10113700,Right,NMS_AGG,Undefined,8,Bottom,1,1,1,Slider,Curveball,BallCalled,Undefined,Undefined,Undefined,0,0,,74.43483,0.66812,1.592848,2577.334786,329.009406,5:00,5.62109,-1.65901,5.49323,-60.34322,-9.44642,6.55237,1.21773,0.37739,69.208,-10.248916,2.762925,0.513472,,,,,,,,,,,,-2.92162,-4.6461,1.51493,50,5.63784,-3.24215,-108.20371,-0.67204,-3.47662,18.224,-37.70272,NMS_AGG,UNI_THE2,PresleyAskewField,D1,CUSA,20260310-PresleyAskewField-2,f1def560-1ce7-11f1-886b-8de6524961d4,73.40702,,,5.22683,,,,,,,6ee70939-121f-487f-ab01-d6bb8f265bb6,2026-03-11,01:16:33.78,2026-03-10T19:16:33.7873408-06:00,2026-03-11T01:16:33.7873408Z,,v3,471379,,,"Loving, Joshua",1000510771,Right,UNI_THE2,fcf84594-1a89-4743-89ad-17acbf519a64,55.00949,-109.04416,9.112,5.62874,1.06672,-18.85136,1.66076,-3.08181,-1.73831,,,,,,,,,,,,,,,,,,,,,,,,,,,,,,,,,,,,,,,,,,,,,,,,,,,High,High,High,,,,,,,,,,,,,,,,,,,,,,,,,,,,,,,,,,,,,,,
351,2026-03-10,19:16:51.72,9,4,"Pillsbury, Syler",10302409,Left,UNI_THE2,"Clough De Los Santos, Jonatan",10113700,Right,NMS_AGG,Undefined,8,Bottom,1,2,1,Fastball,Four-Seam,InPlay,Undefined,LineDrive,Double,0,1,,84.67725,-0.642496,3.094316,2264.990299,140.871522,10:45,5.5719,-1.71363,6.09114,-24.74564,13.88229,-10.31756,2.91457,0.29156,77.60572,-5.290936,1.238734,0.447324,104.90526,16.0174,-21.540365,1462.068639,101.12496,26.39129,-43.28655,312.99855,310.16796,-26.442829,2.888213,6.19926,7.70552,1.48052,50,5.50919,-6.25137,-122.93687,-2.11386,9.50646,23.91062,-20.35776,NMS_AGG,UNI_THE2,PresleyAskewField,D1,CUSA,20260310-PresleyAskewField-2,fc82a700-1ce7-11f1-886b-8de6524961d4,84.26207,30.58628,,7.07153,,,,1.82436,2.98735,-0.27072,6ee70939-121f-487f-ab01-d6bb8f265bb6,2026-03-11,01:16:51.72,2026-03-10T19:16:51.7264384-06:00,2026-03-11T01:16:51.7264384Z,LineDrive,v3,471379,,,"Loving, Joshua",1000510771,Right,UNI_THE2,286efb38-88e7-4f67-9c89-589f142eec94,54.40737,-123.79111,11.95531,5.57172,-1.38655,-10.17888,1.70992,-6.591,4.75323,124.816199,1.82423,137.56516,-22.31408,4.75994,-1.21162,0.34457,-0.08872,0.01427,-0.00099,2.9874,42.45205,-17.75548,1.24093,-0.10281,-0.0363,0.02205,-0.00433,0.00031,-0.27085,-54.29165,1.28157,0.89108,-0.53286,0.24775,-0.07834,0.0139,-0.00103,,,,,,,,,,,,,,,,,,,,,,,High,High,High,High,High,,,,,,,,,,,,,,,,,,,,,,,,,,,,,,,,,,,,,
352,2026-03-10,19:17:39.84,10,1,"Pillsbury, Syler",10302409,Left,UNI_THE2,"Rulli, Easton",702537,Right,NMS_AGG,Undefined,8,Bottom,1,0,0,ChangeUp,Curveball,BallCalled,Undefined,Undefined,Undefined,0,0,,73.56905,1.598355,-0.669867,2594.913428,317.697638,4:30,5.74692,-1.68472,5.24356,-59.23558,-6.96776,7.63977,2.31322,-1.67763,68.52846,-9.095131,0.687524,0.520342,,,,,,,,,,,,-3.99508,-3.45469,1.74032,50,5.84914,0.96712,-106.95739,1.02568,-4.67985,16.5096,-36.22088,NMS_AGG,UNI_THE2,PresleyAskewField,D1,CUSA,20260310-PresleyAskewField-2,193bb5d0-1ce8-11f1-886b-8de6524961d4,72.43786,,,5.04059,,,,,,,6ee70939-121f-487f-ab01-d6bb8f265bb6,2026-03-11,01:17:39.84,2026-03-10T19:17:39.8436352-06:00,2026-03-11T01:17:39.8436352Z,,v3,471379,,,"Loving, Joshua",1000510771,Right,UNI_THE2,cbaa54bd-734c-4e0d-bbfa-218ad7c4a37f,55.25854,-107.76602,8.2548,5.75546,2.79977,-18.11044,1.68734,1.19633,-2.33992,,,,,,,,,,,,,,,,,,,,,,,,,,,,,,,,,,,,,,,,,,,,,,,,,,,High,High,High,,,,,,,,,,,,,,,,,,,,,,,,,,,,,,,,,,,,,,,
353,2026-03-10,19:17:57.52,10,2,"Pillsbury, Syler",10302409,Left,UNI_THE2,"Rulli, Easton",702537,Right,NMS_AGG,Undefined,8,Bottom,1,1,0,Slider,Slider,InPlay,Undefined,LineDrive,Double,0,1,,79.9854,0.787163,1.317723,2482.275122,210.805518,1:00,5.48059,-1.79279,5.71304,-38.22286,5.05709,2.33508,3.0289,-0.37042,74.40534,-6.223765,1.73545,0.473494,95.42084,23.963536,-20.695159,1785.35986,102.16083,42.06916,-40.78188,364.04112,355.03131,-25.341705,4.012535,-0.89567,2.69228,1.68102,50,5.52225,-2.76263,-116.36359,0.37156,-1.24679,18.71281,-28.42627,NMS_AGG,UNI_THE2,PresleyAskewField,D1,CUSA,20260310-PresleyAskewField-2,23bfd180-1ce8-11f1-886b-8de6524961d4,79.60482,54.0484,,5.58006,,,,3.14078,3.26917,0.42567,6ee70939-121f-487f-ab01-d6bb8f265bb6,2026-03-11,01:17:57.52,2026-03-10T19:17:57.5269376-06:00,2026-03-11T01:17:57.5269376Z,LineDrive,v3,471379,,,"Loving, Joshua",1000510771,Right,UNI_THE2,9cea992d-e619-426b-9a2c-3be523698001,54.78783,-117.131,9.3564,5.48311,1.53733,-14.21314,1.79326,-2.7115,-0.6234,141.766878,3.14059,119.64671,-18.56386,4.37988,-1.04253,0.26301,-0.0662,0.01115,-0.00077,3.26979,56.81961,-17.1797,0.57327,0.24965,-0.18053,0.06163,-0.00996,0.00061,0.42544,-45.18616,0.97269,0.70396,-0.29344,0.0645,-0.00707,-0.00016,8E-05,,,,,,,,,,,,,,,,,,,,,,,High,High,High,High,High,,,,,,,,,,,,,,,,,,,,,,,,,,,,,,,,,,,,,
354,2026-03-10,19:18:47.55,11,1,"Pillsbury, Syler",10302409,Left,UNI_THE2,"Massey, Noah",838425,Right,NMS_AGG,Undefined,8,Bottom,1,0,0,Fastball,Sinker,StrikeCalled,Undefined,Undefined,Undefined,0,0,,85.2995,0.113883,1.58254,2207.741926,140.557207,10:45,5.61597,-1.66289,6.02558,-26.16427,11.88012,-8.82449,3.54113,-0.93225,78.24445,-4.784593,-0.005039,0.443932,,,,,,,,,,,,4.93957,6.44244,1.54371,50,5.61065,-3.07002,-123.95005,-0.56195,7.7138,23.89397,-22.11332,NMS_AGG,UNI_THE2,PresleyAskewField,D1,CUSA,20260310-PresleyAskewField-2,418b13a0-1ce8-11f1-886b-8de6524961d4,84.90583,,,7.05505,,,,,,,6ee70939-121f-487f-ab01-d6bb8f265bb6,2026-03-11,01:18:47.55,2026-03-10T19:18:47.5551232-06:00,2026-03-11T01:18:47.5551232Z,,v3,471379,,,"Loving, Joshua",1000510771,Right,UNI_THE2,3a168fa1-0b9e-4456-981d-9da12eb68412,54.47108,-124.80897,11.94699,5.61656,0.23296,-11.05666,1.65906,-3.34731,3.8569,,,,,,,,,,,,,,,,,,,,,,,,,,,,,,,,,,,,,,,,,,,,,,,,,,,High,High,High,,,,,,,,,,,,,,,,,,,,,,,,,,,,,,,,,,,,,,,
355,2026-03-10,19:19:02.82,11,2,"Pillsbury, Syler",10302409,Left,UNI_THE2,"Massey, Noah",838425,Right,NMS_AGG,Undefined,8,Bottom,1,0,1,Fastball,Four-Seam,BallCalled,Undefined,Undefined,Undefined,0,0,,85.1592,-2.557088,4.35594,2296.166914,146.37534,11:00,5.53134,-1.68788,5.98078,-20.3456,18.19186,-11.27768,1.45723,1.41768,78.05597,-6.394563,2.336503,0.4468,,,,,,,,,,,,7.08985,10.46512,1.34987,50,5.31752,-8.96822,-123.34657,-6.11189,10.93718,24.23028,-16.03004,NMS_AGG,UNI_THE2,PresleyAskewField,D1,CUSA,20260310-PresleyAskewField-2,4aa7fe30-1ce8-11f1-886b-8de6524961d4,84.36091,,,7.10323,,,,,,,6ee70939-121f-487f-ab01-d6bb8f265bb6,2026-03-11,01:19:02.82,2026-03-10T19:19:02.8275200-06:00,2026-03-11T01:19:02.8275200Z,,v3,471379,,,"Loving, Joshua",1000510771,Right,UNI_THE2,2281f436-48f5-4927-8310-e43bdf40e021,54.51916,-124.23115,12.11514,5.52997,-5.52668,-8.01502,1.68456,-9.3675,5.46859,,,,,,,,,,,,,,,,,,,,,,,,,,,,,,,,,,,,,,,,,,,,,,,,,,,High,High,High,,,,,,,,,,,,,,,,,,,,,,,,,,,,,,,,,,,,,,,
356,2026-03-10,19:19:20.76,11,3,"Pillsbury, Syler",10302409,Left,UNI_THE2,"Massey, Noah",838425,Right,NMS_AGG,Undefined,8,Bottom,1,1,1,Fastball,Sinker,BallCalled,Undefined,Undefined,Undefined,0,0,,84.5045,-2.54557,3.711937,2155.298816,139.572184,10:45,5.55947,-1.66317,5.94164,-27.34116,11.73568,-8.96548,0.91326,1.03771,77.811,-7.615728,2.104405,0.449916,,,,,,,,,,,,5.67906,7.06851,1.37244,50,5.34061,-7.6097,-122.50746,-6.30915,8.656,23.53418,-21.40022,NMS_AGG,UNI_THE2,PresleyAskewField,D1,CUSA,20260310-PresleyAskewField-2,55580be0-1ce8-11f1-886b-8de6524961d4,83.77668,,,6.69351,,,,,,,6ee70939-121f-487f-ab01-d6bb8f265bb6,2026-03-11,01:19:20.76,2026-03-10T19:19:20.7663104-06:00,2026-03-11T01:19:20.7663104Z,,v3,471379,,,"Loving, Joshua",1000510771,Right,UNI_THE2,24f00512-9184-4d41-b30c-751ef60e0be9,54.55841,-123.38004,11.76709,5.55983,-5.51569,-10.70011,1.66053,-7.93064,4.328,,,,,,,,,,,,,,,,,,,,,,,,,,,,,,,,,,,,,,,,,,,,,,,,,,,High,High,High,,,,,,,,,,,,,,,,,,,,,,,,,,,,,,,,,,,,,,,
357,2026-03-10,19:19:38.30,11,4,"Pillsbury, Syler",10302409,Left,UNI_THE2,"Massey, Noah",838425,Right,NMS_AGG,Undefined,8,Bottom,1,2,1,Slider,Curveball,StrikeCalled,Undefined,Undefined,Undefined,0,0,,75.3695,1.723628,0.87022,2643.604227,300.29553,4:00,5.67008,-1.70488,5.42571,-51.87042,-2.32811,6.33768,2.96257,-0.36162,69.92987,-7.705203,1.998601,0.506593,,,,,,,,,,,,-2.97284,-1.16197,1.6232,50,5.78672,-1.90158,-109.5374,1.59619,-3.64901,17.4872,-33.6003,NMS_AGG,UNI_THE2,PresleyAskewField,D1,CUSA,20260310-PresleyAskewField-2,5fdb1620-1ce8-11f1-886b-8de6524961d4,74.40374,,,5.43963,,,,,,,6ee70939-121f-487f-ab01-d6bb8f265bb6,2026-03-11,01:19:38.30,2026-03-10T19:19:38.3066624-06:00,2026-03-11T01:19:38.3066624Z,,v3,471379,,,"Loving, Joshua",1000510771,Right,UNI_THE2,b3ce376a-0106-48bc-9ea0-53d996dd4fb8,55.07446,-110.34454,8.7436,5.67725,3.14705,-16.80015,1.70708,-1.73316,-1.8245,,,,,,,,,,,,,,,,,,,,,,,,,,,,,,,,,,,,,,,,,,,,,,,,,,,High,High,High,,,,,,,,,,,,,,,,,,,,,,,,,,,,,,,,,,,,,,,
358,2026-03-10,19:19:55.55,11,5,"Pillsbury, Syler",10302409,Left,UNI_THE2,"Massey, Noah",838425,Right,NMS_AGG,Undefined,8,Bottom,1,2,2,ChangeUp,Curveball,StrikeCalled,Strikeout,Undefined,Undefined,0,0,,73.74491,1.576453,0.195739,2538.583503,305.951602,4:15,5.64919,-1.69549,5.47003,-54.86664,-3.09606,6.30618,2.55263,-0.98679,68.35696,-8.40252,1.320224,0.517861,,,,,,,,,,,,-3.12323,-1.48087,1.67389,50,5.75021,-0.5978,-107.17784,1.19488,-3.66031,17.21499,-33.90956,NMS_AGG,UNI_THE2,PresleyAskewField,D1,CUSA,20260310-PresleyAskewField-2,6a2499d0-1ce8-11f1-886b-8de6524961d4,72.78491,,,5.38795,,,,,,,6ee70939-121f-487f-ab01-d6bb8f265bb6,2026-03-11,01:19:55.55,2026-03-10T19:19:55.5569664-06:00,2026-03-11T01:19:55.5569664Z,,v3,471379,,,"Loving, Joshua",1000510771,Right,UNI_THE2,7363d5c7-96d2-480e-804c-d4627c01464f,55.02998,-107.98274,8.60749,5.65728,2.78034,-16.95478,1.69784,-0.42666,-1.83016,,,,,,,,,,,,,,,,,,,,,,,,,,,,,,,,,,,,,,,,,,,,,,,,,,,High,High,High,,,,,,,,,,,,,,,,,,,,,,,,,,,,,,,,,,,,,,,
359,2026-03-10,19:20:26.47,12,1,"Pillsbury, Syler",10302409,Left,UNI_THE2,"Lombardi, Aidan",838424,Right,NMS_AGG,Undefined,8,Bottom,2,0,0,Fastball,Slider,StrikeSwinging,Undefined,Undefined,Undefined,0,0,,81.15675,-0.852007,1.936257,2467.121189,219.549009,1:15,5.50264,-1.74422,5.77667,-37.53537,4.90882,3.00252,1.58141,0.30831,74.90516,-7.745512,2.474216,0.4689,,,,,,,,,,,,-1.02402,3.09083,1.58247,50,5.40941,-4.09928,-117.89506,-2.96666,-1.44588,21.7366,-27.80984,NMS_AGG,UNI_THE2,PresleyAskewField,D1,CUSA,20260310-PresleyAskewField-2,7c872ca0-1ce8-11f1-886b-8de6524961d4,80.38474,,,6.25158,,,,,,,6ee70939-121f-487f-ab01-d6bb8f265bb6,2026-03-11,01:20:26.47,2026-03-10T19:20:26.4749568-06:00,2026-03-11T01:20:26.4749568Z,,v3,471379,,,"Loving, Joshua",1000510771,Right,UNI_THE2,d6a4c083-6f4a-4d04-b49d-3da720b499d6,54.72246,-118.76256,10.8683,5.50566,-1.85678,-13.90492,1.74491,-4.04157,-0.72294,,,,,,,,,,,,,,,,,,,,,,,,,,,,,,,,,,,,,,,,,,,,,,,,,,,High,High,High,,,,,,,,,,,,,,,,,,,,,,,,,,,,,,,,,,,,,,,
360,2026-03-10,19:20:46.66,12,2,"Pillsbury, Syler",10302409,Left,UNI_THE2,"Lombardi, Aidan",838424,Right,NMS_AGG,Undefined,8,Bottom,2,0,1,Fastball,Sinker,StrikeCalled,Undefined,Undefined,Undefined,0,0,,85.07432,-0.350744,3.247563,2211.543507,135.675537,10:30,5.56775,-1.6057,5.88349,-26.32285,12.0082,-10.64316,3.04795,0.52632,78.44716,-5.248429,1.341309,0.445602,,,,,,,,,,,,6.27213,6.58307,1.34964,50,5.52412,-6.58586,-123.53563,-1.59181,9.7849,22.41437,-21.90405,NMS_AGG,UNI_THE2,PresleyAskewField,D1,CUSA,20260310-PresleyAskewField-2,888fec80-1ce8-11f1-886b-8de6524961d4,84.58773,,,6.62716,,,,,,,6ee70939-121f-487f-ab01-d6bb8f265bb6,2026-03-11,01:20:46.66,2026-03-10T19:20:46.6696704-06:00,2026-03-11T01:20:46.6696704Z,,v3,471379,,,"Loving, Joshua",1000510771,Right,UNI_THE2,b19ca126-c61b-4e11-9d13-bcfea2f4556e,54.61505,-124.37017,11.20719,5.56821,-0.77627,-10.95202,1.60163,-6.95018,4.89245,,,,,,,,,,,,,,,,,,,,,,,,,,,,,,,,,,,,,,,,,,,,,,,,,,,High,High,High,,,,,,,,,,,,,,,,,,,,,,,,,,,,,,,,,,,,,,,
361,2026-03-10,19:21:03.43,12,3,"Pillsbury, Syler",10302409,Left,UNI_THE2,"Lombardi, Aidan",838424,Right,NMS_AGG,Undefined,8,Bottom,2,0,2,Fastball,Four-Seam,InPlay,Undefined,FlyBall,Double,0,2,,85.40348,-0.863508,2.636578,2282.566819,154.027013,11:15,5.44762,-1.6946,5.87771,-20.76328,17.37946,-7.90713,2.91449,0.09682,78.46893,-4.773286,1.219727,0.444506,81.39857,54.286541,18.209573,,98.35165,118.2711,49.26399,230.439,220.80935,31.135564,5.602656,4.7565,9.48678,1.48617,50,5.3658,-5.39684,-124.02174,-2.48765,7.45093,23.46961,-17.31327,NMS_AGG,UNI_THE2,PresleyAskewField,D1,CUSA,20260310-PresleyAskewField-2,928e3660-1ce8-11f1-886b-8de6524961d4,84.7963,121.88774,,6.93455,,,,1.07931,2.97663,-0.09285,6ee70939-121f-487f-ab01-d6bb8f265bb6,2026-03-11,01:21:03.43,2026-03-10T19:21:03.4361344-06:00,2026-03-11T01:21:03.4361344Z,FlyBall,v3,471379,,,"Loving, Joshua",1000510771,Right,UNI_THE2,e489fd8b-9e07-4caa-887d-c0566d1dab1e,54.62053,-124.89306,11.7348,5.44622,-1.84489,-8.65663,1.69167,-5.67346,3.72546,203.406136,1.08498,66.05718,-15.36686,2.99208,0.1303,-0.27302,0.07535,-0.00908,0.00042,2.96848,97.07629,-24.37949,3.06199,-0.81518,0.16282,-0.01544,1E-05,6E-05,-0.09641,21.8565,1.16558,-0.2147,-0.26444,0.16223,-0.04087,0.00489,-0.00023,,,,,,,,,,,,,,,,,,,,,,,High,High,High,High,Low,,,,,,,,,,,,,,,,,,,,,,,,,,,,,,,,,,,,,
362,2026-03-10,19:21:54.70,13,1,"Pillsbury, Syler",10302409,Left,UNI_THE2,"Kaufman, Camden",831503,Right,NMS_AGG,Undefined,8,Bottom,2,0,0,Fastball,Sinker,InPlay,Undefined,LineDrive,Out,1,0,,84.08019,-0.262463,2.405813,2234.579097,139.803513,10:45,5.5774,-1.77624,5.96961,-27.9332,11.2682,-8.53071,3.00608,-0.25538,77.32775,-5.46863,0.873621,0.450632,97.94451,23.194924,7.709007,2620.819594,108.1526,42.37854,20.07352,364.87728,354.22438,16.38862,4.147607,5.0452,6.21264,1.59054,50,5.54095,-4.80456,-122.15993,-1.42661,7.66316,22.90402,-22.7377,NMS_AGG,UNI_THE2,PresleyAskewField,D1,CUSA,20260310-PresleyAskewField-2,b118f7f0-1ce8-11f1-886b-8de6524961d4,83.64348,56.32307,,6.75244,,,,1.36727,3.01361,0.26113,6ee70939-121f-487f-ab01-d6bb8f265bb6,2026-03-11,01:21:54.70,2026-03-10T19:21:54.7046912-06:00,2026-03-11T01:21:54.7046912Z,LineDrive,v3,471379,,,"Loving, Joshua",1000510771,Right,UNI_THE2,3865a488-c679-440d-a08b-4af5938755de,54.52922,-123.00619,11.45201,5.57814,-0.58649,-11.36885,1.77329,-5.0877,3.83158,220.155376,1.36676,130.85891,-21.96365,4.89928,-1.1064,0.27071,-0.06019,0.00857,-0.00052,3.01458,56.55587,-16.10971,0.50707,0.17619,-0.13301,0.04193,-0.00602,0.00032,0.26126,17.7116,4.91118,-1.70968,0.44983,-0.10514,0.02054,-0.00255,0.00013,,,,,,,,,,,,,,,,,,,,,,,High,High,High,High,High,,,,,,,,,,,,,,,,,,,,,,,,,,,,,,,,,,,,,
363,2026-03-10,19:24:49.82,1,1,"Shumard, Cade",838446,Left,NMS_AGG,"Chavez, Vyncent",1000510728,Right,UNI_THE2,Undefined,9,Top,0,0,0,Fastball,Sinker,InPlay,Undefined,GroundBall,Single,0,0,,89.30131,-2.960819,3.728042,2156.529236,133.703979,10:30,6.14503,-2.53315,6.20007,-19.70312,14.86426,-14.4504,1.76178,-0.29119,82.22991,-6.669325,1.124934,0.42316,91.86048,-7.47294,-1.386117,,,,,14.16327,12.36738,-0.173329,0.100986,8.48095,8.80378,2.25981,50,5.91182,-7.8625,-129.48665,-7.29636,14.49369,25.37652,-17.12863,NMS_AGG,UNI_THE2,PresleyAskewField,D1,CUSA,20260310-PresleyAskewField-2,1998d480-1ce9-11f1-886b-8de6524961d4,89.07373,1.77165,,7.0714,,,,0.66084,1.77165,0.28387,6ee70939-121f-487f-ab01-d6bb8f265bb6,2026-03-11,01:24:49.82,2026-03-10T19:24:49.8216448-06:00,2026-03-11T01:24:49.8216448Z,GroundBall,v3,471379,,,"Massey, Noah",838425,Right,NMS_AGG,8eb67235-5629-4044-8372-7ff09abc2509,54.29916,-130.32646,12.68826,6.14391,-6.72949,-8.56431,2.52795,-8.34216,7.24684,180,0.65823,133.70589,,,,,,,,1.77199,-17.54361,,,,,,,,0.28393,-3.23529,,,,,,,,,,,,,,,,,,,,,,,,,,,,,,High,High,High,High,High,,,,,,,,,,,,,,,,,,,,,,,,,,,,,,,,,,,,,
364,2026-03-10,19:25:21.42,2,1,"Shumard, Cade",838446,Left,NMS_AGG,"Loving, Joshua",1000510771,Right,UNI_THE2,Undefined,9,Top,0,0,0,Fastball,Four-Seam,FoulBallNotFieldable,Undefined,Undefined,Undefined,0,0,,88.88765,-1.840929,3.729441,2220.127969,142.160019,10:45,6.10726,-2.43241,6.37942,-17.76017,17.05737,-12.37985,2.9295,-0.0283,81.21564,-5.236682,1.493136,0.424688,72.82574,11.055324,173.119188,1314.271384,,,,107.72849,49.80925,173.047218,1.129266,7.50713,9.75284,2.16894,50,5.96595,-7.92005,-128.93413,-4.62924,12.63304,26.89208,-15.76193,NMS_AGG,UNI_THE2,PresleyAskewField,D1,CUSA,20260310-PresleyAskewField-2,2c49ae60-1ce9-11f1-886b-8de6524961d4,88.75316,7.66725,,7.67201,,,,0.40981,2.7469,0.02709,6ee70939-121f-487f-ab01-d6bb8f265bb6,2026-03-11,01:25:21.42,2026-03-10T19:25:21.4230000-06:00,2026-03-11T01:25:21.4230000Z,GroundBall,v3,471379,,,"Massey, Noah",838425,Right,NMS_AGG,c49d5332-540f-4cc1-bb8f-916bf21cbf7d,54.11856,-129.79031,13.44604,6.10534,-4.12742,-7.88096,2.4275,-8.32225,6.31652,0.750442,0.38623,-103.7812,7.75837,,,,,,,2.8422,19.33157,-19.4162,,,,,,,0.02938,12.5304,-0.89453,,,,,,,,,,,,,,,,,,,,,,,,,,,,,High,High,High,High,Medium,,,,,,,,,,,,,,,,,,,,,,,,,,,,,,,,,,,,,
365,2026-03-10,19:25:39.10,2,2,"Shumard, Cade",838446,Left,NMS_AGG,"Loving, Joshua",1000510771,Right,UNI_THE2,Undefined,9,Top,0,0,1,Slider,Slider,BallCalled,Undefined,Undefined,Undefined,0,0,,77.90939,0.442878,3.368445,2355.807303,243.172584,2:00,6.17671,-2.72263,5.80516,-41.14994,5.94138,8.38898,3.16013,1.11264,70.44464,-7.177288,4.866798,0.493903,,,,,,,,,,,,-3.14673,3.39764,2.44101,50,6.189,-6.95705,-112.78508,-0.39255,-3.97893,24.02156,-27.87786,NMS_AGG,UNI_THE2,PresleyAskewField,D1,CUSA,20260310-PresleyAskewField-2,36e26380-1ce9-11f1-886b-8de6524961d4,76.31546,,,7.46474,,,,,,,6ee70939-121f-487f-ab01-d6bb8f265bb6,2026-03-11,01:25:39.10,2026-03-10T19:25:39.1000000-06:00,2026-03-11T01:25:39.1000000Z,,v3,471379,,,"Massey, Noah",838425,Right,NMS_AGG,6fa51d34-f821-4476-8668-0a6b0ccd215d,54.68952,-113.7795,12.01078,6.18136,0.7615,-13.93893,2.7256,-6.79234,-1.98946,,,,,,,,,,,,,,,,,,,,,,,,,,,,,,,,,,,,,,,,,,,,,,,,,,,High,High,High,,,,,,,,,,,,,,,,,,,,,,,,,,,,,,,,,,,,,,,
366,2026-03-10,19:25:56.24,2,3,"Shumard, Cade",838446,Left,NMS_AGG,"Loving, Joshua",1000510771,Right,UNI_THE2,Undefined,9,Top,0,1,1,Slider,Curveball,BallCalled,Undefined,Undefined,Undefined,0,0,,75.43745,1.925591,0.857797,2514.746799,253.990024,2:30,6.12037,-2.67584,5.69618,-44.42644,5.15299,12.50997,4.21346,-0.83392,69.00759,-6.269053,3.093657,0.506783,,,,,,,,,,,,-6.06949,2.58036,2.59612,50,6.25467,-2.10632,-109.48217,2.3162,-7.34843,19.77894,-29.04998,NMS_AGG,UNI_THE2,PresleyAskewField,D1,CUSA,20260310-PresleyAskewField-2,411b4560-1ce9-11f1-886b-8de6524961d4,74.37586,,,6.42986,,,,,,,6ee70939-121f-487f-ab01-d6bb8f265bb6,2026-03-11,01:25:56.24,2026-03-10T19:25:56.2430000-06:00,2026-03-11T01:25:56.2430000Z,,v3,471379,,,"Massey, Noah",838425,Right,NMS_AGG,d080d2a2-d990-4ecc-8844-26cc2d3efbcd,54.80041,-110.346,9.88947,6.12581,3.58494,-14.52499,2.6811,-1.78538,-3.67421,,,,,,,,,,,,,,,,,,,,,,,,,,,,,,,,,,,,,,,,,,,,,,,,,,,High,High,High,,,,,,,,,,,,,,,,,,,,,,,,,,,,,,,,,,,,,,,
367,2026-03-10,19:26:11.86,2,4,"Shumard, Cade",838446,Left,NMS_AGG,"Loving, Joshua",1000510771,Right,UNI_THE2,Undefined,9,Top,0,2,1,Fastball,Sinker,InPlay,Undefined,GroundBall,Single,0,0,,87.94179,-0.825288,3.661799,2246.107965,126.043519,10:15,6.02315,-2.28019,6.54527,-23.79635,11.4082,-14.183,3.28168,-0.09944,80.62016,-5.32272,1.090324,0.427042,89.6325,-6.95665,-25.930777,,,,,22.86002,18.06582,-24.051447,0.168944,8.49193,6.54374,2.03261,50,5.95566,-7.64829,-127.71478,-2.52258,14.05627,25.76838,-21.34256,NMS_AGG,UNI_THE2,PresleyAskewField,D1,CUSA,20260310-PresleyAskewField-2,4a5a5df0-1ce9-11f1-886b-8de6524961d4,88.26396,3.08368,,7.32163,,,,1.2198,3.08368,0.30481,6ee70939-121f-487f-ab01-d6bb8f265bb6,2026-03-11,01:26:11.86,2026-03-10T19:26:11.8640000-06:00,2026-03-11T01:26:11.8640000Z,GroundBall,v3,471379,,,"Massey, Noah",838425,Right,NMS_AGG,8591ceaa-f208-4b49-8ff1-db8d4b865299,53.9542,-128.51012,12.88419,6.02335,-1.86384,-10.67128,2.27537,-8.08213,7.02814,121.626359,1.21989,117.34879,-5.95836,,,,,,,3.08375,-15.92788,-13.76565,,,,,,,0.3048,-57.06205,0.65697,,,,,,,,,,,,,,,,,,,,,,,,,,,,,High,High,High,Low,Low,,,,,,,,,,,,,,,,,,,,,,,,,,,,,,,,,,,,,
368,2026-03-10,19:27:14.57,3,1,"Shumard, Cade",838446,Left,NMS_AGG,"Jackson, Pierson",1000510784,Right,UNI_THE2,Undefined,9,Top,0,0,0,Slider,Slider,FoulBallNotFieldable,Undefined,Undefined,Undefined,0,0,,79.54444,-0.003327,3.103361,2303.695883,234.275723,1:45,6.25477,-2.6549,5.77738,-35.9777,8.70473,10.08115,3.25353,1.07558,72.68916,-6.655183,4.903545,0.481105,91.41146,28.196522,-47.542893,2987.552838,70.23432,48.37719,-84.65865,331.55677,235.36348,-57.794986,3.94797,-4.25217,4.85555,2.39226,50,6.23283,-6.63117,-115.33996,-1.11888,-5.68801,22.85359,-25.67886,NMS_AGG,UNI_THE2,PresleyAskewField,D1,CUSA,20260310-PresleyAskewField-2,6fc53970-1ce9-11f1-886b-8de6524961d4,78.34559,58.46598,,6.85527,,,,2.12233,3.36822,-1.08617,6ee70939-121f-487f-ab01-d6bb8f265bb6,2026-03-11,01:27:14.57,2026-03-10T19:27:14.5700000-06:00,2026-03-11T01:27:14.5700000Z,FlyBall,v3,471379,,,"Massey, Noah",838425,Right,NMS_AGG,6f586f5d-e1ad-4e88-a0cf-f46dd4aa7ac5,54.72034,-116.2715,11.42679,6.2571,-0.07219,-12.83943,2.65782,-6.39933,-2.844,,2.12186,79.77619,-16.85956,3.79937,-0.94033,0.24842,-0.05224,0.00638,-0.00032,3.36932,63.31486,-21.20066,2.11538,-0.17534,-0.08446,0.0325,-0.00426,0.00019,-1.08625,-87.17399,8.04116,-1.77825,0.34819,-0.06551,0.01115,-0.00124,6E-05,,,,,,,,,,,,,,,,,,,,,,,High,High,High,High,Medium,,,,,,,,,,,,,,,,,,,,,,,,,,,,,,,,,,,,,
369,2026-03-10,19:27:33.85,3,2,"Shumard, Cade",838446,Left,NMS_AGG,"Jackson, Pierson",1000510784,Right,UNI_THE2,Undefined,9,Top,0,0,1,Fastball,Four-Seam,StrikeSwinging,Undefined,Undefined,Undefined,0,0,,89.49929,-1.699455,2.784827,2281.870312,161.183564,11:15,6.14953,-2.37441,6.46111,-16.4932,17.73749,-5.66701,3.21179,-0.2867,81.68851,-4.870534,1.75847,0.421094,,,,,,,,,,,,3.73579,10.07875,2.17992,50,6.02168,-6.09353,-129.91328,-4.27821,6.3737,27.64612,-14.97844,NMS_AGG,UNI_THE2,PresleyAskewField,D1,CUSA,20260310-PresleyAskewField-2,7b3ae110-1ce9-11f1-886b-8de6524961d4,89.51076,,,7.81078,,,,,,,6ee70939-121f-487f-ab01-d6bb8f265bb6,2026-03-11,01:27:33.85,2026-03-10T19:27:33.8540000-06:00,2026-03-11T01:27:33.8540000Z,,v3,471379,,,"Massey, Noah",838425,Right,NMS_AGG,0d55f190-5754-4197-8e36-6391d5f98c8a,54.03494,-130.76912,13.82306,6.14694,-3.81452,-7.48922,2.37161,-6.29083,3.18685,,,,,,,,,,,,,,,,,,,,,,,,,,,,,,,,,,,,,,,,,,,,,,,,,,,High,High,High,,,,,,,,,,,,,,,,,,,,,,,,,,,,,,,,,,,,,,,
370,2026-03-10,19:27:48.83,3,3,"Shumard, Cade",838446,Left,NMS_AGG,"Jackson, Pierson",1000510784,Right,UNI_THE2,Undefined,9,Top,0,0,2,Fastball,Four-Seam,StrikeSwinging,Strikeout,Undefined,Undefined,0,0,,89.62066,-0.769334,2.713927,2306.308634,156.965904,11:15,6.1475,-2.36514,6.32376,-15.83489,18.6867,-7.44296,4.11859,-0.48419,81.16074,-3.835821,1.369405,0.42288,,,,,,,,,,,,4.66335,10.27445,2.1701,50,6.08345,-5.85643,-130.02446,-2.14356,7.9153,29.43523,-14.73488,NMS_AGG,UNI_THE2,PresleyAskewField,D1,CUSA,20260310-PresleyAskewField-2,84283020-1ce9-11f1-886b-8de6524961d4,89.13277,,,8.45992,,,,,,,6ee70939-121f-487f-ab01-d6bb8f265bb6,2026-03-11,01:27:48.83,2026-03-10T19:27:48.8300000-06:00,2026-03-11T01:27:48.8300000Z,,v3,471379,,,"Massey, Noah",838425,Right,NMS_AGG,a89f2f87-8cc1-4c6e-806c-75ae04f4b722,54.17108,-130.96531,14.71762,6.14444,-1.67258,-7.36744,2.36134,-6.10943,3.95765,,,,,,,,,,,,,,,,,,,,,,,,,,,,,,,,,,,,,,,,,,,,,,,,,,,High,High,High,,,,,,,,,,,,,,,,,,,,,,,,,,,,,,,,,,,,,,,
371,2026-03-10,19:28:28.85,4,1,"Shumard, Cade",838446,Left,NMS_AGG,"Manzanares, Izeyah",1000171553,Right,UNI_THE2,Undefined,9,Top,1,0,0,Fastball,Four-Seam,StrikeSwinging,Undefined,Undefined,Undefined,0,0,,88.4977,-1.694806,2.912799,2238.154135,150.409241,11:00,6.20819,-2.17012,6.37147,-19.19682,15.94339,-8.40701,3.0466,-0.18835,80.79993,-5.352353,1.392508,0.426652,,,,,,,,,,,,5.18555,9.12788,1.96333,50,6.07657,-6.20004,-128.43227,-4.33066,8.6462,27.03269,-16.9546,NMS_AGG,UNI_THE2,PresleyAskewField,D1,CUSA,20260310-PresleyAskewField-2,9c099f30-1ce9-11f1-886b-8de6524961d4,88.34474,,,7.69776,,,,,,,6ee70939-121f-487f-ab01-d6bb8f265bb6,2026-03-11,01:28:28.85,2026-03-10T19:28:28.8590000-06:00,2026-03-11T01:28:28.8590000Z,,v3,471379,,,"Massey, Noah",838425,Right,NMS_AGG,12c32202-c93b-491e-8029-4c0fbfc05833,54.12481,-129.29755,13.51635,6.20651,-3.78796,-8.4773,2.16622,-6.47679,4.3231,,,,,,,,,,,,,,,,,,,,,,,,,,,,,,,,,,,,,,,,,,,,,,,,,,,High,High,High,,,,,,,,,,,,,,,,,,,,,,,,,,,,,,,,,,,,,,,
372,2026-03-10,19:28:42.41,4,2,"Shumard, Cade",838446,Left,NMS_AGG,"Manzanares, Izeyah",1000171553,Right,UNI_THE2,Undefined,9,Top,1,0,1,Fastball,Four-Seam,InPlay,Undefined,FlyBall,Out,1,0,,86.7057,-0.615803,2.677183,2312.342339,155.16551,11:15,6.13945,-2.23365,6.26148,-22.32241,14.3319,-6.0987,3.71083,-0.27168,79.29396,-4.837907,1.576527,0.435747,86.93923,55.63249,-7.895447,4489.682634,109.6771,140.15416,-8.42059,234.30326,232.32632,-4.007241,6.179875,3.93441,7.97115,2.03817,50,6.08278,-5.65497,-125.9295,-1.99831,6.31519,25.67447,-19.3794,NMS_AGG,UNI_THE2,PresleyAskewField,D1,CUSA,20260310-PresleyAskewField-2,a41d0900-1ce9-11f1-886b-8de6524961d4,86.50082,146.54364,,7.41174,,,,1.59782,3.66999,0.26822,6ee70939-121f-487f-ab01-d6bb8f265bb6,2026-03-11,01:28:42.41,2026-03-10T19:28:42.4120000-06:00,2026-03-11T01:28:42.4120000Z,FlyBall,v3,471379,,,"Massey, Noah",838425,Right,NMS_AGG,856a2c3b-6dd9-4870-a16a-9c6382703c33,54.23664,-126.79033,12.83724,6.13889,-1.34855,-9.6897,2.23132,-5.8667,3.1576,187.653092,1.59592,71.29202,-18.7867,5.31439,-0.91783,0.04561,0.01739,-0.00349,0.00019,3.63224,105.87297,-25.47892,4.6802,-2.05483,0.67278,-0.12667,0.01213,-0.00046,0.27357,-9.96797,5.65553,-2.27232,0.67902,-0.14885,0.02031,-0.00145,4E-05,,,,,,,,,,,,,,,,,,,,,,,High,High,High,High,Medium,,,,,,,,,,,,,,,,,,,,,,,,,,,,,,,,,,,,,
373,2026-03-10,19:29:20.52,5,1,"Shumard, Cade",838446,Left,NMS_AGG,"Alvarado, Xavier",1000510727,Right,UNI_THE2,Undefined,9,Top,2,0,0,Slider,Slider,StrikeCalled,Undefined,Undefined,Undefined,0,0,,77.99472,1.009438,2.833892,2405.404078,252.135446,2:30,6.11579,-2.54985,5.66731,-42.17235,4.0152,8.25158,3.54386,0.78221,71.93362,-6.723762,4.305173,0.489141,,,,,,,,,,,,-3.43977,2.19169,2.30506,50,6.17449,-5.91445,-113.20163,0.65182,-4.48252,19.83984,-29.31794,NMS_AGG,UNI_THE2,PresleyAskewField,D1,CUSA,20260310-PresleyAskewField-2,bad5af80-1ce9-11f1-886b-8de6524961d4,77.05847,,,6.0611,,,,,,,6ee70939-121f-487f-ab01-d6bb8f265bb6,2026-03-11,01:29:20.52,2026-03-10T19:29:20.5290000-06:00,2026-03-11T01:29:20.5290000Z,,v3,471379,,,"Massey, Noah",838425,Right,NMS_AGG,5deac377-c7f4-4635-8502-2b7a041fa0f3,54.83104,-114.04518,9.91992,6.12028,1.89836,-14.65897,2.55248,-5.72386,-2.24126,,,,,,,,,,,,,,,,,,,,,,,,,,,,,,,,,,,,,,,,,,,,,,,,,,,High,High,High,,,,,,,,,,,,,,,,,,,,,,,,,,,,,,,,,,,,,,,
374,2026-03-10,19:29:34.23,5,2,"Shumard, Cade",838446,Left,NMS_AGG,"Alvarado, Xavier",1000510727,Right,UNI_THE2,Undefined,9,Top,2,0,1,Fastball,Four-Seam,StrikeCalled,Undefined,Undefined,Undefined,0,0,,88.96902,-1.48614,3.37657,2287.525335,162.380219,11:30,6.08433,-2.17433,6.4228,-16.84588,17.89631,-5.32551,3.31178,0.4892,81.1389,-4.722647,2.413787,0.424229,,,,,,,,,,,,3.72815,10.09638,1.93562,50,5.97025,-7.40324,-129.06972,-3.7847,6.27487,27.42863,-15.18088,NMS_AGG,UNI_THE2,PresleyAskewField,D1,CUSA,20260310-PresleyAskewField-2,c301f880-1ce9-11f1-886b-8de6524961d4,88.84934,,,7.83012,,,,,,,6ee70939-121f-487f-ab01-d6bb8f265bb6,2026-03-11,01:29:34.23,2026-03-10T19:29:34.2310000-06:00,2026-03-11T01:29:34.2310000Z,,v3,471379,,,"Massey, Noah",838425,Right,NMS_AGG,7a6440f6-b847-4f6d-b5b9-d45291c3c53f,54.07317,-129.93242,13.71431,6.08178,-3.30721,-7.59044,2.17158,-7.6006,3.13743,,,,,,,,,,,,,,,,,,,,,,,,,,,,,,,,,,,,,,,,,,,,,,,,,,,High,High,High,,,,,,,,,,,,,,,,,,,,,,,,,,,,,,,,,,,,,,,
375,2026-03-10,19:29:48.28,5,3,"Shumard, Cade",838446,Left,NMS_AGG,"Alvarado, Xavier",1000510727,Right,UNI_THE2,Undefined,9,Top,2,0,2,Slider,Slider,BallCalled,Undefined,Undefined,Undefined,0,0,,77.89065,0.454028,-0.154064,2529.813711,237.625683,2:00,6.14362,-2.44201,5.59036,-37.67758,9.13,11.95469,3.42777,-1.58964,71.02012,-6.512955,1.980736,0.492413,,,,,,,,,,,,-6.08122,4.95815,2.44734,50,6.1583,-0.15867,-113.04568,-0.28799,-7.8198,21.81965,-25.7984,NMS_AGG,UNI_THE2,PresleyAskewField,D1,CUSA,20260310-PresleyAskewField-2,cb68b270-1ce9-11f1-886b-8de6524961d4,76.54638,,,6.87053,,,,,,,6ee70939-121f-487f-ab01-d6bb8f265bb6,2026-03-11,01:29:48.28,2026-03-10T19:29:48.2840000-06:00,2026-03-11T01:29:48.2840000Z,,v3,471379,,,"Massey, Noah",838425,Right,NMS_AGG,cf7822d3-f8e2-4bf2-8dd5-872a7aa3d7d7,54.90574,-113.98863,10.90983,6.14666,0.82691,-12.8992,2.44689,0.17927,-3.9099,,,,,,,,,,,,,,,,,,,,,,,,,,,,,,,,,,,,,,,,,,,,,,,,,,,High,High,High,,,,,,,,,,,,,,,,,,,,,,,,,,,,,,,,,,,,,,,
376,2026-03-10,19:30:06.51,5,4,"Shumard, Cade",838446,Left,NMS_AGG,"Alvarado, Xavier",1000510727,Right,UNI_THE2,Undefined,9,Top,2,1,2,Fastball,Four-Seam,StrikeCalled,Strikeout,Undefined,Undefined,1,0,,90.21434,-2.727966,3.964178,2296.471726,155.190395,11:15,6.08131,-2.16216,6.39263,-14.52013,19.40261,-8.45016,2.35441,0.78543,82.26328,-5.53429,2.438785,0.419196,,,,,,,,,,,,5.5139,11.21749,1.88067,50,5.87781,-8.71441,-130.68987,-6.59403,9.51519,28.11353,-12.81636,NMS_AGG,UNI_THE2,PresleyAskewField,D1,CUSA,20260310-PresleyAskewField-2,d63e4980-1ce9-11f1-886b-8de6524961d4,89.91608,,,7.95107,,,,,,,6ee70939-121f-487f-ab01-d6bb8f265bb6,2026-03-11,01:30:06.51,2026-03-10T19:30:06.5120000-06:00,2026-03-11T01:30:06.5120000Z,,v3,471379,,,"Massey, Noah",838425,Right,NMS_AGG,1fe23aec-1fd4-4ec2-a5bd-f6be1bf81190,54.10369,-131.56968,14.05677,6.07789,-6.19295,-6.40818,2.15804,-9.01219,4.7576,,,,,,,,,,,,,,,,,,,,,,,,,,,,,65.82228,2.848902,1.83296,1.015942,-0.9348,2.12323,-0.88419,0.00022,4.56944,-0.87864,71.79371,6.81575,-52.97989,0.02976,75.7015,-5.01354,4.60033,17.35561,-14.96937,-0.91158,-56.22792,4.93125,High,High,High,,,High,High,High,,,,,,,,,,,,,,,,,,,,,,,,,,,,,,,,,,