PitchNo,Date,Time,PAofInning,PitchofPA,Pitcher,PitcherId,PitcherThrows,PitcherTeam,Batter,BatterId,BatterSide,BatterTeam,PitcherSet,Inning,Top/Bottom,Outs,Balls,Strikes,TaggedPitchType,AutoPitchType,PitchCall,KorBB,TaggedHitType,PlayResult,OutsOnPlay,RunsScored,Notes,RelSpeed,VertRelAngle,HorzRelAngle,SpinRate,SpinAxis,Tilt,RelHeight,RelSide,Extension,VertBreak,InducedVertBreak,HorzBreak,PlateLocHeight,PlateLocSide,ZoneSpeed,VertApprAngle,HorzApprAngle,ZoneTime,ExitSpeed,Angle,Direction,HitSpinRate,PositionAt110X,PositionAt110Y,PositionAt110Z,Distance,LastTrackedDistance,Bearing,HangTime,pfxx,pfxz,x0,y0,z0,vx0,vy0,vz0,ax0,ay0,az0,HomeTeam,AwayTeam,Stadium,Level,League,GameID,PitchUID,EffectiveVelo,MaxHeight,MeasuredDuration,SpeedDrop,PitchLastMeasuredX,PitchLastMeasuredY,PitchLastMeasuredZ,ContactPositionX,ContactPositionY,ContactPositionZ,GameUID,UTCDate,UTCTime,LocalDateTime,UTCDateTime,AutoHitType,System,HomeTeamForeignID,AwayTeamForeignID,GameForeignID,Catcher,CatcherId,CatcherThrows,CatcherTeam,PlayID,PitchTrajectoryXc0,PitchTrajectoryXc1,PitchTrajectoryXc2,PitchTrajectoryYc0,PitchTrajectoryYc1,PitchTrajectoryYc2,PitchTrajectoryZc0,PitchTrajectoryZc1,PitchTrajectoryZc2,HitSpinAxis,HitTrajectoryXc0,HitTrajectoryXc1,HitTrajectoryXc2,HitTrajectoryXc3,HitTrajectoryXc4,HitTrajectoryXc5,HitTrajectoryXc6,HitTrajectoryXc7,HitTrajectoryXc8,HitTrajectoryYc0,HitTrajectoryYc1,HitTrajectoryYc2,HitTrajectoryYc3,HitTrajectoryYc4,HitTrajectoryYc5,HitTrajectoryYc6,HitTrajectoryYc7,HitTrajectoryYc8,HitTrajectoryZc0,HitTrajectoryZc1,HitTrajectoryZc2,HitTrajectoryZc3,HitTrajectoryZc4,HitTrajectoryZc5,HitTrajectoryZc6,HitTrajectoryZc7,HitTrajectoryZc8,ThrowSpeed,PopTime,ExchangeTime,TimeToBase,CatchPositionX,CatchPositionY,CatchPositionZ,ThrowPositionX,ThrowPositionY,ThrowPositionZ,BasePositionX,BasePositionY,BasePositionZ,ThrowTrajectoryXc0,ThrowTrajectoryXc1,ThrowTrajectoryXc2,ThrowTrajectoryYc0,ThrowTrajectoryYc1,ThrowTrajectoryYc2,ThrowTrajectoryZc0,ThrowTrajectoryZc1,ThrowTrajectoryZc2,PitchReleaseConfidence,PitchLocationConfidence,PitchMovementConfidence,HitLaunchConfidence,HitLandingConfidence,CatcherThrowCatchConfidence,CatcherThrowReleaseConfidence,CatcherThrowLocationConfidence,SpinAxis3dTransverseAngle,SpinAxis3dLongitudinalAngle,SpinAxis3dActiveSpinRate,SpinAxis3dSpinEfficiency,SpinAxis3dTilt,SpinAxis3dVectorX,SpinAxis3dVectorY,SpinAxis3dVectorZ,SpinAxis3dSeamOrientationRotationX,SpinAxis3dSeamOrientationRotationY,SpinAxis3dSeamOrientationRotationZ,SpinAxis3dSeamOrientationBallAngleHorizontalAmb1,SpinAxis3dSeamOrientationBallAngleVerticalAmb1,SpinAxis3dSeamOrientationBallXAmb1,SpinAxis3dSeamOrientationBallYAmb1,SpinAxis3dSeamOrientationBallZAmb1,SpinAxis3dSeamOrientationBallAngleHorizontalAmb2,SpinAxis3dSeamOrientationBallAngleVerticalAmb2,SpinAxis3dSeamOrientationBallXAmb2,SpinAxis3dSeamOrientationBallYAmb2,SpinAxis3dSeamOrientationBallZAmb2,SpinAxis3dSeamOrientationBallAngleHorizontalAmb3,SpinAxis3dSeamOrientationBallAngleVerticalAmb3,SpinAxis3dSeamOrientationBallXAmb3,SpinAxis3dSeamOrientationBallYAmb3,SpinAxis3dSeamOrientationBallZAmb3,SpinAxis3dSeamOrientationBallAngleHorizontalAmb4,SpinAxis3dSeamOrientationBallAngleVerticalAmb4,SpinAxis3dSeamOrientationBallXAmb4,SpinAxis3dSeamOrientationBallYAmb4,SpinAxis3dSeamOrientationBallZAmb4,BatSpeed,VerticalAttackAngle,HorizontalAttackAngle
1,2026-03-13,18:03:14.64,1,1,"Jackson, Justin",1000236858,Left,TEN_WES,"DeCarlo, Domenic",1000440026,Right,UNI_PIK,Undefined,1,Top,0,0,0,Fastball,,FoulBallNotFieldable,Undefined,Undefined,Undefined,0,0,,,,,,,,,,,,,,,,,,,,,,,,,,,,,,,,,,,,,,,,,,TEN_WES,UNI_PIK,JackBowlingField,NAIA,NAIA,20260313-JackBowlingField-1,44187611-1f29-11f1-9965-8dd811638774,,,,,,,,,,,295b43c0-2fb4-429e-a1d1-ef411f70d0c1,2026-03-13,22:03:14.64,2026-03-13T18:03:14.6450000-04:00,2026-03-13T22:03:14.6450000Z,,v3,10044917,,,"Tolson, Jacob",10035532,Right,TEN_WES,44187610-1f29-11f1-9965-8dd811638774,,,,,,,,,,,,,,,,,,,,,,,,,,,,,,,,,,,,,,,,,,,,,,,,,,,,,,,,,,,,,,,,,,,,,,,,,,,,,,,,,,,,,,,,,,,,,,,,,,,,,
2,2026-03-13,18:03:15.64,1,2,"Jackson, Justin",1000236858,Left,TEN_WES,"DeCarlo, Domenic",1000440026,Right,UNI_PIK,Undefined,1,Top,0,0,1,Fastball,Sinker,BallCalled,Undefined,Undefined,Undefined,0,0,,87.51039,-2.067375,1.119668,2164.533731,120.136062,10:00,6.07604,-1.29702,6.19709,-25.91218,10.50477,-15.92552,2.00694,-1.59036,79.53021,-6.930106,-1.758239,0.434333,,,,,,,,,,,,8.52965,6.46252,1.22015,50,5.90749,-1.83067,-126.9929,-5.38478,13.78238,28.56789,-21.7318,TEN_WES,UNI_PIK,JackBowlingField,NAIA,NAIA,20260313-JackBowlingField-1,73b8cd80-1f28-11f1-a8ef-6dcfcb774b38,86.78228,,,7.98019,,,,,,,295b43c0-2fb4-429e-a1d1-ef411f70d0c1,2026-03-13,22:03:15.64,2026-03-13T18:03:15.6450000-04:00,2026-03-13T22:03:15.6450000Z,,v3,10044917,,,"Tolson, Jacob",10035532,Right,TEN_WES,260e2361-e99a-4069-b6ab-bd0cdaf55564,54.3011,-127.95681,14.28394,6.07681,-4.65154,-10.8659,1.28976,-2.2957,6.89119,,,,,,,,,,,,,,,,,,,,,,,,,,,,,,,,,,,,,,,,,,,,,,,,,,,High,High,High,,,,,,,,,,,,,,,,,,,,,,,,,,,,,,,,,,,,,,,
3,2026-03-13,18:03:30.96,1,3,"Jackson, Justin",1000236858,Left,TEN_WES,"DeCarlo, Domenic",1000440026,Right,UNI_PIK,Undefined,1,Top,0,1,1,Fastball,Sinker,FoulBallNotFieldable,Undefined,Undefined,Undefined,0,0,,86.82998,-1.664279,2.519642,2145.831933,134.127149,10:30,6.08974,-1.03889,6.34178,-23.1545,13.738,-12.81154,2.62606,0.21469,78.58294,-6.062003,0.201832,0.43716,,,,,,,,,,,,7.47453,8.06241,0.86135,50,5.95767,-5.04406,-125.95317,-4.31998,11.85018,28.70432,-19.39183,TEN_WES,UNI_PIK,JackBowlingField,NAIA,NAIA,20260313-JackBowlingField-1,7ac882f0-1f28-11f1-a8ef-6dcfcb774b38,86.22117,,,8.24704,,,,,,,295b43c0-2fb4-429e-a1d1-ef411f70d0c1,2026-03-13,22:03:30.96,2026-03-13T18:03:30.9640000-04:00,2026-03-13T22:03:30.9640000Z,,v3,10044917,,,"Tolson, Jacob",10035532,Right,TEN_WES,1ae78fc6-acd9-41e3-97ad-11faa5563121,54.1572,-126.89704,14.35216,6.08924,-3.68232,-9.69592,1.03361,-5.43372,5.92509,,,,,,,,,,,,,,,,,,,,,,,,,,,,,,,,,,,,,,,,,,,,,,,,,,,High,High,High,,,,,,,,,,,,,,,,,,,,,,,,,,,,,,,,,,,,,,,
4,2026-03-13,18:03:50.81,1,4,"Jackson, Justin",1000236858,Left,TEN_WES,"DeCarlo, Domenic",1000440026,Right,UNI_PIK,Undefined,1,Top,0,1,2,Fastball,Four-Seam,FoulBallNotFieldable,Undefined,Undefined,Undefined,0,0,,86.69371,-1.27456,2.611783,2165.325545,141.986621,10:45,6.02551,-1.26934,6.66453,-19.21556,17.25442,-12.49284,3.25656,0.08109,78.5007,-4.984959,0.33898,0.434649,68.48829,47.92468,174.346539,3613.459049,,,,,26.53874,,,7.38225,9.85871,1.09844,50,5.93188,-5.27395,-125.85068,-3.27069,11.70816,28.18866,-16.53825,TEN_WES,UNI_PIK,JackBowlingField,NAIA,NAIA,20260313-JackBowlingField-1,84eddcd0-1f28-11f1-a8ef-6dcfcb774b38,86.71916,28.44067,,8.19301,,,,0.68815,3.1912,-0.03689,295b43c0-2fb4-429e-a1d1-ef411f70d0c1,2026-03-13,22:03:50.81,2026-03-13T18:03:50.8170000-04:00,2026-03-13T22:03:50.8170000Z,,v3,10044917,,,"Tolson, Jacob",10035532,Right,TEN_WES,b50fba83-a53f-431d-8da5-b4fd888c9bee,53.8342,-126.70658,14.09433,6.02357,-2.76854,-8.26912,1.26397,-5.62945,5.85408,25.547805,0.69218,-67.12002,3.17347,,,,,,,3.20708,74.04046,-30.53854,,,,,,,-0.04523,6.90579,5.29709,,,,,,,,,,,,,,,,,,,,,,,,,,,,,High,High,High,High,Undefined,,,,,,,,,,,,,,,,,,,,,,,,,,,,,,,,,,,,,
5,2026-03-13,18:04:08.46,1,5,"Jackson, Justin",1000236858,Left,TEN_WES,"DeCarlo, Domenic",1000440026,Right,UNI_PIK,Undefined,1,Top,0,1,2,ChangeUp,Changeup,BallCalled,Undefined,Undefined,Undefined,0,0,,80.8983,0.407161,0.577092,1570.245074,74.552308,8:30,5.72132,-1.641,5.69839,-43.76349,-0.66209,-7.40201,2.45381,-1.72003,74.069,-7.625299,-0.748648,0.472517,,,,,,,,,,,,3.90819,0.00874,1.59713,50,5.72848,-0.88802,-117.48547,-0.64414,5.44116,23.067,-32.1619,TEN_WES,UNI_PIK,JackBowlingField,NAIA,NAIA,20260313-JackBowlingField-1,8f779dd0-1f28-11f1-a8ef-6dcfcb774b38,79.76953,,,6.8293,,,,,,,295b43c0-2fb4-429e-a1d1-ef411f70d0c1,2026-03-13,22:04:08.46,2026-03-13T18:04:08.4640000-04:00,2026-03-13T22:04:08.4640000Z,,v3,10044917,,,"Tolson, Jacob",10035532,Right,TEN_WES,77d8633f-6f82-4836-b8ea-80892e9f3b02,54.80143,-118.42443,11.5335,5.72806,0.66503,-16.08095,1.63778,-1.10951,2.72058,,,,,,,,,,,,,,,,,,,,,,,,,,,,,,,,,,,,,,,,,,,,,,,,,,,High,High,High,,,,,,,,,,,,,,,,,,,,,,,,,,,,,,,,,,,,,,,
6,2026-03-13,18:04:21.60,1,6,"Jackson, Justin",1000236858,Left,TEN_WES,"DeCarlo, Domenic",1000440026,Right,UNI_PIK,Undefined,1,Top,0,2,2,ChangeUp,Changeup,BallCalled,Undefined,Undefined,Undefined,0,0,,82.51554,-0.587844,3.485528,1671.817045,66.462851,8:15,5.66503,-1.56194,5.92123,-44.29888,-3.21106,-10.32705,1.42692,0.81602,75.88403,-8.707515,1.631265,0.461347,,,,,,,,,,,,6.28555,-1.09791,1.28845,50,5.59269,-6.89414,-119.73268,-2.70794,9.1128,23.39455,-33.76577,TEN_WES,UNI_PIK,JackBowlingField,NAIA,NAIA,20260313-JackBowlingField-1,9beba2a0-1f28-11f1-a8ef-6dcfcb774b38,81.70081,,,6.63151,,,,,,,295b43c0-2fb4-429e-a1d1-ef411f70d0c1,2026-03-13,22:04:21.60,2026-03-13T18:04:21.6060000-04:00,2026-03-13T22:04:21.6060000Z,,v3,10044917,,,"Tolson, Jacob",10035532,Right,TEN_WES,fd39079f-69dc-41bd-8c1d-a42146bef7be,54.58085,-120.62441,11.69727,5.67138,-1.42089,-16.88289,1.55785,-7.24149,4.5564,,,,,,,,,,,,,,,,,,,,,,,,,,,,,,,,,,,,,,,,,,,,,,,,,,,High,High,High,,,,,,,,,,,,,,,,,,,,,,,,,,,,,,,,,,,,,,,
7,2026-03-13,18:07:22.80,1,7,"Jackson, Justin",1000236858,Left,TEN_WES,"DeCarlo, Domenic",1000440026,Right,UNI_PIK,Undefined,1,Top,0,3,2,Slider,Slider,StrikeCalled,Strikeout,Undefined,Undefined,0,0,,78.68625,-0.302476,2.874942,2209.591604,294.957489,3:45,5.74281,-1.38049,5.91435,-51.85763,-6.42595,16.88698,1.14025,2.69727,72.46321,-9.762361,5.905108,0.485122,,,,,,,,,,,,-7.77965,-2.74378,1.14035,50,5.68934,-6.36159,-114.2069,-2.26949,-10.18533,22.74778,-35.76627,TEN_WES,UNI_PIK,JackBowlingField,NAIA,NAIA,20260313-JackBowlingField-1,037d4ea0-1f29-11f1-9965-8dd811638774,77.69685,,,6.22304,,,,,,,295b43c0-2fb4-429e-a1d1-ef411f70d0c1,2026-03-13,22:07:22.80,2026-03-13T18:07:22.8010000-04:00,2026-03-13T22:07:22.8010000Z,,v3,10044917,,,"Tolson, Jacob",10035532,Right,TEN_WES,1be3ae50-860d-4e1d-98b0-17ac95e6064f,54.58826,-115.11716,11.37389,5.75153,-0.83829,-17.88314,1.38676,-5.95402,-5.09266,,,,,,,,,,,,,,,,,,,,,,,,,,,,,,,,,,,,,,,,,,,,,,,,,,,High,High,High,,,,,,,,,,,,,,,,,,,,,,,,,,,,,,,,,,,,,,,
8,2026-03-13,18:07:32.53,2,1,"Jackson, Justin",1000236858,Left,TEN_WES,"Paulino, Riley",1000250747,Left,UNI_PIK,Undefined,1,Top,1,0,0,Fastball,,StrikeCalled,Undefined,Undefined,Undefined,0,0,,,,,,,,,,,,,,,,,,,,,,,,,,,,,,,,,,,,,,,,,,TEN_WES,UNI_PIK,JackBowlingField,NAIA,NAIA,20260313-JackBowlingField-1,b9e24641-1f43-11f1-87bf-9b2c70093f87,,,,,,,,,,,295b43c0-2fb4-429e-a1d1-ef411f70d0c1,2026-03-13,22:07:32.53,2026-03-13T18:07:32.5300000-04:00,2026-03-13T22:07:32.5300000Z,,v3,10044917,,,"Tolson, Jacob",10035532,Right,TEN_WES,b9e24640-1f43-11f1-87bf-9b2c70093f87,,,,,,,,,,,,,,,,,,,,,,,,,,,,,,,,,,,,,,,,,,,,,,,,,,,,,,,,,,,,,,,,,,,,,,,,,,,,,,,,,,,,,,,,,,,,,,,,,,,,,
9,2026-03-13,18:07:33.53,2,2,"Jackson, Justin",1000236858,Left,TEN_WES,"Paulino, Riley",1000250747,Left,UNI_PIK,Undefined,1,Top,1,0,1,Other,,StrikeSwinging,Undefined,Undefined,Undefined,0,0,,,,,,,,,,,,,,,,,,,,,,,,,,,,,,,,,,,,,,,,,,TEN_WES,UNI_PIK,JackBowlingField,NAIA,NAIA,20260313-JackBowlingField-1,9ec5a961-1f43-11f1-87bf-9b2c70093f87,,,,,,,,,,,295b43c0-2fb4-429e-a1d1-ef411f70d0c1,2026-03-13,22:07:33.53,2026-03-13T18:07:33.5300000-04:00,2026-03-13T22:07:33.5300000Z,,v3,10044917,,,"Tolson, Jacob",10035532,Right,TEN_WES,9ec5a960-1f43-11f1-87bf-9b2c70093f87,,,,,,,,,,,,,,,,,,,,,,,,,,,,,,,,,,,,,,,,,,,,,,,,,,,,,,,,,,,,,,,,,,,,,,,,,,,,,,,,,,,,,,,,,,,,,,,,,,,,,
10,2026-03-13,18:07:34.53,2,3,"Jackson, Justin",1000236858,Left,TEN_WES,"Paulino, Riley",1000250747,Left,UNI_PIK,Undefined,1,Top,1,0,2,Other,,BallCalled,Undefined,Undefined,Undefined,0,0,,,,,,,,,,,,,,,,,,,,,,,,,,,,,,,,,,,,,,,,,,TEN_WES,UNI_PIK,JackBowlingField,NAIA,NAIA,20260313-JackBowlingField-1,84f51481-1f43-11f1-87bf-9b2c70093f87,,,,,,,,,,,295b43c0-2fb4-429e-a1d1-ef411f70d0c1,2026-03-13,22:07:34.53,2026-03-13T18:07:34.5300000-04:00,2026-03-13T22:07:34.5300000Z,,v3,10044917,,,"Tolson, Jacob",10035532,Right,TEN_WES,84f51480-1f43-11f1-87bf-9b2c70093f87,,,,,,,,,,,,,,,,,,,,,,,,,,,,,,,,,,,,,,,,,,,,,,,,,,,,,,,,,,,,,,,,,,,,,,,,,,,,,,,,,,,,,,,,,,,,,,,,,,,,,
11,2026-03-13,18:07:35.53,2,4,"Jackson, Justin",1000236858,Left,TEN_WES,"Paulino, Riley",1000250747,Left,UNI_PIK,Undefined,1,Top,1,1,2,Other,,BallCalled,Undefined,Undefined,Undefined,0,0,,,,,,,,,,,,,,,,,,,,,,,,,,,,,,,,,,,,,,,,,,TEN_WES,UNI_PIK,JackBowlingField,NAIA,NAIA,20260313-JackBowlingField-1,56c29a61-1f43-11f1-87bf-9b2c70093f87,,,,,,,,,,,295b43c0-2fb4-429e-a1d1-ef411f70d0c1,2026-03-13,22:07:35.53,2026-03-13T18:07:35.5300000-04:00,2026-03-13T22:07:35.5300000Z,,v3,10044917,,,"Tolson, Jacob",10035532,Right,TEN_WES,56c29a60-1f43-11f1-87bf-9b2c70093f87,,,,,,,,,,,,,,,,,,,,,,,,,,,,,,,,,,,,,,,,,,,,,,,,,,,,,,,,,,,,,,,,,,,,,,,,,,,,,,,,,,,,,,,,,,,,,,,,,,,,,
12,2026-03-13,18:07:36.53,2,5,"Jackson, Justin",1000236858,Left,TEN_WES,"Paulino, Riley",1000250747,Left,UNI_PIK,Undefined,1,Top,1,2,2,Fastball,,BallCalled,Undefined,Undefined,Undefined,0,0,,,,,,,,,,,,,,,,,,,,,,,,,,,,,,,,,,,,,,,,,,TEN_WES,UNI_PIK,JackBowlingField,NAIA,NAIA,20260313-JackBowlingField-1,dae48261-1f41-11f1-87bf-9b2c70093f87,,,,,,,,,,,295b43c0-2fb4-429e-a1d1-ef411f70d0c1,2026-03-13,22:07:36.53,2026-03-13T18:07:36.5300000-04:00,2026-03-13T22:07:36.5300000Z,,v3,10044917,,,"Tolson, Jacob",10035532,Right,TEN_WES,dae48260-1f41-11f1-87bf-9b2c70093f87,,,,,,,,,,,,,,,,,,,,,,,,,,,,,,,,,,,,,,,,,,,,,,,,,,,,,,,,,,,,,,,,,,,,,,,,,,,,,,,,,,,,,,,,,,,,,,,,,,,,,
13,2026-03-13,18:07:37.53,2,6,"Jackson, Justin",1000236858,Left,TEN_WES,"Paulino, Riley",1000250747,Left,UNI_PIK,Undefined,1,Top,1,3,2,Slider,Slider,StrikeCalled,Strikeout,Undefined,Undefined,0,0,,78.40722,0.462293,0.528535,2315.978316,277.963831,3:15,5.66293,-1.60398,5.69648,-47.11357,-1.10382,18.54336,2.16764,0.43386,71.80888,-8.172334,3.848434,0.488198,,,,,,,,,,,,-9.26075,-0.24165,1.54791,50,5.67249,-1.75875,-113.87659,-0.61628,-12.06802,22.39831,-32.48894,TEN_WES,UNI_PIK,JackBowlingField,NAIA,NAIA,20260313-JackBowlingField-1,134623c0-1f29-11f1-9965-8dd811638774,77.20724,,,6.59834,,,,,,,295b43c0-2fb4-429e-a1d1-ef411f70d0c1,2026-03-13,22:07:37.53,2026-03-13T18:07:37.5300000-04:00,2026-03-13T22:07:37.5300000Z,,v3,10044917,,,"Tolson, Jacob",10035532,Right,TEN_WES,65146d70-f319-4ef0-9077-a00b7007cd73,54.80508,-114.81782,11.19915,5.6697,0.74897,-16.24447,1.61116,-1.25163,-6.03401,,,,,,,,,,,,,,,,,,,,,,,,,,,,,67.34505,2.702257,1.719859,0.982397,-0.56,1.87698,-0.56898,-0.46382,6.08372,-2.96741,72.90519,4.72433,-51.88369,-0.42115,80.25913,-5.72074,6.12492,12.94392,-14.62763,-3.00943,-54.66804,5.00727,High,High,High,,,High,High,High,,,,,,,,,,,,,,,,,,,,,,,,,,,,,,,,,,
14,2026-03-13,18:08:01.24,3,1,"Jackson, Justin",1000236858,Left,TEN_WES,"Subero, Francis",10157150,Right,UNI_PIK,Undefined,1,Top,2,0,0,Slider,Slider,StrikeSwinging,Undefined,Undefined,Undefined,0,0,,78.70349,0.063981,1.473339,2220.094091,283.000122,3:30,5.65253,-1.52827,5.64575,-48.18601,-2.23114,16.31379,1.69673,1.20584,71.93839,-8.746192,4.390374,0.487907,,,,,,,,,,,,-7.82556,-0.69713,1.39264,50,5.6274,-3.56509,-114.22098,-1.4621,-10.21744,23.3333,-33.08424,TEN_WES,UNI_PIK,JackBowlingField,NAIA,NAIA,20260313-JackBowlingField-1,1a5786e0-1f29-11f1-9965-8dd811638774,77.25332,,,6.76509,,,,,,,295b43c0-2fb4-429e-a1d1-ef411f70d0c1,2026-03-13,22:08:01.24,2026-03-13T18:08:01.2470000-04:00,2026-03-13T22:08:01.2470000Z,,v3,10044917,,,"Tolson, Jacob",10035532,Right,TEN_WES,c2ef5ea6-17f8-49e2-918a-cdf76f234ce5,54.85537,-115.20858,11.66665,5.65965,-0.06179,-16.54212,1.53438,-3.13263,-5.10872,,,,,,,,,,,,,,,,,,,,,,,,,,,,,,,,,,,,,,,,,,,,,,,,,,,High,High,High,,,,,,,,,,,,,,,,,,,,,,,,,,,,,,,,,,,,,,,
15,2026-03-13,18:08:15.25,3,2,"Jackson, Justin",1000236858,Left,TEN_WES,"Subero, Francis",10157150,Right,UNI_PIK,Undefined,1,Top,2,0,1,Slider,Slider,StrikeCalled,Undefined,Undefined,Undefined,0,0,,77.32465,2.101178,-0.664819,2109.173933,299.689867,4:00,5.86135,-1.28201,5.84694,-54.132,-7.08367,15.09804,3.30396,-0.64168,70.65612,-7.841024,2.04556,0.493678,,,,,,,,,,,,-7.85583,-3.70547,1.32747,50,6.00114,0.73281,-112.2825,2.37148,-9.96049,21.62692,-36.87225,TEN_WES,UNI_PIK,JackBowlingField,NAIA,NAIA,20260313-JackBowlingField-1,229b7690-1f29-11f1-9965-8dd811638774,76.35029,,,6.66853,,,,,,,295b43c0-2fb4-429e-a1d1-ef411f70d0c1,2026-03-13,22:08:15.25,2026-03-13T18:08:15.2510000-04:00,2026-03-13T22:08:15.2510000Z,,v3,10044917,,,"Tolson, Jacob",10035532,Right,TEN_WES,e0a7683b-ebfc-4635-acb0-f27d9fa5c80c,54.65517,-113.17559,10.81346,5.87177,3.89412,-18.43613,1.28872,1.14412,-4.98024,,,,,,,,,,,,,,,,,,,,,,,,,,,,,,,,,,,,,,,,,,,,,,,,,,,High,High,High,,,,,,,,,,,,,,,,,,,,,,,,,,,,,,,,,,,,,,,
16,2026-03-13,18:08:29.32,3,3,"Jackson, Justin",1000236858,Left,TEN_WES,"Subero, Francis",10157150,Right,UNI_PIK,Undefined,1,Top,2,0,2,Slider,Slider,StrikeSwinging,Strikeout,Undefined,Undefined,0,0,,77.65692,-0.741745,2.219463,2182.306139,290.143836,3:45,5.71911,-1.43125,5.78891,-52.14129,-5.42847,18.73277,0.68341,2.19562,71.77043,-10.220288,5.578153,0.491914,,,,,,,,,,,,-8.99985,-2.20516,1.2367,50,5.62633,-5.04597,-112.78439,-3.11835,-11.51688,21.75987,-34.99595,TEN_WES,UNI_PIK,JackBowlingField,NAIA,NAIA,20260313-JackBowlingField-1,2b087210-1f29-11f1-9965-8dd811638774,76.62399,,,5.88649,,,,,,,295b43c0-2fb4-429e-a1d1-ef411f70d0c1,2026-03-13,22:08:29.32,2026-03-13T18:08:29.3220000-04:00,2026-03-13T22:08:29.3220000Z,,v3,10044917,,,"Tolson, Jacob",10035532,Right,TEN_WES,b0747f82-ebfa-4e61-8fce-5005bc48504f,54.7151,-113.69045,10.87993,5.72583,-1.66115,-17.49797,1.43683,-4.56642,-5.75844,,,,,,,,,,,,,,,,,,,,,,,,,,,,,,,,,,,,,,,,,,,,,,,,,,,High,High,High,,,,,,,,,,,,,,,,,,,,,,,,,,,,,,,,,,,,,,,
17,2026-03-13,18:11:06.65,1,1,"VanDyke, Teague",10965218,Right,UNI_PIK,"Ballenilla, David",10132128,Right,TEN_WES,Undefined,1,Bottom,0,0,0,Fastball,,BallCalled,Undefined,Undefined,Undefined,0,0,,,,,,,,,,,,,,,,,,,,,,,,,,,,,,,,,,,,,,,,,,TEN_WES,UNI_PIK,JackBowlingField,NAIA,NAIA,20260313-JackBowlingField-1,b3d09eb1-1f29-11f1-9965-8dd811638774,,,,,,,,,,,295b43c0-2fb4-429e-a1d1-ef411f70d0c1,2026-03-13,22:11:06.65,2026-03-13T18:11:06.6580000-04:00,2026-03-13T22:11:06.6580000Z,,v3,10044917,,,"Brook, Tyler",1000078727,Right,UNI_PIK,b3d09eb0-1f29-11f1-9965-8dd811638774,,,,,,,,,,,,,,,,,,,,,,,,,,,,,,,,,,,,,,,,,,,,,,,,,,,,,,,,,,,,,,,,,,,,,,,,,,,,,,,,,,,,,,,,,,,,,,,,,,,,,
18,2026-03-13,18:11:07.65,1,2,"VanDyke, Teague",10965218,Right,UNI_PIK,"Ballenilla, David",10132128,Right,TEN_WES,Undefined,1,Bottom,0,1,0,Fastball,,StrikeCalled,Undefined,Undefined,Undefined,0,0,,,,,,,,,,,,,,,,,,,,,,,,,,,,,,,,,,,,,,,,,,TEN_WES,UNI_PIK,JackBowlingField,NAIA,NAIA,20260313-JackBowlingField-1,a22eeae1-1f29-11f1-9965-8dd811638774,,,,,,,,,,,295b43c0-2fb4-429e-a1d1-ef411f70d0c1,2026-03-13,22:11:07.65,2026-03-13T18:11:07.6580000-04:00,2026-03-13T22:11:07.6580000Z,,v3,10044917,,,"Brook, Tyler",1000078727,Right,UNI_PIK,a22eeae0-1f29-11f1-9965-8dd811638774,,,,,,,,,,,,,,,,,,,,,,,,,,,,,,,,,,,,,,,,,,,,,,,,,,,,,,,,,,,,,,,,,,,,,,,,,,,,,,,,,,,,,,,,,,,,,,,,,,,,,
19,2026-03-13,18:11:08.65,1,3,"VanDyke, Teague",10965218,Right,UNI_PIK,"Ballenilla, David",10132128,Right,TEN_WES,Undefined,1,Bottom,0,1,1,Slider,Changeup,BallinDirt,Undefined,Undefined,Undefined,0,0,,74.69729,-4.220544,-3.619824,1022.886949,220.456335,1:15,6.14408,1.48075,5.71666,-44.20164,6.77008,4.34189,-1.4861,-1.53402,69.17102,-12.223296,-2.842222,0.51385,,,,,,,,,,,,-3.33799,5.03894,-1.18056,50,5.76191,6.68923,-108.0251,-9.28743,-3.92329,19.75614,-26.25158,TEN_WES,UNI_PIK,JackBowlingField,NAIA,NAIA,20260313-JackBowlingField-1,89e459c0-1f29-11f1-9965-8dd811638774,73.35305,,,5.52627,,,,,,,295b43c0-2fb4-429e-a1d1-ef411f70d0c1,2026-03-13,22:11:08.65,2026-03-13T18:11:08.6580000-04:00,2026-03-13T22:11:08.6580000Z,,v3,10044917,,,"Brook, Tyler",1000078727,Right,UNI_PIK,25693d4e-332c-4ec0-803e-2a0c5e7a9b47,54.78671,-108.897,9.87807,6.14623,-8.12887,-13.12579,-1.4796,6.86238,-1.96164,,,,,,,,,,,,,,,,,,,,,,,,,,,,,,,,,,,,,,,,,,,,,,,,,,,High,High,High,,,,,,,,,,,,,,,,,,,,,,,,,,,,,,,,,,,,,,,
20,2026-03-13,18:11:22.95,1,4,"VanDyke, Teague",10965218,Right,UNI_PIK,"Ballenilla, David",10132128,Right,TEN_WES,Undefined,1,Bottom,0,2,1,Fastball,Four-Seam,InPlay,Undefined,Popup,Out,1,0,,86.03371,-1.890123,-1.201062,1927.27831,196.61307,12:30,6.53256,1.54224,5.42166,-19.20847,19.76737,5.47347,3.16032,0.87315,77.62047,-5.532236,-0.227337,0.449334,84.02209,68.901834,29.583129,,,,,,28.73928,,,-3.13701,10.95386,-1.43956,50,6.35194,2.37442,-124.61844,-4.69647,-4.8632,28.35595,-15.19269,TEN_WES,UNI_PIK,JackBowlingField,NAIA,NAIA,20260313-JackBowlingField-1,927ad640-1f29-11f1-9965-8dd811638774,83.88512,87.34646,,8.41324,,,,0.20656,3.25364,-0.80786,295b43c0-2fb4-429e-a1d1-ef411f70d0c1,2026-03-13,22:11:22.95,2026-03-13T18:11:22.9590000-04:00,2026-03-13T22:11:22.9590000Z,,v3,10044917,,,"Brook, Tyler",1000078727,Right,UNI_PIK,6155dc3a-174b-4650-9cfa-6ca145d3b5b9,55.07557,-125.76804,14.17798,6.52985,-4.08053,-7.59635,-1.53982,2.57158,-2.4316,183.453443,0.20655,38.57798,-17.1707,5.61287,-0.66849,-1.36441,1.88789,-1.17911,0.29805,3.25364,114.97085,-27.94045,3.00368,-0.67802,0.69682,-0.78456,0.47975,-0.12091,-0.80787,21.90009,-7.37463,2.2652,-0.27489,-0.49288,0.68635,-0.42871,0.10835,,,,,,,,,,,,,,,,,,,,,,,High,High,High,High,Undefined,,,,,,,,,,,,,,,,,,,,,,,,,,,,,,,,,,,,,
21,2026-03-13,18:11:58.14,2,1,"VanDyke, Teague",10965218,Right,UNI_PIK,"Wright, Ethan",10317612,Right,TEN_WES,Undefined,1,Bottom,1,0,0,Fastball,Four-Seam,BallCalled,Undefined,Undefined,Undefined,0,0,,87.00775,-0.331537,-1.576871,1908.057913,202.734925,12:45,6.54265,1.50216,5.41063,-19.87103,18.19879,7.05461,4.576,0.61229,78.41323,-4.0959,-0.322694,0.444081,,,,,,,,,,,,-3.98673,9.60249,-1.36669,50,6.49968,3.14641,-126.03994,-1.3455,-6.33466,28.54537,-16.91634,TEN_WES,UNI_PIK,JackBowlingField,NAIA,NAIA,20260313-JackBowlingField-1,a75bd690-1f29-11f1-9965-8dd811638774,84.87749,,,8.59453,,,,,,,295b43c0-2fb4-429e-a1d1-ef411f70d0c1,2026-03-13,22:11:58.14,2026-03-13T18:11:58.1400000-04:00,2026-03-13T22:11:58.1400000Z,,v3,10044917,,,"Brook, Tyler",1000078727,Right,UNI_PIK,0783a085-eb29-47ea-b1b8-7c184ce65a6d,55.08366,-127.18607,14.27269,6.54007,-0.66629,-8.45817,-1.49813,3.40075,-3.16733,,,,,,,,,,,,,,,,,,,,,,,,,,,,,,,,,,,,,,,,,,,,,,,,,,,High,High,High,,,,,,,,,,,,,,,,,,,,,,,,,,,,,,,,,,,,,,,
22,2026-03-13,18:12:09.63,2,2,"VanDyke, Teague",10965218,Right,UNI_PIK,"Wright, Ethan",10317612,Right,TEN_WES,Undefined,1,Bottom,1,1,0,Fastball,Four-Seam,StrikeCalled,Undefined,Undefined,Undefined,0,0,,86.88593,-1.599008,-1.127335,1873.375339,189.657572,12:15,6.42672,1.39664,5.45794,-21.40352,16.67851,2.60693,3.14562,0.55847,78.55621,-5.623698,-0.663178,0.444152,,,,,,,,,,,,-1.64921,9.27201,-1.29904,50,6.27144,2.35977,-125.87447,-4.19903,-2.61572,28.28235,-17.46835,TEN_WES,UNI_PIK,JackBowlingField,NAIA,NAIA,20260313-JackBowlingField-1,ae416ec0-1f29-11f1-9965-8dd811638774,84.86386,,,8.32972,,,,,,,295b43c0-2fb4-429e-a1d1-ef411f70d0c1,2026-03-13,22:12:09.63,2026-03-13T18:12:09.6310000-04:00,2026-03-13T22:12:09.6310000Z,,v3,10044917,,,"Brook, Tyler",1000078727,Right,UNI_PIK,34753f49-be54-4725-a790-a4c98f11f04d,55.03723,-127.00122,14.14117,6.42487,-3.5031,-8.73418,-1.39513,2.46398,-1.30786,,,,,,,,,,,,,,,,,,,,,,,,,,,,,,,,,,,,,,,,,,,,,,,,,,,High,High,High,,,,,,,,,,,,,,,,,,,,,,,,,,,,,,,,,,,,,,,
23,2026-03-13,18:12:21.62,2,3,"VanDyke, Teague",10965218,Right,UNI_PIK,"Wright, Ethan",10317612,Right,TEN_WES,Undefined,1,Bottom,1,1,1,Curveball,Curveball,BallCalled,Undefined,Undefined,Undefined,0,0,,72.12153,1.853159,0.196058,1880.603714,10.556439,6:15,6.12864,1.48328,5.29989,-67.26681,-11.72052,-2.53945,2.26351,1.45573,65.86887,-10.342967,-0.256049,0.536413,,,,,,,,,,,,1.32772,-5.8263,-1.4992,50,6.2483,-0.26304,-104.6045,1.18698,1.45146,19.84305,-38.54344,TEN_WES,UNI_PIK,JackBowlingField,NAIA,NAIA,20260313-JackBowlingField-1,b570e130-1f29-11f1-9965-8dd811638774,70.26762,,,6.25267,,,,,,,295b43c0-2fb4-429e-a1d1-ef411f70d0c1,2026-03-13,22:12:21.62,2026-03-13T18:12:21.6250000-04:00,2026-03-13T22:12:21.6250000Z,,v3,10044917,,,"Brook, Tyler",1000078727,Right,UNI_PIK,95790e66-3812-401a-929f-37ab5f488180,55.20247,-105.58678,9.92153,6.14232,3.09496,-19.27172,-1.4844,-0.33489,0.72573,,,,,,,,,,,,,,,,,,,,,,,,,,,,,,,,,,,,,,,,,,,,,,,,,,,High,High,High,,,,,,,,,,,,,,,,,,,,,,,,,,,,,,,,,,,,,,,
24,2026-03-13,18:12:34.82,2,4,"VanDyke, Teague",10965218,Right,UNI_PIK,"Wright, Ethan",10317612,Right,TEN_WES,Undefined,1,Bottom,1,2,1,Curveball,Curveball,BallinDirt,Undefined,Undefined,Undefined,0,0,,71.73249,-3.434301,-3.943223,1834.44658,349.628522,5:45,6.1482,1.50971,5.39931,-66.26216,-9.85079,2.1526,-2.60344,-2.01196,66.60454,-15.227425,-3.558477,0.540573,,,,,,,,,,,,-2.41102,-3.82398,-1.15921,50,5.79305,7.07834,-103.71137,-8.24122,-2.58307,19.99081,-36.27087,TEN_WES,UNI_PIK,JackBowlingField,NAIA,NAIA,20260313-JackBowlingField-1,bd251400-1f29-11f1-9965-8dd811638774,69.72677,,,5.12795,,,,,,,295b43c0-2fb4-429e-a1d1-ef411f70d0c1,2026-03-13,22:12:34.82,2026-03-13T18:12:34.8270000-04:00,2026-03-13T22:12:34.8270000Z,,v3,10044917,,,"Brook, Tyler",1000078727,Right,UNI_PIK,bf76bd86-afde-4aaa-995f-0ca57c965d87,55.10619,-104.69098,9.99541,6.15335,-6.46383,-18.13544,-1.50917,7.20492,-1.29154,,,,,,,,,,,,,,,,,,,,,,,,,,,,,,,,,,,,,,,,,,,,,,,,,,,High,High,High,,,,,,,,,,,,,,,,,,,,,,,,,,,,,,,,,,,,,,,
25,2026-03-13,18:12:53.04,2,5,"VanDyke, Teague",10965218,Right,UNI_PIK,"Wright, Ethan",10317612,Right,TEN_WES,Undefined,1,Bottom,1,3,1,Fastball,Changeup,StrikeCalled,Undefined,Undefined,Undefined,0,0,,85.92886,-1.070964,-0.951064,1708.767295,200.375266,12:45,6.33889,1.56165,5.57675,-26.5956,12.34241,4.04874,3.12205,1.01066,77.37293,-6.044467,-0.228292,0.449116,,,,,,,,,,,,-2.33307,7.01339,-1.48238,50,6.22974,1.88742,-124.47719,-3.20813,-3.5987,28.92459,-21.35606,TEN_WES,UNI_PIK,JackBowlingField,NAIA,NAIA,20260313-JackBowlingField-1,c80be920-1f29-11f1-9965-8dd811638774,83.92591,,,8.55593,,,,,,,295b43c0-2fb4-429e-a1d1-ef411f70d0c1,2026-03-13,22:12:53.04,2026-03-13T18:12:53.0480000-04:00,2026-03-13T22:12:53.0480000Z,,v3,10044917,,,"Brook, Tyler",1000078727,Right,UNI_PIK,c2e1b7ef-47e7-4490-a1e6-dae2da31e6cf,54.91767,-125.6147,14.46229,6.33939,-2.36826,-10.67803,-1.55939,2.02895,-1.79935,,,,,,,,,,,,,,,,,,,,,,,,,,,,,,,,,,,,,,,,,,,,,,,,,,,High,High,High,,,,,,,,,,,,,,,,,,,,,,,,,,,,,,,,,,,,,,,
26,2026-03-13,18:13:06.46,2,6,"VanDyke, Teague",10965218,Right,UNI_PIK,"Wright, Ethan",10317612,Right,TEN_WES,Undefined,1,Bottom,1,3,2,Curveball,Curveball,InPlay,Undefined,FlyBall,Out,1,0,,72.04379,2.793099,-1.194539,1900.052222,21.998133,6:45,6.11059,1.59126,5.3743,-65.77527,-10.18382,-4.8841,3.25061,0.06416,65.58845,-9.174491,-2.063335,0.536631,88.94507,40.581428,-12.505484,3926.824049,108.31725,84.18927,-19.16461,333.34432,333.34432,-7.743726,5.374689,2.08614,-5.52729,-1.48056,50,6.314,2.35409,-104.41819,3.00562,2.27247,19.77385,-38.19497,TEN_WES,UNI_PIK,JackBowlingField,NAIA,NAIA,20260313-JackBowlingField-1,d016a060-1f29-11f1-9965-8dd811638774,70.23908,104.64906,,6.45534,,,,1.74947,3.46256,-0.09852,295b43c0-2fb4-429e-a1d1-ef411f70d0c1,2026-03-13,22:13:06.46,2026-03-13T18:13:06.4660000-04:00,2026-03-13T22:13:06.4660000Z,FlyBall,v3,10044917,,,"Brook, Tyler",1000078727,Right,UNI_PIK,6ba00e12-1962-4c25-a1d7-9d1f58f7fbb7,55.12861,-105.38492,9.88693,6.12141,4.87296,-19.09748,-1.59293,2.243,1.13623,197.007933,1.75276,96.65096,-18.6826,4.70282,-0.66361,-0.01187,0.02349,-0.00359,0.00018,3.45768,84.95342,-20.43596,1.41389,-0.20775,0.0241,0.00357,-0.0014,0.0001,-0.09948,-21.42942,7.97942,-2.40357,0.46149,-0.04205,-0.00269,0.00094,-6E-05,,,,,,,,,,,,,,,,,,,,,,,High,High,High,High,Medium,,,,,,,,,,,,,,,,,,,,,,,,,,,,,,,,,,,,,
27,2026-03-13,18:13:39.72,3,1,"VanDyke, Teague",10965218,Right,UNI_PIK,"Gil-Fernandez, Allan",1000299752,Right,TEN_WES,Undefined,1,Bottom,2,0,0,Curveball,Curveball,InPlay,Undefined,LineDrive,Single,0,0,,70.89544,2.453227,-0.503096,1821.730555,27.6787,7:00,6.15748,1.43311,5.13216,-70.25362,-12.10654,-7.43788,2.61489,0.33947,64.44573,-10.263236,-1.822233,0.548827,98.14249,8.678406,-36.381352,2535.979299,,,,134.68212,90.51199,-38.881551,1.054472,3.55244,-6.32429,-1.37977,50,6.33286,1.17507,-102.72117,2.12545,3.72686,19.89251,-38.80885,TEN_WES,UNI_PIK,JackBowlingField,NAIA,NAIA,20260313-JackBowlingField-1,e3e93df0-1f29-11f1-9965-8dd811638774,68.67821,7.46215,,6.44972,,,,1.87039,2.73354,-0.33504,295b43c0-2fb4-429e-a1d1-ef411f70d0c1,2026-03-13,22:13:39.72,2026-03-13T18:13:39.7260000-04:00,2026-03-13T22:13:39.7260000Z,LineDrive,v3,10044917,,,"Brook, Tyler",1000078727,Right,UNI_PIK,e2e168c1-f469-4026-9ccd-211a658aa35f,55.37089,-103.75606,9.94626,6.16977,4.14445,-19.40442,-1.43586,0.98118,1.86343,,1.87039,114.55908,-18.99911,3.42924,-0.67176,0.09388,-0.01195,0.00151,-7E-05,2.73354,21.71917,-26.5886,4.15766,-0.95592,0.21994,-0.04537,0.00868,-0.00101,-0.33504,-84.4027,3.15645,1.6135,-0.66978,0.21422,-0.05285,0.0108,-0.00128,,,,,,,,,,,,,,,,,,,,,,,High,High,High,High,Medium,,,,,,,,,,,,,,,,,,,,,,,,,,,,,,,,,,,,,
28,2026-03-13,18:16:07.69,4,1,"VanDyke, Teague",10965218,Right,UNI_PIK,"Shelly, Joshua",1000333363,Right,TEN_WES,Undefined,1,Bottom,2,0,0,Fastball,,InPlay,Undefined,GroundBall,Out,1,0,,,,,,,,,,,,,,,,,,,,,,,,,,,,,,,,,,,,,,,,,,TEN_WES,UNI_PIK,JackBowlingField,NAIA,NAIA,20260313-JackBowlingField-1,21eaf5d1-1f2a-11f1-9965-8dd811638774,,,,,,,,,,,295b43c0-2fb4-429e-a1d1-ef411f70d0c1,2026-03-13,22:16:07.69,2026-03-13T18:16:07.6950000-04:00,2026-03-13T22:16:07.6950000Z,,v3,10044917,,,"Brook, Tyler",1000078727,Right,UNI_PIK,21eaf5d0-1f2a-11f1-9965-8dd811638774,,,,,,,,,,,,,,,,,,,,,,,,,,,,,,,,,,,,,,,,,,,,,,,,,,,,,,,,,,,,,,,,,,,,,,,,,,,,,,,,,,,,,,,,,,,,,,,,,,,,,
29,2026-03-13,18:16:08.69,1,1,"Jackson, Justin",1000236858,Left,TEN_WES,"Brooks, Noah",1000124173,Right,UNI_PIK,Undefined,2,Top,0,0,0,Slider,Changeup,InPlay,Undefined,GroundBall,Single,0,0,,81.0241,0.080886,3.898304,1750.210486,102.559791,9:30,5.60293,-1.80831,5.87345,-37.79758,5.03248,-16.29324,2.52844,0.46036,73.99372,-6.909329,0.980961,0.471027,100.72107,6.235122,-20.67145,1407.622694,,,,118.69282,118.69282,-22.766645,0.88997,9.48666,2.95138,1.50216,50,5.58751,-7.38238,-117.46594,-1.03412,13.20788,22.9882,-28.06498,TEN_WES,UNI_PIK,JackBowlingField,NAIA,NAIA,20260313-JackBowlingField-1,3ca834a0-1f2a-11f1-9965-8dd811638774,80.02182,5.38269,,7.03038,,,,1.20889,2.52879,-0.41253,295b43c0-2fb4-429e-a1d1-ef411f70d0c1,2026-03-13,22:16:08.69,2026-03-13T18:16:08.6950000-04:00,2026-03-13T22:16:08.6950000Z,GroundBall,v3,10044917,,,"Tolson, Jacob",10035532,Right,TEN_WES,0fe140cf-4e22-49dc-8daf-851c83b8c786,54.6278,-118.36814,11.4941,5.60648,0.06733,-14.03249,1.80206,-7.90074,6.60394,54.933862,1.28306,136.25944,-16.63058,,,,,,,2.60317,14.90394,-20.11924,,,,,,,-0.39512,-52.11079,1.04198,,,,,,,,,,,,,,,,,,,,,,,,,,,,,High,High,High,High,High,,,,,,,,,,,,,,,,,,,,,,,,,,,,,,,,,,,,,
30,2026-03-13,18:16:42.66,2,1,"Jackson, Justin",1000236858,Left,TEN_WES,"Gledhill, Garren",10316648,Left,UNI_PIK,Undefined,2,Top,0,0,0,Fastball,Changeup,HitByPitch,Undefined,Undefined,Undefined,0,0,,85.93742,0.923941,1.821698,2126.882183,105.840589,9:30,5.71214,-2.06953,6.4336,-30.37486,7.03252,-20.2734,4.03056,-2.08418,77.80446,-4.803182,-1.853704,0.4402,,,,,,,,,,,,11.22993,3.73914,1.94888,50,5.76421,-3.21097,-124.84162,1.11128,17.50501,28.01749,-26.34557,TEN_WES,UNI_PIK,JackBowlingField,NAIA,NAIA,20260313-JackBowlingField-1,50e3cd30-1f2a-11f1-9965-8dd811638774,85.62574,,,8.13297,,,,,,,295b43c0-2fb4-429e-a1d1-ef411f70d0c1,2026-03-13,22:16:42.66,2026-03-13T18:16:42.6680000-04:00,2026-03-13T22:16:42.6680000Z,,v3,10044917,,,"Tolson, Jacob",10035532,Right,TEN_WES,46d3058a-25d2-4c22-8522-d83effd67fa9,54.06772,-125.7512,14.00875,5.71425,1.96659,-13.17279,2.06235,-3.77927,8.7525,,,,,,,,,,,,,,,,,,,,,,,,,,,,,,,,,,,,,,,,,,,,,,,,,,,High,High,High,,,,,,,,,,,,,,,,,,,,,,,,,,,,,,,,,,,,,,,
31,2026-03-13,18:17:15.72,3,1,"Jackson, Justin",1000236858,Left,TEN_WES,"Melton, Mason",1000110063,Right,UNI_PIK,Undefined,2,Top,0,0,0,Fastball,Changeup,FoulBallNotFieldable,Undefined,Undefined,Undefined,0,0,,87.00339,-0.261224,3.737876,2155.491896,117.134334,10:00,5.62491,-1.90822,6.10052,-24.55769,13.0252,-22.52352,3.33632,-0.32323,77.57985,-4.936012,-0.312233,0.441231,,,,,,,,,,,,12.89587,7.21733,1.63181,50,5.59209,-7.29673,-125.92878,-1.30675,20.1829,31.61678,-20.87849,TEN_WES,UNI_PIK,JackBowlingField,NAIA,NAIA,20260313-JackBowlingField-1,649d1660-1f2a-11f1-9965-8dd811638774,85.42554,,,9.42354,,,,,,,295b43c0-2fb4-429e-a1d1-ef411f70d0c1,2026-03-13,22:17:15.72,2026-03-13T18:17:15.7240000-04:00,2026-03-13T22:17:15.7240000Z,,v3,10044917,,,"Tolson, Jacob",10035532,Right,TEN_WES,c62b0b60-d201-4f9e-9564-bfa54cc13cd8,54.39744,-127.02804,15.80839,5.62491,-0.58084,-10.43925,1.8977,-7.99845,10.09145,,,,,,,,,,,,,,,,,,,,,,,,,,,,,,,,,,,,,,,,,,,,,,,,,,,High,High,High,,,,,,,,,,,,,,,,,,,,,,,,,,,,,,,,,,,,,,,
32,2026-03-13,18:17:41.06,3,2,"Jackson, Justin",1000236858,Left,TEN_WES,"Melton, Mason",1000110063,Right,UNI_PIK,Undefined,2,Top,0,0,1,Fastball,Changeup,FoulBallNotFieldable,Undefined,Undefined,Undefined,0,0,,86.72619,0.05578,2.557869,2255.227326,121.233581,10:00,5.79222,-1.86491,6.44251,-24.44182,12.58135,-18.48784,3.80671,-1.05359,77.87793,-4.611567,-0.79242,0.437933,,,,,,,,,,,,10.51524,6.94441,1.69106,50,5.78526,-4.90387,-125.81879,-0.56208,16.52572,30.18996,-21.26021,TEN_WES,UNI_PIK,JackBowlingField,NAIA,NAIA,20260313-JackBowlingField-1,73b49ce0-1f2a-11f1-9965-8dd811638774,86.06888,,,8.84826,,,,,,,295b43c0-2fb4-429e-a1d1-ef411f70d0c1,2026-03-13,22:17:41.06,2026-03-13T18:17:41.0680000-04:00,2026-03-13T22:17:41.0680000Z,,v3,10044917,,,"Tolson, Jacob",10035532,Right,TEN_WES,a280be74-f13d-488d-b385-eb96d63dd6e2,54.05628,-126.78835,15.09498,5.79235,0.1207,-10.63011,1.85707,-5.4346,8.26286,,,,,,,,,,,,,,,,,,,,,,,,,,,,,,,,,,,,,,,,,,,,,,,,,,,High,High,High,,,,,,,,,,,,,,,,,,,,,,,,,,,,,,,,,,,,,,,
33,2026-03-13,18:18:12.00,3,3,"Jackson, Justin",1000236858,Left,TEN_WES,"Melton, Mason",1000110063,Right,UNI_PIK,Undefined,2,Top,0,0,2,ChangeUp,Changeup,BallCalled,Undefined,Undefined,Undefined,0,0,,80.56452,0.689588,1.62502,1640.895048,87.713981,9:00,5.68723,-1.92809,5.56484,-42.6751,0.7689,-13.83288,2.77548,-1.56231,74.09332,-7.122247,-0.844611,0.474391,,,,,,,,,,,,7.40134,0.64335,1.797,50,5.71879,-2.76402,-117.01701,-0.04847,10.28948,21.53527,-31.27965,TEN_WES,UNI_PIK,JackBowlingField,NAIA,NAIA,20260313-JackBowlingField-1,862b2ce0-1f2a-11f1-9965-8dd811638774,79.4544,,,6.4712,,,,,,,295b43c0-2fb4-429e-a1d1-ef411f70d0c1,2026-03-13,22:18:12.00,2026-03-13T18:18:12.0080000-04:00,2026-03-13T22:18:12.0080000Z,,v3,10044917,,,"Tolson, Jacob",10035532,Right,TEN_WES,db90ee3d-a48b-4ae9-8c2c-444d8822fd19,54.93619,-117.92194,10.76763,5.69321,1.26593,-15.63982,1.92223,-3.19639,5.14474,,,,,,,,,,,,,,,,,,,,,,,,,,,,,,,,,,,,,,,,,,,,,,,,,,,High,High,High,,,,,,,,,,,,,,,,,,,,,,,,,,,,,,,,,,,,,,,
34,2026-03-13,18:18:32.25,3,4,"Jackson, Justin",1000236858,Left,TEN_WES,"Melton, Mason",1000110063,Right,UNI_PIK,Undefined,2,Top,0,1,2,ChangeUp,Slider,BallCalled,Undefined,Undefined,Undefined,0,0,,79.67063,-0.15237,2.964548,2083.568607,280.821625,3:15,5.6567,-1.64414,5.7249,-45.04585,-1.01827,11.75788,1.76076,2.09938,74.03607,-8.354548,5.064889,0.477567,,,,,,,,,,,,-5.23323,-0.09335,1.38911,50,5.61606,-6.4378,-115.719,-1.79092,-7.14566,20.1811,-32.3015,TEN_WES,UNI_PIK,JackBowlingField,NAIA,NAIA,20260313-JackBowlingField-1,92410c20-1f2a-11f1-9965-8dd811638774,78.92604,,,5.63456,,,,,,,295b43c0-2fb4-429e-a1d1-ef411f70d0c1,2026-03-13,22:18:32.25,2026-03-13T18:18:32.2540000-04:00,2026-03-13T22:18:32.2540000Z,,v3,10044917,,,"Tolson, Jacob",10035532,Right,TEN_WES,c5f3acc8-7011-48e1-b878-05785fda9ee4,54.77771,-116.54925,10.09055,5.6624,-0.46205,-16.15075,1.64791,-6.14383,-3.57283,,,,,,,,,,,,,,,,,,,,,,,,,,,,,,,,,,,,,,,,,,,,,,,,,,,High,High,High,,,,,,,,,,,,,,,,,,,,,,,,,,,,,,,,,,,,,,,
35,2026-03-13,18:18:51.09,3,5,"Jackson, Justin",1000236858,Left,TEN_WES,"Melton, Mason",1000110063,Right,UNI_PIK,Undefined,2,Top,0,2,2,Fastball,Sinker,InPlay,Undefined,LineDrive,Triple,0,2,,87.77885,-1.326283,3.650217,2141.010685,119.533433,10:00,5.68756,-1.87105,6.06296,-24.18549,11.78107,-18.83749,2.44189,-0.05791,80.57509,-5.852063,0.264349,0.431639,82.21872,14.717943,33.086287,3297.228209,87.71258,17.96944,66.38071,205.522,205.522,40.471704,2.192052,10.72831,6.76288,1.59768,50,5.57141,-7.37519,-127.3909,-3.7143,17.6991,25.2064,-21.01695,TEN_WES,UNI_PIK,JackBowlingField,NAIA,NAIA,20260313-JackBowlingField-1,9d70d120-1f2a-11f1-9965-8dd811638774,87.32395,17.97525,,7.20377,,,,0.3509,2.37408,0.04687,295b43c0-2fb4-429e-a1d1-ef411f70d0c1,2026-03-13,22:18:51.09,2026-03-13T18:18:51.0910000-04:00,2026-03-13T22:18:51.0910000Z,LineDrive,v3,10044917,,,"Tolson, Jacob",10035532,Right,TEN_WES,639ca43f-8fcd-411e-8b29-d3f1392a6b20,54.43922,-128.26627,12.6032,5.68772,-2.98443,-10.50847,1.86448,-7.98985,8.84955,240.598213,0.35096,97.71387,-18.06952,3.80827,-0.5526,-0.00619,0.02076,-0.00304,4E-05,2.37402,30.64173,-15.63817,0.74881,-0.2833,0.16023,-0.05067,0.00835,-0.0005,0.04681,63.67299,-0.97521,-0.26969,-0.0098,0.07764,-0.0324,0.00561,-0.00032,,,,,,,,,,,,,,,,,,,,,,,High,High,High,High,High,,,,,,,,,,,,,,,,,,,,,,,,,,,,,,,,,,,,,
36,2026-03-13,18:19:33.21,4,1,"Jackson, Justin",1000236858,Left,TEN_WES,"Gagnon, Joe",1000400387,Right,UNI_PIK,Undefined,2,Top,0,0,0,ChangeUp,Slider,InPlay,Undefined,LineDrive,Single,0,1,,77.45123,1.077726,0.410415,2122.285702,272.057789,3:00,5.6599,-1.6132,5.56576,-46.00542,0.89417,13.493,2.83306,-0.10537,71.48072,-7.333187,2.81902,0.492897,59.45278,13.911406,-39.957493,2524.324975,,,,114.44706,114.44706,-42.442794,1.519801,-6.76213,0.54303,1.56852,50,5.72228,-1.31058,-112.5657,0.626,-8.70969,19.69674,-31.47461,TEN_WES,UNI_PIK,JackBowlingField,NAIA,NAIA,20260313-JackBowlingField-1,b69f3290-1f2a-11f1-9965-8dd811638774,76.47126,9.84928,,5.97051,,,,1.13121,2.83352,0.10032,295b43c0-2fb4-429e-a1d1-ef411f70d0c1,2026-03-13,22:19:33.21,2026-03-13T18:19:33.2140000-04:00,2026-03-13T22:19:33.2140000Z,GroundBall,v3,10044917,,,"Tolson, Jacob",10035532,Right,TEN_WES,6c1a9ba0-2da1-42e6-89aa-0b6a2499127c,54.93689,-113.42627,9.84837,5.66489,2.00115,-15.73731,1.61747,-0.93005,-4.35485,119.516959,1.13121,64.87808,-8.1229,1.27344,-0.22743,0.03475,-0.00532,0.00079,-8E-05,2.83352,20.96408,-16.27972,1.01354,-0.16582,0.03462,-0.00411,0.00027,-1E-05,0.10032,-54.3572,2.92708,-0.51671,0.08075,-0.01478,0.00184,-0.0003,6E-05,,,,,,,,,,,,,,,,,,,,,,,High,High,High,High,High,,,,,,,,,,,,,,,,,,,,,,,,,,,,,,,,,,,,,
37,2026-03-13,18:20:10.07,5,1,"Jackson, Justin",1000236858,Left,TEN_WES,"Mould, Easton",1000332440,Right,UNI_PIK,Undefined,2,Top,0,0,0,Fastball,Changeup,BallCalled,Undefined,Undefined,Undefined,0,0,,87.06949,-0.201611,2.05594,2211.509651,112.940115,9:45,5.61976,-2.00173,6.0664,-26.67608,9.8554,-20.61497,3.21006,-1.81614,79.76597,-5.188981,-1.656192,0.435016,,,,,,,,,,,,11.13863,5.48611,1.85285,50,5.58989,-3.70157,-126.52583,-1.29435,18.08006,25.49719,-23.26905,TEN_WES,UNI_PIK,JackBowlingField,NAIA,NAIA,20260313-JackBowlingField-1,cc8baf70-1f2a-11f1-9965-8dd811638774,86.64614,,,7.30352,,,,,,,295b43c0-2fb4-429e-a1d1-ef411f70d0c1,2026-03-13,22:20:10.07,2026-03-13T18:20:10.0750000-04:00,2026-03-13T22:20:10.0750000Z,,v3,10044917,,,"Tolson, Jacob",10035532,Right,TEN_WES,8d9d1f84-23d8-4223-be73-ad7ff4a16699,54.43457,-127.41634,12.7486,5.62091,-0.48166,-11.63452,1.99316,-4.33303,9.04003,,,,,,,,,,,,,,,,,,,,,,,,,,,,,,,,,,,,,,,,,,,,,,,,,,,High,High,High,,,,,,,,,,,,,,,,,,,,,,,,,,,,,,,,,,,,,,,
38,2026-03-13,18:20:26.85,5,2,"Jackson, Justin",1000236858,Left,TEN_WES,"Mould, Easton",1000332440,Right,UNI_PIK,Undefined,2,Top,0,1,0,Fastball,Changeup,StrikeCalled,Undefined,Undefined,Undefined,0,0,,86.32198,-1.588117,3.340709,2191.240582,114.828548,9:45,5.68167,-1.82642,6.2206,-27.32253,9.68623,-18.44344,1.93646,-0.27718,79.26271,-6.692476,0.012888,0.437848,,,,,,,,,,,,10.45583,5.80929,1.58499,50,5.54894,-6.59354,-125.30341,-4.32106,16.66345,24.74945,-22.91574,TEN_WES,UNI_PIK,JackBowlingField,NAIA,NAIA,20260313-JackBowlingField-1,d6864fd0-1f2a-11f1-9965-8dd811638774,86.08563,,,7.05927,,,,,,,295b43c0-2fb4-429e-a1d1-ef411f70d0c1,2026-03-13,22:20:26.85,2026-03-13T18:20:26.8570000-04:00,2026-03-13T22:20:26.8570000Z,,v3,10044917,,,"Tolson, Jacob",10035532,Right,TEN_WES,8f68ec2e-af6c-4002-92fd-55b628d251ec,54.28071,-126.14608,12.37472,5.68278,-3.54082,-11.45787,1.81915,-7.1609,8.33173,,,,,,,,,,,,,,,,,,,,,,,,,,,,,,,,,,,,,,,,,,,,,,,,,,,High,High,High,,,,,,,,,,,,,,,,,,,,,,,,,,,,,,,,,,,,,,,
39,2026-03-13,18:21:01.73,5,3,"Jackson, Justin",1000236858,Left,TEN_WES,"Mould, Easton",1000332440,Right,UNI_PIK,Undefined,2,Top,0,1,1,Fastball,Four-Seam,FoulBallNotFieldable,Undefined,Undefined,Undefined,0,0,,86.3861,-0.398571,1.818229,2207.129984,147.330003,11:00,5.98767,-1.40782,6.56337,-17.61969,18.99552,-11.4117,4.15377,-0.69131,78.58471,-3.807574,-0.254885,0.435514,49.70487,-56.305211,120.655711,,,,,3.46329,3.46329,64.470678,0.069265,6.55874,10.46934,1.2872,50,5.95251,-3.56596,-125.55693,-1.29903,10.41212,26.73156,-15.55381,TEN_WES,UNI_PIK,JackBowlingField,NAIA,NAIA,20260313-JackBowlingField-1,eb4f8260-1f2a-11f1-9965-8dd811638774,86.54699,4.25351,,7.80139,,,,2.93869,4.25351,0.68533,295b43c0-2fb4-429e-a1d1-ef411f70d0c1,2026-03-13,22:21:01.73,2026-03-13T18:21:01.7390000-04:00,2026-03-13T22:21:01.7390000Z,GroundBall,v3,10044917,,,"Tolson, Jacob",10035532,Right,TEN_WES,560cee9d-857e-4386-9703-459f1bb160fe,53.93696,-126.39235,13.36578,5.98552,-0.81295,-7.7769,1.40373,-3.89136,5.20606,,2.94156,-20.87795,,,,,,,,4.26193,-61.40944,,,,,,,,0.6805,35.22447,,,,,,,,,,,,,,,,,,,,,,,,,,,,,,High,High,High,Estimated,Estimated,,,,,,,,,,,,,,,,,,,,,,,,,,,,,,,,,,,,,
40,2026-03-13,18:21:31.17,5,4,"Jackson, Justin",1000236858,Left,TEN_WES,"Mould, Easton",1000332440,Right,UNI_PIK,Undefined,2,Top,0,1,2,ChangeUp,Changeup,BallCalled,Undefined,Undefined,Undefined,0,0,,79.39897,0.179334,0.992811,1669.763429,92.534609,9:00,5.74291,-1.88877,5.58555,-42.54912,1.92228,-14.35107,2.36465,-2.15746,73.46039,-7.597307,-1.571923,0.479968,,,,,,,,,,,,7.52008,1.33638,1.81299,50,5.73047,-1.44299,-115.42388,-1.05597,10.2167,20.06295,-30.35847,TEN_WES,UNI_PIK,JackBowlingField,NAIA,NAIA,20260313-JackBowlingField-1,fce2b740-1f2a-11f1-9965-8dd811638774,78.53123,,,5.93858,,,,,,,295b43c0-2fb4-429e-a1d1-ef411f70d0c1,2026-03-13,22:21:31.17,2026-03-13T18:21:31.1730000-04:00,2026-03-13T22:21:31.1730000Z,,v3,10044917,,,"Tolson, Jacob",10035532,Right,TEN_WES,26f58c46-3c70-45eb-b84c-72edfcc46abc,54.91645,-116.27531,10.03147,5.74794,0.23239,-15.17924,1.88343,-1.87657,5.10835,,,,,,,,,,,,,,,,,,,,,,,,,,,,,,,,,,,,,,,,,,,,,,,,,,,High,High,High,,,,,,,,,,,,,,,,,,,,,,,,,,,,,,,,,,,,,,,
41,2026-03-13,18:22:10.33,5,5,"Jackson, Justin",1000236858,Left,TEN_WES,"Mould, Easton",1000332440,Right,UNI_PIK,Undefined,2,Top,0,2,2,Fastball,Sinker,FoulBallNotFieldable,Undefined,Undefined,Undefined,0,0,,87.10577,-0.242391,2.050121,2190.290752,129.719974,10:15,5.58606,-1.89085,6.17508,-21.98111,14.60973,-16.12899,3.53029,-1.3407,79.20245,-4.412697,-0.858839,0.435369,,,,,,,,,,,,8.91855,7.98559,1.74359,50,5.55648,-3.87822,-126.49242,-1.17404,14.37078,27.12008,-19.30657,TEN_WES,UNI_PIK,JackBowlingField,NAIA,NAIA,20260313-JackBowlingField-1,14344260-1f2b-11f1-9965-8dd811638774,86.5758,,,7.90332,,,,,,,295b43c0-2fb4-429e-a1d1-ef411f70d0c1,2026-03-13,22:22:10.33,2026-03-13T18:22:10.3360000-04:00,2026-03-13T22:22:10.3360000Z,,v3,10044917,,,"Tolson, Jacob",10035532,Right,TEN_WES,dec31a88-cdf1-45a0-8539-b4258006aaa5,54.32425,-127.41617,13.56004,5.58527,-0.51643,-9.65329,1.88402,-4.36771,7.18539,,,,,,,,,,,,,,,,,,,,,,,,,,,,,,,,,,,,,,,,,,,,,,,,,,,High,High,High,,,,,,,,,,,,,,,,,,,,,,,,,,,,,,,,,,,,,,,
42,2026-03-13,18:22:31.71,5,6,"Jackson, Justin",1000236858,Left,TEN_WES,"Mould, Easton",1000332440,Right,UNI_PIK,Undefined,2,Top,0,2,2,Fastball,Sinker,BallCalled,Undefined,Undefined,Undefined,0,0,,86.87806,-2.878927,3.39742,2113.539367,127.468234,10:15,5.96301,-1.35921,6.16688,-23.59029,13.59985,-16.00465,1.33094,0.44897,78.74908,-7.327472,0.513153,0.43892,,,,,,,,,,,,9.31111,8.32367,1.10931,50,5.73233,-6.82249,-125.78816,-7.03432,14.74239,28.32403,-18.99511,TEN_WES,UNI_PIK,JackBowlingField,NAIA,NAIA,20260313-JackBowlingField-1,20ef3b40-1f2b-11f1-9965-8dd811638774,85.87542,,,8.12898,,,,,,,295b43c0-2fb4-429e-a1d1-ef411f70d0c1,2026-03-13,22:22:31.71,2026-03-13T18:22:31.7170000-04:00,2026-03-13T22:22:31.7170000Z,,v3,10044917,,,"Tolson, Jacob",10035532,Right,TEN_WES,34a48705-8950-4644-ae9e-c6621a0d29dd,54.33176,-126.7598,14.16201,5.96246,-6.38271,-9.49755,1.35203,-7.32822,7.37119,,,,,,,,,,,,,,,,,,,,,,,,,,,,,,,,,,,,,,,,,,,,,,,,,,,High,High,High,,,,,,,,,,,,,,,,,,,,,,,,,,,,,,,,,,,,,,,
43,2026-03-13,18:22:48.67,5,7,"Jackson, Justin",1000236858,Left,TEN_WES,"Mould, Easton",1000332440,Right,UNI_PIK,Undefined,2,Top,0,3,2,Fastball,Changeup,InPlay,Undefined,GroundBall,Out,2,0,,86.92699,-0.861274,3.759559,2132.503194,116.79769,10:00,5.61536,-1.88123,6.35067,-26.0656,10.43638,-18.30182,2.64866,0.05926,79.29844,-5.76866,0.452871,0.43484,73.40445,6.520009,-13.605224,6584.981668,,,,88.986,88.986,-14.040705,0.907644,10.63229,6.03748,1.61636,50,5.54045,-7.5839,-126.13023,-2.67593,17.07495,26.39524,-22.47812,TEN_WES,UNI_PIK,JackBowlingField,NAIA,NAIA,20260313-JackBowlingField-1,2b0cf400-1f2b-11f1-9965-8dd811638774,86.68112,4.78798,,7.62855,,,,1.20424,2.64356,-0.0262,295b43c0-2fb4-429e-a1d1-ef411f70d0c1,2026-03-13,22:22:48.67,2026-03-13T18:22:48.6700000-04:00,2026-03-13T22:22:48.6700000Z,GroundBall,v3,10044917,,,"Tolson, Jacob",10035532,Right,TEN_WES,3bc30ae3-8f1f-4151-bb6d-3e8e1b09f781,54.15053,-126.99584,13.19762,5.61611,-1.93878,-11.23906,1.87424,-8.14386,8.53748,76.04751,1.25605,103.17957,-10.47028,,,,,,,2.68517,11.6033,-16.0905,,,,,,,-0.02998,-25.10441,1.49341,,,,,,,,,,,,,,,,,,,,,,,,,,,,,High,High,High,High,High,,,,,,,,,,,,,,,,,,,,,,,,,,,,,,,,,,,,,
44,2026-03-13,18:23:21.48,6,1,"Jackson, Justin",1000236858,Left,TEN_WES,"Brook, Tyler",1000078727,Right,UNI_PIK,Undefined,2,Top,2,0,0,Fastball,Changeup,StrikeCalled,Undefined,Undefined,Undefined,0,0,,87.14474,-1.516781,4.104191,2024.54127,115.808978,9:45,5.53059,-1.89443,6.23872,-26.73726,9.82607,-17.80824,1.8994,0.41396,79.47693,-6.529761,0.894578,0.435205,,,,,,,,,,,,10.38008,5.90414,1.59637,50,5.40408,-8.3519,-126.31254,-4.17626,16.70829,26.6125,-22.67047,TEN_WES,UNI_PIK,JackBowlingField,NAIA,NAIA,20260313-JackBowlingField-1,3ea60b00-1f2b-11f1-9965-8dd811638774,86.60842,,,7.66781,,,,,,,295b43c0-2fb4-429e-a1d1-ef411f70d0c1,2026-03-13,22:23:21.48,2026-03-13T18:23:21.4870000-04:00,2026-03-13T22:23:21.4870000Z,,v3,10044917,,,"Tolson, Jacob",10035532,Right,TEN_WES,f866fe2c-f0bc-490c-8730-0b182feb824f,54.26133,-127.20719,13.30625,5.53167,-3.41413,-11.33523,1.88658,-8.91359,8.35415,,,,,,,,,,,,,,,,,,,,,,,,,,,,,,,,,,,,,,,,,,,,,,,,,,,High,High,High,,,,,,,,,,,,,,,,,,,,,,,,,,,,,,,,,,,,,,,
45,2026-03-13,18:23:36.56,6,2,"Jackson, Justin",1000236858,Left,TEN_WES,"Brook, Tyler",1000078727,Right,UNI_PIK,Undefined,2,Top,2,0,1,Fastball,Changeup,BallCalled,Undefined,Undefined,Undefined,0,0,,86.77156,-0.780577,1.505938,2210.16223,124.674454,10:15,5.90337,-1.63265,6.1998,-22.86702,13.90481,-18.36867,3.27692,-1.77287,79.12127,-5.103892,-1.810543,0.436445,,,,,,,,,,,,9.87158,7.7828,1.52788,50,5.83308,-2.57035,-126.05414,-2.38679,15.82163,26.55232,-19.70022,TEN_WES,UNI_PIK,JackBowlingField,NAIA,NAIA,20260313-JackBowlingField-1,479afb30-1f2b-11f1-9965-8dd811638774,86.36249,,,7.65029,,,,,,,295b43c0-2fb4-429e-a1d1-ef411f70d0c1,2026-03-13,22:23:36.56,2026-03-13T18:23:36.5640000-04:00,2026-03-13T22:23:36.5640000Z,,v3,10044917,,,"Tolson, Jacob",10035532,Right,TEN_WES,00ba76e3-e3ef-46a1-a652-ee412d43a802,54.2993,-126.95653,13.27616,5.90282,-1.71727,-9.85011,1.62437,-3.10805,7.91081,,,,,,,,,,,,,,,,,,,,,,,,,,,,,,,,,,,,,,,,,,,,,,,,,,,High,High,High,,,,,,,,,,,,,,,,,,,,,,,,,,,,,,,,,,,,,,,
46,2026-03-13,18:23:53.14,6,3,"Jackson, Justin",1000236858,Left,TEN_WES,"Brook, Tyler",1000078727,Right,UNI_PIK,Undefined,2,Top,2,1,1,Fastball,Changeup,InPlay,Undefined,FlyBall,Single,0,0,,85.98852,-1.020184,3.069416,2153.069776,117.365626,10:00,5.7329,-1.76423,6.15084,-26.71627,10.72142,-18.42265,2.56246,-0.46064,78.73195,-6.02266,-0.250457,0.440378,101.02923,23.611531,-6.956167,1760.747095,109.45833,43.88563,-10.90142,391.43282,373.5268,-2.812874,4.31899,10.43693,6.18028,1.54015,50,5.64137,-5.9837,-124.85366,-3.04493,16.47224,25.17048,-22.41993,TEN_WES,UNI_PIK,JackBowlingField,NAIA,NAIA,20260313-JackBowlingField-1,51796100-1f2b-11f1-9965-8dd811638774,85.59103,61.91242,,7.25657,,,,1.64402,2.64965,0.48551,295b43c0-2fb4-429e-a1d1-ef411f70d0c1,2026-03-13,22:23:53.14,2026-03-13T18:23:53.1420000-04:00,2026-03-13T22:23:53.1420000Z,LineDrive,v3,10044917,,,"Tolson, Jacob",10035532,Right,TEN_WES,d9f35d38-1ff6-4f6f-9f57-c1f142991631,54.35106,-125.72778,12.58524,5.7336,-2.26634,-11.20997,1.75789,-6.55574,8.23612,194.493017,1.64364,134.78222,-21.92704,5.29398,-1.19196,0.25844,-0.04588,0.00515,-0.00025,2.65017,59.33418,-15.86166,0.43161,0.12315,-0.07259,0.0172,-0.00181,6E-05,0.4857,-16.44773,5.1456,-1.08737,0.24874,-0.05923,0.01173,-0.00139,7E-05,,,,,,,,,,,,,,,,,,,,,,,High,High,High,High,High,,,,,,,,,,,,,,,,,,,,,,,,,,,,,,,,,,,,,
47,2026-03-13,18:24:33.86,7,1,"Jackson, Justin",1000236858,Left,TEN_WES,"DeCarlo, Domenic",1000440026,Right,UNI_PIK,Undefined,2,Top,2,0,0,Fastball,Changeup,InPlay,Undefined,GroundBall,Out,1,0,,86.14297,-1.016309,2.424378,2080.988785,115.589514,9:45,5.87702,-1.40639,6.18364,-26.55025,10.71276,-19.89048,2.72509,-0.82389,78.8231,-5.99309,-1.165049,0.43935,78.04485,-2.008355,-33.358388,4287.319623,,,,26.68949,26.68949,-29.494613,0.234234,11.02371,6.18819,1.23334,50,5.78672,-4.52753,-125.13885,-3.03138,17.45396,25.60857,-22.37622,TEN_WES,UNI_PIK,JackBowlingField,NAIA,NAIA,20260313-JackBowlingField-1,69bd3b60-1f2b-11f1-9965-8dd811638774,85.7914,2.64765,,7.31987,,,,1.61192,2.64765,0.83166,295b43c0-2fb4-429e-a1d1-ef411f70d0c1,2026-03-13,22:24:33.86,2026-03-13T18:24:33.8620000-04:00,2026-03-13T22:24:33.8620000Z,GroundBall,v3,10044917,,,"Tolson, Jacob",10035532,Right,TEN_WES,dd923183-a74d-4122-ab11-bace32a65e3c,54.31811,-126.01941,12.80429,5.87773,-2.26196,-11.18811,1.39934,-5.12769,8.72698,343.511407,1.61193,95.54852,-13.88917,,,,,,,2.65144,-4.22645,-30.34942,,,,,,,0.83081,-62.85511,13.71444,,,,,,,,,,,,,,,,,,,,,,,,,,,,,High,High,High,High,High,,,,,,,,,,,,,,,,,,,,,,,,,,,,,,,,,,,,,
48,2026-03-13,18:26:40.47,1,1,"VanDyke, Teague",10965218,Right,UNI_PIK,"Reynolds, Kolton",10290027,Right,TEN_WES,Undefined,2,Bottom,0,0,0,Fastball,Four-Seam,HitByPitch,Undefined,Undefined,Undefined,0,0,,85.56992,0.296474,0.470294,1924.307901,194.025261,12:30,6.51805,1.52256,5.42798,-25.64257,13.31568,3.00807,4.65886,2.21372,77.87327,-4.47872,1.005489,0.449232,,,,,,,,,,,,-1.38311,6.99083,-1.56645,50,6.52684,-1.14746,-124.18024,-0.22,-2.15015,25.89841,-21.30626,TEN_WES,UNI_PIK,JackBowlingField,NAIA,NAIA,20260313-JackBowlingField-1,b540be90-1f2b-11f1-9965-8dd811638774,83.90408,,,7.69665,,,,,,,295b43c0-2fb4-429e-a1d1-ef411f70d0c1,2026-03-13,22:26:40.47,2026-03-13T18:26:40.4760000-04:00,2026-03-13T22:26:40.4760000Z,,v3,10044917,,,"Brook, Tyler",1000078727,Right,UNI_PIK,d386a6c0-c271-4fef-b4af-bec77133538b,55.07121,-125.2334,12.9492,6.51817,0.64642,-10.65313,-1.52157,-1.06002,-1.07507,,,,,,,,,,,,,,,,,,,,,,,,,,,,,,,,,,,,,,,,,,,,,,,,,,,High,High,High,,,,,,,,,,,,,,,,,,,,,,,,,,,,,,,,,,,,,,,
49,2026-03-13,18:27:14.38,2,1,"VanDyke, Teague",10965218,Right,UNI_PIK,"Espinoza, Brayan",1000072839,Right,TEN_WES,Undefined,2,Bottom,0,0,0,Curveball,Curveball,FoulBallNotFieldable,Undefined,Undefined,Undefined,0,0,,70.13788,2.381985,-1.035307,1881.233924,9.856486,6:15,6.18791,1.28484,5.20547,-70.3985,-12.03886,-2.40488,2.56325,0.11064,64.72715,-10.325025,-1.462297,0.549829,72.92272,9.705386,41.773817,3331.948487,,,,126.20216,125.67994,46.411407,1.374022,0.90874,-6.18433,-1.18711,50,6.35478,1.92593,-101.80125,1.99189,0.95149,17.06358,-38.64934,TEN_WES,UNI_PIK,JackBowlingField,NAIA,NAIA,20260313-JackBowlingField-1,c9844660-1f2b-11f1-9965-8dd811638774,68.55302,7.77189,,5.41074,,,,-0.19351,2.28889,-0.07904,295b43c0-2fb4-429e-a1d1-ef411f70d0c1,2026-03-13,22:27:14.38,2026-03-13T18:27:14.3820000-04:00,2026-03-13T22:27:14.3820000Z,GroundBall,v3,10044917,,,"Brook, Tyler",1000078727,Right,UNI_PIK,adb6f21a-5e38-4f27-b7c6-2f4342e16844,55.29934,-102.68566,8.53179,6.19963,3.99511,-19.32467,-1.28566,1.87661,0.47574,247.346686,-0.19351,78.62222,-13.81229,2.62157,-0.52538,0.06725,0.01076,-0.01274,0.00339,2.28889,18.03021,-15.25105,0.73821,-0.07606,0.02881,-0.01768,0.01038,-0.0025,-0.07904,70.23131,-2.75081,-0.01608,0.08849,-0.01374,-0.01411,0.01179,-0.003,,,,,,,,,,,,,,,,,,,,,,,High,High,High,High,High,,,,,,,,,,,,,,,,,,,,,,,,,,,,,,,,,,,,,
50,2026-03-13,18:27:33.14,2,2,"VanDyke, Teague",10965218,Right,UNI_PIK,"Espinoza, Brayan",1000072839,Right,TEN_WES,Undefined,2,Bottom,0,0,1,ChangeUp,Splitter,BallCalled,Undefined,Undefined,Undefined,0,0,,75.51533,2.202003,-1.281108,650.735087,243.672493,2:00,6.29184,1.2479,5.76027,-46.20506,3.45945,3.61744,4.49258,0.3567,68.60919,-6.341956,-0.633745,0.507218,,,,,,,,,,,,-2.20701,1.66114,-1.14386,50,6.44689,2.31207,-109.49148,2.78897,-2.65791,20.76649,-30.17352,TEN_WES,UNI_PIK,JackBowlingField,NAIA,NAIA,20260313-JackBowlingField-1,d4b19a60-1f2b-11f1-9965-8dd811638774,74.31212,,,6.90615,,,,,,,295b43c0-2fb4-429e-a1d1-ef411f70d0c1,2026-03-13,22:27:33.14,2026-03-13T18:27:33.1420000-04:00,2026-03-13T22:27:33.1420000Z,,v3,10044917,,,"Brook, Tyler",1000078727,Right,UNI_PIK,53ea301a-29d6-441c-9a32-9bd06ef83a98,54.73709,-110.38627,10.38325,6.29871,4.0891,-15.08676,-1.24594,2.4266,-1.32896,,,,,,,,,,,,,,,,,,,,,,,,,,,,,,,,,,,,,,,,,,,,,,,,,,,High,High,High,,,,,,,,,,,,,,,,,,,,,,,,,,,,,,,,,,,,,,,
51,2026-03-13,18:27:48.42,2,3,"VanDyke, Teague",10965218,Right,UNI_PIK,"Espinoza, Brayan",1000072839,Right,TEN_WES,Undefined,2,Bottom,0,1,1,Curveball,Curveball,BallinDirt,Undefined,Undefined,Undefined,0,0,,68.8858,-1.590196,-2.378254,1959.203583,24.570162,6:45,6.16952,1.33189,5.79036,-71.95067,-11.87386,-6.36874,-1.30735,-1.41255,63.76945,-14.572629,-3.526312,0.557859,,,,,,,,,,,,2.52693,-5.26398,-1.13189,50,5.99435,4.34888,-99.9304,-4.79044,2.506,18.99591,-37.39444,TEN_WES,UNI_PIK,JackBowlingField,NAIA,NAIA,20260313-JackBowlingField-1,ddc6e3d0-1f2b-11f1-9965-8dd811638774,67.56619,,,5.11635,,,,,,,295b43c0-2fb4-429e-a1d1-ef411f70d0c1,2026-03-13,22:27:48.42,2026-03-13T18:27:48.4200000-04:00,2026-03-13T22:27:48.4200000Z,,v3,10044917,,,"Brook, Tyler",1000078727,Right,UNI_PIK,e6ff23b5-25c4-400c-8030-1837fd8ab02f,54.71456,-100.82262,9.49795,6.1781,-3.03407,-18.69722,-1.33339,4.23118,1.253,,,,,,,,,,,,,,,,,,,,,,,,,,,,,,,,,,,,,,,,,,,,,,,,,,,High,High,High,,,,,,,,,,,,,,,,,,,,,,,,,,,,,,,,,,,,,,,
52,2026-03-13,18:28:19.73,2,4,"VanDyke, Teague",10965218,Right,UNI_PIK,"Espinoza, Brayan",1000072839,Right,TEN_WES,Undefined,2,Bottom,0,2,1,Fastball,Changeup,InPlay,Undefined,GroundBall,Out,1,0,,86.66121,-2.384464,-2.066909,1766.860915,198.001944,12:30,6.45744,1.69684,5.31741,-20.7217,17.49355,5.27059,2.48999,0.19536,79.05777,-6.25229,-1.131519,0.444928,88.10449,-9.242621,-43.22416,,,,,16.77437,16.65364,-40.188374,0.121835,-3.25335,9.84587,-1.51355,50,6.22667,4.30356,-125.57758,-5.91574,-5.17748,26.23674,-16.50508,TEN_WES,UNI_PIK,JackBowlingField,NAIA,NAIA,20260313-JackBowlingField-1,f07350e0-1f2b-11f1-9965-8dd811638774,84.71579,2.5337,,7.60344,,,,1.46874,2.5337,-0.16127,295b43c0-2fb4-429e-a1d1-ef411f70d0c1,2026-03-13,22:28:19.73,2026-03-13T18:28:19.7370000-04:00,2026-03-13T22:28:19.7370000Z,GroundBall,v3,10044917,,,"Brook, Tyler",1000078727,Right,UNI_PIK,644ebf05-0f58-4725-ae89-a81f0257d890,55.18224,-126.65566,13.11837,6.45581,-5.23753,-8.25254,-1.69475,4.51631,-2.58874,180,1.46511,93.12288,,,,,,,,2.53451,-20.79612,,,,,,,,-0.15785,-87.52213,,,,,,,,,,,,,,,,,,,,,,,,,,,,,,High,High,High,Medium,High,,,,,,,,,,,,,,,,,,,,,,,,,,,,,,,,,,,,,
53,2026-03-13,18:28:57.25,3,1,"VanDyke, Teague",10965218,Right,UNI_PIK,"McGill, Cody",1000087887,Left,TEN_WES,Undefined,2,Bottom,1,0,0,ChangeUp,Changeup,BallCalled,Undefined,Undefined,Undefined,0,0,,74.0885,1.976028,-1.487981,1388.287933,287.253592,3:30,6.20003,1.62219,5.64089,-53.63326,-1.69169,11.19461,3.57535,1.16664,67.34105,-7.879042,0.512855,0.518715,,,,,,,,,,,,-6.07894,-0.85331,-1.50281,50,6.33438,2.37069,-107.42218,2.02431,-7.02478,20.52731,-33.16012,TEN_WES,UNI_PIK,JackBowlingField,NAIA,NAIA,20260313-JackBowlingField-1,06df8510-1f2c-11f1-9965-8dd811638774,72.665,,,6.74745,,,,,,,295b43c0-2fb4-429e-a1d1-ef411f70d0c1,2026-03-13,22:28:57.25,2026-03-13T18:28:57.2540000-04:00,2026-03-13T22:28:57.2540000Z,,v3,10044917,,,"Brook, Tyler",1000078727,Right,UNI_PIK,84bf2650-f0b8-458c-8b09-3980d17291b2,54.85818,-108.34656,10.26366,6.2096,3.51756,-16.58006,-1.61668,2.68702,-3.51239,,,,,,,,,,,,,,,,,,,,,,,,,,,,,,,,,,,,,,,,,,,,,,,,,,,High,High,High,,,,,,,,,,,,,,,,,,,,,,,,,,,,,,,,,,,,,,,
54,2026-03-13,18:29:17.72,3,2,"VanDyke, Teague",10965218,Right,UNI_PIK,"McGill, Cody",1000087887,Left,TEN_WES,Undefined,2,Bottom,1,1,0,ChangeUp,Curveball,BallinDirt,Undefined,Undefined,Undefined,0,0,,73.25981,-1.630281,-2.002998,3123.216815,339.447662,5:15,6.14391,1.60961,5.88734,-55.99164,-3.04788,1.8526,-0.03725,-0.09672,67.02995,-11.860826,-1.669201,0.523695,,,,,,,,,,,,-1.62118,-0.5335,-1.4491,50,5.98008,3.65174,-106.22565,-4.67263,-1.8181,21.33564,-32.77234,TEN_WES,UNI_PIK,JackBowlingField,NAIA,NAIA,20260313-JackBowlingField-1,13089e30-1f2c-11f1-9965-8dd811638774,71.97396,,,6.22985,,,,,,,295b43c0-2fb4-429e-a1d1-ef411f70d0c1,2026-03-13,22:29:17.72,2026-03-13T18:29:17.7280000-04:00,2026-03-13T22:29:17.7280000Z,,v3,10044917,,,"Brook, Tyler",1000078727,Right,UNI_PIK,964299c2-9a8b-4f7c-a611-b3ecc2d47319,54.61345,-107.14826,10.66782,6.15149,-3.25546,-16.38617,-1.60871,3.73036,-0.90905,,,,,,,,,,,,,,,,,,,,,,,,,,,,,,,,,,,,,,,,,,,,,,,,,,,High,High,High,,,,,,,,,,,,,,,,,,,,,,,,,,,,,,,,,,,,,,,
55,2026-03-13,18:29:39.93,3,3,"VanDyke, Teague",10965218,Right,UNI_PIK,"McGill, Cody",1000087887,Left,TEN_WES,Undefined,2,Bottom,1,2,0,Fastball,Changeup,InPlay,Undefined,GroundBall,Single,0,1,,86.47999,-1.299004,-2.104843,1687.516111,201.417717,12:45,6.48898,1.50033,5.57375,-23.72741,14.15123,5.07233,3.29733,-0.04391,79.04018,-5.720562,-1.200351,0.442964,92.13937,7.361045,11.510918,978.058641,,,,116.73611,116.73611,11.565588,0.947452,-3.1813,7.89871,-1.32248,50,6.36166,4.39974,-125.47398,-3.62849,-5.06381,25.75444,-19.60128,TEN_WES,UNI_PIK,JackBowlingField,NAIA,NAIA,20260313-JackBowlingField-1,20412b80-1f2c-11f1-9965-8dd811638774,85.09139,6.57601,,7.43981,,,,1.95002,3.36158,0.05594,295b43c0-2fb4-429e-a1d1-ef411f70d0c1,2026-03-13,22:29:39.93,2026-03-13T18:29:39.9310000-04:00,2026-03-13T22:29:39.9310000Z,LineDrive,v3,10044917,,,"Brook, Tyler",1000078727,Right,UNI_PIK,03975d03-480c-489e-9fb0-884648435bf4,54.92655,-126.48115,12.87722,6.48857,-2.86195,-9.80064,-1.49841,4.59777,-2.53191,353.104504,1.95002,131.32812,-15.55998,2.79624,-0.62769,0.13435,-0.03075,0.0061,-0.00072,3.36158,17.314,-24.3007,2.91591,-0.6525,0.14831,-0.03212,0.00651,-0.00079,0.05594,26.74507,-2.64238,0.53759,-0.11437,0.02503,-0.00576,0.00121,-0.00015,,,,,,,,,,,,,,,,,,,,,,,High,High,High,High,High,,,,,,,,,,,,,,,,,,,,,,,,,,,,,,,,,,,,,
56,2026-03-13,18:30:22.61,4,1,"VanDyke, Teague",10965218,Right,UNI_PIK,"Tolson, Jacob",10035532,Right,TEN_WES,Undefined,2,Bottom,1,0,0,Fastball,Changeup,FoulBallNotFieldable,Undefined,Undefined,Undefined,0,0,,85.04456,-0.866306,-1.86207,1617.057132,201.508639,12:45,6.47357,1.2444,5.50077,-23.88273,15.81249,5.67398,3.67257,-0.02504,76.84484,-5.34925,-0.851579,0.453462,,,,,,,,,,,,-3.37484,8.62985,-1.08521,50,6.38206,3.74847,-123.17305,-2.62232,-5.1287,26.93228,-19.05939,TEN_WES,UNI_PIK,JackBowlingField,NAIA,NAIA,20260313-JackBowlingField-1,39ac95f0-1f2c-11f1-9965-8dd811638774,83.12157,,,8.19972,,,,,,,295b43c0-2fb4-429e-a1d1-ef411f70d0c1,2026-03-13,22:30:22.61,2026-03-13T18:30:22.6120000-04:00,2026-03-13T22:30:22.6120000Z,,v3,10044917,,,"Brook, Tyler",1000078727,Right,UNI_PIK,18aaa083-e10c-4dab-948e-eaa33f60e590,54.99197,-124.25976,13.46614,6.47236,-1.85327,-9.5297,-1.24064,3.95542,-2.56435,,,,,,,,,,,,,,,,,,,,,,,,,,,,,,,,,,,,,,,,,,,,,,,,,,,High,High,High,,,,,,,,,,,,,,,,,,,,,,,,,,,,,,,,,,,,,,,
57,2026-03-13,18:30:43.23,4,2,"VanDyke, Teague",10965218,Right,UNI_PIK,"Tolson, Jacob",10035532,Right,TEN_WES,Undefined,2,Bottom,1,0,1,Curveball,Curveball,BallinDirt,Undefined,Undefined,Undefined,0,0,,72.35495,-0.459424,-2.911368,2003.752057,29.696193,7:00,6.1727,1.32322,5.34891,-69.09342,-13.43678,-8.79934,-0.01658,-2.14323,66.23439,-12.897008,-4.479591,0.536945,,,,,,,,,,,,3.42795,-6.06126,-1.0543,50,6.08183,5.64973,-104.79845,-3.065,3.72395,21.53552,-38.75868,TEN_WES,UNI_PIK,JackBowlingField,NAIA,NAIA,20260313-JackBowlingField-1,46041210-1f2c-11f1-9965-8dd811638774,70.19792,,,6.12055,,,,,,,295b43c0-2fb4-429e-a1d1-ef411f70d0c1,2026-03-13,22:30:43.23,2026-03-13T18:30:43.2340000-04:00,2026-03-13T22:30:43.2340000Z,,v3,10044917,,,"Brook, Tyler",1000078727,Right,UNI_PIK,629b50f7-acf0-4630-a279-7bf0912ea435,55.15402,-105.85228,10.76776,6.18541,-1.16837,-19.37934,-1.32631,5.4675,1.86198,,,,,,,,,,,,,,,,,,,,,,,,,,,,,,,,,,,,,,,,,,,,,,,,,,,High,High,High,,,,,,,,,,,,,,,,,,,,,,,,,,,,,,,,,,,,,,,
58,2026-03-13,18:31:12.37,4,3,"VanDyke, Teague",10965218,Right,UNI_PIK,"Tolson, Jacob",10035532,Right,TEN_WES,Undefined,2,Bottom,1,1,1,Curveball,Curveball,StrikeCalled,Undefined,Undefined,Undefined,0,0,,70.67628,3.840363,-1.596101,1876.715897,17.596877,6:30,6.12229,1.58712,5.21459,-73.26441,-14.75367,-5.3415,3.63494,-0.35925,64.00915,-9.444778,-2.542506,0.55054,,,,,,,,,,,,2.10827,-7.85701,-1.43551,50,6.42308,3.05066,-102.24825,4.46995,2.19219,19.65803,-40.34383,TEN_WES,UNI_PIK,JackBowlingField,NAIA,NAIA,20260313-JackBowlingField-1,57638cc0-1f2c-11f1-9965-8dd811638774,68.46443,,,6.66713,,,,,,,295b43c0-2fb4-429e-a1d1-ef411f70d0c1,2026-03-13,22:31:12.37,2026-03-13T18:31:12.3720000-04:00,2026-03-13T22:31:12.3720000Z,,v3,10044917,,,"Brook, Tyler",1000078727,Right,UNI_PIK,488a0e62-728c-4f56-84ea-0007d73193fe,55.28797,-103.2599,9.82902,6.13963,6.54614,-20.17191,-1.5896,2.93784,1.0961,,,,,,,,,,,,,,,,,,,,,,,,,,,,,,,,,,,,,,,,,,,,,,,,,,,High,High,High,,,,,,,,,,,,,,,,,,,,,,,,,,,,,,,,,,,,,,,
59,2026-03-13,18:31:50.59,4,4,"VanDyke, Teague",10965218,Right,UNI_PIK,"Tolson, Jacob",10035532,Right,TEN_WES,Undefined,2,Bottom,1,1,2,Fastball,Changeup,FoulBallNotFieldable,Undefined,Undefined,Undefined,0,0,,86.65435,-0.608754,-2.206927,1831.651967,197.684829,12:30,6.5087,1.36789,5.50407,-22.28789,16.47942,4.76268,4.08158,-0.30032,77.19661,-4.8369,-1.359163,0.44813,67.99429,46.305352,149.682091,4065.527194,,,,,28.72461,,,-3.18618,8.95256,-1.17837,50,6.44115,4.62152,-125.35948,-2.0334,-4.93494,31.64086,-18.30783,TEN_WES,UNI_PIK,JackBowlingField,NAIA,NAIA,20260313-JackBowlingField-1,6e1e7d30-1f2c-11f1-9965-8dd811638774,84.11044,30.43775,,9.45774,,,,1.10968,4.06161,0.33648,295b43c0-2fb4-429e-a1d1-ef411f70d0c1,2026-03-13,22:31:50.59,2026-03-13T18:31:50.5950000-04:00,2026-03-13T22:31:50.5950000Z,,v3,10044917,,,"Brook, Tyler",1000078727,Right,UNI_PIK,13d52f57-0fb0-4dd6-b690-6010da19fd5d,54.99132,-126.61302,15.82043,6.50734,-1.30807,-9.15392,-1.36533,4.81703,-2.46747,331.974496,1.11274,-59.56523,2.55222,,,,,,,4.07957,71.5596,-27.58978,,,,,,,0.34367,34.55822,-6.44516,,,,,,,,,,,,,,,,,,,,,,,,,,,,,High,High,High,High,Undefined,,,,,,,,,,,,,,,,,,,,,,,,,,,,,,,,,,,,,
60,2026-03-13,18:32:10.80,4,5,"VanDyke, Teague",10965218,Right,UNI_PIK,"Tolson, Jacob",10035532,Right,TEN_WES,Undefined,2,Bottom,1,1,2,Curveball,Curveball,BallinDirt,Undefined,Undefined,Undefined,0,0,,73.44978,-0.346533,-3.52198,1755.406811,48.527715,7:30,6.17378,1.33783,5.73735,-53.41593,-0.37807,-2.56709,1.39915,-2.15991,66.93608,-10.125263,-3.981003,0.524161,,,,,,,,,,,,0.14803,0.54969,-1.04266,50,6.11279,6.63813,-106.33927,-2.26802,0.16673,21.03664,-31.55501,TEN_WES,UNI_PIK,JackBowlingField,NAIA,NAIA,20260313-JackBowlingField-1,7a319d50-1f2c-11f1-9965-8dd811638774,71.91008,,,6.51371,,,,,,,295b43c0-2fb4-429e-a1d1-ef411f70d0c1,2026-03-13,22:32:10.80,2026-03-13T18:32:10.8020000-04:00,2026-03-13T22:32:10.8020000Z,,v3,10044917,,,"Brook, Tyler",1000078727,Right,UNI_PIK,4c401008-85d6-41cf-a8fd-af29aae13cc8,54.76057,-107.2769,10.51832,6.18254,-0.86157,-15.7775,-1.33837,6.6307,0.08337,,,,,,,,,,,,,,,,,,,,,,,,,,,,,,,,,,,,,,,,,,,,,,,,,,,High,High,High,,,,,,,,,,,,,,,,,,,,,,,,,,,,,,,,,,,,,,,
61,2026-03-13,18:32:31.85,4,6,"VanDyke, Teague",10965218,Right,UNI_PIK,"Tolson, Jacob",10035532,Right,TEN_WES,Undefined,2,Bottom,1,2,2,Curveball,Curveball,BallCalled,Undefined,Undefined,Undefined,0,0,,70.45438,4.585851,-0.143735,1865.695713,23.75528,6:45,6.17379,1.53557,5.40529,-70.24468,-11.32394,-5.97122,4.62621,0.90329,63.13705,-8.257564,-1.204896,0.552466,,,,,,,,,,,,2.89299,-6.39528,-1.51863,50,6.53509,0.48075,-101.78668,5.92873,2.96218,20.4466,-38.7223,TEN_WES,UNI_PIK,JackBowlingField,NAIA,NAIA,20260313-JackBowlingField-1,86c36350-1f2c-11f1-9965-8dd811638774,68.22582,,,7.31733,,,,,,,295b43c0-2fb4-429e-a1d1-ef411f70d0c1,2026-03-13,22:32:31.85,2026-03-13T18:32:31.8560000-04:00,2026-03-13T22:32:31.8560000Z,,v3,10044917,,,"Brook, Tyler",1000078727,Right,UNI_PIK,84aa9a78-afe2-46bc-bc49-be291260c3aa,55.09398,-102.80485,10.2233,6.19185,7.85698,-19.36115,-1.53889,0.33324,1.48109,,,,,,,,,,,,,,,,,,,,,,,,,,,,,,,,,,,,,,,,,,,,,,,,,,,High,High,High,,,,,,,,,,,,,,,,,,,,,,,,,,,,,,,,,,,,,,,
62,2026-03-13,18:32:51.31,4,7,"VanDyke, Teague",10965218,Right,UNI_PIK,"Tolson, Jacob",10035532,Right,TEN_WES,Undefined,2,Bottom,1,3,2,Fastball,Four-Seam,InPlay,Undefined,FlyBall,Out,1,0,,86.37212,-2.764508,-2.476714,1895.409371,193.743649,12:30,6.35371,1.49179,5.72591,-20.57206,18.10021,4.05394,2.06009,-0.47864,77.35645,-6.675153,-1.752105,0.447581,81.7549,22.179583,-5.786608,2862.063115,109.78708,34.95642,-6.83822,283.60518,278.77839,-0.314312,3.49407,-2.93382,10.60894,-1.28753,50,6.11038,5.23188,-124.89867,-6.64296,-4.52238,30.81938,-15.82068,TEN_WES,UNI_PIK,JackBowlingField,NAIA,NAIA,20260313-JackBowlingField-1,9252d480-1f2c-11f1-9965-8dd811638774,84.21376,39.02103,,9.01567,,,,2.2918,2.22091,0.4488,295b43c0-2fb4-429e-a1d1-ef411f70d0c1,2026-03-13,22:32:51.31,2026-03-13T18:32:51.3110000-04:00,2026-03-13T22:32:51.3110000Z,LineDrive,v3,10044917,,,"Brook, Tyler",1000078727,Right,UNI_PIK,a09a6b36-5820-4f29-9264-5d7c76c24df3,54.77091,-126.07042,15.40969,6.35152,-6.04146,-7.91034,-1.48971,5.40382,-2.26119,206.121597,2.29169,110.47191,-14.99183,3.14028,-0.63847,0.13082,-0.02369,0.00268,-0.00011,2.22095,45.2653,-14.85864,0.69486,-0.09885,0.02016,-0.0063,0.00181,-0.0002,0.44884,-11.19583,5.09061,-1.0265,0.21597,-0.04374,0.00758,-0.0008,3E-05,,,,,,,,,,,,,,,,,,,,,,,High,High,High,High,High,,,,,,,,,,,,,,,,,,,,,,,,,,,,,,,,,,,,,
63,2026-03-13,18:33:30.65,5,1,"VanDyke, Teague",10965218,Right,UNI_PIK,"Escoto, Hagen",1000136307,Right,TEN_WES,Undefined,2,Bottom,2,0,0,Curveball,Curveball,StrikeCalled,Undefined,Undefined,Undefined,0,0,,70.73968,2.390602,-1.40211,1802.855272,14.945419,6:30,6.12727,1.47644,5.33127,-68.70516,-10.4193,-3.35957,2.64689,-0.11937,63.97279,-10.11492,-1.999635,0.549481,,,,,,,,,,,,1.18839,-5.33264,-1.34726,50,6.29444,2.63109,-102.42147,2.09217,1.23359,20.50833,-37.70955,TEN_WES,UNI_PIK,JackBowlingField,NAIA,NAIA,20260313-JackBowlingField-1,a9cfdc70-1f2c-11f1-9965-8dd811638774,68.59639,,,6.7669,,,,,,,295b43c0-2fb4-429e-a1d1-ef411f70d0c1,2026-03-13,22:33:30.65,2026-03-13T18:33:30.6510000-04:00,2026-03-13T22:33:30.6510000Z,,v3,10044917,,,"Brook, Tyler",1000078727,Right,UNI_PIK,6c498488-dcc7-4ceb-ab17-f220bf3708e4,55.16917,-103.45134,10.25416,6.14183,3.98583,-18.85478,-1.47783,2.56914,0.6168,,,,,,,,,,,,,,,,,,,,,,,,,,,,,,,,,,,,,,,,,,,,,,,,,,,High,High,High,,,,,,,,,,,,,,,,,,,,,,,,,,,,,,,,,,,,,,,
64,2026-03-13,18:33:50.29,5,2,"VanDyke, Teague",10965218,Right,UNI_PIK,"Escoto, Hagen",1000136307,Right,TEN_WES,Undefined,2,Bottom,2,0,1,ChangeUp,Slider,BallCalled,Undefined,Undefined,Undefined,0,0,,76.00521,-0.706193,-3.541769,2277.019038,206.696562,1:00,6.1267,1.21769,5.71026,-42.01014,7.87906,3.0026,1.96663,-1.83608,68.5055,-8.482106,-3.005629,0.508364,,,,,,,,,,,,-2.72028,4.84473,-0.92255,50,6.0421,6.6875,-109.90549,-2.63424,-3.25541,23.40321,-26.37631,TEN_WES,UNI_PIK,JackBowlingField,NAIA,NAIA,20260313-JackBowlingField-1,b57ac4e0-1f2c-11f1-9965-8dd811638774,74.14461,,,7.4997,,,,,,,295b43c0-2fb4-429e-a1d1-ef411f70d0c1,2026-03-13,22:33:50.29,2026-03-13T18:33:50.2980000-04:00,2026-03-13T22:33:50.2980000Z,,v3,10044917,,,"Brook, Tyler",1000078727,Right,UNI_PIK,05c9accd-08dd-4127-b8f1-96962e28a3f2,54.78434,-110.91958,11.7016,6.13149,-1.49131,-13.18816,-1.21539,6.82856,-1.6277,,,,,,,,,,,,,,,,,,,,,,,,,,,,,,,,,,,,,,,,,,,,,,,,,,,High,High,High,,,,,,,,,,,,,,,,,,,,,,,,,,,,,,,,,,,,,,,
65,2026-03-13,18:34:11.81,5,3,"VanDyke, Teague",10965218,Right,UNI_PIK,"Escoto, Hagen",1000136307,Right,TEN_WES,Undefined,2,Bottom,2,1,1,Fastball,Four-Seam,InPlay,Undefined,FlyBall,Out,1,0,,86.12518,-2.246896,-1.828162,1999.444437,187.758257,12:15,6.34878,1.62757,5.63012,-20.07989,18.52958,2.33335,2.57679,0.11562,77.8016,-6.048566,-1.411616,0.447217,87.00281,40.846381,15.824063,,102.99154,80.69481,38.63598,298.34214,296.33669,27.693981,5.085013,-1.77646,10.53544,-1.47344,50,6.1449,3.88444,-124.75494,-5.50234,-2.75907,28.49443,-15.81104,TEN_WES,UNI_PIK,JackBowlingField,NAIA,NAIA,20260313-JackBowlingField-1,c2454e20-1f2c-11f1-9965-8dd811638774,84.28221,95.95061,,8.32358,,,,2.31287,2.78477,-0.1063,295b43c0-2fb4-429e-a1d1-ef411f70d0c1,2026-03-13,22:34:11.81,2026-03-13T18:34:11.8190000-04:00,2026-03-13T22:34:11.8190000Z,FlyBall,v3,10044917,,,"Brook, Tyler",1000078727,Right,UNI_PIK,9d74577b-467a-45d3-a5fe-0e7ea6662f0e,54.86838,-125.86198,14.24721,6.34674,-4.88806,-7.90552,-1.62644,3.99163,-1.37953,212.707275,2.31929,92.73838,-19.43251,4.11529,-0.43001,-0.03906,0.01702,-0.00153,3E-05,2.78543,83.43396,-21.72558,1.56924,0.08277,-0.18222,0.06094,-0.00878,0.00047,-0.10783,26.35398,2.0203,-0.86902,0.18435,-0.0298,0.00534,-0.00081,5E-05,,,,,,,,,,,,,,,,,,,,,,,High,High,High,High,Medium,,,,,,,,,,,,,,,,,,,,,,,,,,,,,,,,,,,,,
66,2026-03-13,18:36:00.16,1,1,"Jackson, Justin",1000236858,Left,TEN_WES,"Paulino, Riley",1000250747,Left,UNI_PIK,Undefined,3,Top,0,0,0,ChangeUp,Curveball,FoulBallNotFieldable,Undefined,Undefined,Undefined,0,0,,76.54952,1.842954,0.058604,2127.314468,291.282468,3:45,5.69199,-1.56606,5.64272,-51.73357,-3.03095,12.11115,3.10066,-0.50213,69.48284,-7.660917,2.224154,0.502282,62.04233,15.358144,-155.875974,3007.404098,,,,86.40651,25.92625,-163.041595,1.149348,-6.10823,-1.60957,1.55323,50,5.81575,-0.57335,-111.03588,1.90291,-7.52219,22.4011,-34.15618,TEN_WES,UNI_PIK,JackBowlingField,NAIA,NAIA,20260313-JackBowlingField-1,02e77a70-1f2d-11f1-9965-8dd811638774,75.0424,8.49519,,7.06668,,,,1.17281,2.66171,0.70009,295b43c0-2fb4-429e-a1d1-ef411f70d0c1,2026-03-13,22:36:00.16,2026-03-13T18:36:00.1600000-04:00,2026-03-13T22:36:00.1600000Z,LineDrive,v3,10044917,,,"Tolson, Jacob",10035532,Right,TEN_WES,c598d2af-91f6-491a-949f-bba4501afca3,54.85751,-112.01158,11.20055,5.70047,3.39061,-17.07809,1.57107,-0.24571,-3.76109,53.851333,1.22708,-80.7547,6.7315,,,,,,,2.84278,21.91729,-21.34279,,,,,,,0.55124,-34.05277,10.22905,,,,,,,,,,,,,,,,,,,,,,,,,,,,,High,High,High,High,Low,,,,,,,,,,,,,,,,,,,,,,,,,,,,,,,,,,,,,
67,2026-03-13,18:36:14.73,1,2,"Jackson, Justin",1000236858,Left,TEN_WES,"Paulino, Riley",1000250747,Left,UNI_PIK,Undefined,3,Top,0,0,1,Fastball,Changeup,StrikeCalled,Undefined,Undefined,Undefined,0,0,,86.21445,-1.94868,4.002071,2201.67308,123.866098,10:15,5.92497,-1.45911,6.49037,-24.40486,12.45705,-16.79914,2.09716,0.82109,78.94623,-6.554938,0.959855,0.436979,,,,,,,,,,,,9.88804,7.42634,1.18476,50,5.77711,-8.1143,-125.0439,-4.95219,15.65831,25.17553,-20.41397,TEN_WES,UNI_PIK,JackBowlingField,NAIA,NAIA,20260313-JackBowlingField-1,0b8b1650-1f2d-11f1-9965-8dd811638774,86.25694,,,7.26822,,,,,,,295b43c0-2fb4-429e-a1d1-ef411f70d0c1,2026-03-13,22:36:14.73,2026-03-13T18:36:14.7310000-04:00,2026-03-13T22:36:14.7310000Z,,v3,10044917,,,"Tolson, Jacob",10035532,Right,TEN_WES,d1e795cb-e8f2-453d-a62c-2330fdb9e54e,54.01021,-125.84869,12.58777,5.92499,-4.2996,-10.20699,1.45216,-8.61487,7.82915,,,,,,,,,,,,,,,,,,,,,,,,,,,,,,,,,,,,,,,,,,,,,,,,,,,High,High,High,,,,,,,,,,,,,,,,,,,,,,,,,,,,,,,,,,,,,,,
68,2026-03-13,18:36:28.82,1,3,"Jackson, Justin",1000236858,Left,TEN_WES,"Paulino, Riley",1000250747,Left,UNI_PIK,Undefined,3,Top,0,0,2,Fastball,Changeup,BallCalled,Undefined,Undefined,Undefined,0,0,,86.1567,-1.685799,4.099089,2187.26536,124.527372,10:15,5.91384,-1.2257,6.33451,-25.01438,12.08237,-15.85024,2.27263,1.23426,78.94719,-6.388995,1.238134,0.438368,,,,,,,,,,,,9.37001,7.11272,0.93372,50,5.77877,-8.34597,-124.94465,-4.41787,14.83157,24.86341,-20.91553,TEN_WES,UNI_PIK,JackBowlingField,NAIA,NAIA,20260313-JackBowlingField-1,13f6b240-1f2d-11f1-9965-8dd811638774,85.98346,,,7.20951,,,,,,,295b43c0-2fb4-429e-a1d1-ef411f70d0c1,2026-03-13,22:36:28.82,2026-03-13T18:36:28.8280000-04:00,2026-03-13T22:36:28.8280000Z,,v3,10044917,,,"Tolson, Jacob",10035532,Right,TEN_WES,f9bddcc3-2d05-4a53-a4aa-24c39b6203c3,54.16623,-125.77098,12.4317,5.91405,-3.72275,-10.45776,1.21929,-8.83889,7.41578,,,,,,,,,,,,,,,,,,,,,,,,,,,,,,,,,,,,,,,,,,,,,,,,,,,High,High,High,,,,,,,,,,,,,,,,,,,,,,,,,,,,,,,,,,,,,,,
69,2026-03-13,18:36:44.48,1,4,"Jackson, Justin",1000236858,Left,TEN_WES,"Paulino, Riley",1000250747,Left,UNI_PIK,Undefined,3,Top,0,1,2,Fastball,Sinker,BallCalled,Undefined,Undefined,Undefined,0,0,,86.056,-1.17252,3.802793,2152.144446,135.044362,10:30,6.00974,-1.16281,6.52901,-22.1697,14.70997,-13.52107,3.08408,1.2042,78.74963,-5.384932,1.353341,0.437084,,,,,,,,,,,,8.08611,8.38575,0.90339,50,5.91832,-7.78623,-124.87655,-3.15663,12.78416,24.85837,-18.91616,TEN_WES,UNI_PIK,JackBowlingField,NAIA,NAIA,20260313-JackBowlingField-1,1d4ab260-1f2d-11f1-9965-8dd811638774,86.23614,,,7.30637,,,,,,,295b43c0-2fb4-429e-a1d1-ef411f70d0c1,2026-03-13,22:36:44.48,2026-03-13T18:36:44.4890000-04:00,2026-03-13T22:36:44.4890000Z,,v3,10044917,,,"Tolson, Jacob",10035532,Right,TEN_WES,3b9e5f69-1587-4866-8f62-bfcffb7d6813,53.97032,-125.66441,12.42919,6.00887,-2.55711,-9.45808,1.15659,-8.19141,6.39208,,,,,,,,,,,,,,,,,,,,,,,,,,,,,,,,,,,,,,,,,,,,,,,,,,,High,High,High,,,,,,,,,,,,,,,,,,,,,,,,,,,,,,,,,,,,,,,
70,2026-03-13,18:36:59.38,1,5,"Jackson, Justin",1000236858,Left,TEN_WES,"Paulino, Riley",1000250747,Left,UNI_PIK,Undefined,3,Top,0,2,2,Slider,Slider,StrikeSwinging,Strikeout,Undefined,Undefined,0,0,,77.3542,0.150684,2.535594,2251.349699,295.956704,3:45,5.69312,-1.43412,5.76713,-53.51578,-6.90158,16.80647,1.37385,2.32779,72.11612,-9.562044,5.544147,0.491395,,,,,,,,,,,,-7.9226,-3.1561,1.21396,50,5.67309,-5.5937,-112.44617,-1.43049,-10.19968,19.33672,-36.23724,TEN_WES,UNI_PIK,JackBowlingField,NAIA,NAIA,20260313-JackBowlingField-1,2634a610-1f2d-11f1-9965-8dd811638774,76.705,,,5.23808,,,,,,,295b43c0-2fb4-429e-a1d1-ef411f70d0c1,2026-03-13,22:36:59.38,2026-03-13T18:36:59.3850000-04:00,2026-03-13T22:36:59.3850000Z,,v3,10044917,,,"Tolson, Jacob",10035532,Right,TEN_WES,d6c5b27a-8859-4e4b-a134-79191720600d,54.73765,-113.25794,9.66836,5.70121,0.09079,-18.11862,1.4398,-5.16551,-5.09984,,,,,,,,,,,,,,,,,,,,,,,,,,,,,,,,,,,,,,,,,,,,,,,,,,,High,High,High,,,,,,,,,,,,,,,,,,,,,,,,,,,,,,,,,,,,,,,
71,2026-03-13,18:37:23.78,2,1,"Jackson, Justin",1000236858,Left,TEN_WES,"Subero, Francis",10157150,Right,UNI_PIK,Undefined,3,Top,1,0,0,Fastball,Changeup,BallCalled,Undefined,Undefined,Undefined,0,0,,85.63944,-1.706859,4.377794,2041.869349,107.443845,9:30,5.55557,-1.60193,6.32774,-30.26431,7.20185,-19.2506,1.45664,0.83322,78.80648,-7.343595,0.902148,0.440546,,,,,,,,,,,,11.21938,4.55181,1.29081,50,5.41619,-8.78584,-124.21585,-4.63684,17.60048,23.93636,-25.03333,TEN_WES,UNI_PIK,JackBowlingField,NAIA,NAIA,20260313-JackBowlingField-1,34b40b40-1f2d-11f1-9965-8dd811638774,85.55855,,,6.83296,,,,,,,295b43c0-2fb4-429e-a1d1-ef411f70d0c1,2026-03-13,22:37:23.78,2026-03-13T18:37:23.7800000-04:00,2026-03-13T22:37:23.7800000Z,,v3,10044917,,,"Tolson, Jacob",10035532,Right,TEN_WES,b2ad57fb-3501-49ae-a62a-4cea55e062a3,54.17477,-125.01774,11.96818,5.55748,-3.7982,-12.51667,1.59502,-9.37547,8.80024,,,,,,,,,,,,,,,,,,,,,,,,,,,,,,,,,,,,,,,,,,,,,,,,,,,High,High,High,,,,,,,,,,,,,,,,,,,,,,,,,,,,,,,,,,,,,,,
72,2026-03-13,18:37:36.98,2,2,"Jackson, Justin",1000236858,Left,TEN_WES,"Subero, Francis",10157150,Right,UNI_PIK,Undefined,3,Top,1,1,0,Slider,Slider,InPlay,Undefined,LineDrive,Out,1,0,,77.491,1.218056,0.766494,2198.770921,294.351488,3:45,5.59841,-1.63297,5.62791,-52.86318,-6.2328,16.67001,2.33,0.47146,71.88783,-8.401391,3.746926,0.49148,90.97369,18.84932,-20.63483,3910.438695,100.11067,29.76388,-45.5834,281.2617,276.52208,-30.094343,3.066547,-8.30859,-3.13362,1.55657,50,5.66775,-2.12443,-112.69601,0.66289,-10.74631,19.38482,-36.2271,TEN_WES,UNI_PIK,JackBowlingField,NAIA,NAIA,20260313-JackBowlingField-1,3c9cbb90-1f2d-11f1-9965-8dd811638774,76.69168,32.88114,,5.60317,,,,0.92084,2.3321,-0.49842,295b43c0-2fb4-429e-a1d1-ef411f70d0c1,2026-03-13,22:37:36.98,2026-03-13T18:37:36.9860000-04:00,2026-03-13T22:37:36.9860000Z,LineDrive,v3,10044917,,,"Tolson, Jacob",10035532,Right,TEN_WES,441a92d6-9568-40fc-8c77-f7215fc4cfd1,54.87693,-113.53179,9.69241,5.6055,2.22483,-18.11355,1.63818,-1.66111,-5.37315,126.778642,0.92072,118.17827,-21.43456,4.72295,-1.05138,0.2621,-0.0647,0.0105,-0.00073,2.33223,43.09978,-16.06481,0.58733,0.09613,-0.10582,0.04223,-0.00767,0.00055,-0.4986,-44.48974,-2.39575,1.44073,-0.58283,0.23278,-0.07222,0.01291,-0.00097,,,,,,,,,,,,,,,,,,,,,,,High,High,High,High,Medium,,,,,,,,,,,,,,,,,,,,,,,,,,,,,,,,,,,,,
73,2026-03-13,18:38:01.88,3,1,"Jackson, Justin",1000236858,Left,TEN_WES,"Brooks, Noah",1000124173,Right,UNI_PIK,Undefined,3,Top,2,0,0,Fastball,Changeup,FoulBallNotFieldable,Undefined,Undefined,Undefined,0,0,,85.76827,-1.101055,1.868996,2096.103923,121.840527,10:00,5.89185,-1.29523,6.33828,-25.99679,11.17556,-16.18363,2.71103,-0.92244,78.87898,-5.98024,-1.061052,0.438815,80.59014,53.342411,68.066161,4689.712218,,,,,43.94706,,,8.94764,6.4641,1.16654,50,5.79928,-3.45845,-124.70218,-3.16373,14.13996,24.23621,-21.95887,TEN_WES,UNI_PIK,JackBowlingField,NAIA,NAIA,20260313-JackBowlingField-1,4b6ab5f0-1f2d-11f1-9965-8dd811638774,85.89599,54.37865,,6.88929,,,,0.26539,2.67152,0.86545,295b43c0-2fb4-429e-a1d1-ef411f70d0c1,2026-03-13,22:38:01.88,2026-03-13T18:38:01.8870000-04:00,2026-03-13T22:38:01.8870000Z,,v3,10044917,,,"Tolson, Jacob",10035532,Right,TEN_WES,d8ec111a-6816-4a91-8428-f004adbba711,54.1632,-125.5087,12.11811,5.8924,-2.43299,-10.97943,1.28946,-3.929,7.06998,217.12119,0.26539,26.35979,-18.14347,6.33789,-1.72581,0.43847,-0.10772,0.02368,-0.00338,2.67152,94.82109,-27.33385,2.77178,-0.25359,-0.03481,0.02546,-0.00842,0.00145,0.86545,65.4603,-5.18909,1.43094,-0.22167,0.01281,0.00643,-0.00313,0.00059,,,,,,,,,,,,,,,,,,,,,,,High,High,High,High,Undefined,,,,,,,,,,,,,,,,,,,,,,,,,,,,,,,,,,,,,
74,2026-03-13,18:38:18.65,3,2,"Jackson, Justin",1000236858,Left,TEN_WES,"Brooks, Noah",1000124173,Right,UNI_PIK,Undefined,3,Top,2,0,1,Fastball,Changeup,BallCalled,Undefined,Undefined,Undefined,0,0,,85.457,-2.092245,2.140415,2069.124733,109.728191,9:45,5.82508,-1.22681,6.34909,-29.63458,8.35556,-19.6308,1.42737,-0.89149,77.74942,-7.643491,-1.41728,0.443616,,,,,,,,,,,,10.83879,5.40528,1.07981,50,5.65933,-3.87366,-124.01197,-5.42532,16.69538,27.31861,-23.84812,TEN_WES,UNI_PIK,JackBowlingField,NAIA,NAIA,20260313-JackBowlingField-1,556ef340-1f2d-11f1-9965-8dd811638774,84.96645,,,7.70758,,,,,,,295b43c0-2fb4-429e-a1d1-ef411f70d0c1,2026-03-13,22:38:18.65,2026-03-13T18:38:18.6580000-04:00,2026-03-13T22:38:18.6580000Z,,v3,10044917,,,"Tolson, Jacob",10035532,Right,TEN_WES,babb8a40-9308-423b-8e29-9f007c967a44,54.15049,-124.92294,13.6593,5.82698,-4.63009,-11.92406,1.21826,-4.43038,8.34769,,,,,,,,,,,,,,,,,,,,,,,,,,,,,,,,,,,,,,,,,,,,,,,,,,,High,High,High,,,,,,,,,,,,,,,,,,,,,,,,,,,,,,,,,,,,,,,
75,2026-03-13,18:38:31.42,3,3,"Jackson, Justin",1000236858,Left,TEN_WES,"Brooks, Noah",1000124173,Right,UNI_PIK,Undefined,3,Top,2,1,1,ChangeUp,Changeup,BallCalled,Undefined,Undefined,Undefined,0,0,,80.25053,0.292553,0.948476,1371.389313,65.293469,8:15,5.61907,-1.53229,5.72552,-48.07007,-4.25347,-12.32658,1.88576,-1.676,73.51596,-8.508796,-1.261835,0.476421,,,,,,,,,,,,6.52532,-1.77913,1.46067,50,5.61412,-1.44492,-116.55809,-1.02814,8.92379,23.11857,-34.60715,TEN_WES,UNI_PIK,JackBowlingField,NAIA,NAIA,20260313-JackBowlingField-1,5d12f970-1f2d-11f1-9965-8dd811638774,79.11583,,,6.73457,,,,,,,295b43c0-2fb4-429e-a1d1-ef411f70d0c1,2026-03-13,22:38:31.42,2026-03-13T18:38:31.4290000-04:00,2026-03-13T22:38:31.4290000Z,,v3,10044917,,,"Tolson, Jacob",10035532,Right,TEN_WES,45927215-052c-4798-914f-ecdd1bf715cc,54.77566,-117.5015,11.55929,5.62726,0.38408,-17.30358,1.52706,-1.80908,4.46189,,,,,,,,,,,,,,,,,,,,,,,,,,,,,,,,,,,,,,,,,,,,,,,,,,,High,High,High,,,,,,,,,,,,,,,,,,,,,,,,,,,,,,,,,,,,,,,
76,2026-03-13,18:38:47.48,3,4,"Jackson, Justin",1000236858,Left,TEN_WES,"Brooks, Noah",1000124173,Right,UNI_PIK,Undefined,3,Top,2,2,1,ChangeUp,Changeup,FoulBallNotFieldable,Undefined,Undefined,Undefined,0,0,,79.93797,0.246448,2.81078,1479.122734,59.492661,8:00,5.45241,-1.73118,5.76504,-50.99503,-6.77922,-13.9728,1.43248,-0.27743,73.18002,-9.079325,0.305526,0.478586,,,,,,,,,,,,8.02603,-3.19071,1.50717,50,5.44147,-5.16953,-116.01895,-1.18928,10.85612,23.25151,-36.48984,TEN_WES,UNI_PIK,JackBowlingField,NAIA,NAIA,20260313-JackBowlingField-1,669b5000-1f2d-11f1-9965-8dd811638774,78.75789,,,6.75796,,,,,,,295b43c0-2fb4-429e-a1d1-ef411f70d0c1,2026-03-13,22:38:47.48,2026-03-13T18:38:47.4810000-04:00,2026-03-13T22:38:47.4810000Z,,v3,10044917,,,"Tolson, Jacob",10035532,Right,TEN_WES,129fd0ee-0527-4e34-a505-04d730b095a4,54.73829,-116.9647,11.62575,5.45966,0.29494,-18.24492,1.72642,-5.61111,5.42806,,,,,,,,,,,,,,,,,,,,,,,,,,,,,,,,,,,,,,,,,,,,,,,,,,,High,High,High,,,,,,,,,,,,,,,,,,,,,,,,,,,,,,,,,,,,,,,
77,2026-03-13,18:39:05.60,3,5,"Jackson, Justin",1000236858,Left,TEN_WES,"Brooks, Noah",1000124173,Right,UNI_PIK,Undefined,3,Top,2,2,2,Fastball,Sinker,StrikeCalled,Strikeout,Undefined,Undefined,0,0,,85.60235,-0.854881,2.998792,2108.01501,134.32643,10:30,5.98436,-1.01126,6.68431,-24.49556,12.63678,-11.69965,3.15999,0.7592,78.10197,-5.512004,0.870068,0.438579,,,,,,,,,,,,6.98095,7.27906,0.81475,50,5.91736,-6.07576,-124.30941,-2.51109,10.8884,25.66689,-20.82066,TEN_WES,UNI_PIK,JackBowlingField,NAIA,NAIA,20260313-JackBowlingField-1,71637990-1f2d-11f1-9965-8dd811638774,85.94221,,,7.50038,,,,,,,295b43c0-2fb4-429e-a1d1-ef411f70d0c1,2026-03-13,22:39:05.60,2026-03-13T18:39:05.6050000-04:00,2026-03-13T22:39:05.6050000Z,,v3,10044917,,,"Tolson, Jacob",10035532,Right,TEN_WES,3e4afb46-1cf4-4fcd-894f-61fe9c4c9d28,53.81417,-125.09447,12.83345,5.98443,-1.87427,-10.41033,1.00568,-6.4088,5.4442,,,,,,,,,,,,,,,,,,,,,,,,,,,,,,,,,,,,,,,,,,,,,,,,,,,High,High,High,,,,,,,,,,,,,,,,,,,,,,,,,,,,,,,,,,,,,,,
78,2026-03-13,18:41:37.80,1,1,"VanDyke, Teague",10965218,Right,UNI_PIK,"Ballenilla, David",10132128,Right,TEN_WES,Undefined,3,Bottom,0,0,0,Curveball,,StrikeCalled,Undefined,Undefined,Undefined,0,0,,,,,,,,,,,,,,,,,,,,,,,,,,,,,,,,,,,,,,,,,,TEN_WES,UNI_PIK,JackBowlingField,NAIA,NAIA,20260313-JackBowlingField-1,d6107c31-1f2d-11f1-9965-8dd811638774,,,,,,,,,,,295b43c0-2fb4-429e-a1d1-ef411f70d0c1,2026-03-13,22:41:37.80,2026-03-13T18:41:37.8050000-04:00,2026-03-13T22:41:37.8050000Z,,v3,10044917,,,"Brook, Tyler",1000078727,Right,UNI_PIK,d6107c30-1f2d-11f1-9965-8dd811638774,,,,,,,,,,,,,,,,,,,,,,,,,,,,,,,,,,,,,,,,,,,,,,,,,,,,,,,,,,,,,,,,,,,,,,,,,,,,,,,,,,,,,,,,,,,,,,,,,,,,,
79,2026-03-13,18:41:38.80,1,2,"VanDyke, Teague",10965218,Right,UNI_PIK,"Ballenilla, David",10132128,Right,TEN_WES,Undefined,3,Bottom,0,0,1,Fastball,Four-Seam,BallCalled,Undefined,Undefined,Undefined,0,0,,86.66544,-1.469258,-0.816544,2005.944272,199.971458,12:45,6.46282,1.5346,5.49653,-20.09725,17.493,5.93878,3.41326,1.26565,79.57984,-5.229451,0.241657,0.441275,,,,,,,,,,,,-3.19146,9.55217,-1.46719,50,6.32084,1.53384,-125.8238,-3.86788,-5.1432,24.27282,-16.78027,TEN_WES,UNI_PIK,JackBowlingField,NAIA,NAIA,20260313-JackBowlingField-1,ccbbb8c0-1f2d-11f1-9965-8dd811638774,85.41714,,,7.0856,,,,,,,295b43c0-2fb4-429e-a1d1-ef411f70d0c1,2026-03-13,22:41:38.80,2026-03-13T18:41:38.8050000-04:00,2026-03-13T22:41:38.8050000Z,,v3,10044917,,,"Brook, Tyler",1000078727,Right,UNI_PIK,349c7d14-69f5-4fad-9097-fc0eb01e7a64,55.00176,-126.78502,12.13641,6.46085,-3.20337,-8.39013,-1.53197,1.73752,-2.5716,,,,,,,,,,,,,,,,,,,,,,,,,,,,,,,,,,,,,,,,,,,,,,,,,,,High,High,High,,,,,,,,,,,,,,,,,,,,,,,,,,,,,,,,,,,,,,,
80,2026-03-13,18:41:51.46,1,3,"VanDyke, Teague",10965218,Right,UNI_PIK,"Ballenilla, David",10132128,Right,TEN_WES,Undefined,3,Bottom,0,1,1,Fastball,Four-Seam,BallCalled,Undefined,Undefined,Undefined,0,0,,85.98806,-2.688276,-3.149657,2046.918813,191.172277,12:15,6.43848,1.43201,5.99255,-20.00182,17.66536,3.25626,2.2747,-1.21851,78.99387,-6.452319,-2.565399,0.441726,,,,,,,,,,,,-2.50697,10.15292,-1.18527,50,6.21499,6.72708,-124.64945,-6.43706,-3.95914,24.17362,-16.14007,TEN_WES,UNI_PIK,JackBowlingField,NAIA,NAIA,20260313-JackBowlingField-1,d4453210-1f2d-11f1-9965-8dd811638774,85.3299,,,6.99419,,,,,,,295b43c0-2fb4-429e-a1d1-ef411f70d0c1,2026-03-13,22:41:51.46,2026-03-13T18:41:51.4610000-04:00,2026-03-13T22:41:51.4610000Z,,v3,10044917,,,"Brook, Tyler",1000078727,Right,UNI_PIK,ea278f6e-dd4f-449f-9198-0653fd029d87,54.50596,-125.52026,12.08681,6.4364,-5.85565,-8.07004,-1.43017,6.8697,-1.97957,,,,,,,,,,,,,,,,,,,,,,,,,,,,,,,,,,,,,,,,,,,,,,,,,,,High,High,High,,,,,,,,,,,,,,,,,,,,,,,,,,,,,,,,,,,,,,,
81,2026-03-13,18:42:08.89,1,4,"VanDyke, Teague",10965218,Right,UNI_PIK,"Ballenilla, David",10132128,Right,TEN_WES,Undefined,3,Bottom,0,2,1,Curveball,Curveball,BallinDirt,Undefined,Undefined,Undefined,0,0,,73.37045,-2.978303,-2.793379,1938.73138,359.63836,6:00,6.12144,1.54653,5.47247,-60.40818,-7.45056,0.05717,-1.70557,-1.0649,68.58383,-13.776849,-2.783143,0.523764,,,,,,,,,,,,-0.83063,-2.7624,-1.30087,50,5.81671,5.18829,-106.37357,-7.40788,-0.94889,18.75273,-35.32981,TEN_WES,UNI_PIK,JackBowlingField,NAIA,NAIA,20260313-JackBowlingField-1,dea7e310-1f2d-11f1-9965-8dd811638774,71.96456,,,4.78662,,,,,,,295b43c0-2fb4-429e-a1d1-ef411f70d0c1,2026-03-13,22:42:08.89,2026-03-13T18:42:08.8920000-04:00,2026-03-13T22:42:08.8920000Z,,v3,10044917,,,"Brook, Tyler",1000078727,Right,UNI_PIK,2ad22d78-c1b5-48f6-a772-503e38944b05,55.03289,-107.25716,9.37637,6.12653,-5.74322,-17.66491,-1.54638,5.233,-0.47445,,,,,,,,,,,,,,,,,,,,,,,,,,,,,,,,,,,,,,,,,,,,,,,,,,,High,High,High,,,,,,,,,,,,,,,,,,,,,,,,,,,,,,,,,,,,,,,
82,2026-03-13,18:42:23.02,1,5,"VanDyke, Teague",10965218,Right,UNI_PIK,"Ballenilla, David",10132128,Right,TEN_WES,Undefined,3,Bottom,0,3,1,Fastball,Four-Seam,FoulBallNotFieldable,Undefined,Undefined,Undefined,0,0,,85.17594,-0.898692,-1.730545,1915.312531,187.760116,12:15,6.42501,1.4991,5.60644,-25.43242,13.74682,1.69362,3.46628,0.0243,77.47131,-5.646423,-1.428292,0.450505,,,,,,,,,,,,-1.37299,7.62063,-1.35214,50,6.33188,3.66164,-123.54071,-2.76271,-2.10783,26.13623,-20.47471,TEN_WES,UNI_PIK,JackBowlingField,NAIA,NAIA,20260313-JackBowlingField-1,e713a610-1f2d-11f1-9965-8dd811638774,83.66713,,,7.70463,,,,,,,295b43c0-2fb4-429e-a1d1-ef411f70d0c1,2026-03-13,22:42:23.02,2026-03-13T18:42:23.0280000-04:00,2026-03-13T22:42:23.0280000Z,,v3,10044917,,,"Brook, Tyler",1000078727,Right,UNI_PIK,92cb503b-8f92-497f-929d-41c2723588c5,54.89195,-124.57135,13.06811,6.42491,-1.95532,-10.23736,-1.49817,3.74476,-1.05391,,,,,,,,,,,,,,,,,,,,,,,,,,,,,,,,,,,,,,,,,,,,,,,,,,,High,High,High,,,,,,,,,,,,,,,,,,,,,,,,,,,,,,,,,,,,,,,
83,2026-03-13,18:42:39.74,1,6,"VanDyke, Teague",10965218,Right,UNI_PIK,"Ballenilla, David",10132128,Right,TEN_WES,Undefined,3,Bottom,0,3,2,Curveball,Curveball,BallCalled,Walk,Undefined,Undefined,0,0,,72.0931,2.777008,-0.252291,1925.564532,12.448633,6:30,6.21517,1.59643,5.24749,-62.87031,-7.26217,-2.01646,3.58775,1.1913,65.71136,-8.650873,-0.610205,0.536711,,,,,,,,,,,,0.92024,-3.80036,-1.57175,50,6.42407,0.53688,-104.48023,3.00846,1.00779,19.12447,-36.33596,TEN_WES,UNI_PIK,JackBowlingField,NAIA,NAIA,20260313-JackBowlingField-1,f110b770-1f2d-11f1-9965-8dd811638774,70.22855,,,6.38174,,,,,,,295b43c0-2fb4-429e-a1d1-ef411f70d0c1,2026-03-13,22:42:39.74,2026-03-13T18:42:39.7400000-04:00,2026-03-13T22:42:39.7400000Z,,v3,10044917,,,"Brook, Tyler",1000078727,Right,UNI_PIK,130b57a2-2014-4c36-a5ce-8f32006684b4,55.25304,-105.43738,9.56224,6.228,4.82703,-18.16798,-1.59735,0.48644,0.50389,,,,,,,,,,,,,,,,,,,,,,,,,,,,,,,,,,,,,,,,,,,,,,,,,,,High,High,High,,,,,,,,,,,,,,,,,,,,,,,,,,,,,,,,,,,,,,,
84,2026-03-13,18:43:10.34,2,1,"VanDyke, Teague",10965218,Right,UNI_PIK,"Wright, Ethan",10317612,Right,TEN_WES,Undefined,3,Bottom,0,0,0,Fastball,Changeup,FoulBallNotFieldable,Undefined,Undefined,Undefined,0,0,,85.03383,-1.035548,-2.303547,1974.998366,210.133738,1:00,6.42842,1.53768,5.91568,-22.35907,16.21135,8.70634,3.6032,0.12416,77.86327,-5.242855,-0.741522,0.446991,61.03818,50.890564,142.017975,4764.380082,,,,,36.74604,,,-5.12032,8.9702,-1.35804,50,6.33264,4.62315,-123.4671,-2.90082,-7.91227,24.33676,-18.31266,TEN_WES,UNI_PIK,JackBowlingField,NAIA,NAIA,20260313-JackBowlingField-1,03453560-1f2e-11f1-9965-8dd811638774,84.32488,39.7184,,7.17056,,,,1.08448,3.58197,-0.1246,295b43c0-2fb4-429e-a1d1-ef411f70d0c1,2026-03-13,22:43:10.34,2026-03-13T18:43:10.3480000-04:00,2026-03-13T22:43:10.3480000Z,,v3,10044917,,,"Brook, Tyler",1000078727,Right,UNI_PIK,0a09668a-aaee-46ee-8d19-376320764fec,54.58477,-124.36753,12.16838,6.42743,-2.22328,-9.15633,-1.5345,4.91589,-3.95614,326.514252,1.08448,-44.51076,-0.94241,0.26614,-0.05721,0.01282,-0.00354,0.00119,-0.0003,3.58197,69.46433,-27.34936,3.56272,-0.79838,0.17047,-0.03886,0.00817,-0.00113,-0.1246,34.75314,-7.69824,1.66754,-0.33691,0.07364,-0.0171,0.00357,-0.00053,,,,,,,,,,,,,,,,,,,,,,,High,High,High,High,Undefined,,,,,,,,,,,,,,,,,,,,,,,,,,,,,,,,,,,,,
85,2026-03-13,18:43:47.77,2,2,"VanDyke, Teague",10965218,Right,UNI_PIK,"Wright, Ethan",10317612,Right,TEN_WES,Undefined,3,Bottom,0,0,1,Curveball,Curveball,BallinDirt,Undefined,Undefined,Undefined,0,0,,71.06584,0.299758,-2.5864,1940.802855,21.192226,6:45,6.17011,1.42661,5.26338,-67.11319,-9.84949,-4.56107,0.85925,-1.38498,65.40462,-11.795752,-3.397453,0.544642,,,,,,,,,,,,1.46543,-4.3767,-1.18627,50,6.14835,4.82126,-103.02568,-1.61881,1.55668,18.97984,-36.8233,TEN_WES,UNI_PIK,JackBowlingField,NAIA,NAIA,20260313-JackBowlingField-1,19a582b0-1f2e-11f1-9965-8dd811638774,69.20592,,,5.66122,,,,,,,295b43c0-2fb4-429e-a1d1-ef411f70d0c1,2026-03-13,22:43:47.77,2026-03-13T18:43:47.7790000-04:00,2026-03-13T22:43:47.7790000Z,,v3,10044917,,,"Brook, Tyler",1000078727,Right,UNI_PIK,b511975e-7645-4884-98ed-df7506c94dee,55.2388,-103.98631,9.48992,6.18311,0.24495,-18.41165,-1.4283,4.74247,0.77834,,,,,,,,,,,,,,,,,,,,,,,,,,,,,,,,,,,,,,,,,,,,,,,,,,,High,High,High,,,,,,,,,,,,,,,,,,,,,,,,,,,,,,,,,,,,,,,
86,2026-03-13,18:44:19.33,2,3,"VanDyke, Teague",10965218,Right,UNI_PIK,"Wright, Ethan",10317612,Right,TEN_WES,Undefined,3,Bottom,0,1,1,Fastball,Four-Seam,StrikeCalled,Undefined,Undefined,Undefined,0,0,,84.42394,-1.202326,-0.655047,1792.794538,183.047682,12:00,6.47412,1.24921,5.49679,-21.86167,18.48407,0.90606,3.52742,0.71196,76.14829,-5.333077,-0.4936,0.457162,,,,,,,,,,,,-0.66004,10.09945,-1.19252,50,6.3546,1.35891,-122.31364,-3.2292,-0.98613,27.22699,-17.08497,TEN_WES,UNI_PIK,JackBowlingField,NAIA,NAIA,20260313-JackBowlingField-1,2c629190-1f2e-11f1-9965-8dd811638774,82.44873,,,8.27565,,,,,,,295b43c0-2fb4-429e-a1d1-ef411f70d0c1,2026-03-13,22:44:19.33,2026-03-13T18:44:19.3330000-04:00,2026-03-13T22:44:19.3330000Z,,v3,10044917,,,"Brook, Tyler",1000078727,Right,UNI_PIK,71c292db-50d5-46fa-9da4-2eb892504f10,54.99775,-123.42112,13.61349,6.47182,-2.53426,-8.54249,-1.24862,1.39902,-0.49306,,,,,,,,,,,,,,,,,,,,,,,,,,,,,,,,,,,,,,,,,,,,,,,,,,,High,High,High,,,,,,,,,,,,,,,,,,,,,,,,,,,,,,,,,,,,,,,
87,2026-03-13,18:44:54.07,2,4,"VanDyke, Teague",10965218,Right,UNI_PIK,"Wright, Ethan",10317612,Right,TEN_WES,Undefined,3,Bottom,0,1,2,Curveball,Curveball,InPlay,Undefined,FlyBall,Out,1,0,,72.35924,2.520117,-0.986448,1897.724177,21.678473,6:45,6.09867,1.43975,5.06702,-68.66067,-12.5419,-5.79882,2.75506,0.0263,65.53287,-9.903345,-2.013097,0.53917,73.46065,44.896902,-9.960146,,109.08494,81.28684,-14.15674,250.77166,249.15483,-4.507313,4.757288,2.54937,-6.52851,-1.34119,50,6.28338,2.0249,-104.77515,2.31179,2.77572,21.09207,-39.28224,TEN_WES,UNI_PIK,JackBowlingField,NAIA,NAIA,20260313-JackBowlingField-1,412c3950-1f2e-11f1-9965-8dd811638774,69.90829,85.2528,,6.82637,,,,1.66528,2.91316,-0.01968,295b43c0-2fb4-429e-a1d1-ef411f70d0c1,2026-03-13,22:44:54.07,2026-03-13T18:44:54.0710000-04:00,2026-03-13T22:44:54.0710000Z,FlyBall,v3,10044917,,,"Brook, Tyler",1000078727,Right,UNI_PIK,15099432-d651-4057-8579-7f3fb00083fc,55.43522,-105.86365,10.54604,6.11177,4.33903,-19.64112,-1.44199,1.88166,1.38786,194.258807,1.66766,75.12102,-11.8866,2.7264,-0.35647,0.01252,0.00228,-2E-05,-3E-05,2.91319,76.03857,-19.93072,1.31101,0.02942,-0.13696,0.0473,-0.00701,0.00039,-0.02062,-13.18158,4.12781,-0.84957,0.10576,-0.00597,0.00139,-0.00046,4E-05,,,,,,,,,,,,,,,,,,,,,,,High,High,High,High,Medium,,,,,,,,,,,,,,,,,,,,,,,,,,,,,,,,,,,,,
88,2026-03-13,18:45:31.72,3,1,"VanDyke, Teague",10965218,Right,UNI_PIK,"Gil-Fernandez, Allan",1000299752,Right,TEN_WES,Undefined,3,Bottom,1,0,0,ChangeUp,Curveball,BallCalled,Undefined,Undefined,Undefined,0,0,,72.95314,0.204997,0.361293,2826.618059,311.192225,4:15,6.16771,1.48327,5.61866,-57.62098,-3.69158,6.45548,1.55729,2.35842,66.33047,-10.336043,1.517634,0.528548,,,,,,,,,,,,-3.1311,-1.29906,-1.51825,50,6.14874,-0.90362,-105.79425,-1.41052,-3.48014,21.2966,-33.61791,TEN_WES,UNI_PIK,JackBowlingField,NAIA,NAIA,20260313-JackBowlingField-1,57925300-1f2e-11f1-9965-8dd811638774,71.31322,,,6.62267,,,,,,,295b43c0-2fb4-429e-a1d1-ef411f70d0c1,2026-03-13,22:45:31.72,2026-03-13T18:45:31.7260000-04:00,2026-03-13T22:45:31.7260000Z,,v3,10044917,,,"Brook, Tyler",1000078727,Right,UNI_PIK,3dac0db8-1692-45f0-828a-5e271d760cec,54.88018,-106.77212,10.6483,6.17806,0.13311,-16.80896,-1.48042,-0.74383,-1.74007,,,,,,,,,,,,,,,,,,,,,,,,,,,,,,,,,,,,,,,,,,,,,,,,,,,High,High,High,,,,,,,,,,,,,,,,,,,,,,,,,,,,,,,,,,,,,,,
89,2026-03-13,18:45:56.65,3,2,"VanDyke, Teague",10965218,Right,UNI_PIK,"Gil-Fernandez, Allan",1000299752,Right,TEN_WES,Undefined,3,Bottom,1,1,0,Fastball,Four-Seam,BallCalled,Undefined,Undefined,Undefined,0,0,,86.24425,-1.146672,-2.186641,1893.453026,188.955287,12:15,6.39783,1.28129,5.56914,-21.41072,16.84292,2.45225,3.54153,-0.55798,78.45209,-5.16968,-1.749624,0.445151,,,,,,,,,,,,-1.87165,9.22268,-1.09432,50,6.2851,4.66789,-125.03262,-3.17679,-2.94844,26.35507,-17.64538,TEN_WES,UNI_PIK,JackBowlingField,NAIA,NAIA,20260313-JackBowlingField-1,66681590-1f2e-11f1-9965-8dd811638774,84.67329,,,7.79217,,,,,,,295b43c0-2fb4-429e-a1d1-ef411f70d0c1,2026-03-13,22:45:56.65,2026-03-13T18:45:56.6500000-04:00,2026-03-13T22:45:56.6500000Z,,v3,10044917,,,"Brook, Tyler",1000078727,Right,UNI_PIK,736409b7-f963-493e-b9b3-75ffd660ca40,54.928,-126.06709,13.17754,6.3962,-2.48418,-8.82269,-1.27982,4.78362,-1.47422,,,,,,,,,,,,,,,,,,,,,,,,,,,,,,,,,,,,,,,,,,,,,,,,,,,High,High,High,,,,,,,,,,,,,,,,,,,,,,,,,,,,,,,,,,,,,,,
90,2026-03-13,18:46:10.62,3,3,"VanDyke, Teague",10965218,Right,UNI_PIK,"Gil-Fernandez, Allan",1000299752,Right,TEN_WES,Undefined,3,Bottom,1,2,0,Curveball,Curveball,StrikeCalled,Undefined,Undefined,Undefined,0,0,,71.18921,2.359952,-1.698595,1798.780712,29.725683,7:00,6.11967,1.38934,5.2284,-66.1935,-9.48914,-6.43059,2.82434,-0.74383,65.53279,-9.610011,-2.83937,0.541975,,,,,,,,,,,,2.70945,-4.81492,-1.22783,50,6.28784,3.29999,-103.26391,2.11353,2.91671,17.68449,-37.3573,TEN_WES,UNI_PIK,JackBowlingField,NAIA,NAIA,20260313-JackBowlingField-1,6ec3abf0-1f2e-11f1-9965-8dd811638774,69.54639,,,5.65641,,,,,,,295b43c0-2fb4-429e-a1d1-ef411f70d0c1,2026-03-13,22:46:10.62,2026-03-13T18:46:10.6220000-04:00,2026-03-13T22:46:10.6220000Z,,v3,10044917,,,"Brook, Tyler",1000078727,Right,UNI_PIK,ce5f8a28-aca9-4695-919e-e32be48e99c1,55.27477,-104.16333,8.84225,6.13204,4.01348,-18.67865,-1.3919,3.15165,1.45836,,,,,,,,,,,,,,,,,,,,,,,,,,,,,,,,,,,,,,,,,,,,,,,,,,,High,High,High,,,,,,,,,,,,,,,,,,,,,,,,,,,,,,,,,,,,,,,
91,2026-03-13,18:46:40.16,3,4,"VanDyke, Teague",10965218,Right,UNI_PIK,"Gil-Fernandez, Allan",1000299752,Right,TEN_WES,Undefined,3,Bottom,1,2,1,Fastball,Four-Seam,FoulBallNotFieldable,Undefined,Undefined,Undefined,0,0,,87.04244,-1.661341,-2.837821,1843.442161,192.996557,12:30,6.39977,1.29901,5.56617,-21.41178,16.45194,3.48477,3.06111,-1.06383,78.69442,-5.691108,-2.217278,0.442877,,,,,,,,,,,,-2.65268,9.23225,-1.0564,50,6.24258,6.09631,-126.026,-4.33755,-4.21367,28.55691,-17.50898,TEN_WES,UNI_PIK,JackBowlingField,NAIA,NAIA,20260313-JackBowlingField-1,8052e930-1f2e-11f1-9965-8dd811638774,85.10816,,,8.34802,,,,,,,295b43c0-2fb4-429e-a1d1-ef411f70d0c1,2026-03-13,22:46:40.16,2026-03-13T18:46:40.1680000-04:00,2026-03-13T22:46:40.1680000Z,,v3,10044917,,,"Brook, Tyler",1000078727,Right,UNI_PIK,67545b30-e12f-4cfb-97f7-5e96c7617b5c,54.93132,-127.1385,14.27846,6.39827,-3.65544,-8.75449,-1.29709,6.26047,-2.10683,,,,,,,,,,,,,,,,,,,,,,,,,,,,,,,,,,,,,,,,,,,,,,,,,,,High,High,High,,,,,,,,,,,,,,,,,,,,,,,,,,,,,,,,,,,,,,,
92,2026-03-13,18:47:17.94,3,5,"VanDyke, Teague",10965218,Right,UNI_PIK,"Gil-Fernandez, Allan",1000299752,Right,TEN_WES,Undefined,3,Bottom,1,2,2,Curveball,Curveball,FoulBallNotFieldable,Undefined,Undefined,Undefined,0,0,,74.10772,0.611179,-1.926875,1940.725653,6.031494,6:15,6.19013,1.44786,5.11463,-67.36618,-14.54501,-1.72039,1.15241,-0.51145,68.17011,-11.494346,-2.23231,0.523089,,,,,,,,,,,,0.26815,-7.0491,-1.26498,50,6.19436,3.68194,-107.51157,-1.14259,0.31053,20.49575,-40.3366,TEN_WES,UNI_PIK,JackBowlingField,NAIA,NAIA,20260313-JackBowlingField-1,96e1c090-1f2e-11f1-9965-8dd811638774,72.05745,,,5.93761,,,,,,,295b43c0-2fb4-429e-a1d1-ef411f70d0c1,2026-03-13,22:47:17.94,2026-03-13T18:47:17.9480000-04:00,2026-03-13T22:47:17.9480000Z,,v3,10044917,,,"Brook, Tyler",1000078727,Right,UNI_PIK,3b969bba-a0b9-4ed9-a4db-bdcba13d69a9,55.39,-108.53424,10.24788,6.20116,0.87008,-20.1683,-1.44831,3.66645,0.15526,,,,,,,,,,,,,,,,,,,,,,,,,,,,,,,,,,,,,,,,,,,,,,,,,,,High,High,High,,,,,,,,,,,,,,,,,,,,,,,,,,,,,,,,,,,,,,,
93,2026-03-13,18:47:42.90,3,6,"VanDyke, Teague",10965218,Right,UNI_PIK,"Gil-Fernandez, Allan",1000299752,Right,TEN_WES,Undefined,3,Bottom,1,2,2,Curveball,Curveball,BallCalled,Undefined,Undefined,Undefined,0,0,,72.33057,4.035968,-1.559082,3022.958621,311.336966,4:30,6.07037,1.22959,5.74114,-57.10397,-1.93976,4.59614,5.07737,0.16052,64.66421,-6.529944,-0.737898,0.534565,,,,,,,,,,,,-2.83921,-1.64579,-1.10256,50,6.37294,2.67455,-104.53126,5.65217,-3.06853,21.43253,-33.95278,TEN_WES,UNI_PIK,JackBowlingField,NAIA,NAIA,20260313-JackBowlingField-1,a5cabd00-1f2e-11f1-9965-8dd811638774,70.51055,,,7.66635,,,,,,,295b43c0-2fb4-429e-a1d1-ef411f70d0c1,2026-03-13,22:47:42.90,2026-03-13T18:47:42.9060000-04:00,2026-03-13T22:47:42.9060000Z,,v3,10044917,,,"Brook, Tyler",1000078727,Right,UNI_PIK,28ab74f5-09d7-4979-ad53-1754694f5890,54.75493,-105.50168,10.71626,6.08221,7.18948,-16.97639,-1.2268,2.81348,-1.53427,,,,,,,,,,,,,,,,,,,,,,,,,,,,,,,,,,,,,,,,,,,,,,,,,,,High,High,High,,,,,,,,,,,,,,,,,,,,,,,,,,,,,,,,,,,,,,,
94,2026-03-13,18:48:03.06,3,7,"VanDyke, Teague",10965218,Right,UNI_PIK,"Gil-Fernandez, Allan",1000299752,Right,TEN_WES,Undefined,3,Bottom,1,3,2,Curveball,Curveball,BallinDirt,Walk,Undefined,Undefined,0,0,,71.30783,-0.599634,-2.572832,1809.947175,23.648644,6:45,6.08159,1.46145,5.17551,-65.42507,-8.49926,-4.5352,0.06465,-1.33917,65.92614,-12.339841,-3.378636,0.543033,,,,,,,,,,,,1.49528,-3.5939,-1.2182,50,5.97541,4.80918,-103.39366,-3.18323,1.6036,18.7315,-36.02837,TEN_WES,UNI_PIK,JackBowlingField,NAIA,NAIA,20260313-JackBowlingField-1,b1cf5e30-1f2e-11f1-9965-8dd811638774,69.41099,,,5.38169,,,,,,,295b43c0-2fb4-429e-a1d1-ef411f70d0c1,2026-03-13,22:48:03.06,2026-03-13T18:48:03.0600000-04:00,2026-03-13T22:48:03.0600000Z,,v3,10044917,,,"Brook, Tyler",1000078727,Right,UNI_PIK,e45a5ed9-b49f-460b-a898-133dd02c30a9,55.32774,-104.35441,9.36575,6.09129,-1.33532,-18.01418,-1.46275,4.72693,0.8018,,,,,,,,,,,,,,,,,,,,,,,,,,,,,,,,,,,,,,,,,,,,,,,,,,,High,High,High,,,,,,,,,,,,,,,,,,,,,,,,,,,,,,,,,,,,,,,
95,2026-03-13,18:48:36.68,4,1,"VanDyke, Teague",10965218,Right,UNI_PIK,"Shelly, Joshua",1000333363,Right,TEN_WES,Undefined,3,Bottom,1,0,0,ChangeUp,Slider,BallCalled,Undefined,Undefined,Undefined,0,0,,71.9057,0.247611,-2.905374,913.632,93.438697,9:00,6.27145,1.52231,5.69618,-52.65834,2.22165,-6.9615,2.11431,-1.76772,66.01219,-9.389868,-4.149079,0.533186,,,,,,,,,,,,2.65685,1.63272,-1.27376,50,6.25974,5.53621,-104.25578,-1.10823,2.90261,18.73579,-30.39032,TEN_WES,UNI_PIK,JackBowlingField,NAIA,NAIA,20260313-JackBowlingField-1,c5d7b1c0-1f2e-11f1-9965-8dd811638774,70.69291,,,5.89351,,,,,,,295b43c0-2fb4-429e-a1d1-ef411f70d0c1,2026-03-13,22:48:36.68,2026-03-13T18:48:36.6860000-04:00,2026-03-13T22:48:36.6860000Z,,v3,10044917,,,"Brook, Tyler",1000078727,Right,UNI_PIK,4e5f58b8-d691-41da-b6a4-28b82b536bee,54.80307,-105.1154,9.36789,6.27861,0.2861,-15.19516,-1.52471,5.40303,1.45131,,,,,,,,,,,,,,,,,,,,,,,,,,,,,,,,,,,,,,,,,,,,,,,,,,,High,High,High,,,,,,,,,,,,,,,,,,,,,,,,,,,,,,,,,,,,,,,
96,2026-03-13,18:48:56.07,4,2,"VanDyke, Teague",10965218,Right,UNI_PIK,"Shelly, Joshua",1000333363,Right,TEN_WES,Undefined,3,Bottom,1,1,0,Curveball,Curveball,InPlay,Undefined,FlyBall,HomeRun,0,3,,72.02548,2.178202,-1.094052,1846.587408,40.645971,7:15,6.09092,1.71209,5.2459,-61.98862,-6.06449,-6.87626,2.97359,0.11078,65.52111,-9.093701,-2.314521,0.538234,97.63161,33.261783,-20.190263,2973.888724,103.65958,68.44627,-36.80518,378.50274,369.94865,-18.53709,5.398942,3.10543,-3.24067,-1.60618,50,6.2447,2.24564,-104.38067,1.9861,3.37665,19.93697,-35.69774,TEN_WES,UNI_PIK,JackBowlingField,NAIA,NAIA,20260313-JackBowlingField-1,d1632b50-1f2e-11f1-9965-8dd811638774,70.02984,99.76244,,6.50437,,,,1.9532,3.16711,-0.15083,295b43c0-2fb4-429e-a1d1-ef411f70d0c1,2026-03-13,22:48:56.07,2026-03-13T18:48:56.0770000-04:00,2026-03-13T22:48:56.0770000Z,FlyBall,v3,10044917,,,"Brook, Tyler",1000078727,Right,UNI_PIK,5bffb0af-1bde-4cdb-97a7-d00ed10d20fc,55.25578,-105.37975,9.96848,6.10035,3.77499,-17.84887,-1.71447,2.07643,1.68832,183.287192,1.9567,112.31175,-21.60002,5.08761,-0.95105,0.15771,-0.0237,0.00256,-0.00012,3.16745,78.52017,-17.64315,0.58881,0.25643,-0.1721,0.04552,-0.00566,0.00027,-0.15219,-41.30001,8.72121,-2.03386,0.38531,-0.066,0.01031,-0.00113,6E-05,,,,,,,,,,,,,,,,,,,,,,,High,High,High,High,Medium,,,,,,,,,,,,,,,,,,,,,,,,,,,,,,,,,,,,,
97,2026-03-13,18:49:39.83,5,1,"VanDyke, Teague",10965218,Right,UNI_PIK,"Reynolds, Kolton",10290027,Right,TEN_WES,Undefined,3,Bottom,1,0,0,Fastball,Slider,BallCalled,Undefined,Undefined,Undefined,0,0,,85.76738,-0.216108,-1.327068,1824.00874,183.419407,12:00,6.46389,1.67042,5.56261,-27.61383,10.90229,0.57756,3.96079,0.47851,78.30836,-5.340155,-1.224052,0.446676,,,,,,,,,,,,-0.66339,5.95744,-1.55623,50,6.42729,2.85818,-124.46155,-1.40723,-1.03918,25.29466,-22.84187,TEN_WES,UNI_PIK,JackBowlingField,NAIA,NAIA,20260313-JackBowlingField-1,eb73fd80-1f2e-11f1-9965-8dd811638774,84.3843,,,7.45902,,,,,,,295b43c0-2fb4-429e-a1d1-ef411f70d0c1,2026-03-13,22:49:39.83,2026-03-13T18:49:39.8390000-04:00,2026-03-13T22:49:39.8390000Z,,v3,10044917,,,"Brook, Tyler",1000078727,Right,UNI_PIK,83e3e6c3-86e3-439f-8f2e-45b93374142e,54.93453,-125.4604,12.64733,6.46505,-0.50524,-11.42093,-1.66991,2.89922,-0.51959,,,,,,,,,,,,,,,,,,,,,,,,,,,,,,,,,,,,,,,,,,,,,,,,,,,High,High,High,,,,,,,,,,,,,,,,,,,,,,,,,,,,,,,,,,,,,,,
98,2026-03-13,18:49:49.20,5,2,"VanDyke, Teague",10965218,Right,UNI_PIK,"Reynolds, Kolton",10290027,Right,TEN_WES,Undefined,3,Bottom,1,1,0,Fastball,Four-Seam,FoulBallNotFieldable,Undefined,Undefined,Undefined,0,0,,85.10891,-0.327338,-0.972902,1741.978989,184.716742,12:15,6.33277,1.85153,5.56606,-26.47045,12.79875,0.94748,3.82106,1.02152,77.37234,-5.262582,-0.803862,0.451022,,,,,,,,,,,,-0.76811,6.95863,-1.76824,50,6.28738,2.0571,-123.48527,-1.577,-1.17826,26.09591,-21.49988,TEN_WES,UNI_PIK,JackBowlingField,NAIA,NAIA,20260313-JackBowlingField-1,f103a2a0-1f2e-11f1-9965-8dd811638774,83.57123,,,7.73657,,,,,,,295b43c0-2fb4-429e-a1d1-ef411f70d0c1,2026-03-13,22:49:49.20,2026-03-13T18:49:49.2000000-04:00,2026-03-13T22:49:49.2000000Z,,v3,10044917,,,"Brook, Tyler",1000078727,Right,UNI_PIK,d487a949-1a62-4cf2-83fc-cd3d07127ec9,54.9322,-124.52323,13.04795,6.3331,-0.72186,-10.74994,-1.85099,2.10396,-0.58913,,,,,,,,,,,,,,,,,,,,,,,,,,,,,,,,,,,,,,,,,,,,,,,,,,,High,High,High,,,,,,,,,,,,,,,,,,,,,,,,,,,,,,,,,,,,,,,
99,2026-03-13,18:50:13.78,5,3,"VanDyke, Teague",10965218,Right,UNI_PIK,"Reynolds, Kolton",10290027,Right,TEN_WES,Undefined,3,Bottom,1,1,1,Fastball,Changeup,HitByPitch,Undefined,Undefined,Undefined,0,0,,84.91204,-0.482795,-0.46098,1838.414976,212.370507,1:00,6.4029,1.79918,5.56176,-23.76155,15.73635,9.12508,3.97169,2.12891,77.07462,-4.940736,1.166978,0.452333,,,,,,,,,,,,-4.79343,8.5065,-1.76572,50,6.34593,0.61495,-123.22022,-1.79355,-7.30665,26.44085,-19.20761,TEN_WES,UNI_PIK,JackBowlingField,NAIA,NAIA,20260313-JackBowlingField-1,ffa55ce0-1f2e-11f1-9965-8dd811638774,83.32896,,,7.83741,,,,,,,295b43c0-2fb4-429e-a1d1-ef411f70d0c1,2026-03-13,22:50:13.78,2026-03-13T18:50:13.7840000-04:00,2026-03-13T22:50:13.7840000Z,,v3,10044917,,,"Brook, Tyler",1000078727,Right,UNI_PIK,a1bb4b07-8512-492d-9832-b4f546f4fd45,54.93797,-124.2753,13.22042,6.4022,-1.02709,-9.60381,-1.79608,0.90651,-3.65332,,,,,,,,,,,,,,,,,,,,,,,,,,,,,,,,,,,,,,,,,,,,,,,,,,,High,High,High,,,,,,,,,,,,,,,,,,,,,,,,,,,,,,,,,,,,,,,
100,2026-03-13,18:51:30.67,6,1,"VanDyke, Teague",10965218,Right,UNI_PIK,"Espinoza, Brayan",1000072839,Right,TEN_WES,Undefined,3,Bottom,1,0,0,Fastball,Changeup,StrikeCalled,Undefined,Undefined,Undefined,0,0,,84.71185,-1.424147,-3.570358,1622.059384,215.694705,1:15,6.43935,1.55101,5.64029,-28.47155,11.17804,7.07107,2.73528,-1.19483,77.18273,-6.704348,-2.310017,0.453201,,,,,,,,,,,,-4.60307,6.49433,-1.25175,50,6.30018,7.35452,-122.66851,-3.99687,-6.97829,25.4125,-22.3286,TEN_WES,UNI_PIK,JackBowlingField,NAIA,NAIA,20260313-JackBowlingField-1,2dd58d10-1f2f-11f1-9965-8dd811638774,83.16937,,,7.52912,,,,,,,295b43c0-2fb4-429e-a1d1-ef411f70d0c1,2026-03-13,22:51:30.67,2026-03-13T18:51:30.6790000-04:00,2026-03-13T22:51:30.6790000Z,,v3,10044917,,,"Brook, Tyler",1000078727,Right,UNI_PIK,94fd0e33-5df0-41bd-b148-2ff7e297ef71,54.857,-123.67061,12.70625,6.44043,-3.11637,-11.1643,-1.54719,7.6297,-3.48915,,,,,,,,,,,,,,,,,,,,,,,,,,,,,,,,,,,,,,,,,,,,,,,,,,,High,High,High,,,,,,,,,,,,,,,,,,,,,,,,,,,,,,,,,,,,,,,
101,2026-03-13,18:51:43.74,6,2,"VanDyke, Teague",10965218,Right,UNI_PIK,"Espinoza, Brayan",1000072839,Right,TEN_WES,Undefined,3,Bottom,1,0,1,Curveball,Curveball,InPlay,Undefined,FlyBall,Out,1,0,,71.735,2.303717,-0.627581,1915.358298,46.690325,7:30,6.15841,1.372,5.16288,-64.56732,-8.78823,-11.12138,2.94742,-0.14551,66.18148,-9.359046,-2.599331,0.537535,85.81165,47.709544,10.972143,3801.219655,104.83338,101.28891,33.31592,303.83298,292.05052,23.690309,5.480008,5.40339,-4.60158,-1.3044,50,6.32324,1.54608,-104.13432,2.09359,5.93063,17.55854,-37.22466,TEN_WES,UNI_PIK,JackBowlingField,NAIA,NAIA,20260313-JackBowlingField-1,3554a620-1f2f-11f1-9965-8dd811638774,70.12084,115.86057,,5.55352,,,,1.10266,3.07192,0.19392,295b43c0-2fb4-429e-a1d1-ef411f70d0c1,2026-03-13,22:51:43.74,2026-03-13T18:51:43.7440000-04:00,2026-03-13T22:51:43.7440000Z,FlyBall,v3,10044917,,,"Brook, Tyler",1000078727,Right,UNI_PIK,2da05892-9175-4cc3-9c74-63a954b57967,55.34162,-105.03113,8.77927,6.16775,3.99486,-18.61233,-1.37563,1.24317,2.96532,209.447969,1.10797,83.02649,-17.8358,4.56318,-0.54909,-0.06119,0.03349,-0.00453,0.00021,3.06912,93.14173,-22.56407,1.61807,0.01572,-0.13035,0.0467,-0.00723,0.00041,0.19259,16.14817,4.24142,-1.43657,0.28114,-0.0198,-0.00368,0.00086,-5E-05,,,,,,,,,,,,,,,,,,,,,,,High,High,High,High,Medium,,,,,,,,,,,,,,,,,,,,,,,,,,,,,,,,,,,,,
102,2026-03-13,18:52:18.05,7,1,"VanDyke, Teague",10965218,Right,UNI_PIK,"McGill, Cody",1000087887,Left,TEN_WES,Undefined,3,Bottom,2,0,0,Fastball,Changeup,FoulBallNotFieldable,Undefined,Undefined,Undefined,0,0,,85.69745,-1.603377,-1.156242,1660.53175,202.388602,12:45,6.41556,1.41374,5.53355,-24.22277,14.36694,5.40819,2.89753,0.78346,78.42121,-6.108942,-0.191683,0.447103,72.20045,34.425387,-150.868292,3408.351351,,,,,21.77114,,,-3.08213,8.08871,-1.31714,50,6.26037,2.2862,-124.38067,-4.2798,-4.82298,25.20556,-19.5167,TEN_WES,UNI_PIK,JackBowlingField,NAIA,NAIA,20260313-JackBowlingField-1,49c24b30-1f2f-11f1-9965-8dd811638774,84.30376,16.67799,,7.27624,,,,1.4768,2.87939,-0.77771,295b43c0-2fb4-429e-a1d1-ef411f70d0c1,2026-03-13,22:52:18.05,2026-03-13T18:52:18.0590000-04:00,2026-03-13T22:52:18.0590000Z,,v3,10044917,,,"Brook, Tyler",1000078727,Right,UNI_PIK,fdd9b6b8-de85-4653-9ce2-bc9445dbec2d,54.96693,-125.38317,12.60278,6.41515,-3.50356,-9.75835,-1.41189,2.47803,-2.41149,,1.47744,-76.33172,6.26136,,,,,,,2.88561,59.55681,-31.45016,,,,,,,-0.78212,-42.30437,13.90779,,,,,,,,,,,,,,,,,,,,,,,,,,,,,High,High,High,High,Undefined,,,,,,,,,,,,,,,,,,,,,,,,,,,,,,,,,,,,,
103,2026-03-13,18:52:34.12,7,2,"VanDyke, Teague",10965218,Right,UNI_PIK,"McGill, Cody",1000087887,Left,TEN_WES,Undefined,3,Bottom,2,0,1,Curveball,Curveball,FoulBallNotFieldable,Undefined,Undefined,Undefined,0,0,,76.03081,0.954652,-1.397899,2019.844153,297.476071,4:00,6.2318,1.45969,5.78588,-48.64597,0.84394,1.93012,3.06648,0.31973,68.53878,-8.040572,-1.05187,0.506325,62.38337,18.967673,-173.306044,2446.458391,,,,103.19587,34.18597,-175.578073,1.350738,-1.45819,0.6511,-1.34563,50,6.28166,2.6171,-110.19359,0.33347,-1.75437,23.50874,-31.39068,TEN_WES,UNI_PIK,JackBowlingField,NAIA,NAIA,20260313-JackBowlingField-1,535995e0-1f2f-11f1-9965-8dd811638774,74.44312,11.91122,,7.49203,,,,2.90668,3.17643,-0.33344,295b43c0-2fb4-429e-a1d1-ef411f70d0c1,2026-03-13,22:52:34.12,2026-03-13T18:52:34.1230000-04:00,2026-03-13T22:52:34.1230000Z,LineDrive,v3,10044917,,,"Brook, Tyler",1000078727,Right,UNI_PIK,657efdc8-ad18-45b4-9dcb-7a55f8f866e9,54.71185,-111.19427,11.75437,6.23903,1.66966,-15.69534,-1.45862,2.69178,-0.87719,21.05044,2.98634,-86.73771,6.14329,,,,,,,3.38855,27.57218,-22.37406,,,,,,,-0.3856,-9.54671,2.94285,,,,,,,,,,,,,,,,,,,,,,,,,,,,,High,High,High,High,Low,,,,,,,,,,,,,,,,,,,,,,,,,,,,,,,,,,,,,
104,2026-03-13,18:52:53.13,7,3,"VanDyke, Teague",10965218,Right,UNI_PIK,"McGill, Cody",1000087887,Left,TEN_WES,Undefined,3,Bottom,2,0,2,ChangeUp,Changeup,FoulBallNotFieldable,Undefined,Undefined,Undefined,0,0,,74.39976,0.0731,-2.52762,3100.231391,257.148622,2:30,6.19377,1.92396,5.69721,-48.41605,3.25351,6.06721,2.22729,0.07253,67.49884,-8.844494,-1.44218,0.517355,66.48442,65.849384,-71.917217,4685.758954,,,,,39.909,,,-3.9191,2.14847,-1.71549,50,6.16987,4.53994,-107.81473,-1.32711,-4.53577,21.67243,-29.68755,TEN_WES,UNI_PIK,JackBowlingField,NAIA,NAIA,20260313-JackBowlingField-1,5eae4800-1f2f-11f1-9965-8dd811638774,72.85604,74.63047,,6.90092,,,,1.53403,2.47986,-0.01326,295b43c0-2fb4-429e-a1d1-ef411f70d0c1,2026-03-13,22:52:53.13,2026-03-13T18:52:53.1320000-04:00,2026-03-13T22:52:53.1320000Z,,v3,10044917,,,"Brook, Tyler",1000078727,Right,UNI_PIK,3fb1297d-6ca5-4f3f-9132-590ad95773f9,54.80172,-108.77567,10.83621,6.19953,-0.01078,-14.84377,-1.92124,4.74105,-2.26788,157.297933,1.53403,12.38306,-5.20708,1.49585,-0.33257,0.07067,-0.01523,0.00269,-0.00031,2.47986,88.97554,-23.63279,2.45319,-0.49338,0.08649,-0.01659,0.00268,-0.00023,-0.01326,-37.9246,3.451,-0.70378,0.11551,-0.02104,0.00415,-0.00065,9E-05,,,,,,,,,,,,,,,,,,,,,,,High,High,High,Medium,Undefined,,,,,,,,,,,,,,,,,,,,,,,,,,,,,,,,,,,,,
105,2026-03-13,18:53:14.85,7,4,"VanDyke, Teague",10965218,Right,UNI_PIK,"McGill, Cody",1000087887,Left,TEN_WES,Undefined,3,Bottom,2,0,2,Fastball,Slider,BallCalled,Undefined,Undefined,Undefined,0,0,,85.48078,0.094131,-0.776377,1693.34125,177.080177,12:00,6.35728,1.75401,5.58277,-25.04328,13.67627,-0.63445,4.35826,0.97604,77.99366,-4.57992,-0.889581,0.447854,,,,,,,,,,,,0.10083,7.26504,-1.68685,50,6.34921,1.70853,-124.08378,-0.61494,0.15697,25.13358,-20.86214,TEN_WES,UNI_PIK,JackBowlingField,NAIA,NAIA,20260313-JackBowlingField-1,6b93ac40-1f2f-11f1-9965-8dd811638774,84.16232,,,7.48713,,,,,,,295b43c0-2fb4-429e-a1d1-ef411f70d0c1,2026-03-13,22:53:14.85,2026-03-13T18:53:14.8550000-04:00,2026-03-13T22:53:14.8550000Z,,v3,10044917,,,"Brook, Tyler",1000078727,Right,UNI_PIK,2f04dcd0-8f8d-4e2e-9b9a-46c0e87d329f,54.91512,-125.07539,12.56679,6.35724,0.20814,-10.43107,-1.75414,1.70234,0.07848,,,,,,,,,,,,,,,,,,,,,,,,,,,,,,,,,,,,,,,,,,,,,,,,,,,High,High,High,,,,,,,,,,,,,,,,,,,,,,,,,,,,,,,,,,,,,,,
106,2026-03-13,18:53:29.48,7,5,"VanDyke, Teague",10965218,Right,UNI_PIK,"McGill, Cody",1000087887,Left,TEN_WES,Undefined,3,Bottom,2,1,2,Curveball,Changeup,BallCalled,Undefined,Undefined,Undefined,0,0,,73.74306,1.947039,-0.724096,1819.978569,298.929339,4:00,6.22254,1.59362,5.70114,-55.54133,-2.56831,8.3154,3.40927,1.61179,66.25513,-8.300854,0.764605,0.52384,,,,,,,,,,,,-4.42221,-1.28165,-1.53789,50,6.3524,1.03673,-106.80192,1.90469,-4.98256,22.5992,-33.61809,TEN_WES,UNI_PIK,JackBowlingField,NAIA,NAIA,20260313-JackBowlingField-1,7460c920-1f2f-11f1-9965-8dd811638774,71.95409,,,7.48793,,,,,,,295b43c0-2fb4-429e-a1d1-ef411f70d0c1,2026-03-13,22:53:29.48,2026-03-13T18:53:29.4850000-04:00,2026-03-13T22:53:29.4850000Z,,v3,10044917,,,"Brook, Tyler",1000078727,Right,UNI_PIK,926d10bd-fb1c-48d9-8191-f1b81b5ba13f,54.79552,-107.81187,11.2996,6.23371,3.40707,-16.80905,-1.5892,1.2594,-2.49128,,,,,,,,,,,,,,,,,,,,,,,,,,,,,76.42104,,0.735232,,-1.76068,2.9266,-1.65667,-0.89709,5.65908,-0.15576,,,,-0.83221,110.83233,-8.28452,5.67907,8.47003,-12.53843,-0.19143,-4.34795,3.41115,High,High,High,,,High,High,High,,,,,,,,,,,,,,,,,,,,,,,,,,,,,,,,,,
107,2026-03-13,18:54:00.77,7,6,"VanDyke, Teague",10965218,Right,UNI_PIK,"McGill, Cody",1000087887,Left,TEN_WES,Undefined,3,Bottom,2,2,2,Curveball,Curveball,BallCalled,Undefined,Undefined,Undefined,0,0,,73.6687,-0.051447,-1.770754,1916.216974,49.307479,7:45,6.28323,1.47001,5.45889,-55.24271,-3.29248,-5.55142,1.63149,-0.65067,68.60744,-10.048632,-2.761015,0.518758,,,,,,,,,,,,2.34677,-1.19335,-1.31,50,6.24055,3.51057,-107.05502,-1.8573,2.74146,17.3382,-33.56809,TEN_WES,UNI_PIK,JackBowlingField,NAIA,NAIA,20260313-JackBowlingField-1,8704aab0-1f2f-11f1-9965-8dd811638774,72.65896,,,5.06126,,,,,,,295b43c0-2fb4-429e-a1d1-ef411f70d0c1,2026-03-13,22:54:00.77,2026-03-13T18:54:00.7720000-04:00,2026-03-13T22:54:00.7720000Z,,v3,10044917,,,"Brook, Tyler",1000078727,Right,UNI_PIK,25967bd5-4148-498e-9a57-01296bbc9c0f,55.044,-107.86883,8.6691,6.29075,-0.28169,-16.78405,-1.47176,3.38189,1.37073,,,,,,,,,,,,,,,,,,,,,,,,,,,,,,,,,,,,,,,,,,,,,,,,,,,High,High,High,,,,,,,,,,,,,,,,,,,,,,,,,,,,,,,,,,,,,,,
108,2026-03-13,18:54:19.23,7,7,"VanDyke, Teague",10965218,Right,UNI_PIK,"McGill, Cody",1000087887,Left,TEN_WES,Undefined,3,Bottom,2,3,2,ChangeUp,Splitter,StrikeSwinging,Strikeout,Undefined,Undefined,0,0,,75.26878,-1.206263,-1.238532,924.624266,267.096955,3:00,6.22462,1.60555,5.71071,-47.96357,2.19091,9.07682,1.10339,1.20787,68.85364,-9.994528,0.389775,0.509714,,,,,,,,,,,,-5.0226,1.97744,-1.50762,50,6.09388,2.03246,-109.20282,-3.77316,-5.99373,21.34208,-29.81425,TEN_WES,UNI_PIK,JackBowlingField,NAIA,NAIA,20260313-JackBowlingField-1,91fb3740-1f2f-11f1-9965-8dd811638774,73.94827,,,6.41514,,,,,,,295b43c0-2fb4-429e-a1d1-ef411f70d0c1,2026-03-13,22:54:19.23,2026-03-13T18:54:19.2350000-04:00,2026-03-13T22:54:19.2350000Z,,v3,10044917,,,"Brook, Tyler",1000078727,Right,UNI_PIK,f52679e4-25da-4818-b86d-206f44d0e21d,54.78938,-110.13486,10.67104,6.23023,-2.47113,-14.90712,-1.6021,2.29421,-2.99686,,,,,,,,,,,,,,,,,,,,,,,,,,,,,,,,,,,,,,,,,,,,,,,,,,,High,High,High,,,,,,,,,,,,,,,,,,,,,,,,,,,,,,,,,,,,,,,
109,2026-03-13,18:56:17.99,1,1,"Jackson, Justin",1000236858,Left,TEN_WES,"Gledhill, Garren",10316648,Left,UNI_PIK,Undefined,4,Top,0,0,0,Fastball,Changeup,StrikeCalled,Undefined,Undefined,Undefined,0,0,,85.58468,-1.228982,3.872881,2178.535789,115.505635,9:45,5.90054,-1.45325,6.33961,-27.67068,9.9352,-18.29718,2.46038,0.59315,78.32287,-6.419832,0.567409,0.441366,,,,,,,,,,,,10.56323,5.88929,1.17904,50,5.79788,-7.69912,-124.16222,-3.49391,16.48563,24.91817,-22.98288,TEN_WES,UNI_PIK,JackBowlingField,NAIA,NAIA,20260313-JackBowlingField-1,d8c66280-1f2f-11f1-9965-8dd811638774,85.39943,,,7.26181,,,,,,,295b43c0-2fb4-429e-a1d1-ef411f70d0c1,2026-03-13,22:56:17.99,2026-03-13T18:56:17.9970000-04:00,2026-03-13T22:56:17.9970000Z,,v3,10044917,,,"Tolson, Jacob",10035532,Right,TEN_WES,742efa89-d44b-4bb2-8422-51c1db9860d5,54.16092,-124.99449,12.45909,5.90176,-2.72628,-11.49144,1.44538,-8.24974,8.24282,,,,,,,,,,,,,,,,,,,,,,,,,,,,,,,,,,,,,,,,,,,,,,,,,,,High,High,High,,,,,,,,,,,,,,,,,,,,,,,,,,,,,,,,,,,,,,,
110,2026-03-13,18:56:31.29,1,2,"Jackson, Justin",1000236858,Left,TEN_WES,"Gledhill, Garren",10316648,Left,UNI_PIK,Undefined,4,Top,0,0,1,Curveball,Slider,InPlay,Undefined,LineDrive,Double,0,0,,78.0635,0.568027,0.73899,2159.554579,285.743088,3:30,5.6174,-1.62005,5.6586,-47.99491,-1.74465,11.2782,2.14761,0.00901,71.80132,-8.210174,2.757091,0.489473,101.78798,17.54697,15.9122,1129.054613,105.01159,26.30524,32.74715,296.26547,296.26547,20.419586,2.676901,-5.54961,-0.65945,1.55008,50,5.63481,-1.88486,-113.41988,-0.43503,-7.21331,21.16574,-33.03121,TEN_WES,UNI_PIK,JackBowlingField,NAIA,NAIA,20260313-JackBowlingField-1,e0b94c00-1f2f-11f1-9965-8dd811638774,77.0062,29.04046,,6.26217,,,,1.2935,2.21064,-0.00831,295b43c0-2fb4-429e-a1d1-ef411f70d0c1,2026-03-13,22:56:31.29,2026-03-13T18:56:31.2960000-04:00,2026-03-13T22:56:31.2960000Z,LineDrive,v3,10044917,,,"Tolson, Jacob",10035532,Right,TEN_WES,24e430f3-71c8-4780-9095-433779ab0277,54.84367,-114.3202,10.58287,5.62343,0.97001,-16.5156,1.62373,-1.57803,-3.60665,257.332031,1.2935,136.88804,-19.26915,3.99571,-0.87404,0.18229,-0.03385,0.00443,-0.00028,2.21065,45.00856,-21.21039,2.4386,-0.55176,0.11848,-0.02089,0.00278,-0.00019,-0.00831,39.02516,-0.23477,0.04924,-0.00882,0.00119,-0.00024,2E-05,0,,,,,,,,,,,,,,,,,,,,,,,High,High,High,High,High,,,,,,,,,,,,,,,,,,,,,,,,,,,,,,,,,,,,,
111,2026-03-13,18:57:14.83,2,1,"Jackson, Justin",1000236858,Left,TEN_WES,"Melton, Mason",1000110063,Right,UNI_PIK,Undefined,4,Top,0,0,0,Fastball,Changeup,InPlay,Undefined,Bunt,Single,0,0,,85.67932,-0.557136,3.862834,2081.974636,113.252717,9:45,5.51911,-1.93399,6.29137,-28.91057,9.00115,-17.88883,2.59529,0.14041,77.68086,-5.99311,0.634671,0.443157,,,,,,,,,,,,10.52843,5.22237,1.65781,50,5.46408,-7.70442,-124.22743,-2.07956,16.28459,27.26076,-24.09651,TEN_WES,UNI_PIK,JackBowlingField,NAIA,NAIA,20260313-JackBowlingField-1,fa9a5ba0-1f2f-11f1-9965-8dd811638774,85.05429,,,7.99846,,,,,,,295b43c0-2fb4-429e-a1d1-ef411f70d0c1,2026-03-13,22:57:14.83,2026-03-13T18:57:14.8380000-04:00,2026-03-13T22:57:14.8380000Z,,v3,10044917,,,"Tolson, Jacob",10035532,Right,TEN_WES,9a371c3d-7bd4-485c-a2cf-0153c69e6bf4,54.20938,-125.14773,13.63038,5.52055,-1.26608,-12.04825,1.92719,-8.25417,8.1423,,,,,,,,,,,,,,,,,,,,,,,,,,,,,,,,,,,,,,,,,,,,,,,,,,,High,High,High,,,,,,,,,,,,,,,,,,,,,,,,,,,,,,,,,,,,,,,
112,2026-03-13,18:58:09.49,3,1,"Jackson, Justin",1000236858,Left,TEN_WES,"Gagnon, Joe",1000400387,Right,UNI_PIK,Undefined,4,Top,0,0,0,Fastball,Changeup,BallCalled,Undefined,Undefined,Undefined,0,0,,85.5047,-0.086182,4.293522,2108.870236,129.519901,10:15,5.72949,-1.77121,6.50133,-23.63289,13.79076,-15.28532,3.68075,0.90329,78.12285,-4.57025,1.528998,0.440296,,,,,,,,,,,,9.12835,7.60048,1.47626,50,5.71293,-8.73062,-124.02803,-0.83169,14.23661,24.51924,-20.32031,TEN_WES,UNI_PIK,JackBowlingField,NAIA,NAIA,20260313-JackBowlingField-1,1b35d4c0-1f30-11f1-9965-8dd811638774,85.60711,,,7.38185,,,,,,,295b43c0-2fb4-429e-a1d1-ef411f70d0c1,2026-03-13,22:58:09.49,2026-03-13T18:58:09.4920000-04:00,2026-03-13T22:58:09.4920000Z,,v3,10044917,,,"Tolson, Jacob",10035532,Right,TEN_WES,7bf32a60-13b6-4c09-9c3d-156f29d38368,53.99824,-124.81595,12.25962,5.72916,-0.1787,-10.16015,1.76416,-9.18811,7.11831,,,,,,,,,,,,,,,,,,,,,,,,,,,,,,,,,,,,,,,,,,,,,,,,,,,High,High,High,,,,,,,,,,,,,,,,,,,,,,,,,,,,,,,,,,,,,,,
113,2026-03-13,18:58:26.24,3,2,"Jackson, Justin",1000236858,Left,TEN_WES,"Gagnon, Joe",1000400387,Right,UNI_PIK,Undefined,4,Top,0,1,0,Fastball,Changeup,StrikeCalled,Undefined,Undefined,Undefined,0,0,,85.9055,-0.474673,4.418478,2124.330265,109.323963,9:45,5.55155,-1.75403,6.37555,-29.08466,8.51973,-20.58619,2.68978,0.60382,77.89372,-5.948078,0.701009,0.441358,,,,,,,,,,,,11.98335,4.98276,1.44328,50,5.50391,-8.80986,-124.4832,-1.90685,18.64033,27.01338,-24.42327,TEN_WES,UNI_PIK,JackBowlingField,NAIA,NAIA,20260313-JackBowlingField-1,252ea060-1f30-11f1-9965-8dd811638774,85.40112,,,8.01178,,,,,,,295b43c0-2fb4-429e-a1d1-ef411f70d0c1,2026-03-13,22:58:26.24,2026-03-13T18:58:26.2470000-04:00,2026-03-13T22:58:26.2470000Z,,v3,10044917,,,"Tolson, Jacob",10035532,Right,TEN_WES,ef32d440-29ba-465d-845c-cc3377b36617,54.12403,-125.37494,13.50669,5.55355,-1.10061,-12.21164,1.74426,-9.4252,9.32017,,,,,,,,,,,,,,,,,,,,,,,,,,,,,,,,,,,,,,,,,,,,,,,,,,,High,High,High,,,,,,,,,,,,,,,,,,,,,,,,,,,,,,,,,,,,,,,
114,2026-03-13,18:59:00.72,3,3,"Jackson, Justin",1000236858,Left,TEN_WES,"Gagnon, Joe",1000400387,Right,UNI_PIK,Undefined,4,Top,0,1,1,Curveball,Curveball,InPlay,Undefined,GroundBall,Out,2,1,,76.7498,1.275784,2.24122,2109.270206,262.29316,2:45,5.62515,-2.00415,5.47425,-45.14203,3.50445,13.97005,3.0583,1.25842,69.96454,-7.003105,4.72446,0.501992,83.8948,5.91159,15.767172,1378.016222,,,,106.36809,106.36809,16.915689,0.926989,-6.39725,1.81335,1.79716,50,5.70657,-4.88317,-111.26988,1.03031,-7.94082,21.81102,-29.92315,TEN_WES,UNI_PIK,JackBowlingField,NAIA,NAIA,20260313-JackBowlingField-1,39c30750-1f30-11f1-9965-8dd811638774,75.08571,5.4669,,6.78526,,,,2.30655,3.2527,-1.22654,295b43c0-2fb4-429e-a1d1-ef411f70d0c1,2026-03-13,22:59:00.72,2026-03-13T18:59:00.7210000-04:00,2026-03-13T22:59:00.7210000Z,GroundBall,v3,10044917,,,"Tolson, Jacob",10035532,Right,TEN_WES,3d8cc590-d1ed-49ff-acd2-c36341a6e103,55.02633,-112.25082,10.90551,5.62997,2.37608,-14.96157,2.00874,-4.52604,-3.97041,281.775407,2.34717,117.19002,-10.76703,,,,,,,3.29278,12.08955,-16.91742,,,,,,,-1.24583,33.54118,1.30387,,,,,,,,,,,,,,,,,,,,,,,,,,,,,High,High,High,High,High,,,,,,,,,,,,,,,,,,,,,,,,,,,,,,,,,,,,,
115,2026-03-13,18:59:33.08,4,1,"Jackson, Justin",1000236858,Left,TEN_WES,"Mould, Easton",1000332440,Right,UNI_PIK,Undefined,4,Top,2,0,0,Fastball,Changeup,BallCalled,Undefined,Undefined,Undefined,0,0,,85.90377,-1.647709,4.579748,2081.898428,120.02331,10:00,5.95542,-1.05953,6.68909,-25.31021,11.52737,-17.92332,2.33402,1.6444,78.71616,-6.434682,1.32528,0.436834,,,,,,,,,,,,10.67886,6.895,0.75978,50,5.83505,-9.32252,-124.57708,-4.2846,16.80507,24.70229,-21.32355,TEN_WES,UNI_PIK,JackBowlingField,NAIA,NAIA,20260313-JackBowlingField-1,4d094360-1f30-11f1-9965-8dd811638774,86.28542,,,7.1876,,,,,,,295b43c0-2fb4-429e-a1d1-ef411f70d0c1,2026-03-13,22:59:33.08,2026-03-13T18:59:33.0890000-04:00,2026-03-13T22:59:33.0890000Z,,v3,10044917,,,"Tolson, Jacob",10035532,Right,TEN_WES,3b8f2e4f-c2a3-4f1c-b17e-89a47bac6b7d,53.8118,-125.33064,12.35115,5.95583,-3.63411,-10.66177,1.05199,-9.83517,8.40253,,,,,,,,,,,,,,,,,,,,,,,,,,,,,,,,,,,,,,,,,,,,,,,,,,,High,High,High,,,,,,,,,,,,,,,,,,,,,,,,,,,,,,,,,,,,,,,
116,2026-03-13,18:59:46.78,4,2,"Jackson, Justin",1000236858,Left,TEN_WES,"Mould, Easton",1000332440,Right,UNI_PIK,Undefined,4,Top,2,1,0,Fastball,Changeup,BallCalled,Undefined,Undefined,Undefined,0,0,,84.81853,0.551389,2.33182,2123.33466,111.023675,9:45,5.67867,-1.54324,6.40424,-29.31446,8.8641,-19.86615,3.74327,-1.05331,77.34034,-4.967029,-1.266829,0.444714,,,,,,,,,,,,10.9543,4.8537,1.38419,50,5.70492,-4.25323,-123.23083,0.32318,16.78808,25.25705,-24.73549,TEN_WES,UNI_PIK,JackBowlingField,NAIA,NAIA,20260313-JackBowlingField-1,553194c0-1f30-11f1-9965-8dd811638774,84.75651,,,7.47819,,,,,,,295b43c0-2fb4-429e-a1d1-ef411f70d0c1,2026-03-13,22:59:46.78,2026-03-13T18:59:46.7830000-04:00,2026-03-13T22:59:46.7830000Z,,v3,10044917,,,"Tolson, Jacob",10035532,Right,TEN_WES,e363ee9b-df83-4a13-b18e-9b96e2a7e001,54.09575,-124.06744,12.62852,5.68065,1.14252,-12.36774,1.53428,-4.80931,8.39404,,,,,,,,,,,,,,,,,,,,,,,,,,,,,,,,,,,,,,,,,,,,,,,,,,,High,High,High,,,,,,,,,,,,,,,,,,,,,,,,,,,,,,,,,,,,,,,
117,2026-03-13,19:00:03.37,4,3,"Jackson, Justin",1000236858,Left,TEN_WES,"Mould, Easton",1000332440,Right,UNI_PIK,Undefined,4,Top,2,2,0,Fastball,Changeup,BallCalled,Undefined,Undefined,Undefined,0,0,,85.30731,-0.881712,1.291933,2090.628565,115.715324,9:45,5.45604,-1.67003,6.16441,-26.58462,11.28879,-21.02938,2.42591,-2.22886,78.34732,-5.857328,-2.504029,0.442934,,,,,,,,,,,,11.18335,6.44548,1.58222,50,5.37556,-1.96985,-124.02312,-2.7157,17.44975,24.39077,-22.11698,TEN_WES,UNI_PIK,JackBowlingField,NAIA,NAIA,20260313-JackBowlingField-1,5f16d860-1f30-11f1-9965-8dd811638774,85.09727,,,6.95999,,,,,,,295b43c0-2fb4-429e-a1d1-ef411f70d0c1,2026-03-13,23:00:03.37,2026-03-13T19:00:03.3710000-04:00,2026-03-13T23:00:03.3710000Z,,v3,10044917,,,"Tolson, Jacob",10035532,Right,TEN_WES,49b92ef5-9a87-459f-b352-ebcd7b10bcd2,54.33657,-124.87306,12.19539,5.45677,-1.945,-11.05849,1.66146,-2.57791,8.72488,,,,,,,,,,,,,,,,,,,,,,,,,,,,,,,,,,,,,,,,,,,,,,,,,,,High,High,High,,,,,,,,,,,,,,,,,,,,,,,,,,,,,,,,,,,,,,,
118,2026-03-13,19:00:17.78,4,4,"Jackson, Justin",1000236858,Left,TEN_WES,"Mould, Easton",1000332440,Right,UNI_PIK,Undefined,4,Top,2,3,0,Fastball,Changeup,StrikeCalled,Undefined,Undefined,Undefined,0,0,,84.51314,-1.08574,3.622061,2031.915588,110.585869,9:45,5.44238,-1.70501,6.27378,-30.1588,8.19772,-18.79851,1.92615,0.07187,77.95771,-6.70398,0.22805,0.44575,,,,,,,,,,,,10.68536,4.89827,1.4457,50,5.34725,-7.05841,-122.73638,-3.24762,16.41953,22.61777,-24.6472,TEN_WES,UNI_PIK,JackBowlingField,NAIA,NAIA,20260313-JackBowlingField-1,67d3c8a0-1f30-11f1-9965-8dd811638774,84.55967,,,6.55543,,,,,,,295b43c0-2fb4-429e-a1d1-ef411f70d0c1,2026-03-13,23:00:17.78,2026-03-13T19:00:17.7870000-04:00,2026-03-13T23:00:17.7870000Z,,v3,10044917,,,"Tolson, Jacob",10035532,Right,TEN_WES,3506ca23-95cc-4419-8708-24e7a1b7e2c5,54.22827,-123.5131,11.30888,5.44424,-2.4012,-12.3236,1.69778,-7.62228,8.20976,,,,,,,,,,,,,,,,,,,,,,,,,,,,,,,,,,,,,,,,,,,,,,,,,,,High,High,High,,,,,,,,,,,,,,,,,,,,,,,,,,,,,,,,,,,,,,,
119,2026-03-13,19:00:31.46,4,5,"Jackson, Justin",1000236858,Left,TEN_WES,"Mould, Easton",1000332440,Right,UNI_PIK,Undefined,4,Top,2,3,1,Fastball,Changeup,InPlay,Undefined,GroundBall,Single,0,0,,84.16879,-0.433972,3.233136,2040.95579,107.215566,9:30,5.56439,-1.625,6.24377,-31.57612,7.49701,-20.07588,2.53212,-0.31269,76.8336,-6.33728,-0.391227,0.449894,98.57761,5.842024,-18.715789,2311.935732,,,,124.2033,124.2033,-19.981307,0.938361,11.3856,4.38701,1.39388,50,5.51645,-6.14496,-122.19117,-1.88595,17.14411,24.98657,-25.56824,TEN_WES,UNI_PIK,JackBowlingField,NAIA,NAIA,20260313-JackBowlingField-1,6fd901a0-1f30-11f1-9965-8dd811638774,83.78066,5.31471,,7.3352,,,,1.88105,2.52953,0.4039,295b43c0-2fb4-429e-a1d1-ef411f70d0c1,2026-03-13,23:00:31.46,2026-03-13T19:00:31.4620000-04:00,2026-03-13T23:00:31.4620000Z,GroundBall,v3,10044917,,,"Tolson, Jacob",10035532,Right,TEN_WES,c0e6a28b-bb02-46bb-bccd-c81bfd1d4039,54.2579,-123.05878,12.49328,5.56653,-0.99815,-12.78412,1.61758,-6.74025,8.57206,67.461194,1.94706,135.26573,-13.86529,,,,,,,2.5853,13.90965,-17.81802,,,,,,,0.41588,-46.32729,0.6851,,,,,,,,,,,,,,,,,,,,,,,,,,,,,High,High,High,High,High,,,,,,,,,,,,,,,,,,,,,,,,,,,,,,,,,,,,,
120,2026-03-13,19:01:03.79,5,1,"Jackson, Justin",1000236858,Left,TEN_WES,"Brook, Tyler",1000078727,Right,UNI_PIK,Undefined,4,Top,2,0,0,ChangeUp,Curveball,InPlay,Undefined,GroundBall,Out,1,0,,78.55572,1.243445,2.123113,1388.227783,16.071912,6:30,5.52554,-1.80962,6.0195,-52.04515,-7.128,-2.43866,2.34119,-0.04535,72.47869,-8.308947,1.684078,0.482367,75.45873,-36.30436,-56.278449,,,,,4.60465,4.60465,-35.495309,0.036742,1.84122,-3.66079,1.64458,50,5.59438,-4.14555,-114.1775,0.84609,2.43515,20.64988,-37.01571,TEN_WES,UNI_PIK,JackBowlingField,NAIA,NAIA,20260313-JackBowlingField-1,8320eb60-1f30-11f1-9965-8dd811638774,78.14059,2.4149,,6.07702,,,,1.92415,2.4149,0.06029,295b43c0-2fb4-429e-a1d1-ef411f70d0c1,2026-03-13,23:01:03.79,2026-03-13T19:01:03.7900000-04:00,2026-03-13T23:01:03.7900000Z,GroundBall,v3,10044917,,,"Tolson, Jacob",10035532,Right,TEN_WES,67ae5d51-a22c-40b3-9379-07ef47c94498,54.4841,-114.98563,10.32494,5.53292,2.29468,-18.50785,1.80867,-4.24085,1.21757,,1.92327,49.66404,,,,,,,,2.41607,-65.72495,,,,,,,,0.06162,-74.40744,,,,,,,,,,,,,,,,,,,,,,,,,,,,,,High,High,High,Estimated,Estimated,,,,,,,,,,,,,,,,,,,,,,,,,,,,,,,,,,,,,
121,2026-03-13,19:03:15.96,1,1,"VanDyke, Teague",10965218,Right,UNI_PIK,"Tolson, Jacob",10035532,Right,TEN_WES,Undefined,4,Bottom,0,0,0,Fastball,Changeup,InPlay,Undefined,LineDrive,Double,0,0,,83.06623,-1.957241,-1.649599,1945.531715,201.951797,12:45,6.45503,1.36416,5.37398,-26.50714,15.57934,5.63855,2.40962,0.28703,74.80474,-6.905912,-0.647081,0.46692,100.18113,12.776802,-31.164667,1642.243236,92.86925,16.90547,-58.95117,227.40215,227.40215,-34.817085,1.98393,-3.40662,8.93241,-1.22055,50,6.26135,3.22864,-120.24538,-4.965,-4.89163,27.50477,-19.34788,TEN_WES,UNI_PIK,JackBowlingField,NAIA,NAIA,20260313-JackBowlingField-1,d1ea98e0-1f30-11f1-9965-8dd811638774,80.72564,17.01093,,8.26149,,,,2.72042,2.58058,-0.21945,295b43c0-2fb4-429e-a1d1-ef411f70d0c1,2026-03-13,23:03:15.96,2026-03-13T19:03:15.9680000-04:00,2026-03-13T23:03:15.9680000Z,LineDrive,v3,10044917,,,"Brook, Tyler",1000078727,Right,UNI_PIK,814b9a65-d57d-44d9-9314-9d1d4cf8cd16,55.12413,-121.41181,13.75239,6.45451,-4.14449,-9.67394,-1.36187,3.43609,-2.44582,105.079447,2.72042,122.61418,-21.46321,4.7343,-1.0967,0.24344,-0.05006,0.00765,-0.00059,2.58058,32.49456,-19.74087,1.89089,-0.38017,0.07856,-0.01409,0.00218,-0.00018,-0.21945,-74.15451,5.47807,-0.61655,0.04472,0.00595,-0.00297,0.00059,-6E-05,,,,,,,,,,,,,,,,,,,,,,,High,High,High,High,High,,,,,,,,,,,,,,,,,,,,,,,,,,,,,,,,,,,,,
122,2026-03-13,19:03:58.46,2,1,"VanDyke, Teague",10965218,Right,UNI_PIK,"Escoto, Hagen",1000136307,Right,TEN_WES,Undefined,4,Bottom,0,0,0,ChangeUp,Curveball,BallCalled,Undefined,Undefined,Undefined,0,0,,70.05553,4.199093,0.259049,1817.996649,12.620526,6:30,6.3581,1.37705,5.40708,-66.93382,-8.79327,-2.36937,4.7218,1.42233,64.25737,-7.975782,-0.162137,0.548796,,,,,,,,,,,,1.25287,-4.94752,-1.39843,50,6.68585,-0.37369,-101.52893,5.36935,1.3082,16.56881,-37.34006,TEN_WES,UNI_PIK,JackBowlingField,NAIA,NAIA,20260313-JackBowlingField-1,eb4b54f0-1f30-11f1-9965-8dd811638774,68.68207,,,5.79816,,,,,,,295b43c0-2fb4-429e-a1d1-ef411f70d0c1,2026-03-13,23:03:58.46,2026-03-13T19:03:58.4680000-04:00,2026-03-13T23:03:58.4680000Z,,v3,10044917,,,"Brook, Tyler",1000078727,Right,UNI_PIK,1264f983-3152-47e8-a21c-109471a2f663,55.09595,-102.35718,8.2844,6.37079,7.23592,-18.67003,-1.37811,-0.43908,0.6541,,,,,,,,,,,,,,,,,,,,,,,,,,,,,,,,,,,,,,,,,,,,,,,,,,,High,High,High,,,,,,,,,,,,,,,,,,,,,,,,,,,,,,,,,,,,,,,
123,2026-03-13,19:04:19.67,2,2,"VanDyke, Teague",10965218,Right,UNI_PIK,"Escoto, Hagen",1000136307,Right,TEN_WES,Undefined,4,Bottom,0,1,0,Fastball,Changeup,InPlay,Undefined,Bunt,Sacrifice,1,0,,82.3385,-1.108073,-1.752776,1803.73839,203.89504,12:45,6.50859,1.68743,5.96316,-25.63037,15.58493,6.3076,3.34464,0.58728,75.19041,-5.923726,-0.619355,0.462062,26.38726,11.292767,-35.614349,2227.052782,,,,30.501,30.39247,-33.227118,0.74585,-3.77599,8.73363,-1.55201,50,6.40638,3.42071,-119.55144,-3.0614,-5.44384,23.87514,-19.58274,TEN_WES,UNI_PIK,JackBowlingField,NAIA,NAIA,20260313-JackBowlingField-1,f7db9450-1f30-11f1-9965-8dd811638774,81.57433,4.39087,,7.14809,,,,3.67264,3.53725,-0.62149,295b43c0-2fb4-429e-a1d1-ef411f70d0c1,2026-03-13,23:04:19.67,2026-03-13T19:04:19.6750000-04:00,2026-03-13T23:04:19.6750000Z,GroundBall,v3,10044917,,,"Brook, Tyler",1000078727,Right,UNI_PIK,4a1d819f-17f0-4e54-a75a-ad9967c35ad8,54.53722,-120.45414,11.93757,6.50814,-2.321,-9.79137,-1.68524,3.62654,-2.72192,72.622518,3.67264,30.85343,-2.30858,0.46156,-0.55068,1.12743,-1.81874,1.47327,-0.45476,3.53725,7.57857,-16.95496,0.65899,-0.13057,0.04814,-0.03952,0.06516,-0.03666,-0.62149,-22.10051,0.65496,0.07647,0.07956,-0.39133,0.66846,-0.54145,0.16619,,,,,,,,,,,,,,,,,,,,,,,High,High,High,High,High,,,,,,,,,,,,,,,,,,,,,,,,,,,,,,,,,,,,,
124,2026-03-13,19:04:57.41,3,1,"VanDyke, Teague",10965218,Right,UNI_PIK,"Ballenilla, David",10132128,Right,TEN_WES,Undefined,4,Bottom,1,0,0,Fastball,Changeup,FoulBallNotFieldable,Undefined,Undefined,Undefined,0,0,,86.34105,-1.421119,-1.364128,1761.325755,211.8528,1:00,6.48443,1.60374,5.42255,-22.26922,16.07654,9.18875,3.29686,1.09145,78.58359,-5.584745,0.270827,0.445687,,,,,,,,,,,,-5.03024,8.88674,-1.48929,50,6.34314,2.58432,-125.21885,-3.83779,-7.94516,26.51711,-18.13764,TEN_WES,UNI_PIK,JackBowlingField,NAIA,NAIA,20260313-JackBowlingField-1,0e6848d0-1f31-11f1-9965-8dd811638774,84.57148,,,7.75746,,,,,,,295b43c0-2fb4-429e-a1d1-ef411f70d0c1,2026-03-13,23:04:57.41,2026-03-13T19:04:57.4180000-04:00,2026-03-13T23:04:57.4180000Z,,v3,10044917,,,"Brook, Tyler",1000078727,Right,UNI_PIK,4eb20ba2-374d-4489-961f-85ba3a0daca4,55.07636,-126.28927,13.25855,6.48328,-3.10562,-9.06882,-1.60009,2.90505,-3.97258,,,,,,,,,,,,,,,,,,,,,,,,,,,,,,,,,,,,,,,,,,,,,,,,,,,High,High,High,,,,,,,,,,,,,,,,,,,,,,,,,,,,,,,,,,,,,,,
125,2026-03-13,19:05:25.72,3,2,"VanDyke, Teague",10965218,Right,UNI_PIK,"Ballenilla, David",10132128,Right,TEN_WES,Undefined,4,Bottom,1,0,1,Curveball,Curveball,FoulBallNotFieldable,Undefined,Undefined,Undefined,0,0,,71.09269,2.860972,-1.486647,1975.220319,19.901648,6:45,6.19518,1.5913,5.11013,-69.66122,-11.90158,-5.03374,3.08869,-0.22913,64.71551,-9.740175,-2.377739,0.546995,,,,,,,,,,,,2.02449,-6.2502,-1.44708,50,6.41034,2.86014,-102.96561,2.86442,2.14195,19.40418,-38.7869,TEN_WES,UNI_PIK,JackBowlingField,NAIA,NAIA,20260313-JackBowlingField-1,1f4f3820-1f31-11f1-9965-8dd811638774,68.90817,,,6.37718,,,,,,,295b43c0-2fb4-429e-a1d1-ef411f70d0c1,2026-03-13,23:05:25.72,2026-03-13T19:05:25.7200000-04:00,2026-03-13T23:05:25.7200000Z,,v3,10044917,,,"Brook, Tyler",1000078727,Right,UNI_PIK,671ddacf-4508-4468-b35b-67afb86ff340,55.39264,-103.97691,9.70209,6.20838,4.88588,-19.39345,-1.59323,2.74851,1.07097,,,,,,,,,,,,,,,,,,,,,,,,,,,,,,,,,,,,,,,,,,,,,,,,,,,High,High,High,,,,,,,,,,,,,,,,,,,,,,,,,,,,,,,,,,,,,,,
126,2026-03-13,19:05:43.44,3,3,"VanDyke, Teague",10965218,Right,UNI_PIK,"Ballenilla, David",10132128,Right,TEN_WES,Undefined,4,Bottom,1,0,2,Curveball,Curveball,InPlay,Undefined,GroundBall,Single,0,1,,71.81591,1.17451,-1.254008,1845.64751,20.261439,6:45,6.17739,1.52328,5.28556,-65.58972,-8.67296,-4.02055,1.81497,0.01042,64.74409,-10.758062,-1.969481,0.54299,95.56022,5.164402,-21.448244,2458.938432,,,,87.37955,85.50745,-22.375059,0.669608,1.55524,-4.1415,-1.40588,50,6.23668,2.42541,-103.97025,0.02619,1.65292,22.14945,-36.57563,TEN_WES,UNI_PIK,JackBowlingField,NAIA,NAIA,20260313-JackBowlingField-1,29e02510-1f31-11f1-9965-8dd811638774,69.41651,3.42932,,7.07182,,,,1.54747,1.77472,0.03338,295b43c0-2fb4-429e-a1d1-ef411f70d0c1,2026-03-13,23:05:43.44,2026-03-13T19:05:43.4420000-04:00,2026-03-13T23:05:43.4420000Z,GroundBall,v3,10044917,,,"Brook, Tyler",1000078727,Right,UNI_PIK,26bfa375-d81f-4b34-8c21-cbab593ab0d6,55.2141,-105.07517,11.07473,6.18987,1.85076,-18.28782,-1.52482,2.34296,0.82646,39.236621,1.57718,129.31963,-16.49827,,,,,,,1.81338,11.83451,-21.79824,,,,,,,0.03816,-51.13947,2.09288,,,,,,,,,,,,,,,,,,,,,,,,,,,,,High,High,High,High,High,,,,,,,,,,,,,,,,,,,,,,,,,,,,,,,,,,,,,
127,2026-03-13,19:06:24.99,4,1,"VanDyke, Teague",10965218,Right,UNI_PIK,"Wright, Ethan",10317612,Right,TEN_WES,Undefined,4,Bottom,1,0,0,Curveball,Curveball,BallinDirt,Undefined,Undefined,Undefined,0,0,,71.35235,-0.40929,-0.947209,1768.131636,22.963991,6:45,6.14959,1.33604,5.17067,-70.21673,-12.13355,-6.11406,-0.08704,-0.06495,64.62096,-13.071491,-2.036455,0.548525,,,,,,,,,,,,2.70221,-5.29559,-1.2429,50,6.05794,1.93402,-103.29754,-3.01585,2.82259,22.53465,-37.70557,TEN_WES,UNI_PIK,JackBowlingField,NAIA,NAIA,20260313-JackBowlingField-1,42a3b6c0-1f31-11f1-9965-8dd811638774,68.71596,,,6.73139,,,,,,,295b43c0-2fb4-429e-a1d1-ef411f70d0c1,2026-03-13,23:06:24.99,2026-03-13T19:06:24.9940000-04:00,2026-03-13T23:06:24.9940000Z,,v3,10044917,,,"Brook, Tyler",1000078727,Right,UNI_PIK,70c3f9ef-d722-4628-9028-c73994802329,55.33014,-104.45385,11.26733,6.16305,-1.08108,-18.85279,-1.33842,1.78919,1.4113,,,,,,,,,,,,,,,,,,,,,,,,,,,,,,,,,,,,,,,,,,,,,,,,,,,High,High,High,,,,,,,,,,,,,,,,,,,,,,,,,,,,,,,,,,,,,,,
128,2026-03-13,19:06:48.77,4,2,"VanDyke, Teague",10965218,Right,UNI_PIK,"Wright, Ethan",10317612,Right,TEN_WES,Undefined,4,Bottom,1,1,0,Curveball,Curveball,FoulBallNotFieldable,Undefined,Undefined,Undefined,0,0,,71.74756,1.48211,-1.646154,1805.132289,15.090796,6:30,6.16984,1.57422,5.2701,-67.43539,-10.95225,-3.49603,1.94334,-0.26387,65.34118,-10.738159,-2.26789,0.540917,,,,,,,,,,,,1.21071,-5.46819,-1.42097,50,6.25538,3.11601,-103.98624,0.52483,1.30103,20.45781,-38.05019,TEN_WES,UNI_PIK,JackBowlingField,NAIA,NAIA,20260313-JackBowlingField-1,50d0dd40-1f31-11f1-9965-8dd811638774,69.68245,,,6.40638,,,,,,,295b43c0-2fb4-429e-a1d1-ef411f70d0c1,2026-03-13,23:06:48.77,2026-03-13T19:06:48.7790000-04:00,2026-03-13T23:06:48.7790000Z,,v3,10044917,,,"Brook, Tyler",1000078727,Right,UNI_PIK,80b94a6e-2eed-4ef6-b275-fbb8fa7c8f06,55.23238,-105.01059,10.2289,6.1814,2.43006,-19.0251,-1.57536,3.05087,0.65052,,,,,,,,,,,,,,,,,,,,,,,,,,,,,,,,,,,,,,,,,,,,,,,,,,,High,High,High,,,,,,,,,,,,,,,,,,,,,,,,,,,,,,,,,,,,,,,
129,2026-03-13,19:07:13.30,4,3,"VanDyke, Teague",10965218,Right,UNI_PIK,"Wright, Ethan",10317612,Right,TEN_WES,Undefined,4,Bottom,1,1,1,Fastball,Four-Seam,BallCalled,Undefined,Undefined,Undefined,0,0,,85.79814,-2.744383,-2.962759,1993.347505,185.067199,12:15,6.42336,1.59198,5.6168,-20.23269,18.55162,1.52579,2.17056,-1.0485,78.00888,-6.550821,-2.690867,0.448229,,,,,,,,,,,,-1.64969,10.59493,-1.33981,50,6.17577,6.36049,-124.16469,-6.56784,-2.55763,26.46079,-15.74809,TEN_WES,UNI_PIK,JackBowlingField,NAIA,NAIA,20260313-JackBowlingField-1,5f63ca70-1f31-11f1-9965-8dd811638774,84.09201,,,7.78926,,,,,,,295b43c0-2fb4-429e-a1d1-ef411f70d0c1,2026-03-13,23:07:13.30,2026-03-13T19:07:13.3080000-04:00,2026-03-13T23:07:13.3080000Z,,v3,10044917,,,"Brook, Tyler",1000078727,Right,UNI_PIK,3aa93ba2-845e-4626-ac9c-2442d9ffbb45,54.87948,-125.20024,13.23039,6.42075,-5.95154,-7.87404,-1.59068,6.46058,-1.27881,,,,,,,,,,,,,,,,,,,,,,,,,,,,,,,,,,,,,,,,,,,,,,,,,,,High,High,High,,,,,,,,,,,,,,,,,,,,,,,,,,,,,,,,,,,,,,,
130,2026-03-13,19:07:31.09,4,4,"VanDyke, Teague",10965218,Right,UNI_PIK,"Wright, Ethan",10317612,Right,TEN_WES,Undefined,4,Bottom,1,2,1,Curveball,Curveball,BallinDirt,Undefined,Undefined,Undefined,0,0,,71.84231,-1.712104,-2.209386,1805.992544,24.900171,6:45,6.22845,1.43693,5.41992,-69.21527,-13.54383,-7.12221,-1.14496,-1.22724,66.74879,-14.10178,-3.484555,0.537016,,,,,,,,,,,,2.96772,-6.06492,-1.23533,50,6.02699,4.2634,-104.22648,-5.26284,3.22401,19.54575,-38.76275,TEN_WES,UNI_PIK,JackBowlingField,NAIA,NAIA,20260313-JackBowlingField-1,6a053220-1f31-11f1-9965-8dd811638774,70.18862,,,5.09352,,,,,,,295b43c0-2fb4-429e-a1d1-ef411f70d0c1,2026-03-13,23:07:31.09,2026-03-13T19:07:31.0970000-04:00,2026-03-13T23:07:31.0970000Z,,v3,10044917,,,"Brook, Tyler",1000078727,Right,UNI_PIK,a31e7f7c-1084-44f8-843d-99ac253caf26,55.08566,-105.17587,9.77288,6.23689,-3.38002,-19.38138,-1.43861,4.1068,1.61201,,,,,,,,,,,,,,,,,,,,,,,,,,,,,,,,,,,,,,,,,,,,,,,,,,,High,High,High,,,,,,,,,,,,,,,,,,,,,,,,,,,,,,,,,,,,,,,
131,2026-03-13,19:07:59.11,4,5,"VanDyke, Teague",10965218,Right,UNI_PIK,"Wright, Ethan",10317612,Right,TEN_WES,Undefined,4,Bottom,1,3,1,Fastball,Changeup,InPlay,Undefined,LineDrive,Single,0,1,,86.24562,-2.161499,-1.722306,1847.322682,204.36752,12:45,6.46785,1.46835,5.47055,-21.108,17.45103,7.29166,2.68412,0.46366,78.22813,-6.126144,-0.424021,0.446925,99.79062,9.292168,-29.980728,1746.004654,92.57883,7.86953,-59.40517,158.35514,158.35514,-34.078651,1.288026,-4.21421,9.85701,-1.32208,50,6.26369,3.44494,-124.9649,-5.3891,-6.60027,27.43006,-16.7361,TEN_WES,UNI_PIK,JackBowlingField,NAIA,NAIA,20260313-JackBowlingField-1,7aabe420-1f31-11f1-9965-8dd811638774,84.33734,9.27305,,8.01749,,,,1.8169,2.81445,-0.43459,295b43c0-2fb4-429e-a1d1-ef411f70d0c1,2026-03-13,23:07:59.11,2026-03-13T19:07:59.1100000-04:00,2026-03-13T23:07:59.1100000Z,LineDrive,v3,10044917,,,"Brook, Tyler",1000078727,Right,UNI_PIK,498790ef-c46e-44fd-849f-2ba9c638cd66,55.02806,-126.06373,13.71503,6.46615,-4.71866,-8.36805,-1.46538,3.70934,-3.30013,,1.8169,125.1129,-23.56582,4.27995,-0.6196,-0.28272,0.35144,-0.17287,0.03497,2.81445,23.6328,-23.11691,3.01568,-0.57043,0.00638,0.09242,-0.05132,0.01059,-0.43459,-72.17607,1.45929,1.45152,-0.18031,-0.40674,0.43579,-0.20466,0.03923,,,,,,,,,,,,,,,,,,,,,,,High,High,High,High,High,,,,,,,,,,,,,,,,,,,,,,,,,,,,,,,,,,,,,
132,2026-03-13,19:10:56.12,5,1,"Berry, Isaac",10071639,Right,UNI_PIK,"Gil-Fernandez, Allan",1000299752,Right,TEN_WES,Undefined,4,Bottom,1,0,0,Slider,Slider,InPlay,Undefined,GroundBall,FieldersChoice,1,0,,79.97022,-0.470346,-3.203233,2279.936454,71.226004,8:15,5.77659,2.37754,6.26815,-42.77703,0.13028,-3.28197,1.77753,-0.85222,74.06855,-8.355339,-3.795719,0.471451,74.11755,2.449856,0.657969,1719.792721,,,,43.80631,42.85247,2.060432,0.407916,0.86622,0.53638,-2.13866,50,5.72073,6.61658,-116.18622,-2.2338,1.18912,20.89515,-31.43773,TEN_WES,UNI_PIK,JackBowlingField,NAIA,NAIA,20260313-JackBowlingField-1,e43a98a0-1f31-11f1-9965-8dd811638774,79.94979,1.98817,,5.90167,,,,1.18634,1.74952,0.88131,295b43c0-2fb4-429e-a1d1-ef411f70d0c1,2026-03-13,23:10:56.12,2026-03-13T19:10:56.1270000-04:00,2026-03-13T23:10:56.1270000Z,GroundBall,v3,10044917,,,"Brook, Tyler",1000078727,Right,UNI_PIK,9760e2f4-6916-4d6c-9d45-b0e27808b30b,54.23436,-116.94525,10.44758,5.78113,-1.0918,-15.71887,-2.37823,6.57339,0.59456,348.030136,1.18772,108.55366,-10.16772,,,,,,,1.75589,4.43848,-21.47061,,,,,,,0.88061,1.27021,1.06324,,,,,,,,,,,,,,,,,,,,,,,,,,,,,High,High,High,High,High,,,,,,,,,,,,,,,,,,,,,,,,,,,,,,,,,,,,,
133,2026-03-13,19:11:33.55,6,1,"Berry, Isaac",10071639,Right,UNI_PIK,"Shelly, Joshua",1000333363,Right,TEN_WES,Undefined,4,Bottom,2,0,0,ChangeUp,Slider,BallCalled,Undefined,Undefined,Undefined,0,0,,81.97568,-2.315247,-2.236423,2283.226198,165.881241,11:30,5.7602,2.24336,6.54609,-32.19352,8.12213,-1.74835,0.95135,0.04563,76.02614,-8.304355,-2.554251,0.456992,,,,,,,,,,,,0.3448,5.23048,-2.08793,50,5.58606,4.71277,-119.13991,-5.72242,0.49896,21.42438,-24.60463,TEN_WES,UNI_PIK,JackBowlingField,NAIA,NAIA,20260313-JackBowlingField-1,fa803200-1f31-11f1-9965-8dd811638774,82.4795,,,5.94954,,,,,,,295b43c0-2fb4-429e-a1d1-ef411f70d0c1,2026-03-13,23:11:33.55,2026-03-13T19:11:33.5500000-04:00,2026-03-13T23:11:33.5500000Z,,v3,10044917,,,"Brook, Tyler",1000078727,Right,UNI_PIK,ea5a0655-a9ea-4832-ac68-71ec3e90acd4,53.95525,-119.84905,10.71219,5.76199,-4.90801,-12.30232,-2.24365,4.69626,0.24948,,,,,,,,,,,,,,,,,,,,,,,,,,,,,,,,,,,,,,,,,,,,,,,,,,,High,High,High,,,,,,,,,,,,,,,,,,,,,,,,,,,,,,,,,,,,,,,
134,2026-03-13,19:12:09.47,6,2,"Berry, Isaac",10071639,Right,UNI_PIK,"Shelly, Joshua",1000333363,Right,TEN_WES,Undefined,4,Bottom,2,1,0,Slider,Slider,BallCalled,Undefined,Undefined,Undefined,0,0,,80.83524,1.498568,-1.109804,2342.525236,75.342381,8:30,5.74483,2.49948,6.4305,-42.1103,-0.35,-6.11737,3.61355,0.96954,74.30252,-6.336715,-2.218975,0.465107,,,,,,,,,,,,2.87004,-0.14583,-2.41806,50,5.83314,2.49883,-117.53929,1.81396,4.02252,21.89029,-32.37843,TEN_WES,UNI_PIK,JackBowlingField,NAIA,NAIA,20260313-JackBowlingField-1,0ff1d990-1f32-11f1-9965-8dd811638774,81.04028,,,6.53273,,,,,,,295b43c0-2fb4-429e-a1d1-ef411f70d0c1,2026-03-13,23:12:09.47,2026-03-13T19:12:09.4740000-04:00,2026-03-13T23:12:09.4740000Z,,v3,10044917,,,"Brook, Tyler",1000078727,Right,UNI_PIK,dc1acd94-ecb8-4bf0-b4b3-ad505cfc8d5d,54.06993,-118.29484,10.94515,5.75124,2.93151,-16.18921,-2.50191,2.35999,2.01126,,,,,,,,,,,,,,,,,,,,,,,,,,,,,,,,,,,,,,,,,,,,,,,,,,,High,High,High,,,,,,,,,,,,,,,,,,,,,,,,,,,,,,,,,,,,,,,
135,2026-03-13,19:12:27.16,6,3,"Berry, Isaac",10071639,Right,UNI_PIK,"Shelly, Joshua",1000333363,Right,TEN_WES,Undefined,4,Bottom,2,2,0,Curveball,Curveball,BallCalled,Undefined,Undefined,Undefined,0,0,,73.53183,1.620463,-2.316278,2099.573354,77.422356,8:30,5.67534,2.15353,6.45702,-53.05271,-1.8498,-15.99225,2.74453,-1.30815,67.07823,-8.248024,-5.212807,0.515014,,,,,,,,,,,,7.568,-0.89764,-1.98343,50,5.76747,4.84702,-106.74192,1.58112,8.61,20.76035,-33.19529,TEN_WES,UNI_PIK,JackBowlingField,NAIA,NAIA,20260313-JackBowlingField-1,1a7e59b0-1f32-11f1-9965-8dd811638774,73.18727,,,6.4536,,,,,,,295b43c0-2fb4-429e-a1d1-ef411f70d0c1,2026-03-13,23:12:27.16,2026-03-13T19:12:27.1630000-04:00,2026-03-13T23:12:27.1630000Z,,v3,10044917,,,"Brook, Tyler",1000078727,Right,UNI_PIK,f7edb233-3d3d-41d0-8c3b-1c3d56769948,54.04327,-107.52543,10.38018,5.68415,2.83393,-16.59764,-2.16023,4.52207,4.305,,,,,,,,,,,,,,,,,,,,,,,,,,,,,,,,,,,,,,,,,,,,,,,,,,,High,High,High,,,,,,,,,,,,,,,,,,,,,,,,,,,,,,,,,,,,,,,
136,2026-03-13,19:12:45.98,6,4,"Berry, Isaac",10071639,Right,UNI_PIK,"Shelly, Joshua",1000333363,Right,TEN_WES,Undefined,4,Bottom,2,3,0,Curveball,Curveball,StrikeCalled,Undefined,Undefined,Undefined,0,0,,73.61712,0.831272,-1.350767,2188.994569,66.219887,8:15,5.69664,2.10245,6.56187,-55.45042,-4.8615,-14.75524,1.83816,-0.36578,67.57578,-9.46323,-4.036021,0.511916,,,,,,,,,,,,7.3091,-2.26791,-2.00389,50,5.73147,2.99818,-107.03762,0.0619,8.3921,20.25575,-34.778,TEN_WES,UNI_PIK,JackBowlingField,NAIA,NAIA,20260313-JackBowlingField-1,25baa1d0-1f32-11f1-9965-8dd811638774,73.63005,,,6.04134,,,,,,,295b43c0-2fb4-429e-a1d1-ef411f70d0c1,2026-03-13,23:12:45.98,2026-03-13T19:12:45.9830000-04:00,2026-03-13T23:12:45.9830000Z,,v3,10044917,,,"Brook, Tyler",1000078727,Right,UNI_PIK,56210898-d15f-498f-8e17-8d695dc7fe4b,53.94018,-107.78069,10.12788,5.7058,1.33769,-17.389,-2.10823,2.69033,4.19605,,,,,,,,,,,,,,,,,,,,,,,,,,,,,,,,,,,,,,,,,,,,,,,,,,,High,High,High,,,,,,,,,,,,,,,,,,,,,,,,,,,,,,,,,,,,,,,
137,2026-03-13,19:13:08.30,6,5,"Berry, Isaac",10071639,Right,UNI_PIK,"Shelly, Joshua",1000333363,Right,TEN_WES,Undefined,4,Bottom,2,3,1,Curveball,Curveball,BallinDirt,Walk,Undefined,Undefined,0,0,,75.54639,-1.392247,-3.359783,2170.250924,71.77865,8:30,5.46179,2.59208,6.08722,-49.75967,-0.69272,-6.97252,0.02472,-1.10066,69.5604,-10.508676,-4.615393,0.504157,,,,,,,,,,,,2.60075,0.49866,-2.32884,50,5.32785,6.66887,-109.55804,-4.11834,3.13215,21.00549,-31.57349,TEN_WES,UNI_PIK,JackBowlingField,NAIA,NAIA,20260313-JackBowlingField-1,33022340-1f32-11f1-9965-8dd811638774,74.76328,,,5.98599,,,,,,,295b43c0-2fb4-429e-a1d1-ef411f70d0c1,2026-03-13,23:13:08.30,2026-03-13T19:13:08.3010000-04:00,2026-03-13T23:13:08.3010000Z,,v3,10044917,,,"Brook, Tyler",1000078727,Right,UNI_PIK,df027fc2-1da6-452f-9a7e-274dd4d75abf,54.41423,-110.40114,10.50275,5.46772,-2.85108,-15.78675,-2.59398,6.54316,1.56607,,,,,,,,,,,,,,,,,,,,,,,,,,,,,,,,,,,,,,,,,,,,,,,,,,,High,High,High,,,,,,,,,,,,,,,,,,,,,,,,,,,,,,,,,,,,,,,
138,2026-03-13,19:13:44.95,7,1,"Berry, Isaac",10071639,Right,UNI_PIK,"Reynolds, Kolton",10290027,Right,TEN_WES,Undefined,4,Bottom,2,0,0,Slider,Curveball,HitByPitch,Undefined,Undefined,Undefined,0,0,,70.95102,3.802951,0.322017,2129.811501,51.493855,7:45,5.76128,2.4903,6.17929,-66.07374,-10.40646,-15.47564,3.77234,1.49804,64.44299,-8.414904,-2.470772,0.536996,,,,,,,,,,,,8.07469,-5.99437,-2.50708,50,6.01617,-0.06587,-102.90625,4.98446,8.53463,19.35878,-38.50988,TEN_WES,UNI_PIK,JackBowlingField,NAIA,NAIA,20260313-JackBowlingField-1,48e662c0-1f32-11f1-9965-8dd811638774,70.19124,,,6.50803,,,,,,,295b43c0-2fb4-429e-a1d1-ef411f70d0c1,2026-03-13,23:13:44.95,2026-03-13T19:13:44.9530000-04:00,2026-03-13T23:13:44.9530000Z,,v3,10044917,,,"Brook, Tyler",1000078727,Right,UNI_PIK,0bdf9a0b-3e4c-4e59-b666-51dc170ba009,54.32406,-103.71651,9.67939,5.77381,6.59628,-19.25494,-2.49684,-0.42308,4.26731,,,,,,,,,,,,,,,,,,,,,,,,,,,,,,,,,,,,,,,,,,,,,,,,,,,High,High,High,,,,,,,,,,,,,,,,,,,,,,,,,,,,,,,,,,,,,,,
139,2026-03-13,19:14:16.16,8,1,"Berry, Isaac",10071639,Right,UNI_PIK,"Espinoza, Brayan",1000072839,Right,TEN_WES,Undefined,4,Bottom,2,0,0,Cutter,Slider,InPlay,Undefined,FlyBall,Out,1,0,,80.19928,0.510422,-2.200076,2321.282946,99.363221,9:15,5.70039,2.63022,6.24554,-39.9664,3.07614,-10.3426,2.841,-0.26186,73.41846,-6.913918,-4.066581,0.472194,85.24368,59.312095,27.328673,,,,,,65.60574,,,4.72603,1.85831,-2.46155,50,5.71887,4.84826,-116.48577,-0.15402,6.45715,23.0258,-29.63504,TEN_WES,UNI_PIK,JackBowlingField,NAIA,NAIA,20260313-JackBowlingField-1,5b722870-1f32-11f1-9965-8dd811638774,79.8241,108.77698,,6.78082,,,,0.45471,2.69589,0.27278,295b43c0-2fb4-429e-a1d1-ef411f70d0c1,2026-03-13,23:14:16.16,2026-03-13T19:14:16.1630000-04:00,2026-03-13T23:14:16.1630000Z,,v3,10044917,,,"Brook, Tyler",1000078727,Right,UNI_PIK,3b2c4489-68fe-46ac-aa77-4c6fb7dfb633,54.25491,-117.32383,11.5129,5.70485,0.92459,-14.81752,-2.63373,4.61324,3.22858,194.135128,0.45474,56.67923,-18.13895,4.36548,1.17971,-3.17617,2.7521,-1.18311,0.20383,2.69588,107.51851,-25.45366,3.03775,-1.58389,1.73132,-1.3657,0.57569,-0.09865,0.27277,29.29408,-3.06791,0.56926,-0.25469,0.28971,-0.23081,0.09754,-0.01674,,,,,,,,,,,,,,,,,,,,,,,High,High,High,Medium,Undefined,,,,,,,,,,,,,,,,,,,,,,,,,,,,,,,,,,,,,
140,2026-03-13,19:16:17.44,1,1,"Jackson, Justin",1000236858,Left,TEN_WES,"DeCarlo, Domenic",1000440026,Right,UNI_PIK,Undefined,5,Top,0,0,0,Fastball,Changeup,InPlay,Undefined,GroundBall,Single,0,0,,84.42759,-0.735579,2.168714,2102.708801,116.805039,10:00,5.5632,-1.73205,6.34553,-28.34576,10.25386,-17.83139,2.52336,-1.22055,77.16434,-6.062499,-1.059522,0.44716,85.69258,8.513512,-21.064006,2394.785043,,,,103.37919,103.09419,-22.440035,0.913384,9.94154,5.9237,1.58257,50,5.49634,-3.98149,-122.67911,-2.40348,15.09961,25.03452,-23.17688,TEN_WES,UNI_PIK,JackBowlingField,NAIA,NAIA,20260313-JackBowlingField-1,a3d5ce00-1f32-11f1-9965-8dd811638774,84.29296,6.01872,,7.26325,,,,1.22561,2.53228,1.21742,295b43c0-2fb4-429e-a1d1-ef411f70d0c1,2026-03-13,23:16:17.44,2026-03-13T19:16:17.4470000-04:00,2026-03-13T23:16:17.4470000Z,LineDrive,v3,10044917,,,"Tolson, Jacob",10035532,Right,TEN_WES,f0de033d-32aa-4986-a08f-cdadb97eac54,54.15564,-123.52422,12.51726,5.56427,-1.62108,-11.58844,1.72558,-4.49122,7.54981,41.068645,1.22561,115.99173,-15.27988,1.74635,-0.3045,-0.02544,0.08783,-0.06406,0.0177,2.53228,18.60631,-26.01077,3.38899,-0.67923,0.03992,0.14661,-0.12081,0.03456,1.21742,-44.67381,-0.64156,1.06196,-0.23696,-0.04304,0.15711,-0.121,0.03437,,,,,,,,,,,,,,,,,,,,,,,High,High,High,High,High,,,,,,,,,,,,,,,,,,,,,,,,,,,,,,,,,,,,,
141,2026-03-13,19:16:51.30,2,1,"Jackson, Justin",1000236858,Left,TEN_WES,"Paulino, Riley",1000250747,Left,UNI_PIK,Undefined,5,Top,0,0,0,Fastball,Changeup,StrikeSwinging,Undefined,Undefined,Undefined,0,0,,85.87119,-1.047121,3.857715,2081.719239,113.332,9:45,5.53839,-1.81344,6.29646,-28.23561,9.29528,-18.67718,2.21826,0.19017,78.32667,-6.34362,0.486149,0.440926,,,,,,,,,,,,10.76784,5.5152,1.53777,50,5.44773,-7.66599,-124.54154,-3.13625,16.85105,25.85483,-23.54308,TEN_WES,UNI_PIK,JackBowlingField,NAIA,NAIA,20260313-JackBowlingField-1,b7eca080-1f32-11f1-9965-8dd811638774,85.48469,,,7.54452,,,,,,,295b43c0-2fb4-429e-a1d1-ef411f70d0c1,2026-03-13,23:16:51.30,2026-03-13T19:16:51.3040000-04:00,2026-03-13T23:16:51.3040000Z,,v3,10044917,,,"Tolson, Jacob",10035532,Right,TEN_WES,998389c8-94ac-4a84-bedc-321cb1ba5205,54.20364,-125.41118,12.92741,5.5399,-2.34436,-11.77154,1.80515,-8.23279,8.42553,,,,,,,,,,,,,,,,,,,,,,,,,,,,,,,,,,,,,,,,,,,,,,,,,,,High,High,High,,,,,,,,,,,,,,,,,,,,,,,,,,,,,,,,,,,,,,,
142,2026-03-13,19:17:08.57,2,2,"Jackson, Justin",1000236858,Left,TEN_WES,"Paulino, Riley",1000250747,Left,UNI_PIK,Undefined,5,Top,0,0,1,Fastball,Changeup,FoulBallNotFieldable,Undefined,Undefined,Undefined,0,0,,85.74028,-0.315176,3.207511,2171.990976,123.258657,10:00,5.63743,-1.79843,6.3623,-25.76765,11.71457,-15.99623,3.19962,-0.17651,78.14279,-5.180934,0.31536,0.44064,,,,,,,,,,,,9.23032,6.56276,1.57304,50,5.60253,-6.35803,-124.46109,-1.43203,14.42905,25.77608,-21.91495,TEN_WES,UNI_PIK,JackBowlingField,NAIA,NAIA,20260313-JackBowlingField-1,c23030c0-1f32-11f1-9965-8dd811638774,85.54018,,,7.59749,,,,,,,295b43c0-2fb4-429e-a1d1-ef411f70d0c1,2026-03-13,23:17:08.57,2026-03-13T19:17:08.5720000-04:00,2026-03-13T23:17:08.5720000Z,,v3,10044917,,,"Tolson, Jacob",10035532,Right,TEN_WES,34aa0069-b66f-4922-831f-3368ddc96c5b,54.13753,-125.31505,12.88804,5.63795,-0.70599,-10.95748,1.7916,-6.83606,7.21452,,,,,,,,,,,,,,,,,,,,,,,,,,,,,,,,,,,,,,,,,,,,,,,,,,,High,High,High,,,,,,,,,,,,,,,,,,,,,,,,,,,,,,,,,,,,,,,
143,2026-03-13,19:17:51.48,2,3,"Jackson, Justin",1000236858,Left,TEN_WES,"Paulino, Riley",1000250747,Left,UNI_PIK,Undefined,5,Top,0,0,2,Fastball,Changeup,InPlay,Undefined,GroundBall,FieldersChoice,1,0,,85.902,-1.27791,3.961711,2203.333845,121.523714,10:00,5.84139,-1.53223,6.30783,-25.08612,12.68072,-18.49588,2.5706,0.58199,77.76536,-6.026541,0.62376,0.44231,77.3815,-33.805031,-23.25142,,,,,4.74548,4.74548,-25.822434,0.039606,10.81855,7.37835,1.24969,50,5.7355,-7.89741,-124.4757,-3.50683,16.78525,27.57608,-20.72634,TEN_WES,UNI_PIK,JackBowlingField,NAIA,NAIA,20260313-JackBowlingField-1,dbc458e0-1f32-11f1-9965-8dd811638774,85.21724,2.50832,,8.13664,,,,0.82972,2.50832,-0.58819,295b43c0-2fb4-429e-a1d1-ef411f70d0c1,2026-03-13,23:17:51.48,2026-03-13T19:17:51.4860000-04:00,2026-03-13T23:17:51.4860000Z,GroundBall,v3,10044917,,,"Tolson, Jacob",10035532,Right,TEN_WES,182e02b8-4f86-4c73-98cf-525b9a47f677,54.19151,-125.40084,13.78804,5.84148,-2.8115,-10.36317,1.52408,-8.46054,8.39262,,0.82808,86.90402,,,,,,,,2.50952,-63.33195,,,,,,,,-0.58748,-37.33946,,,,,,,,,,,,,,,,,,,,,,,,,,,,,,High,High,High,Estimated,Estimated,,,,,,,,,,,,,,,,,,,,,,,,,,,,,,,,,,,,,
144,2026-03-13,19:18:39.09,3,1,"Jackson, Justin",1000236858,Left,TEN_WES,"Subero, Francis",10157150,Right,UNI_PIK,Undefined,5,Top,1,0,0,Fastball,Changeup,StrikeCalled,Undefined,Undefined,Undefined,0,0,,85.00349,-1.662048,3.862956,2145.060729,114.2177,9:45,5.81164,-1.43031,6.44334,-28.04568,10.43693,-20.10308,1.94337,0.44942,76.86188,-6.959712,0.222742,0.446482,,,,,,,,,,,,11.64757,6.40319,1.16376,50,5.68103,-7.53809,-123.15846,-4.38717,17.63744,27.67859,-22.47799,TEN_WES,UNI_PIK,JackBowlingField,NAIA,NAIA,20260313-JackBowlingField-1,f82e5d50-1f32-11f1-9965-8dd811638774,84.42101,,,8.14161,,,,,,,295b43c0-2fb4-429e-a1d1-ef411f70d0c1,2026-03-13,23:18:39.09,2026-03-13T19:18:39.0980000-04:00,2026-03-13T23:18:39.0980000Z,,v3,10044917,,,"Tolson, Jacob",10035532,Right,TEN_WES,647be679-de85-425e-8301-3c1ef10b81f2,54.05517,-124.06647,13.83929,5.81285,-3.64977,-11.239,1.42054,-8.1167,8.81872,,,,,,,,,,,,,,,,,,,,,,,,,,,,,,,,,,,,,,,,,,,,,,,,,,,High,High,High,,,,,,,,,,,,,,,,,,,,,,,,,,,,,,,,,,,,,,,
145,2026-03-13,19:19:09.93,3,2,"Jackson, Justin",1000236858,Left,TEN_WES,"Subero, Francis",10157150,Right,UNI_PIK,Undefined,5,Top,1,0,1,Fastball,Changeup,BallCalled,Undefined,Undefined,Undefined,0,0,,85.17823,-1.544679,4.730942,2131.899796,133.242081,10:30,5.99211,-1.2581,6.37557,-21.74544,16.3758,-16.05788,2.75358,1.76643,77.58258,-5.6825,1.835461,0.44438,,,,,,,,,,,,9.64162,9.34178,0.92267,50,5.86997,-9.58298,-123.356,-3.91793,14.81542,25.16866,-17.81939,TEN_WES,UNI_PIK,JackBowlingField,NAIA,NAIA,20260313-JackBowlingField-1,0aa625d0-1f33-11f1-9965-8dd811638774,84.82023,,,7.59566,,,,,,,295b43c0-2fb4-429e-a1d1-ef411f70d0c1,2026-03-13,23:19:09.93,2026-03-13T19:19:09.9320000-04:00,2026-03-13T23:19:09.9320000Z,,v3,10044917,,,"Tolson, Jacob",10035532,Right,TEN_WES,66a0cb3a-8dc4-41ef-8c03-061910bb674e,54.12297,-124.19437,12.58433,5.99059,-3.32436,-8.9097,1.2501,-10.07648,7.40771,,,,,,,,,,,,,,,,,,,,,,,,,,,,,,,,,,,,,,,,,,,,,,,,,,,High,High,High,,,,,,,,,,,,,,,,,,,,,,,,,,,,,,,,,,,,,,,
146,2026-03-13,19:19:27.36,3,3,"Jackson, Justin",1000236858,Left,TEN_WES,"Subero, Francis",10157150,Right,UNI_PIK,Undefined,5,Top,1,1,1,Slider,Slider,BallCalled,Undefined,Undefined,Undefined,0,0,,76.37446,0.21877,1.441872,2187.766411,294.286322,3:45,5.7672,-1.39499,5.87979,-53.31176,-5.31213,15.05993,1.5278,1.19937,70.45864,-9.527046,4.148392,0.498644,,,,,,,,,,,,-7.31898,-2.35882,1.26971,50,5.75401,-3.33193,-110.99359,-1.23422,-9.09019,20.6813,-35.10373,TEN_WES,UNI_PIK,JackBowlingField,NAIA,NAIA,20260313-JackBowlingField-1,14f0e200-1f33-11f1-9965-8dd811638774,75.58994,,,5.91582,,,,,,,295b43c0-2fb4-429e-a1d1-ef411f70d0c1,2026-03-13,23:19:27.36,2026-03-13T19:19:27.3660000-04:00,2026-03-13T23:19:27.3660000Z,,v3,10044917,,,"Tolson, Jacob",10035532,Right,TEN_WES,0afed2ff-9ca9-48db-b438-1108b7228a2a,54.62338,-111.85174,10.34065,5.775,0.22238,-17.55186,1.40014,-2.95474,-4.5451,,,,,,,,,,,,,,,,,,,,,,,,,,,,,,,,,,,,,,,,,,,,,,,,,,,High,High,High,,,,,,,,,,,,,,,,,,,,,,,,,,,,,,,,,,,,,,,
147,2026-03-13,19:19:46.21,3,4,"Jackson, Justin",1000236858,Left,TEN_WES,"Subero, Francis",10157150,Right,UNI_PIK,Undefined,5,Top,1,2,1,Slider,Slider,BallCalled,Undefined,Undefined,Undefined,0,0,,76.28556,0.019529,1.550103,2179.03983,300.83417,4:00,5.65584,-1.62522,5.81356,-55.99999,-7.29697,14.97713,1.00735,1.06462,69.84181,-10.209748,4.239851,0.502284,,,,,,,,,,,,-7.17414,-3.27205,1.48917,50,5.62425,-3.54073,-110.74735,-1.72844,-8.77966,22.47829,-36.17837,TEN_WES,UNI_PIK,JackBowlingField,NAIA,NAIA,20260313-JackBowlingField-1,202fe940-1f33-11f1-9965-8dd811638774,75.04207,,,6.44375,,,,,,,295b43c0-2fb4-429e-a1d1-ef411f70d0c1,2026-03-13,23:19:46.21,2026-03-13T19:19:46.2110000-04:00,2026-03-13T23:19:46.2110000Z,,v3,10044917,,,"Tolson, Jacob",10035532,Right,TEN_WES,d106e43b-543d-49b5-98fe-6dba712b6049,54.68881,-111.69498,11.23914,5.66497,-0.20325,-18.08918,1.63064,-3.1706,-4.38983,,,,,,,,,,,,,,,,,,,,,,,,,,,,,,,,,,,,,,,,,,,,,,,,,,,High,High,High,,,,,,,,,,,,,,,,,,,,,,,,,,,,,,,,,,,,,,,
148,2026-03-13,19:20:03.72,3,5,"Jackson, Justin",1000236858,Left,TEN_WES,"Subero, Francis",10157150,Right,UNI_PIK,Undefined,5,Top,1,3,1,Fastball,Changeup,FoulBallNotFieldable,Undefined,Undefined,Undefined,0,0,,84.60851,0.28343,3.189043,2140.277416,111.824566,9:45,5.55747,-1.77118,6.39865,-28.94553,9.69591,-20.90682,3.40641,-0.57755,76.68716,-5.181739,-0.594429,0.447402,53.82073,29.83143,-151.218527,4908.498179,,,,,34.48328,,,11.8717,5.35933,1.55124,50,5.56462,-6.05085,-122.79259,-0.23062,17.95013,26.51812,-24.07066,TEN_WES,UNI_PIK,JackBowlingField,NAIA,NAIA,20260313-JackBowlingField-1,2a9902e0-1f33-11f1-9965-8dd811638774,84.24734,18.19857,,7.92134,,,,1.5934,2.94657,0.93571,295b43c0-2fb4-429e-a1d1-ef411f70d0c1,2026-03-13,23:20:03.72,2026-03-13T19:20:03.7240000-04:00,2026-03-13T23:20:03.7240000Z,,v3,10044917,,,"Tolson, Jacob",10035532,Right,TEN_WES,b2beb48e-8620-433b-ad6f-e726473382c7,54.10178,-123.67523,13.25906,5.55896,0.57055,-12.03533,1.76259,-6.64831,8.97507,56.687538,1.5934,-60.01772,-2.17712,0.71173,-0.00459,0.02447,0.00385,-0.03096,0.00848,2.94657,39.26718,-20.69808,1.27279,-0.25757,0.08769,0.0077,0.0159,-0.01527,0.93571,-32.96975,5.81574,-0.67178,0.22948,-0.00896,0.0078,-0.01612,0.00198,,,,,,,,,,,,,,,,,,,,,,,High,High,High,Medium,Undefined,,,,,,,,,,,,,,,,,,,,,,,,,,,,,,,,,,,,,
149,2026-03-13,19:20:42.39,3,6,"Jackson, Justin",1000236858,Left,TEN_WES,"Subero, Francis",10157150,Right,UNI_PIK,Undefined,5,Top,1,3,2,Fastball,Changeup,FoulBallNotFieldable,Undefined,Undefined,Undefined,0,0,,85.35231,-0.206475,4.356744,2185.171401,126.50279,10:15,5.53243,-1.88829,6.45485,-23.07277,14.78678,-18.25969,3.41946,0.60025,77.49088,-4.602712,1.056667,0.442853,69.31255,44.609891,-144.736283,5001.6608,,,,,25.34972,,,10.85784,8.1678,1.58729,50,5.50735,-8.74639,-123.74813,-1.07016,16.73573,26.07905,-19.58458,TEN_WES,UNI_PIK,JackBowlingField,NAIA,NAIA,20260313-JackBowlingField-1,41a65910-1f33-11f1-9965-8dd811638774,85.11285,25.66172,,7.86143,,,,0.72442,3.4305,-0.62689,295b43c0-2fb4-429e-a1d1-ef411f70d0c1,2026-03-13,23:20:42.39,2026-03-13T19:20:42.3950000-04:00,2026-03-13T23:20:42.3950000Z,,v3,10044917,,,"Tolson, Jacob",10035532,Right,TEN_WES,f2a45a69-c9ad-4bde-bdd5-cf43cd005df8,54.04582,-124.59784,13.03952,5.53183,-0.43205,-9.79229,1.88115,-9.29167,8.36786,,0.72746,-59.20456,2.192,,,,,,,3.44277,70.94529,-29.0506,,,,,,,-0.635,-41.48681,10.6441,,,,,,,,,,,,,,,,,,,,,,,,,,,,,High,High,High,Medium,Undefined,,,,,,,,,,,,,,,,,,,,,,,,,,,,,,,,,,,,,
150,2026-03-13,19:21:04.23,3,7,"Jackson, Justin",1000236858,Left,TEN_WES,"Subero, Francis",10157150,Right,UNI_PIK,Undefined,5,Top,1,3,2,Fastball,Changeup,FoulBallNotFieldable,Undefined,Undefined,Undefined,0,0,,85.60145,-0.909577,3.068684,2167.643426,120.606718,10:00,5.55763,-1.93287,6.26064,-25.97364,11.83619,-17.88186,2.5532,-0.59078,77.96279,-5.803688,-0.159885,0.442562,10.18733,-42.337632,7.554867,,,,,4.90012,1.94571,11.4049,0.25045,10.20725,6.7841,1.71374,50,5.47737,-5.97352,-124.24302,-2.74029,15.86713,26.17033,-21.62822,TEN_WES,UNI_PIK,JackBowlingField,NAIA,NAIA,20260313-JackBowlingField-1,4ea84600-1f33-11f1-9965-8dd811638774,85.16878,2.97565,,7.63867,,,,1.56582,2.97565,0.53957,295b43c0-2fb4-429e-a1d1-ef411f70d0c1,2026-03-13,23:21:04.23,2026-03-13T19:21:04.2340000-04:00,2026-03-13T23:21:04.2340000Z,GroundBall,v3,10044917,,,"Tolson, Jacob",10035532,Right,TEN_WES,dada8d3c-e725-4618-88c6-903a73c5c93f,54.24008,-125.13296,13.08517,5.55805,-2.00481,-10.81411,1.92605,-6.51309,7.93356,180,1.48609,12.9269,,,,,,,,3.04893,-11.88124,,,,,,,,0.529,1.71446,,,,,,,,,,,,,,,,,,,,,,,,,,,,,,High,High,High,Low,Low,,,,,,,,,,,,,,,,,,,,,,,,,,,,,,,,,,,,,
151,2026-03-13,19:21:41.52,3,8,"Jackson, Justin",1000236858,Left,TEN_WES,"Subero, Francis",10157150,Right,UNI_PIK,Undefined,5,Top,1,3,2,Fastball,Changeup,BallCalled,Walk,Undefined,Undefined,0,0,,86.04096,-1.97356,4.391568,2129.285897,110.933775,9:45,5.56524,-1.71403,6.24738,-28.38761,9.0502,-20.46997,1.37331,0.63844,78.74073,-7.276145,0.701508,0.440379,,,,,,,,,,,,11.86595,5.62012,1.39661,50,5.40399,-8.78419,-124.69514,-5.17941,18.65884,25.37328,-23.33658,TEN_WES,UNI_PIK,JackBowlingField,NAIA,NAIA,20260313-JackBowlingField-1,64dffcb0-1f33-11f1-9965-8dd811638774,85.59089,,,7.30024,,,,,,,295b43c0-2fb4-429e-a1d1-ef411f70d0c1,2026-03-13,23:21:41.52,2026-03-13T19:21:41.5220000-04:00,2026-03-13T23:21:41.5220000Z,,v3,10044917,,,"Tolson, Jacob",10035532,Right,TEN_WES,116f5edd-3d18-41e6-a376-61bba0da0a2c,54.25422,-125.55781,12.68664,5.5666,-4.38598,-11.66829,1.70605,-9.41858,9.32942,,,,,,,,,,,,,,,,,,,,,,,,,,,,,,,,,,,,,,,,,,,,,,,,,,,High,High,High,,,,,,,,,,,,,,,,,,,,,,,,,,,,,,,,,,,,,,,
152,2026-03-13,19:22:10.77,4,1,"Jackson, Justin",1000236858,Left,TEN_WES,"Brooks, Noah",1000124173,Right,UNI_PIK,Undefined,5,Top,1,0,0,Fastball,Changeup,StrikeCalled,Undefined,Undefined,Undefined,0,0,,85.43083,-1.253096,4.173086,2029.513448,109.80477,9:45,5.47243,-1.81019,6.25357,-29.04848,9.19697,-21.81041,1.89288,0.22749,77.46577,-6.707164,0.240101,0.445104,,,,,,,,,,,,12.51709,5.5639,1.50966,50,5.36505,-8.16623,-123.77376,-3.5964,19.22201,27.03039,-23.62981,TEN_WES,UNI_PIK,JackBowlingField,NAIA,NAIA,20260313-JackBowlingField-1,7654d420-1f33-11f1-9965-8dd811638774,84.68233,,,7.96506,,,,,,,295b43c0-2fb4-429e-a1d1-ef411f70d0c1,2026-03-13,23:22:10.77,2026-03-13T19:22:10.7740000-04:00,2026-03-13T23:22:10.7740000Z,,v3,10044917,,,"Tolson, Jacob",10035532,Right,TEN_WES,610124e6-86c1-45ee-9825-f221826b0354,54.24606,-124.69759,13.5152,5.47416,-2.78879,-11.81491,1.79999,-8.82319,9.611,,,,,,,,,,,,,,,,,,,,,,,,,,,,,,,,,,,,,,,,,,,,,,,,,,,High,High,High,,,,,,,,,,,,,,,,,,,,,,,,,,,,,,,,,,,,,,,
153,2026-03-13,19:22:27.00,4,2,"Jackson, Justin",1000236858,Left,TEN_WES,"Brooks, Noah",1000124173,Right,UNI_PIK,Undefined,5,Top,1,0,1,Fastball,Changeup,FoulBallNotFieldable,Undefined,Undefined,Undefined,0,0,,84.97872,-2.005969,2.222799,2187.421494,118.7566,10:00,5.86134,-1.50062,6.43264,-26.26352,11.7519,-19.16194,1.82695,-1.05352,77.76634,-6.948777,-1.253239,0.443763,,,,,,,,,,,,10.70808,7.09304,1.35082,50,5.70655,-4.08692,-123.43532,-5.07256,16.46052,25.40664,-21.27063,TEN_WES,UNI_PIK,JackBowlingField,NAIA,NAIA,20260313-JackBowlingField-1,7ffb12f0-1f33-11f1-9965-8dd811638774,84.93816,,,7.21239,,,,,,,295b43c0-2fb4-429e-a1d1-ef411f70d0c1,2026-03-13,23:22:27.00,2026-03-13T19:22:27.0000000-04:00,2026-03-13T23:22:27.0000000Z,,v3,10044917,,,"Tolson, Jacob",10035532,Right,TEN_WES,9e28a6fd-b75a-477a-bdf2-50c658f6e896,54.06895,-124.27,12.70332,5.86172,-4.37375,-10.63532,1.49398,-4.6277,8.23026,,,,,,,,,,,,,,,,,,,,,,,,,,,,,,,,,,,,,,,,,,,,,,,,,,,High,High,High,,,,,,,,,,,,,,,,,,,,,,,,,,,,,,,,,,,,,,,
154,2026-03-13,19:22:47.94,4,3,"Jackson, Justin",1000236858,Left,TEN_WES,"Brooks, Noah",1000124173,Right,UNI_PIK,Undefined,5,Top,1,0,2,Fastball,Changeup,BallCalled,Undefined,Undefined,Undefined,0,0,,84.48722,-0.785647,0.79116,2114.096608,125.986867,10:15,5.91231,-1.41864,6.27485,-24.56238,14.68627,-18.21844,3.14111,-2.20748,75.99916,-5.464499,-2.50345,0.450903,,,,,,,,,,,,9.62351,8.3013,1.36807,50,5.84241,-0.96787,-122.58287,-2.36106,14.35468,28.68256,-19.79163,TEN_WES,UNI_PIK,JackBowlingField,NAIA,NAIA,20260313-JackBowlingField-1,8c7ad790-1f33-11f1-9965-8dd811638774,83.59315,,,8.48805,,,,,,,295b43c0-2fb4-429e-a1d1-ef411f70d0c1,2026-03-13,23:22:47.94,2026-03-13T19:22:47.9400000-04:00,2026-03-13T23:22:47.9400000Z,,v3,10044917,,,"Tolson, Jacob",10035532,Right,TEN_WES,fdf8f762-4dc2-45c2-a79d-86857f4e6e65,54.22155,-123.5667,14.34128,5.91175,-1.68219,-9.89581,1.40972,-1.46025,7.17734,,,,,,,,,,,,,,,,,,,,,,,,,,,,,,,,,,,,,,,,,,,,,,,,,,,High,High,High,,,,,,,,,,,,,,,,,,,,,,,,,,,,,,,,,,,,,,,
155,2026-03-13,19:23:04.90,4,4,"Jackson, Justin",1000236858,Left,TEN_WES,"Brooks, Noah",1000124173,Right,UNI_PIK,Undefined,5,Top,1,1,2,ChangeUp,Changeup,FoulBallNotFieldable,Undefined,Undefined,Undefined,0,0,,79.57673,0.427917,2.18191,1174.395874,107.784425,9:30,5.64593,-1.70123,5.66115,-41.44892,4.16382,-7.445,2.5912,-0.28596,71.29122,-7.256657,0.851361,0.486088,72.16776,-31.119342,-58.524089,,,,,5.77811,5.77811,-37.426723,0.049123,4.55504,2.44854,1.52142,50,5.65625,-4.09678,-115.21627,-0.47613,5.9649,26.55496,-28.96765,TEN_WES,UNI_PIK,JackBowlingField,NAIA,NAIA,20260313-JackBowlingField-1,969b0150-1f33-11f1-9965-8dd811638774,77.54249,2.69707,,8.28551,,,,2.25588,2.69707,0.29859,295b43c0-2fb4-429e-a1d1-ef411f70d0c1,2026-03-13,23:23:04.90,2026-03-13T19:23:04.9010000-04:00,2026-03-13T23:23:04.9010000Z,GroundBall,v3,10044917,,,"Tolson, Jacob",10035532,Right,TEN_WES,154b2e6c-5767-4d44-bf0f-34cba27f9e29,54.8362,-116.32557,13.27748,5.65087,0.73396,-14.48383,1.69777,-4.34596,2.98245,,2.2545,47.48729,,,,,,,,2.69866,-54.90488,,,,,,,,0.30084,-77.5654,,,,,,,,,,,,,,,,,,,,,,,,,,,,,,High,High,High,Estimated,Estimated,,,,,,,,,,,,,,,,,,,,,,,,,,,,,,,,,,,,,
156,2026-03-13,19:23:39.34,4,5,"Jackson, Justin",1000236858,Left,TEN_WES,"Brooks, Noah",1000124173,Right,UNI_PIK,Undefined,5,Top,1,1,2,Fastball,Sinker,BallCalled,Undefined,Undefined,Undefined,0,0,,85.80942,0.033022,0.544557,1992.623277,123.929987,10:15,5.62187,-1.63897,6.24532,-26.45931,11.86926,-15.42973,3.44739,-2.4225,76.64286,-5.000853,-2.243971,0.445587,,,,,,,,,,,,8.06048,6.57307,1.60499,50,5.61161,-0.54235,-124.4064,-0.70283,12.30627,30.96169,-22.13867,TEN_WES,UNI_PIK,JackBowlingField,NAIA,NAIA,20260313-JackBowlingField-1,ab1f89c0-1f33-11f1-9965-8dd811638774,84.59049,,,9.16656,,,,,,,295b43c0-2fb4-429e-a1d1-ef411f70d0c1,2026-03-13,23:23:39.34,2026-03-13T19:23:39.3450000-04:00,2026-03-13T23:23:39.3450000Z,,v3,10044917,,,"Tolson, Jacob",10035532,Right,TEN_WES,096f9510-7f2a-484d-88b0-0a995a9977ab,54.2487,-125.45934,15.48084,5.62271,0.05006,-11.06934,1.63055,-0.96086,6.15313,,,,,,,,,,,,,,,,,,,,,,,,,,,,,,,,,,,,,,,,,,,,,,,,,,,High,High,High,,,,,,,,,,,,,,,,,,,,,,,,,,,,,,,,,,,,,,,
157,2026-03-13,19:23:57.48,4,6,"Jackson, Justin",1000236858,Left,TEN_WES,"Brooks, Noah",1000124173,Right,UNI_PIK,Undefined,5,Top,1,2,2,Fastball,Changeup,InPlay,Undefined,Popup,Out,1,0,,85.84404,-1.066279,2.392006,2102.943743,124.281913,10:15,5.955,-1.36932,6.48965,-24.93009,12.7552,-16.67343,2.89761,-0.56145,77.31215,-5.8173,-0.633797,0.441832,,,,,,,,,,,,9.54276,7.43122,1.20834,50,5.86924,-4.5733,-124.55539,-3.0077,14.71167,29.37007,-20.71765,TEN_WES,UNI_PIK,JackBowlingField,NAIA,NAIA,20260313-JackBowlingField-1,b5eedf40-1f33-11f1-9965-8dd811638774,85.3094,,,8.53188,,,,,,,295b43c0-2fb4-429e-a1d1-ef411f70d0c1,2026-03-13,23:23:57.48,2026-03-13T19:23:57.4890000-04:00,2026-03-13T23:23:57.4890000Z,,v3,10044917,,,"Tolson, Jacob",10035532,Right,TEN_WES,6308244f-ed40-49fb-b947-dd072fa27c8b,54.0094,-125.49724,14.68503,5.95504,-2.34332,-10.35883,1.36257,-5.04509,7.35583,,,,,,,,,,,,,,,,,,,,,,,,,,,,,,,,,,,,,,,,,,,,,,,,,,,High,High,High,,,,,,,,,,,,,,,,,,,,,,,,,,,,,,,,,,,,,,,
158,2026-03-13,19:24:39.56,5,1,"Jackson, Justin",1000236858,Left,TEN_WES,"Gledhill, Garren",10316648,Left,UNI_PIK,Undefined,5,Top,2,0,0,Fastball,Changeup,StrikeCalled,Undefined,Undefined,Undefined,0,0,,85.02919,-1.515855,4.084592,2082.950299,113.320537,9:45,5.78031,-1.41569,6.44241,-28.26313,10.54379,-20.95013,2.02826,0.59816,76.20898,-6.876101,0.292495,0.448359,,,,,,,,,,,,12.258,6.47351,1.1336,50,5.66004,-7.96961,-123.06916,-4.07196,18.36581,29.68216,-22.47497,TEN_WES,UNI_PIK,JackBowlingField,NAIA,NAIA,20260313-JackBowlingField-1,cf041360-1f33-11f1-9965-8dd811638774,84.06751,,,8.8202,,,,,,,295b43c0-2fb4-429e-a1d1-ef411f70d0c1,2026-03-13,23:24:39.56,2026-03-13T19:24:39.5670000-04:00,2026-03-13T23:24:39.5670000Z,,v3,10044917,,,"Tolson, Jacob",10035532,Right,TEN_WES,b9727a0c-3840-472f-bbe5-350d9cf8a371,54.05495,-124.04328,14.84108,5.78157,-3.33436,-11.23748,1.40504,-8.57235,9.1829,,,,,,,,,,,,,,,,,,,,,,,,,,,,,,,,,,,,,,,,,,,,,,,,,,,High,High,High,,,,,,,,,,,,,,,,,,,,,,,,,,,,,,,,,,,,,,,
159,2026-03-13,19:24:56.55,5,2,"Jackson, Justin",1000236858,Left,TEN_WES,"Gledhill, Garren",10316648,Left,UNI_PIK,Undefined,5,Top,2,0,1,Fastball,Changeup,BallCalled,Undefined,Undefined,Undefined,0,0,,85.37826,-0.191052,5.359992,2045.76197,122.339103,10:00,5.66142,-1.51764,6.59346,-25.92045,12.26989,-17.12068,3.32556,1.98116,76.62987,-5.13742,2.265201,0.444783,,,,,,,,,,,,10.65646,6.918,1.15624,50,5.63759,-10.92183,-123.45679,-1.11392,16.15784,28.60729,-21.68466,TEN_WES,UNI_PIK,JackBowlingField,NAIA,NAIA,20260313-JackBowlingField-1,d9266000-1f33-11f1-9965-8dd811638774,84.74345,,,8.74839,,,,,,,295b43c0-2fb4-429e-a1d1-ef411f70d0c1,2026-03-13,23:24:56.55,2026-03-13T19:24:56.5550000-04:00,2026-03-13T23:24:56.5550000Z,,v3,10044917,,,"Tolson, Jacob",10035532,Right,TEN_WES,65225354-c9fa-4db5-80e5-cde0d0b1aaa7,53.90347,-124.358,14.30365,5.66192,-0.43079,-10.84233,1.50833,-11.43086,8.07892,,,,,,,,,,,,,,,,,,,,,,,,,,,,,,,,,,,,,,,,,,,,,,,,,,,High,High,High,,,,,,,,,,,,,,,,,,,,,,,,,,,,,,,,,,,,,,,
160,2026-03-13,19:25:14.81,5,3,"Jackson, Justin",1000236858,Left,TEN_WES,"Gledhill, Garren",10316648,Left,UNI_PIK,Undefined,5,Top,2,1,1,Fastball,Changeup,BallCalled,Undefined,Undefined,Undefined,0,0,,84.42233,-1.14807,3.547673,2053.775117,128.867635,10:15,5.82953,-1.32293,6.56214,-25.0493,13.82717,-15.38568,2.68737,0.65162,76.10234,-5.930193,0.756462,0.448761,68.2526,17.936728,-161.533042,3441.389749,,,,,29.22438,,,9.18859,8.04185,1.08401,50,5.73968,-7.00928,-122.36959,-3.11987,13.70476,27.83263,-20.17965,TEN_WES,UNI_PIK,JackBowlingField,NAIA,NAIA,20260313-JackBowlingField-1,e4091670-1f33-11f1-9965-8dd811638774,83.99229,10.27947,,8.32,,,,1.01255,2.52451,-0.60945,295b43c0-2fb4-429e-a1d1-ef411f70d0c1,2026-03-13,23:25:14.81,2026-03-13T19:25:14.8170000-04:00,2026-03-13T23:25:14.8170000Z,,v3,10044917,,,"Tolson, Jacob",10035532,Right,TEN_WES,73218c4a-0fd8-4693-bd86-8caf57d5a28f,53.93567,-123.2615,13.91632,5.8293,-2.47321,-10.08983,1.31566,-7.44845,6.85238,,1.01239,-90.32972,9.52072,,,,,,,2.52944,30.6302,-21.98056,,,,,,,-0.61878,-29.79049,17.145,,,,,,,,,,,,,,,,,,,,,,,,,,,,,High,High,High,High,Undefined,,,,,,,,,,,,,,,,,,,,,,,,,,,,,,,,,,,,,
161,2026-03-13,19:25:36.18,5,4,"Jackson, Justin",1000236858,Left,TEN_WES,"Gledhill, Garren",10316648,Left,UNI_PIK,Undefined,5,Top,2,2,1,Fastball,Changeup,FoulBallNotFieldable,Undefined,Undefined,Undefined,0,0,,85.93115,-2.200706,2.984204,2230.264535,118.63209,10:00,5.83396,-1.65785,6.51003,-26.40041,11.1076,-17.87481,1.61057,-0.40629,77.81294,-7.194825,-0.260899,0.440792,,,,,,,,,,,,10.30111,6.92134,1.4565,50,5.66872,-5.81744,-124.60094,-5.54098,15.96314,28.37318,-21.44839,TEN_WES,UNI_PIK,JackBowlingField,NAIA,NAIA,20260313-JackBowlingField-1,f0d43bf0-1f33-11f1-9965-8dd811638774,85.51078,,,8.11821,,,,,,,295b43c0-2fb4-429e-a1d1-ef411f70d0c1,2026-03-13,23:25:36.18,2026-03-13T19:25:36.1800000-04:00,2026-03-13T23:25:36.1800000Z,,v3,10044917,,,"Tolson, Jacob",10035532,Right,TEN_WES,49130827-96d9-45b0-8416-fe15a3f07a79,53.98918,-125.50604,14.18659,5.83456,-4.85678,-10.7242,1.65019,-6.32666,7.98157,,,,,,,,,,,,,,,,,,,,,,,,,,,,,,,,,,,,,,,,,,,,,,,,,,,High,High,High,,,,,,,,,,,,,,,,,,,,,,,,,,,,,,,,,,,,,,,
162,2026-03-13,19:26:01.05,5,5,"Jackson, Justin",1000236858,Left,TEN_WES,"Gledhill, Garren",10316648,Left,UNI_PIK,Undefined,5,Top,2,2,2,Slider,Curveball,BallCalled,Undefined,Undefined,Undefined,0,0,,76.9982,-0.111884,1.929853,2152.600482,273.676937,3:00,5.5775,-1.73538,5.85505,-47.31286,0.59772,16.79005,1.53075,1.45758,70.08106,-8.815885,4.941428,0.498181,,,,,,,,,,,,-7.96804,0.82567,1.56873,50,5.54101,-4.37895,-111.68814,-1.67808,-9.88945,23.3856,-31.14927,TEN_WES,UNI_PIK,JackBowlingField,NAIA,NAIA,20260313-JackBowlingField-1,ff97af00-1f33-11f1-9965-8dd811638774,75.66014,,,6.91715,,,,,,,295b43c0-2fb4-429e-a1d1-ef411f70d0c1,2026-03-13,23:26:01.05,2026-03-13T19:26:01.0540000-04:00,2026-03-13T23:26:01.0540000Z,,v3,10044917,,,"Tolson, Jacob",10035532,Right,TEN_WES,cafb10a7-e88a-4144-b050-cb3b609889fe,54.64512,-112.65655,11.6928,5.5838,-0.38817,-15.57463,1.74158,-3.96942,-4.94472,,,,,,,,,,,,,,,,,,,,,,,,,,,,,,,,,,,,,,,,,,,,,,,,,,,High,High,High,,,,,,,,,,,,,,,,,,,,,,,,,,,,,,,,,,,,,,,
163,2026-03-13,19:26:22.07,5,6,"Jackson, Justin",1000236858,Left,TEN_WES,"Gledhill, Garren",10316648,Left,UNI_PIK,Undefined,5,Top,2,3,2,Fastball,Sinker,InPlay,Undefined,Popup,Out,1,0,,86.50364,-1.715289,2.890512,2274.101665,132.137575,10:30,6.12275,-1.2728,6.39693,-19.80985,17.67375,-17.9232,2.89191,-0.10576,77.42845,-5.544285,-0.353764,0.440648,58.27614,56.921566,-3.69975,,,,,134.32015,121.60474,-7.025532,4.246248,10.31457,10.21347,1.0728,50,5.99033,-5.6215,-125.32906,-4.26108,16.02264,30.84428,-16.30851,TEN_WES,UNI_PIK,JackBowlingField,NAIA,NAIA,20260313-JackBowlingField-1,0c174c90-1f34-11f1-9965-8dd811638774,85.53861,71.84754,,9.0752,,,,0.9003,3.00068,0.11946,295b43c0-2fb4-429e-a1d1-ef411f70d0c1,2026-03-13,23:26:22.07,2026-03-13T19:26:22.0710000-04:00,2026-03-13T23:26:22.0710000Z,Popup,v3,10044917,,,"Tolson, Jacob",10035532,Right,TEN_WES,cb5688af-5142-41b7-b819-d72b0fbfcc08,54.10045,-126.33417,15.42214,6.12053,-3.72964,-8.15426,1.26449,-6.14363,8.01132,181.056619,0.89942,46.56215,-9.66966,2.74025,-0.35424,-0.10791,0.06593,-0.01254,0.00084,2.99772,71.69629,-21.47033,2.37376,-0.91732,0.34239,-0.07802,0.00901,-0.00041,0.12024,-3.02333,0.87189,-0.59697,0.07698,0.06889,-0.03984,0.00803,-0.00057,,,,,,,,,,,,,,,,,,,,,,,High,High,High,High,Medium,,,,,,,,,,,,,,,,,,,,,,,,,,,,,,,,,,,,,
164,2026-03-13,19:28:43.38,1,1,"Berry, Isaac",10071639,Right,UNI_PIK,"McGill, Cody",1000087887,Left,TEN_WES,Undefined,5,Bottom,0,0,0,Cutter,Slider,StrikeCalled,Undefined,Undefined,Undefined,0,0,,80.82549,-0.140658,-1.029889,2234.639133,82.740863,8:45,5.73614,2.34396,6.35057,-42.21931,0.81827,-6.58587,2.08837,0.84702,72.59906,-8.033552,-2.223778,0.472167,,,,,,,,,,,,3.03079,1.01626,-2.26649,50,5.7071,2.35516,-117.2278,-1.56095,4.10421,27.70748,-30.79787,TEN_WES,UNI_PIK,JackBowlingField,NAIA,NAIA,20260313-JackBowlingField-1,605bdeb0-1f34-11f1-9965-8dd811638774,79.82865,,,8.22642,,,,,,,295b43c0-2fb4-429e-a1d1-ef411f70d0c1,2026-03-13,23:28:43.38,2026-03-13T19:28:43.3830000-04:00,2026-03-13T23:28:43.3830000Z,,v3,10044917,,,"Brook, Tyler",1000078727,Right,UNI_PIK,1508e3f8-11ed-45ed-96a4-f2d7b2f65807,54.14565,-118.20359,13.85374,5.74297,-0.47633,-15.39894,-2.34688,2.21063,2.0521,,,,,,,,,,,,,,,,,,,,,,,,,,,,,,,,,,,,,,,,,,,,,,,,,,,High,High,High,,,,,,,,,,,,,,,,,,,,,,,,,,,,,,,,,,,,,,,
165,2026-03-13,19:28:55.94,1,2,"Berry, Isaac",10071639,Right,UNI_PIK,"McGill, Cody",1000087887,Left,TEN_WES,Undefined,5,Bottom,0,0,1,Slider,Curveball,BallCalled,Undefined,Undefined,Undefined,0,0,,72.58413,3.928263,-0.553322,2067.33366,63.945956,8:15,5.88884,2.09327,6.25469,-58.46759,-5.438,-14.80013,4.64493,0.34966,65.81076,-6.92932,-3.224383,0.52412,,,,,,,,,,,,7.39914,-3.38244,-2.04576,50,6.1536,1.52589,-105.22227,5.5687,8.19044,19.96225,-35.91823,TEN_WES,UNI_PIK,JackBowlingField,NAIA,NAIA,20260313-JackBowlingField-1,67ddddf0-1f34-11f1-9965-8dd811638774,71.91571,,,6.77337,,,,,,,295b43c0-2fb4-429e-a1d1-ef411f70d0c1,2026-03-13,23:28:55.94,2026-03-13T19:28:55.9470000-04:00,2026-03-13T23:28:55.9470000Z,,v3,10044917,,,"Brook, Tyler",1000078727,Right,UNI_PIK,c44d7f2d-0daa-4290-867c-ef94190cb84c,54.24585,-106.02471,9.98113,5.90073,7.01254,-17.95911,-2.10048,1.19665,4.09522,,,,,,,,,,,,,,,,,,,,,,,,,,,,,,,,,,,,,,,,,,,,,,,,,,,High,High,High,,,,,,,,,,,,,,,,,,,,,,,,,,,,,,,,,,,,,,,
166,2026-03-13,19:29:10.04,1,3,"Berry, Isaac",10071639,Right,UNI_PIK,"McGill, Cody",1000087887,Left,TEN_WES,Undefined,5,Bottom,0,1,1,Cutter,Slider,FoulBallNotFieldable,Undefined,Undefined,Undefined,0,0,,80.22603,-0.537715,-1.152315,2319.74656,128.936144,10:15,5.59956,2.37904,6.47454,-37.27687,5.06382,-4.67075,1.99924,0.93145,73.89149,-7.486737,-2.000718,0.468328,,,,,,,,,,,,2.14378,3.17028,-2.29589,50,5.54516,2.50638,-116.69251,-2.14817,2.95698,21.88919,-27.80115,TEN_WES,UNI_PIK,JackBowlingField,NAIA,NAIA,20260313-JackBowlingField-1,703e2f40-1f34-11f1-9965-8dd811638774,80.48294,,,6.33454,,,,,,,295b43c0-2fb4-429e-a1d1-ef411f70d0c1,2026-03-13,23:29:10.04,2026-03-13T19:29:10.0430000-04:00,2026-03-13T23:29:10.0430000Z,,v3,10044917,,,"Brook, Tyler",1000078727,Right,UNI_PIK,aef9aa75-6ac5-4f1a-bd9a-fd93fb658440,54.02691,-117.44545,10.94459,5.60261,-1.19187,-13.90058,-2.38036,2.40467,1.47849,,,,,,,,,,,,,,,,,,,,,,,,,,,,,,,,,,,,,,,,,,,,,,,,,,,High,High,High,,,,,,,,,,,,,,,,,,,,,,,,,,,,,,,,,,,,,,,
167,2026-03-13,19:29:29.04,1,4,"Berry, Isaac",10071639,Right,UNI_PIK,"McGill, Cody",1000087887,Left,TEN_WES,Undefined,5,Bottom,0,1,2,Sinker,Changeup,BallCalled,Undefined,Undefined,Undefined,0,0,,83.56776,-0.337158,-1.478262,2063.26365,223.571771,1:30,5.73805,2.45525,7.0497,-28.19974,10.1104,8.45567,3.08173,1.81688,76.39949,-5.710034,0.073421,0.44548,,,,,,,,,,,,-4.91386,5.89449,-2.36795,50,5.7086,2.84748,-121.56683,-1.42028,-7.33006,24.54061,-23.3812,TEN_WES,UNI_PIK,JackBowlingField,NAIA,NAIA,20260313-JackBowlingField-1,7b8dd850-1f34-11f1-9965-8dd811638774,84.61086,,,7.16826,,,,,,,295b43c0-2fb4-429e-a1d1-ef411f70d0c1,2026-03-13,23:29:29.04,2026-03-13T19:29:29.0460000-04:00,2026-03-13T23:29:29.0460000Z,,v3,10044917,,,"Brook, Tyler",1000078727,Right,UNI_PIK,dac72600-95fa-47b3-b2f7-316801a496ac,53.44896,-122.26109,12.27031,5.73942,-0.75882,-11.6906,-2.45144,3.05485,-3.66503,,,,,,,,,,,,,,,,,,,,,,,,,,,,,,,,,,,,,,,,,,,,,,,,,,,High,High,High,,,,,,,,,,,,,,,,,,,,,,,,,,,,,,,,,,,,,,,
168,2026-03-13,19:29:42.63,1,5,"Berry, Isaac",10071639,Right,UNI_PIK,"McGill, Cody",1000087887,Left,TEN_WES,Undefined,5,Bottom,0,2,2,Slider,Curveball,FoulBallNotFieldable,Undefined,Undefined,Undefined,0,0,,72.36018,1.130486,-0.727642,2070.01797,53.22074,7:45,5.58551,1.9751,6.68491,-63.41283,-10.88678,-17.00658,1.33534,-0.1077,66.06974,-10.655306,-3.835198,0.521625,,,,,,,,,,,,8.78689,-5.68221,-1.92027,50,5.63652,1.85221,-105.2243,0.43393,9.65031,21.25638,-38.41462,TEN_WES,UNI_PIK,JackBowlingField,NAIA,NAIA,20260313-JackBowlingField-1,83af4be0-1f34-11f1-9965-8dd811638774,72.25959,,,6.29044,,,,,,,295b43c0-2fb4-429e-a1d1-ef411f70d0c1,2026-03-13,23:29:42.63,2026-03-13T19:29:42.6330000-04:00,2026-03-13T23:29:42.6330000Z,,v3,10044917,,,"Brook, Tyler",1000078727,Right,UNI_PIK,def2d3fe-1626-481c-a6be-8c7daca93090,53.81912,-105.99299,10.62819,5.59571,1.82311,-19.20731,-1.98094,1.50323,4.82515,,,,,,,,,,,,,,,,,,,,,,,,,,,,,,,,,,,,,,,,,,,,,,,,,,,High,High,High,,,,,,,,,,,,,,,,,,,,,,,,,,,,,,,,,,,,,,,
169,2026-03-13,19:29:58.31,1,6,"Berry, Isaac",10071639,Right,UNI_PIK,"McGill, Cody",1000087887,Left,TEN_WES,Undefined,5,Bottom,0,2,2,Cutter,Curveball,BallCalled,Undefined,Undefined,Undefined,0,0,,79.85059,1.619231,-0.795476,2206.224897,37.308978,7:15,5.75584,2.27675,6.10128,-50.98719,-7.0893,-6.53563,3.00499,0.99636,72.63409,-7.797938,-1.974435,0.476863,,,,,,,,,,,,3.09288,-3.62418,-2.21236,50,5.85453,1.85824,-115.93964,1.63665,4.15912,24.11444,-37.0476,TEN_WES,UNI_PIK,JackBowlingField,NAIA,NAIA,20260313-JackBowlingField-1,8d02d6d0-1f34-11f1-9965-8dd811638774,79.04255,,,7.2165,,,,,,,295b43c0-2fb4-429e-a1d1-ef411f70d0c1,2026-03-13,23:29:58.31,2026-03-13T19:29:58.3120000-04:00,2026-03-13T23:29:58.3120000Z,,v3,10044917,,,"Brook, Tyler",1000078727,Right,UNI_PIK,e3fadd52-280b-47cb-b0f3-e6371e093038,54.39893,-116.851,12.05722,5.76622,3.03679,-18.5238,-2.27962,1.70106,2.07956,,,,,,,,,,,,,,,,,,,,,,,,,,,,,,,,,,,,,,,,,,,,,,,,,,,High,High,High,,,,,,,,,,,,,,,,,,,,,,,,,,,,,,,,,,,,,,,
170,2026-03-13,19:30:12.19,1,7,"Berry, Isaac",10071639,Right,UNI_PIK,"McGill, Cody",1000087887,Left,TEN_WES,Undefined,5,Bottom,0,3,2,Cutter,Curveball,StrikeSwinging,Strikeout,Undefined,Undefined,0,0,,78.77816,1.420939,-1.842004,2208.803427,62.745727,8:00,5.59998,2.32741,6.39105,-45.92711,-1.18555,-5.30996,3.08064,0.19007,71.44914,-7.143185,-2.803659,0.481423,,,,,,,,,,,,2.1602,-0.55803,-2.19282,50,5.68186,3.86816,-114.34341,1.48646,2.81857,23.92824,-32.90214,TEN_WES,UNI_PIK,JackBowlingField,NAIA,NAIA,20260313-JackBowlingField-1,954dcb60-1f34-11f1-9965-8dd811638774,78.29376,,,7.32903,,,,,,,295b43c0-2fb4-429e-a1d1-ef411f70d0c1,2026-03-13,23:30:12.19,2026-03-13T19:30:12.1980000-04:00,2026-03-13T23:30:12.1980000Z,,v3,10044917,,,"Brook, Tyler",1000078727,Right,UNI_PIK,52a49606-445f-4fab-884c-96878374cb4d,54.10769,-115.1998,11.96412,5.60759,2.66403,-16.45107,-2.32946,3.76729,1.40928,,,,,,,,,,,,,,,,,,,,,,,,,,,,,,,,,,,,,,,,,,,,,,,,,,,High,High,High,,,,,,,,,,,,,,,,,,,,,,,,,,,,,,,,,,,,,,,
171,2026-03-13,19:30:39.77,2,1,"Berry, Isaac",10071639,Right,UNI_PIK,"Tolson, Jacob",10035532,Right,TEN_WES,Undefined,5,Bottom,1,0,0,Fastball,Slider,BallinDirt,Undefined,Undefined,Undefined,0,0,,83.95293,-1.716154,-0.848256,2209.11785,110.825172,9:45,5.7514,2.00681,6.82276,-34.16529,4.3161,-8.01819,1.33807,0.56474,76.82208,-8.127658,-2.315396,0.446475,,,,,,,,,,,,4.00906,3.18713,-1.94966,50,5.62862,2.08339,-122.05305,-4.60318,5.99513,25.96722,-27.40804,TEN_WES,UNI_PIK,JackBowlingField,NAIA,NAIA,20260313-JackBowlingField-1,a5ba81a0-1f34-11f1-9965-8dd811638774,84.42231,,,7.13084,,,,,,,295b43c0-2fb4-429e-a1d1-ef411f70d0c1,2026-03-13,23:30:39.77,2026-03-13T19:30:39.7770000-04:00,2026-03-13T23:30:39.7770000Z,,v3,10044917,,,"Brook, Tyler",1000078727,Right,UNI_PIK,4c7765bd-f1a4-4455-b63f-d7fb00549c3c,53.67758,-122.83298,12.98361,5.75451,-3.77998,-13.70402,-2.00952,1.90332,2.99757,,,,,,,,,,,,,,,,,,,,,,,,,,,,,,,,,,,,,,,,,,,,,,,,,,,High,High,High,,,,,,,,,,,,,,,,,,,,,,,,,,,,,,,,,,,,,,,
172,2026-03-13,19:30:51.15,2,2,"Berry, Isaac",10071639,Right,UNI_PIK,"Tolson, Jacob",10035532,Right,TEN_WES,Undefined,5,Bottom,1,1,0,Cutter,Slider,InPlay,Undefined,FlyBall,Out,1,0,,81.71096,-0.010987,-1.110445,2261.650935,92.769201,9:00,5.69309,2.33618,6.62887,-39.31034,1.58957,-5.11571,2.40717,0.89297,74.63333,-7.367712,-2.042424,0.460291,77.49963,28.305275,-13.573881,3674.446133,108.18569,46.72047,-19.89543,271.50423,266.7156,-4.962406,3.883512,2.36764,1.22248,-2.25905,50,5.67652,2.47966,-118.80595,-1.14166,3.35476,24.59833,-30.44191,TEN_WES,UNI_PIK,JackBowlingField,NAIA,NAIA,20260313-JackBowlingField-1,ac7ba1e0-1f34-11f1-9965-8dd811638774,81.88828,51.31732,,7.07764,,,,1.70999,2.56559,-0.84083,295b43c0-2fb4-429e-a1d1-ef411f70d0c1,2026-03-13,23:30:51.15,2026-03-13T19:30:51.1560000-04:00,2026-03-13T23:30:51.1560000Z,LineDrive,v3,10044917,,,"Brook, Tyler",1000078727,Right,UNI_PIK,2804afb4-53e1-404c-a08d-ead1d16ab5e6,53.87179,-119.6049,12.29917,5.69754,-0.1529,-15.22096,-2.33782,2.3707,1.67738,213.188311,1.70968,97.28981,-14.53936,3.47007,-0.81255,0.22176,-0.05405,0.00805,-0.0005,2.56628,53.87468,-15.78981,0.33731,0.30879,-0.21309,0.06552,-0.00967,0.00055,-0.84056,-23.49598,8.77042,-2.09549,0.54712,-0.16259,0.04046,-0.00596,0.00036,,,,,,,,,,,,,,,,,,,,,,,High,High,High,High,High,,,,,,,,,,,,,,,,,,,,,,,,,,,,,,,,,,,,,
173,2026-03-13,19:31:24.60,3,1,"Berry, Isaac",10071639,Right,UNI_PIK,"Escoto, Hagen",1000136307,Right,TEN_WES,Undefined,5,Bottom,2,0,0,Fastball,Slider,StrikeCalled,Undefined,Undefined,Undefined,0,0,,83.59371,0.166704,-1.326078,2179.200377,134.537322,10:30,5.75138,2.10849,6.8396,-31.94427,7.15678,-5.86079,3.24143,0.41054,75.53147,-5.898641,-2.39688,0.450055,,,,,,,,,,,,2.64228,4.1876,-2.02198,50,5.7509,3.02342,-121.42319,-0.51054,3.87917,27.46334,-26.02614,TEN_WES,UNI_PIK,JackBowlingField,NAIA,NAIA,20260313-JackBowlingField-1,c073a1c0-1f34-11f1-9965-8dd811638774,83.75075,,,8.06224,,,,,,,295b43c0-2fb4-429e-a1d1-ef411f70d0c1,2026-03-13,23:31:24.60,2026-03-13T19:31:24.6030000-04:00,2026-03-13T23:31:24.6030000Z,,v3,10044917,,,"Brook, Tyler",1000078727,Right,UNI_PIK,7f1d9f9b-d209-44b9-840d-cb94e20e50f9,53.65682,-122.24749,13.73167,5.75449,0.27062,-13.01307,-2.11098,2.90699,1.93959,,,,,,,,,,,,,,,,,,,,,,,,,,,,,,,,,,,,,,,,,,,,,,,,,,,High,High,High,,,,,,,,,,,,,,,,,,,,,,,,,,,,,,,,,,,,,,,
174,2026-03-13,19:31:38.91,3,2,"Berry, Isaac",10071639,Right,UNI_PIK,"Escoto, Hagen",1000136307,Right,TEN_WES,Undefined,5,Bottom,2,0,1,Curveball,Curveball,BallCalled,Undefined,Undefined,Undefined,0,0,,74.68161,2.924277,-1.621754,2071.766754,61.58887,8:00,5.70876,1.9795,6.28346,-51.74089,-1.58461,-6.18961,4.09567,-0.03142,67.49894,-6.717713,-2.73947,0.509723,,,,,,,,,,,,2.65291,-1.15945,-1.85722,50,5.90067,3.28241,-108.26185,4.05595,3.09885,21.68636,-33.52836,TEN_WES,UNI_PIK,JackBowlingField,NAIA,NAIA,20260313-JackBowlingField-1,c8fc89b0-1f34-11f1-9965-8dd811638774,73.94692,,,7.18266,,,,,,,295b43c0-2fb4-429e-a1d1-ef411f70d0c1,2026-03-13,23:31:38.91,2026-03-13T19:31:38.9100000-04:00,2026-03-13T23:31:38.9100000Z,,v3,10044917,,,"Brook, Tyler",1000078727,Right,UNI_PIK,75890cc7-22bd-448f-b492-816691bf4717,54.21471,-109.10285,10.84318,5.71817,5.35619,-16.76418,-1.98218,3.16224,1.54943,,,,,,,,,,,,,,,,,,,,,,,,,,,,,,,,,,,,,,,,,,,,,,,,,,,High,High,High,,,,,,,,,,,,,,,,,,,,,,,,,,,,,,,,,,,,,,,
175,2026-03-13,19:31:53.49,3,3,"Berry, Isaac",10071639,Right,UNI_PIK,"Escoto, Hagen",1000136307,Right,TEN_WES,Undefined,5,Bottom,2,1,1,Curveball,Curveball,FoulBallNotFieldable,Undefined,Undefined,Undefined,0,0,,75.58329,1.901983,-1.090935,2261.606651,49.269124,7:45,5.66256,2.08325,6.51648,-53.97341,-5.42197,-8.31044,2.911,0.38955,68.41248,-8.168278,-2.601094,0.501502,63.23606,32.518035,150.216309,3588.108384,,,,,32.53907,,,4.00626,-3.02992,-2.00383,50,5.77227,2.36348,-109.75119,2.15494,4.78838,23.06102,-35.79551,TEN_WES,UNI_PIK,JackBowlingField,NAIA,NAIA,20260313-JackBowlingField-1,d1aa85d0-1f34-11f1-9965-8dd811638774,75.15914,20.45139,,7.1708,,,,2.10143,2.86235,-0.55353,295b43c0-2fb4-429e-a1d1-ef411f70d0c1,2026-03-13,23:31:53.49,2026-03-13T19:31:53.4930000-04:00,2026-03-13T23:31:53.4930000Z,,v3,10044917,,,"Brook, Tyler",1000078727,Right,UNI_PIK,e716660f-b6bd-45bc-acf2-072038dabf71,53.98467,-110.58528,11.53051,5.67092,3.44962,-17.89775,-2.08618,2.19029,2.39419,320.960876,2.10288,-67.91943,4.32553,,,,,,,2.87886,49.37791,-24.91213,,,,,,,-0.54451,38.585,-7.80236,,,,,,,,,,,,,,,,,,,,,,,,,,,,,High,High,High,High,Undefined,,,,,,,,,,,,,,,,,,,,,,,,,,,,,,,,,,,,,
176,2026-03-13,19:32:15.02,3,4,"Berry, Isaac",10071639,Right,UNI_PIK,"Escoto, Hagen",1000136307,Right,TEN_WES,Undefined,5,Bottom,2,1,2,Cutter,Slider,BallCalled,Undefined,Undefined,Undefined,0,0,,82.09391,1.932455,-1.723183,2161.804122,138.267112,10:30,5.70374,2.03629,6.49604,-36.85915,3.97162,-2.33626,4.40754,0.2593,74.54095,-4.988597,-2.146823,0.459902,,,,,,,,,,,,0.69236,1.93965,-1.9147,50,5.82357,3.67189,-119.18366,2.94604,0.9876,24.68372,-29.40728,TEN_WES,UNI_PIK,JackBowlingField,NAIA,NAIA,20260313-JackBowlingField-1,de7adb70-1f34-11f1-9965-8dd811638774,81.95758,,,7.55295,,,,,,,295b43c0-2fb4-429e-a1d1-ef411f70d0c1,2026-03-13,23:32:15.02,2026-03-13T19:32:15.0290000-04:00,2026-03-13T23:32:15.0290000Z,,v3,10044917,,,"Brook, Tyler",1000078727,Right,UNI_PIK,fadcb77b-a388-48b5-baca-b2c481bc1102,54.00203,-120.00964,12.34186,5.70852,3.93009,-14.70364,-2.03702,3.63884,0.4938,,,,,,,,,,,,,,,,,,,,,,,,,,,,,,,,,,,,,,,,,,,,,,,,,,,High,High,High,,,,,,,,,,,,,,,,,,,,,,,,,,,,,,,,,,,,,,,
177,2026-03-13,19:32:35.49,3,5,"Berry, Isaac",10071639,Right,UNI_PIK,"Escoto, Hagen",1000136307,Right,TEN_WES,Undefined,5,Bottom,2,2,2,Slider,Curveball,FoulBallNotFieldable,Undefined,Undefined,Undefined,0,0,,74.03123,2.054259,-1.865567,2057.237602,64.367255,8:15,5.72874,1.84713,6.56431,-56.4996,-5.77426,-15.85934,2.90553,-1.18538,66.95138,-8.488427,-4.746247,0.512606,,,,,,,,,,,,7.66422,-3.19453,-1.71266,50,5.84745,4.01663,-107.43678,2.32928,8.74636,22.71419,-35.81964,TEN_WES,UNI_PIK,JackBowlingField,NAIA,NAIA,20260313-JackBowlingField-1,eac0a450-1f34-11f1-9965-8dd811638774,73.53098,,,7.07985,,,,,,,295b43c0-2fb4-429e-a1d1-ef411f70d0c1,2026-03-13,23:32:35.49,2026-03-13T19:32:35.4900000-04:00,2026-03-13T23:32:35.4900000Z,,v3,10044917,,,"Brook, Tyler",1000078727,Right,UNI_PIK,afd77d0d-51c7-46db-84fa-a2a255eb418d,53.93656,-108.26584,11.3571,5.73858,3.63669,-17.90982,-1.85344,3.6974,4.37318,,,,,,,,,,,,,,,,,,,,,,,,,,,,,,,,,,,,,,,,,,,,,,,,,,,High,High,High,,,,,,,,,,,,,,,,,,,,,,,,,,,,,,,,,,,,,,,
178,2026-03-13,19:33:02.09,3,6,"Berry, Isaac",10071639,Right,UNI_PIK,"Escoto, Hagen",1000136307,Right,TEN_WES,Undefined,5,Bottom,2,2,2,Fastball,Slider,InPlay,Undefined,LineDrive,Single,0,0,,83.11893,-1.767637,-2.120006,2243.448107,144.025751,10:45,5.68575,1.97434,6.68244,-31.27191,8.60193,-5.20429,1.46127,-0.39942,75.32595,-7.666094,-3.068034,0.45448,83.1154,20.615958,2.252067,2423.409234,109.71119,31.34442,7.9651,275.51288,275.51288,7.720514,3.301821,2.06508,5.52611,-1.83078,50,5.55525,4.64643,-120.63695,-4.57293,2.98809,27.43789,-24.17808,TEN_WES,UNI_PIK,JackBowlingField,NAIA,NAIA,20260313-JackBowlingField-1,fa892b50-1f34-11f1-9965-8dd811638774,82.93522,34.55418,,7.79298,,,,2.58053,1.68423,0.3507,295b43c0-2fb4-429e-a1d1-ef411f70d0c1,2026-03-13,23:33:02.09,2026-03-13T19:33:02.0940000-04:00,2026-03-13T23:33:02.0940000Z,LineDrive,v3,10044917,,,"Brook, Tyler",1000078727,Right,UNI_PIK,24a00a4a-05c1-4860-99bf-037f46f6a620,53.81698,-121.50199,13.71894,5.68741,-3.81067,-12.08904,-1.97578,4.55222,1.49405,206.793551,2.5806,114.00521,-16.57833,3.39218,-0.61139,0.0793,-0.00087,-0.00187,0.00023,1.68414,42.9251,-15.0506,0.83746,-0.17416,0.06634,-0.02238,0.00464,-0.0004,0.35068,4.4844,2.71542,-0.33847,0.03314,0.01054,-0.00619,0.00149,-0.00014,,,,,,,,,,,,,,,,,,,,,,,High,High,High,High,High,,,,,,,,,,,,,,,,,,,,,,,,,,,,,,,,,,,,,
179,2026-03-13,19:33:37.75,4,1,"Berry, Isaac",10071639,Right,UNI_PIK,"Ballenilla, David",10132128,Right,TEN_WES,Undefined,5,Bottom,2,0,0,Slider,Curveball,BallinDirt,Undefined,Undefined,Undefined,0,0,,72.626,1.282781,-2.59324,2262.481834,37.389199,7:15,5.76618,1.98587,6.64968,-66.54445,-14.10757,-12.18705,1.39632,-1.40488,66.25476,-11.04898,-4.814268,0.521182,,,,,,,,,,,,5.47437,-7.17981,-1.80711,50,5.8282,5.16828,-105.47,0.56239,6.02809,21.6886,-40.08011,TEN_WES,UNI_PIK,JackBowlingField,NAIA,NAIA,20260313-JackBowlingField-1,0fd98f40-1f35-11f1-9965-8dd811638774,72.32101,,,6.37123,,,,,,,295b43c0-2fb4-429e-a1d1-ef411f70d0c1,2026-03-13,23:33:37.75,2026-03-13T19:33:37.7510000-04:00,2026-03-13T23:33:37.7510000Z,,v3,10044917,,,"Brook, Tyler",1000078727,Right,UNI_PIK,aa2fc378-55f0-4dfa-9f03-aab1c4496e8e,53.85329,-106.25942,10.8443,5.78118,2.02124,-20.04006,-1.99123,4.94886,3.01405,,,,,,,,,,,,,,,,,,,,,,,,,,,,,,,,,,,,,,,,,,,,,,,,,,,High,High,High,,,,,,,,,,,,,,,,,,,,,,,,,,,,,,,,,,,,,,,
180,2026-03-13,19:33:56.08,4,2,"Berry, Isaac",10071639,Right,UNI_PIK,"Ballenilla, David",10132128,Right,TEN_WES,Undefined,5,Bottom,2,1,0,Sinker,Slider,BallCalled,Undefined,Undefined,Undefined,0,0,,80.04535,1.186699,-0.2871,2376.577537,88.317823,9:00,5.74761,2.11035,6.34286,-42.0466,1.1898,-9.30969,3.33641,1.07023,72.74235,-6.660535,-1.973292,0.473256,,,,,,,,,,,,4.69937,0.77189,-2.08569,50,5.81498,0.92949,-116.25779,1.14618,6.36217,23.99414,-31.12903,TEN_WES,UNI_PIK,JackBowlingField,NAIA,NAIA,20260313-JackBowlingField-1,1aba49e0-1f35-11f1-9965-8dd811638774,79.64494,,,7.30301,,,,,,,295b43c0-2fb4-429e-a1d1-ef411f70d0c1,2026-03-13,23:33:56.08,2026-03-13T19:33:56.0880000-04:00,2026-03-13T23:33:56.0880000Z,,v3,10044917,,,"Brook, Tyler",1000078727,Right,UNI_PIK,5923a37e-230d-4eed-9a58-2f63e832cec6,54.15511,-117.11221,11.99707,5.75443,2.25467,-15.56452,-2.11475,0.70294,3.18108,,,,,,,,,,,,,,,,,,,,,,,,,,,,,,,,,,,,,,,,,,,,,,,,,,,High,High,High,,,,,,,,,,,,,,,,,,,,,,,,,,,,,,,,,,,,,,,
181,2026-03-13,19:34:14.60,4,3,"Berry, Isaac",10071639,Right,UNI_PIK,"Ballenilla, David",10132128,Right,TEN_WES,Undefined,5,Bottom,2,2,0,Cutter,Slider,BallCalled,Undefined,Undefined,Undefined,0,0,,80.65433,-1.534323,-3.416337,2170.80374,153.023896,11:00,5.69903,2.21566,6.82881,-31.21561,10.39036,-4.6204,1.69537,-1.28929,74.10081,-7.410345,-4.258175,0.464247,,,,,,,,,,,,1.46602,6.37618,-1.99467,50,5.58894,7.14549,-117.08054,-3.93945,2.03042,22.56052,-23.34306,TEN_WES,UNI_PIK,JackBowlingField,NAIA,NAIA,20260313-JackBowlingField-1,25c521c0-1f35-11f1-9965-8dd811638774,81.19043,,,6.55352,,,,,,,295b43c0-2fb4-429e-a1d1-ef411f70d0c1,2026-03-13,23:34:14.60,2026-03-13T19:34:14.6010000-04:00,2026-03-13T23:34:14.6010000Z,,v3,10044917,,,"Brook, Tyler",1000078727,Right,UNI_PIK,282ccf10-fe20-4d8c-9354-4459b4ee9e36,53.66973,-117.78555,11.28026,5.70065,-3.20998,-11.67153,-2.21697,7.08204,1.01521,,,,,,,,,,,,,,,,,,,,,,,,,,,,,,,,,,,,,,,,,,,,,,,,,,,High,High,High,,,,,,,,,,,,,,,,,,,,,,,,,,,,,,,,,,,,,,,
182,2026-03-13,19:34:32.94,4,4,"Berry, Isaac",10071639,Right,UNI_PIK,"Ballenilla, David",10132128,Right,TEN_WES,Undefined,5,Bottom,2,3,0,Cutter,Slider,StrikeCalled,Undefined,Undefined,Undefined,0,0,,81.79562,-0.29633,-1.88489,2268.367432,150.17992,11:00,5.71544,2.16764,6.86638,-27.83517,12.09993,-6.27555,3.12559,-0.07401,75.50981,-5.564679,-3.031078,0.45483,,,,,,,,,,,,2.82929,6.88331,-2.04601,50,5.68641,4.12944,-119.01709,-1.31641,4.0855,21.40389,-22.2345,TEN_WES,UNI_PIK,JackBowlingField,NAIA,NAIA,20260313-JackBowlingField-1,30b51ea0-1f35-11f1-9965-8dd811638774,82.87155,,,6.28581,,,,,,,295b43c0-2fb4-429e-a1d1-ef411f70d0c1,2026-03-13,23:34:32.94,2026-03-13T19:34:32.9410000-04:00,2026-03-13T23:34:32.9410000Z,,v3,10044917,,,"Brook, Tyler",1000078727,Right,UNI_PIK,4535a500-36c7-4a60-a3ab-ffe82407d222,53.63307,-119.66867,10.70195,5.71618,-0.63954,-11.11725,-2.16982,4.00507,2.04275,,,,,,,,,,,,,,,,,,,,,,,,,,,,,,,,,,,,,,,,,,,,,,,,,,,High,High,High,,,,,,,,,,,,,,,,,,,,,,,,,,,,,,,,,,,,,,,
183,2026-03-13,19:34:50.98,4,5,"Berry, Isaac",10071639,Right,UNI_PIK,"Ballenilla, David",10132128,Right,TEN_WES,Undefined,5,Bottom,2,3,1,Cutter,Slider,BallCalled,Walk,Undefined,Undefined,0,0,,79.16169,0.716039,-2.812285,2289.076611,68.461394,8:15,5.72043,1.98615,6.46152,-45.39869,-1.95323,-8.11284,2.59577,-1.27525,73.24101,-7.689639,-4.281872,0.474399,,,,,,,,,,,,3.48327,-0.78256,-1.78413,50,5.75141,5.93394,-115.07431,0.11437,4.69003,20.52761,-33.22774,TEN_WES,UNI_PIK,JackBowlingField,NAIA,NAIA,20260313-JackBowlingField-1,3b6fdab0-1f35-11f1-9965-8dd811638774,79.45305,,,5.92068,,,,,,,295b43c0-2fb4-429e-a1d1-ef411f70d0c1,2026-03-13,23:34:50.98,2026-03-13T19:34:50.9830000-04:00,2026-03-13T23:34:50.9830000Z,,v3,10044917,,,"Brook, Tyler",1000078727,Right,UNI_PIK,2c39d4c5-fd52-4125-806b-fd946a801946,54.04034,-115.79281,10.26381,5.72706,1.27739,-16.61387,-1.98895,5.76979,2.34502,,,,,,,,,,,,,,,,,,,,,,,,,,,,,,,,,,,,,,,,,,,,,,,,,,,High,High,High,,,,,,,,,,,,,,,,,,,,,,,,,,,,,,,,,,,,,,,
184,2026-03-13,19:35:27.48,5,1,"Berry, Isaac",10071639,Right,UNI_PIK,"Wright, Ethan",10317612,Right,TEN_WES,Undefined,5,Bottom,2,0,0,Cutter,Slider,BallCalled,Undefined,Undefined,Undefined,0,0,,80.46104,0.010543,-3.139524,2351.000779,92.883657,9:00,5.7793,2.14797,6.64925,-40.48467,2.20701,-13.99544,2.41524,-1.89476,72.98546,-7.568574,-5.680513,0.470265,,,,,,,,,,,,6.26107,1.6676,-1.93173,50,5.7646,6.89918,-116.7128,-1.11851,8.47327,25.83173,-29.91726,TEN_WES,UNI_PIK,JackBowlingField,NAIA,NAIA,20260313-JackBowlingField-1,513595b0-1f35-11f1-9965-8dd811638774,80.15143,,,7.47558,,,,,,,295b43c0-2fb4-429e-a1d1-ef411f70d0c1,2026-03-13,23:35:27.48,2026-03-13T19:35:27.4810000-04:00,2026-03-13T23:35:27.4810000Z,,v3,10044917,,,"Brook, Tyler",1000078727,Right,UNI_PIK,c2868495-4bbf-4a44-b4bc-92b862b4a9f9,53.84865,-117.56152,12.91587,5.7852,-0.13556,-14.95863,-2.15384,6.62078,4.23664,,,,,,,,,,,,,,,,,,,,,,,,,,,,,,,,,,,,,,,,,,,,,,,,,,,High,High,High,,,,,,,,,,,,,,,,,,,,,,,,,,,,,,,,,,,,,,,
185,2026-03-13,19:36:13.33,5,2,"Berry, Isaac",10071639,Right,UNI_PIK,"Wright, Ethan",10317612,Right,TEN_WES,Undefined,5,Bottom,2,1,0,Cutter,Curveball,InPlay,Undefined,LineDrive,Out,1,0,,70.92313,2.553987,-1.943365,2229.201526,39.438619,7:15,5.71424,2.16538,6.53431,-68.67606,-13.86013,-12.88879,2.33689,-0.692,64.96346,-10.161255,-4.286002,0.532874,100.25507,9.296491,-13.429376,2436.415884,106.78407,8.02258,-26.40376,163.12937,138.50062,-14.67981,1.300813,6.16024,-7.59634,-2.02536,50,5.8629,3.89112,-103.03789,2.78833,6.52888,19.38212,-40.225,TEN_WES,UNI_PIK,JackBowlingField,NAIA,NAIA,20260313-JackBowlingField-1,6c911050-1f35-11f1-9965-8dd811638774,70.7342,9.14145,,5.95967,,,,1.80102,2.4594,0.69061,295b43c0-2fb4-429e-a1d1-ef411f70d0c1,2026-03-13,23:36:13.33,2026-03-13T19:36:13.3320000-04:00,2026-03-13T23:36:13.3320000Z,LineDrive,v3,10044917,,,"Brook, Tyler",1000078727,Right,UNI_PIK,ecd73294-3214-4f59-b547-a574daff0767,53.97075,-103.78213,9.69106,5.72618,4.33289,-20.1125,-2.16996,3.64042,3.26444,48.208223,1.80102,141.14151,-19.30477,3.01811,-0.70494,0.15342,-0.03269,0.00597,-0.00061,2.4594,23.75342,-22.46732,2.64969,-0.54209,0.12965,-0.02677,0.00472,-0.00049,0.69061,-33.70113,1.31404,-0.22405,0.03674,-0.00941,0.00207,-0.00037,4E-05,,,,,,,,,,,,,,,,,,,,,,,High,High,High,High,High,,,,,,,,,,,,,,,,,,,,,,,,,,,,,,,,,,,,,
186,2026-03-13,19:38:10.61,1,1,"Jackson, Justin",1000236858,Left,TEN_WES,"Melton, Mason",1000110063,Right,UNI_PIK,Undefined,6,Top,0,0,0,Fastball,Changeup,FoulBallNotFieldable,Undefined,Undefined,Undefined,0,0,,83.85697,-1.59951,2.688572,2142.934204,117.123487,10:00,5.70595,-1.64318,6.13805,-27.10202,12.78642,-22.17269,1.96715,-1.00427,75.92292,-6.704466,-1.309368,0.454564,,,,,,,,,,,,12.33032,7.5291,1.4493,50,5.56987,-4.85467,-121.61314,-4.19362,18.21158,26.9171,-21.05372,TEN_WES,UNI_PIK,JackBowlingField,NAIA,NAIA,20260313-JackBowlingField-1,b273d760-1f35-11f1-9965-8dd811638774,82.91996,,,7.93405,,,,,,,295b43c0-2fb4-429e-a1d1-ef411f70d0c1,2026-03-13,23:38:10.61,2026-03-13T19:38:10.6170000-04:00,2026-03-13T23:38:10.6170000Z,,v3,10044917,,,"Tolson, Jacob",10035532,Right,TEN_WES,2e40f6a0-32e3-4e2a-8587-9620f96e8fdc,54.36209,-122.57482,13.45855,5.70626,-3.44143,-10.52686,1.63437,-5.50532,9.10579,,,,,,,,,,,,,,,,,,,,,,,,,,,,,,,,,,,,,,,,,,,,,,,,,,,High,High,High,,,,,,,,,,,,,,,,,,,,,,,,,,,,,,,,,,,,,,,
187,2026-03-13,19:38:29.79,1,2,"Jackson, Justin",1000236858,Left,TEN_WES,"Melton, Mason",1000110063,Right,UNI_PIK,Undefined,6,Top,0,0,1,ChangeUp,Changeup,BallinDirt,Undefined,Undefined,Undefined,0,0,,78.48647,-0.787817,2.412476,1127.648811,80.605274,8:45,5.82294,-1.36411,5.86739,-45.90058,-0.10449,-9.99784,1.26537,0.04509,71.75465,-9.222822,0.616031,0.487063,,,,,,,,,,,,5.86075,0.64032,1.17446,50,5.73249,-4.42539,-113.8732,-3.01744,7.62153,22.78669,-31.34137,TEN_WES,UNI_PIK,JackBowlingField,NAIA,NAIA,20260313-JackBowlingField-1,bde49d00-1f35-11f1-9965-8dd811638774,77.38712,,,6.73182,,,,,,,295b43c0-2fb4-429e-a1d1-ef411f70d0c1,2026-03-13,23:38:29.79,2026-03-13T19:38:29.7940000-04:00,2026-03-13T23:38:29.7940000Z,,v3,10044917,,,"Tolson, Jacob",10035532,Right,TEN_WES,c6677bcf-3bc4-418b-aca9-0b738fe17b4b,54.63312,-114.79657,11.39335,5.82903,-1.74741,-15.67069,1.36005,-4.73424,3.81077,,,,,,,,,,,,,,,,,,,,,,,,,,,,,,,,,,,,,,,,,,,,,,,,,,,High,High,High,,,,,,,,,,,,,,,,,,,,,,,,,,,,,,,,,,,,,,,
188,2026-03-13,19:38:46.62,1,3,"Jackson, Justin",1000236858,Left,TEN_WES,"Melton, Mason",1000110063,Right,UNI_PIK,Undefined,6,Top,0,1,1,Fastball,Changeup,BallCalled,Undefined,Undefined,Undefined,0,0,,84.01869,-2.306368,0.964693,2103.938259,130.384899,10:15,5.97533,-1.20338,6.50031,-23.58966,15.8469,-16.87706,1.8911,-1.72424,75.64514,-6.814598,-2.101804,0.451982,,,,,,,,,,,,9.04922,9.49697,1.14195,50,5.80354,-1.39951,-121.83837,-5.51567,13.3226,28.53154,-18.19225,TEN_WES,UNI_PIK,JackBowlingField,NAIA,NAIA,20260313-JackBowlingField-1,c7e49490-1f35-11f1-9965-8dd811638774,83.3937,,,8.37355,,,,,,,295b43c0-2fb4-429e-a1d1-ef411f70d0c1,2026-03-13,23:38:46.62,2026-03-13T19:38:46.6290000-04:00,2026-03-13T23:38:46.6290000Z,,v3,10044917,,,"Tolson, Jacob",10035532,Right,TEN_WES,acd13540-9d37-4988-8dbb-942fde6f588a,53.99537,-122.77042,14.26577,5.97401,-4.92137,-9.09613,1.19478,-1.83473,6.6613,,,,,,,,,,,,,,,,,,,,,,,,,,,,,,,,,,,,,,,,,,,,,,,,,,,High,High,High,,,,,,,,,,,,,,,,,,,,,,,,,,,,,,,,,,,,,,,
189,2026-03-13,19:40:01.77,1,4,"Jackson, Justin",1000236858,Left,TEN_WES,"Melton, Mason",1000110063,Right,UNI_PIK,Undefined,6,Top,0,2,1,Fastball,Changeup,FoulBallNotFieldable,Undefined,Undefined,Undefined,0,0,,85.05599,-1.318541,2.467314,1991.083278,131.032646,10:15,5.55155,-1.65688,6.37301,-21.99741,16.98028,-17.70497,2.50389,-0.86069,75.77347,-5.562963,-0.737604,0.449345,66.18055,33.872518,144.141556,3555.346532,,,,,31.9141,,,10.07099,9.75296,1.48621,50,5.44613,-4.61431,-123.21684,-3.40551,15.03665,31.05887,-17.61223,TEN_WES,UNI_PIK,JackBowlingField,NAIA,NAIA,20260313-JackBowlingField-1,f4ad6c90-1f35-11f1-9965-8dd811638774,83.88315,20.37812,,9.28252,,,,1.2201,2.34193,0.78148,295b43c0-2fb4-429e-a1d1-ef411f70d0c1,2026-03-13,23:40:01.77,2026-03-13T19:40:01.7780000-04:00,2026-03-13T23:40:01.7780000Z,,v3,10044917,,,"Tolson, Jacob",10035532,Right,TEN_WES,a71428e4-43fa-4a51-a48b-6a1bbbf53969,54.12318,-124.25181,15.52944,5.54983,-2.81862,-8.80612,1.64832,-5.11537,7.51832,323.660202,1.22026,-65.32325,4.83944,,,,,,,2.35703,53.61763,-26.13598,,,,,,,0.78918,46.96377,-8.63391,,,,,,,,,,,,,,,,,,,,,,,,,,,,,High,High,High,High,Undefined,,,,,,,,,,,,,,,,,,,,,,,,,,,,,,,,,,,,,
190,2026-03-13,19:40:21.09,1,5,"Jackson, Justin",1000236858,Left,TEN_WES,"Melton, Mason",1000110063,Right,UNI_PIK,Undefined,6,Top,0,2,2,Fastball,Changeup,FoulBallNotFieldable,Undefined,Undefined,Undefined,0,0,,84.97699,-1.626249,2.327295,2151.949383,124.433573,10:15,5.73654,-1.55881,6.48292,-23.05954,15.24698,-20.24686,2.32007,-1.10797,76.89585,-6.027829,-1.347134,0.445459,,,,,,,,,,,,11.19583,8.88052,1.40264,50,5.61188,-4.22224,-123.29981,-4.11218,17.01248,27.47487,-18.67979,TEN_WES,UNI_PIK,JackBowlingField,NAIA,NAIA,20260313-JackBowlingField-1,00375f80-1f36-11f1-9965-8dd811638774,84.61483,,,8.08114,,,,,,,295b43c0-2fb4-429e-a1d1-ef411f70d0c1,2026-03-13,23:40:21.09,2026-03-13T19:40:21.0930000-04:00,2026-03-13T23:40:21.0930000Z,,v3,10044917,,,"Tolson, Jacob",10035532,Right,TEN_WES,448b29d6-fd26-4b5c-899c-f2f3b1b01749,54.01464,-124.19117,13.73744,5.73546,-3.50616,-9.33989,1.54857,-4.77417,8.50624,,,,,,,,,,,,,,,,,,,,,,,,,,,,,,,,,,,,,,,,,,,,,,,,,,,High,High,High,,,,,,,,,,,,,,,,,,,,,,,,,,,,,,,,,,,,,,,
191,2026-03-13,19:40:37.79,1,6,"Jackson, Justin",1000236858,Left,TEN_WES,"Melton, Mason",1000110063,Right,UNI_PIK,Undefined,6,Top,0,2,2,Fastball,Changeup,BallCalled,Undefined,Undefined,Undefined,0,0,,85.03817,-2.34804,3.520811,2221.035781,116.338424,10:00,5.82396,-1.30664,6.60098,-27.29812,11.01819,-19.39261,1.39273,0.30689,76.80635,-7.521635,-0.003857,0.445516,,,,,,,,,,,,11.25323,6.98481,1.07297,50,5.65229,-6.84373,-123.20425,-5.8146,17.00556,28.32415,-21.6188,TEN_WES,UNI_PIK,JackBowlingField,NAIA,NAIA,20260313-JackBowlingField-1,0a2afb00-1f36-11f1-9965-8dd811638774,84.60404,,,8.23182,,,,,,,295b43c0-2fb4-429e-a1d1-ef411f70d0c1,2026-03-13,23:40:37.79,2026-03-13T19:40:37.7990000-04:00,2026-03-13T23:40:37.7990000Z,,v3,10044917,,,"Tolson, Jacob",10035532,Right,TEN_WES,cbdd8b93-266a-4a96-a030-8c372d553d3a,53.89699,-124.09692,14.16207,5.82481,-5.13326,-10.8094,1.2971,-7.37968,8.50278,,,,,,,,,,,,,,,,,,,,,,,,,,,,,,,,,,,,,,,,,,,,,,,,,,,High,High,High,,,,,,,,,,,,,,,,,,,,,,,,,,,,,,,,,,,,,,,
192,2026-03-13,19:40:54.08,1,7,"Jackson, Justin",1000236858,Left,TEN_WES,"Melton, Mason",1000110063,Right,UNI_PIK,Undefined,6,Top,0,3,2,Fastball,Changeup,InPlay,Undefined,FlyBall,Out,1,0,,84.07046,-0.665918,2.98498,2078.674194,135.864143,10:30,5.52445,-1.62979,6.67015,-23.65978,15.4793,-13.59013,2.94268,-0.02881,75.46441,-5.221432,0.513161,0.450274,75.5302,56.901358,10.922378,,102.20008,111.41799,40.68332,198.24358,176.02896,25.027125,5.312034,8.18961,8.80599,1.4346,50,5.47023,-5.86665,-121.93375,-2.00881,12.06957,28.69087,-19.19608,TEN_WES,UNI_PIK,JackBowlingField,NAIA,NAIA,20260313-JackBowlingField-1,13db9a10-1f36-11f1-9965-8dd811638774,83.71,111.41822,,8.60605,,,,1.61768,3.14587,0.06609,295b43c0-2fb4-429e-a1d1-ef411f70d0c1,2026-03-13,23:40:54.08,2026-03-13T19:40:54.0830000-04:00,2026-03-13T23:40:54.0830000Z,Popup,v3,10044917,,,"Tolson, Jacob",10035532,Right,TEN_WES,ad3a9edc-68bd-44f6-86ca-123450706c78,53.82808,-122.83119,14.34543,5.52367,-1.40836,-9.59804,1.62401,-6.24418,6.03479,206.725004,1.61963,59.325,-13.18922,2.56716,0.26578,-0.35613,0.10344,-0.01339,0.00066,3.13669,92.96853,-24.38506,3.20912,-0.98889,0.24015,-0.031,0.00134,3E-05,0.06191,11.56399,3.72548,-0.6059,-0.52065,0.35176,-0.0944,0.01198,-0.00059,,,,,,,,,,,,,,,,,,,,,,,High,High,High,Medium,Medium,,,,,,,,,,,,,,,,,,,,,,,,,,,,,,,,,,,,,
193,2026-03-13,19:41:26.73,2,1,"Jackson, Justin",1000236858,Left,TEN_WES,"Gagnon, Joe",1000400387,Right,UNI_PIK,Undefined,6,Top,1,0,0,Fastball,Splitter,InPlay,Undefined,Popup,Out,1,0,,84.14644,-1.062134,2.59853,2106.905862,140.562301,10:45,5.8055,-1.33683,6.55408,-20.92607,18.24544,-13.80532,3.08662,-0.10292,75.63481,-5.108783,0.092079,0.45046,84.02078,66.376876,3.833822,,,,,,37.6139,,,8.1402,10.35658,1.16289,50,5.72312,-5.03455,-122.0643,-2.77303,12.04149,28.40625,-16.85397,TEN_WES,UNI_PIK,JackBowlingField,NAIA,NAIA,20260313-JackBowlingField-1,274dc820-1f36-11f1-9965-8dd811638774,83.67539,95.57351,,8.51163,,,,1.49801,3.20969,0.16785,295b43c0-2fb4-429e-a1d1-ef411f70d0c1,2026-03-13,23:41:26.73,2026-03-13T19:41:26.7390000-04:00,2026-03-13T23:41:26.7390000Z,,v3,10044917,,,"Tolson, Jacob",10035532,Right,TEN_WES,08e5dcfc-509d-49b6-99f8-e50d6384e847,53.94449,-122.97882,14.20313,5.80366,-2.23043,-8.42699,1.33122,-5.42221,6.02074,177.786722,1.49801,49.27019,-20.31649,6.83826,-1.82424,0.45833,-0.10921,0.02154,-0.00246,3.20969,112.90371,-27.82042,2.77544,-0.24021,-0.04318,0.02738,-0.00781,0.00106,0.16785,3.30174,-2.70736,1.02015,-0.29167,0.07691,-0.019,0.00384,-0.00045,,,,,,,,,,,,,,,,,,,,,,,High,High,High,Medium,Undefined,,,,,,,,,,,,,,,,,,,,,,,,,,,,,,,,,,,,,
194,2026-03-13,19:42:01.41,3,1,"Jackson, Justin",1000236858,Left,TEN_WES,"Mould, Easton",1000332440,Right,UNI_PIK,Undefined,6,Top,2,0,0,ChangeUp,Changeup,StrikeCalled,Undefined,Undefined,Undefined,0,0,,79.26597,0.131168,1.933634,1311.615046,73.93125,8:30,5.64388,-1.67036,5.81578,-47.19656,-2.51784,-13.67528,1.83287,-1.01133,72.76958,-8.525242,-0.521348,0.481085,,,,,,,,,,,,7.52217,-0.86882,1.52004,50,5.62675,-3.36534,-115.12672,-1.27647,10.06249,22.02883,-33.33628,TEN_WES,UNI_PIK,JackBowlingField,NAIA,NAIA,20260313-JackBowlingField-1,3c079160-1f36-11f1-9965-8dd811638774,78.34883,,,6.49639,,,,,,,295b43c0-2fb4-429e-a1d1-ef411f70d0c1,2026-03-13,23:42:01.41,2026-03-13T19:42:01.4150000-04:00,2026-03-13T23:42:01.4150000Z,,v3,10044917,,,"Tolson, Jacob",10035532,Right,TEN_WES,3a46f9d8-c2cd-4fba-a503-7306a4816f52,54.68582,-116.01986,11.01441,5.6511,0.07512,-16.66814,1.66475,-3.77332,5.03125,,,,,,,,,,,,,,,,,,,,,,,,,,,,,,,,,,,,,,,,,,,,,,,,,,,High,High,High,,,,,,,,,,,,,,,,,,,,,,,,,,,,,,,,,,,,,,,
195,2026-03-13,19:42:13.91,3,2,"Jackson, Justin",1000236858,Left,TEN_WES,"Mould, Easton",1000332440,Right,UNI_PIK,Undefined,6,Top,2,0,1,ChangeUp,Changeup,BallinDirt,Undefined,Undefined,Undefined,0,0,,80.58047,-1.5251,1.63302,1441.299989,95.395148,9:15,5.80332,-1.54193,5.93099,-40.68857,2.38106,-10.60071,0.99668,-0.90976,74.0791,-9.006071,-0.275351,0.472343,,,,,,,,,,,,5.89634,2.09788,1.41734,50,5.65857,-2.93249,-117.00264,-4.4164,8.14842,22.71123,-29.27491,TEN_WES,UNI_PIK,JackBowlingField,NAIA,NAIA,20260313-JackBowlingField-1,43785290-1f36-11f1-9965-8dd811638774,79.79896,,,6.50137,,,,,,,295b43c0-2fb4-429e-a1d1-ef411f70d0c1,2026-03-13,23:42:13.91,2026-03-13T19:42:13.9130000-04:00,2026-03-13T23:42:13.9130000Z,,v3,10044917,,,"Tolson, Jacob",10035532,Right,TEN_WES,4dfd6aa8-f3f0-4d02-abca-7c865e9303d6,54.5693,-117.88625,11.35562,5.80824,-3.27743,-14.63745,1.5376,-3.24951,4.07421,,,,,,,,,,,,,,,,,,,,,,,,,,,,,,,,,,,,,,,,,,,,,,,,,,,High,High,High,,,,,,,,,,,,,,,,,,,,,,,,,,,,,,,,,,,,,,,
196,2026-03-13,19:42:30.76,3,3,"Jackson, Justin",1000236858,Left,TEN_WES,"Mould, Easton",1000332440,Right,UNI_PIK,Undefined,6,Top,2,1,1,Fastball,Changeup,BallinDirt,Undefined,Undefined,Undefined,0,0,,84.42864,-2.812867,1.873223,2001.72174,112.981952,9:45,5.83962,-1.299,6.26349,-29.98521,9.1713,-18.36273,0.74387,-1.10146,76.78555,-8.414135,-1.450898,0.450374,,,,,,,,,,,,10.06871,6.07445,1.16844,50,5.61656,-3.28992,-122.42153,-6.91967,15.08702,27.01938,-23.07203,TEN_WES,UNI_PIK,JackBowlingField,NAIA,NAIA,20260313-JackBowlingField-1,4d8edf60-1f36-11f1-9965-8dd811638774,83.69143,,,7.64308,,,,,,,295b43c0-2fb4-429e-a1d1-ef411f70d0c1,2026-03-13,23:42:30.76,2026-03-13T19:42:30.7600000-04:00,2026-03-13T23:42:30.7600000Z,,v3,10044917,,,"Tolson, Jacob",10035532,Right,TEN_WES,df9c5c61-64eb-4ba9-8de4-62628b30c622,54.2353,-123.35275,13.50969,5.84134,-6.12449,-11.53601,1.29079,-3.8099,7.54351,,,,,,,,,,,,,,,,,,,,,,,,,,,,,,,,,,,,,,,,,,,,,,,,,,,High,High,High,,,,,,,,,,,,,,,,,,,,,,,,,,,,,,,,,,,,,,,
197,2026-03-13,19:42:44.79,3,4,"Jackson, Justin",1000236858,Left,TEN_WES,"Mould, Easton",1000332440,Right,UNI_PIK,Undefined,6,Top,2,2,1,Slider,Slider,BallCalled,Undefined,Undefined,Undefined,0,0,,74.94323,1.915597,-2.348077,2126.041756,297.890825,4:00,5.5883,-1.65338,5.76349,-58.88806,-8.04599,18.66584,2.46606,-2.28458,67.85234,-8.898865,0.997403,0.513196,,,,,,,,,,,,-10.19099,-4.08536,1.83683,50,5.71211,3.75501,-108.63314,1.76386,-11.95903,22.22395,-36.96816,TEN_WES,UNI_PIK,JackBowlingField,NAIA,NAIA,20260313-JackBowlingField-1,55e2ad90-1f36-11f1-9965-8dd811638774,73.4465,,,7.09089,,,,,,,295b43c0-2fb4-429e-a1d1-ef411f70d0c1,2026-03-13,23:42:44.79,2026-03-13T19:42:44.7970000-04:00,2026-03-13T23:42:44.7970000Z,,v3,10044917,,,"Tolson, Jacob",10035532,Right,TEN_WES,b6d38130-9f5e-4bc4-b35c-a92e93548e32,54.73785,-109.59812,11.11198,5.60067,3.36904,-18.48408,1.66252,4.27428,-5.97951,,,,,,,,,,,,,,,,,,,,,,,,,,,,,,,,,,,,,,,,,,,,,,,,,,,High,High,High,,,,,,,,,,,,,,,,,,,,,,,,,,,,,,,,,,,,,,,
198,2026-03-13,19:43:16.51,3,5,"Jackson, Justin",1000236858,Left,TEN_WES,"Mould, Easton",1000332440,Right,UNI_PIK,Undefined,6,Top,2,3,1,Fastball,Changeup,BallCalled,Walk,Undefined,Undefined,0,0,,84.02236,-0.292433,1.866911,2130.299473,107.181338,9:30,5.48749,-1.87363,6.55787,-31.79502,7.51268,-19.55277,2.56964,-1.79068,75.56728,-6.309392,-1.688775,0.451243,,,,,,,,,,,,10.75493,4.50622,1.75156,50,5.45439,-3.22206,-121.93542,-1.53596,15.85194,28.67414,-25.53222,TEN_WES,UNI_PIK,JackBowlingField,NAIA,NAIA,20260313-JackBowlingField-1,68c7dde0-1f36-11f1-9965-8dd811638774,83.53031,,,8.45507,,,,,,,295b43c0-2fb4-429e-a1d1-ef411f70d0c1,2026-03-13,23:43:16.51,2026-03-13T19:43:16.5110000-04:00,2026-03-13T23:43:16.5110000Z,,v3,10044917,,,"Tolson, Jacob",10035532,Right,TEN_WES,aa65ec78-5458-4393-86eb-135d12279232,53.939,-122.85822,14.33707,5.4906,-0.71427,-12.76611,1.86346,-3.73221,7.92597,,,,,,,,,,,,,,,,,,,,,,,,,,,,,,,,,,,,,,,,,,,,,,,,,,,High,High,High,,,,,,,,,,,,,,,,,,,,,,,,,,,,,,,,,,,,,,,
199,2026-03-13,19:43:46.39,4,1,"Jackson, Justin",1000236858,Left,TEN_WES,"Brook, Tyler",1000078727,Right,UNI_PIK,Undefined,6,Top,2,0,0,Fastball,Changeup,StrikeCalled,Undefined,Undefined,Undefined,0,0,,84.02471,-0.84146,2.164644,2134.501334,125.264429,10:15,5.70563,-1.74316,6.5951,-25.22541,13.86272,-17.60186,2.83194,-1.22573,75.81416,-5.661419,-1.036463,0.449981,,,,,,,,,,,,9.8806,7.96898,1.60146,50,5.63759,-3.95019,-121.96038,-2.45302,14.64124,27.60585,-20.36547,TEN_WES,UNI_PIK,JackBowlingField,NAIA,NAIA,20260313-JackBowlingField-1,7a944b30-1f36-11f1-9965-8dd811638774,83.76458,,,8.21055,,,,,,,295b43c0-2fb4-429e-a1d1-ef411f70d0c1,2026-03-13,23:43:46.39,2026-03-13T19:43:46.3960000-04:00,2026-03-13T23:43:46.3960000Z,,v3,10044917,,,"Tolson, Jacob",10035532,Right,TEN_WES,61180855-b990-4eed-a64e-1ea0c061a462,53.90252,-122.84054,13.80292,5.70545,-1.8037,-10.18273,1.73484,-4.417,7.32062,,,,,,,,,,,,,,,,,,,,,,,,,,,,,,,,,,,,,,,,,,,,,,,,,,,High,High,High,,,,,,,,,,,,,,,,,,,,,,,,,,,,,,,,,,,,,,,
200,2026-03-13,19:44:03.23,4,2,"Jackson, Justin",1000236858,Left,TEN_WES,"Brook, Tyler",1000078727,Right,UNI_PIK,Undefined,6,Top,2,0,1,Fastball,Changeup,BallCalled,Undefined,Undefined,Undefined,0,0,,83.64328,-1.71707,1.076052,2156.053095,130.074059,10:15,5.85297,-1.28427,6.38243,-24.07419,15.66521,-16.91462,2.26643,-1.7038,75.63072,-6.3007,-1.989723,0.453714,,,,,,,,,,,,9.08067,9.13225,1.21364,50,5.71811,-1.6278,-121.37874,-4.28014,13.34081,27.13138,-18.75743,TEN_WES,UNI_PIK,JackBowlingField,NAIA,NAIA,20260313-JackBowlingField-1,849b47a0-1f36-11f1-9965-8dd811638774,83.07538,,,8.01257,,,,,,,295b43c0-2fb4-429e-a1d1-ef411f70d0c1,2026-03-13,23:44:03.23,2026-03-13T19:44:03.2310000-04:00,2026-03-13T23:44:03.2310000Z,,v3,10044917,,,"Tolson, Jacob",10035532,Right,TEN_WES,04f0c258-f3de-47fb-b404-462b7119143b,54.11456,-122.29499,13.56569,5.85196,-3.64668,-9.37872,1.27621,-2.07833,6.6704,,,,,,,,,,,,,,,,,,,,,,,,,,,,,,,,,,,,,,,,,,,,,,,,,,,High,High,High,,,,,,,,,,,,,,,,,,,,,,,,,,,,,,,,,,,,,,,
201,2026-03-13,19:44:18.21,4,3,"Jackson, Justin",1000236858,Left,TEN_WES,"Brook, Tyler",1000078727,Right,UNI_PIK,Undefined,6,Top,2,1,1,ChangeUp,Changeup,BallinDirt,Undefined,Undefined,Undefined,0,0,,79.46171,-1.161926,2.644714,1340.039984,73.099816,8:30,5.66583,-1.61638,5.99702,-46.56566,-2.45638,-12.60638,0.70735,-0.21439,73.31618,-9.696197,0.372949,0.478009,,,,,,,,,,,,7.26906,-0.56335,1.41505,50,5.54845,-4.87354,-115.4037,-3.80823,9.78964,21.74815,-32.93275,TEN_WES,UNI_PIK,JackBowlingField,NAIA,NAIA,20260313-JackBowlingField-1,8d8fc2a0-1f36-11f1-9965-8dd811638774,78.85294,,,6.14553,,,,,,,295b43c0-2fb4-429e-a1d1-ef411f70d0c1,2026-03-13,23:44:18.21,2026-03-13T19:44:18.2160000-04:00,2026-03-13T23:44:18.2160000Z,,v3,10044917,,,"Tolson, Jacob",10035532,Right,TEN_WES,4bdedd2a-78f8-4c5f-8c24-79c72314a41a,54.5058,-116.24973,10.87408,5.67168,-2.52711,-16.46638,1.61204,-5.25437,4.89482,,,,,,,,,,,,,,,,,,,,,,,,,,,,,,,,,,,,,,,,,,,,,,,,,,,High,High,High,,,,,,,,,,,,,,,,,,,,,,,,,,,,,,,,,,,,,,,
202,2026-03-13,19:44:37.87,4,4,"Jackson, Justin",1000236858,Left,TEN_WES,"Brook, Tyler",1000078727,Right,UNI_PIK,Undefined,6,Top,2,2,1,Fastball,Changeup,InPlay,Undefined,FlyBall,Out,1,0,,84.19337,-0.614024,2.448076,2189.408362,122.401829,10:00,5.60715,-1.79169,6.30488,-26.73127,12.33741,-17.35808,2.81331,-0.98142,76.53267,-5.662365,-0.690649,0.449869,84.07922,51.330078,12.634232,,103.69529,114.17356,36.70534,251.66158,246.49919,23.905287,5.695576,9.78918,6.98941,1.6201,50,5.54924,-4.57377,-122.24786,-2.07662,14.6935,25.92782,-21.68302,TEN_WES,UNI_PIK,JackBowlingField,NAIA,NAIA,20260313-JackBowlingField-1,9940c590-1f36-11f1-9965-8dd811638774,83.78545,123.42657,,7.6607,,,,1.37439,2.83359,0.97399,295b43c0-2fb4-429e-a1d1-ef411f70d0c1,2026-03-13,23:44:37.87,2026-03-13T19:44:37.8720000-04:00,2026-03-13T23:44:37.8720000Z,FlyBall,v3,10044917,,,"Tolson, Jacob",10035532,Right,TEN_WES,6e9e8f01-39b6-42b1-b40e-82ee14ab928d,54.19545,-123.13447,12.96391,5.60757,-1.33516,-10.84151,1.7851,-5.07621,7.34675,201.000707,1.38069,75.04554,-16.97659,3.50252,-0.12071,-0.16521,0.04855,-0.00574,0.00025,2.82739,96.38765,-23.45754,2.6787,-0.64314,0.11232,-0.00778,-0.00045,6E-05,0.9719,16.90207,1.79943,-0.52137,-0.0649,0.07822,-0.02139,0.0026,-0.00012,,,,,,,,,,,,,,,,,,,,,,,High,High,High,Medium,Medium,,,,,,,,,,,,,,,,,,,,,,,,,,,,,,,,,,,,,
203,2026-03-13,19:46:59.94,1,1,"Berry, Isaac",10071639,Right,UNI_PIK,"Gil-Fernandez, Allan",1000299752,Right,TEN_WES,Undefined,6,Bottom,0,0,0,Cutter,Slider,StrikeCalled,Undefined,Undefined,Undefined,0,0,,80.93398,0.169608,-1.793692,2365.547949,86.936321,9:00,5.89441,1.94391,6.43778,-40.85534,1.11807,-4.53516,2.64574,-0.08292,74.02034,-7.440357,-2.616306,0.466293,,,,,,,,,,,,1.82788,0.97736,-1.8146,50,5.8886,3.84623,-117.59924,-0.86059,2.54281,23.67878,-30.81442,TEN_WES,UNI_PIK,JackBowlingField,NAIA,NAIA,20260313-JackBowlingField-1,ee14ed80-1f36-11f1-9965-8dd811638774,80.83432,,,6.91364,,,,,,,295b43c0-2fb4-429e-a1d1-ef411f70d0c1,2026-03-13,23:46:59.94,2026-03-13T19:46:59.9450000-04:00,2026-03-13T23:46:59.9450000Z,,v3,10044917,,,"Brook, Tyler",1000078727,Right,UNI_PIK,2e6c92fe-d7f4-4802-b61e-7eedf5ba3444,54.06183,-118.41427,11.83939,5.89997,0.20005,-15.40721,-1.94549,3.75871,1.27141,,,,,,,,,,,,,,,,,,,,,,,,,,,,,,,,,,,,,,,,,,,,,,,,,,,High,High,High,,,,,,,,,,,,,,,,,,,,,,,,,,,,,,,,,,,,,,,
204,2026-03-13,19:47:12.03,1,2,"Berry, Isaac",10071639,Right,UNI_PIK,"Gil-Fernandez, Allan",1000299752,Right,TEN_WES,Undefined,6,Bottom,0,0,1,Curveball,Curveball,BallCalled,Undefined,Undefined,Undefined,0,0,,74.86515,0.952736,-2.64126,2201.017405,43.021493,7:30,5.49125,2.08804,6.57736,-57.38909,-8.44953,-9.35599,1.58305,-1.11416,68.76388,-9.678197,-4.342507,0.503502,,,,,,,,,,,,4.09063,-4.20374,-1.90327,50,5.53378,5.32282,-108.78034,0.2268,4.85292,20.84854,-37.16115,TEN_WES,UNI_PIK,JackBowlingField,NAIA,NAIA,20260313-JackBowlingField-1,f52cb940-1f36-11f1-9965-8dd811638774,74.86052,,,6.10127,,,,,,,295b43c0-2fb4-429e-a1d1-ef411f70d0c1,2026-03-13,23:47:12.03,2026-03-13T19:47:12.0310000-04:00,2026-03-13T23:47:12.0310000Z,,v3,10044917,,,"Brook, Tyler",1000078727,Right,UNI_PIK,cc0c85e3-b575-40a2-a4f5-76650f94ef97,53.92515,-109.53004,10.42427,5.5016,1.56309,-18.58058,-2.09154,5.14832,2.42646,,,,,,,,,,,,,,,,,,,,,,,,,,,,,,,,,,,,,,,,,,,,,,,,,,,High,High,High,,,,,,,,,,,,,,,,,,,,,,,,,,,,,,,,,,,,,,,
205,2026-03-13,19:47:25.39,1,3,"Berry, Isaac",10071639,Right,UNI_PIK,"Gil-Fernandez, Allan",1000299752,Right,TEN_WES,Undefined,6,Bottom,0,1,1,Slider,Curveball,FoulBallNotFieldable,Undefined,Undefined,Undefined,0,0,,75.48933,2.103301,-1.299913,2209.888288,47.773191,7:30,5.54861,2.41624,6.50551,-53.17491,-4.92878,-7.17398,3.04914,0.62514,68.90861,-7.795574,-2.602744,0.499922,70.37255,44.033682,44.902925,4463.544926,67.69441,71.95163,86.7031,222.40873,142.27858,57.455071,4.39174,3.36658,-2.77083,-2.32249,50,5.67299,2.72468,-109.6813,2.55683,4.06154,21.14273,-35.51686,TEN_WES,UNI_PIK,JackBowlingField,NAIA,NAIA,20260313-JackBowlingField-1,fd240f90-1f36-11f1-9965-8dd811638774,75.3966,72.6242,,6.58072,,,,0.63477,2.92486,-0.63523,295b43c0-2fb4-429e-a1d1-ef411f70d0c1,2026-03-13,23:47:25.39,2026-03-13T19:47:25.3970000-04:00,2026-03-13T23:47:25.3970000Z,FlyBall,v3,10044917,,,"Brook, Tyler",1000078727,Right,UNI_PIK,05d28f87-1151-4455-a772-5f5fd1cd1041,53.99632,-110.44896,10.57136,5.55675,3.8464,-17.75843,-2.41874,2.57721,2.03077,217.179297,0.63943,52.44785,-12.72518,2.41367,0.14194,-0.23782,0.05321,-0.00332,-9E-05,2.92739,71.67184,-20.62259,0.90983,0.55764,-0.44779,0.14966,-0.02358,0.00142,-0.6325,52.31234,-2.87386,-0.41471,0.65104,-0.34224,0.09656,-0.01381,0.00078,,,,,,,,,,,,,,,,,,,,,,,High,High,High,High,Medium,,,,,,,,,,,,,,,,,,,,,,,,,,,,,,,,,,,,,
206,2026-03-13,19:47:57.46,1,4,"Berry, Isaac",10071639,Right,UNI_PIK,"Gil-Fernandez, Allan",1000299752,Right,TEN_WES,Undefined,6,Bottom,0,1,2,Slider,Slider,BallCalled,Undefined,Undefined,Undefined,0,0,,78.26033,0.183306,-2.631299,2373.264209,92.472684,9:00,5.60788,2.63482,6.62854,-42.8677,2.23075,-15.03473,2.2036,-1.02912,71.06043,-7.839471,-5.36275,0.483339,,,,,,,,,,,,6.97367,1.64756,-2.4515,50,5.60378,5.74059,-113.57681,-0.81604,8.94184,24.36607,-30.06151,TEN_WES,UNI_PIK,JackBowlingField,NAIA,NAIA,20260313-JackBowlingField-1,10402e60-1f37-11f1-9965-8dd811638774,77.98338,,,7.1999,,,,,,,295b43c0-2fb4-429e-a1d1-ef411f70d0c1,2026-03-13,23:47:57.46,2026-03-13T19:47:57.4630000-04:00,2026-03-13T23:47:57.4630000Z,,v3,10044917,,,"Brook, Tyler",1000078727,Right,UNI_PIK,e4ca9c71-02c3-4784-8394-dc3096552c71,53.86965,-114.40397,12.18303,5.61416,0.20447,-15.03076,-2.64122,5.43704,4.47092,,,,,,,,,,,,,,,,,,,,,,,,,,,,,,,,,,,,,,,,,,,,,,,,,,,High,High,High,,,,,,,,,,,,,,,,,,,,,,,,,,,,,,,,,,,,,,,
207,2026-03-13,19:48:11.23,1,5,"Berry, Isaac",10071639,Right,UNI_PIK,"Gil-Fernandez, Allan",1000299752,Right,TEN_WES,Undefined,6,Bottom,0,2,2,Slider,Curveball,InPlay,Undefined,GroundBall,Out,1,0,,72.33075,2.32194,-0.360367,2088.566726,52.422456,7:45,5.73026,1.83315,6.51485,-64.57354,-11.60579,-17.49694,2.48103,0.04438,65.78103,-9.671085,-3.543626,0.523814,88.1136,-7.184164,-39.938839,,,,,23.85702,22.65796,-36.375458,0.171477,9.09788,-6.40693,-1.80079,50,5.86477,1.20933,-105.09303,2.5302,9.97051,21.14517,-39.19552,TEN_WES,UNI_PIK,JackBowlingField,NAIA,NAIA,20260313-JackBowlingField-1,18781020-1f37-11f1-9965-8dd811638774,71.95768,2.77705,,6.54972,,,,2.31618,2.77705,-0.0054,295b43c0-2fb4-429e-a1d1-ef411f70d0c1,2026-03-13,23:48:11.23,2026-03-13T19:48:11.2380000-04:00,2026-03-13T23:48:11.2380000Z,GroundBall,v3,10044917,,,"Brook, Tyler",1000078727,Right,UNI_PIK,acaed98b-efe9-4eea-ba2c-78460764c3e7,53.98927,-105.89265,10.57259,5.74107,4.0124,-19.59776,-1.83939,0.83229,4.98526,180,2.31061,98.5106,,,,,,,,2.77796,-16.19491,,,,,,,,-0.00074,-82.48118,,,,,,,,,,,,,,,,,,,,,,,,,,,,,,High,High,High,Low,Medium,,,,,,,,,,,,,,,,,,,,,,,,,,,,,,,,,,,,,
208,2026-03-13,19:48:43.82,2,1,"Berry, Isaac",10071639,Right,UNI_PIK,"Shelly, Joshua",1000333363,Right,TEN_WES,Undefined,6,Bottom,1,0,0,Curveball,Curveball,StrikeCalled,Undefined,Undefined,Undefined,0,0,,75.51717,2.324021,-1.122669,2229.528946,61.209492,8:00,5.54195,2.38102,6.39572,-52.6118,-4.36851,-10.72064,3.29664,0.45497,69.14606,-7.445407,-3.064852,0.499908,,,,,,,,,,,,5.22028,-2.41362,-2.29607,50,5.6857,2.51769,-109.71865,2.95008,6.33106,20.33629,-35.10123,TEN_WES,UNI_PIK,JackBowlingField,NAIA,NAIA,20260313-JackBowlingField-1,2be02c10-1f37-11f1-9965-8dd811638774,75.39878,,,6.37111,,,,,,,295b43c0-2fb4-429e-a1d1-ef411f70d0c1,2026-03-13,23:48:43.82,2026-03-13T19:48:43.8200000-04:00,2026-03-13T23:48:43.8200000Z,,v3,10044917,,,"Brook, Tyler",1000078727,Right,UNI_PIK,91ca72d1-112c-47fc-bc5a-5c30e82844bd,54.10553,-110.47699,10.16815,5.55129,4.25899,-17.55062,-2.38555,2.28161,3.16553,,,,,,,,,,,,,,,,,,,,,,,,,,,,,,,,,,,,,,,,,,,,,,,,,,,High,High,High,,,,,,,,,,,,,,,,,,,,,,,,,,,,,,,,,,,,,,,
209,2026-03-13,19:48:56.08,2,2,"Berry, Isaac",10071639,Right,UNI_PIK,"Shelly, Joshua",1000333363,Right,TEN_WES,Undefined,6,Bottom,1,0,1,Cutter,Slider,FoulBallNotFieldable,Undefined,Undefined,Undefined,0,0,,83.54077,-1.272487,-2.214782,2418.453802,105.14859,9:30,5.86644,1.62646,6.45714,-36.55888,2.51768,-4.9917,1.64985,-0.82512,77.15122,-8.053254,-3.120541,0.449914,,,,,,,,,,,,2.03039,1.98579,-1.4676,50,5.76,4.87291,-121.4498,-3.78883,3.03746,23.42694,-29.20333,TEN_WES,UNI_PIK,JackBowlingField,NAIA,NAIA,20260313-JackBowlingField-1,3323c2c0-1f37-11f1-9965-8dd811638774,83.77699,,,6.38956,,,,,,,295b43c0-2fb4-429e-a1d1-ef411f70d0c1,2026-03-13,23:48:56.08,2026-03-13T19:48:56.0820000-04:00,2026-03-13T23:48:56.0820000Z,,v3,10044917,,,"Brook, Tyler",1000078727,Right,UNI_PIK,758997bd-0499-439c-9c46-8b33bf8a75e8,54.04505,-122.22758,11.71347,5.86969,-2.81928,-14.60166,-1.62771,4.77206,1.51873,,,,,,,,,,,,,,,,,,,,,,,,,,,,,,,,,,,,,,,,,,,,,,,,,,,High,High,High,,,,,,,,,,,,,,,,,,,,,,,,,,,,,,,,,,,,,,,
210,2026-03-13,19:49:21.43,2,3,"Berry, Isaac",10071639,Right,UNI_PIK,"Shelly, Joshua",1000333363,Right,TEN_WES,Undefined,6,Bottom,1,0,2,Fastball,Four-Seam,BallCalled,Undefined,Undefined,Undefined,0,0,,85.63809,0.991892,-1.820205,2126.170398,200.083492,12:45,5.96426,1.90406,6.90522,-21.86981,15.23745,5.09618,5.04575,0.67031,77.20068,-3.241156,-0.888739,0.43843,,,,,,,,,,,,-3.24917,8.14579,-1.79079,50,6.01856,3.76198,-124.35541,1.63904,-5.01793,28.14052,-19.59395,TEN_WES,UNI_PIK,JackBowlingField,NAIA,NAIA,20260313-JackBowlingField-1,424422e0-1f37-11f1-9965-8dd811638774,85.9713,,,8.43742,,,,,,,295b43c0-2fb4-429e-a1d1-ef411f70d0c1,2026-03-13,23:49:21.43,2026-03-13T19:49:21.4330000-04:00,2026-03-13T23:49:21.4330000Z,,v3,10044917,,,"Brook, Tyler",1000078727,Right,UNI_PIK,78d05db4-0d76-46e5-b5aa-8e2c6bb219ce,53.59012,-125.16518,14.07026,5.96328,2.20288,-9.79698,-1.90113,3.90637,-2.50896,,,,,,,,,,,,,,,,,,,,,,,,,,,,,,,,,,,,,,,,,,,,,,,,,,,High,High,High,,,,,,,,,,,,,,,,,,,,,,,,,,,,,,,,,,,,,,,
211,2026-03-13,19:49:33.37,2,4,"Berry, Isaac",10071639,Right,UNI_PIK,"Shelly, Joshua",1000333363,Right,TEN_WES,Undefined,6,Bottom,1,1,2,Slider,Curveball,FoulBallNotFieldable,Undefined,Undefined,Undefined,0,0,,74.0643,1.689907,-2.007782,2180.111919,66.080549,8:15,5.66768,2.12266,6.40526,-53.41219,-2.51173,-9.80953,2.77201,-0.5418,67.00559,-8.264619,-3.784617,0.51349,,,,,,,,,,,,4.3126,-1.07095,-1.97556,50,5.76704,4.11695,-107.39668,1.64953,4.93833,21.99277,-33.4004,TEN_WES,UNI_PIK,JackBowlingField,NAIA,NAIA,20260313-JackBowlingField-1,4967d580-1f37-11f1-9965-8dd811638774,73.40437,,,7.05871,,,,,,,295b43c0-2fb4-429e-a1d1-ef411f70d0c1,2026-03-13,23:49:33.37,2026-03-13T19:49:33.3750000-04:00,2026-03-13T23:49:33.3750000Z,,v3,10044917,,,"Brook, Tyler",1000078727,Right,UNI_PIK,c6505ef8-f3b0-4f15-b777-193cfe0b7a75,54.09026,-108.23105,10.99638,5.68042,2.91668,-16.7002,-2.1282,3.92959,2.46917,,,,,,,,,,,,,,,,,,,,,,,,,,,,,,,,,,,,,,,,,,,,,,,,,,,High,High,High,,,,,,,,,,,,,,,,,,,,,,,,,,,,,,,,,,,,,,,
212,2026-03-13,19:49:51.83,2,5,"Berry, Isaac",10071639,Right,UNI_PIK,"Shelly, Joshua",1000333363,Right,TEN_WES,Undefined,6,Bottom,1,1,2,Curveball,Curveball,FoulBallNotFieldable,Undefined,Undefined,Undefined,0,0,,77.14634,1.583634,-1.472823,2250.205528,51.074428,7:45,5.68111,2.22165,6.52394,-53.34798,-7.27331,-10.83402,2.68924,-0.03276,70.6614,-8.321924,-3.441724,0.488543,73.62093,54.977247,60.161938,5385.236838,,,,,58.14971,,,5.25028,-3.87547,-2.11484,50,5.76879,3.24417,-112.15296,1.58653,6.63052,21.88855,-37.06836,TEN_WES,UNI_PIK,JackBowlingField,NAIA,NAIA,20260313-JackBowlingField-1,54941810-1f37-11f1-9965-8dd811638774,77.15279,73.01307,,6.48494,,,,0.65749,2.73701,0.02787,295b43c0-2fb4-429e-a1d1-ef411f70d0c1,2026-03-13,23:49:51.83,2026-03-13T19:49:51.8380000-04:00,2026-03-13T23:49:51.8380000Z,,v3,10044917,,,"Brook, Tyler",1000078727,Right,UNI_PIK,44f357b1-9b10-48ae-90bf-4a722fc9eb0c,53.97894,-112.92684,10.94428,5.68953,2.89711,-18.53418,-2.22539,3.00974,3.31526,210.97657,0.65749,30.83234,-14.25568,4.63595,-1.19118,0.2744,-0.06133,0.01119,-0.00122,2.73701,88.42514,-25.06488,2.48184,-0.34188,0.0222,0.00352,-0.00168,0.0003,0.02787,53.75347,-5.69879,0.74321,-0.02003,-0.02574,0.01028,-0.00264,0.00032,,,,,,,,,,,,,,,,,,,,,,,High,High,High,High,Undefined,,,,,,,,,,,,,,,,,,,,,,,,,,,,,,,,,,,,,
213,2026-03-13,19:50:07.85,2,6,"Berry, Isaac",10071639,Right,UNI_PIK,"Shelly, Joshua",1000333363,Right,TEN_WES,Undefined,6,Bottom,1,1,2,Slider,Curveball,FoulBallNotFieldable,Undefined,Undefined,Undefined,0,0,,73.92816,1.997092,0.017245,2002.305631,28.680187,7:00,5.79693,1.63269,6.31827,-61.51236,-10.52501,-6.73181,2.5111,1.08759,67.21986,-9.393505,-1.203345,0.513928,99.6986,7.294512,-54.519903,4289.551163,54.36488,6.51269,-95.62666,159.33548,139.65559,-63.62865,1.258213,3.51925,-5.66331,-1.63083,50,5.91415,0.19063,-107.38082,1.99681,4.03724,21.62689,-38.6709,TEN_WES,UNI_PIK,JackBowlingField,NAIA,NAIA,20260313-JackBowlingField-1,5df44d30-1f37-11f1-9965-8dd811638774,73.34182,7.7429,,6.70829,,,,2.29827,2.86968,-1.57755,295b43c0-2fb4-429e-a1d1-ef411f70d0c1,2026-03-13,23:50:07.85,2026-03-13T19:50:07.8530000-04:00,2026-03-13T23:50:07.8530000Z,LineDrive,v3,10044917,,,"Brook, Tyler",1000078727,Right,UNI_PIK,96af7aad-ba6c-411b-b844-41e67b0f1bf2,54.18442,-108.22029,10.81344,5.80751,3.49787,-19.33545,-1.63519,0.03391,2.01862,,2.29827,84.18447,-29.54411,6.05043,-1.32641,0.14675,0.10826,-0.0841,0.02004,2.86968,18.56604,-18.66831,2.10325,-0.45063,0.10347,-0.01726,0.00085,0.00031,-1.57755,-118.10945,3.8966,1.03283,-0.41997,0.04652,0.07823,-0.05719,0.01358,,,,,,,,,,,,,,,,,,,,,,,High,High,High,Medium,Medium,,,,,,,,,,,,,,,,,,,,,,,,,,,,,,,,,,,,,
214,2026-03-13,19:50:33.00,2,7,"Berry, Isaac",10071639,Right,UNI_PIK,"Shelly, Joshua",1000333363,Right,TEN_WES,Undefined,6,Bottom,1,1,2,Fastball,Cutter,BallCalled,Undefined,Undefined,Undefined,0,0,,85.0784,-2.53028,-1.945436,2242.810345,172.260837,11:45,5.75928,1.92679,6.8929,-23.5958,13.75863,-1.70268,1.48496,0.01186,77.79371,-7.021038,-2.256807,0.439888,,,,,,,,,,,,0.33272,8.43981,-1.8035,50,5.59083,4.2568,-123.56561,-6.05152,0.5116,25.86444,-19.19588,TEN_WES,UNI_PIK,JackBowlingField,NAIA,NAIA,20260313-JackBowlingField-1,6d07dc10-1f37-11f1-9965-8dd811638774,85.68636,,,7.28469,,,,,,,295b43c0-2fb4-429e-a1d1-ef411f70d0c1,2026-03-13,23:50:33.00,2026-03-13T19:50:33.0080000-04:00,2026-03-13T23:50:33.0080000Z,,v3,10044917,,,"Brook, Tyler",1000078727,Right,UNI_PIK,0f3cd6c9-b302-42a5-a590-0f85307d9307,53.60593,-124.3181,12.93222,5.75877,-5.49304,-9.59794,-1.92713,4.24192,0.2558,,,,,,,,,,,,,,,,,,,,,,,,,,,,,,,,,,,,,,,,,,,,,,,,,,,High,High,High,,,,,,,,,,,,,,,,,,,,,,,,,,,,,,,,,,,,,,,
215,2026-03-13,19:50:46.22,2,8,"Berry, Isaac",10071639,Right,UNI_PIK,"Shelly, Joshua",1000333363,Right,TEN_WES,Undefined,6,Bottom,1,2,2,Curveball,Curveball,InPlay,Undefined,LineDrive,Single,0,0,,74.77185,1.228826,-1.458869,2228.764757,39.762379,7:15,5.57141,1.9347,6.33914,-56.01948,-6.65394,-6.85457,2.03505,0.02002,68.62148,-9.129638,-2.701172,0.505689,102.40405,8.816976,-21.412239,1507.088263,100.44536,7.11114,-44.84114,158.31226,158.31226,-25.512418,1.244654,3.14992,-3.41847,-1.82537,50,5.63461,2.99311,-108.68594,0.74967,3.73808,20.45002,-36.23084,TEN_WES,UNI_PIK,JackBowlingField,NAIA,NAIA,20260313-JackBowlingField-1,74d8bea0-1f37-11f1-9965-8dd811638774,74.53684,8.32577,,6.15037,,,,1.82389,2.0912,-0.02786,295b43c0-2fb4-429e-a1d1-ef411f70d0c1,2026-03-13,23:50:46.22,2026-03-13T19:50:46.2200000-04:00,2026-03-13T23:50:46.2200000Z,LineDrive,v3,10044917,,,"Brook, Tyler",1000078727,Right,UNI_PIK,d75df8dd-5a1d-4eb7-aad1-b724eb8ab244,54.16375,-109.46657,10.22501,5.57959,2.1327,-18.11542,-1.9369,2.85042,1.86904,77.708334,1.82389,138.17345,-24.36782,4.52852,-0.99642,0.20504,-0.04327,0.00769,-0.00076,2.0912,23.02128,-22.67009,2.89968,-0.66055,0.15772,-0.03441,0.00647,-0.00069,-0.02786,-54.18364,-2.05163,1.82171,-0.60278,0.17462,-0.04375,0.00875,-0.00095,,,,,,,,,,,,,,,,,,,,,,,High,High,High,High,High,,,,,,,,,,,,,,,,,,,,,,,,,,,,,,,,,,,,,
216,2026-03-13,19:51:22.10,3,1,"Berry, Isaac",10071639,Right,UNI_PIK,"Reynolds, Kolton",10290027,Right,TEN_WES,Undefined,6,Bottom,1,0,0,Slider,Curveball,StrikeCalled,Undefined,Undefined,Undefined,0,0,,72.63217,2.872106,0.146014,2116.836293,74.331272,8:30,5.79627,1.77566,6.45246,-56.28216,-2.57331,-17.08249,3.74698,0.48627,64.5043,-7.701965,-2.952787,0.527466,,,,,,,,,,,,8.80508,-1.64228,-1.77992,50,5.97686,0.32663,-105.17205,3.73796,9.49718,23.98019,-33.94543,TEN_WES,UNI_PIK,JackBowlingField,NAIA,NAIA,20260313-JackBowlingField-1,8a3cf8b0-1f37-11f1-9965-8dd811638774,71.4595,,,8.12787,,,,,,,295b43c0-2fb4-429e-a1d1-ef411f70d0c1,2026-03-13,23:51:22.10,2026-03-13T19:51:22.1010000-04:00,2026-03-13T23:51:22.1010000Z,,v3,10044917,,,"Brook, Tyler",1000078727,Right,UNI_PIK,0592797c-7126-4a9f-bd0e-93bdc5d4de30,54.04282,-106.08985,11.9901,5.80893,5.03716,-16.97272,-1.78546,-0.03686,4.74859,,,,,,,,,,,,,,,,,,,,,,,,,,,,,,,,,,,,,,,,,,,,,,,,,,,High,High,High,,,,,,,,,,,,,,,,,,,,,,,,,,,,,,,,,,,,,,,
217,2026-03-13,19:51:37.65,3,2,"Berry, Isaac",10071639,Right,UNI_PIK,"Reynolds, Kolton",10290027,Right,TEN_WES,Undefined,6,Bottom,1,0,1,Slider,Slider,FoulBallNotFieldable,Undefined,Undefined,Undefined,0,0,,80.36441,0.680752,-0.99032,2334.966814,86.825083,9:00,5.76481,2.07776,6.39422,-41.93065,0.87228,-10.24048,2.89682,0.31346,73.15914,-7.139415,-2.846858,0.470878,63.41663,38.546991,154.607093,3802.195184,,,,,32.28125,,,5.045,0.65862,-2.00217,50,5.79472,2.38244,-116.76969,0.15481,6.88392,24.39571,-31.27537,TEN_WES,UNI_PIK,JackBowlingField,NAIA,NAIA,20260313-JackBowlingField-1,937bc320-1f37-11f1-9965-8dd811638774,80.04717,24.71905,,7.20527,,,,1.53923,2.89452,-0.33844,295b43c0-2fb4-429e-a1d1-ef411f70d0c1,2026-03-13,23:51:37.65,2026-03-13T19:51:37.6570000-04:00,2026-03-13T23:51:37.6570000Z,,v3,10044917,,,"Brook, Tyler",1000078727,Right,UNI_PIK,cafc48a1-2c1a-4289-baab-c6ef3b820b8f,54.10615,-117.62443,12.19785,5.7701,1.25058,-15.63768,-2.08142,2.14126,3.44196,324.028678,1.54307,-65.82584,3.13819,,,,,,,2.91316,57.44089,-25.61677,,,,,,,-0.32839,30.91397,-7.04524,,,,,,,,,,,,,,,,,,,,,,,,,,,,,High,High,High,High,Undefined,,,,,,,,,,,,,,,,,,,,,,,,,,,,,,,,,,,,,
218,2026-03-13,19:52:19.76,3,3,"Berry, Isaac",10071639,Right,UNI_PIK,"Reynolds, Kolton",10290027,Right,TEN_WES,Undefined,6,Bottom,1,0,2,Curveball,Curveball,InPlay,Undefined,FlyBall,Out,1,0,,75.2875,1.792399,-1.809375,2164.985001,29.656743,7:00,5.6806,1.90207,6.31374,-57.73019,-8.30725,-5.74855,2.52217,-0.24422,68.13763,-8.914606,-2.85005,0.505983,95.32184,35.202666,-9.061187,3620.064539,109.33438,75.23889,-12.08117,348.76821,336.30437,-1.539029,5.505856,2.3787,-4.44799,-1.76692,50,5.7849,3.64623,-109.24668,1.75598,2.81249,23.12945,-37.43321,TEN_WES,UNI_PIK,JackBowlingField,NAIA,NAIA,20260313-JackBowlingField-1,ac94a0c0-1f37-11f1-9965-8dd811638774,74.49352,102.83699,,7.14987,,,,1.39576,2.93051,0.28961,295b43c0-2fb4-429e-a1d1-ef411f70d0c1,2026-03-13,23:52:19.76,2026-03-13T19:52:19.7610000-04:00,2026-03-13T23:52:19.7610000Z,FlyBall,v3,10044917,,,"Brook, Tyler",1000078727,Right,UNI_PIK,3043af79-6d3f-468b-882e-331fd4bb9a02,54.1875,-110.12968,11.56472,5.69059,3.18505,-18.7166,-1.90407,3.53886,1.40625,195.493903,1.40149,112.69866,-25.15255,6.31362,-1.01823,0.06812,0.00755,-0.00165,8E-05,2.9262,80.66633,-17.3659,0.08397,0.31055,-0.12174,0.02901,-0.0037,0.00018,0.28767,-17.95229,8.7022,-2.44005,0.47647,-0.05703,0.00285,8E-05,-1E-05,,,,,,,,,,,,,,,,,,,,,,,High,High,High,High,Medium,,,,,,,,,,,,,,,,,,,,,,,,,,,,,,,,,,,,,
219,2026-03-13,19:52:56.33,4,1,"Berry, Isaac",10071639,Right,UNI_PIK,"Espinoza, Brayan",1000072839,Right,TEN_WES,Undefined,6,Bottom,2,0,0,Curveball,Curveball,BallCalled,Undefined,Undefined,Undefined,0,0,,74.68167,3.508068,-0.51491,2148.450459,51.214366,7:45,5.71768,2.0249,6.07308,-56.93527,-6.7667,-10.46193,4.22344,0.67659,68.00776,-7.008961,-2.397983,0.509785,,,,,,,,,,,,5.18036,-3.93823,-1.97984,50,5.96015,1.3481,-108.33144,4.92689,6.10843,20.29476,-36.81779,TEN_WES,UNI_PIK,JackBowlingField,NAIA,NAIA,20260313-JackBowlingField-1,c2681760-1f37-11f1-9965-8dd811638774,73.93788,,,6.67391,,,,,,,295b43c0-2fb4-429e-a1d1-ef411f70d0c1,2026-03-13,23:52:56.33,2026-03-13T19:52:56.3300000-04:00,2026-03-13T23:52:56.3300000Z,,v3,10044917,,,"Brook, Tyler",1000078727,Right,UNI_PIK,0eee7e39-f859-4613-a80b-040f8422f293,54.42817,-109.15786,10.14738,5.729,6.42614,-18.40889,-2.02967,1.09936,3.05422,,,,,,,,,,,,,,,,,,,,,,,,,,,,,,,,,,,,,,,,,,,,,,,,,,,High,High,High,,,,,,,,,,,,,,,,,,,,,,,,,,,,,,,,,,,,,,,
220,2026-03-13,19:53:12.78,4,2,"Berry, Isaac",10071639,Right,UNI_PIK,"Espinoza, Brayan",1000072839,Right,TEN_WES,Undefined,6,Bottom,2,1,0,Cutter,Slider,BallinDirt,Undefined,Undefined,Undefined,0,0,,81.48767,-2.525734,-2.620288,2352.446352,113.34692,9:45,5.76718,1.61071,6.60406,-37.2838,3.89288,-5.98315,0.34251,-1.28994,75.05182,-9.444745,-3.709087,0.461846,,,,,,,,,,,,2.39043,3.19055,-1.42979,50,5.57961,5.61939,-118.28552,-6.27693,3.37073,23.55933,-27.6751,TEN_WES,UNI_PIK,JackBowlingField,NAIA,NAIA,20260313-JackBowlingField-1,cc286de0-1f37-11f1-9965-8dd811638774,81.61262,,,6.43586,,,,,,,295b43c0-2fb4-429e-a1d1-ef411f70d0c1,2026-03-13,23:53:12.78,2026-03-13T19:53:12.7810000-04:00,2026-03-13T23:53:12.7810000Z,,v3,10044917,,,"Brook, Tyler",1000078727,Right,UNI_PIK,234f5e36-6ba8-4913-bc95-be575acaa3ba,53.89635,-119.05904,11.77967,5.77078,-5.36827,-13.83755,-1.61248,5.50872,1.68536,,,,,,,,,,,,,,,,,,,,,,,,,,,,,,,,,,,,,,,,,,,,,,,,,,,High,High,High,,,,,,,,,,,,,,,,,,,,,,,,,,,,,,,,,,,,,,,
221,2026-03-13,19:53:36.96,4,3,"Berry, Isaac",10071639,Right,UNI_PIK,"Espinoza, Brayan",1000072839,Right,TEN_WES,Undefined,6,Bottom,2,2,0,Cutter,Slider,BallCalled,Undefined,Undefined,Undefined,0,0,,79.44735,0.297158,-2.722827,2226.261307,127.647703,10:15,5.74104,1.58355,6.29695,-38.13293,6.03681,-5.83926,2.83742,-1.41385,72.1017,-6.830764,-3.777001,0.478337,,,,,,,,,,,,2.14551,3.53874,-1.38076,50,5.74509,5.69482,-115.22531,-0.50777,2.84593,24.07989,-27.48003,TEN_WES,UNI_PIK,JackBowlingField,NAIA,NAIA,20260313-JackBowlingField-1,da955c80-1f37-11f1-9965-8dd811638774,78.79893,,,7.34565,,,,,,,295b43c0-2fb4-429e-a1d1-ef411f70d0c1,2026-03-13,23:53:36.96,2026-03-13T19:53:36.9680000-04:00,2026-03-13T23:53:36.9680000Z,,v3,10044917,,,"Brook, Tyler",1000078727,Right,UNI_PIK,6a83cd62-6776-4db0-bd8c-8ea8809721a6,54.20004,-116.09972,12.03994,5.74541,0.49011,-13.74002,-1.58568,5.59147,1.42296,,,,,,,,,,,,,,,,,,,,,,,,,,,,,,,,,,,,,,,,,,,,,,,,,,,High,High,High,,,,,,,,,,,,,,,,,,,,,,,,,,,,,,,,,,,,,,,
222,2026-03-13,19:53:53.91,4,4,"Berry, Isaac",10071639,Right,UNI_PIK,"Espinoza, Brayan",1000072839,Right,TEN_WES,Undefined,6,Bottom,2,3,0,Cutter,Slider,BallCalled,Walk,Undefined,Undefined,0,0,,81.2199,-2.093315,-2.229028,2329.429095,154.843224,11:15,5.80375,1.69913,6.42752,-31.31092,10.75316,-4.35461,1.26811,-0.71362,73.86061,-7.969228,-3.018364,0.466796,,,,,,,,,,,,1.56039,6.73335,-1.53852,50,5.64053,4.74301,-117.79337,-5.17691,2.16299,25.17559,-22.84044,TEN_WES,UNI_PIK,JackBowlingField,NAIA,NAIA,20260313-JackBowlingField-1,e4b0f260-1f37-11f1-9965-8dd811638774,80.74712,,,7.35929,,,,,,,295b43c0-2fb4-429e-a1d1-ef411f70d0c1,2026-03-13,23:53:53.91,2026-03-13T19:53:53.9140000-04:00,2026-03-13T23:53:53.9140000Z,,v3,10044917,,,"Brook, Tyler",1000078727,Right,UNI_PIK,254bf1da-58bf-4db9-8936-b3ea6decb814,54.06992,-118.66003,12.5878,5.80521,-4.39064,-11.42022,-1.70052,4.66855,1.08149,,,,,,,,,,,,,,,,,,,,,,,,,,,,,,,,,,,,,,,,,,,,,,,,,,,High,High,High,,,,,,,,,,,,,,,,,,,,,,,,,,,,,,,,,,,,,,,
223,2026-03-13,19:55:13.07,5,1,"Berry, Isaac",10071639,Right,UNI_PIK,"McGill, Cody",1000087887,Left,TEN_WES,Undefined,6,Bottom,2,0,0,Slider,Curveball,StrikeCalled,Undefined,Undefined,Undefined,0,0,,74.49307,1.29795,-0.870077,2245.496372,93.616943,9:00,5.69014,2.01254,6.52381,-47.17534,2.66914,-14.5056,2.95005,0.00541,67.55696,-7.542342,-3.505354,0.508136,,,,,,,,,,,,7.25036,1.55886,-1.94672,50,5.76105,2.13051,-108.17265,1.1907,8.44635,21.82888,-30.35802,TEN_WES,UNI_PIK,JackBowlingField,NAIA,NAIA,20260313-JackBowlingField-1,13e7e430-1f38-11f1-9965-8dd811638774,74.17787,,,6.93611,,,,,,,295b43c0-2fb4-429e-a1d1-ef411f70d0c1,2026-03-13,23:55:13.07,2026-03-13T19:55:13.0710000-04:00,2026-03-13T23:55:13.0710000Z,,v3,10044917,,,"Brook, Tyler",1000078727,Right,UNI_PIK,dabfa9f3-3c7f-47cc-8c13-708273fa744c,53.97439,-108.97172,10.91444,5.69713,2.30199,-15.17901,-2.01905,1.82132,4.22318,,,,,,,,,,,,,,,,,,,,,,,,,,,,,,,,,,,,,,,,,,,,,,,,,,,High,High,High,,,,,,,,,,,,,,,,,,,,,,,,,,,,,,,,,,,,,,,
224,2026-03-13,19:55:33.09,5,2,"Berry, Isaac",10071639,Right,UNI_PIK,"McGill, Cody",1000087887,Left,TEN_WES,Undefined,6,Bottom,2,0,1,Sinker,Four-Seam,InPlay,Undefined,FlyBall,Out,1,0,,81.77215,-1.339356,-3.157838,2205.764319,189.341096,12:15,5.73573,2.27352,7.01344,-23.50482,16.77879,2.54083,2.55754,-0.38791,74.5905,-5.855353,-2.693094,0.45681,80.58872,32.097403,14.588715,3490.253975,106.56825,57.73814,27.26129,297.4267,295.60123,13.507569,4.491665,-2.30264,9.77564,-2.08145,50,5.64575,6.47038,-118.76638,-3.30801,-3.26757,24.12329,-18.3018,TEN_WES,UNI_PIK,JackBowlingField,NAIA,NAIA,20260313-JackBowlingField-1,1fce27f0-1f38-11f1-9965-8dd811638774,82.5123,67.80302,,7.18165,,,,2.14722,2.69179,0.37199,295b43c0-2fb4-429e-a1d1-ef411f70d0c1,2026-03-13,23:55:33.09,2026-03-13T19:55:33.0960000-04:00,2026-03-13T23:55:33.0960000Z,FlyBall,v3,10044917,,,"Brook, Tyler",1000078727,Right,UNI_PIK,fc79029f-2bc0-4584-90b7-702be8931e49,53.48637,-119.47242,12.06164,5.73473,-2.77236,-9.1509,-2.27222,6.56601,-1.63379,179.53259,2.14813,96.88083,-16.0726,3.63334,-0.65847,0.1161,-0.02233,0.00328,-0.00021,2.69221,62.79188,-16.37459,0.55413,0.19199,-0.16594,0.05402,-0.00815,0.00047,0.37214,25.21808,-4.27544,0.86558,-0.16277,0.03546,-0.00863,0.00137,-9E-05,,,,,,,,,,,,,,,,,,,,,,,High,High,High,High,High,,,,,,,,,,,,,,,,,,,,,,,,,,,,,,,,,,,,,
225,2026-03-13,19:57:56.02,1,1,"Johnson, Brad",1000180703,Right,TEN_WES,"DeCarlo, Domenic",1000440026,Right,UNI_PIK,Undefined,7,Top,0,0,0,Cutter,Slider,BallCalled,Undefined,Undefined,Undefined,0,0,,84.98591,0.265706,-1.789674,2185.444578,156.501985,11:15,5.68741,3.37889,5.51608,-30.92136,8.38741,-3.1026,3.35921,1.44634,77.63926,-5.444497,-2.342256,0.451249,,,,,,,,,,,,1.04878,4.5578,-3.22085,50,5.6901,3.98643,-123.3025,-0.50006,1.61244,24.82432,-25.16667,TEN_WES,UNI_PIK,JackBowlingField,NAIA,NAIA,20260313-JackBowlingField-1,74fd6830-1f38-11f1-9965-8dd811638774,83.52916,,,7.34665,,,,,,,295b43c0-2fb4-429e-a1d1-ef411f70d0c1,2026-03-13,23:57:56.02,2026-03-13T19:57:56.0270000-04:00,2026-03-13T23:57:56.0270000Z,,v3,10044917,,,"Tolson, Jacob",10035532,Right,TEN_WES,a0720e8b-e8e8-47f9-93d4-78e1167c0fb3,54.98156,-124.30139,12.41216,5.68985,0.51261,-12.58334,-3.37995,3.92155,0.80622,,,,,,,,,,,,,,,,,,,,,,,,,,,,,,,,,,,,,,,,,,,,,,,,,,,High,High,High,,,,,,,,,,,,,,,,,,,,,,,,,,,,,,,,,,,,,,,
226,2026-03-13,19:58:13.27,1,2,"Johnson, Brad",1000180703,Right,TEN_WES,"DeCarlo, Domenic",1000440026,Right,UNI_PIK,Undefined,7,Top,0,1,0,Cutter,Slider,StrikeCalled,Undefined,Undefined,Undefined,0,0,,85.82007,-0.363592,-3.542303,2157.88005,184.739877,12:15,5.63795,3.46665,5.61984,-30.12966,8.40457,0.59382,2.78717,0.20605,78.38089,-5.929619,-3.436588,0.446781,,,,,,,,,,,,-1.31264,4.74453,-3.16444,50,5.58763,7.67321,-124.35983,-1.823,-2.05023,25.54738,-24.76339,TEN_WES,UNI_PIK,JackBowlingField,NAIA,NAIA,20260313-JackBowlingField-1,7f425800-1f38-11f1-9965-8dd811638774,84.36442,,,7.43917,,,,,,,295b43c0-2fb4-429e-a1d1-ef411f70d0c1,2026-03-13,23:58:13.27,2026-03-13T19:58:13.2740000-04:00,2026-03-13T23:58:13.2740000Z,,v3,10044917,,,"Tolson, Jacob",10035532,Right,TEN_WES,fe2fbb4a-42a4-4fe2-9cf0-e5c80b863492,54.87877,-125.35807,12.77369,5.63996,-0.85539,-12.3817,-3.46583,7.75332,-1.02511,,,,,,,,,,,,,,,,,,,,,,,,,,,,,,,,,,,,,,,,,,,,,,,,,,,High,High,High,,,,,,,,,,,,,,,,,,,,,,,,,,,,,,,,,,,,,,,
227,2026-03-13,19:58:28.45,1,3,"Johnson, Brad",1000180703,Right,TEN_WES,"DeCarlo, Domenic",1000440026,Right,UNI_PIK,Undefined,7,Top,0,1,1,Fastball,Slider,FoulBallNotFieldable,Undefined,Undefined,Undefined,0,0,,84.99814,-1.028726,-3.44922,2165.487856,201.851722,12:45,5.5137,3.36895,5.95211,-32.6862,6.35264,2.01126,1.83392,0.33369,77.30162,-7.092779,-3.088574,0.449697,61.35022,31.87198,159.035345,4066.3305,,,,,35.04511,,,-2.09839,3.96205,-3.0955,50,5.41349,7.34397,-123.17076,-3.27627,-3.19042,26.8141,-26.15005,TEN_WES,UNI_PIK,JackBowlingField,NAIA,NAIA,20260313-JackBowlingField-1,884c08b0-1f38-11f1-9965-8dd811638774,83.81744,19.62332,,7.69652,,,,0.87575,1.79878,-0.40275,295b43c0-2fb4-429e-a1d1-ef411f70d0c1,2026-03-13,23:58:28.45,2026-03-13T19:58:28.4510000-04:00,2026-03-13T23:58:28.4510000Z,,v3,10044917,,,"Tolson, Jacob",10035532,Right,TEN_WES,b2084745-31fe-442c-8c68-985d302fd8f6,54.54716,-124.15672,13.40705,5.51629,-2.31472,-13.07503,-3.36769,7.46129,-1.59521,301.49644,0.87582,-71.35962,5.00453,,,,,,,1.814,47.09868,-22.67897,,,,,,,-0.38793,26.93681,-8.73454,,,,,,,,,,,,,,,,,,,,,,,,,,,,,High,High,High,High,Undefined,,,,,,,,,,,,,,,,,,,,,,,,,,,,,,,,,,,,,
228,2026-03-13,19:58:48.56,1,4,"Johnson, Brad",1000180703,Right,TEN_WES,"DeCarlo, Domenic",1000440026,Right,UNI_PIK,Undefined,7,Top,0,1,2,Fastball,Slider,BallCalled,Undefined,Undefined,Undefined,0,0,,86.57205,0.585553,-4.288664,2127.305147,199.216857,12:45,5.69376,3.33023,5.48415,-33.73691,5.06473,1.25764,3.43177,-0.58505,77.65665,-5.648903,-4.065757,0.448329,,,,,,,,,,,,-2.07284,2.81453,-2.95433,50,5.72291,9.32117,-125.04992,0.06636,-3.2164,29.93281,-27.80673,TEN_WES,UNI_PIK,JackBowlingField,NAIA,NAIA,20260313-JackBowlingField-1,9447f750-1f38-11f1-9965-8dd811638774,84.07325,,,8.9154,,,,,,,295b43c0-2fb4-429e-a1d1-ef411f70d0c1,2026-03-13,23:58:48.56,2026-03-13T19:58:48.5610000-04:00,2026-03-13T23:58:48.5610000Z,,v3,10044917,,,"Tolson, Jacob",10035532,Right,TEN_WES,83648f72-db78-4e43-9f44-6ec1f36030be,55.01077,-126.24363,14.9664,5.69816,1.17529,-13.90336,-3.32862,9.44944,-1.6082,,,,,,,,,,,,,,,,,,,,,,,,,,,,,,,,,,,,,,,,,,,,,,,,,,,High,High,High,,,,,,,,,,,,,,,,,,,,,,,,,,,,,,,,,,,,,,,
229,2026-03-13,19:59:04.91,1,5,"Johnson, Brad",1000180703,Right,TEN_WES,"DeCarlo, Domenic",1000440026,Right,UNI_PIK,Undefined,7,Top,0,2,2,Cutter,Slider,FoulBallFieldable,Undefined,Undefined,Undefined,0,0,,86.15135,-0.801076,-3.85188,2206.69022,193.215626,12:30,5.62161,3.29439,5.43141,-31.05994,8.09308,1.55819,2.28129,-0.18865,77.5403,-6.543818,-3.575523,0.450354,,,,,,,,,,,,-2.07217,4.75213,-2.95371,50,5.52931,8.31776,-124.54484,-2.83666,-3.19268,29.46143,-24.85224,TEN_WES,UNI_PIK,JackBowlingField,NAIA,NAIA,20260313-JackBowlingField-1,9e0a2290-1f38-11f1-9965-8dd811638774,83.69511,,,8.61105,,,,,,,295b43c0-2fb4-429e-a1d1-ef411f70d0c1,2026-03-13,23:59:04.91,2026-03-13T19:59:04.9120000-04:00,2026-03-13T23:59:04.9120000Z,,v3,10044917,,,"Tolson, Jacob",10035532,Right,TEN_WES,37d06d1a-afb0-4097-b4ee-f1f4bf5cdc80,55.06585,-125.73747,14.73072,5.62378,-1.83062,-12.42612,-3.29304,8.44701,-1.59634,,,,,,,,,,,,,,,,,,,,,,,,,,,,,,,,,,,,,,,,,,,,,,,,,,,High,High,High,,,,,,,,,,,,,,,,,,,,,,,,,,,,,,,,,,,,,,,
230,2026-03-13,19:59:43.44,1,6,"Johnson, Brad",1000180703,Right,TEN_WES,"DeCarlo, Domenic",1000440026,Right,UNI_PIK,Undefined,7,Top,0,2,2,Fastball,Slider,FoulBallNotFieldable,Undefined,Undefined,Undefined,0,0,,86.6424,-0.818245,-2.835815,2122.386834,167.366644,11:30,5.69323,3.29281,5.7957,-29.91049,7.72197,-1.45095,2.43858,0.53191,78.96445,-6.362307,-3.095347,0.441522,34.35806,-62.676026,-75.738341,,,,,2.60501,1.87456,-44.133644,0.052376,-0.10193,4.54654,-3.05849,50,5.60798,6.28326,-125.63969,-2.80116,-0.16183,27.08531,-24.95656,TEN_WES,UNI_PIK,JackBowlingField,NAIA,NAIA,20260313-JackBowlingField-1,b50158b0-1f38-11f1-9965-8dd811638774,85.36925,2.37921,,7.67795,,,,1.56683,2.37921,-0.62258,295b43c0-2fb4-429e-a1d1-ef411f70d0c1,2026-03-13,23:59:43.44,2026-03-13T19:59:43.4420000-04:00,2026-03-13T23:59:43.4420000Z,GroundBall,v3,10044917,,,"Tolson, Jacob",10035532,Right,TEN_WES,568b3a4f-9f44-4fd5-ace3-5bc2d09bdb96,54.70384,-126.64968,13.54265,5.69508,-1.87055,-12.47828,-3.2929,6.28929,-0.08092,,1.56613,5.78186,,,,,,,,2.38474,-45.42577,,,,,,,,-0.61981,-22.74674,,,,,,,,,,,,,,,,,,,,,,,,,,,,,,High,High,High,Low,Low,,,,,,,,,,,,,,,,,,,,,,,,,,,,,,,,,,,,,
231,2026-03-13,20:00:07.92,1,7,"Johnson, Brad",1000180703,Right,TEN_WES,"DeCarlo, Domenic",1000440026,Right,UNI_PIK,Undefined,7,Top,0,2,2,Cutter,Slider,StrikeSwinging,Strikeout,Undefined,Undefined,0,0,,86.8501,-0.72643,-4.084721,2126.750754,176.034747,11:45,5.69535,3.27765,5.71067,-33.55915,4.09898,-0.19803,2.2202,-0.55092,79.23727,-6.900642,-4.120011,0.441673,,,,,,,,,,,,-1.10736,2.69205,-2.93494,50,5.61375,8.98889,-125.75424,-2.77861,-1.76271,26.91873,-27.88879,TEN_WES,UNI_PIK,JackBowlingField,NAIA,NAIA,20260313-JackBowlingField-1,c395a570-1f38-11f1-9965-8dd811638774,85.34019,,,7.61283,,,,,,,295b43c0-2fb4-429e-a1d1-ef411f70d0c1,2026-03-14,00:00:07.92,2026-03-13T20:00:07.9250000-04:00,2026-03-14T00:00:07.9250000Z,,v3,10044917,,,"Tolson, Jacob",10035532,Right,TEN_WES,afee43cf-6e04-4418-b5fc-bc00a2a22614,54.7879,-126.77499,13.45936,5.69907,-1.72108,-13.9444,-3.27706,9.05574,-0.88136,,,,,,,,,,,,,,,,,,,,,,,,,,,,,67.2588,,,0.976514,,,,4.54438,6.22802,1.72352,69.67387,8.7997,-55.12156,4.58717,71.69693,-5.16359,6.27259,16.99209,-14.74721,1.66523,-64.12279,6.11032,High,High,High,,,High,High,High,,,,,,,,,,,,,,,,,,,,,,,,,,,,,,,,,,
232,2026-03-13,20:00:33.40,2,1,"Johnson, Brad",1000180703,Right,TEN_WES,"Paulino, Riley",1000250747,Left,UNI_PIK,Undefined,7,Top,1,0,0,Fastball,Slider,FoulBallNotFieldable,Undefined,Undefined,Undefined,0,0,,86.52512,-0.264556,-3.439223,2230.61862,205.649539,12:45,5.65425,3.44606,5.60292,-32.40659,5.67225,2.11079,2.70628,0.40742,78.72334,-6.240983,-3.063359,0.444133,,,,,,,,,,,,-2.09583,3.33465,-3.15267,50,5.61072,7.44308,-125.35034,-1.72021,-3.31078,27.02941,-26.90633,TEN_WES,UNI_PIK,JackBowlingField,NAIA,NAIA,20260313-JackBowlingField-1,d2d01d40-1f38-11f1-9965-8dd811638774,84.86744,,,7.80178,,,,,,,295b43c0-2fb4-429e-a1d1-ef411f70d0c1,2026-03-14,00:00:33.40,2026-03-13T20:00:33.4070000-04:00,2026-03-14T00:00:33.4070000Z,,v3,10044917,,,"Tolson, Jacob",10035532,Right,TEN_WES,861d6024-951e-4473-92d1-e9400d04cb58,54.89579,-126.40162,13.51471,5.65727,-0.67372,-13.45317,-3.44467,7.57185,-1.65539,,,,,,,,,,,,,,,,,,,,,,,,,,,,,,,,,,,,,,,,,,,,,,,,,,,High,High,High,,,,,,,,,,,,,,,,,,,,,,,,,,,,,,,,,,,,,,,
233,2026-03-13,20:00:50.24,2,2,"Johnson, Brad",1000180703,Right,TEN_WES,"Paulino, Riley",1000250747,Left,UNI_PIK,Undefined,7,Top,1,0,1,Cutter,Slider,StrikeCalled,Undefined,Undefined,Undefined,0,0,,86.01531,-0.732459,-2.925751,2219.236254,158.981579,11:15,5.60516,3.37005,5.51365,-31.5536,7.3315,-2.2874,2.28984,0.44116,77.85518,-6.56036,-3.332696,0.44881,,,,,,,,,,,,0.21823,4.35567,-3.11325,50,5.52044,6.46485,-124.53639,-2.70258,0.33809,28.14288,-25.42538,TEN_WES,UNI_PIK,JackBowlingField,NAIA,NAIA,20260313-JackBowlingField-1,dcd6f2a0-1f38-11f1-9965-8dd811638774,83.98299,,,8.16012,,,,,,,295b43c0-2fb4-429e-a1d1-ef411f70d0c1,2026-03-14,00:00:50.24,2026-03-13T20:00:50.2450000-04:00,2026-03-14T00:00:50.2450000Z,,v3,10044917,,,"Tolson, Jacob",10035532,Right,TEN_WES,ab209ca2-6f8f-4ab4-8194-b0cc8188cff4,54.9829,-125.65739,14.07144,5.60792,-1.68983,-12.71269,-3.37049,6.45138,0.16905,,,,,,,,,,,,,,,,,,,,,,,,,,,,,,,,,,,,,,,,,,,,,,,,,,,High,High,High,,,,,,,,,,,,,,,,,,,,,,,,,,,,,,,,,,,,,,,
234,2026-03-13,20:01:05.05,2,3,"Johnson, Brad",1000180703,Right,TEN_WES,"Paulino, Riley",1000250747,Left,UNI_PIK,Undefined,7,Top,1,0,2,Fastball,Slider,BallCalled,Undefined,Undefined,Undefined,0,0,,85.31084,0.420341,-1.948031,2291.550756,183.392886,12:00,5.70453,3.29254,5.33099,-32.64529,6.84811,0.32748,3.37873,1.4913,77.52165,-5.589806,-1.889901,0.452307,,,,,,,,,,,,-0.74189,3.72173,-3.11669,50,5.71938,4.19152,-123.66007,-0.26961,-1.14119,26.18292,-26.44922,TEN_WES,UNI_PIK,JackBowlingField,NAIA,NAIA,20260313-JackBowlingField-1,e5ae48b0-1f38-11f1-9965-8dd811638774,83.33369,,,7.78919,,,,,,,295b43c0-2fb4-429e-a1d1-ef411f70d0c1,2026-03-14,00:01:05.05,2026-03-13T20:01:05.0570000-04:00,2026-03-14T00:01:05.0570000Z,,v3,10044917,,,"Tolson, Jacob",10035532,Right,TEN_WES,2b06807f-e46a-4fa3-806e-970429d48921,55.16626,-124.74914,13.09146,5.70772,0.83054,-13.22461,-3.29202,4.23898,-0.5706,,,,,,,,,,,,,,,,,,,,,,,,,,,,,,,,,,,,,,,,,,,,,,,,,,,High,High,High,,,,,,,,,,,,,,,,,,,,,,,,,,,,,,,,,,,,,,,
235,2026-03-13,20:01:19.63,2,4,"Johnson, Brad",1000180703,Right,TEN_WES,"Paulino, Riley",1000250747,Left,UNI_PIK,Undefined,7,Top,1,1,2,ChangeUp,Changeup,FoulBallNotFieldable,Undefined,Undefined,Undefined,0,0,,81.88025,-0.363595,-3.234415,1530.081801,247.553444,2:15,5.57088,3.48833,6.03371,-36.64022,4.8711,8.62831,2.18029,1.209,75.11616,-7.146341,-1.6835,0.463719,,,,,,,,,,,,-5.38142,2.97256,-3.24026,50,5.52244,6.3952,-118.84474,-1.89806,-7.69072,22.93741,-27.92592,TEN_WES,UNI_PIK,JackBowlingField,NAIA,NAIA,20260313-JackBowlingField-1,ee608a90-1f38-11f1-9965-8dd811638774,81.28298,,,6.76408,,,,,,,295b43c0-2fb4-429e-a1d1-ef411f70d0c1,2026-03-14,00:01:19.63,2026-03-13T20:01:19.6370000-04:00,2026-03-14T00:01:19.6370000Z,,v3,10044917,,,"Tolson, Jacob",10035532,Right,TEN_WES,93248553-4c51-460e-96f7-3bd6b96ca227,54.46773,-119.70392,11.46871,5.57395,-0.85202,-13.96296,-3.48521,6.68327,-3.84536,,,,,,,,,,,,,,,,,,,,,,,,,,,,,,,,,,,,,,,,,,,,,,,,,,,High,High,High,,,,,,,,,,,,,,,,,,,,,,,,,,,,,,,,,,,,,,,
236,2026-03-13,20:01:37.31,2,5,"Johnson, Brad",1000180703,Right,TEN_WES,"Paulino, Riley",1000250747,Left,UNI_PIK,Undefined,7,Top,1,1,2,ChangeUp,Slider,BallinDirt,Undefined,Undefined,Undefined,0,0,,84.25108,-1.970728,-3.759575,2030.95245,186.455064,12:15,5.69094,3.24677,5.39158,-34.53679,6.13886,0.53563,0.96112,-0.23727,76.75371,-8.286054,-3.664541,0.459027,,,,,,,,,,,,-1.42228,4.11362,-2.91095,50,5.49048,7.98477,-121.86016,-5.42293,-2.11777,26.13684,-26.04898,TEN_WES,UNI_PIK,JackBowlingField,NAIA,NAIA,20260313-JackBowlingField-1,f8e78c70-1f38-11f1-9965-8dd811638774,82.11369,,,7.49737,,,,,,,295b43c0-2fb4-429e-a1d1-ef411f70d0c1,2026-03-14,00:01:37.31,2026-03-13T20:01:37.3100000-04:00,2026-03-14T00:01:37.3100000Z,,v3,10044917,,,"Tolson, Jacob",10035532,Right,TEN_WES,b08c40d7-3fc6-479f-bab2-e845c2a9c093,55.10654,-122.95055,13.06842,5.69404,-4.33621,-13.02449,-3.2459,8.07312,-1.05888,,,,,,,,,,,,,,,,,,,,,,,,,,,,,,,,,,,,,,,,,,,,,,,,,,,High,High,High,,,,,,,,,,,,,,,,,,,,,,,,,,,,,,,,,,,,,,,
237,2026-03-13,20:01:55.16,2,6,"Johnson, Brad",1000180703,Right,TEN_WES,"Paulino, Riley",1000250747,Left,UNI_PIK,Undefined,7,Top,1,2,2,Cutter,Slider,BallCalled,Undefined,Undefined,Undefined,0,0,,85.3775,1.060208,-1.435144,2150.039645,161.569965,11:30,5.62376,3.35282,5.48736,-32.38246,6.66461,-1.80154,3.91754,1.85974,77.78799,-4.91653,-1.755876,0.449744,,,,,,,,,,,,0.49008,3.4565,-3.22581,50,5.695,3.1812,-123.85292,1.14829,0.759,25.42425,-26.8211,TEN_WES,UNI_PIK,JackBowlingField,NAIA,NAIA,20260313-JackBowlingField-1,03887ef0-1f39-11f1-9965-8dd811638774,83.80859,,,7.5895,,,,,,,295b43c0-2fb4-429e-a1d1-ef411f70d0c1,2026-03-14,00:01:55.16,2026-03-13T20:01:55.1640000-04:00,2026-03-14T00:01:55.1640000Z,,v3,10044917,,,"Tolson, Jacob",10035532,Right,TEN_WES,492cfc91-7992-461e-b549-dc86b053462c,55.01042,-124.87721,12.71213,5.62698,2.22886,-13.41055,-3.35336,3.15063,0.3795,,,,,,,,,,,,,,,,,,,,,,,,,,,,,,,,,,,,,,,,,,,,,,,,,,,High,High,High,,,,,,,,,,,,,,,,,,,,,,,,,,,,,,,,,,,,,,,
238,2026-03-13,20:02:11.14,2,7,"Johnson, Brad",1000180703,Right,TEN_WES,"Paulino, Riley",1000250747,Left,UNI_PIK,Undefined,7,Top,1,3,2,Cutter,Slider,InPlay,Undefined,GroundBall,Out,1,0,,85.71918,-1.048347,-3.16493,2192.107156,182.465511,12:00,5.52428,3.37956,5.69588,-32.5484,6.4737,0.21752,1.83334,0.4452,77.41293,-7.075288,-3.126101,0.449601,77.46064,-49.098388,41.255422,,,,,2.51053,2.51053,13.813948,0.021073,-1.1535,4.03701,-3.11361,50,5.41599,6.8529,-124.09817,-3.38069,-1.7673,28.89086,-25.98881,TEN_WES,UNI_PIK,JackBowlingField,NAIA,NAIA,20260313-JackBowlingField-1,0d0bf380-1f39-11f1-9965-8dd811638774,83.83539,1.81345,,8.30625,,,,1.25691,1.81345,-0.43647,295b43c0-2fb4-429e-a1d1-ef411f70d0c1,2026-03-14,00:02:11.14,2026-03-13T20:02:11.1470000-04:00,2026-03-14T00:02:11.1470000Z,GroundBall,v3,10044917,,,"Tolson, Jacob",10035532,Right,TEN_WES,8fdfb32a-5c07-4067-8114-f0903b849a59,54.80223,-125.21116,14.44543,5.52695,-2.37949,-12.9944,-3.37893,6.92098,-0.88365,,1.2565,56.04411,,,,,,,,1.81408,-86.05661,,,,,,,,-0.43683,49.15875,,,,,,,,,,,,,,,,,,,,,,,,,,,,,,High,High,High,Estimated,Estimated,,,,,,,,,,,,,,,,,,,,,,,,,,,,,,,,,,,,,
239,2026-03-13,20:02:39.77,3,1,"Johnson, Brad",1000180703,Right,TEN_WES,"Subero, Francis",10157150,Left,UNI_PIK,Undefined,7,Top,2,0,0,Cutter,Slider,StrikeCalled,Undefined,Undefined,Undefined,0,0,,85.00465,-0.721993,-3.037305,2305.762864,167.132105,11:30,5.64479,3.37803,5.45035,-33.02655,6.17823,-1.14406,2.21566,0.43647,78.33227,-6.763783,-3.24061,0.450651,,,,,,,,,,,,-0.22402,3.66784,-3.10886,50,5.55827,6.59134,-123.31298,-2.72851,-0.34672,23.34857,-26.49756,TEN_WES,UNI_PIK,JackBowlingField,NAIA,NAIA,20260313-JackBowlingField-1,1e1efbe0-1f39-11f1-9965-8dd811638774,83.6399,,,6.67238,,,,,,,295b43c0-2fb4-429e-a1d1-ef411f70d0c1,2026-03-14,00:02:39.77,2026-03-13T20:02:39.7740000-04:00,2026-03-14T00:02:39.7740000Z,,v3,10044917,,,"Tolson, Jacob",10035532,Right,TEN_WES,cb8d6e58-a0da-415e-b2a3-b5b71568026c,55.04979,-124.26545,11.67428,5.64753,-1.64759,-13.24878,-3.37803,6.60549,-0.17336,,,,,,,,,,,,,,,,,,,,,,,,,,,,,,,,,,,,,,,,,,,,,,,,,,,High,High,High,,,,,,,,,,,,,,,,,,,,,,,,,,,,,,,,,,,,,,,
240,2026-03-13,20:02:52.36,3,2,"Johnson, Brad",1000180703,Right,TEN_WES,"Subero, Francis",10157150,Left,UNI_PIK,Undefined,7,Top,2,0,1,Cutter,Slider,BallCalled,Undefined,Undefined,Undefined,0,0,,85.83059,0.335319,-2.394784,2231.991393,173.765003,11:45,5.60894,3.40425,5.30734,-30.53978,8.48752,-0.78591,3.37901,1.08944,78.06269,-5.292952,-2.534107,0.44963,,,,,,,,,,,,-0.31169,4.55327,-3.18617,50,5.61759,5.23698,-124.38443,-0.36988,-0.48574,26.16877,-25.078,TEN_WES,UNI_PIK,JackBowlingField,NAIA,NAIA,20260313-JackBowlingField-1,259eb130-1f39-11f1-9965-8dd811638774,83.82983,,,7.7679,,,,,,,295b43c0-2fb4-429e-a1d1-ef411f70d0c1,2026-03-14,00:02:52.36,2026-03-13T20:02:52.3680000-04:00,2026-03-14T00:02:52.3680000Z,,v3,10044917,,,"Tolson, Jacob",10035532,Right,TEN_WES,83f9a062-ee21-478f-ac86-e7cc96a99388,55.18979,-125.47154,13.08438,5.61132,0.67192,-12.539,-3.40414,5.25716,-0.24287,,,,,,,,,,,,,,,,,,,,,,,,,,,,,,,,,,,,,,,,,,,,,,,,,,,High,High,High,,,,,,,,,,,,,,,,,,,,,,,,,,,,,,,,,,,,,,,
241,2026-03-13,20:03:06.96,3,3,"Johnson, Brad",1000180703,Right,TEN_WES,"Subero, Francis",10157150,Left,UNI_PIK,Undefined,7,Top,2,1,1,Cutter,Slider,BallCalled,Undefined,Undefined,Undefined,0,0,,85.39016,0.186751,-2.258749,2152.347848,182.8809,12:00,5.56982,3.50819,5.5932,-33.54293,5.64268,0.21575,2.94908,1.41604,77.38513,-6.013904,-2.220269,0.450541,,,,,,,,,,,,-0.80744,3.22343,-3.31447,50,5.56437,4.87226,-123.76187,-0.76827,-1.23881,27.19037,-27.22848,TEN_WES,UNI_PIK,JackBowlingField,NAIA,NAIA,20260313-JackBowlingField-1,2e54eab0-1f39-11f1-9965-8dd811638774,83.66033,,,8.00504,,,,,,,295b43c0-2fb4-429e-a1d1-ef411f70d0c1,2026-03-14,00:03:06.96,2026-03-13T20:03:06.9630000-04:00,2026-03-14T00:03:06.9630000Z,,v3,10044917,,,"Tolson, Jacob",10035532,Right,TEN_WES,ede1323a-df31-45fa-bc8d-e2bae7e111c3,54.90387,-124.8346,13.59519,5.57349,0.30596,-13.61424,-3.50766,4.92113,-0.6194,,,,,,,,,,,,,,,,,,,,,,,,,,,,,,,,,,,,,,,,,,,,,,,,,,,High,High,High,,,,,,,,,,,,,,,,,,,,,,,,,,,,,,,,,,,,,,,
242,2026-03-13,20:03:22.01,3,4,"Johnson, Brad",1000180703,Right,TEN_WES,"Subero, Francis",10157150,Left,UNI_PIK,Undefined,7,Top,2,2,1,Cutter,Slider,StrikeCalled,Undefined,Undefined,Undefined,0,0,,85.17604,-0.454362,-2.665995,2321.619181,178.635435,12:00,5.64566,3.38859,5.33465,-31.94738,7.11835,-0.14264,2.55661,0.87358,78.65067,-6.292712,-2.691297,0.449852,,,,,,,,,,,,-0.60394,4.0424,-3.1476,50,5.58164,5.76261,-123.62551,-2.13331,-0.94272,22.64376,-25.8638,TEN_WES,UNI_PIK,JackBowlingField,NAIA,NAIA,20260313-JackBowlingField-1,3748f080-1f39-11f1-9965-8dd811638774,83.78859,,,6.52537,,,,,,,295b43c0-2fb4-429e-a1d1-ef411f70d0c1,2026-03-14,00:03:22.01,2026-03-13T20:03:22.0180000-04:00,2026-03-14T00:03:22.0180000Z,,v3,10044917,,,"Tolson, Jacob",10035532,Right,TEN_WES,26eda3fb-b7b6-4558-98d6-b0b5c15432e0,55.16562,-124.56807,11.32188,5.64803,-1.05671,-12.9319,-3.38828,5.80185,-0.47136,,,,,,,,,,,,,,,,,,,,,,,,,,,,,,,,,,,,,,,,,,,,,,,,,,,High,High,High,,,,,,,,,,,,,,,,,,,,,,,,,,,,,,,,,,,,,,,
243,2026-03-13,20:03:36.20,3,5,"Johnson, Brad",1000180703,Right,TEN_WES,"Subero, Francis",10157150,Left,UNI_PIK,Undefined,7,Top,2,2,2,Cutter,Slider,StrikeCalled,Strikeout,Undefined,Undefined,0,0,,85.88588,-1.604914,-3.117272,2154.075498,183.471639,12:00,5.50689,3.39381,5.79246,-27.28509,11.21382,0.59909,1.73758,0.54106,77.97872,-6.687387,-3.010143,0.446576,,,,,,,,,,,,-1.26437,6.61496,-3.13735,50,5.35843,6.74924,-124.38994,-4.37496,-1.96067,27.34245,-21.91623,TEN_WES,UNI_PIK,JackBowlingField,NAIA,NAIA,20260313-JackBowlingField-1,3fc38090-1f39-11f1-9965-8dd811638774,84.40316,,,7.90716,,,,,,,295b43c0-2fb4-429e-a1d1-ef411f70d0c1,2026-03-14,00:03:36.20,2026-03-13T20:03:36.2020000-04:00,2026-03-14T00:03:36.2020000Z,,v3,10044917,,,"Tolson, Jacob",10035532,Right,TEN_WES,c9ca1e5a-36a0-4c17-8404-44919edbc511,54.7047,-125.41983,13.67123,5.50767,-3.54946,-10.95811,-3.39296,6.82309,-0.98033,,,,,,,,,,,,,,,,,,,,,,,,,,,,,,,,,,,,,,,,,,,,,,,,,,,High,High,High,,,,,,,,,,,,,,,,,,,,,,,,,,,,,,,,,,,,,,,
244,2026-03-13,20:05:24.28,1,1,"Berry, Isaac",10071639,Right,UNI_PIK,"Tolson, Jacob",10035532,Right,TEN_WES,Undefined,7,Bottom,0,0,0,Curveball,Curveball,BallCalled,Undefined,Undefined,Undefined,0,0,,73.26663,2.747689,-1.556925,2178.413167,75.046273,8:30,5.83232,1.78844,6.34328,-54.17798,-2.28579,-15.21209,3.84996,-0.91293,66.50687,-7.337982,-4.306817,0.518469,,,,,,,,,,,,7.3402,-1.45138,-1.6689,50,6.00792,3.40535,-106.28505,3.59963,8.27193,20.73604,-33.80965,TEN_WES,UNI_PIK,JackBowlingField,NAIA,NAIA,20260313-JackBowlingField-1,8059ed10-1f39-11f1-9965-8dd811638774,72.69956,,,6.75976,,,,,,,295b43c0-2fb4-429e-a1d1-ef411f70d0c1,2026-03-14,00:05:24.28,2026-03-13T20:05:24.2810000-04:00,2026-03-14T00:05:24.2810000Z,,v3,10044917,,,"Brook, Tyler",1000078727,Right,UNI_PIK,86a20b86-aef2-4d8f-bfd6-37d529abac90,54.15643,-107.09289,10.36802,5.84202,4.9168,-16.90483,-1.7953,3.08309,4.13597,,,,,,,,,,,,,,,,,,,,,,,,,,,,,,,,,,,,,,,,,,,,,,,,,,,High,High,High,,,,,,,,,,,,,,,,,,,,,,,,,,,,,,,,,,,,,,,
245,2026-03-13,20:05:36.09,1,2,"Berry, Isaac",10071639,Right,UNI_PIK,"Tolson, Jacob",10035532,Right,TEN_WES,Undefined,7,Bottom,0,1,0,Cutter,Slider,StrikeCalled,Undefined,Undefined,Undefined,0,0,,80.23702,-0.070729,-2.575512,2369.383194,139.398411,10:45,5.77928,1.84757,6.55432,-33.08266,9.03296,-6.68819,2.95747,-1.07297,74.04478,-6.265072,-3.788847,0.467082,,,,,,,,,,,,2.82449,5.16236,-1.66719,50,5.76037,5.47761,-116.639,-1.04676,3.91009,20.93462,-25.02755,TEN_WES,UNI_PIK,JackBowlingField,NAIA,NAIA,20260313-JackBowlingField-1,873a7c30-1f39-11f1-9965-8dd811638774,80.6977,,,6.19224,,,,,,,295b43c0-2fb4-429e-a1d1-ef411f70d0c1,2026-03-14,00:05:36.09,2026-03-13T20:05:36.0950000-04:00,2026-03-14T00:05:36.0950000Z,,v3,10044917,,,"Brook, Tyler",1000078727,Right,UNI_PIK,345c97d3-d2b4-4c9f-9cc3-ae6e741b3041,53.94565,-117.34503,10.46731,5.78144,-0.20268,-12.51377,-1.8497,5.34574,1.95505,,,,,,,,,,,,,,,,,,,,,,,,,,,,,,,,,,,,,,,,,,,,,,,,,,,High,High,High,,,,,,,,,,,,,,,,,,,,,,,,,,,,,,,,,,,,,,,
246,2026-03-13,20:05:51.94,1,3,"Berry, Isaac",10071639,Right,UNI_PIK,"Tolson, Jacob",10035532,Right,TEN_WES,Undefined,7,Bottom,0,1,1,Cutter,Slider,StrikeSwinging,Undefined,Undefined,Undefined,0,0,,79.96295,-0.710713,-1.862066,2208.3772,93.752154,9:15,5.66623,1.99738,6.42558,-41.65727,2.36189,-9.64418,1.54114,-0.51849,71.7509,-8.507463,-3.611505,0.477521,,,,,,,,,,,,4.31339,2.04232,-1.86084,50,5.59767,4.12259,-115.90926,-2.65118,5.69054,27.76864,-29.47965,TEN_WES,UNI_PIK,JackBowlingField,NAIA,NAIA,20260313-JackBowlingField-1,90af98e0-1f39-11f1-9965-8dd811638774,78.93364,,,8.21205,,,,,,,295b43c0-2fb4-429e-a1d1-ef411f70d0c1,2026-03-14,00:05:51.94,2026-03-13T20:05:51.9450000-04:00,2026-03-14T00:05:51.9450000Z,,v3,10044917,,,"Brook, Tyler",1000078727,Right,UNI_PIK,5ea37440-7d75-44a3-8fce-bd9393a55b30,54.07037,-116.88034,13.88432,5.67235,-1.62027,-14.73982,-2.00153,3.92359,2.84527,,,,,,,,,,,,,,,,,,,,,,,,,,,,,,,,,,,,,,,,,,,,,,,,,,,High,High,High,,,,,,,,,,,,,,,,,,,,,,,,,,,,,,,,,,,,,,,
247,2026-03-13,20:06:10.37,1,4,"Berry, Isaac",10071639,Right,UNI_PIK,"Tolson, Jacob",10035532,Right,TEN_WES,Undefined,7,Bottom,0,1,2,Cutter,Slider,FoulBallNotFieldable,Undefined,Undefined,Undefined,0,0,,82.1182,0.787433,-1.146754,2373.207172,135.894976,10:30,5.90701,1.92741,6.55288,-31.3151,8.87103,-7.45012,4.01966,0.25489,75.52553,-5.098829,-2.500024,0.456257,,,,,,,,,,,,3.61103,4.8152,-1.8453,50,5.948,2.65249,-119.46162,0.77317,5.2374,22.22475,-25.19018,TEN_WES,UNI_PIK,JackBowlingField,NAIA,NAIA,20260313-JackBowlingField-1,9ba736e0-1f39-11f1-9965-8dd811638774,82.61232,,,6.59266,,,,,,,295b43c0-2fb4-429e-a1d1-ef411f70d0c1,2026-03-14,00:06:10.37,2026-03-13T20:06:10.3710000-04:00,2026-03-14T00:06:10.3710000Z,,v3,10044917,,,"Brook, Tyler",1000078727,Right,UNI_PIK,74ef93be-2d75-4891-ba0c-008105e199ae,53.94776,-120.19382,11.11238,5.90885,1.60307,-12.59509,-1.92984,2.47995,2.6187,,,,,,,,,,,,,,,,,,,,,,,,,,,,,,,,,,,,,,,,,,,,,,,,,,,High,High,High,,,,,,,,,,,,,,,,,,,,,,,,,,,,,,,,,,,,,,,
248,2026-03-13,20:06:27.75,1,5,"Berry, Isaac",10071639,Right,UNI_PIK,"Tolson, Jacob",10035532,Right,TEN_WES,Undefined,7,Bottom,0,1,2,Slider,Curveball,InPlay,Undefined,LineDrive,Single,0,0,,73.1709,2.805627,-2.799874,2145.510595,34.103481,7:15,5.70856,1.84257,6.40884,-65.86295,-14.22745,-10.75075,2.80486,-1.62981,67.10983,-9.350419,-4.745564,0.517185,66.45009,18.689544,18.22729,3849.962096,101.04429,17.97596,43.47357,170.94858,170.94858,25.769256,2.270607,4.78331,-7.87855,-1.63733,50,5.87994,5.5376,-106.2252,3.38469,5.41184,19.86071,-41.08787,TEN_WES,UNI_PIK,JackBowlingField,NAIA,NAIA,20260313-JackBowlingField-1,a60a8420-1f39-11f1-9965-8dd811638774,72.88005,19.05557,,6.06107,,,,1.56653,2.84716,1.64987,295b43c0-2fb4-429e-a1d1-ef411f70d0c1,2026-03-14,00:06:27.75,2026-03-13T20:06:27.7540000-04:00,2026-03-14T00:06:27.7540000Z,LineDrive,v3,10044917,,,"Brook, Tyler",1000078727,Right,UNI_PIK,c9af32f8-1ad2-4e0c-a47b-1aa5d576aac3,54.09644,-106.98837,9.93035,5.71955,4.96351,-20.54394,-1.84612,5.32965,2.70592,233.07242,1.56652,87.68968,-12.83589,2.44403,-0.55274,0.17406,-0.06057,0.01365,-0.00131,2.8472,31.22677,-15.8082,0.74498,0.11662,-0.20668,0.10731,-0.02591,0.00249,1.64991,28.87355,2.2043,-0.69029,0.38544,-0.25523,0.11245,-0.0264,0.00253,,,,,,,,,,,,,,,,,,,,,,,High,High,High,High,High,,,,,,,,,,,,,,,,,,,,,,,,,,,,,,,,,,,,,
249,2026-03-13,20:07:08.44,2,1,"Berry, Isaac",10071639,Right,UNI_PIK,"Escoto, Hagen",1000136307,Right,TEN_WES,Undefined,7,Bottom,0,0,0,Cutter,Slider,InPlay,Undefined,FlyBall,Out,1,0,,80.23041,-1.80918,-1.65336,2290.157315,141.174848,10:45,5.7781,2.15482,6.60306,-32.82514,9.02134,-6.31099,1.38405,0.11385,74.57019,-7.926857,-2.801951,0.465587,84.93519,28.201825,9.397184,3561.662744,107.14368,48.00138,24.90424,304.48695,298.93601,19.722901,4.113932,2.93776,5.56437,-2.03955,50,5.64085,3.57564,-116.72542,-4.57209,4.08914,20.14167,-24.42887,TEN_WES,UNI_PIK,JackBowlingField,NAIA,NAIA,20260313-JackBowlingField-1,be4006a0-1f39-11f1-9965-8dd811638774,80.95679,57.01168,,5.66022,,,,2.34342,1.56594,-0.15784,295b43c0-2fb4-429e-a1d1-ef411f70d0c1,2026-03-14,00:07:08.44,2026-03-13T20:07:08.4480000-04:00,2026-03-14T00:07:08.4480000Z,LineDrive,v3,10044917,,,"Brook, Tyler",1000078727,Right,UNI_PIK,eaa5e59c-5498-431e-8454-57ead9aaf8ce,53.89926,-117.39633,10.07083,5.77959,-3.75837,-12.21444,-2.15638,3.43943,2.04457,219.897077,2.34329,108.31614,-18.94385,4.26405,-0.90748,0.21623,-0.05226,0.00834,-0.00055,1.56666,58.84713,-16.82154,0.58247,0.1842,-0.16268,0.05692,-0.00909,0.00054,-0.15803,17.92805,4.72868,-1.52914,0.35192,-0.07249,0.01514,-0.00226,0.00014,,,,,,,,,,,,,,,,,,,,,,,High,High,High,High,Medium,,,,,,,,,,,,,,,,,,,,,,,,,,,,,,,,,,,,,
250,2026-03-13,20:08:01.86,3,1,"Berry, Isaac",10071639,Right,UNI_PIK,"Ballenilla, David",10132128,Right,TEN_WES,Undefined,7,Bottom,1,0,0,Curveball,Curveball,StrikeCalled,Undefined,Undefined,Undefined,0,0,,73.85956,1.971008,-0.678555,2224.615049,81.090127,8:45,5.81147,1.90821,6.34303,-51.55936,-1.14473,-17.25225,3.33028,-0.15421,67.83666,-7.598491,-3.80187,0.511034,,,,,,,,,,,,8.75709,-0.65063,-1.85137,50,5.93109,1.84507,-107.36503,2.26686,10.18623,19.1914,-32.93087,TEN_WES,UNI_PIK,JackBowlingField,NAIA,NAIA,20260313-JackBowlingField-1,de229000-1f39-11f1-9965-8dd811638774,73.75721,,,6.0229,,,,,,,295b43c0-2fb4-429e-a1d1-ef411f70d0c1,2026-03-14,00:08:01.86,2026-03-13T20:08:01.8630000-04:00,2026-03-14T00:08:01.8630000Z,,v3,10044917,,,"Brook, Tyler",1000078727,Right,UNI_PIK,40bb1875-4167-4e60-bfc1-59501cd41682,54.15897,-108.10588,9.5957,5.81904,3.53811,-16.46543,-1.915,1.45185,5.09312,,,,,,,,,,,,,,,,,,,,,,,,,,,,,,,,,,,,,,,,,,,,,,,,,,,High,High,High,,,,,,,,,,,,,,,,,,,,,,,,,,,,,,,,,,,,,,,
251,2026-03-13,20:08:38.19,3,2,"Berry, Isaac",10071639,Right,UNI_PIK,"Ballenilla, David",10132128,Right,TEN_WES,Undefined,7,Bottom,1,0,1,Cutter,Slider,BallCalled,Undefined,Undefined,Undefined,0,0,,80.69345,0.817362,-2.454292,2313.315711,155.901103,11:15,5.88314,1.85508,6.28749,-37.24297,5.29957,-1.74587,3.53358,-0.55367,73.54123,-6.137633,-2.769557,0.469443,,,,,,,,,,,,0.17102,2.97075,-1.67342,50,5.92584,5.08505,-117.12064,0.56744,0.23599,23.45676,-28.07436,TEN_WES,UNI_PIK,JackBowlingField,NAIA,NAIA,20260313-JackBowlingField-1,f3c1fe50-1f39-11f1-9965-8dd811638774,80.29181,,,7.15222,,,,,,,295b43c0-2fb4-429e-a1d1-ef411f70d0c1,2026-03-14,00:08:38.19,2026-03-13T20:08:38.1910000-04:00,2026-03-14T00:08:38.1910000Z,,v3,10044917,,,"Brook, Tyler",1000078727,Right,UNI_PIK,78457362-d08d-45e8-abe1-275471fba3eb,54.2104,-117.96088,11.72838,5.88751,1.57309,-14.03718,-1.85542,5.07659,0.118,,,,,,,,,,,,,,,,,,,,,,,,,,,,,,,,,,,,,,,,,,,,,,,,,,,High,High,High,,,,,,,,,,,,,,,,,,,,,,,,,,,,,,,,,,,,,,,
252,2026-03-13,20:08:58.78,3,3,"Berry, Isaac",10071639,Right,UNI_PIK,"Ballenilla, David",10132128,Right,TEN_WES,Undefined,7,Bottom,1,1,1,Curveball,Changeup,BallCalled,Undefined,Undefined,Undefined,0,0,,77.3526,1.271161,-5.209271,1965.363163,183.393545,12:00,5.84648,1.63233,6.65891,-34.86081,10.96426,0.56299,4.1097,-3.10103,70.57726,-5.298363,-5.10759,0.487218,,,,,,,,,,,,-1.8,5.878,-1.28159,50,5.91841,10.18894,-111.9665,1.61068,-2.27676,20.89684,-24.73915,TEN_WES,UNI_PIK,JackBowlingField,NAIA,NAIA,20260313-JackBowlingField-1,000e2fd0-1f3a-11f1-9965-8dd811638774,77.36263,,,6.77535,,,,,,,295b43c0-2fb4-429e-a1d1-ef411f70d0c1,2026-03-14,00:08:58.78,2026-03-13T20:08:58.7820000-04:00,2026-03-14T00:08:58.7820000Z,,v3,10044917,,,"Brook, Tyler",1000078727,Right,UNI_PIK,f3c5c82d-590d-4726-bd94-e023f4c9a0b3,53.83833,-112.68059,10.44842,5.84892,2.45607,-12.36957,-1.6311,10.26674,-1.13838,,,,,,,,,,,,,,,,,,,,,,,,,,,,,,,,,,,,,,,,,,,,,,,,,,,High,High,High,,,,,,,,,,,,,,,,,,,,,,,,,,,,,,,,,,,,,,,
253,2026-03-13,20:09:17.76,3,4,"Berry, Isaac",10071639,Right,UNI_PIK,"Ballenilla, David",10132128,Right,TEN_WES,Undefined,7,Bottom,1,2,1,Curveball,Curveball,StrikeCalled,Undefined,Undefined,Undefined,0,0,,71.97318,3.000498,-0.520584,2128.361237,58.770321,8:00,5.77982,1.44489,6.40356,-63.14803,-9.32563,-18.5221,3.27931,-0.57735,65.24106,-8.732196,-3.878634,0.528023,,,,,,,,,,,,9.36623,-5.14118,-1.40036,50,5.96803,1.56949,-104.45168,3.72079,10.14397,20.82049,-37.74216,TEN_WES,UNI_PIK,JackBowlingField,NAIA,NAIA,20260313-JackBowlingField-1,0b61d080-1f3a-11f1-9965-8dd811638774,71.38406,,,6.73212,,,,,,,295b43c0-2fb4-429e-a1d1-ef411f70d0c1,2026-03-14,00:09:17.76,2026-03-13T20:09:17.7680000-04:00,2026-03-14T00:09:17.7680000Z,,v3,10044917,,,"Brook, Tyler",1000078727,Right,UNI_PIK,011370f1-9dfc-4458-a748-8ece33263315,54.09829,-105.26543,10.41025,5.79378,5.19591,-18.87108,-1.45395,1.17303,5.07198,,,,,,,,,,,,,,,,,,,,,,,,,,,,,,,,,,,,,,,,,,,,,,,,,,,High,High,High,,,,,,,,,,,,,,,,,,,,,,,,,,,,,,,,,,,,,,,
254,2026-03-13,20:10:25.05,3,5,"Berry, Isaac",10071639,Right,UNI_PIK,"Ballenilla, David",10132128,Right,TEN_WES,Undefined,7,Bottom,1,2,2,Slider,Curveball,FoulBallNotFieldable,Undefined,Undefined,Undefined,0,0,,72.88873,1.527267,-2.59531,2227.032923,36.928918,7:15,5.67462,2.12109,6.2299,-60.98184,-8.62186,-7.75878,2.00365,-0.92156,66.87822,-9.706292,-3.996568,0.5208,75.07542,53.640018,56.46695,4744.209967,,,,,61.10824,,,3.23622,-4.46095,-1.92342,50,5.75887,5.05176,-105.83327,1.10166,3.63349,19.76149,-37.18261,TEN_WES,UNI_PIK,JackBowlingField,NAIA,NAIA,20260313-JackBowlingField-1,33790750-1f3a-11f1-9965-8dd811638774,72.37409,72.23808,,6.01051,,,,0.21631,1.90944,0.92438,295b43c0-2fb4-429e-a1d1-ef411f70d0c1,2026-03-14,00:10:25.05,2026-03-13T20:10:25.0530000-04:00,2026-03-14T00:10:25.0530000Z,,v3,10044917,,,"Brook, Tyler",1000078727,Right,UNI_PIK,984de397-1fe8-4155-80e0-1cded17a840f,54.27315,-106.62818,9.88075,5.68448,2.59734,-18.59131,-2.12369,4.9056,1.81675,211.330787,0.21631,36.06167,-14.93327,4.73214,-1.20066,0.27453,-0.06103,0.01112,-0.0012,1.90944,88.67283,-24.65376,2.35709,-0.31151,0.01548,0.00516,-0.00203,0.00035,0.92438,54.41502,-5.39429,0.63761,0.00887,-0.03265,0.0119,-0.00294,0.00036,,,,,,,,,,,,,,,,,,,,,,,High,High,High,High,Undefined,,,,,,,,,,,,,,,,,,,,,,,,,,,,,,,,,,,,,
255,2026-03-13,20:11:01.23,3,6,"Berry, Isaac",10071639,Right,UNI_PIK,"Ballenilla, David",10132128,Right,TEN_WES,Undefined,7,Bottom,1,2,2,Cutter,Slider,BallCalled,Undefined,Undefined,Undefined,1,0,,80.46645,1.170261,-2.119742,2248.164294,121.126023,10:00,5.89326,2.092,6.3273,-36.46309,6.32788,-8.13154,3.93326,-0.5386,73.19433,-5.657613,-3.588845,0.470812,,,,,,,,,,,,3.55473,3.39599,-1.9338,50,5.96184,4.62355,-116.79468,1.32608,4.86746,23.78211,-27.52396,TEN_WES,UNI_PIK,JackBowlingField,NAIA,NAIA,20260313-JackBowlingField-1,48ffbd80-1f3a-11f1-9965-8dd811638774,80.05836,,,7.27212,,,,,,,295b43c0-2fb4-429e-a1d1-ef411f70d0c1,2026-03-14,00:11:01.23,2026-03-13T20:11:01.2320000-04:00,2026-03-14T00:11:01.2320000Z,,v3,10044917,,,"Brook, Tyler",1000078727,Right,UNI_PIK,fe1051f6-b569-4502-9ced-acf26b547267,54.17053,-117.64083,11.89105,5.89723,2.30537,-13.76198,-2.09522,4.45037,2.43373,,,,,,,,,,,,,,,,,,,,,,,,,,,,,77.22505,2.019161,0.724019,1.295142,-1.70989,3.61048,0.73709,-0.87657,5.78625,2.55355,127.28534,3.4007,4.32988,-0.74176,110.78092,-9.2976,5.82087,14.50186,-12.66529,2.49231,-2.44162,3.0195,High,High,High,,,High,High,High,,,,,,,,,,,,,,,,,,,,,,,,,,,,,,,,,,
256,2026-03-13,20:11:27.68,3,7,"Berry, Isaac",10071639,Right,UNI_PIK,"Ballenilla, David",10132128,Right,TEN_WES,Undefined,7,Bottom,2,3,2,Slider,Curveball,BallinDirt,Walk,Undefined,Undefined,0,0,,73.86855,-0.352537,-1.106781,2145.243668,49.716445,7:45,5.62655,2.16955,6.45597,-52.94294,-2.56882,-4.96717,0.89071,0.73874,67.94507,-10.15461,-2.010395,0.510829,,,,,,,,,,,,2.27382,-0.77189,-2.08916,50,5.57836,2.23353,-107.39587,-2.09382,2.63258,20.10832,-33.06771,TEN_WES,UNI_PIK,JackBowlingField,NAIA,NAIA,20260313-JackBowlingField-1,58cb03a0-1f3a-11f1-9965-8dd811638774,73.78687,,,5.92348,,,,,,,295b43c0-2fb4-429e-a1d1-ef411f70d0c1,2026-03-14,00:11:27.68,2026-03-13T20:11:27.6890000-04:00,2026-03-14T00:11:27.6890000Z,,v3,10044917,,,"Brook, Tyler",1000078727,Right,UNI_PIK,d4e621d6-2d16-4de8-bc1d-24313764ea18,54.04566,-108.15071,10.05416,5.63366,-0.8525,-16.53386,-2.17115,2.1347,1.31629,,,,,,,,,,,,,,,,,,,,,,,,,,,,,,,,,,,,,,,,,,,,,,,,,,,High,High,High,,,,,,,,,,,,,,,,,,,,,,,,,,,,,,,,,,,,,,,
257,2026-03-13,20:12:01.02,4,1,"Berry, Isaac",10071639,Right,UNI_PIK,"Wright, Ethan",10317612,Right,TEN_WES,Undefined,7,Bottom,2,0,0,Slider,Slider,InPlay,Undefined,GroundBall,FieldersChoice,1,0,,77.704,-0.064495,-2.148822,2260.59632,98.564795,9:15,5.76882,2.08644,6.30973,-43.40313,2.21268,-5.2065,2.09244,-0.32788,71.44403,-8.111716,-3.090735,0.486104,89.58443,-15.529907,-33.885045,,,,,9.6088,7.72452,-24.776371,0.059101,2.10717,1.57228,-1.92647,50,5.74334,4.41413,-112.91549,-1.36986,2.71175,21.17482,-30.15064,TEN_WES,UNI_PIK,JackBowlingField,NAIA,NAIA,20260313-JackBowlingField-1,6ca5de90-1f3a-11f1-9965-8dd811638774,77.53988,2.08268,,6.25997,,,,2.50251,2.08268,0.15169,295b43c0-2fb4-429e-a1d1-ef411f70d0c1,2026-03-14,00:12:01.02,2026-03-13T20:12:01.0280000-04:00,2026-03-14T00:12:01.0280000Z,GroundBall,v3,10044917,,,"Brook, Tyler",1000078727,Right,UNI_PIK,f6e2e07a-5eee-45a9-a21a-a09edb269da0,54.19156,-113.69881,10.58741,5.77339,-0.25449,-15.07532,-2.0879,4.31382,1.35588,,2.50079,105.27365,,,,,,,,2.08326,-35.23927,,,,,,,,0.15284,-70.70108,,,,,,,,,,,,,,,,,,,,,,,,,,,,,,High,High,High,Low,Low,,,,,,,,,,,,,,,,,,,,,,,,,,,,,,,,,,,,,
258,2026-03-13,20:14:19.43,1,1,"Johnson, Brad",1000180703,Right,TEN_WES,"Brooks, Noah",1000124173,Right,UNI_PIK,Undefined,8,Top,0,0,0,Cutter,Slider,BallCalled,Undefined,Undefined,Undefined,0,0,,84.87163,1.589781,-1.438464,2223.249399,179.488602,12:00,5.79135,3.4538,5.41632,-28.80742,10.57375,-0.08378,4.8809,2.09897,77.68522,-3.737228,-1.453352,0.451664,,,,,,,,,,,,-0.33835,5.28264,-3.32588,50,5.91294,3.09562,-123.12776,2.4194,-0.52197,23.32865,-24.02477,TEN_WES,UNI_PIK,JackBowlingField,NAIA,NAIA,20260313-JackBowlingField-1,bf28c380-1f3a-11f1-9965-8dd811638774,83.45238,,,7.18641,,,,,,,295b43c0-2fb4-429e-a1d1-ef411f70d0c1,2026-03-14,00:14:19.43,2026-03-13T20:14:19.4360000-04:00,2026-03-14T00:14:19.4360000Z,,v3,10044917,,,"Tolson, Jacob",10035532,Right,TEN_WES,bc407e7b-f716-42e8-86b1-6d1038cbeaaa,55.07971,-124.08646,11.66432,5.79323,3.40672,-12.01239,-3.45354,3.11707,-0.26098,,,,,,,,,,,,,,,,,,,,,,,,,,,,,,,,,,,,,,,,,,,,,,,,,,,High,High,High,,,,,,,,,,,,,,,,,,,,,,,,,,,,,,,,,,,,,,,
259,2026-03-13,20:14:41.32,1,2,"Johnson, Brad",1000180703,Right,TEN_WES,"Brooks, Noah",1000124173,Right,UNI_PIK,Undefined,8,Top,0,1,0,Cutter,Cutter,BallCalled,Undefined,Undefined,Undefined,0,0,,86.12643,0.333433,-4.187459,2155.112249,175.870442,11:45,5.7555,3.17368,5.58418,-30.76427,7.77619,-0.46835,3.50404,-0.78289,78.25609,-5.353037,-4.270623,0.446817,,,,,,,,,,,,-1.01425,4.23792,-2.81287,50,5.76445,9.14512,-124.62986,-0.34037,-1.58427,26.65474,-25.55429,TEN_WES,UNI_PIK,JackBowlingField,NAIA,NAIA,20260313-JackBowlingField-1,cc342650-1f3a-11f1-9965-8dd811638774,84.35763,,,7.87034,,,,,,,295b43c0-2fb4-429e-a1d1-ef411f70d0c1,2026-03-14,00:14:41.32,2026-03-13T20:14:41.3250000-04:00,2026-03-14T00:14:41.3250000Z,,v3,10044917,,,"Tolson, Jacob",10035532,Right,TEN_WES,051dcecb-2846-4dca-a9fd-ca2068afa2f5,54.91298,-125.67621,13.32737,5.75812,0.66278,-12.77715,-3.17309,9.20732,-0.79214,,,,,,,,,,,,,,,,,,,,,,,,,,,,,,,,,,,,,,,,,,,,,,,,,,,High,High,High,,,,,,,,,,,,,,,,,,,,,,,,,,,,,,,,,,,,,,,
260,2026-03-13,20:14:54.19,1,3,"Johnson, Brad",1000180703,Right,TEN_WES,"Brooks, Noah",1000124173,Right,UNI_PIK,Undefined,8,Top,0,2,0,Cutter,Slider,FoulBallNotFieldable,Undefined,Undefined,Undefined,0,0,,84.5578,-0.0028,-3.337791,2238.351655,169.215655,11:45,5.51649,3.43809,5.64565,-31.10478,8.3739,-1.36295,2.92181,0.20748,77.53708,-5.742993,-3.580572,0.452223,71.90309,19.415038,170.813405,1978.215185,,,,,32.54437,,,-0.2239,4.61799,-3.15362,50,5.49647,7.20762,-122.62681,-1.05313,-0.34138,23.95982,-25.13337,TEN_WES,UNI_PIK,JackBowlingField,NAIA,NAIA,20260313-JackBowlingField-1,d3de9520-1f3a-11f1-9965-8dd811638774,83.34925,12.57089,,7.02072,,,,2.87032,3.06673,-0.36743,295b43c0-2fb4-429e-a1d1-ef411f70d0c1,2026-03-14,00:14:54.19,2026-03-13T20:14:54.1990000-04:00,2026-03-14T00:14:54.1990000Z,,v3,10044917,,,"Tolson, Jacob",10035532,Right,TEN_WES,a973b515-93ee-46c9-a4b0-170f4621384d,54.85417,-123.57161,11.97991,5.51845,-0.06204,-12.56669,-3.4381,7.22108,-0.17069,330.338404,2.87041,-98.18895,6.98886,,,,,,,3.07257,34.84267,-24.41539,,,,,,,-0.36532,15.80195,-4.77308,,,,,,,,,,,,,,,,,,,,,,,,,,,,,High,High,High,High,Undefined,,,,,,,,,,,,,,,,,,,,,,,,,,,,,,,,,,,,,
261,2026-03-13,20:15:12.99,1,4,"Johnson, Brad",1000180703,Right,TEN_WES,"Brooks, Noah",1000124173,Right,UNI_PIK,Undefined,8,Top,0,2,1,Cutter,Slider,FoulBallNotFieldable,Undefined,Undefined,Undefined,0,0,,85.7392,0.282821,-2.906777,2181.500498,210.100173,1:00,5.61561,3.39462,5.51001,-33.54073,5.36481,2.34996,3.08538,0.86978,77.90045,-5.898841,-2.488701,0.448928,,,,,,,,,,,,-2.04374,3.04725,-3.1424,50,5.61813,6.20476,-124.22535,-0.58277,-3.17064,26.56082,-27.44663,TEN_WES,UNI_PIK,JackBowlingField,NAIA,NAIA,20260313-JackBowlingField-1,df114050-1f3a-11f1-9965-8dd811638774,83.96092,,,7.83875,,,,,,,295b43c0-2fb4-429e-a1d1-ef411f70d0c1,2026-03-14,00:15:12.99,2026-03-13T20:15:12.9950000-04:00,2026-03-14T00:15:12.9950000Z,,v3,10044917,,,"Tolson, Jacob",10035532,Right,TEN_WES,984c511c-f98c-4fb0-9251-6a451b51f663,54.9871,-125.28711,13.28041,5.61949,0.5144,-13.72332,-3.39297,6.33151,-1.58532,,,,,,,,,,,,,,,,,,,,,,,,,,,,,,,,,,,,,,,,,,,,,,,,,,,High,High,High,,,,,,,,,,,,,,,,,,,,,,,,,,,,,,,,,,,,,,,
262,2026-03-13,20:15:27.95,1,5,"Johnson, Brad",1000180703,Right,TEN_WES,"Brooks, Noah",1000124173,Right,UNI_PIK,Undefined,8,Top,0,2,2,Cutter,Slider,FoulBallNotFieldable,Undefined,Undefined,Undefined,0,0,,85.5458,-1.131247,-4.081281,2234.76089,175.631739,11:45,5.58702,3.27041,5.73283,-28.4999,9.74174,-0.66016,2.15571,-0.59187,79.09008,-6.379495,-4.198923,0.445082,69.18354,40.91291,139.168546,4425.785458,,,,,29.70317,,,-0.69622,5.58307,-2.92927,50,5.47484,8.87807,-124.05576,-3.40357,-1.09437,22.80385,-23.39814,TEN_WES,UNI_PIK,JackBowlingField,NAIA,NAIA,20260313-JackBowlingField-1,e7f6c730-1f3a-11f1-9965-8dd811638774,84.6866,24.77803,,6.45572,,,,1.42662,1.98523,0.55768,295b43c0-2fb4-429e-a1d1-ef411f70d0c1,2026-03-14,00:15:27.95,2026-03-13T20:15:27.9560000-04:00,2026-03-14T00:15:27.9560000Z,,v3,10044917,,,"Tolson, Jacob",10035532,Right,TEN_WES,5a697d5f-12b8-48e2-b3be-82129d3f2e63,54.76873,-124.92927,11.40192,5.58804,-2.50729,-11.69907,-3.27015,8.91999,-0.54719,316.652172,1.43096,-58.16257,1.57638,,,,,,,1.99967,65.98649,-27.0635,,,,,,,0.56818,49.79703,-10.88128,,,,,,,,,,,,,,,,,,,,,,,,,,,,,High,High,High,High,Undefined,,,,,,,,,,,,,,,,,,,,,,,,,,,,,,,,,,,,,
263,2026-03-13,20:15:46.61,1,6,"Johnson, Brad",1000180703,Right,TEN_WES,"Brooks, Noah",1000124173,Right,UNI_PIK,Undefined,8,Top,0,2,2,Cutter,Slider,FoulBallNotFieldable,Undefined,Undefined,Undefined,0,0,,85.31977,-0.177334,-3.182691,2182.950598,181.51519,12:00,5.69269,3.20718,5.42565,-30.68943,9.03252,0.2011,2.96889,0.23982,76.99523,-5.85972,-3.146996,0.453614,69.50862,58.33644,153.874971,4731.952304,,,,,19.76201,,,-1.12941,5.00764,-2.92472,50,5.65597,6.85804,-123.48894,-1.44677,-1.71725,28.11208,-24.56007,TEN_WES,UNI_PIK,JackBowlingField,NAIA,NAIA,20260313-JackBowlingField-1,f31c5300-1f3a-11f1-9965-8dd811638774,83.0936,32.36734,,8.32454,,,,1.75892,2.99392,-0.25717,295b43c0-2fb4-429e-a1d1-ef411f70d0c1,2026-03-14,00:15:46.61,2026-03-13T20:15:46.6160000-04:00,2026-03-14T00:15:46.6160000Z,,v3,10044917,,,"Tolson, Jacob",10035532,Right,TEN_WES,f7395bd0-f3e1-4e4c-8870-fb549095c3a4,55.07208,-124.63824,14.05604,5.69459,-0.44268,-12.28003,-3.20653,6.92824,-0.85863,351.43919,1.76618,-48.29494,-0.46404,,,,,,,3.01346,86.11579,-32.54985,,,,,,,-0.25642,23.54034,-2.51764,,,,,,,,,,,,,,,,,,,,,,,,,,,,,High,High,High,High,Undefined,,,,,,,,,,,,,,,,,,,,,,,,,,,,,,,,,,,,,
264,2026-03-13,20:16:05.36,1,7,"Johnson, Brad",1000180703,Right,TEN_WES,"Brooks, Noah",1000124173,Right,UNI_PIK,Undefined,8,Top,0,2,2,Cutter,Slider,BallCalled,Undefined,Undefined,Undefined,0,0,,85.17548,0.041253,-5.288471,2176.525774,141.826642,10:45,5.63454,3.33354,5.47229,-33.60277,6.07831,-3.74799,2.87308,-1.94199,77.59559,-6.120611,-5.950406,0.453381,,,,,,,,,,,,0.30374,3.46492,-2.86484,50,5.61556,11.55186,-123.05479,-1.09736,0.4627,25.9076,-26.89583,TEN_WES,UNI_PIK,JackBowlingField,NAIA,NAIA,20260313-JackBowlingField-1,fe4a6a50-1f3a-11f1-9965-8dd811638774,83.13636,,,7.57989,,,,,,,295b43c0-2fb4-429e-a1d1-ef411f70d0c1,2026-03-14,00:16:05.36,2026-03-13T20:16:05.3630000-04:00,2026-03-14T00:16:05.3630000Z,,v3,10044917,,,"Tolson, Jacob",10035532,Right,TEN_WES,f3cb5025-730f-4720-a124-735b1a36352f,55.02547,-124.10833,12.9538,5.63795,-0.00364,-13.44792,-3.33422,11.53304,0.23135,,,,,,,,,,,,,,,,,,,,,,,,,,,,,,,,,,,,,,,,,,,,,,,,,,,High,High,High,,,,,,,,,,,,,,,,,,,,,,,,,,,,,,,,,,,,,,,
265,2026-03-13,20:16:20.95,1,8,"Johnson, Brad",1000180703,Right,TEN_WES,"Brooks, Noah",1000124173,Right,UNI_PIK,Undefined,8,Top,0,3,2,Cutter,Slider,InPlay,Undefined,FlyBall,Triple,0,0,,85.34935,-0.749947,-4.275109,2141.49076,194.748659,12:30,5.62083,3.35344,5.70752,-31.98443,7.09477,1.52091,2.25473,-0.51045,77.6907,-6.65717,-4.004236,0.449929,96.39085,26.028808,11.059523,3935.097557,106.42382,48.41212,27.81909,359.89146,358.02872,22.069369,4.447476,-2.0665,4.2124,-2.99556,50,5.53803,9.17273,-123.54081,-2.70004,-3.16802,26.45838,-25.71623,TEN_WES,UNI_PIK,JackBowlingField,NAIA,NAIA,20260313-JackBowlingField-1,07920e60-1f3b-11f1-9965-8dd811638774,83.77415,65.58251,,7.65865,,,,1.45398,2.32199,0.50626,295b43c0-2fb4-429e-a1d1-ef411f70d0c1,2026-03-14,00:16:20.95,2026-03-13T20:16:20.9540000-04:00,2026-03-14T00:16:20.9540000Z,FlyBall,v3,10044917,,,"Tolson, Jacob",10035532,Right,TEN_WES,b366b9d4-80fd-4027-a7fc-fa7aae0e2558,54.79188,-124.56285,13.22919,5.62314,-1.70667,-12.85812,-3.35224,9.29511,-1.58401,217.984242,1.45367,124.68096,-23.74881,5.51997,-1.20245,0.27218,-0.05611,0.00751,-0.00043,2.32319,62.00998,-16.25495,0.38815,0.23655,-0.15941,0.04802,-0.00677,0.00036,0.50611,24.37374,4.31707,-1.53052,0.39067,-0.08784,0.01685,-0.0021,0.00011,,,,,,,,,,,,,,,,,,,,,,,High,High,High,High,High,,,,,,,,,,,,,,,,,,,,,,,,,,,,,,,,,,,,,
266,2026-03-13,20:17:04.71,2,1,"Johnson, Brad",1000180703,Right,TEN_WES,"Gledhill, Garren",10316648,Left,UNI_PIK,Undefined,8,Top,0,0,0,Cutter,Slider,BallCalled,Undefined,Undefined,Undefined,0,0,,86.23975,1.029206,-0.563826,2114.227156,166.451273,11:30,5.55058,3.53438,5.65059,-28.39864,9.59197,-2.01815,4.14414,2.8403,78.55778,-4.25213,-0.924357,0.443618,,,,,,,,,,,,0.85658,4.94614,-3.48531,50,5.61998,1.31842,-125.17477,1.28581,1.35564,25.86088,-24.34614,TEN_WES,UNI_PIK,JackBowlingField,NAIA,NAIA,20260313-JackBowlingField-1,21accba0-1f3b-11f1-9965-8dd811638774,84.96589,,,7.68198,,,,,,,295b43c0-2fb4-429e-a1d1-ef411f70d0c1,2026-03-14,00:17:04.71,2026-03-13T20:17:04.7170000-04:00,2026-03-14T00:17:04.7170000Z,,v3,10044917,,,"Tolson, Jacob",10035532,Right,TEN_WES,4e17d51f-af98-45f8-af62-ac19a62c066f,54.84729,-126.17224,12.93044,5.55228,2.22485,-12.17307,-3.53515,1.26613,0.67782,,,,,,,,,,,,,,,,,,,,,,,,,,,,,,,,,,,,,,,,,,,,,,,,,,,High,High,High,,,,,,,,,,,,,,,,,,,,,,,,,,,,,,,,,,,,,,,
267,2026-03-13,20:17:18.96,2,2,"Johnson, Brad",1000180703,Right,TEN_WES,"Gledhill, Garren",10316648,Left,UNI_PIK,Undefined,8,Top,0,1,0,Cutter,Slider,FoulBallNotFieldable,Undefined,Undefined,Undefined,0,0,,85.74353,-0.079435,-3.510037,2191.033453,164.533586,11:30,5.66949,3.38974,5.57426,-31.18336,7.60115,-1.7489,2.99655,-0.03866,78.09399,-5.836133,-3.821068,0.44823,,,,,,,,,,,,-0.15287,4.24075,-3.08593,50,5.64231,7.69302,-124.22334,-1.24821,-0.2374,26.34541,-25.58914,TEN_WES,UNI_PIK,JackBowlingField,NAIA,NAIA,20260313-JackBowlingField-1,2a2734a0-1f3b-11f1-9965-8dd811638774,84.09181,,,7.64953,,,,,,,295b43c0-2fb4-429e-a1d1-ef411f70d0c1,2026-03-14,00:17:18.96,2026-03-13T20:17:18.9640000-04:00,2026-03-14T00:17:18.9640000Z,,v3,10044917,,,"Tolson, Jacob",10035532,Right,TEN_WES,5ceb3536-935b-4635-b1a8-809d65485465,54.9251,-125.2635,13.1727,5.67165,-0.2379,-12.79457,-3.38984,7.7024,-0.1187,,,,,,,,,,,,,,,,,,,,,,,,,,,,,,,,,,,,,,,,,,,,,,,,,,,High,High,High,,,,,,,,,,,,,,,,,,,,,,,,,,,,,,,,,,,,,,,
268,2026-03-13,20:17:37.90,2,3,"Johnson, Brad",1000180703,Right,TEN_WES,"Gledhill, Garren",10316648,Left,UNI_PIK,Undefined,8,Top,0,1,1,Cutter,Slider,BallCalled,Undefined,Undefined,Undefined,0,0,,85.62332,-1.134633,-1.86376,2207.178236,224.697375,1:30,5.49407,3.36595,5.68213,-31.72884,6.68036,5.41595,1.79164,2.07933,78.55529,-6.981932,-0.894984,0.446056,,,,,,,,,,,,-3.25709,4.09134,-3.21231,50,5.37865,3.81708,-124.28323,-3.55549,-5.09685,24.79592,-25.77169,TEN_WES,UNI_PIK,JackBowlingField,NAIA,NAIA,20260313-JackBowlingField-1,356eee70-1f3b-11f1-9965-8dd811638774,84.50165,,,7.06803,,,,,,,295b43c0-2fb4-429e-a1d1-ef411f70d0c1,2026-03-14,00:17:37.90,2026-03-13T20:17:37.9040000-04:00,2026-03-14T00:17:37.9040000Z,,v3,10044917,,,"Tolson, Jacob",10035532,Right,TEN_WES,d4fda782-24ef-4357-b657-a0b76df98876,54.81704,-125.2406,12.39796,5.49672,-2.56045,-12.88584,-3.36349,4.01387,-2.54842,,,,,,,,,,,,,,,,,,,,,,,,,,,,,,,,,,,,,,,,,,,,,,,,,,,High,High,High,,,,,,,,,,,,,,,,,,,,,,,,,,,,,,,,,,,,,,,
269,2026-03-13,20:17:53.21,2,4,"Johnson, Brad",1000180703,Right,TEN_WES,"Gledhill, Garren",10316648,Left,UNI_PIK,Undefined,8,Top,0,2,1,Cutter,Slider,FoulBallNotFieldable,Undefined,Undefined,Undefined,0,0,,86.49436,-0.131355,-2.790299,2144.235466,181.329085,12:00,5.62062,3.24392,5.60803,-27.8619,9.90756,0.20256,3.17604,0.65411,79.18368,-5.289695,-2.754206,0.442325,77.88149,63.521066,-56.174278,5909.339021,,,,,51.6837,,,-0.87756,5.40177,-3.00524,50,5.59138,6.10808,-125.49612,-1.23691,-1.39988,25.33736,-23.55729,TEN_WES,UNI_PIK,JackBowlingField,NAIA,NAIA,20260313-JackBowlingField-1,3e8c9c50-1f3b-11f1-9965-8dd811638774,85.21429,87.49789,,7.31068,,,,0.17922,3.19113,-0.53556,295b43c0-2fb4-429e-a1d1-ef411f70d0c1,2026-03-14,00:17:53.21,2026-03-13T20:17:53.2180000-04:00,2026-03-14T00:17:53.2180000Z,,v3,10044917,,,"Tolson, Jacob",10035532,Right,TEN_WES,d07ec301-23d7-4add-907d-c1ac9b6bae34,54.8926,-126.48006,12.66868,5.62165,-0.3221,-11.77865,-3.2435,6.16244,-0.69994,151.064013,0.17923,28.35091,-10.30563,2.97573,-0.64945,0.03247,0.09853,-0.06225,0.01307,3.19113,102.24349,-27.40713,3.31549,-0.66049,0.11964,-0.02283,0.00396,-0.0005,-0.53556,-42.30921,1.0897,0.33663,-0.14062,-0.01303,0.05417,-0.0319,0.0067,,,,,,,,,,,,,,,,,,,,,,,High,High,High,Medium,Undefined,,,,,,,,,,,,,,,,,,,,,,,,,,,,,,,,,,,,,
270,2026-03-13,20:18:16.35,2,5,"Johnson, Brad",1000180703,Right,TEN_WES,"Gledhill, Garren",10316648,Left,UNI_PIK,Undefined,8,Top,0,2,2,Cutter,Slider,BallCalled,Undefined,Undefined,Undefined,0,0,,84.8548,-0.672507,-1.099432,2040.858723,236.221622,1:45,5.52476,3.2917,5.98325,-35.04073,4.01418,3.98162,1.9812,2.6043,77.07124,-7.176506,-0.382724,0.449789,,,,,,,,,,,,-2.3665,2.71996,-3.20694,50,5.45273,2.19947,-123.13423,-2.60701,-3.59238,27.02099,-28.04509,TEN_WES,UNI_PIK,JackBowlingField,NAIA,NAIA,20260313-JackBowlingField-1,4c6e13d0-1f3b-11f1-9965-8dd811638774,83.8002,,,7.78356,,,,,,,295b43c0-2fb4-429e-a1d1-ef411f70d0c1,2026-03-14,00:18:16.35,2026-03-13T20:18:16.3510000-04:00,2026-03-14T00:18:16.3510000Z,,v3,10044917,,,"Tolson, Jacob",10035532,Right,TEN_WES,3d78d575-6664-4b64-8419-64aa429572c8,54.51384,-124.12081,13.5105,5.52922,-1.58304,-14.02254,-3.28964,2.33063,-1.79619,,,,,,,,,,,,,,,,,,,,,,,,,,,,,,,,,,,,,,,,,,,,,,,,,,,High,High,High,,,,,,,,,,,,,,,,,,,,,,,,,,,,,,,,,,,,,,,
271,2026-03-13,20:18:32.50,2,6,"Johnson, Brad",1000180703,Right,TEN_WES,"Gledhill, Garren",10316648,Left,UNI_PIK,Undefined,8,Top,0,3,2,Cutter,Slider,BallCalled,Walk,Undefined,Undefined,0,0,,85.42285,1.030199,-1.575295,2074.877846,177.28251,12:00,5.63691,3.18784,5.70262,-34.81821,4.20949,-0.13516,3.69581,1.70834,77.2221,-5.422491,-1.599456,0.449633,,,,,,,,,,,,-0.4261,2.25811,-3.05561,50,5.70211,3.41155,-123.84051,1.01795,-0.65365,27.55925,-28.71022,TEN_WES,UNI_PIK,JackBowlingField,NAIA,NAIA,20260313-JackBowlingField-1,55fcd300-1f3b-11f1-9965-8dd811638774,83.82943,,,8.20075,,,,,,,295b43c0-2fb4-429e-a1d1-ef411f70d0c1,2026-03-14,00:18:32.50,2026-03-13T20:18:32.5060000-04:00,2026-03-14T00:18:32.5060000Z,,v3,10044917,,,"Tolson, Jacob",10035532,Right,TEN_WES,4c369416-5568-4ee8-994e-6e6e01a54c36,54.79399,-124.9028,13.77962,5.64155,2.12461,-14.35511,-3.1876,3.43674,-0.32682,,,,,,,,,,,,,,,,,,,,,,,,,,,,,,,,,,,,,,,,,,,,,,,,,,,High,High,High,,,,,,,,,,,,,,,,,,,,,,,,,,,,,,,,,,,,,,,
272,2026-03-13,20:19:27.99,3,1,"Johnson, Brad",1000180703,Right,TEN_WES,"Melton, Mason",1000110063,Right,UNI_PIK,Undefined,8,Top,0,0,0,Cutter,Slider,BallCalled,Undefined,Undefined,Undefined,0,0,,86.15458,0.255838,-3.206226,1902.434361,171.077235,11:45,5.89855,3.0823,5.98589,-28.26037,9.71587,-1.32008,3.78102,-0.00255,78.01265,-5.035878,-3.442887,0.443534,,,,,,,,,,,,-0.32095,5.31402,-2.8283,50,5.90342,7.04813,-124.83434,-0.34281,-0.50103,27.63391,-23.87803,TEN_WES,UNI_PIK,JackBowlingField,NAIA,NAIA,20260313-JackBowlingField-1,77108960-1f3b-11f1-9965-8dd811638774,84.98198,,,8.14193,,,,,,,295b43c0-2fb4-429e-a1d1-ef411f70d0c1,2026-03-14,00:19:27.99,2026-03-13T20:19:27.9910000-04:00,2026-03-14T00:19:27.9910000Z,,v3,10044917,,,"Tolson, Jacob",10035532,Right,TEN_WES,1266294d-b7c1-4d61-aadd-4072dfcbd77b,54.51021,-125.82878,13.81696,5.90029,0.51648,-11.93902,-3.08226,7.06616,-0.25052,,,,,,,,,,,,,,,,,,,,,,,,,,,,,,,,,,,,,,,,,,,,,,,,,,,High,High,High,,,,,,,,,,,,,,,,,,,,,,,,,,,,,,,,,,,,,,,
273,2026-03-13,20:20:42.97,3,2,"Johnson, Brad",1000180703,Right,TEN_WES,"Melton, Mason",1000110063,Right,UNI_PIK,Undefined,8,Top,0,1,0,Cutter,Cutter,StrikeCalled,Undefined,Undefined,Undefined,0,0,,85.59277,-1.111925,-2.840938,2089.00992,174.905926,11:45,5.81592,3.21418,6.12583,-29.6745,8.36878,-0.63449,2.31377,0.53293,78.13489,-6.644199,-2.955156,0.443926,,,,,,,,,,,,-0.5085,5.04221,-2.99641,50,5.7155,6.18672,-124.1606,-3.34547,-0.78948,26.10826,-24.3454,TEN_WES,UNI_PIK,JackBowlingField,NAIA,NAIA,20260313-JackBowlingField-1,a3bb03f0-1f3b-11f1-9965-8dd811638774,84.9071,,,7.45788,,,,,,,295b43c0-2fb4-429e-a1d1-ef411f70d0c1,2026-03-14,00:20:42.97,2026-03-13T20:20:42.9750000-04:00,2026-03-14T00:20:42.9750000Z,,v3,10044917,,,"Tolson, Jacob",10035532,Right,TEN_WES,e6b0cc42-784e-4779-af37-b544de0df4b1,54.37228,-125.07662,13.05413,5.81789,-2.49131,-12.1727,-3.21396,6.21442,-0.39474,,,,,,,,,,,,,,,,,,,,,,,,,,,,,,,,,,,,,,,,,,,,,,,,,,,High,High,High,,,,,,,,,,,,,,,,,,,,,,,,,,,,,,,,,,,,,,,
274,2026-03-13,20:20:55.63,3,3,"Johnson, Brad",1000180703,Right,TEN_WES,"Melton, Mason",1000110063,Right,UNI_PIK,Undefined,8,Top,0,1,1,Cutter,Slider,BallCalled,Undefined,Undefined,Undefined,0,0,,85.60478,-1.700507,-4.964044,2152.8939,203.627254,12:45,5.7588,3.31334,5.98398,-31.95718,6.71343,2.34673,1.51311,-1.10381,77.78963,-7.619826,-4.544459,0.447571,,,,,,,,,,,,-2.74166,4.40311,-2.92164,50,5.60662,10.6511,-123.73429,-4.72884,-4.20301,27.25936,-25.42395,TEN_WES,UNI_PIK,JackBowlingField,NAIA,NAIA,20260313-JackBowlingField-1,ab49ad60-1f3b-11f1-9965-8dd811638774,84.21552,,,7.81516,,,,,,,295b43c0-2fb4-429e-a1d1-ef411f70d0c1,2026-03-14,00:20:55.63,2026-03-13T20:20:55.6380000-04:00,2026-03-14T00:20:55.6380000Z,,v3,10044917,,,"Tolson, Jacob",10035532,Right,TEN_WES,6efec806-e7ac-4511-aad8-f22a0a95ed96,54.5133,-124.72463,13.62968,5.76164,-3.80517,-12.71197,-3.31137,10.80379,-2.10151,,,,,,,,,,,,,,,,,,,,,,,,,,,,,,,,,,,,,,,,,,,,,,,,,,,High,High,High,,,,,,,,,,,,,,,,,,,,,,,,,,,,,,,,,,,,,,,
275,2026-03-13,20:21:09.42,3,4,"Johnson, Brad",1000180703,Right,TEN_WES,"Melton, Mason",1000110063,Right,UNI_PIK,Undefined,8,Top,0,2,1,Cutter,Changeup,BallCalled,Undefined,Undefined,Undefined,0,0,,85.79084,-1.837371,-4.210836,2157.95615,247.964591,2:15,5.65036,3.22635,5.85527,-33.46789,4.72756,8.68445,1.14898,0.03052,78.76912,-7.993938,-2.657062,0.444813,,,,,,,,,,,,-5.62095,3.29827,-2.8889,50,5.48114,8.7982,-124.27412,-5.12847,-8.78869,24.95103,-27.017,TEN_WES,UNI_PIK,JackBowlingField,NAIA,NAIA,20260313-JackBowlingField-1,b38315c0-1f3b-11f1-9965-8dd811638774,84.73777,,,7.02172,,,,,,,295b43c0-2fb4-429e-a1d1-ef411f70d0c1,2026-03-14,00:21:09.42,2026-03-13T20:21:09.4270000-04:00,2026-03-14T00:21:09.4270000Z,,v3,10044917,,,"Tolson, Jacob",10035532,Right,TEN_WES,285a87be-0f9b-453e-a805-cc7b080d4152,54.64526,-125.20329,12.47552,5.65339,-4.12236,-13.5085,-3.22264,9.12549,-4.39434,,,,,,,,,,,,,,,,,,,,,,,,,,,,,,,,,,,,,,,,,,,,,,,,,,,High,High,High,,,,,,,,,,,,,,,,,,,,,,,,,,,,,,,,,,,,,,,
276,2026-03-13,20:21:25.20,3,5,"Johnson, Brad",1000180703,Right,TEN_WES,"Melton, Mason",1000110063,Right,UNI_PIK,Undefined,8,Top,0,3,1,Cutter,Changeup,BallCalled,Walk,Undefined,Undefined,0,0,,85.03186,0.172407,-2.763366,2218.230571,261.954373,2:45,5.70887,3.372,5.67448,-36.57376,2.7378,9.92008,2.82198,1.62039,77.2656,-6.57175,-0.991161,0.451265,,,,,,,,,,,,-5.82107,1.78398,-3.14483,50,5.70079,5.52626,-123.26637,-0.91351,-8.88343,26.36546,-29.45157,TEN_WES,UNI_PIK,JackBowlingField,NAIA,NAIA,20260313-JackBowlingField-1,bce5e2f0-1f3b-11f1-9965-8dd811638774,83.52619,,,7.76626,,,,,,,295b43c0-2fb4-429e-a1d1-ef411f70d0c1,2026-03-14,00:21:25.20,2026-03-13T20:21:25.2030000-04:00,2026-03-14T00:21:25.2030000Z,,v3,10044917,,,"Tolson, Jacob",10035532,Right,TEN_WES,0602ad68-19ec-44bf-816f-b346bdd315af,54.82356,-124.2938,13.18273,5.71403,0.23418,-14.72578,-3.36692,5.87243,-4.44171,,,,,,,,,,,,,,,,,,,,,,,,,,,,,,,,,,,,,,,,,,,,,,,,,,,High,High,High,,,,,,,,,,,,,,,,,,,,,,,,,,,,,,,,,,,,,,,
277,2026-03-13,20:24:24.13,4,1,"Williams, Isaiah",10053661,Left,TEN_WES,"Gagnon, Joe",1000400387,Right,UNI_PIK,Undefined,8,Top,0,0,0,Fastball,Sinker,InPlay,Undefined,GroundBall,Single,0,2,,87.64627,-2.538451,4.535216,2064.460657,125.228125,10:15,6.38526,-2.66417,5.80452,-23.91911,13.18926,-16.78851,2.0222,0.16351,79.36179,-7.019537,1.537082,0.438437,91.30712,-9.338348,22.461814,,,,,15.03769,15.03769,19.703817,0.101302,10.0093,7.90481,2.30142,50,6.16199,-9.34921,-126.7122,-6.40093,16.09086,28.60312,-19.4663,TEN_WES,UNI_PIK,JackBowlingField,NAIA,NAIA,20260313-JackBowlingField-1,278d3360-1f3c-11f1-9965-8dd811638774,85.97004,2.20482,,8.28448,,,,1.76661,2.20482,-0.0526,295b43c0-2fb4-429e-a1d1-ef411f70d0c1,2026-03-14,00:24:24.13,2026-03-13T20:24:24.1330000-04:00,2026-03-14T00:24:24.1330000Z,GroundBall,v3,10044917,,,"Tolson, Jacob",10035532,Right,TEN_WES,a80d446c-f384-4338-b1f0-f0586dcecf2c,54.69535,-127.7677,14.30156,6.38494,-5.68259,-9.73315,2.65738,-9.94299,8.04543,180,1.76341,122.31357,,,,,,,,2.20539,-21.76489,,,,,,,,-0.05393,50.56846,,,,,,,,,,,,,,,,,,,,,,,,,,,,,,High,High,High,Low,High,,,,,,,,,,,,,,,,,,,,,,,,,,,,,,,,,,,,,
278,2026-03-13,20:25:18.36,5,1,"Williams, Isaiah",10053661,Left,TEN_WES,"Mould, Easton",1000332440,Right,UNI_PIK,Undefined,8,Top,0,0,0,Fastball,Changeup,FoulBallNotFieldable,Undefined,Undefined,Undefined,0,0,,86.1241,-2.914931,4.207249,1910.060242,114.50611,9:45,6.39269,-2.42284,5.88086,-31.43187,7.0267,-12.33268,1.05662,0.46373,78.03825,-8.732664,1.998238,0.446342,,,,,,,,,,,,7.73067,4.92201,2.08986,50,6.13833,-8.66353,-124.50417,-7.39121,11.94424,28.65564,-24.56934,TEN_WES,UNI_PIK,JackBowlingField,NAIA,NAIA,20260313-JackBowlingField-1,48043490-1f3c-11f1-9965-8dd811638774,84.44738,,,8.08585,,,,,,,295b43c0-2fb4-429e-a1d1-ef411f70d0c1,2026-03-14,00:25:18.36,2026-03-13T20:25:18.3610000-04:00,2026-03-14T00:25:18.3610000Z,,v3,10044917,,,"Tolson, Jacob",10035532,Right,TEN_WES,ccb6a72f-86ac-4fff-9e7c-c73bd99ee054,54.61921,-125.56282,14.32782,6.39462,-6.48353,-12.28467,2.41807,-9.1048,5.97212,,,,,,,,,,,,,,,,,,,,,,,,,,,,,,,,,,,,,,,,,,,,,,,,,,,High,High,High,,,,,,,,,,,,,,,,,,,,,,,,,,,,,,,,,,,,,,,
279,2026-03-13,20:25:39.81,5,2,"Williams, Isaiah",10053661,Left,TEN_WES,"Mould, Easton",1000332440,Right,UNI_PIK,Undefined,8,Top,0,0,1,Fastball,Sinker,InPlay,Undefined,Popup,Out,1,0,,85.79454,-1.840049,4.053774,1982.556323,133.665215,10:30,6.50576,-2.41522,5.95931,-22.79407,15.30796,-14.71678,2.89506,0.12385,78.27523,-6.127727,1.416608,0.444268,,,,,,,,,,,,8.78516,8.77032,2.10141,50,6.34658,-8.23153,-124.30928,-4.68879,13.70663,25.59632,-18.49057,TEN_WES,UNI_PIK,JackBowlingField,NAIA,NAIA,20260313-JackBowlingField-1,54ac41b0-1f3c-11f1-9965-8dd811638774,84.84158,,,7.51931,,,,,,,295b43c0-2fb4-429e-a1d1-ef411f70d0c1,2026-03-14,00:25:39.81,2026-03-13T20:25:39.8140000-04:00,2026-03-14T00:25:39.8140000Z,,v3,10044917,,,"Tolson, Jacob",10035532,Right,TEN_WES,79d34d10-d4f1-46aa-bb12-7a9f625b0d16,54.54194,-125.24101,12.79816,6.505,-4.01572,-9.24529,2.41012,-8.73047,6.85331,,,,,,,,,,,,,,,,,,,,,,,,,,,,,,,,,,,,,,,,,,,,,,,,,,,High,High,High,,,,,,,,,,,,,,,,,,,,,,,,,,,,,,,,,,,,,,,
280,2026-03-13,20:26:12.39,6,1,"Williams, Isaiah",10053661,Left,TEN_WES,"Brook, Tyler",1000078727,Right,UNI_PIK,Undefined,8,Top,1,0,0,Fastball,Sinker,StrikeCalled,Undefined,Undefined,Undefined,0,0,,87.92849,-2.922691,4.410029,2167.844446,130.709212,10:15,6.43074,-2.55749,5.68388,-19.90946,17.14497,-18.36229,2.03681,0.0312,79.52343,-6.684767,1.138156,0.438118,,,,,,,,,,,,10.62245,9.9819,2.19696,50,6.17147,-8.99453,-127.04982,-7.11538,17.18102,28.56983,-16.02911,TEN_WES,UNI_PIK,JackBowlingField,NAIA,NAIA,20260313-JackBowlingField-1,681743d0-1f3c-11f1-9965-8dd811638774,86.03255,,,8.40507,,,,,,,295b43c0-2fb4-429e-a1d1-ef411f70d0c1,2026-03-14,00:26:12.39,2026-03-13T20:26:12.3910000-04:00,2026-03-14T00:26:12.3910000Z,,v3,10044917,,,"Tolson, Jacob",10035532,Right,TEN_WES,8e8da094-a3ae-48c4-8cc0-a6e1e180ede8,54.81432,-128.12785,14.28492,6.42855,-6.51055,-8.01456,2.54858,-9.64282,8.59051,,,,,,,,,,,,,,,,,,,,,,,,,,,,,,,,,,,,,,,,,,,,,,,,,,,High,High,High,,,,,,,,,,,,,,,,,,,,,,,,,,,,,,,,,,,,,,,
281,2026-03-13,20:26:27.98,6,2,"Williams, Isaiah",10053661,Left,TEN_WES,"Brook, Tyler",1000078727,Right,UNI_PIK,Undefined,8,Top,1,0,1,Fastball,Sinker,FoulBallNotFieldable,Undefined,Undefined,Undefined,0,0,,88.13248,-2.00823,2.949143,2060.246958,134.825635,10:30,6.47977,-2.60413,5.94492,-19.27103,17.03308,-15.85343,3.00782,-1.18726,79.84202,-5.672721,0.104288,0.43366,70.92304,33.168546,157.472778,2722.887567,,,,,28.62226,,,9.06784,9.73347,2.37813,50,6.30886,-5.92541,-127.73202,-5.05009,14.82991,28.78857,-16.25554,TEN_WES,UNI_PIK,JackBowlingField,NAIA,NAIA,20260313-JackBowlingField-1,715ff950-1f3c-11f1-9965-8dd811638774,86.91705,19.38762,,8.29046,,,,1.18554,2.96977,1.16505,295b43c0-2fb4-429e-a1d1-ef411f70d0c1,2026-03-14,00:26:27.98,2026-03-13T20:26:27.9890000-04:00,2026-03-14T00:26:27.9890000Z,,v3,10044917,,,"Tolson, Jacob",10035532,Right,TEN_WES,4c9e77dc-649d-4dec-915a-9bc289b84d3e,54.55488,-128.75452,14.39429,6.47798,-4.47273,-8.12777,2.59794,-6.45213,7.41496,333.99716,1.18501,-80.40839,6.5217,,,,,,,2.97796,56.59459,-27.12617,,,,,,,1.1679,33.24929,-6.18904,,,,,,,,,,,,,,,,,,,,,,,,,,,,,High,High,High,High,Undefined,,,,,,,,,,,,,,,,,,,,,,,,,,,,,,,,,,,,,
282,2026-03-13,20:26:47.82,6,3,"Williams, Isaiah",10053661,Left,TEN_WES,"Brook, Tyler",1000078727,Right,UNI_PIK,Undefined,8,Top,1,0,2,Fastball,Sinker,BallCalled,Undefined,Undefined,Undefined,0,0,,89.74339,-1.023376,4.708815,2066.761354,138.696459,10:30,6.44235,-2.57522,5.92204,-17.04332,18.23749,-14.89583,4.06909,0.56301,80.77532,-4.297745,2.04695,0.427504,,,,,,,,,,,,9.0052,9.9854,2.20541,50,6.35044,-10.02608,-129.75415,-2.79836,15.1608,30.31197,-15.36302,TEN_WES,UNI_PIK,JackBowlingField,NAIA,NAIA,20260313-JackBowlingField-1,7d32dc20-1f3c-11f1-9965-8dd811638774,88.16853,,,8.96807,,,,,,,295b43c0-2fb4-429e-a1d1-ef411f70d0c1,2026-03-14,00:26:47.82,2026-03-13T20:26:47.8200000-04:00,2026-03-14T00:26:47.8200000Z,,v3,10044917,,,"Tolson, Jacob",10035532,Right,TEN_WES,5a81872f-1db7-44b7-b816-122dda0aeafa,54.57416,-130.81836,15.15598,6.43921,-2.25899,-7.68151,2.56676,-10.55835,7.5804,,,,,,,,,,,,,,,,,,,,,,,,,,,,,,,,,,,,,,,,,,,,,,,,,,,High,High,High,,,,,,,,,,,,,,,,,,,,,,,,,,,,,,,,,,,,,,,
283,2026-03-13,20:27:06.93,6,4,"Williams, Isaiah",10053661,Left,TEN_WES,"Brook, Tyler",1000078727,Right,UNI_PIK,Undefined,8,Top,1,1,2,Fastball,Sinker,FoulBallNotFieldable,Undefined,Undefined,Undefined,0,0,,88.64853,-2.295353,2.667747,2129.626601,140.090013,10:45,6.56355,-2.51164,5.64889,-17.87572,18.61666,-14.44265,2.92946,-1.22507,79.86377,-5.702994,0.08982,0.434783,,,,,,,,,,,,8.16197,10.55697,2.29457,50,6.35757,-5.34278,-128.32134,-5.68028,13.40406,30.28781,-14.83674,TEN_WES,UNI_PIK,JackBowlingField,NAIA,NAIA,20260313-JackBowlingField-1,889c9ce0-1f3c-11f1-9965-8dd811638774,86.69253,,,8.78476,,,,,,,295b43c0-2fb4-429e-a1d1-ef411f70d0c1,2026-03-14,00:27:06.93,2026-03-13T20:27:06.9340000-04:00,2026-03-14T00:27:06.9340000Z,,v3,10044917,,,"Tolson, Jacob",10035532,Right,TEN_WES,8e3f1083-b402-4c05-84c0-d569ba24ec6a,54.84874,-129.46073,15.1439,6.56076,-5.12213,-7.41837,2.50504,-5.84703,6.70203,,,,,,,,,,,,,,,,,,,,,,,,,,,,,,,,,,,,,,,,,,,,,,,,,,,High,High,High,,,,,,,,,,,,,,,,,,,,,,,,,,,,,,,,,,,,,,,
284,2026-03-13,20:27:24.58,6,5,"Williams, Isaiah",10053661,Left,TEN_WES,"Brook, Tyler",1000078727,Right,UNI_PIK,Undefined,8,Top,1,1,2,ChangeUp,Changeup,BallCalled,Undefined,Undefined,Undefined,0,0,,82.48942,-0.072712,2.962222,1684.173761,123.77206,10:15,6.45759,-2.54454,5.5943,-28.32726,13.78016,-18.34371,4.029,-1.30489,74.43939,-5.375308,-0.308066,0.467036,,,,,,,,,,,,10.09323,7.43327,2.30195,50,6.43333,-5.40536,-119.4679,-1.04635,14.40512,25.69726,-21.56523,TEN_WES,UNI_PIK,JackBowlingField,NAIA,NAIA,20260313-JackBowlingField-1,93201c50-1f3c-11f1-9965-8dd811638774,80.70558,,,8.05003,,,,,,,295b43c0-2fb4-429e-a1d1-ef411f70d0c1,2026-03-14,00:27:24.58,2026-03-13T20:27:24.5880000-04:00,2026-03-14T00:27:24.5880000Z,,v3,10044917,,,"Tolson, Jacob",10035532,Right,TEN_WES,66207ade-5013-4b2a-a576-b2dc4e5d3c70,54.90214,-120.51773,12.84863,6.45808,-0.16533,-10.78262,2.5348,-5.99387,7.20256,,,,,,,,,,,,,,,,,,,,,,,,,,,,,,,,,,,,,,,,,,,,,,,,,,,High,High,High,,,,,,,,,,,,,,,,,,,,,,,,,,,,,,,,,,,,,,,
285,2026-03-13,20:27:42.32,6,6,"Williams, Isaiah",10053661,Left,TEN_WES,"Brook, Tyler",1000078727,Right,UNI_PIK,Undefined,8,Top,1,2,2,Fastball,Sinker,BallCalled,Undefined,Undefined,Undefined,0,0,,88.70902,-0.611733,1.587987,2101.424579,138.572835,10:30,6.45144,-2.65659,5.80154,-18.90387,17.24745,-14.05969,4.30691,-2.3509,79.82022,-4.221869,-0.930549,0.432746,,,,,,,,,,,,7.58922,9.3376,2.53414,50,6.39001,-2.93897,-128.58936,-1.92871,12.51423,30.44144,-16.77684,TEN_WES,UNI_PIK,JackBowlingField,NAIA,NAIA,20260313-JackBowlingField-1,9dadade0-1f3c-11f1-9965-8dd811638774,87.10053,,,8.8888,,,,,,,295b43c0-2fb4-429e-a1d1-ef411f70d0c1,2026-03-14,00:27:42.32,2026-03-13T20:27:42.3230000-04:00,2026-03-14T00:27:42.3230000Z,,v3,10044917,,,"Tolson, Jacob",10035532,Right,TEN_WES,289b2919-9d37-4f12-9b33-2f33e8a0d375,54.6941,-129.69585,15.22072,6.44903,-1.3189,-8.38842,2.64924,-3.39384,6.25711,,,,,,,,,,,,,,,,,,,,,,,,,,,,,,,,,,,,,,,,,,,,,,,,,,,High,High,High,,,,,,,,,,,,,,,,,,,,,,,,,,,,,,,,,,,,,,,
286,2026-03-13,20:28:01.38,6,7,"Williams, Isaiah",10053661,Left,TEN_WES,"Brook, Tyler",1000078727,Right,UNI_PIK,Undefined,8,Top,1,3,2,Fastball,Sinker,StrikeSwinging,Strikeout,Undefined,Undefined,0,0,,87.9433,-2.545685,3.486372,2072.597445,133.139224,10:30,6.51877,-2.47674,5.79249,-20.50631,16.55017,-16.15481,2.43586,-0.5758,79.037,-6.437346,0.597379,0.438131,,,,,,,,,,,,9.29327,9.65772,2.19883,50,6.29666,-7.03617,-127.15416,-6.27947,14.94432,30.39802,-16.64369,TEN_WES,UNI_PIK,JackBowlingField,NAIA,NAIA,20260313-JackBowlingField-1,a9112d10-1f3c-11f1-9965-8dd811638774,86.03016,,,8.9063,,,,,,,295b43c0-2fb4-429e-a1d1-ef411f70d0c1,2026-03-14,00:28:01.38,2026-03-13T20:28:01.3850000-04:00,2026-03-14T00:28:01.3850000Z,,v3,10044917,,,"Tolson, Jacob",10035532,Right,TEN_WES,a1baea23-5b31-408a-b736-262ee879056a,54.70352,-128.27367,15.19901,6.51663,-5.66651,-8.32184,2.46809,-7.58655,7.47216,,,,,,,,,,,,,,,,,,,,,,,,,,,,,,,,,,,,,,,,,,,,,,,,,,,High,High,High,,,,,,,,,,,,,,,,,,,,,,,,,,,,,,,,,,,,,,,
287,2026-03-13,20:28:32.65,7,1,"Williams, Isaiah",10053661,Left,TEN_WES,"DeCarlo, Domenic",1000440026,Right,UNI_PIK,Undefined,8,Top,2,0,0,Fastball,Sinker,BallCalled,Undefined,Undefined,Undefined,0,0,,88.65986,-0.594421,1.730703,2098.597344,126.149634,10:15,6.53681,-2.56522,5.84238,-21.75761,14.47304,-17.96997,4.17097,-2.45377,79.62763,-4.721795,-1.491261,0.433221,,,,,,,,,,,,9.60855,7.95504,2.43414,50,6.47581,-3.08012,-128.49387,-2.00735,15.77581,31.08449,-19.11304,TEN_WES,UNI_PIK,JackBowlingField,NAIA,NAIA,20260313-JackBowlingField-1,bbaf1b30-1f3c-11f1-9965-8dd811638774,87.00508,,,9.03223,,,,,,,295b43c0-2fb4-429e-a1d1-ef411f70d0c1,2026-03-14,00:28:32.65,2026-03-13T20:28:32.6570000-04:00,2026-03-14T00:28:32.6570000Z,,v3,10044917,,,"Tolson, Jacob",10035532,Right,TEN_WES,74880ccb-3b3e-45bf-99ba-f0a24ef8a4d6,54.65314,-129.61464,15.54224,6.53577,-1.31822,-9.55652,2.55545,-3.64893,7.88791,,,,,,,,,,,,,,,,,,,,,,,,,,,,,,,,,,,,,,,,,,,,,,,,,,,High,High,High,,,,,,,,,,,,,,,,,,,,,,,,,,,,,,,,,,,,,,,
288,2026-03-13,20:28:50.20,7,2,"Williams, Isaiah",10053661,Left,TEN_WES,"DeCarlo, Domenic",1000440026,Right,UNI_PIK,Undefined,8,Top,2,1,0,Fastball,Four-Seam,FoulBallNotFieldable,Undefined,Undefined,Undefined,0,0,,87.58653,-2.83043,3.481466,2192.885482,138.159795,10:30,6.52536,-2.49801,5.79863,-18.81194,18.32595,-15.20021,2.31801,-0.52247,79.1799,-6.406805,0.763315,0.438611,,,,,,,,,,,,8.7354,10.58209,2.2202,50,6.28093,-7.04254,-126.68649,-6.81799,14.03743,28.58853,-15.16905,TEN_WES,UNI_PIK,JackBowlingField,NAIA,NAIA,20260313-JackBowlingField-1,c6388e10-1f3c-11f1-9965-8dd811638774,85.93583,,,8.40664,,,,,,,295b43c0-2fb4-429e-a1d1-ef411f70d0c1,2026-03-14,00:28:50.20,2026-03-13T20:28:50.2030000-04:00,2026-03-14T00:28:50.2030000Z,,v3,10044917,,,"Tolson, Jacob",10035532,Right,TEN_WES,f9268dc8-a4d4-4237-b685-e52d8610ac3b,54.6978,-127.74222,14.29427,6.52236,-6.25782,-7.58453,2.48984,-7.56091,7.01871,,,,,,,,,,,,,,,,,,,,,,,,,,,,,,,,,,,,,,,,,,,,,,,,,,,High,High,High,,,,,,,,,,,,,,,,,,,,,,,,,,,,,,,,,,,,,,,
289,2026-03-13,20:29:13.04,7,3,"Williams, Isaiah",10053661,Left,TEN_WES,"DeCarlo, Domenic",1000440026,Right,UNI_PIK,Undefined,8,Top,2,1,1,Fastball,Sinker,BallCalled,Undefined,Undefined,Undefined,0,0,,88.22363,-1.829571,2.786249,2087.461957,137.186848,10:30,6.51219,-2.4974,5.83828,-19.38462,17.28025,-14.73028,3.19374,-1.13323,79.26936,-5.527946,0.147934,0.435809,,,,,,,,,,,,8.34819,9.7906,2.27844,50,6.35161,-5.56717,-127.71152,-4.64967,13.54698,30.58543,-16.28644,TEN_WES,UNI_PIK,JackBowlingField,NAIA,NAIA,20260313-JackBowlingField-1,d3c35a10-1f3c-11f1-9965-8dd811638774,86.48839,,,8.95427,,,,,,,295b43c0-2fb4-429e-a1d1-ef411f70d0c1,2026-03-14,00:29:13.04,2026-03-13T20:29:13.0420000-04:00,2026-03-14T00:29:13.0420000Z,,v3,10044917,,,"Tolson, Jacob",10035532,Right,TEN_WES,eefe2d2b-604e-41ac-810d-68028daa553c,54.65739,-128.82208,15.29271,6.5097,-4.05831,-8.14322,2.48951,-6.05907,6.77349,,,,,,,,,,,,,,,,,,,,,,,,,,,,,,,,,,,,,,,,,,,,,,,,,,,High,High,High,,,,,,,,,,,,,,,,,,,,,,,,,,,,,,,,,,,,,,,
290,2026-03-13,20:29:33.28,7,4,"Williams, Isaiah",10053661,Left,TEN_WES,"DeCarlo, Domenic",1000440026,Right,UNI_PIK,Undefined,8,Top,2,2,1,Fastball,Four-Seam,StrikeCalled,Undefined,Undefined,Undefined,0,0,,88.09353,-1.601034,3.52743,2136.192028,140.815547,10:45,6.55374,-2.3617,6.11661,-21.02485,15.04737,-11.25146,3.31819,-0.03379,79.92797,-5.587221,1.504127,0.432273,,,,,,,,,,,,6.80678,8.60099,2.09642,50,6.41975,-7.39637,-127.63657,-4.18936,11.14374,28.12737,-18.09288,TEN_WES,UNI_PIK,JackBowlingField,NAIA,NAIA,20260313-JackBowlingField-1,dfd3bb10-1f3c-11f1-9965-8dd811638774,87.19595,,,8.16556,,,,,,,295b43c0-2fb4-429e-a1d1-ef411f70d0c1,2026-03-14,00:29:33.28,2026-03-13T20:29:33.2880000-04:00,2026-03-14T00:29:33.2880000Z,,v3,10044917,,,"Tolson, Jacob",10035532,Right,TEN_WES,3cc37f48-c504-4c07-9604-0bf3beb1b5ea,54.38057,-128.59829,14.06368,6.55241,-3.57074,-9.04644,2.35583,-7.7774,5.57187,,,,,,,,,,,,,,,,,,,,,,,,,,,,,,,,,,,,,,,,,,,,,,,,,,,High,High,High,,,,,,,,,,,,,,,,,,,,,,,,,,,,,,,,,,,,,,,
291,2026-03-13,20:29:51.67,7,5,"Williams, Isaiah",10053661,Left,TEN_WES,"DeCarlo, Domenic",1000440026,Right,UNI_PIK,Undefined,8,Top,2,2,2,Fastball,Sinker,BallCalled,Undefined,Undefined,Undefined,0,0,,89.34646,-1.065876,2.308817,2038.354417,140.812635,10:45,6.51898,-2.50602,5.88396,-16.69686,18.58225,-14.16552,4.13684,-1.54125,80.98551,-4.264129,-0.231183,0.427494,,,,,,,,,,,,7.87902,10.15319,2.32749,50,6.42324,-4.60752,-129.58785,-2.88298,13.30062,28.91795,-15.03434,TEN_WES,UNI_PIK,JackBowlingField,NAIA,NAIA,20260313-JackBowlingField-1,eac342c0-1f3c-11f1-9965-8dd811638774,88.17065,,,8.36095,,,,,,,295b43c0-2fb4-429e-a1d1-ef411f70d0c1,2026-03-14,00:29:51.67,2026-03-13T20:29:51.6770000-04:00,2026-03-14T00:29:51.6770000Z,,v3,10044917,,,"Tolson, Jacob",10035532,Right,TEN_WES,70787cff-5753-4221-9adc-8c41960f4835,54.61382,-130.61338,14.45897,6.51602,-2.34981,-7.51717,2.49926,-5.0792,6.65031,,,,,,,,,,,,,,,,,,,,,,,,,,,,,,,,,,,,,,,,,,,,,,,,,,,High,High,High,,,,,,,,,,,,,,,,,,,,,,,,,,,,,,,,,,,,,,,
292,2026-03-13,20:30:12.66,7,6,"Williams, Isaiah",10053661,Left,TEN_WES,"DeCarlo, Domenic",1000440026,Right,UNI_PIK,Undefined,8,Top,2,3,2,Fastball,Sinker,StrikeSwinging,Strikeout,Undefined,Undefined,0,0,,89.0041,-1.798973,2.561145,2088.485852,123.863218,10:15,6.56888,-2.44646,5.93363,-22.27415,13.4332,-18.1041,3.04144,-1.57738,80.42116,-6.002053,-0.689693,0.430081,,,,,,,,,,,,9.99611,7.82119,2.25159,50,6.41262,-4.98192,-128.97874,-4.75282,16.6189,30.09364,-19.17107,TEN_WES,UNI_PIK,JackBowlingField,NAIA,NAIA,20260313-JackBowlingField-1,f74b92e0-1f3c-11f1-9965-8dd811638774,87.64037,,,8.58294,,,,,,,295b43c0-2fb4-429e-a1d1-ef411f70d0c1,2026-03-14,00:30:12.66,2026-03-13T20:30:12.6660000-04:00,2026-03-14T00:30:12.6660000Z,,v3,10044917,,,"Tolson, Jacob",10035532,Right,TEN_WES,51986455-ea74-4d8d-8a37-5548a6b423bf,54.56387,-130.03924,15.04682,6.5682,-4.07724,-9.58554,2.43747,-5.56756,8.30945,,,,,,,,,,,,,,,,,,,,,,,,,,,,,,,,,,,,,,,,,,,,,,,,,,,High,High,High,,,,,,,,,,,,,,,,,,,,,,,,,,,,,,,,,,,,,,,
293,2026-03-13,20:32:00.96,1,1,"Berry, Isaac",10071639,Right,UNI_PIK,"Gil-Fernandez, Allan",1000299752,Right,TEN_WES,Undefined,8,Bottom,0,0,0,Cutter,Slider,BallCalled,Undefined,Undefined,Undefined,0,0,,77.42727,2.04381,-1.071069,2242.154328,109.402053,9:45,5.73703,2.05412,6.47968,-41.40939,4.50933,-8.49587,4.16409,0.36251,70.40763,-5.724695,-2.611819,0.487715,,,,,,,,,,,,4.08244,2.2426,-1.97557,50,5.86316,2.39907,-112.4311,2.86795,5.18095,22.00955,-29.32801,TEN_WES,UNI_PIK,JackBowlingField,NAIA,NAIA,20260313-JackBowlingField-1,37e051b0-1f3d-11f1-9965-8dd811638774,77.2837,,,7.01964,,,,,,,295b43c0-2fb4-429e-a1d1-ef411f70d0c1,2026-03-14,00:32:00.96,2026-03-13T20:32:00.9650000-04:00,2026-03-14T00:32:00.9650000Z,,v3,10044917,,,"Brook, Tyler",1000078727,Right,UNI_PIK,dd933291-344d-434b-a54a-beb7321f42f8,54.0185,-113.21503,11.00477,5.74241,3.91255,-14.664,-2.05774,2.21454,2.59048,,,,,,,,,,,,,,,,,,,,,,,,,,,,,,,,,,,,,,,,,,,,,,,,,,,High,High,High,,,,,,,,,,,,,,,,,,,,,,,,,,,,,,,,,,,,,,,
294,2026-03-13,20:32:11.88,1,2,"Berry, Isaac",10071639,Right,UNI_PIK,"Gil-Fernandez, Allan",1000299752,Right,TEN_WES,Undefined,8,Bottom,0,1,0,Curveball,Curveball,BallCalled,Undefined,Undefined,Undefined,0,0,,72.3197,1.320689,0.531368,2100.088686,74.454263,8:30,5.83285,1.80432,6.20918,-54.67456,-1.87642,-12.67044,2.49586,1.2389,66.55675,-8.785799,-1.760093,0.522975,,,,,,,,,,,,6.69634,-0.81051,-1.83817,50,5.90504,-0.55551,-105.13903,0.90082,7.47478,18.28781,-33.07878,TEN_WES,UNI_PIK,JackBowlingField,NAIA,NAIA,20260313-JackBowlingField-1,3e6a3550-1f3d-11f1-9965-8dd811638774,72.07318,,,5.76295,,,,,,,295b43c0-2fb4-429e-a1d1-ef411f70d0c1,2026-03-14,00:32:11.88,2026-03-13T20:32:11.8830000-04:00,2026-03-14T00:32:11.8830000Z,,v3,10044917,,,"Brook, Tyler",1000078727,Right,UNI_PIK,52313137-2322-4d2f-98b2-0f21ea43bf25,54.29257,-105.88304,9.1439,5.84102,2.24658,-16.53939,-1.80939,-0.85961,3.73739,,,,,,,,,,,,,,,,,,,,,,,,,,,,,,,,,,,,,,,,,,,,,,,,,,,High,High,High,,,,,,,,,,,,,,,,,,,,,,,,,,,,,,,,,,,,,,,
295,2026-03-13,20:32:24.82,1,3,"Berry, Isaac",10071639,Right,UNI_PIK,"Gil-Fernandez, Allan",1000299752,Right,TEN_WES,Undefined,8,Bottom,0,2,0,Cutter,Slider,FoulBallNotFieldable,Undefined,Undefined,Undefined,0,0,,78.12107,0.15526,-0.785404,2231.658227,141.472529,10:45,5.65597,2.10189,6.71273,-35.27951,8.97453,-6.06548,2.85796,0.87839,71.79374,-6.486939,-1.891483,0.478793,68.41916,28.821683,46.834959,4441.429199,69.88642,39.34572,84.94639,211.04587,151.82409,54.412648,3.248488,2.9928,5.11422,-2.04772,50,5.65244,1.75562,-113.6617,-0.59858,3.91525,20.8247,-25.48347,TEN_WES,UNI_PIK,JackBowlingField,NAIA,NAIA,20260313-JackBowlingField-1,4617ff80-1f3d-11f1-9965-8dd811638774,78.72385,39.38204,,6.32733,,,,0.58254,2.76884,-0.89058,295b43c0-2fb4-429e-a1d1-ef411f70d0c1,2026-03-14,00:32:24.82,2026-03-13T20:32:24.8260000-04:00,2026-03-14T00:32:24.8260000Z,FlyBall,v3,10044917,,,"Brook, Tyler",1000078727,Right,UNI_PIK,1f57804c-18c0-4cee-a938-8ab201261353,53.78755,-114.35354,10.41235,5.65826,0.24803,-12.74174,-2.10388,1.62554,1.95762,218.148442,0.58239,60.14952,-12.92027,3.09107,-0.64891,0.16118,-0.04228,0.00694,-0.00045,2.76901,48.37028,-17.04321,0.83504,-0.06137,-0.04034,0.01683,-0.00181,-1E-05,-0.89062,64.12717,-6.54992,1.56879,-0.28645,0.0591,-0.01521,0.00271,-0.00019,,,,,,,,,,,,,,,,,,,,,,,High,High,High,High,Medium,,,,,,,,,,,,,,,,,,,,,,,,,,,,,,,,,,,,,
296,2026-03-13,20:32:53.39,1,4,"Berry, Isaac",10071639,Right,UNI_PIK,"Gil-Fernandez, Allan",1000299752,Right,TEN_WES,Undefined,8,Bottom,0,2,1,Cutter,Slider,StrikeCalled,Undefined,Undefined,Undefined,0,0,,79.18273,-0.204831,-1.277179,2291.159788,79.52607,8:45,5.64145,2.07694,6.45697,-43.79388,-0.05126,-7.82831,1.80374,0.25112,72.6745,-8.341759,-2.699155,0.476019,,,,,,,,,,,,3.72118,0.46173,-1.98338,50,5.60782,2.83737,-115.11993,-1.67602,4.96478,22.52728,-31.55803,TEN_WES,UNI_PIK,JackBowlingField,NAIA,NAIA,20260313-JackBowlingField-1,5725fed0-1f3d-11f1-9965-8dd811638774,79.18269,,,6.50823,,,,,,,295b43c0-2fb4-429e-a1d1-ef411f70d0c1,2026-03-14,00:32:53.39,2026-03-13T20:32:53.3940000-04:00,2026-03-14T00:32:53.3940000Z,,v3,10044917,,,"Brook, Tyler",1000078727,Right,UNI_PIK,3c0e65ec-cc54-4799-8f73-a41011080dee,54.04389,-115.90856,11.26364,5.64716,-0.57124,-15.77901,-2.07967,2.66356,2.48239,,,,,,,,,,,,,,,,,,,,,,,,,,,,,,,,,,,,,,,,,,,,,,,,,,,High,High,High,,,,,,,,,,,,,,,,,,,,,,,,,,,,,,,,,,,,,,,
297,2026-03-13,20:33:06.68,1,5,"Berry, Isaac",10071639,Right,UNI_PIK,"Gil-Fernandez, Allan",1000299752,Right,TEN_WES,Undefined,8,Bottom,0,2,2,Curveball,Curveball,BallCalled,Undefined,Undefined,Undefined,0,0,,71.81934,4.690617,0.587095,2082.225345,75.170878,8:30,5.61366,1.969,6.43071,-55.03956,-1.43382,-11.98823,5.34808,1.5096,65.2122,-5.579743,-1.582244,0.526959,,,,,,,,,,,,6.34835,-1.5061,-2.00615,50,5.92453,-0.66849,-104.06496,7.06627,6.91803,18.48405,-33.81529,TEN_WES,UNI_PIK,JackBowlingField,NAIA,NAIA,20260313-JackBowlingField-1,5f136a10-1f3d-11f1-9965-8dd811638774,71.52819,,,6.60714,,,,,,,295b43c0-2fb4-429e-a1d1-ef411f70d0c1,2026-03-14,00:33:06.68,2026-03-13T20:33:06.6810000-04:00,2026-03-14T00:33:06.6810000Z,,v3,10044917,,,"Brook, Tyler",1000078727,Right,UNI_PIK,dc56625a-827d-4cbb-a972-3ed09579431b,54.06915,-104.78524,9.24202,5.62351,8.38396,-16.90764,-1.97485,-0.93807,3.45901,,,,,,,,,,,,,,,,,,,,,,,,,,,,,,,,,,,,,,,,,,,,,,,,,,,High,High,High,,,,,,,,,,,,,,,,,,,,,,,,,,,,,,,,,,,,,,,
298,2026-03-13,20:33:20.69,1,6,"Berry, Isaac",10071639,Right,UNI_PIK,"Gil-Fernandez, Allan",1000299752,Right,TEN_WES,Undefined,8,Bottom,0,3,2,Cutter,Slider,InPlay,Undefined,GroundBall,Out,1,0,,80.17313,-0.38752,-1.080197,2298.71876,111.388954,9:45,5.61421,1.95516,6.78831,-37.58242,4.20063,-7.57158,2.12852,0.33801,74.03492,-7.425102,-2.463572,0.465234,98.61775,4.163755,7.815639,2006.742507,,,,90.42613,89.77801,10.341248,0.679304,3.74697,2.6889,-1.88239,50,5.57492,2.44534,-116.70786,-1.79051,5.18049,21.46573,-28.45644,TEN_WES,UNI_PIK,JackBowlingField,NAIA,NAIA,20260313-JackBowlingField-1,6766c310-1f3d-11f1-9965-8dd811638774,81.01824,3.32462,,6.13821,,,,0.77355,1.99725,-0.32864,295b43c0-2fb4-429e-a1d1-ef411f70d0c1,2026-03-14,00:33:20.69,2026-03-13T20:33:20.6910000-04:00,2026-03-14T00:33:20.6910000Z,GroundBall,v3,10044917,,,"Brook, Tyler",1000078727,Right,UNI_PIK,e722e0e7-9faa-45c5-887b-531d4e20d38c,53.71369,-117.38892,10.73286,5.61741,-0.88764,-14.22822,-1.95737,2.28097,2.59024,288.246566,0.80979,142.19761,-18.38054,,,,,,,2.0282,9.88563,-19.01023,,,,,,,-0.35879,20.22138,6.24623,,,,,,,,,,,,,,,,,,,,,,,,,,,,,High,High,High,High,High,,,,,,,,,,,,,,,,,,,,,,,,,,,,,,,,,,,,,
299,2026-03-13,20:33:50.34,2,1,"Berry, Isaac",10071639,Right,UNI_PIK,"Shelly, Joshua",1000333363,Right,TEN_WES,Undefined,8,Bottom,1,0,0,Cutter,Curveball,InPlay,Undefined,FlyBall,Out,1,0,,78.07385,0.961567,-2.668013,2300.579726,52.029247,7:45,5.48582,3.02196,6.49173,-49.97912,-4.66981,-7.93119,2.20469,-0.09008,71.20991,-8.324336,-4.106415,0.484468,87.00337,40.615416,29.148283,,91.69427,80.66189,60.76264,312.43915,156.428,40.333019,5.255465,3.3139,-2.30421,-2.83157,50,5.532,5.55306,-113.36069,0.46922,4.25563,23.26338,-35.13308,TEN_WES,UNI_PIK,JackBowlingField,NAIA,NAIA,20260313-JackBowlingField-1,7917b920-1f3d-11f1-9965-8dd811638774,77.80171,98.21114,,6.86394,,,,1.15943,2.35333,0.14866,295b43c0-2fb4-429e-a1d1-ef411f70d0c1,2026-03-14,00:33:50.34,2026-03-13T20:33:50.3450000-04:00,2026-03-14T00:33:50.3450000Z,FlyBall,v3,10044917,,,"Brook, Tyler",1000078727,Right,UNI_PIK,897a39a7-7444-4ab5-9e6f-05581b65d067,54.00946,-114.18053,11.63169,5.49365,1.70737,-17.56654,-3.02463,5.40309,2.12782,210.362698,1.16612,84.46532,-18.01769,3.75724,-0.35408,-0.07375,0.02892,-0.00343,0.00014,2.35216,83.0786,-21.01347,1.63983,-0.08573,-0.08944,0.03637,-0.00558,0.00031,0.14901,47.17171,-2.52784,0.07051,0.11768,-0.05129,0.01132,-0.00131,6E-05,,,,,,,,,,,,,,,,,,,,,,,High,High,High,High,Low,,,,,,,,,,,,,,,,,,,,,,,,,,,,,,,,,,,,,
300,2026-03-13,20:34:20.34,3,1,"Berry, Isaac",10071639,Right,UNI_PIK,"Reynolds, Kolton",10290027,Right,TEN_WES,Undefined,8,Bottom,2,0,0,Cutter,Slider,BallCalled,Undefined,Undefined,Undefined,0,0,,80.99208,-0.26406,-0.806773,2353.188243,105.75288,9:30,5.68332,2.13469,6.70323,-38.10821,3.01099,-6.30658,2.26617,0.87142,74.67182,-7.38926,-1.957494,0.461523,,,,,,,,,,,,3.10106,2.07099,-2.07898,50,5.65119,1.87584,-117.86418,-1.60562,4.37013,22.02386,-29.25552,TEN_WES,UNI_PIK,JackBowlingField,NAIA,NAIA,20260313-JackBowlingField-1,8afd7ad0-1f3d-11f1-9965-8dd811638774,81.66963,,,6.32026,,,,,,,295b43c0-2fb4-429e-a1d1-ef411f70d0c1,2026-03-14,00:34:20.34,2026-03-13T20:34:20.3490000-04:00,2026-03-14T00:34:20.3490000Z,,v3,10044917,,,"Brook, Tyler",1000078727,Right,UNI_PIK,55b39177-af12-4cf8-bcfc-5ac5bc3be8cb,53.79734,-118.57162,11.01193,5.68768,-0.66589,-14.62776,-2.13698,1.73547,2.18507,,,,,,,,,,,,,,,,,,,,,,,,,,,,,,,,,,,,,,,,,,,,,,,,,,,High,High,High,,,,,,,,,,,,,,,,,,,,,,,,,,,,,,,,,,,,,,,
301,2026-03-13,20:34:30.49,3,2,"Berry, Isaac",10071639,Right,UNI_PIK,"Reynolds, Kolton",10290027,Right,TEN_WES,Undefined,8,Bottom,2,1,0,Slider,Curveball,StrikeSwinging,Undefined,Undefined,Undefined,0,0,,74.12815,0.590576,-1.117863,2067.852007,44.713199,7:30,5.69827,1.96287,6.25128,-54.48156,-4.12473,-5.68752,1.70292,0.45784,68.11579,-9.469215,-2.147687,0.510741,,,,,,,,,,,,2.61681,-1.81193,-1.87714,50,5.71587,2.29314,-107.74577,-0.44052,3.05471,19.94037,-34.28921,TEN_WES,UNI_PIK,JackBowlingField,NAIA,NAIA,20260313-JackBowlingField-1,9105f970-1f3d-11f1-9965-8dd811638774,73.79953,,,6.01236,,,,,,,295b43c0-2fb4-429e-a1d1-ef411f70d0c1,2026-03-14,00:34:30.49,2026-03-13T20:34:30.4950000-04:00,2026-03-14T00:34:30.4950000Z,,v3,10044917,,,"Brook, Tyler",1000078727,Right,UNI_PIK,b7f28744-97c4-4e37-a694-5ce445c77bb5,54.25024,-108.52951,9.97018,5.7067,0.90719,-17.1446,-1.96491,2.17308,1.52736,,,,,,,,,,,,,,,,,,,,,,,,,,,,,,,,,,,,,,,,,,,,,,,,,,,High,High,High,,,,,,,,,,,,,,,,,,,,,,,,,,,,,,,,,,,,,,,
302,2026-03-13,20:34:46.57,3,3,"Berry, Isaac",10071639,Right,UNI_PIK,"Reynolds, Kolton",10290027,Right,TEN_WES,Undefined,8,Bottom,2,1,1,Cutter,Slider,BallCalled,Undefined,Undefined,Undefined,0,0,,80.28242,-0.325371,-0.6015,2318.220321,102.929761,9:30,5.58718,2.01386,6.55162,-39.73459,2.69961,-5.74437,1.97758,0.98358,73.47285,-7.748315,-1.646946,0.468845,,,,,,,,,,,,2.83012,1.95079,-1.97014,50,5.54824,1.42628,-116.72327,-1.79359,3.87799,23.36054,-29.50098,TEN_WES,UNI_PIK,JackBowlingField,NAIA,NAIA,20260313-JackBowlingField-1,9a930af0-1f3d-11f1-9965-8dd811638774,80.39424,,,6.80957,,,,,,,295b43c0-2fb4-429e-a1d1-ef411f70d0c1,2026-03-14,00:34:46.57,2026-03-13T20:34:46.5750000-04:00,2026-03-14T00:34:46.5750000Z,,v3,10044917,,,"Brook, Tyler",1000078727,Right,UNI_PIK,484106aa-ecec-44de-adaa-70f148d37e16,53.9481,-117.51077,11.68027,5.59194,-0.79909,-14.75049,-2.01602,1.29555,1.939,,,,,,,,,,,,,,,,,,,,,,,,,,,,,,,,,,,,,,,,,,,,,,,,,,,High,High,High,,,,,,,,,,,,,,,,,,,,,,,,,,,,,,,,,,,,,,,
303,2026-03-13,20:34:57.94,3,4,"Berry, Isaac",10071639,Right,UNI_PIK,"Reynolds, Kolton",10290027,Right,TEN_WES,Undefined,8,Bottom,2,2,1,Cutter,Slider,BallCalled,Undefined,Undefined,Undefined,0,0,,78.19517,0.866705,0.112474,2195.616705,111.935328,9:45,5.68182,2.08987,6.52001,-38.93097,6.08941,-11.30127,3.23287,1.2513,71.01376,-6.453633,-1.941227,0.482921,,,,,,,,,,,,5.90323,3.42347,-2.09355,50,5.72591,0.17525,-113.60023,0.6496,7.62422,23.07447,-27.7525,TEN_WES,UNI_PIK,JackBowlingField,NAIA,NAIA,20260313-JackBowlingField-1,a15f00a0-1f3d-11f1-9965-8dd811638774,78.05097,,,7.18141,,,,,,,295b43c0-2fb4-429e-a1d1-ef411f70d0c1,2026-03-14,00:34:57.94,2026-03-13T20:34:57.9430000-04:00,2026-03-14T00:34:57.9430000Z,,v3,10044917,,,"Brook, Tyler",1000078727,Right,UNI_PIK,524ee17a-c2eb-4143-b3b3-8fe71662b356,53.97771,-114.40533,11.53723,5.68635,1.61792,-13.87625,-2.09502,-0.09077,3.81211,,,,,,,,,,,,,,,,,,,,,,,,,,,,,,,,,,,,,,,,,,,,,,,,,,,High,High,High,,,,,,,,,,,,,,,,,,,,,,,,,,,,,,,,,,,,,,,
304,2026-03-13,20:35:10.13,3,5,"Berry, Isaac",10071639,Right,UNI_PIK,"Reynolds, Kolton",10290027,Right,TEN_WES,Undefined,8,Bottom,2,3,1,Slider,Curveball,BallCalled,Walk,Undefined,Undefined,0,0,,74.18747,2.023423,-0.103787,2046.826648,50.875181,7:45,5.51447,2.12647,6.28213,-54.00389,-3.50697,-6.41469,2.8799,1.49626,67.5351,-8.006118,-1.264694,0.511451,,,,,,,,,,,,3.32697,-2.045,-2.11569,50,5.63758,0.40594,-107.75655,2.29914,3.86262,20.92125,-34.5483,TEN_WES,UNI_PIK,JackBowlingField,NAIA,NAIA,20260313-JackBowlingField-1,a8a46c10-1f3d-11f1-9965-8dd811638774,73.69708,,,6.65237,,,,,,,295b43c0-2fb4-429e-a1d1-ef411f70d0c1,2026-03-14,00:35:10.13,2026-03-13T20:35:10.1300000-04:00,2026-03-14T00:35:10.1300000Z,,v3,10044917,,,"Brook, Tyler",1000078727,Right,UNI_PIK,4cf63795-8857-4672-8a3f-8ee189cce2d3,54.21979,-108.57275,10.46063,5.52159,3.64696,-17.27415,-2.12859,0.25525,1.93131,,,,,,,,,,,,,,,,,,,,,,,,,,,,,,,,,,,,,,,,,,,,,,,,,,,High,High,High,,,,,,,,,,,,,,,,,,,,,,,,,,,,,,,,,,,,,,,
305,2026-03-13,20:35:39.24,4,1,"Berry, Isaac",10071639,Right,UNI_PIK,"Espinoza, Brayan",1000072839,Right,TEN_WES,Undefined,8,Bottom,2,0,0,Cutter,Slider,BallinDirt,Undefined,Undefined,Undefined,0,0,,80.16346,-1.403892,-2.67395,2275.155473,94.541177,9:15,5.61548,2.09192,6.79519,-40.12419,2.35579,-11.76603,0.98876,-1.33097,73.34691,-8.897759,-4.820957,0.469098,,,,,,,,,,,,5.33335,2.19976,-1.91524,50,5.51047,5.84243,-116.38536,-3.95516,7.22772,24.28558,-29.19292,TEN_WES,UNI_PIK,JackBowlingField,NAIA,NAIA,20260313-JackBowlingField-1,b9fd08f0-1f3d-11f1-9965-8dd811638774,80.35089,,,6.81655,,,,,,,295b43c0-2fb4-429e-a1d1-ef411f70d0c1,2026-03-14,00:35:39.24,2026-03-13T20:35:39.2450000-04:00,2026-03-14T00:35:39.2450000Z,,v3,10044917,,,"Brook, Tyler",1000078727,Right,UNI_PIK,484ddb0f-7805-4f34-84c7-7c55ee0e6206,53.70308,-117.15552,12.14279,5.62122,-3.02938,-14.59646,-2.09688,5.61323,3.61386,,,,,,,,,,,,,,,,,,,,,,,,,,,,,,,,,,,,,,,,,,,,,,,,,,,High,High,High,,,,,,,,,,,,,,,,,,,,,,,,,,,,,,,,,,,,,,,
306,2026-03-13,20:35:56.47,4,2,"Berry, Isaac",10071639,Right,UNI_PIK,"Espinoza, Brayan",1000072839,Right,TEN_WES,Undefined,8,Bottom,2,1,0,Slider,Curveball,StrikeCalled,Undefined,Undefined,Undefined,0,0,,75.63168,0.432692,-1.859534,2146.672918,52.227199,7:45,5.64382,2.0408,6.44283,-50.79979,-2.72721,-5.52229,1.80832,-0.1287,69.40568,-8.98908,-2.862036,0.499023,,,,,,,,,,,,2.32378,-1.0561,-1.90656,50,5.65242,3.7532,-109.91391,-0.59306,2.82159,20.83692,-33.4564,TEN_WES,UNI_PIK,JackBowlingField,NAIA,NAIA,20260313-JackBowlingField-1,c4477700-1f3d-11f1-9965-8dd811638774,75.53254,,,6.226,,,,,,,295b43c0-2fb4-429e-a1d1-ef411f70d0c1,2026-03-14,00:35:56.47,2026-03-13T20:35:56.4760000-04:00,2026-03-14T00:35:56.4760000Z,,v3,10044917,,,"Brook, Tyler",1000078727,Right,UNI_PIK,984c8161-c7c7-41f5-bea5-99501e968186,54.05805,-110.68054,10.41846,5.65159,0.63786,-16.7282,-2.04273,3.64938,1.4108,,,,,,,,,,,,,,,,,,,,,,,,,,,,,,,,,,,,,,,,,,,,,,,,,,,High,High,High,,,,,,,,,,,,,,,,,,,,,,,,,,,,,,,,,,,,,,,
307,2026-03-13,20:36:13.50,4,3,"Berry, Isaac",10071639,Right,UNI_PIK,"Espinoza, Brayan",1000072839,Right,TEN_WES,Undefined,8,Bottom,2,1,1,Slider,Curveball,StrikeCalled,Undefined,Undefined,Undefined,0,0,,74.45363,1.35926,-2.422115,2200.527558,33.271544,7:00,5.61032,1.98989,6.51096,-58.8405,-9.19831,-7.09717,1.95569,-0.82564,68.25418,-9.538657,-3.711276,0.507104,,,,,,,,,,,,2.94933,-4.66299,-1.81813,50,5.68111,4.81007,-108.16322,0.92251,3.45727,20.71687,-37.64012,TEN_WES,UNI_PIK,JackBowlingField,NAIA,NAIA,20260313-JackBowlingField-1,ce70a170-1f3d-11f1-9965-8dd811638774,74.32881,,,6.19946,,,,,,,295b43c0-2fb4-429e-a1d1-ef411f70d0c1,2026-03-14,00:36:13.50,2026-03-13T20:36:13.5070000-04:00,2026-03-14T00:36:13.5070000Z,,v3,10044917,,,"Brook, Tyler",1000078727,Right,UNI_PIK,a10861ee-dfad-416f-98cb-dda419dfa29a,53.99124,-108.92499,10.35844,5.62174,2.30657,-18.82006,-1.99267,4.68294,1.72864,,,,,,,,,,,,,,,,,,,,,,,,,,,,,,,,,,,,,,,,,,,,,,,,,,,High,High,High,,,,,,,,,,,,,,,,,,,,,,,,,,,,,,,,,,,,,,,
308,2026-03-13,20:36:30.04,4,4,"Berry, Isaac",10071639,Right,UNI_PIK,"Espinoza, Brayan",1000072839,Right,TEN_WES,Undefined,8,Bottom,2,1,2,Fastball,Slider,InPlay,Undefined,LineDrive,Out,1,0,,83.73159,-1.213992,-2.644236,2196.837593,193.754136,12:30,5.73333,1.7127,7.00568,-30.24427,8.40934,1.72921,2.10803,-0.54869,76.02954,-6.959776,-2.327487,0.447473,95.62875,16.103332,14.637044,3011.14391,104.06753,24.31193,35.63584,276.28277,263.91564,24.433014,2.758377,-1.76795,5.2726,-1.55143,50,5.64907,5.55821,-121.61007,-3.35225,-2.61102,26.92139,-24.38711,TEN_WES,UNI_PIK,JackBowlingField,NAIA,NAIA,20260313-JackBowlingField-1,d83d2cf0-1f3d-11f1-9965-8dd811638774,84.23406,26.32173,,7.70205,,,,0.42859,2.03143,0.6019,295b43c0-2fb4-429e-a1d1-ef411f70d0c1,2026-03-14,00:36:30.04,2026-03-13T20:36:30.0460000-04:00,2026-03-14T00:36:30.0460000Z,LineDrive,v3,10044917,,,"Brook, Tyler",1000078727,Right,UNI_PIK,70a26d6d-58d0-4e09-8adb-3fe4d47d7165,53.49352,-122.381,13.4607,5.73507,-2.65389,-12.19356,-1.71167,5.63298,-1.30551,244.95916,0.42864,130.37673,-21.84732,4.3233,-0.77195,0.06781,0.01238,-0.0056,0.00065,2.03139,38.9043,-16.73261,0.99437,-0.09673,0.04112,-0.01909,0.00537,-0.00059,0.60189,34.05157,6.90053,-3.08705,0.94627,-0.22634,0.04288,-0.00541,0.00032,,,,,,,,,,,,,,,,,,,,,,,High,High,High,High,High,,,,,,,,,,,,,,,,,,,,,,,,,,,,,,,,,,,,,
309,2026-03-13,20:38:28.24,1,1,"Williams, Isaiah",10053661,Left,TEN_WES,"Paulino, Riley",1000250747,Left,UNI_PIK,Undefined,9,Top,0,0,0,Fastball,Sinker,BallCalled,Undefined,Undefined,Undefined,0,0,,87.27244,-1.597517,5.414391,2230.565958,127.604773,10:15,6.45796,-2.58098,5.89246,-24.18852,12.99902,-15.21249,2.95193,1.19357,79.24924,-6.131029,2.700683,0.438904,,,,,,,,,,,,9.30115,7.49831,2.15191,50,6.31485,-11.30542,-126.11588,-4.29624,14.89826,26.9574,-20.1635,TEN_WES,UNI_PIK,JackBowlingField,NAIA,NAIA,20260313-JackBowlingField-1,1ebad470-1f3e-11f1-9965-8dd811638774,85.87846,,,8.0232,,,,,,,295b43c0-2fb4-429e-a1d1-ef411f70d0c1,2026-03-14,00:38:28.24,2026-03-13T20:38:28.2410000-04:00,2026-03-14T00:38:28.2410000Z,,v3,10044917,,,"Tolson, Jacob",10035532,Right,TEN_WES,ffd1714d-b735-4476-9dc5-6b7cd0ed71fa,54.60554,-127.0965,13.4787,6.4578,-3.56275,-10.08175,2.57302,-11.84737,7.44913,,,,,,,,,,,,,,,,,,,,,,,,,,,,,,,,,,,,,,,,,,,,,,,,,,,High,High,High,,,,,,,,,,,,,,,,,,,,,,,,,,,,,,,,,,,,,,,
310,2026-03-13,20:38:40.56,1,2,"Williams, Isaiah",10053661,Left,TEN_WES,"Paulino, Riley",1000250747,Left,UNI_PIK,Undefined,9,Top,0,1,0,Fastball,Four-Seam,BallCalled,Undefined,Undefined,Undefined,0,0,,86.5884,-1.117731,4.532617,2102.32633,146.121327,10:45,6.51503,-2.56528,5.93939,-22.37281,15.18028,-9.3465,3.61036,0.86944,78.75783,-5.33262,2.861642,0.441057,,,,,,,,,,,,6.06744,8.47201,2.20816,50,6.41303,-9.54461,-125.32727,-3.12642,9.61071,26.29615,-18.7545,TEN_WES,UNI_PIK,JackBowlingField,NAIA,NAIA,20260313-JackBowlingField-1,260a7910-1f3e-11f1-9965-8dd811638774,85.45943,,,7.83057,,,,,,,295b43c0-2fb4-429e-a1d1-ef411f70d0c1,2026-03-14,00:38:40.56,2026-03-13T20:38:40.5630000-04:00,2026-03-14T00:38:40.5630000Z,,v3,10044917,,,"Tolson, Jacob",10035532,Right,TEN_WES,1c4f21ea-1b1c-4d8a-b493-0fb13471d699,54.55816,-126.28004,13.14808,6.51399,-2.4469,-9.37725,2.56029,-9.89283,4.80536,,,,,,,,,,,,,,,,,,,,,,,,,,,,,,,,,,,,,,,,,,,,,,,,,,,High,High,High,,,,,,,,,,,,,,,,,,,,,,,,,,,,,,,,,,,,,,,
311,2026-03-13,20:38:55.13,1,3,"Williams, Isaiah",10053661,Left,TEN_WES,"Paulino, Riley",1000250747,Left,UNI_PIK,Undefined,9,Top,0,2,0,Fastball,Sinker,StrikeCalled,Undefined,Undefined,Undefined,0,0,,87.16241,-1.979256,4.976715,2142.679014,135.063022,10:30,6.45522,-2.50914,5.87064,-23.02765,14.12946,-12.86178,2.69008,1.05346,79.46917,-6.293213,2.68113,0.438725,,,,,,,,,,,,7.96024,8.15682,2.11266,50,6.28104,-10.43714,-126.05898,-5.0928,12.78077,26.15166,-19.0777,TEN_WES,UNI_PIK,JackBowlingField,NAIA,NAIA,20260313-JackBowlingField-1,2ebb0d40-1f3e-11f1-9965-8dd811638774,85.91358,,,7.69323,,,,,,,295b43c0-2fb4-429e-a1d1-ef411f70d0c1,2026-03-14,00:38:55.13,2026-03-13T20:38:55.1310000-04:00,2026-03-14T00:38:55.1310000Z,,v3,10044917,,,"Tolson, Jacob",10035532,Right,TEN_WES,ee2c227b-47db-4893-af36-938901543933,54.62816,-127.01549,13.07583,6.45455,-4.39502,-9.53885,2.50295,-10.9046,6.39039,,,,,,,,,,,,,,,,,,,,,,,,,,,,,,,,,,,,,,,,,,,,,,,,,,,High,High,High,,,,,,,,,,,,,,,,,,,,,,,,,,,,,,,,,,,,,,,
312,2026-03-13,20:39:08.25,1,4,"Williams, Isaiah",10053661,Left,TEN_WES,"Paulino, Riley",1000250747,Left,UNI_PIK,Undefined,9,Top,0,2,1,Fastball,Sinker,BallCalled,Undefined,Undefined,Undefined,0,0,,87.14593,-2.836164,5.19479,2165.16082,128.520112,10:15,6.54108,-2.54055,5.87462,-23.73619,13.42174,-15.31851,1.91579,1.02113,79.68068,-7.26441,2.460416,0.43873,,,,,,,,,,,,9.2704,8.02835,2.12816,50,6.29687,-10.81614,-125.95914,-7.01714,14.88884,25.6588,-19.27998,TEN_WES,UNI_PIK,JackBowlingField,NAIA,NAIA,20260313-JackBowlingField-1,368f4b30-1f3e-11f1-9965-8dd811638774,85.91268,,,7.46525,,,,,,,295b43c0-2fb4-429e-a1d1-ef411f70d0c1,2026-03-14,00:39:08.25,2026-03-13T20:39:08.2510000-04:00,2026-03-14T00:39:08.2510000Z,,v3,10044917,,,"Tolson, Jacob",10035532,Right,TEN_WES,a50e1c91-0f5f-455a-acae-aa07a54a95d6,54.62534,-126.89786,12.8294,6.54069,-6.31178,-9.63999,2.53383,-11.36084,7.44442,,,,,,,,,,,,,,,,,,,,,,,,,,,,,,,,,,,,,,,,,,,,,,,,,,,High,High,High,,,,,,,,,,,,,,,,,,,,,,,,,,,,,,,,,,,,,,,
313,2026-03-13,20:39:24.71,1,5,"Williams, Isaiah",10053661,Left,TEN_WES,"Paulino, Riley",1000250747,Left,UNI_PIK,Undefined,9,Top,0,3,1,Fastball,Four-Seam,FoulBallNotFieldable,Undefined,Undefined,Undefined,0,0,,87.62402,-2.7664,4.963609,2014.442434,141.038796,10:45,6.31897,-2.72077,5.97581,-22.42789,14.19501,-10.50012,1.87376,1.01724,80.07227,-6.966358,3.085885,0.43556,70.42591,11.681445,-164.678257,3578.525754,,,,108.60662,27.4588,-163.232479,1.201645,6.82512,8.44386,2.33308,50,6.08672,-10.58012,-126.71072,-6.83699,11.0757,26.33807,-18.47143,TEN_WES,UNI_PIK,JackBowlingField,NAIA,NAIA,20260313-JackBowlingField-1,40559520-1f3e-11f1-9965-8dd811638774,86.53796,7.45579,,7.55174,,,,2.93802,1.83999,-1.13937,295b43c0-2fb4-429e-a1d1-ef411f70d0c1,2026-03-14,00:39:24.71,2026-03-13T20:39:24.7190000-04:00,2026-03-14T00:39:24.7190000Z,GroundBall,v3,10044917,,,"Tolson, Jacob",10035532,Right,TEN_WES,790ce490-b1ad-4ff6-a395-e1e2b72b1b20,54.52453,-127.64773,13.16904,6.31826,-6.17985,-9.23572,2.71649,-10.97414,5.53785,,2.90211,-97.13917,6.83274,,,,,,,1.92843,19.9116,-17.9624,,,,,,,-1.14089,-26.70941,1.31947,,,,,,,,,,,,,,,,,,,,,,,,,,,,,High,High,High,High,Low,,,,,,,,,,,,,,,,,,,,,,,,,,,,,,,,,,,,,
314,2026-03-13,20:39:40.07,1,6,"Williams, Isaiah",10053661,Left,TEN_WES,"Paulino, Riley",1000250747,Left,UNI_PIK,Undefined,9,Top,0,3,2,Fastball,Sinker,FoulBallNotFieldable,Undefined,Undefined,Undefined,0,0,,88.56852,-4.189873,4.538682,2080.111274,138.062172,10:30,6.50866,-2.50706,5.66107,-17.15942,19.98332,-16.59261,1.15222,0.35158,79.12791,-7.481365,1.585059,0.43864,55.76834,-45.530295,164.764585,,,,,0.72585,0.88713,-1.460394,0.020745,9.99363,12.0189,2.13309,50,6.14215,-9.40005,-127.60012,-9.86383,16.07832,32.16947,-12.83735,TEN_WES,UNI_PIK,JackBowlingField,NAIA,NAIA,20260313-JackBowlingField-1,497f9f10-1f3e-11f1-9965-8dd811638774,85.9302,1.21428,,9.44061,,,,1.87573,1.21428,-0.33174,295b43c0-2fb4-429e-a1d1-ef411f70d0c1,2026-03-14,00:39:40.07,2026-03-13T20:39:40.0760000-04:00,2026-03-14T00:39:40.0760000Z,GroundBall,v3,10044917,,,"Tolson, Jacob",10035532,Right,TEN_WES,ba78edc6-911a-4b9d-91fa-e4e324b470f6,54.83605,-128.81357,16.08473,6.50508,-9.3796,-6.41867,2.4991,-10.00653,8.03916,,1.87625,-55.44193,,,,,,,,1.21484,-58.53509,,,,,,,,-0.33189,15.10005,,,,,,,,,,,,,,,,,,,,,,,,,,,,,,High,High,High,Estimated,Estimated,,,,,,,,,,,,,,,,,,,,,,,,,,,,,,,,,,,,,
315,2026-03-13,20:40:05.05,1,7,"Williams, Isaiah",10053661,Left,TEN_WES,"Paulino, Riley",1000250747,Left,UNI_PIK,Undefined,9,Top,0,3,2,Fastball,Sinker,FoulBallNotFieldable,Undefined,Undefined,Undefined,0,0,,87.03037,-2.082115,2.849749,2100.948887,134.802108,10:30,6.56992,-2.78268,5.625,-21.36667,16.56001,-15.25544,2.84315,-1.39249,78.40069,-6.117543,0.127825,0.443245,48.4252,29.419383,-145.93904,5357.032922,,,,100.62129,31.81727,-154.528893,1.898817,8.79437,9.50599,2.55015,50,6.37894,-5.64018,-126.01084,-5.25744,13.89524,29.74652,-17.15447,TEN_WES,UNI_PIK,JackBowlingField,NAIA,NAIA,20260313-JackBowlingField-1,585e8960-1f3e-11f1-9965-8dd811638774,85.03752,17.53679,,8.62968,,,,1.08194,2.63021,1.517,295b43c0-2fb4-429e-a1d1-ef411f70d0c1,2026-03-14,00:40:05.05,2026-03-13T20:40:05.0550000-04:00,2026-03-14T00:40:05.0550000Z,LineDrive,v3,10044917,,,"Tolson, Jacob",10035532,Right,TEN_WES,f3cedb83-9c80-40af-bb2c-34669f572260,54.87561,-127.15659,14.87326,6.56872,-4.5967,-8.57723,2.77769,-6.17538,6.94762,57.390925,1.08194,-51.25136,2.37204,-0.53803,0.00114,0.04758,-0.02672,0.00931,-0.00142,2.63021,34.88658,-21.84316,1.8431,-0.21959,-0.01334,0.02033,-0.00882,0.00165,1.51699,-34.64873,10.17065,-3.37953,0.78452,-0.1355,0.00789,0.00428,-0.0008,,,,,,,,,,,,,,,,,,,,,,,High,High,High,High,Low,,,,,,,,,,,,,,,,,,,,,,,,,,,,,,,,,,,,,
316,2026-03-13,20:40:18.57,1,8,"Williams, Isaiah",10053661,Left,TEN_WES,"Paulino, Riley",1000250747,Left,UNI_PIK,Undefined,9,Top,0,3,2,Fastball,Sinker,FoulBallNotFieldable,Undefined,Undefined,Undefined,0,0,,88.96173,-2.85697,3.570953,2043.799794,136.446703,10:30,6.6095,-2.41699,5.785,-19.0295,17.11241,-14.9882,2.35829,-0.33939,80.16989,-6.471722,0.891691,0.43269,65.613,32.568648,-63.263987,5514.189774,37.78242,39.8798,-103.30771,190.01273,75.05625,-75.716543,3.227196,8.79268,10.0315,2.13141,50,6.36218,-7.38148,-128.64894,-7.00563,14.50738,30.54915,-15.62273,TEN_WES,UNI_PIK,JackBowlingField,NAIA,NAIA,20260313-JackBowlingField-1,60adc3b0-1f3e-11f1-9965-8dd811638774,87.11185,40.10875,,8.79185,,,,0.5754,2.4127,0.29401,295b43c0-2fb4-429e-a1d1-ef411f70d0c1,2026-03-14,00:40:18.57,2026-03-13T20:40:18.5730000-04:00,2026-03-14T00:40:18.5730000Z,FlyBall,v3,10044917,,,"Tolson, Jacob",10035532,Right,TEN_WES,46fcd7fc-9561-489d-96d7-7e548c286106,54.7133,-129.76334,15.27457,6.60734,-6.43574,-7.81136,2.41033,-7.91069,7.25369,,0.57534,36.4868,-11.34163,2.29806,-0.45249,0.07633,-0.00564,-0.00128,0.00024,2.41297,51.794,-20.01865,1.92871,-0.36738,0.08196,-0.03127,0.00832,-0.00083,0.29402,-72.42947,8.29535,-1.79036,0.35057,-0.07374,0.01373,-0.00136,3E-05,,,,,,,,,,,,,,,,,,,,,,,High,High,High,High,Low,,,,,,,,,,,,,,,,,,,,,,,,,,,,,,,,,,,,,
317,2026-03-13,20:40:35.27,1,9,"Williams, Isaiah",10053661,Left,TEN_WES,"Paulino, Riley",1000250747,Left,UNI_PIK,Undefined,9,Top,0,3,2,Fastball,Sinker,BallCalled,Walk,Undefined,Undefined,0,0,,89.24871,-2.795404,4.967526,2098.237019,144.069777,10:45,6.58564,-2.30323,5.8888,-15.26591,20.87017,-14.08272,2.70592,1.14745,79.72948,-5.76573,2.454183,0.432655,,,,,,,,,,,,8.79934,11.97138,1.90942,50,6.3505,-10.56095,-128.72509,-6.69074,14.44673,32.08136,-12.51946,TEN_WES,UNI_PIK,JackBowlingField,NAIA,NAIA,20260313-JackBowlingField-1,6a6826c0-1f3e-11f1-9965-8dd811638774,87.11887,,,9.51923,,,,,,,295b43c0-2fb4-429e-a1d1-ef411f70d0c1,2026-03-14,00:40:35.27,2026-03-13T20:40:35.2770000-04:00,2026-03-14T00:40:35.2770000Z,,v3,10044917,,,"Tolson, Jacob",10035532,Right,TEN_WES,f02d990a-a378-4f8f-a1e3-558442a9abbb,54.60597,-129.86793,16.04068,6.5809,-6.24476,-6.25973,2.2948,-11.07559,7.22337,,,,,,,,,,,,,,,,,,,,,,,,,,,,,,,,,,,,,,,,,,,,,,,,,,,High,High,High,,,,,,,,,,,,,,,,,,,,,,,,,,,,,,,,,,,,,,,
318,2026-03-13,20:41:15.84,2,1,"Williams, Isaiah",10053661,Left,TEN_WES,"Subero, Francis",10157150,Right,UNI_PIK,Undefined,9,Top,0,0,0,Fastball,Four-Seam,BallCalled,Undefined,Undefined,Undefined,0,0,,86.47448,-0.221076,3.797472,2013.303617,147.482825,11:00,6.47178,-2.27176,5.99099,-18.23009,19.56481,-11.60981,4.74727,0.28533,77.89259,-3.728898,1.716876,0.442474,,,,,,,,,,,,7.08611,10.4654,1.97794,50,6.4442,-7.82057,-125.20139,-0.96533,11.10866,28.19551,-15.76779,TEN_WES,UNI_PIK,JackBowlingField,NAIA,NAIA,20260313-JackBowlingField-1,82971990-1f3e-11f1-9965-8dd811638774,85.18561,,,8.58189,,,,,,,295b43c0-2fb4-429e-a1d1-ef411f70d0c1,2026-03-14,00:41:15.84,2026-03-13T20:41:15.8400000-04:00,2026-03-14T00:41:15.8400000Z,,v3,10044917,,,"Tolson, Jacob",10035532,Right,TEN_WES,fd7a2d42-cc10-4ce1-abca-547580eba73a,54.505,-126.21184,14.09776,6.46867,-0.40026,-7.8839,2.26535,-8.21867,5.55433,,,,,,,,,,,,,,,,,,,,,,,,,,,,,,,,,,,,,,,,,,,,,,,,,,,High,High,High,,,,,,,,,,,,,,,,,,,,,,,,,,,,,,,,,,,,,,,
319,2026-03-13,20:41:29.97,2,2,"Williams, Isaiah",10053661,Left,TEN_WES,"Subero, Francis",10157150,Right,UNI_PIK,Undefined,9,Top,0,1,0,Fastball,Four-Seam,StrikeSwinging,Undefined,Undefined,Undefined,0,0,,87.40489,-2.895998,3.483912,2085.609698,143.343204,10:45,6.32128,-2.55887,5.98692,-18.20221,18.85284,-13.02402,2.11303,-0.41116,78.97823,-6.375674,1.147168,0.438122,,,,,,,,,,,,7.72607,10.95879,2.29049,50,6.08209,-7.14903,-126.45265,-6.90699,12.35542,28.75771,-14.6489,TEN_WES,UNI_PIK,JackBowlingField,NAIA,NAIA,20260313-JackBowlingField-1,8b00b9b0-1f3e-11f1-9965-8dd811638774,86.03181,,,8.42665,,,,,,,295b43c0-2fb4-429e-a1d1-ef411f70d0c1,2026-03-14,00:41:29.97,2026-03-13T20:41:29.9720000-04:00,2026-03-14T00:41:29.9720000Z,,v3,10044917,,,"Tolson, Jacob",10035532,Right,TEN_WES,76f7d51f-f5fe-4985-b60e-2a0be4f8c3ae,54.51001,-127.47418,14.37886,6.3182,-6.38662,-7.32445,2.55223,-7.58792,6.17771,,,,,,,,,,,,,,,,,,,,,,,,,,,,,,,,,,,,,,,,,,,,,,,,,,,High,High,High,,,,,,,,,,,,,,,,,,,,,,,,,,,,,,,,,,,,,,,
320,2026-03-13,20:41:43.95,2,3,"Williams, Isaiah",10053661,Left,TEN_WES,"Subero, Francis",10157150,Right,UNI_PIK,Undefined,9,Top,0,1,1,Fastball,Sinker,BallCalled,Undefined,Undefined,Undefined,0,0,,87.18037,-3.428235,2.579597,2005.242881,140.46397,10:45,6.41128,-2.54093,5.82999,-19.7467,17.90926,-13.59576,1.57183,-1.27433,78.47307,-7.179032,0.143456,0.44166,,,,,,,,,,,,7.69721,10.65355,2.33779,50,6.11925,-5.08575,-126.04567,-8.1279,12.16522,29.8245,-15.3364,TEN_WES,UNI_PIK,JackBowlingField,NAIA,NAIA,20260313-JackBowlingField-1,93552420-1f3e-11f1-9965-8dd811638774,85.34263,,,8.70729,,,,,,,295b43c0-2fb4-429e-a1d1-ef411f70d0c1,2026-03-14,00:41:43.95,2026-03-13T20:41:43.9530000-04:00,2026-03-14T00:41:43.9530000Z,,v3,10044917,,,"Tolson, Jacob",10035532,Right,TEN_WES,fbad126a-a98a-4a54-97aa-1a4cab8eb186,54.66511,-127.14472,14.91225,6.40835,-7.56274,-7.6682,2.53346,-5.53405,6.08261,,,,,,,,,,,,,,,,,,,,,,,,,,,,,,,,,,,,,,,,,,,,,,,,,,,High,High,High,,,,,,,,,,,,,,,,,,,,,,,,,,,,,,,,,,,,,,,
321,2026-03-13,20:42:00.13,2,4,"Williams, Isaiah",10053661,Left,TEN_WES,"Subero, Francis",10157150,Right,UNI_PIK,Undefined,9,Top,0,2,1,Fastball,Changeup,InPlay,Undefined,Bunt,Sacrifice,1,0,,87.00918,-1.027777,3.169338,2016.982186,118.658988,10:00,6.43694,-2.52285,6.03228,-25.33505,11.90737,-19.33155,3.37235,-1.19583,78.559,-5.802078,-0.305994,0.439228,,,,,,,,,,,,11.00571,6.83945,2.28564,50,6.34291,-6.20268,-126.12408,-3.04967,17.47197,29.10565,-21.31619,TEN_WES,UNI_PIK,JackBowlingField,NAIA,NAIA,20260313-JackBowlingField-1,9cf0dba0-1f3e-11f1-9965-8dd811638774,85.81514,,,8.45018,,,,,,,295b43c0-2fb4-429e-a1d1-ef411f70d0c1,2026-03-14,00:42:00.13,2026-03-13T20:42:00.1380000-04:00,2026-03-14T00:42:00.1380000Z,,v3,10044917,,,"Tolson, Jacob",10035532,Right,TEN_WES,c52d3026-cbdf-43bf-9ce0-111762de770b,54.46781,-127.15094,14.55283,6.43724,-2.29763,-10.65809,2.51534,-6.8191,8.73598,,,,,,,,,,,,,,,,,,,,,,,,,,,,,,,,,,,,,,,,,,,,,,,,,,,High,High,High,,,,,,,,,,,,,,,,,,,,,,,,,,,,,,,,,,,,,,,
322,2026-03-13,20:42:54.29,3,1,"Williams, Isaiah",10053661,Left,TEN_WES,"Brooks, Noah",1000124173,Right,UNI_PIK,Undefined,9,Top,1,0,0,Fastball,Four-Seam,BallCalled,Undefined,Undefined,Undefined,0,0,,86.99349,0.345648,1.851186,2026.820477,144.575368,10:45,6.45718,-2.4002,6.02976,-18.66733,18.4804,-12.218,5.22185,-1.70339,78.45135,-3.24155,-0.345811,0.43867,,,,,,,,,,,,6.76481,9.72867,2.26147,50,6.47393,-3.55618,-126.16875,0.26021,10.77729,28.46096,-16.67487,TEN_WES,UNI_PIK,JackBowlingField,NAIA,NAIA,20260313-JackBowlingField-1,bdc9fa00-1f3e-11f1-9965-8dd811638774,85.92444,,,8.54215,,,,,,,295b43c0-2fb4-429e-a1d1-ef411f70d0c1,2026-03-14,00:42:54.29,2026-03-13T20:42:54.2940000-04:00,2026-03-14T00:42:54.2940000Z,,v3,10044917,,,"Tolson, Jacob",10035532,Right,TEN_WES,c4c43fb5-4bd7-4c67-9ea2-fa196c79b0ea,54.46561,-127.17211,14.23048,6.4544,0.84806,-8.33743,2.39353,-3.93613,5.38865,,,,,,,,,,,,,,,,,,,,,,,,,,,,,,,,,,,,,,,,,,,,,,,,,,,High,High,High,,,,,,,,,,,,,,,,,,,,,,,,,,,,,,,,,,,,,,,
323,2026-03-13,20:43:57.92,3,2,"Williams, Isaiah",10053661,Left,TEN_WES,"Brooks, Noah",1000124173,Right,UNI_PIK,Undefined,9,Top,1,1,0,Fastball,,BallCalled,Undefined,Undefined,Undefined,0,0,,,,,,,,,,,,,,,,,,,,,,,,,,,,,,,,,,,,,,,,,,TEN_WES,UNI_PIK,JackBowlingField,NAIA,NAIA,20260313-JackBowlingField-1,d953feb0-1f3e-11f1-9965-8dd811638774,,,,,,,,,,,295b43c0-2fb4-429e-a1d1-ef411f70d0c1,2026-03-14,00:43:57.92,2026-03-13T20:43:57.9290000-04:00,2026-03-14T00:43:57.9290000Z,,v3,10044917,,,"Tolson, Jacob",10035532,Right,TEN_WES,7bf58722-6957-4ace-8b30-2b2feb2990ea,,,,,,,,,,,,,,,,,,,,,,,,,,,,,,,,,,,,,,,,,,,,,,,,,,,,,,,,,,,,,,,,,,,,,,,,,,,,,,,,,,,,,,,,,,,,,,,,,,,,,
324,2026-03-13,20:43:58.92,3,3,"Williams, Isaiah",10053661,Left,TEN_WES,"Brooks, Noah",1000124173,Right,UNI_PIK,Undefined,9,Top,1,2,0,Fastball,,BallCalled,Undefined,Undefined,Undefined,0,0,,,,,,,,,,,,,,,,,,,,,,,,,,,,,,,,,,,,,,,,,,TEN_WES,UNI_PIK,JackBowlingField,NAIA,NAIA,20260313-JackBowlingField-1,59172e30-1f42-11f1-87bf-9b2c70093f87,,,,,,,,,,,295b43c0-2fb4-429e-a1d1-ef411f70d0c1,2026-03-14,00:43:58.92,2026-03-13T20:43:58.9290000-04:00,2026-03-14T00:43:58.9290000Z,,v3,10044917,,,"Tolson, Jacob",10035532,Right,TEN_WES,59170720-1f42-11f1-87bf-9b2c70093f87,,,,,,,,,,,,,,,,,,,,,,,,,,,,,,,,,,,,,,,,,,,,,,,,,,,,,,,,,,,,,,,,,,,,,,,,,,,,,,,,,,,,,,,,,,,,,,,,,,,,,
325,2026-03-13,20:43:59.92,3,4,"Williams, Isaiah",10053661,Left,TEN_WES,"Brooks, Noah",1000124173,Right,UNI_PIK,Undefined,9,Top,1,3,0,Fastball,,BallCalled,Walk,Undefined,Undefined,0,0,,,,,,,,,,,,,,,,,,,,,,,,,,,,,,,,,,,,,,,,,,TEN_WES,UNI_PIK,JackBowlingField,NAIA,NAIA,20260313-JackBowlingField-1,e0507a41-1f3e-11f1-9965-8dd811638774,,,,,,,,,,,295b43c0-2fb4-429e-a1d1-ef411f70d0c1,2026-03-14,00:43:59.92,2026-03-13T20:43:59.9290000-04:00,2026-03-14T00:43:59.9290000Z,,v3,10044917,,,"Tolson, Jacob",10035532,Right,TEN_WES,e0507a40-1f3e-11f1-9965-8dd811638774,,,,,,,,,,,,,,,,,,,,,,,,,,,,,,,,,,,,,,,,,,,,,,,,,,,,,,,,,,,,,,,,,,,,,,,,,,,,,,,,,,,,,,,,,,,,,,,,,,,,,
326,2026-03-13,20:44:00.92,4,1,"Williams, Isaiah",10053661,Left,TEN_WES,"Sutton, Reed",10249906,Left,UNI_PIK,Undefined,9,Top,1,0,0,Fastball,Four-Seam,StrikeSwinging,Undefined,Undefined,Undefined,0,0,,88.40719,-2.191588,4.500345,2180.840391,141.146591,10:45,6.48122,-2.26042,5.93472,-18.40292,17.98155,-13.40528,2.90709,0.80632,79.67351,-5.70886,2.10275,0.43414,,,,,,,,,,,,8.22851,10.26772,1.9077,50,6.29531,-9.47832,-127.78429,-5.42433,13.42301,29.62827,-15.42448,TEN_WES,UNI_PIK,JackBowlingField,NAIA,NAIA,20260313-JackBowlingField-1,e4ea26a0-1f3e-11f1-9965-8dd811638774,86.82098,,,8.73368,,,,,,,295b43c0-2fb4-429e-a1d1-ef411f70d0c1,2026-03-14,00:44:00.92,2026-03-13T20:44:00.9290000-04:00,2026-03-14T00:44:00.9290000Z,,v3,10044917,,,"Tolson, Jacob",10035532,Right,TEN_WES,36b859f3-37ee-441a-88c9-0846b6368637,54.56181,-128.83766,14.81413,6.47841,-4.87595,-7.71224,2.25316,-9.95554,6.7115,,,,,,,,,,,,,,,,,,,,,,,,,,,,,,,,,,,,,,,,,,,,,,,,,,,High,High,High,,,,,,,,,,,,,,,,,,,,,,,,,,,,,,,,,,,,,,,
327,2026-03-13,20:44:17.98,4,2,"Williams, Isaiah",10053661,Left,TEN_WES,"Sutton, Reed",10249906,Left,UNI_PIK,Undefined,9,Top,1,0,1,Fastball,Four-Seam,BallCalled,Undefined,Undefined,Undefined,0,0,,88.20058,0.176892,2.436046,2139.627208,151.059494,11:00,6.48413,-2.34987,6.1519,-17.79505,18.16068,-9.34989,5.1648,-0.87684,79.61496,-3.250648,0.75199,0.431574,,,,,,,,,,,,5.52863,9.6576,2.16891,50,6.48825,-5.04806,-127.91983,-0.07548,9.06155,29.05624,-16.34502,TEN_WES,UNI_PIK,JackBowlingField,NAIA,NAIA,20260313-JackBowlingField-1,ef0b13b0-1f3e-11f1-9965-8dd811638774,87.33712,,,8.58562,,,,,,,295b43c0-2fb4-429e-a1d1-ef411f70d0c1,2026-03-14,00:44:17.98,2026-03-13T20:44:17.9860000-04:00,2026-03-14T00:44:17.9860000Z,,v3,10044917,,,"Tolson, Jacob",10035532,Right,TEN_WES,4264988d-139f-48fe-9ce2-494ed4256e1c,54.34423,-128.90282,14.52812,6.48145,0.47748,-8.17251,2.34488,-5.35462,4.53078,,,,,,,,,,,,,,,,,,,,,,,,,,,,,,,,,,,,,,,,,,,,,,,,,,,High,High,High,,,,,,,,,,,,,,,,,,,,,,,,,,,,,,,,,,,,,,,
328,2026-03-13,20:44:54.89,4,3,"Williams, Isaiah",10053661,Left,TEN_WES,"Sutton, Reed",10249906,Left,UNI_PIK,Undefined,9,Top,1,1,1,Fastball,Sinker,FoulBallFieldable,Undefined,Undefined,Undefined,0,0,,88.22215,-0.963147,3.814881,2171.540937,118.656278,10:00,6.46034,-2.3652,6.09031,-22.8193,13.518,-22.24001,3.66572,-0.68438,79.2133,-5.298981,-0.183408,0.433858,41.25293,58.689747,64.584524,3644.149616,,,,85.22744,74.89198,68.896015,3.011674,12.74587,7.6743,2.08231,50,6.374,-7.60237,-127.76079,-2.8381,20.67439,30.89773,-19.72598,TEN_WES,UNI_PIK,JackBowlingField,NAIA,NAIA,20260313-JackBowlingField-1,050413b0-1f3f-11f1-9965-8dd811638774,86.87733,39.10927,,9.00885,,,,1.83199,3.36195,0.56525,295b43c0-2fb4-429e-a1d1-ef411f70d0c1,2026-03-14,00:44:54.89,2026-03-13T20:44:54.8960000-04:00,2026-03-14T00:44:54.8960000Z,Popup,v3,10044917,,,"Tolson, Jacob",10035532,Right,TEN_WES,f3e8f3df-f2f3-409f-a11a-fae212f4ca78,54.40919,-128.8227,15.44886,6.45989,-2.16015,-9.86299,2.3558,-8.31291,10.3372,212.034801,1.83083,13.53492,-4.22424,2.28096,-1.06528,0.4418,-0.11365,0.01268,-0.00021,3.35913,51.80949,-21.39572,4.03146,-3.50044,2.36337,-0.91641,0.1811,-0.01422,0.56515,28.39922,-1.69364,0.3966,0.20321,-0.28596,0.1481,-0.03632,0.00343,,,,,,,,,,,,,,,,,,,,,,,High,High,High,High,Medium,,,,,,,,,,,,,,,,,,,,,,,,,,,,,,,,,,,,,
329,2026-03-13,20:45:24.90,4,4,"Williams, Isaiah",10053661,Left,TEN_WES,"Sutton, Reed",10249906,Left,UNI_PIK,Undefined,9,Top,1,1,2,Fastball,Sinker,InPlay,Undefined,Popup,Out,1,0,,88.98329,-1.702593,3.771619,2080.043487,130.123714,10:15,6.52512,-2.24049,6.13088,-21.08017,14.29985,-15.50284,3.19079,-0.04111,80.64321,-5.698746,0.983144,0.428105,45.02634,68.566515,4.126482,,,,,64.27792,63.06024,7.333021,3.669432,9.16044,8.26619,1.95986,50,6.38382,-7.86271,-128.92283,-4.46884,15.27444,29.12726,-18.39074,TEN_WES,UNI_PIK,JackBowlingField,NAIA,NAIA,20260313-JackBowlingField-1,16ed57d0-1f3f-11f1-9965-8dd811638774,88.04481,55.44032,,8.34008,,,,1.14829,3.16394,0.03654,295b43c0-2fb4-429e-a1d1-ef411f70d0c1,2026-03-14,00:45:24.90,2026-03-13T20:45:24.9020000-04:00,2026-03-14T00:45:24.9020000Z,Popup,v3,10044917,,,"Tolson, Jacob",10035532,Right,TEN_WES,2e6ed9bb-54a2-46e5-9ae8-7a566398b95b,54.36866,-129.90608,14.56363,6.52419,-3.84802,-9.19537,2.23398,-8.37833,7.63722,186.483672,1.14731,24.09077,-5.64849,2.02605,-0.35467,-0.07232,0.07082,-0.01826,0.00162,3.15893,61.62933,-20.97732,3.6374,-2.64476,1.45673,-0.46177,0.07449,-0.00475,0.0375,1.70686,0.93633,-0.76634,0.5161,-0.25729,0.07578,-0.0115,0.00069,,,,,,,,,,,,,,,,,,,,,,,High,High,High,High,High,,,,,,,,,,,,,,,,,,,,,,,,,,,,,,,,,,,,,
330,2026-03-13,20:46:13.68,5,1,"Williams, Isaiah",10053661,Left,TEN_WES,"Melton, Mason",1000110063,Right,UNI_PIK,Undefined,9,Top,2,0,0,Fastball,Four-Seam,StrikeCalled,Undefined,Undefined,Undefined,0,0,,87.95279,-1.739644,3.609426,2217.207783,136.561548,10:30,6.46522,-2.50649,5.93034,-17.86536,18.77588,-16.51528,3.35864,-0.52937,79.29631,-5.166193,0.650076,0.435669,,,,,,,,,,,,9.49981,10.51548,2.22657,50,6.3158,-7.31677,-127.31565,-4.36553,15.39395,29.24617,-15.13425,TEN_WES,UNI_PIK,JackBowlingField,NAIA,NAIA,20260313-JackBowlingField-1,33f87e40-1f3f-11f1-9965-8dd811638774,86.51627,,,8.65649,,,,,,,295b43c0-2fb4-429e-a1d1-ef411f70d0c1,2026-03-14,00:46:13.68,2026-03-13T20:46:13.6810000-04:00,2026-03-14T00:46:13.6810000Z,,v3,10044917,,,"Tolson, Jacob",10035532,Right,TEN_WES,8c131806-c8c5-4b8f-be27-749eb1fa7061,54.56637,-128.36032,14.62309,6.46208,-3.82493,-7.56712,2.49775,-7.86664,7.69698,,,,,,,,,,,,,,,,,,,,,,,,,,,,,,,,,,,,,,,,,,,,,,,,,,,High,High,High,,,,,,,,,,,,,,,,,,,,,,,,,,,,,,,,,,,,,,,
331,2026-03-13,20:46:29.33,5,2,"Williams, Isaiah",10053661,Left,TEN_WES,"Melton, Mason",1000110063,Right,UNI_PIK,Undefined,9,Top,2,0,1,Fastball,Sinker,InPlay,Undefined,LineDrive,Single,0,1,,88.70884,-2.136661,3.789787,2063.236847,129.855448,10:15,6.38636,-2.4208,5.95883,-21.46261,14.44249,-15.77438,2.61114,-0.21579,80.32294,-6.190341,0.961353,0.43127,90.11827,4.231008,16.3179,1960.47053,,,,95.56155,94.65418,19.078498,0.7979,9.23162,8.43591,2.12813,50,6.20435,-7.83904,-128.42396,-5.46071,15.2589,29.14796,-18.23037,TEN_WES,UNI_PIK,JackBowlingField,NAIA,NAIA,20260313-JackBowlingField-1,3d4ca570-1f3f-11f1-9965-8dd811638774,87.39866,3.95564,,8.3859,,,,0.14955,2.55085,0.18467,295b43c0-2fb4-429e-a1d1-ef411f70d0c1,2026-03-14,00:46:29.33,2026-03-13T20:46:29.3330000-04:00,2026-03-14T00:46:29.3330000Z,GroundBall,v3,10044917,,,"Tolson, Jacob",10035532,Right,TEN_WES,88f08418-a3ee-4776-acc1-6ee228118048,54.53981,-129.45024,14.57398,6.38532,-4.81883,-9.11518,2.4136,-8.37629,7.62945,268.650071,0.20776,125.51202,-15.85626,,,,,,,2.57952,9.26562,-15.70622,,,,,,,0.16132,37.43697,1.92291,,,,,,,,,,,,,,,,,,,,,,,,,,,,,High,High,High,High,High,,,,,,,,,,,,,,,,,,,,,,,,,,,,,,,,,,,,,
332,2026-03-13,20:47:25.44,6,1,"Williams, Isaiah",10053661,Left,TEN_WES,"Gagnon, Joe",1000400387,Right,UNI_PIK,Undefined,9,Top,2,0,0,Slider,Slider,BallinDirt,Undefined,Undefined,Undefined,0,0,,77.49004,-1.31752,4.584057,2313.715312,286.446489,3:30,6.30492,-2.56255,5.65088,-47.16089,-0.12079,5.09422,1.14182,2.14672,71.96331,-9.861136,5.490803,0.493634,,,,,,,,,,,,-1.37307,0.6687,2.16974,50,6.16253,-9.18638,-112.2569,-4.099,-1.7575,19.73217,-31.31812,TEN_WES,UNI_PIK,JackBowlingField,NAIA,NAIA,20260313-JackBowlingField-1,5ec251f0-1f3f-11f1-9965-8dd811638774,76.35698,,,5.52672,,,,,,,295b43c0-2fb4-429e-a1d1-ef411f70d0c1,2026-03-14,00:47:25.44,2026-03-13T20:47:25.4410000-04:00,2026-03-14T00:47:25.4410000Z,,v3,10044917,,,"Tolson, Jacob",10035532,Right,TEN_WES,0e5e188a-c8a2-4219-8f04-256ad1e4a3a5,54.85155,-113.10648,9.86609,6.30999,-2.75059,-15.65906,2.56364,-9.11071,-0.87875,,,,,,,,,,,,,,,,,,,,,,,,,,,,,,,,,,,,,,,,,,,,,,,,,,,High,High,High,,,,,,,,,,,,,,,,,,,,,,,,,,,,,,,,,,,,,,,
333,2026-03-13,20:47:41.92,6,2,"Williams, Isaiah",10053661,Left,TEN_WES,"Gagnon, Joe",1000400387,Right,UNI_PIK,Undefined,9,Top,2,1,0,Fastball,Four-Seam,BallCalled,Undefined,Undefined,Undefined,0,0,,88.21364,-0.846192,3.497195,2147.826033,137.818627,10:30,6.48014,-2.5174,5.92999,-18.91036,17.34631,-14.5719,4.11762,-0.48285,79.7867,-4.45324,0.886154,0.433377,,,,,,,,,,,,8.45209,9.4876,2.24548,50,6.40169,-7.18229,-127.80067,-2.43479,13.85511,28.51441,-16.62145,TEN_WES,UNI_PIK,JackBowlingField,NAIA,NAIA,20260313-JackBowlingField-1,688edd70-1f3f-11f1-9965-8dd811638774,86.97387,,,8.42694,,,,,,,295b43c0-2fb4-429e-a1d1-ef411f70d0c1,2026-03-14,00:47:41.92,2026-03-13T20:47:41.9230000-04:00,2026-03-14T00:47:41.9230000Z,,v3,10044917,,,"Tolson, Jacob",10035532,Right,TEN_WES,9c8e1727-92f7-4245-87d9-88bb79a3776a,54.56722,-128.81566,14.25721,6.47783,-1.84314,-8.31073,2.50992,-7.67547,6.92756,,,,,,,,,,,,,,,,,,,,,,,,,,,,,,,,,,,,,,,,,,,,,,,,,,,High,High,High,,,,,,,,,,,,,,,,,,,,,,,,,,,,,,,,,,,,,,,
334,2026-03-13,20:47:57.05,6,3,"Williams, Isaiah",10053661,Left,TEN_WES,"Gagnon, Joe",1000400387,Right,UNI_PIK,Undefined,9,Top,2,2,0,Fastball,Sinker,InPlay,Undefined,LineDrive,Single,0,2,,88.09207,-2.49653,5.012418,2081.896473,125.492816,10:15,6.59093,-2.47372,5.90126,-21.15552,15.44517,-19.81434,2.49997,0.54023,79.71768,-6.494361,1.471433,0.435428,103.39509,10.911943,16.855017,1722.290107,104.08185,10.85623,35.59443,178.10402,168.96684,20.974862,1.421325,11.70709,9.0576,2.08124,50,6.37733,-10.34022,-127.31454,-6.21703,19.02204,28.59097,-17.45693,TEN_WES,UNI_PIK,JackBowlingField,NAIA,NAIA,20260313-JackBowlingField-1,71916230-1f3f-11f1-9965-8dd811638774,86.56416,11.42856,,8.37439,,,,1.94307,2.57662,-0.52424,295b43c0-2fb4-429e-a1d1-ef411f70d0c1,2026-03-14,00:47:57.05,2026-03-13T20:47:57.0510000-04:00,2026-03-14T00:47:57.0510000Z,LineDrive,v3,10044917,,,"Tolson, Jacob",10035532,Right,TEN_WES,3249b9d3-8b8a-41c0-8edf-7fcd720d7325,54.5989,-128.34316,14.29549,6.5897,-5.58898,-8.72847,2.46556,-11.02458,9.51102,294.659159,1.94307,142.50733,-22.73448,3.68664,-0.9301,0.21567,-0.04753,0.00883,-0.00089,2.57662,28.70658,-25.08817,3.27195,-0.70795,0.18117,-0.03892,0.00683,-0.00069,-0.52424,43.17486,2.24438,-0.70252,0.13271,-0.03368,0.00756,-0.00127,0.00012,,,,,,,,,,,,,,,,,,,,,,,High,High,High,High,High,,,,,,,,,,,,,,,,,,,,,,,,,,,,,,,,,,,,,
335,2026-03-13,20:51:09.86,7,1,"Clark, Carson",827674,Right,TEN_WES,"Mould, Easton",1000332440,Right,UNI_PIK,Undefined,9,Top,2,0,0,Slider,Slider,BallCalled,Undefined,Undefined,Undefined,0,0,,74.63882,3.829275,-6.592695,2023.663628,251.396164,2:30,3.58817,3.89926,6.18383,-48.46522,2.25965,1.73169,3.11424,-2.0712,67.67605,-5.143408,-6.284606,0.512604,,,,,,,,,,,,-2.85603,0.58449,-3.4003,50,3.8556,12.36022,-107.47195,5.86957,-3.31781,19.79988,-31.49506,TEN_WES,UNI_PIK,JackBowlingField,NAIA,NAIA,20260313-JackBowlingField-1,e483f550-1f3f-11f1-87bf-9b2c70093f87,73.53133,,,6.96277,,,,,,,295b43c0-2fb4-429e-a1d1-ef411f70d0c1,2026-03-14,00:51:09.86,2026-03-13T20:51:09.8600000-04:00,2026-03-14T00:51:09.8600000Z,,v3,10044917,,,"Tolson, Jacob",10035532,Right,TEN_WES,51a0b725-7a33-411b-9ee9-ec46fdc69904,54.31438,-108.26388,9.89994,3.59564,7.12927,-15.74753,-3.89733,12.49293,-1.65891,,,,,,,,,,,,,,,,,,,,,,,,,,,,,,,,,,,,,,,,,,,,,,,,,,,High,High,High,,,,,,,,,,,,,,,,,,,,,,,,,,,,,,,,,,,,,,,
336,2026-03-13,20:51:23.74,7,2,"Clark, Carson",827674,Right,TEN_WES,"Mould, Easton",1000332440,Right,UNI_PIK,Undefined,9,Top,2,1,0,Fastball,Changeup,BallCalled,Undefined,Undefined,Undefined,0,0,,80.65876,2.466293,-7.179905,1908.974316,294.111903,3:45,3.03978,3.76172,6.18284,-50.43648,-6.78406,18.7093,1.1336,-1.34422,72.63244,-6.839426,-3.843036,0.475527,,,,,,,,,,,,-11.84158,-3.71181,-3.22555,50,3.203,13.91333,-116.16905,3.42372,-15.96072,24.5386,-37.17701,TEN_WES,UNI_PIK,JackBowlingField,NAIA,NAIA,20260313-JackBowlingField-1,f5603640-1f3f-11f1-87bf-9b2c70093f87,79.26448,,,8.02632,,,,,,,295b43c0-2fb4-429e-a1d1-ef411f70d0c1,2026-03-14,00:51:23.74,2026-03-13T20:51:23.7480000-04:00,2026-03-14T00:51:23.7480000Z,,v3,10044917,,,"Tolson, Jacob",10035532,Right,TEN_WES,43ef54f8-a77e-47ba-8105-7472d7ba0b4e,54.31816,-117.07763,12.2693,3.05074,4.80025,-18.5885,-3.75166,14.5043,-7.98036,,,,,,,,,,,,,,,,,,,,,,,,,,,,,,,,,,,,,,,,,,,,,,,,,,,High,High,High,,,,,,,,,,,,,,,,,,,,,,,,,,,,,,,,,,,,,,,
337,2026-03-13,20:51:39.12,7,3,"Clark, Carson",827674,Right,TEN_WES,"Mould, Easton",1000332440,Right,UNI_PIK,Undefined,9,Top,2,2,0,Fastball,Changeup,HitByPitch,Undefined,Undefined,Undefined,0,0,,81.81402,3.507533,-4.285614,2016.331652,288.797198,3:45,3.37402,3.94131,6.25391,-47.9668,-5.61768,21.28989,2.62452,1.75594,72.96143,-5.42158,-0.454313,0.468375,,,,,,,,,,,,-12.69166,-3.84339,-3.63338,50,3.61173,8.08602,-118.26964,5.78233,-17.53367,27.7347,-37.4837,TEN_WES,UNI_PIK,JackBowlingField,NAIA,NAIA,20260313-JackBowlingField-1,f6c98a40-1f3f-11f1-87bf-9b2c70093f87,80.47495,,,8.85259,,,,,,,295b43c0-2fb4-429e-a1d1-ef411f70d0c1,2026-03-14,00:51:39.12,2026-03-13T20:51:39.1210000-04:00,2026-03-14T00:51:39.1210000Z,,v3,10044917,,,"Tolson, Jacob",10035532,Right,TEN_WES,26a33fea-7e92-4d9a-95fb-1d1e946235fd,54.24865,-119.2618,13.86735,3.38089,7.12325,-18.74185,-3.93386,8.71326,-8.76684,,,,,,,,,,,,,,,,,,,,,,,,,,,,,,,,,,,,,,,,,,,,,,,,,,,High,High,High,,,,,,,,,,,,,,,,,,,,,,,,,,,,,,,,,,,,,,,
338,2026-03-13,20:52:12.10,8,1,"Clark, Carson",827674,Right,TEN_WES,"Brook, Tyler",1000078727,Right,UNI_PIK,Undefined,9,Top,2,0,0,Slider,Curveball,InPlay,Undefined,FlyBall,Out,1,0,,75.0977,3.149483,-4.851772,2002.293643,210.34568,1:00,3.52204,4.04694,6.2917,-47.41892,3.12441,0.66906,2.48618,-0.37906,66.89164,-5.735329,-4.731731,0.511686,77.44247,34.428138,-3.681276,3319.983294,109.99862,61.18023,0.52503,273.26662,270.46118,5.263942,4.428905,-2.11429,1.01945,-3.68936,50,3.73255,9.17482,-108.36071,4.67948,-2.44121,24.03603,-30.99698,TEN_WES,UNI_PIK,JackBowlingField,NAIA,NAIA,20260313-JackBowlingField-1,099b59a0-1f40-11f1-87bf-9b2c70093f87,73.66323,68.23501,,8.20606,,,,1.96039,2.64855,0.33635,295b43c0-2fb4-429e-a1d1-ef411f70d0c1,2026-03-14,00:52:12.10,2026-03-13T20:52:12.1080000-04:00,2026-03-14T00:52:12.1080000Z,FlyBall,v3,10044917,,,"Tolson, Jacob",10035532,Right,TEN_WES,d34256f5-224f-4f1c-8c82-9ea3eb350f18,54.20538,-109.28954,12.01802,3.52857,5.87731,-15.49849,-4.04573,9.26916,-1.2206,206.596087,1.96103,93.47831,-16.00183,3.61786,-0.629,0.10594,-0.02206,0.00359,-0.00025,2.64916,64.19898,-17.04618,0.67536,0.14108,-0.15708,0.05494,-0.0086,0.00051,0.33604,-6.00764,5.98233,-1.46869,0.28011,-0.05123,0.01048,-0.00159,0.0001,,,,,,,,,,,,,,,,,,,,,,,High,High,High,High,High,,,,,,,,,,,,,,,,,,,,,,,,,,,,,,,,,,,,,
339,2026-03-13,20:54:19.25,1,1,"Carmichael, Cole",1000305500,Right,UNI_PIK,"Bosque, Jonathan",10103720,Right,TEN_WES,Undefined,9,Bottom,0,0,0,Fastball,Four-Seam,StrikeCalled,Undefined,Undefined,Undefined,0,0,,87.84326,-1.278433,-2.77123,2281.350324,202.657705,12:45,5.70451,1.61367,6.79153,-13.81241,21.82938,8.55697,3.38496,-0.20481,78.83408,-4.029181,-1.211853,0.429686,,,,,,,,,,,,-5.3874,12.2915,-1.43612,50,5.61531,5.83278,-127.39056,-3.08806,-8.68777,30.72734,-12.35276,TEN_WES,UNI_PIK,JackBowlingField,NAIA,NAIA,20260313-JackBowlingField-1,5572a220-1f40-11f1-87bf-9b2c70093f87,87.72091,,,9.00918,,,,,,,295b43c0-2fb4-429e-a1d1-ef411f70d0c1,2026-03-14,00:54:19.25,2026-03-13T20:54:19.2530000-04:00,2026-03-14T00:54:19.2530000Z,,v3,10044917,,,"Brook, Tyler",1000078727,Right,UNI_PIK,7478603e-4e48-4431-a320-25d4f8c48d23,53.70358,-128.28077,15.36367,5.69959,-2.73018,-6.17638,-1.60875,6.08447,-4.34388,,,,,,,,,,,,,,,,,,,,,,,,,,,,,,,,,,,,,,,,,,,,,,,,,,,High,High,High,,,,,,,,,,,,,,,,,,,,,,,,,,,,,,,,,,,,,,,
340,2026-03-13,20:54:28.46,1,2,"Carmichael, Cole",1000305500,Right,UNI_PIK,"Bosque, Jonathan",10103720,Right,TEN_WES,Undefined,9,Bottom,0,0,1,Fastball,Four-Seam,StrikeSwinging,Undefined,Undefined,Undefined,0,0,,87.47822,-2.056479,-2.44286,2260.544031,214.301206,1:15,5.67221,1.5116,6.66474,-18.14044,17.8928,11.30323,2.27628,0.21692,78.84462,-5.574966,-0.385926,0.432039,,,,,,,,,,,,-6.6854,10.45071,-1.35128,50,5.52636,4.97171,-126.86228,-4.98522,-10.71935,29.85895,-15.41741,TEN_WES,UNI_PIK,JackBowlingField,NAIA,NAIA,20260313-JackBowlingField-1,5adbd380-1f40-11f1-87bf-9b2c70093f87,87.24311,,,8.6336,,,,,,,295b43c0-2fb4-429e-a1d1-ef411f70d0c1,2026-03-14,00:54:28.46,2026-03-13T20:54:28.4610000-04:00,2026-03-14T00:54:28.4610000Z,,v3,10044917,,,"Brook, Tyler",1000078727,Right,UNI_PIK,a9820481-457d-4df9-a469-6e27ce30af26,53.83154,-127.76091,14.92948,5.66942,-4.52122,-7.7087,-1.50576,5.29432,-5.35967,,,,,,,,,,,,,,,,,,,,,,,,,,,,,,,,,,,,,,,,,,,,,,,,,,,High,High,High,,,,,,,,,,,,,,,,,,,,,,,,,,,,,,,,,,,,,,,
341,2026-03-13,20:54:43.66,1,3,"Carmichael, Cole",1000305500,Right,UNI_PIK,"Bosque, Jonathan",10103720,Right,TEN_WES,Undefined,9,Bottom,0,0,2,Fastball,Four-Seam,InPlay,Undefined,Popup,Out,1,0,,87.2198,-1.736259,-1.74731,2166.813698,198.88531,12:45,5.68356,1.55628,6.47238,-14.79556,21.92796,7.01477,2.85483,0.53567,78.02433,-4.660555,-0.475244,0.436158,61.23276,69.310751,44.471654,,,,,,27.62077,,,-4.25689,12.45016,-1.43595,50,5.5543,3.58049,-126.44715,-4.14063,-6.73078,31.40815,-12.48852,TEN_WES,UNI_PIK,JackBowlingField,NAIA,NAIA,20260313-JackBowlingField-1,63e0c940-1f40-11f1-87bf-9b2c70093f87,86.41928,70.16483,,9.19547,,,,0.66221,2.79298,-0.52953,295b43c0-2fb4-429e-a1d1-ef411f70d0c1,2026-03-14,00:54:43.66,2026-03-13T20:54:43.6650000-04:00,2026-03-14T00:54:43.6650000Z,,v3,10044917,,,"Brook, Tyler",1000078727,Right,UNI_PIK,88bb6033-9ff0-434d-8ff9-d48066eae2f4,54.02365,-127.44267,15.70408,5.67927,-3.7448,-6.24426,-1.55282,3.79383,-3.36539,,0.66223,22.63873,-7.80757,1.83613,1.1854,-2.66957,2.55849,-1.24376,0.24234,2.79297,84.01724,-22.43608,2.23591,-0.93524,1.00349,-0.89702,0.43125,-0.08394,-0.52952,22.22725,-3.55197,0.78032,0.24445,-0.64703,0.62539,-0.30434,0.05927,,,,,,,,,,,,,,,,,,,,,,,High,High,High,Medium,Undefined,,,,,,,,,,,,,,,,,,,,,,,,,,,,,,,,,,,,,
342,2026-03-13,20:55:14.64,2,1,"Carmichael, Cole",1000305500,Right,UNI_PIK,"Tolson, Jacob",10035532,Right,TEN_WES,Undefined,9,Bottom,1,0,0,Slider,Curveball,BallCalled,Undefined,Undefined,Undefined,0,0,,77.3801,2.47403,-2.147056,2276.042653,65.071912,8:15,5.52905,1.90823,6.3913,-47.46243,-1.25941,-5.988,3.85245,-0.56653,70.40563,-6.370048,-3.23013,0.489223,,,,,,,,,,,,2.45154,-0.90697,-1.7514,50,5.6859,4.41954,-112.28476,3.48637,3.1017,22.03808,-33.32153,TEN_WES,UNI_PIK,JackBowlingField,NAIA,NAIA,20260313-JackBowlingField-1,765d73c0-1f40-11f1-87bf-9b2c70093f87,77.04559,,,6.97447,,,,,,,295b43c0-2fb4-429e-a1d1-ef411f70d0c1,2026-03-14,00:55:14.64,2026-03-13T20:55:14.6450000-04:00,2026-03-14T00:55:14.6450000Z,,v3,10044917,,,"Brook, Tyler",1000078727,Right,UNI_PIK,a2199f02-fa56-432f-93e0-84627bab3cf9,54.1084,-113.08824,11.01904,5.53665,4.70123,-16.66076,-1.91047,4.30645,1.55085,,,,,,,,,,,,,,,,,,,,,,,,,,,,,,,,,,,,,,,,,,,,,,,,,,,High,High,High,,,,,,,,,,,,,,,,,,,,,,,,,,,,,,,,,,,,,,,
343,2026-03-13,20:55:25.50,2,2,"Carmichael, Cole",1000305500,Right,UNI_PIK,"Tolson, Jacob",10035532,Right,TEN_WES,Undefined,9,Bottom,1,1,0,Fastball,Four-Seam,StrikeCalled,Undefined,Undefined,Undefined,0,0,,86.93894,-1.983884,-3.450818,2196.067263,200.225243,12:45,5.64496,1.72636,6.90044,-15.18202,20.83359,7.20969,2.56866,-0.82,78.70846,-4.968625,-2.135664,0.431933,,,,,,,,,,,,-4.86004,12.01926,-1.51069,50,5.5135,7.33497,-126.07951,-4.66622,-7.74017,28.16502,-13.03203,TEN_WES,UNI_PIK,JackBowlingField,NAIA,NAIA,20260313-JackBowlingField-1,7ccf6290-1f40-11f1-87bf-9b2c70093f87,87.26446,,,8.23048,,,,,,,295b43c0-2fb4-429e-a1d1-ef411f70d0c1,2026-03-14,00:55:25.50,2026-03-13T20:55:25.5090000-04:00,2026-03-14T00:55:25.5090000Z,,v3,10044917,,,"Brook, Tyler",1000078727,Right,UNI_PIK,0237d6eb-a6d2-4dc7-b283-f6293afc9a3c,53.59642,-126.88037,14.08251,5.64091,-4.29566,-6.51602,-1.72239,7.55506,-3.87009,,,,,,,,,,,,,,,,,,,,,,,,,,,,,,,,,,,,,,,,,,,,,,,,,,,High,High,High,,,,,,,,,,,,,,,,,,,,,,,,,,,,,,,,,,,,,,,
344,2026-03-13,20:55:36.64,2,3,"Carmichael, Cole",1000305500,Right,UNI_PIK,"Tolson, Jacob",10035532,Right,TEN_WES,Undefined,9,Bottom,1,1,1,Slider,Slider,FoulBallNotFieldable,Undefined,Undefined,Undefined,0,0,,77.75162,0.115309,-2.598923,2374.170402,97.277238,9:15,5.51978,1.93608,6.61961,-42.79278,2.22941,-6.54248,2.05942,-0.99086,71.52482,-7.863281,-3.788316,0.48293,54.69429,54.494165,68.229074,5273.767504,,,,110.56105,46.64341,74.72072,4.115127,2.72091,1.53142,-1.75704,50,5.51012,5.34186,-113.01253,-0.92703,3.50826,21.17721,-30.19947,TEN_WES,UNI_PIK,JackBowlingField,NAIA,NAIA,20260313-JackBowlingField-1,8374e480-1f40-11f1-87bf-9b2c70093f87,78.04941,62.25002,,6.2268,,,,2.21627,2.16916,0.93804,295b43c0-2fb4-429e-a1d1-ef411f70d0c1,2026-03-14,00:55:36.64,2026-03-13T20:55:36.6410000-04:00,2026-03-14T00:55:36.6410000Z,Popup,v3,10044917,,,"Brook, Tyler",1000078727,Right,UNI_PIK,940fac83-ab65-47e1-ae5b-f7bc0e64ecdd,53.88198,-113.73764,10.58861,5.52416,0.10701,-15.09973,-1.93789,5.22174,1.75413,,2.21652,17.27089,-3.5266,0.18496,-0.03919,0.04936,-0.01844,0.00309,-0.0002,2.17098,65.2493,-19.56529,0.61143,0.50969,-0.26747,0.07028,-0.01039,0.00066,0.93829,43.25931,-3.07767,-0.59143,-0.11629,0.14232,-0.04246,0.00607,-0.00035,,,,,,,,,,,,,,,,,,,,,,,High,High,High,High,Low,,,,,,,,,,,,,,,,,,,,,,,,,,,,,,,,,,,,,
345,2026-03-13,20:55:52.90,2,4,"Carmichael, Cole",1000305500,Right,UNI_PIK,"Tolson, Jacob",10035532,Right,TEN_WES,Undefined,9,Bottom,1,1,2,Slider,Curveball,FoulBallNotFieldable,Undefined,Undefined,Undefined,0,0,,77.16652,1.996924,-2.125181,2293.074938,51.235042,7:45,5.5353,1.7559,6.55392,-49.42566,-3.55453,-6.20303,3.24957,-0.7106,70.75039,-7.204006,-3.251473,0.487462,77.59573,28.142066,48.139417,4257.333799,66.25963,46.84289,87.80464,267.3929,157.42758,58.874878,3.872029,2.64618,-2.01701,-1.60673,50,5.65269,4.36692,-112.1311,2.53111,3.35664,20.97316,-34.7326,TEN_WES,UNI_PIK,JackBowlingField,NAIA,NAIA,20260313-JackBowlingField-1,8d2cd690-1f40-11f1-87bf-9b2c70093f87,77.3238,50.7453,,6.41614,,,,0.47454,3.26369,0.83339,295b43c0-2fb4-429e-a1d1-ef411f70d0c1,2026-03-14,00:55:52.90,2026-03-13T20:55:52.9080000-04:00,2026-03-14T00:55:52.9080000Z,LineDrive,v3,10044917,,,"Brook, Tyler",1000078727,Right,UNI_PIK,59e00a28-1439-4537-8ba9-2cbefdeed3b8,53.94804,-112.86713,10.48658,5.54248,3.75001,-17.3663,-1.75792,4.24912,1.67832,,0.47429,66.97902,-16.56202,4.2302,-1.00894,0.24305,-0.05616,0.00895,-0.00062,3.26449,53.65036,-15.8869,0.11144,0.41232,-0.24242,0.07837,-0.01266,0.00079,0.83332,74.74158,-6.87604,1.10378,-0.17532,0.04843,-0.01637,0.0033,-0.00026,,,,,,,,,,,,,,,,,,,,,,,High,High,High,High,Medium,,,,,,,,,,,,,,,,,,,,,,,,,,,,,,,,,,,,,
346,2026-03-13,20:56:08.98,2,5,"Carmichael, Cole",1000305500,Right,UNI_PIK,"Tolson, Jacob",10035532,Right,TEN_WES,Undefined,9,Bottom,1,1,2,Fastball,Four-Seam,FoulBallNotFieldable,Undefined,Undefined,Undefined,0,0,,88.22384,-1.224177,-2.612407,2382.239558,199.389786,12:45,5.68919,1.53434,6.7544,-16.52044,18.73162,6.14477,3.19293,-0.34156,79.51411,-4.453003,-1.493163,0.42733,73.36516,49.801861,75.956583,4877.436332,,,,,43.21724,,,-4.09571,10.67052,-1.36512,50,5.60218,5.61112,-128.03304,-3.10849,-6.68991,30.37401,-14.74495,TEN_WES,UNI_PIK,JackBowlingField,NAIA,NAIA,20260313-JackBowlingField-1,96b4b7f0-1f40-11f1-87bf-9b2c70093f87,88.20448,48.69603,,8.70972,,,,0.48638,3.06787,0.22792,295b43c0-2fb4-429e-a1d1-ef411f70d0c1,2026-03-14,00:56:08.98,2026-03-13T20:56:08.9820000-04:00,2026-03-14T00:56:08.9820000Z,,v3,10044917,,,"Brook, Tyler",1000078727,Right,UNI_PIK,cbac9a95-1c49-4729-a614-dbd7c3878ba0,53.7436,-128.91809,15.187,5.68649,-2.67884,-7.37247,-1.53146,5.80605,-3.34495,216.597039,0.48638,16.85254,-12.73309,4.72869,-1.33988,0.34729,-0.08718,0.01925,-0.00272,3.06787,82.18827,-26.91468,2.77402,-0.34156,0.00487,0.01161,-0.00432,0.00072,0.22792,67.37421,-12.88137,3.47974,-0.75815,0.15399,-0.03073,0.00535,-0.00062,,,,,,,,,,,,,,,,,,,,,,,High,High,High,High,Undefined,,,,,,,,,,,,,,,,,,,,,,,,,,,,,,,,,,,,,
347,2026-03-13,20:56:23.51,2,6,"Carmichael, Cole",1000305500,Right,UNI_PIK,"Tolson, Jacob",10035532,Right,TEN_WES,Undefined,9,Bottom,1,1,2,Fastball,Four-Seam,BallCalled,Undefined,Undefined,Undefined,0,0,,86.82436,-2.868242,-2.410784,2260.920427,198.908299,12:45,5.5891,1.58326,6.75558,-16.58776,19.89682,6.35461,1.58234,-0.09058,78.33237,-6.105144,-1.25269,0.434736,,,,,,,,,,,,-4.12729,11.8282,-1.42729,50,5.39406,5.06121,-125.8696,-6.66776,-6.51347,29.43241,-13.5075,TEN_WES,UNI_PIK,JackBowlingField,NAIA,NAIA,20260313-JackBowlingField-1,a094f280-1f40-11f1-87bf-9b2c70093f87,86.70181,,,8.49199,,,,,,,295b43c0-2fb4-429e-a1d1-ef411f70d0c1,2026-03-14,00:56:23.51,2026-03-13T20:56:23.5190000-04:00,2026-03-14T00:56:23.5190000Z,,v3,10044917,,,"Brook, Tyler",1000078727,Right,UNI_PIK,108a2338-0533-4466-95e0-86d83bb70ff2,53.74141,-126.74145,14.7162,5.58565,-6.26764,-6.75375,-1.58007,5.25415,-3.25674,,,,,,,,,,,,,,,,,,,,,,,,,,,,,,,,,,,,,,,,,,,,,,,,,,,High,High,High,,,,,,,,,,,,,,,,,,,,,,,,,,,,,,,,,,,,,,,
348,2026-03-13,20:56:37.59,2,7,"Carmichael, Cole",1000305500,Right,UNI_PIK,"Tolson, Jacob",10035532,Right,TEN_WES,Undefined,9,Bottom,1,2,2,Slider,Slider,InPlay,Undefined,FlyBall,Double,0,0,,76.67799,1.843502,-1.370224,2209.391072,98.532746,9:15,5.50679,1.92974,6.50413,-44.199,2.50453,-6.54819,3.51661,0.1262,69.91414,-6.427987,-2.558523,0.491865,83.20793,25.366168,4.750594,3452.245955,108.80068,42.98123,16.1973,290.32121,290.32121,14.560891,3.790673,3.02158,1.20843,-1.83131,50,5.61674,2.8834,-111.39241,2.37941,3.76728,21.45003,-30.66738,TEN_WES,UNI_PIK,JackBowlingField,NAIA,NAIA,20260313-JackBowlingField-1,a7d10f20-1f40-11f1-87bf-9b2c70093f87,76.63162,48.46874,,6.76385,,,,1.0299,3.50317,-0.09368,295b43c0-2fb4-429e-a1d1-ef411f70d0c1,2026-03-14,00:56:37.59,2026-03-13T20:56:37.5960000-04:00,2026-03-14T00:56:37.5960000Z,LineDrive,v3,10044917,,,"Brook, Tyler",1000078727,Right,UNI_PIK,37d6e47d-e7bc-4d4c-8094-c11a1d882487,53.99606,-112.15927,10.72502,5.51207,3.47579,-15.33369,-1.93199,2.74872,1.88364,223.247762,1.02958,109.90197,-17.29337,3.69454,-0.82928,0.21917,-0.05585,0.00907,-0.00061,3.50367,52.26905,-16.36419,0.70454,0.06314,-0.09274,0.03484,-0.0055,0.00031,-0.09369,9.13541,5.94344,-1.67941,0.37084,-0.06898,0.0119,-0.00151,9E-05,,,,,,,,,,,,,,,,,,,,,,,High,High,High,High,High,,,,,,,,,,,,,,,,,,,,,,,,,,,,,,,,,,,,,
349,2026-03-13,20:57:26.57,3,1,"Carmichael, Cole",1000305500,Right,UNI_PIK,"Escoto, Hagen",1000136307,Right,TEN_WES,Undefined,9,Bottom,1,0,0,Fastball,Four-Seam,BallCalled,Undefined,Undefined,Undefined,0,0,,85.64039,-3.419938,-1.151945,2136.889415,190.335031,12:15,5.61011,0.40879,6.76964,-14.81643,22.82946,3.89882,1.24802,-0.3184,76.94269,-6.349273,-0.440565,0.441601,,,,,,,,,,,,-2.44252,13.62985,-0.33483,50,5.38036,2.35113,-124.11653,-7.69077,-3.72929,29.75607,-11.36385,TEN_WES,UNI_PIK,JackBowlingField,NAIA,NAIA,20260313-JackBowlingField-1,c4f64d40-1f40-11f1-87bf-9b2c70093f87,85.35405,,,8.6977,,,,,,,295b43c0-2fb4-429e-a1d1-ef411f70d0c1,2026-03-14,00:57:26.57,2026-03-13T20:57:26.5750000-04:00,2026-03-14T00:57:26.5750000Z,,v3,10044917,,,"Brook, Tyler",1000078727,Right,UNI_PIK,d9085d56-d4b3-465b-a4a5-870d260e2ddb,53.72652,-125.00674,14.87803,5.60536,-7.35079,-5.68193,-0.40683,2.4627,-1.86464,,,,,,,,,,,,,,,,,,,,,,,,,,,,,,,,,,,,,,,,,,,,,,,,,,,High,High,High,,,,,,,,,,,,,,,,,,,,,,,,,,,,,,,,,,,,,,,
350,2026-03-13,20:57:43.62,3,2,"Carmichael, Cole",1000305500,Right,UNI_PIK,"Escoto, Hagen",1000136307,Right,TEN_WES,Undefined,9,Bottom,1,1,0,Fastball,Four-Seam,InPlay,Undefined,LineDrive,Single,0,0,,85.74458,-1.894116,-0.953564,2165.966464,198.669982,12:30,5.57677,0.58052,6.8566,-17.88544,19.35005,6.07217,2.35864,0.21712,77.19704,-5.389627,0.156472,0.439187,94.6933,13.555761,0.55155,1173.167533,109.91409,18.07591,4.34595,227.67539,227.67539,4.190764,2.131749,-3.55705,11.32237,-0.52169,50,5.44916,1.85712,-124.50978,-4.50524,-5.47491,29.54991,-14.74704,TEN_WES,UNI_PIK,JackBowlingField,NAIA,NAIA,20260313-JackBowlingField-1,cf1d2dc0-1f40-11f1-87bf-9b2c70093f87,85.82312,18.22877,,8.54754,,,,2.3194,2.46393,-0.19704,295b43c0-2fb4-429e-a1d1-ef411f70d0c1,2026-03-14,00:57:43.62,2026-03-13T20:57:43.6240000-04:00,2026-03-14T00:57:43.6240000Z,LineDrive,v3,10044917,,,"Brook, Tyler",1000078727,Right,UNI_PIK,df304d33-e029-4d71-be56-a1fec2001480,53.64182,-125.37112,14.77496,5.57422,-4.07539,-7.37352,-0.57815,2.01671,-2.73746,242.917851,2.3194,135.00806,-19.64302,3.92925,-0.80638,0.15083,-0.025,0.00275,-0.00011,2.46393,32.55303,-17.88553,1.26383,-0.19086,0.03384,-0.00691,0.00189,-0.00024,-0.19704,1.29963,5.55811,-1.90012,0.53011,-0.11933,0.01919,-0.00126,-7E-05,,,,,,,,,,,,,,,,,,,,,,,High,High,High,High,High,,,,,,,,,,,,,,,,,,,,,,,,,,,,,,,,,,,,,
351,2026-03-13,20:58:20.73,4,1,"Carmichael, Cole",1000305500,Right,UNI_PIK,"Ballenilla, David",10132128,Right,TEN_WES,Undefined,9,Bottom,1,0,0,Slider,Curveball,StrikeCalled,Undefined,Undefined,Undefined,0,0,,75.5803,0.83312,-0.61378,2228.446019,63.241342,8:00,5.51743,0.33313,6.5657,-50.62117,-2.70339,-8.46178,2.06286,-0.93472,69.21144,-8.594589,-2.154458,0.498218,,,,,,,,,,,,4.22921,-1.12858,-0.28783,50,5.55445,1.45968,-109.89052,0.2026,5.12786,21.0085,-33.54242,TEN_WES,UNI_PIK,JackBowlingField,NAIA,NAIA,20260313-JackBowlingField-1,e54a3610-1f40-11f1-87bf-9b2c70093f87,75.65444,,,6.36885,,,,,,,295b43c0-2fb4-429e-a1d1-ef411f70d0c1,2026-03-14,00:58:20.73,2026-03-13T20:58:20.7300000-04:00,2026-03-14T00:58:20.7300000Z,,v3,10044917,,,"Brook, Tyler",1000078727,Right,UNI_PIK,8b4f5f4c-4625-4bb5-84f7-97421f9b5e54,53.93469,-110.64018,10.50425,5.52587,1.39952,-16.77121,-0.33665,1.2767,2.56393,,,,,,,,,,,,,,,,,,,,,,,,,,,,,,,,,,,,,,,,,,,,,,,,,,,High,High,High,,,,,,,,,,,,,,,,,,,,,,,,,,,,,,,,,,,,,,,
352,2026-03-13,20:58:33.55,4,2,"Carmichael, Cole",1000305500,Right,UNI_PIK,"Ballenilla, David",10132128,Right,TEN_WES,Undefined,9,Bottom,1,0,1,Slider,Curveball,StrikeSwinging,Undefined,Undefined,Undefined,0,0,,76.50463,1.178447,-0.529827,2318.622923,62.047321,8:00,5.58753,0.6079,6.34246,-48.36912,-0.94126,-4.85457,2.6419,-0.28445,69.53899,-7.829055,-1.409589,0.495665,,,,,,,,,,,,2.34004,-0.31075,-0.56732,50,5.65133,1.1983,-111.10667,0.8905,2.8862,22.37718,-32.55734,TEN_WES,UNI_PIK,JackBowlingField,NAIA,NAIA,20260313-JackBowlingField-1,ece821c0-1f40-11f1-87bf-9b2c70093f87,76.04418,,,6.96564,,,,,,,295b43c0-2fb4-429e-a1d1-ef411f70d0c1,2026-03-14,00:58:33.55,2026-03-13T20:58:33.5510000-04:00,2026-03-14T00:58:33.5510000Z,,v3,10044917,,,"Brook, Tyler",1000078727,Right,UNI_PIK,a66e2b80-b54b-48ab-ad56-4b2daf8ead3c,54.15627,-111.94062,11.18859,5.59553,2.10385,-16.27867,-0.60998,1.09073,1.4431,,,,,,,,,,,,,,,,,,,,,,,,,,,,,,,,,,,,,,,,,,,,,,,,,,,High,High,High,,,,,,,,,,,,,,,,,,,,,,,,,,,,,,,,,,,,,,,
353,2026-03-13,20:58:47.89,4,3,"Carmichael, Cole",1000305500,Right,UNI_PIK,"Ballenilla, David",10132128,Right,TEN_WES,Undefined,9,Bottom,1,0,2,Fastball,Four-Seam,StrikeCalled,Strikeout,Undefined,Undefined,0,0,,86.00725,-2.477827,-1.158101,2172.329244,197.560276,12:30,5.62199,0.39135,6.58356,-18.29387,18.91714,5.56941,1.82486,-0.206,77.93034,-6.010088,-0.145228,0.439043,,,,,,,,,,,,-3.2661,11.08024,-0.314,50,5.44408,2.31057,-124.80762,-5.83368,-5.09124,27.87087,-14.90199,TEN_WES,UNI_PIK,JackBowlingField,NAIA,NAIA,20260313-JackBowlingField-1,f5d76ca0-1f40-11f1-87bf-9b2c70093f87,85.85135,,,8.07691,,,,,,,295b43c0-2fb4-429e-a1d1-ef411f70d0c1,2026-03-14,00:58:47.89,2026-03-13T20:58:47.8980000-04:00,2026-03-14T00:58:47.8980000Z,,v3,10044917,,,"Brook, Tyler",1000078727,Right,UNI_PIK,fb84189b-2297-4bf9-ba38-9c67c926a894,53.91332,-125.67846,13.93543,5.61908,-5.36806,-7.45099,-0.38868,2.46965,-2.54562,,,,,,,,,,,,,,,,,,,,,,,,,,,,,,,,,,,,,,,,,,,,,,,,,,,High,High,High,,,,,,,,,,,,,,,,,,,,,,,,,,,,,,,,,,,,,,,
354,2026-03-13,20:59:18.99,5,1,"Carmichael, Cole",1000305500,Right,UNI_PIK,"Wright, Ethan",10317612,Right,TEN_WES,Undefined,9,Bottom,2,0,0,Slider,Curveball,InPlay,Undefined,Popup,Out,1,0,,76.2973,0.358645,-0.889159,2299.654086,57.079654,8:00,5.54809,0.55901,6.60688,-48.51558,-1.37193,-4.59851,1.8337,-0.63876,69.59611,-8.697614,-1.727288,0.494177,65.92514,71.151068,-18.497384,,,,,,28.02461,,,2.15406,-0.42071,-0.49665,50,5.55272,1.86945,-110.914,-0.61278,2.64682,22.35647,-32.69099,TEN_WES,UNI_PIK,JackBowlingField,NAIA,NAIA,20260313-JackBowlingField-1,090fc600-1f41-11f1-87bf-9b2c70093f87,76.2731,80.49177,,6.70119,,,,2.16365,2.29076,0.63221,295b43c0-2fb4-429e-a1d1-ef411f70d0c1,2026-03-14,00:59:18.99,2026-03-13T20:59:18.9940000-04:00,2026-03-14T00:59:18.9940000Z,,v3,10044917,,,"Brook, Tyler",1000078727,Right,UNI_PIK,bcc6ce76-b9ec-41d9-bb73-230ba173f4ed,53.89434,-111.69621,11.17823,5.55415,0.53101,-16.3455,-0.56044,1.77684,1.32341,174.251469,2.16365,29.62423,-11.59385,3.90339,-0.95627,0.21355,-0.04549,0.00796,-0.00082,2.29076,91.50491,-24.27975,2.30502,-0.30937,0.01695,0.00298,-0.00138,0.0002,0.63221,-9.91062,1.0981,-0.19715,0.021,-0.00057,-0.00052,0.00017,-2E-05,,,,,,,,,,,,,,,,,,,,,,,High,High,High,High,Undefined,,,,,,,,,,,,,,,,,,,,,,,,,,,,,,,,,,,,,