PitchNo,Date,Time,PAofInning,PitchofPA,Pitcher,PitcherId,PitcherThrows,PitcherTeam,Batter,BatterId,BatterSide,BatterTeam,PitcherSet,Inning,Top/Bottom,Outs,Balls,Strikes,TaggedPitchType,AutoPitchType,PitchCall,KorBB,TaggedHitType,PlayResult,OutsOnPlay,RunsScored,Notes,RelSpeed,VertRelAngle,HorzRelAngle,SpinRate,SpinAxis,Tilt,RelHeight,RelSide,Extension,VertBreak,InducedVertBreak,HorzBreak,PlateLocHeight,PlateLocSide,ZoneSpeed,VertApprAngle,HorzApprAngle,ZoneTime,ExitSpeed,Angle,Direction,HitSpinRate,PositionAt110X,PositionAt110Y,PositionAt110Z,Distance,LastTrackedDistance,Bearing,HangTime,pfxx,pfxz,x0,y0,z0,vx0,vy0,vz0,ax0,ay0,az0,HomeTeam,AwayTeam,Stadium,Level,League,GameID,PitchUID,EffectiveVelo,MaxHeight,MeasuredDuration,SpeedDrop,PitchLastMeasuredX,PitchLastMeasuredY,PitchLastMeasuredZ,ContactPositionX,ContactPositionY,ContactPositionZ,GameUID,UTCDate,UTCTime,LocalDateTime,UTCDateTime,AutoHitType,System,HomeTeamForeignID,AwayTeamForeignID,GameForeignID,Catcher,CatcherId,CatcherThrows,CatcherTeam,PlayID,PitchTrajectoryXc0,PitchTrajectoryXc1,PitchTrajectoryXc2,PitchTrajectoryYc0,PitchTrajectoryYc1,PitchTrajectoryYc2,PitchTrajectoryZc0,PitchTrajectoryZc1,PitchTrajectoryZc2,HitSpinAxis,HitTrajectoryXc0,HitTrajectoryXc1,HitTrajectoryXc2,HitTrajectoryXc3,HitTrajectoryXc4,HitTrajectoryXc5,HitTrajectoryXc6,HitTrajectoryXc7,HitTrajectoryXc8,HitTrajectoryYc0,HitTrajectoryYc1,HitTrajectoryYc2,HitTrajectoryYc3,HitTrajectoryYc4,HitTrajectoryYc5,HitTrajectoryYc6,HitTrajectoryYc7,HitTrajectoryYc8,HitTrajectoryZc0,HitTrajectoryZc1,HitTrajectoryZc2,HitTrajectoryZc3,HitTrajectoryZc4,HitTrajectoryZc5,HitTrajectoryZc6,HitTrajectoryZc7,HitTrajectoryZc8,ThrowSpeed,PopTime,ExchangeTime,TimeToBase,CatchPositionX,CatchPositionY,CatchPositionZ,ThrowPositionX,ThrowPositionY,ThrowPositionZ,BasePositionX,BasePositionY,BasePositionZ,ThrowTrajectoryXc0,ThrowTrajectoryXc1,ThrowTrajectoryXc2,ThrowTrajectoryYc0,ThrowTrajectoryYc1,ThrowTrajectoryYc2,ThrowTrajectoryZc0,ThrowTrajectoryZc1,ThrowTrajectoryZc2,PitchReleaseConfidence,PitchLocationConfidence,PitchMovementConfidence,HitLaunchConfidence,HitLandingConfidence,CatcherThrowCatchConfidence,CatcherThrowReleaseConfidence,CatcherThrowLocationConfidence,SpinAxis3dTransverseAngle,SpinAxis3dLongitudinalAngle,SpinAxis3dActiveSpinRate,SpinAxis3dSpinEfficiency,SpinAxis3dTilt,SpinAxis3dVectorX,SpinAxis3dVectorY,SpinAxis3dVectorZ,SpinAxis3dSeamOrientationRotationX,SpinAxis3dSeamOrientationRotationY,SpinAxis3dSeamOrientationRotationZ,SpinAxis3dSeamOrientationBallAngleHorizontalAmb1,SpinAxis3dSeamOrientationBallAngleVerticalAmb1,SpinAxis3dSeamOrientationBallXAmb1,SpinAxis3dSeamOrientationBallYAmb1,SpinAxis3dSeamOrientationBallZAmb1,SpinAxis3dSeamOrientationBallAngleHorizontalAmb2,SpinAxis3dSeamOrientationBallAngleVerticalAmb2,SpinAxis3dSeamOrientationBallXAmb2,SpinAxis3dSeamOrientationBallYAmb2,SpinAxis3dSeamOrientationBallZAmb2,SpinAxis3dSeamOrientationBallAngleHorizontalAmb3,SpinAxis3dSeamOrientationBallAngleVerticalAmb3,SpinAxis3dSeamOrientationBallXAmb3,SpinAxis3dSeamOrientationBallYAmb3,SpinAxis3dSeamOrientationBallZAmb3,SpinAxis3dSeamOrientationBallAngleHorizontalAmb4,SpinAxis3dSeamOrientationBallAngleVerticalAmb4,SpinAxis3dSeamOrientationBallXAmb4,SpinAxis3dSeamOrientationBallYAmb4,SpinAxis3dSeamOrientationBallZAmb4,BatSpeed,VerticalAttackAngle,HorizontalAttackAngle
1,2026-03-03,15:02:16.11,1,1,"Hartman, Colton",806118,Left,LOU_CAR,"Sheridan, Caden",10091036,Right,MOR_EAG,Undefined,1,Top,0,0,0,Fastball,Four-Seam,BallCalled,Undefined,Undefined,Undefined,0,0,,91.36842,-1.130016,1.215537,2323.265723,151.032101,11:00,6.07324,-1.41787,5.93103,-13.80702,20.07635,-10.4343,3.87386,-1.15945,82.23705,-3.819487,-0.658204,0.418953,,,,,,,,,,,,5.66693,10.94764,1.3263,50,5.97504,-2.34004,-132.48044,-2.96022,9.92505,32.14094,-13.00038,LOU_CAR,MOR_EAG,JimPatterson,D1,ACC,20260303-JimPatterson-1,e0c7b610-173b-11f1-b5ba-eb4dd7bf3cf1,89.96828,,,9.13137,,,,,,,4c216075-8757-4a7e-8832-fbd2b61f9361,2026-03-03,20:02:16.11,2026-03-03T15:02:16.1183232-05:00,2026-03-03T20:02:16.1183232Z,,v3,471341,471366,ea8a05dd47fb4949855474378ed738c7,"Nugent, Jimmy",838635,Right,LOU_CAR,bd229613-76cd-4916-ac93-eec9f4a2bc61,54.56313,-133.58291,16.07047,6.06893,-2.51429,-6.50019,1.4124,-2.68048,4.96252,,,,,,,,,,,,,,,,,,,,,,,,,,,,,,,,,,,,,,,,,,,,,,,,,,,High,High,High,,,,,,,,,,,,,,,,,,,,,,,,,,,,,,,,,,,,,,,
2,2026-03-03,15:02:30.88,1,2,"Hartman, Colton",806118,Left,LOU_CAR,"Sheridan, Caden",10091036,Right,MOR_EAG,Undefined,1,Top,0,1,0,ChangeUp,Changeup,BallCalled,Undefined,Undefined,Undefined,0,0,,84.92327,-3.261001,4.098071,1844.04444,112.478034,9:45,5.87215,-1.35372,6.60201,-29.63041,8.62004,-17.60938,0.40469,0.93944,77.39887,-8.819386,0.898627,0.445133,,,,,,,,,,,,10.53134,5.93213,1.08065,50,5.63691,-8.17033,-122.96861,-7.86244,15.96629,26.63109,-23.18049,LOU_CAR,MOR_EAG,JimPatterson,D1,ACC,20260303-JimPatterson-1,e98ff0f0-173b-11f1-b5ba-eb4dd7bf3cf1,84.6768,,,7.5244,,,,,,,4c216075-8757-4a7e-8832-fbd2b61f9361,2026-03-03,20:02:30.88,2026-03-03T15:02:30.8834816-05:00,2026-03-03T20:02:30.8834816Z,,v3,471341,471366,ea8a05dd47fb4949855474378ed738c7,"Nugent, Jimmy",838635,Right,LOU_CAR,9e0f8e4b-287a-4644-9ca6-240fd31fee36,53.89713,-123.80973,13.31554,5.87367,-7.13031,-11.59025,1.34667,-8.67461,7.98315,,,,,,,,,,,,,,,,,,,,,,,,,,,,,,,,,,,,,,,,,,,,,,,,,,,High,High,High,,,,,,,,,,,,,,,,,,,,,,,,,,,,,,,,,,,,,,,
3,2026-03-03,15:02:46.77,1,3,"Hartman, Colton",806118,Left,LOU_CAR,"Sheridan, Caden",10091036,Right,MOR_EAG,Undefined,1,Top,0,2,0,Fastball,Four-Seam,BallCalled,Undefined,Undefined,Undefined,0,0,,90.0041,-3.840118,3.110701,2245.530683,151.293446,11:00,5.93811,-1.2695,6.31513,-15.14784,19.08619,-9.82024,1.12814,0.78022,82.09753,-6.749933,1.337206,0.421115,,,,,,,,,,,,6.00674,11.38642,1.04618,50,5.64892,-6.6889,-130.348,-9.14927,10.29631,28.34207,-12.65624,LOU_CAR,MOR_EAG,JimPatterson,D1,ACC,20260303-JimPatterson-1,f3291060-173b-11f1-b5ba-eb4dd7bf3cf1,89.50631,,,7.90657,,,,,,,4c216075-8757-4a7e-8832-fbd2b61f9361,2026-03-03,20:02:46.77,2026-03-03T15:02:46.7706880-05:00,2026-03-03T20:02:46.7706880Z,,v3,471341,471366,ea8a05dd47fb4949855474378ed738c7,"Nugent, Jimmy",838635,Right,LOU_CAR,bfb5ad01-c68e-4d2c-98df-337678464b2a,54.18312,-131.2544,14.17104,5.93505,-8.74452,-6.32812,1.26536,-7.01819,5.14815,,,,,,,,,,,,,,,,,,,,,,,,,,,,,,,,,,,,,,,,,,,,,,,,,,,High,High,High,,,,,,,,,,,,,,,,,,,,,,,,,,,,,,,,,,,,,,,
4,2026-03-03,15:03:02.71,1,4,"Hartman, Colton",806118,Left,LOU_CAR,"Sheridan, Caden",10091036,Right,MOR_EAG,Undefined,1,Top,0,3,0,Fastball,Four-Seam,StrikeCalled,Undefined,Undefined,Undefined,0,0,,91.1266,-3.035197,1.515285,2285.008919,145.853412,10:45,6.02203,-1.37687,5.85362,-16.21391,17.50308,-11.14197,1.84709,-0.89712,83.47477,-6.103371,-0.483197,0.417922,,,,,,,,,,,,6.09402,10.10052,1.26024,50,5.76573,-3.01103,-132.18805,-7.4979,10.79877,27.78408,-14.27561,LOU_CAR,MOR_EAG,JimPatterson,D1,ACC,20260303-JimPatterson-1,fc8ec3c0-173b-11f1-b5ba-eb4dd7bf3cf1,90.19005,,,7.65183,,,,,,,4c216075-8757-4a7e-8832-fbd2b61f9361,2026-03-03,20:03:02.71,2026-03-03T15:03:02.7192832-05:00,2026-03-03T20:03:02.7192832Z,,v3,471341,471366,ea8a05dd47fb4949855474378ed738c7,"Nugent, Jimmy",838635,Right,LOU_CAR,89a7d6e1-6cb5-4f0d-aaaa-2b5d30f664fb,54.64451,-133.16069,13.89204,6.01946,-6.99815,-7.13781,1.37226,-3.38906,5.39938,,,,,,,,,,,,,,,,,,,,,,,,,,,,,,,,,,,,,,,,,,,,,,,,,,,High,High,High,,,,,,,,,,,,,,,,,,,,,,,,,,,,,,,,,,,,,,,
5,2026-03-03,15:03:21.26,1,5,"Hartman, Colton",806118,Left,LOU_CAR,"Sheridan, Caden",10091036,Right,MOR_EAG,Undefined,1,Top,0,3,1,Fastball,Four-Seam,BallCalled,Walk,Undefined,Undefined,0,0,,90.96144,-0.747776,1.170035,2321.781576,143.705512,10:45,6.10198,-1.29663,5.58544,-19.20544,14.95383,-10.18359,3.80305,-1.05249,83.03246,-4.354901,-0.647273,0.420655,,,,,,,,,,,,5.45996,8.09811,1.20282,50,6.02538,-2.23619,-132.05107,-2.36268,9.63761,28.20623,-17.87979,LOU_CAR,MOR_EAG,JimPatterson,D1,ACC,20260303-JimPatterson-1,07c58da0-173c-11f1-b5ba-eb4dd7bf3cf1,89.60424,,,7.92898,,,,,,,4c216075-8757-4a7e-8832-fbd2b61f9361,2026-03-03,20:03:21.26,2026-03-03T15:03:21.2653056-05:00,2026-03-03T20:03:21.2653056Z,,v3,471341,471366,ea8a05dd47fb4949855474378ed738c7,"Nugent, Jimmy",838635,Right,LOU_CAR,e4aa45f6-c51c-40ec-80fc-4345c4ddc4f9,54.91204,-133.09615,14.10312,6.10065,-1.70021,-8.93989,1.29229,-2.59328,4.81881,,,,,,,,,,,,,,,,,,,,,,,,,,,,,,,,,,,,,,,,,,,,,,,,,,,High,High,High,,,,,,,,,,,,,,,,,,,,,,,,,,,,,,,,,,,,,,,
6,2026-03-03,15:04:10.99,2,1,"Hartman, Colton",806118,Left,LOU_CAR,"Kearns, Aubrey",10004985,Left,MOR_EAG,Undefined,1,Top,0,0,0,Cutter,Slider,StrikeCalled,Undefined,Undefined,Undefined,0,0,,85.39504,-0.718734,0.535831,2565.946945,242.5273,2:00,6.00859,-1.31571,4.95576,-35.12144,4.2667,5.99355,2.40266,-0.30996,78.87928,-7.075816,1.594304,0.451704,,,,,,,,,,,,-2.83209,2.64882,1.25862,50,5.91003,-1.42767,-124.00053,-2.91328,-4.44269,23.04907,-28.01884,LOU_CAR,MOR_EAG,JimPatterson,D1,ACC,20260303-JimPatterson-1,25554d60-173c-11f1-b5ba-eb4dd7bf3cf1,83.44499,,,6.51576,,,,,,,4c216075-8757-4a7e-8832-fbd2b61f9361,2026-03-03,20:04:10.99,2026-03-03T15:04:10.9988864-05:00,2026-03-03T20:04:10.9988864Z,,v3,471341,471366,ea8a05dd47fb4949855474378ed738c7,"Nugent, Jimmy",838635,Right,LOU_CAR,a5e1e459-3b32-4f30-9f4a-f155eebe9f38,55.54367,-125.02673,11.52453,6.01197,-1.66581,-14.00942,1.31778,-1.22987,-2.22134,,,,,,,,,,,,,,,,,,,,,,,,,,,,,,,,,,,,,,,,,,,,,,,,,,,High,High,High,,,,,,,,,,,,,,,,,,,,,,,,,,,,,,,,,,,,,,,
7,2026-03-03,15:04:31.54,2,2,"Hartman, Colton",806118,Left,LOU_CAR,"Kearns, Aubrey",10004985,Left,MOR_EAG,Undefined,1,Top,0,0,1,Fastball,Four-Seam,FoulBallNotFieldable,Undefined,Undefined,Undefined,0,0,,91.07953,-2.199658,2.497816,2323.607685,149.182355,11:00,5.97203,-1.3137,5.88289,-16.65351,17.35399,-9.65189,2.53861,0.20302,82.62409,-5.37492,0.767514,0.419719,90.84606,22.690339,-37.074601,4888.242112,81.88198,37.07595,-73.45268,301.30087,270.67916,-49.716788,3.565601,5.69256,9.88922,1.11761,50,5.78478,-5.34035,-132.01854,-5.56873,9.96567,30.21913,-14.86158,LOU_CAR,MOR_EAG,JimPatterson,D1,ACC,20260303-JimPatterson-1,317cb8d0-173c-11f1-b5ba-eb4dd7bf3cf1,89.80397,42.45309,,8.45543,,,,0.34635,2.43962,-0.19549,4c216075-8757-4a7e-8832-fbd2b61f9361,2026-03-03,20:04:31.54,2026-03-03T15:04:31.5483136-05:00,2026-03-03T20:04:31.5483136Z,LineDrive,v3,471341,471366,ea8a05dd47fb4949855474378ed738c7,"Nugent, Jimmy",838635,Right,LOU_CAR,542e906e-237b-46d3-aa15-f30f34219491,54.6146,-133.07064,15.10957,5.96965,-5.05132,-7.43079,1.30957,-5.68731,4.98283,121.496737,0.34621,98.08448,-22.40723,5.55315,-1.40515,0.36488,-0.09304,0.01579,-0.00114,2.43995,51.38566,-18.26444,1.0592,0.20063,-0.1988,0.07753,-0.01438,0.00102,-0.19537,-74.11239,1.48399,1.28561,-0.50744,0.09706,-0.00523,-0.00152,0.00021,,,,,,,,,,,,,,,,,,,,,,,High,High,High,High,Medium,,,,,,,,,,,,,,,,,,,,,,,,,,,,,,,,,,,70.7011,5.01268,-4.36922
8,2026-03-03,15:04:57.66,2,3,"Hartman, Colton",806118,Left,LOU_CAR,"Kearns, Aubrey",10004985,Left,MOR_EAG,Undefined,1,Top,0,0,2,Curveball,Curveball,BallCalled,Undefined,Undefined,Undefined,0,0,,76.32783,0.071321,1.29815,2518.438111,332.734745,5:00,5.96252,-1.1587,4.97393,-67.7972,-17.39737,9.8691,0.38014,0.89004,69.86296,-12.067447,3.048295,0.510959,,,,,,,,,,,,-4.48256,-8.21642,1.02478,50,5.9133,-2.90133,-110.66977,-2.29955,-5.45531,23.19714,-42.17352,LOU_CAR,MOR_EAG,JimPatterson,D1,ACC,20260303-JimPatterson-1,41307f50-173c-11f1-b5ba-eb4dd7bf3cf1,73.76806,,,6.46487,,,,,,,4c216075-8757-4a7e-8832-fbd2b61f9361,2026-03-03,20:04:57.66,2026-03-03T15:04:57.6620544-05:00,2026-03-03T20:04:57.6620544Z,,v3,471341,471366,ea8a05dd47fb4949855474378ed738c7,"Nugent, Jimmy",838635,Right,LOU_CAR,91e884a7-3a40-43ed-8af7-0c1bc4701bf5,55.52911,-111.8227,11.59857,5.9755,-0.20346,-21.08676,1.16225,-2.63019,-2.72766,,,,,,,,,,,,,,,,,,,,,,,,,,,,,,,,,,,,,,,,,,,,,,,,,,,High,High,High,,,,,,,,,,,,,,,,,,,,,,,,,,,,,,,,,,,,,,,
9,2026-03-03,15:05:35.53,2,4,"Hartman, Colton",806118,Left,LOU_CAR,"Kearns, Aubrey",10004985,Left,MOR_EAG,Undefined,1,Top,0,1,2,Curveball,Curveball,StrikeSwinging,Strikeout,Undefined,Undefined,0,0,,76.60584,1.196873,0.47886,2582.466878,324.052812,4:45,5.99537,-1.24019,4.85602,-66.03173,-15.57961,12.63107,1.62585,0.26568,69.49818,-10.66564,2.710715,0.511224,,,,,,,,,,,,-6.03485,-7.49563,1.18168,50,6.05705,-1.4536,-110.97608,-0.12214,-7.36052,23.93084,-41.31625,LOU_CAR,MOR_EAG,JimPatterson,D1,ACC,20260303-JimPatterson-1,57ae18a0-173c-11f1-b5ba-eb4dd7bf3cf1,73.72982,,,7.10766,,,,,,,4c216075-8757-4a7e-8832-fbd2b61f9361,2026-03-03,20:05:35.53,2026-03-03T15:05:35.5343872-05:00,2026-03-03T20:05:35.5343872Z,,v3,471341,471366,ea8a05dd47fb4949855474378ed738c7,"Nugent, Jimmy",838635,Right,LOU_CAR,33be8b6b-37eb-4c46-aa22-2f1c8de32d12,55.64511,-112.18678,11.96542,6.01035,1.96812,-20.65813,1.2458,-1.08122,-3.68026,,,,,,,,,,,,,,,,,,,,,,,,,,,,,,,,,,,,,,,,,,,,,,,,,,,High,High,High,,,,,,,,,,,,,,,,,,,,,,,,,,,,,,,,,,,,,,,
10,2026-03-03,15:06:07.37,3,1,"Hartman, Colton",806118,Left,LOU_CAR,"Germann, Davis",10326206,Right,MOR_EAG,Undefined,1,Top,1,0,0,Fastball,Four-Seam,BallCalled,Undefined,Undefined,Undefined,0,0,,91.4541,-1.974199,3.023186,2407.145722,179.719126,12:00,6.03667,-1.30723,5.78143,-14.17946,19.83206,-0.0913,3.01494,1.50058,82.65338,-4.707193,3.006875,0.419744,,,,,,,,,,,,1.00303,11.14835,1.05773,50,5.86551,-6.99269,-132.47688,-4.97728,1.7593,31.74195,-12.62003,LOU_CAR,MOR_EAG,JimPatterson,D1,ACC,20260303-JimPatterson-1,6a991550-173c-11f1-b5ba-eb4dd7bf3cf1,89.79863,,,8.80072,,,,,,,4c216075-8757-4a7e-8832-fbd2b61f9361,2026-03-03,20:06:07.37,2026-03-03T15:06:07.3730560-05:00,2026-03-03T20:06:07.3730560Z,,v3,471341,471366,ea8a05dd47fb4949855474378ed738c7,"Nugent, Jimmy",838635,Right,LOU_CAR,ed508797-5cde-4014-85e0-92a65995e297,54.71762,-133.60246,15.87098,6.03407,-4.52977,-6.31002,1.3068,-7.05507,0.87965,,,,,,,,,,,,,,,,,,,,,,,,,,,,,,,,,,,,,,,,,,,,,,,,,,,High,High,High,,,,,,,,,,,,,,,,,,,,,,,,,,,,,,,,,,,,,,,
11,2026-03-03,15:06:25.89,3,2,"Hartman, Colton",806118,Left,LOU_CAR,"Germann, Davis",10326206,Right,MOR_EAG,Undefined,1,Top,1,1,0,Curveball,Curveball,InPlay,Undefined,GroundBall,Out,2,0,,75.39146,1.637734,-0.37325,2557.421408,327.52993,5:00,6.02761,-1.29384,4.73997,-69.91771,-17.69135,12.45477,1.75512,-0.61001,68.50708,-10.889449,1.823539,0.520135,80.39516,3.110944,-10.22176,,,,,54.1664,52.51113,-11.350848,0.472037,-6.25693,-8.75583,1.31962,50,6.12975,0.2033,-109.22752,0.56038,-7.40553,22.88228,-42.53721,LOU_CAR,MOR_EAG,JimPatterson,D1,ACC,20260303-JimPatterson-1,75c753b0-173c-11f1-b5ba-eb4dd7bf3cf1,72.4666,2.32448,,6.88438,,,,1.58098,1.87644,0.39045,4c216075-8757-4a7e-8832-fbd2b61f9361,2026-03-03,20:06:25.89,2026-03-03T15:06:25.8953216-05:00,2026-03-03T20:06:25.8953216Z,GroundBall,v3,471341,471366,ea8a05dd47fb4949855474378ed738c7,"Nugent, Jimmy",838635,Right,LOU_CAR,c877dc29-8af8-42e9-ad5f-da586f9d5f9f,55.7629,-110.4282,11.44114,6.04179,2.79239,-21.2686,1.29876,0.59189,-3.70277,54.357212,1.58618,115.72301,-13.9565,,,,,,,1.88796,6.07254,-21.38702,,,,,,,0.39796,-21.10745,-4.94757,,,,,,,,,,,,,,,,,,,,,,,,,,,,,High,High,High,High,High,,,,,,,,,,,,,,,,,,,,,,,,,,,,,,,,,,,67.31422,16.84671,-6.32699
12,2026-03-03,15:09:49.45,1,1,"Wells, Cole",1000389183,Right,MOR_EAG,"Alicea, Alex",822712,Left,LOU_CAR,Undefined,1,Bottom,0,0,0,Fastball,Cutter,BallCalled,Undefined,Undefined,Undefined,0,0,,85.10251,-0.483674,-2.702492,2407.010634,190.824522,12:15,6.01724,1.15311,5.87653,-21.36446,17.66013,3.11725,3.78715,-1.09892,77.00939,-4.540729,-2.144233,0.449615,,,,,,,,,,,,-2.41354,9.56335,-0.93631,50,5.96586,5.69314,-123.34777,-1.65643,-3.68123,26.82459,-17.58759,LOU_CAR,MOR_EAG,JimPatterson,D1,ACC,20260303-JimPatterson-1,ef02a2c0-173c-11f1-b5ba-eb4dd7bf3cf1,83.83276,,,8.09311,,,,,,,4c216075-8757-4a7e-8832-fbd2b61f9361,2026-03-03,20:09:49.45,2026-03-03T15:09:49.4512128-05:00,2026-03-03T20:09:49.4512128Z,,v3,471341,471366,ea8a05dd47fb4949855474378ed738c7,"Sheridan, Caden",10091036,Right,MOR_EAG,713ad880-2c65-4633-a369-3455313c5be7,54.61856,-124.34811,13.41229,6.0154,-1.00055,-8.7938,-1.15118,5.83042,-1.84062,,,,,,,,,,,,,,,,,,,,,,,,,,,,,,,,,,,,,,,,,,,,,,,,,,,High,High,High,,,,,,,,,,,,,,,,,,,,,,,,,,,,,,,,,,,,,,,
13,2026-03-03,15:10:04.84,1,2,"Wells, Cole",1000389183,Right,MOR_EAG,"Alicea, Alex",822712,Left,LOU_CAR,Undefined,1,Bottom,0,1,0,Fastball,Four-Seam,FoulBallNotFieldable,Undefined,Undefined,Undefined,0,0,,86.28692,-2.887993,-3.218822,2331.148338,208.182108,1:00,6.00989,1.00556,5.90506,-19.66785,18.43615,9.13855,1.68361,-1.22392,78.07739,-6.624496,-1.581266,0.44428,,,,,,,,,,,,-5.73398,10.77603,-0.75219,50,5.76639,6.65581,-124.89109,-6.874,-8.93911,28.19445,-15.37453,LOU_CAR,MOR_EAG,JimPatterson,D1,ACC,20260303-JimPatterson-1,f8295150-173c-11f1-b5ba-eb4dd7bf3cf1,84.83939,,,8.20953,,,,,,,4c216075-8757-4a7e-8832-fbd2b61f9361,2026-03-03,20:10:04.84,2026-03-03T15:10:04.8483840-05:00,2026-03-03T20:10:04.8483840Z,,v3,471341,471366,ea8a05dd47fb4949855474378ed738c7,"Sheridan, Caden",10091036,Right,MOR_EAG,cce9a3f7-5628-4b62-a712-701ea0b1b967,54.59296,-125.92369,14.09723,6.00783,-6.31092,-7.68727,-1.00194,6.9832,-4.46955,,,,,,,,,,,,,,,,,,,,,,,,,,,,,,,,,,,,,,,,,,,,,,,,,,,High,High,High,,,,,,,,,,,,,,,,,,,,,,,,,,,,,,,,,,,,,,,
14,2026-03-03,15:10:24.89,1,3,"Wells, Cole",1000389183,Right,MOR_EAG,"Alicea, Alex",822712,Left,LOU_CAR,Undefined,1,Bottom,0,1,1,ChangeUp,Changeup,BallCalled,Undefined,Undefined,Undefined,0,0,,79.9984,1.410414,0.081939,1896.722394,245.378264,2:15,5.85395,1.0917,5.93449,-33.60628,11.06134,20.38245,4.36219,2.86626,71.46296,-4.921547,3.741036,0.481025,,,,,,,,,,,,-10.24402,5.68457,-1.10882,50,5.94816,-0.98408,-115.89237,1.85446,-13.56875,26.92325,-24.64453,LOU_CAR,MOR_EAG,JimPatterson,D1,ACC,20260303-JimPatterson-1,044c9e10-173d-11f1-b5ba-eb4dd7bf3cf1,78.35855,,,8.53544,,,,,,,4c216075-8757-4a7e-8832-fbd2b61f9361,2026-03-03,20:10:24.89,2026-03-03T15:10:24.8920064-05:00,2026-03-03T20:10:24.8920064Z,,v3,471341,471366,ea8a05dd47fb4949855474378ed738c7,"Sheridan, Caden",10091036,Right,MOR_EAG,3b4a99d7-4193-47d8-8b6d-3c13078e2fba,54.5586,-116.9466,13.46163,5.85665,2.81946,-12.32227,-1.08069,-0.45277,-6.78438,,,,,,,,,,,,,,,,,,,,,,,,,,,,,,,,,,,,,,,,,,,,,,,,,,,High,High,High,,,,,,,,,,,,,,,,,,,,,,,,,,,,,,,,,,,,,,,
15,2026-03-03,15:10:42.23,1,4,"Wells, Cole",1000389183,Right,MOR_EAG,"Alicea, Alex",822712,Left,LOU_CAR,Undefined,1,Bottom,0,2,1,Fastball,Four-Seam,FoulBallNotFieldable,Undefined,Undefined,Undefined,0,0,,86.69148,-0.900713,-2.401405,2402.400406,208.917568,1:00,5.91059,1.12556,6.01282,-18.22918,19.26505,9.90056,3.55629,-0.27529,78.19537,-4.405261,-0.622434,0.440711,71.81152,81.039639,-66.063321,,,,,,25.11634,,,-5.87626,10.59288,-0.94258,50,5.8301,4.87186,-125.70949,-2.47281,-9.27236,28.79313,-15.45918,LOU_CAR,MOR_EAG,JimPatterson,D1,ACC,20260303-JimPatterson-1,0e7be300-173d-11f1-b5ba-eb4dd7bf3cf1,85.52644,94.8461,,8.4961,,,,2.53396,3.6415,0.26278,4c216075-8757-4a7e-8832-fbd2b61f9361,2026-03-03,20:10:42.23,2026-03-03T15:10:42.2371840-05:00,2026-03-03T20:10:42.2371840Z,,v3,471341,471366,ea8a05dd47fb4949855474378ed738c7,"Sheridan, Caden",10091036,Right,MOR_EAG,276fbb42-de98-4dc1-bddd-38b527f7e1b1,54.48454,-126.73249,14.39657,5.9082,-1.92356,-7.72959,-1.12153,5.2013,-4.63618,,2.53395,6.65781,-4.87715,1.73005,-0.6332,0.34055,-0.07605,-0.04608,0.02146,3.6415,104.03874,-29.04129,3.66881,-0.74609,0.13747,0.05259,-0.06797,0.01873,0.26276,-14.98934,-5.99051,2.7066,-1.11837,0.64156,-0.16535,-0.07056,0.03656,,,,,,,,,,,,,,,,,,,,,,,High,High,High,Low,Undefined,,,,,,,,,,,,,,,,,,,,,,,,,,,,,,,,,,,,,
16,2026-03-03,15:11:17.39,1,5,"Wells, Cole",1000389183,Right,MOR_EAG,"Alicea, Alex",822712,Left,LOU_CAR,Undefined,1,Bottom,0,2,2,Fastball,Four-Seam,InPlay,Undefined,LineDrive,Out,1,0,,86.43263,-1.102353,-1.234381,2295.681185,212.152023,1:00,5.90805,1.13776,5.99281,-23.60769,13.24465,7.66697,2.91881,0.63257,79.90692,-5.509643,0.144682,0.436922,82.39447,20.694346,-25.117993,3503.4038,95.86854,31.25751,-53.93694,260.92242,257.88453,-34.426845,3.03827,-4.28233,7.42075,-1.04485,50,5.80803,2.40942,-125.703,-3.15387,-6.92232,23.02828,-20.17851,LOU_CAR,MOR_EAG,JimPatterson,D1,ACC,20260303-JimPatterson-1,236ebda0-173d-11f1-b5ba-eb4dd7bf3cf1,86.2681,32.8659,,6.52572,,,,1.40665,2.95158,-0.64636,4c216075-8757-4a7e-8832-fbd2b61f9361,2026-03-03,20:11:17.39,2026-03-03T15:11:17.3992960-05:00,2026-03-03T20:11:17.3992960Z,LineDrive,v3,471341,471366,ea8a05dd47fb4949855474378ed738c7,"Sheridan, Caden",10091036,Right,MOR_EAG,b288ebfd-1e56-490b-8c28-ac62c2808294,54.50773,-126.52611,11.51414,5.90787,-2.43262,-10.08926,-1.13539,2.65684,-3.46116,128.113523,1.40663,102.35812,-18.74716,4.54323,-0.94986,0.16988,-0.02581,0.0026,-7E-05,2.95157,42.70576,-15.8593,0.3486,0.0818,-0.00516,-0.01224,0.00536,-0.00067,-0.64636,-47.98725,-1.36028,0.99615,-0.36458,0.09672,-0.01927,0.00238,-0.00013,,,,,,,,,,,,,,,,,,,,,,,High,High,High,High,High,,,,,,,,,,,,,,,,,,,,,,,,,,,,,,,,,,,62.48073,7.19925,-6.45129
17,2026-03-03,15:11:57.78,2,1,"Wells, Cole",1000389183,Right,MOR_EAG,"Moore, Lucas",806169,Left,LOU_CAR,Undefined,1,Bottom,1,0,0,ChangeUp,Changeup,InPlay,Undefined,Bunt,Out,1,0,,82.37268,-1.893449,-1.854701,1990.487393,213.991605,1:15,5.69125,1.19358,6.28371,-27.62679,12.78028,7.78835,1.64239,0.13264,75.91851,-7.062523,-0.445957,0.457509,30.72557,-67.262195,-20.915923,,,,,3.26472,3.26472,-7.180791,0.042261,-4.57024,7.53044,-1.06058,50,5.53806,3.59587,-119.69882,-4.74501,-6.65672,22.25424,-21.20566,LOU_CAR,MOR_EAG,JimPatterson,D1,ACC,20260303-JimPatterson-1,3b7ce200-173d-11f1-b5ba-eb4dd7bf3cf1,82.38611,1.7806,,6.45417,,,,2.54206,1.7806,-0.14169,4c216075-8757-4a7e-8832-fbd2b61f9361,2026-03-03,20:11:57.78,2026-03-03T15:11:57.7868288-05:00,2026-03-03T20:11:57.7868288Z,GroundBall,v3,471341,471366,ea8a05dd47fb4949855474378ed738c7,"Sheridan, Caden",10091036,Right,MOR_EAG,072f8c63-4788-4584-b1dd-a8cd6301dcba,54.21602,-120.4801,11.12712,5.69157,-4.00054,-10.60283,-1.19093,3.82957,-3.32836,,2.54054,16.49406,,,,,,,,1.78449,-42.13373,,,,,,,,-0.14111,-6.30372,,,,,,,,,,,,,,,,,,,,,,,,,,,,,,High,High,High,Estimated,Estimated,,,,,,,,,,,,,,,,,,,,,,,,,,,,,,,,,,,13.56311,-82.43692,-2.91314
18,2026-03-03,15:12:36.94,3,1,"Wells, Cole",1000389183,Right,MOR_EAG,"Campbell, Kyle",830777,Right,LOU_CAR,Undefined,1,Bottom,2,0,0,Sinker,Changeup,FoulBallNotFieldable,Undefined,Undefined,Undefined,0,0,,86.1108,-1.084355,-2.261642,2129.34727,257.241905,2:30,5.77561,1.26062,5.87063,-32.57624,4.75146,16.32643,2.05282,0.51933,79.78527,-7.077703,0.669485,0.439731,,,,,,,,,,,,-8.98359,3.00756,-1.08732,50,5.66861,4.29787,-125.18801,-3.47208,-14.40196,22.85805,-27.35251,LOU_CAR,MOR_EAG,JimPatterson,D1,ACC,20260303-JimPatterson-1,52d8cd60-173d-11f1-b5ba-eb4dd7bf3cf1,85.71705,,,6.32552,,,,,,,4c216075-8757-4a7e-8832-fbd2b61f9361,2026-03-03,20:12:36.94,2026-03-03T15:12:36.9420288-05:00,2026-03-03T20:12:36.9420288Z,,v3,471341,471366,ea8a05dd47fb4949855474378ed738c7,"Sheridan, Caden",10091036,Right,MOR_EAG,90a8554a-f159-4d96-9e95-a55182a86628,54.6313,-126.0308,11.42903,5.77803,-2.46357,-13.67625,-1.25557,4.82888,-7.20098,,,,,,,,,,,,,,,,,,,,,,,,,,,,,,,,,,,,,,,,,,,,,,,,,,,High,High,High,,,,,,,,,,,,,,,,,,,,,,,,,,,,,,,,,,,,,,,
19,2026-03-03,15:12:59.40,3,2,"Wells, Cole",1000389183,Right,MOR_EAG,"Campbell, Kyle",830777,Right,LOU_CAR,Undefined,1,Bottom,2,0,1,Sinker,Sinker,StrikeCalled,Undefined,Undefined,Undefined,0,0,,86.53497,-1.059407,-3.066633,2127.957176,249.393321,2:15,5.66382,1.15553,5.77839,-29.3773,8.43103,18.97651,2.22845,-0.11921,78.63451,-6.519129,0.330425,0.442553,,,,,,,,,,,,-10.56154,5.00622,-0.91365,50,5.55871,5.92028,-125.4496,-3.3101,-16.6955,27.28348,-24.26033,LOU_CAR,MOR_EAG,JimPatterson,D1,ACC,20260303-JimPatterson-1,6036bd00-173d-11f1-b5ba-eb4dd7bf3cf1,85.17051,,,7.90047,,,,,,,4c216075-8757-4a7e-8832-fbd2b61f9361,2026-03-03,20:12:59.40,2026-03-03T15:12:59.4017280-05:00,2026-03-03T20:12:59.4017280Z,,v3,471341,471366,ea8a05dd47fb4949855474378ed738c7,"Sheridan, Caden",10091036,Right,MOR_EAG,2110e2e9-d9e9-4cd4-9310-2b58f8452fe9,54.7199,-126.47194,13.64174,5.66571,-2.40103,-12.13016,-1.14721,6.54588,-8.34775,,,,,,,,,,,,,,,,,,,,,,,,,,,,,,,,,,,,,,,,,,,,,,,,,,,High,High,High,,,,,,,,,,,,,,,,,,,,,,,,,,,,,,,,,,,,,,,
20,2026-03-03,15:13:15.71,3,3,"Wells, Cole",1000389183,Right,MOR_EAG,"Campbell, Kyle",830777,Right,LOU_CAR,Undefined,1,Bottom,2,0,2,Sinker,Changeup,BallCalled,Undefined,Undefined,Undefined,0,0,,86.29745,-1.936919,-3.802487,2189.176408,252.093421,2:30,5.57695,1.08157,5.89476,-30.76273,7.21118,18.22576,1.21044,-0.93516,78.44885,-7.645006,-0.5346,0.443521,,,,,,,,,,,,-10.48272,4.67654,-0.78551,50,5.4031,7.55665,-124.97721,-5.2555,-16.42406,27.39444,-24.847,LOU_CAR,MOR_EAG,JimPatterson,D1,ACC,20260303-JimPatterson-1,69e7d140-173d-11f1-b5ba-eb4dd7bf3cf1,84.98459,,,7.84859,,,,,,,4c216075-8757-4a7e-8832-fbd2b61f9361,2026-03-03,20:13:15.71,2026-03-03T15:13:15.7115904-05:00,2026-03-03T20:13:15.7115904Z,,v3,471341,471366,ea8a05dd47fb4949855474378ed738c7,"Sheridan, Caden",10091036,Right,MOR_EAG,7092bbcd-6225-4c4d-9cfc-e01990a37a4c,54.60387,-125.98231,13.69722,5.5792,-4.34386,-12.4235,-1.07382,8.15925,-8.21203,,,,,,,,,,,,,,,,,,,,,,,,,,,,,,,,,,,,,,,,,,,,,,,,,,,High,High,High,,,,,,,,,,,,,,,,,,,,,,,,,,,,,,,,,,,,,,,
21,2026-03-03,15:13:34.59,3,4,"Wells, Cole",1000389183,Right,MOR_EAG,"Campbell, Kyle",830777,Right,LOU_CAR,Undefined,1,Bottom,2,1,2,Slider,Slider,BallCalled,Undefined,Undefined,Undefined,0,0,,77.55238,1.078882,-1.420312,2361.699487,77.763623,8:30,5.81173,0.9407,5.21939,-49.95396,-1.37197,-14.54005,2.66372,-1.60664,70.03224,-8.037239,-3.997795,0.50166,,,,,,,,,,,,6.71012,-0.45469,-0.79852,50,5.87452,3.38266,-112.29592,0.38293,8.3938,24.19863,-32.74281,LOU_CAR,MOR_EAG,JimPatterson,D1,ACC,20260303-JimPatterson-1,754fe450-173d-11f1-b5ba-eb4dd7bf3cf1,75.1355,,,7.52015,,,,,,,4c216075-8757-4a7e-8832-fbd2b61f9361,2026-03-03,20:13:34.59,2026-03-03T15:13:34.5937920-05:00,2026-03-03T20:13:34.5937920Z,,v3,471341,471366,ea8a05dd47fb4949855474378ed738c7,"Sheridan, Caden",10091036,Right,MOR_EAG,767b8853-674a-4bfd-8c64-e70272ab6ca4,55.27688,-113.42734,12.09931,5.82083,1.91383,-16.3714,-0.9475,2.99021,4.1969,,,,,,,,,,,,,,,,,,,,,,,,,,,,,,,,,,,,,,,,,,,,,,,,,,,High,High,High,,,,,,,,,,,,,,,,,,,,,,,,,,,,,,,,,,,,,,,
22,2026-03-03,15:13:52.10,3,5,"Wells, Cole",1000389183,Right,MOR_EAG,"Campbell, Kyle",830777,Right,LOU_CAR,Undefined,1,Bottom,2,2,2,Fastball,Four-Seam,StrikeSwinging,Strikeout,Undefined,Undefined,0,0,,86.74514,-1.554716,-1.758658,2356.302434,205.477056,12:45,6.04149,0.86521,5.87168,-19.22525,18.92741,8.28965,2.99427,-0.078,77.30978,-5.255916,-0.271928,0.444563,,,,,,,,,,,,-4.80024,10.61182,-0.72742,50,5.90468,3.49257,-125.53589,-3.93344,-7.45941,31.61969,-15.68368,LOU_CAR,MOR_EAG,JimPatterson,D1,ACC,20260303-JimPatterson-1,7f9c7540-173d-11f1-b5ba-eb4dd7bf3cf1,84.78528,,,9.43536,,,,,,,4c216075-8757-4a7e-8832-fbd2b61f9361,2026-03-03,20:13:52.10,2026-03-03T15:13:52.1070000-05:00,2026-03-03T20:13:52.1070000Z,,v3,471341,471366,ea8a05dd47fb4949855474378ed738c7,"Sheridan, Caden",10091036,Right,MOR_EAG,b99d8489-81d7-4ea8-b6a5-41674e193ebe,54.61989,-126.6942,15.80985,6.03825,-3.35891,-7.84184,-0.86037,3.76582,-3.7297,,,,,,,,,,,,,,,,,,,,,,,,,,,,,62.34591,,,1.166235,,,,-1.15988,5.49813,-3.46304,82.20087,2.90203,42.58289,-1.12027,79.48329,-7.13831,5.50262,11.39273,-11.72346,-3.44959,42.38641,-2.58446,High,High,High,,,High,Medium,Medium,,,,,,,,,,,,,,,,,,,,,,,,,,,,,,,,,,
23,2026-03-03,15:16:37.74,1,1,"Hartman, Colton",806118,Left,LOU_CAR,"Kean, Alex",10148157,Left,MOR_EAG,Undefined,2,Top,0,0,0,Cutter,Slider,BallCalled,Undefined,Undefined,Undefined,0,0,,86.01707,-2.945908,2.388168,2537.51705,215.142989,1:15,5.88051,-1.43217,5.52417,-32.29801,6.27788,3.52949,0.43006,1.09595,78.88552,-8.845201,3.017547,0.447022,,,,,,,,,,,,-1.08787,4.41882,1.22197,50,5.60246,-5.34601,-124.5885,-7.55992,-1.70226,26.07303,-25.25956,LOU_CAR,MOR_EAG,JimPatterson,D1,ACC,20260303-JimPatterson-1,e25dad70-173d-11f1-b5ba-eb4dd7bf3cf1,84.31892,,,7.13155,,,,,,,4c216075-8757-4a7e-8832-fbd2b61f9361,2026-03-03,20:16:37.74,2026-03-03T15:16:37.7451520-05:00,2026-03-03T20:16:37.7451520Z,,v3,471341,471366,ea8a05dd47fb4949855474378ed738c7,"Nugent, Jimmy",838635,Right,LOU_CAR,dce8ce0e-c628-47b4-bfc7-e373eecd7034,54.97355,-125.62502,13.03652,5.88304,-6.55574,-12.62978,1.43315,-5.27834,-0.85113,,,,,,,,,,,,,,,,,,,,,,,,,,,,,,,,,,,,,,,,,,,,,,,,,,,High,High,High,,,,,,,,,,,,,,,,,,,,,,,,,,,,,,,,,,,,,,,
24,2026-03-03,15:16:52.53,1,2,"Hartman, Colton",806118,Left,LOU_CAR,"Kean, Alex",10148157,Left,MOR_EAG,Undefined,2,Top,0,1,0,Cutter,Slider,StrikeSwinging,Undefined,Undefined,Undefined,0,0,,85.81677,-1.562945,1.564523,2555.532502,221.016968,1:15,5.93031,-1.40414,5.29812,-30.9686,7.82603,5.75233,1.88132,0.54443,78.83117,-7.225518,2.585984,0.448288,,,,,,,,,,,,-2.44421,4.73118,1.25758,50,5.76577,-3.65192,-124.48957,-4.5219,-3.83924,24.77377,-24.74251,LOU_CAR,MOR_EAG,JimPatterson,D1,ACC,20260303-JimPatterson-1,eb341920-173d-11f1-b5ba-eb4dd7bf3cf1,84.08084,,,6.9856,,,,,,,4c216075-8757-4a7e-8832-fbd2b61f9361,2026-03-03,20:16:52.53,2026-03-03T15:16:52.5336064-05:00,2026-03-03T20:16:52.5336064Z,,v3,471341,471366,ea8a05dd47fb4949855474378ed738c7,"Nugent, Jimmy",838635,Right,LOU_CAR,6b4766a2-22f0-4b87-9b11-2bd81e343eb9,55.19961,-125.52004,12.38688,5.93246,-3.49273,-12.37125,1.40616,-3.49222,-1.91962,,,,,,,,,,,,,,,,,,,,,,,,,,,,,,,,,,,,,,,,,,,,,,,,,,,High,High,High,,,,,,,,,,,,,,,,,,,,,,,,,,,,,,,,,,,,,,,
25,2026-03-03,15:17:09.16,1,3,"Hartman, Colton",806118,Left,LOU_CAR,"Kean, Alex",10148157,Left,MOR_EAG,Undefined,2,Top,0,1,1,Fastball,Four-Seam,StrikeCalled,Undefined,Undefined,Undefined,0,0,,91.22627,-3.105861,2.654562,2284.511487,162.551196,11:30,5.93357,-1.22317,5.88947,-18.22832,15.66178,-4.5602,1.52475,0.8634,83.04357,-6.545578,1.83709,0.418994,,,,,,,,,,,,3.09697,9.26138,1.01163,50,5.6723,-5.92373,-132.11298,-7.73804,5.44327,29.59954,-15.89618,LOU_CAR,MOR_EAG,JimPatterson,D1,ACC,20260303-JimPatterson-1,f5116d80-173d-11f1-b5ba-eb4dd7bf3cf1,89.95939,,,8.18271,,,,,,,4c216075-8757-4a7e-8832-fbd2b61f9361,2026-03-03,20:17:09.16,2026-03-03T15:17:09.1642880-05:00,2026-03-03T20:17:09.1642880Z,,v3,471341,471366,ea8a05dd47fb4949855474378ed738c7,"Nugent, Jimmy",838635,Right,LOU_CAR,7a147dbf-c04b-43cb-b67b-23f0ec258901,54.6065,-133.14105,14.79977,5.93148,-7.18593,-7.94809,1.22066,-6.11279,2.72164,,,,,,,,,,,,,,,,,,,,,,,,,,,,,,,,,,,,,,,,,,,,,,,,,,,High,High,High,,,,,,,,,,,,,,,,,,,,,,,,,,,,,,,,,,,,,,,
26,2026-03-03,15:17:25.99,1,4,"Hartman, Colton",806118,Left,LOU_CAR,"Kean, Alex",10148157,Left,MOR_EAG,Undefined,2,Top,0,1,2,Curveball,Curveball,StrikeSwinging,Strikeout,Undefined,Undefined,0,0,,73.79345,0.601338,-0.068539,2577.339226,319.768337,4:45,6.10598,-1.25789,4.96733,-68.4896,-14.73583,14.02528,0.96657,-0.15386,67.63248,-11.686624,2.418085,0.527686,,,,,,,,,,,,-6.97847,-6.97654,1.25241,50,6.10753,-0.41751,-107.04425,-1.25804,-7.97184,21.14326,-40.14371,LOU_CAR,MOR_EAG,JimPatterson,D1,ACC,20260303-JimPatterson-1,ff34a480-173d-11f1-b5ba-eb4dd7bf3cf1,71.42961,,,6.16097,,,,,,,4c216075-8757-4a7e-8832-fbd2b61f9361,2026-03-03,20:17:25.99,2026-03-03T15:17:25.9946496-05:00,2026-03-03T20:17:25.9946496Z,,v3,471341,471366,ea8a05dd47fb4949855474378ed738c7,"Nugent, Jimmy",838635,Right,LOU_CAR,8cdba5ad-ebac-4f2d-bdf5-c68531adc136,55.53566,-108.13212,10.57163,6.11912,0.80744,-20.07186,1.26334,-0.00734,-3.98592,,,,,,,,,,,,,,,,,,,,,,,,,,,,,,,,,,,,,,,,,,,,,,,,,,,High,High,High,,,,,,,,,,,,,,,,,,,,,,,,,,,,,,,,,,,,,,,
27,2026-03-03,15:17:58.47,2,1,"Hartman, Colton",806118,Left,LOU_CAR,"McCubbin, Ian",1000309976,Right,MOR_EAG,Undefined,2,Top,1,0,0,Fastball,Four-Seam,BallCalled,Undefined,Undefined,Undefined,0,0,,91.38044,-1.623663,0.572479,2184.447981,167.018418,11:30,5.9384,-1.42778,5.34614,-15.2665,19.6734,-4.22051,3.14269,-1.24248,81.60515,-4.56258,-0.177357,0.425434,,,,,,,,,,,,2.28335,10.74934,1.37923,50,5.78178,-1.11614,-132.21138,-4.19746,3.95112,34.06758,-13.5733,LOU_CAR,MOR_EAG,JimPatterson,D1,ACC,20260303-JimPatterson-1,12758960-173e-11f1-b5ba-eb4dd7bf3cf1,88.59761,,,9.77528,,,,,,,4c216075-8757-4a7e-8832-fbd2b61f9361,2026-03-03,20:17:58.47,2026-03-03T15:17:58.4773120-05:00,2026-03-03T20:17:58.4773120Z,,v3,471341,471366,ea8a05dd47fb4949855474378ed738c7,"Nugent, Jimmy",838635,Right,LOU_CAR,046bbc4f-fc07-4bdc-b401-2cadea2f2d44,55.14571,-133.53072,17.03379,5.93416,-3.67181,-6.78665,1.42542,-1.26915,1.97556,,,,,,,,,,,,,,,,,,,,,,,,,,,,,,,,,,,,,,,,,,,,,,,,,,,High,High,High,,,,,,,,,,,,,,,,,,,,,,,,,,,,,,,,,,,,,,,
28,2026-03-03,15:18:14.99,2,2,"Hartman, Colton",806118,Left,LOU_CAR,"McCubbin, Ian",1000309976,Right,MOR_EAG,Undefined,2,Top,1,1,0,Fastball,Four-Seam,StrikeSwinging,Undefined,Undefined,Undefined,0,0,,90.34387,-3.232834,2.623263,2266.354615,161.450085,11:30,6.037,-1.41284,5.9295,-16.18221,18.95029,-5.88989,1.68264,0.53197,80.76086,-6.355433,1.566745,0.426605,,,,,,,,,,,,3.89736,11.19166,1.20629,50,5.76915,-5.71954,-130.5722,-7.81734,6.56712,33.63503,-13.31589,LOU_CAR,MOR_EAG,JimPatterson,D1,ACC,20260303-JimPatterson-1,1c513010-173e-11f1-b5ba-eb4dd7bf3cf1,88.35443,,,9.58301,,,,,,,4c216075-8757-4a7e-8832-fbd2b61f9361,2026-03-03,20:18:14.99,2026-03-03T15:18:14.9921792-05:00,2026-03-03T20:18:14.9921792Z,,v3,471341,471366,ea8a05dd47fb4949855474378ed738c7,"Nugent, Jimmy",838635,Right,LOU_CAR,766a0220-aa61-4740-8803-63f41638ec8f,54.56326,-131.74244,16.81752,6.03307,-7.35405,-6.65794,1.40926,-5.94802,3.28356,,,,,,,,,,,,,,,,,,,,,,,,,,,,,,,,,,,,,,,,,,,,,,,,,,,High,High,High,,,,,,,,,,,,,,,,,,,,,,,,,,,,,,,,,,,,,,,
29,2026-03-03,15:18:31.51,2,3,"Hartman, Colton",806118,Left,LOU_CAR,"McCubbin, Ian",1000309976,Right,MOR_EAG,Undefined,2,Top,1,1,1,Fastball,Four-Seam,StrikeSwinging,Undefined,Undefined,Undefined,0,0,,91.80865,-2.670753,1.362289,2256.026983,156.394549,11:15,6.00955,-1.4187,5.40218,-14.87544,19.74918,-8.03016,2.26484,-0.81114,81.98406,-5.535882,-0.065665,0.42351,,,,,,,,,,,,4.47189,11.19855,1.30302,50,5.76159,-2.7721,-132.73787,-6.62874,7.79024,34.66031,-12.66557,LOU_CAR,MOR_EAG,JimPatterson,D1,ACC,20260303-JimPatterson-1,26333f60-173e-11f1-b5ba-eb4dd7bf3cf1,89.00003,,,9.82459,,,,,,,4c216075-8757-4a7e-8832-fbd2b61f9361,2026-03-03,20:18:31.51,2026-03-03T15:18:31.5127808-05:00,2026-03-03T20:18:31.5127808Z,,v3,471341,471366,ea8a05dd47fb4949855474378ed738c7,"Nugent, Jimmy",838635,Right,LOU_CAR,a052e433-81c9-48a1-aa16-a6e8ebac83c8,55.091,-134.06063,17.33015,6.00534,-6.14538,-6.33279,1.41448,-3.06941,3.89512,,,,,,,,,,,,,,,,,,,,,,,,,,,,,,,,,,,,,,,,,,,,,,,,,,,High,High,High,,,,,,,,,,,,,,,,,,,,,,,,,,,,,,,,,,,,,,,
30,2026-03-03,15:18:47.65,2,4,"Hartman, Colton",806118,Left,LOU_CAR,"McCubbin, Ian",1000309976,Right,MOR_EAG,Undefined,2,Top,1,1,2,Fastball,Four-Seam,StrikeSwinging,Strikeout,Undefined,Undefined,0,0,,91.70994,-2.009556,1.766937,2233.588364,152.435613,11:00,5.95419,-1.4124,5.82943,-16.74528,17.00198,-8.24154,2.68907,-0.45617,82.78649,-5.207461,0.289916,0.41811,,,,,,,,,,,,4.72988,9.6439,1.27284,50,5.78023,-3.72741,-132.8983,-5.16343,8.35076,31.88876,-15.14742,LOU_CAR,MOR_EAG,JimPatterson,D1,ACC,20260303-JimPatterson-1,2fcc10b0-173e-11f1-b5ba-eb4dd7bf3cf1,90.14958,,,8.92345,,,,,,,4c216075-8757-4a7e-8832-fbd2b61f9361,2026-03-03,20:18:47.65,2026-03-03T15:18:47.6540000-05:00,2026-03-03T20:18:47.6540000Z,,v3,471341,471366,ea8a05dd47fb4949855474378ed738c7,"Nugent, Jimmy",838635,Right,LOU_CAR,c32efd7c-5a89-47d0-b9dd-cfb51b28d767,54.66568,-134.01315,15.94438,5.95148,-4.63386,-7.57371,1.40825,-4.01936,4.17538,,,,,,,,,,,,,,,,,,,,,,,,,,,,,51.28714,2.620548,1.151846,1.468701,-1.18795,2.44738,0.44464,-6.52037,3.37709,4.53732,66.01961,10.591,58.78001,-6.36861,55.91114,-4.50313,3.54491,27.96227,-15.7609,4.5433,39.02173,-1.4256,High,High,High,,,High,High,High,,,,,,,,,,,,,,,,,,,,,,,,,,,,,,,,,,
31,2026-03-03,15:19:18.15,3,1,"Hartman, Colton",806118,Left,LOU_CAR,"Griffith, Nick",10049364,Left,MOR_EAG,Undefined,2,Top,2,0,0,Fastball,Four-Seam,InPlay,Undefined,GroundBall,Single,0,0,,90.36567,-2.334454,1.83418,2245.392371,160.210631,11:15,6.00512,-1.20371,5.58749,-19.21761,16.04517,-5.29803,2.22143,0.06812,81.28649,-5.969807,0.888897,0.427395,99.94247,6.589984,10.440744,2954.787882,108.00459,4.10262,20.85652,139.69133,139.69133,11.151715,1.118571,3.28815,9.26871,1.04974,50,5.7924,-3.95119,-130.81552,-5.9523,5.59541,32.22171,-16.4015,LOU_CAR,MOR_EAG,JimPatterson,D1,ACC,20260303-JimPatterson-1,41fbfac0-173e-11f1-b5ba-eb4dd7bf3cf1,88.19105,6.17741,,9.07918,,,,0.98935,2.19141,-0.09629,4c216075-8757-4a7e-8832-fbd2b61f9361,2026-03-03,20:19:18.15,2026-03-03T15:19:18.1502464-05:00,2026-03-03T20:19:18.1502464Z,LineDrive,v3,471341,471366,ea8a05dd47fb4949855474378ed738c7,"Nugent, Jimmy",838635,Right,LOU_CAR,60367b82-5721-49ff-8874-605cf14332fa,54.9083,-132.01896,16.11085,6.00327,-5.33972,-8.20075,1.20121,-4.16017,2.79771,262.415568,0.98935,143.20261,-24.06727,5.37178,-1.23407,0.29808,-0.07164,0.01424,-0.00161,2.19141,16.82227,-18.62666,2.08005,-0.49843,0.12064,-0.02845,0.00575,-0.00065,-0.09629,26.38787,-2.41261,0.54763,-0.12163,0.02896,-0.00706,0.00142,-0.00016,,,,,,,,,,,,,,,,,,,,,,,High,High,High,High,High,,,,,,,,,,,,,,,,,,,,,,,,,,,,,,,,,,,,,
32,2026-03-03,15:19:57.31,4,1,"Hartman, Colton",806118,Left,LOU_CAR,"Correa, Jaden",1000159957,Right,MOR_EAG,Undefined,2,Top,2,0,0,Curveball,Curveball,BallCalled,Undefined,Undefined,Undefined,0,0,,77.57823,-0.270292,1.421216,2504.751357,332.148212,5:00,6.06775,-1.3198,4.92903,-66.30653,-16.87717,9.91292,0.28662,0.85001,70.25663,-12.155965,3.177642,0.506016,,,,,,,,,,,,-4.39697,-7.76556,1.1727,50,5.98598,-3.1943,-112.30743,-2.96933,-5.44777,26.00694,-41.79543,LOU_CAR,MOR_EAG,JimPatterson,D1,ACC,20260303-JimPatterson-1,595cef30-173e-11f1-b5ba-eb4dd7bf3cf1,74.48868,,,7.3216,,,,,,,4c216075-8757-4a7e-8832-fbd2b61f9361,2026-03-03,20:19:57.31,2026-03-03T15:19:57.3116416-05:00,2026-03-03T20:19:57.3116416Z,,v3,471341,471366,ea8a05dd47fb4949855474378ed738c7,"Nugent, Jimmy",838635,Right,LOU_CAR,ea36fbaf-b2c7-4417-889e-7428fdde3024,55.57186,-113.59037,13.00347,6.0816,-0.90754,-20.89772,1.32365,-2.92556,-2.72388,,,,,,,,,,,,,,,,,,,,,,,,,,,,,,,,,,,,,,,,,,,,,,,,,,,High,High,High,,,,,,,,,,,,,,,,,,,,,,,,,,,,,,,,,,,,,,,
33,2026-03-03,15:20:53.88,4,2,"Hartman, Colton",806118,Left,LOU_CAR,"Correa, Jaden",1000159957,Right,MOR_EAG,Undefined,2,Top,2,1,0,ChangeUp,Changeup,BallCalled,Undefined,Undefined,Undefined,0,0,,85.45169,-3.827908,3.922406,1739.686261,121.428106,10:00,5.93972,-1.35458,6.31407,-29.41734,9.17705,-12.63528,-0.0512,1.21111,77.26602,-9.326241,1.638889,0.44713,,,,,,,,,,,,7.92146,6.47146,1.07301,50,5.64465,-7.98786,-123.5027,-9.15821,11.99653,29.06377,-22.37343,LOU_CAR,MOR_EAG,JimPatterson,D1,ACC,20260303-JimPatterson-1,7b082aa0-173e-11f1-b5ba-eb4dd7bf3cf1,84.29868,,,8.18567,,,,,,,4c216075-8757-4a7e-8832-fbd2b61f9361,2026-03-03,20:20:53.88,2026-03-03T15:20:53.8889216-05:00,2026-03-03T20:20:53.8889216Z,,v3,471341,471366,ea8a05dd47fb4949855474378ed738c7,"Nugent, Jimmy",838635,Right,LOU_CAR,4e826d82-9423-4a8b-b9ea-82a8c2d9113d,54.18372,-124.48336,14.53189,5.94093,-8.40329,-11.18672,1.34936,-8.39264,5.99826,,,,,,,,,,,,,,,,,,,,,,,,,,,,,,,,,,,,,,,,,,,,,,,,,,,High,High,High,,,,,,,,,,,,,,,,,,,,,,,,,,,,,,,,,,,,,,,
34,2026-03-03,15:21:14.75,4,3,"Hartman, Colton",806118,Left,LOU_CAR,"Correa, Jaden",1000159957,Right,MOR_EAG,Undefined,2,Top,2,2,0,Fastball,Four-Seam,InPlay,Undefined,LineDrive,Single,0,0,,89.87174,-1.93922,0.93838,2226.999876,150.081765,11:00,5.98595,-1.39157,5.50662,-17.36214,18.07489,-9.68835,2.72461,-1.32127,81.40325,-5.230329,-0.788307,0.42845,95.78247,6.119175,29.969698,3080.356203,,,,131.93872,131.93872,34.466724,1.09139,5.18307,10.08012,1.31642,50,5.8054,-1.7003,-130.28495,-4.95677,8.82095,29.89221,-15.01897,LOU_CAR,MOR_EAG,JimPatterson,D1,ACC,20260303-JimPatterson-1,87772660-173e-11f1-b5ba-eb4dd7bf3cf1,87.97399,5.88404,,8.46849,,,,0.31525,2.52603,1.30522,4c216075-8757-4a7e-8832-fbd2b61f9361,2026-03-03,20:21:14.75,2026-03-03T15:21:14.7577856-05:00,2026-03-03T20:21:14.7577856Z,GroundBall,v3,471341,471366,ea8a05dd47fb4949855474378ed738c7,"Nugent, Jimmy",838635,Right,LOU_CAR,dba182a2-8bcd-4e39-8899-4c91aa536cbd,54.99054,-131.42497,14.94611,5.98352,-4.38398,-7.50949,1.38768,-2.03671,4.41047,,0.52418,118.35175,-17.71284,,,,,,,2.59855,14.06305,-15.12231,,,,,,,1.28224,70.08558,-2.59216,,,,,,,,,,,,,,,,,,,,,,,,,,,,,High,High,High,High,High,,,,,,,,,,,,,,,,,,,,,,,,,,,,,,,,,,,,,
35,2026-03-03,15:21:58.82,5,1,"Hartman, Colton",806118,Left,LOU_CAR,"Peak, Austyn",1000157632,Right,MOR_EAG,Undefined,2,Top,2,0,0,Curveball,Curveball,BallCalled,Undefined,Undefined,Undefined,0,0,,77.76889,0.830217,1.199697,2501.813333,309.668318,4:15,6.05599,-1.38125,4.99135,-62.21409,-13.18717,18.14969,1.6556,1.26414,70.17979,-10.387932,4.411122,0.503951,,,,,,,,,,,,-8.45563,-6.1376,1.25063,50,6.08597,-3.12825,-112.57935,-0.67322,-10.54513,25.81892,-39.82836,LOU_CAR,MOR_EAG,JimPatterson,D1,ACC,20260303-JimPatterson-1,a1c77290-173e-11f1-b5ba-eb4dd7bf3cf1,74.7938,,,7.58911,,,,,,,4c216075-8757-4a7e-8832-fbd2b61f9361,2026-03-03,20:21:58.82,2026-03-03T15:21:58.8272128-05:00,2026-03-03T20:21:58.8272128Z,,v3,471341,471366,ea8a05dd47fb4949855474378ed738c7,"Nugent, Jimmy",838635,Right,LOU_CAR,d22922e7-fccc-4099-8c6b-1b6fcce1d34e,55.50773,-113.83549,12.90946,6.07159,1.2645,-19.91418,1.39035,-2.61521,-5.27257,,,,,,,,,,,,,,,,,,,,,,,,,,,,,,,,,,,,,,,,,,,,,,,,,,,High,High,High,,,,,,,,,,,,,,,,,,,,,,,,,,,,,,,,,,,,,,,
36,2026-03-03,15:22:18.78,5,2,"Hartman, Colton",806118,Left,LOU_CAR,"Peak, Austyn",1000157632,Right,MOR_EAG,Undefined,2,Top,2,1,0,Fastball,Four-Seam,StrikeCalled,Undefined,Undefined,Undefined,0,0,,90.5287,-1.699766,0.724143,2316.06041,161.675664,11:30,6.02509,-1.26778,5.43825,-17.62717,17.32375,-5.33929,2.96391,-1.0346,82.10321,-5.029665,-0.226233,0.425501,,,,,,,,,,,,2.88004,9.55674,1.20742,50,5.86284,-1.40995,-131.232,-4.46117,4.98562,29.67308,-15.63034,LOU_CAR,MOR_EAG,JimPatterson,D1,ACC,20260303-JimPatterson-1,ada6ff90-173e-11f1-b5ba-eb4dd7bf3cf1,88.58364,,,8.42548,,,,,,,4c216075-8757-4a7e-8832-fbd2b61f9361,2026-03-03,20:22:18.78,2026-03-03T15:22:18.7875840-05:00,2026-03-03T20:22:18.7875840Z,,v3,471341,471366,ea8a05dd47fb4949855474378ed738c7,"Nugent, Jimmy",838635,Right,LOU_CAR,2a3dc898-5371-4df0-bf86-c7b3603b7e9b,55.05688,-132.37048,14.83654,6.0225,-3.86147,-7.81517,1.26518,-1.60123,2.49281,,,,,,,,,,,,,,,,,,,,,,,,,,,,,,,,,,,,,,,,,,,,,,,,,,,High,High,High,,,,,,,,,,,,,,,,,,,,,,,,,,,,,,,,,,,,,,,
37,2026-03-03,15:22:38.77,5,3,"Hartman, Colton",806118,Left,LOU_CAR,"Peak, Austyn",1000157632,Right,MOR_EAG,Undefined,2,Top,2,1,1,Fastball,Four-Seam,InPlay,Undefined,Popup,Out,1,0,,90.49289,-2.947751,2.146072,2312.782072,149.832947,11:00,5.98205,-1.33971,5.55522,-15.55521,19.99131,-10.78331,1.92716,-0.23219,80.66812,-5.94999,0.223968,0.429111,81.11763,70.338538,23.718123,,,,,,37.2697,,,6.21221,11.55012,1.16152,50,5.7173,-4.41047,-130.79068,-7.18449,10.47476,34.41425,-12.69871,LOU_CAR,MOR_EAG,JimPatterson,D1,ACC,20260303-JimPatterson-1,b98c8000-173e-11f1-b5ba-eb4dd7bf3cf1,87.83841,106.92956,,9.82477,,,,1.53,2.06264,0.06528,4c216075-8757-4a7e-8832-fbd2b61f9361,2026-03-03,20:22:38.77,2026-03-03T15:22:38.7736576-05:00,2026-03-03T20:22:38.7736576Z,,v3,471341,471366,ea8a05dd47fb4949855474378ed738c7,"Nugent, Jimmy",838635,Right,LOU_CAR,74fccb39-a448-4eb3-8283-65dc7538001b,54.93966,-132.08403,17.20713,5.97834,-6.70725,-6.34935,1.33467,-4.80412,5.23738,192.241012,1.53,36.64856,-17.53025,6.07864,-1.63547,0.4065,-0.09362,0.017,-0.00171,2.06264,112.03589,-29.15624,3.31098,-0.42642,0.01462,0.01027,-0.00356,0.00046,0.06528,16.10143,1.08993,-0.98503,0.3656,-0.10836,0.02789,-0.00542,0.00056,,,,,,,,,,,,,,,,,,,,,,,High,High,High,Medium,Undefined,,,,,,,,,,,,,,,,,,,,,,,,,,,,,,,,,,,64.31373,14.53999,-14.07423
38,2026-03-03,15:24:58.37,1,1,"Wells, Cole",1000389183,Right,MOR_EAG,"Davis, Tague",805538,Left,LOU_CAR,Undefined,2,Bottom,0,0,0,Sinker,Changeup,BallCalled,Undefined,Undefined,Undefined,0,0,,85.03308,-2.945558,-2.549076,2193.380871,238.261911,2:00,5.8436,1.19839,5.88301,-28.02565,11.1269,15.75729,0.76765,0.14277,77.33294,-8.159345,0.280362,0.450351,,,,,,,,,,,,-8.8502,7.01524,-1.00165,50,5.58943,4.84504,-123.16515,-7.23266,-13.44931,26.90387,-21.51323,LOU_CAR,MOR_EAG,JimPatterson,D1,ACC,20260303-JimPatterson-1,0cc28850-173f-11f1-b5ba-eb4dd7bf3cf1,83.69566,,,7.70014,,,,,,,4c216075-8757-4a7e-8832-fbd2b61f9361,2026-03-03,20:24:58.37,2026-03-03T15:24:58.3792128-05:00,2026-03-03T20:24:58.3792128Z,,v3,471341,471366,ea8a05dd47fb4949855474378ed738c7,"Sheridan, Caden",10091036,Right,MOR_EAG,99af157d-a4b7-4cae-a03a-3fcec6781899,54.61479,-124.1691,13.45194,5.84435,-6.42987,-10.75661,-1.19181,5.34691,-6.72466,,,,,,,,,,,,,,,,,,,,,,,,,,,,,,,,,,,,,,,,,,,,,,,,,,,High,High,High,,,,,,,,,,,,,,,,,,,,,,,,,,,,,,,,,,,,,,,
39,2026-03-03,15:25:14.57,1,2,"Wells, Cole",1000389183,Right,MOR_EAG,"Davis, Tague",805538,Left,LOU_CAR,Undefined,2,Bottom,0,1,0,ChangeUp,Changeup,FoulBallNotFieldable,Undefined,Undefined,Undefined,0,0,,80.5292,-1.365527,-3.289478,2024.025809,229.696617,1:45,5.72958,1.00522,6.31478,-29.58714,13.45579,14.02835,2.00389,-0.85902,72.87352,-6.953693,-0.75459,0.472196,83.92647,13.050364,52.600725,3801.447691,62.83809,9.44392,90.28495,150.29303,145.02338,56.944389,1.493849,-8.40457,7.88489,-0.77094,50,5.61544,6.20894,-116.73951,-3.59312,-11.42459,25.046,-21.4559,LOU_CAR,MOR_EAG,JimPatterson,D1,ACC,20260303-JimPatterson-1,166e9380-173f-11f1-b5ba-eb4dd7bf3cf1,79.82371,11.63223,,7.65568,,,,3.42071,2.52438,0.8028,4c216075-8757-4a7e-8832-fbd2b61f9361,2026-03-03,20:25:14.57,2026-03-03T15:25:14.5796608-05:00,2026-03-03T20:25:14.5796608Z,LineDrive,v3,471341,471366,ea8a05dd47fb4949855474378ed738c7,"Sheridan, Caden",10091036,Right,MOR_EAG,a32c1367-7f83-45de-a234-125212b20f54,54.18346,-117.63363,12.523,5.73004,-2.82716,-10.72795,-0.99987,6.61679,-5.71229,,3.42071,72.83084,-17.50983,3.59092,-0.84277,0.21633,-0.07799,0.02457,-0.00367,2.52438,27.79507,-22.74397,2.63876,-0.56598,0.13323,-0.03299,0.00797,-0.00105,0.8028,95.2614,-8.23133,0.36058,0.05972,-0.06542,0.03248,-0.0116,0.00184,,,,,,,,,,,,,,,,,,,,,,,High,High,High,High,High,,,,,,,,,,,,,,,,,,,,,,,,,,,,,,,,,,,79.8535,24.95973,40.78378
40,2026-03-03,15:25:38.43,1,3,"Wells, Cole",1000389183,Right,MOR_EAG,"Davis, Tague",805538,Left,LOU_CAR,Undefined,2,Bottom,0,1,1,Slider,Curveball,BallCalled,Undefined,Undefined,Undefined,0,0,,75.63337,0.295157,-2.693431,2389.429066,66.597072,8:15,5.90284,1.17564,5.30961,-51.13948,-0.6387,-5.44992,1.91858,-1.80856,69.05298,-9.007592,-3.660635,0.51147,,,,,,,,,,,,1.89362,0.09976,-0.92705,50,5.8927,5.36535,-109.58188,-1.12751,2.27684,21.38349,-32.05408,LOU_CAR,MOR_EAG,JimPatterson,D1,ACC,20260303-JimPatterson-1,24af9020-173f-11f1-b5ba-eb4dd7bf3cf1,73.6943,,,6.58039,,,,,,,4c216075-8757-4a7e-8832-fbd2b61f9361,2026-03-03,20:25:38.43,2026-03-03T15:25:38.4392704-05:00,2026-03-03T20:25:38.4392704Z,,v3,471341,471366,ea8a05dd47fb4949855474378ed738c7,"Sheridan, Caden",10091036,Right,MOR_EAG,1bd8fa75-2ed1-4603-9297-66da50ca51ca,55.18864,-110.58974,10.69174,5.91024,0.38329,-16.02704,-1.1774,5.25804,1.13842,,,,,,,,,,,,,,,,,,,,,,,,,,,,,,,,,,,,,,,,,,,,,,,,,,,High,High,High,,,,,,,,,,,,,,,,,,,,,,,,,,,,,,,,,,,,,,,
41,2026-03-03,15:25:55.82,1,4,"Wells, Cole",1000389183,Right,MOR_EAG,"Davis, Tague",805538,Left,LOU_CAR,Undefined,2,Bottom,0,2,1,Fastball,Four-Seam,InPlay,Undefined,GroundBall,Single,0,0,,86.21886,-2.68902,-2.546072,2365.580128,206.62664,1:00,5.94376,1.02559,5.99521,-17.42434,20.60367,9.63233,1.99558,-0.53266,77.86234,-6.038424,-0.815768,0.443837,98.45911,2.856101,30.282084,2536.597361,,,,78.18103,73.63599,31.721306,0.576753,-5.7654,11.84985,-0.83028,50,5.72222,5.16187,-124.87105,-6.3284,-8.9757,28.43013,-13.72592,LOU_CAR,MOR_EAG,JimPatterson,D1,ACC,20260303-JimPatterson-1,2f019f50-173f-11f1-b5ba-eb4dd7bf3cf1,84.92411,2.94981,,8.35652,,,,1.89582,2.31882,0.58925,4c216075-8757-4a7e-8832-fbd2b61f9361,2026-03-03,20:25:55.82,2026-03-03T15:25:55.8283264-05:00,2026-03-03T20:25:55.8283264Z,GroundBall,v3,471341,471366,ea8a05dd47fb4949855474378ed738c7,"Sheridan, Caden",10091036,Right,MOR_EAG,55381fd4-683f-48d0-b6f5-1877e97793e9,54.50152,-125.89177,14.21506,5.94058,-5.8356,-6.86296,-1.02139,5.48412,-4.48785,,1.93079,123.72787,-20.50769,,,,,,,2.34037,6.69025,-18.69598,,,,,,,0.58839,72.75027,-4.32935,,,,,,,,,,,,,,,,,,,,,,,,,,,,,High,High,High,Medium,High,,,,,,,,,,,,,,,,,,,,,,,,,,,,,,,,,,,81.7287,14.68692,14.18687
42,2026-03-03,15:26:36.82,2,1,"Wells, Cole",1000389183,Right,MOR_EAG,"Hot, Bayram",822496,Right,LOU_CAR,Undefined,2,Bottom,0,0,0,Sinker,Changeup,InPlay,Undefined,LineDrive,Out,1,0,,85.27606,-1.39668,-3.02261,2118.939239,236.570586,2:00,5.82349,1.35018,6.1313,-27.52147,10.47772,14.09863,2.23702,-0.27134,78.37035,-6.532212,-0.482658,0.443669,98.67149,20.910691,18.886366,4184.396792,101.54019,36.54253,42.30341,306.28589,297.75868,29.787347,3.615422,-8.12733,6.14677,-1.12645,50,5.7023,5.99568,-123.81753,-3.86827,-12.65611,24.00323,-22.60213,LOU_CAR,MOR_EAG,JimPatterson,D1,ACC,20260303-JimPatterson-1,476d4d00-173f-11f1-b5ba-eb4dd7bf3cf1,84.9563,44.75143,,6.90571,,,,1.1213,2.25343,0.29092,4c216075-8757-4a7e-8832-fbd2b61f9361,2026-03-03,20:26:36.82,2026-03-03T15:26:36.8228352-05:00,2026-03-03T20:26:36.8228352Z,LineDrive,v3,471341,471366,ea8a05dd47fb4949855474378ed738c7,"Sheridan, Caden",10091036,Right,MOR_EAG,81a9c6cc-1c41-440b-a2f2-85c6261c0d5e,54.3687,-124.66157,12.00161,5.82434,-3.0735,-11.30107,-1.34511,6.44072,-6.32805,228.346276,1.1215,127.90573,-27.4703,6.13771,-1.2741,0.24249,-0.04138,0.00471,-0.00022,2.25326,51.65369,-16.94703,0.87815,-0.1098,0.02647,-0.00641,0.00149,-0.00015,0.29085,43.75633,2.14201,-1.77708,0.59512,-0.17245,0.04206,-0.00645,0.00043,,,,,,,,,,,,,,,,,,,,,,,High,High,High,High,High,,,,,,,,,,,,,,,,,,,,,,,,,,,,,,,,,,,,,
43,2026-03-03,15:27:17.02,3,1,"Wells, Cole",1000389183,Right,MOR_EAG,"Crain, Griffin",830776,Left,LOU_CAR,Undefined,2,Bottom,1,0,0,Fastball,Four-Seam,InPlay,Undefined,FlyBall,Out,1,0,,85.86053,-2.481088,-2.662864,2283.978006,212.853197,1:00,5.97574,1.33285,5.86723,-20.71226,17.96158,10.65949,1.94107,-0.2542,77.30401,-6.419995,-0.752277,0.44759,96.34007,45.019027,22.801207,4006.841034,102.56394,104.26246,39.75718,321.94673,271.1377,19.631341,6.210203,-6.36229,10.43493,-1.12345,50,5.76278,5.34707,-124.29807,-5.98964,-9.7728,29.13684,-16.14551,LOU_CAR,MOR_EAG,JimPatterson,D1,ACC,20260303-JimPatterson-1,5f730cf0-173f-11f1-b5ba-eb4dd7bf3cf1,84.21201,140.10923,,8.55652,,,,2.41115,2.10542,0.24805,4c216075-8757-4a7e-8832-fbd2b61f9361,2026-03-03,20:27:17.02,2026-03-03T15:27:17.0262016-05:00,2026-03-03T20:27:17.0262016Z,FlyBall,v3,471341,471366,ea8a05dd47fb4949855474378ed738c7,"Sheridan, Caden",10091036,Right,MOR_EAG,ad0acf27-e1f7-49b6-a688-d0f5731c56ee,54.62982,-125.37866,14.56842,5.97381,-5.39086,-8.07276,-1.32848,5.70951,-4.8864,173.385272,2.42211,91.88787,-20.02618,4.46383,-0.59257,0.02619,0.00403,-0.00056,2E-05,2.10025,100.01643,-21.74076,1.84851,-0.19648,-0.0343,0.01698,-0.00237,0.00011,0.25376,38.60857,-10.31513,2.4279,-0.35066,0.02291,0.00105,-0.00024,1E-05,,,,,,,,,,,,,,,,,,,,,,,High,High,High,High,Low,,,,,,,,,,,,,,,,,,,,,,,,,,,,,,,,,,,66.52757,23.35916,25.82454
44,2026-03-03,15:27:57.78,4,1,"Wells, Cole",1000389183,Right,MOR_EAG,"Hisle, Jax",838632,Left,LOU_CAR,Undefined,2,Bottom,2,0,0,Slider,Curveball,StrikeCalled,Undefined,Undefined,Undefined,0,0,,75.28516,0.638945,-1.820131,2324.846918,46.993537,7:30,6.01701,1.28344,5.07642,-54.02712,-2.88449,-4.89008,2.11743,-0.84051,69.00057,-9.133197,-2.685436,0.51471,,,,,,,,,,,,1.8874,-1.11823,-1.10684,50,6.03494,3.66133,-109.15948,-0.634,2.26223,20.40566,-33.51437,LOU_CAR,MOR_EAG,JimPatterson,D1,ACC,20260303-JimPatterson-1,77c650a0-173f-11f1-b5ba-eb4dd7bf3cf1,73.23039,,,6.28459,,,,,,,4c216075-8757-4a7e-8832-fbd2b61f9361,2026-03-03,20:27:57.78,2026-03-03T15:27:57.7867264-05:00,2026-03-03T20:27:57.7867264Z,,v3,471341,471366,ea8a05dd47fb4949855474378ed738c7,"Sheridan, Caden",10091036,Right,MOR_EAG,448cf0a9-7347-44fc-a9b2-484d9ac8f2ed,55.42282,-110.16853,10.20283,6.02531,1.02326,-16.75719,-1.28513,3.54947,1.13112,,,,,,,,,,,,,,,,,,,,,,,,,,,,,,,,,,,,,,,,,,,,,,,,,,,High,High,High,,,,,,,,,,,,,,,,,,,,,,,,,,,,,,,,,,,,,,,
45,2026-03-03,15:28:14.02,4,2,"Wells, Cole",1000389183,Right,MOR_EAG,"Hisle, Jax",838632,Left,LOU_CAR,Undefined,2,Bottom,2,0,1,Fastball,Four-Seam,FoulBallNotFieldable,Undefined,Undefined,Undefined,0,0,,86.81789,-1.574081,-2.716461,2333.681099,216.571869,1:15,5.90288,1.13207,5.914,-20.80241,16.79686,11.44753,2.70644,-0.437,78.321,-5.528555,-0.663268,0.441328,104.35232,23.960495,43.209125,3171.156177,75.43939,39.63814,80.05459,310.48315,223.04643,55.347471,3.311392,-6.74874,9.50709,-0.92077,50,5.76489,5.49716,-125.79572,-4.07075,-10.65531,29.01698,-17.16371,LOU_CAR,MOR_EAG,JimPatterson,D1,ACC,20260303-JimPatterson-1,815d9b50-173f-11f1-b5ba-eb4dd7bf3cf1,85.40696,47.30116,,8.49689,,,,2.05246,2.91393,0.51591,4c216075-8757-4a7e-8832-fbd2b61f9361,2026-03-03,20:28:14.02,2026-03-03T15:28:14.0251136-05:00,2026-03-03T20:28:14.0251136Z,FlyBall,v3,471341,471366,ea8a05dd47fb4949855474378ed738c7,"Sheridan, Caden",10091036,Right,MOR_EAG,d1d973b9-1459-4f36-96cb-f6f0ab7184f3,54.58306,-126.84848,14.50849,5.90129,-3.44804,-8.58186,-1.12723,5.88374,-5.32765,,2.05248,101.93794,-24.33864,5.24085,-1.21837,0.23677,-0.03497,0.00274,-1E-05,2.91392,62.15511,-25.49407,3.37846,-0.78203,0.18419,-0.03839,0.00591,-0.00044,0.51592,95.75683,-5.10891,-0.59241,0.37676,-0.15582,0.04409,-0.00822,0.00068,,,,,,,,,,,,,,,,,,,,,,,High,High,High,High,Low,,,,,,,,,,,,,,,,,,,,,,,,,,,,,,,,,,,71.49785,28.10964,29.73818
46,2026-03-03,15:28:36.72,4,3,"Wells, Cole",1000389183,Right,MOR_EAG,"Hisle, Jax",838632,Left,LOU_CAR,Undefined,2,Bottom,2,0,2,ChangeUp,Changeup,BallCalled,Undefined,Undefined,Undefined,0,0,,81.27588,-1.832231,-3.952452,1918.376292,243.27909,2:00,5.72476,0.89742,6.18411,-31.72828,10.743,18.31139,1.38428,-1.23206,73.71598,-7.775209,-0.652994,0.46905,,,,,,,,,,,,-10.71442,6.5837,-0.60776,50,5.57024,7.4482,-117.70524,-4.69468,-14.84164,24.97728,-23.05431,LOU_CAR,MOR_EAG,JimPatterson,D1,ACC,20260303-JimPatterson-1,8eef4520-173f-11f1-b5ba-eb4dd7bf3cf1,80.3591,,,7.55991,,,,,,,4c216075-8757-4a7e-8832-fbd2b61f9361,2026-03-03,20:28:36.72,2026-03-03T15:28:36.7225344-05:00,2026-03-03T20:28:36.7225344Z,,v3,471341,471366,ea8a05dd47fb4949855474378ed738c7,"Sheridan, Caden",10091036,Right,MOR_EAG,ccfdfca9-7e93-408f-982d-ca02c4b32bb9,54.31392,-118.61712,12.48864,5.72627,-3.853,-11.52715,-0.88957,7.99004,-7.42082,,,,,,,,,,,,,,,,,,,,,,,,,,,,,,,,,,,,,,,,,,,,,,,,,,,High,High,High,,,,,,,,,,,,,,,,,,,,,,,,,,,,,,,,,,,,,,,
47,2026-03-03,15:28:58.17,4,4,"Wells, Cole",1000389183,Right,MOR_EAG,"Hisle, Jax",838632,Left,LOU_CAR,Undefined,2,Bottom,2,1,2,Slider,Curveball,HitByPitch,Undefined,Undefined,Undefined,0,0,,77.15215,0.16682,-3.106025,2412.400047,41.525751,7:30,5.95571,1.17575,4.93406,-52.87456,-3.85083,-4.82091,1.70741,-2.16468,70.80378,-9.34675,-3.955479,0.503935,,,,,,,,,,,,1.49512,-1.64331,-0.86905,50,5.92748,6.25529,-111.7762,-1.53846,1.87836,21.45704,-34.23857,LOU_CAR,MOR_EAG,JimPatterson,D1,ACC,20260303-JimPatterson-1,9bb70f40-173f-11f1-b5ba-eb4dd7bf3cf1,74.79623,,,6.34837,,,,,,,4c216075-8757-4a7e-8832-fbd2b61f9361,2026-03-03,20:28:58.17,2026-03-03T15:28:58.1735936-05:00,2026-03-03T20:28:58.1735936Z,,v3,471341,471366,ea8a05dd47fb4949855474378ed738c7,"Sheridan, Caden",10091036,Right,MOR_EAG,cc2f803d-f9f8-4d9a-9bdb-f3a54e1cecbc,55.56738,-112.83988,10.72852,5.96168,0.15883,-17.11929,-1.17683,6.16217,0.93918,,,,,,,,,,,,,,,,,,,,,,,,,,,,,,,,,,,,,,,,,,,,,,,,,,,High,High,High,,,,,,,,,,,,,,,,,,,,,,,,,,,,,,,,,,,,,,,
48,2026-03-03,15:29:44.91,5,1,"Wells, Cole",1000389183,Right,MOR_EAG,"Nugent, Jimmy",838635,Right,LOU_CAR,Undefined,2,Bottom,2,0,0,Sinker,Sinker,FoulBallNotFieldable,Undefined,Undefined,Undefined,0,0,,86.95084,-1.712428,-2.405578,2224.732676,258.246307,2:30,5.83752,1.17641,5.89601,-32.78714,4.79614,16.4432,1.51355,0.312,78.58516,-7.795106,0.548795,0.441234,,,,,,,,,,,,-9.30335,3.37725,-0.99255,50,5.68075,4.62868,-126.03182,-4.87146,-14.6909,29.9702,-26.84104,LOU_CAR,MOR_EAG,JimPatterson,D1,ACC,20260303-JimPatterson-1,b7868160-173f-11f1-b5ba-eb4dd7bf3cf1,85.42508,,,8.36567,,,,,,,4c216075-8757-4a7e-8832-fbd2b61f9361,2026-03-03,20:29:44.91,2026-03-03T15:29:44.9101312-05:00,2026-03-03T20:29:44.9101312Z,,v3,471341,471366,ea8a05dd47fb4949855474378ed738c7,"Sheridan, Caden",10091036,Right,MOR_EAG,a35efa77-d0dc-48e5-a7ac-113f29bf3ca9,54.60327,-127.12175,14.9851,5.84016,-3.89532,-13.42052,-1.1706,5.16295,-7.34545,,,,,,,,,,,,,,,,,,,,,,,,,,,,,,,,,,,,,,,,,,,,,,,,,,,High,High,High,,,,,,,,,,,,,,,,,,,,,,,,,,,,,,,,,,,,,,,
49,2026-03-03,15:30:10.74,5,2,"Wells, Cole",1000389183,Right,MOR_EAG,"Nugent, Jimmy",838635,Right,LOU_CAR,Undefined,2,Bottom,2,0,1,Slider,Slider,BallCalled,Undefined,Undefined,Undefined,0,0,,78.29624,0.282853,-1.936083,2496.564364,85.741161,8:45,5.87206,1.34473,4.9476,-47.91916,1.16665,-12.41977,2.14624,-1.52048,69.48531,-8.471181,-4.126322,0.504254,,,,,,,,,,,,5.30055,1.13051,-1.14622,50,5.86107,4.35905,-113.02018,-1.15658,6.59168,27.98677,-30.76816,LOU_CAR,MOR_EAG,JimPatterson,D1,ACC,20260303-JimPatterson-1,c6f8ab00-173f-11f1-b5ba-eb4dd7bf3cf1,74.7489,,,8.81093,,,,,,,4c216075-8757-4a7e-8832-fbd2b61f9361,2026-03-03,20:30:10.74,2026-03-03T15:30:10.7447808-05:00,2026-03-03T20:30:10.7447808Z,,v3,471341,471366,ea8a05dd47fb4949855474378ed738c7,"Sheridan, Caden",10091036,Right,MOR_EAG,60c4cc0a-680b-477b-8ff0-671d30c93d0a,55.54399,-114.38478,13.99338,5.88089,0.34364,-15.38408,-1.35093,4.03765,3.29584,,,,,,,,,,,,,,,,,,,,,,,,,,,,,,,,,,,,,,,,,,,,,,,,,,,High,High,High,,,,,,,,,,,,,,,,,,,,,,,,,,,,,,,,,,,,,,,
50,2026-03-03,15:30:33.70,5,3,"Wells, Cole",1000389183,Right,MOR_EAG,"Nugent, Jimmy",838635,Right,LOU_CAR,Undefined,2,Bottom,2,1,1,Slider,Curveball,BallCalled,Undefined,Undefined,Undefined,0,0,,78.20276,-0.43674,-3.008142,2387.519823,9.246152,6:15,5.79402,1.18051,5.43653,-52.06652,-4.76551,-1.05091,1.04559,-1.72657,71.11921,-9.906613,-3.195265,0.495002,,,,,,,,,,,,-0.46158,-1.73862,-0.91333,50,5.71958,5.99239,-113.2401,-2.64036,-0.58893,24.02793,-34.39242,LOU_CAR,MOR_EAG,JimPatterson,D1,ACC,20260303-JimPatterson-1,d4b2c460-173f-11f1-b5ba-eb4dd7bf3cf1,76.14608,,,7.08355,,,,,,,4c216075-8757-4a7e-8832-fbd2b61f9361,2026-03-03,20:30:33.70,2026-03-03T15:30:33.7069056-05:00,2026-03-03T20:30:33.7069056Z,,v3,471341,471366,ea8a05dd47fb4949855474378ed738c7,"Sheridan, Caden",10091036,Right,MOR_EAG,d7618929-b56e-4736-aff0-297d67632138,55.06151,-114.30903,12.01396,5.80301,-1.11034,-17.19621,-1.1805,6.01859,-0.29447,,,,,,,,,,,,,,,,,,,,,,,,,,,,,,,,,,,,,,,,,,,,,,,,,,,High,High,High,,,,,,,,,,,,,,,,,,,,,,,,,,,,,,,,,,,,,,,
51,2026-03-03,15:30:54.91,5,4,"Wells, Cole",1000389183,Right,MOR_EAG,"Nugent, Jimmy",838635,Right,LOU_CAR,Undefined,2,Bottom,2,2,1,Fastball,Four-Seam,StrikeCalled,Undefined,Undefined,Undefined,0,0,,87.78374,-3.119037,-2.254605,2365.474547,212.550844,1:00,5.9997,0.8571,5.87018,-16.22686,20.89355,12.41737,1.74521,-0.20341,78.7486,-6.254235,-0.028245,0.438508,,,,,,,,,,,,-7.09493,12.13638,-0.68175,50,5.73771,4.47095,-126.99661,-7.35061,-11.34703,31.03092,-12.76414,LOU_CAR,MOR_EAG,JimPatterson,D1,ACC,20260303-JimPatterson-1,e13e21c0-173f-11f1-b5ba-eb4dd7bf3cf1,85.95604,,,9.03514,,,,,,,4c216075-8757-4a7e-8832-fbd2b61f9361,2026-03-03,20:30:54.91,2026-03-03T15:30:54.9120512-05:00,2026-03-03T20:30:54.9120512Z,,v3,471341,471366,ea8a05dd47fb4949855474378ed738c7,"Sheridan, Caden",10091036,Right,MOR_EAG,965b2ef7-1e61-4981-9c11-623bb14a814a,54.62526,-128.12179,15.51546,5.99586,-6.88778,-6.38207,-0.85132,4.88239,-5.67351,,,,,,,,,,,,,,,,,,,,,,,,,,,,,,,,,,,,,,,,,,,,,,,,,,,High,High,High,,,,,,,,,,,,,,,,,,,,,,,,,,,,,,,,,,,,,,,
52,2026-03-03,15:31:15.03,5,5,"Wells, Cole",1000389183,Right,MOR_EAG,"Nugent, Jimmy",838635,Right,LOU_CAR,Undefined,2,Bottom,2,2,2,Sinker,Changeup,InPlay,Undefined,LineDrive,Double,0,2,,86.96364,-1.524199,-3.402018,2134.83802,247.005927,2:15,5.78263,1.26597,6.21864,-28.41187,8.30815,16.70489,2.00566,-0.48496,79.33768,-6.836395,-0.388092,0.436137,106.84588,15.520168,-9.24231,741.084007,108.80491,25.55833,-16.17052,316.42202,316.42202,-8.189386,2.87549,-9.68469,5.11114,-1.01928,50,5.65417,6.84617,-126.1517,-4.24856,-15.52574,26.90673,-23.98026,LOU_CAR,MOR_EAG,JimPatterson,D1,ACC,20260303-JimPatterson-1,ed4b9c90-173f-11f1-b5ba-eb4dd7bf3cf1,86.42341,30.22796,,7.62596,,,,1.70349,2.08766,0.46905,4c216075-8757-4a7e-8832-fbd2b61f9361,2026-03-03,20:31:15.03,2026-03-03T15:31:15.0312960-05:00,2026-03-03T20:31:15.0312960Z,LineDrive,v3,471341,471366,ea8a05dd47fb4949855474378ed738c7,"Sheridan, Caden",10091036,Right,MOR_EAG,98c8a46f-8651-45b0-b85a-e596aba6a6bc,54.28101,-127.06151,13.45337,5.78412,-3.4377,-11.99013,-1.25966,7.37116,-7.76287,194.305819,1.70348,149.03458,-24.35972,5.83167,-1.28596,0.26647,-0.04626,0.00539,-0.0003,2.08769,41.92734,-16.41486,0.58584,0.02634,-0.02142,0.00157,0.00074,-0.00011,0.46906,-24.25256,5.63088,-1.65833,0.42172,-0.09308,0.01573,-0.00167,8E-05,,,,,,,,,,,,,,,,,,,,,,,High,High,High,High,High,,,,,,,,,,,,,,,,,,,,,,,,,,,,,,,,,,,,,
53,2026-03-03,15:32:10.56,6,1,"Wells, Cole",1000389183,Right,MOR_EAG,"Elam, Kade",834239,Right,LOU_CAR,Undefined,2,Bottom,2,0,0,Fastball,Four-Seam,BallCalled,Undefined,Undefined,Undefined,0,0,,88.3624,-1.548177,-3.401181,2406.293504,210.473417,1:00,5.87266,1.02571,5.96935,-19.70682,16.3767,8.89764,2.79218,-1.38987,80.06821,-5.290569,-1.805751,0.432341,,,,,,,,,,,,-5.53429,9.21619,-0.76064,50,5.73882,7.22176,-127.98447,-4.04132,-9.1039,28.44445,-17.0135,LOU_CAR,MOR_EAG,JimPatterson,D1,ACC,20260303-JimPatterson-1,0e680580-1740-11f1-b5ba-eb4dd7bf3cf1,87.1823,,,8.29419,,,,,,,4c216075-8757-4a7e-8832-fbd2b61f9361,2026-03-03,20:32:10.56,2026-03-03T15:32:10.5674240-05:00,2026-03-03T20:32:10.5674240Z,,v3,471341,471366,ea8a05dd47fb4949855474378ed738c7,"Sheridan, Caden",10091036,Right,MOR_EAG,a96ecd88-0894-4dd4-bbab-454e9452685f,54.52537,-128.98631,14.22222,5.8706,-3.44208,-8.50675,-1.02064,7.54241,-4.55195,,,,,,,,,,,,,,,,,,,,,,,,,,,,,,,,,,,,,,,,,,,,,,,,,,,High,High,High,,,,,,,,,,,,,,,,,,,,,,,,,,,,,,,,,,,,,,,
54,2026-03-03,15:32:28.09,6,2,"Wells, Cole",1000389183,Right,MOR_EAG,"Elam, Kade",834239,Right,LOU_CAR,Undefined,2,Bottom,2,1,0,Slider,Curveball,BallCalled,Undefined,Undefined,Undefined,0,0,,76.88732,1.008936,-2.558269,2451.934557,59.173071,8:00,6.01319,0.99871,5.22736,-53.07731,-4.30855,-9.84394,2.53961,-2.2282,70.50138,-8.607491,-4.301853,0.502623,,,,,,,,,,,,4.13197,-1.91071,-0.75533,50,6.06685,5.37438,-111.45833,0.12488,5.16763,21.12058,-34.56367,LOU_CAR,MOR_EAG,JimPatterson,D1,ACC,20260303-JimPatterson-1,18dbf490-1740-11f1-b5ba-eb4dd7bf3cf1,74.99151,,,6.38594,,,,,,,4c216075-8757-4a7e-8832-fbd2b61f9361,2026-03-03,20:32:28.09,2026-03-03T15:32:28.0951808-05:00,2026-03-03T20:32:28.0951808Z,,v3,471341,471366,ea8a05dd47fb4949855474378ed738c7,"Sheridan, Caden",10091036,Right,MOR_EAG,da866fcc-81dc-42fd-b76c-2c5070ab440c,55.27182,-112.45287,10.56029,6.02265,1.75243,-17.28184,-1.00268,5.13105,2.58382,,,,,,,,,,,,,,,,,,,,,,,,,,,,,,,,,,,,,,,,,,,,,,,,,,,High,High,High,,,,,,,,,,,,,,,,,,,,,,,,,,,,,,,,,,,,,,,
55,2026-03-03,15:32:50.83,6,3,"Wells, Cole",1000389183,Right,MOR_EAG,"Elam, Kade",834239,Right,LOU_CAR,Undefined,2,Bottom,2,2,0,Fastball,Four-Seam,InPlay,Undefined,FlyBall,Out,1,0,,87.42983,-1.562015,-2.158428,2389.621066,206.576655,1:00,5.85261,1.24238,6.08421,-19.05812,17.33017,8.07516,2.81799,-0.08245,79.76187,-5.184933,-0.704876,0.434163,78.51282,32.629925,-14.438926,3275.667402,106.13202,57.84973,-28.91337,295.51323,290.36871,-16.691239,4.41541,-4.80689,9.75678,-1.08003,50,5.72185,4.4625,-126.92141,-4.00641,-7.8172,26.7142,-16.30705,LOU_CAR,MOR_EAG,JimPatterson,D1,ACC,20260303-JimPatterson-1,26784cc0-1740-11f1-b5ba-eb4dd7bf3cf1,86.81643,66.08085,,7.66796,,,,2.14333,2.95857,0.05351,4c216075-8757-4a7e-8832-fbd2b61f9361,2026-03-03,20:32:50.83,2026-03-03T15:32:50.8353024-05:00,2026-03-03T20:32:50.8353024Z,FlyBall,v3,471341,471366,ea8a05dd47fb4949855474378ed738c7,"Sheridan, Caden",10091036,Right,MOR_EAG,d0f1ad67-fedd-402f-8633-294ffad3b17f,54.4146,-127.84721,13.3571,5.85091,-3.44127,-8.15353,-1.23937,4.73341,-3.9086,170.011755,2.1449,93.87604,-15.68978,3.6953,-0.51867,-0.00298,0.0157,-0.00227,0.0001,2.95786,62.10398,-16.22696,0.38193,0.1431,-0.10408,0.03721,-0.00635,0.0004,0.05324,-24.17478,2.22681,-0.39135,0.01765,0.01424,-0.00411,0.00043,-1E-05,,,,,,,,,,,,,,,,,,,,,,,High,High,High,High,High,,,,,,,,,,,,,,,,,,,,,,,,,,,,,,,,,,,,,
56,2026-03-03,15:35:05.69,1,1,"Hartman, Colton",806118,Left,LOU_CAR,"Krupp, Kyle",10072907,Left,MOR_EAG,Undefined,3,Top,0,0,0,Fastball,Four-Seam,StrikeCalled,Undefined,Undefined,Undefined,0,0,,89.94619,-2.832704,2.640963,2296.290906,162.227848,11:30,5.91149,-1.36127,5.64358,-16.34863,19.11159,-5.70815,1.90175,0.62833,81.1346,-5.954265,1.622654,0.42859,,,,,,,,,,,,3.69772,10.92477,1.1405,50,5.66041,-5.74069,-130.11043,-6.91807,6.25348,30.7226,-13.6984,LOU_CAR,MOR_EAG,JimPatterson,D1,ACC,20260303-JimPatterson-1,76c89a40-1740-11f1-b5ba-eb4dd7bf3cf1,87.9452,,,8.81159,,,,,,,4c216075-8757-4a7e-8832-fbd2b61f9361,2026-03-03,20:35:05.69,2026-03-03T15:35:05.6940032-05:00,2026-03-03T20:35:05.6940032Z,,v3,471341,471366,ea8a05dd47fb4949855474378ed738c7,"Nugent, Jimmy",838635,Right,LOU_CAR,a67720df-93e5-4dd7-9e54-9a90070310cd,54.85029,-131.25072,15.3613,5.90774,-6.40965,-6.8492,1.35788,-5.97279,3.12674,,,,,,,,,,,,,,,,,,,,,,,,,,,,,,,,,,,,,,,,,,,,,,,,,,,High,High,High,,,,,,,,,,,,,,,,,,,,,,,,,,,,,,,,,,,,,,,
57,2026-03-03,15:35:21.38,1,2,"Hartman, Colton",806118,Left,LOU_CAR,"Krupp, Kyle",10072907,Left,MOR_EAG,Undefined,3,Top,0,0,1,Cutter,Slider,StrikeCalled,Undefined,Undefined,Undefined,0,0,,85.08875,-1.014877,0.005098,2448.733014,235.694556,1:45,5.9281,-1.41138,5.22067,-34.27447,5.6367,6.258,2.11761,-0.88509,77.40843,-7.289425,1.115943,0.454693,,,,,,,,,,,,-3.11847,3.53374,1.40604,50,5.80906,-0.28651,-123.36588,-3.44397,-4.76148,26.65782,-26.77852,LOU_CAR,MOR_EAG,JimPatterson,D1,ACC,20260303-JimPatterson-1,80180680-1740-11f1-b5ba-eb4dd7bf3cf1,82.89642,,,7.68032,,,,,,,4c216075-8757-4a7e-8832-fbd2b61f9361,2026-03-03,20:35:21.38,2026-03-03T15:35:21.3887488-05:00,2026-03-03T20:35:21.3887488Z,,v3,471341,471366,ea8a05dd47fb4949855474378ed738c7,"Nugent, Jimmy",838635,Right,LOU_CAR,395131a2-2d69-444d-88a0-36f64f645ff4,55.27627,-124.50079,13.32891,5.93141,-2.30392,-13.38926,1.41392,-0.0838,-2.38074,,,,,,,,,,,,,,,,,,,,,,,,,,,,,,,,,,,,,,,,,,,,,,,,,,,High,High,High,,,,,,,,,,,,,,,,,,,,,,,,,,,,,,,,,,,,,,,
58,2026-03-03,15:35:39.06,1,3,"Hartman, Colton",806118,Left,LOU_CAR,"Krupp, Kyle",10072907,Left,MOR_EAG,Undefined,3,Top,0,0,2,Fastball,Four-Seam,FoulBallNotFieldable,Undefined,Undefined,Undefined,0,0,,90.44725,-2.549142,2.138648,2290.661839,153.087581,11:00,6.01953,-1.02915,5.57379,-15.35729,19.64836,-9.33902,2.35554,0.19109,81.78872,-5.486539,0.473602,0.425834,67.5061,35.893346,-113.370687,5574.541306,,,,,47.16971,,,5.36378,11.07154,0.85114,50,5.79006,-4.46736,-130.97423,-6.28422,9.21762,30.42067,-13.14765,LOU_CAR,MOR_EAG,JimPatterson,D1,ACC,20260303-JimPatterson-1,8aa2d8f0-1740-11f1-b5ba-eb4dd7bf3cf1,88.5144,30.16437,,8.65853,,,,-0.40106,2.41569,-0.34985,4c216075-8757-4a7e-8832-fbd2b61f9361,2026-03-03,20:35:39.06,2026-03-03T15:35:39.0605312-05:00,2026-03-03T20:35:39.0605312Z,,v3,471341,471366,ea8a05dd47fb4949855474378ed738c7,"Nugent, Jimmy",838635,Right,LOU_CAR,161b7a74-62c3-4c9d-9abe-c5babcc9cf34,54.92226,-132.11254,15.21033,6.016,-5.79224,-6.57382,1.02476,-4.81227,4.60881,56.359904,-0.40106,-31.81647,-4.00522,1.95526,-1.67822,4.54336,-9.18589,9.68314,-4.03648,2.41569,58.04671,-22.81313,2.19097,-0.4675,0.29372,-0.47286,0.47928,-0.19334,-0.34985,-73.62768,11.81845,-2.30645,1.03186,-2.33383,4.69891,-4.93673,2.04912,,,,,,,,,,,,,,,,,,,,,,,High,High,High,High,Undefined,,,,,,,,,,,,,,,,,,,,,,,,,,,,,,,,,,,56.80474,6.76518,-7.56454
59,2026-03-03,15:36:00.66,1,4,"Hartman, Colton",806118,Left,LOU_CAR,"Krupp, Kyle",10072907,Left,MOR_EAG,Undefined,3,Top,0,0,2,Curveball,Curveball,InPlay,Undefined,GroundBall,Out,1,0,,75.17404,1.746801,-0.087744,2476.509873,314.873918,4:30,6.14917,-1.2088,4.99184,-67.39346,-16.18548,17.84584,2.18288,0.19551,69.35239,-10.346486,3.07223,0.515039,77.82607,-9.178853,6.101625,,,,,12.4171,12.33171,4.539239,0.103262,-8.91067,-8.13044,1.20187,50,6.2616,-0.53021,-109.16916,0.94813,-10.70908,19.95997,-41.94546,LOU_CAR,MOR_EAG,JimPatterson,D1,ACC,20260303-JimPatterson-1,97955c90-1740-11f1-b5ba-eb4dd7bf3cf1,73.18364,2.09985,,5.82165,,,,0.96116,2.09985,-0.21473,4c216075-8757-4a7e-8832-fbd2b61f9361,2026-03-03,20:36:00.66,2026-03-03T15:36:00.6661120-05:00,2026-03-03T20:36:00.6661120Z,GroundBall,v3,471341,471366,ea8a05dd47fb4949855474378ed738c7,"Nugent, Jimmy",838635,Right,LOU_CAR,5755c05f-b5c0-4d97-92a5-08469d19bf2d,55.51362,-110.17263,9.97999,6.16093,3.0569,-20.97273,1.21499,0.00818,-5.35454,17.160654,0.96122,112.03734,-14.28539,,,,,,,2.09998,-18.22397,-20.46856,,,,,,,-0.2147,11.97372,-3.66183,,,,,,,,,,,,,,,,,,,,,,,,,,,,,High,High,High,High,High,,,,,,,,,,,,,,,,,,,,,,,,,,,,,,,,,,,66.83098,6.38741,2.27862
60,2026-03-03,15:36:37.11,2,1,"Hartman, Colton",806118,Left,LOU_CAR,"Sheridan, Caden",10091036,Right,MOR_EAG,Undefined,3,Top,1,0,0,Fastball,Four-Seam,FoulBallNotFieldable,Undefined,Undefined,Undefined,0,0,,90.5931,-2.228117,1.820551,2316.629325,162.199359,11:30,5.97157,-1.39652,5.86304,-13.71205,20.44379,-6.20717,2.75692,-0.22195,82.66582,-4.865941,0.707843,0.420634,73.23803,46.131569,134.102896,3768.470171,,,,,52.58543,,,3.68567,11.41568,1.25255,50,5.78289,-3.91039,-131.443,-5.4869,6.44011,28.18256,-12.22705,LOU_CAR,MOR_EAG,JimPatterson,D1,ACC,20260303-JimPatterson-1,ad3910a0-1740-11f1-b5ba-eb4dd7bf3cf1,89.60871,45.20006,,7.92729,,,,0.18449,2.77836,0.16947,4c216075-8757-4a7e-8832-fbd2b61f9361,2026-03-03,20:36:37.11,2026-03-03T15:36:37.1129856-05:00,2026-03-03T20:36:37.1129856Z,,v3,471341,471366,ea8a05dd47fb4949855474378ed738c7,"Nugent, Jimmy",838635,Right,LOU_CAR,fc264548-f675-428c-bf80-d61a836371d5,54.63486,-132.43303,14.09128,5.96809,-5.05738,-6.11353,1.39389,-4.13662,3.22006,,0.18449,-51.80612,-2.5723,2.43019,-0.88846,0.25896,-0.0686,0.01551,-0.00208,2.77836,77.43946,-30.39368,4.09107,-0.76499,0.12319,-0.02009,0.0029,-0.00031,0.16947,53.45436,-11.36857,3.46875,-0.82087,0.1732,-0.03643,0.00669,-0.00084,,,,,,,,,,,,,,,,,,,,,,,High,High,High,High,Undefined,,,,,,,,,,,,,,,,,,,,,,,,,,,,,,,,,,,69.46023,5.73447,11.84988
61,2026-03-03,15:36:58.07,2,2,"Hartman, Colton",806118,Left,LOU_CAR,"Sheridan, Caden",10091036,Right,MOR_EAG,Undefined,3,Top,1,0,1,Fastball,Four-Seam,FoulBallNotFieldable,Undefined,Undefined,Undefined,0,0,,90.79032,-1.871919,1.469066,2299.83631,160.495755,11:15,5.95634,-1.34517,5.69916,-16.66241,17.53812,-5.81989,2.82227,-0.46092,82.87064,-5.028041,0.428471,0.420909,,,,,,,,,,,,3.35221,9.75583,1.22548,50,5.78887,-3.11768,-131.72768,-4.81743,5.88526,28.19604,-15.04631,LOU_CAR,MOR_EAG,JimPatterson,D1,ACC,20260303-JimPatterson-1,b9b13420-1740-11f1-b5ba-eb4dd7bf3cf1,89.55018,,,7.91968,,,,,,,4c216075-8757-4a7e-8832-fbd2b61f9361,2026-03-03,20:36:58.07,2026-03-03T15:36:58.0765184-05:00,2026-03-03T20:36:58.0765184Z,,v3,471341,471366,ea8a05dd47fb4949855474378ed738c7,"Nugent, Jimmy",838635,Right,LOU_CAR,2f8f1599-ae07-4e3f-9a64-21841626bdbb,54.79757,-132.75062,14.09802,5.95374,-4.27156,-7.52316,1.34245,-3.33119,2.94263,,,,,,,,,,,,,,,,,,,,,,,,,,,,,,,,,,,,,,,,,,,,,,,,,,,High,High,High,,,,,,,,,,,,,,,,,,,,,,,,,,,,,,,,,,,,,,,
62,2026-03-03,15:37:21.79,2,3,"Hartman, Colton",806118,Left,LOU_CAR,"Sheridan, Caden",10091036,Right,MOR_EAG,Undefined,3,Top,1,0,2,Fastball,Four-Seam,BallCalled,Undefined,Undefined,Undefined,0,0,,90.69907,-0.148964,-0.384615,2302.12259,154.413471,11:15,5.99378,-1.4141,5.33754,-15.81072,19.61997,-8.74453,4.53646,-2.50365,80.97938,-3.192583,-1.937436,0.428411,,,,,,,,,,,,4.19311,10.21379,1.45509,50,5.96961,1.30252,-131.29335,-0.80942,7.15823,33.4957,-14.73766,LOU_CAR,MOR_EAG,JimPatterson,D1,ACC,20260303-JimPatterson-1,c7d58100-1740-11f1-b5ba-eb4dd7bf3cf1,87.98187,,,9.71969,,,,,,,4c216075-8757-4a7e-8832-fbd2b61f9361,2026-03-03,20:37:21.79,2026-03-03T15:37:21.7934336-05:00,2026-03-03T20:37:21.7934336Z,,v3,471341,471366,ea8a05dd47fb4949855474378ed738c7,"Nugent, Jimmy",838635,Right,LOU_CAR,fcc3455a-a684-47d7-975b-bee280855d39,55.15469,-132.6019,16.74785,5.98998,-0.23367,-7.36883,1.40967,1.02287,3.57912,,,,,,,,,,,,,,,,,,,,,,,,,,,,,,,,,,,,,,,,,,,,,,,,,,,High,High,High,,,,,,,,,,,,,,,,,,,,,,,,,,,,,,,,,,,,,,,
63,2026-03-03,15:37:42.42,2,4,"Hartman, Colton",806118,Left,LOU_CAR,"Sheridan, Caden",10091036,Right,MOR_EAG,Undefined,3,Top,1,1,2,Curveball,Curveball,BallCalled,Undefined,Undefined,Undefined,0,0,,75.72788,2.514081,-1.456538,2501.569386,323.781754,4:45,6.07738,-1.358,4.88789,-69.94,-18.36225,14.82828,2.62968,-1.5005,68.53413,-10.071224,1.162377,0.516895,,,,,,,,,,,,-7.72859,-9.19414,1.48788,50,6.26524,2.16907,-109.64336,2.23573,-9.2149,23.09903,-43.13635,LOU_CAR,MOR_EAG,JimPatterson,D1,ACC,20260303-JimPatterson-1,d43588a0-1740-11f1-b5ba-eb4dd7bf3cf1,72.92082,,,7.19376,,,,,,,4c216075-8757-4a7e-8832-fbd2b61f9361,2026-03-03,20:37:42.42,2026-03-03T15:37:42.4269824-05:00,2026-03-03T20:37:42.4269824Z,,v3,471341,471366,ea8a05dd47fb4949855474378ed738c7,"Nugent, Jimmy",838635,Right,LOU_CAR,8da46709-f220-490f-bdf2-e40dc3b38588,55.61446,-110.81987,11.54952,6.09541,4.43281,-21.56817,1.36545,2.63841,-4.60745,,,,,,,,,,,,,,,,,,,,,,,,,,,,,,,,,,,,,,,,,,,,,,,,,,,High,High,High,,,,,,,,,,,,,,,,,,,,,,,,,,,,,,,,,,,,,,,
64,2026-03-03,15:38:13.94,2,5,"Hartman, Colton",806118,Left,LOU_CAR,"Sheridan, Caden",10091036,Right,MOR_EAG,Undefined,3,Top,1,2,2,Undefined,,BallCalled,Undefined,Undefined,Undefined,0,0,,,,,,,,,,,,,,,,,,,,,,,,,,,,,,,,,,,,,,,,,,LOU_CAR,MOR_EAG,JimPatterson,D1,ACC,20260303-JimPatterson-1,a5d74980-17c2-11f1-bd57-850d7461754b,,,,,,,,,,,4c216075-8757-4a7e-8832-fbd2b61f9361,2026-03-03,20:38:13.94,2026-03-03T15:38:13.9460000-05:00,2026-03-03T20:38:13.9460000Z,,v3,471341,471366,ea8a05dd47fb4949855474378ed738c7,"Nugent, Jimmy",838635,Right,LOU_CAR,9bdd53c9-ed80-4184-b474-043b0a7b5a52,,,,,,,,,,,,,,,,,,,,,,,,,,,,,,,,,,,,,,,,,,,,,,,,,,,,,,,,,,,,,,,,,,,,,,,,,,,,,,,,,,,,,,,,,,,,,,,,,,,,,
65,2026-03-03,15:38:43.94,2,6,"Hartman, Colton",806118,Left,LOU_CAR,"Sheridan, Caden",10091036,Right,MOR_EAG,Undefined,3,Top,1,3,2,Undefined,,BallCalled,Walk,Undefined,Undefined,0,0,,,,,,,,,,,,,,,,,,,,,,,,,,,,,,,,,,,,,,,,,,LOU_CAR,MOR_EAG,JimPatterson,D1,ACC,20260303-JimPatterson-1,a5d74981-17c2-11f1-bd57-850d7461754b,,,,,,,,,,,4c216075-8757-4a7e-8832-fbd2b61f9361,2026-03-03,20:38:43.94,2026-03-03T15:38:43.9460000-05:00,2026-03-03T20:38:43.9460000Z,,v3,471341,471366,ea8a05dd47fb4949855474378ed738c7,"Nugent, Jimmy",838635,Right,LOU_CAR,24f44cd8-202e-4c65-b6c5-f8782d6b1a0b,,,,,,,,,,,,,,,,,,,,,,,,,,,,,,,,,,,,,,,,,,,,,,,,,,,,,,,,,,,,,,,,,,,,,,,,,,,,,,,,,,,,,,,,,,,,,,,,,,,,,
66,2026-03-03,15:39:14.94,3,1,"Hartman, Colton",806118,Left,LOU_CAR,"Kearns, Aubrey",10004985,Left,MOR_EAG,Undefined,3,Top,1,0,0,Fastball,Four-Seam,InPlay,Undefined,Popup,Out,1,0,,89.52673,-2.834065,1.61591,2336.436688,157.58016,11:15,6.09697,-1.25929,5.56195,-16.27013,19.45997,-7.50359,2.09021,-0.37454,81.05016,-5.931907,0.277736,0.430218,81.16187,68.433476,-35.322214,,,,,,146.94873,,,4.30532,11.09729,1.12493,50,5.84184,-3.32688,-129.66739,-6.90974,7.25055,29.85855,-13.48521,LOU_CAR,MOR_EAG,JimPatterson,D1,ACC,20260303-JimPatterson-1,0b4943e0-1741-11f1-913e-47a0eaaf79c0,87.61246,109.51992,,8.47657,,,,1.74177,2.12392,0.37615,4c216075-8757-4a7e-8832-fbd2b61f9361,2026-03-03,20:39:14.94,2026-03-03T15:39:14.9460000-05:00,2026-03-03T20:39:14.9460000Z,,v3,471341,471366,ea8a05dd47fb4949855474378ed738c7,"Nugent, Jimmy",838635,Right,LOU_CAR,99a2ce34-33b7-483f-8312-1e163e06c0d2,54.93527,-130.7989,14.92928,6.09401,-6.39871,-6.74261,1.25621,-3.60164,3.62528,163.655571,1.74179,35.69789,-13.16358,3.5795,0.07063,-1.36123,1.27984,-0.55497,0.09477,2.12392,110.70418,-27.4326,3.3474,-0.8249,0.43303,-0.2952,0.12134,-0.02061,0.37615,-25.29929,0.68417,0.12281,0.15126,-0.37816,0.33832,-0.14598,0.02497,,,,,,,,,,,,,,,,,,,,,,,High,High,High,Medium,Undefined,,,,,,,,,,,,,,,,,,,,,,,,,,,,,,,,,,,70.55941,17.05847,19.6459
67,2026-03-03,15:39:59.73,4,1,"Hartman, Colton",806118,Left,LOU_CAR,"Germann, Davis",10326206,Right,MOR_EAG,Undefined,3,Top,2,0,0,Curveball,Curveball,BallCalled,Undefined,Undefined,Undefined,0,0,,75.50276,2.670551,-2.093904,2486.676887,321.830405,4:45,6.19328,-1.2219,5.03274,-66.41299,-15.45958,13.45784,3.18198,-2.07684,69.09179,-9.293101,0.286308,0.513757,,,,,,,,,,,,-7.2376,-7.83882,1.41089,50,6.3954,3.4562,-109.44865,2.72387,-8.72384,20.45506,-41.62257,LOU_CAR,MOR_EAG,JimPatterson,D1,ACC,20260303-JimPatterson-1,2607bb30-1741-11f1-913e-47a0eaaf79c0,73.36622,,,6.41097,,,,,,,4c216075-8757-4a7e-8832-fbd2b61f9361,2026-03-03,20:39:59.73,2026-03-03T15:39:59.7350000-05:00,2026-03-03T20:39:59.7350000Z,,v3,471341,471366,ea8a05dd47fb4949855474378ed738c7,"Nugent, Jimmy",838635,Right,LOU_CAR,c65640f4-e261-41ce-b943-e25e2c318606,55.47075,-110.46635,10.22753,6.20836,4.79473,-20.81128,1.22813,3.89024,-4.36192,,,,,,,,,,,,,,,,,,,,,,,,,,,,,,,,,,,,,,,,,,,,,,,,,,,High,High,High,,,,,,,,,,,,,,,,,,,,,,,,,,,,,,,,,,,,,,,
68,2026-03-03,15:40:34.24,4,2,"Hartman, Colton",806118,Left,LOU_CAR,"Germann, Davis",10326206,Right,MOR_EAG,Undefined,3,Top,2,1,0,ChangeUp,Changeup,StrikeSwinging,Undefined,Undefined,Undefined,0,0,,83.74665,-2.344715,3.083812,1795.574578,114.842743,9:45,5.83918,-1.36532,6.27271,-31.85864,8.18402,-14.4604,1.01851,0.27516,75.68765,-8.309126,0.469421,0.455442,,,,,,,,,,,,8.52638,5.46571,1.14391,50,5.65033,-5.98268,-121.30266,-5.92571,12.46853,27.83435,-24.18131,LOU_CAR,MOR_EAG,JimPatterson,D1,ACC,20260303-JimPatterson-1,3a8e6680-1741-11f1-913e-47a0eaaf79c0,82.76017,,,8.05899,,,,,,,4c216075-8757-4a7e-8832-fbd2b61f9361,2026-03-03,20:40:34.24,2026-03-03T15:40:34.2470000-05:00,2026-03-03T20:40:34.2470000Z,,v3,471341,471366,ea8a05dd47fb4949855474378ed738c7,"Nugent, Jimmy",838635,Right,LOU_CAR,dd031445-9fdc-4067-b022-61f4dff73698,54.22435,-122.26815,13.91718,5.84133,-5.08694,-12.09066,1.35893,-6.41518,6.23426,,,,,,,,,,,,,,,,,,,,,,,,,,,,,,,,,,,,,,,,,,,,,,,,,,,High,High,High,,,,,,,,,,,,,,,,,,,,,,,,,,,,,,,,,,,,,,,
69,2026-03-03,15:41:12.95,4,3,"Hartman, Colton",806118,Left,LOU_CAR,"Germann, Davis",10326206,Right,MOR_EAG,Undefined,3,Top,2,1,1,Fastball,Four-Seam,StrikeSwinging,Undefined,Undefined,Undefined,0,0,,90.96528,-1.085975,1.765563,2340.127321,160.834416,11:15,5.94115,-1.16003,5.77316,-12.54863,21.66481,-7.11894,3.88427,-0.1098,82.2822,-3.534616,0.491616,0.420988,,,,,,,,,,,,4.1289,11.66666,1.01831,50,5.84382,-3.74488,-131.91344,-2.80983,7.21273,30.316,-11.79379,LOU_CAR,MOR_EAG,JimPatterson,D1,ACC,20260303-JimPatterson-1,51ab4d10-1741-11f1-913e-47a0eaaf79c0,89.53325,,,8.68308,,,,,,,4c216075-8757-4a7e-8832-fbd2b61f9361,2026-03-03,20:41:12.95,2026-03-03T15:41:12.9570000-05:00,2026-03-03T20:41:12.9570000Z,,v3,471341,471366,ea8a05dd47fb4949855474378ed738c7,"Nugent, Jimmy",838635,Right,LOU_CAR,1a454dda-1b1c-4b15-9fd6-a52b4c8c0d7e,54.7222,-132.99425,15.158,5.9365,-2.38936,-5.89689,1.1564,-4.00203,3.60636,,,,,,,,,,,,,,,,,,,,,,,,,,,,,,,,,,,,,,,,,,,,,,,,,,,High,High,High,,,,,,,,,,,,,,,,,,,,,,,,,,,,,,,,,,,,,,,
70,2026-03-03,15:42:05.88,4,4,"Hartman, Colton",806118,Left,LOU_CAR,"Germann, Davis",10326206,Right,MOR_EAG,Undefined,3,Top,2,1,2,Curveball,Curveball,BallCalled,Undefined,Undefined,Undefined,0,0,,76.56611,0.643906,0.740306,2571.147864,328.339757,5:00,6.03893,-1.36045,4.94511,-67.85472,-17.66379,11.98615,0.99294,0.33802,69.84872,-11.524517,2.864008,0.509899,,,,,,,,,,,,-5.68394,-8.44855,1.27818,50,6.04494,-1.92162,-111.00551,-1.22594,-6.95127,23.55206,-42.50632,LOU_CAR,MOR_EAG,JimPatterson,D1,ACC,20260303-JimPatterson-1,713667a0-1741-11f1-913e-47a0eaaf79c0,73.92139,,,6.7174,,,,,,,4c216075-8757-4a7e-8832-fbd2b61f9361,2026-03-03,20:42:05.88,2026-03-03T15:42:05.8850000-05:00,2026-03-03T20:42:05.8850000Z,,v3,471341,471366,ea8a05dd47fb4949855474378ed738c7,"Nugent, Jimmy",838635,Right,LOU_CAR,50c6922d-7999-4ed2-a6ca-a62a8ed69d65,55.55761,-112.17847,11.77603,6.05328,0.89099,-21.25316,1.36526,-1.57543,-3.47563,,,,,,,,,,,,,,,,,,,,,,,,,,,,,,,,,,,,,,,,,,,,,,,,,,,High,High,High,,,,,,,,,,,,,,,,,,,,,,,,,,,,,,,,,,,,,,,
71,2026-03-03,15:42:24.51,4,5,"Hartman, Colton",806118,Left,LOU_CAR,"Germann, Davis",10326206,Right,MOR_EAG,Undefined,3,Top,2,2,2,Fastball,Four-Seam,FoulBallNotFieldable,Undefined,Undefined,Undefined,0,0,,90.62207,-1.901821,1.499416,2298.136727,156.90307,11:15,5.9944,-1.26752,5.5803,-15.44371,19.18029,-7.6817,2.93002,-0.507,82.35553,-4.845898,0.129104,0.423506,74.07982,37.078178,156.417064,2927.856187,-101.8651,46.76217,41.51457,211.25519,78.27962,158.279119,3.071675,4.35473,10.63524,1.14384,50,5.8211,-3.10196,-131.43466,-4.83481,7.57258,29.39668,-13.68012,LOU_CAR,MOR_EAG,JimPatterson,D1,ACC,20260303-JimPatterson-1,7c41dbc0-1741-11f1-913e-47a0eaaf79c0,89.00086,46.77396,,8.26653,,,,0.81833,2.77453,0.40442,4c216075-8757-4a7e-8832-fbd2b61f9361,2026-03-03,20:42:24.51,2026-03-03T15:42:24.5170000-05:00,2026-03-03T20:42:24.5170000Z,FlyBall,v3,471341,471366,ea8a05dd47fb4949855474378ed738c7,"Nugent, Jimmy",838635,Right,LOU_CAR,048c04ae-72dc-4201-b96c-08df98b648c8,54.91817,-132.53009,14.69834,5.99177,-4.32504,-6.84006,1.26468,-3.38414,3.78629,339.094377,0.81859,-79.45634,4.47675,0.01861,0.35283,-0.35104,0.16654,-0.03738,0.0032,2.77481,65.49398,-27.97521,3.21459,-0.47317,0.00331,0.01481,-0.00142,-9E-05,0.40454,34.67459,-5.11484,1.05577,-0.17052,0.03654,-0.01938,0.00597,-0.00063,,,,,,,,,,,,,,,,,,,,,,,High,High,High,High,Low,,,,,,,,,,,,,,,,,,,,,,,,,,,,,,,,,,,,,
72,2026-03-03,15:42:43.55,4,6,"Hartman, Colton",806118,Left,LOU_CAR,"Germann, Davis",10326206,Right,MOR_EAG,Undefined,3,Top,2,2,2,ChangeUp,Changeup,StrikeSwinging,Strikeout,Undefined,Undefined,0,0,,84.08248,-1.367565,1.835194,1974.902976,103.729389,9:30,5.87559,-1.4291,6.15087,-34.30041,5.76398,-17.23509,1.75276,-1.16913,75.48747,-7.784412,-1.277525,0.455565,,,,,,,,,,,,9.48485,3.93575,1.29779,50,5.75446,-3.21502,-121.8566,-3.98525,13.90097,29.58737,-26.4058,LOU_CAR,MOR_EAG,JimPatterson,D1,ACC,20260303-JimPatterson-1,87a61e40-1741-11f1-913e-47a0eaaf79c0,82.73774,,,8.59501,,,,,,,4c216075-8757-4a7e-8832-fbd2b61f9361,2026-03-03,20:42:43.55,2026-03-03T15:42:43.5510000-05:00,2026-03-03T20:42:43.5510000Z,,v3,471341,471366,ea8a05dd47fb4949855474378ed738c7,"Nugent, Jimmy",838635,Right,LOU_CAR,2e84a6c3-f226-47f6-9f22-b890d2b5314d,54.34465,-122.90698,14.79368,5.8793,-3.04782,-13.2029,1.42068,-3.70852,6.95049,,,,,,,,,,,,,,,,,,,,,,,,,,,,,,,,,,,,,,,,,,,,,,,,,,,High,High,High,,,,,,,,,,,,,,,,,,,,,,,,,,,,,,,,,,,,,,,
73,2026-03-03,15:45:04.30,1,1,"Wells, Cole",1000389183,Right,MOR_EAG,"Alicea, Alex",822712,Left,LOU_CAR,Undefined,3,Bottom,0,0,0,Fastball,Four-Seam,InPlay,Undefined,Bunt,Single,0,0,,85.44418,-1.927927,-2.440504,2346.929914,200.921178,12:45,6.00645,0.93861,5.74244,-19.56737,19.73155,6.96867,2.57845,-0.75437,76.68059,-5.669134,-1.194616,0.451192,26.31226,-11.725362,-44.457474,1385.807652,,,,11.21074,11.11757,-29.898276,0.243498,-4.39803,11.14182,-0.74001,50,5.83446,4.98541,-123.69584,-4.72355,-6.67275,29.44641,-15.26958,LOU_CAR,MOR_EAG,JimPatterson,D1,ACC,20260303-JimPatterson-1,db8510c0-1741-11f1-913e-47a0eaaf79c0,83.53965,2.71801,,8.76359,,,,3.24884,2.71801,0.75825,4c216075-8757-4a7e-8832-fbd2b61f9361,2026-03-03,20:45:04.30,2026-03-03T15:45:04.3010000-05:00,2026-03-03T20:45:04.3010000Z,GroundBall,v3,471341,471366,ea8a05dd47fb4949855474378ed738c7,"Sheridan, Caden",10091036,Right,MOR_EAG,3a7e7253-5014-4705-af2c-32f8e0fc5052,54.75415,-124.82245,14.72321,6.00401,-4.13934,-7.63479,-0.93563,5.24071,-3.33637,181.161037,3.24906,26.95873,-1.60123,,,,,,,2.71845,-7.86588,-13.55294,,,,,,,0.75803,-26.45295,1.60702,,,,,,,,,,,,,,,,,,,,,,,,,,,,,High,High,High,High,High,,,,,,,,,,,,,,,,,,,,,,,,,,,,,,,,,,,,,
74,2026-03-03,15:47:40.55,2,1,"Wells, Cole",1000389183,Right,MOR_EAG,"Moore, Lucas",806169,Left,LOU_CAR,Undefined,3,Bottom,0,0,0,ChangeUp,Changeup,InPlay,Undefined,GroundBall,Out,1,0,,79.70172,-1.49388,-1.694237,1855.466242,233.976137,1:45,5.82799,1.33158,6.10785,-29.89946,14.84312,17.96572,1.95405,1.26158,71.36124,-7.154161,1.545627,0.481429,56.14546,-33.237063,51.79338,,,,,4.23877,4.05092,17.912076,0.045091,-9.91587,8.69414,-1.21087,50,5.69786,2.75058,-115.48695,-3.8368,-13.02168,27.04424,-20.75677,LOU_CAR,MOR_EAG,JimPatterson,D1,ACC,20260303-JimPatterson-1,38a84bf0-1742-11f1-913e-47a0eaaf79c0,78.29291,2.04463,,8.34048,,,,2.10353,2.04463,-1.14808,4c216075-8757-4a7e-8832-fbd2b61f9361,2026-03-03,20:47:40.55,2026-03-03T15:47:40.5530000-05:00,2026-03-03T20:47:40.5530000Z,GroundBall,v3,471341,471366,ea8a05dd47fb4949855474378ed738c7,"Sheridan, Caden",10091036,Right,MOR_EAG,59ff2a7f-fb5a-4bfb-9798-477975bcd8e9,54.38854,-116.51011,13.52212,5.82817,-3.05152,-10.37838,-1.32426,3.24323,-6.51084,180,2.10208,42.79814,,,,,,,,2.04616,-45.34505,,,,,,,,-1.14991,54.37381,,,,,,,,,,,,,,,,,,,,,,,,,,,,,,High,High,High,High,High,,,,,,,,,,,,,,,,,,,,,,,,,,,,,,,,,,,61.14498,22.77074,13.3062
75,2026-03-03,15:51:10.15,3,1,"Owens, Carter",811788,Right,MOR_EAG,"Campbell, Kyle",830777,Right,LOU_CAR,Undefined,3,Bottom,1,0,0,Fastball,Four-Seam,FoulBallNotFieldable,Undefined,Undefined,Undefined,0,0,,91.25965,-2.219713,-4.340273,2574.707724,214.356501,1:15,5.56654,2.70208,5.33839,-14.43363,20.67048,13.20276,2.27429,-0.27729,81.69099,-5.004778,-2.004939,0.426433,73.48658,14.72291,160.890929,3555.144435,-107.62082,10.78751,22.75425,147.13463,50.58669,171.269894,1.829109,-8.03493,11.45867,-2.31964,50,5.35602,9.37389,-131.73401,-5.54043,-13.85441,32.88403,-12.4162,LOU_CAR,MOR_EAG,JimPatterson,D1,ACC,20260303-JimPatterson-1,b59383a0-1742-11f1-913e-47a0eaaf79c0,88.39015,13.33114,,9.56866,,,,0.43144,2.30025,0.18789,4c216075-8757-4a7e-8832-fbd2b61f9361,2026-03-03,20:51:10.15,2026-03-03T15:51:10.1570000-05:00,2026-03-03T20:51:10.1570000Z,LineDrive,v3,471341,471366,ea8a05dd47fb4949855474378ed738c7,"Sheridan, Caden",10091036,Right,MOR_EAG,07f00044-cf99-48e0-b3dd-35cc0b63f62c,55.15691,-133.01507,16.44202,5.56243,-5.05674,-6.2081,-2.69533,9.91362,-6.9272,,0.43143,-98.4959,9.95529,0.15525,-0.20589,0.32652,-0.22541,0.08345,-0.01289,2.30024,27.39246,-18.28627,1.79243,-0.38053,0.21288,-0.11671,0.04217,-0.00647,0.1879,34.12437,-15.23839,2.28702,-0.33295,-0.07977,0.11873,-0.04852,0.0076,,,,,,,,,,,,,,,,,,,,,,,High,High,High,High,Low,,,,,,,,,,,,,,,,,,,,,,,,,,,,,,,,,,,,,
76,2026-03-03,15:51:34.10,3,2,"Owens, Carter",811788,Right,MOR_EAG,"Campbell, Kyle",830777,Right,LOU_CAR,Undefined,3,Bottom,1,0,1,Fastball,Four-Seam,BallCalled,Undefined,Undefined,Undefined,0,0,,89.36835,0.051738,-2.752052,2431.00689,220.661396,1:15,5.57091,2.56258,5.46838,-17.82221,17.90143,14.36166,4.1342,1.18183,81.13112,-3.323687,-0.198595,0.430179,,,,,,,,,,,,-7.96654,9.32497,-2.33024,50,5.56357,5.57035,-129.55187,-0.44242,-13.492,27.94842,-16.38146,LOU_CAR,MOR_EAG,JimPatterson,D1,ACC,20260303-JimPatterson-1,c3da9ac0-1742-11f1-913e-47a0eaaf79c0,87.62033,,,8.23724,,,,,,,4c216075-8757-4a7e-8832-fbd2b61f9361,2026-03-03,20:51:34.10,2026-03-03T15:51:34.1020000-05:00,2026-03-03T20:51:34.1020000Z,,v3,471341,471366,ea8a05dd47fb4949855474378ed738c7,"Sheridan, Caden",10091036,Right,MOR_EAG,c0483b2e-02a0-4177-b02b-9c4afe60165e,55.0282,-130.63211,13.97421,5.56844,0.19074,-8.19073,-2.55562,6.09183,-6.746,,,,,,,,,,,,,,,,,,,,,,,,,,,,,,,,,,,,,,,,,,,,,,,,,,,High,High,High,,,,,,,,,,,,,,,,,,,,,,,,,,,,,,,,,,,,,,,
77,2026-03-03,15:51:56.81,3,3,"Owens, Carter",811788,Right,MOR_EAG,"Campbell, Kyle",830777,Right,LOU_CAR,Undefined,3,Bottom,1,1,1,Curveball,Curveball,FoulBallNotFieldable,Undefined,Undefined,Undefined,0,0,,75.33382,2.926016,-1.842581,2576.653862,46.347926,7:30,5.2136,2.49381,4.89652,-61.82476,-10.21249,-12.48536,2.83297,-0.29005,68.73413,-8.213125,-4.040431,0.517068,62.52715,11.974459,167.238473,3213.729666,,,,76.46286,49.15268,164.290961,0.873304,5.4965,-5.18882,-2.30275,50,5.44929,4.03257,-109.07764,3.3294,6.56856,20.63596,-38.37489,LOU_CAR,MOR_EAG,JimPatterson,D1,ACC,20260303-JimPatterson-1,d1740cc0-1742-11f1-913e-47a0eaaf79c0,72.89644,5.95986,,6.5997,,,,0.73088,2.57096,0.61574,4c216075-8757-4a7e-8832-fbd2b61f9361,2026-03-03,20:51:56.81,2026-03-03T15:51:56.8150000-05:00,2026-03-03T20:51:56.8150000Z,GroundBall,v3,471341,471366,ea8a05dd47fb4949855474378ed738c7,"Sheridan, Caden",10091036,Right,MOR_EAG,4f4e9516-849e-428b-8742-29ba275db848,55.60332,-110.13261,10.31798,5.22893,5.29123,-19.18744,-2.50032,3.69677,3.28428,,0.73088,-87.49478,1.74154,1.48759,-0.54731,0.16619,-0.03802,0.01068,-0.00165,2.57096,19.02683,-27.98431,3.80671,-0.74834,0.12366,-0.01999,0.00295,0.00039,0.61574,19.81655,4.72722,-1.50914,0.3663,-0.07464,0.01514,-0.00292,6E-05,,,,,,,,,,,,,,,,,,,,,,,High,High,High,Medium,Medium,,,,,,,,,,,,,,,,,,,,,,,,,,,,,,,,,,,69.20117,9.15325,8.49988
78,2026-03-03,15:52:21.88,3,4,"Owens, Carter",811788,Right,MOR_EAG,"Campbell, Kyle",830777,Right,LOU_CAR,Undefined,3,Bottom,1,1,2,ChangeUp,Changeup,BallCalled,Undefined,Undefined,Undefined,0,0,,84.85999,1.414776,-2.252896,2244.947428,249.894537,2:15,5.23495,2.52538,5.65466,-32.15801,7.4404,16.56221,3.87586,1.80338,76.64431,-4.565536,0.704201,0.452908,,,,,,,,,,,,-9.00847,3.76303,-2.34483,50,5.33484,4.12679,-122.98773,1.94762,-13.6471,26.88116,-26.47335,LOU_CAR,MOR_EAG,JimPatterson,D1,ACC,20260303-JimPatterson-1,e0567980-1742-11f1-913e-47a0eaaf79c0,83.22314,,,8.21569,,,,,,,4c216075-8757-4a7e-8832-fbd2b61f9361,2026-03-03,20:52:21.88,2026-03-03T15:52:21.8880000-05:00,2026-03-03T20:52:21.8880000Z,,v3,471341,471366,ea8a05dd47fb4949855474378ed738c7,"Sheridan, Caden",10091036,Right,MOR_EAG,82862c1d-1c16-4ed8-b5cb-741edaaf5533,54.8416,-124.04144,13.44058,5.23816,2.98534,-13.23668,-2.51708,4.66174,-6.82355,,,,,,,,,,,,,,,,,,,,,,,,,,,,,,,,,,,,,,,,,,,,,,,,,,,High,High,High,,,,,,,,,,,,,,,,,,,,,,,,,,,,,,,,,,,,,,,
79,2026-03-03,15:52:45.12,3,5,"Owens, Carter",811788,Right,MOR_EAG,"Campbell, Kyle",830777,Right,LOU_CAR,Undefined,3,Bottom,1,2,2,Fastball,Four-Seam,BallCalled,Undefined,Undefined,Undefined,0,0,,90.72575,-0.63902,-2.973971,2455.665756,212.830316,1:00,5.56356,2.58317,5.70908,-14.21418,21.01611,12.6295,3.78286,0.86237,80.38603,-3.432262,-0.719214,0.427198,,,,,,,,,,,,-7.37603,11.21753,-2.34136,50,5.50136,6.21824,-131.14419,-1.81385,-12.47706,35.14925,-13.19877,LOU_CAR,MOR_EAG,JimPatterson,D1,ACC,20260303-JimPatterson-1,ee2e2d00-1742-11f1-913e-47a0eaaf79c0,88.2317,,,10.33971,,,,,,,4c216075-8757-4a7e-8832-fbd2b61f9361,2026-03-03,20:52:45.12,2026-03-03T15:52:45.1290000-05:00,2026-03-03T20:52:45.1290000Z,,v3,471341,471366,ea8a05dd47fb4949855474378ed738c7,"Sheridan, Caden",10091036,Right,MOR_EAG,049938e8-d8cb-43fe-a892-b5bb2534a658,54.78179,-132.4196,17.57463,5.55848,-1.33492,-6.59939,-2.5752,6.67098,-6.23853,,,,,,,,,,,,,,,,,,,,,,,,,,,,,,,,,,,,,,,,,,,,,,,,,,,High,High,High,,,,,,,,,,,,,,,,,,,,,,,,,,,,,,,,,,,,,,,
80,2026-03-03,15:53:22.40,3,6,"Owens, Carter",811788,Right,MOR_EAG,"Campbell, Kyle",830777,Right,LOU_CAR,Undefined,3,Bottom,1,3,2,Fastball,Four-Seam,BallCalled,Walk,Undefined,Undefined,0,0,,90.95222,0.319997,-3.380697,2346.60119,219.233083,1:15,5.44889,2.49135,5.42607,-17.00926,18.05595,13.67351,4.33169,0.46073,81.39426,-2.933309,-0.953959,0.426196,,,,,,,,,,,,-7.88284,9.2926,-2.20063,50,5.46595,7.11458,-131.53587,0.21343,-13.57275,32.38125,-16.17394,LOU_CAR,MOR_EAG,JimPatterson,D1,ACC,20260303-JimPatterson-1,0472dc00-1743-11f1-913e-47a0eaaf79c0,88.43917,,,9.55796,,,,,,,4c216075-8757-4a7e-8832-fbd2b61f9361,2026-03-03,20:53:22.40,2026-03-03T15:53:22.4000000-05:00,2026-03-03T20:53:22.4000000Z,,v3,471341,471366,ea8a05dd47fb4949855474378ed738c7,"Sheridan, Caden",10091036,Right,MOR_EAG,2a3a22b1-288d-4c03-b532-231c326eda29,55.06728,-132.77746,16.19063,5.44588,0.83359,-8.08697,-2.4834,7.635,-6.78637,,,,,,,,,,,,,,,,,,,,,,,,,,,,,,,,,,,,,,,,,,,,,,,,,,,High,High,High,,,,,,,,,,,,,,,,,,,,,,,,,,,,,,,,,,,,,,,
81,2026-03-03,15:54:03.10,4,1,"Owens, Carter",811788,Right,MOR_EAG,"Davis, Tague",805538,Left,LOU_CAR,Undefined,3,Bottom,1,0,0,Fastball,Four-Seam,BallCalled,Undefined,Undefined,Undefined,0,0,,89.96301,-1.706187,-0.616178,2339.741623,218.011474,1:15,5.52328,2.21868,5.19962,-17.07036,19.24068,13.91579,2.4954,2.79876,80.27047,-4.96479,1.84974,0.433701,,,,,,,,,,,,-7.0587,10.54256,-2.17224,50,5.35308,0.72371,-130.11233,-4.40646,-11.80874,33.43386,-14.53703,LOU_CAR,MOR_EAG,JimPatterson,D1,ACC,20260303-JimPatterson-1,1cafffa0-1743-11f1-913e-47a0eaaf79c0,86.90874,,,9.69254,,,,,,,4c216075-8757-4a7e-8832-fbd2b61f9361,2026-03-03,20:54:03.10,2026-03-03T15:54:03.1010000-05:00,2026-03-03T20:54:03.1010000Z,,v3,471341,471366,ea8a05dd47fb4949855474378ed738c7,"Sheridan, Caden",10091036,Right,MOR_EAG,eab8e55e-b58c-4fc1-9427-4d4355a0f394,55.29263,-131.4653,16.71693,5.5195,-3.81819,-7.26851,-2.2112,1.20157,-5.90437,,,,,,,,,,,,,,,,,,,,,,,,,,,,,,,,,,,,,,,,,,,,,,,,,,,High,High,High,,,,,,,,,,,,,,,,,,,,,,,,,,,,,,,,,,,,,,,
82,2026-03-03,15:55:03.99,4,2,"Owens, Carter",811788,Right,MOR_EAG,"Davis, Tague",805538,Left,LOU_CAR,Undefined,3,Bottom,1,1,0,Other,Changeup,BallCalled,Undefined,Undefined,Undefined,1,0,,85.98424,0.926918,-1.761935,2139.050569,248.488541,2:15,5.1704,2.71727,5.82257,-29.68317,8.63457,18.51316,3.55904,2.62146,77.66586,-4.621853,1.555709,0.445524,,,,,,,,,,,,-9.90154,4.52662,-2.58375,50,5.22896,3.04599,-124.70713,1.03696,-15.40456,27.9051,-25.13164,LOU_CAR,MOR_EAG,JimPatterson,D1,ACC,20260303-JimPatterson-1,40f3e750-1743-11f1-913e-47a0eaaf79c0,84.60245,,,8.31838,,,,,,,4c216075-8757-4a7e-8832-fbd2b61f9361,2026-03-03,20:55:03.99,2026-03-03T15:55:03.9960000-05:00,2026-03-03T20:55:03.9960000Z,,v3,471341,471366,ea8a05dd47fb4949855474378ed738c7,"Sheridan, Caden",10091036,Right,MOR_EAG,668fdd2f-a23d-4bcf-b5a6-aaf461db397a,54.67387,-125.74863,13.95255,5.17276,1.97494,-12.56582,-2.70816,3.62094,-7.70228,,,,,,,,,,,,,,,,,,,,,,,,,,,,,82.60719,1.933267,0.742349,1.190918,-1.56925,3.30831,-2.7074,-0.09842,6.04801,-1.22363,127.27964,0.88152,4.85448,0.01582,119.25594,-10.53322,6.06087,9.37241,-11.53961,-1.21709,5.78031,-0.57994,High,High,High,,,High,Medium,Medium,,,,,,,,,,,,,,,,,,,,,,,,,,,,,,,,,,
83,2026-03-03,15:55:38.31,4,3,"Owens, Carter",811788,Right,MOR_EAG,"Davis, Tague",805538,Left,LOU_CAR,Undefined,3,Bottom,2,2,0,Fastball,Four-Seam,FoulBallNotFieldable,Undefined,Undefined,Undefined,0,0,,90.6726,-2.377338,-3.988732,2409.034728,216.825483,1:15,5.42446,2.55874,5.42371,-16.16824,19.14288,13.3395,1.84368,-0.07174,81.48865,-5.465981,-1.623248,0.427688,66.50074,58.698196,-141.814205,5368.818498,-93.05352,55.62596,-58.66039,144.46884,53.7193,-150.624307,3.7217,-8.00776,10.77524,-2.21399,50,5.20233,8.52293,-131.01017,-5.94848,-13.69459,31.81327,-13.74662,LOU_CAR,MOR_EAG,JimPatterson,D1,ACC,20260303-JimPatterson-1,556f6f10-1743-11f1-913e-47a0eaaf79c0,88.13067,66.72815,,9.18395,,,,1.50668,2.07764,-0.00927,4c216075-8757-4a7e-8832-fbd2b61f9361,2026-03-03,20:55:38.31,2026-03-03T15:55:38.3170000-05:00,2026-03-03T20:55:38.3170000Z,Popup,v3,471341,471366,ea8a05dd47fb4949855474378ed738c7,"Sheridan, Caden",10091036,Right,MOR_EAG,cc54bfdd-b5e0-405e-a13e-4ca0f6d4aafe,55.0729,-132.23628,15.90663,5.42138,-5.41867,-6.87331,-2.55264,9.05073,-6.84729,10.860398,1.50578,-39.80477,-2.61114,2.65529,-0.99762,0.28906,-0.0455,0.00222,0.00011,2.07847,83.30863,-32.5457,4.39703,-0.40984,-0.21285,0.11135,-0.02071,0.0014,-0.01035,-31.29544,2.01942,1.18015,-0.69808,0.27031,-0.0549,0.0047,-8E-05,,,,,,,,,,,,,,,,,,,,,,,High,High,High,High,Low,,,,,,,,,,,,,,,,,,,,,,,,,,,,,,,,,,,71.97066,19.96906,19.95564
84,2026-03-03,15:56:11.39,4,4,"Owens, Carter",811788,Right,MOR_EAG,"Davis, Tague",805538,Left,LOU_CAR,Undefined,3,Bottom,2,2,1,Fastball,Sinker,InPlay,Undefined,Popup,Out,1,0,,91.04525,-0.29005,-4.124292,2454.756904,231.854483,1:45,5.48064,2.31775,5.34581,-19.58229,14.90635,17.57922,3.576,-0.09265,83.03265,-3.950441,-1.011679,0.422678,99.58088,55.505607,20.348806,6244.621726,,,,,86.03325,,,-10.05213,7.89874,-1.9591,50,5.4408,8.72243,-131.90798,-1.35479,-17.72777,27.8074,-18.24393,LOU_CAR,MOR_EAG,JimPatterson,D1,ACC,20260303-JimPatterson-1,691b71d0-1743-11f1-913e-47a0eaaf79c0,89.17535,136.47617,,8.0126,,,,2.0782,3.36329,-0.02217,4c216075-8757-4a7e-8832-fbd2b61f9361,2026-03-03,20:56:11.39,2026-03-03T15:56:11.3970000-05:00,2026-03-03T20:56:11.3970000Z,,v3,471341,471366,ea8a05dd47fb4949855474378ed738c7,"Sheridan, Caden",10091036,Right,MOR_EAG,b7430b79-d1ed-4a3c-8384-e9b2bbf3fb3d,55.15495,-132.99025,13.9037,5.47971,-0.64473,-9.12197,-2.31201,9.4124,-8.86389,177.253572,2.07819,77.55407,-27.06671,8.5799,-2.16994,0.41408,-0.02011,-0.01685,0.0037,3.3633,120.37077,-26.1113,1.79734,0.07584,-0.05627,-0.0212,0.01639,-0.00298,-0.02217,28.76359,-11.57308,3.82227,-0.99453,0.19314,-0.00937,-0.00803,0.00177,,,,,,,,,,,,,,,,,,,,,,,High,High,High,High,Undefined,,,,,,,,,,,,,,,,,,,,,,,,,,,,,,,,,,,80.21318,19.84094,17.15795
85,2026-03-03,15:58:39.27,1,1,"Hartman, Colton",806118,Left,LOU_CAR,"Kean, Alex",10148157,Left,MOR_EAG,Undefined,4,Top,0,0,0,Cutter,Slider,BallCalled,Undefined,Undefined,Undefined,0,0,,83.74457,-2.10326,0.235098,2400.910133,234.613296,1:45,6.02662,-1.33436,5.26414,-32.28415,8.80768,10.44638,1.35949,-0.24296,76.47262,-8.013241,2.091169,0.46137,,,,,,,,,,,,-5.14453,5.45571,1.3049,50,5.81061,-0.94779,-121.38768,-5.59914,-7.62227,25.31466,-24.09072,LOU_CAR,MOR_EAG,JimPatterson,D1,ACC,20260303-JimPatterson-1,c14ca770-1743-11f1-913e-47a0eaaf79c0,81.69682,,,7.27195,,,,,,,4c216075-8757-4a7e-8832-fbd2b61f9361,2026-03-03,20:58:39.27,2026-03-03T15:58:39.2730000-05:00,2026-03-03T20:58:39.2730000Z,,v3,471341,471366,ea8a05dd47fb4949855474378ed738c7,"Nugent, Jimmy",838635,Right,LOU_CAR,d38a7f2b-52b7-49f7-bedd-aa1e36db1e52,55.23286,-122.4741,12.65733,6.02872,-4.56525,-12.04536,1.33856,-0.62067,-3.81114,,,,,,,,,,,,,,,,,,,,,,,,,,,,,,,,,,,,,,,,,,,,,,,,,,,High,High,High,,,,,,,,,,,,,,,,,,,,,,,,,,,,,,,,,,,,,,,
86,2026-03-03,15:58:53.75,1,2,"Hartman, Colton",806118,Left,LOU_CAR,"Kean, Alex",10148157,Left,MOR_EAG,Undefined,4,Top,0,1,0,Cutter,Slider,FoulBallNotFieldable,Undefined,Undefined,Undefined,0,0,,84.17377,-1.064311,0.759594,2422.939704,211.139658,1:00,6.08071,-1.44435,5.25653,-32.436,7.6654,3.9189,2.37751,-0.40404,77.73558,-6.983672,1.455378,0.455776,85.73158,66.83706,-49.955693,4341.772834,,,,,50.74005,,,-1.7876,4.44213,1.37165,50,5.95907,-1.78375,-122.27168,-3.43059,-2.72386,22.63497,-25.4053,LOU_CAR,MOR_EAG,JimPatterson,D1,ACC,20260303-JimPatterson-1,c9f5e8a0-1743-11f1-913e-47a0eaaf79c0,82.69952,108.92491,,6.43819,,,,3.47561,2.6253,0.45587,4c216075-8757-4a7e-8832-fbd2b61f9361,2026-03-03,20:58:53.75,2026-03-03T15:58:53.7520000-05:00,2026-03-03T20:58:53.7520000Z,,v3,471341,471366,ea8a05dd47fb4949855474378ed738c7,"Nugent, Jimmy",838635,Right,LOU_CAR,57419662-e261-418c-945e-fb6ed803d35d,55.24409,-123.23864,11.31748,6.08244,-2.34528,-12.70265,1.44536,-1.66739,-1.36193,164.117851,3.47561,31.82157,-10.94239,3.19445,-1.18692,1.15908,-1.19604,0.69102,-0.15791,2.6253,115.60346,-27.73403,3.54925,-0.63268,-0.10937,0.27823,-0.17884,0.04199,0.45587,-37.86344,5.02295,-1.1463,0.26563,-0.12963,0.1036,-0.05656,0.01272,,,,,,,,,,,,,,,,,,,,,,,High,High,High,Medium,Undefined,,,,,,,,,,,,,,,,,,,,,,,,,,,,,,,,,,,77.91695,22.82109,14.65926
87,2026-03-03,15:59:29.67,1,3,"Hartman, Colton",806118,Left,LOU_CAR,"Kean, Alex",10148157,Left,MOR_EAG,Undefined,4,Top,0,1,1,Fastball,Four-Seam,BallCalled,Undefined,Undefined,Undefined,0,0,,89.88511,-3.554981,1.602964,2238.556288,167.021376,11:30,5.98494,-1.38544,5.71001,-15.4293,20.02781,-4.31193,1.38159,-0.25097,81.06205,-6.512465,0.831896,0.428571,,,,,,,,,,,,2.68473,11.66505,1.25383,50,5.67745,-3.44428,-130.02408,-8.50806,4.52839,31.00951,-12.49841,LOU_CAR,MOR_EAG,JimPatterson,D1,ACC,20260303-JimPatterson-1,df531dd0-1743-11f1-913e-47a0eaaf79c0,87.94907,,,8.82306,,,,,,,4c216075-8757-4a7e-8832-fbd2b61f9361,2026-03-03,20:59:29.67,2026-03-03T15:59:29.6710000-05:00,2026-03-03T20:59:29.6710000Z,,v3,471341,471366,ea8a05dd47fb4949855474378ed738c7,"Nugent, Jimmy",838635,Right,LOU_CAR,7a104c62-e9e9-4d45-883c-de8bf7525980,54.78412,-131.16008,15.50475,5.98074,-8.05019,-6.24921,1.38304,-3.61017,2.2642,,,,,,,,,,,,,,,,,,,,,,,,,,,,,,,,,,,,,,,,,,,,,,,,,,,High,High,High,,,,,,,,,,,,,,,,,,,,,,,,,,,,,,,,,,,,,,,
88,2026-03-03,15:59:47.75,1,4,"Hartman, Colton",806118,Left,LOU_CAR,"Kean, Alex",10148157,Left,MOR_EAG,Undefined,4,Top,0,2,1,Cutter,Slider,BallCalled,Undefined,Undefined,Undefined,0,0,,83.32861,-2.370809,2.251886,2379.968878,220.612213,1:15,6.09042,-1.31967,5.25818,-36.90604,4.4917,2.71158,0.78445,1.02313,76.61166,-9.06631,2.733276,0.463084,,,,,,,,,,,,-0.71677,3.32575,1.1112,50,5.84578,-4.86262,-120.74451,-6.33337,-1.05565,24.03663,-27.27602,LOU_CAR,MOR_EAG,JimPatterson,D1,ACC,20260303-JimPatterson-1,ea26e020-1743-11f1-913e-47a0eaaf79c0,81.3944,,,6.71696,,,,,,,4c216075-8757-4a7e-8832-fbd2b61f9361,2026-03-03,20:59:47.75,2026-03-03T15:59:47.7550000-05:00,2026-03-03T20:59:47.7550000Z,,v3,471341,471366,ea8a05dd47fb4949855474378ed738c7,"Nugent, Jimmy",838635,Right,LOU_CAR,277fa530-da0e-46a7-a6f7-c38f2d6d4eea,55.24014,-121.78319,12.01831,6.09399,-5.1547,-13.63801,1.32034,-4.817,-0.52783,,,,,,,,,,,,,,,,,,,,,,,,,,,,,,,,,,,,,,,,,,,,,,,,,,,High,High,High,,,,,,,,,,,,,,,,,,,,,,,,,,,,,,,,,,,,,,,
89,2026-03-03,16:00:05.27,1,5,"Hartman, Colton",806118,Left,LOU_CAR,"Kean, Alex",10148157,Left,MOR_EAG,Undefined,4,Top,0,3,1,Fastball,Four-Seam,InPlay,Undefined,GroundBall,Out,1,0,,89.16115,-1.052133,1.09566,2212.636078,145.480062,10:45,6.05262,-1.29418,5.85033,-20.85214,14.89619,-9.34402,3.337,-1.05463,80.24619,-5.00832,-0.580421,0.430328,84.04097,-9.713559,30.931843,,,,,18.69293,16.13073,31.188976,0.141122,5.17355,8.34579,1.21081,50,5.95517,-2.07901,-129.30312,-3.02294,8.60295,31.43771,-18.29609,LOU_CAR,MOR_EAG,JimPatterson,D1,ACC,20260303-JimPatterson-1,f48d1390-1743-11f1-913e-47a0eaaf79c0,87.5901,3.22404,,8.91496,,,,1.54327,3.22404,1.02141,4c216075-8757-4a7e-8832-fbd2b61f9361,2026-03-03,21:00:05.27,2026-03-03T16:00:05.2770000-05:00,2026-03-03T21:00:05.2770000Z,GroundBall,v3,471341,471366,ea8a05dd47fb4949855474378ed738c7,"Nugent, Jimmy",838635,Right,LOU_CAR,6e9999f1-f940-41af-8742-31bddf18b32c,54.64722,-130.42811,15.71886,6.05163,-2.36822,-9.14804,1.29071,-2.38687,4.30147,357.216061,1.5435,104.19222,-12.87293,,,,,,,3.22419,-20.81073,-14.43597,,,,,,,1.02155,62.43658,-7.65536,,,,,,,,,,,,,,,,,,,,,,,,,,,,,High,High,High,Low,Low,,,,,,,,,,,,,,,,,,,,,,,,,,,,,,,,,,,65.30959,18.46746,5.57736
90,2026-03-03,16:00:39.30,2,1,"Hartman, Colton",806118,Left,LOU_CAR,"McCubbin, Ian",1000309976,Right,MOR_EAG,Undefined,4,Top,1,0,0,Curveball,Curveball,BallCalled,Undefined,Undefined,Undefined,0,0,,73.5274,0.935794,-0.795589,2560.308308,324.031332,4:45,6.03064,-1.39193,4.98467,-69.64122,-15.0017,12.36678,1.11105,-1.1127,66.69562,-11.603204,1.396971,0.532016,,,,,,,,,,,,-6.39717,-7.16292,1.45801,50,6.0639,0.99416,-106.51903,-0.67455,-7.16625,22.55761,-40.1981,LOU_CAR,MOR_EAG,JimPatterson,D1,ACC,20260303-JimPatterson-1,08e70990-1744-11f1-913e-47a0eaaf79c0,70.84828,,,6.83178,,,,,,,4c216075-8757-4a7e-8832-fbd2b61f9361,2026-03-03,21:00:39.30,2026-03-03T16:00:39.3030000-05:00,2026-03-03T21:00:39.3030000Z,,v3,471341,471366,ea8a05dd47fb4949855474378ed738c7,"Nugent, Jimmy",838635,Right,LOU_CAR,1d08f4b9-f6f7-4436-9faf-66a984bb1c8f,55.5166,-107.68095,11.27881,6.04532,1.39601,-20.09905,1.39729,1.36328,-3.58312,,,,,,,,,,,,,,,,,,,,,,,,,,,,,,,,,,,,,,,,,,,,,,,,,,,High,High,High,,,,,,,,,,,,,,,,,,,,,,,,,,,,,,,,,,,,,,,
91,2026-03-03,16:00:53.55,2,2,"Hartman, Colton",806118,Left,LOU_CAR,"McCubbin, Ian",1000309976,Right,MOR_EAG,Undefined,4,Top,1,1,0,Fastball,Four-Seam,BallCalled,Undefined,Undefined,Undefined,0,0,,88.92563,-1.746791,0.361421,2270.150076,168.777693,11:45,6.08249,-1.24101,5.62609,-15.19887,21.32021,-3.9461,3.18542,-1.23259,79.42083,-4.698579,-0.343334,0.434942,,,,,,,,,,,,2.09658,11.74512,1.21268,50,5.92422,-0.63114,-128.71608,-4.32268,3.43634,32.45549,-12.9237,LOU_CAR,MOR_EAG,JimPatterson,D1,ACC,20260303-JimPatterson-1,1155d9d0-1744-11f1-913e-47a0eaaf79c0,86.66088,,,9.5048,,,,,,,4c216075-8757-4a7e-8832-fbd2b61f9361,2026-03-03,21:00:53.55,2026-03-03T16:00:53.5530000-05:00,2026-03-03T21:00:53.5530000Z,,v3,471341,471366,ea8a05dd47fb4949855474378ed738c7,"Nugent, Jimmy",838635,Right,LOU_CAR,b4131b43-73b5-4dd6-b427-ade04c93fffc,54.8658,-129.93719,16.22775,6.07771,-3.83644,-6.46185,1.23886,-0.76043,1.71817,,,,,,,,,,,,,,,,,,,,,,,,,,,,,,,,,,,,,,,,,,,,,,,,,,,High,High,High,,,,,,,,,,,,,,,,,,,,,,,,,,,,,,,,,,,,,,,
92,2026-03-03,16:01:08.93,2,3,"Hartman, Colton",806118,Left,LOU_CAR,"McCubbin, Ian",1000309976,Right,MOR_EAG,Undefined,4,Top,1,2,0,Fastball,Four-Seam,StrikeSwinging,Undefined,Undefined,Undefined,0,0,,89.49203,-1.77161,1.068086,2226.582487,160.493152,11:15,6.01828,-1.30837,5.58922,-15.11674,20.63576,-6.85292,3.10347,-0.88199,80.7116,-4.681114,-0.154773,0.430353,,,,,,,,,,,,3.78,11.34347,1.22115,50,5.85664,-2.1076,-129.67785,-4.43303,6.353,30.40941,-13.10927,LOU_CAR,MOR_EAG,JimPatterson,D1,ACC,20260303-JimPatterson-1,1a81df90-1744-11f1-913e-47a0eaaf79c0,87.58497,,,8.78043,,,,,,,4c216075-8757-4a7e-8832-fbd2b61f9361,2026-03-03,21:01:08.93,2026-03-03T16:01:08.9360000-05:00,2026-03-03T21:01:08.9360000Z,,v3,471341,471366,ea8a05dd47fb4949855474378ed738c7,"Nugent, Jimmy",838635,Right,LOU_CAR,79e4a8d6-359c-476c-b0bb-bfbe40ae0a87,54.90569,-130.82317,15.20471,6.01431,-3.93929,-6.55464,1.30504,-2.34688,3.1765,,,,,,,,,,,,,,,,,,,,,,,,,,,,,,,,,,,,,,,,,,,,,,,,,,,High,High,High,,,,,,,,,,,,,,,,,,,,,,,,,,,,,,,,,,,,,,,
93,2026-03-03,16:01:25.17,2,4,"Hartman, Colton",806118,Left,LOU_CAR,"McCubbin, Ian",1000309976,Right,MOR_EAG,Undefined,4,Top,1,2,1,Fastball,Four-Seam,StrikeSwinging,Undefined,Undefined,Undefined,0,0,,90.19854,-2.909776,2.037229,2290.400002,164.63368,11:30,6.04637,-1.29234,5.67965,-17.00147,18.32068,-4.66768,1.91307,0.21856,81.10586,-6.154543,1.203297,0.427755,,,,,,,,,,,,3.03705,10.63764,1.1236,50,5.79055,-4.43343,-130.50358,-7.14215,5.14265,32.1106,-14.16132,LOU_CAR,MOR_EAG,JimPatterson,D1,ACC,20260303-JimPatterson-1,245aee30-1744-11f1-913e-47a0eaaf79c0,88.11693,,,9.09268,,,,,,,4c216075-8757-4a7e-8832-fbd2b61f9361,2026-03-03,21:01:25.17,2026-03-03T16:01:25.1790000-05:00,2026-03-03T21:01:25.1790000Z,,v3,471341,471366,ea8a05dd47fb4949855474378ed738c7,"Nugent, Jimmy",838635,Right,LOU_CAR,08ed7376-de1e-49b5-a367-14bb4d3b53f0,54.81544,-131.6831,16.0553,6.04335,-6.62196,-7.08066,1.28992,-4.62234,2.57133,,,,,,,,,,,,,,,,,,,,,,,,,,,,,,,,,,,,,,,,,,,,,,,,,,,High,High,High,,,,,,,,,,,,,,,,,,,,,,,,,,,,,,,,,,,,,,,
94,2026-03-03,16:01:44.19,2,5,"Hartman, Colton",806118,Left,LOU_CAR,"McCubbin, Ian",1000309976,Right,MOR_EAG,Undefined,4,Top,1,2,2,Curveball,Curveball,StrikeSwinging,Strikeout,Undefined,Undefined,0,0,,75.33859,1.342485,0.558063,2495.361787,332.158096,5:00,6.11809,-1.44835,4.80777,-69.36067,-17.01458,10.00902,1.61021,-0.08553,68.30518,-11.103215,2.325788,0.520731,,,,,,,,,,,,-4.73469,-8.30697,1.38364,50,6.19108,-1.47046,-109.11715,0.03451,-5.57224,23.46972,-41.95052,LOU_CAR,MOR_EAG,JimPatterson,D1,ACC,20260303-JimPatterson-1,2f942910-1744-11f1-913e-47a0eaaf79c0,72.38368,,,7.03341,,,,,,,4c216075-8757-4a7e-8832-fbd2b61f9361,2026-03-03,21:01:44.19,2026-03-03T16:01:44.1960000-05:00,2026-03-03T21:01:44.1960000Z,,v3,471341,471366,ea8a05dd47fb4949855474378ed738c7,"Nugent, Jimmy",838635,Right,LOU_CAR,2bb7ae62-216b-4ed8-832c-3c18fcd3bf78,55.69399,-110.33506,11.73486,6.1328,2.21144,-20.97526,1.45244,-1.1813,-2.78612,,,,,,,,,,,,,,,,,,,,,,,,,,,,,51.69978,2.471829,1.047757,1.424072,0.63052,1.45441,0.05342,-6.39707,3.24555,4.2144,71.24013,6.90283,53.55121,-6.33339,59.90491,-3.83359,3.34468,25.20535,-15.97887,4.23692,37.22907,-1.83235,High,High,High,,,High,Low,Low,,,,,,,,,,,,,,,,,,,,,,,,,,,,,,,,,,
95,2026-03-03,16:02:14.51,3,1,"Hartman, Colton",806118,Left,LOU_CAR,"Griffith, Nick",10049364,Left,MOR_EAG,Undefined,4,Top,2,0,0,Cutter,Slider,StrikeCalled,Undefined,Undefined,Undefined,0,0,,84.0956,-0.774958,0.600864,2510.766169,220.8837,1:15,5.98176,-1.34502,5.38815,-33.37758,6.83941,4.83299,2.47386,-0.37908,77.18458,-6.893461,1.461069,0.456432,,,,,,,,,,,,-2.25193,4.05335,1.28789,50,5.88922,-1.487,-122.07621,-2.83395,-3.40122,23.83308,-26.05198,LOU_CAR,MOR_EAG,JimPatterson,D1,ACC,20260303-JimPatterson-1,41a651f0-1744-11f1-913e-47a0eaaf79c0,82.5806,,,6.91101,,,,,,,4c216075-8757-4a7e-8832-fbd2b61f9361,2026-03-03,21:02:14.51,2026-03-03T16:02:14.5190000-05:00,2026-03-03T21:02:14.5190000Z,,v3,471341,471366,ea8a05dd47fb4949855474378ed738c7,"Nugent, Jimmy",838635,Right,LOU_CAR,5dfb9ea3-f153-4d69-a413-f563e4b886bf,55.10924,-123.06966,11.91654,5.98471,-1.74802,-13.02599,1.34692,-1.34522,-1.70061,,,,,,,,,,,,,,,,,,,,,,,,,,,,,,,,,,,,,,,,,,,,,,,,,,,High,High,High,,,,,,,,,,,,,,,,,,,,,,,,,,,,,,,,,,,,,,,
96,2026-03-03,16:02:27.74,3,2,"Hartman, Colton",806118,Left,LOU_CAR,"Griffith, Nick",10049364,Left,MOR_EAG,Undefined,4,Top,2,0,1,Curveball,Curveball,BallCalled,Undefined,Undefined,Undefined,0,0,,76.07333,-0.640819,2.040711,2533.835209,326.750381,5:00,6.08495,-1.3249,5.02227,-65.78602,-14.85867,10.94323,-0.00234,1.51359,69.46117,-12.421393,3.981849,0.513626,,,,,,,,,,,,-4.73874,-6.65532,1.12024,50,5.97045,-4.36148,-110.18392,-3.57079,-5.6906,23.80669,-40.16623,LOU_CAR,MOR_EAG,JimPatterson,D1,ACC,20260303-JimPatterson-1,4988c0b0-1744-11f1-913e-47a0eaaf79c0,73.385,,,6.61216,,,,,,,4c216075-8757-4a7e-8832-fbd2b61f9361,2026-03-03,21:02:27.74,2026-03-03T16:02:27.7490000-05:00,2026-03-03T21:02:27.7490000Z,,v3,471341,471366,ea8a05dd47fb4949855474378ed738c7,"Nugent, Jimmy",838635,Right,LOU_CAR,5304c8dd-a2ad-47d1-b613-8ab90a618de1,55.47919,-111.36148,11.90334,6.09793,-1.58404,-20.08312,1.32902,-4.08,-2.8453,,,,,,,,,,,,,,,,,,,,,,,,,,,,,,,,,,,,,,,,,,,,,,,,,,,High,High,High,,,,,,,,,,,,,,,,,,,,,,,,,,,,,,,,,,,,,,,
97,2026-03-03,16:02:47.18,3,3,"Hartman, Colton",806118,Left,LOU_CAR,"Griffith, Nick",10049364,Left,MOR_EAG,Undefined,4,Top,2,1,1,Cutter,Slider,BallCalled,Undefined,Undefined,Undefined,0,0,,83.58685,-0.287015,-0.27157,2462.837295,234.872951,1:45,6.04473,-1.42728,5.25365,-34.23455,6.40803,7.41823,2.92216,-1.06427,77.13738,-6.536207,1.045384,0.458841,,,,,,,,,,,,-3.78217,3.64799,1.44648,50,5.99308,0.26069,-121.43218,-1.84017,-5.68923,22.12876,-26.68665,LOU_CAR,MOR_EAG,JimPatterson,D1,ACC,20260303-JimPatterson-1,5517bcb0-1744-11f1-913e-47a0eaaf79c0,82.14708,,,6.44947,,,,,,,4c216075-8757-4a7e-8832-fbd2b61f9361,2026-03-03,21:02:47.18,2026-03-03T16:02:47.1820000-05:00,2026-03-03T21:02:47.1820000Z,,v3,471341,471366,ea8a05dd47fb4949855474378ed738c7,"Nugent, Jimmy",838635,Right,LOU_CAR,a15a3335-c4f2-408f-9739-c9a47902e23c,55.24556,-122.38435,11.06438,6.04755,-0.69188,-13.34333,1.43,0.50549,-2.84462,,,,,,,,,,,,,,,,,,,,,,,,,,,,,,,,,,,,,,,,,,,,,,,,,,,High,High,High,,,,,,,,,,,,,,,,,,,,,,,,,,,,,,,,,,,,,,,
98,2026-03-03,16:03:07.29,3,4,"Hartman, Colton",806118,Left,LOU_CAR,"Griffith, Nick",10049364,Left,MOR_EAG,Undefined,4,Top,2,2,1,Fastball,Four-Seam,FoulBallNotFieldable,Undefined,Undefined,Undefined,0,0,,89.1111,-2.357482,0.672633,2281.768252,168.98728,11:45,6.15711,-1.25155,5.56066,-14.94143,21.05741,-3.85103,2.70809,-0.94403,80.67444,-5.224147,-0.014301,0.431833,,,,,,,,,,,,2.14851,11.72855,1.19607,50,5.94404,-1.3447,-129.14257,-5.73828,3.59261,29.37081,-12.56223,LOU_CAR,MOR_EAG,JimPatterson,D1,ACC,20260303-JimPatterson-1,610d42b0-1744-11f1-913e-47a0eaaf79c0,87.28478,,,8.43666,,,,,,,4c216075-8757-4a7e-8832-fbd2b61f9361,2026-03-03,21:03:07.29,2026-03-03T16:03:07.2970000-05:00,2026-03-03T21:03:07.2970000Z,,v3,471341,471366,ea8a05dd47fb4949855474378ed738c7,"Nugent, Jimmy",838635,Right,LOU_CAR,0fa6d471-8335-432b-916d-892f396b93b4,54.93545,-130.2602,14.6854,6.1533,-5.26026,-6.28112,1.24984,-1.4814,1.79631,,,,,,,,,,,,,,,,,,,,,,,,,,,,,,,,,,,,,,,,,,,,,,,,,,,High,High,High,,,,,,,,,,,,,,,,,,,,,,,,,,,,,,,,,,,,,,,
99,2026-03-03,16:03:32.84,3,5,"Hartman, Colton",806118,Left,LOU_CAR,"Griffith, Nick",10049364,Left,MOR_EAG,Undefined,4,Top,2,2,2,Curveball,Curveball,BallCalled,Undefined,Undefined,Undefined,0,0,,73.45609,4.240774,-1.916714,2477.394737,327.811249,5:00,6.14038,-1.16221,5.29716,-71.47472,-17.15654,12.08753,4.17517,-1.95511,65.96815,-8.755034,0.228102,0.53045,,,,,,,,,,,,-6.61819,-9.23142,1.32762,50,6.47543,3.07661,-106.17344,5.44198,-7.38117,22.06813,-42.46974,LOU_CAR,MOR_EAG,JimPatterson,D1,ACC,20260303-JimPatterson-1,7064b860-1744-11f1-913e-47a0eaaf79c0,71.05754,,,7.48794,,,,,,,4c216075-8757-4a7e-8832-fbd2b61f9361,2026-03-03,21:03:32.84,2026-03-03T16:03:32.8470000-05:00,2026-03-03T21:03:32.8470000Z,,v3,471341,471366,ea8a05dd47fb4949855474378ed738c7,"Nugent, Jimmy",838635,Right,LOU_CAR,7c846bd2-aff3-406c-93fd-c213d3f16af5,55.20398,-107.24964,11.03407,6.15954,7.51309,-21.23487,1.16881,3.43657,-3.69058,,,,,,,,,,,,,,,,,,,,,,,,,,,,,,,,,,,,,,,,,,,,,,,,,,,High,High,High,,,,,,,,,,,,,,,,,,,,,,,,,,,,,,,,,,,,,,,
100,2026-03-03,16:03:55.06,3,6,"Hartman, Colton",806118,Left,LOU_CAR,"Griffith, Nick",10049364,Left,MOR_EAG,Undefined,4,Top,2,3,2,Fastball,Four-Seam,BallCalled,Walk,Undefined,Undefined,0,0,,89.54515,-3.414726,2.646138,2254.278021,165.509187,11:30,6.05828,-1.02376,5.98087,-17.11418,18.11021,-4.35662,1.45976,1.06771,81.17477,-6.67519,1.863921,0.427162,,,,,,,,,,,,3.03646,10.7019,0.81691,50,5.77846,-5.80272,-129.60092,-8.22287,5.1117,29.66725,-14.15801,LOU_CAR,MOR_EAG,JimPatterson,D1,ACC,20260303-JimPatterson-1,7d84b4a0-1744-11f1-913e-47a0eaaf79c0,88.23911,,,8.37038,,,,,,,4c216075-8757-4a7e-8832-fbd2b61f9361,2026-03-03,21:03:55.06,2026-03-03T16:03:55.0680000-05:00,2026-03-03T21:03:55.0680000Z,,v3,471341,471366,ea8a05dd47fb4949855474378ed738c7,"Nugent, Jimmy",838635,Right,LOU_CAR,d0eae6e1-510e-4d9b-9bf6-021e36fbcfaa,54.51465,-130.63029,14.83363,6.05525,-7.73163,-7.07901,1.02133,-5.98008,2.55585,,,,,,,,,,,,,,,,,,,,,,,,,,,,,,,,,,,,,,,,,,,,,,,,,,,High,High,High,,,,,,,,,,,,,,,,,,,,,,,,,,,,,,,,,,,,,,,
101,2026-03-03,16:04:33.85,4,1,"Hartman, Colton",806118,Left,LOU_CAR,"Correa, Jaden",1000159957,Right,MOR_EAG,Undefined,4,Top,2,0,0,ChangeUp,Changeup,BallCalled,Undefined,Undefined,Undefined,0,0,,82.69299,-1.948653,2.413655,1787.911554,116.63702,10:00,5.9474,-1.58357,6.16041,-34.81242,7.30213,-10.88379,1.24391,-0.2595,73.20313,-8.4967,0.448389,0.467076,,,,,,,,,,,,6.57437,5.07555,1.40568,50,5.78221,-4.61194,-119.56067,-5.12156,9.12362,31.89824,-25.13043,LOU_CAR,MOR_EAG,JimPatterson,D1,ACC,20260303-JimPatterson-1,94d09a70-1744-11f1-913e-47a0eaaf79c0,80.69876,,,9.48987,,,,,,,4c216075-8757-4a7e-8832-fbd2b61f9361,2026-03-03,21:04:33.85,2026-03-03T16:04:33.8500000-05:00,2026-03-03T21:04:33.8500000Z,,v3,471341,471366,ea8a05dd47fb4949855474378ed738c7,"Nugent, Jimmy",838635,Right,LOU_CAR,92bcdfe7-ee20-46b2-9ed4-32ecb2bdfb6c,54.33263,-120.71106,15.94912,5.95057,-4.21525,-12.56522,1.57794,-4.94097,4.56181,,,,,,,,,,,,,,,,,,,,,,,,,,,,,,,,,,,,,,,,,,,,,,,,,,,High,High,High,,,,,,,,,,,,,,,,,,,,,,,,,,,,,,,,,,,,,,,
102,2026-03-03,16:04:53.10,4,2,"Hartman, Colton",806118,Left,LOU_CAR,"Correa, Jaden",1000159957,Right,MOR_EAG,Undefined,4,Top,2,1,0,Curveball,Curveball,BallCalled,Undefined,Undefined,Undefined,0,0,,75.333,0.542967,0.220381,2439.344316,339.701405,5:15,6.06098,-1.15605,4.92929,-68.34327,-16.41658,6.7602,0.87899,-0.38438,68.6557,-11.720499,1.418257,0.518641,,,,,,,,,,,,-3.28953,-7.87808,1.12861,50,6.05631,-0.68761,-109.20216,-1.39537,-3.88916,22.98101,-41.48813,LOU_CAR,MOR_EAG,JimPatterson,D1,ACC,20260303-JimPatterson-1,a02859d0-1744-11f1-913e-47a0eaaf79c0,72.67542,,,6.6773,,,,,,,4c216075-8757-4a7e-8832-fbd2b61f9361,2026-03-03,21:04:53.10,2026-03-03T16:04:53.1000000-05:00,2026-03-03T21:04:53.1000000Z,,v3,471341,471366,ea8a05dd47fb4949855474378ed738c7,"Nugent, Jimmy",838635,Right,LOU_CAR,a2ebd79a-73ab-4c16-a354-4e7d6741d60c,55.57309,-110.36875,11.49051,6.07368,0.71071,-20.74407,1.1585,-0.49019,-1.94458,,,,,,,,,,,,,,,,,,,,,,,,,,,,,,,,,,,,,,,,,,,,,,,,,,,High,High,High,,,,,,,,,,,,,,,,,,,,,,,,,,,,,,,,,,,,,,,
103,2026-03-03,16:05:12.68,4,3,"Hartman, Colton",806118,Left,LOU_CAR,"Correa, Jaden",1000159957,Right,MOR_EAG,Undefined,4,Top,2,2,0,Fastball,Four-Seam,InPlay,Undefined,FlyBall,HomeRun,0,2,,89.72597,-1.939561,1.640259,2306.042776,169.437909,11:45,5.94362,-1.30729,5.87147,-15.37969,19.81418,-3.45866,2.85902,-0.07156,80.98684,-4.904839,1.020072,0.426978,91.13725,34.624947,-32.230976,3439.986726,90.08785,67.06219,-63.12003,351.12645,336.26876,-40.226351,4.855381,2.29524,11.128,1.1766,50,5.77792,-3.577,-130.07033,-4.82824,3.87829,30.7643,-13.37084,LOU_CAR,MOR_EAG,JimPatterson,D1,ACC,20260303-JimPatterson-1,abd7d620-1744-11f1-913e-47a0eaaf79c0,88.27731,85.03417,,8.73913,,,,1.79037,2.9543,0.05003,4c216075-8757-4a7e-8832-fbd2b61f9361,2026-03-03,21:05:12.68,2026-03-03T16:05:12.6830000-05:00,2026-03-03T21:05:12.6830000Z,FlyBall,v3,471341,471366,ea8a05dd47fb4949855474378ed738c7,"Nugent, Jimmy",838635,Right,LOU_CAR,876eed44-5087-419d-a609-a1ae01bcc3f8,54.6254,-131.15976,15.38215,5.94052,-4.35474,-6.68542,1.3057,-3.71434,1.93915,151.237281,1.79417,92.95913,-20.89568,5.4652,-0.84932,0.01913,0.01986,-0.00327,0.00016,2.95281,75.97414,-19.46156,0.73537,0.23608,-0.16139,0.04931,-0.00736,0.00042,0.04891,-58.63884,5.63259,-1.05384,0.02737,0.05141,-0.01528,0.00185,-9E-05,,,,,,,,,,,,,,,,,,,,,,,High,High,High,High,Medium,,,,,,,,,,,,,,,,,,,,,,,,,,,,,,,,,,,68.62003,20.81981,-24.64042
104,2026-03-03,16:06:01.84,5,1,"Hartman, Colton",806118,Left,LOU_CAR,"Peak, Austyn",1000157632,Right,MOR_EAG,Undefined,4,Top,2,0,0,Fastball,Four-Seam,BallCalled,Undefined,Undefined,Undefined,0,0,,90.12166,-0.917881,1.6161,2223.516983,158.365939,11:15,5.96788,-1.28856,5.87085,-17.54529,16.90666,-6.26803,3.65279,-0.30938,82.22682,-4.248846,0.492023,0.422453,,,,,,,,,,,,3.63851,9.22205,1.1613,50,5.88337,-3.41832,-130.83859,-2.62239,6.30254,27.7931,-16.19978,LOU_CAR,MOR_EAG,JimPatterson,D1,ACC,20260303-JimPatterson-1,c923af10-1744-11f1-913e-47a0eaaf79c0,89.22281,,,7.89485,,,,,,,4c216075-8757-4a7e-8832-fbd2b61f9361,2026-03-03,21:06:01.84,2026-03-03T16:06:01.8480000-05:00,2026-03-03T21:06:01.8480000Z,,v3,471341,471366,ea8a05dd47fb4949855474378ed738c7,"Nugent, Jimmy",838635,Right,LOU_CAR,0b6d3b54-7d55-4cf8-a09f-be91ae3b4970,54.62592,-131.81758,13.89655,5.96569,-2.05176,-8.09989,1.28562,-3.64032,3.15127,,,,,,,,,,,,,,,,,,,,,,,,,,,,,,,,,,,,,,,,,,,,,,,,,,,High,High,High,,,,,,,,,,,,,,,,,,,,,,,,,,,,,,,,,,,,,,,
105,2026-03-03,16:06:16.85,5,2,"Hartman, Colton",806118,Left,LOU_CAR,"Peak, Austyn",1000157632,Right,MOR_EAG,Undefined,4,Top,2,1,0,Fastball,Four-Seam,BallCalled,Undefined,Undefined,Undefined,0,0,,89.56856,-3.480596,1.521359,2279.340588,162.715005,11:30,5.92864,-1.28027,6.22712,-16.52332,17.85552,-5.22004,1.3353,-0.31129,82.25948,-6.619589,0.578547,0.422004,,,,,,,,,,,,3.12587,10.54575,1.16915,50,5.65989,-3.2432,-129.96878,-8.3637,5.36082,26.56651,-14.08817,LOU_CAR,MOR_EAG,JimPatterson,D1,ACC,20260303-JimPatterson-1,d2078840-1744-11f1-913e-47a0eaaf79c0,89.31769,,,7.30908,,,,,,,4c216075-8757-4a7e-8832-fbd2b61f9361,2026-03-03,21:06:16.85,2026-03-03T16:06:16.8500000-05:00,2026-03-03T21:06:16.8500000Z,,v3,471341,471366,ea8a05dd47fb4949855474378ed738c7,"Nugent, Jimmy",838635,Right,LOU_CAR,b454723e-1cbc-46af-b0d8-ca1ff255f486,54.27183,-130.83906,13.28326,5.92631,-7.9022,-7.04408,1.27827,-3.41881,2.68041,,,,,,,,,,,,,,,,,,,,,,,,,,,,,,,,,,,,,,,,,,,,,,,,,,,High,High,High,,,,,,,,,,,,,,,,,,,,,,,,,,,,,,,,,,,,,,,
106,2026-03-03,16:06:34.50,5,3,"Hartman, Colton",806118,Left,LOU_CAR,"Peak, Austyn",1000157632,Right,MOR_EAG,Undefined,4,Top,2,2,0,Fastball,Four-Seam,InPlay,Undefined,FlyBall,Out,1,0,,90.51637,-1.926464,1.585828,2238.054174,153.09274,11:00,5.97416,-1.2374,5.4049,-15.55469,19.19497,-9.175,2.87151,-0.51571,82.69046,-4.87058,-0.045493,0.424274,95.74218,27.924222,3.435309,3230.642093,109.40458,55.22636,11.42436,373.73721,368.0394,10.050662,4.91597,5.08618,10.54666,1.10293,50,5.7921,-3.22536,-131.3191,-4.91315,8.88168,27.80299,-13.75706,LOU_CAR,MOR_EAG,JimPatterson,D1,ACC,20260303-JimPatterson-1,dc942f70-1744-11f1-913e-47a0eaaf79c0,88.83981,77.61284,,7.82591,,,,1.28447,2.92639,0.49412,4c216075-8757-4a7e-8832-fbd2b61f9361,2026-03-03,21:06:34.50,2026-03-03T16:06:34.5050000-05:00,2026-03-03T21:06:34.5050000Z,FlyBall,v3,471341,471366,ea8a05dd47fb4949855474378ed738c7,"Nugent, Jimmy",838635,Right,LOU_CAR,f7db53d4-c934-4264-9304-7af6e10921c5,55.0943,-132.39328,13.9015,5.97165,-4.38164,-6.87853,1.23417,-3.5685,4.44084,202.193,1.28621,123.81285,-23.68071,5.66072,-1.04828,0.14557,-0.01597,0.00154,-9E-05,2.92659,65.75062,-14.5715,-0.57168,0.57101,-0.22581,0.05551,-0.00726,0.00038,0.49365,7.44564,4.27347,-1.57801,0.39459,-0.06817,0.00757,-0.0005,2E-05,,,,,,,,,,,,,,,,,,,,,,,High,High,High,High,High,,,,,,,,,,,,,,,,,,,,,,,,,,,,,,,,,,,73.37149,13.741,-7.30249
107,2026-03-03,16:08:58.24,1,1,"Owens, Carter",811788,Right,MOR_EAG,"Hot, Bayram",822496,Right,LOU_CAR,Undefined,4,Bottom,0,0,0,Fastball,Four-Seam,StrikeCalled,Undefined,Undefined,Undefined,0,0,,89.49384,-2.135184,-3.537445,2464.25505,216.423869,1:15,5.50142,2.39261,5.44524,-14.80804,21.14229,14.65438,2.26355,0.29756,80.87741,-4.978724,-0.935694,0.431542,,,,,,,,,,,,-8.41292,11.63607,-2.09002,50,5.30261,7.33382,-129.47404,-5.25885,-14.14757,29.38709,-12.60631,LOU_CAR,MOR_EAG,JimPatterson,D1,ACC,20260303-JimPatterson-1,32485720-1745-11f1-913e-47a0eaaf79c0,87.34368,,,8.61643,,,,,,,4c216075-8757-4a7e-8832-fbd2b61f9361,2026-03-03,21:08:58.24,2026-03-03T16:08:58.2450000-05:00,2026-03-03T21:08:58.2450000Z,,v3,471341,471366,ea8a05dd47fb4949855474378ed738c7,"Sheridan, Caden",10091036,Right,MOR_EAG,ab02f2f1-1d39-438a-8c59-1296832cdb3b,55.05122,-130.6155,14.69354,5.49737,-4.76919,-6.30316,-2.38555,7.88334,-7.07379,,,,,,,,,,,,,,,,,,,,,,,,,,,,,,,,,,,,,,,,,,,,,,,,,,,High,High,High,,,,,,,,,,,,,,,,,,,,,,,,,,,,,,,,,,,,,,,
108,2026-03-03,16:09:18.10,1,2,"Owens, Carter",811788,Right,MOR_EAG,"Hot, Bayram",822496,Right,LOU_CAR,Undefined,4,Bottom,0,0,1,Curveball,Curveball,BallCalled,Undefined,Undefined,Undefined,0,0,,77.90455,1.384151,-4.538796,2703.937164,48.641746,7:30,5.25226,2.3835,5.31487,-59.67358,-11.07882,-14.66694,1.58291,-3.10758,70.21877,-9.426834,-7.128509,0.501725,,,,,,,,,,,,5.56028,-5.25488,-1.96109,50,5.33655,9.54102,-112.44412,0.59156,6.91721,25.76917,-38.71131,LOU_CAR,MOR_EAG,JimPatterson,D1,ACC,20260303-JimPatterson-1,3e193e20-1745-11f1-913e-47a0eaaf79c0,75.12565,,,7.68578,,,,,,,4c216075-8757-4a7e-8832-fbd2b61f9361,2026-03-03,21:09:18.10,2026-03-03T16:09:18.1080000-05:00,2026-03-03T21:09:18.1080000Z,,v3,471341,471366,ea8a05dd47fb4949855474378ed738c7,"Sheridan, Caden",10091036,Right,MOR_EAG,bd7bf465-1819-4e22-8b14-411567bc1df5,55.18164,-113.6254,12.88459,5.26876,2.36612,-19.35566,-2.39119,9.22392,3.4586,,,,,,,,,,,,,,,,,,,,,,,,,,,,,,,,,,,,,,,,,,,,,,,,,,,High,High,High,,,,,,,,,,,,,,,,,,,,,,,,,,,,,,,,,,,,,,,
109,2026-03-03,16:09:39.89,1,3,"Owens, Carter",811788,Right,MOR_EAG,"Hot, Bayram",822496,Right,LOU_CAR,Undefined,4,Bottom,0,1,1,Curveball,Curveball,StrikeCalled,Undefined,Undefined,Undefined,0,0,,77.4748,2.931958,-0.534685,2675.152237,57.325284,8:00,5.21977,2.52749,4.88525,-58.55511,-9.0213,-16.98501,3.11651,0.60622,69.51904,-7.676647,-3.52653,0.50655,,,,,,,,,,,,8.07941,-4.79292,-2.46017,50,5.45878,1.77645,-112.02137,3.56758,10.02048,24.75493,-38.11846,LOU_CAR,MOR_EAG,JimPatterson,D1,ACC,20260303-JimPatterson-1,4b1bee60-1745-11f1-913e-47a0eaaf79c0,74.41011,,,7.95577,,,,,,,4c216075-8757-4a7e-8832-fbd2b61f9361,2026-03-03,21:09:39.89,2026-03-03T16:09:39.8990000-05:00,2026-03-03T21:09:39.8990000Z,,v3,471341,471366,ea8a05dd47fb4949855474378ed738c7,"Sheridan, Caden",10091036,Right,MOR_EAG,89faf0d8-0989-48c6-96f2-1f74ca439b46,55.61249,-113.25485,12.37746,5.2337,5.46693,-19.05923,-2.53625,1.27716,5.01024,,,,,,,,,,,,,,,,,,,,,,,,,,,,,,,,,,,,,,,,,,,,,,,,,,,High,High,High,,,,,,,,,,,,,,,,,,,,,,,,,,,,,,,,,,,,,,,
110,2026-03-03,16:09:59.53,1,4,"Owens, Carter",811788,Right,MOR_EAG,"Hot, Bayram",822496,Right,LOU_CAR,Undefined,4,Bottom,0,1,2,Fastball,Four-Seam,FoulBallNotFieldable,Undefined,Undefined,Undefined,0,0,,91.36928,-0.925943,-2.874545,2540.478433,217.373799,1:15,5.44352,2.46025,5.29938,-16.11666,18.73871,13.31863,3.22999,0.86918,81.94797,-4.006388,-0.514177,0.424919,,,,,,,,,,,,-7.68185,10.08422,-2.20917,50,5.34837,6.02647,-132.24088,-2.65617,-13.35819,32.93534,-14.63831,LOU_CAR,MOR_EAG,JimPatterson,D1,ACC,20260303-JimPatterson-1,56bbda50-1745-11f1-913e-47a0eaaf79c0,88.70493,,,9.42131,,,,,,,4c216075-8757-4a7e-8832-fbd2b61f9361,2026-03-03,21:09:59.53,2026-03-03T16:09:59.5390000-05:00,2026-03-03T21:09:59.5390000Z,,v3,471341,471366,ea8a05dd47fb4949855474378ed738c7,"Sheridan, Caden",10091036,Right,MOR_EAG,d82fd354-9555-490d-bbcb-d692bdc79e33,55.19846,-133.52931,16.46767,5.44108,-2.08352,-7.31915,-2.45515,6.54904,-6.67909,,,,,,,,,,,,,,,,,,,,,,,,,,,,,,,,,,,,,,,,,,,,,,,,,,,High,High,High,,,,,,,,,,,,,,,,,,,,,,,,,,,,,,,,,,,,,,,
111,2026-03-03,16:10:23.67,1,5,"Owens, Carter",811788,Right,MOR_EAG,"Hot, Bayram",822496,Right,LOU_CAR,Undefined,4,Bottom,0,1,2,Curveball,Curveball,BallCalled,Undefined,Undefined,Undefined,0,0,,78.45359,1.930708,-3.670435,2675.17813,60.51384,8:00,5.16317,2.48769,5.07944,-55.19164,-6.5137,-15.03513,2.38831,-2.22995,69.84708,-8.107737,-6.316784,0.502155,,,,,,,,,,,,5.9667,-3.31323,-2.12735,50,5.30381,7.89874,-113.14532,1.8266,7.45349,27.62968,-36.31287,LOU_CAR,MOR_EAG,JimPatterson,D1,ACC,20260303-JimPatterson-1,65383240-1745-11f1-913e-47a0eaaf79c0,75.0614,,,8.60652,,,,,,,4c216075-8757-4a7e-8832-fbd2b61f9361,2026-03-03,21:10:23.67,2026-03-03T16:10:23.6720000-05:00,2026-03-03T21:10:23.6720000Z,,v3,471341,471366,ea8a05dd47fb4949855474378ed738c7,"Sheridan, Caden",10091036,Right,MOR_EAG,a0870491-e794-4f32-98b0-330adb8467d1,55.41534,-114.46009,13.81484,5.17578,3.55456,-18.15644,-2.49478,7.54407,3.72675,,,,,,,,,,,,,,,,,,,,,,,,,,,,,,,,,,,,,,,,,,,,,,,,,,,High,High,High,,,,,,,,,,,,,,,,,,,,,,,,,,,,,,,,,,,,,,,
112,2026-03-03,16:10:43.56,1,6,"Owens, Carter",811788,Right,MOR_EAG,"Hot, Bayram",822496,Right,LOU_CAR,Undefined,4,Bottom,0,2,2,Fastball,Four-Seam,InPlay,Undefined,FlyBall,Out,1,0,,91.6275,-1.945504,-3.722574,2487.00891,221.826893,1:30,5.37378,2.50641,5.24612,-17.63631,17.22028,14.22032,2.07122,0.18821,82.14361,-5.287437,-1.207554,0.424927,89.10068,42.314701,32.418356,,84.93347,90.12053,69.90201,271.23098,139.74474,47.901597,5.427695,-8.34697,9.6226,-2.17527,50,5.18237,7.94034,-132.39436,-5.09514,-14.54218,33.12405,-15.40941,LOU_CAR,MOR_EAG,JimPatterson,D1,ACC,20260303-JimPatterson-1,710325d0-1745-11f1-913e-47a0eaaf79c0,88.7034,104.76695,,9.48389,,,,1.20977,1.98087,-0.25094,4c216075-8757-4a7e-8832-fbd2b61f9361,2026-03-03,21:10:43.56,2026-03-03T16:10:43.5600000-05:00,2026-03-03T21:10:43.5600000Z,FlyBall,v3,471341,471366,ea8a05dd47fb4949855474378ed738c7,"Sheridan, Caden",10091036,Right,MOR_EAG,dc19f161-848a-475b-b058-3bcf0aaab44a,55.25027,-133.70149,16.56202,5.37143,-4.48706,-7.70471,-2.49993,8.5142,-7.27109,208.88439,1.22268,81.30742,-24.58879,5.62593,-0.29176,-0.29742,0.09875,-0.01267,0.0006,1.97244,88.11711,-22.04324,1.75247,-0.238,0.00061,0.01608,-0.00354,0.00023,-0.25218,51.82556,-4.12047,0.05935,0.16914,-0.06213,0.01314,-0.00156,8E-05,,,,,,,,,,,,,,,,,,,,,,,High,High,High,Medium,Low,,,,,,,,,,,,,,,,,,,,,,,,,,,,,,,,,,,,,
113,2026-03-03,16:11:26.61,2,1,"Owens, Carter",811788,Right,MOR_EAG,"Crain, Griffin",830776,Left,LOU_CAR,Undefined,4,Bottom,1,0,0,Fastball,Four-Seam,FoulBallNotFieldable,Undefined,Undefined,Undefined,0,0,,91.18416,-1.385254,-3.078153,2506.67833,202.173796,12:45,5.42392,2.54371,5.4617,-13.45725,21.4047,8.18544,3.00377,0.34194,81.67716,-4.003176,-1.624136,0.424959,79.89501,49.587104,-69.451476,4369.213456,,,,,77.00995,,,-5.12953,11.59083,-2.27817,50,5.29316,6.71148,-131.89471,-3.55999,-8.86761,32.92652,-12.13656,LOU_CAR,MOR_EAG,JimPatterson,D1,ACC,20260303-JimPatterson-1,8ab8b8a0-1745-11f1-913e-47a0eaaf79c0,88.69659,73.85066,,9.50699,,,,0.36263,2.92938,-0.31231,4c216075-8757-4a7e-8832-fbd2b61f9361,2026-03-03,21:11:26.61,2026-03-03T16:11:26.6140000-05:00,2026-03-03T21:11:26.6140000Z,,v3,471341,471366,ea8a05dd47fb4949855474378ed738c7,"Sheridan, Caden",10091036,Right,MOR_EAG,f1093eec-f1fb-47b3-9e54-81bf8ed49da1,55.03328,-133.1453,16.46326,5.41962,-3.09903,-6.06828,-2.53948,7.04829,-4.43381,,0.36264,26.66225,-9.48042,2.10037,0.73332,-2.4994,2.79302,-1.50506,0.31866,2.92938,89.21916,-26.20989,3.05108,-0.55675,-0.06389,0.17149,-0.09531,0.01946,-0.31231,-71.13352,5.48201,-0.85116,0.52381,-0.87998,0.94599,-0.51107,0.10915,,,,,,,,,,,,,,,,,,,,,,,High,High,High,Low,Undefined,,,,,,,,,,,,,,,,,,,,,,,,,,,,,,,,,,,71.18896,12.5998,-8.35868
114,2026-03-03,16:11:48.75,2,2,"Owens, Carter",811788,Right,MOR_EAG,"Crain, Griffin",830776,Left,LOU_CAR,Undefined,4,Bottom,1,0,1,Fastball,Four-Seam,FoulBallNotFieldable,Undefined,Undefined,Undefined,0,0,,90.40412,-0.840671,-4.711633,2409.405898,217.279221,1:15,5.45707,2.49088,5.43328,-15.60351,19.79749,14.09261,3.36678,-0.75709,81.34607,-3.831763,-2.216759,0.428232,71.11371,29.076845,-172.530932,2365.194664,,,,,51.1514,,,-8.55371,10.57654,-2.08284,50,5.37215,10.11995,-130.64144,-2.38948,-14.60135,30.67535,-14.11975,LOU_CAR,MOR_EAG,JimPatterson,D1,ACC,20260303-JimPatterson-1,97de0c10-1745-11f1-913e-47a0eaaf79c0,88.01872,24.49495,,9.05805,,,,0.44583,3.40986,0.75579,4c216075-8757-4a7e-8832-fbd2b61f9361,2026-03-03,21:11:48.75,2026-03-03T16:11:48.7580000-05:00,2026-03-03T21:11:48.7580000Z,,v3,471341,471366,ea8a05dd47fb4949855474378ed738c7,"Sheridan, Caden",10091036,Right,MOR_EAG,0c8c85bc-6252-40f8-8ca0-8bffc0fbe173,55.06341,-131.825,15.33768,5.45383,-1.8447,-7.05988,-2.48417,10.68332,-7.30067,342.253986,0.44583,-90.38144,7.1634,0.17529,-0.18159,0.08892,-0.02189,0.00584,-0.00134,3.40986,50.68791,-27.52459,3.64615,-0.75357,0.1451,-0.02205,0.00297,0.00026,0.75579,-11.84931,-1.45413,1.11143,-0.29855,0.07421,-0.01454,0.00307,-0.00041,,,,,,,,,,,,,,,,,,,,,,,High,High,High,High,Undefined,,,,,,,,,,,,,,,,,,,,,,,,,,,,,,,,,,,63.31375,22.22152,22.51015
115,2026-03-03,16:12:12.82,2,3,"Owens, Carter",811788,Right,MOR_EAG,"Crain, Griffin",830776,Left,LOU_CAR,Undefined,4,Bottom,1,0,2,Curveball,Curveball,BallCalled,Undefined,Undefined,Undefined,0,0,,78.88723,2.600915,-0.790441,2604.985949,60.965599,8:00,5.1394,2.6281,5.00669,-52.76826,-5.77792,-13.31564,3.19906,0.7723,71.51861,-6.969765,-3.140866,0.493373,,,,,,,,,,,,6.26662,-3.07898,-2.5412,50,5.34702,2.14871,-114.24084,3.23911,8.18495,23.33882,-36.19558,LOU_CAR,MOR_EAG,JimPatterson,D1,ACC,20260303-JimPatterson-1,a644b920-1745-11f1-913e-47a0eaaf79c0,76.3974,,,7.36861,,,,,,,4c216075-8757-4a7e-8832-fbd2b61f9361,2026-03-03,21:12:12.82,2026-03-03T16:12:12.8270000-05:00,2026-03-03T21:12:12.8270000Z,,v3,471341,471366,ea8a05dd47fb4949855474378ed738c7,"Sheridan, Caden",10091036,Right,MOR_EAG,34d9432a-10a3-4fd1-be1f-495f3936e989,55.49138,-115.35725,11.66941,5.15067,4.97052,-18.09779,-2.63462,1.75718,4.09247,,,,,,,,,,,,,,,,,,,,,,,,,,,,,,,,,,,,,,,,,,,,,,,,,,,High,High,High,,,,,,,,,,,,,,,,,,,,,,,,,,,,,,,,,,,,,,,
116,2026-03-03,16:12:32.93,2,4,"Owens, Carter",811788,Right,MOR_EAG,"Crain, Griffin",830776,Left,LOU_CAR,Undefined,4,Bottom,1,1,2,ChangeUp,Sinker,InPlay,Undefined,GroundBall,Out,1,0,,88.22635,0.784455,-4.154502,2230.849166,270.224508,3:00,5.13354,2.71092,5.88938,-34.87892,1.06256,12.0443,2.95731,-0.14973,80.7925,-5.645991,-2.00002,0.431489,72.20654,-23.370619,15.867008,,,,,6.89061,6.69562,16.334484,0.064498,-7.31855,0.64685,-2.38261,50,5.1767,8.79469,-127.92784,0.53146,-12.15175,25.90996,-31.10004,LOU_CAR,MOR_EAG,JimPatterson,D1,ACC,20260303-JimPatterson-1,b23cb020-1745-11f1-913e-47a0eaaf79c0,87.3544,2.7194,,7.43385,,,,0.55923,2.7194,0.2174,4c216075-8757-4a7e-8832-fbd2b61f9361,2026-03-03,21:12:32.93,2026-03-03T16:12:32.9380000-05:00,2026-03-03T21:12:32.9380000Z,GroundBall,v3,471341,471366,ea8a05dd47fb4949855474378ed738c7,"Sheridan, Caden",10091036,Right,MOR_EAG,32993934-36b6-4b08-a395-86ea6c182761,54.61116,-128.85838,12.95498,5.13755,1.6484,-15.55002,-2.7063,9.23112,-6.07587,180,0.55568,93.85195,,,,,,,,2.721,-42.16268,,,,,,,,0.21639,26.67601,,,,,,,,,,,,,,,,,,,,,,,,,,,,,,High,High,High,Medium,High,,,,,,,,,,,,,,,,,,,,,,,,,,,,,,,,,,,,,
117,2026-03-03,16:13:16.51,3,1,"Owens, Carter",811788,Right,MOR_EAG,"Hisle, Jax",838632,Left,LOU_CAR,Undefined,4,Bottom,2,0,0,ChangeUp,Sinker,FoulBallNotFieldable,Undefined,Undefined,Undefined,0,0,,87.44199,-1.768069,-4.112286,2348.073825,236.87429,2:00,5.20601,2.50844,5.94225,-26.20836,10.35835,14.09721,1.37716,-0.13793,80.14778,-6.644658,-1.586492,0.435225,91.43445,0.142172,50.512598,2850.054111,,,,29.19907,28.4599,47.121667,0.220003,-8.41595,6.14382,-2.18846,50,5.04992,8.54594,-126.73949,-4.77101,-13.70468,25.6211,-22.16929,LOU_CAR,MOR_EAG,JimPatterson,D1,ACC,20260303-JimPatterson-1,cc6c2de0-1745-11f1-913e-47a0eaaf79c0,86.60442,1.52592,,7.29421,,,,1.86312,1.52544,0.06274,4c216075-8757-4a7e-8832-fbd2b61f9361,2026-03-03,21:13:16.51,2026-03-03T16:13:16.5150000-05:00,2026-03-03T21:13:16.5150000Z,GroundBall,v3,471341,471366,ea8a05dd47fb4949855474378ed738c7,"Sheridan, Caden",10091036,Right,MOR_EAG,ad1e54b0-8f2f-49e7-8968-fc98eba0977b,54.55803,-127.65759,12.81055,5.20666,-3.9766,-11.08465,-2.5035,9.03703,-6.85234,,1.86411,85.21793,-15.39121,,,,,,,1.53063,0.01691,-31.80272,,,,,,,0.06642,103.27323,-28.78591,,,,,,,,,,,,,,,,,,,,,,,,,,,,,High,High,High,Medium,High,,,,,,,,,,,,,,,,,,,,,,,,,,,,,,,,,,,83.63813,20.78871,20.42095
118,2026-03-03,16:13:39.42,3,2,"Owens, Carter",811788,Right,MOR_EAG,"Hisle, Jax",838632,Left,LOU_CAR,Undefined,4,Bottom,2,0,1,ChangeUp,Changeup,InPlay,Undefined,GroundBall,Out,1,0,,87.33729,-1.887859,-4.115091,2429.142216,257.047471,2:30,5.10954,2.58863,5.82575,-30.63663,6.2852,22.0834,0.79629,0.59678,79.90564,-7.547651,-0.161833,0.437334,76.2266,2.232372,13.70205,1577.199419,,,,38.31278,38.31278,12.991991,0.346478,-12.49548,4.09465,-2.26528,50,4.93667,8.19533,-126.553,-5.22669,-20.22329,26.31759,-25.54709,LOU_CAR,MOR_EAG,JimPatterson,D1,ACC,20260303-JimPatterson-1,d9d1bea0-1745-11f1-913e-47a0eaaf79c0,86.18688,1.03518,,7.43164,,,,1.31624,0.79423,-0.59122,4c216075-8757-4a7e-8832-fbd2b61f9361,2026-03-03,21:13:39.42,2026-03-03T16:13:39.4280000-05:00,2026-03-03T21:13:39.4280000Z,GroundBall,v3,471341,471366,ea8a05dd47fb4949855474378ed738c7,"Sheridan, Caden",10091036,Right,MOR_EAG,26b5d704-fe36-4704-ad3a-9835305c4356,54.67522,-127.52154,13.15879,5.11172,-4.2865,-12.77354,-2.58058,8.93959,-10.11165,310.388021,1.31934,108.41548,-12.94356,,,,,,,0.79783,4.21633,-18.84413,,,,,,,-0.592,26.49191,0.22629,,,,,,,,,,,,,,,,,,,,,,,,,,,,,High,High,High,High,High,,,,,,,,,,,,,,,,,,,,,,,,,,,,,,,,,,,73.94104,11.35567,6.73258
119,2026-03-03,16:16:03.01,1,1,"Hartman, Colton",806118,Left,LOU_CAR,"Krupp, Kyle",10072907,Left,MOR_EAG,Undefined,5,Top,0,0,0,Cutter,Slider,BallCalled,Undefined,Undefined,Undefined,0,0,,84.25154,-2.702477,1.947108,2418.873828,211.741655,1:00,5.93648,-1.40167,5.52892,-31.8438,8.05874,4.2237,0.75318,0.7712,77.71967,-8.521089,2.700552,0.454644,,,,,,,,,,,,-1.60256,5.19985,1.2296,50,5.68028,-4.32941,-122.16771,-6.86842,-2.42841,23.46619,-24.29454,LOU_CAR,MOR_EAG,JimPatterson,D1,ACC,20260303-JimPatterson-1,2f86a9a0-1746-11f1-913e-47a0eaaf79c0,82.90536,,,6.53187,,,,,,,4c216075-8757-4a7e-8832-fbd2b61f9361,2026-03-03,21:16:03.01,2026-03-03T16:16:03.0170000-05:00,2026-03-03T21:16:03.0170000Z,,v3,471341,471366,ea8a05dd47fb4949855474378ed738c7,"Nugent, Jimmy",838635,Right,LOU_CAR,884abb2e-01f3-40dd-a6c9-de2342bb4265,54.96893,-123.11845,11.73309,5.93862,-5.88412,-12.14727,1.40302,-4.23102,-1.2142,,,,,,,,,,,,,,,,,,,,,,,,,,,,,,,,,,,,,,,,,,,,,,,,,,,High,High,High,,,,,,,,,,,,,,,,,,,,,,,,,,,,,,,,,,,,,,,
120,2026-03-03,16:16:17.23,1,2,"Hartman, Colton",806118,Left,LOU_CAR,"Krupp, Kyle",10072907,Left,MOR_EAG,Undefined,5,Top,0,1,0,Fastball,Four-Seam,BallCalled,Undefined,Undefined,Undefined,0,0,,88.99649,-0.696166,0.786354,2298.74998,154.758228,11:15,6.06544,-1.17658,5.5223,-16.62312,19.24635,-8.51934,4.02922,-1.15129,80.96453,-3.856633,-0.732068,0.431056,,,,,,,,,,,,4.48748,10.23441,1.11383,50,5.99397,-1.38651,-129.13706,-2.06791,7.55551,27.63127,-14.94253,LOU_CAR,MOR_EAG,JimPatterson,D1,ACC,20260303-JimPatterson-1,37e685c0-1746-11f1-913e-47a0eaaf79c0,87.44204,,,8.03196,,,,,,,4c216075-8757-4a7e-8832-fbd2b61f9361,2026-03-03,21:16:17.23,2026-03-03T16:16:17.2310000-05:00,2026-03-03T21:16:17.2310000Z,,v3,471341,471366,ea8a05dd47fb4949855474378ed738c7,"Nugent, Jimmy",838635,Right,LOU_CAR,a8407cbf-93b8-4b08-9747-2e64225e6caa,54.9735,-130.19688,13.81564,6.06229,-1.49477,-7.47126,1.17257,-1.6763,3.77775,,,,,,,,,,,,,,,,,,,,,,,,,,,,,,,,,,,,,,,,,,,,,,,,,,,High,High,High,,,,,,,,,,,,,,,,,,,,,,,,,,,,,,,,,,,,,,,
121,2026-03-03,16:16:32.34,1,3,"Hartman, Colton",806118,Left,LOU_CAR,"Krupp, Kyle",10072907,Left,MOR_EAG,Undefined,5,Top,0,2,0,Fastball,Four-Seam,InPlay,Undefined,GroundBall,Single,0,0,,89.41649,-2.464429,1.880715,2335.334067,144.041247,10:45,6.04564,-1.29389,5.47188,-18.02422,18.12178,-12.16524,2.23471,-0.54703,80.46425,-5.885644,-0.285261,0.432715,87.08897,-11.806991,26.728715,,,,,10.42513,4.30348,26.694169,0.075354,6.73524,10.31733,1.13712,50,5.81709,-3.69928,-129.41877,-6.13578,11.23119,31.24395,-14.9696,LOU_CAR,MOR_EAG,JimPatterson,D1,ACC,20260303-JimPatterson-1,40e958a0-1746-11f1-913e-47a0eaaf79c0,87.10692,1.97271,,8.95224,,,,0.88531,1.97271,0.43878,4c216075-8757-4a7e-8832-fbd2b61f9361,2026-03-03,21:16:32.34,2026-03-03T16:16:32.3470000-05:00,2026-03-03T21:16:32.3470000Z,GroundBall,v3,471341,471366,ea8a05dd47fb4949855474378ed738c7,"Nugent, Jimmy",838635,Right,LOU_CAR,52318fab-29c2-49ce-8772-a2262d4936df,55.02407,-130.62603,15.62198,6.043,-5.55735,-7.4848,1.28844,-4.13326,5.6156,180,0.88304,111.85463,,,,,,,,1.97324,-26.17925,,,,,,,,0.43764,56.32728,,,,,,,,,,,,,,,,,,,,,,,,,,,,,,High,High,High,Low,Low,,,,,,,,,,,,,,,,,,,,,,,,,,,,,,,,,,,,,
122,2026-03-03,16:21:02.83,2,1,"Michael, Peter",813677,Right,LOU_CAR,"Sheridan, Caden",10091036,Right,MOR_EAG,Undefined,5,Top,0,0,0,Slider,Slider,StrikeCalled,Undefined,Undefined,Undefined,0,0,,80.33787,0.334629,-2.043852,2488.49028,82.983234,8:45,6.36864,2.73475,4.68228,-44.80447,0.24098,-8.67768,2.9529,0.06996,74.29217,-7.703675,-3.566464,0.483055,,,,,,,,,,,,3.72437,0.43343,-2.51864,50,6.36213,4.53574,-116.55683,-1.03098,5.15722,20.55727,-31.57386,LOU_CAR,MOR_EAG,JimPatterson,D1,ACC,20260303-JimPatterson-1,e2313020-1746-11f1-913e-47a0eaaf79c0,78.02925,,,6.0457,,,,,,,4c216075-8757-4a7e-8832-fbd2b61f9361,2026-03-03,21:21:02.83,2026-03-03T16:21:02.8310000-05:00,2026-03-03T21:21:02.8310000Z,,v3,471341,471366,ea8a05dd47fb4949855474378ed738c7,"Nugent, Jimmy",838635,Right,LOU_CAR,3666da18-a692-4c5f-af85-8d4912061086,55.81778,-117.57844,10.27863,6.37438,0.53811,-15.78693,-2.73768,4.27945,2.57861,,,,,,,,,,,,,,,,,,,,,,,,,,,,,,,,,,,,,,,,,,,,,,,,,,,High,High,High,,,,,,,,,,,,,,,,,,,,,,,,,,,,,,,,,,,,,,,
123,2026-03-03,16:21:19.01,2,2,"Michael, Peter",813677,Right,LOU_CAR,"Sheridan, Caden",10091036,Right,MOR_EAG,Undefined,5,Top,0,0,1,Fastball,Four-Seam,StrikeSwinging,Undefined,Undefined,Undefined,0,0,,91.33356,-2.068407,-3.140644,2461.94075,205.914785,12:45,6.38995,2.79837,5.19594,-12.25237,22.11395,10.21957,3.41955,0.69286,83.57253,-4.41318,-1.334226,0.421927,,,,,,,,,,,,-5.91107,11.88568,-2.51497,50,6.18911,6.77689,-132.33074,-5.14446,-10.52918,27.03797,-11.00253,LOU_CAR,MOR_EAG,JimPatterson,D1,ACC,20260303-JimPatterson-1,ebbdcc70-1746-11f1-913e-47a0eaaf79c0,89.33393,,,7.76103,,,,,,,4c216075-8757-4a7e-8832-fbd2b61f9361,2026-03-03,21:21:19.01,2026-03-03T16:21:19.0130000-05:00,2026-03-03T21:21:19.0130000Z,,v3,471341,471366,ea8a05dd47fb4949855474378ed738c7,"Nugent, Jimmy",838635,Right,LOU_CAR,2a720a91-0a3c-4845-b988-0e9ca00caece,55.30202,-133.40965,13.51899,6.38564,-4.70542,-5.50127,-2.79377,7.19705,-5.26459,,,,,,,,,,,,,,,,,,,,,,,,,,,,,,,,,,,,,,,,,,,,,,,,,,,High,High,High,,,,,,,,,,,,,,,,,,,,,,,,,,,,,,,,,,,,,,,
124,2026-03-03,16:21:39.53,2,3,"Michael, Peter",813677,Right,LOU_CAR,"Sheridan, Caden",10091036,Right,MOR_EAG,Undefined,5,Top,0,0,2,Fastball,Four-Seam,BallCalled,Undefined,Undefined,Undefined,0,0,,91.9241,-1.541103,-4.899442,2502.944178,203.394421,12:45,6.4783,2.42212,5.29376,-12.30194,21.73253,8.92418,4.00052,-1.44563,83.76957,-3.903748,-3.325458,0.419886,,,,,,,,,,,,-5.80437,11.61615,-1.98201,50,6.32908,10.9731,-132.91051,-3.94244,-10.39396,28.19947,-11.37293,LOU_CAR,MOR_EAG,JimPatterson,D1,ACC,20260303-JimPatterson-1,f7f823a0-1746-11f1-913e-47a0eaaf79c0,89.76837,,,8.15453,,,,,,,4c216075-8757-4a7e-8832-fbd2b61f9361,2026-03-03,21:21:39.53,2026-03-03T16:21:39.5320000-05:00,2026-03-03T21:21:39.5320000Z,,v3,471341,471366,ea8a05dd47fb4949855474378ed738c7,"Nugent, Jimmy",838635,Right,LOU_CAR,0e967662-b984-4911-b623-1f9a69128315,55.20396,-134.01008,14.09973,6.47416,-3.49898,-5.68647,-2.41779,11.37838,-5.19698,,,,,,,,,,,,,,,,,,,,,,,,,,,,,81.78722,1.879279,0.658893,1.220386,-1.02867,3.8305,1.58619,-0.59677,5.83828,2.28478,127.28123,7.32404,6.46235,-0.29721,116.3726,-9.60119,5.8742,15.41452,-11.64269,2.11386,-1.08183,3.75337,High,High,High,,,High,Medium,High,,,,,,,,,,,,,,,,,,,,,,,,,,,,,,,,,,
125,2026-03-03,16:22:12.97,2,4,"Michael, Peter",813677,Right,LOU_CAR,"Sheridan, Caden",10091036,Right,MOR_EAG,Undefined,5,Top,0,1,2,Fastball,Four-Seam,StrikeSwinging,Strikeout,Undefined,Undefined,0,0,,91.57989,-1.602813,-3.87328,2366.830631,217.932531,1:15,6.40789,2.6671,5.04799,-15.31461,19.44895,14.21658,3.61603,0.19292,82.90699,-4.505451,-1.369432,0.424359,,,,,,,,,,,,-8.15741,10.44654,-2.30933,50,6.24334,8.2729,-132.43513,-4.216,-14.39918,29.89577,-13.73412,LOU_CAR,MOR_EAG,JimPatterson,D1,ACC,20260303-JimPatterson-1,0bf63e00-1747-11f1-913e-47a0eaaf79c0,88.822,,,8.6729,,,,,,,4c216075-8757-4a7e-8832-fbd2b61f9361,2026-03-03,21:22:12.97,2026-03-03T16:22:12.9760000-05:00,2026-03-03T21:22:12.9760000Z,,v3,471341,471366,ea8a05dd47fb4949855474378ed738c7,"Nugent, Jimmy",838635,Right,LOU_CAR,2301a5e5-6e6f-483c-834a-1c1ae516da27,55.44867,-133.65945,14.94789,6.40448,-3.65355,-6.86706,-2.66021,8.86259,-7.19959,,,,,,,,,,,,,,,,,,,,,,,,,,,,,,,,,,,,,,,,,,,,,,,,,,,High,High,High,,,,,,,,,,,,,,,,,,,,,,,,,,,,,,,,,,,,,,,
126,2026-03-03,16:22:50.24,3,1,"Michael, Peter",813677,Right,LOU_CAR,"Kearns, Aubrey",10004985,Left,MOR_EAG,Undefined,5,Top,1,0,0,Curveball,Curveball,StrikeCalled,Undefined,Undefined,Undefined,0,0,,79.83618,0.953381,-1.822508,2551.927428,55.182152,7:45,6.29483,2.88026,4.62439,-52.14526,-5.83158,-10.57705,2.85622,0.26577,72.96809,-8.397463,-3.67753,0.489808,,,,,,,,,,,,4.5924,-2.62221,-2.6829,50,6.34488,4.14894,-115.65862,-0.10677,6.17498,23.05071,-35.69987,LOU_CAR,MOR_EAG,JimPatterson,D1,ACC,20260303-JimPatterson-1,223b6230-1747-11f1-913e-47a0eaaf79c0,76.95347,,,6.86809,,,,,,,4c216075-8757-4a7e-8832-fbd2b61f9361,2026-03-03,21:22:50.24,2026-03-03T16:22:50.2410000-05:00,2026-03-03T21:22:50.2410000Z,,v3,471341,471366,ea8a05dd47fb4949855474378ed738c7,"Nugent, Jimmy",838635,Right,LOU_CAR,17d3dc79-5e8b-4c30-9244-b5787f67481f,55.87467,-116.82357,11.52535,6.30469,1.69746,-17.84994,-2.8847,3.83687,3.08749,,,,,,,,,,,,,,,,,,,,,,,,,,,,,,,,,,,,,,,,,,,,,,,,,,,High,High,High,,,,,,,,,,,,,,,,,,,,,,,,,,,,,,,,,,,,,,,
127,2026-03-03,16:23:09.59,3,2,"Michael, Peter",813677,Right,LOU_CAR,"Kearns, Aubrey",10004985,Left,MOR_EAG,Undefined,5,Top,1,0,1,Curveball,Curveball,StrikeSwinging,Undefined,Undefined,Undefined,0,0,,76.80135,0.909583,-3.264311,2598.254287,12.928942,6:30,6.47502,2.66649,4.87586,-70.59992,-20.45914,-5.09969,1.45383,-0.85057,70.12261,-11.704338,-4.164031,0.509644,,,,,,,,,,,,1.4126,-9.79788,-2.34085,50,6.50464,6.55221,-111.17033,-0.8619,1.73389,23.49463,-44.20053,LOU_CAR,MOR_EAG,JimPatterson,D1,ACC,20260303-JimPatterson-1,2db74b60-1747-11f1-913e-47a0eaaf79c0,73.95838,,,6.67874,,,,,,,4c216075-8757-4a7e-8832-fbd2b61f9361,2026-03-03,21:23:09.59,2026-03-03T16:23:09.5980000-05:00,2026-03-03T21:23:09.5980000Z,,v3,471341,471366,ea8a05dd47fb4949855474378ed738c7,"Nugent, Jimmy",838635,Right,LOU_CAR,3338c9ff-42fd-4b83-87b2-0cd21e2e0a15,55.62714,-112.35327,11.74731,6.49201,1.36357,-22.10027,-2.66855,6.46491,0.86694,,,,,,,,,,,,,,,,,,,,,,,,,,,,,,,,,,,,,,,,,,,,,,,,,,,High,High,High,,,,,,,,,,,,,,,,,,,,,,,,,,,,,,,,,,,,,,,
128,2026-03-03,16:23:31.32,3,3,"Michael, Peter",813677,Right,LOU_CAR,"Kearns, Aubrey",10004985,Left,MOR_EAG,Undefined,5,Top,1,0,2,Fastball,Four-Seam,FoulBallNotFieldable,Undefined,Undefined,Undefined,0,0,,91.85808,-3.220921,-3.255228,2523.49032,212.487076,1:00,6.41832,2.64484,5.31319,-13.01678,21.1771,12.73028,2.30241,0.6471,83.39891,-5.716423,-0.999807,0.420868,84.18111,27.628926,-38.847646,4083.10096,78.6639,43.81901,-76.88937,284.22781,253.95767,-50.639838,3.639172,-7.33221,11.89914,-2.35908,50,6.11678,6.96099,-132.86201,-7.87307,-13.03762,29.85638,-11.0158,LOU_CAR,MOR_EAG,JimPatterson,D1,ACC,20260303-JimPatterson-1,3a9c8890-1747-11f1-913e-47a0eaaf79c0,89.55889,47.92902,,8.45917,,,,0.39281,2.13712,-0.5719,4c216075-8757-4a7e-8832-fbd2b61f9361,2026-03-03,21:23:31.32,2026-03-03T16:23:31.3260000-05:00,2026-03-03T21:23:31.3260000Z,LineDrive,v3,471341,471366,ea8a05dd47fb4949855474378ed738c7,"Nugent, Jimmy",838635,Right,LOU_CAR,1c2e1798-74f6-4c62-b95e-ad38f59fa34b,55.18468,-134.02203,14.92819,6.41436,-7.44507,-5.5079,-2.63939,7.46755,-6.51881,125.041255,0.39254,85.2031,-20.62268,5.90086,-1.64309,0.5039,-0.14487,0.02623,-0.00196,2.13795,57.22839,-19.62251,0.80159,0.51225,-0.37755,0.13119,-0.02205,0.00142,-0.57198,-68.61136,2.23028,0.62683,-0.37748,0.10069,-0.01238,-0.00053,0.00019,,,,,,,,,,,,,,,,,,,,,,,High,High,High,High,Medium,,,,,,,,,,,,,,,,,,,,,,,,,,,,,,,,,,,,,
129,2026-03-03,16:23:55.42,3,4,"Michael, Peter",813677,Right,LOU_CAR,"Kearns, Aubrey",10004985,Left,MOR_EAG,Undefined,5,Top,1,0,2,Curveball,Curveball,BallCalled,Undefined,Undefined,Undefined,0,0,,75.99974,4.044839,0.609312,2536.063064,23.341388,6:45,6.49624,2.71336,4.4548,-71.81496,-19.63395,-9.30237,4.37532,2.5192,68.42213,-8.795063,-1.017367,0.519909,,,,,,,,,,,,4.64016,-10.05697,-2.76823,50,6.85438,-0.7549,-109.79911,4.94778,5.55272,23.02228,-44.20886,LOU_CAR,MOR_EAG,JimPatterson,D1,ACC,20260303-JimPatterson-1,490d20b0-1747-11f1-913e-47a0eaaf79c0,72.4981,,,7.57761,,,,,,,4c216075-8757-4a7e-8832-fbd2b61f9361,2026-03-03,21:23:55.42,2026-03-03T16:23:55.4270000-05:00,2026-03-03T21:23:55.4270000Z,,v3,471341,471366,ea8a05dd47fb4949855474378ed738c7,"Nugent, Jimmy",838635,Right,LOU_CAR,3a30b5d6-07cf-46ee-9fbc-a1d769d835aa,56.04666,-111.05971,11.51114,6.51719,7.36847,-22.10443,-2.71858,-1.05894,2.77636,,,,,,,,,,,,,,,,,,,,,,,,,,,,,,,,,,,,,,,,,,,,,,,,,,,High,High,High,,,,,,,,,,,,,,,,,,,,,,,,,,,,,,,,,,,,,,,
130,2026-03-03,16:24:16.06,3,5,"Michael, Peter",813677,Right,LOU_CAR,"Kearns, Aubrey",10004985,Left,MOR_EAG,Undefined,5,Top,1,1,2,Slider,Curveball,BallCalled,Undefined,Undefined,Undefined,0,0,,80.18162,0.68115,-1.092364,2523.962875,22.386432,6:45,6.30628,2.88376,4.78182,-50.10117,-4.53236,-2.48583,2.77697,1.64108,73.27252,-8.341039,-1.530088,0.485853,,,,,,,,,,,,0.88957,-1.91299,-2.77234,50,6.33075,2.32552,-116.22654,-0.54165,1.20934,23.03589,-34.77468,LOU_CAR,MOR_EAG,JimPatterson,D1,ACC,20260303-JimPatterson-1,5550c6b0-1747-11f1-913e-47a0eaaf79c0,77.57987,,,6.9091,,,,,,,4c216075-8757-4a7e-8832-fbd2b61f9361,2026-03-03,21:24:16.06,2026-03-03T16:24:16.0680000-05:00,2026-03-03T21:24:16.0680000Z,,v3,471341,471366,ea8a05dd47fb4949855474378ed738c7,"Nugent, Jimmy",838635,Right,LOU_CAR,f8c0376f-b175-49f4-b9fd-6f4cdaf4297b,55.7164,-117.35405,11.51794,6.31561,1.16042,-17.38734,-2.88472,2.26633,0.60467,,,,,,,,,,,,,,,,,,,,,,,,,,,,,,,,,,,,,,,,,,,,,,,,,,,High,High,High,,,,,,,,,,,,,,,,,,,,,,,,,,,,,,,,,,,,,,,
131,2026-03-03,16:25:25.23,3,6,"Michael, Peter",813677,Right,LOU_CAR,"Kearns, Aubrey",10004985,Left,MOR_EAG,Undefined,5,Top,1,2,2,Fastball,Four-Seam,FoulBallNotFieldable,Undefined,Undefined,Undefined,0,0,,91.11298,-1.397341,-3.469455,2500.674147,199.541128,12:45,6.35026,2.7278,5.1038,-14.06162,20.96139,7.0113,3.85915,0.03903,82.51168,-4.081811,-2.233223,0.42594,74.43713,74.250094,-163.555297,5371.881345,,,,,19.44326,,,-4.5315,11.19914,-2.40605,50,6.20812,7.66214,-131.84472,-3.66254,-7.921,29.85054,-12.59817,LOU_CAR,MOR_EAG,JimPatterson,D1,ACC,20260303-JimPatterson-1,7e91fe90-1747-11f1-913e-47a0eaaf79c0,88.49242,57.85596,,8.6013,,,,0.93936,3.95441,-0.0573,4c216075-8757-4a7e-8832-fbd2b61f9361,2026-03-03,21:25:25.23,2026-03-03T16:25:25.2320000-05:00,2026-03-03T21:25:25.2320000Z,,v3,471341,471366,ea8a05dd47fb4949855474378ed738c7,"Nugent, Jimmy",838635,Right,LOU_CAR,7f131fe3-a219-469c-a268-eb268243b6fa,55.3937,-133.06029,14.92527,6.34682,-3.14951,-6.29908,-2.72464,7.9847,-3.9605,353.913625,0.93936,-28.42191,-4.77992,2.34114,-0.74002,0.20944,-0.05655,0.01431,-0.00244,3.95441,105.07541,-32.9216,4.79109,-0.87668,0.13299,-0.01698,0.00035,0.00055,-0.0573,-8.38912,-5.44216,3.37709,-1.05099,0.28327,-0.07115,0.01628,-0.0023,,,,,,,,,,,,,,,,,,,,,,,High,High,High,High,Undefined,,,,,,,,,,,,,,,,,,,,,,,,,,,,,,,,,,,,,
132,2026-03-03,16:26:17.94,3,7,"Michael, Peter",813677,Right,LOU_CAR,"Kearns, Aubrey",10004985,Left,MOR_EAG,Undefined,5,Top,1,2,2,Slider,Slider,BallCalled,Undefined,Undefined,Undefined,0,0,,79.93203,1.090699,-1.009129,2580.58026,67.692652,8:15,6.3753,2.79503,4.66909,-48.37392,-1.67307,-8.32304,3.3804,1.14285,71.97124,-7.661005,-2.470567,0.491851,,,,,,,,,,,,3.6826,-0.59,-2.68435,50,6.44325,2.4123,-115.61415,0.3412,4.88596,25.52522,-32.95682,LOU_CAR,MOR_EAG,JimPatterson,D1,ACC,20260303-JimPatterson-1,9df8c840-1747-11f1-913e-47a0eaaf79c0,76.63382,,,7.96079,,,,,,,4c216075-8757-4a7e-8832-fbd2b61f9361,2026-03-03,21:26:17.94,2026-03-03T16:26:17.9410000-05:00,2026-03-03T21:26:17.9410000Z,,v3,471341,471366,ea8a05dd47fb4949855474378ed738c7,"Nugent, Jimmy",838635,Right,LOU_CAR,27477979-ea3e-48d1-8534-d2c611b07325,55.82566,-116.89326,12.76261,6.38478,1.99273,-16.47841,-2.79909,2.16746,2.44298,,,,,,,,,,,,,,,,,,,,,,,,,,,,,,,,,,,,,,,,,,,,,,,,,,,High,High,High,,,,,,,,,,,,,,,,,,,,,,,,,,,,,,,,,,,,,,,
133,2026-03-03,16:26:59.05,3,8,"Michael, Peter",813677,Right,LOU_CAR,"Kearns, Aubrey",10004985,Left,MOR_EAG,Undefined,5,Top,1,3,2,Fastball,Four-Seam,BallCalled,Walk,Undefined,Undefined,0,0,,92.26224,-0.904712,-1.475266,2479.552831,204.080715,12:45,6.3966,2.77304,5.32874,-10.75028,23.58974,9.93843,4.65149,2.21668,82.13654,-3.048405,0.288919,0.421766,,,,,,,,,,,,-5.40067,12.39776,-2.64676,50,6.30758,2.94324,-133.46235,-2.3377,-9.5122,35.01222,-10.33777,LOU_CAR,MOR_EAG,JimPatterson,D1,ACC,20260303-JimPatterson-1,b66e39f0-1747-11f1-913e-47a0eaaf79c0,89.36815,,,10.1257,,,,,,,4c216075-8757-4a7e-8832-fbd2b61f9361,2026-03-03,21:26:59.05,2026-03-03T16:26:59.0500000-05:00,2026-03-03T21:26:59.0500000Z,,v3,471341,471366,ea8a05dd47fb4949855474378ed738c7,"Nugent, Jimmy",838635,Right,LOU_CAR,0e2970d0-a50b-465f-a0a8-225eb24212b4,55.16252,-134.80987,17.50611,6.3899,-1.93983,-5.16888,-2.76708,3.30933,-4.7561,,,,,,,,,,,,,,,,,,,,,,,,,,,,,,,,,,,,,,,,,,,,,,,,,,,High,High,High,,,,,,,,,,,,,,,,,,,,,,,,,,,,,,,,,,,,,,,
134,2026-03-03,16:27:33.51,4,1,"Michael, Peter",813677,Right,LOU_CAR,"Germann, Davis",10326206,Right,MOR_EAG,Undefined,5,Top,1,0,0,Slider,Curveball,BallCalled,Undefined,Undefined,Undefined,0,0,,79.35699,-0.139539,-3.356385,2486.948382,44.42155,7:30,6.31829,2.72221,4.79514,-54.29601,-6.79819,-8.43071,1.66117,-1.16458,71.62489,-9.90188,-4.837904,0.49603,,,,,,,,,,,,2.94398,-2.73949,-2.37955,50,6.25743,7.08827,-114.63765,-2.32971,3.81754,26.24101,-35.72638,LOU_CAR,MOR_EAG,JimPatterson,D1,ACC,20260303-JimPatterson-1,cb35e5e0-1747-11f1-913e-47a0eaaf79c0,75.98818,,,7.73209,,,,,,,4c216075-8757-4a7e-8832-fbd2b61f9361,2026-03-03,21:27:33.51,2026-03-03T16:27:33.5110000-05:00,2026-03-03T21:27:33.5110000Z,,v3,471341,471366,ea8a05dd47fb4949855474378ed738c7,"Nugent, Jimmy",838635,Right,LOU_CAR,87d4295f-45f1-4d70-8c9d-27a0f1042f3b,55.70181,-115.93547,13.1205,6.32896,-0.56277,-17.86319,-2.72545,6.89947,1.90877,,,,,,,,,,,,,,,,,,,,,,,,,,,,,,,,,,,,,,,,,,,,,,,,,,,High,High,High,,,,,,,,,,,,,,,,,,,,,,,,,,,,,,,,,,,,,,,
135,2026-03-03,16:27:52.52,4,2,"Michael, Peter",813677,Right,LOU_CAR,"Germann, Davis",10326206,Right,MOR_EAG,Undefined,5,Top,1,1,0,Slider,Slider,InPlay,Undefined,FlyBall,Double,0,1,,79.82749,0.805664,-2.270128,2569.822374,74.06095,8:30,6.29573,2.98238,4.73408,-46.87479,-0.2148,-6.72422,3.15448,0.26725,72.07054,-7.678093,-3.450603,0.491636,96.27009,34.176923,-16.76115,1926.177563,104.10598,67.75405,-35.52307,381.81179,343.17897,-20.527646,5.238178,2.5604,0.06579,-2.74714,50,6.33551,4.86707,-115.47399,-0.12404,3.39253,25.24991,-32.08688,LOU_CAR,MOR_EAG,JimPatterson,D1,ACC,20260303-JimPatterson-1,d65f1b30-1747-11f1-913e-47a0eaaf79c0,76.66736,93.14311,,7.75694,,,,1.35323,3.16911,-0.28231,4c216075-8757-4a7e-8832-fbd2b61f9361,2026-03-03,21:27:52.52,2026-03-03T16:27:52.5230000-05:00,2026-03-03T21:27:52.5230000Z,FlyBall,v3,471341,471366,ea8a05dd47fb4949855474378ed738c7,"Nugent, Jimmy",838635,Right,LOU_CAR,f48eafa8-1061-4b26-a1fa-f8ad25cb2d8e,55.76362,-116.72748,12.62496,6.30213,1.46886,-16.04344,-2.98458,4.69866,1.69627,154.081438,1.36585,111.5839,-20.32953,3.69371,0.34695,-0.48262,0.13706,-0.01708,0.00081,3.16298,79.42233,-20.11355,1.49382,-0.20799,-0.01301,0.02299,-0.00492,0.00032,-0.27969,-33.73483,1.02109,0.56488,-0.17939,0.02966,-0.00525,0.00089,-6E-05,,,,,,,,,,,,,,,,,,,,,,,High,High,High,High,Medium,,,,,,,,,,,,,,,,,,,,,,,,,,,,,,,,,,,71.36823,26.55051,-21.0874
136,2026-03-03,16:29:40.01,5,1,"Michael, Peter",813677,Right,LOU_CAR,"Kean, Alex",10148157,Left,MOR_EAG,Undefined,5,Top,1,0,0,Fastball,Four-Seam,BallCalled,Undefined,Undefined,Undefined,0,0,,90.49867,-1.652874,-2.52972,2436.668929,212.949131,1:00,6.34324,2.83466,5.17848,-13.09469,22.78198,13.85406,3.69482,1.60732,80.76639,-4.208163,-0.079075,0.4311,,,,,,,,,,,,-7.65851,12.22292,-2.60992,50,6.18016,5.0991,-130.80558,-4.12259,-12.98708,33.05584,-11.44675,LOU_CAR,MOR_EAG,JimPatterson,D1,ACC,20260303-JimPatterson-1,165d1840-1748-11f1-913e-47a0eaaf79c0,87.43324,,,9.73228,,,,,,,4c216075-8757-4a7e-8832-fbd2b61f9361,2026-03-03,21:29:40.01,2026-03-03T16:29:40.0120000-05:00,2026-03-03T21:29:40.0120000Z,,v3,471341,471366,ea8a05dd47fb4949855474378ed738c7,"Nugent, Jimmy",838635,Right,LOU_CAR,cc42aa27-4d5b-4d61-b2aa-f150701d53de,55.31405,-132.14166,16.52792,6.33744,-3.65992,-5.72337,-2.82663,5.62403,-6.49354,,,,,,,,,,,,,,,,,,,,,,,,,,,,,,,,,,,,,,,,,,,,,,,,,,,High,High,High,,,,,,,,,,,,,,,,,,,,,,,,,,,,,,,,,,,,,,,
137,2026-03-03,16:29:57.33,5,2,"Michael, Peter",813677,Right,LOU_CAR,"Kean, Alex",10148157,Left,MOR_EAG,Undefined,5,Top,1,1,0,Curveball,Curveball,StrikeCalled,Undefined,Undefined,Undefined,0,0,,76.38093,1.689486,-1.068903,2573.43037,19.874566,6:45,6.40715,2.75449,4.8901,-71.78075,-20.38131,-8.11973,2.02436,1.06659,68.44825,-11.230438,-2.504864,0.516001,,,,,,,,,,,,3.54835,-9.91453,-2.64261,50,6.5128,2.40505,-110.45937,0.57907,4.22743,26.21497,-43.98605,LOU_CAR,MOR_EAG,JimPatterson,D1,ACC,20260303-JimPatterson-1,20dcee30-1748-11f1-913e-47a0eaaf79c0,73.04721,,,7.93268,,,,,,,4c216075-8757-4a7e-8832-fbd2b61f9361,2026-03-03,21:29:57.33,2026-03-03T16:29:57.3360000-05:00,2026-03-03T21:29:57.3360000Z,,v3,471341,471366,ea8a05dd47fb4949855474378ed738c7,"Nugent, Jimmy",838635,Right,LOU_CAR,34438b89-ed01-4c5d-96f8-b8128e423c8c,55.6095,-111.78273,13.10749,6.42752,2.79953,-21.99303,-2.75864,2.19165,2.11372,,,,,,,,,,,,,,,,,,,,,,,,,,,,,,,,,,,,,,,,,,,,,,,,,,,High,High,High,,,,,,,,,,,,,,,,,,,,,,,,,,,,,,,,,,,,,,,
138,2026-03-03,16:30:15.92,5,3,"Michael, Peter",813677,Right,LOU_CAR,"Kean, Alex",10148157,Left,MOR_EAG,Undefined,5,Top,1,1,1,Fastball,Four-Seam,BallCalled,Undefined,Undefined,Undefined,0,0,,91.05563,-1.095473,-2.450411,2478.701856,205.999137,12:45,6.34725,2.68148,5.09264,-12.61123,22.87013,10.48784,4.26284,1.24471,81.35098,-3.557775,-0.598392,0.428718,,,,,,,,,,,,-5.97607,12.04784,-2.45827,50,6.23469,5.11723,-131.65585,-2.85819,-10.28114,33.11736,-11.44708,LOU_CAR,MOR_EAG,JimPatterson,D1,ACC,20260303-JimPatterson-1,2bc98fb0-1748-11f1-913e-47a0eaaf79c0,87.91903,,,9.70466,,,,,,,4c216075-8757-4a7e-8832-fbd2b61f9361,2026-03-03,21:30:15.92,2026-03-03T16:30:15.9200000-05:00,2026-03-03T21:30:15.9200000Z,,v3,471341,471366,ea8a05dd47fb4949855474378ed738c7,"Nugent, Jimmy",838635,Right,LOU_CAR,a18d2214-f534-4d07-aab4-b9a4455511fb,55.4006,-133.00741,16.55868,6.3418,-2.39102,-5.72354,-2.67567,5.53682,-5.14057,,,,,,,,,,,,,,,,,,,,,,,,,,,,,,,,,,,,,,,,,,,,,,,,,,,High,High,High,,,,,,,,,,,,,,,,,,,,,,,,,,,,,,,,,,,,,,,
139,2026-03-03,16:30:34.00,5,4,"Michael, Peter",813677,Right,LOU_CAR,"Kean, Alex",10148157,Left,MOR_EAG,Undefined,5,Top,1,2,1,Curveball,Curveball,BallCalled,Undefined,Undefined,Undefined,0,0,,75.76861,-0.825894,-2.45463,2503.117761,21.75395,6:45,6.33625,2.88698,4.97987,-68.54669,-16.89182,-7.5052,-0.15672,-0.05802,69.03864,-13.077057,-3.785556,0.517282,,,,,,,,,,,,2.86181,-7.62863,-2.64358,50,6.2001,4.99754,-109.66281,-4.01461,3.38927,24.35339,-41.20875,LOU_CAR,MOR_EAG,JimPatterson,D1,ACC,20260303-JimPatterson-1,36a28220-1748-11f1-913e-47a0eaaf79c0,72.86639,,,6.72997,,,,,,,4c216075-8757-4a7e-8832-fbd2b61f9361,2026-03-03,21:30:34.00,2026-03-03T16:30:34.0050000-05:00,2026-03-03T21:30:34.0050000Z,,v3,471341,471366,ea8a05dd47fb4949855474378ed738c7,"Nugent, Jimmy",838635,Right,LOU_CAR,9364130f-4395-4d6b-8fea-84b248edf756,55.52183,-110.88229,12.1767,6.34946,-1.95111,-20.60438,-2.88958,4.82782,1.69464,,,,,,,,,,,,,,,,,,,,,,,,,,,,,,,,,,,,,,,,,,,,,,,,,,,High,High,High,,,,,,,,,,,,,,,,,,,,,,,,,,,,,,,,,,,,,,,
140,2026-03-03,16:30:53.06,5,5,"Michael, Peter",813677,Right,LOU_CAR,"Kean, Alex",10148157,Left,MOR_EAG,Undefined,5,Top,1,3,1,Slider,Slider,InPlay,Undefined,LineDrive,Single,0,1,,80.02057,0.066642,-2.129787,2617.341602,69.236907,8:15,6.25056,2.90979,4.77784,-47.19695,-0.9891,-6.94996,2.3807,0.31082,72.59096,-8.455704,-3.352017,0.489248,79.38191,19.154552,10.855343,1301.165674,109.01901,19.46923,14.65774,188.32494,188.32494,6.136104,2.005525,2.74977,-0.09819,-2.69022,50,6.21593,4.60397,-115.83368,-1.62423,3.67622,24.86491,-32.30532,LOU_CAR,MOR_EAG,JimPatterson,D1,ACC,20260303-JimPatterson-1,41f7f790-1748-11f1-913e-47a0eaaf79c0,77.04153,19.83386,,7.42961,,,,3.12885,2.68871,-0.41377,4c216075-8757-4a7e-8832-fbd2b61f9361,2026-03-03,21:30:53.06,2026-03-03T16:30:53.0660000-05:00,2026-03-03T21:30:53.0660000Z,LineDrive,v3,471341,471366,ea8a05dd47fb4949855474378ed738c7,"Nugent, Jimmy",838635,Right,LOU_CAR,9973cc21-da40-4d64-a39f-37b8c966105f,55.72076,-117.05526,12.43245,6.25674,-0.03711,-16.15266,-2.91198,4.42336,1.83811,60.018621,3.12885,108.01287,-10.1972,1.43691,-0.22408,0.02292,-0.00404,0.00053,-3E-05,2.68871,38.2016,-23.13244,2.41199,-0.49707,0.09626,-0.01687,0.00279,-0.00025,-0.41377,20.71273,-8.06023,2.17494,-0.54087,0.11676,-0.02474,0.00415,-0.00034,,,,,,,,,,,,,,,,,,,,,,,High,High,High,High,High,,,,,,,,,,,,,,,,,,,,,,,,,,,,,,,,,,,,,
141,2026-03-03,16:32:07.59,6,1,"Michael, Peter",813677,Right,LOU_CAR,"Dutton, JJ",1000279097,Right,MOR_EAG,Undefined,5,Top,1,0,0,Slider,Slider,StrikeCalled,Undefined,Undefined,Undefined,0,0,,79.28438,0.653514,-3.226825,2548.357209,74.429449,8:30,6.24493,3.00478,4.90698,-46.26723,0.84059,-3.2248,3.00835,-0.3187,71.52232,-7.748548,-3.793933,0.49399,,,,,,,,,,,,0.50362,0.75654,-2.68628,50,6.27076,6.59982,-114.58509,-0.38274,0.65711,24.85085,-31.18697,LOU_CAR,MOR_EAG,JimPatterson,D1,ACC,20260303-JimPatterson-1,6e689d70-1748-11f1-913e-47a0eaaf79c0,76.30208,,,7.76205,,,,,,,4c216075-8757-4a7e-8832-fbd2b61f9361,2026-03-03,21:32:07.59,2026-03-03T16:32:07.5950000-05:00,2026-03-03T21:32:07.5950000Z,,v3,471341,471366,ea8a05dd47fb4949855474378ed738c7,"Nugent, Jimmy",838635,Right,LOU_CAR,e1e3f6a6-01c9-4afc-9319-c6af8944ba7d,55.58792,-115.79064,12.42542,6.25263,1.13018,-15.59348,-3.00568,6.56795,0.32855,,,,,,,,,,,,,,,,,,,,,,,,,,,,,,,,,,,,,,,,,,,,,,,,,,,High,High,High,,,,,,,,,,,,,,,,,,,,,,,,,,,,,,,,,,,,,,,
142,2026-03-03,16:32:29.04,6,2,"Michael, Peter",813677,Right,LOU_CAR,"Dutton, JJ",1000279097,Right,MOR_EAG,Undefined,5,Top,1,0,1,Fastball,Four-Seam,BallCalled,Undefined,Undefined,Undefined,0,0,,89.81877,-3.840242,-4.783959,2429.313361,200.767038,12:45,6.39273,2.53257,5.38787,-15.36438,20.64521,7.33382,1.49499,-1.35063,81.29502,-6.760119,-3.487494,0.431897,,,,,,,,,,,,-5.14925,11.92414,-2.10954,50,6.03769,10.50575,-129.51522,-9.18389,-8.66065,29.52397,-12.11863,LOU_CAR,MOR_EAG,JimPatterson,D1,ACC,20260303-JimPatterson-1,7b24ced0-1748-11f1-913e-47a0eaaf79c0,87.27174,,,8.52375,,,,,,,4c216075-8757-4a7e-8832-fbd2b61f9361,2026-03-03,21:32:29.04,2026-03-03T16:32:29.0450000-05:00,2026-03-03T21:32:29.0450000Z,,v3,471341,471366,ea8a05dd47fb4949855474378ed738c7,"Nugent, Jimmy",838635,Right,LOU_CAR,56707a51-90d5-497a-9819-bb35331809f4,55.10871,-130.6746,14.76199,6.38899,-8.708,-6.05931,-2.52877,10.84585,-4.33032,,,,,,,,,,,,,,,,,,,,,,,,,,,,,,,,,,,,,,,,,,,,,,,,,,,High,High,High,,,,,,,,,,,,,,,,,,,,,,,,,,,,,,,,,,,,,,,
143,2026-03-03,16:32:52.02,6,3,"Michael, Peter",813677,Right,LOU_CAR,"Dutton, JJ",1000279097,Right,MOR_EAG,Undefined,5,Top,1,1,1,Fastball,Four-Seam,BallCalled,Undefined,Undefined,Undefined,0,0,,89.71455,-0.925838,-2.530831,2407.181919,206.134087,12:45,6.27258,2.81263,5.35797,-15.38772,20.42371,9.40296,4.1211,1.22125,81.02796,-3.871429,-0.862291,0.430707,,,,,,,,,,,,-5.4676,10.87052,-2.59193,50,6.17888,5.30835,-129.94376,-2.55978,-9.25751,29.70687,-13.76857,LOU_CAR,MOR_EAG,JimPatterson,D1,ACC,20260303-JimPatterson-1,88ec7cc0-1748-11f1-913e-47a0eaaf79c0,87.51288,,,8.68659,,,,,,,4c216075-8757-4a7e-8832-fbd2b61f9361,2026-03-03,21:32:52.02,2026-03-03T16:32:52.0210000-05:00,2026-03-03T21:32:52.0210000Z,,v3,471341,471366,ea8a05dd47fb4949855474378ed738c7,"Nugent, Jimmy",838635,Right,LOU_CAR,a1a5b9a2-3993-4c9f-ad87-3de37ae32a1f,55.13779,-131.11307,14.85344,6.26897,-2.01783,-6.88428,-2.80804,5.67274,-4.62875,,,,,,,,,,,,,,,,,,,,,,,,,,,,,,,,,,,,,,,,,,,,,,,,,,,High,High,High,,,,,,,,,,,,,,,,,,,,,,,,,,,,,,,,,,,,,,,
144,2026-03-03,16:33:14.15,6,4,"Michael, Peter",813677,Right,LOU_CAR,"Dutton, JJ",1000279097,Right,MOR_EAG,Undefined,5,Top,1,2,1,Slider,Slider,BallCalled,Undefined,Undefined,Undefined,0,0,,78.66696,-2.25838,-3.956849,2521.459339,27.510512,7:00,6.28236,2.85678,4.72126,-49.59219,-1.22343,-1.57197,0.00044,-1.0349,71.50827,-11.130413,-4.23279,0.500557,,,,,,,,,,,,-0.56331,0.5852,-2.4551,50,6.00948,7.91829,-113.52851,-6.30765,-0.71989,24.81756,-31.42621,LOU_CAR,MOR_EAG,JimPatterson,D1,ACC,20260303-JimPatterson-1,960748e0-1748-11f1-913e-47a0eaaf79c0,75.30094,,,7.15869,,,,,,,4c216075-8757-4a7e-8832-fbd2b61f9361,2026-03-03,21:33:14.15,2026-03-03T16:33:14.1520000-05:00,2026-03-03T21:33:14.1520000Z,,v3,471341,471366,ea8a05dd47fb4949855474378ed738c7,"Nugent, Jimmy",838635,Right,LOU_CAR,08c280a9-446d-4ac9-bbe7-8f9b5a15aebe,55.77725,-114.78448,12.40878,6.28845,-4.71723,-15.71311,-2.85676,7.95472,-0.35994,,,,,,,,,,,,,,,,,,,,,,,,,,,,,,,,,,,,,,,,,,,,,,,,,,,High,High,High,,,,,,,,,,,,,,,,,,,,,,,,,,,,,,,,,,,,,,,
145,2026-03-03,16:33:55.65,6,5,"Michael, Peter",813677,Right,LOU_CAR,"Dutton, JJ",1000279097,Right,MOR_EAG,Undefined,5,Top,1,3,1,Fastball,Four-Seam,StrikeCalled,Undefined,Undefined,Undefined,0,0,,89.60248,-3.18338,-4.848017,2350.28785,220.834353,1:15,6.22903,2.86232,5.28167,-17.35434,19.06883,15.29501,1.7794,-0.42692,80.68071,-6.471085,-2.147285,0.43437,,,,,,,,,,,,-9.16957,10.92965,-2.43082,50,5.92535,10.24988,-129.21425,-7.76235,-15.28944,30.38157,-13.94981,LOU_CAR,MOR_EAG,JimPatterson,D1,ACC,20260303-JimPatterson-1,aec55c50-1748-11f1-913e-47a0eaaf79c0,86.7749,,,8.92177,,,,,,,4c216075-8757-4a7e-8832-fbd2b61f9361,2026-03-03,21:33:55.65,2026-03-03T16:33:55.6530000-05:00,2026-03-03T21:33:55.6530000Z,,v3,471341,471366,ea8a05dd47fb4949855474378ed738c7,"Nugent, Jimmy",838635,Right,LOU_CAR,c80533e6-254b-468a-84c4-fa2d92d76af0,55.21465,-130.43459,15.19078,6.22589,-7.20202,-6.97491,-2.85487,10.86401,-7.64472,,,,,,,,,,,,,,,,,,,,,,,,,,,,,,,,,,,,,,,,,,,,,,,,,,,High,High,High,,,,,,,,,,,,,,,,,,,,,,,,,,,,,,,,,,,,,,,
146,2026-03-03,16:34:34.85,6,6,"Michael, Peter",813677,Right,LOU_CAR,"Dutton, JJ",1000279097,Right,MOR_EAG,Undefined,5,Top,1,3,2,Slider,Curveball,InPlay,Undefined,LineDrive,Single,0,1,,79.34183,-0.430605,-3.082539,2562.400807,35.942704,7:15,6.19848,2.96903,4.83855,-49.74133,-3.18622,-3.41815,1.64505,-0.23738,72.7461,-9.364806,-3.683984,0.491083,89.00572,9.930755,-24.461249,1075.608741,98.6814,6.9393,-48.59899,151.02067,151.02067,-27.364339,1.332212,0.78071,-1.09063,-2.66065,50,6.1128,6.32946,-114.90749,-2.69731,1.03628,22.72705,-33.6217,LOU_CAR,MOR_EAG,JimPatterson,D1,ACC,20260303-JimPatterson-1,c6251840-1748-11f1-913e-47a0eaaf79c0,76.75369,8.63903,,6.59573,,,,3.15639,1.97657,0.10259,4c216075-8757-4a7e-8832-fbd2b61f9361,2026-03-03,21:34:34.85,2026-03-03T16:34:34.8500000-05:00,2026-03-03T21:34:34.8500000Z,LineDrive,v3,471341,471366,ea8a05dd47fb4949855474378ed738c7,"Nugent, Jimmy",838635,Right,LOU_CAR,10ae4e5f-8e8d-4b5b-b217-2a92657e6b61,55.66196,-116.02194,11.36353,6.20464,-1.04863,-16.81085,-2.96978,6.27865,0.51814,85.2887,3.15639,117.04395,-17.23515,3.07143,-0.64212,0.11628,-0.02237,0.00373,-0.00034,1.97657,22.51291,-20.03452,1.9017,-0.37261,0.07833,-0.01401,0.00241,-0.00025,0.10259,-53.24443,0.04062,0.85073,-0.29447,0.08074,-0.01827,0.0033,-0.00033,,,,,,,,,,,,,,,,,,,,,,,High,High,High,High,High,,,,,,,,,,,,,,,,,,,,,,,,,,,,,,,,,,,64.17733,13.63898,-22.05963
147,2026-03-03,16:38:31.14,7,1,"Olson, Joe",828083,Left,LOU_CAR,"Griffith, Nick",10049364,Left,MOR_EAG,Undefined,5,Top,1,0,0,Sinker,Sinker,FoulBallNotFieldable,Undefined,Undefined,Undefined,0,0,,88.86208,-0.158482,4.269824,1998.194575,120.5103,10:00,5.27153,-2.84954,5.6436,-28.59021,7.36264,-10.50087,2.74076,0.26573,80.96635,-5.447849,2.401011,0.431557,75.79851,39.609776,-124.868491,4967.360497,,,,,59.56522,,,6.54729,4.1276,2.49331,50,5.2399,-9.15193,-128.69243,-1.36876,10.95051,27.37997,-25.27053,LOU_CAR,MOR_EAG,JimPatterson,D1,ACC,20260303-JimPatterson-1,530209d0-1749-11f1-913e-47a0eaaf79c0,87.34059,42.03756,,7.89573,,,,-0.51361,2.65307,-0.34611,4c216075-8757-4a7e-8832-fbd2b61f9361,2026-03-03,21:38:31.14,2026-03-03T16:38:31.1450000-05:00,2026-03-03T21:38:31.1450000Z,,v3,471341,471366,ea8a05dd47fb4949855474378ed738c7,"Nugent, Jimmy",838635,Right,LOU_CAR,5532a102-96e0-410c-be0b-9eccccf026c9,54.85487,-129.72121,13.68999,5.27349,-0.41923,-12.63527,2.84492,-9.56339,5.47525,51.748403,-0.51361,-48.96372,-1.55618,1.92648,-0.48549,0.15062,-0.03197,0.00619,-0.00114,2.65307,70.87766,-26.65211,3.18326,-0.63718,0.13577,-0.01975,0.00494,-0.00099,-0.34611,-70.27017,12.9682,-1.27612,0.24344,-0.01316,-0.00248,-6E-05,-0.00012,,,,,,,,,,,,,,,,,,,,,,,High,High,High,High,Undefined,,,,,,,,,,,,,,,,,,,,,,,,,,,,,,,,,,,,,
148,2026-03-03,16:38:56.98,7,2,"Olson, Joe",828083,Left,LOU_CAR,"Griffith, Nick",10049364,Left,MOR_EAG,Undefined,5,Top,1,0,1,Slider,Curveball,FoulBallNotFieldable,Undefined,Undefined,Undefined,0,0,,75.43439,1.556371,2.673979,2005.139906,297.579555,4:00,4.86411,-2.93613,5.64222,-50.72074,-0.57327,4.35914,2.09117,-0.07666,68.65476,-7.754547,3.451538,0.509678,,,,,,,,,,,,-1.38532,-0.30555,2.70607,50,4.96407,-5.26623,-109.32679,1.38499,-1.65752,21.32841,-32.53962,LOU_CAR,MOR_EAG,JimPatterson,D1,ACC,20260303-JimPatterson-1,626a2150-1749-11f1-b6f1-3bca4f3249f3,73.95342,,,6.77963,,,,,,,4c216075-8757-4a7e-8832-fbd2b61f9361,2026-03-03,21:38:56.98,2026-03-03T16:38:56.9840000-05:00,2026-03-03T21:38:56.9840000Z,,v3,471341,471366,ea8a05dd47fb4949855474378ed738c7,"Nugent, Jimmy",838635,Right,LOU_CAR,da87aa6f-7265-4c76-8f75-a1d34bfccf4b,54.85667,-110.2702,10.66421,4.87097,2.8243,-16.26981,2.93739,-5.19292,-0.82876,,,,,,,,,,,,,,,,,,,,,,,,,,,,,,,,,,,,,,,,,,,,,,,,,,,High,High,High,,,,,,,,,,,,,,,,,,,,,,,,,,,,,,,,,,,,,,,
149,2026-03-03,16:39:40.29,7,3,"Olson, Joe",828083,Left,LOU_CAR,"Griffith, Nick",10049364,Left,MOR_EAG,Undefined,5,Top,1,0,2,Sinker,Sinker,BallCalled,Undefined,Undefined,Undefined,0,0,,88.70184,-0.446183,6.037144,1964.587961,107.07793,9:30,5.15977,-2.87351,5.80844,-30.99041,5.47319,-13.46875,2.15999,1.63913,79.90428,-6.194815,3.642909,0.434611,,,,,,,,,,,,8.74485,3.34618,2.38448,50,5.10485,-12.94426,-127.97357,-2.08417,14.29516,29.92655,-26.70405,LOU_CAR,MOR_EAG,JimPatterson,D1,ACC,20260303-JimPatterson-1,7c2b25d0-1749-11f1-b6f1-3bca4f3249f3,86.72677,,,8.79756,,,,,,,4c216075-8757-4a7e-8832-fbd2b61f9361,2026-03-03,21:39:40.29,2026-03-03T16:39:40.2970000-05:00,2026-03-03T21:39:40.2970000Z,,v3,471341,471366,ea8a05dd47fb4949855474378ed738c7,"Nugent, Jimmy",838635,Right,LOU_CAR,9f8a28f7-e1fb-4392-8b0d-5f58458227a7,54.68777,-129.06514,14.96327,5.16311,-1.11013,-13.35202,2.86614,-13.46568,7.14758,,,,,,,,,,,,,,,,,,,,,,,,,,,,,,,,,,,,,,,,,,,,,,,,,,,High,High,High,,,,,,,,,,,,,,,,,,,,,,,,,,,,,,,,,,,,,,,
150,2026-03-03,16:40:06.57,7,4,"Olson, Joe",828083,Left,LOU_CAR,"Griffith, Nick",10049364,Left,MOR_EAG,Undefined,5,Top,1,1,2,Slider,Curveball,InPlay,Undefined,FlyBall,Out,1,0,,76.03857,1.24356,2.240656,2126.20361,288.044713,3:30,4.92478,-2.8625,5.63042,-50.97074,-0.49142,7.85107,1.83859,-0.11654,67.76175,-8.172402,3.642039,0.511362,97.2056,24.124682,22.020203,1494.341736,102.0183,42.79786,41.13713,338.72399,330.06547,22.44885,4.000153,-3.12469,-0.16236,2.66653,50,4.99854,-4.60097,-109.97289,0.78076,-3.69225,25.87712,-32.36592,LOU_CAR,MOR_EAG,JimPatterson,D1,ACC,20260303-JimPatterson-1,8be41c70-1749-11f1-b6f1-3bca4f3249f3,73.70994,55.63005,,8.27681,,,,2.4562,1.95249,0.17128,4c216075-8757-4a7e-8832-fbd2b61f9361,2026-03-03,21:40:06.57,2026-03-03T16:40:06.5770000-05:00,2026-03-03T21:40:06.5770000Z,FlyBall,v3,471341,471366,ea8a05dd47fb4949855474378ed738c7,"Nugent, Jimmy",838635,Right,LOU_CAR,ebce631d-c14f-4784-a298-0234e148bd58,54.86504,-111.11176,12.93856,4.93284,2.20521,-16.18296,2.86545,-4.43848,-1.84613,186.763194,2.45591,120.63537,-22.04519,5.32785,-1.11352,0.19684,-0.0257,0.00194,-5E-05,1.95293,58.25339,-17.18762,0.91291,-0.14612,0.04961,-0.01699,0.00332,-0.00025,0.17133,48.783,-7.75824,1.628,-0.30397,0.04814,-0.00524,0.00017,2E-05,,,,,,,,,,,,,,,,,,,,,,,High,High,High,High,High,,,,,,,,,,,,,,,,,,,,,,,,,,,,,,,,,,,68.59702,19.96434,22.36022
151,2026-03-03,16:40:55.77,8,1,"Olson, Joe",828083,Left,LOU_CAR,"Correa, Jaden",1000159957,Right,MOR_EAG,Undefined,5,Top,2,0,0,Fastball,Four-Seam,BallCalled,Undefined,Undefined,Undefined,0,0,,89.00138,-0.095661,4.808425,2047.482053,143.320176,10:45,5.23303,-2.89207,5.70608,-23.57261,12.82776,-8.5302,3.1792,0.88776,79.71035,-4.534824,3.291505,0.434234,,,,,,,,,,,,5.90099,6.93359,2.49348,50,5.2107,-10.43132,-128.54329,-0.98603,9.68575,31.36616,-20.79339,LOU_CAR,MOR_EAG,JimPatterson,D1,ACC,20260303-JimPatterson-1,a927b800-1749-11f1-b6f1-3bca4f3249f3,86.80208,,,9.29103,,,,,,,4c216075-8757-4a7e-8832-fbd2b61f9361,2026-03-03,21:40:55.77,2026-03-03T16:40:55.7760000-05:00,2026-03-03T21:40:55.7760000Z,,v3,471341,471366,ea8a05dd47fb4949855474378ed738c7,"Nugent, Jimmy",838635,Right,LOU_CAR,739b0eb1-edf9-4591-87ee-d6ce7286f9c1,54.788,-129.70637,15.68308,5.23297,-0.21501,-10.3967,2.88694,-10.79047,4.84288,,,,,,,,,,,,,,,,,,,,,,,,,,,,,,,,,,,,,,,,,,,,,,,,,,,High,High,High,,,,,,,,,,,,,,,,,,,,,,,,,,,,,,,,,,,,,,,
152,2026-03-03,16:41:18.73,8,2,"Olson, Joe",828083,Left,LOU_CAR,"Correa, Jaden",1000159957,Right,MOR_EAG,Undefined,5,Top,2,1,0,ChangeUp,Changeup,BallCalled,Undefined,Undefined,Undefined,0,0,,80.62382,-1.414366,5.582914,1841.40056,117.944153,10:00,4.89137,-3.00671,6.08183,-36.77711,6.57307,-9.58315,0.51158,1.37623,73.49985,-8.225195,3.867381,0.473878,,,,,,,,,,,,6.61099,4.27425,2.5791,50,4.76234,-11.02917,-116.51454,-4.00626,9.01568,23.51739,-26.34507,LOU_CAR,MOR_EAG,JimPatterson,D1,ACC,20260303-JimPatterson-1,b6e26da0-1749-11f1-b6f1-3bca4f3249f3,79.54032,,,7.12397,,,,,,,4c216075-8757-4a7e-8832-fbd2b61f9361,2026-03-03,21:41:18.73,2026-03-03T16:41:18.7370000-05:00,2026-03-03T21:41:18.7370000Z,,v3,471341,471366,ea8a05dd47fb4949855474378ed738c7,"Nugent, Jimmy",838635,Right,LOU_CAR,836a019b-44fc-47ee-9305-69e943ae10e8,54.41568,-117.40243,11.75869,4.89481,-3.01162,-13.17253,3.00192,-11.36955,4.50784,,,,,,,,,,,,,,,,,,,,,,,,,,,,,,,,,,,,,,,,,,,,,,,,,,,High,High,High,,,,,,,,,,,,,,,,,,,,,,,,,,,,,,,,,,,,,,,
153,2026-03-03,16:41:40.34,8,3,"Olson, Joe",828083,Left,LOU_CAR,"Correa, Jaden",1000159957,Right,MOR_EAG,Undefined,5,Top,2,2,0,Slider,Slider,StrikeSwinging,Undefined,Undefined,Undefined,0,0,,77.44687,0.276742,3.943398,2008.552269,306.709963,4:15,4.93918,-3.02394,5.60355,-51.57558,-2.16291,5.83654,0.90017,1.14948,68.44437,-9.228452,4.982367,0.50593,,,,,,,,,,,,-1.29217,-0.56717,2.68214,50,4.93045,-7.93022,-111.6961,-1.13904,-1.55668,28.79153,-32.85734,LOU_CAR,MOR_EAG,JimPatterson,D1,ACC,20260303-JimPatterson-1,c3cf7300-1749-11f1-b6f1-3bca4f3249f3,74.50128,,,9.0025,,,,,,,4c216075-8757-4a7e-8832-fbd2b61f9361,2026-03-03,21:41:40.34,2026-03-03T16:41:40.3440000-05:00,2026-03-03T21:41:40.3440000Z,,v3,471341,471366,ea8a05dd47fb4949855474378ed738c7,"Nugent, Jimmy",838635,Right,LOU_CAR,751e7e19-1ed3-4fc0-8c41-4a5dace8e2e5,54.88922,-112.94934,14.39576,4.9489,0.29119,-16.42867,3.02585,-7.86246,-0.77834,,,,,,,,,,,,,,,,,,,,,,,,,,,,,,,,,,,,,,,,,,,,,,,,,,,High,High,High,,,,,,,,,,,,,,,,,,,,,,,,,,,,,,,,,,,,,,,
154,2026-03-03,16:42:29.50,8,4,"Olson, Joe",828083,Left,LOU_CAR,"Correa, Jaden",1000159957,Right,MOR_EAG,Undefined,5,Top,2,2,1,Sinker,Sinker,BallCalled,Undefined,Undefined,Undefined,0,0,,90.47182,-1.050774,5.395737,2063.220898,126.487481,10:15,5.17111,-2.95372,5.56596,-25.87785,9.27237,-10.86611,2.02854,1.19627,81.87474,-5.851231,3.470001,0.426713,,,,,,,,,,,,7.10563,5.37579,2.49425,50,5.06334,-11.8455,-130.65327,-3.33144,12.16954,29.88875,-22.96716,LOU_CAR,MOR_EAG,JimPatterson,D1,ACC,20260303-JimPatterson-1,e10c57d0-1749-11f1-b6f1-3bca4f3249f3,88.33216,,,8.59707,,,,,,,4c216075-8757-4a7e-8832-fbd2b61f9361,2026-03-03,21:42:29.50,2026-03-03T16:42:29.5040000-05:00,2026-03-03T21:42:29.5040000Z,,v3,471341,471366,ea8a05dd47fb4949855474378ed738c7,"Nugent, Jimmy",838635,Right,LOU_CAR,20b07bfe-29e1-4593-ab11-9fc0275a7af6,54.93043,-131.77635,14.94437,5.17231,-2.46844,-11.48358,2.94794,-12.30277,6.08477,,,,,,,,,,,,,,,,,,,,,,,,,,,,,,,,,,,,,,,,,,,,,,,,,,,High,High,High,,,,,,,,,,,,,,,,,,,,,,,,,,,,,,,,,,,,,,,
155,2026-03-03,16:42:55.45,8,5,"Olson, Joe",828083,Left,LOU_CAR,"Correa, Jaden",1000159957,Right,MOR_EAG,Undefined,5,Top,2,3,1,Slider,Curveball,FoulBallNotFieldable,Undefined,Undefined,Undefined,0,0,,76.71695,2.449419,2.506892,1910.927013,294.960447,3:45,4.83153,-3.1641,5.27809,-51.86148,-0.99819,6.96898,2.81383,-0.22739,67.45226,-7.113433,3.740745,0.513303,93.5501,9.143103,-41.766993,2991.514771,77.90588,7.76267,-77.65626,158.08118,158.08118,-46.963866,1.344943,-2.44232,-0.89201,2.92982,50,5.01806,-5.12596,-110.63789,3.00071,-2.89206,27.93343,-33.23034,LOU_CAR,MOR_EAG,JimPatterson,D1,ACC,20260303-JimPatterson-1,f089a500-1749-11f1-b6f1-3bca4f3249f3,73.4312,9.27421,,9.26469,,,,2.24114,3.07901,0.13668,4c216075-8757-4a7e-8832-fbd2b61f9361,2026-03-03,21:42:55.45,2026-03-03T16:42:55.4550000-05:00,2026-03-03T21:42:55.4550000Z,LineDrive,v3,471341,471366,ea8a05dd47fb4949855474378ed738c7,"Nugent, Jimmy",838635,Right,LOU_CAR,da65e623-7f87-4ac4-b76f-57452a749312,55.21503,-111.94682,13.96671,4.84097,4.55784,-16.61517,3.16684,-4.99044,-1.44603,,2.24113,101.03854,-20.33112,3.6208,-1.22706,0.7813,-0.42894,0.12085,-0.01187,3.07901,21.80278,-20.34502,2.31058,-0.59244,0.28853,-0.13791,0.03836,-0.00398,0.13667,-90.23079,2.05508,1.32264,-0.90156,0.81781,-0.50914,0.16766,-0.02167,,,,,,,,,,,,,,,,,,,,,,,High,High,High,Medium,High,,,,,,,,,,,,,,,,,,,,,,,,,,,,,,,,,,,,,
156,2026-03-03,16:43:39.32,8,6,"Olson, Joe",828083,Left,LOU_CAR,"Correa, Jaden",1000159957,Right,MOR_EAG,Undefined,5,Top,2,3,2,ChangeUp,Changeup,InPlay,Undefined,FlyBall,HomeRun,0,3,,81.04945,0.903832,3.916989,1760.016708,110.937478,9:45,4.71735,-3.27594,6.29914,-36.61616,5.14177,-10.20107,2.50079,-0.51138,74.57205,-5.908376,2.077872,0.465094,106.52693,23.972082,-26.02611,2358.535419,96.57811,45.28682,-52.65576,423.50801,408.53318,-36.88605,4.413537,6.37024,2.7865,2.99275,50,4.7661,-7.69528,-117.65451,0.78328,8.97693,21.20517,-28.24734,LOU_CAR,MOR_EAG,JimPatterson,D1,ACC,20260303-JimPatterson-1,0aa6d340-174a-11f1-b6f1-3bca4f3249f3,81.04262,67.10299,,6.47741,,,,2.10037,2.55103,0.55864,4c216075-8757-4a7e-8832-fbd2b61f9361,2026-03-03,21:43:39.32,2026-03-03T16:43:39.3240000-05:00,2026-03-03T21:43:39.3240000Z,FlyBall,v3,471341,471366,ea8a05dd47fb4949855474378ed738c7,"Nugent, Jimmy",838635,Right,LOU_CAR,70c6581b-5b0a-4939-afcf-92deac999e50,54.20167,-118.40937,10.60259,4.72032,1.78882,-14.12367,3.27237,-8.01484,4.48846,135.962103,2.09918,128.31347,-26.41812,6.7228,-1.47391,0.29694,-0.05332,0.00662,-0.00037,2.55313,63.4288,-16.12328,-0.10028,0.36761,-0.1501,0.0358,-0.00433,0.0002,0.5584,-62.63655,0.56486,0.62072,-0.22966,0.0369,-0.00137,-0.00041,4E-05,,,,,,,,,,,,,,,,,,,,,,,High,High,High,High,Medium,,,,,,,,,,,,,,,,,,,,,,,,,,,,,,,,,,,71.63101,21.634,-19.69396
157,2026-03-03,16:44:32.64,9,1,"Olson, Joe",828083,Left,LOU_CAR,"Peak, Austyn",1000157632,Right,MOR_EAG,Undefined,5,Top,2,0,0,Sinker,Sinker,StrikeSwinging,Undefined,Undefined,Undefined,0,0,,89.84359,-1.645424,4.33314,2028.728724,128.846644,10:15,5.15477,-3.15907,5.58212,-26.1084,9.44859,-10.17441,1.4376,0.04746,81.37522,-6.489484,2.523986,0.429175,,,,,,,,,,,,6.49339,5.6528,2.79279,50,4.99607,-9.394,-129.92905,-4.66483,10.98228,29.91944,-22.61349,LOU_CAR,MOR_EAG,JimPatterson,D1,ACC,20260303-JimPatterson-1,2a751150-174a-11f1-b6f1-3bca4f3249f3,87.82543,,,8.46837,,,,,,,4c216075-8757-4a7e-8832-fbd2b61f9361,2026-03-03,21:44:32.64,2026-03-03T16:44:32.6400000-05:00,2026-03-03T21:44:32.6400000Z,,v3,471341,471366,ea8a05dd47fb4949855474378ed738c7,"Nugent, Jimmy",838635,Right,LOU_CAR,24e51165-6edb-4699-9a14-a80850456cdc,54.91537,-131.05604,14.95972,5.15574,-3.81303,-11.30675,3.15443,-9.80768,5.49114,,,,,,,,,,,,,,,,,,,,,,,,,,,,,,,,,,,,,,,,,,,,,,,,,,,High,High,High,,,,,,,,,,,,,,,,,,,,,,,,,,,,,,,,,,,,,,,
158,2026-03-03,16:44:53.33,9,2,"Olson, Joe",828083,Left,LOU_CAR,"Peak, Austyn",1000157632,Right,MOR_EAG,Undefined,5,Top,2,0,1,Slider,Curveball,BallCalled,Undefined,Undefined,Undefined,0,0,,77.17368,1.501574,1.00558,2049.227254,240.399562,2:00,5.09689,-2.87532,5.38097,-44.89589,4.02244,3.79185,2.76368,-1.6166,69.19786,-6.780993,1.67973,0.503393,,,,,,,,,,,,-1.52764,2.12488,2.7827,50,5.2005,-2.11582,-111.67724,1.44002,-1.88584,24.32997,-29.5509,LOU_CAR,MOR_EAG,JimPatterson,D1,ACC,20260303-JimPatterson-1,36d280e0-174a-11f1-b6f1-3bca4f3249f3,74.87677,,,7.97582,,,,,,,4c216075-8757-4a7e-8832-fbd2b61f9361,2026-03-03,21:44:53.33,2026-03-03T16:44:53.3350000-05:00,2026-03-03T21:44:53.3350000Z,,v3,471341,471366,ea8a05dd47fb4949855474378ed738c7,"Nugent, Jimmy",838635,Right,LOU_CAR,5a06e6c8-8cb9-497e-8d49-d0758b6261b8,55.1116,-112.78535,12.16498,5.10427,2.78593,-14.77545,2.87711,-2.02992,-0.94292,,,,,,,,,,,,,,,,,,,,,,,,,,,,,,,,,,,,,,,,,,,,,,,,,,,High,High,High,,,,,,,,,,,,,,,,,,,,,,,,,,,,,,,,,,,,,,,
159,2026-03-03,16:45:13.44,9,3,"Olson, Joe",828083,Left,LOU_CAR,"Peak, Austyn",1000157632,Right,MOR_EAG,Undefined,5,Top,2,1,1,Slider,Curveball,StrikeCalled,Undefined,Undefined,Undefined,0,0,,76.30564,1.735151,1.786284,2013.913522,281.357944,3:30,4.81643,-3.13259,5.30093,-49.36345,0.75665,5.55051,2.33305,-0.99254,68.64834,-7.318948,2.771042,0.509539,,,,,,,,,,,,-2.14358,0.40311,2.96614,50,4.93899,-3.66728,-110.41449,1.69338,-2.59121,23.47296,-31.68677,LOU_CAR,MOR_EAG,JimPatterson,D1,ACC,20260303-JimPatterson-1,42c85500-174a-11f1-b6f1-3bca4f3249f3,73.97362,,,7.6573,,,,,,,4c216075-8757-4a7e-8832-fbd2b61f9361,2026-03-03,21:45:13.44,2026-03-03T16:45:13.4410000-05:00,2026-03-03T21:45:13.4410000Z,,v3,471341,471366,ea8a05dd47fb4949855474378ed738c7,"Nugent, Jimmy",838635,Right,LOU_CAR,59f6f480-cae0-4115-a587-2db448608fbe,55.1938,-111.51318,11.73648,4.82501,3.17652,-15.84338,3.13496,-3.546,-1.29561,,,,,,,,,,,,,,,,,,,,,,,,,,,,,,,,,,,,,,,,,,,,,,,,,,,High,High,High,,,,,,,,,,,,,,,,,,,,,,,,,,,,,,,,,,,,,,,
160,2026-03-03,16:45:31.93,9,4,"Olson, Joe",828083,Left,LOU_CAR,"Peak, Austyn",1000157632,Right,MOR_EAG,Undefined,5,Top,2,1,2,Fastball,Sinker,BallCalled,Undefined,Undefined,Undefined,0,0,,87.74893,1.183369,2.35122,2017.19125,133.70271,10:30,5.21834,-3.02068,5.5423,-26.86186,10.81737,-9.79032,4.0869,-1.63789,78.1992,-3.859314,0.607711,0.441797,,,,,,,,,,,,5.69725,5.46701,2.82327,50,5.3037,-4.76552,-126.93393,1.70728,9.07583,31.6982,-23.46496,LOU_CAR,MOR_EAG,JimPatterson,D1,ACC,20260303-JimPatterson-1,4dc98ff0-174a-11f1-b6f1-3bca4f3249f3,85.31627,,,9.54973,,,,,,,4c216075-8757-4a7e-8832-fbd2b61f9361,2026-03-03,21:45:31.93,2026-03-03T16:45:31.9330000-05:00,2026-03-03T21:45:31.9330000Z,,v3,471341,471366,ea8a05dd47fb4949855474378ed738c7,"Nugent, Jimmy",838635,Right,LOU_CAR,6b52a5d6-dc7f-4502-88c6-d99222c5185b,54.95042,-128.1642,15.8491,5.21977,2.618,-11.73248,3.01507,-5.11776,4.53791,,,,,,,,,,,,,,,,,,,,,,,,,,,,,,,,,,,,,,,,,,,,,,,,,,,High,High,High,,,,,,,,,,,,,,,,,,,,,,,,,,,,,,,,,,,,,,,
161,2026-03-03,16:45:52.54,9,5,"Olson, Joe",828083,Left,LOU_CAR,"Peak, Austyn",1000157632,Right,MOR_EAG,Undefined,5,Top,2,2,2,Fastball,Sinker,BallCalled,Undefined,Undefined,Undefined,0,0,,90.54803,1.242206,2.753607,2088.350899,133.209828,10:30,5.39015,-2.88369,5.42377,-26.00714,9.2206,-8.47201,4.38793,-1.00854,81.41612,-3.600958,1.249122,0.427183,,,,,,,,,,,,5.08575,4.61449,2.64512,50,5.48286,-5.90334,-131.05952,1.8959,8.725,31.22543,-24.25755,LOU_CAR,MOR_EAG,JimPatterson,D1,ACC,20260303-JimPatterson-1,5a0790a0-174a-11f1-b6f1-3bca4f3249f3,88.23491,,,9.13191,,,,,,,4c216075-8757-4a7e-8832-fbd2b61f9361,2026-03-03,21:45:52.54,2026-03-03T16:45:52.5490000-05:00,2026-03-03T21:45:52.5490000Z,,v3,471341,471366,ea8a05dd47fb4949855474378ed738c7,"Nugent, Jimmy",838635,Right,LOU_CAR,2c1771b2-d923-40e5-b425-d888656e1899,55.07064,-132.2621,15.61271,5.39185,2.83013,-12.12878,2.87894,-6.23936,4.3625,,,,,,,,,,,,,,,,,,,,,,,,,,,,,,,,,,,,,,,,,,,,,,,,,,,High,High,High,,,,,,,,,,,,,,,,,,,,,,,,,,,,,,,,,,,,,,,
162,2026-03-03,16:46:14.95,9,6,"Olson, Joe",828083,Left,LOU_CAR,"Peak, Austyn",1000157632,Right,MOR_EAG,Undefined,5,Top,2,3,2,Fastball,Sinker,BallCalled,Walk,Undefined,Undefined,0,0,,89.57467,0.341772,2.582451,2045.662481,138.155965,10:30,5.28318,-2.96041,5.78164,-25.60155,9.97548,-7.76524,3.46803,-1.20315,80.46972,-4.464176,1.193462,0.429296,,,,,,,,,,,,4.75398,5.35559,2.7518,50,5.29631,-5.50244,-129.73832,-0.09145,7.96745,31.37087,-23.1983,LOU_CAR,MOR_EAG,JimPatterson,D1,ACC,20260303-JimPatterson-1,6767f140-174a-11f1-b6f1-3bca4f3249f3,87.80066,,,9.10495,,,,,,,4c216075-8757-4a7e-8832-fbd2b61f9361,2026-03-03,21:46:14.95,2026-03-03T16:46:14.9550000-05:00,2026-03-03T21:46:14.9550000Z,,v3,471341,471366,ea8a05dd47fb4949855474378ed738c7,"Nugent, Jimmy",838635,Right,LOU_CAR,a69fdaa8-dc4e-4118-bc62-9cd4c86bf87f,54.71239,-130.87283,15.68544,5.28445,0.7475,-11.59915,2.956,-5.79057,3.98373,,,,,,,,,,,,,,,,,,,,,,,,,,,,,,,,,,,,,,,,,,,,,,,,,,,High,High,High,,,,,,,,,,,,,,,,,,,,,,,,,,,,,,,,,,,,,,,
163,2026-03-03,16:47:13.04,10,1,"Olson, Joe",828083,Left,LOU_CAR,"Krupp, Kyle",10072907,Left,MOR_EAG,Undefined,5,Top,2,0,0,Fastball,Four-Seam,BallCalled,Undefined,Undefined,Undefined,0,0,,86.98833,0.394211,4.999179,2037.289272,149.785499,11:00,5.52483,-2.83392,5.52468,-27.00793,11.74646,-5.92752,3.64412,1.3577,77.2353,-4.672678,3.949603,0.448056,,,,,,,,,,,,4.74587,6.22528,2.40201,50,5.54185,-10.69857,-125.3976,-0.03985,7.34712,31.9104,-22.53666,LOU_CAR,MOR_EAG,JimPatterson,D1,ACC,20260303-JimPatterson-1,8a0c59c0-174a-11f1-b6f1-3bca4f3249f3,84.12446,,,9.75303,,,,,,,4c216075-8757-4a7e-8832-fbd2b61f9361,2026-03-03,21:47:13.04,2026-03-03T16:47:13.0410000-05:00,2026-03-03T21:47:13.0410000Z,,v3,471341,471366,ea8a05dd47fb4949855474378ed738c7,"Nugent, Jimmy",838635,Right,LOU_CAR,1ccb417a-fc08-4980-bc32-e182301f4e3f,54.96626,-126.65508,15.9552,5.52593,0.84824,-11.26833,2.82931,-10.9881,3.67356,,,,,,,,,,,,,,,,,,,,,,,,,,,,,,,,,,,,,,,,,,,,,,,,,,,High,High,High,,,,,,,,,,,,,,,,,,,,,,,,,,,,,,,,,,,,,,,
164,2026-03-03,16:47:35.83,10,2,"Olson, Joe",828083,Left,LOU_CAR,"Krupp, Kyle",10072907,Left,MOR_EAG,Undefined,5,Top,2,1,0,Fastball,Sinker,FoulBallNotFieldable,Undefined,Undefined,Undefined,0,0,,87.01775,-0.493983,4.684893,2000.053073,136.006524,10:30,5.35391,-2.89584,5.53666,-27.37572,10.82729,-9.08886,2.60933,0.73543,78.2649,-5.594333,3.072567,0.444857,73.55304,42.336496,-119.587326,5136.493187,,,,,51.37966,,,6.11426,6.03048,2.49478,50,5.29309,-9.90647,-125.72417,-2.01964,9.62539,29.40245,-22.68051,LOU_CAR,MOR_EAG,JimPatterson,D1,ACC,20260303-JimPatterson-1,97a3a8e0-174a-11f1-b6f1-3bca4f3249f3,84.7294,40.26693,,8.75285,,,,-0.1067,2.54709,-0.83139,4c216075-8757-4a7e-8832-fbd2b61f9361,2026-03-03,21:47:35.83,2026-03-03T16:47:35.8380000-05:00,2026-03-03T21:47:35.8380000Z,,v3,471341,471366,ea8a05dd47fb4949855474378ed738c7,"Nugent, Jimmy",838635,Right,LOU_CAR,3eea24eb-cfea-49a9-9b60-2ccf9abed580,54.95939,-126.87869,14.70123,5.35491,-1.12906,-11.34025,2.89119,-10.28442,4.81269,46.086432,-0.1067,-39.37237,-2.72639,2.19232,-2.76564,6.53181,-9.29055,6.77592,-1.99488,2.54709,72.65404,-27.70195,3.47278,-1.29848,1.78087,-2.30216,1.5912,-0.44436,-0.83138,-69.34563,12.48808,-2.66456,1.63107,-3.25249,4.47954,-3.18123,0.91131,,,,,,,,,,,,,,,,,,,,,,,High,High,High,High,Undefined,,,,,,,,,,,,,,,,,,,,,,,,,,,,,,,,,,,,,
165,2026-03-03,16:48:57.38,10,3,"Olson, Joe",828083,Left,LOU_CAR,"Krupp, Kyle",10072907,Left,MOR_EAG,Undefined,5,Top,2,1,1,Fastball,Sinker,BallCalled,Undefined,Undefined,Undefined,0,0,,87.20864,1.034969,3.130586,1932.8552,137.89785,10:30,5.43246,-2.97966,5.40572,-28.5245,9.61477,-7.41847,4.02671,-0.66169,78.24637,-4.274159,1.814388,0.444485,,,,,,,,,,,,4.69673,4.91138,2.70583,50,5.50535,-6.55799,-126.13336,1.27352,7.44175,29.60179,-24.39218,LOU_CAR,MOR_EAG,JimPatterson,D1,ACC,20260303-JimPatterson-1,c83a03a0-174a-11f1-b6f1-3bca4f3249f3,84.80017,,,8.96228,,,,,,,4c216075-8757-4a7e-8832-fbd2b61f9361,2026-03-03,21:48:57.38,2026-03-03T16:48:57.3800000-05:00,2026-03-03T21:48:57.3800000Z,,v3,471341,471366,ea8a05dd47fb4949855474378ed738c7,"Nugent, Jimmy",838635,Right,LOU_CAR,df15de50-0dc7-489c-8167-2617586306f0,55.08755,-127.32175,14.8009,5.43457,2.25276,-12.19609,2.9751,-6.85674,3.72087,,,,,,,,,,,,,,,,,,,,,,,,,,,,,,,,,,,,,,,,,,,,,,,,,,,High,High,High,,,,,,,,,,,,,,,,,,,,,,,,,,,,,,,,,,,,,,,
166,2026-03-03,16:49:20.63,10,4,"Olson, Joe",828083,Left,LOU_CAR,"Krupp, Kyle",10072907,Left,MOR_EAG,Undefined,5,Top,2,2,1,Fastball,Sinker,BallCalled,Undefined,Undefined,Undefined,0,0,,88.35922,-0.459799,5.423245,1921.512548,141.547325,10:45,5.13549,-3.09123,5.58294,-27.97509,10.11095,-6.66351,2.37289,1.43328,77.42814,-5.722138,4.242909,0.444175,,,,,,,,,,,,5.48756,5.78953,2.62792,50,5.07845,-11.74896,-127.0694,-1.97994,8.59401,36.24374,-23.10709,LOU_CAR,MOR_EAG,JimPatterson,D1,ACC,20260303-JimPatterson-1,d62b0b80-174a-11f1-b6f1-3bca4f3249f3,84.8594,,,10.93108,,,,,,,4c216075-8757-4a7e-8832-fbd2b61f9361,2026-03-03,21:49:20.63,2026-03-03T16:49:20.6300000-05:00,2026-03-03T21:49:20.6300000Z,,v3,471341,471366,ea8a05dd47fb4949855474378ed738c7,"Nugent, Jimmy",838635,Right,LOU_CAR,6d005884-54d3-463d-8833-6d37d8068d0a,54.90413,-128.46057,18.12187,5.13742,-1.093,-11.55354,3.08523,-12.07883,4.29701,,,,,,,,,,,,,,,,,,,,,,,,,,,,,,,,,,,,,,,,,,,,,,,,,,,High,High,High,,,,,,,,,,,,,,,,,,,,,,,,,,,,,,,,,,,,,,,
167,2026-03-03,16:50:04.49,10,5,"Olson, Joe",828083,Left,LOU_CAR,"Krupp, Kyle",10072907,Left,MOR_EAG,Undefined,5,Top,2,3,1,Fastball,Four-Seam,StrikeSwinging,Undefined,Undefined,Undefined,0,0,,89.21952,-0.602256,4.97593,1922.176119,144.253528,10:45,5.21301,-2.97648,5.45375,-25.79458,10.79729,-6.77689,2.49752,1.12864,80.01812,-5.407735,3.776892,0.435375,,,,,,,,,,,,5.02362,6.03528,2.54118,50,5.14248,-10.89514,-128.75266,-2.2668,8.27795,31.30961,-22.22908,LOU_CAR,MOR_EAG,JimPatterson,D1,ACC,20260303-JimPatterson-1,f03dd980-174a-11f1-b6f1-3bca4f3249f3,86.57462,,,9.2014,,,,,,,4c216075-8757-4a7e-8832-fbd2b61f9361,2026-03-03,21:50:04.49,2026-03-03T16:50:04.4960000-05:00,2026-03-03T21:50:04.4960000Z,,v3,471341,471366,ea8a05dd47fb4949855474378ed738c7,"Nugent, Jimmy",838635,Right,LOU_CAR,2184fc56-e468-475f-9158-838681545c1f,55.03959,-129.97239,15.6548,5.21392,-1.40082,-11.11454,2.97191,-11.21763,4.13897,,,,,,,,,,,,,,,,,,,,,,,,,,,,,,,,,,,,,,,,,,,,,,,,,,,High,High,High,,,,,,,,,,,,,,,,,,,,,,,,,,,,,,,,,,,,,,,
168,2026-03-03,16:50:26.90,10,6,"Olson, Joe",828083,Left,LOU_CAR,"Krupp, Kyle",10072907,Left,MOR_EAG,Undefined,5,Top,2,3,2,Fastball,Four-Seam,BallCalled,Walk,Undefined,Undefined,0,0,,88.03474,0.843234,4.651463,1940.974187,153.628586,11:00,5.26331,-2.97788,5.62195,-25.06238,12.06682,-5.32248,3.96433,0.92886,79.20777,-3.849771,3.706715,0.43856,,,,,,,,,,,,4.1391,6.22678,2.5838,50,5.31969,-10.10996,-127.19751,1.04143,6.69052,29.34341,-22.10895,LOU_CAR,MOR_EAG,JimPatterson,D1,ACC,20260303-JimPatterson-1,fdb6f240-174a-11f1-b6f1-3bca4f3249f3,85.94585,,,8.82697,,,,,,,4c216075-8757-4a7e-8832-fbd2b61f9361,2026-03-03,21:50:26.90,2026-03-03T16:50:26.9060000-05:00,2026-03-03T21:50:26.9060000Z,,v3,471341,471366,ea8a05dd47fb4949855474378ed738c7,"Nugent, Jimmy",838635,Right,LOU_CAR,cfbcb9b8-457e-482f-8575-e439c42bdf74,54.8719,-128.3165,14.67171,5.26389,1.88453,-11.05448,2.9742,-10.36509,3.34526,,,,,,,,,,,,,,,,,,,,,,,,,,,,,,,,,,,,,,,,,,,,,,,,,,,High,High,High,,,,,,,,,,,,,,,,,,,,,,,,,,,,,,,,,,,,,,,
169,2026-03-03,16:55:51.42,11,1,"Stahl, Zane",835934,Right,LOU_CAR,"Sheridan, Caden",10091036,Right,MOR_EAG,Undefined,5,Top,2,0,0,Fastball,Four-Seam,StrikeCalled,Undefined,Undefined,Undefined,0,0,,90.89414,-2.411048,-0.724036,1884.892696,200.945677,12:45,6.77658,1.07048,6.00412,-16.23741,18.093,6.42819,3.18808,0.93529,81.62108,-5.539843,0.432434,0.421707,,,,,,,,,,,,-3.4976,10.42867,-1.01681,50,6.57803,1.3764,-131.66437,-5.98488,-6.0233,32.89644,-14.21453,LOU_CAR,MOR_EAG,JimPatterson,D1,ACC,20260303-JimPatterson-1,bf061930-174b-11f1-b6f1-3bca4f3249f3,89.3806,,,9.27306,,,,,,,4c216075-8757-4a7e-8832-fbd2b61f9361,2026-03-03,21:55:51.42,2026-03-03T16:55:51.4200000-05:00,2026-03-03T21:55:51.4200000Z,,v3,471341,471366,ea8a05dd47fb4949855474378ed738c7,"Nugent, Jimmy",838635,Right,LOU_CAR,fbaf5b0d-5468-4927-ad9c-0b016be7a593,54.48883,-132.78117,16.44822,6.77302,-5.50231,-7.10726,-1.06701,1.58088,-3.01165,,,,,,,,,,,,,,,,,,,,,,,,,,,,,,,,,,,,,,,,,,,,,,,,,,,High,High,High,,,,,,,,,,,,,,,,,,,,,,,,,,,,,,,,,,,,,,,
170,2026-03-03,16:56:11.24,11,2,"Stahl, Zane",835934,Right,LOU_CAR,"Sheridan, Caden",10091036,Right,MOR_EAG,Undefined,5,Top,2,0,1,Fastball,Four-Seam,FoulBallNotFieldable,Undefined,Undefined,Undefined,0,0,,91.67744,-3.171783,-2.05489,1967.050787,211.991648,1:00,6.65104,0.91775,5.94948,-18.12623,15.82859,9.06776,2.19386,-0.23328,82.24716,-6.628362,-0.425864,0.419394,,,,,,,,,,,,-5.32516,9.56193,-0.7592,50,6.38836,4.35686,-132.63746,-7.89648,-9.28318,34.03717,-15.50502,LOU_CAR,MOR_EAG,JimPatterson,D1,ACC,20260303-JimPatterson-1,cbd6bcf0-174b-11f1-b6f1-3bca4f3249f3,89.87362,,,9.43027,,,,,,,4c216075-8757-4a7e-8832-fbd2b61f9361,2026-03-03,21:56:11.24,2026-03-03T16:56:11.2410000-05:00,2026-03-03T21:56:11.2410000Z,,v3,471341,471366,ea8a05dd47fb4949855474378ed738c7,"Nugent, Jimmy",838635,Right,LOU_CAR,969ec7c4-bc17-40db-9190-27d2161a73c7,54.54527,-133.79877,17.01859,6.64875,-7.36746,-7.75251,-0.91325,4.67359,-4.64159,,,,,,,,,,,,,,,,,,,,,,,,,,,,,,,,,,,,,,,,,,,,,,,,,,,High,High,High,,,,,,,,,,,,,,,,,,,,,,,,,,,,,,,,,,,,,,,
171,2026-03-03,16:57:00.67,11,3,"Stahl, Zane",835934,Right,LOU_CAR,"Sheridan, Caden",10091036,Right,MOR_EAG,Undefined,5,Top,2,0,2,Fastball,Four-Seam,BallCalled,Undefined,Undefined,Undefined,0,0,,93.00674,-1.821203,-2.145413,1985.063314,204.792827,12:45,6.80121,0.96718,6.21256,-15.14568,17.20859,7.41142,3.85656,-0.3961,83.88504,-4.748888,-0.808196,0.40939,,,,,,,,,,,,-4.48146,9.79882,-0.80968,50,6.65681,4.72608,-134.84199,-4.69476,-8.13889,33.03941,-14.37808,LOU_CAR,MOR_EAG,JimPatterson,D1,ACC,20260303-JimPatterson-1,e8477820-174b-11f1-b6f1-3bca4f3249f3,92.06974,,,9.1217,,,,,,,4c216075-8757-4a7e-8832-fbd2b61f9361,2026-03-03,21:57:00.67,2026-03-03T16:57:00.6710000-05:00,2026-03-03T21:57:00.6710000Z,,v3,471341,471366,ea8a05dd47fb4949855474378ed738c7,"Nugent, Jimmy",838635,Right,LOU_CAR,df0cf884-3752-4a31-992b-12eb53e5737a,54.28239,-135.88722,16.51971,6.79814,-4.2399,-7.18904,-0.96327,4.98356,-4.06945,,,,,,,,,,,,,,,,,,,,,,,,,,,,,,,,,,,,,,,,,,,,,,,,,,,High,High,High,,,,,,,,,,,,,,,,,,,,,,,,,,,,,,,,,,,,,,,
172,2026-03-03,16:57:21.78,11,4,"Stahl, Zane",835934,Right,LOU_CAR,"Sheridan, Caden",10091036,Right,MOR_EAG,Undefined,5,Top,2,1,2,Fastball,Four-Seam,BallCalled,Undefined,Undefined,Undefined,1,0,,90.8726,-3.48696,-2.684489,1963.803734,207.184155,1:00,6.68374,0.64048,6.09561,-17.41887,17.02733,8.05319,1.99946,-1.1732,81.46107,-6.828402,-1.235015,0.422418,,,,,,,,,,,,-5.05819,10.35284,-0.43773,50,6.40559,5.81421,-131.39703,-8.50216,-8.64419,33.68111,-14.48161,LOU_CAR,MOR_EAG,JimPatterson,D1,ACC,20260303-JimPatterson-1,f4dee370-174b-11f1-b6f1-3bca4f3249f3,89.23025,,,9.41153,,,,,,,4c216075-8757-4a7e-8832-fbd2b61f9361,2026-03-03,21:57:21.78,2026-03-03T16:57:21.7860000-05:00,2026-03-03T21:57:21.7860000Z,,v3,471341,471366,ea8a05dd47fb4949855474378ed738c7,"Nugent, Jimmy",838635,Right,LOU_CAR,4b61dbb6-00bb-4878-b3e3-63a453021af6,54.39922,-132.51989,16.84056,6.68099,-8.01937,-7.24081,-0.63637,6.10239,-4.32209,,,,,,,,,,,,,,,,,,,,,,,,,,,,,75.93434,2.092067,0.75945,1.332617,0.32701,1.86815,1.1964,-0.95961,5.66002,1.97548,127.28004,3.55008,0.54841,-0.79224,108.53448,-9.4218,5.69626,14.92107,-12.42929,1.9604,-1.93919,0.66854,High,High,High,,,High,Medium,Medium,,,,,,,,,,,,,,,,,,,,,,,,,,,,,,,,,,
173,2026-03-03,17:00:06.42,1,1,"Owens, Carter",811788,Right,MOR_EAG,"Nugent, Jimmy",838635,Right,LOU_CAR,Undefined,5,Bottom,0,0,0,Fastball,Four-Seam,InPlay,Undefined,Bunt,Out,1,0,,88.60342,-1.467445,-3.550522,2506.256326,219.938096,1:15,5.47731,2.47082,5.42211,-15.5843,21.15107,16.60229,2.80115,0.52438,79.91603,-4.459015,-0.604072,0.436228,30.10228,-4.249452,-20.6061,4165.165176,,,,18.77746,18.77746,-18.295153,0.342438,-9.5613,11.52343,-2.16772,50,5.33678,7.23343,-128.25308,-3.75412,-15.73207,29.5318,-13.21355,LOU_CAR,MOR_EAG,JimPatterson,D1,ACC,20260303-JimPatterson-1,56ffe400-174c-11f1-b6f1-3bca4f3249f3,86.40534,2.97462,,8.6874,,,,4.05353,2.97462,-0.58042,4c216075-8757-4a7e-8832-fbd2b61f9361,2026-03-03,22:00:06.42,2026-03-03T17:00:06.4270000-05:00,2026-03-03T22:00:06.4270000Z,GroundBall,v3,471341,471366,ea8a05dd47fb4949855474378ed738c7,"Sheridan, Caden",10091036,Right,MOR_EAG,61b2f15e-1c5e-4aff-b69f-03e7f58ac6dc,55.07711,-129.41686,14.7659,5.47446,-3.2334,-6.60677,-2.46499,7.8534,-7.86604,80.660954,4.05364,41.20712,-2.86791,,,,,,,2.97579,-3.31644,-15.70209,,,,,,,-0.58037,-15.49723,-0.06221,,,,,,,,,,,,,,,,,,,,,,,,,,,,,High,High,High,Low,High,,,,,,,,,,,,,,,,,,,,,,,,,,,,,,,,,,,,,
174,2026-03-03,17:00:42.91,2,1,"Owens, Carter",811788,Right,MOR_EAG,"Elam, Kade",834239,Right,LOU_CAR,Undefined,5,Bottom,1,0,0,Fastball,Four-Seam,StrikeCalled,Undefined,Undefined,Undefined,0,0,,89.24795,-1.995254,-3.757196,2491.861702,215.639306,1:15,5.53139,2.27013,5.48011,-15.20934,21.32769,14.26217,2.39228,-0.0619,79.72904,-4.940356,-1.224504,0.435049,,,,,,,,,,,,-8.36934,11.76481,-1.9497,50,5.34606,7.80161,-128.91392,-4.91418,-13.78958,32.02526,-12.79001,LOU_CAR,MOR_EAG,JimPatterson,D1,ACC,20260303-JimPatterson-1,6cc66250-174c-11f1-b6f1-3bca4f3249f3,86.63956,,,9.51891,,,,,,,4c216075-8757-4a7e-8832-fbd2b61f9361,2026-03-03,22:00:42.91,2026-03-03T17:00:42.9190000-05:00,2026-03-03T22:00:42.9190000Z,,v3,471341,471366,ea8a05dd47fb4949855474378ed738c7,"Sheridan, Caden",10091036,Right,MOR_EAG,b7bcb488-87c8-4743-8aed-a7a712e86235,55.01327,-130.15338,16.01263,5.52667,-4.41918,-6.395,-2.26197,8.3353,-6.89479,,,,,,,,,,,,,,,,,,,,,,,,,,,,,,,,,,,,,,,,,,,,,,,,,,,High,High,High,,,,,,,,,,,,,,,,,,,,,,,,,,,,,,,,,,,,,,,
175,2026-03-03,17:00:58.76,2,2,"Owens, Carter",811788,Right,MOR_EAG,"Elam, Kade",834239,Right,LOU_CAR,Undefined,5,Bottom,1,0,1,Slider,Curveball,InPlay,Undefined,GroundBall,Single,0,0,,78.25712,1.684524,-2.2111,2597.198285,64.506192,8:15,5.24889,2.60753,5.23726,-50.28774,-3.17162,-9.87567,2.64318,-0.2947,71.45195,-7.457808,-3.960131,0.494033,97.49696,4.648238,0.866741,972.04523,,,,89.02732,54.8577,2.472363,0.682075,4.28449,-1.65764,-2.39636,50,5.36637,4.77442,-113.43454,1.58991,5.54142,22.17827,-34.31799,LOU_CAR,MOR_EAG,JimPatterson,D1,ACC,20260303-JimPatterson-1,763eda60-174c-11f1-b6f1-3bca4f3249f3,76.29533,4.00446,,6.80517,,,,1.11762,2.61749,0.30744,4c216075-8757-4a7e-8832-fbd2b61f9361,2026-03-03,22:00:58.76,2026-03-03T17:00:58.7640000-05:00,2026-03-03T22:00:58.7640000Z,GroundBall,v3,471341,471366,ea8a05dd47fb4949855474378ed738c7,"Sheridan, Caden",10091036,Right,MOR_EAG,a7c2b76f-b042-4817-9233-336a5c5b499d,55.26257,-114.45884,11.08913,5.25634,3.17487,-17.15899,-2.61096,4.5185,2.77071,321.292215,1.16064,141.65303,-19.07432,,,,,,,2.66454,10.64921,-21.43319,,,,,,,0.28832,2.5396,3.94909,,,,,,,,,,,,,,,,,,,,,,,,,,,,,High,High,High,High,Medium,,,,,,,,,,,,,,,,,,,,,,,,,,,,,,,,,,,78.94872,5.21546,-7.02552
176,2026-03-03,17:01:40.42,3,1,"Owens, Carter",811788,Right,MOR_EAG,"Alicea, Alex",822712,Left,LOU_CAR,Undefined,5,Bottom,1,0,0,Fastball,Sinker,BallCalled,Undefined,Undefined,Undefined,0,0,,88.23719,0.017463,-3.506797,2507.368207,224.200344,1:30,5.44387,2.47511,5.49722,-18.7584,18.05481,16.31721,3.89704,0.55063,79.73371,-3.541379,-0.607002,0.43669,,,,,,,,,,,,-9.20871,9.43914,-2.17919,50,5.43307,7.09177,-127.76944,-0.54009,-15.10085,28.29313,-16.69531,LOU_CAR,MOR_EAG,JimPatterson,D1,ACC,20260303-JimPatterson-1,8f081160-174c-11f1-b6f1-3bca4f3249f3,86.31396,,,8.50348,,,,,,,4c216075-8757-4a7e-8832-fbd2b61f9361,2026-03-03,22:01:40.42,2026-03-03T17:01:40.4230000-05:00,2026-03-03T22:01:40.4230000Z,,v3,471341,471366,ea8a05dd47fb4949855474378ed738c7,"Sheridan, Caden",10091036,Right,MOR_EAG,556e8476-6986-4813-98b8-8766800a46ad,54.99891,-128.87164,14.14657,5.44144,0.1103,-8.34766,-2.46692,7.68004,-7.55043,,,,,,,,,,,,,,,,,,,,,,,,,,,,,,,,,,,,,,,,,,,,,,,,,,,High,High,High,,,,,,,,,,,,,,,,,,,,,,,,,,,,,,,,,,,,,,,
177,2026-03-03,17:02:18.09,3,2,"Owens, Carter",811788,Right,MOR_EAG,"Alicea, Alex",822712,Left,LOU_CAR,Undefined,5,Bottom,1,1,0,Fastball,Four-Seam,BallCalled,Undefined,Undefined,Undefined,0,0,,88.42684,-3.150695,-3.83938,2527.811828,221.132545,1:15,5.52075,2.49192,5.54188,-16.1028,20.67355,16.89312,1.22464,0.30605,79.97979,-6.227052,-0.835242,0.436471,,,,,,,,,,,,-9.67611,11.77646,-2.17017,50,5.23657,7.82678,-127.81332,-7.51512,-15.84985,28.74845,-12.88374,LOU_CAR,MOR_EAG,JimPatterson,D1,ACC,20260303-JimPatterson-1,a5822840-174c-11f1-b6f1-3bca4f3249f3,86.35719,,,8.44705,,,,,,,4c216075-8757-4a7e-8832-fbd2b61f9361,2026-03-03,22:02:18.09,2026-03-03T17:02:18.0980000-05:00,2026-03-03T22:02:18.0980000Z,,v3,471341,471366,ea8a05dd47fb4949855474378ed738c7,"Sheridan, Caden",10091036,Right,MOR_EAG,e9704598-1ebb-4086-bb75-11245f13937c,54.9552,-128.92305,14.37422,5.51707,-7.01779,-6.44187,-2.48411,8.43861,-7.92492,,,,,,,,,,,,,,,,,,,,,,,,,,,,,,,,,,,,,,,,,,,,,,,,,,,High,High,High,,,,,,,,,,,,,,,,,,,,,,,,,,,,,,,,,,,,,,,
178,2026-03-03,17:02:37.48,3,3,"Owens, Carter",811788,Right,MOR_EAG,"Alicea, Alex",822712,Left,LOU_CAR,Undefined,5,Bottom,1,2,0,Fastball,Four-Seam,FoulBallNotFieldable,Undefined,Undefined,Undefined,0,0,,88.81622,-1.957819,-4.646733,2478.076247,221.419732,1:30,5.49272,2.46677,5.58887,-15.49521,21.46462,17.60737,2.36656,-0.41448,78.97561,-4.97328,-1.518617,0.437559,98.05432,18.495517,38.241853,3037.443336,82.14327,28.85065,73.16061,270.27422,232.2925,48.865506,2.829037,-10.60465,11.98694,-2.07912,50,5.31474,9.64296,-128.17973,-4.81826,-17.1763,33.02677,-12.75889,LOU_CAR,MOR_EAG,JimPatterson,D1,ACC,20260303-JimPatterson-1,b1093500-174c-11f1-b6f1-3bca4f3249f3,86.1426,31.63406,,9.84061,,,,3.14969,2.63628,0.44705,4c216075-8757-4a7e-8832-fbd2b61f9361,2026-03-03,22:02:37.48,2026-03-03T17:02:37.4860000-05:00,2026-03-03T22:02:37.4860000Z,LineDrive,v3,471341,471366,ea8a05dd47fb4949855474378ed738c7,"Sheridan, Caden",10091036,Right,MOR_EAG,a8856643-527e-4342-bb84-8fe5c4a3b82d,54.90768,-129.43806,16.51338,5.48906,-4.33214,-6.37945,-2.45898,10.29738,-8.58815,,3.14947,107.12337,-26.62791,6.15785,-1.27119,0.18232,-0.00306,-0.00554,0.0008,2.63638,45.61891,-19.72667,1.69959,-0.33703,0.09436,-0.02727,0.00577,-0.00053,0.44721,84.41485,-4.32204,-0.41468,0.20616,-0.0119,-0.0174,0.00614,-0.00067,,,,,,,,,,,,,,,,,,,,,,,High,High,High,High,Medium,,,,,,,,,,,,,,,,,,,,,,,,,,,,,,,,,,,61.86727,20.18035,24.01576
179,2026-03-03,17:03:06.25,3,4,"Owens, Carter",811788,Right,MOR_EAG,"Alicea, Alex",822712,Left,LOU_CAR,Undefined,5,Bottom,1,2,1,ChangeUp,Changeup,InPlay,Undefined,GroundBall,Out,1,0,,85.08913,-0.62709,-3.21164,2237.520292,249.784606,2:15,5.23037,2.63929,5.67438,-32.84671,6.69748,14.28556,1.90759,0.83247,76.81843,-6.719184,-0.660337,0.452598,66.1506,-80.633546,147.188165,,,,,1.23156,1.23156,-32.507883,0.019723,-8.28619,4.01666,-2.37732,50,5.15696,6.31629,-123.22811,-2.46531,-12.54503,28.0088,-26.09293,LOU_CAR,MOR_EAG,JimPatterson,D1,ACC,20260303-JimPatterson-1,c234ce70-174c-11f1-b6f1-3bca4f3249f3,83.28016,1.89394,,8.27071,,,,1.30115,1.89394,-0.83114,4c216075-8757-4a7e-8832-fbd2b61f9361,2026-03-03,22:03:06.25,2026-03-03T17:03:06.2590000-05:00,2026-03-03T22:03:06.2590000Z,GroundBall,v3,471341,471366,ea8a05dd47fb4949855474378ed738c7,"Sheridan, Caden",10091036,Right,MOR_EAG,7dbdaea1-eaf9-475a-b043-e5add4256643,54.82291,-124.31948,14.0044,5.23322,-1.44858,-13.04647,-2.63296,6.80511,-6.27252,,1.30128,-13.31262,,,,,,,,1.8949,-96.02926,,,,,,,,-0.83123,8.58329,,,,,,,,,,,,,,,,,,,,,,,,,,,,,,High,High,High,Estimated,Estimated,,,,,,,,,,,,,,,,,,,,,,,,,,,,,,,,,,,59.69869,-11.74743,-22.61911
180,2026-03-03,17:03:47.77,4,1,"Owens, Carter",811788,Right,MOR_EAG,"Moore, Lucas",806169,Left,LOU_CAR,Undefined,5,Bottom,2,0,0,ChangeUp,Changeup,StrikeCalled,Undefined,Undefined,Undefined,0,0,,83.16735,0.17229,-4.694091,2268.023581,249.979371,2:15,5.17986,2.80175,5.92152,-33.911,8.27201,17.56363,2.51436,-0.10033,73.10479,-6.220422,-1.552754,0.467455,,,,,,,,,,,,-10.68205,4.7261,-2.43444,50,5.17533,9.09971,-119.92181,-0.70682,-14.93452,31.80502,-25.5665,LOU_CAR,MOR_EAG,JimPatterson,D1,ACC,20260303-JimPatterson-1,db0139c0-174c-11f1-b6f1-3bca4f3249f3,80.63322,,,10.06256,,,,,,,4c216075-8757-4a7e-8832-fbd2b61f9361,2026-03-03,22:03:47.77,2026-03-03T17:03:47.7720000-05:00,2026-03-03T22:03:47.7720000Z,,v3,471341,471366,ea8a05dd47fb4949855474378ed738c7,"Sheridan, Caden",10091036,Right,MOR_EAG,91310645-a491-4b3d-a898-77c35b6eb753,54.56881,-121.12746,15.90251,5.18376,0.26234,-12.78325,-2.79012,9.66584,-7.46726,,,,,,,,,,,,,,,,,,,,,,,,,,,,,,,,,,,,,,,,,,,,,,,,,,,High,High,High,,,,,,,,,,,,,,,,,,,,,,,,,,,,,,,,,,,,,,,
181,2026-03-03,17:04:06.11,4,2,"Owens, Carter",811788,Right,MOR_EAG,"Moore, Lucas",806169,Left,LOU_CAR,Undefined,5,Bottom,2,0,1,Fastball,Four-Seam,BallCalled,Undefined,Undefined,Undefined,0,0,,89.75722,-1.235002,-5.25776,2514.812717,220.162015,1:15,5.41559,2.58534,5.41089,-16.55355,19.95993,15.58473,2.87402,-1.05568,79.67187,-4.427788,-2.503157,0.434909,,,,,,,,,,,,-9.5467,10.80225,-2.12717,50,5.29429,11.15516,-129.33173,-3.27417,-15.76018,33.34009,-14.34115,LOU_CAR,MOR_EAG,JimPatterson,D1,ACC,20260303-JimPatterson-1,e5e290a0-174c-11f1-b6f1-3bca4f3249f3,86.66746,,,10.08535,,,,,,,4c216075-8757-4a7e-8832-fbd2b61f9361,2026-03-03,22:04:06.11,2026-03-03T17:04:06.1180000-05:00,2026-03-03T22:04:06.1180000Z,,v3,471341,471366,ea8a05dd47fb4949855474378ed738c7,"Sheridan, Caden",10091036,Right,MOR_EAG,7d2574d3-b550-4568-8974-1234a09128b8,55.08085,-130.63495,16.67004,5.41132,-2.7136,-7.17057,-2.57525,11.7712,-7.88009,,,,,,,,,,,,,,,,,,,,,,,,,,,,,,,,,,,,,,,,,,,,,,,,,,,High,High,High,,,,,,,,,,,,,,,,,,,,,,,,,,,,,,,,,,,,,,,
182,2026-03-03,17:04:24.73,4,3,"Owens, Carter",811788,Right,MOR_EAG,"Moore, Lucas",806169,Left,LOU_CAR,Undefined,5,Bottom,2,1,1,Fastball,Four-Seam,InPlay,Undefined,FlyBall,Out,1,0,,89.98293,-0.881763,-4.027202,2472.488339,208.171616,1:00,5.49622,2.42519,5.30317,-17.24749,18.95836,9.39642,3.22906,-0.57858,80.29621,-4.178573,-2.365742,0.433073,98.22756,24.586924,26.875968,1605.562083,96.80791,42.81014,52.23234,320.59141,311.51217,29.281246,3.64867,-6.09382,10.18591,-2.06603,50,5.40426,8.71446,-129.96804,-2.54471,-10.18883,32.94987,-15.14324,LOU_CAR,MOR_EAG,JimPatterson,D1,ACC,20260303-JimPatterson-1,f0f816e0-174c-11f1-b6f1-3bca4f3249f3,87.03491,51.20692,,9.68672,,,,1.36036,3.2204,0.52219,4c216075-8757-4a7e-8832-fbd2b61f9361,2026-03-03,22:04:24.73,2026-03-03T17:04:24.7340000-05:00,2026-03-03T22:04:24.7340000Z,LineDrive,v3,471341,471366,ea8a05dd47fb4949855474378ed738c7,"Sheridan, Caden",10091036,Right,MOR_EAG,eb80121c-1115-468f-936e-15bcad6e934c,55.19208,-131.27775,16.47493,5.49344,-1.94279,-7.57162,-2.42046,9.11945,-5.09441,218.890708,1.35975,116.87275,-23.45325,6.84962,-1.89793,0.51553,-0.11892,0.01686,-0.00096,3.22051,59.94012,-20.70037,1.27323,-0.00449,-0.02408,-0.00265,0.00325,-0.00043,0.52168,59.23822,-5.99695,0.36007,-0.04459,0.08932,-0.04532,0.00965,-0.00075,,,,,,,,,,,,,,,,,,,,,,,High,High,High,High,High,,,,,,,,,,,,,,,,,,,,,,,,,,,,,,,,,,,,,
183,2026-03-03,17:06:44.36,1,1,"Stahl, Zane",835934,Right,LOU_CAR,"Sheridan, Caden",10091036,Right,MOR_EAG,Undefined,6,Top,0,0,0,Curveball,Curveball,StrikeCalled,Undefined,Undefined,Undefined,0,0,,77.13809,1.174802,-0.396099,2166.760799,13.060191,6:30,6.65968,1.03878,5.62008,-56.55779,-8.56123,-2.3715,3.04307,0.4715,70.20264,-9.16299,-0.820571,0.498628,,,,,,,,,,,,1.06724,-4.14248,-1.00348,50,6.72399,0.86567,-111.92428,0.40677,1.33457,22.8783,-37.35411,LOU_CAR,MOR_EAG,JimPatterson,D1,ACC,20260303-JimPatterson-1,443fab60-174d-11f1-b6f1-3bca4f3249f3,75.59236,,,6.93545,,,,,,,4c216075-8757-4a7e-8832-fbd2b61f9361,2026-03-03,22:06:44.36,2026-03-03T17:06:44.3690000-05:00,2026-03-03T22:06:44.3690000Z,,v3,471341,471366,ea8a05dd47fb4949855474378ed738c7,"Nugent, Jimmy",838635,Right,LOU_CAR,25fd3bc0-76d6-475e-82ec-d52c6e047e1b,54.87904,-112.91719,11.43915,6.67116,2.02793,-18.67705,-1.03979,0.80775,0.66729,,,,,,,,,,,,,,,,,,,,,,,,,,,,,,,,,,,,,,,,,,,,,,,,,,,High,High,High,,,,,,,,,,,,,,,,,,,,,,,,,,,,,,,,,,,,,,,
184,2026-03-03,17:07:01.77,1,2,"Stahl, Zane",835934,Right,LOU_CAR,"Sheridan, Caden",10091036,Right,MOR_EAG,Undefined,6,Top,0,0,1,Fastball,Four-Seam,BallCalled,Undefined,Undefined,Undefined,0,0,,91.15043,-4.83636,-2.721675,2068.352247,202.601951,12:45,6.5712,0.85227,6.32842,-16.92572,16.95399,6.52418,0.69145,-1.11223,82.22653,-8.073533,-1.542163,0.41893,,,,,,,,,,,,-4.31244,10.81253,-0.65666,50,6.20926,5.99695,-131.71827,-11.61482,-7.43771,32.74893,-13.52552,LOU_CAR,MOR_EAG,JimPatterson,D1,ACC,20260303-JimPatterson-1,4e9982c0-174d-11f1-b6f1-3bca4f3249f3,89.9732,,,8.9239,,,,,,,4c216075-8757-4a7e-8832-fbd2b61f9361,2026-03-03,22:07:01.77,2026-03-03T17:07:01.7760000-05:00,2026-03-03T22:07:01.7760000Z,,v3,471341,471366,ea8a05dd47fb4949855474378ed738c7,"Nugent, Jimmy",838635,Right,LOU_CAR,74acc52c-bf34-4fe6-9f3c-786b06993209,54.16876,-132.7507,16.37447,6.5687,-11.18842,-6.76276,-0.84941,6.23143,-3.71886,,,,,,,,,,,,,,,,,,,,,,,,,,,,,,,,,,,,,,,,,,,,,,,,,,,High,High,High,,,,,,,,,,,,,,,,,,,,,,,,,,,,,,,,,,,,,,,
185,2026-03-03,17:07:19.26,1,3,"Stahl, Zane",835934,Right,LOU_CAR,"Sheridan, Caden",10091036,Right,MOR_EAG,Undefined,6,Top,0,1,1,Fastball,Four-Seam,FoulBallNotFieldable,Undefined,Undefined,Undefined,0,0,,92.78558,-4.240193,-2.115385,2072.452407,207.357681,1:00,6.72836,0.7476,5.87707,-15.07568,18.13481,8.72937,1.52412,-0.49049,83.50142,-7.130192,-0.549691,0.414772,61.34578,49.535722,154.478622,4570.641942,-104.60777,47.31019,34.0169,157.43835,57.33086,163.749005,3.392218,-5.17756,11.05528,-0.58173,50,6.37643,4.56819,-134.12787,-10.38401,-9.25809,33.99881,-12.40584,LOU_CAR,MOR_EAG,JimPatterson,D1,ACC,20260303-JimPatterson-1,59075750-174d-11f1-b6f1-3bca4f3249f3,90.87515,53.2511,,9.28416,,,,2.04793,1.56707,0.42136,4c216075-8757-4a7e-8832-fbd2b61f9361,2026-03-03,22:07:19.26,2026-03-03T17:07:19.2600000-05:00,2026-03-03T22:07:19.2600000Z,Popup,v3,471341,471366,ea8a05dd47fb4949855474378ed738c7,"Nugent, Jimmy",838635,Right,LOU_CAR,65f9aaa9-06c3-41ce-8f90-0c18744e6245,54.61957,-135.29377,16.99941,6.72523,-9.95859,-6.20292,-0.74383,4.88567,-4.62905,322.126889,2.04844,-52.71375,0.74754,0.70244,0.154,-0.31808,0.15044,-0.03035,0.00226,1.56722,68.44933,-26.22214,3.00861,-0.60065,0.13705,-0.04732,0.01148,-0.00107,0.42166,25.14891,-7.53409,2.14156,-0.48615,0.12367,-0.04849,0.01278,-0.00125,,,,,,,,,,,,,,,,,,,,,,,High,High,High,High,Low,,,,,,,,,,,,,,,,,,,,,,,,,,,,,,,,,,,,,
186,2026-03-03,17:07:45.06,1,4,"Stahl, Zane",835934,Right,LOU_CAR,"Sheridan, Caden",10091036,Right,MOR_EAG,Undefined,6,Top,0,1,2,Fastball,Four-Seam,InPlay,Undefined,FlyBall,Out,1,0,,92.65591,-4.040776,-2.117548,2070.72954,202.592275,12:45,6.86764,0.66252,5.42916,-14.55375,19.06899,7.43154,1.86153,-0.7023,83.9087,-6.806484,-0.796045,0.417338,83.72804,38.967088,10.087947,3907.66816,106.84025,76.10241,26.17468,282.42101,279.03786,18.552279,5.025623,-4.39902,11.19957,-0.48015,50,6.49916,4.60827,-133.96601,-9.92228,-7.91092,31.76162,-12.03349,LOU_CAR,MOR_EAG,JimPatterson,D1,ACC,20260303-JimPatterson-1,685f6940-174d-11f1-b6f1-3bca4f3249f3,90.3163,89.39555,,8.74721,,,,1.66121,1.9508,0.70155,4c216075-8757-4a7e-8832-fbd2b61f9361,2026-03-03,22:07:45.06,2026-03-03T17:07:45.0600000-05:00,2026-03-03T22:07:45.0600000Z,FlyBall,v3,471341,471366,ea8a05dd47fb4949855474378ed738c7,"Nugent, Jimmy",838635,Right,LOU_CAR,6e9dbf82-d1b7-4b4d-9844-6b1b4b85b5aa,55.06801,-135.16223,15.88081,6.86433,-9.46907,-6.01674,-0.65932,4.90622,-3.95546,200.498425,1.66357,93.95723,-19.5095,4.57795,-0.86156,0.14554,-0.02337,0.00282,-0.00016,1.95183,77.19619,-19.23667,0.98564,0.19198,-0.17746,0.05192,-0.00698,0.00036,0.70126,16.72976,1.28238,-0.55892,0.15583,-0.03246,0.00453,-0.00038,1E-05,,,,,,,,,,,,,,,,,,,,,,,High,High,High,High,High,,,,,,,,,,,,,,,,,,,,,,,,,,,,,,,,,,,67.19858,8.27164,-8.57758
187,2026-03-03,17:08:19.35,2,1,"Stahl, Zane",835934,Right,LOU_CAR,"Kearns, Aubrey",10004985,Left,MOR_EAG,Undefined,6,Top,1,0,0,Fastball,Four-Seam,BallCalled,Undefined,Undefined,Undefined,0,0,,92.86247,-4.782165,-3.29246,2073.040794,213.633953,1:00,6.71599,0.75168,5.90108,-18.96977,13.69898,8.40374,0.6781,-1.60784,85.1336,-8.317924,-1.785932,0.411375,,,,,,,,,,,,-5.25362,8.6913,-0.49168,50,6.31923,7.36386,-134.26757,-11.8722,-9.5859,29.19988,-16.31563,LOU_CAR,MOR_EAG,JimPatterson,D1,ACC,20260303-JimPatterson-1,7ccee310-174d-11f1-b6f1-3bca4f3249f3,91.62554,,,7.72887,,,,,,,4c216075-8757-4a7e-8832-fbd2b61f9361,2026-03-03,22:08:19.35,2026-03-03T17:08:19.3530000-05:00,2026-03-03T22:08:19.3530000Z,,v3,471341,471366,ea8a05dd47fb4949855474378ed738c7,"Nugent, Jimmy",838635,Right,LOU_CAR,26813dd8-b0b7-4b7b-9719-d3efb8367258,54.59839,-135.26391,14.59994,6.71483,-11.31549,-8.15782,-0.74853,7.69094,-4.79295,,,,,,,,,,,,,,,,,,,,,,,,,,,,,,,,,,,,,,,,,,,,,,,,,,,High,High,High,,,,,,,,,,,,,,,,,,,,,,,,,,,,,,,,,,,,,,,
188,2026-03-03,17:08:39.19,2,2,"Stahl, Zane",835934,Right,LOU_CAR,"Kearns, Aubrey",10004985,Left,MOR_EAG,Undefined,6,Top,1,1,0,Curveball,Curveball,StrikeCalled,Undefined,Undefined,Undefined,0,0,,78.88654,1.373887,-0.155411,2272.670627,6.364137,6:15,6.68901,0.94291,5.50621,-56.6955,-10.78209,-1.37386,3.24952,0.68308,72.00641,-8.950542,-0.40083,0.487687,,,,,,,,,,,,0.64075,-5.31575,-0.92842,50,6.77115,0.36563,-114.49385,0.76327,0.8419,23.14076,-39.15863,LOU_CAR,MOR_EAG,JimPatterson,D1,ACC,20260303-JimPatterson-1,88ab89e0-174d-11f1-b6f1-3bca4f3249f3,77.2882,,,6.88012,,,,,,,4c216075-8757-4a7e-8832-fbd2b61f9361,2026-03-03,22:08:39.19,2026-03-03T17:08:39.1910000-05:00,2026-03-03T22:08:39.1910000Z,,v3,471341,471366,ea8a05dd47fb4949855474378ed738c7,"Nugent, Jimmy",838635,Right,LOU_CAR,c4430a5c-241a-47b9-bb32-f7ac7a26d277,54.99394,-115.49878,11.57038,6.70108,2.46382,-19.57931,-0.9435,0.32907,0.42095,,,,,,,,,,,,,,,,,,,,,,,,,,,,,,,,,,,,,,,,,,,,,,,,,,,High,High,High,,,,,,,,,,,,,,,,,,,,,,,,,,,,,,,,,,,,,,,
189,2026-03-03,17:09:00.34,2,3,"Stahl, Zane",835934,Right,LOU_CAR,"Kearns, Aubrey",10004985,Left,MOR_EAG,Undefined,6,Top,1,1,1,Fastball,Four-Seam,FoulBallNotFieldable,Undefined,Undefined,Undefined,0,0,,91.1302,-2.294018,-2.142117,1874.479059,199.306403,12:45,6.59025,1.04429,6.07357,-16.70072,16.95473,5.5404,3.07322,-0.47706,82.85786,-5.481077,-1.145069,0.417541,64.05133,82.758735,-164.02053,4652.935689,,,,,4.80183,,,-3.4976,9.7656,-0.8814,50,6.40366,4.71112,-132.17893,-5.78005,-6.14703,29.90705,-15.01102,LOU_CAR,MOR_EAG,JimPatterson,D1,ACC,20260303-JimPatterson-1,9557b5b0-174d-11f1-b6f1-3bca4f3249f3,90.27245,38.156,,8.27234,,,,1.3816,3.22624,0.37755,4c216075-8757-4a7e-8832-fbd2b61f9361,2026-03-03,22:09:00.34,2026-03-03T17:09:00.3470000-05:00,2026-03-03T22:09:00.3470000Z,,v3,471341,471366,ea8a05dd47fb4949855474378ed738c7,"Nugent, Jimmy",838635,Right,LOU_CAR,b681716d-bc07-46a9-9a10-6831dca74592,54.42424,-133.17621,14.95352,6.58806,-5.27949,-7.50551,-1.04192,4.9161,-3.07351,350.773477,1.388,-11.58778,-3.62019,,,,,,,3.23389,92.95247,-24.31676,,,,,,,0.38871,-3.61488,-7.27773,,,,,,,,,,,,,,,,,,,,,,,,,,,,,High,High,High,High,Undefined,,,,,,,,,,,,,,,,,,,,,,,,,,,,,,,,,,,,,
190,2026-03-03,17:09:32.56,2,4,"Stahl, Zane",835934,Right,LOU_CAR,"Kearns, Aubrey",10004985,Left,MOR_EAG,Undefined,6,Top,1,1,2,Splitter,Slider,StrikeSwinging,Strikeout,Undefined,Undefined,0,0,,86.46872,-2.562652,-1.237958,2300.222901,266.188998,2:45,6.52752,1.07738,5.71662,-36.62837,1.93811,6.72429,1.08579,0.48435,77.84652,-9.304368,-0.031712,0.446968,,,,,,,,,,,,-3.8376,2.34583,-0.978,50,6.29092,2.41569,-125.14559,-6.89751,-5.93399,31.13413,-28.54677,LOU_CAR,MOR_EAG,JimPatterson,D1,ACC,20260303-JimPatterson-1,a87b0070-174d-11f1-b6f1-3bca4f3249f3,84.32916,,,8.6222,,,,,,,4c216075-8757-4a7e-8832-fbd2b61f9361,2026-03-03,22:09:32.56,2026-03-03T17:09:32.5610000-05:00,2026-03-03T22:09:32.5610000Z,,v3,471341,471366,ea8a05dd47fb4949855474378ed738c7,"Nugent, Jimmy",838635,Right,LOU_CAR,cb804c2f-d28f-4ded-8f1b-dc15f574defd,54.77848,-126.3288,15.56707,6.53243,-5.81263,-14.27339,-1.07408,2.6412,-2.96699,,,,,,,,,,,,,,,,,,,,,,,,,,,,,54.72556,,,1.146094,,,,5.65244,4.94644,2.65213,66.16899,3.32675,58.61831,5.70256,58.26387,-4.83682,4.98582,15.00172,-14.38164,2.67693,52.0225,-2.81912,High,High,High,,,High,High,High,,,,,,,,,,,,,,,,,,,,,,,,,,,,,,,,,,
191,2026-03-03,17:10:07.07,3,1,"Stahl, Zane",835934,Right,LOU_CAR,"Germann, Davis",10326206,Right,MOR_EAG,Undefined,6,Top,2,0,0,Fastball,Four-Seam,BallCalled,Undefined,Undefined,Undefined,0,0,,92.92453,-4.015334,-3.11701,1962.077873,202.091626,12:45,6.6532,0.62987,5.96865,-16.09812,16.44741,6.23544,1.57727,-1.74328,84.84953,-7.060564,-1.998275,0.410598,,,,,,,,,,,,-4.05874,9.89359,-0.38603,50,6.32511,7.04367,-134.4499,-9.93252,-7.41395,29.7141,-14.10177,LOU_CAR,MOR_EAG,JimPatterson,D1,ACC,20260303-JimPatterson-1,bd5d3940-174d-11f1-b6f1-3bca4f3249f3,91.7988,,,8.07501,,,,,,,4c216075-8757-4a7e-8832-fbd2b61f9361,2026-03-03,22:10:07.07,2026-03-03T17:10:07.0740000-05:00,2026-03-03T22:10:07.0740000Z,,v3,471341,471366,ea8a05dd47fb4949855474378ed738c7,"Nugent, Jimmy",838635,Right,LOU_CAR,679db685-280f-4f16-b755-a6f7975369fe,54.52775,-135.44685,14.85705,6.65042,-9.45938,-7.05089,-0.62654,7.29242,-3.70698,,,,,,,,,,,,,,,,,,,,,,,,,,,,,,,,,,,,,,,,,,,,,,,,,,,High,High,High,,,,,,,,,,,,,,,,,,,,,,,,,,,,,,,,,,,,,,,
192,2026-03-03,17:10:26.93,3,2,"Stahl, Zane",835934,Right,LOU_CAR,"Germann, Davis",10326206,Right,MOR_EAG,Undefined,6,Top,2,1,0,Fastball,Four-Seam,StrikeSwinging,Undefined,Undefined,Undefined,0,0,,90.77236,-2.986815,-2.220665,1983.073967,202.333404,12:45,6.67256,0.62316,6.05154,-15.80115,18.46186,7.06874,2.58633,-0.84447,81.90982,-6.026302,-0.949092,0.421293,,,,,,,,,,,,-4.30516,10.78359,-0.45391,50,6.43134,4.78636,-131.42965,-7.28623,-7.42536,31.47944,-13.57494,LOU_CAR,MOR_EAG,JimPatterson,D1,ACC,20260303-JimPatterson-1,c8e57e80-174d-11f1-b6f1-3bca4f3249f3,89.4685,,,8.86253,,,,,,,4c216075-8757-4a7e-8832-fbd2b61f9361,2026-03-03,22:10:26.93,2026-03-03T17:10:26.9370000-05:00,2026-03-03T22:10:26.9370000Z,,v3,471341,471366,ea8a05dd47fb4949855474378ed738c7,"Nugent, Jimmy",838635,Right,LOU_CAR,9a5d0351-6896-4eae-b68c-4d9fadf6984d,54.44282,-132.4895,15.73972,6.66896,-6.82919,-6.78747,-0.61927,5.03636,-3.71268,,,,,,,,,,,,,,,,,,,,,,,,,,,,,,,,,,,,,,,,,,,,,,,,,,,High,High,High,,,,,,,,,,,,,,,,,,,,,,,,,,,,,,,,,,,,,,,
193,2026-03-03,17:10:45.59,3,3,"Stahl, Zane",835934,Right,LOU_CAR,"Germann, Davis",10326206,Right,MOR_EAG,Undefined,6,Top,2,1,1,Fastball,Four-Seam,BallCalled,Undefined,Undefined,Undefined,0,0,,91.90967,-3.248505,0.051564,2001.04085,203.011167,12:45,6.68867,0.80298,5.68263,-14.04296,19.73769,7.86882,2.48713,1.50677,83.15067,-5.94335,1.458553,0.418317,,,,,,,,,,,,-3.93662,11.3415,-0.81212,50,6.40618,-0.48397,-133.09595,-7.94418,-6.98318,31.52101,-12.0553,LOU_CAR,MOR_EAG,JimPatterson,D1,ACC,20260303-JimPatterson-1,d3f97e20-174d-11f1-b6f1-3bca4f3249f3,90.10499,,,8.759,,,,,,,4c216075-8757-4a7e-8832-fbd2b61f9361,2026-03-03,22:10:45.59,2026-03-03T17:10:45.5990000-05:00,2026-03-03T22:10:45.5990000Z,,v3,471341,471366,ea8a05dd47fb4949855474378ed738c7,"Nugent, Jimmy",838635,Right,LOU_CAR,3df60d4d-d358-4736-8672-c1ff03b0a3b6,54.81205,-134.23074,15.76051,6.68436,-7.51017,-6.02765,-0.79922,-0.23256,-3.49159,,,,,,,,,,,,,,,,,,,,,,,,,,,,,,,,,,,,,,,,,,,,,,,,,,,High,High,High,,,,,,,,,,,,,,,,,,,,,,,,,,,,,,,,,,,,,,,
194,2026-03-03,17:11:05.70,3,4,"Stahl, Zane",835934,Right,LOU_CAR,"Germann, Davis",10326206,Right,MOR_EAG,Undefined,6,Top,2,2,1,Curveball,Curveball,BallCalled,Undefined,Undefined,Undefined,0,0,,77.79924,2.772383,-0.973349,2205.396733,14.04916,6:30,6.70305,0.93709,5.72618,-58.41602,-11.38985,-3.25425,4.41957,-0.24074,70.60895,-7.930955,-1.555956,0.493562,,,,,,,,,,,,1.32622,-6.01945,-0.85394,50,6.89955,2.04459,-112.80766,3.49263,1.68696,22.98729,-39.83079,LOU_CAR,MOR_EAG,JimPatterson,D1,ACC,20260303-JimPatterson-1,e0060e90-174d-11f1-b6f1-3bca4f3249f3,76.36827,,,7.19029,,,,,,,4c216075-8757-4a7e-8832-fbd2b61f9361,2026-03-03,22:11:05.70,2026-03-03T17:11:05.7080000-05:00,2026-03-03T22:11:05.7080000Z,,v3,471341,471366,ea8a05dd47fb4949855474378ed738c7,"Nugent, Jimmy",838635,Right,LOU_CAR,6a92d386-8682-4ad7-83bb-dde836e97a6a,54.77329,-113.77618,11.49365,6.71704,5.1708,-19.91539,-0.93859,1.97351,0.84348,,,,,,,,,,,,,,,,,,,,,,,,,,,,,,,,,,,,,,,,,,,,,,,,,,,High,High,High,,,,,,,,,,,,,,,,,,,,,,,,,,,,,,,,,,,,,,,
195,2026-03-03,17:11:24.58,3,5,"Stahl, Zane",835934,Right,LOU_CAR,"Germann, Davis",10326206,Right,MOR_EAG,Undefined,6,Top,2,3,1,Fastball,Four-Seam,BallCalled,Walk,Undefined,Undefined,0,0,,90.23207,-5.319469,-3.062721,1900.564425,197.702833,12:30,6.68602,0.78865,6.03026,-15.34209,19.52804,5.82457,0.46006,-1.56496,81.75844,-8.249018,-2.016489,0.425009,,,,,,,,,,,,-3.9517,12.08855,-0.55223,50,6.26035,6.72167,-130.23047,-12.5539,-6.70446,30.43638,-11.66455,LOU_CAR,MOR_EAG,JimPatterson,D1,ACC,20260303-JimPatterson-1,eb37f670-174d-11f1-b6f1-3bca4f3249f3,88.6862,,,8.47363,,,,,,,4c216075-8757-4a7e-8832-fbd2b61f9361,2026-03-03,22:11:24.58,2026-03-03T17:11:24.5800000-05:00,2026-03-03T22:11:24.5800000Z,,v3,471341,471366,ea8a05dd47fb4949855474378ed738c7,"Nugent, Jimmy",838635,Right,LOU_CAR,920ee29c-a63c-44d0-9149-a9e62fa11ff0,54.46627,-131.27014,15.21819,6.68238,-12.15545,-5.83228,-0.78575,6.95069,-3.35223,,,,,,,,,,,,,,,,,,,,,,,,,,,,,,,,,,,,,,,,,,,,,,,,,,,High,High,High,,,,,,,,,,,,,,,,,,,,,,,,,,,,,,,,,,,,,,,
196,2026-03-03,17:12:07.03,4,1,"Stahl, Zane",835934,Right,LOU_CAR,"Kean, Alex",10148157,Left,MOR_EAG,Undefined,6,Top,2,0,0,ChangeUp,Changeup,BallCalled,Undefined,Undefined,Undefined,0,0,,84.96999,-0.980773,-0.395984,3099.631599,229.241492,1:45,6.69446,1.04442,5.72378,-29.9749,9.29178,9.21745,3.28293,1.44371,77.21608,-6.549975,1.254803,0.451007,,,,,,,,,,,,-4.76555,5.44548,-1.0169,50,6.5944,0.46147,-123.27004,-3.10654,-7.26563,26.59958,-23.87181,LOU_CAR,MOR_EAG,JimPatterson,D1,ACC,20260303-JimPatterson-1,04a24f70-174e-11f1-b6f1-3bca4f3249f3,83.57396,,,7.7539,,,,,,,4c216075-8757-4a7e-8832-fbd2b61f9361,2026-03-03,22:12:07.03,2026-03-03T17:12:07.0340000-05:00,2026-03-03T22:12:07.0340000Z,,v3,471341,471366,ea8a05dd47fb4949855474378ed738c7,"Nugent, Jimmy",838635,Right,LOU_CAR,64f7ee22-691c-447b-8a02-b7cbbb9a4131,54.77174,-124.29544,13.29979,6.69642,-2.1863,-11.93591,-1.04009,0.74156,-3.63282,,,,,,,,,,,,,,,,,,,,,,,,,,,,,,,,,,,,,,,,,,,,,,,,,,,High,High,High,,,,,,,,,,,,,,,,,,,,,,,,,,,,,,,,,,,,,,,
197,2026-03-03,17:12:43.06,4,2,"Stahl, Zane",835934,Right,LOU_CAR,"Kean, Alex",10148157,Left,MOR_EAG,Undefined,6,Top,2,1,0,Splitter,Splitter,BallCalled,Undefined,Undefined,Undefined,0,0,,83.99585,-0.273813,-0.726854,748.479108,236.609544,2:00,6.6494,0.85016,5.65208,-30.66612,9.63119,12.51237,3.83849,1.21491,76.23118,-5.973568,1.510274,0.456888,,,,,,,,,,,,-6.50044,5.40008,-0.79632,50,6.60709,1.01477,-121.85012,-1.60013,-9.68155,26.03827,-24.13136,LOU_CAR,MOR_EAG,JimPatterson,D1,ACC,20260303-JimPatterson-1,1a0c2ed0-174e-11f1-b6f1-3bca4f3249f3,82.49828,,,7.76467,,,,,,,4c216075-8757-4a7e-8832-fbd2b61f9361,2026-03-03,22:12:43.06,2026-03-03T17:12:43.0660000-05:00,2026-03-03T22:12:43.0660000Z,,v3,471341,471366,ea8a05dd47fb4949855474378ed738c7,"Nugent, Jimmy",838635,Right,LOU_CAR,d4e3e54f-c99d-4272-ab5f-c377e01692e1,54.84336,-122.88075,13.01914,6.65152,-0.64498,-12.06568,-0.84407,1.39798,-4.84077,,,,,,,,,,,,,,,,,,,,,,,,,,,,,,,,,,,,,,,,,,,,,,,,,,,High,High,High,,,,,,,,,,,,,,,,,,,,,,,,,,,,,,,,,,,,,,,
198,2026-03-03,17:13:04.19,4,3,"Stahl, Zane",835934,Right,LOU_CAR,"Kean, Alex",10148157,Left,MOR_EAG,Undefined,6,Top,2,2,0,Fastball,Four-Seam,StrikeCalled,Undefined,Undefined,Undefined,0,0,,90.21128,-3.426987,-2.002017,1958.784541,212.181294,1:00,6.67526,0.82254,6.31572,-20.53623,13.04331,7.59004,1.80167,-0.38973,83.45342,-7.272185,-0.628538,0.41707,,,,,,,,,,,,-4.4626,7.97012,-0.67953,50,6.41416,4.27834,-130.97544,-8.46675,-7.82336,25.27499,-18.20171,LOU_CAR,MOR_EAG,JimPatterson,D1,ACC,20260303-JimPatterson-1,26af0bd0-174e-11f1-b6f1-3bca4f3249f3,90.37442,,,6.75786,,,,,,,4c216075-8757-4a7e-8832-fbd2b61f9361,2026-03-03,22:13:04.19,2026-03-03T17:13:04.1990000-05:00,2026-03-03T22:13:04.1990000Z,,v3,471341,471366,ea8a05dd47fb4949855474378ed738c7,"Nugent, Jimmy",838635,Right,LOU_CAR,cafb079e-c23d-423c-94b5-00269e1af33d,54.18406,-131.78038,12.63749,6.67457,-7.88707,-9.10086,-0.81975,4.5275,-3.91168,,,,,,,,,,,,,,,,,,,,,,,,,,,,,,,,,,,,,,,,,,,,,,,,,,,High,High,High,,,,,,,,,,,,,,,,,,,,,,,,,,,,,,,,,,,,,,,
199,2026-03-03,17:13:43.01,4,4,"Stahl, Zane",835934,Right,LOU_CAR,"Kean, Alex",10148157,Left,MOR_EAG,Undefined,6,Top,2,2,1,Fastball,Four-Seam,FoulBallNotFieldable,Undefined,Undefined,Undefined,0,0,,90.91586,-3.805523,-1.94369,1936.427107,211.015994,1:00,6.68195,1.01555,6.17012,-16.87883,16.81206,9.42902,1.75329,0.00537,82.98368,-7.011609,-0.242615,0.417761,93.71163,33.405721,-41.123169,5183.419591,75.49212,59.90948,-80.00569,315.51781,181.20873,-58.210524,4.366138,-5.45898,10.1541,-0.87314,50,6.38468,4.08448,-131.76423,-9.25151,-9.55653,29.10669,-14.39824,LOU_CAR,MOR_EAG,JimPatterson,D1,ACC,20260303-JimPatterson-1,3db89170-174e-11f1-b6f1-3bca4f3249f3,90.22498,73.85149,,7.93218,,,,0.88258,1.6496,0.05825,4c216075-8757-4a7e-8832-fbd2b61f9361,2026-03-03,22:13:43.01,2026-03-03T17:13:43.0170000-05:00,2026-03-03T22:13:43.0170000Z,FlyBall,v3,471341,471366,ea8a05dd47fb4949855474378ed738c7,"Nugent, Jimmy",838635,Right,LOU_CAR,03ca93ab-9940-4694-9cc2-f3f459842954,54.32852,-132.71695,14.55334,6.67979,-8.78022,-7.19912,-1.01195,4.39729,-4.77827,127.241612,0.88314,86.4174,-22.32358,5.32155,-1.21655,0.27172,-0.05537,0.00719,-0.0004,1.64884,75.68944,-23.36295,2.54624,-0.57922,0.14411,-0.03123,0.0048,-0.00034,0.06109,-75.53357,3.59309,-0.35423,0.46808,-0.30727,0.09989,-0.01625,0.00106,,,,,,,,,,,,,,,,,,,,,,,High,High,High,High,Low,,,,,,,,,,,,,,,,,,,,,,,,,,,,,,,,,,,,,
200,2026-03-03,17:15:08.87,4,5,"Stahl, Zane",835934,Right,LOU_CAR,"Kean, Alex",10148157,Left,MOR_EAG,Undefined,6,Top,2,2,2,Curveball,Curveball,InPlay,Undefined,FlyBall,Out,1,0,,77.25327,0.852589,-0.894708,2080.732667,15.799206,6:30,6.7962,0.86958,5.21782,-57.65983,-9.17308,-3.06169,2.79302,-0.22688,70.53041,-9.589485,-1.438798,0.501168,91.95041,29.697432,9.750951,2255.063271,108.5907,56.24927,17.55119,361.72734,357.54563,6.735692,4.751633,1.25559,-4.4228,-0.78456,50,6.83126,1.87078,-112.06227,-0.34316,1.57722,22.55118,-37.72973,LOU_CAR,MOR_EAG,JimPatterson,D1,ACC,20260303-JimPatterson-1,70fa8430-174e-11f1-b6f1-3bca4f3249f3,75.20926,75.29568,,6.72285,,,,1.60632,2.86643,0.22885,4c216075-8757-4a7e-8832-fbd2b61f9361,2026-03-03,22:15:08.87,2026-03-03T17:15:08.8750000-05:00,2026-03-03T22:15:08.8750000Z,FlyBall,v3,471341,471366,ea8a05dd47fb4949855474378ed738c7,"Nugent, Jimmy",838635,Right,LOU_CAR,bcf0419a-b3fb-425a-be82-9fa6ed5887aa,55.28298,-113.12041,11.27559,6.80583,1.42718,-18.86486,-0.8706,1.79677,0.78861,174.735156,1.60688,115.44493,-19.22351,4.55048,-0.95753,0.19704,-0.03551,0.00428,-0.00023,2.86742,66.78398,-16.77749,0.49209,0.28297,-0.18753,0.05353,-0.00736,0.00039,0.22872,19.84425,-4.23093,0.79145,-0.17026,0.04579,-0.01124,0.0016,-9E-05,,,,,,,,,,,,,,,,,,,,,,,High,High,High,High,High,,,,,,,,,,,,,,,,,,,,,,,,,,,,,,,,,,,79.55285,17.46637,13.25212
201,2026-03-03,17:17:42.55,1,1,"Owens, Carter",811788,Right,MOR_EAG,"Campbell, Kyle",830777,Right,LOU_CAR,Undefined,6,Bottom,0,0,0,Fastball,Four-Seam,StrikeCalled,Undefined,Undefined,Undefined,0,0,,89.30826,-1.844295,-3.132266,2526.451604,213.693513,1:00,5.52034,2.3008,5.42436,-15.49914,20.93415,13.02516,2.49812,0.4495,79.98605,-4.832036,-0.81932,0.434431,,,,,,,,,,,,-7.52941,11.49119,-2.03183,50,5.34625,6.46053,-129.12017,-4.60224,-12.47202,31.60509,-13.13963,LOU_CAR,MOR_EAG,JimPatterson,D1,ACC,20260303-JimPatterson-1,cc94d570-174e-11f1-b6f1-3bca4f3249f3,86.7628,,,9.32221,,,,,,,4c216075-8757-4a7e-8832-fbd2b61f9361,2026-03-03,22:17:42.55,2026-03-03T17:17:42.5580000-05:00,2026-03-03T22:17:42.5580000Z,,v3,471341,471366,ea8a05dd47fb4949855474378ed738c7,"Sheridan, Caden",10091036,Right,MOR_EAG,58f6ed41-da21-42f9-9e52-c4c9069ddf06,55.06973,-130.3552,15.80254,5.51605,-4.08878,-6.56981,-2.29381,6.9479,-6.23601,,,,,,,,,,,,,,,,,,,,,,,,,,,,,,,,,,,,,,,,,,,,,,,,,,,High,High,High,,,,,,,,,,,,,,,,,,,,,,,,,,,,,,,,,,,,,,,
202,2026-03-03,17:17:57.05,1,2,"Owens, Carter",811788,Right,MOR_EAG,"Campbell, Kyle",830777,Right,LOU_CAR,Undefined,6,Bottom,0,0,1,Fastball,Four-Seam,BallCalled,Undefined,Undefined,Undefined,0,0,,89.64988,-0.733782,-4.771943,2566.07383,217.122054,1:15,5.48295,2.41453,5.51997,-20.04288,15.72316,10.95343,3.12422,-1.14467,81.04708,-4.507685,-2.830221,0.430434,,,,,,,,,,,,-6.9113,8.49902,-2.00555,50,5.40574,10.31429,-129.57913,-2.31763,-11.65543,29.13023,-17.8411,LOU_CAR,MOR_EAG,JimPatterson,D1,ACC,20260303-JimPatterson-1,d52e8640-174e-11f1-b6f1-3bca4f3249f3,87.56839,,,8.6028,,,,,,,4c216075-8757-4a7e-8832-fbd2b61f9361,2026-03-03,22:17:57.05,2026-03-03T17:17:57.0590000-05:00,2026-03-03T22:17:57.0590000Z,,v3,471341,471366,ea8a05dd47fb4949855474378ed738c7,"Sheridan, Caden",10091036,Right,MOR_EAG,8f4a42f9-186c-426b-83c8-d99155bab7da,54.97533,-130.69283,14.56512,5.48131,-1.63554,-8.92055,-2.4084,10.7599,-5.82772,,,,,,,,,,,,,,,,,,,,,,,,,,,,,,,,,,,,,,,,,,,,,,,,,,,High,High,High,,,,,,,,,,,,,,,,,,,,,,,,,,,,,,,,,,,,,,,
203,2026-03-03,17:18:13.89,1,3,"Owens, Carter",811788,Right,MOR_EAG,"Campbell, Kyle",830777,Right,LOU_CAR,Undefined,6,Bottom,0,1,1,Slider,Curveball,BallCalled,Undefined,Undefined,Undefined,0,0,,77.51119,-0.096112,-2.648267,2703.700175,72.7125,8:30,5.21958,2.56701,5.33362,-52.12826,-3.29807,-16.60505,0.78529,-1.30319,69.89392,-9.585314,-5.596164,0.502939,,,,,,,,,,,,7.36922,-1.08681,-2.31538,50,5.17382,5.84575,-112.13983,-1.95644,9.11341,25.72263,-33.51808,LOU_CAR,MOR_EAG,JimPatterson,D1,ACC,20260303-JimPatterson-1,df3b4f10-174e-11f1-b6f1-3bca4f3249f3,74.94431,,,7.61728,,,,,,,4c216075-8757-4a7e-8832-fbd2b61f9361,2026-03-03,22:18:13.89,2026-03-03T17:18:13.8940000-05:00,2026-03-03T22:18:13.8940000Z,,v3,471341,471366,ea8a05dd47fb4949855474378ed738c7,"Sheridan, Caden",10091036,Right,MOR_EAG,c3e03963-b484-424b-b6be-015f33dba8c3,55.16388,-113.31813,12.86132,5.22827,-0.42105,-16.75904,-2.5736,5.42829,4.5567,,,,,,,,,,,,,,,,,,,,,,,,,,,,,,,,,,,,,,,,,,,,,,,,,,,High,High,High,,,,,,,,,,,,,,,,,,,,,,,,,,,,,,,,,,,,,,,
204,2026-03-03,17:18:30.97,1,4,"Owens, Carter",811788,Right,MOR_EAG,"Campbell, Kyle",830777,Right,LOU_CAR,Undefined,6,Bottom,0,2,1,Fastball,Four-Seam,BallCalled,Undefined,Undefined,Undefined,0,0,,90.64496,0.477497,-2.293903,2513.704186,215.878524,1:15,5.45519,2.54929,5.26064,-17.36914,18.03718,12.10851,4.45675,1.40206,81.29218,-2.829312,-0.14857,0.428264,,,,,,,,,,,,-6.7039,9.18083,-2.34812,50,5.48669,4.66736,-131.19175,0.54045,-11.50417,31.73289,-16.41931,LOU_CAR,MOR_EAG,JimPatterson,D1,ACC,20260303-JimPatterson-1,e95e37f0-174e-11f1-b6f1-3bca4f3249f3,88.01212,,,9.35278,,,,,,,4c216075-8757-4a7e-8832-fbd2b61f9361,2026-03-03,22:18:30.97,2026-03-03T17:18:30.9780000-05:00,2026-03-03T22:18:30.9780000Z,,v3,471341,471366,ea8a05dd47fb4949855474378ed738c7,"Sheridan, Caden",10091036,Right,MOR_EAG,72f455bd-0c89-4dd8-b377-44efac49ab6d,55.23264,-132.45138,15.86644,5.4523,1.19221,-8.20965,-2.54246,5.12402,-5.75209,,,,,,,,,,,,,,,,,,,,,,,,,,,,,,,,,,,,,,,,,,,,,,,,,,,High,High,High,,,,,,,,,,,,,,,,,,,,,,,,,,,,,,,,,,,,,,,
205,2026-03-03,17:18:49.26,1,5,"Owens, Carter",811788,Right,MOR_EAG,"Campbell, Kyle",830777,Right,LOU_CAR,Undefined,6,Bottom,0,3,1,Fastball,Four-Seam,BallCalled,Walk,Undefined,Undefined,0,0,,89.76107,-0.293413,-2.54639,2468.021611,205.096425,12:45,5.30297,2.51393,5.68637,-17.12938,18.4406,8.0204,3.60177,0.80732,80.52585,-3.581803,-1.114605,0.429253,,,,,,,,,,,,-4.84374,9.78469,-2.30439,50,5.26772,5.41164,-129.96683,-1.16026,-8.14739,31.4554,-15.71574,LOU_CAR,MOR_EAG,JimPatterson,D1,ACC,20260303-JimPatterson-1,f43f40b0-174e-11f1-b6f1-3bca4f3249f3,87.80938,,,9.23522,,,,,,,4c216075-8757-4a7e-8832-fbd2b61f9361,2026-03-03,22:18:49.26,2026-03-03T17:18:49.2610000-05:00,2026-03-03T22:18:49.2610000Z,,v3,471341,471366,ea8a05dd47fb4949855474378ed738c7,"Sheridan, Caden",10091036,Right,MOR_EAG,4e47158c-9fcc-44e1-a48a-105e89f8e5e7,54.80658,-131.12499,15.7277,5.29979,-0.58162,-7.85787,-2.50917,5.71162,-4.0737,,,,,,,,,,,,,,,,,,,,,,,,,,,,,,,,,,,,,,,,,,,,,,,,,,,High,High,High,,,,,,,,,,,,,,,,,,,,,,,,,,,,,,,,,,,,,,,
206,2026-03-03,17:19:30.47,2,1,"Owens, Carter",811788,Right,MOR_EAG,"Davis, Tague",805538,Left,LOU_CAR,Undefined,6,Bottom,0,0,0,ChangeUp,Changeup,FoulBallNotFieldable,Undefined,Undefined,Undefined,0,0,,85.8684,0.455659,-3.740962,2307.024636,236.94923,2:00,5.24484,2.53423,5.59579,-28.65045,10.81808,14.18831,3.28365,0.21887,76.3351,-4.92257,-1.215565,0.452165,73.78874,65.062544,179.707437,6046.036525,,,,,40.81932,,,-8.54607,5.73886,-2.22274,50,5.26585,7.50643,-124.10195,0.04082,-12.95386,31.32919,-23.47527,LOU_CAR,MOR_EAG,JimPatterson,D1,ACC,20260303-JimPatterson-1,0cd6e060-174f-11f1-b6f1-3bca4f3249f3,83.35993,68.30296,,9.5333,,,,2.33249,3.56655,-0.28576,4c216075-8757-4a7e-8832-fbd2b61f9361,2026-03-03,22:19:30.47,2026-03-03T17:19:30.4750000-05:00,2026-03-03T22:19:30.4750000Z,,v3,471341,471366,ea8a05dd47fb4949855474378ed738c7,"Sheridan, Caden",10091036,Right,MOR_EAG,2120ba2a-3d39-4546-bdff-042e9e7ad392,54.89986,-125.3328,15.66459,5.24613,0.96311,-11.73764,-2.52765,8.01536,-6.47693,346.006178,2.33249,-45.62946,-2.53418,2.91652,-1.04143,0.30826,-0.08112,0.01803,-0.00221,3.56655,98.1335,-35.02617,5.44163,-1.08866,0.19231,-0.03314,0.00469,-0.00034,-0.28576,0.233,-6.06473,2.50752,-0.72199,0.18727,-0.04574,0.00948,-0.00112,,,,,,,,,,,,,,,,,,,,,,,High,High,High,High,Undefined,,,,,,,,,,,,,,,,,,,,,,,,,,,,,,,,,,,,,
207,2026-03-03,17:20:10.70,2,2,"Owens, Carter",811788,Right,MOR_EAG,"Davis, Tague",805538,Left,LOU_CAR,Undefined,6,Bottom,0,0,1,ChangeUp,Changeup,FoulBallNotFieldable,Undefined,Undefined,Undefined,0,0,,84.22486,-0.099068,-3.220112,2123.980834,256.116565,2:30,5.06462,2.70115,5.54728,-34.78691,5.09614,15.59335,2.07298,0.98824,77.24268,-6.489923,-0.442099,0.454533,66.7026,-53.124225,82.781836,,,,,2.63519,2.63519,13.731249,0.027741,-8.86079,2.92571,-2.43315,50,5.03275,6.24695,-122.20886,-1.41259,-13.41837,23.7806,-27.7435,LOU_CAR,MOR_EAG,JimPatterson,D1,ACC,20260303-JimPatterson-1,24d39fa0-174f-11f1-b6f1-3bca4f3249f3,82.92558,2.17866,,6.98218,,,,2.35452,2.17866,-0.99588,4c216075-8757-4a7e-8832-fbd2b61f9361,2026-03-03,22:20:10.70,2026-03-03T17:20:10.7050000-05:00,2026-03-03T22:20:10.7050000Z,GroundBall,v3,471341,471366,ea8a05dd47fb4949855474378ed738c7,"Sheridan, Caden",10091036,Right,MOR_EAG,13e8b3ed-6308-499f-84e8-88f0201554a0,54.95403,-123.16909,11.8903,5.06717,-0.29234,-13.87175,-2.69633,6.78877,-6.70918,,2.3544,7.40248,,,,,,,,2.1799,-78.53596,,,,,,,,-0.9968,58.44766,,,,,,,,,,,,,,,,,,,,,,,,,,,,,,High,High,High,Estimated,Estimated,,,,,,,,,,,,,,,,,,,,,,,,,,,,,,,,,,,77.48557,15.6374,8.40416
208,2026-03-03,17:20:38.70,2,3,"Owens, Carter",811788,Right,MOR_EAG,"Davis, Tague",805538,Left,LOU_CAR,Undefined,6,Bottom,0,0,2,ChangeUp,Changeup,FoulBallNotFieldable,Undefined,Undefined,Undefined,0,0,,85.06443,0.324668,-4.434273,2349.967364,263.246705,2:45,5.02075,2.71254,5.62445,-36.29301,2.88012,13.77387,2.30021,-0.28576,77.77562,-6.341921,-1.983044,0.45047,,,,,,,,,,,,-8.28115,1.69725,-2.34326,50,5.02495,8.99509,-123.234,-0.56402,-12.72687,24.63146,-29.56565,LOU_CAR,MOR_EAG,JimPatterson,D1,ACC,20260303-JimPatterson-1,3581cbb0-174f-11f1-b6f1-3bca4f3249f3,83.67364,,,7.28881,,,,,,,4c216075-8757-4a7e-8832-fbd2b61f9361,2026-03-03,22:20:38.70,2026-03-03T17:20:38.7020000-05:00,2026-03-03T22:20:38.7020000Z,,v3,471341,471366,ea8a05dd47fb4949855474378ed738c7,"Sheridan, Caden",10091036,Right,MOR_EAG,33f784b8-b360-4b32-adea-a4eb37ade27b,54.87629,-124.20483,12.31573,5.02422,0.60128,-14.78283,-2.70768,9.49671,-6.36343,,,,,,,,,,,,,,,,,,,,,,,,,,,,,,,,,,,,,,,,,,,,,,,,,,,High,High,High,,,,,,,,,,,,,,,,,,,,,,,,,,,,,,,,,,,,,,,
209,2026-03-03,17:21:02.49,2,4,"Owens, Carter",811788,Right,MOR_EAG,"Davis, Tague",805538,Left,LOU_CAR,Undefined,6,Bottom,0,0,2,Fastball,Four-Seam,BallCalled,Undefined,Undefined,Undefined,0,0,,90.3905,0.445313,-2.495187,2289.454088,215.045478,1:15,5.51404,2.52528,5.41209,-20.54139,14.73213,9.45752,4.21986,0.9743,81.43238,-3.422903,-0.81525,0.42746,,,,,,,,,,,,-5.48831,7.60937,-2.30993,50,5.53977,5.26098,-130.90919,0.32409,-9.41156,30.6794,-19.12519,LOU_CAR,MOR_EAG,JimPatterson,D1,ACC,20260303-JimPatterson-1,43c81f80-174f-11f1-b6f1-3bca4f3249f3,88.17765,,,8.95812,,,,,,,4c216075-8757-4a7e-8832-fbd2b61f9361,2026-03-03,22:21:02.49,2026-03-03T17:21:02.4980000-05:00,2026-03-03T22:21:02.4980000Z,,v3,471341,471366,ea8a05dd47fb4949855474378ed738c7,"Sheridan, Caden",10091036,Right,MOR_EAG,7799f93c-0002-49f6-94a7-104b2e67b67e,55.0827,-132.09499,15.3397,5.51296,1.0633,-9.5626,-2.5203,5.62475,-4.70578,,,,,,,,,,,,,,,,,,,,,,,,,,,,,,,,,,,,,,,,,,,,,,,,,,,High,High,High,,,,,,,,,,,,,,,,,,,,,,,,,,,,,,,,,,,,,,,
210,2026-03-03,17:21:23.21,2,5,"Owens, Carter",811788,Right,MOR_EAG,"Davis, Tague",805538,Left,LOU_CAR,Undefined,6,Bottom,0,1,2,Slider,Curveball,InPlay,Undefined,FlyBall,Out,1,0,,76.59255,1.718232,-1.177858,2507.88096,70.214997,8:15,5.03252,2.7355,5.00887,-55.38519,-4.13921,-17.60269,2.03974,0.15668,67.84021,-8.3942,-4.286536,0.51523,94.29282,46.412493,4.386523,5456.593473,109.95241,103.32566,-3.23471,314.62366,231.17335,-9.340514,5.961349,8.27067,-2.18776,-2.60726,50,5.15307,2.99438,-110.62562,1.38813,9.82048,27.41187,-34.77176,LOU_CAR,MOR_EAG,JimPatterson,D1,ACC,20260303-JimPatterson-1,501896c0-174f-11f1-b6f1-3bca4f3249f3,73.15651,131.16197,,8.75234,,,,2.64087,2.30187,-0.28144,4c216075-8757-4a7e-8832-fbd2b61f9361,2026-03-03,22:21:23.21,2026-03-03T17:21:23.2180000-05:00,2026-03-03T22:21:23.2180000Z,FlyBall,v3,471341,471366,ea8a05dd47fb4949855474378ed738c7,"Sheridan, Caden",10091036,Right,MOR_EAG,89cb2da1-07cd-44d9-af0e-7a74608e6c34,55.48725,-111.97705,13.70593,5.04238,3.10241,-17.38588,-2.74295,2.51022,4.91024,148.696857,2.65295,94.84123,-19.01249,3.59105,-0.07631,-0.18065,0.05017,-0.00571,0.00024,2.29056,100.34768,-24.24959,2.96628,-0.71346,0.12191,-0.00798,-0.00045,6E-05,-0.27077,7.09341,-8.89356,1.93064,0.04236,-0.14787,0.03875,-0.00431,0.00018,,,,,,,,,,,,,,,,,,,,,,,High,High,High,High,Low,,,,,,,,,,,,,,,,,,,,,,,,,,,,,,,,,,,79.05492,19.92131,21.89668
211,2026-03-03,17:22:20.68,3,1,"Owens, Carter",811788,Right,MOR_EAG,"Hot, Bayram",822496,Right,LOU_CAR,Undefined,6,Bottom,1,0,0,Curveball,Curveball,BallCalled,Undefined,Undefined,Undefined,0,0,,76.03604,1.749948,-3.271527,2652.626659,61.385475,8:00,5.1115,2.60105,5.46684,-56.6718,-6.39981,-15.07635,2.02981,-1.72046,68.76574,-8.588286,-5.947816,0.51031,,,,,,,,,,,,6.42634,-3.23236,-2.30256,50,5.22756,6.87353,-110.00105,1.48493,7.69736,23.59367,-36.04572,LOU_CAR,MOR_EAG,JimPatterson,D1,ACC,20260303-JimPatterson-1,72569c50-174f-11f1-b6f1-3bca4f3249f3,73.86178,,,7.27031,,,,,,,4c216075-8757-4a7e-8832-fbd2b61f9361,2026-03-03,22:22:20.68,2026-03-03T17:22:20.6800000-05:00,2026-03-03T22:22:20.6800000Z,,v3,471341,471366,ea8a05dd47fb4949855474378ed738c7,"Sheridan, Caden",10091036,Right,MOR_EAG,36239578-ab14-4996-aba0-25c8d8855364,55.03146,-111.07498,11.79684,5.12262,3.12566,-18.02286,-2.60745,6.52317,3.84868,,,,,,,,,,,,,,,,,,,,,,,,,,,,,,,,,,,,,,,,,,,,,,,,,,,High,High,High,,,,,,,,,,,,,,,,,,,,,,,,,,,,,,,,,,,,,,,
212,2026-03-03,17:22:40.05,3,2,"Owens, Carter",811788,Right,MOR_EAG,"Hot, Bayram",822496,Right,LOU_CAR,Undefined,6,Bottom,1,1,0,Fastball,Four-Seam,BallCalled,Undefined,Undefined,Undefined,0,0,,91.27793,0.370416,-3.976681,2379.550113,219.288715,1:15,5.41116,2.51372,5.1954,-16.5291,18.90249,14.31001,4.38301,-0.04042,81.02778,-2.802001,-1.450661,0.428417,,,,,,,,,,,,-8.39855,9.6143,-2.15538,50,5.43384,8.4457,-131.74062,0.34326,-14.40038,34.34083,-15.68908,LOU_CAR,MOR_EAG,JimPatterson,D1,ACC,20260303-JimPatterson-1,7de54a30-174f-11f1-b6f1-3bca4f3249f3,87.98076,,,10.25014,,,,,,,4c216075-8757-4a7e-8832-fbd2b61f9361,2026-03-03,22:22:40.05,2026-03-03T17:22:40.0500000-05:00,2026-03-03T22:22:40.0500000Z,,v3,471341,471366,ea8a05dd47fb4949855474378ed738c7,"Sheridan, Caden",10091036,Right,MOR_EAG,a0a9f25a-b722-44e2-b2c2-adc1618b5bfb,55.29616,-133.11401,17.17041,5.40757,0.97072,-7.84454,-2.50467,9.02161,-7.20019,,,,,,,,,,,,,,,,,,,,,,,,,,,,,,,,,,,,,,,,,,,,,,,,,,,High,High,High,,,,,,,,,,,,,,,,,,,,,,,,,,,,,,,,,,,,,,,
213,2026-03-03,17:23:00.33,3,3,"Owens, Carter",811788,Right,MOR_EAG,"Hot, Bayram",822496,Right,LOU_CAR,Undefined,6,Bottom,1,2,0,Fastball,Four-Seam,BallCalled,Undefined,Undefined,Undefined,0,0,,89.71196,-2.503212,-4.383913,2459.781762,213.653792,1:00,5.44181,2.43659,5.48764,-16.07194,20.00285,12.40111,1.75227,-0.63932,80.52291,-5.584376,-2.184371,0.432288,,,,,,,,,,,,-7.65426,11.2693,-2.0604,50,5.21139,9.36214,-129.52028,-6.14843,-12.78177,31.33089,-13.35555,LOU_CAR,MOR_EAG,JimPatterson,D1,ACC,20260303-JimPatterson-1,8a134550-174f-11f1-b6f1-3bca4f3249f3,87.19288,,,9.18905,,,,,,,4c216075-8757-4a7e-8832-fbd2b61f9361,2026-03-03,22:23:00.33,2026-03-03T17:23:00.3390000-05:00,2026-03-03T22:23:00.3390000Z,,v3,471341,471366,ea8a05dd47fb4949855474378ed738c7,"Sheridan, Caden",10091036,Right,MOR_EAG,4cff1277-190e-4690-83d8-2f107da15b9f,55.00763,-130.72601,15.66545,5.43812,-5.63446,-6.67778,-2.43015,9.85403,-6.39088,,,,,,,,,,,,,,,,,,,,,,,,,,,,,,,,,,,,,,,,,,,,,,,,,,,High,High,High,,,,,,,,,,,,,,,,,,,,,,,,,,,,,,,,,,,,,,,
214,2026-03-03,17:23:18.67,3,4,"Owens, Carter",811788,Right,MOR_EAG,"Hot, Bayram",822496,Right,LOU_CAR,Undefined,6,Bottom,1,3,0,Fastball,Four-Seam,BallCalled,Walk,Undefined,Undefined,0,0,,89.86279,-2.260193,-4.619114,2344.152416,212.010449,1:00,5.30847,2.37172,5.30837,-17.96843,18.17962,10.51823,1.68152,-1.09699,80.82242,-5.660658,-2.760967,0.432727,,,,,,,,,,,,-6.70532,10.18733,-1.95952,50,5.0902,9.9836,-129.68889,-5.70996,-11.25288,30.82504,-15.07768,LOU_CAR,MOR_EAG,JimPatterson,D1,ACC,20260303-JimPatterson-1,94daab90-174f-11f1-b6f1-3bca4f3249f3,87.10449,,,9.04037,,,,,,,4c216075-8757-4a7e-8832-fbd2b61f9361,2026-03-03,22:23:18.67,2026-03-03T17:23:18.6710000-05:00,2026-03-03T22:23:18.6710000Z,,v3,471341,471366,ea8a05dd47fb4949855474378ed738c7,"Sheridan, Caden",10091036,Right,MOR_EAG,faea0ee3-0780-4116-98e4-83390350aa8b,55.18625,-130.91578,15.41252,5.30552,-5.10985,-7.53884,-2.3658,10.43148,-5.62644,,,,,,,,,,,,,,,,,,,,,,,,,,,,,,,,,,,,,,,,,,,,,,,,,,,High,High,High,,,,,,,,,,,,,,,,,,,,,,,,,,,,,,,,,,,,,,,
215,2026-03-03,17:24:46.02,4,1,"Owens, Carter",811788,Right,MOR_EAG,"Crain, Griffin",830776,Left,LOU_CAR,Undefined,6,Bottom,1,0,0,Fastball,Four-Seam,StrikeCalled,Undefined,Undefined,Undefined,0,0,,87.83884,-0.942907,-4.14477,2406.547767,215.782154,1:15,5.56233,2.4084,5.4763,-21.14281,16.21001,10.72119,2.91572,-0.58336,79.28732,-4.92265,-2.242752,0.439879,,,,,,,,,,,,-6.64323,8.8289,-2.05123,50,5.46533,8.72243,-127.02194,-2.77799,-10.736,28.65166,-17.90583,LOU_CAR,MOR_EAG,JimPatterson,D1,ACC,20260303-JimPatterson-1,c8f39d60-174f-11f1-b6f1-3bca4f3249f3,85.68823,,,8.55151,,,,,,,4c216075-8757-4a7e-8832-fbd2b61f9361,2026-03-03,22:24:46.02,2026-03-03T17:24:46.0220000-05:00,2026-03-03T22:24:46.0220000Z,,v3,471341,471366,ea8a05dd47fb4949855474378ed738c7,"Sheridan, Caden",10091036,Right,MOR_EAG,b430e3a7-e3dc-47d8-929b-e7da3e26e022,55.01897,-128.14904,14.32583,5.56075,-2.07361,-8.95291,-2.40266,9.14476,-5.368,,,,,,,,,,,,,,,,,,,,,,,,,,,,,,,,,,,,,,,,,,,,,,,,,,,High,High,High,,,,,,,,,,,,,,,,,,,,,,,,,,,,,,,,,,,,,,,
216,2026-03-03,17:25:07.97,4,2,"Owens, Carter",811788,Right,MOR_EAG,"Crain, Griffin",830776,Left,LOU_CAR,Undefined,6,Bottom,1,0,1,Fastball,Four-Seam,InPlay,Undefined,LineDrive,Double,0,1,,88.54508,-1.10225,-3.829917,2446.239614,214.807517,1:15,5.40829,2.59975,5.30256,-16.82005,20.7332,13.35115,2.96942,0.11157,78.63564,-4.344429,-1.467494,0.441057,101.67608,13.300826,30.781131,2310.083813,92.19251,16.92841,60.00327,208.89849,168.36155,37.187392,1.872719,-8.0665,11.19343,-2.26161,50,5.29673,7.94811,-127.85349,-2.96308,-12.98581,33.09699,-14.1543,LOU_CAR,MOR_EAG,JimPatterson,D1,ACC,20260303-JimPatterson-1,d68e47e0-174f-11f1-b6f1-3bca4f3249f3,85.45925,16.92688,,9.90944,,,,1.84774,3.14545,-0.13551,4c216075-8757-4a7e-8832-fbd2b61f9361,2026-03-03,22:25:07.97,2026-03-03T17:25:07.9710000-05:00,2026-03-03T22:25:07.9710000Z,LineDrive,v3,471341,471366,ea8a05dd47fb4949855474378ed738c7,"Sheridan, Caden",10091036,Right,MOR_EAG,27b472e3-d3e3-4c11-bc18-1d4b527bbc0a,55.19242,-129.19063,16.5485,5.40489,-2.39124,-7.07715,-2.59332,8.47275,-6.49291,,1.84774,124.68095,-25.6298,4.53186,-0.93758,0.12257,0.01064,-0.00953,0.00147,3.14542,34.3108,-23.68861,3.25087,-0.43498,-0.18962,0.17693,-0.05831,0.00742,-0.13559,74.27539,-5.93935,1.42025,0.47164,-0.84626,0.51393,-0.15588,0.01929,,,,,,,,,,,,,,,,,,,,,,,High,High,High,High,Medium,,,,,,,,,,,,,,,,,,,,,,,,,,,,,,,,,,,68.26486,22.5671,21.23062
217,2026-03-03,17:25:57.39,5,1,"Owens, Carter",811788,Right,MOR_EAG,"Hisle, Jax",838632,Left,LOU_CAR,Undefined,6,Bottom,1,0,0,ChangeUp,Changeup,BallCalled,Undefined,Undefined,Undefined,0,0,,84.89499,-0.318423,-1.737231,2296.594066,265.063811,2:45,5.20215,2.79341,5.70286,-36.56069,3.21563,20.06962,1.85859,2.84666,76.43405,-7.086428,1.856227,0.453925,,,,,,,,,,,,-10.6706,2.2241,-2.65986,50,5.15327,2.86981,-123.03967,-1.95498,-16.02797,28.9995,-28.83332,LOU_CAR,MOR_EAG,JimPatterson,D1,ACC,20260303-JimPatterson-1,f37bad20-174f-11f1-b6f1-3bca4f3249f3,83.03678,,,8.46094,,,,,,,4c216075-8757-4a7e-8832-fbd2b61f9361,2026-03-03,22:25:57.39,2026-03-03T17:25:57.3960000-05:00,2026-03-03T22:25:57.3960000Z,,v3,471341,471366,ea8a05dd47fb4949855474378ed738c7,"Sheridan, Caden",10091036,Right,MOR_EAG,f6da5e7e-23ef-42b0-826b-5c5254004d96,54.79332,-124.16428,14.49975,5.20741,-0.83682,-14.41666,-2.78321,3.49138,-8.01399,,,,,,,,,,,,,,,,,,,,,,,,,,,,,,,,,,,,,,,,,,,,,,,,,,,High,High,High,,,,,,,,,,,,,,,,,,,,,,,,,,,,,,,,,,,,,,,
218,2026-03-03,17:26:16.65,5,2,"Owens, Carter",811788,Right,MOR_EAG,"Hisle, Jax",838632,Left,LOU_CAR,Undefined,6,Bottom,1,1,0,Fastball,Four-Seam,FoulBallNotFieldable,Undefined,Undefined,Undefined,0,0,,89.9262,-0.999171,-3.616125,2436.824177,209.790146,1:00,5.46092,2.52083,5.42056,-18.67025,17.05619,9.02654,2.96717,-0.11871,81.03785,-4.531659,-2.015024,0.430196,60.69639,56.006539,-124.682353,4718.818947,,,,,43.8941,,,-5.67386,9.25611,-2.20591,50,5.35957,7.80973,-130.10136,-2.87781,-9.59971,30.57261,-16.51346,LOU_CAR,MOR_EAG,JimPatterson,D1,ACC,20260303-JimPatterson-1,fefaf1b0-174f-11f1-b6f1-3bca4f3249f3,87.6169,50.00358,,8.88835,,,,0.35132,3.07427,0.08341,4c216075-8757-4a7e-8832-fbd2b61f9361,2026-03-03,22:26:16.65,2026-03-03T17:26:16.6520000-05:00,2026-03-03T22:26:16.6520000Z,,v3,471341,471366,ea8a05dd47fb4949855474378ed738c7,"Sheridan, Caden",10091036,Right,MOR_EAG,6ac2fee4-5cf7-4426-84b9-33763e38ebac,55.07561,-131.28866,15.28631,5.45888,-2.2365,-8.25673,-2.51644,8.18254,-4.79986,22.150846,0.35132,-28.32136,-3.19043,1.66029,-0.45233,0.11378,-0.02353,0.0056,-0.00086,3.07427,73.80762,-26.92527,3.12057,-0.61812,0.09905,-0.0153,0.00348,-0.00017,0.08341,-40.92816,3.0145,0.47959,-0.21183,0.07451,-0.01518,0.00421,-0.00081,,,,,,,,,,,,,,,,,,,,,,,High,High,High,High,Undefined,,,,,,,,,,,,,,,,,,,,,,,,,,,,,,,,,,,,,
219,2026-03-03,17:26:37.09,5,3,"Owens, Carter",811788,Right,MOR_EAG,"Hisle, Jax",838632,Left,LOU_CAR,Undefined,6,Bottom,1,1,1,Fastball,Four-Seam,FoulBallNotFieldable,Undefined,Undefined,Undefined,0,0,,89.69712,-1.925809,-2.854207,2414.134452,218.77528,1:15,5.38736,2.46733,5.61246,-17.7478,17.61607,13.18418,2.10799,0.89981,81.48575,-5.286186,-0.503274,0.428007,70.83169,20.040119,-158.694808,2167.164715,-103.41856,13.13163,-37.47772,149.89114,52.25124,-160.901923,1.780945,-7.52142,9.84564,-2.23207,50,5.21143,5.89851,-129.97588,-4.92868,-12.7931,28.69615,-15.42767,LOU_CAR,MOR_EAG,JimPatterson,D1,ACC,20260303-JimPatterson-1,0b2df5e0-1750-11f1-b6f1-3bca4f3249f3,88.06491,16.40064,,8.21137,,,,0.21948,2.08063,-0.92791,4c216075-8757-4a7e-8832-fbd2b61f9361,2026-03-03,22:26:37.09,2026-03-03T17:26:37.0940000-05:00,2026-03-03T22:26:37.0940000Z,LineDrive,v3,471341,471366,ea8a05dd47fb4949855474378ed738c7,"Sheridan, Caden",10091036,Right,MOR_EAG,26707048-697d-43c8-9c38-a1922a489d2c,54.88544,-131.05005,14.34807,5.38512,-4.35118,-7.71384,-2.46182,6.37739,-6.39655,31.862135,0.21948,-90.92629,6.75954,-0.3981,0.07695,0.02064,-0.01497,0.00531,-0.00084,2.08063,35.59956,-23.76188,2.33628,-0.46668,0.09869,-0.01619,0.00293,-0.00034,-0.92791,-35.46016,5.75878,-0.80481,0.16287,-0.01662,-0.00318,0.00204,-0.00036,,,,,,,,,,,,,,,,,,,,,,,High,High,High,High,Low,,,,,,,,,,,,,,,,,,,,,,,,,,,,,,,,,,,76.07081,8.55564,-1.83369
220,2026-03-03,17:26:59.12,5,4,"Owens, Carter",811788,Right,MOR_EAG,"Hisle, Jax",838632,Left,LOU_CAR,Undefined,6,Bottom,1,1,2,ChangeUp,Changeup,FoulBallNotFieldable,Undefined,Undefined,Undefined,0,0,,85.38005,-0.666673,-2.901473,2307.005626,265.121892,2:45,5.0564,2.73145,5.91545,-35.9875,2.55937,14.94745,1.4379,1.28199,77.87176,-7.317327,-0.217233,0.446854,,,,,,,,,,,,-8.52315,1.89213,-2.50727,50,4.98249,5.67438,-123.8703,-2.65611,-13.15498,26.27204,-29.25363,LOU_CAR,MOR_EAG,JimPatterson,D1,ACC,20260303-JimPatterson-1,18451880-1750-11f1-b6f1-3bca4f3249f3,84.35065,,,7.50829,,,,,,,4c216075-8757-4a7e-8832-fbd2b61f9361,2026-03-03,22:26:59.12,2026-03-03T17:26:59.1210000-05:00,2026-03-03T22:26:59.1210000Z,,v3,471341,471366,ea8a05dd47fb4949855474378ed738c7,"Sheridan, Caden",10091036,Right,MOR_EAG,d16c2ce5-a593-4697-a32a-2fbe6af171bd,54.58383,-124.83871,13.13602,5.06053,-1.5778,-14.62681,-2.72537,6.15928,-6.57749,,,,,,,,,,,,,,,,,,,,,,,,,,,,,,,,,,,,,,,,,,,,,,,,,,,High,High,High,,,,,,,,,,,,,,,,,,,,,,,,,,,,,,,,,,,,,,,
221,2026-03-03,17:27:25.55,5,5,"Owens, Carter",811788,Right,MOR_EAG,"Hisle, Jax",838632,Left,LOU_CAR,Undefined,6,Bottom,1,1,2,Curveball,Curveball,FoulBallNotFieldable,Undefined,Undefined,Undefined,0,0,,76.15335,1.738109,-1.888002,2581.850857,49.126569,7:45,5.22044,2.63076,5.33562,-59.61322,-9.61229,-13.13166,1.88474,-0.23549,69.18101,-9.094056,-4.220947,0.508933,97.2463,-3.856409,52.87144,,,,,30.3185,26.50876,49.978396,0.203438,5.98882,-4.9428,-2.45039,50,5.33436,4.14372,-110.35912,1.33569,7.25425,22.90337,-38.16124,LOU_CAR,MOR_EAG,JimPatterson,D1,ACC,20260303-JimPatterson-1,280b5590-1750-11f1-b6f1-3bca4f3249f3,74.06174,1.95308,,6.97234,,,,2.00842,1.95308,0.11771,4c216075-8757-4a7e-8832-fbd2b61f9361,2026-03-03,22:27:25.55,2026-03-03T17:27:25.5560000-05:00,2026-03-03T22:27:25.5560000Z,GroundBall,v3,471341,471366,ea8a05dd47fb4949855474378ed738c7,"Sheridan, Caden",10091036,Right,MOR_EAG,aa75191d-e3a2-42be-ba48-6559d67aa1d6,55.16528,-111.42595,11.45169,5.23075,3.11321,-19.08062,-2.63553,3.80582,3.62712,180,2.00614,85.96553,,,,,,,,1.95334,-9.60037,,,,,,,,0.1147,113.54911,,,,,,,,,,,,,,,,,,,,,,,,,,,,,,High,High,High,Low,Low,,,,,,,,,,,,,,,,,,,,,,,,,,,,,,,,,,,79.91731,19.20058,25.38142
222,2026-03-03,17:27:49.10,5,6,"Owens, Carter",811788,Right,MOR_EAG,"Hisle, Jax",838632,Left,LOU_CAR,Undefined,6,Bottom,1,1,2,ChangeUp,Changeup,BallCalled,Undefined,Undefined,Undefined,0,0,,85.11802,0.185646,-2.469186,2348.579365,266.449432,3:00,5.0616,2.77774,5.71406,-36.91376,2.43095,16.6495,2.15856,1.86351,76.97,-6.6379,0.509599,0.451455,,,,,,,,,,,,-9.16922,1.63374,-2.58118,50,5.05472,4.6101,-123.38497,-0.88996,-13.94113,27.69237,-29.69009,LOU_CAR,MOR_EAG,JimPatterson,D1,ACC,20260303-JimPatterson-1,360fbe60-1750-11f1-b6f1-3bca4f3249f3,83.49099,,,8.14802,,,,,,,4c216075-8757-4a7e-8832-fbd2b61f9361,2026-03-03,22:27:49.10,2026-03-03T17:27:49.1090000-05:00,2026-03-03T22:27:49.1090000Z,,v3,471341,471366,ea8a05dd47fb4949855474378ed738c7,"Sheridan, Caden",10091036,Right,MOR_EAG,1f25e803-2c8e-4cdc-8427-d7d0260c3829,54.78291,-124.45381,13.84618,5.06696,0.25598,-14.84504,-2.76949,5.14818,-6.97056,,,,,,,,,,,,,,,,,,,,,,,,,,,,,,,,,,,,,,,,,,,,,,,,,,,High,High,High,,,,,,,,,,,,,,,,,,,,,,,,,,,,,,,,,,,,,,,
223,2026-03-03,17:28:10.61,5,7,"Owens, Carter",811788,Right,MOR_EAG,"Hisle, Jax",838632,Left,LOU_CAR,Undefined,6,Bottom,1,2,2,Fastball,Four-Seam,FoulBallNotFieldable,Undefined,Undefined,Undefined,0,0,,91.50971,-1.781789,-4.101649,2485.47027,209.143197,1:00,5.38621,2.3394,5.52873,-13.22292,21.75186,11.31977,2.61383,-0.55816,81.09707,-4.382989,-2.091796,0.425646,71.51707,40.548895,-159.521241,3184.708965,-102.69964,46.37243,-39.40424,188.69073,75.69033,-159.60751,3.015894,-7.185,12.00024,-1.99018,50,5.22286,8.94063,-132.06167,-4.45694,-12.31587,35.824,-11.60436,LOU_CAR,MOR_EAG,JimPatterson,D1,ACC,20260303-JimPatterson-1,42da6eb0-1750-11f1-b6f1-3bca4f3249f3,88.55341,46.84532,,10.41264,,,,1.00635,2.75728,0.48943,4c216075-8757-4a7e-8832-fbd2b61f9361,2026-03-03,22:28:10.61,2026-03-03T17:28:10.6160000-05:00,2026-03-03T22:28:10.6160000Z,FlyBall,v3,471341,471366,ea8a05dd47fb4949855474378ed738c7,"Sheridan, Caden",10091036,Right,MOR_EAG,4c923a26-6eaa-461f-9dc6-d27d9f6dba6b,54.96498,-133.40171,17.912,5.38145,-4.02287,-5.80218,-2.33323,9.40132,-6.15793,352.732748,1.00641,-74.66949,4.64668,0.27407,0.14992,-0.26773,0.14763,-0.03584,0.00324,2.75727,68.18928,-30.7667,4.05152,-0.58889,-0.02718,0.0377,-0.00642,0.00029,0.48943,-27.88587,0.37063,0.80152,0.03193,-0.19219,0.10392,-0.02415,0.00211,,,,,,,,,,,,,,,,,,,,,,,High,High,High,High,Medium,,,,,,,,,,,,,,,,,,,,,,,,,,,,,,,,,,,78.89879,26.96116,28.29018
224,2026-03-03,17:28:44.83,5,8,"Owens, Carter",811788,Right,MOR_EAG,"Hisle, Jax",838632,Left,LOU_CAR,Undefined,6,Bottom,1,2,2,Fastball,Four-Seam,StrikeCalled,Strikeout,Undefined,Undefined,0,0,,91.9482,-2.607243,-4.167138,2451.523703,214.447241,1:15,5.37431,2.44664,5.38033,-12.31729,21.48304,13.98973,1.89564,-0.30077,84.0249,-4.970622,-1.689767,0.418439,,,,,,,,,,,,-8.1004,11.78363,-2.0832,50,5.13187,9.03665,-133.04975,-6.4243,-14.57126,27.60682,-10.97723,LOU_CAR,MOR_EAG,JimPatterson,D1,ACC,20260303-JimPatterson-1,57509f40-1750-11f1-b6f1-3bca4f3249f3,90.07874,,,7.92331,,,,,,,4c216075-8757-4a7e-8832-fbd2b61f9361,2026-03-03,22:28:44.83,2026-03-03T17:28:44.8300000-05:00,2026-03-03T22:28:44.8300000Z,,v3,471341,471366,ea8a05dd47fb4949855474378ed738c7,"Sheridan, Caden",10091036,Right,MOR_EAG,5fb72745-7818-426c-b929-b5bcfc25dc8b,55.11774,-134.10744,13.80341,5.36994,-6.00374,-5.48862,-2.44011,9.59492,-7.28563,,,,,,,,,,,,,,,,,,,,,,,,,,,,,,,,,,,,,,,,,,,,,,,,,,,High,High,High,,,,,,,,,,,,,,,,,,,,,,,,,,,,,,,,,,,,,,,
225,2026-03-03,17:32:11.69,6,1,"Costa, Devin",10130954,Right,MOR_EAG,"Nugent, Jimmy",838635,Right,LOU_CAR,Undefined,6,Bottom,2,0,0,Slider,Curveball,StrikeSwinging,Undefined,Undefined,Undefined,0,0,,64.52706,6.756051,-4.146673,2345.094444,137.917595,10:30,1.61024,3.82457,5.15224,-61.4509,9.12804,-6.22067,2.89583,-0.60429,58.38495,-4.458178,-5.236149,0.604657,,,,,,,,,,,,1.86795,3.27217,-3.43142,50,2.19959,6.93245,-92.67583,9.29578,1.61923,14.27619,-29.33759,LOU_CAR,MOR_EAG,JimPatterson,D1,ACC,20260303-JimPatterson-1,d2a669e0-1750-11f1-b6f1-3bca4f3249f3,62.33691,,,6.14211,,,,,,,4c216075-8757-4a7e-8832-fbd2b61f9361,2026-03-03,22:32:11.69,2026-03-03T17:32:11.6910000-05:00,2026-03-03T22:32:11.6910000Z,,v3,471341,471366,ea8a05dd47fb4949855474378ed738c7,"Sheridan, Caden",10091036,Right,MOR_EAG,1039896a-70b0-4993-8fe6-c4a7e18cfbef,55.34286,-93.49525,7.1381,1.61771,10.97968,-14.6688,-3.82666,6.83951,0.80962,,,,,,,,,,,,,,,,,,,,,,,,,,,,,,,,,,,,,,,,,,,,,,,,,,,High,High,High,,,,,,,,,,,,,,,,,,,,,,,,,,,,,,,,,,,,,,,
226,2026-03-03,17:32:52.91,6,2,"Costa, Devin",10130954,Right,MOR_EAG,"Nugent, Jimmy",838635,Right,LOU_CAR,Undefined,6,Bottom,2,0,1,Slider,Curveball,InPlay,Undefined,FlyBall,Out,1,0,,64.22222,6.532315,-4.452115,2403.601455,133.486882,10:30,1.44867,3.97026,5.12423,-61.06956,10.09595,-8.33351,2.5577,-0.92602,58.31342,-4.598421,-5.909782,0.607164,84.70303,47.390154,20.723307,4241.832486,98.33542,101.7184,49.29568,268.94842,133.00173,32.007865,5.567522,2.89662,3.7361,-3.54422,50,2.01965,7.46033,-92.28888,8.91893,2.49293,14.00531,-28.95862,LOU_CAR,MOR_EAG,JimPatterson,D1,ACC,20260303-JimPatterson-1,eb3704b0-1750-11f1-b6f1-3bca4f3249f3,62.07949,114.83895,,5.9088,,,,2.23072,2.68798,0.84188,4c216075-8757-4a7e-8832-fbd2b61f9361,2026-03-03,22:32:52.91,2026-03-03T17:32:52.9100000-05:00,2026-03-03T22:32:52.9100000Z,FlyBall,v3,471341,471366,ea8a05dd47fb4949855474378ed738c7,"Sheridan, Caden",10091036,Right,MOR_EAG,944fb3c2-4e2c-44c5-a66f-4db453a5fcf0,55.3737,-93.1008,7.00266,1.45394,10.59772,-14.47931,-3.97252,7.31581,1.24647,202.739738,2.23724,78.52207,-18.45992,3.79095,-0.08513,-0.21302,0.06247,-0.00752,0.00034,2.68193,91.53559,-22.34882,2.41259,-0.63462,0.13299,-0.01381,0.00027,3E-05,0.84139,29.77494,-0.46952,-0.16911,-0.02467,0.03859,-0.01131,0.00142,-7E-05,,,,,,,,,,,,,,,,,,,,,,,High,High,High,High,Low,,,,,,,,,,,,,,,,,,,,,,,,,,,,,,,,,,,74.03044,16.28128,-14.27474
227,2026-03-03,17:35:45.06,1,1,"Schlageter, TJ",822710,Left,LOU_CAR,"Dutton, JJ",1000279097,Right,MOR_EAG,Undefined,7,Top,0,0,0,Fastball,Four-Seam,FoulBallNotFieldable,Undefined,Undefined,Undefined,0,0,,88.40175,-2.504944,3.150121,1973.400057,154.357317,11:15,6.41616,-1.56733,6.01341,-17.28745,18.40139,-8.28122,2.65007,0.66365,80.86284,-5.790211,1.663385,0.429969,65.81708,24.9575,157.843054,2804.686907,-104.19694,16.86734,35.25481,147.51078,52.09601,162.540473,2.049937,5.1576,10.52682,1.32464,50,6.20989,-6.71883,-128.1764,-6.10782,8.58059,26.48533,-14.66086,LOU_CAR,MOR_EAG,JimPatterson,D1,ACC,20260303-JimPatterson-1,51b740b0-1751-11f1-b6f1-3bca4f3249f3,87.66307,21.36848,,7.5389,,,,1.52068,2.71618,-0.65274,4c216075-8757-4a7e-8832-fbd2b61f9361,2026-03-03,22:35:45.06,2026-03-03T17:35:45.0630000-05:00,2026-03-03T22:35:45.0630000Z,LineDrive,v3,471341,471366,ea8a05dd47fb4949855474378ed738c7,"Nugent, Jimmy",838635,Right,LOU_CAR,cf12a97d-9a3b-4a3b-91a0-3aa9e58f6e12,54.48568,-129.09996,13.24267,6.41395,-5.59658,-7.33043,1.56415,-7.01804,4.2903,320.374183,1.52073,-81.05861,5.16723,0.05539,0.42524,-0.50843,0.34197,-0.11333,0.01441,2.71619,40.73065,-24.08309,2.31564,-0.41241,0.06866,-0.002,0.00117,-0.0006,-0.65277,33.00914,-6.55756,0.93883,-0.45998,0.36512,-0.22388,0.07355,-0.00947,,,,,,,,,,,,,,,,,,,,,,,High,High,High,High,Low,,,,,,,,,,,,,,,,,,,,,,,,,,,,,,,,,,,74.36708,10.44902,-12.55777
228,2026-03-03,17:36:03.25,1,2,"Schlageter, TJ",822710,Left,LOU_CAR,"Dutton, JJ",1000279097,Right,MOR_EAG,Undefined,7,Top,0,0,1,ChangeUp,Changeup,BallCalled,Undefined,Undefined,Undefined,0,0,,76.64007,0.267775,1.721932,1725.853022,137.078532,10:30,6.19529,-1.91488,6.09337,-35.29589,13.06993,-10.3902,3.50177,-1.18752,68.5622,-6.39993,-0.149974,0.500542,,,,,,,,,,,,5.88532,7.20304,1.78717,50,6.19788,-2.94761,-111.01615,-0.45108,7.15952,24.54776,-23.41155,LOU_CAR,MOR_EAG,JimPatterson,D1,ACC,20260303-JimPatterson-1,5ca5b6f0-1751-11f1-b6f1-3bca4f3249f3,75.30321,,,8.07787,,,,,,,4c216075-8757-4a7e-8832-fbd2b61f9361,2026-03-03,22:36:03.25,2026-03-03T17:36:03.2520000-05:00,2026-03-03T22:36:03.2520000Z,,v3,471341,471366,ea8a05dd47fb4949855474378ed738c7,"Nugent, Jimmy",838635,Right,LOU_CAR,26229888-b2b7-4e33-9b30-7fc26b8994d3,54.39857,-111.98453,12.27388,6.19746,0.47248,-11.70577,1.90902,-3.23005,3.57976,,,,,,,,,,,,,,,,,,,,,,,,,,,,,,,,,,,,,,,,,,,,,,,,,,,High,High,High,,,,,,,,,,,,,,,,,,,,,,,,,,,,,,,,,,,,,,,
229,2026-03-03,17:36:22.07,1,3,"Schlageter, TJ",822710,Left,LOU_CAR,"Dutton, JJ",1000279097,Right,MOR_EAG,Undefined,7,Top,0,1,1,ChangeUp,Changeup,BallCalled,Undefined,Undefined,Undefined,0,0,,76.67855,0.959361,1.904899,1655.746929,105.221132,9:30,6.1813,-1.87298,6.22882,-42.58699,5.37114,-13.00816,3.51807,-1.19888,68.82353,-7.027837,-0.445088,0.498428,,,,,,,,,,,,7.31689,3.03961,1.73647,50,6.2327,-3.21971,-111.14438,0.64592,8.93793,24.27376,-28.46101,LOU_CAR,MOR_EAG,JimPatterson,D1,ACC,20260303-JimPatterson-1,67db6f60-1751-11f1-b6f1-3bca4f3249f3,75.62262,,,7.85502,,,,,,,4c216075-8757-4a7e-8832-fbd2b61f9361,2026-03-03,22:36:22.07,2026-03-03T17:36:22.0740000-05:00,2026-03-03T22:36:22.0740000Z,,v3,471341,471366,ea8a05dd47fb4949855474378ed738c7,"Nugent, Jimmy",838635,Right,LOU_CAR,57a69fc3-338b-4106-a473-97f9f12b7be6,54.26554,-112.07209,12.13688,6.18722,1.73366,-14.23051,1.86605,-3.56131,4.46896,,,,,,,,,,,,,,,,,,,,,,,,,,,,,,,,,,,,,,,,,,,,,,,,,,,High,High,High,,,,,,,,,,,,,,,,,,,,,,,,,,,,,,,,,,,,,,,
230,2026-03-03,17:36:40.48,1,4,"Schlageter, TJ",822710,Left,LOU_CAR,"Dutton, JJ",1000279097,Right,MOR_EAG,Undefined,7,Top,0,2,1,Fastball,Four-Seam,StrikeSwinging,Undefined,Undefined,Undefined,0,0,,85.70071,-2.033539,1.979273,2143.182186,148.977942,11:00,6.41488,-1.64341,6.01517,-20.29883,18.18584,-10.0819,2.83766,-0.64938,77.25477,-5.909493,0.166151,0.446494,,,,,,,,,,,,5.78071,10.39823,1.49341,50,6.24429,-3.87449,-124.17506,-4.97057,8.88367,28.52055,-16.19428,LOU_CAR,MOR_EAG,JimPatterson,D1,ACC,20260303-JimPatterson-1,72cb9350-1751-11f1-b6f1-3bca4f3249f3,84.41876,,,8.44595,,,,,,,4c216075-8757-4a7e-8832-fbd2b61f9361,2026-03-03,22:36:40.48,2026-03-03T17:36:40.4850000-05:00,2026-03-03T22:36:40.4850000Z,,v3,471341,471366,ea8a05dd47fb4949855474378ed738c7,"Nugent, Jimmy",838635,Right,LOU_CAR,ea35fc21-5ee6-4941-8790-5192bac9ac65,54.47949,-125.19969,14.26027,6.41241,-4.38878,-8.09714,1.63834,-4.19364,4.44183,,,,,,,,,,,,,,,,,,,,,,,,,,,,,,,,,,,,,,,,,,,,,,,,,,,High,High,High,,,,,,,,,,,,,,,,,,,,,,,,,,,,,,,,,,,,,,,
231,2026-03-03,17:37:03.34,1,5,"Schlageter, TJ",822710,Left,LOU_CAR,"Dutton, JJ",1000279097,Right,MOR_EAG,Undefined,7,Top,0,2,2,Fastball,Four-Seam,BallCalled,Undefined,Undefined,Undefined,0,0,,88.43134,-4.069548,2.352836,2221.023044,157.110969,11:15,6.52303,-1.62812,6.05501,-16.40312,20.03135,-7.85351,1.37966,-0.10349,79.36082,-7.232456,0.940026,0.434438,,,,,,,,,,,,4.84146,12.10784,1.44934,50,6.19739,-4.92372,-127.81854,-9.52562,7.83452,31.71046,-12.58088,LOU_CAR,MOR_EAG,JimPatterson,D1,ACC,20260303-JimPatterson-1,80646910-1751-11f1-b6f1-3bca4f3249f3,86.76142,,,9.07053,,,,,,,4c216075-8757-4a7e-8832-fbd2b61f9361,2026-03-03,22:37:03.34,2026-03-03T17:37:03.3430000-05:00,2026-03-03T22:37:03.3430000Z,,v3,471341,471366,ea8a05dd47fb4949855474378ed738c7,"Nugent, Jimmy",838635,Right,LOU_CAR,dd80ed71-822a-40ce-83f3-d43bf360f67c,54.44029,-128.91543,15.85523,6.51935,-9.09044,-6.29044,1.62434,-5.19472,3.91726,,,,,,,,,,,,,,,,,,,,,,,,,,,,,,,,,,,,,,,,,,,,,,,,,,,High,High,High,,,,,,,,,,,,,,,,,,,,,,,,,,,,,,,,,,,,,,,
232,2026-03-03,17:37:32.46,1,6,"Schlageter, TJ",822710,Left,LOU_CAR,"Dutton, JJ",1000279097,Right,MOR_EAG,Undefined,7,Top,0,3,2,Fastball,Four-Seam,FoulBallNotFieldable,Undefined,Undefined,Undefined,0,0,,87.99774,-3.037894,2.425383,2169.899602,148.580434,11:00,6.39631,-1.37897,5.98935,-18.87721,17.66631,-9.97453,2.00258,0.03897,79.50463,-6.633274,0.632919,0.435088,66.4557,23.017635,158.40236,2499.113487,-103.31157,15.10774,37.77057,147.12243,52.29869,160.811567,1.996586,5.91961,10.44737,1.19319,50,6.14612,-4.98692,-127.42479,-7.30788,9.59032,29.76131,-15.24833,LOU_CAR,MOR_EAG,JimPatterson,D1,ACC,20260303-JimPatterson-1,91c1e7f0-1751-11f1-b6f1-3bca4f3249f3,86.63185,19.29268,,8.49312,,,,2.44932,2.1674,-0.03435,4c216075-8757-4a7e-8832-fbd2b61f9361,2026-03-03,22:37:32.46,2026-03-03T17:37:32.4670000-05:00,2026-03-03T22:37:32.4670000Z,LineDrive,v3,471341,471366,ea8a05dd47fb4949855474378ed738c7,"Nugent, Jimmy",838635,Right,LOU_CAR,484b370a-10a6-4ff8-a63c-60d041cbcf7f,54.5079,-128.47334,14.88066,6.39413,-6.77065,-7.62416,1.37484,-5.3248,4.79516,327.680074,2.44933,-83.41151,6.21613,-0.14701,0.35195,-0.4198,0.30968,-0.11368,0.0159,2.16742,38.11061,-22.86232,2.05974,-0.28057,-0.01611,0.04842,-0.01615,0.0017,-0.03435,33.02123,-4.89079,0.45942,-0.28279,0.26793,-0.18997,0.06955,-0.00977,,,,,,,,,,,,,,,,,,,,,,,High,High,High,High,Low,,,,,,,,,,,,,,,,,,,,,,,,,,,,,,,,,,,71.17549,14.41567,-17.83763
233,2026-03-03,17:37:55.57,1,7,"Schlageter, TJ",822710,Left,LOU_CAR,"Dutton, JJ",1000279097,Right,MOR_EAG,Undefined,7,Top,0,3,2,Fastball,Four-Seam,FoulBallNotFieldable,Undefined,Undefined,Undefined,0,0,,87.16338,-3.560328,2.369896,2182.323355,155.3233,11:15,6.44016,-1.50247,5.95329,-17.14277,20.02903,-8.5952,1.70262,-0.01962,79.09021,-6.833929,0.826655,0.438812,74.18419,48.363395,46.962467,4219.556236,63.90657,80.54541,89.53168,189.77278,157.12439,54.766774,4.477624,5.15205,11.77044,1.3189,50,6.14716,-4.87245,-126.20016,-8.32666,8.2263,28.06381,-13.38014,LOU_CAR,MOR_EAG,JimPatterson,D1,ACC,20260303-JimPatterson-1,9f85ec60-1751-11f1-b6f1-3bca4f3249f3,85.89663,80.9726,,8.07317,,,,1.93032,1.75334,-0.00772,4c216075-8757-4a7e-8832-fbd2b61f9361,2026-03-03,22:37:55.57,2026-03-03T17:37:55.5720000-05:00,2026-03-03T22:37:55.5720000Z,Popup,v3,471341,471366,ea8a05dd47fb4949855474378ed738c7,"Nugent, Jimmy",838635,Right,LOU_CAR,7e0205a0-b020-45b6-8dbf-b9d4a7770f63,54.54434,-127.2067,14.03191,6.4372,-7.84677,-6.69007,1.49895,-5.1675,4.11315,220.84965,1.93765,49.0864,-12.30151,0.29243,3.008,-2.12968,0.68203,-0.1041,0.00614,1.77002,80.9072,-22.91121,-1.01224,3.00229,-1.6359,0.43449,-0.05678,0.00292,0.00833,52.48232,-1.15216,-3.36834,2.32588,-0.81397,0.12516,-0.00501,-0.00032,,,,,,,,,,,,,,,,,,,,,,,High,High,High,High,Low,,,,,,,,,,,,,,,,,,,,,,,,,,,,,,,,,,,,,
234,2026-03-03,17:38:22.69,1,8,"Schlageter, TJ",822710,Left,LOU_CAR,"Dutton, JJ",1000279097,Right,MOR_EAG,Undefined,7,Top,0,3,2,Fastball,Four-Seam,BallCalled,Walk,Undefined,Undefined,0,0,,88.90697,-4.555425,2.059211,2130.600021,149.436018,11:00,6.43959,-1.39927,5.86125,-16.81497,18.81871,-10.41477,0.7946,-0.3533,81.38412,-7.728564,0.191288,0.429637,,,,,,,,,,,,5.94319,11.29237,1.2385,50,6.05958,-4.19656,-128.69705,-10.75371,9.95344,27.06633,-13.26202,LOU_CAR,MOR_EAG,JimPatterson,D1,ACC,20260303-JimPatterson-1,afbc0240-1751-11f1-b6f1-3bca4f3249f3,87.73086,,,7.52285,,,,,,,4c216075-8757-4a7e-8832-fbd2b61f9361,2026-03-03,22:38:22.69,2026-03-03T17:38:22.6960000-05:00,2026-03-03T22:38:22.6960000Z,,v3,471341,471366,ea8a05dd47fb4949855474378ed738c7,"Nugent, Jimmy",838635,Right,LOU_CAR,53d9281a-b215-4ae0-b9f0-cb30b0a0e85f,54.63804,-129.66881,13.53317,6.43712,-10.27757,-6.63101,1.39559,-4.55391,4.97672,,,,,,,,,,,,,,,,,,,,,,,,,,,,,,,,,,,,,,,,,,,,,,,,,,,High,High,High,,,,,,,,,,,,,,,,,,,,,,,,,,,,,,,,,,,,,,,
235,2026-03-03,17:39:01.43,2,1,"Schlageter, TJ",822710,Left,LOU_CAR,"Griffith, Nick",10049364,Left,MOR_EAG,Undefined,7,Top,0,0,0,Fastball,Four-Seam,BallCalled,Undefined,Undefined,Undefined,0,0,,86.33326,-3.831408,3.228578,2081.186342,158.524537,11:15,6.33269,-1.75342,5.9822,-19.23194,17.99615,-6.64414,1.16772,0.68866,79.85337,-7.431664,2.036294,0.439144,,,,,,,,,,,,4.21473,10.55477,1.50183,50,6.0184,-6.79092,-125.09506,-8.95058,6.74764,22.7937,-15.27621,LOU_CAR,MOR_EAG,JimPatterson,D1,ACC,20260303-JimPatterson-1,c6ddf1e0-1751-11f1-b6f1-3bca4f3249f3,85.83164,,,6.47989,,,,,,,4c216075-8757-4a7e-8832-fbd2b61f9361,2026-03-03,22:39:01.43,2026-03-03T17:39:01.4360000-05:00,2026-03-03T22:39:01.4360000Z,,v3,471341,471366,ea8a05dd47fb4949855474378ed738c7,"Nugent, Jimmy",838635,Right,LOU_CAR,f090ff37-fd1c-4f95-88f3-1426653bdc68,54.51667,-125.91536,11.39685,6.33062,-8.40082,-7.63811,1.75059,-7.03375,3.37382,,,,,,,,,,,,,,,,,,,,,,,,,,,,,,,,,,,,,,,,,,,,,,,,,,,High,High,High,,,,,,,,,,,,,,,,,,,,,,,,,,,,,,,,,,,,,,,
236,2026-03-03,17:39:21.22,2,2,"Schlageter, TJ",822710,Left,LOU_CAR,"Griffith, Nick",10049364,Left,MOR_EAG,Undefined,7,Top,0,1,0,Slider,Curveball,StrikeCalled,Undefined,Undefined,Undefined,0,0,,73.53375,1.39449,1.325098,2013.683636,260.788953,2:45,6.1048,-1.98685,5.26292,-50.17172,3.0404,7.99658,3.2345,-0.07537,67.2254,-7.762539,2.743678,0.525021,,,,,,,,,,,,-3.58977,1.66441,1.8595,50,6.19577,-2.77115,-106.62326,0.98172,-4.10909,19.30116,-30.26886,LOU_CAR,MOR_EAG,JimPatterson,D1,ACC,20260303-JimPatterson-1,d2a7acf0-1751-11f1-b6f1-3bca4f3249f3,71.79225,,,6.30835,,,,,,,4c216075-8757-4a7e-8832-fbd2b61f9361,2026-03-03,22:39:21.22,2026-03-03T17:39:21.2240000-05:00,2026-03-03T22:39:21.2240000Z,,v3,471341,471366,ea8a05dd47fb4949855474378ed738c7,"Nugent, Jimmy",838635,Right,LOU_CAR,a3991e3b-c90c-474d-88cc-feb07fbca761,55.23454,-107.56665,9.65058,6.11163,2.46119,-15.13443,1.99004,-2.57031,-2.05455,,,,,,,,,,,,,,,,,,,,,,,,,,,,,,,,,,,,,,,,,,,,,,,,,,,High,High,High,,,,,,,,,,,,,,,,,,,,,,,,,,,,,,,,,,,,,,,
237,2026-03-03,17:39:41.72,2,3,"Schlageter, TJ",822710,Left,LOU_CAR,"Griffith, Nick",10049364,Left,MOR_EAG,Undefined,7,Top,0,1,1,Fastball,Four-Seam,FoulBallNotFieldable,Undefined,Undefined,Undefined,0,0,,86.95014,-1.826074,1.385997,2113.327759,154.522296,11:15,6.32537,-1.66637,6.19406,-18.69753,17.73288,-7.91095,3.08033,-1.0458,79.76814,-5.378425,-0.041923,0.434414,65.94811,37.888605,-172.490164,2572.763817,-109.84586,40.96581,-5.81844,181.88618,70.64296,-179.404977,2.942955,4.5052,10.05024,1.56606,50,6.17833,-2.75227,-126.34939,-4.549,7.29857,25.22257,-15.89237,LOU_CAR,MOR_EAG,JimPatterson,D1,ACC,20260303-JimPatterson-1,decb95f0-1751-11f1-b6f1-3bca4f3249f3,86.76623,41.90317,,7.182,,,,0.39002,3.06448,1.04576,4c216075-8757-4a7e-8832-fbd2b61f9361,2026-03-03,22:39:41.72,2026-03-03T17:39:41.7280000-05:00,2026-03-03T22:39:41.7280000Z,FlyBall,v3,471341,471366,ea8a05dd47fb4949855474378ed738c7,"Nugent, Jimmy",838635,Right,LOU_CAR,c580d09c-4578-4d4f-b721-88ab2d65f0f0,54.30561,-127.206,12.61129,6.32366,-4.00926,-7.94619,1.66374,-3.00014,3.64929,33.274459,0.38978,-75.6719,3.89688,0.38523,-0.17565,0.05831,0.01564,-0.01112,0.00147,3.06464,59.39373,-25.38605,2.42892,-0.28464,-0.09762,0.07178,-0.01611,0.00127,1.04563,-9.97187,4.51252,-0.75496,0.07268,0.0318,-0.01201,0.00063,0.00012,,,,,,,,,,,,,,,,,,,,,,,High,High,High,High,Medium,,,,,,,,,,,,,,,,,,,,,,,,,,,,,,,,,,,69.93117,18.65955,19.96229
238,2026-03-03,17:40:09.30,2,4,"Schlageter, TJ",822710,Left,LOU_CAR,"Griffith, Nick",10049364,Left,MOR_EAG,Undefined,7,Top,0,1,2,Fastball,Four-Seam,InPlay,Undefined,FlyBall,Out,1,0,,87.77657,-2.529964,1.96889,2171.115277,160.680419,11:15,6.47614,-1.48704,5.9045,-18.05198,18.7906,-6.11217,2.62043,-0.16802,79.16855,-5.981693,0.872142,0.436864,85.33668,38.058768,-6.070856,3951.352792,108.31534,75.19025,-19.17742,316.02593,278.44286,-16.387134,5.035835,3.77772,10.84323,1.33238,50,6.2626,-4.11694,-127.15309,-6.1308,6.08708,29.91434,-14.70223,LOU_CAR,MOR_EAG,JimPatterson,D1,ACC,20260303-JimPatterson-1,ef3a9620-1751-11f1-b6f1-3bca4f3249f3,86.27951,90.71918,,8.60802,,,,1.55912,2.66885,0.18211,4c216075-8757-4a7e-8832-fbd2b61f9361,2026-03-03,22:40:09.30,2026-03-03T17:40:09.3080000-05:00,2026-03-03T22:40:09.3080000Z,FlyBall,v3,471341,471366,ea8a05dd47fb4949855474378ed738c7,"Nugent, Jimmy",838635,Right,LOU_CAR,d223b425-9c23-4dec-b3ef-9cf099448817,54.5922,-128.22891,14.95717,6.47358,-5.60205,-7.35111,1.48438,-4.33585,3.04354,155.012235,1.56289,97.91672,-19.69251,4.86595,-0.73005,0.028,0.01036,-0.00159,7E-05,2.66787,77.16972,-18.46479,0.52307,0.25189,-0.1547,0.04376,-0.00606,0.00032,0.18285,-10.43791,-4.00016,1.18523,-0.25898,0.03945,-0.00427,0.00034,-2E-05,,,,,,,,,,,,,,,,,,,,,,,High,High,High,High,Medium,,,,,,,,,,,,,,,,,,,,,,,,,,,,,,,,,,,,,
239,2026-03-03,17:40:51.56,3,1,"Schlageter, TJ",822710,Left,LOU_CAR,"Correa, Jaden",1000159957,Right,MOR_EAG,Undefined,7,Top,1,0,0,Fastball,Four-Seam,BallCalled,Undefined,Undefined,Undefined,0,0,,88.39961,-4.533669,2.982255,2128.118296,138.68006,10:30,6.34163,-1.61699,5.85404,-23.59891,12.60772,-10.00949,0.14809,0.32233,80.8895,-8.908488,1.187485,0.433077,,,,,,,,,,,,6.03217,8.14095,1.38067,50,5.95848,-6.25026,-127.84422,-10.9156,9.93683,27.50289,-18.76341,LOU_CAR,MOR_EAG,JimPatterson,D1,ACC,20260303-JimPatterson-1,086db280-1752-11f1-b6f1-3bca4f3249f3,87.03395,,,7.51012,,,,,,,4c216075-8757-4a7e-8832-fbd2b61f9361,2026-03-03,22:40:51.56,2026-03-03T17:40:51.5690000-05:00,2026-03-03T22:40:51.5690000Z,,v3,471341,471366,ea8a05dd47fb4949855474378ed738c7,"Nugent, Jimmy",838635,Right,LOU_CAR,025c703b-9f5e-4e84-9c2d-021a9706aa82,54.64531,-128.83968,13.75145,6.34128,-10.23646,-9.3817,1.61341,-6.60992,4.96842,,,,,,,,,,,,,,,,,,,,,,,,,,,,,,,,,,,,,,,,,,,,,,,,,,,High,High,High,,,,,,,,,,,,,,,,,,,,,,,,,,,,,,,,,,,,,,,
240,2026-03-03,17:41:14.74,3,2,"Schlageter, TJ",822710,Left,LOU_CAR,"Correa, Jaden",1000159957,Right,MOR_EAG,Undefined,7,Top,1,1,0,Fastball,Four-Seam,StrikeCalled,Undefined,Undefined,Undefined,0,0,,86.11325,-2.234941,3.5844,2050.689221,142.78103,10:45,6.36064,-1.77008,6.09174,-24.52206,13.16713,-9.04351,2.24473,0.79617,78.56486,-6.834805,1.958552,0.441855,,,,,,,,,,,,5.68957,7.82178,1.49812,50,6.17509,-7.45237,-124.76484,-5.61835,8.92928,26.11795,-19.89848,LOU_CAR,MOR_EAG,JimPatterson,D1,ACC,20260303-JimPatterson-1,16431c10-1752-11f1-b6f1-3bca4f3249f3,85.30498,,,7.54839,,,,,,,4c216075-8757-4a7e-8832-fbd2b61f9361,2026-03-03,22:41:14.74,2026-03-03T17:41:14.7490000-05:00,2026-03-03T22:41:14.7490000Z,,v3,471341,471366,ea8a05dd47fb4949855474378ed738c7,"Nugent, Jimmy",838635,Right,LOU_CAR,5e7b5044-830d-4796-a370-fbd74165b07c,54.40547,-125.68368,13.05897,6.36043,-4.91831,-9.94924,1.76582,-7.76651,4.46464,,,,,,,,,,,,,,,,,,,,,,,,,,,,,,,,,,,,,,,,,,,,,,,,,,,High,High,High,,,,,,,,,,,,,,,,,,,,,,,,,,,,,,,,,,,,,,,
241,2026-03-03,17:42:14.96,3,3,"Schlageter, TJ",822710,Left,LOU_CAR,"Correa, Jaden",1000159957,Right,MOR_EAG,Undefined,7,Top,1,1,1,Fastball,Changeup,BallCalled,Undefined,Undefined,Undefined,0,0,,85.43212,-3.767201,2.876753,2011.675705,139.699485,10:45,6.30034,-1.86777,5.97854,-25.19438,13.33375,-10.20138,0.69927,-0.04898,78.11301,-8.459412,1.043198,0.446746,,,,,,,,,,,,6.12583,8.35209,1.64602,50,5.98788,-5.81668,-123.69421,-8.92705,9.43892,25.93338,-19.30483,LOU_CAR,MOR_EAG,JimPatterson,D1,ACC,20260303-JimPatterson-1,3a2d9920-1752-11f1-b6f1-3bca4f3249f3,84.37115,,,7.31911,,,,,,,4c216075-8757-4a7e-8832-fbd2b61f9361,2026-03-03,22:42:14.96,2026-03-03T17:42:14.9600000-05:00,2026-03-03T22:42:14.9600000Z,,v3,471341,471366,ea8a05dd47fb4949855474378ed738c7,"Nugent, Jimmy",838635,Right,LOU_CAR,f81f6471-a89b-4fa7-aed4-c7b196a7ed38,54.52049,-124.63836,12.96669,6.30009,-8.22422,-9.65242,1.86405,-6.16032,4.71946,,,,,,,,,,,,,,,,,,,,,,,,,,,,,,,,,,,,,,,,,,,,,,,,,,,High,High,High,,,,,,,,,,,,,,,,,,,,,,,,,,,,,,,,,,,,,,,
242,2026-03-03,17:42:39.87,3,4,"Schlageter, TJ",822710,Left,LOU_CAR,"Correa, Jaden",1000159957,Right,MOR_EAG,Undefined,7,Top,1,2,1,Curveball,Curveball,BallCalled,Undefined,Undefined,Undefined,0,0,,64.84,3.906033,-2.36233,1949.275989,344.183777,5:30,6.26114,-1.9317,4.95458,-86.78186,-16.54375,5.39803,2.72877,-3.71515,59.06189,-11.712612,-1.409544,0.603195,,,,,,,,,,,,-3.41945,-8.55855,2.15611,50,6.56921,3.67612,-93.75366,3.72529,-2.98917,16.53351,-39.65569,LOU_CAR,MOR_EAG,JimPatterson,D1,ACC,20260303-JimPatterson-1,49138850-1752-11f1-b6f1-3bca4f3249f3,62.48797,,,5.77811,,,,,,,4c216075-8757-4a7e-8832-fbd2b61f9361,2026-03-03,22:42:39.87,2026-03-03T17:42:39.8700000-05:00,2026-03-03T22:42:39.8700000Z,,v3,471341,471366,ea8a05dd47fb4949855474378ed738c7,"Nugent, Jimmy",838635,Right,LOU_CAR,fa1d342e-2468-4b4e-a788-b1d5b76b0657,55.54882,-94.72715,8.26676,6.28113,6.06019,-19.82785,1.93448,3.85212,-1.49458,,,,,,,,,,,,,,,,,,,,,,,,,,,,,,,,,,,,,,,,,,,,,,,,,,,High,High,High,,,,,,,,,,,,,,,,,,,,,,,,,,,,,,,,,,,,,,,
243,2026-03-03,17:43:05.09,3,5,"Schlageter, TJ",822710,Left,LOU_CAR,"Correa, Jaden",1000159957,Right,MOR_EAG,Undefined,7,Top,1,3,1,ChangeUp,Changeup,InPlay,Undefined,Bunt,Single,0,0,,75.46068,-0.416754,3.289591,1416.564056,111.548245,9:45,6.08724,-2.18774,6.43322,-42.70735,6.3704,-11.45481,2.14465,-0.11573,68.11864,-8.425765,1.213802,0.504213,,,,,,,,,,,,7.14953,3.96488,1.95863,50,6.03854,-5.90824,-109.38616,-1.92995,8.4728,23.23428,-27.47533,LOU_CAR,MOR_EAG,JimPatterson,D1,ACC,20260303-JimPatterson-1,580bee10-1752-11f1-b6f1-3bca4f3249f3,74.75504,,,7.34204,,,,,,,4c216075-8757-4a7e-8832-fbd2b61f9361,2026-03-03,22:43:05.09,2026-03-03T17:43:05.0940000-05:00,2026-03-03T22:43:05.0940000Z,,v3,471341,471366,ea8a05dd47fb4949855474378ed738c7,"Nugent, Jimmy",838635,Right,LOU_CAR,9551b1c8-3195-4567-b656-aac184ea7061,54.06465,-110.24613,11.61714,6.09116,-0.91301,-13.73767,2.18312,-6.22184,4.2364,,,,,,,,,,,,,,,,,,,,,,,,,,,,,,,,,,,,,,,,,,,,,,,,,,,High,High,High,,,,,,,,,,,,,,,,,,,,,,,,,,,,,,,,,,,,,,,
244,2026-03-03,17:44:27.51,4,1,"Schlageter, TJ",822710,Left,LOU_CAR,"Peak, Austyn",1000157632,Right,MOR_EAG,Undefined,7,Top,1,0,0,Fastball,Four-Seam,BallCalled,Undefined,Undefined,Undefined,0,0,,85.99618,-6.332923,4.255013,1958.655009,148.250102,11:00,6.34333,-2.03337,5.95547,-19.9345,18.52233,-10.62686,-1.23119,1.03431,78.65101,-10.055686,2.351137,0.446332,,,,,,,,,,,,6.9528,11.91386,1.70137,50,5.82596,-8.83118,-123.90077,-14.3741,10.72854,26.45616,-13.79032,LOU_CAR,MOR_EAG,JimPatterson,D1,ACC,20260303-JimPatterson-1,89188a40-1752-11f1-b6f1-3bca4f3249f3,84.44927,,,7.34517,,,,,,,4c216075-8757-4a7e-8832-fbd2b61f9361,2026-03-03,22:44:27.51,2026-03-03T17:44:27.5180000-05:00,2026-03-03T22:44:27.5180000Z,,v3,471341,471366,ea8a05dd47fb4949855474378ed738c7,"Nugent, Jimmy",838635,Right,LOU_CAR,d3c57368-2c70-42aa-bfb4-f2a1e196a44d,54.54752,-124.86801,13.22808,6.34226,-13.86992,-6.89516,2.03141,-9.22342,5.36427,,,,,,,,,,,,,,,,,,,,,,,,,,,,,,,,,,,,,,,,,,,,,,,,,,,High,High,High,,,,,,,,,,,,,,,,,,,,,,,,,,,,,,,,,,,,,,,
245,2026-03-03,17:45:24.97,4,2,"Schlageter, TJ",822710,Left,LOU_CAR,"Peak, Austyn",1000157632,Right,MOR_EAG,Undefined,7,Top,1,1,0,Fastball,Changeup,StrikeCalled,Undefined,Undefined,Undefined,0,0,,84.99881,-3.131648,3.650855,2010.632453,149.461321,11:00,6.28826,-2.00991,5.90043,-20.96761,18.31706,-9.97075,1.62494,0.553,77.03055,-7.099392,1.865311,0.451111,,,,,,,,,,,,6.19457,10.7439,1.72154,50,6.02382,-7.43142,-122.91499,-7.33366,9.37654,26.76834,-15.91131,LOU_CAR,MOR_EAG,JimPatterson,D1,ACC,20260303-JimPatterson-1,ab695480-1752-11f1-b6f1-3bca4f3249f3,83.55477,,,7.96826,,,,,,,4c216075-8757-4a7e-8832-fbd2b61f9361,2026-03-03,22:45:24.97,2026-03-03T17:45:24.9790000-05:00,2026-03-03T22:45:24.9790000Z,,v3,471341,471366,ea8a05dd47fb4949855474378ed738c7,"Nugent, Jimmy",838635,Right,LOU_CAR,c54d1808-051d-427c-ba6a-1adfbdaa0601,54.59499,-123.91164,13.38417,6.28584,-6.74124,-7.95566,2.00473,-7.78054,4.68827,,,,,,,,,,,,,,,,,,,,,,,,,,,,,,,,,,,,,,,,,,,,,,,,,,,High,High,High,,,,,,,,,,,,,,,,,,,,,,,,,,,,,,,,,,,,,,,
246,2026-03-03,17:45:48.74,4,3,"Schlageter, TJ",822710,Left,LOU_CAR,"Peak, Austyn",1000157632,Right,MOR_EAG,Undefined,7,Top,1,1,1,Fastball,Four-Seam,BallCalled,Undefined,Undefined,Undefined,0,0,,85.33689,-3.988321,3.629876,1986.10272,146.613181,11:00,6.23853,-1.95021,5.98118,-21.00938,17.95678,-10.89359,0.77745,0.51112,77.3299,-7.959203,1.675423,0.449278,,,,,,,,,,,,6.72713,10.89131,1.66909,50,5.91086,-7.38388,-123.31599,-9.20943,10.23088,27.34852,-15.61017,LOU_CAR,MOR_EAG,JimPatterson,D1,ACC,20260303-JimPatterson-1,b993bbe0-1752-11f1-b6f1-3bca4f3249f3,83.89559,,,8.00699,,,,,,,4c216075-8757-4a7e-8832-fbd2b61f9361,2026-03-03,22:45:48.74,2026-03-03T17:45:48.7410000-05:00,2026-03-03T22:45:48.7410000Z,,v3,471341,471366,ea8a05dd47fb4949855474378ed738c7,"Nugent, Jimmy",838635,Right,LOU_CAR,fe6c81a7-ca3c-41aa-830f-89bf4d7d7e23,54.51542,-124.31337,13.67426,6.23634,-8.64014,-7.80509,1.94518,-7.75699,5.11544,,,,,,,,,,,,,,,,,,,,,,,,,,,,,,,,,,,,,,,,,,,,,,,,,,,High,High,High,,,,,,,,,,,,,,,,,,,,,,,,,,,,,,,,,,,,,,,
247,2026-03-03,17:46:44.58,4,4,"Schlageter, TJ",822710,Left,LOU_CAR,"Peak, Austyn",1000157632,Right,MOR_EAG,Undefined,7,Top,1,2,1,ChangeUp,Changeup,StrikeSwinging,Undefined,Undefined,Undefined,0,0,,75.80698,-1.516328,5.094035,1723.791562,119.633438,10:00,6.08446,-2.27309,6.42703,-38.65534,9.98812,-14.40635,1.46361,1.2209,68.72039,-8.758782,2.492855,0.501977,,,,,,,,,,,,9.30642,6.1802,1.91606,50,5.95852,-9.31036,-109.6665,-3.91855,11.14198,22.45378,-24.77487,LOU_CAR,MOR_EAG,JimPatterson,D1,ACC,20260303-JimPatterson-1,dade87d0-1752-11f1-b6f1-3bca4f3249f3,75.088,,,7.08659,,,,,,,4c216075-8757-4a7e-8832-fbd2b61f9361,2026-03-03,22:46:44.58,2026-03-03T17:46:44.5890000-05:00,2026-03-03T22:46:44.5890000Z,,v3,471341,471366,ea8a05dd47fb4949855474378ed738c7,"Nugent, Jimmy",838635,Right,LOU_CAR,6337897f-3df6-4cb9-a00f-3ea591aaeb59,54.0725,-110.49719,11.22689,6.08654,-3.00199,-12.38743,2.26812,-9.72256,5.57099,,,,,,,,,,,,,,,,,,,,,,,,,,,,,,,,,,,,,,,,,,,,,,,,,,,High,High,High,,,,,,,,,,,,,,,,,,,,,,,,,,,,,,,,,,,,,,,
248,2026-03-03,17:47:09.47,4,5,"Schlageter, TJ",822710,Left,LOU_CAR,"Peak, Austyn",1000157632,Right,MOR_EAG,Undefined,7,Top,1,2,2,Fastball,Four-Seam,FoulBallNotFieldable,Undefined,Undefined,Undefined,0,0,,86.3231,-2.976837,3.382422,1983.261519,136.340987,10:30,6.22974,-1.96202,6.0139,-23.49757,14.87556,-12.74016,1.50671,0.11326,77.31825,-7.42784,1.093589,0.445846,92.30641,-1.694895,-46.503996,,,,,34.43709,30.83375,-44.216654,0.249195,7.76713,9.12894,1.70351,50,5.98314,-6.85969,-124.78885,-7.19345,11.94038,30.98241,-18.1402,LOU_CAR,MOR_EAG,JimPatterson,D1,ACC,20260303-JimPatterson-1,e9abbee0-1752-11f1-b6f1-3bca4f3249f3,84.54134,1.68329,,9.00485,,,,2.81079,1.68329,-0.03959,4c216075-8757-4a7e-8832-fbd2b61f9361,2026-03-03,22:47:09.47,2026-03-03T17:47:09.4720000-05:00,2026-03-03T22:47:09.4720000Z,GroundBall,v3,471341,471366,ea8a05dd47fb4949855474378ed738c7,"Nugent, Jimmy",838635,Right,LOU_CAR,ddbd8f8b-2227-4cfc-8216-8d8871808725,54.48245,-125.89683,15.4912,6.22879,-6.54472,-9.0701,1.95646,-7.2867,5.97019,103.955175,2.81416,92.96374,-20.96933,,,,,,,1.68345,-4.01278,-11.00936,,,,,,,-0.04004,-98.14315,7.75729,,,,,,,,,,,,,,,,,,,,,,,,,,,,,High,High,High,High,Medium,,,,,,,,,,,,,,,,,,,,,,,,,,,,,,,,,,,67.39473,14.32694,-24.1352
249,2026-03-03,17:48:13.35,4,6,"Schlageter, TJ",822710,Left,LOU_CAR,"Peak, Austyn",1000157632,Right,MOR_EAG,Undefined,7,Top,1,2,2,Slider,Curveball,FoulBallNotFieldable,Undefined,Undefined,Undefined,0,0,,72.62636,0.851582,0.801744,1386.865834,280.391301,3:15,6.25856,-2.26595,5.46034,-54.44641,-0.16791,10.86449,2.51859,-0.61009,66.41786,-9.091929,2.738795,0.530256,,,,,,,,,,,,-5.22929,0.1935,2.18766,50,6.2964,-1.86991,-105.3731,-0.12615,-5.82069,19.57811,-31.95866,LOU_CAR,MOR_EAG,JimPatterson,D1,ACC,20260303-JimPatterson-1,0fda3880-1753-11f1-b6f1-3bca4f3249f3,71.08353,,,6.2085,,,,,,,4c216075-8757-4a7e-8832-fbd2b61f9361,2026-03-03,22:48:13.35,2026-03-03T17:48:13.3540000-05:00,2026-03-03T22:48:13.3540000Z,,v3,471341,471366,ea8a05dd47fb4949855474378ed738c7,"Nugent, Jimmy",838635,Right,LOU_CAR,730ca45e-413c-4274-8a40-c2fe1caba06d,55.03859,-106.30514,9.78905,6.26619,1.39528,-15.97933,2.27008,-1.59282,-2.91034,,,,,,,,,,,,,,,,,,,,,,,,,,,,,,,,,,,,,,,,,,,,,,,,,,,High,High,High,,,,,,,,,,,,,,,,,,,,,,,,,,,,,,,,,,,,,,,
250,2026-03-03,17:48:38.53,4,7,"Schlageter, TJ",822710,Left,LOU_CAR,"Peak, Austyn",1000157632,Right,MOR_EAG,Undefined,7,Top,1,2,2,Fastball,Four-Seam,InPlay,Undefined,GroundBall,Single,0,1,,85.09148,-3.159898,2.278592,2068.641209,161.154427,11:15,6.24193,-1.99122,6.10926,-20.93115,17.95643,-5.64532,1.57047,-0.35357,77.0231,-7.136575,1.261705,0.448825,85.97369,-15.992128,-28.62687,,,,,7.25594,7.25594,-18.960846,0.046791,3.64945,10.69753,1.81919,50,5.98811,-4.68253,-123.2351,-7.38432,5.5329,27.72,-15.9556,LOU_CAR,MOR_EAG,JimPatterson,D1,ACC,20260303-JimPatterson-1,1ec334f0-1753-11f1-b6f1-3bca4f3249f3,83.98032,1.62789,,8.06838,,,,1.8765,1.62789,0.36373,4c216075-8757-4a7e-8832-fbd2b61f9361,2026-03-03,22:48:38.53,2026-03-03T17:48:38.5380000-05:00,2026-03-03T22:48:38.5380000Z,GroundBall,v3,471341,471366,ea8a05dd47fb4949855474378ed738c7,"Nugent, Jimmy",838635,Right,LOU_CAR,54a8df0f-30db-462c-937c-b174f861c831,54.38761,-124.21811,13.86,6.23994,-6.8185,-7.9778,1.98872,-4.87874,2.76645,,1.87532,106.55419,,,,,,,,1.62828,-34.79099,,,,,,,,0.36438,-58.16007,,,,,,,,,,,,,,,,,,,,,,,,,,,,,,High,High,High,Estimated,Estimated,,,,,,,,,,,,,,,,,,,,,,,,,,,,,,,,,,,66.21384,7.20527,0.23232
251,2026-03-03,17:49:26.94,5,1,"Schlageter, TJ",822710,Left,LOU_CAR,"Krupp, Kyle",10072907,Left,MOR_EAG,Undefined,7,Top,1,0,0,Fastball,Changeup,BallCalled,Undefined,Undefined,Undefined,0,0,,83.17593,-3.355594,2.13086,1877.398744,154.969794,11:15,6.35295,-2.08757,5.8699,-25.51167,15.15253,-6.44492,1.10435,-0.64445,76.19302,-8.105763,0.974235,0.458963,,,,,,,,,,,,3.90878,9.12623,1.9188,50,6.06616,-4.23078,-120.52093,-7.84074,5.73306,24.03592,-18.78846,LOU_CAR,MOR_EAG,JimPatterson,D1,ACC,20260303-JimPatterson-1,3bae7750-1753-11f1-b6f1-3bca4f3249f3,82.12528,,,6.98291,,,,,,,4c216075-8757-4a7e-8832-fbd2b61f9361,2026-03-03,22:49:26.94,2026-03-03T17:49:26.9490000-05:00,2026-03-03T22:49:26.9490000Z,,v3,471341,471366,ea8a05dd47fb4949855474378ed738c7,"Nugent, Jimmy",838635,Right,LOU_CAR,f4e78587-8e07-4fbf-8da7-9714ce4f17cf,54.62766,-121.44033,12.01796,6.35233,-7.12206,-9.39423,2.08483,-4.45007,2.86653,,,,,,,,,,,,,,,,,,,,,,,,,,,,,,,,,,,,,,,,,,,,,,,,,,,High,High,High,,,,,,,,,,,,,,,,,,,,,,,,,,,,,,,,,,,,,,,
252,2026-03-03,17:49:57.38,5,2,"Schlageter, TJ",822710,Left,LOU_CAR,"Krupp, Kyle",10072907,Left,MOR_EAG,Undefined,7,Top,1,1,0,Fastball,Changeup,FoulBallNotFieldable,Undefined,Undefined,Undefined,0,0,,84.88988,-2.5574,3.291858,2043.455256,152.946288,11:00,6.34145,-1.95891,5.88806,-19.10426,20.18962,-9.59682,2.36925,0.30137,76.92851,-6.19879,1.573247,0.451163,,,,,,,,,,,,5.95835,11.55111,1.69897,50,6.12407,-6.68743,-122.91139,-6.02651,9.01904,26.75222,-14.68938,LOU_CAR,MOR_EAG,JimPatterson,D1,ACC,20260303-JimPatterson-1,4dd14200-1753-11f1-b6f1-3bca4f3249f3,83.54498,,,7.96137,,,,,,,4c216075-8757-4a7e-8832-fbd2b61f9361,2026-03-03,22:49:57.38,2026-03-03T17:49:57.3820000-05:00,2026-03-03T22:49:57.3820000Z,,v3,471341,471366,ea8a05dd47fb4949855474378ed738c7,"Nugent, Jimmy",838635,Right,LOU_CAR,6daed840-7559-4d18-8fbd-45ffe7c5d89f,54.60988,-123.91068,13.37611,6.33894,-5.4778,-7.34469,1.95506,-7.02433,4.50952,,,,,,,,,,,,,,,,,,,,,,,,,,,,,,,,,,,,,,,,,,,,,,,,,,,High,High,High,,,,,,,,,,,,,,,,,,,,,,,,,,,,,,,,,,,,,,,
253,2026-03-03,17:50:30.87,5,3,"Schlageter, TJ",822710,Left,LOU_CAR,"Krupp, Kyle",10072907,Left,MOR_EAG,Undefined,7,Top,1,1,1,Fastball,Four-Seam,BallCalled,Undefined,Undefined,Undefined,0,0,,85.4828,-3.375516,3.11641,2028.500966,160.38442,11:15,6.06537,-1.97998,6.09021,-23.48903,15.34272,-4.94248,0.97729,0.49373,77.06678,-7.810403,2.227211,0.448502,,,,,,,,,,,,3.56957,9.45843,1.74199,50,5.79225,-6.52844,-123.59382,-7.97693,5.41766,28.94838,-17.81861,LOU_CAR,MOR_EAG,JimPatterson,D1,ACC,20260303-JimPatterson-1,61bfa4f0-1753-11f1-b6f1-3bca4f3249f3,84.04065,,,8.41601,,,,,,,4c216075-8757-4a7e-8832-fbd2b61f9361,2026-03-03,22:50:30.87,2026-03-03T17:50:30.8740000-05:00,2026-03-03T22:50:30.8740000Z,,v3,471341,471366,ea8a05dd47fb4949855474378ed738c7,"Nugent, Jimmy",838635,Right,LOU_CAR,cf4ea79a-ca4f-4cb8-8082-fcc6ce467f19,54.40419,-124.62111,14.47419,6.06411,-7.34461,-8.9093,1.97708,-6.72069,2.70883,,,,,,,,,,,,,,,,,,,,,,,,,,,,,,,,,,,,,,,,,,,,,,,,,,,High,High,High,,,,,,,,,,,,,,,,,,,,,,,,,,,,,,,,,,,,,,,
254,2026-03-03,17:50:55.61,5,4,"Schlageter, TJ",822710,Left,LOU_CAR,"Krupp, Kyle",10072907,Left,MOR_EAG,Undefined,7,Top,1,2,1,Slider,Curveball,BallCalled,Undefined,Undefined,Undefined,0,0,,72.18349,-0.618379,2.644561,2096.198539,273.042237,3:00,6.14031,-2.23381,5.16912,-54.6318,1.38969,11.17386,1.00506,1.1879,65.93888,-10.507898,4.623678,0.538702,,,,,,,,,,,,-4.70992,1.48303,1.9784,50,6.0413,-5.24441,-104.49979,-2.87521,-5.12343,20.28226,-30.5608,LOU_CAR,MOR_EAG,JimPatterson,D1,ACC,20260303-JimPatterson-1,70901050-1753-11f1-b6f1-3bca4f3249f3,69.96896,,,6.24461,,,,,,,4c216075-8757-4a7e-8832-fbd2b61f9361,2026-03-03,22:50:55.61,2026-03-03T17:50:55.6100000-05:00,2026-03-03T22:50:55.6100000Z,,v3,471341,471366,ea8a05dd47fb4949855474378ed738c7,"Nugent, Jimmy",838635,Right,LOU_CAR,e5f4a9e3-e98b-4b88-b60e-cbaa62ad6483,55.32844,-105.52891,10.14113,6.14785,-1.32455,-15.2804,2.23791,-4.98445,-2.56172,,,,,,,,,,,,,,,,,,,,,,,,,,,,,,,,,,,,,,,,,,,,,,,,,,,High,High,High,,,,,,,,,,,,,,,,,,,,,,,,,,,,,,,,,,,,,,,
255,2026-03-03,17:51:20.88,5,5,"Schlageter, TJ",822710,Left,LOU_CAR,"Krupp, Kyle",10072907,Left,MOR_EAG,Undefined,7,Top,1,3,1,Fastball,Four-Seam,BallCalled,Walk,Undefined,Undefined,0,0,,86.01429,-3.686019,4.818568,2177.584434,160.244233,11:15,6.16269,-1.99913,6.08842,-18.86344,19.35348,-6.45733,1.16416,1.93072,78.01053,-7.274347,3.661819,0.444938,,,,,,,,,,,,4.76902,11.4819,1.62982,50,5.86695,-10.20107,-124.15829,-8.52647,7.37269,27.08971,-14.42363,LOU_CAR,MOR_EAG,JimPatterson,D1,ACC,20260303-JimPatterson-1,7f91c4e0-1753-11f1-b6f1-3bca4f3249f3,84.71396,,,8.00376,,,,,,,4c216075-8757-4a7e-8832-fbd2b61f9361,2026-03-03,22:51:20.88,2026-03-03T17:51:20.8870000-05:00,2026-03-03T22:51:20.8870000Z,,v3,471341,471366,ea8a05dd47fb4949855474378ed738c7,"Nugent, Jimmy",838635,Right,LOU_CAR,4ddd40c6-6cab-479a-b683-859404c5809c,54.40626,-125.11598,13.54486,6.15937,-8.01656,-7.21181,1.99506,-10.46171,3.68635,,,,,,,,,,,,,,,,,,,,,,,,,,,,,,,,,,,,,,,,,,,,,,,,,,,High,High,High,,,,,,,,,,,,,,,,,,,,,,,,,,,,,,,,,,,,,,,
256,2026-03-03,17:54:47.54,6,1,"Brown, Jack",815356,Right,LOU_CAR,"Sheridan, Caden",10091036,Right,MOR_EAG,Undefined,7,Top,1,0,0,Sinker,Sinker,InPlay,Undefined,FlyBall,Sacrifice,1,1,,89.5785,-0.13012,-2.855488,2161.869812,248.442265,2:15,5.41087,1.96222,5.73364,-29.34632,5.87008,11.91839,2.84402,0.29406,81.53932,-5.567488,-0.724775,0.427114,97.66744,30.298757,-6.036337,3258.840032,109.50049,61.14546,-10.46976,380.10538,374.25731,-4.758863,5.063251,-6.91142,3.36378,-1.73164,50,5.38202,5.96596,-129.93455,-1.33728,-11.7563,28.50422,-26.45227,LOU_CAR,MOR_EAG,JimPatterson,D1,ACC,20260303-JimPatterson-1,fab1d980-1753-11f1-b6f1-3bca4f3249f3,88.24909,86.86049,,8.03918,,,,1.16172,2.87131,-0.28826,4c216075-8757-4a7e-8832-fbd2b61f9361,2026-03-03,22:54:47.54,2026-03-03T17:54:47.5480000-05:00,2026-03-03T22:54:47.5480000Z,FlyBall,v3,471341,471366,ea8a05dd47fb4949855474378ed738c7,"Nugent, Jimmy",838635,Right,LOU_CAR,59f4cf86-2134-4cc1-b1d6-ddf71dfd3366,54.7652,-130.97574,14.25211,5.41323,-0.37105,-13.22614,-1.95741,6.39539,-5.87815,186.9352,1.16424,122.94235,-24.21314,6.08947,-1.14921,0.16242,-0.01812,0.00168,-9E-05,2.87144,72.26009,-16.00784,-0.40208,0.57748,-0.23424,0.0557,-0.00698,0.00035,-0.28873,-12.99556,4.28337,-1.34474,0.29563,-0.04484,0.0041,-0.00019,0,,,,,,,,,,,,,,,,,,,,,,,High,High,High,High,High,,,,,,,,,,,,,,,,,,,,,,,,,,,,,,,,,,,,,
257,2026-03-03,17:55:33.23,7,1,"Brown, Jack",815356,Right,LOU_CAR,"Kearns, Aubrey",10004985,Left,MOR_EAG,Undefined,7,Top,2,0,0,ChangeUp,Changeup,StrikeCalled,Undefined,Undefined,Undefined,0,0,,83.54892,0.080741,-2.480101,1862.470983,278.272143,3:15,5.28485,2.14985,5.76689,-41.90742,-0.88284,16.6428,1.86778,1.22717,75.2115,-7.657258,0.502417,0.460992,,,,,,,,,,,,-9.21339,0.05437,-1.95426,50,5.26688,4.54217,-121.04347,-1.28407,-13.38585,28.19309,-32.09503,LOU_CAR,MOR_EAG,JimPatterson,D1,ACC,20260303-JimPatterson-1,15f75b20-1754-11f1-b6f1-3bca4f3249f3,81.76371,,,8.33742,,,,,,,4c216075-8757-4a7e-8832-fbd2b61f9361,2026-03-03,22:55:33.23,2026-03-03T17:55:33.2370000-05:00,2026-03-03T22:55:33.2370000Z,,v3,471341,471366,ea8a05dd47fb4949855474378ed738c7,"Nugent, Jimmy",838635,Right,LOU_CAR,da03ed9f-eebf-4395-b4c2-3a89c81b2dba,54.72932,-122.14004,14.09655,5.29255,-0.03573,-16.04751,-2.14105,5.06282,-6.69292,,,,,,,,,,,,,,,,,,,,,,,,,,,,,,,,,,,,,,,,,,,,,,,,,,,High,High,High,,,,,,,,,,,,,,,,,,,,,,,,,,,,,,,,,,,,,,,
258,2026-03-03,17:55:50.68,7,2,"Brown, Jack",815356,Right,LOU_CAR,"Kearns, Aubrey",10004985,Left,MOR_EAG,Undefined,7,Top,2,0,1,Cutter,Slider,FoulBallNotFieldable,Undefined,Undefined,Undefined,0,0,,85.04822,-0.806768,-1.813834,2078.292869,176.423562,12:00,5.38558,2.0734,5.29352,-31.97187,7.65477,-0.39827,1.96333,0.33659,77.75606,-6.670768,-1.884525,0.45307,,,,,,,,,,,,-0.32024,4.43071,-1.90801,50,5.28891,3.92365,-123.36383,-2.88223,-0.49194,25.27208,-25.3679,LOU_CAR,MOR_EAG,JimPatterson,D1,ACC,20260303-JimPatterson-1,205c2f00-1754-11f1-b6f1-3bca4f3249f3,83.1935,,,7.29216,,,,,,,4c216075-8757-4a7e-8832-fbd2b61f9361,2026-03-03,22:55:50.68,2026-03-03T17:55:50.6810000-05:00,2026-03-03T22:55:50.6810000Z,,v3,471341,471366,ea8a05dd47fb4949855474378ed738c7,"Nugent, Jimmy",838635,Right,LOU_CAR,2d68a627-7f46-4e7e-b757-3d3fd6e9ed80,55.2052,-124.42559,12.63604,5.38761,-1.81644,-12.68395,-2.07329,3.94432,-0.24597,,,,,,,,,,,,,,,,,,,,,,,,,,,,,,,,,,,,,,,,,,,,,,,,,,,High,High,High,,,,,,,,,,,,,,,,,,,,,,,,,,,,,,,,,,,,,,,
259,2026-03-03,17:56:18.10,7,3,"Brown, Jack",815356,Right,LOU_CAR,"Kearns, Aubrey",10004985,Left,MOR_EAG,Undefined,7,Top,2,0,2,Sinker,Sinker,BallCalled,Undefined,Undefined,Undefined,0,0,,90.03986,-1.41663,-1.641641,2174.355096,262.613553,2:45,5.22255,2.10222,5.78337,-31.16891,3.31768,17.53025,1.30634,2.03531,82.87111,-7.147356,1.502598,0.422665,,,,,,,,,,,,-9.35583,2.41437,-1.9773,50,5.087,2.98825,-130.80611,-4.36817,-16.25762,26.82992,-27.97863,LOU_CAR,MOR_EAG,JimPatterson,D1,ACC,20260303-JimPatterson-1,30b07b40-1754-11f1-b6f1-3bca4f3249f3,89.17799,,,7.16875,,,,,,,4c216075-8757-4a7e-8832-fbd2b61f9361,2026-03-03,22:56:18.10,2026-03-03T17:56:18.1080000-05:00,2026-03-03T22:56:18.1080000Z,,v3,471341,471366,ea8a05dd47fb4949855474378ed738c7,"Nugent, Jimmy",838635,Right,LOU_CAR,64a1f838-6a5c-428f-826b-511b16c9d6ea,54.71672,-131.77002,13.41496,5.22588,-3.363,-13.98931,-2.09515,3.57234,-8.12881,,,,,,,,,,,,,,,,,,,,,,,,,,,,,,,,,,,,,,,,,,,,,,,,,,,High,High,High,,,,,,,,,,,,,,,,,,,,,,,,,,,,,,,,,,,,,,,
260,2026-03-03,17:56:40.94,7,4,"Brown, Jack",815356,Right,LOU_CAR,"Kearns, Aubrey",10004985,Left,MOR_EAG,Undefined,7,Top,2,1,2,Curveball,Curveball,BallCalled,Undefined,Undefined,Undefined,0,0,,79.67431,1.238436,-2.513598,2387.738219,51.810232,7:45,5.38298,2.10635,5.22308,-55.01499,-9.06457,-13.58757,1.96403,-1.39064,72.2786,-8.733307,-4.920405,0.487883,,,,,,,,,,,,5.9337,-4.43595,-1.86387,50,5.45623,5.62789,-115.38087,0.5055,7.85098,25.17177,-38.04333,LOU_CAR,MOR_EAG,JimPatterson,D1,ACC,20260303-JimPatterson-1,3e586c30-1754-11f1-b6f1-3bca4f3249f3,77.25705,,,7.39571,,,,,,,4c216075-8757-4a7e-8832-fbd2b61f9361,2026-03-03,22:56:40.94,2026-03-03T17:56:40.9400000-05:00,2026-03-03T22:56:40.9400000Z,,v3,471341,471366,ea8a05dd47fb4949855474378ed738c7,"Nugent, Jimmy",838635,Right,LOU_CAR,c1d541c4-3e4c-467c-9dc5-39f35aca21ac,55.27646,-116.52631,12.58588,5.39384,2.23666,-19.02166,-2.11184,5.27063,3.92549,,,,,,,,,,,,,,,,,,,,,,,,,,,,,,,,,,,,,,,,,,,,,,,,,,,High,High,High,,,,,,,,,,,,,,,,,,,,,,,,,,,,,,,,,,,,,,,
261,2026-03-03,17:57:05.44,7,5,"Brown, Jack",815356,Right,LOU_CAR,"Kearns, Aubrey",10004985,Left,MOR_EAG,Undefined,7,Top,2,2,2,Sinker,Sinker,FoulBallNotFieldable,Undefined,Undefined,Undefined,0,0,,88.76704,0.187877,-2.850606,2220.667722,254.591098,2:30,5.28251,2.00442,5.79156,-29.84332,6.08461,17.60347,2.97055,0.81746,80.43212,-5.360256,0.300561,0.431407,68.92286,42.789914,-150.065334,4614.734475,-97.20494,44.98161,-51.48931,176.17311,75.35083,-154.528263,2.965567,-9.85697,3.40043,-1.7804,50,5.28018,5.65694,-128.7303,-0.61503,-16.382,29.11146,-26.52259,LOU_CAR,MOR_EAG,JimPatterson,D1,ACC,20260303-JimPatterson-1,4ce73ab0-1754-11f1-b6f1-3bca4f3249f3,87.37091,46.53913,,8.33493,,,,0.53747,3.06062,-0.86953,4c216075-8757-4a7e-8832-fbd2b61f9361,2026-03-03,22:57:05.44,2026-03-03T17:57:05.4480000-05:00,2026-03-03T22:57:05.4480000Z,FlyBall,v3,471341,471366,ea8a05dd47fb4949855474378ed738c7,"Nugent, Jimmy",838635,Right,LOU_CAR,41306d68-28bf-4640-af9c-3dbcff107f23,54.70732,-129.79047,14.55573,5.28499,0.35085,-13.26129,-1.99728,6.25353,-8.191,10.64734,0.53759,-64.2924,1.78615,0.90406,0.07839,-0.28311,0.15377,-0.03622,0.0032,3.06054,68.67195,-31.64832,4.27554,-0.68714,0.02893,0.01652,-0.00205,-8E-05,-0.86943,-37.02372,3.52842,0.10743,0.25597,-0.29229,0.14366,-0.03314,0.00292,,,,,,,,,,,,,,,,,,,,,,,High,High,High,High,Low,,,,,,,,,,,,,,,,,,,,,,,,,,,,,,,,,,,73.0342,13.29412,4.56143
262,2026-03-03,17:57:30.25,7,6,"Brown, Jack",815356,Right,LOU_CAR,"Kearns, Aubrey",10004985,Left,MOR_EAG,Undefined,7,Top,2,2,2,ChangeUp,Changeup,BallCalled,Undefined,Undefined,Undefined,0,0,,83.56427,2.15695,-0.788047,1750.134381,257.275045,2:30,5.32763,2.16867,5.86233,-35.56258,5.49548,17.32462,4.36902,2.88025,74.51835,-4.499443,2.318457,0.46118,,,,,,,,,,,,-8.98422,2.55721,-2.11421,50,5.4826,0.93096,-120.99805,3.38984,-12.98214,29.17619,-28.47891,LOU_CAR,MOR_EAG,JimPatterson,D1,ACC,20260303-JimPatterson-1,5bb2eb20-1754-11f1-b6f1-3bca4f3249f3,81.73041,,,9.04592,,,,,,,4c216075-8757-4a7e-8832-fbd2b61f9361,2026-03-03,22:57:30.25,2026-03-03T17:57:30.2560000-05:00,2026-03-03T22:57:30.2560000Z,,v3,471341,471366,ea8a05dd47fb4949855474378ed738c7,"Nugent, Jimmy",838635,Right,LOU_CAR,c8048079-9c5e-4d61-94bf-e2da23052248,54.63123,-122.10966,14.58809,5.33277,4.47489,-14.23946,-2.15911,1.42558,-6.49107,,,,,,,,,,,,,,,,,,,,,,,,,,,,,,,,,,,,,,,,,,,,,,,,,,,High,High,High,,,,,,,,,,,,,,,,,,,,,,,,,,,,,,,,,,,,,,,
263,2026-03-03,17:57:52.80,7,7,"Brown, Jack",815356,Right,LOU_CAR,"Kearns, Aubrey",10004985,Left,MOR_EAG,Undefined,7,Top,2,3,2,ChangeUp,Slider,BallCalled,Walk,Undefined,Undefined,0,0,,84.49319,0.203158,-0.80943,2039.679049,275.727038,3:15,5.3347,1.99559,5.32072,-39.63526,1.17264,3.68988,2.22244,1.54342,75.90363,-7.077109,-0.153399,0.459773,,,,,,,,,,,,-2.10969,1.00665,-1.92504,50,5.32499,1.56512,-122.35775,-1.02678,-3.1292,29.0066,-30.68094,LOU_CAR,MOR_EAG,JimPatterson,D1,ACC,20260303-JimPatterson-1,69252610-1754-11f1-b6f1-3bca4f3249f3,81.98052,,,8.58956,,,,,,,4c216075-8757-4a7e-8832-fbd2b61f9361,2026-03-03,22:57:52.80,2026-03-03T17:57:52.8030000-05:00,2026-03-03T22:57:52.8030000Z,,v3,471341,471366,ea8a05dd47fb4949855474378ed738c7,"Nugent, Jimmy",838635,Right,LOU_CAR,67ab938a-b41b-4f27-9872-5b62613e3a28,55.174,-123.57823,14.5033,5.34103,0.26414,-15.34047,-1.99366,1.69679,-1.5646,,,,,,,,,,,,,,,,,,,,,,,,,,,,,,,,,,,,,,,,,,,,,,,,,,,High,High,High,,,,,,,,,,,,,,,,,,,,,,,,,,,,,,,,,,,,,,,
264,2026-03-03,17:58:26.86,8,1,"Brown, Jack",815356,Right,LOU_CAR,"Germann, Davis",10326206,Right,MOR_EAG,Undefined,7,Top,2,0,0,Curveball,Curveball,BallCalled,Undefined,Undefined,Undefined,0,0,,78.99596,2.490284,-0.173476,2489.918257,37.349745,7:15,5.46365,1.87892,5.04719,-55.72322,-8.99453,-8.08516,3.17044,1.04153,71.70936,-7.603994,-1.60316,0.491998,,,,,,,,,,,,3.92532,-4.68107,-1.85571,50,5.65673,0.68943,-114.45692,2.9161,5.14895,23.32962,-38.31429,LOU_CAR,MOR_EAG,JimPatterson,D1,ACC,20260303-JimPatterson-1,7d875970-1754-11f1-b6f1-3bca4f3249f3,76.61099,,,7.28659,,,,,,,4c216075-8757-4a7e-8832-fbd2b61f9361,2026-03-03,22:58:26.86,2026-03-03T17:58:26.8640000-05:00,2026-03-03T22:58:26.8640000Z,,v3,471341,471366,ea8a05dd47fb4949855474378ed738c7,"Nugent, Jimmy",838635,Right,LOU_CAR,6bf26b51-6110-4f87-ac06-1f84210eba87,55.45214,-115.56288,11.66481,5.47544,4.73242,-19.15715,-1.88261,0.44534,2.57448,,,,,,,,,,,,,,,,,,,,,,,,,,,,,,,,,,,,,,,,,,,,,,,,,,,High,High,High,,,,,,,,,,,,,,,,,,,,,,,,,,,,,,,,,,,,,,,
265,2026-03-03,17:58:45.82,8,2,"Brown, Jack",815356,Right,LOU_CAR,"Germann, Davis",10326206,Right,MOR_EAG,Undefined,7,Top,2,1,0,Sinker,Sinker,StrikeCalled,Undefined,Undefined,Undefined,0,0,,89.86422,-1.115479,-2.403037,2155.460587,250.316131,2:15,5.43422,1.86422,5.85363,-29.05124,6.16965,13.64918,1.97579,0.76756,81.03513,-6.526151,0.045521,0.427141,,,,,,,,,,,,-7.68441,3.92036,-1.67659,50,5.32696,4.8573,-130.21266,-3.55473,-12.97754,31.51592,-25.5533,LOU_CAR,MOR_EAG,JimPatterson,D1,ACC,20260303-JimPatterson-1,88ea6370-1754-11f1-b6f1-3bca4f3249f3,88.24353,,,8.82909,,,,,,,4c216075-8757-4a7e-8832-fbd2b61f9361,2026-03-03,22:58:45.82,2026-03-03T17:58:45.8230000-05:00,2026-03-03T22:58:45.8230000Z,,v3,471341,471366,ea8a05dd47fb4949855474378ed738c7,"Nugent, Jimmy",838635,Right,LOU_CAR,8b5fd856-52e9-464f-8aff-11a65bc93ad1,54.64181,-131.33133,15.75796,5.43703,-2.64771,-12.77665,-1.85718,5.31794,-6.48877,,,,,,,,,,,,,,,,,,,,,,,,,,,,,,,,,,,,,,,,,,,,,,,,,,,High,High,High,,,,,,,,,,,,,,,,,,,,,,,,,,,,,,,,,,,,,,,
266,2026-03-03,17:59:04.32,8,3,"Brown, Jack",815356,Right,LOU_CAR,"Germann, Davis",10326206,Right,MOR_EAG,Undefined,7,Top,2,1,1,Sinker,Sinker,FoulBallNotFieldable,Undefined,Undefined,Undefined,0,0,,89.12756,-0.808832,-1.870291,2128.306475,246.728454,2:15,5.4929,1.82694,5.99043,-28.56234,7.25733,13.67611,2.36266,1.23268,79.85294,-6.166531,0.590008,0.430757,,,,,,,,,,,,-7.63902,4.41091,-1.68678,50,5.4137,3.62987,-129.15777,-2.77767,-12.59847,32.83448,-24.89946,LOU_CAR,MOR_EAG,JimPatterson,D1,ACC,20260303-JimPatterson-1,93c5c6e0-1754-11f1-b6f1-3bca4f3249f3,87.50282,,,9.27462,,,,,,,4c216075-8757-4a7e-8832-fbd2b61f9361,2026-03-03,22:59:04.32,2026-03-03T17:59:04.3230000-05:00,2026-03-03T22:59:04.3230000Z,,v3,471341,471366,ea8a05dd47fb4949855474378ed738c7,"Nugent, Jimmy",838635,Right,LOU_CAR,e15e45ab-7987-45b6-be8b-83861b36048e,54.50504,-130.29801,16.41724,5.49514,-1.91299,-12.44973,-1.82043,4.06738,-6.29924,,,,,,,,,,,,,,,,,,,,,,,,,,,,,,,,,,,,,,,,,,,,,,,,,,,High,High,High,,,,,,,,,,,,,,,,,,,,,,,,,,,,,,,,,,,,,,,
267,2026-03-03,17:59:31.83,8,4,"Brown, Jack",815356,Right,LOU_CAR,"Germann, Davis",10326206,Right,MOR_EAG,Undefined,7,Top,2,1,2,Cutter,Slider,FoulBallNotFieldable,Undefined,Undefined,Undefined,0,0,,84.64217,0.684357,-1.916333,2119.540116,141.760089,10:45,5.44993,1.86413,5.07361,-35.75892,4.97189,-2.79154,3.1156,-0.17582,76.54648,-5.864334,-2.409423,0.459339,72.60718,38.650281,148.272932,3815.133106,-99.60144,46.73249,46.68545,215.42224,64.65556,157.44131,3.070184,0.78496,2.65445,-1.68001,50,5.48688,4.22535,-122.58988,0.13489,1.1793,27.1189,-28.18611,LOU_CAR,MOR_EAG,JimPatterson,D1,ACC,20260303-JimPatterson-1,a4373810-1754-11f1-b6f1-3bca4f3249f3,82.05807,46.87535,,8.09569,,,,0.60393,3.00158,0.0608,4c216075-8757-4a7e-8832-fbd2b61f9361,2026-03-03,22:59:31.83,2026-03-03T17:59:31.8340000-05:00,2026-03-03T22:59:31.8340000Z,FlyBall,v3,471341,471366,ea8a05dd47fb4949855474378ed738c7,"Nugent, Jimmy",838635,Right,LOU_CAR,3da2e044-cc5d-48ac-ae16-02f20cc8e82f,55.42344,-123.78382,13.55945,5.45363,1.37582,-14.09305,-1.8649,4.17344,0.58965,,0.60331,-70.71279,4.2948,-0.81608,-0.51445,0.52239,-0.22217,0.04719,-0.00397,3.00285,66.45962,-28.82102,2.47846,0.91353,-0.99061,0.41794,-0.0876,0.00724,0.06171,43.69899,-14.12998,4.93329,-0.64936,-0.30162,0.19895,-0.04623,0.00393,,,,,,,,,,,,,,,,,,,,,,,High,High,High,High,Low,,,,,,,,,,,,,,,,,,,,,,,,,,,,,,,,,,,,,
268,2026-03-03,17:59:53.95,8,5,"Brown, Jack",815356,Right,LOU_CAR,"Germann, Davis",10326206,Right,MOR_EAG,Undefined,7,Top,2,1,2,Sinker,Sinker,HitByPitch,Undefined,Undefined,Undefined,0,1,,88.46955,-0.155244,-1.043081,2217.065016,244.892954,2:15,5.51512,1.67538,5.96941,-28.11978,7.59697,13.7193,3.02784,1.85148,80.59529,-5.400388,1.424082,0.430138,,,,,,,,,,,,-7.42874,4.27103,-1.60071,50,5.48711,1.78534,-128.52979,-1.27983,-12.34898,28.19889,-25.07422,LOU_CAR,MOR_EAG,JimPatterson,D1,ACC,20260303-JimPatterson-1,b153d8f0-1754-11f1-b6f1-3bca4f3249f3,87.6288,,,7.87426,,,,,,,4c216075-8757-4a7e-8832-fbd2b61f9361,2026-03-03,22:59:53.95,2026-03-03T17:59:53.9590000-05:00,2026-03-03T22:59:53.9590000Z,,v3,471341,471366,ea8a05dd47fb4949855474378ed738c7,"Nugent, Jimmy",838635,Right,LOU_CAR,960d8bec-afa4-4466-833a-8d2be4165e51,54.53071,-129.52,14.09945,5.51659,-0.39934,-12.53711,-1.67102,2.21897,-6.17449,,,,,,,,,,,,,,,,,,,,,,,,,,,,,,,,,,,,,,,,,,,,,,,,,,,High,High,High,,,,,,,,,,,,,,,,,,,,,,,,,,,,,,,,,,,,,,,
269,2026-03-03,18:03:37.78,9,1,"Murphy, Casen",830781,Left,LOU_CAR,"Kean, Alex",10148157,Left,MOR_EAG,Undefined,7,Top,2,0,0,Fastball,Four-Seam,BallCalled,Undefined,Undefined,Undefined,0,0,,87.50255,-2.938071,4.212075,2507.777005,154.421226,11:15,5.66303,-1.20503,4.64268,-23.19159,15.10536,-6.66213,0.92838,2.24969,80.53218,-7.158414,3.048136,0.445403,,,,,,,,,,,,4.34264,8.50646,0.7796,50,5.34068,-8.99738,-126.46712,-7.39551,7.08317,24.07442,-18.29944,LOU_CAR,MOR_EAG,JimPatterson,D1,ACC,20260303-JimPatterson-1,36c95820-1755-11f1-b6f1-3bca4f3249f3,84.62539,,,6.97037,,,,,,,4c216075-8757-4a7e-8832-fbd2b61f9361,2026-03-03,23:03:37.78,2026-03-03T18:03:37.7880000-05:00,2026-03-03T23:03:37.7880000Z,,v3,471341,471366,ea8a05dd47fb4949855474378ed738c7,"Nugent, Jimmy",838635,Right,LOU_CAR,f4eef0f5-35da-42e5-88cd-e1a8cb819b6b,55.85533,-127.57688,12.03721,5.66215,-6.55196,-9.14972,1.20188,-9.32389,3.54158,,,,,,,,,,,,,,,,,,,,,,,,,,,,,,,,,,,,,,,,,,,,,,,,,,,High,High,High,,,,,,,,,,,,,,,,,,,,,,,,,,,,,,,,,,,,,,,
270,2026-03-03,18:03:54.13,9,2,"Murphy, Casen",830781,Left,LOU_CAR,"Kean, Alex",10148157,Left,MOR_EAG,Undefined,7,Top,2,1,0,Cutter,Slider,BallCalled,Undefined,Undefined,Undefined,0,0,,83.81716,-2.382987,3.265752,2533.899804,103.043323,9:30,5.48279,-1.10417,5.37719,-37.69872,2.99969,-7.3893,0.10234,1.3449,77.17622,-9.227655,1.951871,0.459156,,,,,,,,,,,,4.65366,2.52847,0.81698,50,5.24216,-6.62398,-121.42807,-6.40749,6.94535,23.86781,-28.40043,LOU_CAR,MOR_EAG,JimPatterson,D1,ACC,20260303-JimPatterson-1,408c46b0-1755-11f1-b6f1-3bca4f3249f3,82.09076,,,6.64094,,,,,,,4c216075-8757-4a7e-8832-fbd2b61f9361,2026-03-03,23:03:54.13,2026-03-03T18:03:54.1350000-05:00,2026-03-03T23:03:54.1350000Z,,v3,471341,471366,ea8a05dd47fb4949855474378ed738c7,"Nugent, Jimmy",838635,Right,LOU_CAR,99dd80f5-61e2-4f6b-994b-84da496274fa,55.12283,-122.43087,11.9339,5.48631,-5.21426,-14.20021,1.10142,-6.91579,3.47267,,,,,,,,,,,,,,,,,,,,,,,,,,,,,,,,,,,,,,,,,,,,,,,,,,,High,High,High,,,,,,,,,,,,,,,,,,,,,,,,,,,,,,,,,,,,,,,
271,2026-03-03,18:04:14.07,9,3,"Murphy, Casen",830781,Left,LOU_CAR,"Kean, Alex",10148157,Left,MOR_EAG,Undefined,7,Top,2,2,0,Fastball,Four-Seam,BallCalled,Undefined,Undefined,Undefined,0,0,,88.15929,-1.851439,3.760889,2534.652136,154.497997,11:15,5.75374,-1.06392,4.46088,-21.69714,16.2382,-7.18115,2.17595,1.92866,80.87572,-5.815826,2.509701,0.443295,,,,,,,,,,,,4.45142,8.71729,0.67384,50,5.53771,-8.02812,-127.52162,-4.97241,7.37503,24.7158,-17.73142,LOU_CAR,MOR_EAG,JimPatterson,D1,ACC,20260303-JimPatterson-1,4c6ce520-1755-11f1-b6f1-3bca4f3249f3,85.0278,,,7.28357,,,,,,,4c216075-8757-4a7e-8832-fbd2b61f9361,2026-03-03,23:04:14.07,2026-03-03T18:04:14.0740000-05:00,2026-03-03T23:04:14.0740000Z,,v3,471341,471366,ea8a05dd47fb4949855474378ed738c7,"Nugent, Jimmy",838635,Right,LOU_CAR,b8e8d8f6-d349-41c8-84b2-0dec557cb492,56.03614,-128.68621,12.3579,5.75232,-4.13693,-8.86571,1.06031,-8.37563,3.68751,,,,,,,,,,,,,,,,,,,,,,,,,,,,,,,,,,,,,,,,,,,,,,,,,,,High,High,High,,,,,,,,,,,,,,,,,,,,,,,,,,,,,,,,,,,,,,,
272,2026-03-03,18:04:28.62,9,4,"Murphy, Casen",830781,Left,LOU_CAR,"Kean, Alex",10148157,Left,MOR_EAG,Undefined,7,Top,2,3,0,Fastball,Four-Seam,StrikeCalled,Undefined,Undefined,Undefined,0,0,,87.31071,-2.112166,2.363498,2592.336472,156.367706,11:15,5.66873,-1.25167,4.54339,-23.66541,14.93737,-5.99414,1.68318,0.50018,79.95619,-6.432194,1.314861,0.447178,,,,,,,,,,,,3.56225,8.22107,1.01155,50,5.42707,-4.92931,-126.41099,-5.5805,5.7764,25.25357,-18.84305,LOU_CAR,MOR_EAG,JimPatterson,D1,ACC,20260303-JimPatterson-1,550cd780-1755-11f1-b6f1-3bca4f3249f3,84.28955,,,7.35452,,,,,,,4c216075-8757-4a7e-8832-fbd2b61f9361,2026-03-03,23:04:28.62,2026-03-03T18:04:28.6230000-05:00,2026-03-03T23:04:28.6230000Z,,v3,471341,471366,ea8a05dd47fb4949855474378ed738c7,"Nugent, Jimmy",838635,Right,LOU_CAR,398dea44-b7a0-4ed0-849a-ac6c0e4a991f,55.954,-127.5949,12.62679,5.66798,-4.69712,-9.42153,1.24899,-5.20011,2.8882,,,,,,,,,,,,,,,,,,,,,,,,,,,,,,,,,,,,,,,,,,,,,,,,,,,High,High,High,,,,,,,,,,,,,,,,,,,,,,,,,,,,,,,,,,,,,,,
273,2026-03-03,18:04:43.73,9,5,"Murphy, Casen",830781,Left,LOU_CAR,"Kean, Alex",10148157,Left,MOR_EAG,Undefined,7,Top,2,3,1,Fastball,Four-Seam,StrikeSwinging,Undefined,Undefined,Undefined,0,0,,88.34225,-1.068451,1.113031,2555.057786,169.673706,11:45,5.70948,-1.0321,4.36002,-20.78525,17.10761,-2.89701,2.95646,-0.2102,80.72453,-4.88468,0.607646,0.443047,,,,,,,,,,,,1.70106,8.92115,0.91575,50,5.57512,-2.34245,-128.00156,-3.1944,2.82813,25.90032,-17.3419,LOU_CAR,MOR_EAG,JimPatterson,D1,ACC,20260303-JimPatterson-1,5e14b370-1755-11f1-b6f1-3bca4f3249f3,85.07544,,,7.61772,,,,,,,4c216075-8757-4a7e-8832-fbd2b61f9361,2026-03-03,23:04:43.73,2026-03-03T18:04:43.7310000-05:00,2026-03-03T23:04:43.7310000Z,,v3,471341,471366,ea8a05dd47fb4949855474378ed738c7,"Nugent, Jimmy",838635,Right,LOU_CAR,11e641c5-4a07-45ef-a509-cb282f80b5b1,56.13665,-129.23731,12.95016,5.70779,-2.36699,-8.67095,1.03074,-2.47739,1.41407,,,,,,,,,,,,,,,,,,,,,,,,,,,,,,,,,,,,,,,,,,,,,,,,,,,High,High,High,,,,,,,,,,,,,,,,,,,,,,,,,,,,,,,,,,,,,,,
274,2026-03-03,18:05:00.42,9,6,"Murphy, Casen",830781,Left,LOU_CAR,"Kean, Alex",10148157,Left,MOR_EAG,Undefined,7,Top,2,3,2,Fastball,Four-Seam,BallCalled,Walk,Undefined,Undefined,0,1,,87.2168,-3.540814,2.49785,2556.445414,155.180506,11:15,5.70389,-1.18911,4.48902,-23.18974,16.16265,-6.81252,0.38962,0.62505,79.02508,-7.786571,1.30697,0.451499,,,,,,,,,,,,4.09272,9.36701,0.93361,50,5.31007,-5.16379,-125.91039,-8.68025,6.49863,28.16357,-17.30059,LOU_CAR,MOR_EAG,JimPatterson,D1,ACC,20260303-JimPatterson-1,680a98e0-1755-11f1-b6f1-3bca4f3249f3,83.48284,,,8.19172,,,,,,,4c216075-8757-4a7e-8832-fbd2b61f9361,2026-03-03,23:05:00.42,2026-03-03T18:05:00.4280000-05:00,2026-03-03T23:05:00.4280000Z,,v3,471341,471366,ea8a05dd47fb4949855474378ed738c7,"Nugent, Jimmy",838635,Right,LOU_CAR,3bd05fdd-1c0f-4017-b034-cfea148a5efc,56.00725,-127.247,14.08179,5.70254,-7.85918,-8.65029,1.18599,-5.47221,3.24931,,,,,,,,,,,,,,,,,,,,,,,,,,,,,,,,,,,,,,,,,,,,,,,,,,,High,High,High,,,,,,,,,,,,,,,,,,,,,,,,,,,,,,,,,,,,,,,
275,2026-03-03,18:05:29.60,10,1,"Murphy, Casen",830781,Left,LOU_CAR,"Dutton, JJ",1000279097,Right,MOR_EAG,Undefined,7,Top,2,0,0,Curveball,Curveball,StrikeCalled,Undefined,Undefined,Undefined,0,0,,79.12465,3.452002,-0.396501,2504.225853,329.722191,5:00,5.63408,-1.0951,4.22574,-67.16641,-19.24659,12.16327,3.34647,-0.46117,72.07172,-8.472855,1.7225,0.498229,,,,,,,,,,,,-5.92335,-9.70898,1.1251,50,5.94214,0.23237,-114.52616,4.11747,-7.80592,22.68795,-44.96874,LOU_CAR,MOR_EAG,JimPatterson,D1,ACC,20260303-JimPatterson-1,79814510-1755-11f1-b6f1-3bca4f3249f3,75.65284,,,7.05293,,,,,,,4c216075-8757-4a7e-8832-fbd2b61f9361,2026-03-03,23:05:29.60,2026-03-03T18:05:29.6090000-05:00,2026-03-03T23:05:29.6090000Z,,v3,471341,471366,ea8a05dd47fb4949855474378ed738c7,"Nugent, Jimmy",838635,Right,LOU_CAR,868bd4ac-d88f-4c12-adf9-59f0ace17dd8,56.27799,-115.76317,11.34398,5.6508,6.56929,-22.48437,1.10083,0.65797,-3.90296,,,,,,,,,,,,,,,,,,,,,,,,,,,,,,,,,,,,,,,,,,,,,,,,,,,High,High,High,,,,,,,,,,,,,,,,,,,,,,,,,,,,,,,,,,,,,,,
276,2026-03-03,18:05:46.56,10,2,"Murphy, Casen",830781,Left,LOU_CAR,"Dutton, JJ",1000279097,Right,MOR_EAG,Undefined,7,Top,2,0,1,Curveball,Curveball,StrikeSwinging,Undefined,Undefined,Undefined,0,0,,79.17663,0.948502,0.589439,2558.723054,334.622983,5:15,5.6073,-1.14156,4.38089,-67.88586,-20.07304,10.3065,0.85596,0.28016,72.24931,-11.097952,2.396228,0.497672,,,,,,,,,,,,-4.80638,-9.57595,1.06762,50,5.64036,-1.63819,-114.71566,-0.84421,-6.2985,24.505,-44.72286,LOU_CAR,MOR_EAG,JimPatterson,D1,ACC,20260303-JimPatterson-1,83914230-1755-11f1-b6f1-3bca4f3249f3,75.73747,,,6.92732,,,,,,,4c216075-8757-4a7e-8832-fbd2b61f9361,2026-03-03,23:05:46.56,2026-03-03T18:05:46.5670000-05:00,2026-03-03T23:05:46.5670000Z,,v3,471341,471366,ea8a05dd47fb4949855474378ed738c7,"Nugent, Jimmy",838635,Right,LOU_CAR,21dd8dcd-2e88-4022-bc78-c84e43a7f9b2,56.12246,-116.01614,12.2525,5.62218,1.52923,-22.36143,1.14569,-1.30392,-3.14925,,,,,,,,,,,,,,,,,,,,,,,,,,,,,,,,,,,,,,,,,,,,,,,,,,,High,High,High,,,,,,,,,,,,,,,,,,,,,,,,,,,,,,,,,,,,,,,
277,2026-03-03,18:06:04.96,10,3,"Murphy, Casen",830781,Left,LOU_CAR,"Dutton, JJ",1000279097,Right,MOR_EAG,Undefined,7,Top,2,0,2,Curveball,Curveball,StrikeSwinging,Strikeout,Undefined,Undefined,0,0,,80.15838,1.079923,0.401838,2393.646847,326.993114,5:00,5.60959,-1.05083,4.20369,-65.77421,-18.93548,13.33264,1.16306,0.44517,73.21652,-10.559945,2.730243,0.492577,,,,,,,,,,,,-6.31729,-9.07044,0.99163,50,5.65834,-1.42019,-116.1354,-0.54124,-8.50909,24.54134,-44.39152,LOU_CAR,MOR_EAG,JimPatterson,D1,ACC,20260303-JimPatterson-1,8e8536b0-1755-11f1-b6f1-3bca4f3249f3,76.52094,,,6.94186,,,,,,,4c216075-8757-4a7e-8832-fbd2b61f9361,2026-03-03,23:06:04.96,2026-03-03T18:06:04.9610000-05:00,2026-03-03T23:06:04.9610000Z,,v3,471341,471366,ea8a05dd47fb4949855474378ed738c7,"Nugent, Jimmy",838635,Right,LOU_CAR,f1365eef-2aab-4f5b-abcb-3d5b294ce583,56.29991,-117.45913,12.27067,5.62295,1.85319,-22.19576,1.05586,-0.96122,-4.25454,,,,,,,,,,,,,,,,,,,,,,,,,,,,,,,,,,,,,,,,,,,,,,,,,,,High,High,High,,,,,,,,,,,,,,,,,,,,,,,,,,,,,,,,,,,,,,,
278,2026-03-03,18:08:25.91,1,1,"Costa, Devin",10130954,Right,MOR_EAG,"Elam, Kade",834239,Right,LOU_CAR,Undefined,7,Bottom,0,0,0,Sinker,Changeup,FoulBallNotFieldable,Undefined,Undefined,Undefined,0,0,,76.15842,3.815853,-5.321886,1965.738404,266.728396,3:00,2.09596,4.17556,5.91006,-46.05518,2.57378,17.95139,1.82037,0.71767,69.27929,-4.683582,-2.123464,0.501902,,,,,,,,,,,,-10.7117,0.66555,-3.75802,50,2.37729,9.60815,-110.00969,5.99341,-13.12949,19.47799,-31.35827,LOU_CAR,MOR_EAG,JimPatterson,D1,ACC,20260303-JimPatterson-1,e2893d60-1755-11f1-b6f1-3bca4f3249f3,75.09922,,,6.87913,,,,,,,4c216075-8757-4a7e-8832-fbd2b61f9361,2026-03-03,23:08:25.91,2026-03-03T18:08:25.9150000-05:00,2026-03-03T23:08:25.9150000Z,,v3,471341,471366,ea8a05dd47fb4949855474378ed738c7,"Sheridan, Caden",10091036,Right,MOR_EAG,fb0bdff6-71ef-448c-9b7a-5332cbd7b245,54.59105,-110.81958,9.739,2.10097,7.29729,-15.67913,-4.16887,10.15408,-6.56474,,,,,,,,,,,,,,,,,,,,,,,,,,,,,,,,,,,,,,,,,,,,,,,,,,,High,High,High,,,,,,,,,,,,,,,,,,,,,,,,,,,,,,,,,,,,,,,
279,2026-03-03,18:08:43.83,1,2,"Costa, Devin",10130954,Right,MOR_EAG,"Elam, Kade",834239,Right,LOU_CAR,Undefined,7,Bottom,0,0,1,Slider,Curveball,BallCalled,Undefined,Undefined,Undefined,0,0,,63.10344,5.206062,-3.325211,2342.741054,120.417939,10:00,1.49154,3.77965,5.22016,-61.41547,12.55387,-16.98288,1.29015,-0.76549,56.86452,-6.085715,-6.310605,0.619009,,,,,,,,,,,,7.35079,5.29114,-3.45917,50,1.9289,5.84004,-90.872,6.66189,6.04305,15.40856,-27.82423,LOU_CAR,MOR_EAG,JimPatterson,D1,ACC,20260303-JimPatterson-1,ed4c84f0-1755-11f1-b6f1-3bca4f3249f3,60.89156,,,6.23892,,,,,,,4c216075-8757-4a7e-8832-fbd2b61f9361,2026-03-03,23:08:43.83,2026-03-03T18:08:43.8390000-05:00,2026-03-03T23:08:43.8390000Z,,v3,471341,471366,ea8a05dd47fb4949855474378ed738c7,"Sheridan, Caden",10091036,Right,MOR_EAG,c9e2c275-6d65-475d-92b5-841c067a89c5,55.27464,-91.76203,7.70428,1.49768,8.26907,-13.91212,-3.78642,5.49098,3.02153,,,,,,,,,,,,,,,,,,,,,,,,,,,,,,,,,,,,,,,,,,,,,,,,,,,High,High,High,,,,,,,,,,,,,,,,,,,,,,,,,,,,,,,,,,,,,,,
280,2026-03-03,18:08:58.43,1,3,"Costa, Devin",10130954,Right,MOR_EAG,"Elam, Kade",834239,Right,LOU_CAR,Undefined,7,Bottom,0,1,1,Slider,Curveball,InPlay,Undefined,Popup,Out,1,0,,62.71238,6.482899,-3.389593,2303.8188,122.253714,10:00,1.50624,3.83278,5.2485,-63.92602,12.0682,-14.51162,2.30798,-0.56548,55.67396,-5.322588,-5.93871,0.627425,64.04581,56.554012,-3.628986,,109.99774,76.91553,0.70524,159.95459,157.39264,1.230169,4.680361,6.02839,4.4187,-3.50982,50,2.05841,5.80254,-89.99571,8.57964,4.80267,16.54038,-28.65377,LOU_CAR,MOR_EAG,JimPatterson,D1,ACC,20260303-JimPatterson-1,f5fa8110-1755-11f1-b6f1-3bca4f3249f3,60.07483,85.27088,,7.03842,,,,2.66431,2.38014,0.38653,4c216075-8757-4a7e-8832-fbd2b61f9361,2026-03-03,23:08:58.43,2026-03-03T18:08:58.4310000-05:00,2026-03-03T23:08:58.4310000Z,Popup,v3,471341,471366,ea8a05dd47fb4949855474378ed738c7,"Sheridan, Caden",10091036,Right,MOR_EAG,87e9eb7f-5762-4463-8fde-29adc61dcd7b,55.24578,-90.95473,8.27019,1.5128,10.24099,-14.32689,-3.83818,5.52407,2.40134,186.867715,2.66643,51.60356,-11.47395,2.94772,-0.00243,-0.31734,0.11982,-0.01935,0.00118,2.36766,78.65425,-22.62455,3.77563,-1.92409,0.76304,-0.1712,0.01879,-0.00077,0.38557,-3.25172,2.13917,-0.40586,-0.10328,0.10452,-0.03302,0.00483,-0.00027,,,,,,,,,,,,,,,,,,,,,,,High,High,High,High,Low,,,,,,,,,,,,,,,,,,,,,,,,,,,,,,,,,,,,,
281,2026-03-03,18:09:38.75,2,1,"Costa, Devin",10130954,Right,MOR_EAG,"Alicea, Alex",822712,Left,LOU_CAR,Undefined,7,Bottom,1,0,0,Sinker,Changeup,InPlay,Undefined,FlyBall,Double,0,0,,76.12997,4.299016,-5.560775,2007.511348,271.010903,3:00,2.03376,4.14293,5.67708,-48.31184,1.40177,20.09493,2.04197,0.61724,68.44045,-4.59816,-1.998847,0.507468,79.2847,27.19023,-29.558341,4650.751792,89.78078,39.78238,-63.55541,250.2964,246.34027,-42.261195,3.323768,-11.89627,-0.13043,-3.68582,50,2.36814,9.92451,-109.69848,6.7781,-14.3443,21.3027,-32.33134,LOU_CAR,MOR_EAG,JimPatterson,D1,ACC,20260303-JimPatterson-1,0df4a840-1756-11f1-b6f1-3bca4f3249f3,74.27543,41.60107,,7.68951,,,,1.67084,2.06373,-0.62974,4c216075-8757-4a7e-8832-fbd2b61f9361,2026-03-03,23:09:38.75,2026-03-03T18:09:38.7510000-05:00,2026-03-03T23:09:38.7510000Z,LineDrive,v3,471341,471366,ea8a05dd47fb4949855474378ed738c7,"Sheridan, Caden",10091036,Right,MOR_EAG,430984d6-5447-464d-92a4-b006da7f67c2,54.82246,-110.631,10.65135,2.04045,8.1934,-16.16567,-4.13401,10.55243,-7.17215,120.270626,1.67051,89.98409,-18.52186,4.50872,-1.17691,0.34187,-0.09409,0.01607,-0.00112,2.06397,53.1275,-19.61154,1.2484,0.02614,-0.10231,0.03999,-0.00646,0.00037,-0.62966,-51.02799,-2.04656,1.64167,-0.52302,0.10255,-0.01068,-7E-05,8E-05,,,,,,,,,,,,,,,,,,,,,,,High,High,High,High,Medium,,,,,,,,,,,,,,,,,,,,,,,,,,,,,,,,,,,64.34967,6.60885,-4.4261
282,2026-03-03,18:10:34.23,3,1,"Costa, Devin",10130954,Right,MOR_EAG,"Moore, Lucas",806169,Left,LOU_CAR,Undefined,7,Bottom,1,0,0,Sinker,Changeup,BallCalled,Undefined,Undefined,Undefined,0,0,,76.18387,4.343265,-7.028512,1964.974278,288.677727,3:30,2.08017,4.26356,5.64523,-54.65877,-4.79449,19.36883,1.61512,-0.71156,68.63314,-5.6434,-3.613072,0.508237,,,,,,,,,,,,-11.87457,-3.19941,-3.67681,50,2.41739,12.76181,-109.50499,6.61737,-14.30182,20.80018,-36.02742,LOU_CAR,MOR_EAG,JimPatterson,D1,ACC,20260303-JimPatterson-1,2f1508d0-1756-11f1-b6f1-3bca4f3249f3,74.16314,,,7.55073,,,,,,,4c216075-8757-4a7e-8832-fbd2b61f9361,2026-03-03,23:10:34.23,2026-03-03T18:10:34.2380000-05:00,2026-03-03T23:10:34.2380000Z,,v3,471341,471366,ea8a05dd47fb4949855474378ed738c7,"Sheridan, Caden",10091036,Right,MOR_EAG,c52ea0ac-84c3-41e8-aa2b-df214ddda7f4,54.85539,-110.42341,10.40009,2.09008,8.20813,-18.01371,-4.25424,13.3933,-7.15091,,,,,,,,,,,,,,,,,,,,,,,,,,,,,,,,,,,,,,,,,,,,,,,,,,,High,High,High,,,,,,,,,,,,,,,,,,,,,,,,,,,,,,,,,,,,,,,
283,2026-03-03,18:10:52.31,3,2,"Costa, Devin",10130954,Right,MOR_EAG,"Moore, Lucas",806169,Left,LOU_CAR,Undefined,7,Bottom,1,1,0,Slider,Curveball,StrikeCalled,Undefined,Undefined,Undefined,0,0,,61.66992,6.060731,-2.627906,2392.436466,135.319673,10:30,1.46193,4.11671,5.19813,-61.04436,16.82107,-13.87335,2.10295,0.48708,55.20171,-5.215105,-5.067792,0.635102,,,,,,,,,,,,5.92693,7.19099,-3.86241,50,1.98151,4.53211,-88.64565,7.85286,4.63113,14.80188,-26.55523,LOU_CAR,MOR_EAG,JimPatterson,D1,ACC,20260303-JimPatterson-1,39e01890-1756-11f1-b6f1-3bca4f3249f3,59.3486,,,6.46821,,,,,,,4c216075-8757-4a7e-8832-fbd2b61f9361,2026-03-03,23:10:52.31,2026-03-03T18:10:52.3140000-05:00,2026-03-03T23:10:52.3140000Z,,v3,471341,471366,ea8a05dd47fb4949855474378ed738c7,"Sheridan, Caden",10091036,Right,MOR_EAG,932b7178-3bd4-436a-b6dc-27f8bd3106ab,55.29201,-89.52494,7.40094,1.46817,9.43034,-13.27762,-4.12346,4.257,2.31556,,,,,,,,,,,,,,,,,,,,,,,,,,,,,,,,,,,,,,,,,,,,,,,,,,,High,High,High,,,,,,,,,,,,,,,,,,,,,,,,,,,,,,,,,,,,,,,
284,2026-03-03,18:11:07.69,3,3,"Costa, Devin",10130954,Right,MOR_EAG,"Moore, Lucas",806169,Left,LOU_CAR,Undefined,7,Bottom,1,1,1,Slider,Curveball,InPlay,Undefined,LineDrive,Single,0,0,,64.9455,5.900754,-2.206213,2441.299938,129.864658,10:15,1.49335,4.22501,5.29878,-54.98739,14.54725,-14.54576,2.47469,0.94057,58.31362,-4.264449,-4.771963,0.600167,95.4416,16.898926,-2.465652,3362.345002,109.98914,21.37953,-1.53762,228.53521,228.53521,1.520911,2.107067,6.56126,6.03166,-4.0132,50,1.99273,4.08971,-93.52999,8.20809,5.72405,16.09913,-26.91203,LOU_CAR,MOR_EAG,JimPatterson,D1,ACC,20260303-JimPatterson-1,43078a70-1756-11f1-b6f1-3bca4f3249f3,62.80326,21.51242,,6.63188,,,,1.49706,2.49324,-0.9695,4c216075-8757-4a7e-8832-fbd2b61f9361,2026-03-03,23:11:07.69,2026-03-03T18:11:07.6970000-05:00,2026-03-03T23:11:07.6970000Z,LineDrive,v3,471341,471366,ea8a05dd47fb4949855474378ed738c7,"Sheridan, Caden",10091036,Right,MOR_EAG,a42f384d-9aba-4432-9137-e96062ad2f68,55.19638,-94.42019,8.04957,1.49772,9.6962,-13.45602,-4.23059,3.7732,2.86202,295.107674,1.49706,133.8123,-15.79116,2.32247,-0.43331,0.06473,-0.01198,0.00187,-0.00014,2.49324,40.69019,-24.02258,2.84927,-0.61486,0.13035,-0.02371,0.00361,-0.0003,-0.9695,-5.76201,7.39262,-2.30755,0.61139,-0.14473,0.0305,-0.00504,0.00041,,,,,,,,,,,,,,,,,,,,,,,High,High,High,High,High,,,,,,,,,,,,,,,,,,,,,,,,,,,,,,,,,,,,,
285,2026-03-03,18:12:05.54,4,1,"Costa, Devin",10130954,Right,MOR_EAG,"Slanker, Ben",838639,Left,LOU_CAR,Undefined,7,Bottom,1,0,0,ChangeUp,Changeup,BallCalled,Undefined,Undefined,Undefined,0,0,,76.13422,4.290721,-4.51656,2004.400837,270.26353,3:00,2.01368,4.28196,5.63007,-47.68365,1.4774,20.83781,2.0635,1.79552,69.15405,-4.46774,-0.816352,0.50464,,,,,,,,,,,,-11.71847,0.06189,-3.91018,50,2.35027,7.88991,-109.98016,6.76345,-14.35302,19.50304,-32.09826,LOU_CAR,MOR_EAG,JimPatterson,D1,ACC,20260303-JimPatterson-1,65768b10-1756-11f1-b6f1-3bca4f3249f3,74.69171,,,6.98016,,,,,,,4c216075-8757-4a7e-8832-fbd2b61f9361,2026-03-03,23:12:05.54,2026-03-03T18:12:05.5490000-05:00,2026-03-03T23:12:05.5490000Z,,v3,471341,471366,ea8a05dd47fb4949855474378ed738c7,"Sheridan, Caden",10091036,Right,MOR_EAG,4665e19a-c5f9-4987-94c4-b0dce854ae98,54.86999,-110.8404,9.75152,2.02072,8.17925,-16.04913,-4.27215,8.52299,-7.17651,,,,,,,,,,,,,,,,,,,,,,,,,,,,,,,,,,,,,,,,,,,,,,,,,,,High,High,High,,,,,,,,,,,,,,,,,,,,,,,,,,,,,,,,,,,,,,,
286,2026-03-03,18:12:23.95,4,2,"Costa, Devin",10130954,Right,MOR_EAG,"Slanker, Ben",838639,Left,LOU_CAR,Undefined,7,Bottom,1,1,0,Sinker,Changeup,StrikeCalled,Undefined,Undefined,Undefined,0,0,,77.39252,4.157793,-5.474922,2123.074708,274.691469,3:15,2.15214,4.33561,5.9197,-47.38357,-0.37996,22.55836,2.08643,1.11925,70.47755,-4.564324,-1.455244,0.493443,,,,,,,,,,,,-12.94268,-0.83961,-3.90862,50,2.46026,9.87062,-111.76491,6.68977,-16.42217,19.55382,-33.23937,LOU_CAR,MOR_EAG,JimPatterson,D1,ACC,20260303-JimPatterson-1,70733220-1756-11f1-b6f1-3bca4f3249f3,76.38662,,,6.91497,,,,,,,4c216075-8757-4a7e-8832-fbd2b61f9361,2026-03-03,23:12:23.95,2026-03-03T18:12:23.9540000-05:00,2026-03-03T23:12:23.9540000Z,,v3,471341,471366,ea8a05dd47fb4949855474378ed738c7,"Sheridan, Caden",10091036,Right,MOR_EAG,bd7bf9dd-34ce-468c-889f-4541c30b65a0,54.58188,-112.56368,9.77691,2.15925,8.04759,-16.61969,-4.32553,10.54146,-8.21109,,,,,,,,,,,,,,,,,,,,,,,,,,,,,,,,,,,,,,,,,,,,,,,,,,,High,High,High,,,,,,,,,,,,,,,,,,,,,,,,,,,,,,,,,,,,,,,
287,2026-03-03,18:12:43.29,4,3,"Costa, Devin",10130954,Right,MOR_EAG,"Slanker, Ben",838639,Left,LOU_CAR,Undefined,7,Bottom,1,1,1,Sinker,Changeup,BallCalled,Undefined,Undefined,Undefined,0,0,,77.27272,4.443023,-4.622808,2102.152002,282.753183,3:30,1.9415,4.25446,5.80492,-50.99078,-3.64933,22.73017,1.84609,1.84007,70.3162,-4.91653,-0.573019,0.495213,,,,,,,,,,,,-12.76686,-2.58221,-3.88777,50,2.2777,8.1678,-111.67631,7.0732,-16.14308,19.8766,-35.4391,LOU_CAR,MOR_EAG,JimPatterson,D1,ACC,20260303-JimPatterson-1,7bf69560-1756-11f1-b6f1-3bca4f3249f3,76.11355,,,6.95652,,,,,,,4c216075-8757-4a7e-8832-fbd2b61f9361,2026-03-03,23:12:43.29,2026-03-03T18:12:43.2950000-05:00,2026-03-03T23:12:43.2950000Z,,v3,471341,471366,ea8a05dd47fb4949855474378ed738c7,"Sheridan, Caden",10091036,Right,MOR_EAG,4ddbb1ad-447d-4478-a6c8-3d0b8590f1ab,54.69718,-112.50923,9.9383,1.95018,8.55825,-17.71955,-4.24421,8.84426,-8.07154,,,,,,,,,,,,,,,,,,,,,,,,,,,,,,,,,,,,,,,,,,,,,,,,,,,High,High,High,,,,,,,,,,,,,,,,,,,,,,,,,,,,,,,,,,,,,,,
288,2026-03-03,18:13:01.63,4,4,"Costa, Devin",10130954,Right,MOR_EAG,"Slanker, Ben",838639,Left,LOU_CAR,Undefined,7,Bottom,1,2,1,Slider,Curveball,InPlay,Undefined,Popup,Out,1,0,,65.00844,6.980845,-3.761319,2404.240073,123.826241,10:15,1.50487,4.11532,5.34658,-59.85145,9.68367,-10.97119,3.11208,-0.33214,58.41239,-4.01727,-5.690331,0.600169,,,,,,,,,,,,4.3376,3.25839,-3.76769,50,2.09557,6.4975,-93.35152,9.84643,3.78034,15.67401,-29.33429,LOU_CAR,MOR_EAG,JimPatterson,D1,ACC,20260303-JimPatterson-1,86ed4900-1756-11f1-b6f1-3bca4f3249f3,62.80305,,,6.59605,,,,,,,4c216075-8757-4a7e-8832-fbd2b61f9361,2026-03-03,23:13:01.63,2026-03-03T18:13:01.6380000-05:00,2026-03-03T23:13:01.6380000Z,,v3,471341,471366,ea8a05dd47fb4949855474378ed738c7,"Sheridan, Caden",10091036,Right,MOR_EAG,bd44ad63-1edf-4b2e-a868-5a2429b406bc,55.15046,-94.21233,7.837,1.51057,11.45745,-14.66715,-4.11883,6.28988,1.89017,,,,,,,,,,,,,,,,,,,,,,,,,,,,,,,,,,,,,,,,,,,,,,,,,,,High,High,High,,,,,,,,,,,,,,,,,,,,,,,,,,,,,,,,,,,,,,,
289,2026-03-03,18:13:45.85,5,1,"Costa, Devin",10130954,Right,MOR_EAG,"Davis, Tague",805538,Left,LOU_CAR,Undefined,7,Bottom,2,0,0,Slider,Curveball,FoulBallNotFieldable,Undefined,Undefined,Undefined,0,0,,63.29435,7.100991,-2.904249,2427.865098,131.439238,10:30,1.41112,4.076,5.24569,-60.08629,12.84757,-12.00505,3.12016,0.34394,57.31633,-3.913758,-5.014518,0.614662,,,,,,,,,,,,5.18028,4.97288,-3.79955,50,2.02304,5.00368,-91.00263,9.7641,4.33026,13.75199,-28.01715,LOU_CAR,MOR_EAG,JimPatterson,D1,ACC,20260303-JimPatterson-1,a14f2160-1756-11f1-b6f1-3bca4f3249f3,61.32226,,,5.97802,,,,,,,4c216075-8757-4a7e-8832-fbd2b61f9361,2026-03-03,23:13:45.85,2026-03-03T18:13:45.8560000-05:00,2026-03-03T23:13:45.8560000Z,,v3,471341,471366,ea8a05dd47fb4949855474378ed738c7,"Sheridan, Caden",10091036,Right,MOR_EAG,f37b17ee-9e6e-4005-9119-db2fc2274a05,55.25161,-91.7928,6.87599,1.41575,11.37393,-14.00857,-4.07991,4.75487,2.16513,,,,,,,,,,,,,,,,,,,,,,,,,,,,,,,,,,,,,,,,,,,,,,,,,,,High,High,High,,,,,,,,,,,,,,,,,,,,,,,,,,,,,,,,,,,,,,,
290,2026-03-03,18:14:13.17,5,2,"Costa, Devin",10130954,Right,MOR_EAG,"Davis, Tague",805538,Left,LOU_CAR,Undefined,7,Bottom,2,0,1,Slider,Curveball,BallCalled,Undefined,Undefined,Undefined,0,0,,64.08796,6.963329,-4.324412,2430.032993,122.730396,10:00,1.2703,4.10174,5.18254,-60.87007,11.82772,-14.3702,2.80057,-1.1722,57.20885,-4.224289,-6.838219,0.613666,,,,,,,,,,,,5.60863,4.3124,-3.6879,50,1.8774,7.43766,-91.81492,9.59793,4.69485,16.05124,-28.56424,LOU_CAR,MOR_EAG,JimPatterson,D1,ACC,20260303-JimPatterson-1,b193dd40-1756-11f1-b6f1-3bca4f3249f3,61.42176,,,6.87911,,,,,,,4c216075-8757-4a7e-8832-fbd2b61f9361,2026-03-03,23:14:13.17,2026-03-03T18:14:13.1710000-05:00,2026-03-03T23:14:13.1710000Z,,v3,471341,471366,ea8a05dd47fb4949855474378ed738c7,"Sheridan, Caden",10091036,Right,MOR_EAG,32518d88-dd54-4298-a665-4b77f99873f6,55.30972,-92.73853,8.02562,1.27783,11.24155,-14.28212,-4.1081,7.16751,2.34742,,,,,,,,,,,,,,,,,,,,,,,,,,,,,,,,,,,,,,,,,,,,,,,,,,,High,High,High,,,,,,,,,,,,,,,,,,,,,,,,,,,,,,,,,,,,,,,
291,2026-03-03,18:14:30.48,5,3,"Costa, Devin",10130954,Right,MOR_EAG,"Davis, Tague",805538,Left,LOU_CAR,Undefined,7,Bottom,2,1,1,Sinker,Changeup,BallCalled,Undefined,Undefined,Undefined,0,0,,77.24955,5.296544,-4.215797,2070.570337,280.379613,3:15,2.11022,4.3647,5.90138,-49.50963,-2.08331,19.75722,2.92872,2.09046,69.93692,-3.822963,-0.690425,0.495657,,,,,,,,,,,,-11.17115,-2.02665,-4.03611,50,2.5104,7.46698,-111.50924,8.80797,-14.04008,20.39108,-34.72119,LOU_CAR,MOR_EAG,JimPatterson,D1,ACC,20260303-JimPatterson-1,bbdc2870-1756-11f1-b6f1-3bca4f3249f3,76.04542,,,7.31263,,,,,,,4c216075-8757-4a7e-8832-fbd2b61f9361,2026-03-03,23:14:30.48,2026-03-03T18:14:30.4890000-05:00,2026-03-03T23:14:30.4890000Z,,v3,471341,471366,ea8a05dd47fb4949855474378ed738c7,"Sheridan, Caden",10091036,Right,MOR_EAG,ad36c0ab-8fbe-49ce-91ad-c36b8629a995,54.59874,-112.34703,10.19554,2.11921,10.23455,-17.3606,-4.35475,8.04384,-7.02004,,,,,,,,,,,,,,,,,,,,,,,,,,,,,,,,,,,,,,,,,,,,,,,,,,,High,High,High,,,,,,,,,,,,,,,,,,,,,,,,,,,,,,,,,,,,,,,
292,2026-03-03,18:14:48.38,5,4,"Costa, Devin",10130954,Right,MOR_EAG,"Davis, Tague",805538,Left,LOU_CAR,Undefined,7,Bottom,2,2,1,Sinker,Changeup,FoulBallNotFieldable,Undefined,Undefined,Undefined,0,0,,77.4314,4.529654,-6.309177,2055.237141,282.753682,3:30,1.93682,4.34354,5.98975,-50.23298,-2.88465,19.79741,1.98311,0.12239,69.96613,-4.718834,-2.787507,0.495249,,,,,,,,,,,,-12.00666,-2.36784,-3.85525,50,2.26898,11.61046,-111.53952,7.34809,-15.05472,20.94302,-35.14299,LOU_CAR,MOR_EAG,JimPatterson,D1,ACC,20260303-JimPatterson-1,c6b40970-1756-11f1-b6f1-3bca4f3249f3,76.10804,,,7.46528,,,,,,,4c216075-8757-4a7e-8832-fbd2b61f9361,2026-03-03,23:14:48.38,2026-03-03T18:14:48.3880000-05:00,2026-03-03T23:14:48.3880000Z,,v3,471341,471366,ea8a05dd47fb4949855474378ed738c7,"Sheridan, Caden",10091036,Right,MOR_EAG,5eacf746-f114-4373-a2a2-85c5a97f66f9,54.51168,-112.38346,10.47151,1.94434,8.76424,-17.5715,-4.33534,12.21711,-7.52736,,,,,,,,,,,,,,,,,,,,,,,,,,,,,,,,,,,,,,,,,,,,,,,,,,,High,High,High,,,,,,,,,,,,,,,,,,,,,,,,,,,,,,,,,,,,,,,
293,2026-03-03,18:15:18.87,5,5,"Costa, Devin",10130954,Right,MOR_EAG,"Davis, Tague",805538,Left,LOU_CAR,Undefined,7,Bottom,2,2,2,Slider,Curveball,FoulBallNotFieldable,Undefined,Undefined,Undefined,0,0,,64.96799,6.708393,-2.979282,2422.547622,135.643402,10:30,1.35969,4.18586,5.31878,-57.2509,12.49398,-9.85201,2.922,0.56633,58.17061,-3.853239,-4.714618,0.601073,,,,,,,,,,,,3.97567,4.72252,-3.90827,50,1.92996,5.18651,-93.36435,9.46696,3.45493,16.0862,-28.0701,LOU_CAR,MOR_EAG,JimPatterson,D1,ACC,20260303-JimPatterson-1,d8b84fa0-1756-11f1-b6f1-3bca4f3249f3,62.70854,,,6.79738,,,,,,,4c216075-8757-4a7e-8832-fbd2b61f9361,2026-03-03,23:15:18.87,2026-03-03T18:15:18.8760000-05:00,2026-03-03T23:15:18.8760000Z,,v3,471341,471366,ea8a05dd47fb4949855474378ed738c7,"Sheridan, Caden",10091036,Right,MOR_EAG,a69a126a-d83c-44da-b78e-bf2c78421ea0,55.17676,-94.25206,8.0431,1.36479,11.01599,-14.03505,-4.18923,4.99585,1.72746,,,,,,,,,,,,,,,,,,,,,,,,,,,,,,,,,,,,,,,,,,,,,,,,,,,High,High,High,,,,,,,,,,,,,,,,,,,,,,,,,,,,,,,,,,,,,,,
294,2026-03-03,18:15:53.65,5,6,"Costa, Devin",10130954,Right,MOR_EAG,"Davis, Tague",805538,Left,LOU_CAR,Undefined,7,Bottom,2,2,2,Sinker,Changeup,FoulBallNotFieldable,Undefined,Undefined,Undefined,0,0,,77.01973,5.938013,-6.411072,2075.575246,275.256822,3:15,1.97586,4.27937,5.76639,-48.65865,-0.56287,22.46226,3.50209,0.15959,69.83681,-2.959666,-2.437837,0.499143,69.361,70.563898,-108.434894,6219.102034,,,,,13.89738,,,-13.14221,-1.46181,-3.76096,50,2.44207,11.61013,-110.7314,10.06768,-16.39123,18.9346,-33.99726,LOU_CAR,MOR_EAG,JimPatterson,D1,ACC,20260303-JimPatterson-1,ed82bab0-1756-11f1-b6f1-3bca4f3249f3,75.51435,38.11516,,7.18293,,,,1.1234,3.59834,-0.16934,4c216075-8757-4a7e-8832-fbd2b61f9361,2026-03-03,23:15:53.65,2026-03-03T18:15:53.6520000-05:00,2026-03-03T23:15:53.6520000Z,,v3,471341,471366,ea8a05dd47fb4949855474378ed738c7,"Sheridan, Caden",10091036,Right,MOR_EAG,50577ca5-5614-4a4a-bb5a-a7b482e3bbcc,54.73598,-111.5383,9.4673,1.98217,11.51646,-16.99863,-4.27061,12.30864,-8.19562,16.276457,1.13387,-11.04949,-6.49411,,,,,,,3.61048,95.53637,-27.69853,,,,,,,-0.16791,-32.16195,1.10964,,,,,,,,,,,,,,,,,,,,,,,,,,,,,High,High,High,Medium,Undefined,,,,,,,,,,,,,,,,,,,,,,,,,,,,,,,,,,,73.07568,22.52846,-1.7264
295,2026-03-03,18:16:18.67,5,7,"Costa, Devin",10130954,Right,MOR_EAG,"Davis, Tague",805538,Left,LOU_CAR,Undefined,7,Bottom,2,2,2,Slider,Curveball,FoulBallNotFieldable,Undefined,Undefined,Undefined,0,0,,65.68311,5.970224,-1.51193,2401.737367,117.972979,10:00,1.46247,4.1667,5.37419,-57.02369,11.33028,-16.51135,2.32999,1.37296,58.46116,-4.600875,-4.431201,0.59505,61.36773,56.495208,-60.409469,3039.386575,35.88766,63.08881,-103.98105,159.04276,125.13324,-71.712637,4.15158,7.7363,4.27733,-4.01893,50,1.95988,3.05489,-94.55008,8.35563,6.83025,17.73407,-28.39768,LOU_CAR,MOR_EAG,JimPatterson,D1,ACC,20260303-JimPatterson-1,fc6352b0-1756-11f1-b6f1-3bca4f3249f3,63.34334,71.37138,,7.22195,,,,1.79005,2.22442,-1.30759,4c216075-8757-4a7e-8832-fbd2b61f9361,2026-03-03,23:16:18.67,2026-03-03T18:16:18.6710000-05:00,2026-03-03T23:16:18.6710000Z,Popup,v3,471341,471366,ea8a05dd47fb4949855474378ed738c7,"Sheridan, Caden",10091036,Right,MOR_EAG,24b20059-0e1e-416f-aa93-ae60134a0790,55.12048,-95.50566,8.86703,1.46842,9.88581,-14.19884,-4.17363,2.68685,3.41512,146.006547,1.80473,24.07797,-6.70697,-2.70327,5.64013,-3.54988,1.11969,-0.17568,0.01089,2.22357,75.06299,-23.72922,2.23419,-0.12146,-0.17897,0.08741,-0.01706,0.00121,-1.30646,-43.23736,2.52297,-0.47095,0.37782,-0.25301,0.08927,-0.01549,0.00104,,,,,,,,,,,,,,,,,,,,,,,High,High,High,High,Medium,,,,,,,,,,,,,,,,,,,,,,,,,,,,,,,,,,,,,
296,2026-03-03,18:16:41.07,5,8,"Costa, Devin",10130954,Right,MOR_EAG,"Davis, Tague",805538,Left,LOU_CAR,Undefined,7,Bottom,2,2,2,Slider,Curveball,BallCalled,Undefined,Undefined,Undefined,0,0,,65.48701,4.917802,-1.678763,2360.907207,127.012098,10:15,1.30101,3.90624,5.00279,-56.11365,12.32709,-13.35245,1.28071,1.20833,59.30874,-5.359635,-4.025755,0.595427,,,,,,,,,,,,6.06028,5.29111,-3.7336,50,1.73014,3.23973,-94.50977,6.53108,5.43969,15.42554,-27.42478,LOU_CAR,MOR_EAG,JimPatterson,D1,ACC,20260303-JimPatterson-1,09b58280-1757-11f1-b6f1-3bca4f3249f3,63.30317,,,6.17827,,,,,,,4c216075-8757-4a7e-8832-fbd2b61f9361,2026-03-03,23:16:41.07,2026-03-03T18:16:41.0750000-05:00,2026-03-03T23:16:41.0750000Z,,v3,471341,471366,ea8a05dd47fb4949855474378ed738c7,"Sheridan, Caden",10091036,Right,MOR_EAG,74a805db-bde2-49cc-96a6-7088aa0d57f4,55.49219,-95.40197,7.71277,1.30652,8.11731,-13.71239,-3.91188,2.9251,2.71984,,,,,,,,,,,,,,,,,,,,,,,,,,,,,,,,,,,,,,,,,,,,,,,,,,,High,High,High,,,,,,,,,,,,,,,,,,,,,,,,,,,,,,,,,,,,,,,
297,2026-03-03,18:17:00.40,5,9,"Costa, Devin",10130954,Right,MOR_EAG,"Davis, Tague",805538,Left,LOU_CAR,Undefined,7,Bottom,2,3,2,Sinker,Changeup,BallCalled,Walk,Undefined,Undefined,0,0,,77.83431,6.18062,-6.541638,2076.099324,276.460644,3:15,2.11304,4.36702,6.21573,-47.23613,-0.59457,18.80395,3.94011,-0.12917,70.15774,-2.53746,-3.190994,0.491539,,,,,,,,,,,,-11.4332,-1.52217,-3.88346,50,2.55784,12.12189,-111.7928,10.77474,-14.44743,20.43192,-34.09754,LOU_CAR,MOR_EAG,JimPatterson,D1,ACC,20260303-JimPatterson-1,153192c0-1757-11f1-b6f1-3bca4f3249f3,76.68248,,,7.67657,,,,,,,4c216075-8757-4a7e-8832-fbd2b61f9361,2026-03-03,23:17:00.40,2026-03-03T18:17:00.4070000-05:00,2026-03-03T23:17:00.4070000Z,,v3,471341,471366,ea8a05dd47fb4949855474378ed738c7,"Sheridan, Caden",10091036,Right,MOR_EAG,a37836f4-4e16-4ba5-b29b-ee04c77a3661,54.28371,-112.57299,10.21596,2.12156,12.07675,-17.04877,-4.35687,12.67357,-7.22372,,,,,,,,,,,,,,,,,,,,,,,,,,,,,,,,,,,,,,,,,,,,,,,,,,,High,High,High,,,,,,,,,,,,,,,,,,,,,,,,,,,,,,,,,,,,,,,
298,2026-03-03,18:20:24.85,6,1,"Miller, Alex",10284558,Right,MOR_EAG,"Baker, George",702989,Left,LOU_CAR,Undefined,7,Bottom,2,0,0,Sinker,Sinker,InPlay,Undefined,GroundBall,Single,0,2,,91.28261,-2.287501,-2.050098,2405.519607,243.248269,2:00,6.0153,1.23502,4.82851,-23.3173,12.2669,21.67178,1.9033,1.09864,82.09428,-6.59127,1.765364,0.429339,72.75805,-45.076754,4.336048,,,,,2.85767,2.85767,-20.001766,0.02427,-11.34453,7.17107,-1.05158,50,5.76909,3.65535,-131.99263,-6.18014,-19.64954,32.86268,-19.75327,LOU_CAR,MOR_EAG,JimPatterson,D1,ACC,20260303-JimPatterson-1,8efcc5c0-1757-11f1-b6f1-3bca4f3249f3,87.79186,1.83835,,9.18833,,,,0.85712,1.83835,-1.11608,4c216075-8757-4a7e-8832-fbd2b61f9361,2026-03-03,23:20:24.85,2026-03-03T18:20:24.8570000-05:00,2026-03-03T23:20:24.8570000Z,GroundBall,v3,471341,471366,ea8a05dd47fb4949855474378ed738c7,"Sheridan, Caden",10091036,Right,MOR_EAG,dadb39ef-ee71-4b60-a9d9-c6608c3b6a0f,55.66868,-133.39651,16.43134,6.01509,-5.33629,-9.87663,-1.22567,4.49477,-9.82477,,0.85639,75.32776,,,,,,,,1.83908,-75.74665,,,,,,,,-1.11614,5.71158,,,,,,,,,,,,,,,,,,,,,,,,,,,,,,High,High,High,Estimated,Estimated,,,,,,,,,,,,,,,,,,,,,,,,,,,,,,,,,,,67.63978,6.39897,-17.37104
299,2026-03-03,18:21:21.87,7,1,"Miller, Alex",10284558,Right,MOR_EAG,"Crain, Griffin",830776,Left,LOU_CAR,Undefined,7,Bottom,2,0,0,Sinker,Sinker,BallCalled,Undefined,Undefined,Undefined,0,0,,91.7474,-3.912417,-3.555307,2450.754572,246.947207,2:15,6.04803,1.15928,5.33896,-23.89804,10.72615,22.17434,0.37335,-0.33249,82.88141,-8.328947,0.381926,0.423508,,,,,,,,,,,,-12.23572,7.01197,-0.85468,50,5.67719,7.18706,-132.46728,-9.95691,-21.4134,32.27965,-19.90256,LOU_CAR,MOR_EAG,JimPatterson,D1,ACC,20260303-JimPatterson-1,b0ff48f0-1757-11f1-b6f1-3bca4f3249f3,89.00062,,,8.86599,,,,,,,4c216075-8757-4a7e-8832-fbd2b61f9361,2026-03-03,23:21:21.87,2026-03-03T18:21:21.8770000-05:00,2026-03-03T23:21:21.8770000Z,,v3,471341,471366,ea8a05dd47fb4949855474378ed738c7,"Sheridan, Caden",10091036,Right,MOR_EAG,a55ca2e7-c219-42e8-bd9d-ef902879c966,55.15884,-133.71849,16.13983,6.04818,-9.18547,-9.95128,-1.14934,8.01707,-10.7067,,,,,,,,,,,,,,,,,,,,,,,,,,,,,,,,,,,,,,,,,,,,,,,,,,,High,High,High,,,,,,,,,,,,,,,,,,,,,,,,,,,,,,,,,,,,,,,
300,2026-03-03,18:21:38.78,7,2,"Miller, Alex",10284558,Right,MOR_EAG,"Crain, Griffin",830776,Left,LOU_CAR,Undefined,7,Bottom,2,1,0,Sinker,Sinker,FoulBallNotFieldable,Undefined,Undefined,Undefined,0,0,,92.82274,-1.898594,-3.430638,2461.387535,232.141572,1:45,6.01965,1.33261,4.88556,-19.1569,15.14757,17.8421,2.6232,-0.42998,83.45571,-5.476647,-0.29318,0.421548,,,,,,,,,,,,-9.93878,8.44532,-1.01177,50,5.81772,7.15918,-134.1491,-5.17053,-17.83314,33.17753,-17.02061,LOU_CAR,MOR_EAG,JimPatterson,D1,ACC,20260303-JimPatterson-1,bb0e0d90-1757-11f1-b6f1-3bca4f3249f3,89.41441,,,9.36703,,,,,,,4c216075-8757-4a7e-8832-fbd2b61f9361,2026-03-03,23:21:38.78,2026-03-03T18:21:38.7850000-05:00,2026-03-03T23:21:38.7850000Z,,v3,471341,471366,ea8a05dd47fb4949855474378ed738c7,"Sheridan, Caden",10091036,Right,MOR_EAG,dffedb44-408d-4ad8-9d25-19a0063d1f94,55.61205,-135.52995,16.58876,6.01818,-4.46212,-8.5103,-1.32518,7.90139,-8.91657,,,,,,,,,,,,,,,,,,,,,,,,,,,,,,,,,,,,,,,,,,,,,,,,,,,High,High,High,,,,,,,,,,,,,,,,,,,,,,,,,,,,,,,,,,,,,,,
301,2026-03-03,18:22:11.96,7,3,"Miller, Alex",10284558,Right,MOR_EAG,"Crain, Griffin",830776,Left,LOU_CAR,Undefined,7,Bottom,2,1,1,Curveball,Slider,BallCalled,Undefined,Undefined,Undefined,0,0,,81.52442,0.952027,0.153694,2560.531597,73.642525,8:30,5.9755,1.55411,4.50574,-45.21396,-0.90784,-7.87075,3.11473,1.04464,74.66412,-7.168391,-1.224712,0.479075,,,,,,,,,,,,3.83941,-0.22484,-1.56235,50,6.03226,0.0451,-118.18897,0.15502,5.42894,22.59348,-32.49196,LOU_CAR,MOR_EAG,JimPatterson,D1,ACC,20260303-JimPatterson-1,cf034e50-1757-11f1-b6f1-3bca4f3249f3,78.67758,,,6.8603,,,,,,,4c216075-8757-4a7e-8832-fbd2b61f9361,2026-03-03,23:22:11.96,2026-03-03T18:22:11.9660000-05:00,2026-03-03T23:22:11.9660000Z,,v3,471341,471366,ea8a05dd47fb4949855474378ed738c7,"Sheridan, Caden",10091036,Right,MOR_EAG,33fdf606-6d1c-4d77-ae0e-07bda8195844,55.99216,-119.32895,11.29674,5.98308,1.79445,-16.24598,-1.55771,-0.22882,2.71447,,,,,,,,,,,,,,,,,,,,,,,,,,,,,,,,,,,,,,,,,,,,,,,,,,,High,High,High,,,,,,,,,,,,,,,,,,,,,,,,,,,,,,,,,,,,,,,
302,2026-03-03,18:22:26.73,7,4,"Miller, Alex",10284558,Right,MOR_EAG,"Crain, Griffin",830776,Left,LOU_CAR,Undefined,7,Bottom,2,2,1,Curveball,Curveball,StrikeCalled,Undefined,Undefined,Undefined,0,0,,80.90205,0.864962,-1.041205,2552.736841,22.086376,6:45,6.10728,1.52601,4.6272,-53.00523,-8.28272,-3.92004,2.51258,0.2095,74.44552,-8.616693,-1.729792,0.481321,,,,,,,,,,,,1.61748,-3.80862,-1.41539,50,6.14718,2.30825,-117.3613,-0.33878,2.25681,22.13038,-37.48807,LOU_CAR,MOR_EAG,JimPatterson,D1,ACC,20260303-JimPatterson-1,d7a897e0-1757-11f1-b6f1-3bca4f3249f3,78.31046,,,6.45653,,,,,,,4c216075-8757-4a7e-8832-fbd2b61f9361,2026-03-03,23:22:26.73,2026-03-03T18:22:26.7380000-05:00,2026-03-03T23:22:26.7380000Z,,v3,471341,471366,ea8a05dd47fb4949855474378ed738c7,"Sheridan, Caden",10091036,Right,MOR_EAG,982e83c6-d74d-4a1b-b7e1-438f66991d2e,55.87324,-118.46362,11.06519,6.11755,1.52851,-18.74404,-1.52756,2.19584,1.1284,,,,,,,,,,,,,,,,,,,,,,,,,,,,,,,,,,,,,,,,,,,,,,,,,,,High,High,High,,,,,,,,,,,,,,,,,,,,,,,,,,,,,,,,,,,,,,,
303,2026-03-03,18:22:41.42,7,5,"Miller, Alex",10284558,Right,MOR_EAG,"Crain, Griffin",830776,Left,LOU_CAR,Undefined,7,Bottom,2,2,2,Curveball,Curveball,BallCalled,Undefined,Undefined,Undefined,0,0,,82.02366,1.970177,0.555452,2646.080766,55.662002,7:45,6.06741,1.4425,4.55117,-49.73475,-5.75992,-10.57595,3.79905,1.08991,74.62225,-6.966754,-1.297547,0.47728,,,,,,,,,,,,5.26717,-2.87268,-1.48979,50,6.22554,-0.66135,-118.81035,2.06862,7.4797,24.14914,-36.25344,LOU_CAR,MOR_EAG,JimPatterson,D1,ACC,20260303-JimPatterson-1,e06d7760-1757-11f1-b6f1-3bca4f3249f3,78.97339,,,7.40141,,,,,,,4c216075-8757-4a7e-8832-fbd2b61f9361,2026-03-03,23:22:41.42,2026-03-03T18:22:41.4250000-05:00,2026-03-03T23:22:41.4250000Z,,v3,471341,471366,ea8a05dd47fb4949855474378ed738c7,"Sheridan, Caden",10091036,Right,MOR_EAG,b52d3bac-a538-4fcc-aaa0-44fc5557068c,55.9473,-120.0131,12.07457,6.07755,3.87422,-18.12672,-1.44758,-1.03387,3.73985,,,,,,,,,,,,,,,,,,,,,,,,,,,,,,,,,,,,,,,,,,,,,,,,,,,High,High,High,,,,,,,,,,,,,,,,,,,,,,,,,,,,,,,,,,,,,,,
304,2026-03-03,18:22:57.64,7,6,"Miller, Alex",10284558,Right,MOR_EAG,"Crain, Griffin",830776,Left,LOU_CAR,Undefined,7,Bottom,2,3,2,Sinker,Sinker,BallCalled,Walk,Undefined,Undefined,0,0,,92.07035,-0.539683,-0.754311,2398.652353,230.714821,1:45,6.02039,1.28463,4.85247,-20.06694,14.71564,16.43989,3.83721,1.94053,82.81445,-4.282917,2.140248,0.424475,,,,,,,,,,,,-8.25434,7.76382,-1.22474,50,5.95087,0.91925,-133.29216,-2.00646,-14.62879,32.6358,-18.4146,LOU_CAR,MOR_EAG,JimPatterson,D1,ACC,20260303-JimPatterson-1,ea1f7600-1757-11f1-b6f1-3bca4f3249f3,88.79777,,,9.2559,,,,,,,4c216075-8757-4a7e-8832-fbd2b61f9361,2026-03-03,23:22:57.64,2026-03-03T18:22:57.6420000-05:00,2026-03-03T23:22:57.6420000Z,,v3,471341,471366,ea8a05dd47fb4949855474378ed738c7,"Sheridan, Caden",10091036,Right,MOR_EAG,b851a126-2452-4ef2-9b34-b10f4c7c390a,55.64218,-134.66653,16.3179,6.01904,-1.23098,-9.2073,-1.27642,1.5353,-7.31439,,,,,,,,,,,,,,,,,,,,,,,,,,,,,,,,,,,,,,,,,,,,,,,,,,,High,High,High,,,,,,,,,,,,,,,,,,,,,,,,,,,,,,,,,,,,,,,
305,2026-03-03,18:23:36.64,8,1,"Miller, Alex",10284558,Right,MOR_EAG,"Hisle, Jax",838632,Left,LOU_CAR,Undefined,7,Bottom,2,0,0,Sinker,Sinker,FoulBallNotFieldable,Undefined,Undefined,Undefined,0,0,,91.43133,-1.492981,-2.072798,2387.074252,234.051259,1:45,6.1045,1.11599,4.83516,-22.3021,12.82477,15.99182,2.831,0.485,82.80526,-5.610104,0.741564,0.426571,74.66681,36.390269,-152.291578,3164.814684,-98.43378,41.90742,-49.09917,202.69677,88.89467,-155.156455,2.898117,-8.53961,7.12272,-0.92539,50,5.93814,4.01231,-132.39166,-4.31761,-15.01538,30.72182,-19.65002,LOU_CAR,MOR_EAG,JimPatterson,D1,ACC,20260303-JimPatterson-1,01520770-1758-11f1-b6f1-3bca4f3249f3,88.36149,41.9721,,8.62607,,,,0.81118,2.908,-0.5273,4c216075-8757-4a7e-8832-fbd2b61f9361,2026-03-03,23:23:36.64,2026-03-03T18:23:36.6470000-05:00,2026-03-03T23:23:36.6470000Z,FlyBall,v3,471341,471366,ea8a05dd47fb4949855474378ed738c7,"Sheridan, Caden",10091036,Right,MOR_EAG,986283d7-46d6-4be8-a642-fd086d3f3ba0,55.66304,-133.69933,15.36091,6.10412,-3.48121,-9.82501,-1.10978,4.65144,-7.50769,10.443296,0.81086,-78.03418,2.46708,1.89475,-0.84361,0.2935,-0.04403,-0.00301,0.00107,2.90823,64.96012,-31.94111,4.77975,-0.6208,-0.16111,0.13434,-0.03261,0.00279,-0.52753,-40.98087,3.814,0.41778,-0.36363,0.173,-0.03553,0.00063,0.00044,,,,,,,,,,,,,,,,,,,,,,,High,High,High,High,Medium,,,,,,,,,,,,,,,,,,,,,,,,,,,,,,,,,,,73.38013,15.52676,3.51352
306,2026-03-03,18:23:53.31,8,2,"Miller, Alex",10284558,Right,MOR_EAG,"Hisle, Jax",838632,Left,LOU_CAR,Undefined,7,Bottom,2,0,1,ChangeUp,Changeup,StrikeCalled,Undefined,Undefined,Undefined,0,0,,84.84359,0.047336,-2.195641,1874.638822,253.110345,2:30,5.96723,1.34723,4.87335,-33.50888,7.02579,18.69958,3.21965,0.82687,77.2443,-6.064886,1.097837,0.458231,,,,,,,,,,,,-9.79583,3.86465,-1.14777,50,5.94392,3.85228,-122.94962,-1.17961,-14.92928,25.36861,-26.28413,LOU_CAR,MOR_EAG,JimPatterson,D1,ACC,20260303-JimPatterson-1,0b48fe50-1758-11f1-b6f1-3bca4f3249f3,82.25636,,,7.59929,,,,,,,4c216075-8757-4a7e-8832-fbd2b61f9361,2026-03-03,23:23:53.31,2026-03-03T18:23:53.3160000-05:00,2026-03-03T23:23:53.3160000Z,,v3,471341,471366,ea8a05dd47fb4949855474378ed738c7,"Sheridan, Caden",10091036,Right,MOR_EAG,2cd138ca-546f-46c5-abfe-fe3654ca5ddd,55.62446,-124.10471,12.68431,5.97039,0.01716,-13.14206,-1.33865,4.53204,-7.46464,,,,,,,,,,,,,,,,,,,,,,,,,,,,,,,,,,,,,,,,,,,,,,,,,,,High,High,High,,,,,,,,,,,,,,,,,,,,,,,,,,,,,,,,,,,,,,,
307,2026-03-03,18:24:10.67,8,3,"Miller, Alex",10284558,Right,MOR_EAG,"Hisle, Jax",838632,Left,LOU_CAR,Undefined,7,Bottom,2,0,2,Curveball,Curveball,BallCalled,Undefined,Undefined,Undefined,0,0,,83.09921,1.659498,-1.016338,2696.258204,60.872266,8:00,6.08118,1.26219,4.73228,-48.33542,-5.80945,-12.92233,3.62833,-0.779,75.76566,-7.043508,-3.286792,0.469352,,,,,,,,,,,,6.00071,-2.87851,-1.14773,50,6.20558,2.72672,-120.4314,1.55125,8.75622,24.79523,-36.37432,LOU_CAR,MOR_EAG,JimPatterson,D1,ACC,20260303-JimPatterson-1,15aa76d0-1758-11f1-b6f1-3bca4f3249f3,80.30745,,,7.33355,,,,,,,4c216075-8757-4a7e-8832-fbd2b61f9361,2026-03-03,23:24:10.67,2026-03-03T18:24:10.6700000-05:00,2026-03-03T23:24:10.6700000Z,,v3,471341,471366,ea8a05dd47fb4949855474378ed738c7,"Sheridan, Caden",10091036,Right,MOR_EAG,7369317f-2dbd-47c0-ae46-5367c6821d50,55.76707,-121.61297,12.39762,6.09035,3.28459,-18.18716,-1.26772,2.30946,4.37811,,,,,,,,,,,,,,,,,,,,,,,,,,,,,,,,,,,,,,,,,,,,,,,,,,,High,High,High,,,,,,,,,,,,,,,,,,,,,,,,,,,,,,,,,,,,,,,
308,2026-03-03,18:24:29.01,8,4,"Miller, Alex",10284558,Right,MOR_EAG,"Hisle, Jax",838632,Left,LOU_CAR,Undefined,7,Bottom,2,1,2,ChangeUp,Changeup,FoulBallNotFieldable,Undefined,Undefined,Undefined,0,0,,85.17775,-2.03627,-3.340611,1918.173378,248.114581,2:15,5.90486,1.42491,4.87368,-30.48053,10.30501,21.85265,1.4339,0.08132,76.83459,-7.621815,0.50666,0.459646,,,,,,,,,,,,-11.90335,6.16532,-1.11592,50,5.67905,6.19388,-123.10531,-5.51734,-17.96791,28.169,-22.86762,LOU_CAR,MOR_EAG,JimPatterson,D1,ACC,20260303-JimPatterson-1,208c69f0-1758-11f1-b6f1-3bca4f3249f3,82.00301,,,8.34316,,,,,,,4c216075-8757-4a7e-8832-fbd2b61f9361,2026-03-03,23:24:29.01,2026-03-03T18:24:29.0130000-05:00,2026-03-03T23:24:29.0130000Z,,v3,471341,471366,ea8a05dd47fb4949855474378ed738c7,"Sheridan, Caden",10091036,Right,MOR_EAG,8b587902-4393-4084-96cd-0c0912125d37,55.62448,-124.38564,14.0845,5.9062,-4.47796,-11.43381,-1.416,7.01056,-8.98396,,,,,,,,,,,,,,,,,,,,,,,,,,,,,,,,,,,,,,,,,,,,,,,,,,,High,High,High,,,,,,,,,,,,,,,,,,,,,,,,,,,,,,,,,,,,,,,
309,2026-03-03,18:24:54.28,8,5,"Miller, Alex",10284558,Right,MOR_EAG,"Hisle, Jax",838632,Left,LOU_CAR,Undefined,7,Bottom,2,1,2,ChangeUp,Changeup,InPlay,Undefined,GroundBall,FieldersChoice,1,0,,85.90966,-1.962136,-2.62157,2059.517378,236.270351,2:00,5.95832,1.25515,4.8885,-25.37226,14.65761,19.70788,1.98512,0.41575,77.38521,-6.657182,0.849641,0.455369,24.66719,-49.575179,-86.230415,,,,,3.61488,2.90778,-37.443471,0.075122,-10.62756,8.29272,-1.01573,50,5.74514,4.78931,-124.23575,-5.17225,-16.33419,28.74353,-19.42842,LOU_CAR,MOR_EAG,JimPatterson,D1,ACC,20260303-JimPatterson-1,2f994210-1758-11f1-b6f1-3bca4f3249f3,82.77339,2.12096,,8.52445,,,,2.75127,2.12096,-0.39499,4c216075-8757-4a7e-8832-fbd2b61f9361,2026-03-03,23:24:54.28,2026-03-03T18:24:54.2850000-05:00,2026-03-03T23:24:54.2850000Z,GroundBall,v3,471341,471366,ea8a05dd47fb4949855474378ed738c7,"Sheridan, Caden",10091036,Right,MOR_EAG,c77f3c75-e160-4102-be92-97ef3674eba4,55.60922,-125.52681,14.37177,5.95786,-4.2996,-9.71421,-1.24732,5.52299,-8.16709,,2.7508,1.58115,,,,,,,,2.12933,-28.23386,,,,,,,,-0.38787,-23.99796,,,,,,,,,,,,,,,,,,,,,,,,,,,,,,High,High,High,Low,Low,,,,,,,,,,,,,,,,,,,,,,,,,,,,,,,,,,,73.07755,24.88886,24.82857
310,2026-03-03,18:27:17.42,1,1,"Murphy, Casen",830781,Left,LOU_CAR,"Griffith, Nick",10049364,Left,MOR_EAG,Undefined,8,Top,0,0,0,Curveball,Curveball,StrikeCalled,Undefined,Undefined,Undefined,0,0,,78.39688,1.659627,-0.281434,2588.312055,329.999422,5:00,5.75253,-0.99467,4.46927,-68.23208,-19.52997,12.27363,1.64913,-0.24016,71.2565,-10.496487,1.872372,0.502279,,,,,,,,,,,,-6.0378,-9.49193,1.01172,50,5.8608,0.01608,-113.55181,0.57379,-7.74092,24.29528,-44.34341,LOU_CAR,MOR_EAG,JimPatterson,D1,ACC,20260303-JimPatterson-1,84fd26e0-1758-11f1-b6f1-3bca4f3249f3,75.04277,,,7.14037,,,,,,,4c216075-8757-4a7e-8832-fbd2b61f9361,2026-03-03,23:27:17.42,2026-03-03T18:27:17.4260000-05:00,2026-03-03T23:27:17.4260000Z,,v3,471341,471366,ea8a05dd47fb4949855474378ed738c7,"Nugent, Jimmy",838635,Right,LOU_CAR,7baae354-ddec-43de-8143-92caa5decf28,56.03362,-114.8355,12.14764,5.76858,2.91676,-22.1717,1.00006,0.42508,-3.87046,,,,,,,,,,,,,,,,,,,,,,,,,,,,,,,,,,,,,,,,,,,,,,,,,,,High,High,High,,,,,,,,,,,,,,,,,,,,,,,,,,,,,,,,,,,,,,,
311,2026-03-03,18:27:31.25,1,2,"Murphy, Casen",830781,Left,LOU_CAR,"Griffith, Nick",10049364,Left,MOR_EAG,Undefined,8,Top,0,0,1,Curveball,Curveball,BallCalled,Undefined,Undefined,Undefined,0,0,,78.2579,4.491824,-0.941885,2335.452791,322.329782,4:45,5.66207,-0.90372,4.29106,-66.45511,-17.08847,14.56103,4.42963,-0.59122,70.49015,-7.360785,1.593866,0.505694,,,,,,,,,,,,-7.23107,-8.9939,0.99009,50,6.08203,1.18916,-113.0025,6.16748,-9.21027,23.46658,-43.62962,LOU_CAR,MOR_EAG,JimPatterson,D1,ACC,20260303-JimPatterson-1,8d3815e0-1758-11f1-b6f1-3bca4f3249f3,74.53599,,,7.76774,,,,,,,4c216075-8757-4a7e-8832-fbd2b61f9361,2026-03-03,23:27:31.25,2026-03-03T18:27:31.2560000-05:00,2026-03-03T23:27:31.2560000Z,,v3,471341,471366,ea8a05dd47fb4949855474378ed738c7,"Nugent, Jimmy",838635,Right,LOU_CAR,154a84cd-4f8e-47f7-b271-1b216ca1f8c0,56.2105,-114.28492,11.73329,5.67984,8.55179,-21.81481,0.91136,1.69249,-4.60513,,,,,,,,,,,,,,,,,,,,,,,,,,,,,,,,,,,,,,,,,,,,,,,,,,,High,High,High,,,,,,,,,,,,,,,,,,,,,,,,,,,,,,,,,,,,,,,
312,2026-03-03,18:27:46.87,1,3,"Murphy, Casen",830781,Left,LOU_CAR,"Griffith, Nick",10049364,Left,MOR_EAG,Undefined,8,Top,0,1,1,Fastball,Cutter,InPlay,Undefined,GroundBall,Out,1,0,,87.82448,-1.338374,2.054916,2572.327623,153.384908,11:00,5.65532,-1.02668,4.81383,-25.32013,12.48276,-5.64162,2.27642,0.45064,80.23915,-5.977218,1.062723,0.442521,91.33168,-21.80991,36.545549,,,,,6.37568,6.25235,26.181426,0.044019,3.36095,6.87902,0.8276,50,5.50089,-4.30261,-127.26492,-3.94107,5.5082,26.29542,-20.90016,LOU_CAR,MOR_EAG,JimPatterson,D1,ACC,20260303-JimPatterson-1,96772e70-1758-11f1-b6f1-3bca4f3249f3,85.1766,2.19467,,7.58533,,,,1.31552,2.19467,-0.45266,4c216075-8757-4a7e-8832-fbd2b61f9361,2026-03-03,23:27:46.87,2026-03-03T18:27:46.8780000-05:00,2026-03-03T23:27:46.8780000Z,GroundBall,v3,471341,471366,ea8a05dd47fb4949855474378ed738c7,"Nugent, Jimmy",838635,Right,LOU_CAR,7c1deca5-3684-4d6b-9362-e62058886575,55.6842,-128.43402,13.14771,5.65545,-3.01185,-10.45008,1.02434,-4.5475,2.7541,180,1.31425,100.093,,,,,,,,2.19531,-49.85716,,,,,,,,-0.45361,74.18814,,,,,,,,,,,,,,,,,,,,,,,,,,,,,,High,High,High,High,High,,,,,,,,,,,,,,,,,,,,,,,,,,,,,,,,,,,73.32454,14.64848,14.43047
313,2026-03-03,18:28:22.18,2,1,"Murphy, Casen",830781,Left,LOU_CAR,"Correa, Jaden",1000159957,Right,MOR_EAG,Undefined,8,Top,1,0,0,Curveball,Curveball,BallCalled,Undefined,Undefined,Undefined,0,0,,79.86024,2.235354,-1.306587,2482.890679,326.833195,5:00,5.66002,-1.01989,4.40274,-67.03803,-19.90458,14.11922,2.20874,-1.09061,72.29765,-9.709672,1.165326,0.494124,,,,,,,,,,,,-7.22961,-9.79745,1.1443,50,5.83148,1.99132,-115.57905,1.75745,-9.59833,25.26228,-45.18153,LOU_CAR,MOR_EAG,JimPatterson,D1,ACC,20260303-JimPatterson-1,ab8cd350-1758-11f1-b6f1-3bca4f3249f3,76.28131,,,7.5626,,,,,,,4c216075-8757-4a7e-8832-fbd2b61f9361,2026-03-03,23:28:22.18,2026-03-03T18:28:22.1880000-05:00,2026-03-03T23:28:22.1880000Z,,v3,471341,471366,ea8a05dd47fb4949855474378ed738c7,"Nugent, Jimmy",838635,Right,LOU_CAR,31424735-1462-47b6-8125-a4199a99a6f8,56.09987,-116.90471,12.63114,5.67704,4.12839,-22.59076,1.02659,2.495,-4.79917,,,,,,,,,,,,,,,,,,,,,,,,,,,,,,,,,,,,,,,,,,,,,,,,,,,High,High,High,,,,,,,,,,,,,,,,,,,,,,,,,,,,,,,,,,,,,,,
314,2026-03-03,18:28:35.42,2,2,"Murphy, Casen",830781,Left,LOU_CAR,"Correa, Jaden",1000159957,Right,MOR_EAG,Undefined,8,Top,1,1,0,Curveball,Curveball,BallCalled,Undefined,Undefined,Undefined,0,0,,79.40872,3.020029,-2.040592,2587.211497,326.550907,5:00,5.66004,-0.86598,4.36549,-65.99984,-18.40158,13.25792,3.04906,-1.71099,71.97357,-8.739246,0.274807,0.496554,,,,,,,,,,,,-7.01205,-9.27197,1.0707,50,5.91756,3.48793,-114.85997,3.35979,-9.24389,23.89351,-44.39718,LOU_CAR,MOR_EAG,JimPatterson,D1,ACC,20260303-JimPatterson-1,b373fd00-1758-11f1-b6f1-3bca4f3249f3,75.90797,,,7.43515,,,,,,,4c216075-8757-4a7e-8832-fbd2b61f9361,2026-03-03,23:28:35.42,2026-03-03T18:28:35.4290000-05:00,2026-03-03T23:28:35.4290000Z,,v3,471341,471366,ea8a05dd47fb4949855474378ed738c7,"Nugent, Jimmy",838635,Right,LOU_CAR,f4081b0c-73bf-4e44-89c4-ff2d048fd226,56.13721,-116.12963,11.94676,5.67635,5.71899,-22.19859,0.8723,3.97914,-4.62195,,,,,,,,,,,,,,,,,,,,,,,,,,,,,,,,,,,,,,,,,,,,,,,,,,,High,High,High,,,,,,,,,,,,,,,,,,,,,,,,,,,,,,,,,,,,,,,
315,2026-03-03,18:28:50.92,2,3,"Murphy, Casen",830781,Left,LOU_CAR,"Correa, Jaden",1000159957,Right,MOR_EAG,Undefined,8,Top,1,2,0,Cutter,Cutter,BallCalled,Undefined,Undefined,Undefined,0,0,,87.52284,1.138087,2.148333,2681.21338,118.487998,10:00,5.64339,-1.01755,4.748,-34.26175,3.76752,-4.78048,3.86856,0.62261,80.08814,-5.070958,1.309112,0.443844,,,,,,,,,,,,2.92256,1.89697,0.80599,50,5.72772,-4.53286,-126.87489,1.12884,4.77738,25.26559,-29.07314,LOU_CAR,MOR_EAG,JimPatterson,D1,ACC,20260303-JimPatterson-1,bcb70d30-1758-11f1-b6f1-3bca4f3249f3,84.92274,,,7.4347,,,,,,,4c216075-8757-4a7e-8832-fbd2b61f9361,2026-03-03,23:28:50.92,2026-03-03T18:28:50.9280000-05:00,2026-03-03T23:28:50.9280000Z,,v3,471341,471366,ea8a05dd47fb4949855474378ed738c7,"Nugent, Jimmy",838635,Right,LOU_CAR,cad172ad-61e3-482d-8d53-d369caa0a16a,55.75043,-128.01489,12.6328,5.6472,2.44064,-14.53657,1.01538,-4.74842,2.38869,,,,,,,,,,,,,,,,,,,,,,,,,,,,,,,,,,,,,,,,,,,,,,,,,,,High,High,High,,,,,,,,,,,,,,,,,,,,,,,,,,,,,,,,,,,,,,,
316,2026-03-03,18:29:09.13,2,4,"Murphy, Casen",830781,Left,LOU_CAR,"Correa, Jaden",1000159957,Right,MOR_EAG,Undefined,8,Top,1,3,0,Sinker,Sinker,StrikeCalled,Undefined,Undefined,Undefined,0,0,,89.93536,-0.64384,3.037672,2475.527735,114.36062,9:45,5.72923,-1.07165,4.85632,-28.50328,7.96811,-14.67678,2.74365,0.58331,81.08911,-5.869913,0.456177,0.434658,,,,,,,,,,,,8.12733,4.5211,0.78485,50,5.64196,-6.17815,-130.06997,-2.60261,13.74165,30.60294,-24.52977,LOU_CAR,MOR_EAG,JimPatterson,D1,ACC,20260303-JimPatterson-1,c77ec190-1758-11f1-b6f1-3bca4f3249f3,86.71748,,,8.84625,,,,,,,4c216075-8757-4a7e-8832-fbd2b61f9361,2026-03-03,23:29:09.13,2026-03-03T18:29:09.1310000-05:00,2026-03-03T23:29:09.1310000Z,,v3,471341,471366,ea8a05dd47fb4949855474378ed738c7,"Nugent, Jimmy",838635,Right,LOU_CAR,28280989-8cb5-41fe-88dc-02bfc1dad532,55.63924,-131.39008,15.30147,5.7314,-1.54448,-12.26489,1.06414,-6.77092,6.87083,,,,,,,,,,,,,,,,,,,,,,,,,,,,,,,,,,,,,,,,,,,,,,,,,,,High,High,High,,,,,,,,,,,,,,,,,,,,,,,,,,,,,,,,,,,,,,,
317,2026-03-03,18:29:26.30,2,5,"Murphy, Casen",830781,Left,LOU_CAR,"Correa, Jaden",1000159957,Right,MOR_EAG,Undefined,8,Top,1,3,1,Fastball,Four-Seam,BallCalled,Walk,Undefined,Undefined,0,0,,88.86149,-1.442368,4.368709,2546.168925,142.185237,10:45,5.66806,-1.04133,4.82638,-23.71489,13.0752,-9.27906,2.32151,2.33096,81.67325,-5.777858,2.742788,0.436553,,,,,,,,,,,,5.67607,7.14481,0.61576,50,5.50464,-9.38165,-128.5838,-4.15747,9.57704,24.71577,-20.11885,LOU_CAR,MOR_EAG,JimPatterson,D1,ACC,20260303-JimPatterson-1,d1b44810-1758-11f1-b6f1-3bca4f3249f3,86.34103,,,7.18823,,,,,,,4c216075-8757-4a7e-8832-fbd2b61f9361,2026-03-03,23:29:26.30,2026-03-03T18:29:26.3000000-05:00,2026-03-03T23:29:26.3000000Z,,v3,471341,471366,ea8a05dd47fb4949855474378ed738c7,"Nugent, Jimmy",838635,Right,LOU_CAR,d043c8c9-30ee-454d-8ac6-2b964e7d1b2f,55.67189,-129.66944,12.35789,5.66785,-3.27375,-10.05942,1.03709,-9.80232,4.78852,,,,,,,,,,,,,,,,,,,,,,,,,,,,,,,,,,,,,,,,,,,,,,,,,,,High,High,High,,,,,,,,,,,,,,,,,,,,,,,,,,,,,,,,,,,,,,,
318,2026-03-03,18:30:09.64,3,1,"Murphy, Casen",830781,Left,LOU_CAR,"Peak, Austyn",1000157632,Right,MOR_EAG,Undefined,8,Top,1,0,0,Sinker,Sinker,StrikeCalled,Undefined,Undefined,Undefined,1,0,,88.3728,-1.896208,1.931732,2469.909976,130.334572,10:15,5.57647,-1.12476,4.9542,-26.40092,10.8215,-11.29564,1.58309,-0.24017,80.67232,-6.731198,-0.061396,0.43911,,,,,,,,,,,,6.15449,6.25717,0.94734,50,5.3712,-3.79395,-128.04552,-5.24728,10.18751,27.17355,-21.81659,LOU_CAR,MOR_EAG,JimPatterson,D1,ACC,20260303-JimPatterson-1,eb969030-1758-11f1-b6f1-3bca4f3249f3,85.83818,,,7.70048,,,,,,,4c216075-8757-4a7e-8832-fbd2b61f9361,2026-03-03,23:30:09.64,2026-03-03T18:30:09.6440000-05:00,2026-03-03T23:30:09.6440000Z,,v3,471341,471366,ea8a05dd47fb4949855474378ed738c7,"Nugent, Jimmy",838635,Right,LOU_CAR,46f226f3-182b-4430-83c8-68ce6f930dd4,55.54405,-129.21671,13.58677,5.5771,-4.30698,-10.9083,1.12032,-4.23303,5.09375,,,,,,,,,,,,,,,,,,,,,,,,,,,,,76.8193,1.996169,0.694118,1.302051,0.30102,1.45031,0.24177,-1.306,5.64491,2.08596,127.27954,1.19499,3.1953,-1.17422,110.60307,-9.29891,5.65611,11.31688,-11.3381,2.05143,-1.55865,1.90315,High,High,High,,,High,Medium,Medium,,,,,,,,,,,,,,,,,,,,,,,,,,,,,,,,,,
319,2026-03-03,18:33:11.38,3,2,"Murphy, Casen",830781,Left,LOU_CAR,"Peak, Austyn",1000157632,Right,MOR_EAG,Undefined,8,Top,2,0,1,Curveball,Curveball,BallCalled,Undefined,Undefined,Undefined,0,0,,79.02504,3.787905,-1.730724,2544.806299,326.703718,5:00,5.62488,-0.93881,4.40257,-67.27319,-19.07462,13.67001,3.64117,-1.45208,71.27334,-8.220001,0.656622,0.499676,,,,,,,,,,,,-7.10335,-9.79233,1.10895,50,5.96222,2.82477,-114.19929,4.8162,-9.22807,24.22027,-44.8954,LOU_CAR,MOR_EAG,JimPatterson,D1,ACC,20260303-JimPatterson-1,57ee28b0-1759-11f1-b6f1-3bca4f3249f3,75.43378,,,7.7517,,,,,,,4c216075-8757-4a7e-8832-fbd2b61f9361,2026-03-03,23:33:11.38,2026-03-03T18:33:11.3880000-05:00,2026-03-03T23:33:11.3880000Z,,v3,471341,471366,ea8a05dd47fb4949855474378ed738c7,"Nugent, Jimmy",838635,Right,LOU_CAR,ded2d090-7aa1-479b-9146-83b0308e5d73,56.09962,-115.4857,12.11013,5.64309,7.20073,-22.4477,0.9459,3.3149,-4.61404,,,,,,,,,,,,,,,,,,,,,,,,,,,,,,,,,,,,,,,,,,,,,,,,,,,High,High,High,,,,,,,,,,,,,,,,,,,,,,,,,,,,,,,,,,,,,,,
320,2026-03-03,18:33:23.03,3,3,"Murphy, Casen",830781,Left,LOU_CAR,"Peak, Austyn",1000157632,Right,MOR_EAG,Undefined,8,Top,2,1,1,Curveball,Curveball,StrikeSwinging,Undefined,Undefined,Undefined,0,0,,79.01691,0.794835,0.435125,2594.670657,330.765783,5:00,5.63776,-0.96551,4.56779,-65.36441,-17.72229,10.83977,0.94716,0.35187,72.11331,-10.852636,2.341559,0.496783,,,,,,,,,,,,-5.16441,-8.4828,0.90957,50,5.65806,-1.33937,-114.52193,-0.97792,-6.74864,24.31356,-43.25904,LOU_CAR,MOR_EAG,JimPatterson,D1,ACC,20260303-JimPatterson-1,5edd36c0-1759-11f1-b6f1-3bca4f3249f3,75.873,,,6.9036,,,,,,,4c216075-8757-4a7e-8832-fbd2b61f9361,2026-03-03,23:33:23.03,2026-03-03T18:33:23.0350000-05:00,2026-03-03T23:33:23.0350000Z,,v3,471341,471366,ea8a05dd47fb4949855474378ed738c7,"Nugent, Jimmy",838635,Right,LOU_CAR,34b57ce4-e4c1-469b-b6e8-cc79bd058e8c,55.93508,-115.77512,12.15678,5.65101,1.25177,-21.62952,0.96965,-0.99153,-3.37432,,,,,,,,,,,,,,,,,,,,,,,,,,,,,,,,,,,,,,,,,,,,,,,,,,,High,High,High,,,,,,,,,,,,,,,,,,,,,,,,,,,,,,,,,,,,,,,
321,2026-03-03,18:33:38.34,3,4,"Murphy, Casen",830781,Left,LOU_CAR,"Peak, Austyn",1000157632,Right,MOR_EAG,Undefined,8,Top,2,1,2,Curveball,Curveball,StrikeSwinging,Strikeout,Undefined,Undefined,0,0,,80.43824,0.176941,0.378532,2545.016851,336.636156,5:15,5.6512,-1.03898,4.45198,-67.19767,-20.71446,9.67788,0.22013,0.12849,73.10302,-11.754275,2.079401,0.490704,,,,,,,,,,,,-4.60788,-9.7843,0.98888,50,5.60346,-1.19825,-116.49114,-2.35745,-6.18375,26.65252,-45.3045,LOU_CAR,MOR_EAG,JimPatterson,D1,ACC,20260303-JimPatterson-1,68014d40-1759-11f1-b6f1-3bca4f3249f3,76.81303,,,7.33522,,,,,,,4c216075-8757-4a7e-8832-fbd2b61f9361,2026-03-03,23:33:38.34,2026-03-03T18:33:38.3490000-05:00,2026-03-03T23:33:38.3490000Z,,v3,471341,471366,ea8a05dd47fb4949855474378ed738c7,"Nugent, Jimmy",838635,Right,LOU_CAR,a78c83f7-6646-45b6-93ac-622745db687d,56.05092,-117.86743,13.32626,5.66479,-0.01801,-22.65225,1.04251,-0.87893,-3.09188,,,,,,,,,,,,,,,,,,,,,,,,,,,,,,,,,,,,,,,,,,,,,,,,,,,High,High,High,,,,,,,,,,,,,,,,,,,,,,,,,,,,,,,,,,,,,,,
322,2026-03-03,18:36:08.93,1,1,"Miller, Alex",10284558,Right,MOR_EAG,"Nugent, Jimmy",838635,Right,LOU_CAR,Undefined,8,Bottom,0,0,0,Curveball,Slider,StrikeSwinging,Undefined,Undefined,Undefined,0,0,,81.88703,-0.992501,-2.303928,2574.853392,107.504741,9:30,5.95437,1.23416,4.54951,-40.81908,3.75945,-6.79851,1.60715,-1.5267,74.1869,-8.351405,-3.494135,0.480545,,,,,,,,,,,,2.55823,2.63083,-0.9877,50,5.8132,5.0732,-118.39815,-3.63916,3.57399,25.93823,-28.49864,LOU_CAR,MOR_EAG,JimPatterson,D1,ACC,20260303-JimPatterson-1,c1cd4720-1759-11f1-b6f1-3bca4f3249f3,78.43682,,,7.70012,,,,,,,4c216075-8757-4a7e-8832-fbd2b61f9361,2026-03-03,23:36:08.93,2026-03-03T18:36:08.9360000-05:00,2026-03-03T23:36:08.9360000Z,,v3,471341,471366,ea8a05dd47fb4949855474378ed738c7,"Sheridan, Caden",10091036,Right,MOR_EAG,9597d78a-efcb-4a22-8585-4fdf5dec4056,55.94632,-119.69376,12.96911,5.95942,-2.21566,-14.24932,-1.23665,4.89469,1.78699,,,,,,,,,,,,,,,,,,,,,,,,,,,,,,,,,,,,,,,,,,,,,,,,,,,High,High,High,,,,,,,,,,,,,,,,,,,,,,,,,,,,,,,,,,,,,,,
323,2026-03-03,18:36:24.40,1,2,"Miller, Alex",10284558,Right,MOR_EAG,"Nugent, Jimmy",838635,Right,LOU_CAR,Undefined,8,Bottom,0,0,1,Curveball,Curveball,StrikeCalled,Undefined,Undefined,Undefined,0,0,,81.85199,0.068028,-0.98195,2696.751198,56.235113,7:45,5.99174,1.19056,4.76496,-49.91192,-6.47426,-11.65686,1.89692,-0.71197,75.48637,-8.8727,-3.03485,0.474356,,,,,,,,,,,,5.46914,-2.81961,-1.08134,50,5.95433,2.54611,-118.79763,-1.81215,7.81819,22.69328,-36.2047,LOU_CAR,MOR_EAG,JimPatterson,D1,ACC,20260303-JimPatterson-1,caf72a00-1759-11f1-b6f1-3bca4f3249f3,79.46019,,,6.36562,,,,,,,4c216075-8757-4a7e-8832-fbd2b61f9361,2026-03-03,23:36:24.40,2026-03-03T18:36:24.4000000-05:00,2026-03-03T23:36:24.4000000Z,,v3,471341,471366,ea8a05dd47fb4949855474378ed738c7,"Sheridan, Caden",10091036,Right,MOR_EAG,68d787e6-fdb8-4634-b850-65c641054f9e,55.73644,-119.88843,11.34664,5.99962,-0.0719,-18.10235,-1.19469,2.17032,3.90909,,,,,,,,,,,,,,,,,,,,,,,,,,,,,,,,,,,,,,,,,,,,,,,,,,,High,High,High,,,,,,,,,,,,,,,,,,,,,,,,,,,,,,,,,,,,,,,
324,2026-03-03,18:36:39.14,1,3,"Miller, Alex",10284558,Right,MOR_EAG,"Nugent, Jimmy",838635,Right,LOU_CAR,Undefined,8,Bottom,0,0,2,Curveball,Curveball,BallCalled,Undefined,Undefined,Undefined,0,0,,83.24444,-0.354281,-1.298295,2780.652431,60.811912,8:00,5.97533,0.98552,4.89194,-50.58822,-8.03091,-17.07336,1.42443,-1.66557,75.63208,-9.452697,-4.3122,0.469525,,,,,,,,,,,,8.00815,-3.4239,-0.84312,50,5.89792,3.49047,-120.59305,-2.73042,11.57341,27.52023,-37.12229,LOU_CAR,MOR_EAG,JimPatterson,D1,ACC,20260303-JimPatterson-1,d3c901d0-1759-11f1-b6f1-3bca4f3249f3,80.27787,,,7.61235,,,,,,,4c216075-8757-4a7e-8832-fbd2b61f9361,2026-03-03,23:36:39.14,2026-03-03T18:36:39.1440000-05:00,2026-03-03T23:36:39.1440000Z,,v3,471341,471366,ea8a05dd47fb4949855474378ed738c7,"Sheridan, Caden",10091036,Right,MOR_EAG,760f7f9c-e828-4e06-a3e1-2d01f583c6f8,55.60789,-121.86609,13.76012,5.9845,-1.0132,-18.56115,-0.9922,2.9551,5.78671,,,,,,,,,,,,,,,,,,,,,,,,,,,,,,,,,,,,,,,,,,,,,,,,,,,High,High,High,,,,,,,,,,,,,,,,,,,,,,,,,,,,,,,,,,,,,,,
325,2026-03-03,18:36:57.35,1,4,"Miller, Alex",10284558,Right,MOR_EAG,"Nugent, Jimmy",838635,Right,LOU_CAR,Undefined,8,Bottom,0,1,2,Curveball,Slider,BallCalled,Undefined,Undefined,Undefined,0,0,,83.22332,-1.73955,-2.957061,2741.166931,64.368505,8:15,6.06942,0.98955,4.92864,-46.64073,-4.52473,-12.19753,0.53561,-2.82469,76.71481,-10.078589,-5.107921,0.467084,,,,,,,,,,,,5.22807,-1.4176,-0.69063,50,5.86062,6.74855,-120.55159,-5.45447,7.65102,24.6452,-34.24865,LOU_CAR,MOR_EAG,JimPatterson,D1,ACC,20260303-JimPatterson-1,de94add0-1759-11f1-b6f1-3bca4f3249f3,80.69733,,,6.50851,,,,,,,4c216075-8757-4a7e-8832-fbd2b61f9361,2026-03-03,23:36:57.35,2026-03-03T18:36:57.3540000-05:00,2026-03-03T23:36:57.3540000Z,,v3,471341,471366,ea8a05dd47fb4949855474378ed738c7,"Sheridan, Caden",10091036,Right,MOR_EAG,858523da-0e29-484e-a259-7289f1d7f792,55.57269,-121.68552,12.3226,6.07533,-3.87868,-17.12432,-0.99303,6.39653,3.82551,,,,,,,,,,,,,,,,,,,,,,,,,,,,,,,,,,,,,,,,,,,,,,,,,,,High,High,High,,,,,,,,,,,,,,,,,,,,,,,,,,,,,,,,,,,,,,,
326,2026-03-03,18:37:15.87,1,5,"Miller, Alex",10284558,Right,MOR_EAG,"Nugent, Jimmy",838635,Right,LOU_CAR,Undefined,8,Bottom,0,2,2,Sinker,Four-Seam,BallCalled,Undefined,Undefined,Undefined,0,0,,92.84915,-3.892776,-1.923595,2484.802854,231.970114,1:45,6.04905,0.95397,4.91526,-17.0178,17.18607,20.36792,0.94242,0.8318,83.90126,-7.070178,1.667053,0.420929,,,,,,,,,,,,-10.59453,10.05099,-0.78393,50,5.65499,3.4813,-134.14499,-9.7405,-19.06468,32.3903,-14.08746,LOU_CAR,MOR_EAG,JimPatterson,D1,ACC,20260303-JimPatterson-1,e99e7440-1759-11f1-b6f1-3bca4f3249f3,89.5458,,,8.94789,,,,,,,4c216075-8757-4a7e-8832-fbd2b61f9361,2026-03-03,23:37:15.87,2026-03-03T18:37:15.8750000-05:00,2026-03-03T23:37:15.8750000Z,,v3,471341,471366,ea8a05dd47fb4949855474378ed738c7,"Sheridan, Caden",10091036,Right,MOR_EAG,d3eabd7b-7848-4f65-b742-904248e23431,55.58135,-135.48595,16.19515,6.04617,-9.15728,-7.04373,-0.9444,4.27057,-9.53234,,,,,,,,,,,,,,,,,,,,,,,,,,,,,,,,,,,,,,,,,,,,,,,,,,,High,High,High,,,,,,,,,,,,,,,,,,,,,,,,,,,,,,,,,,,,,,,
327,2026-03-03,18:37:31.75,1,6,"Miller, Alex",10284558,Right,MOR_EAG,"Nugent, Jimmy",838635,Right,LOU_CAR,Undefined,8,Bottom,0,3,2,Sinker,Sinker,BallCalled,Walk,Undefined,Undefined,0,0,,92.39314,-4.015279,-4.231879,2490.056101,234.599954,1:45,6.00097,1.00457,4.94439,-19.20347,15.36717,19.84619,0.58956,-1.34807,83.59233,-7.580041,-0.741116,0.42318,,,,,,,,,,,,-11.1867,9.20788,-0.61063,50,5.59437,8.9018,-133.25794,-10.09245,-19.90263,31.46294,-15.79201,LOU_CAR,MOR_EAG,JimPatterson,D1,ACC,20260303-JimPatterson-1,f3184be0-1759-11f1-b6f1-3bca4f3249f3,89.06954,,,8.80081,,,,,,,4c216075-8757-4a7e-8832-fbd2b61f9361,2026-03-03,23:37:31.75,2026-03-03T18:37:31.7540000-05:00,2026-03-03T23:37:31.7540000Z,,v3,471341,471366,ea8a05dd47fb4949855474378ed738c7,"Sheridan, Caden",10091036,Right,MOR_EAG,f6a6cf7d-3220-4ecb-92cb-885222667759,55.55472,-134.56305,15.73147,5.99942,-9.43739,-7.89601,-0.99701,9.72738,-9.95132,,,,,,,,,,,,,,,,,,,,,,,,,,,,,,,,,,,,,,,,,,,,,,,,,,,High,High,High,,,,,,,,,,,,,,,,,,,,,,,,,,,,,,,,,,,,,,,
328,2026-03-03,18:38:06.35,2,1,"Miller, Alex",10284558,Right,MOR_EAG,"Elam, Kade",834239,Right,LOU_CAR,Undefined,8,Bottom,0,0,0,Fastball,Sinker,BallCalled,Undefined,Undefined,Undefined,0,0,,91.57589,-1.111767,-4.097612,2432.004482,226.846531,1:30,6.00559,1.06344,4.97976,-16.26395,19.26466,19.00588,3.59749,-1.22914,81.29992,-4.225012,-0.754759,0.429003,,,,,,,,,,,,-10.65134,10.23784,-0.68328,50,5.88575,8.48724,-132.08008,-3.08768,-18.35022,34.61651,-14.53618,LOU_CAR,MOR_EAG,JimPatterson,D1,ACC,20260303-JimPatterson-1,07b935f0-175a-11f1-b6f1-3bca4f3249f3,87.86056,,,10.27597,,,,,,,4c216075-8757-4a7e-8832-fbd2b61f9361,2026-03-03,23:38:06.35,2026-03-03T18:38:06.3500000-05:00,2026-03-03T23:38:06.3500000Z,,v3,471341,471366,ea8a05dd47fb4949855474378ed738c7,"Sheridan, Caden",10091036,Right,MOR_EAG,a6ed0afd-5849-416c-9038-16bd09d3dd85,55.51194,-133.51687,17.30826,6.00139,-2.48434,-7.26809,-1.05136,9.24888,-9.17511,,,,,,,,,,,,,,,,,,,,,,,,,,,,,,,,,,,,,,,,,,,,,,,,,,,High,High,High,,,,,,,,,,,,,,,,,,,,,,,,,,,,,,,,,,,,,,,
329,2026-03-03,18:38:57.33,2,2,"Miller, Alex",10284558,Right,MOR_EAG,"Elam, Kade",834239,Right,LOU_CAR,Undefined,8,Bottom,0,1,0,Curveball,Curveball,StrikeCalled,Undefined,Undefined,Undefined,0,0,,81.33536,0.160083,-1.071342,2579.028444,58.959248,8:00,5.99956,1.21431,4.92568,-49.08097,-5.00571,-10.72737,2.06085,-0.69254,74.40431,-8.686998,-2.965715,0.477825,,,,,,,,,,,,4.96977,-2.07142,-1.10061,50,5.9743,2.67077,-117.94701,-1.53978,6.94703,24.04253,-35.06961,LOU_CAR,MOR_EAG,JimPatterson,D1,ACC,20260303-JimPatterson-1,261ee350-175a-11f1-b6f1-3bca4f3249f3,78.88335,,,6.93105,,,,,,,4c216075-8757-4a7e-8832-fbd2b61f9361,2026-03-03,23:38:57.33,2026-03-03T18:38:57.3310000-05:00,2026-03-03T23:38:57.3310000Z,,v3,471341,471366,ea8a05dd47fb4949855474378ed738c7,"Sheridan, Caden",10091036,Right,MOR_EAG,f37a123b-7ea8-4a4a-8418-0d297c9dd5c5,55.57378,-119.07776,12.02126,6.00793,0.10959,-17.53481,-1.21854,2.34404,3.47351,,,,,,,,,,,,,,,,,,,,,,,,,,,,,,,,,,,,,,,,,,,,,,,,,,,High,High,High,,,,,,,,,,,,,,,,,,,,,,,,,,,,,,,,,,,,,,,
330,2026-03-03,18:39:23.79,2,3,"Miller, Alex",10284558,Right,MOR_EAG,"Elam, Kade",834239,Right,LOU_CAR,Undefined,8,Bottom,0,1,1,Curveball,Slider,BallCalled,Undefined,Undefined,Undefined,0,0,,80.77754,2.307296,-0.545422,2632.866594,56.860873,8:00,5.96872,1.16578,4.6303,-50.43357,-4.2113,-9.27662,3.9603,-0.12571,71.94447,-6.833896,-2.172238,0.489325,,,,,,,,,,,,4.24866,-2.20748,-1.101,50,6.16008,1.54338,-116.64546,2.70747,5.69046,27.63901,-35.13066,LOU_CAR,MOR_EAG,JimPatterson,D1,ACC,20260303-JimPatterson-1,35e658e0-175a-11f1-b6f1-3bca4f3249f3,77.02951,,,8.83307,,,,,,,4c216075-8757-4a7e-8832-fbd2b61f9361,2026-03-03,23:39:23.79,2026-03-03T18:39:23.7980000-05:00,2026-03-03T23:39:23.7980000Z,,v3,471341,471366,ea8a05dd47fb4949855474378ed738c7,"Sheridan, Caden",10091036,Right,MOR_EAG,b01628b1-c3cc-4a09-bc38-ba686d02b535,55.86261,-118.02642,13.81951,5.98095,4.46275,-17.56533,-1.17101,1.25907,2.84523,,,,,,,,,,,,,,,,,,,,,,,,,,,,,,,,,,,,,,,,,,,,,,,,,,,High,High,High,,,,,,,,,,,,,,,,,,,,,,,,,,,,,,,,,,,,,,,
331,2026-03-03,18:39:40.54,2,4,"Miller, Alex",10284558,Right,MOR_EAG,"Elam, Kade",834239,Right,LOU_CAR,Undefined,8,Bottom,0,2,1,Sinker,Sinker,FoulBallNotFieldable,Undefined,Undefined,Undefined,0,0,,91.23816,-1.98394,-3.043669,2403.460412,231.110226,1:45,6.00399,1.30952,4.90347,-18.93115,16.09111,18.49899,2.54672,-0.03011,83.06704,-5.501955,0.212259,0.425935,81.55898,64.618776,56.451846,5379.420037,,,,,150.97967,,,-10.04733,8.85941,-1.02817,50,5.79448,6.13626,-132.1048,-5.28126,-17.7094,28.82059,-16.55842,LOU_CAR,MOR_EAG,JimPatterson,D1,ACC,20260303-JimPatterson-1,3fe0f940-175a-11f1-b6f1-3bca4f3249f3,88.49336,93.55609,,8.17113,,,,1.96983,2.59979,0.032,4c216075-8757-4a7e-8832-fbd2b61f9361,2026-03-03,23:39:40.54,2026-03-03T18:39:40.5470000-05:00,2026-03-03T23:39:40.5470000Z,,v3,471341,471366,ea8a05dd47fb4949855474378ed738c7,"Sheridan, Caden",10091036,Right,MOR_EAG,5d26313c-20ef-404f-87b4-0374a2e4f94c,55.59599,-133.32006,14.4103,6.00245,-4.58305,-8.27921,-1.30265,6.883,-8.8547,,1.96983,28.33682,-13.83892,4.61246,-3.03886,4.92495,-5.46395,3.13,-0.71605,2.59979,108.07327,-26.95456,3.00083,-0.08178,-1.05178,1.33249,-0.78365,0.18101,0.032,42.73273,-6.59441,1.51627,-0.5383,0.64663,-0.6847,0.38763,-0.08824,,,,,,,,,,,,,,,,,,,,,,,High,High,High,Medium,Undefined,,,,,,,,,,,,,,,,,,,,,,,,,,,,,,,,,,,77.24907,11.00226,-7.85466
332,2026-03-03,18:40:12.09,2,5,"Miller, Alex",10284558,Right,MOR_EAG,"Elam, Kade",834239,Right,LOU_CAR,Undefined,8,Bottom,0,2,2,Curveball,Slider,BallCalled,Undefined,Undefined,Undefined,0,0,,82.55028,2.273937,-0.392969,2618.502825,65.77831,8:15,5.9577,1.24844,4.80697,-48.63554,-4.96181,-14.68875,4.06029,-0.34793,73.99883,-6.548261,-2.97682,0.475643,,,,,,,,,,,,6.98327,-2.62725,-1.19618,50,6.14247,1.4992,-119.37561,2.81589,9.85424,27.71562,-35.88141,LOU_CAR,MOR_EAG,JimPatterson,D1,ACC,20260303-JimPatterson-1,52c0d260-175a-11f1-b6f1-3bca4f3249f3,79.24517,,,8.55145,,,,,,,4c216075-8757-4a7e-8832-fbd2b61f9361,2026-03-03,23:40:12.09,2026-03-03T18:40:12.0900000-05:00,2026-03-03T23:40:12.0900000Z,,v3,471341,471366,ea8a05dd47fb4949855474378ed738c7,"Sheridan, Caden",10091036,Right,MOR_EAG,64f41402-e237-4a5b-9238-ceb85226113a,55.68872,-120.68914,13.85781,5.96872,4.51642,-17.94071,-1.25616,1.03218,4.92712,,,,,,,,,,,,,,,,,,,,,,,,,,,,,,,,,,,,,,,,,,,,,,,,,,,High,High,High,,,,,,,,,,,,,,,,,,,,,,,,,,,,,,,,,,,,,,,
333,2026-03-03,18:40:29.20,2,6,"Miller, Alex",10284558,Right,MOR_EAG,"Elam, Kade",834239,Right,LOU_CAR,Undefined,8,Bottom,0,3,2,Curveball,Curveball,StrikeSwinging,Strikeout,Undefined,Undefined,0,0,,80.61902,0.834138,-1.222627,2557.791474,63.510391,8:00,5.99467,1.24413,4.93602,-49.70778,-4.32831,-12.00883,2.64099,-0.91236,72.83425,-8.171583,-3.342026,0.484843,,,,,,,,,,,,5.46949,-1.85205,-1.11496,50,6.03506,3.01945,-116.71497,-0.17999,7.40045,25.88245,-34.67998,LOU_CAR,MOR_EAG,JimPatterson,D1,ACC,20260303-JimPatterson-1,5ce47e90-175a-11f1-b6f1-3bca4f3249f3,77.74154,,,7.78477,,,,,,,4c216075-8757-4a7e-8832-fbd2b61f9361,2026-03-03,23:40:29.20,2026-03-03T18:40:29.2050000-05:00,2026-03-03T23:40:29.2050000Z,,v3,471341,471366,ea8a05dd47fb4949855474378ed738c7,"Sheridan, Caden",10091036,Right,MOR_EAG,a229848d-e830-40a7-8806-379a4e91f1b2,55.5606,-117.94163,12.94122,6.00464,1.46362,-17.33999,-1.24975,2.66872,3.70023,,,,,,,,,,,,,,,,,,,,,,,,,,,,,,,,,,,,,,,,,,,,,,,,,,,High,High,High,,,,,,,,,,,,,,,,,,,,,,,,,,,,,,,,,,,,,,,
334,2026-03-03,18:41:02.45,3,1,"Miller, Alex",10284558,Right,MOR_EAG,"Alicea, Alex",822712,Left,LOU_CAR,Undefined,8,Bottom,1,0,0,Curveball,Curveball,StrikeCalled,Undefined,Undefined,Undefined,0,0,,79.72828,1.706557,0.393748,2506.094985,42.938222,7:30,6.07513,1.26659,4.71572,-56.68853,-9.89134,-10.80469,2.97114,0.73988,71.93596,-8.506478,-1.507059,0.492358,,,,,,,,,,,,5.36276,-4.78437,-1.29634,50,6.19736,-0.30867,-115.39202,1.22141,7.09061,25.35142,-38.49994,LOU_CAR,MOR_EAG,JimPatterson,D1,ACC,20260303-JimPatterson-1,70d44110-175a-11f1-b6f1-3bca4f3249f3,76.55488,,,7.79232,,,,,,,4c216075-8757-4a7e-8832-fbd2b61f9361,2026-03-03,23:41:02.45,2026-03-03T18:41:02.4540000-05:00,2026-03-03T23:41:02.4540000Z,,v3,471341,471366,ea8a05dd47fb4949855474378ed738c7,"Sheridan, Caden",10091036,Right,MOR_EAG,1776e575-aa00-4462-ba29-f76491032a32,55.78206,-116.65541,12.67571,6.08868,3.14006,-19.24997,-1.27216,-0.66203,3.5453,,,,,,,,,,,,,,,,,,,,,,,,,,,,,,,,,,,,,,,,,,,,,,,,,,,High,High,High,,,,,,,,,,,,,,,,,,,,,,,,,,,,,,,,,,,,,,,
335,2026-03-03,18:41:16.82,3,2,"Miller, Alex",10284558,Right,MOR_EAG,"Alicea, Alex",822712,Left,LOU_CAR,Undefined,8,Bottom,1,0,1,Fastball,Sinker,InPlay,Undefined,LineDrive,Out,1,0,,91.25118,-1.296402,-1.667687,2397.172676,228.583282,1:30,6.07295,1.12886,4.97898,-19.28867,15.73351,16.46273,3.24049,0.92532,82.66812,-4.895211,1.237235,0.425935,82.49246,20.368813,-12.515053,2919.920852,105.35829,31.85692,-31.61586,265.25295,257.14452,-21.317354,3.201177,-8.66489,8.5302,-0.98218,50,5.93278,3.05609,-132.2102,-3.69473,-15.20882,30.38344,-17.20164,LOU_CAR,MOR_EAG,JimPatterson,D1,ACC,20260303-JimPatterson-1,7941b1c0-175a-11f1-b6f1-3bca4f3249f3,88.49348,33.8588,,8.58305,,,,1.45604,3.27593,-0.9377,4c216075-8757-4a7e-8832-fbd2b61f9361,2026-03-03,23:41:16.82,2026-03-03T18:41:16.8200000-05:00,2026-03-03T23:41:16.8200000Z,LineDrive,v3,471341,471366,ea8a05dd47fb4949855474378ed738c7,"Sheridan, Caden",10091036,Right,MOR_EAG,b584183e-d5d6-45f4-af9d-aacb224da019,55.51893,-133.47249,15.19172,6.07143,-2.98008,-8.60082,-1.12227,3.68795,-7.60441,133.029641,1.45586,110.73546,-18.84811,4.42322,-1.03511,0.27369,-0.07325,0.01341,-0.00104,3.27616,42.10298,-15.06912,0.12945,0.35314,-0.18929,0.06243,-0.01025,0.00062,-0.93772,-24.578,-4.51088,1.92579,-0.59452,0.15045,-0.032,0.00457,-0.00029,,,,,,,,,,,,,,,,,,,,,,,High,High,High,High,High,,,,,,,,,,,,,,,,,,,,,,,,,,,,,,,,,,,59.2114,7.66734,-0.23666
336,2026-03-03,18:41:52.96,4,1,"Miller, Alex",10284558,Right,MOR_EAG,"Moore, Lucas",806169,Left,LOU_CAR,Undefined,8,Bottom,2,0,0,ChangeUp,Changeup,StrikeCalled,Undefined,Undefined,Undefined,0,0,,85.38727,-1.456893,-1.774775,1940.532059,242.436751,2:00,5.85266,1.2167,5.17471,-29.1436,10.7226,17.81765,2.05214,1.03091,77.32534,-6.830314,1.382902,0.454437,,,,,,,,,,,,-9.37666,6.22181,-1.06546,50,5.6953,3.02887,-123.67132,-4.18982,-14.34645,27.4459,-22.65452,LOU_CAR,MOR_EAG,JimPatterson,D1,ACC,20260303-JimPatterson-1,8ed58750-175a-11f1-b6f1-3bca4f3249f3,82.9431,,,8.06193,,,,,,,4c216075-8757-4a7e-8832-fbd2b61f9361,2026-03-03,23:41:52.96,2026-03-03T18:41:52.9690000-05:00,2026-03-03T23:41:52.9690000Z,,v3,471341,471366,ea8a05dd47fb4949855474378ed738c7,"Sheridan, Caden",10091036,Right,MOR_EAG,9b25e7d8-d053-4844-9d9b-a6f1ddc2960a,55.32162,-124.84674,13.72295,5.85396,-3.2196,-11.32726,-1.20833,3.64329,-7.17323,,,,,,,,,,,,,,,,,,,,,,,,,,,,,,,,,,,,,,,,,,,,,,,,,,,High,High,High,,,,,,,,,,,,,,,,,,,,,,,,,,,,,,,,,,,,,,,
337,2026-03-03,18:42:08.41,4,2,"Miller, Alex",10284558,Right,MOR_EAG,"Moore, Lucas",806169,Left,LOU_CAR,Undefined,8,Bottom,2,0,1,Fastball,Four-Seam,InPlay,Undefined,FlyBall,Out,1,0,,91.27879,-2.459759,-3.267631,2364.591807,224.94626,1:30,6.09303,1.10841,4.92165,-17.57139,18.09572,16.65839,2.29803,-0.59602,81.59408,-5.779607,-0.336091,0.429838,96.76158,39.093715,21.809966,3527.440559,102.03367,86.82106,41.09902,338.40816,318.42669,20.620497,5.861675,-9.34418,10.16162,-0.80435,50,5.83921,6.70816,-131.78425,-6.27702,-16.07783,33.64405,-14.68972,LOU_CAR,MOR_EAG,JimPatterson,D1,ACC,20260303-JimPatterson-1,97fc5cf0-175a-11f1-b6f1-3bca4f3249f3,87.68978,120.8579,,9.68471,,,,1.70586,2.39099,0.57453,4c216075-8757-4a7e-8832-fbd2b61f9361,2026-03-03,23:42:08.41,2026-03-03T18:42:08.4100000-05:00,2026-03-03T23:42:08.4100000Z,FlyBall,v3,471341,471366,ea8a05dd47fb4949855474378ed738c7,"Sheridan, Caden",10091036,Right,MOR_EAG,6226c5b3-6602-4ac9-b571-2be691fad7b9,55.57429,-133.19975,16.82202,6.0903,-5.65899,-7.34486,-1.10081,7.3846,-8.03892,181.932967,1.71014,102.17898,-23.95597,5.8749,-0.9065,0.059,0.00514,-0.0011,5E-05,2.3904,89.49182,-18.70685,0.69044,0.06091,-0.05564,0.01587,-0.00208,0.0001,0.57716,40.8758,-8.9142,1.89297,-0.24985,0.00966,0.002,-0.00025,1E-05,,,,,,,,,,,,,,,,,,,,,,,High,High,High,High,Medium,,,,,,,,,,,,,,,,,,,,,,,,,,,,,,,,,,,69.21766,23.95638,21.80469
338,2026-03-03,18:45:26.17,1,1,"Koch, Bryce",832435,Right,LOU_CAR,"Krupp, Kyle",10072907,Left,MOR_EAG,Undefined,9,Top,0,0,0,Fastball,Four-Seam,BallCalled,Undefined,Undefined,Undefined,0,0,,93.83347,-5.066246,-1.761856,2439.673092,211.597476,1:00,5.91158,1.72158,6.33229,-12.00772,19.33989,11.27634,0.23155,1.03846,86.07374,-7.378574,0.278386,0.402971,,,,,,,,,,,,-6.36599,11.77599,-1.59835,50,5.53542,3.71491,-135.89428,-12.35168,-11.92576,29.28389,-10.11344,LOU_CAR,MOR_EAG,JimPatterson,D1,ACC,20260303-JimPatterson-1,0ddd3660-175b-11f1-b6f1-3bca4f3249f3,93.5364,,,7.75973,,,,,,,4c216075-8757-4a7e-8832-fbd2b61f9361,2026-03-03,23:45:26.17,2026-03-03T18:45:26.1740000-05:00,2026-03-03T23:45:26.1740000Z,,v3,471341,471366,ea8a05dd47fb4949855474378ed738c7,"Nugent, Jimmy",838635,Right,LOU_CAR,a220605f-d829-4326-99e0-3f6302a5ac6d,54.1673,-136.78935,14.64195,5.90823,-12.04256,-5.05672,-1.71746,4.07942,-5.96288,,,,,,,,,,,,,,,,,,,,,,,,,,,,,,,,,,,,,,,,,,,,,,,,,,,High,High,High,,,,,,,,,,,,,,,,,,,,,,,,,,,,,,,,,,,,,,,
339,2026-03-03,18:45:44.97,1,2,"Koch, Bryce",832435,Right,LOU_CAR,"Krupp, Kyle",10072907,Left,MOR_EAG,Undefined,9,Top,0,1,0,Fastball,Four-Seam,FoulBallNotFieldable,Undefined,Undefined,Undefined,0,0,,92.50439,-1.639717,-2.374801,2618.088957,190.431448,12:15,5.94381,1.73581,5.77749,-17.5395,15.68639,2.67055,2.95474,-0.25261,83.56043,-4.971618,-1.897111,0.414868,71.10998,68.435549,-103.818179,5029.180328,,,,,14.40244,,,-2.1102,8.85595,-1.54132,50,5.79798,5.43965,-134.04464,-4.39284,-3.79069,32.40533,-16.2655,LOU_CAR,MOR_EAG,JimPatterson,D1,ACC,20260303-JimPatterson-1,191056c0-175b-11f1-b6f1-3bca4f3249f3,90.85408,34.20378,,8.94396,,,,0.34721,3.02266,0.14348,4c216075-8757-4a7e-8832-fbd2b61f9361,2026-03-03,23:45:44.97,2026-03-03T18:45:44.9730000-05:00,2026-03-03T23:45:44.9730000Z,,v3,471341,471366,ea8a05dd47fb4949855474378ed738c7,"Nugent, Jimmy",838635,Right,LOU_CAR,e85ea181-be6c-4fc0-a055-280c183a6d55,54.71916,-135.18068,16.20267,5.94198,-3.82261,-8.13275,-1.73435,5.57254,-1.89534,15.18255,0.35353,-9.39009,-6.2581,,,,,,,3.03033,96.71268,-29.08046,,,,,,,0.14948,-37.44741,-3.77028,,,,,,,,,,,,,,,,,,,,,,,,,,,,,High,High,High,Medium,Undefined,,,,,,,,,,,,,,,,,,,,,,,,,,,,,,,,,,,68.31513,18.39454,8.54325
340,2026-03-03,18:46:03.47,1,3,"Koch, Bryce",832435,Right,LOU_CAR,"Krupp, Kyle",10072907,Left,MOR_EAG,Undefined,9,Top,0,1,1,Fastball,Four-Seam,StrikeSwinging,Undefined,Undefined,Undefined,0,0,,93.48584,-3.286693,-1.610617,2533.381321,210.967861,1:00,5.93654,1.72639,6.23396,-11.42257,20.03198,11.4426,1.94812,1.19374,85.9,-5.499183,0.455718,0.403657,,,,,,,,,,,,-6.32674,11.52812,-1.61154,50,5.68501,3.32813,-135.70966,-8.06949,-11.86669,28.10113,-10.55146,LOU_CAR,MOR_EAG,JimPatterson,D1,ACC,20260303-JimPatterson-1,2436a5e0-175b-11f1-b6f1-3bca4f3249f3,93.37729,,,7.58585,,,,,,,4c216075-8757-4a7e-8832-fbd2b61f9361,2026-03-03,23:46:03.47,2026-03-03T18:46:03.4710000-05:00,2026-03-03T23:46:03.4710000Z,,v3,471341,471366,ea8a05dd47fb4949855474378ed738c7,"Nugent, Jimmy",838635,Right,LOU_CAR,51be0ff4-360a-431e-8794-3ae0da8203b4,54.26477,-136.5899,14.05056,5.9326,-7.73898,-5.27573,-1.72161,3.69984,-5.93335,,,,,,,,,,,,,,,,,,,,,,,,,,,,,,,,,,,,,,,,,,,,,,,,,,,High,High,High,,,,,,,,,,,,,,,,,,,,,,,,,,,,,,,,,,,,,,,
341,2026-03-03,18:46:21.85,1,4,"Koch, Bryce",832435,Right,LOU_CAR,"Krupp, Kyle",10072907,Left,MOR_EAG,Undefined,9,Top,0,1,2,Fastball,Four-Seam,BallCalled,Undefined,Undefined,Undefined,0,0,,94.83953,-3.913073,-2.155928,2466.284622,215.491751,1:15,5.88516,1.66092,6.57227,-11.48839,18.66749,12.6643,1.33291,0.7392,87.36783,-6.137926,0.145047,0.395237,,,,,,,,,,,,-7.18339,11.08414,-1.51754,50,5.61045,4.66465,-137.64673,-9.68879,-13.88842,28.33676,-10.74396,LOU_CAR,MOR_EAG,JimPatterson,D1,ACC,20260303-JimPatterson-1,2f125770-175b-11f1-b6f1-3bca4f3249f3,95.36673,,,7.4717,,,,,,,4c216075-8757-4a7e-8832-fbd2b61f9361,2026-03-03,23:46:21.85,2026-03-03T18:46:21.8520000-05:00,2026-03-03T23:46:21.8520000Z,,v3,471341,471366,ea8a05dd47fb4949855474378ed738c7,"Nugent, Jimmy",838635,Right,LOU_CAR,ffe25043-072e-4c6c-9944-4a113109e815,53.92734,-138.45288,14.16838,5.88174,-9.38313,-5.37198,-1.65586,5.05975,-6.94421,,,,,,,,,,,,,,,,,,,,,,,,,,,,,,,,,,,,,,,,,,,,,,,,,,,High,High,High,,,,,,,,,,,,,,,,,,,,,,,,,,,,,,,,,,,,,,,
342,2026-03-03,18:46:42.76,1,5,"Koch, Bryce",832435,Right,LOU_CAR,"Krupp, Kyle",10072907,Left,MOR_EAG,Undefined,9,Top,0,2,2,Fastball,Four-Seam,BallCalled,Undefined,Undefined,Undefined,0,0,,94.09802,-3.784886,-3.922787,2552.348063,209.117,1:00,5.90578,1.68894,6.22793,-12.37721,18.76414,9.92315,1.36905,-1.10903,86.59641,-6.162282,-2.136722,0.401642,,,,,,,,,,,,-6.1528,10.99942,-1.40032,50,5.61567,8.92859,-136.29686,-9.36323,-11.66409,27.77327,-11.32201,LOU_CAR,MOR_EAG,JimPatterson,D1,ACC,20260303-JimPatterson-1,3b812c20-175b-11f1-b6f1-3bca4f3249f3,93.84565,,,7.50161,,,,,,,4c216075-8757-4a7e-8832-fbd2b61f9361,2026-03-03,23:46:42.76,2026-03-03T18:46:42.7660000-05:00,2026-03-03T23:46:42.7660000Z,,v3,471341,471366,ea8a05dd47fb4949855474378ed738c7,"Nugent, Jimmy",838635,Right,LOU_CAR,1f629a08-4157-4ee6-be29-0e488823d0b7,54.27179,-137.16456,13.88663,5.90267,-9.0095,-5.661,-1.68496,9.293,-5.83204,,,,,,,,,,,,,,,,,,,,,,,,,,,,,,,,,,,,,,,,,,,,,,,,,,,High,High,High,,,,,,,,,,,,,,,,,,,,,,,,,,,,,,,,,,,,,,,
343,2026-03-03,18:47:01.26,1,6,"Koch, Bryce",832435,Right,LOU_CAR,"Krupp, Kyle",10072907,Left,MOR_EAG,Undefined,9,Top,0,3,2,Fastball,Four-Seam,FoulBallNotFieldable,Undefined,Undefined,Undefined,0,0,,92.74268,-1.734856,-2.26134,2584.376256,206.022234,12:45,5.98781,1.68572,5.73671,-14.55186,17.97198,8.29371,3.15792,0.27003,85.14424,-4.497975,-0.778524,0.410461,82.06239,74.634547,-41.424313,5005.505013,,,,,30.99437,,,-4.83969,9.92792,-1.50264,50,5.83444,4.95364,-134.65637,-4.53024,-8.93648,27.68732,-13.84214,LOU_CAR,MOR_EAG,JimPatterson,D1,ACC,20260303-JimPatterson-1,4693a520-175b-11f1-b6f1-3bca4f3249f3,91.82943,100.8177,,7.59844,,,,1.00207,3.06793,-0.27342,4c216075-8757-4a7e-8832-fbd2b61f9361,2026-03-03,23:47:01.26,2026-03-03T18:47:01.2660000-05:00,2026-03-03T23:47:01.2660000Z,,v3,471341,471366,ea8a05dd47fb4949855474378ed738c7,"Nugent, Jimmy",838635,Right,LOU_CAR,3d99a199-4142-4a44-9ecc-f6686d99d06b,54.76312,-135.6322,13.84366,5.98551,-4.04238,-6.92107,-1.68278,5.2686,-4.46824,163.668085,1.00208,23.9106,-12.78372,3.25834,2.05899,-5.4226,5.72233,-3.02247,0.63891,3.06793,116.05574,-30.4161,3.95744,-0.826,0.28066,-0.16732,0.08067,-0.01774,-0.27342,-21.10211,-2.70149,1.01297,1.23902,-2.98248,3.12989,-1.65284,0.34971,,,,,,,,,,,,,,,,,,,,,,,High,High,High,High,Undefined,,,,,,,,,,,,,,,,,,,,,,,,,,,,,,,,,,,70.33577,19.19191,11.81088
344,2026-03-03,18:47:40.12,1,7,"Koch, Bryce",832435,Right,LOU_CAR,"Krupp, Kyle",10072907,Left,MOR_EAG,Undefined,9,Top,0,3,2,Fastball,Four-Seam,BallCalled,Walk,Undefined,Undefined,0,0,,93.76891,-1.532624,-0.205825,2448.43212,197.989235,12:30,5.96472,1.63763,5.89308,-15.09139,16.57753,5.06587,3.28377,1.86869,85.89884,-4.400698,0.703576,0.405031,,,,,,,,,,,,-2.63232,9.18252,-1.62387,50,5.83249,0.26093,-136.21566,-4.10175,-4.96138,29.0366,-14.86694,LOU_CAR,MOR_EAG,JimPatterson,D1,ACC,20260303-JimPatterson-1,5db371e0-175b-11f1-b6f1-3bca4f3249f3,93.06069,,,7.87006,,,,,,,4c216075-8757-4a7e-8832-fbd2b61f9361,2026-03-03,23:47:40.12,2026-03-03T18:47:40.1240000-05:00,2026-03-03T23:47:40.1240000Z,,v3,471341,471366,ea8a05dd47fb4949855474378ed738c7,"Nugent, Jimmy",838635,Right,LOU_CAR,926db00a-aabc-4b0e-b680-1ff44ef5b4ce,54.60422,-137.19361,14.5183,5.9622,-3.60103,-7.43347,-1.63548,0.42803,-2.48069,,,,,,,,,,,,,,,,,,,,,,,,,,,,,,,,,,,,,,,,,,,,,,,,,,,High,High,High,,,,,,,,,,,,,,,,,,,,,,,,,,,,,,,,,,,,,,,
345,2026-03-03,18:48:37.49,2,1,"Koch, Bryce",832435,Right,LOU_CAR,"Sheridan, Caden",10091036,Right,MOR_EAG,Undefined,9,Top,0,0,0,Slider,Curveball,BallCalled,Undefined,Undefined,Undefined,0,0,,82.97594,0.199649,-2.189025,2154.474537,54.352725,7:45,5.69653,1.60319,5.66385,-49.40022,-7.87044,-12.97513,1.76615,-1.52025,75.48928,-8.817008,-4.508903,0.463822,,,,,,,,,,,,5.85079,-3.5939,-1.40989,50,5.68258,5.13192,-120.3285,-1.33609,8.43756,26.91701,-37.35689,LOU_CAR,MOR_EAG,JimPatterson,D1,ACC,20260303-JimPatterson-1,7feff0d0-175b-11f1-b6f1-3bca4f3249f3,81.26489,,,7.48666,,,,,,,4c216075-8757-4a7e-8832-fbd2b61f9361,2026-03-03,23:48:37.49,2026-03-03T18:48:37.4990000-05:00,2026-03-03T23:48:37.4990000Z,,v3,471341,471366,ea8a05dd47fb4949855474378ed738c7,"Nugent, Jimmy",838635,Right,LOU_CAR,d236c5e3-cdc7-453c-955b-f0b867b41c11,54.83547,-121.40536,13.4585,5.70614,0.15843,-18.67844,-1.60844,4.79436,4.21878,,,,,,,,,,,,,,,,,,,,,,,,,,,,,,,,,,,,,,,,,,,,,,,,,,,High,High,High,,,,,,,,,,,,,,,,,,,,,,,,,,,,,,,,,,,,,,,
346,2026-03-03,18:48:56.51,2,2,"Koch, Bryce",832435,Right,LOU_CAR,"Sheridan, Caden",10091036,Right,MOR_EAG,Undefined,9,Top,0,1,0,Cutter,Cutter,BallCalled,Undefined,Undefined,Undefined,0,0,,88.90461,-0.674238,-2.753008,2542.904737,169.890721,11:45,5.94861,1.65587,5.89554,-22.74257,12.348,-2.02177,3.42667,-1.07052,81.99934,-4.91279,-3.115152,0.42635,,,,,,,,,,,,0.33803,6.81559,-1.43299,50,5.88115,6.29357,-129.12098,-2.2615,0.57575,24.65082,-20.56559,LOU_CAR,MOR_EAG,JimPatterson,D1,ACC,20260303-JimPatterson-1,8b4f2a40-175b-11f1-b6f1-3bca4f3249f3,88.40719,,,6.90527,,,,,,,4c216075-8757-4a7e-8832-fbd2b61f9361,2026-03-03,23:48:56.51,2026-03-03T18:48:56.5100000-05:00,2026-03-03T23:48:56.5100000Z,,v3,471341,471366,ea8a05dd47fb4949855474378ed738c7,"Nugent, Jimmy",838635,Right,LOU_CAR,f2dfd8f4-4206-4688-ae9e-56baaac36ee2,54.60306,-129.99679,12.32541,5.94852,-1.53083,-10.28279,-1.65623,6.27311,0.28787,,,,,,,,,,,,,,,,,,,,,,,,,,,,,,,,,,,,,,,,,,,,,,,,,,,High,High,High,,,,,,,,,,,,,,,,,,,,,,,,,,,,,,,,,,,,,,,
347,2026-03-03,18:49:19.37,2,3,"Koch, Bryce",832435,Right,LOU_CAR,"Sheridan, Caden",10091036,Right,MOR_EAG,Undefined,9,Top,0,2,0,Fastball,Four-Seam,BallCalled,Undefined,Undefined,Undefined,0,0,,92.19238,-0.676589,-1.510124,2492.484903,195.133251,12:30,6.06666,1.58751,5.76177,-12.31099,20.731,5.32201,4.41076,0.62513,84.03244,-3.061207,-0.557808,0.413718,,,,,,,,,,,,-3.11268,11.0317,-1.46559,50,6.0031,3.28732,-133.84053,-1.90203,-5.64455,28.96017,-12.16911,LOU_CAR,MOR_EAG,JimPatterson,D1,ACC,20260303-JimPatterson-1,98d78540-175b-11f1-b6f1-3bca4f3249f3,91.10657,,,8.15994,,,,,,,4c216075-8757-4a7e-8832-fbd2b61f9361,2026-03-03,23:49:19.37,2026-03-03T18:49:19.3770000-05:00,2026-03-03T23:49:19.3770000Z,,v3,471341,471366,ea8a05dd47fb4949855474378ed738c7,"Nugent, Jimmy",838635,Right,LOU_CAR,4620d7b3-2bd8-40af-a34c-c84eb309afd2,54.73492,-134.86117,14.48009,6.06258,-1.47315,-6.08455,-1.58495,3.48625,-2.82227,,,,,,,,,,,,,,,,,,,,,,,,,,,,,,,,,,,,,,,,,,,,,,,,,,,High,High,High,,,,,,,,,,,,,,,,,,,,,,,,,,,,,,,,,,,,,,,
348,2026-03-03,18:49:40.24,2,4,"Koch, Bryce",832435,Right,LOU_CAR,"Sheridan, Caden",10091036,Right,MOR_EAG,Undefined,9,Top,0,3,0,Fastball,Four-Seam,BallCalled,Walk,Undefined,Undefined,0,0,,92.72553,-3.452349,-2.753266,2435.167736,208.846721,1:00,5.82145,1.68864,5.90141,-17.71989,14.81087,7.59469,1.13234,-0.23635,85.11524,-6.777388,-1.39135,0.410505,,,,,,,,,,,,-4.64953,8.84308,-1.47159,50,5.53317,6.13544,-134.38978,-8.68499,-8.52685,28.36547,-15.95652,LOU_CAR,MOR_EAG,JimPatterson,D1,ACC,20260303-JimPatterson-1,a54a9fb0-175b-11f1-b6f1-3bca4f3249f3,91.81965,,,7.61028,,,,,,,4c216075-8757-4a7e-8832-fbd2b61f9361,2026-03-03,23:49:40.24,2026-03-03T18:49:40.2440000-05:00,2026-03-03T23:49:40.2440000Z,,v3,471341,471366,ea8a05dd47fb4949855474378ed738c7,"Nugent, Jimmy",838635,Right,LOU_CAR,f16501d6-9ea5-4f40-aea8-6a76da41d52a,54.59788,-135.35677,14.18274,5.81997,-8.14103,-7.97826,-1.68571,6.42613,-4.26343,,,,,,,,,,,,,,,,,,,,,,,,,,,,,,,,,,,,,,,,,,,,,,,,,,,High,High,High,,,,,,,,,,,,,,,,,,,,,,,,,,,,,,,,,,,,,,,
349,2026-03-03,18:53:18.73,3,1,"Ballard, Nicholas",838640,Left,LOU_CAR,"Kearns, Aubrey",10004985,Left,MOR_EAG,Undefined,9,Top,0,0,0,Fastball,Sinker,InPlay,Undefined,LineDrive,Double,0,1,,90.23099,-0.990006,2.940117,2222.78802,133.320933,10:30,5.94681,-1.52382,4.99678,-21.10501,14.41202,-14.08237,3.25207,0.08087,82.4308,-4.895698,0.457678,0.428933,98.91938,23.609242,-6.917075,3100.830208,108.1304,46.32368,-20.19253,382.5309,375.08555,-18.917948,4.629726,7.8367,7.75394,1.25307,50,5.83486,-6.06026,-130.78223,-3.04654,13.58867,27.27962,-18.72888,LOU_CAR,MOR_EAG,JimPatterson,D1,ACC,20260303-JimPatterson-1,2792d3c0-175c-11f1-b6f1-3bca4f3249f3,87.87485,65.82021,,7.80019,,,,0.85412,3.25927,-0.08948,4c216075-8757-4a7e-8832-fbd2b61f9361,2026-03-03,23:53:18.73,2026-03-03T18:53:18.7340000-05:00,2026-03-03T23:53:18.7340000Z,FlyBall,v3,471341,471366,ea8a05dd47fb4949855474378ed738c7,"Nugent, Jimmy",838635,Right,LOU_CAR,33486a53-1777-4ae9-8cfe-8e444d9ae088,55.50295,-131.92508,13.63981,5.94606,-2.26191,-9.36444,1.51888,-6.62954,6.79434,143.143751,0.85361,131.9858,-25.11668,5.79396,-1.18909,0.22522,-0.03853,0.00474,-0.00027,3.26157,58.04472,-13.15168,-0.83449,0.63234,-0.23954,0.05836,-0.0076,0.00039,-0.08995,-15.99557,-7.27733,2.59386,-0.67065,0.13015,-0.01874,0.00179,-8E-05,,,,,,,,,,,,,,,,,,,,,,,High,High,High,High,High,,,,,,,,,,,,,,,,,,,,,,,,,,,,,,,,,,,69.83292,12.92892,5.0078
350,2026-03-03,18:54:06.48,4,1,"Ballard, Nicholas",838640,Left,LOU_CAR,"Germann, Davis",10326206,Right,MOR_EAG,Undefined,9,Top,0,0,0,Slider,Changeup,BallCalled,Undefined,Undefined,Undefined,0,0,,81.40314,-3.194265,2.948846,1301.250969,94.711611,9:15,5.83806,-1.50813,5.63029,-40.25916,2.69839,-15.45402,-0.50432,-0.04212,74.83523,-10.522438,0.182578,0.471728,,,,,,,,,,,,8.84335,2.64555,1.26751,50,5.53942,-5.4859,-117.91184,-7.92373,12.37222,23.72928,-28.47279,LOU_CAR,MOR_EAG,JimPatterson,D1,ACC,20260303-JimPatterson-1,4402f2b0-175c-11f1-b6f1-3bca4f3249f3,79.90298,,,6.56792,,,,,,,4c216075-8757-4a7e-8832-fbd2b61f9361,2026-03-03,23:54:06.48,2026-03-03T18:54:06.4870000-05:00,2026-03-03T23:54:06.4870000Z,,v3,471341,471366,ea8a05dd47fb4949855474378ed738c7,"Nugent, Jimmy",838635,Right,LOU_CAR,a6048400-2c48-4b5e-8566-7418ebe05cbd,54.87117,-118.8881,11.86464,5.84132,-6.75232,-14.2364,1.50367,-5.99491,6.18611,,,,,,,,,,,,,,,,,,,,,,,,,,,,,,,,,,,,,,,,,,,,,,,,,,,High,High,High,,,,,,,,,,,,,,,,,,,,,,,,,,,,,,,,,,,,,,,
351,2026-03-03,18:54:28.92,4,2,"Ballard, Nicholas",838640,Left,LOU_CAR,"Germann, Davis",10326206,Right,MOR_EAG,Undefined,9,Top,0,1,0,Slider,Slider,FoulBallNotFieldable,Undefined,Undefined,Undefined,0,0,,81.61136,-0.142972,1.78103,2211.924207,272.32736,3:00,5.89351,-1.59774,4.9859,-42.13967,1.24839,2.4854,2.24679,0.29174,75.01068,-7.766735,2.219961,0.474085,67.21014,39.578154,155.969581,4690.103082,-102.06034,40.50956,41.03194,187.79687,73.3302,158.287523,2.869603,-0.74476,1.02217,1.42392,50,5.8452,-3.78652,-118.399,-1.85395,-1.05734,22.57726,-30.72291,LOU_CAR,MOR_EAG,JimPatterson,D1,ACC,20260303-JimPatterson-1,517358e0-175c-11f1-b6f1-3bca4f3249f3,79.5056,41.77271,,6.60068,,,,1.4932,2.13759,-0.40016,4c216075-8757-4a7e-8832-fbd2b61f9361,2026-03-03,23:54:28.92,2026-03-03T18:54:28.9210000-05:00,2026-03-03T23:54:28.9210000Z,Popup,v3,471341,471366,ea8a05dd47fb4949855474378ed738c7,"Nugent, Jimmy",838635,Right,LOU_CAR,6b5670ef-b6f7-4130-9cad-6f67691cded1,55.51397,-119.44582,11.28863,5.89814,-0.42946,-15.36145,1.59835,-3.73749,-0.52867,343.197438,1.49311,-69.38909,3.41883,-0.17607,-0.03947,0.01619,-0.00713,0.00244,-0.00027,2.13759,62.8042,-28.6529,3.64585,-0.66973,0.07881,-0.00285,-0.00102,0.00016,-0.40024,30.93976,-5.16599,1.45296,-0.00172,-0.1801,0.07803,-0.0155,0.00124,,,,,,,,,,,,,,,,,,,,,,,High,High,High,High,Medium,,,,,,,,,,,,,,,,,,,,,,,,,,,,,,,,,,,75.21849,13.63051,-5.46447
352,2026-03-03,18:54:58.64,4,3,"Ballard, Nicholas",838640,Left,LOU_CAR,"Germann, Davis",10326206,Right,MOR_EAG,Undefined,9,Top,0,1,1,Sinker,Sinker,BallCalled,Undefined,Undefined,Undefined,0,0,,88.60858,-3.895604,2.696529,1991.679115,119.043858,10:00,5.98802,-1.481,4.95203,-26.21596,10.88631,-17.4091,0.11269,-0.38196,81.25407,-8.663345,-0.375977,0.438401,,,,,,,,,,,,9.47619,6.83469,1.23482,50,5.58805,-5.24617,-128.16905,-9.73806,15.74433,26.78281,-20.81842,LOU_CAR,MOR_EAG,JimPatterson,D1,ACC,20260303-JimPatterson-1,6313ad20-175c-11f1-b6f1-3bca4f3249f3,85.97704,,,7.35451,,,,,,,4c216075-8757-4a7e-8832-fbd2b61f9361,2026-03-03,23:54:58.64,2026-03-03T18:54:58.6480000-05:00,2026-03-03T23:54:58.6480000Z,,v3,471341,471366,ea8a05dd47fb4949855474378ed738c7,"Nugent, Jimmy",838635,Right,LOU_CAR,b4708894-b435-49ba-8b59-80db3fdeb200,55.5486,-129.32331,13.3914,5.9884,-8.84084,-10.40921,1.47553,-5.92471,7.87217,,,,,,,,,,,,,,,,,,,,,,,,,,,,,,,,,,,,,,,,,,,,,,,,,,,High,High,High,,,,,,,,,,,,,,,,,,,,,,,,,,,,,,,,,,,,,,,
353,2026-03-03,18:55:19.30,4,4,"Ballard, Nicholas",838640,Left,LOU_CAR,"Germann, Davis",10326206,Right,MOR_EAG,Undefined,9,Top,0,2,1,ChangeUp,Changeup,FoulBallNotFieldable,Undefined,Undefined,Undefined,0,0,,81.58785,-1.196333,1.735356,1295.109518,124.038056,10:15,5.84275,-1.54123,5.27929,-33.31344,10.06567,-12.66237,1.94239,-0.96613,74.1523,-7.327688,-0.513334,0.474036,,,,,,,,,,,,6.90898,5.8324,1.39268,50,5.70941,-3.06046,-118.25037,-3.60202,9.68152,24.72558,-24.00111,LOU_CAR,MOR_EAG,JimPatterson,D1,ACC,20260303-JimPatterson-1,6f77fa80-175c-11f1-b6f1-3bca4f3249f3,79.51381,,,7.43555,,,,,,,4c216075-8757-4a7e-8832-fbd2b61f9361,2026-03-03,23:55:19.30,2026-03-03T18:55:19.3080000-05:00,2026-03-03T23:55:19.3080000Z,,v3,471341,471366,ea8a05dd47fb4949855474378ed738c7,"Nugent, Jimmy",838635,Right,LOU_CAR,b623d8ec-1caa-4463-8176-c55c11a95c64,55.21886,-119.33662,12.36279,5.84449,-2.54761,-12.00055,1.53648,-3.48578,4.84076,,,,,,,,,,,,,,,,,,,,,,,,,,,,,,,,,,,,,,,,,,,,,,,,,,,High,High,High,,,,,,,,,,,,,,,,,,,,,,,,,,,,,,,,,,,,,,,
354,2026-03-03,18:55:42.78,4,5,"Ballard, Nicholas",838640,Left,LOU_CAR,"Germann, Davis",10326206,Right,MOR_EAG,Undefined,9,Top,0,2,2,Fastball,Sinker,StrikeCalled,Strikeout,Undefined,Undefined,0,0,,89.90352,-2.172953,3.026643,2143.861771,136.801678,10:30,6.1095,-1.33663,4.82657,-20.37348,16.17926,-13.93808,2.3499,0.37098,81.11117,-5.963518,0.577203,0.435142,,,,,,,,,,,,7.75689,9.00682,1.04888,50,5.87705,-6.18387,-129.93698,-5.68022,13.10302,30.26339,-16.95966,LOU_CAR,MOR_EAG,JimPatterson,D1,ACC,20260303-JimPatterson-1,7d69ecc0-175c-11f1-b6f1-3bca4f3249f3,86.62093,,,8.79235,,,,,,,4c216075-8757-4a7e-8832-fbd2b61f9361,2026-03-03,23:55:42.78,2026-03-03T18:55:42.7840000-05:00,2026-03-03T23:55:42.7840000Z,,v3,471341,471366,ea8a05dd47fb4949855474378ed738c7,"Nugent, Jimmy",838635,Right,LOU_CAR,993ad8c7-2d0a-485a-a5b3-143f6d7e44ef,55.66877,-131.25064,15.13169,6.10764,-4.94404,-8.47983,1.32965,-6.75264,6.55151,,,,,,,,,,,,,,,,,,,,,,,,,,,,,,,,,,,,,,,,,,,,,,,,,,,High,High,High,,,,,,,,,,,,,,,,,,,,,,,,,,,,,,,,,,,,,,,
355,2026-03-03,18:56:17.23,5,1,"Ballard, Nicholas",838640,Left,LOU_CAR,"Kean, Alex",10148157,Left,MOR_EAG,Undefined,9,Top,1,0,0,Slider,Slider,StrikeSwinging,Undefined,Undefined,Undefined,0,0,,80.54617,-0.442412,1.194619,2180.775971,337.974614,5:15,5.77107,-1.51165,5.33221,-48.20924,-4.44437,2.32024,1.33844,-0.19728,74.5716,-9.163808,1.607757,0.47614,,,,,,,,,,,,-0.85091,-1.75516,1.402,50,5.69604,-2.53307,-117.02063,-2.61588,-1.18427,21.31641,-34.61683,LOU_CAR,MOR_EAG,JimPatterson,D1,ACC,20260303-JimPatterson-1,91f022e0-175c-11f1-b6f1-3bca4f3249f3,79.16259,,,5.97458,,,,,,,4c216075-8757-4a7e-8832-fbd2b61f9361,2026-03-03,23:56:17.23,2026-03-03T18:56:17.2310000-05:00,2026-03-03T23:56:17.2310000Z,,v3,471341,471366,ea8a05dd47fb4949855474378ed738c7,"Nugent, Jimmy",838635,Right,LOU_CAR,1a57c304-f3dd-4d1f-947e-2f7ae0f52b1b,55.16914,-117.95847,10.65821,5.77763,-1.09286,-17.30842,1.5123,-2.48096,-0.59214,,,,,,,,,,,,,,,,,,,,,,,,,,,,,,,,,,,,,,,,,,,,,,,,,,,High,High,High,,,,,,,,,,,,,,,,,,,,,,,,,,,,,,,,,,,,,,,
356,2026-03-03,18:56:38.81,5,2,"Ballard, Nicholas",838640,Left,LOU_CAR,"Kean, Alex",10148157,Left,MOR_EAG,Undefined,9,Top,1,0,1,Slider,Slider,StrikeSwinging,Undefined,Undefined,Undefined,0,0,,79.76564,-0.496862,1.462666,2121.731627,318.05345,4:30,5.9681,-1.34228,4.91875,-49.3053,-3.37414,4.42044,1.38939,0.40929,72.95365,-9.381561,2.243575,0.487781,,,,,,,,,,,,-1.73752,-1.0511,1.19573,50,5.87852,-3.13951,-115.61242,-2.83434,-2.33018,23.39213,-33.5837,LOU_CAR,MOR_EAG,JimPatterson,D1,ACC,20260303-JimPatterson-1,9f0fa9f0-175c-11f1-b6f1-3bca4f3249f3,77.27322,,,6.81199,,,,,,,4c216075-8757-4a7e-8832-fbd2b61f9361,2026-03-03,23:56:38.81,2026-03-03T18:56:38.8170000-05:00,2026-03-03T23:56:38.8170000Z,,v3,471341,471366,ea8a05dd47fb4949855474378ed738c7,"Nugent, Jimmy",838635,Right,LOU_CAR,153870b0-546d-4c6b-b619-f81c77035b1c,55.57995,-116.73596,11.69607,5.97592,-1.22129,-16.79185,1.34384,-3.0276,-1.16509,,,,,,,,,,,,,,,,,,,,,,,,,,,,,,,,,,,,,,,,,,,,,,,,,,,High,High,High,,,,,,,,,,,,,,,,,,,,,,,,,,,,,,,,,,,,,,,
357,2026-03-03,18:57:01.51,5,3,"Ballard, Nicholas",838640,Left,LOU_CAR,"Kean, Alex",10148157,Left,MOR_EAG,Undefined,9,Top,1,0,2,Slider,Curveball,StrikeSwinging,Strikeout,Undefined,Undefined,0,0,,80.31599,-0.034952,1.918833,2218.554123,338.499375,5:15,5.92088,-1.46811,4.87607,-52.41869,-7.415,3.46646,1.51957,0.63706,74.07115,-9.434927,2.530526,0.482831,,,,,,,,,,,,-1.18004,-3.27154,1.27637,50,5.8726,-4.0503,-116.5265,-2.05499,-1.62134,22.04368,-36.66901,LOU_CAR,MOR_EAG,JimPatterson,D1,ACC,20260303-JimPatterson-1,ac69f010-175c-11f1-b6f1-3bca4f3249f3,78.06547,,,6.24485,,,,,,,4c216075-8757-4a7e-8832-fbd2b61f9361,2026-03-03,23:57:01.51,2026-03-03T18:57:01.5130000-05:00,2026-03-03T23:57:01.5130000Z,,v3,471341,471366,ea8a05dd47fb4949855474378ed738c7,"Nugent, Jimmy",838635,Right,LOU_CAR,156c3198-8f22-483e-ac1b-9560c1563480,55.62527,-117.58584,11.02184,5.92901,-0.29282,-18.33451,1.46914,-3.97239,-0.81067,,,,,,,,,,,,,,,,,,,,,,,,,,,,,,,,,,,,,,,,,,,,,,,,,,,High,High,High,,,,,,,,,,,,,,,,,,,,,,,,,,,,,,,,,,,,,,,
358,2026-03-03,18:57:32.61,6,1,"Ballard, Nicholas",838640,Left,LOU_CAR,"Dutton, JJ",1000279097,Right,MOR_EAG,Undefined,9,Top,2,0,0,ChangeUp,Changeup,BallCalled,Undefined,Undefined,Undefined,0,0,,82.13723,-2.608252,2.546936,1362.78302,120.531422,10:00,5.90986,-1.22326,5.3913,-32.93923,9.2991,-13.50623,0.71632,0.03983,75.64922,-8.627018,0.143254,0.467762,,,,,,,,,,,,7.55115,5.7728,1.00578,50,5.65343,-4.75404,-119.07401,-6.54769,10.85834,22.52963,-23.87291,LOU_CAR,MOR_EAG,JimPatterson,D1,ACC,20260303-JimPatterson-1,beec8e00-175c-11f1-b6f1-3bca4f3249f3,80.58043,,,6.48801,,,,,,,4c216075-8757-4a7e-8832-fbd2b61f9361,2026-03-03,23:57:32.61,2026-03-03T18:57:32.6170000-05:00,2026-03-03T23:57:32.6170000Z,,v3,471341,471366,ea8a05dd47fb4949855474378ed738c7,"Nugent, Jimmy",838635,Right,LOU_CAR,a5a17c6d-7536-4ea0-b7cd-d5144e2d2262,55.10895,-120.03677,11.26481,5.91143,-5.52754,-11.93645,1.21885,-5.21805,5.42917,,,,,,,,,,,,,,,,,,,,,,,,,,,,,,,,,,,,,,,,,,,,,,,,,,,High,High,High,,,,,,,,,,,,,,,,,,,,,,,,,,,,,,,,,,,,,,,
359,2026-03-03,18:57:52.65,6,2,"Ballard, Nicholas",838640,Left,LOU_CAR,"Dutton, JJ",1000279097,Right,MOR_EAG,Undefined,9,Top,2,1,0,Slider,Curveball,BallCalled,Undefined,Undefined,Undefined,0,0,,80.32798,-1.939394,2.266596,2631.993549,338.693618,5:15,5.82877,-1.5017,4.92938,-48.82684,-4.06016,2.09677,-0.07554,0.81672,74.67011,-10.66003,2.637246,0.481558,,,,,,,,,,,,-0.44445,-1.17795,1.2791,50,5.59862,-4.69782,-116.51613,-5.75856,-0.61344,21.06297,-33.79997,LOU_CAR,MOR_EAG,JimPatterson,D1,ACC,20260303-JimPatterson-1,cae23b10-175c-11f1-b6f1-3bca4f3249f3,78.27181,,,5.65788,,,,,,,4c216075-8757-4a7e-8832-fbd2b61f9361,2026-03-03,23:57:52.65,2026-03-03T18:57:52.6570000-05:00,2026-03-03T23:57:52.6570000Z,,v3,471341,471366,ea8a05dd47fb4949855474378ed738c7,"Nugent, Jimmy",838635,Right,LOU_CAR,536f593a-e918-481f-9550-0b0d9b505819,55.57248,-117.51917,10.53149,5.83452,-4.14898,-16.89998,1.50212,-4.66861,-0.30672,,,,,,,,,,,,,,,,,,,,,,,,,,,,,,,,,,,,,,,,,,,,,,,,,,,High,High,High,,,,,,,,,,,,,,,,,,,,,,,,,,,,,,,,,,,,,,,
360,2026-03-03,18:58:15.42,6,3,"Ballard, Nicholas",838640,Left,LOU_CAR,"Dutton, JJ",1000279097,Right,MOR_EAG,Undefined,9,Top,2,2,0,ChangeUp,Changeup,StrikeSwinging,Undefined,Undefined,Undefined,0,0,,81.99221,-0.953367,2.291485,1334.205637,112.295998,9:45,5.85391,-1.36355,5.57347,-35.08179,7.03867,-13.87745,2.03915,-0.37852,75.16839,-7.405221,-0.185844,0.467109,,,,,,,,,,,,7.67556,4.23398,1.1755,50,5.74881,-4.20289,-118.97988,-3.15511,10.98995,23.07343,-26.11182,LOU_CAR,MOR_EAG,JimPatterson,D1,ACC,20260303-JimPatterson-1,d8740bf0-175c-11f1-b6f1-3bca4f3249f3,80.69305,,,6.82382,,,,,,,4c216075-8757-4a7e-8832-fbd2b61f9361,2026-03-03,23:58:15.42,2026-03-03T18:58:15.4230000-05:00,2026-03-03T23:58:15.4230000Z,,v3,471341,471366,ea8a05dd47fb4949855474378ed738c7,"Nugent, Jimmy",838635,Right,LOU_CAR,e4ae0f5e-c5d2-4889-9d8e-446e262d7949,54.92562,-119.93128,11.53671,5.85671,-2.07841,-13.05591,1.35814,-4.65605,5.49498,,,,,,,,,,,,,,,,,,,,,,,,,,,,,,,,,,,,,,,,,,,,,,,,,,,High,High,High,,,,,,,,,,,,,,,,,,,,,,,,,,,,,,,,,,,,,,,
361,2026-03-03,18:58:35.73,6,4,"Ballard, Nicholas",838640,Left,LOU_CAR,"Dutton, JJ",1000279097,Right,MOR_EAG,Undefined,9,Top,2,2,1,Fastball,Sinker,StrikeCalled,Undefined,Undefined,Undefined,0,0,,90.48403,-0.975638,3.47701,2185.1987,134.624017,10:30,5.97364,-1.27464,4.87989,-22.14045,13.55296,-12.51914,3.20371,0.9759,82.24057,-5.064711,1.276925,0.429997,,,,,,,,,,,,7.15252,7.30843,0.94389,50,5.85954,-7.3469,-130.94851,-3.07556,12.37868,28.4981,-19.52558,LOU_CAR,MOR_EAG,JimPatterson,D1,ACC,20260303-JimPatterson-1,e47ad000-175c-11f1-b6f1-3bca4f3249f3,87.65743,,,8.24346,,,,,,,4c216075-8757-4a7e-8832-fbd2b61f9361,2026-03-03,23:58:35.73,2026-03-03T18:58:35.7350000-05:00,2026-03-03T23:58:35.7350000Z,,v3,471341,471366,ea8a05dd47fb4949855474378ed738c7,"Nugent, Jimmy",838635,Right,LOU_CAR,9c48e8d6-bee3-4d8a-b844-3b27e34cd996,55.6173,-132.16534,14.24905,5.97307,-2.24184,-9.76279,1.26887,-7.87545,6.18934,,,,,,,,,,,,,,,,,,,,,,,,,,,,,,,,,,,,,,,,,,,,,,,,,,,High,High,High,,,,,,,,,,,,,,,,,,,,,,,,,,,,,,,,,,,,,,,
362,2026-03-03,18:58:56.65,6,5,"Ballard, Nicholas",838640,Left,LOU_CAR,"Dutton, JJ",1000279097,Right,MOR_EAG,Undefined,9,Top,2,2,2,Fastball,Sinker,StrikeCalled,Strikeout,Undefined,Undefined,0,0,,89.60326,-2.554886,2.249055,2128.514469,134.689321,10:30,6.08767,-1.35444,4.98784,-22.13064,14.05288,-12.99198,1.82752,-0.31232,81.78336,-6.634272,-0.043774,0.432939,,,,,,,,,,,,7.06595,8.0393,1.14881,50,5.82374,-4.48154,-129.75367,-6.61515,12.02119,27.67494,-18.49694,LOU_CAR,MOR_EAG,JimPatterson,D1,ACC,20260303-JimPatterson-1,f0fa6d90-175c-11f1-b6f1-3bca4f3249f3,87.06172,,,7.8199,,,,,,,4c216075-8757-4a7e-8832-fbd2b61f9361,2026-03-03,23:58:56.65,2026-03-03T18:58:56.6530000-05:00,2026-03-03T23:58:56.6530000Z,,v3,471341,471366,ea8a05dd47fb4949855474378ed738c7,"Nugent, Jimmy",838635,Right,LOU_CAR,bcc33dc2-071f-4884-90b5-1e22e4b2a53b,55.50997,-130.92361,13.83747,6.08686,-5.83321,-9.24847,1.349,-4.98972,6.0106,,,,,,,,,,,,,,,,,,,,,,,,,,,,,,,,,,,,,,,,,,,,,,,,,,,High,High,High,,,,,,,,,,,,,,,,,,,,,,,,,,,,,,,,,,,,,,,
363,2026-03-03,19:01:43.29,1,1,"Hayes, Luke",10117395,Right,MOR_EAG,"Slanker, Ben",838639,Left,LOU_CAR,Undefined,9,Bottom,0,0,0,Fastball,Sinker,BallCalled,Undefined,Undefined,Undefined,0,0,,90.35849,-0.075732,-0.892384,2131.978961,223.395244,1:30,5.97374,1.28537,5.78388,-19.16619,15.27111,13.38347,4.3061,1.57034,82.23527,-3.69948,1.50474,0.422363,,,,,,,,,,,,-7.02193,8.12579,-1.21963,50,5.95602,1.44771,-131.19689,-0.777,-12.19931,28.59604,-18.05701,LOU_CAR,MOR_EAG,JimPatterson,D1,ACC,20260303-JimPatterson-1,5444abe0-175d-11f1-b6f1-3bca4f3249f3,89.2418,,,8.12322,,,,,,,4c216075-8757-4a7e-8832-fbd2b61f9361,2026-03-04,00:01:43.29,2026-03-03T19:01:43.2920000-05:00,2026-03-04T00:01:43.2920000Z,,v3,471341,471366,ea8a05dd47fb4949855474378ed738c7,"Sheridan, Caden",10091036,Right,MOR_EAG,2268fce3-6dbf-4fad-9beb-55676a542256,54.71286,-132.22013,14.29802,5.97226,-0.13088,-9.02851,-1.27925,1.88423,-6.09966,,,,,,,,,,,,,,,,,,,,,,,,,,,,,,,,,,,,,,,,,,,,,,,,,,,High,High,High,,,,,,,,,,,,,,,,,,,,,,,,,,,,,,,,,,,,,,,
364,2026-03-03,19:01:58.25,1,2,"Hayes, Luke",10117395,Right,MOR_EAG,"Slanker, Ben",838639,Left,LOU_CAR,Undefined,9,Bottom,0,1,0,Fastball,Sinker,BallCalled,Undefined,Undefined,Undefined,0,0,,90.79323,-0.768291,-0.730596,2155.090978,227.024009,1:30,5.91466,1.19757,5.58319,-18.99863,15.54316,15.41859,3.61386,1.80013,82.30023,-4.354134,2.021144,0.423003,,,,,,,,,,,,-7.96004,8.42729,-1.1448,50,5.83647,0.97208,-131.7173,-2.38428,-13.86834,30.14385,-17.49165,LOU_CAR,MOR_EAG,JimPatterson,D1,ACC,20260303-JimPatterson-1,5d311090-175d-11f1-b6f1-3bca4f3249f3,89.10674,,,8.493,,,,,,,4c216075-8757-4a7e-8832-fbd2b61f9361,2026-03-04,00:01:58.25,2026-03-03T19:01:58.2530000-05:00,2026-03-04T00:01:58.2530000Z,,v3,471341,471366,ea8a05dd47fb4949855474378ed738c7,"Sheridan, Caden",10091036,Right,MOR_EAG,6116a9fd-078c-486f-aa0a-b28ead87a648,54.91317,-132.83693,15.07193,5.91297,-1.73459,-8.74583,-1.19047,1.48719,-6.93417,,,,,,,,,,,,,,,,,,,,,,,,,,,,,,,,,,,,,,,,,,,,,,,,,,,High,High,High,,,,,,,,,,,,,,,,,,,,,,,,,,,,,,,,,,,,,,,
365,2026-03-03,19:02:12.54,1,3,"Hayes, Luke",10117395,Right,MOR_EAG,"Slanker, Ben",838639,Left,LOU_CAR,Undefined,9,Bottom,0,2,0,Fastball,Four-Seam,BallCalled,Undefined,Undefined,Undefined,0,0,,90.53744,-0.139073,-2.153996,2258.947198,223.068723,1:30,5.92866,1.08276,5.83409,-16.84532,17.5684,15.32926,4.39553,0.35713,81.96934,-3.361363,0.592255,0.422218,,,,,,,,,,,,-8.39831,9.3263,-0.91573,50,5.90741,4.25543,-131.33687,-0.81021,-14.55831,29.77847,-16.00711,LOU_CAR,MOR_EAG,JimPatterson,D1,ACC,20260303-JimPatterson-1,65bbcd40-175d-11f1-b6f1-3bca4f3249f3,89.27237,,,8.5681,,,,,,,4c216075-8757-4a7e-8832-fbd2b61f9361,2026-03-04,00:02:12.54,2026-03-03T19:02:12.5470000-05:00,2026-03-04T00:02:12.5470000Z,,v3,471341,471366,ea8a05dd47fb4949855474378ed738c7,"Sheridan, Caden",10091036,Right,MOR_EAG,fd61dd3e-99e9-4d58-bcd7-968563d14bf9,54.6622,-132.38973,14.88924,5.92605,-0.24426,-8.00355,-1.07528,4.77016,-7.27915,,,,,,,,,,,,,,,,,,,,,,,,,,,,,,,,,,,,,,,,,,,,,,,,,,,High,High,High,,,,,,,,,,,,,,,,,,,,,,,,,,,,,,,,,,,,,,,
366,2026-03-03,19:02:26.89,1,4,"Hayes, Luke",10117395,Right,MOR_EAG,"Slanker, Ben",838639,Left,LOU_CAR,Undefined,9,Bottom,0,3,0,Fastball,Sinker,StrikeCalled,Undefined,Undefined,Undefined,0,0,,89.79002,-2.197667,-2.004518,2171.680095,228.520116,1:30,5.78649,1.29211,5.71486,-20.64127,14.39048,14.96918,2.01684,0.67143,81.91947,-6.065999,0.673426,0.425993,,,,,,,,,,,,-8.1652,8.29252,-1.1337,50,5.58984,3.90127,-130.22701,-5.67407,-13.97941,28.12247,-17.97662,LOU_CAR,MOR_EAG,JimPatterson,D1,ACC,20260303-JimPatterson-1,6e40e4a0-175d-11f1-b6f1-3bca4f3249f3,88.48141,,,7.87055,,,,,,,4c216075-8757-4a7e-8832-fbd2b61f9361,2026-03-04,00:02:26.89,2026-03-03T19:02:26.8930000-05:00,2026-03-04T00:02:26.8930000Z,,v3,471341,471366,ea8a05dd47fb4949855474378ed738c7,"Sheridan, Caden",10091036,Right,MOR_EAG,fe23c563-256b-4e97-8d46-625e9f34e882,54.78315,-131.25586,14.06124,5.78539,-5.0164,-8.98831,-1.28579,4.4127,-6.9897,,,,,,,,,,,,,,,,,,,,,,,,,,,,,,,,,,,,,,,,,,,,,,,,,,,High,High,High,,,,,,,,,,,,,,,,,,,,,,,,,,,,,,,,,,,,,,,
367,2026-03-03,19:02:40.40,1,5,"Hayes, Luke",10117395,Right,MOR_EAG,"Slanker, Ben",838639,Left,LOU_CAR,Undefined,9,Bottom,0,3,1,Fastball,Four-Seam,BallCalled,Walk,Undefined,Undefined,0,0,,91.3555,-0.350498,-0.808331,2134.792507,222.429259,1:30,5.87657,1.16102,5.89301,-18.0993,15.39438,13.09438,4.04284,1.50166,83.29311,-3.780711,1.541954,0.416536,,,,,,,,,,,,-6.89221,8.29067,-1.10324,50,5.83793,1.2955,-132.69857,-1.37191,-12.26745,28.8683,-17.41743,LOU_CAR,MOR_EAG,JimPatterson,D1,ACC,20260303-JimPatterson-1,7655fc20-175d-11f1-b6f1-3bca4f3249f3,90.49017,,,8.06239,,,,,,,4c216075-8757-4a7e-8832-fbd2b61f9361,2026-03-04,00:02:40.40,2026-03-03T19:02:40.4020000-05:00,2026-03-04T00:02:40.4020000Z,,v3,471341,471366,ea8a05dd47fb4949855474378ed738c7,"Sheridan, Caden",10091036,Right,MOR_EAG,1d8cc80a-a74e-4d02-b5d3-6f899456d03c,54.60444,-133.69651,14.43415,5.87494,-0.76981,-8.70872,-1.15536,1.71957,-6.13373,,,,,,,,,,,,,,,,,,,,,,,,,,,,,,,,,,,,,,,,,,,,,,,,,,,High,High,High,,,,,,,,,,,,,,,,,,,,,,,,,,,,,,,,,,,,,,,
368,2026-03-03,19:03:29.78,2,1,"Hayes, Luke",10117395,Right,MOR_EAG,"Davis, Tague",805538,Left,LOU_CAR,Undefined,9,Bottom,0,0,0,ChangeUp,Changeup,StrikeSwinging,Undefined,Undefined,Undefined,0,0,,79.81865,-0.564411,-3.590567,1707.078544,264.110679,2:45,5.64059,1.64097,5.9152,-40.81266,3.14028,16.77481,1.71467,-0.29781,73.22698,-8.086042,-0.580152,0.477161,,,,,,,,,,,,-9.59922,2.20606,-1.36235,50,5.57211,6.63189,-115.78379,-2.43158,-13.01099,21.92475,-29.1839,LOU_CAR,MOR_EAG,JimPatterson,D1,ACC,20260303-JimPatterson-1,93cbcb40-175d-11f1-b6f1-3bca4f3249f3,78.99306,,,6.59167,,,,,,,4c216075-8757-4a7e-8832-fbd2b61f9361,2026-03-04,00:03:29.78,2026-03-03T19:03:29.7870000-05:00,2026-03-04T00:03:29.7870000Z,,v3,471341,471366,ea8a05dd47fb4949855474378ed738c7,"Sheridan, Caden",10091036,Right,MOR_EAG,86c8f36c-910d-4cd7-8ace-c52f3700022e,54.58466,-116.64871,10.96238,5.64532,-1.2803,-14.59195,-1.6341,7.14516,-6.5055,,,,,,,,,,,,,,,,,,,,,,,,,,,,,,,,,,,,,,,,,,,,,,,,,,,High,High,High,,,,,,,,,,,,,,,,,,,,,,,,,,,,,,,,,,,,,,,
369,2026-03-03,19:03:44.33,2,2,"Hayes, Luke",10117395,Right,MOR_EAG,"Davis, Tague",805538,Left,LOU_CAR,Undefined,9,Bottom,0,0,1,ChangeUp,Changeup,BallCalled,Undefined,Undefined,Undefined,0,0,,82.62161,-1.101752,-4.515757,1834.86464,262.589724,2:45,5.62723,1.64329,5.89459,-37.4503,3.90658,19.22859,1.48015,-0.95561,75.33358,-8.016102,-1.071877,0.462855,,,,,,,,,,,,-11.18611,2.74646,-1.29013,50,5.51682,8.69445,-119.64077,-3.52608,-16.1039,24.53989,-28.22017,LOU_CAR,MOR_EAG,JimPatterson,D1,ACC,20260303-JimPatterson-1,9c7337b0-175d-11f1-b6f1-3bca4f3249f3,81.43459,,,7.28803,,,,,,,4c216075-8757-4a7e-8832-fbd2b61f9361,2026-03-04,00:03:44.33,2026-03-03T19:03:44.3380000-05:00,2026-03-04T00:03:44.3380000Z,,v3,471341,471366,ea8a05dd47fb4949855474378ed738c7,"Sheridan, Caden",10091036,Right,MOR_EAG,8b8cebd4-2549-43ef-a242-3895f7f27604,54.60506,-120.58163,12.26994,5.63127,-2.44412,-14.11009,-1.63531,9.31187,-8.05195,,,,,,,,,,,,,,,,,,,,,,,,,,,,,,,,,,,,,,,,,,,,,,,,,,,High,High,High,,,,,,,,,,,,,,,,,,,,,,,,,,,,,,,,,,,,,,,
370,2026-03-03,19:03:58.01,2,3,"Hayes, Luke",10117395,Right,MOR_EAG,"Davis, Tague",805538,Left,LOU_CAR,Undefined,9,Bottom,0,1,1,Sinker,Sinker,InPlay,Undefined,GroundBall,Out,2,0,,88.9891,-1.960249,-3.65936,2155.404415,229.183389,1:45,5.74445,1.48736,5.99369,-20.34808,14.93052,15.95942,2.22778,-0.57846,81.28519,-5.797204,-0.795533,0.427491,94.75885,-16.176475,42.666926,,,,,10.00332,10.00332,36.844488,0.059844,-9.28016,8.57725,-1.20773,50,5.57848,7.59922,-129.0188,-5.04819,-15.62635,27.09874,-17.73135,LOU_CAR,MOR_EAG,JimPatterson,D1,ACC,20260303-JimPatterson-1,a49399d0-175d-11f1-b6f1-3bca4f3249f3,88.17129,2.32109,,7.70391,,,,2.12175,2.32109,0.57553,4c216075-8757-4a7e-8832-fbd2b61f9361,2026-03-04,00:03:58.01,2026-03-03T19:03:58.0140000-05:00,2026-03-04T00:03:58.0140000Z,GroundBall,v3,471341,471366,ea8a05dd47fb4949855474378ed738c7,"Sheridan, Caden",10091036,Right,MOR_EAG,d941495e-6ace-4dd2-b65c-0b35fbbdf545,54.50625,-129.96183,13.54937,5.74342,-4.43115,-8.86568,-1.48164,8.14301,-7.81317,180,2.12013,98.31465,,,,,,,,2.32173,-38.78559,,,,,,,,0.57404,90.61712,,,,,,,,,,,,,,,,,,,,,,,,,,,,,,High,High,High,Low,Low,,,,,,,,,,,,,,,,,,,,,,,,,,,,,,,,,,,73.36602,19.16569,14.39178
371,2026-03-03,19:04:36.67,3,1,"Hayes, Luke",10117395,Right,MOR_EAG,"Davis, Zach",838636,Right,LOU_CAR,Undefined,9,Bottom,2,0,0,Fastball,Four-Seam,BallCalled,Undefined,Undefined,Undefined,0,0,,90.76004,0.440239,-1.16661,2097.059406,217.377894,1:15,5.9344,1.38414,5.79208,-17.65816,16.38619,11.69753,4.8725,1.27357,82.7208,-2.910599,0.928331,0.419946,,,,,,,,,,,,-6.24213,8.53634,-1.29495,50,5.96004,2.16233,-131.79673,0.47089,-10.97403,28.14045,-17.16665,LOU_CAR,MOR_EAG,JimPatterson,D1,ACC,20260303-JimPatterson-1,bba07ad0-175d-11f1-b6f1-3bca4f3249f3,89.75535,,,8.03925,,,,,,,4c216075-8757-4a7e-8832-fbd2b61f9361,2026-03-04,00:04:36.67,2026-03-03T19:04:36.6760000-05:00,2026-03-04T00:04:36.6760000Z,,v3,471341,471366,ea8a05dd47fb4949855474378ed738c7,"Sheridan, Caden",10091036,Right,MOR_EAG,7c1e5a9d-2faf-4056-bcc3-a6f4e2b9ba90,54.70482,-132.79748,14.07022,5.93243,1.08137,-8.58333,-1.37879,2.5526,-5.48701,,,,,,,,,,,,,,,,,,,,,,,,,,,,,,,,,,,,,,,,,,,,,,,,,,,High,High,High,,,,,,,,,,,,,,,,,,,,,,,,,,,,,,,,,,,,,,,
372,2026-03-03,19:04:47.80,3,2,"Hayes, Luke",10117395,Right,MOR_EAG,"Davis, Zach",838636,Right,LOU_CAR,Undefined,9,Bottom,2,1,0,Slider,Curveball,StrikeCalled,Undefined,Undefined,Undefined,0,0,,77.35315,1.766099,-0.309504,2032.012126,73.933369,8:30,5.48118,1.62925,5.42951,-50.14389,-2.00599,-12.8156,2.95711,0.27142,70.10498,-7.419222,-2.591422,0.499361,,,,,,,,,,,,6.28725,-0.99823,-1.59291,50,5.60351,1.11903,-112.12948,1.7644,7.89199,22.93714,-33.42707,LOU_CAR,MOR_EAG,JimPatterson,D1,ACC,20260303-JimPatterson-1,c248e2f0-175d-11f1-b6f1-3bca4f3249f3,75.48128,,,7.24817,,,,,,,4c216075-8757-4a7e-8832-fbd2b61f9361,2026-03-04,00:04:47.80,2026-03-03T19:04:47.8070000-05:00,2026-03-04T00:04:47.8070000Z,,v3,471341,471366,ea8a05dd47fb4949855474378ed738c7,"Sheridan, Caden",10091036,Right,MOR_EAG,f7eb60f6-8fd9-4cc1-8a63-88fee4d5d1e2,55.06782,-113.1614,11.46857,5.4903,3.26825,-16.71354,-1.63527,0.76398,3.946,,,,,,,,,,,,,,,,,,,,,,,,,,,,,,,,,,,,,,,,,,,,,,,,,,,High,High,High,,,,,,,,,,,,,,,,,,,,,,,,,,,,,,,,,,,,,,,
373,2026-03-03,19:05:01.06,3,3,"Hayes, Luke",10117395,Right,MOR_EAG,"Davis, Zach",838636,Right,LOU_CAR,Undefined,9,Bottom,2,1,1,Slider,Curveball,StrikeCalled,Undefined,Undefined,Undefined,0,0,,78.3675,0.848149,-0.259253,2011.247966,70.94628,8:15,5.63139,1.59376,5.36749,-49.6642,-2.65591,-12.47969,2.28803,0.3107,71.12447,-8.222635,-2.480845,0.493468,,,,,,,,,,,,6.14548,-1.07055,-1.56148,50,5.6726,1.01893,-113.63069,-0.02956,7.91467,23.73154,-33.5528,LOU_CAR,MOR_EAG,JimPatterson,D1,ACC,20260303-JimPatterson-1,ca3c1a90-175d-11f1-b6f1-3bca4f3249f3,76.38279,,,7.24303,,,,,,,4c216075-8757-4a7e-8832-fbd2b61f9361,2026-03-04,00:05:01.06,2026-03-03T19:05:01.0690000-05:00,2026-03-04T00:05:01.0690000Z,,v3,471341,471366,ea8a05dd47fb4949855474378ed738c7,"Sheridan, Caden",10091036,Right,MOR_EAG,25640bb5-c665-4ab6-b58d-e0bc8d420f00,55.13035,-114.69714,11.86577,5.64005,1.47825,-16.7764,-1.59928,0.66325,3.95733,,,,,,,,,,,,,,,,,,,,,,,,,,,,,,,,,,,,,,,,,,,,,,,,,,,High,High,High,,,,,,,,,,,,,,,,,,,,,,,,,,,,,,,,,,,,,,,
374,2026-03-03,19:05:17.30,3,4,"Hayes, Luke",10117395,Right,MOR_EAG,"Davis, Zach",838636,Right,LOU_CAR,Undefined,9,Bottom,2,1,2,Slider,Curveball,InPlay,Undefined,GroundBall,Out,1,0,,77.96247,1.319073,-0.512657,2080.351657,57.712555,8:00,5.63782,1.2469,5.28063,-50.56085,-3.52012,-7.88804,2.66349,0.10809,71.59334,-7.868664,-1.913991,0.493638,66.45024,-45.817119,-33.355604,,,,,4.09245,2.83219,-21.671958,0.038591,3.83961,-1.7835,-1.19398,50,5.72057,1.31951,-113.1972,0.87164,4.97347,20.99079,-34.48421,LOU_CAR,MOR_EAG,JimPatterson,D1,ACC,20260303-JimPatterson-1,d3d9a6d0-175d-11f1-b6f1-3bca4f3249f3,76.35647,2.70907,,6.36914,,,,1.604,2.70907,-0.06366,4c216075-8757-4a7e-8832-fbd2b61f9361,2026-03-04,00:05:17.30,2026-03-03T19:05:17.3040000-05:00,2026-03-04T00:05:17.3040000Z,GroundBall,v3,471341,471366,ea8a05dd47fb4949855474378ed738c7,"Sheridan, Caden",10091036,Right,MOR_EAG,e3f17d16-7426-41a4-9b86-c146b0538eb3,55.2207,-114.16119,10.49539,5.64417,2.45532,-17.2421,-1.24933,1.09111,2.48674,,1.60243,56.98722,,,,,,,,2.71099,-70.20005,,,,,,,,-0.06264,-37.51282,,,,,,,,,,,,,,,,,,,,,,,,,,,,,,High,High,High,Low,Low,,,,,,,,,,,,,,,,,,,,,,,,,,,,,,,,,,,62.96421,-3.05275,0.42902