PitchNo,Date,Time,PAofInning,PitchofPA,Pitcher,PitcherId,PitcherThrows,PitcherTeam,Batter,BatterId,BatterSide,BatterTeam,PitcherSet,Inning,Top/Bottom,Outs,Balls,Strikes,TaggedPitchType,AutoPitchType,PitchCall,KorBB,TaggedHitType,PlayResult,OutsOnPlay,RunsScored,Notes,RelSpeed,VertRelAngle,HorzRelAngle,SpinRate,SpinAxis,Tilt,RelHeight,RelSide,Extension,VertBreak,InducedVertBreak,HorzBreak,PlateLocHeight,PlateLocSide,ZoneSpeed,VertApprAngle,HorzApprAngle,ZoneTime,ExitSpeed,Angle,Direction,HitSpinRate,PositionAt110X,PositionAt110Y,PositionAt110Z,Distance,LastTrackedDistance,Bearing,HangTime,pfxx,pfxz,x0,y0,z0,vx0,vy0,vz0,ax0,ay0,az0,HomeTeam,AwayTeam,Stadium,Level,League,GameID,PitchUID,EffectiveVelo,MaxHeight,MeasuredDuration,SpeedDrop,PitchLastMeasuredX,PitchLastMeasuredY,PitchLastMeasuredZ,ContactPositionX,ContactPositionY,ContactPositionZ,GameUID,UTCDate,UTCTime,LocalDateTime,UTCDateTime,AutoHitType,System,HomeTeamForeignID,AwayTeamForeignID,GameForeignID,Catcher,CatcherId,CatcherThrows,CatcherTeam,PlayID,PitchTrajectoryXc0,PitchTrajectoryXc1,PitchTrajectoryXc2,PitchTrajectoryYc0,PitchTrajectoryYc1,PitchTrajectoryYc2,PitchTrajectoryZc0,PitchTrajectoryZc1,PitchTrajectoryZc2,HitSpinAxis,HitTrajectoryXc0,HitTrajectoryXc1,HitTrajectoryXc2,HitTrajectoryXc3,HitTrajectoryXc4,HitTrajectoryXc5,HitTrajectoryXc6,HitTrajectoryXc7,HitTrajectoryXc8,HitTrajectoryYc0,HitTrajectoryYc1,HitTrajectoryYc2,HitTrajectoryYc3,HitTrajectoryYc4,HitTrajectoryYc5,HitTrajectoryYc6,HitTrajectoryYc7,HitTrajectoryYc8,HitTrajectoryZc0,HitTrajectoryZc1,HitTrajectoryZc2,HitTrajectoryZc3,HitTrajectoryZc4,HitTrajectoryZc5,HitTrajectoryZc6,HitTrajectoryZc7,HitTrajectoryZc8,ThrowSpeed,PopTime,ExchangeTime,TimeToBase,CatchPositionX,CatchPositionY,CatchPositionZ,ThrowPositionX,ThrowPositionY,ThrowPositionZ,BasePositionX,BasePositionY,BasePositionZ,ThrowTrajectoryXc0,ThrowTrajectoryXc1,ThrowTrajectoryXc2,ThrowTrajectoryYc0,ThrowTrajectoryYc1,ThrowTrajectoryYc2,ThrowTrajectoryZc0,ThrowTrajectoryZc1,ThrowTrajectoryZc2,PitchReleaseConfidence,PitchLocationConfidence,PitchMovementConfidence,HitLaunchConfidence,HitLandingConfidence,CatcherThrowCatchConfidence,CatcherThrowReleaseConfidence,CatcherThrowLocationConfidence,SpinAxis3dTransverseAngle,SpinAxis3dLongitudinalAngle,SpinAxis3dActiveSpinRate,SpinAxis3dSpinEfficiency,SpinAxis3dTilt,SpinAxis3dVectorX,SpinAxis3dVectorY,SpinAxis3dVectorZ,SpinAxis3dSeamOrientationRotationX,SpinAxis3dSeamOrientationRotationY,SpinAxis3dSeamOrientationRotationZ,SpinAxis3dSeamOrientationBallAngleHorizontalAmb1,SpinAxis3dSeamOrientationBallAngleVerticalAmb1,SpinAxis3dSeamOrientationBallXAmb1,SpinAxis3dSeamOrientationBallYAmb1,SpinAxis3dSeamOrientationBallZAmb1,SpinAxis3dSeamOrientationBallAngleHorizontalAmb2,SpinAxis3dSeamOrientationBallAngleVerticalAmb2,SpinAxis3dSeamOrientationBallXAmb2,SpinAxis3dSeamOrientationBallYAmb2,SpinAxis3dSeamOrientationBallZAmb2,SpinAxis3dSeamOrientationBallAngleHorizontalAmb3,SpinAxis3dSeamOrientationBallAngleVerticalAmb3,SpinAxis3dSeamOrientationBallXAmb3,SpinAxis3dSeamOrientationBallYAmb3,SpinAxis3dSeamOrientationBallZAmb3,SpinAxis3dSeamOrientationBallAngleHorizontalAmb4,SpinAxis3dSeamOrientationBallAngleVerticalAmb4,SpinAxis3dSeamOrientationBallXAmb4,SpinAxis3dSeamOrientationBallYAmb4,SpinAxis3dSeamOrientationBallZAmb4,BatSpeed,VerticalAttackAngle,HorizontalAttackAngle
1,2026-03-01,13:05:50.84,1,1,"Stogner, John Allen",10028063,Right,ALA_LIO,"Holiday, Khi",833396,Right,SOU_IND16,Undefined,1,Top,0,0,0,Fastball,Four-Seam,BallCalled,Undefined,Undefined,Undefined,0,0,,87.36467,-2.878711,-3.208326,2283.760601,225.979389,1:30,5.86613,1.62969,5.14366,-19.79753,18.4217,17.62812,1.49941,0.07482,79.03016,-6.589868,-0.09227,0.444951,,,,,,,,,,,,-9.78756,10.46449,-1.34349,50,5.58158,6.2818,-126.30957,-7.018,-15.63966,28.34517,-15.45271,ALA_LIO,SOU_IND16,MikeDLaneField,D1,ASUN,20260301-MikeDLaneField-1,aa3f0210-15a1-11f1-829f-abbae8cfcb57,84.71141,,,8.33451,,,,,,,2f230842-10f9-4e90-9219-1d3edf6fc0d7,2026-03-01,19:05:50.84,2026-03-01T13:05:50.8491776-06:00,2026-03-01T19:05:50.8491776Z,,v3,471594,southernindiana,dbd82bf8479745649ba7c646edcecf86,"Millard, William",10059244,Right,ALA_LIO,1916299c-90ca-454f-8f90-1e394dc24a56,55.35313,-127.50521,14.17259,5.86387,-6.36618,-7.72636,-1.62238,6.9415,-7.81983,,,,,,,,,,,,,,,,,,,,,,,,,,,,,,,,,,,,,,,,,,,,,,,,,,,High,High,High,,,,,,,,,,,,,,,,,,,,,,,,,,,,,,,,,,,,,,,
2,2026-03-01,13:06:12.53,1,2,"Stogner, John Allen",10028063,Right,ALA_LIO,"Holiday, Khi",833396,Right,SOU_IND16,Undefined,1,Top,0,1,0,Fastball,Four-Seam,InPlay,Undefined,Popup,Out,1,0,,88.04651,-1.309232,-2.292076,2271.0555,216.782562,1:15,5.91157,1.37728,5.17558,-16.35481,21.38328,14.91698,3.31553,0.46244,78.92217,-4.443391,0.347508,0.442141,79.70287,77.440059,-7.432059,,,,,,17.38755,,,-8.19493,11.48981,-1.17591,50,5.7782,4.41304,-127.40115,-3.40706,-13.21918,30.69983,-13.63996,ALA_LIO,SOU_IND16,MikeDLaneField,D1,ASUN,20260301-MikeDLaneField-1,b7327010-15a1-11f1-829f-abbae8cfcb57,85.24973,90.09517,,9.12434,,,,1.44961,3.31809,-0.46224,2f230842-10f9-4e90-9219-1d3edf6fc0d7,2026-03-01,19:06:12.53,2026-03-01T13:06:12.5361664-06:00,2026-03-01T19:06:12.5361664Z,,v3,471594,southernindiana,dbd82bf8479745649ba7c646edcecf86,"Millard, William",10059244,Right,ALA_LIO,5e466323-4157-4141-b42d-01cbf7250c10,55.31947,-128.6766,15.34992,5.90798,-2.84038,-6.81998,-1.37067,4.96224,-6.60959,,1.4496,25.20986,-12.97802,4.7611,-4.24824,7.66345,-8.80862,5.25256,-1.26087,3.31809,114.09946,-28.35943,3.34411,-0.10566,-1.13916,1.4896,-0.91669,0.22411,-0.46225,-3.28762,-1.52175,0.73146,-0.79391,1.48327,-1.71251,1.02263,-0.24573,,,,,,,,,,,,,,,,,,,,,,,High,High,High,Medium,Undefined,,,,225.69064,1.898801,2269.808486,0.999451,1:30,-0.044693,-0.715756,-0.696919,-29.160954,12.456773,30.677559,165.750728,8.279591,0.243575,0.144004,-0.959132,8.538591,14.097665,0.144004,0.243575,0.959132,-8.538591,-14.097665,-0.144004,-0.243575,0.959132,-165.750728,-8.279591,-0.243575,-0.144004,-0.959132,,,
3,2026-03-01,13:06:46.22,2,1,"Stogner, John Allen",10028063,Right,ALA_LIO,"Slack, Clayton",1000132133,Right,SOU_IND16,Undefined,1,Top,1,0,0,Curveball,Curveball,BallCalled,Undefined,Undefined,Undefined,0,0,,76.20102,-0.048793,-3.86662,2311.278848,51.820562,7:45,5.88647,1.67571,4.58354,-57.81716,-6.03555,-10.09004,1.02185,-2.84904,69.17296,-10.38047,-5.630593,0.517916,,,,,,,,,,,,3.57335,-2.30225,-1.2656,50,5.82803,7.86603,-110.02315,-2.2425,4.28691,23.39343,-34.936,ALA_LIO,SOU_IND16,MikeDLaneField,D1,ASUN,20260301-MikeDLaneField-1,cb4e72b0-15a1-11f1-829f-abbae8cfcb57,72.77716,,,7.02806,,,,,,,2f230842-10f9-4e90-9219-1d3edf6fc0d7,2026-03-01,19:06:46.22,2026-03-01T13:06:46.2247936-06:00,2026-03-01T19:06:46.2247936Z,,v3,471594,southernindiana,dbd82bf8479745649ba7c646edcecf86,"Millard, William",10059244,Right,ALA_LIO,21fd2b75-8d77-4ff4-910f-23e9ab2642a3,55.91261,-111.2732,11.69671,5.89798,-0.37565,-17.468,-1.67981,7.63696,2.14345,,,,,,,,,,,,,,,,,,,,,,,,,,,,,,,,,,,,,,,,,,,,,,,,,,,High,High,High,,,,,,,,,,,,,,,,,,,,,,,,,,,,,,,,,,,,,,,
4,2026-03-01,13:07:14.61,2,2,"Stogner, John Allen",10028063,Right,ALA_LIO,"Slack, Clayton",1000132133,Right,SOU_IND16,Undefined,1,Top,1,1,0,Fastball,Sinker,StrikeCalled,Undefined,Undefined,Undefined,0,0,,87.51285,-1.425508,-4.145204,2174.284148,241.743406,2:00,5.77792,1.78371,4.96643,-27.83427,10.51831,17.01072,2.10803,-0.72121,79.14681,-6.541688,-1.151981,0.445727,,,,,,,,,,,,-9.64843,6.03977,-1.39687,50,5.61744,8.36592,-126.46277,-4.203,-15.46404,28.2712,-22.4938,ALA_LIO,SOU_IND16,MikeDLaneField,D1,ASUN,20260301-MikeDLaneField-1,dc3206a0-15a1-11f1-829f-abbae8cfcb57,84.564,,,8.36604,,,,,,,2f230842-10f9-4e90-9219-1d3edf6fc0d7,2026-03-01,19:07:14.61,2026-03-01T13:07:14.6180096-06:00,2026-03-01T19:07:14.6180096Z,,v3,471594,southernindiana,dbd82bf8479745649ba7c646edcecf86,"Millard, William",10059244,Right,ALA_LIO,6d9ee9f9-afbd-4e9d-ba34-17f3053a574e,55.52938,-127.6929,14.1356,5.77903,-3.22425,-11.2469,-1.77553,9.03878,-7.73202,,,,,,,,,,,,,,,,,,,,,,,,,,,,,,,,,,,,,,,,,,,,,,,,,,,High,High,High,,,,,,,,,,,,,,,,,,,,,,,,,,,,,,,,,,,,,,,
5,2026-03-01,13:08:33.04,2,3,"Stogner, John Allen",10028063,Right,ALA_LIO,"Slack, Clayton",1000132133,Right,SOU_IND16,Undefined,1,Top,1,1,1,Fastball,Sinker,HitByPitch,Undefined,Undefined,Undefined,0,0,,89.54033,-1.147487,-0.837695,2407.378148,236.203577,1:45,5.98553,1.65598,4.85598,-22.20371,14.49505,19.69068,3.04881,2.50389,80.83632,-5.265157,2.630194,0.43601,,,,,,,,,,,,-10.1354,7.9002,-1.59161,50,5.85431,0.98045,-129.72004,-3.42657,-17.01656,30.85282,-18.91025,ALA_LIO,SOU_IND16,MikeDLaneField,D1,ASUN,20260301-MikeDLaneField-1,0ae76c60-15a2-11f1-829f-abbae8cfcb57,86.44848,,,8.70401,,,,,,,2f230842-10f9-4e90-9219-1d3edf6fc0d7,2026-03-01,19:08:33.04,2026-03-01T13:08:33.0494976-06:00,2026-03-01T19:08:33.0494976Z,,v3,471594,southernindiana,dbd82bf8479745649ba7c646edcecf86,"Millard, William",10059244,Right,ALA_LIO,8c24bbdf-a352-4448-89eb-4dd8ea763504,55.64286,-131.05527,15.42641,5.9849,-2.60818,-9.45512,-1.64998,1.71688,-8.50828,,,,,,,,,,,,,,,,,,,,,,,,,,,,,,,,,,,,,,,,,,,,,,,,,,,High,High,High,,,,,,231.529548,-0.441112,2407.306802,0.99997,1:45,0.014278,-0.782595,-0.622368,-26.2103,10.109197,47.396313,152.993287,9.724441,0.44757,0.16891,-0.878152,10.887699,26.5879,0.16891,0.44757,0.878152,-10.887699,-26.5879,-0.16891,-0.44757,0.878152,-152.993287,-9.724441,-0.44757,-0.16891,-0.878152,,,
6,2026-03-01,13:09:12.52,3,1,"Stogner, John Allen",10028063,Right,ALA_LIO,"McLellan, Patrick",1000305136,Right,SOU_IND16,Undefined,1,Top,1,0,0,Curveball,Curveball,StrikeCalled,Undefined,Undefined,Undefined,0,0,,75.50249,1.916037,-1.430107,2110.798122,42.49913,7:30,5.69114,1.96406,4.66012,-56.897,-5.06362,-6.24678,2.77114,0.08467,68.78506,-8.320141,-2.526484,0.518175,,,,,,,,,,,,2.60646,-2.50823,-1.81213,50,5.83507,2.99013,-109.33313,1.58266,3.12561,20.95134,-35.18187,ALA_LIO,SOU_IND16,MikeDLaneField,D1,ASUN,20260301-MikeDLaneField-1,227ae280-15a2-11f1-829f-abbae8cfcb57,72.7408,,,6.71743,,,,,,,2f230842-10f9-4e90-9219-1d3edf6fc0d7,2026-03-01,19:09:12.52,2026-03-01T13:09:12.5245440-06:00,2026-03-01T19:09:12.5245440Z,,v3,471594,southernindiana,dbd82bf8479745649ba7c646edcecf86,"Millard, William",10059244,Right,ALA_LIO,0a3caf2d-0b11-415a-b2f8-1f90555e300c,55.83771,-110.44614,10.47567,5.70135,3.45164,-17.59094,-1.96657,2.82409,1.56281,,,,,,,,,,,,,,,,,,,,,,,,,,,,,,,,,,,,,,,,,,,,,,,,,,,High,High,High,,,,,,,,,,,,,,,,,,,,,,,,,,,,,,,,,,,,,,,
7,2026-03-01,13:09:50.48,3,2,"Stogner, John Allen",10028063,Right,ALA_LIO,"McLellan, Patrick",1000305136,Right,SOU_IND16,Undefined,1,Top,1,0,1,ChangeUp,Changeup,BallCalled,Undefined,Undefined,Undefined,0,0,,70.61606,2.647661,-2.597394,654.36573,205.87843,12:45,6.05968,1.62336,5.08741,-52.81538,6.45634,2.02705,4.15818,-0.65746,63.26892,-7.04897,-2.239809,0.554109,,,,,,,,,,,,-1.88118,3.02614,-1.37919,50,6.27009,4.5468,-101.95741,3.06932,-1.93657,20.20516,-29.05878,ALA_LIO,SOU_IND16,MikeDLaneField,D1,ASUN,20260301-MikeDLaneField-1,392223e0-15a2-11f1-829f-abbae8cfcb57,68.02352,,,7.34713,,,,,,,2f230842-10f9-4e90-9219-1d3edf6fc0d7,2026-03-01,19:09:50.48,2026-03-01T13:09:50.4860000-06:00,2026-03-01T19:09:50.4860000Z,,v3,471594,southernindiana,dbd82bf8479745649ba7c646edcecf86,"Millard, William",10059244,Right,ALA_LIO,7c2200b7-234c-4f09-b0c5-0b399ef6d780,55.40361,-103.02269,10.10258,6.06788,4.60139,-14.52939,-1.6216,4.6489,-0.96829,,,,,,,,,,,,,,,,,,,,,,,,,,,,,73.72164,1.664557,0.749005,0.915552,-2.2606,3.67898,0.8005,-3.41383,4.1547,4.54428,70.44413,0.94197,54.33347,-3.37333,88.48802,-8.70506,4.16192,7.30517,-11.84511,4.57547,60.21524,-6.49962,High,High,High,,,High,High,High,,,,,,,,,,,,,,,,,,,,,,,,,,,,,,,,,,
8,2026-03-01,13:10:14.34,3,3,"Stogner, John Allen",10028063,Right,ALA_LIO,"McLellan, Patrick",1000305136,Right,SOU_IND16,Undefined,1,Top,1,1,1,Curveball,Curveball,StrikeCalled,Undefined,Undefined,Undefined,0,0,,77.48175,0.854797,-1.918186,2360.557172,39.83637,7:15,5.76369,1.78215,4.72445,-57.21633,-7.87591,-8.01461,1.80724,-0.70647,70.47578,-9.423159,-3.32742,0.50556,,,,,,,,,,,,3.31268,-3.64382,-1.58096,50,5.79891,4.09494,-112.18699,-0.45421,4.15692,23.20909,-36.74647,ALA_LIO,SOU_IND16,MikeDLaneField,D1,ASUN,20260301-MikeDLaneField-1,474f7170-15a2-11f1-829f-abbae8cfcb57,74.55578,,,7.00597,,,,,,,2f230842-10f9-4e90-9219-1d3edf6fc0d7,2026-03-01,19:10:14.34,2026-03-01T13:10:14.3440384-06:00,2026-03-01T19:10:14.3440384Z,,v3,471594,southernindiana,dbd82bf8479745649ba7c646edcecf86,"Millard, William",10059244,Right,ALA_LIO,f02249d4-bf32-4941-b6c5-818ebd1bb0fb,55.77404,-113.37522,11.60454,5.77401,1.42709,-18.37324,-1.78516,3.88212,2.07846,,,,,,,,,,,,,,,,,,,,,,,,,,,,,,,,,,,,,,,,,,,,,,,,,,,High,High,High,,,,,,,,,,,,,,,,,,,,,,,,,,,,,,,,,,,,,,,
9,2026-03-01,13:10:35.06,3,4,"Stogner, John Allen",10028063,Right,ALA_LIO,"McLellan, Patrick",1000305136,Right,SOU_IND16,Undefined,1,Top,1,1,2,Curveball,Curveball,InPlay,Undefined,FlyBall,Out,1,0,,76.5542,0.750159,-1.816143,2327.347202,48.316859,7:30,5.71874,1.58347,4.79404,-59.50991,-8.90083,-12.04816,1.47085,-1.14214,69.49603,-9.947768,-3.93817,0.512019,79.73309,42.652242,30.571367,4575.903184,87.08895,81.36188,67.1975,249.62459,108.23198,44.014906,4.96176,5.33902,-4.16358,-1.3912,50,5.74154,4.00856,-110.83336,-0.70985,6.50732,23.53047,-37.24874,ALA_LIO,SOU_IND16,MikeDLaneField,D1,ASUN,20260301-MikeDLaneField-1,53afa020-15a2-11f1-829f-abbae8cfcb57,73.61538,87.98612,,7.05818,,,,1.73952,1.71888,1.09152,2f230842-10f9-4e90-9219-1d3edf6fc0d7,2026-03-01,19:10:35.06,2026-03-01T13:10:35.0610432-06:00,2026-03-01T19:10:35.0610432Z,FlyBall,v3,471594,southernindiana,dbd82bf8479745649ba7c646edcecf86,"Millard, William",10059244,Right,ALA_LIO,b13eed3c-fed0-465c-8d8e-9ddc6086bca3,55.70505,-112.03803,11.76523,5.72906,1.19713,-18.62437,-1.58789,3.67541,3.25366,,1.74754,73.87511,-19.29544,4.15152,-0.06231,-0.31342,0.10006,-0.01306,0.00064,1.71589,79.28362,-20.79516,1.37827,-0.02565,-0.09908,0.04348,-0.00752,0.00046,1.09117,43.75065,-2.1471,-0.2776,0.21967,-0.07161,0.01548,-0.00197,0.0001,,,,,,,,,,,,,,,,,,,,,,,High,High,High,High,Low,,,,27.844928,63.390435,1042.43826,0.447908,7:00,-0.878264,0.220897,0.424095,83.121067,-3.164915,15.279407,117.045188,-31.388832,0.760304,-0.520843,-0.38815,53.305289,-49.490997,0.520843,-0.760304,0.38815,-53.305289,49.490997,-0.520843,0.760304,0.38815,-117.045188,31.388832,-0.760304,0.520843,-0.38815,,,
10,2026-03-01,13:11:12.40,4,1,"Stogner, John Allen",10028063,Right,ALA_LIO,"Martin, Parker",10058402,Right,SOU_IND16,Undefined,1,Top,2,0,0,Curveball,Curveball,BallCalled,Undefined,Undefined,Undefined,0,0,,73.89119,2.287322,1.046457,2163.862769,57.182517,8:00,5.71785,1.97563,4.43652,-61.6231,-6.42646,-13.17914,2.76592,1.87567,66.56897,-8.787126,-1.258787,0.534722,,,,,,,,,,,,6.66662,-3.1698,-2.07292,50,5.90064,-1.38801,-106.80727,1.9917,7.54318,21.91154,-35.76061,ALA_LIO,SOU_IND16,MikeDLaneField,D1,ASUN,20260301-MikeDLaneField-1,69eed0e0-15a2-11f1-829f-abbae8cfcb57,70.48984,,,7.32221,,,,,,,2f230842-10f9-4e90-9219-1d3edf6fc0d7,2026-03-01,19:11:12.40,2026-03-01T13:11:12.4051456-06:00,2026-03-01T19:11:12.4051456Z,,v3,471594,southernindiana,dbd82bf8479745649ba7c646edcecf86,"Millard, William",10059244,Right,ALA_LIO,03212cf7-fd68-4bbb-b804-1981a70919f9,56.05955,-108.04324,10.95577,5.7314,4.00886,-17.88031,-1.98262,-1.8135,3.77159,,,,,,,,,,,,,,,,,,,,,,,,,,,,,,,,,,,,,,,,,,,,,,,,,,,High,High,High,,,,,,,,,,,,,,,,,,,,,,,,,,,,,,,,,,,,,,,
11,2026-03-01,13:11:33.19,4,2,"Stogner, John Allen",10028063,Right,ALA_LIO,"Martin, Parker",10058402,Right,SOU_IND16,Undefined,1,Top,2,1,0,Fastball,Four-Seam,BallCalled,Undefined,Undefined,Undefined,0,0,,86.6128,-2.581487,-1.063539,2354.383646,220.429085,1:15,5.76797,1.66232,5.12963,-18.05678,21.20584,16.74418,1.83,2.05594,77.48923,-6.016419,1.899873,0.450984,,,,,,,,,,,,-8.58225,11.81776,-1.5757,50,5.51246,1.53779,-125.19635,-6.18946,-13.31675,30.54678,-13.83685,ALA_LIO,SOU_IND16,MikeDLaneField,D1,ASUN,20260301-MikeDLaneField-1,764d03c0-15a2-11f1-829f-abbae8cfcb57,83.57822,,,9.12357,,,,,,,2f230842-10f9-4e90-9219-1d3edf6fc0d7,2026-03-01,19:11:33.19,2026-03-01T13:11:33.1988480-06:00,2026-03-01T19:11:33.1988480Z,,v3,471594,southernindiana,dbd82bf8479745649ba7c646edcecf86,"Millard, William",10059244,Right,ALA_LIO,e97e3601-c192-4e49-838b-4239a75e521a,55.36217,-126.4979,15.27339,5.76363,-5.59989,-6.91843,-1.65331,2.1052,-6.65837,,,,,,,,,,,,,,,,,,,,,,,,,,,,,,,,,,,,,,,,,,,,,,,,,,,High,High,High,,,,,,,,,,,,,,,,,,,,,,,,,,,,,,,,,,,,,,,
12,2026-03-01,13:11:54.79,4,3,"Stogner, John Allen",10028063,Right,ALA_LIO,"Martin, Parker",10058402,Right,SOU_IND16,Undefined,1,Top,2,2,0,Fastball,Changeup,InPlay,Undefined,LineDrive,Out,1,0,,85.56305,-1.962627,-2.882457,2189.595016,224.812602,1:30,5.85035,1.51781,4.84531,-23.70887,16.49942,14.96174,2.01345,0.03341,77.45342,-6.352684,-0.251205,0.456383,103.38733,15.49068,16.779786,1063.710696,104.0914,24.16787,35.56657,280.04555,272.45602,21.900705,2.683973,-8.29548,9.14745,-1.24652,50,5.63678,5.5512,-123.76431,-5.08829,-12.73332,27.09359,-18.13295,ALA_LIO,SOU_IND16,MikeDLaneField,D1,ASUN,20260301-MikeDLaneField-1,832325c0-15a2-11f1-829f-abbae8cfcb57,82.58955,26.73711,,8.10963,,,,1.94206,2.13188,-0.06689,2f230842-10f9-4e90-9219-1d3edf6fc0d7,2026-03-01,19:11:54.79,2026-03-01T13:11:54.7995136-06:00,2026-03-01T19:11:54.7995136Z,LineDrive,v3,471594,southernindiana,dbd82bf8479745649ba7c646edcecf86,"Millard, William",10059244,Right,ALA_LIO,f9d37fe9-5263-4cba-8873-37b090372199,55.65149,-124.99536,13.5468,5.84926,-4.26438,-9.06648,-1.51189,6.12977,-6.36666,238.210372,1.94207,139.90418,-26.7493,6.38105,-1.42397,0.27557,-0.04769,0.00603,-0.00037,2.13188,40.49892,-17.8496,0.96095,0.03347,-0.04285,0.01318,-0.00175,9E-05,-0.06689,42.18624,1.58467,-2.39683,0.92393,-0.25568,0.05294,-0.00709,0.00045,,,,,,,,,,,,,,,,,,,,,,,High,High,High,High,High,,,,,,,,,,,,,,,,,,,,,,,,,,,,,,,,,,,,,
13,2026-03-01,13:15:11.92,1,1,"Skwarek, Ryan",1000474111,Right,SOU_IND16,"LePage, Tyler",1000222448,Left,ALA_LIO,Undefined,1,Bottom,0,0,0,Fastball,Four-Seam,BallCalled,Undefined,Undefined,Undefined,0,0,,89.62525,-1.314437,-1.175993,1982.885771,203.830988,12:45,5.82451,1.81465,5.97032,-16.98828,18.24942,7.4863,3.18975,1.3481,80.58297,-4.585499,0.169544,0.427243,,,,,,,,,,,,-4.19205,10.1413,-1.72551,50,5.71102,2.3405,-129.92964,-3.44935,-7.04487,31.52007,-15.13136,ALA_LIO,SOU_IND16,MikeDLaneField,D1,ASUN,20260301-MikeDLaneField-1,f8b5df30-15a2-11f1-829f-abbae8cfcb57,88.22246,,,9.04229,,,,,,,2f230842-10f9-4e90-9219-1d3edf6fc0d7,2026-03-01,19:15:11.92,2026-03-01T13:15:11.9269376-06:00,2026-03-01T19:15:11.9269376Z,,v3,471594,southernindiana,dbd82bf8479745649ba7c646edcecf86,"Wall, Micajah",1000131896,Right,SOU_IND16,016279cb-ca02-48db-a686-6f98bff4389f,54.52304,-131.02231,15.76003,5.82151,-2.92481,-7.56568,-1.81088,2.58472,-3.52244,,,,,,,,,,,,,,,,,,,,,,,,,,,,,,,,,,,,,,,,,,,,,,,,,,,High,High,High,,,,,,,,,,,,,,,,,,,,,,,,,,,,,,,,,,,,,,,
14,2026-03-01,13:15:52.12,1,2,"Skwarek, Ryan",1000474111,Right,SOU_IND16,"LePage, Tyler",1000222448,Left,ALA_LIO,Undefined,1,Bottom,0,1,0,Fastball,Four-Seam,StrikeSwinging,Undefined,Undefined,Undefined,0,0,,89.52836,-1.821571,-1.721797,1994.649949,199.641689,12:45,5.75997,1.65111,6.05215,-15.08461,20.09119,6.71095,2.81542,0.61606,80.62296,-4.750057,-0.514305,0.426868,,,,,,,,,,,,-3.97059,11.25615,-1.52058,50,5.61003,3.60993,-129.7622,-4.50596,-6.66826,30.96128,-13.27031,ALA_LIO,SOU_IND16,MikeDLaneField,D1,ASUN,20260301-MikeDLaneField-1,10a3aa50-15a3-11f1-829f-abbae8cfcb57,88.30001,,,8.9054,,,,,,,2f230842-10f9-4e90-9219-1d3edf6fc0d7,2026-03-01,19:15:52.12,2026-03-01T13:15:52.1297920-06:00,2026-03-01T19:15:52.1297920Z,,v3,471594,southernindiana,dbd82bf8479745649ba7c646edcecf86,"Wall, Micajah",1000131896,Right,SOU_IND16,a3bdebd8-c9d6-4ab4-b277-b74501cbe92d,54.44107,-130.81755,15.48064,5.75591,-4.05363,-6.63516,-1.6475,3.83722,-3.33413,,,,,,,,,,,,,,,,,,,,,,,,,,,,,,,,,,,,,,,,,,,,,,,,,,,High,High,High,,,,,,,,,,,,,,,,,,,,,,,,,,,,,,,,,,,,,,,
15,2026-03-01,13:16:04.66,1,3,"Skwarek, Ryan",1000474111,Right,SOU_IND16,"LePage, Tyler",1000222448,Left,ALA_LIO,Undefined,1,Bottom,0,1,1,Fastball,Sinker,BallCalled,Undefined,Undefined,Undefined,0,0,,90.3529,-1.636004,-1.566645,1927.884845,230.535555,1:45,5.76977,1.93474,5.95347,-20.766,13.7095,15.19521,2.52108,1.74775,81.87881,-5.558681,1.164565,0.422597,,,,,,,,,,,,-8.22323,7.88347,-1.81843,50,5.62816,2.92267,-131.06686,-4.39614,-14.15831,30.34177,-18.60075,ALA_LIO,SOU_IND16,MikeDLaneField,D1,ASUN,20260301-MikeDLaneField-1,18213cc0-15a3-11f1-829f-abbae8cfcb57,89.19233,,,8.47409,,,,,,,2f230842-10f9-4e90-9219-1d3edf6fc0d7,2026-03-01,19:16:04.66,2026-03-01T13:16:04.6665728-06:00,2026-03-01T19:16:04.6665728Z,,v3,471594,southernindiana,dbd82bf8479745649ba7c646edcecf86,"Wall, Micajah",1000131896,Right,SOU_IND16,936c559c-df12-4c12-bb71-0a2f48ea2158,54.54218,-132.11418,15.17089,5.76882,-3.75408,-9.30037,-1.92774,3.41138,-7.07915,,,,,,,,,,,,,,,,,,,,,,,,,,,,,,,,,,,,,,,,,,,,,,,,,,,High,High,High,,,,,,,,,,,,,,,,,,,,,,,,,,,,,,,,,,,,,,,
16,2026-03-01,13:16:20.54,1,4,"Skwarek, Ryan",1000474111,Right,SOU_IND16,"LePage, Tyler",1000222448,Left,ALA_LIO,Undefined,1,Bottom,0,2,1,Fastball,Sinker,BallCalled,Undefined,Undefined,Undefined,0,0,,89.87648,-1.660741,-1.457433,2052.815333,223.802641,1:30,5.72803,1.7225,5.86281,-18.61698,16.38973,14.53379,2.6329,1.57944,81.29782,-5.200088,1.149991,0.42584,,,,,,,,,,,,-7.78918,9.22772,-1.61236,50,5.58258,2.66813,-130.32115,-4.33674,-13.24832,30.19712,-16.47896,ALA_LIO,SOU_IND16,MikeDLaneField,D1,ASUN,20260301-MikeDLaneField-1,218d58c0-15a3-11f1-829f-abbae8cfcb57,88.51306,,,8.57866,,,,,,,2f230842-10f9-4e90-9219-1d3edf6fc0d7,2026-03-01,19:16:20.54,2026-03-01T13:16:20.5471744-06:00,2026-03-01T19:16:20.5471744Z,,v3,471594,southernindiana,dbd82bf8479745649ba7c646edcecf86,"Wall, Micajah",1000131896,Right,SOU_IND16,49a8461d-26c9-4df1-990c-cb58f84a220d,54.63138,-131.38992,15.09856,5.72574,-3.75349,-8.23948,-1.71509,3.13703,-6.62416,,,,,,,,,,,,,,,,,,,,,,,,,,,,,,,,,,,,,,,,,,,,,,,,,,,High,High,High,,,,,,,,,,,,,,,,,,,,,,,,,,,,,,,,,,,,,,,
17,2026-03-01,13:16:38.27,1,5,"Skwarek, Ryan",1000474111,Right,SOU_IND16,"LePage, Tyler",1000222448,Left,ALA_LIO,Undefined,1,Bottom,0,3,1,Curveball,Curveball,StrikeCalled,Undefined,Undefined,Undefined,0,0,,75.83915,1.820085,-0.389794,2245.042163,43.85077,7:30,5.59865,1.92025,5.5886,-57.84527,-8.10847,-9.44174,2.47834,0.76946,68.95979,-8.757675,-2.07746,0.507587,,,,,,,,,,,,4.60662,-4.05736,-1.88073,50,5.71792,1.1128,-110.00385,1.58505,5.56539,22.07129,-37.07583,ALA_LIO,SOU_IND16,MikeDLaneField,D1,ASUN,20260301-MikeDLaneField-1,2c24fc70-15a3-11f1-829f-abbae8cfcb57,74.2581,,,6.87936,,,,,,,2f230842-10f9-4e90-9219-1d3edf6fc0d7,2026-03-01,19:16:38.27,2026-03-01T13:16:38.2774272-06:00,2026-03-01T19:16:38.2774272Z,,v3,471594,southernindiana,dbd82bf8479745649ba7c646edcecf86,"Wall, Micajah",1000131896,Right,SOU_IND16,a8e9ea74-6b71-4864-b614-6d603c1acad0,54.90949,-110.98452,11.03564,5.61089,3.2324,-18.53792,-1.92468,0.86551,2.78269,,,,,,,,,,,,,,,,,,,,,,,,,,,,,,,,,,,,,,,,,,,,,,,,,,,High,High,High,,,,,,41.093676,57.547064,1204.704541,0.536607,7:15,-0.829434,0.37933,0.410058,72.688771,26.031576,-73.306616,171.3903,46.083077,0.103836,0.720346,-0.685798,46.407433,5.960108,0.720346,0.103836,0.685798,-46.407433,-5.960108,-0.720346,-0.103836,0.685798,-171.3903,-46.083077,-0.103836,-0.720346,-0.685798,,,
18,2026-03-01,13:16:51.75,1,6,"Skwarek, Ryan",1000474111,Right,SOU_IND16,"LePage, Tyler",1000222448,Left,ALA_LIO,Undefined,1,Bottom,0,3,2,Fastball,Sinker,FoulBallNotFieldable,Undefined,Undefined,Undefined,0,0,,88.91287,-1.806874,-1.710352,1874.710204,234.138413,1:45,5.73139,1.78186,5.9934,-23.19678,12.46902,15.48536,2.12261,1.48686,80.40809,-6.176814,1.075552,0.429831,60.53447,1.643334,-118.921638,2186.333955,,,,39.61866,25.5722,-114.532828,0.439764,-8.50422,7.35477,-1.6556,50,5.57635,3.20158,-128.94672,-4.79879,-14.11825,30.31183,-19.96409,ALA_LIO,SOU_IND16,MikeDLaneField,D1,ASUN,20260301-MikeDLaneField-1,34369180-15a3-11f1-829f-abbae8cfcb57,87.69136,1.84674,,8.50478,,,,0.72359,1.73794,-1.46409,2f230842-10f9-4e90-9219-1d3edf6fc0d7,2026-03-01,19:16:51.75,2026-03-01T13:16:51.7522944-06:00,2026-03-01T19:16:51.7522944Z,GroundBall,v3,471594,southernindiana,dbd82bf8479745649ba7c646edcecf86,"Wall, Micajah",1000131896,Right,SOU_IND16,90cdfe43-21ca-4119-96e5-ae197d302250,54.50318,-130.00099,15.15592,5.73118,-4.10443,-9.98204,-1.77549,3.69262,-7.05913,,0.72283,-42.89612,8.74786,,,,,,,1.73864,2.52524,-14.7377,,,,,,,-1.46206,-77.73981,-2.04155,,,,,,,,,,,,,,,,,,,,,,,,,,,,,High,High,High,Medium,Medium,,,,207.138937,8.314002,1855.007904,0.98949,1:00,-0.156518,-0.455691,-0.876269,-52.172626,15.096309,-10.807496,169.899892,23.012687,0.161412,0.390935,-0.906154,23.336429,9.288889,0.390935,0.161412,0.906154,-23.336429,-9.288889,-0.390935,-0.161412,0.906154,-169.899892,-23.012687,-0.161412,-0.390935,-0.906154,,,
19,2026-03-01,13:17:09.01,1,7,"Skwarek, Ryan",1000474111,Right,SOU_IND16,"LePage, Tyler",1000222448,Left,ALA_LIO,Undefined,1,Bottom,0,3,2,ChangeUp,Changeup,InPlay,Undefined,GroundBall,Out,1,0,,81.81371,-0.634554,-3.061406,1969.358072,248.86428,2:15,5.59947,1.93439,5.91107,-34.18805,7.98993,16.85647,2.16065,0.49501,74.25793,-6.995851,-0.036259,0.467427,67.35883,2.216127,31.054493,3692.671164,,,,40.18101,39.14516,29.471887,0.406897,-9.64319,4.69902,-1.69856,50,5.52905,5.69958,-118.6281,-2.38072,-13.58566,25.09654,-25.55393,ALA_LIO,SOU_IND16,MikeDLaneField,D1,ASUN,20260301-MikeDLaneField-1,3e793760-15a3-11f1-829f-abbae8cfcb57,80.63805,2.34675,,7.55578,,,,2.70595,2.19273,-0.45657,2f230842-10f9-4e90-9219-1d3edf6fc0d7,2026-03-01,19:17:09.01,2026-03-01T13:17:09.0194432-06:00,2026-03-01T19:17:09.0194432Z,GroundBall,v3,471594,southernindiana,dbd82bf8479745649ba7c646edcecf86,"Wall, Micajah",1000131896,Right,SOU_IND16,3c9a19e1-3b08-4bb1-ad22-9ef89241c7db,54.58716,-119.59461,12.54827,5.60178,-1.39659,-12.77697,-1.92814,6.22278,-6.79283,,2.70993,84.43927,-12.62532,,,,,,,2.20178,3.52266,-22.00815,,,,,,,-0.45788,50.96761,-3.08362,,,,,,,,,,,,,,,,,,,,,,,,,,,,,High,High,High,High,High,,,,,,,,,,,,,,,,,,,,,,,,,,,,,,,,,,,,,
20,2026-03-01,13:17:46.15,2,1,"Skwarek, Ryan",1000474111,Right,SOU_IND16,"Craska, Petey",806050,Left,ALA_LIO,Undefined,1,Bottom,1,0,0,Fastball,Four-Seam,StrikeSwinging,Undefined,Undefined,Undefined,0,0,,89.61083,-1.231847,-2.262126,2028.385049,208.668255,1:00,5.85361,1.69515,6.09569,-15.85902,19.24316,9.81296,3.39162,0.41955,80.53628,-4.308313,-0.495776,0.426421,,,,,,,,,,,,-5.75244,10.66229,-1.52577,50,5.75027,4.70887,-129.87895,-3.20169,-9.66158,31.44378,-14.26609,ALA_LIO,SOU_IND16,MikeDLaneField,D1,ASUN,20260301-MikeDLaneField-1,54966130-15a3-11f1-829f-abbae8cfcb57,88.39256,,,9.07455,,,,,,,2f230842-10f9-4e90-9219-1d3edf6fc0d7,2026-03-01,19:17:46.15,2026-03-01T13:17:46.1587968-06:00,2026-03-01T19:17:46.1587968Z,,v3,471594,southernindiana,dbd82bf8479745649ba7c646edcecf86,"Wall, Micajah",1000131896,Right,SOU_IND16,cea7b58d-1c05-4c83-bb24-3b1a77c30472,54.39799,-130.93938,15.72189,5.85013,-2.72057,-7.13304,-1.69007,5.03471,-4.83079,,,,,,,,,,,,,,,,,,,,,,,,,,,,,,,,,,,,,,,,,,,,,,,,,,,High,High,High,,,,,,196.941484,15.028672,1959.006541,0.965796,12:30,-0.289462,-0.286938,-0.91317,-26.205049,8.536118,-38.04348,175.225356,2.256538,0.083172,0.039374,-0.995757,2.264388,4.770933,0.039374,0.083172,0.995757,-2.264388,-4.770933,-0.039374,-0.083172,0.995757,-175.225356,-2.256538,-0.083172,-0.039374,-0.995757,,,
21,2026-03-01,13:18:01.27,2,2,"Skwarek, Ryan",1000474111,Right,SOU_IND16,"Craska, Petey",806050,Left,ALA_LIO,Undefined,1,Bottom,1,0,1,ChangeUp,Changeup,StrikeSwinging,Undefined,Undefined,Undefined,0,0,,81.60847,-1.218852,-3.521759,1781.769306,249.888764,2:15,5.60841,2.05882,5.94818,-35.61321,7.33351,15.43816,1.50787,0.07485,73.22385,-7.86387,-0.750099,0.471668,,,,,,,,,,,,-9.10745,4.68185,-1.7868,50,5.49172,6.6562,-118.07207,-3.62517,-12.54401,27.57744,-25.72556,ALA_LIO,SOU_IND16,MikeDLaneField,D1,ASUN,20260301-MikeDLaneField-1,5da2d100-15a3-11f1-829f-abbae8cfcb57,79.91307,,,8.38462,,,,,,,2f230842-10f9-4e90-9219-1d3edf6fc0d7,2026-03-01,19:18:01.27,2026-03-01T13:18:01.2704768-06:00,2026-03-01T19:18:01.2704768Z,,v3,471594,southernindiana,dbd82bf8479745649ba7c646edcecf86,"Wall, Micajah",1000131896,Right,SOU_IND16,9122815d-5168-460c-9aca-b2ca1699a26c,54.54636,-119.12921,13.78872,5.61178,-2.63902,-12.86278,-2.05117,7.13705,-6.272,,,,,,,,,,,,,,,,,,,,,,,,,,,,,,,,,,,,,,,,,,,,,,,,,,,High,High,High,,,,,,,,,,,,,,,,,,,,,,,,,,,,,,,,,,,,,,,
22,2026-03-01,13:18:17.06,2,3,"Skwarek, Ryan",1000474111,Right,SOU_IND16,"Craska, Petey",806050,Left,ALA_LIO,Undefined,1,Bottom,1,0,2,Fastball,Four-Seam,BallCalled,Undefined,Undefined,Undefined,0,0,,90.08781,-1.22148,0.310719,2003.340123,213.7475,1:00,5.93295,1.94071,5.7783,-18.81485,16.54406,10.13835,3.22834,3.07468,80.53783,-4.818089,2.126638,0.427977,,,,,,,,,,,,-4.99516,9.21323,-1.97222,50,5.82108,-1.16813,-130.48469,-3.34554,-8.40886,33.4948,-16.66444,ALA_LIO,SOU_IND16,MikeDLaneField,D1,ASUN,20260301-MikeDLaneField-1,66ffaac0-15a3-11f1-829f-abbae8cfcb57,88.0711,,,9.54998,,,,,,,2f230842-10f9-4e90-9219-1d3edf6fc0d7,2026-03-01,19:18:17.06,2026-03-01T13:18:17.0615808-06:00,2026-03-01T19:18:17.0615808Z,,v3,471594,southernindiana,dbd82bf8479745649ba7c646edcecf86,"Wall, Micajah",1000131896,Right,SOU_IND16,337e81b7-8b53-48c6-931b-25b8c46375e5,54.71353,-131.68907,16.7474,5.93061,-2.74634,-8.33222,-1.93565,-0.86577,-4.20443,,,,,,,,,,,,,,,,,,,,,,,,,,,,,,,,,,,,,,,,,,,,,,,,,,,High,High,High,,,,,,205.079715,1.951735,2002.177927,0.99942,12:45,-0.02011,-0.424263,-0.905316,-47.07867,0.085785,-21.027731,171.634186,22.842787,0.134082,0.388204,-0.911767,23.062888,7.705555,0.388204,0.134082,0.911767,-23.062888,-7.705555,-0.388204,-0.134082,0.911767,-171.634186,-22.842787,-0.134082,-0.388204,-0.911767,,,
23,2026-03-01,13:18:32.40,2,4,"Skwarek, Ryan",1000474111,Right,SOU_IND16,"Craska, Petey",806050,Left,ALA_LIO,Undefined,1,Bottom,1,1,2,ChangeUp,Changeup,StrikeSwinging,Strikeout,Undefined,Undefined,0,0,,82.94929,-2.548711,-3.045062,1877.209929,252.563097,2:30,5.60913,2.07779,5.91741,-35.14352,6.74933,16.02517,0.31034,0.58468,74.18804,-9.089238,-0.164998,0.465845,,,,,,,,,,,,-9.35233,4.8752,-1.84289,50,5.385,5.74285,-119.91787,-6.45828,-13.19502,29.90302,-25.29573,ALA_LIO,SOU_IND16,MikeDLaneField,D1,ASUN,20260301-MikeDLaneField-1,703aa4a0-15a3-11f1-829f-abbae8cfcb57,80.91199,,,8.76125,,,,,,,2f230842-10f9-4e90-9219-1d3edf6fc0d7,2026-03-01,19:18:32.40,2026-03-01T13:18:32.4065280-06:00,2026-03-01T19:18:32.4065280Z,,v3,471594,southernindiana,dbd82bf8479745649ba7c646edcecf86,"Wall, Micajah",1000131896,Right,SOU_IND16,0a7d13e7-1208-4962-8363-77cf27605962,54.57764,-121.05398,14.95151,5.61212,-5.49722,-12.64786,-2.07061,6.24417,-6.59751,,,,,,,,,,,,,,,,,,,,,,,,,,,,,,,,,,,,,,,,,,,,,,,,,,,High,High,High,,,,,,242.568709,-18.650215,1778.634828,0.947489,2:00,0.333179,-0.825904,-0.454834,63.066064,-5.386959,74.547204,117.609341,48.30958,0.589369,0.746749,-0.308237,67.570562,36.112217,0.746749,0.589369,0.308237,-67.570562,-36.112217,-0.746749,-0.589369,0.308237,-117.609341,-48.30958,-0.589369,-0.746749,-0.308237,,,
24,2026-03-01,13:19:09.01,3,1,"Skwarek, Ryan",1000474111,Right,SOU_IND16,"Coleman, Dylan",1000397112,Right,ALA_LIO,Undefined,1,Bottom,2,0,0,Fastball,Four-Seam,StrikeCalled,Undefined,Undefined,Undefined,0,0,,90.58802,-2.914822,-1.920195,2038.278337,220.47059,1:15,5.84403,1.6216,5.98648,-18.90096,16.09087,12.49946,1.5636,0.88289,80.61726,-6.537826,0.327427,0.42575,,,,,,,,,,,,-7.05638,9.71008,-1.47663,50,5.60358,3.83607,-130.99075,-7.2217,-11.8954,35.34108,-15.80516,ALA_LIO,SOU_IND16,MikeDLaneField,D1,ASUN,20260301-MikeDLaneField-1,85f2f220-15a3-11f1-829f-abbae8cfcb57,88.53184,,,9.97076,,,,,,,2f230842-10f9-4e90-9219-1d3edf6fc0d7,2026-03-01,19:19:09.01,2026-03-01T13:19:09.0158592-06:00,2026-03-01T19:19:09.0158592Z,,v3,471594,southernindiana,dbd82bf8479745649ba7c646edcecf86,"Wall, Micajah",1000131896,Right,SOU_IND16,38325392-3f41-4f80-a64d-84ee71030502,54.5055,-132.20074,17.67054,5.84157,-6.68058,-7.90258,-1.61494,4.24333,-5.9477,,,,,,,,,,,,,,,,,,,,,,,,,,,,,,,,,,,,,,,,,,,,,,,,,,,High,High,High,,,,,,,,,,,,,,,,,,,,,,,,,,,,,,,,,,,,,,,
25,2026-03-01,13:19:22.76,3,2,"Skwarek, Ryan",1000474111,Right,SOU_IND16,"Coleman, Dylan",1000397112,Right,ALA_LIO,Undefined,1,Bottom,2,0,1,Curveball,Curveball,StrikeCalled,Undefined,Undefined,Undefined,0,0,,74.80344,1.705796,-2.084582,2183.158817,46.697363,7:30,5.61733,1.68137,5.33594,-60.46114,-7.84544,-10.54804,2.18076,-1.15418,66.98778,-9.333187,-3.958376,0.52207,,,,,,,,,,,,4.46366,-3.88008,-1.48549,50,5.72873,4.35249,-108.17116,1.20052,5.11823,24.53356,-36.62313,ALA_LIO,SOU_IND16,MikeDLaneField,D1,ASUN,20260301-MikeDLaneField-1,8e4560c0-15a3-11f1-829f-abbae8cfcb57,72.19801,,,7.81567,,,,,,,2f230842-10f9-4e90-9219-1d3edf6fc0d7,2026-03-01,19:19:22.76,2026-03-01T13:19:22.7645440-06:00,2026-03-01T19:19:22.7645440Z,,v3,471594,southernindiana,dbd82bf8479745649ba7c646edcecf86,"Wall, Micajah",1000131896,Right,SOU_IND16,04d7c3d8-9acd-4a0a-8060-478c9d7b33a5,55.15949,-109.33508,12.26678,5.63056,2.938,-18.31156,-1.68622,4.10967,2.55912,,,,,,,,,,,,,,,,,,,,,,,,,,,,,,,,,,,,,,,,,,,,,,,,,,,High,High,High,,,,,,,,,,,,,,,,,,,,,,,,,,,,,,,,,,,,,,,
26,2026-03-01,13:19:35.94,3,3,"Skwarek, Ryan",1000474111,Right,SOU_IND16,"Coleman, Dylan",1000397112,Right,ALA_LIO,Undefined,1,Bottom,2,0,2,ChangeUp,Changeup,InPlay,Undefined,GroundBall,Single,0,0,,80.32178,0.278294,-3.293513,1818.77607,252.443091,2:30,5.59015,1.8107,5.99592,-37.566,7.07221,16.44773,2.71797,0.12604,71.24969,-6.778142,-0.339137,0.480867,95.62366,-9.583324,-31.763773,,,,,18.49314,18.27586,-28.66335,0.119271,-9.72201,4.02595,-1.56029,50,5.59187,6.05438,-116.17722,-0.56799,-12.82347,28.83723,-26.86378,ALA_LIO,SOU_IND16,MikeDLaneField,D1,ASUN,20260301-MikeDLaneField-1,961076f0-15a3-11f1-829f-abbae8cfcb57,78.38436,2.89168,,9.07208,,,,2.3236,2.89168,-0.1021,2f230842-10f9-4e90-9219-1d3edf6fc0d7,2026-03-01,19:19:35.94,2026-03-01T13:19:35.9407616-06:00,2026-03-01T19:19:35.9407616Z,GroundBall,v3,471594,southernindiana,dbd82bf8479745649ba7c646edcecf86,"Wall, Micajah",1000131896,Right,SOU_IND16,16d141f6-b053-4543-a40d-2db8fba5be83,54.49867,-117.28856,14.41862,5.59381,0.46729,-13.43189,-1.80313,6.54857,-6.41174,121.220837,2.32362,117.57607,-8.44738,,,,,,,2.89168,-23.34883,-7.52188,,,,,,,-0.10207,-72.80215,-5.99287,,,,,,,,,,,,,,,,,,,,,,,,,,,,,High,High,High,High,High,,,,238.318025,-0.571528,1818.685585,0.99995,2:00,-0.02434,-0.850972,-0.524646,88.44569,0.187027,61.087932,124.931655,48.985641,0.538016,0.754545,-0.375767,63.526483,32.548656,0.754545,0.538016,0.375767,-63.526483,-32.548656,-0.754545,-0.538016,0.375767,-124.931655,-48.985641,-0.538016,-0.754545,-0.375767,,,
27,2026-03-01,13:20:15.12,4,1,"Skwarek, Ryan",1000474111,Right,SOU_IND16,"Rippen, Nash",1000353531,Left,ALA_LIO,Undefined,1,Bottom,2,0,0,ChangeUp,Changeup,BallCalled,Undefined,Undefined,Undefined,0,0,,82.86379,-1.725549,-4.693945,1852.416516,241.60903,2:00,5.58364,2.01884,5.9715,-32.12671,9.17193,14.21158,1.30083,-1.15827,75.07008,-7.708287,-2.148361,0.462529,,,,,,,,,,,,-8.7993,5.68272,-1.6545,50,5.42886,9.28737,-119.83917,-4.6166,-12.62767,26.00732,-24.01889,ALA_LIO,SOU_IND16,MikeDLaneField,D1,ASUN,20260301-MikeDLaneField-1,ad6a8d90-15a3-11f1-829f-abbae8cfcb57,81.49197,,,7.7937,,,,,,,2f230842-10f9-4e90-9219-1d3edf6fc0d7,2026-03-01,19:20:15.12,2026-03-01T13:20:15.1275008-06:00,2026-03-01T19:20:15.1275008Z,,v3,471594,southernindiana,dbd82bf8479745649ba7c646edcecf86,"Wall, Micajah",1000131896,Right,SOU_IND16,578685e2-28a7-4074-9ce3-f9412dba98ee,54.52549,-120.81729,13.00366,5.58551,-3.71326,-12.00945,-2.01273,9.76229,-6.31384,,,,,,,,,,,,,,,,,,,,,,,,,,,,,,,,,,,,,,,,,,,,,,,,,,,High,High,High,,,,,,241.983471,-14.620515,1792.433149,0.967619,2:00,0.239897,-0.846238,-0.475743,82.308933,-14.413834,79.306782,138.288819,61.759163,0.314842,0.880966,-0.353232,68.15121,18.351266,0.880966,0.314842,0.353232,-68.15121,-18.351266,-0.880966,-0.314842,0.353232,-138.288819,-61.759163,-0.314842,-0.880966,-0.353232,,,
28,2026-03-01,13:20:46.43,4,2,"Skwarek, Ryan",1000474111,Right,SOU_IND16,"Rippen, Nash",1000353531,Left,ALA_LIO,Undefined,1,Bottom,2,1,0,Fastball,Four-Seam,InPlay,Undefined,GroundBall,Single,0,0,,88.91582,-2.40603,-2.536676,2024.614574,198.985375,12:45,5.90684,1.9685,6.09973,-16.78706,19.03115,6.07721,2.27924,0.12739,79.79506,-5.649176,-1.443011,0.430748,112.16828,3.124797,9.642188,1202.701843,,,,79.61516,79.041,9.737327,0.518737,-3.9876,11.01414,-1.77643,50,5.7128,5.44982,-128.73946,-5.85662,-6.55537,31.82477,-14.06741,ALA_LIO,SOU_IND16,MikeDLaneField,D1,ASUN,20260301-MikeDLaneField-1,c0135120-15a3-11f1-829f-abbae8cfcb57,87.50464,3.01657,,9.12076,,,,1.27341,2.28684,-0.13438,2f230842-10f9-4e90-9219-1d3edf6fc0d7,2026-03-01,19:20:46.43,2026-03-01T13:20:46.4324096-06:00,2026-03-01T19:20:46.4324096Z,GroundBall,v3,471594,southernindiana,dbd82bf8479745649ba7c646edcecf86,"Wall, Micajah",1000131896,Right,SOU_IND16,153f5f15-7e7d-4ceb-9b7b-876c2b5cd5e2,54.39478,-129.82132,15.91239,5.90377,-5.37841,-7.0337,-1.96548,5.67267,-3.27769,348.868256,1.30003,161.25669,-24.18031,,,,,,,2.31583,8.21156,-24.53629,,,,,,,-0.13344,27.49025,-2.4612,,,,,,,,,,,,,,,,,,,,,,,,,,,,,High,High,High,High,High,,,,204.541107,10.231195,1992.421273,0.984099,12:45,-0.199768,-0.415838,-0.887227,-34.13288,24.384356,-17.607002,162.044588,5.136659,0.307039,0.089532,-0.947476,5.398123,17.880861,0.089532,0.307039,0.947476,-5.398123,-17.880861,-0.089532,-0.307039,0.947476,-162.044588,-5.136659,-0.307039,-0.089532,-0.947476,,,
29,2026-03-01,13:21:34.83,5,1,"Skwarek, Ryan",1000474111,Right,SOU_IND16,"Millard, William",10059244,Right,ALA_LIO,Undefined,1,Bottom,2,0,0,Curveball,Curveball,BallCalled,Undefined,Undefined,Undefined,0,0,,74.47141,2.351286,-2.779396,2260.009742,58.954054,8:00,5.61733,1.82218,5.7257,-61.78543,-9.59205,-19.21572,2.66226,-2.36979,67.03087,-8.978219,-6.209177,0.519971,,,,,,,,,,,,8.68524,-5.0754,-1.57847,50,5.77668,5.9479,-107.76128,2.47453,9.91097,23.88131,-37.96574,ALA_LIO,SOU_IND16,MikeDLaneField,D1,ASUN,20260301-MikeDLaneField-1,dceda390-15a3-11f1-829f-abbae8cfcb57,72.48953,,,7.44055,,,,,,,2f230842-10f9-4e90-9219-1d3edf6fc0d7,2026-03-01,19:21:34.83,2026-03-01T13:21:34.8369408-06:00,2026-03-01T19:21:34.8369408Z,,v3,471594,southernindiana,dbd82bf8479745649ba7c646edcecf86,"Wall, Micajah",1000131896,Right,SOU_IND16,257ff6cf-aa61-4bf2-88f5-660464276d81,54.77233,-108.81375,11.94065,5.63076,4.14772,-18.98287,-1.83097,5.51112,4.95549,,,,,,,,,,,,,,,,,,,,,,,,,,,,,,,,,,,,,,,,,,,,,,,,,,,High,High,High,,,,,,,,,,,,,,,,,,,,,,,,,,,,,,,,,,,,,,,
30,2026-03-01,13:22:08.48,5,2,"Skwarek, Ryan",1000474111,Right,SOU_IND16,"Millard, William",10059244,Right,ALA_LIO,Undefined,1,Bottom,2,1,0,Fastball,Four-Seam,FoulBallNotFieldable,Undefined,Undefined,Undefined,0,0,,88.6663,-1.397454,-3.127907,1954.120451,207.001873,1:00,5.81057,1.43253,6.18288,-17.99304,18.12611,8.50292,3.01858,-0.75003,79.01312,-4.884996,-1.59659,0.432554,81.41611,51.575703,44.045236,4147.11928,,,,,81.57657,,,-5.52248,10.28103,-1.20052,50,5.696,6.66288,-128.33747,-3.6096,-8.96025,33.2821,-15.49304,ALA_LIO,SOU_IND16,MikeDLaneField,D1,ASUN,20260301-MikeDLaneField-1,f0f3ad30-15a3-11f1-829f-abbae8cfcb57,87.13932,87.76953,,9.65318,,,,2.40062,3.10202,0.72236,2f230842-10f9-4e90-9219-1d3edf6fc0d7,2026-03-01,19:22:08.48,2026-03-01T13:22:08.4876800-06:00,2026-03-01T19:22:08.4876800Z,,v3,471594,southernindiana,dbd82bf8479745649ba7c646edcecf86,"Wall, Micajah",1000131896,Right,SOU_IND16,1983912e-bd91-450f-934d-0daca889c2da,54.31137,-129.45072,16.64105,5.80807,-3.09137,-7.74652,-1.42839,6.96259,-4.48012,,2.40062,53.34217,-14.66617,3.93152,-0.90316,0.15839,0.03811,-0.05444,0.01609,3.10202,93.54946,-24.22979,2.51451,-0.46191,0.09331,-0.04401,0.02524,-0.00644,0.72236,51.59343,-3.73058,0.42305,-0.00893,0.00204,-0.02046,0.01751,-0.00491,,,,,,,,,,,,,,,,,,,,,,,High,High,High,Medium,Undefined,,,,203.138553,13.084572,1903.385551,0.974037,12:45,-0.265537,-0.388161,-0.882508,-54.982091,3.546621,-40.241548,173.339313,26.769342,0.103558,0.4504,-0.886801,26.925694,5.944112,0.4504,0.103558,0.886801,-26.925694,-5.944112,-0.4504,-0.103558,0.886801,-173.339313,-26.769342,-0.103558,-0.4504,-0.886801,,,
31,2026-03-01,13:22:37.45,5,3,"Skwarek, Ryan",1000474111,Right,SOU_IND16,"Millard, William",10059244,Right,ALA_LIO,Undefined,1,Bottom,2,1,1,ChangeUp,Changeup,BallCalled,Undefined,Undefined,Undefined,0,0,,81.92587,0.722186,-4.306743,1749.503914,253.431394,2:30,5.63839,1.84582,5.93695,-35.32274,6.55087,17.35489,3.36672,-0.71075,74.56509,-5.840024,-1.199792,0.465738,,,,,,,,,,,,-10.09319,3.57933,-1.51132,50,5.67639,8.25532,-118.68428,0.38301,-14.33905,23.56059,-27.08901,ALA_LIO,SOU_IND16,MikeDLaneField,D1,ASUN,20260301-MikeDLaneField-1,02637b90-15a4-11f1-829f-abbae8cfcb57,80.93061,,,7.36078,,,,,,,2f230842-10f9-4e90-9219-1d3edf6fc0d7,2026-03-01,19:22:37.45,2026-03-01T13:22:37.4540288-06:00,2026-03-01T19:22:37.4540288Z,,v3,471594,southernindiana,dbd82bf8479745649ba7c646edcecf86,"Wall, Micajah",1000131896,Right,SOU_IND16,ed760e00-fe3a-4d86-b601-6e5f79afb630,54.56057,-119.58619,11.78029,5.64188,1.41999,-13.54451,-1.83784,8.80423,-7.16952,,,,,,,,,,,,,,,,,,,,,,,,,,,,,,,,,,,,,,,,,,,,,,,,,,,High,High,High,,,,,,242.0669,-4.595423,1743.879751,0.996785,2:00,0.033753,-0.881595,-0.470799,92.887675,-5.882439,72.007771,131.314023,60.567471,0.369091,0.870935,-0.324414,69.570172,21.659539,0.870935,0.369091,0.324414,-69.570172,-21.659539,-0.870935,-0.369091,0.324414,-131.314023,-60.567471,-0.369091,-0.870935,-0.324414,,,
32,2026-03-01,13:22:53.39,5,4,"Skwarek, Ryan",1000474111,Right,SOU_IND16,"Millard, William",10059244,Right,ALA_LIO,Undefined,1,Bottom,2,2,1,ChangeUp,Changeup,BallCalled,Undefined,Undefined,Undefined,0,0,,82.8292,-1.893432,-5.078226,1776.092373,257.060339,2:30,5.58162,1.67173,5.9649,-35.81781,5.51583,17.58592,0.83367,-1.58364,75.21935,-8.523266,-1.928472,0.462725,,,,,,,,,,,,-10.64607,3.84126,-1.27814,50,5.41103,9.96066,-119.75041,-5.112,-15.27439,25.70339,-26.66285,ALA_LIO,SOU_IND16,MikeDLaneField,D1,ASUN,20260301-MikeDLaneField-1,0bc66fd0-15a4-11f1-829f-abbae8cfcb57,81.45747,,,7.60985,,,,,,,2f230842-10f9-4e90-9219-1d3edf6fc0d7,2026-03-01,19:22:53.39,2026-03-01T13:22:53.3977600-06:00,2026-03-01T19:22:53.3977600Z,,v3,471594,southernindiana,dbd82bf8479745649ba7c646edcecf86,"Wall, Micajah",1000131896,Right,SOU_IND16,4d5c32f2-e465-4c5a-8f76-8972a0673746,54.53325,-120.71951,12.85169,5.58482,-4.10673,-13.33142,-1.66454,10.53656,-7.63719,,,,,,,,,,,,,,,,,,,,,,,,,,,,,,,,,,,,,,,,,,,,,,,,,,,High,High,High,,,,,,,,,,,,,,,,,,,,,,,,,,,,,,,,,,,,,,,
33,2026-03-01,13:23:16.93,5,5,"Skwarek, Ryan",1000474111,Right,SOU_IND16,"Millard, William",10059244,Right,ALA_LIO,Undefined,1,Bottom,2,3,1,Fastball,Four-Seam,BallCalled,Walk,Undefined,Undefined,0,0,,88.73958,-0.665172,-2.252418,1829.984288,206.82286,1:00,5.89118,1.78515,6.00616,-17.08725,18.5156,8.74784,3.85048,0.42627,80.3992,-3.9445,-0.680616,0.429451,,,,,,,,,,,,-5.14866,10.05627,-1.6128,50,5.8295,4.69322,-128.73704,-1.96544,-8.57221,28.69973,-15.431,ALA_LIO,SOU_IND16,MikeDLaneField,D1,ASUN,20260301-MikeDLaneField-1,19ded5d0-15a4-11f1-829f-abbae8cfcb57,87.76886,,,8.34038,,,,,,,2f230842-10f9-4e90-9219-1d3edf6fc0d7,2026-03-01,19:23:16.93,2026-03-01T13:23:16.9369088-06:00,2026-03-01T19:23:16.9369088Z,,v3,471594,southernindiana,dbd82bf8479745649ba7c646edcecf86,"Wall, Micajah",1000131896,Right,SOU_IND16,ce4a2b13-ae5a-49a7-87c8-6c2a044b328e,54.48913,-129.73395,14.34987,5.88847,-1.42942,-7.7155,-1.78099,4.99098,-4.28611,,,,,,,,,,,,,,,,,,,,,,,,,,,,,,,,,,,,,,,,,,,,,,,,,,,High,High,High,,,,,,,,,,,,,,,,,,,,,,,,,,,,,,,,,,,,,,,
34,2026-03-01,13:23:56.88,6,1,"Skwarek, Ryan",1000474111,Right,SOU_IND16,"Santoyo, Justin",830518,Right,ALA_LIO,Undefined,1,Bottom,2,0,0,Fastball,Four-Seam,BallCalled,Undefined,Undefined,Undefined,0,0,,88.36368,-0.745664,-2.020937,1917.812419,202.448858,12:45,5.96404,1.67005,6.24099,-18.19836,17.42044,6.69118,3.75927,0.36281,80.01877,-4.240371,-0.813054,0.429547,,,,,,,,,,,,-4.05705,9.6002,-1.52257,50,5.89934,4.2491,-128.23224,-2.15681,-6.69289,28.80443,-16.33674,ALA_LIO,SOU_IND16,MikeDLaneField,D1,ASUN,20260301-MikeDLaneField-1,31ae6a90-15a4-11f1-829f-abbae8cfcb57,87.74921,,,8.34492,,,,,,,2f230842-10f9-4e90-9219-1d3edf6fc0d7,2026-03-01,19:23:56.88,2026-03-01T13:23:56.8890368-06:00,2026-03-01T19:23:56.8890368Z,,v3,471594,southernindiana,dbd82bf8479745649ba7c646edcecf86,"Wall, Micajah",1000131896,Right,SOU_IND16,bb17151d-acfd-4101-b9d2-50b98dbf19e6,54.25361,-129.18418,14.40221,5.9617,-1.6169,-8.16837,-1.66665,4.47029,-3.34644,,,,,,,,,,,,,,,,,,,,,,,,,,,,,,,,,,,,,,,,,,,,,,,,,,,High,High,High,,,,,,198.98667,11.368433,1880.184792,0.98038,12:45,-0.225521,-0.321503,-0.919661,-28.561186,32.740984,45.851356,169.290599,24.45412,0.169158,0.413964,-0.894438,24.835681,9.738855,0.413964,0.169158,0.894438,-24.835681,-9.738855,-0.413964,-0.169158,0.894438,-169.290599,-24.45412,-0.169158,-0.413964,-0.894438,,,
35,2026-03-01,13:25:00.30,6,2,"Skwarek, Ryan",1000474111,Right,SOU_IND16,"Santoyo, Justin",830518,Right,ALA_LIO,Undefined,1,Bottom,2,1,0,ChangeUp,Changeup,BallCalled,Undefined,Undefined,Undefined,0,0,,80.26626,1.400383,-2.011421,1759.641807,254.427625,2:30,5.66916,1.97165,5.96328,-37.87262,5.96481,15.82442,3.81263,1.42456,72.46404,-5.665519,0.831544,0.476534,,,,,,,,,,,,-8.67189,3.1104,-1.82047,50,5.75964,3.46618,-116.38082,1.67075,-11.7274,24.69136,-27.96774,ALA_LIO,SOU_IND16,MikeDLaneField,D1,ASUN,20260301-MikeDLaneField-1,576b0f90-15a4-11f1-829f-abbae8cfcb57,79.09705,,,7.80221,,,,,,,2f230842-10f9-4e90-9219-1d3edf6fc0d7,2026-03-01,19:25:00.30,2026-03-01T13:25:00.3058176-06:00,2026-03-01T19:25:00.3058176Z,,v3,471594,southernindiana,dbd82bf8479745649ba7c646edcecf86,"Wall, Micajah",1000131896,Right,SOU_IND16,60f9e63c-4a48-4a9c-bc00-c34f26066c54,54.53185,-117.33836,12.34568,5.67382,2.75535,-13.98387,-1.96371,3.92098,-5.8637,,,,,,,,,,,,,,,,,,,,,,,,,,,,,,,,,,,,,,,,,,,,,,,,,,,High,High,High,,,,,,,,,,,,,,,,,,,,,,,,,,,,,,,,,,,,,,,
36,2026-03-01,13:25:17.95,6,3,"Skwarek, Ryan",1000474111,Right,SOU_IND16,"Santoyo, Justin",830518,Right,ALA_LIO,Undefined,1,Bottom,2,2,0,Fastball,Four-Seam,BallCalled,Undefined,Undefined,Undefined,0,0,,86.8768,-1.557518,-0.481778,1927.787984,202.204642,12:45,5.82775,1.82288,6.03728,-17.99383,18.9706,7.24119,2.88571,1.98021,79.08694,-4.99462,0.821658,0.437586,,,,,,,,,,,,-3.84744,10.57134,-1.78906,50,5.69643,0.76289,-126.12834,-3.91935,-6.1677,26.81779,-15.22754,ALA_LIO,SOU_IND16,MikeDLaneField,D1,ASUN,20260301-MikeDLaneField-1,61f015a0-15a4-11f1-829f-abbae8cfcb57,86.13719,,,7.78987,,,,,,,2f230842-10f9-4e90-9219-1d3edf6fc0d7,2026-03-01,19:25:17.95,2026-03-01T13:25:17.9542528-06:00,2026-03-01T19:25:17.9542528Z,,v3,471594,southernindiana,dbd82bf8479745649ba7c646edcecf86,"Wall, Micajah",1000131896,Right,SOU_IND16,f88d58ba-2a6d-42c3-80aa-75d17e323b24,54.45818,-127.07272,13.40889,5.82501,-3.38312,-7.61377,-1.81975,0.98009,-3.08385,,,,,,,,,,,,,,,,,,,,,,,,,,,,,,,,,,,,,,,,,,,,,,,,,,,High,High,High,,,,,,,,,,,,,,,,,,,,,,,,,,,,,,,,,,,,,,,
37,2026-03-01,13:25:38.07,6,4,"Skwarek, Ryan",1000474111,Right,SOU_IND16,"Santoyo, Justin",830518,Right,ALA_LIO,Undefined,1,Bottom,2,3,0,Fastball,Four-Seam,StrikeCalled,Undefined,Undefined,Undefined,0,0,,87.83444,-2.06307,-2.101123,1931.609742,210.545701,1:00,5.8,1.9702,6.04109,-18.29218,17.65942,9.7576,2.36343,0.83711,80.53602,-5.530072,-0.345755,0.431549,,,,,,,,,,,,-5.57457,9.98741,-1.81151,50,5.62907,4.27806,-127.51336,-5.11856,-9.20476,25.51249,-15.68282,ALA_LIO,SOU_IND16,MikeDLaneField,D1,ASUN,20260301-MikeDLaneField-1,6dfc7f00-15a4-11f1-829f-abbae8cfcb57,87.34212,,,7.29842,,,,,,,2f230842-10f9-4e90-9219-1d3edf6fc0d7,2026-03-01,19:25:38.07,2026-03-01T13:25:38.0711424-06:00,2026-03-01T19:25:38.0711424Z,,v3,471594,southernindiana,dbd82bf8479745649ba7c646edcecf86,"Wall, Micajah",1000131896,Right,SOU_IND16,b0e4cb91-c6db-4dd0-8286-5e48a48c916a,54.45598,-128.4018,12.75625,5.79781,-4.57242,-7.84141,-1.96606,4.5986,-4.60238,,,,,,,,,,,,,,,,,,,,,,,,,,,,,,,,,,,,,,,,,,,,,,,,,,,High,High,High,,,,,,,,,,,,,,,,,,,,,,,,,,,,,,,,,,,,,,,
38,2026-03-01,13:25:59.07,6,5,"Skwarek, Ryan",1000474111,Right,SOU_IND16,"Santoyo, Justin",830518,Right,ALA_LIO,Undefined,1,Bottom,2,3,1,Fastball,Four-Seam,FoulBallNotFieldable,Undefined,Undefined,Undefined,0,0,,88.7583,-1.820307,-2.55354,1914.004112,211.647453,1:00,5.79038,1.86262,6.10294,-16.8991,18.38879,10.62386,2.6965,0.38491,80.96539,-5.050745,-0.641248,0.427547,73.73949,6.462231,-177.063984,,,,,,44.98413,,,-6.07181,10.27485,-1.67089,50,5.64093,5.27642,-128.73497,-4.54414,-10.18473,26.84068,-14.93926,ALA_LIO,SOU_IND16,MikeDLaneField,D1,ASUN,20260301-MikeDLaneField-1,7a653930-15a4-11f1-829f-abbae8cfcb57,88.1597,8.48386,,7.79291,,,,4.47697,3.05779,-0.78362,2f230842-10f9-4e90-9219-1d3edf6fc0d7,2026-03-01,19:25:59.07,2026-03-01T13:25:59.0771200-06:00,2026-03-01T19:25:59.0771200Z,,v3,471594,southernindiana,dbd82bf8479745649ba7c646edcecf86,"Wall, Micajah",1000131896,Right,SOU_IND16,2abfd0b0-9f51-482a-a6e5-526bd626befe,54.39001,-129.64703,13.42034,5.78671,-4.0365,-7.46963,-1.85606,5.6225,-5.09237,,4.47078,-107.15558,11.43201,,,,,,,3.04787,12.44683,-2.44031,,,,,,,-0.77467,-5.752,-8.15874,,,,,,,,,,,,,,,,,,,,,,,,,,,,,High,High,High,Low,Undefined,,,,,,,,,,,,,,,,,,,,,,,,,,,,,,,,,,,,,
39,2026-03-01,13:26:23.56,6,6,"Skwarek, Ryan",1000474111,Right,SOU_IND16,"Santoyo, Justin",830518,Right,ALA_LIO,Undefined,1,Bottom,2,3,2,Fastball,Four-Seam,FoulBallNotFieldable,Undefined,Undefined,Undefined,0,0,,89.1816,-2.139441,-2.682086,1932.869768,200.634984,12:45,5.80343,1.783,6.13157,-13.93572,21.36194,7.5663,2.66159,-0.0673,80.50871,-4.859923,-1.320144,0.427607,,,,,,,,,,,,-4.75985,12.08237,-1.58195,50,5.63264,5.74304,-129.24697,-5.16748,-7.94614,30.22641,-12.00367,ALA_LIO,SOU_IND16,MikeDLaneField,D1,ASUN,20260301-MikeDLaneField-1,8904d090-15a4-11f1-829f-abbae8cfcb57,88.14746,,,8.67288,,,,,,,2f230842-10f9-4e90-9219-1d3edf6fc0d7,2026-03-01,19:26:23.56,2026-03-01T13:26:23.5696640-06:00,2026-03-01T19:26:23.5696640Z,,v3,471594,southernindiana,dbd82bf8479745649ba7c646edcecf86,"Wall, Micajah",1000131896,Right,SOU_IND16,b7504e5b-f2cf-4651-b34d-76f468ca8ba2,54.36448,-130.26367,15.11321,5.79966,-4.76372,-6.00183,-1.77962,6.01032,-3.97307,,,,,,,,,,,,,,,,,,,,,,,,,,,,,,,,,,,,,,,,,,,,,,,,,,,High,High,High,,,,,,,,,,,,,,,,,,,,,,,,,,,,,,,,,,,,,,,
40,2026-03-01,13:26:51.83,6,7,"Skwarek, Ryan",1000474111,Right,SOU_IND16,"Santoyo, Justin",830518,Right,ALA_LIO,Undefined,1,Bottom,2,3,2,ChangeUp,Changeup,HitByPitch,Undefined,Undefined,Undefined,0,1,,81.20147,-1.302726,-5.643805,1805.91405,228.520131,1:30,5.6526,1.85473,6.03058,-30.83584,12.2869,12.09481,1.87048,-2.38075,73.30005,-7.078655,-3.482206,0.472634,,,,,,,,,,,,-8.18217,7.1804,-1.41945,50,5.53369,11.1502,-117.28826,-3.57703,-11.20743,25.63835,-22.33878,ALA_LIO,SOU_IND16,MikeDLaneField,D1,ASUN,20260301-MikeDLaneField-1,99e04e30-15a4-11f1-829f-abbae8cfcb57,79.74981,,,7.90142,,,,,,,2f230842-10f9-4e90-9219-1d3edf6fc0d7,2026-03-01,19:26:51.83,2026-03-01T13:26:51.8395392-06:00,2026-03-01T19:26:51.8395392Z,,v3,471594,southernindiana,dbd82bf8479745649ba7c646edcecf86,"Wall, Micajah",1000131896,Right,SOU_IND16,2c1d9084-9f70-4a23-b8c1-97b1fa1b1beb,54.46795,-118.26088,12.81918,5.65332,-2.72958,-11.16939,-1.85051,11.57537,-5.60372,,,,,,,,,,,,,,,,,,,,,,,,,,,,,,,,,,,,,,,,,,,,,,,,,,,High,High,High,,,,,,,,,,,,,,,,,,,,,,,,,,,,,,,,,,,,,,,
41,2026-03-01,13:27:26.16,7,1,"Skwarek, Ryan",1000474111,Right,SOU_IND16,"Sheffield, Cayden",815545,Right,ALA_LIO,Undefined,1,Bottom,2,0,0,Curveball,Curveball,BallCalled,Undefined,Undefined,Undefined,0,0,,74.71816,0.408374,-2.016482,2249.128595,48.100589,7:30,5.65984,1.83548,5.91433,-60.5407,-9.2689,-12.48753,0.99403,-1.07736,67.5992,-10.699193,-4.262901,0.51536,,,,,,,,,,,,5.68051,-4.36524,-1.6667,50,5.65857,4.25816,-108.31786,-1.07706,6.55546,23.96983,-37.21165,ALA_LIO,SOU_IND16,MikeDLaneField,D1,ASUN,20260301-MikeDLaneField-1,ae78acc0-15a4-11f1-829f-abbae8cfcb57,73.13808,,,7.11897,,,,,,,2f230842-10f9-4e90-9219-1d3edf6fc0d7,2026-03-01,19:27:26.16,2026-03-01T13:27:26.1692928-06:00,2026-03-01T19:27:26.1692928Z,,v3,471594,southernindiana,dbd82bf8479745649ba7c646edcecf86,"Wall, Micajah",1000131896,Right,SOU_IND16,88647858-8b1c-415b-b143-55c65c87b327,54.5842,-109.3276,11.98492,5.67092,0.4905,-18.60582,-1.84027,3.98201,3.27773,,,,,,,,,,,,,,,,,,,,,,,,,,,,,,,,,,,,,,,,,,,,,,,,,,,High,High,High,,,,,,,,,,,,,,,,,,,,,,,,,,,,,,,,,,,,,,,
42,2026-03-01,13:27:43.07,7,2,"Skwarek, Ryan",1000474111,Right,SOU_IND16,"Sheffield, Cayden",815545,Right,ALA_LIO,Undefined,1,Bottom,2,1,0,Curveball,Curveball,BallCalled,Undefined,Undefined,Undefined,0,0,,74.93109,1.356043,-2.418521,2195.192952,30.889087,7:00,5.59713,1.73584,6.0157,-62.30208,-11.14304,-7.88878,1.66276,-1.16318,67.1809,-10.131131,-3.83886,0.514793,,,,,,,,,,,,3.11209,-5.6,-1.54205,50,5.67064,4.86827,-108.50916,0.66272,3.58071,25.16509,-38.61731,ALA_LIO,SOU_IND16,MikeDLaneField,D1,ASUN,20260301-MikeDLaneField-1,b87ac730-15a4-11f1-829f-abbae8cfcb57,73.21865,,,7.75018,,,,,,,2f230842-10f9-4e90-9219-1d3edf6fc0d7,2026-03-01,19:27:43.07,2026-03-01T13:27:43.0756352-06:00,2026-03-01T19:27:43.0756352Z,,v3,471594,southernindiana,dbd82bf8479745649ba7c646edcecf86,"Wall, Micajah",1000131896,Right,SOU_IND16,5b4eac7e-b4a1-47f7-8ea4-43737b0ff31d,54.4812,-109.5435,12.58254,5.61078,2.24997,-19.30866,-1.73912,4.7211,1.79035,,,,,,,,,,,,,,,,,,,,,,,,,,,,,,,,,,,,,,,,,,,,,,,,,,,High,High,High,,,,,,,,,,,,,,,,,,,,,,,,,,,,,,,,,,,,,,,
43,2026-03-01,13:28:32.62,7,3,"Skwarek, Ryan",1000474111,Right,SOU_IND16,"Sheffield, Cayden",815545,Right,ALA_LIO,Undefined,1,Bottom,2,2,0,Fastball,Four-Seam,InPlay,Undefined,FlyBall,Out,1,0,,87.99648,-1.577354,-2.722842,2014.052205,210.327247,1:00,5.88212,1.79746,6.16627,-17.71592,18.32379,9.99127,2.94681,0.11314,79.7799,-4.976495,-0.922766,0.432078,96.56025,32.419622,14.695749,,104.80315,65.4301,33.41044,334.47109,326.48697,25.045176,5.103372,-6.00559,10.3289,-1.59611,50,5.75344,5.66826,-127.62985,-3.99671,-9.81747,28.46123,-15.28922,ALA_LIO,SOU_IND16,MikeDLaneField,D1,ASUN,20260301-MikeDLaneField-1,d6061a20-15a4-11f1-829f-abbae8cfcb57,87.23525,89.06412,,8.21658,,,,1.36751,2.94092,-0.14688,2f230842-10f9-4e90-9219-1d3edf6fc0d7,2026-03-01,19:28:32.62,2026-03-01T13:28:32.6211072-06:00,2026-03-01T19:28:32.6211072Z,FlyBall,v3,471594,southernindiana,dbd82bf8479745649ba7c646edcecf86,"Wall, Micajah",1000131896,Right,SOU_IND16,73c57049-96b2-4314-8280-dab544e8a667,54.33054,-128.59193,14.23062,5.87981,-3.47989,-7.64461,-1.79332,6.00012,-4.90874,206.612193,1.36755,115.64524,-26.1287,6.44852,-1.44357,0.29083,-0.0473,0.00502,-0.00024,2.94335,75.86432,-18.76214,0.87391,0.16219,-0.12759,0.03435,-0.00429,0.00021,-0.14713,30.32917,0.25851,-0.51924,0.15079,-0.01995,0.00019,0.00022,-2E-05,,,,,,,,,,,,,,,,,,,,,,,High,High,High,High,High,,,,204.033429,8.182696,1993.547667,0.989819,12:45,-0.173976,-0.406888,-0.896758,-48.669729,6.296194,-47.334962,162.462669,22.794673,0.277793,0.38743,-0.87905,23.784863,16.128542,0.38743,0.277793,0.87905,-23.784863,-16.128542,-0.38743,-0.277793,0.87905,-162.462669,-22.794673,-0.277793,-0.38743,-0.87905,,,
44,2026-03-01,13:31:16.05,1,1,"Stogner, John Allen",10028063,Right,ALA_LIO,"Foster, Noah",1000316160,Right,SOU_IND16,Undefined,2,Top,0,0,0,Curveball,Curveball,StrikeCalled,Undefined,Undefined,Undefined,0,0,,75.02495,1.646562,-1.29751,2221.849176,60.249787,8:00,5.78606,1.85827,4.69741,-62.02641,-8.81453,-18.94871,2.18113,-0.95275,67.64533,-9.518698,-4.627106,0.52502,,,,,,,,,,,,8.73949,-4.21784,-1.7089,50,5.89784,3.25294,-108.51008,0.85943,10.15067,23.55991,-37.07294,ALA_LIO,SOU_IND16,MikeDLaneField,D1,ASUN,20260301-MikeDLaneField-1,377e5790-15a5-11f1-829f-abbae8cfcb57,71.79241,,,7.37962,,,,,,,2f230842-10f9-4e90-9219-1d3edf6fc0d7,2026-03-01,19:31:16.05,2026-03-01T13:31:16.0510464-06:00,2026-03-01T19:31:16.0510464Z,,v3,471594,southernindiana,dbd82bf8479745649ba7c646edcecf86,"Millard, William",10059244,Right,ALA_LIO,6e438d67-942e-4a0f-9d03-0194ec9e95fe,55.8,-109.76216,11.77995,5.79981,2.82965,-18.53647,-1.86744,2.71349,5.07534,,,,,,,,,,,,,,,,,,,,,,,,,,,,,,,,,,,,,,,,,,,,,,,,,,,High,High,High,,,,,,,,,,,,,,,,,,,,,,,,,,,,,,,,,,,,,,,
45,2026-03-01,13:31:35.87,1,2,"Stogner, John Allen",10028063,Right,ALA_LIO,"Foster, Noah",1000316160,Right,SOU_IND16,Undefined,2,Top,0,0,1,Curveball,Curveball,BallCalled,Undefined,Undefined,Undefined,0,0,,76.1422,-0.197365,-1.278203,2299.662735,50.425822,7:45,5.96651,1.33096,4.63559,-63.06645,-11.50512,-16.19922,0.52335,-1.23397,69.28065,-11.455915,-4.129496,0.516813,,,,,,,,,,,,7.53811,-5.11902,-1.18412,50,5.88811,3.12658,-110.23898,-2.70418,9.06084,23.83935,-38.32713,ALA_LIO,SOU_IND16,MikeDLaneField,D1,ASUN,20260301-MikeDLaneField-1,432bff20-15a5-11f1-829f-abbae8cfcb57,72.93246,,,6.86155,,,,,,,2f230842-10f9-4e90-9219-1d3edf6fc0d7,2026-03-01,19:31:35.87,2026-03-01T13:31:35.8761984-06:00,2026-03-01T19:31:35.8761984Z,,v3,471594,southernindiana,dbd82bf8479745649ba7c646edcecf86,"Millard, William",10059244,Right,ALA_LIO,abc7ef5b-1cd8-4e96-b0cd-5c666f230472,55.86459,-111.5,11.91968,5.97753,-0.67682,-19.16356,-1.33683,2.6473,4.53042,,,,,,,,,,,,,,,,,,,,,,,,,,,,,,,,,,,,,,,,,,,,,,,,,,,High,High,High,,,,,,,,,,,,,,,,,,,,,,,,,,,,,,,,,,,,,,,
46,2026-03-01,13:31:54.89,1,3,"Stogner, John Allen",10028063,Right,ALA_LIO,"Foster, Noah",1000316160,Right,SOU_IND16,Undefined,2,Top,0,1,1,Curveball,Curveball,HitByPitch,Undefined,Undefined,Undefined,0,0,,72.34625,5.076386,1.056998,1930.945839,56.164909,7:45,5.87403,1.50821,4.37093,-65.93665,-8.12233,-15.2608,5.24087,1.24603,64.95137,-6.760629,-1.600717,0.547254,,,,,,,,,,,,7.67941,-4.94681,-1.60499,50,6.35318,-1.29055,-104.3202,6.88137,8.32372,20.23615,-37.53592,ALA_LIO,SOU_IND16,MikeDLaneField,D1,ASUN,20260301-MikeDLaneField-1,4e7b0bf0-15a5-11f1-829f-abbae8cfcb57,68.87556,,,7.39489,,,,,,,2f230842-10f9-4e90-9219-1d3edf6fc0d7,2026-03-01,19:31:54.89,2026-03-01T13:31:54.8983808-06:00,2026-03-01T19:31:54.8983808Z,,v3,471594,southernindiana,dbd82bf8479745649ba7c646edcecf86,"Millard, William",10059244,Right,ALA_LIO,d1b6771c-bff4-42ad-88f7-437b9159f42e,56.12761,-105.50214,10.11807,5.88723,9.07375,-18.76796,-1.51542,-1.77672,4.16186,,,,,,,,,,,,,,,,,,,,,,,,,,,,,,,,,,,,,,,,,,,,,,,,,,,High,High,High,,,,,,,,,,,,,,,,,,,,,,,,,,,,,,,,,,,,,,,
47,2026-03-01,13:32:29.03,2,1,"Stogner, John Allen",10028063,Right,ALA_LIO,"Miller, Hunter",10307695,Left,SOU_IND16,Undefined,2,Top,0,0,0,Fastball,Changeup,InPlay,Undefined,Bunt,Sacrifice,1,0,,84.47215,-0.211215,-2.310618,2102.49986,224.514192,1:30,5.76916,1.74075,5.10142,-26.37072,14.37044,12.73221,3.37242,0.62338,76.4569,-5.10575,-0.060466,0.459397,,,,,,,,,,,,-7.08989,7.61725,-1.53336,50,5.72921,4.38482,-122.37816,-1.36364,-10.64472,26.39892,-20.73756,ALA_LIO,SOU_IND16,MikeDLaneField,D1,ASUN,20260301-MikeDLaneField-1,62c7bb80-15a5-11f1-829f-abbae8cfcb57,82.04766,,,8.01525,,,,,,,2f230842-10f9-4e90-9219-1d3edf6fc0d7,2026-03-01,19:32:29.03,2026-03-01T13:32:29.0350080-06:00,2026-03-01T19:32:29.0350080Z,,v3,471594,southernindiana,dbd82bf8479745649ba7c646edcecf86,"Millard, William",10059244,Right,ALA_LIO,b004d661-0217-4083-ae8a-fbba105fc5a8,55.39585,-123.53664,13.19946,5.76908,-0.4536,-10.36878,-1.73604,4.85196,-5.32236,,,,,,,,,,,,,,,,,,,,,,,,,,,,,,,,,,,,,,,,,,,,,,,,,,,High,High,High,,,,,,,,,,,,,,,,,,,,,,,,,,,,,,,,,,,,,,,
48,2026-03-01,13:33:09.76,3,1,"Stogner, John Allen",10028063,Right,ALA_LIO,"Wall, Micajah",1000131896,Right,SOU_IND16,Undefined,2,Top,1,0,0,Fastball,Four-Seam,StrikeSwinging,Undefined,Undefined,Undefined,0,0,,84.85224,-0.782861,-2.20922,2143.84299,208.747518,1:00,5.80632,1.85116,4.96792,-21.62178,19.30643,9.74489,3.26442,0.57538,76.1416,-4.849629,-0.491544,0.46045,,,,,,,,,,,,-5.4915,10.20721,-1.64579,50,5.71388,4.28211,-122.71561,-2.38428,-8.23212,28.12123,-16.87282,ALA_LIO,SOU_IND16,MikeDLaneField,D1,ASUN,20260301-MikeDLaneField-1,7b2b79f0-15a5-11f1-829f-abbae8cfcb57,81.85995,,,8.71064,,,,,,,2f230842-10f9-4e90-9219-1d3edf6fc0d7,2026-03-01,19:33:09.76,2026-03-01T13:33:09.7683456-06:00,2026-03-01T19:33:09.7683456Z,,v3,471594,southernindiana,dbd82bf8479745649ba7c646edcecf86,"Millard, William",10059244,Right,ALA_LIO,e765c1a4-4096-4e50-a625-9fa9784baea8,55.52418,-123.97505,14.06062,5.80374,-1.62862,-8.43641,-1.84583,4.65079,-4.11606,,,,,,,,,,,,,,,,,,,,,,,,,,,,,,,,,,,,,,,,,,,,,,,,,,,High,High,High,,,,,,227.975699,7.387563,2126.047153,0.991699,1:30,-0.144007,-0.738383,-0.658827,75.043412,-39.025927,-80.776588,90.041964,-7.475945,0.991499,-0.13011,-0.000726,89.680215,-82.523937,0.13011,-0.991499,0.000726,-89.680215,82.523937,-0.13011,0.991499,0.000726,-90.041964,7.475945,-0.991499,0.13011,-0.000726,,,
49,2026-03-01,13:33:27.41,3,2,"Stogner, John Allen",10028063,Right,ALA_LIO,"Wall, Micajah",1000131896,Right,SOU_IND16,Undefined,2,Top,1,0,1,Curveball,Curveball,StrikeCalled,Undefined,Undefined,Undefined,0,0,,73.60382,1.957451,-1.400589,1418.032015,7.836379,6:15,5.82366,1.88009,5.32324,-58.23889,-3.97071,-0.84532,2.80854,0.49508,65.8173,-8.714739,-1.550831,0.530205,,,,,,,,,,,,-0.09453,-1.98681,-1.75276,50,5.95968,2.63538,-106.43772,1.73416,-0.10518,23.36388,-34.38502,ALA_LIO,SOU_IND16,MikeDLaneField,D1,ASUN,20260301-MikeDLaneField-1,85c54080-15a5-11f1-829f-abbae8cfcb57,71.09028,,,7.78652,,,,,,,2f230842-10f9-4e90-9219-1d3edf6fc0d7,2026-03-01,19:33:27.41,2026-03-01T13:33:27.4160128-06:00,2026-03-01T19:33:27.4160128Z,,v3,471594,southernindiana,dbd82bf8479745649ba7c646edcecf86,"Millard, William",10059244,Right,ALA_LIO,a435ddf2-7111-49aa-816d-c2c4de3f44c3,55.17049,-107.5667,11.68194,5.83574,3.39569,-17.19251,-1.88022,2.64047,-0.05259,,,,,,,,,,,,,,,,,,,,,,,,,,,,,,,,,,,,,,,,,,,,,,,,,,,High,High,High,,,,,,,,,,,,,,,,,,,,,,,,,,,,,,,,,,,,,,,
50,2026-03-01,13:33:47.45,3,3,"Stogner, John Allen",10028063,Right,ALA_LIO,"Wall, Micajah",1000131896,Right,SOU_IND16,Undefined,2,Top,1,0,2,ChangeUp,Splitter,InPlay,Undefined,GroundBall,Out,1,0,,77.81405,-0.139224,-3.295709,731.426352,38.998814,7:15,5.76081,1.8628,4.79041,-49.17341,0.18933,-1.3874,1.53087,-1.37958,70.05283,-9.037428,-3.539425,0.505675,68.96628,-3.411833,11.433645,,,,,21.27906,20.71666,14.506297,0.195845,-0.47051,0.66248,-1.5324,50,5.70445,6.53069,-112.39589,-2.04994,-0.58719,24.99853,-31.34723,ALA_LIO,SOU_IND16,MikeDLaneField,D1,ASUN,20260301-MikeDLaneField-1,91ab3620-15a5-11f1-829f-abbae8cfcb57,74.53893,1.58039,,7.76123,,,,1.49994,1.58039,1.35068,2f230842-10f9-4e90-9219-1d3edf6fc0d7,2026-03-01,19:33:47.45,2026-03-01T13:33:47.4522624-06:00,2026-03-01T19:33:47.4522624Z,GroundBall,v3,471594,southernindiana,dbd82bf8479745649ba7c646edcecf86,"Millard, William",10059244,Right,ALA_LIO,0f65b14e-9b3b-42af-9e53-dfdad6ab875d,55.70476,-113.65763,12.49927,5.76799,-0.46776,-15.67362,-1.86277,6.56033,-0.2936,211.210334,1.50027,98.94562,-7.24432,,,,,,,1.58041,-6.02089,-10.46648,,,,,,,1.35062,20.02028,1.53049,,,,,,,,,,,,,,,,,,,,,,,,,,,,,High,High,High,High,High,,,,,,,,,,,,,,,,,,,,,,,,,,,,,,,,,,,,,
51,2026-03-01,13:34:21.68,4,1,"Stogner, John Allen",10028063,Right,ALA_LIO,"Senior, Collin",1000273575,Right,SOU_IND16,Undefined,2,Top,2,0,0,Fastball,Sinker,StrikeCalled,Undefined,Undefined,Undefined,0,0,,87.81541,-0.661267,-4.322602,2174.616521,251.450941,2:30,5.55756,1.72347,5.02147,-31.33789,6.5502,15.61249,2.32025,-1.0623,79.65775,-6.391497,-1.573863,0.443019,,,,,,,,,,,,-8.95626,3.85028,-1.3219,50,5.46928,8.85841,-126.95608,-2.68443,-14.51681,27.66305,-25.93332,ALA_LIO,SOU_IND16,MikeDLaneField,D1,ASUN,20260301-MikeDLaneField-1,a621dbe0-15a5-11f1-829f-abbae8cfcb57,85.08077,,,8.15766,,,,,,,2f230842-10f9-4e90-9219-1d3edf6fc0d7,2026-03-01,19:34:21.68,2026-03-01T13:34:21.6894464-06:00,2026-03-01T19:34:21.6894464Z,,v3,471594,southernindiana,dbd82bf8479745649ba7c646edcecf86,"Millard, William",10059244,Right,ALA_LIO,5c66a568-3a28-45c0-aa94-a2c88424de22,55.47433,-128.14335,13.83153,5.56061,-1.57139,-12.96666,-1.71547,9.48146,-7.25841,,,,,,,,,,,,,,,,,,,,,,,,,,,,,,,,,,,,,,,,,,,,,,,,,,,High,High,High,,,,,,229.572903,10.309979,2139.504903,0.983854,1:45,-0.217922,-0.750956,-0.623357,33.676501,-41.354287,65.454025,144.680958,82.99104,0.070546,0.992527,-0.099565,84.271536,4.045343,0.992527,0.070546,0.099565,-84.271536,-4.045343,-0.992527,-0.070546,0.099565,-144.680958,-82.99104,-0.070546,-0.992527,-0.099565,,,
52,2026-03-01,13:34:39.37,4,2,"Stogner, John Allen",10028063,Right,ALA_LIO,"Senior, Collin",1000273575,Right,SOU_IND16,Undefined,2,Top,2,0,1,Curveball,Curveball,BallCalled,Undefined,Undefined,Undefined,0,0,,76.77842,3.36368,0.361705,2067.995205,54.103936,7:45,5.8033,1.65604,4.67866,-59.07802,-8.3302,-14.14178,4.07816,0.82106,68.8914,-7.307232,-2.119968,0.51272,,,,,,,,,,,,6.92831,-4.49658,-1.67953,50,6.09295,-0.0806,-110.94281,4.29383,8.45454,23.71665,-37.66121,ALA_LIO,SOU_IND16,MikeDLaneField,D1,ASUN,20260301-MikeDLaneField-1,b08724f0-15a5-11f1-829f-abbae8cfcb57,73.5147,,,7.88702,,,,,,,2f230842-10f9-4e90-9219-1d3edf6fc0d7,2026-03-01,19:34:39.37,2026-03-01T13:34:39.3739264-06:00,2026-03-01T19:34:39.3739264Z,,v3,471594,southernindiana,dbd82bf8479745649ba7c646edcecf86,"Millard, William",10059244,Right,ALA_LIO,45c43b83-d23a-4f9d-936b-aea18ccfcbae,55.81739,-112.17952,11.85832,5.81784,6.25769,-18.8306,-1.66383,-0.52146,4.22727,,,,,,,,,,,,,,,,,,,,,,,,,,,,,,,,,,,,,,,,,,,,,,,,,,,High,High,High,,,,,,,,,,,,,,,,,,,,,,,,,,,,,,,,,,,,,,,
53,2026-03-01,13:34:55.35,4,3,"Stogner, John Allen",10028063,Right,ALA_LIO,"Senior, Collin",1000273575,Right,SOU_IND16,Undefined,2,Top,2,1,1,Curveball,Curveball,StrikeCalled,Undefined,Undefined,Undefined,0,0,,77.82777,1.756046,0.235538,2232.300491,53.746775,7:45,5.69662,1.64309,4.6623,-55.4696,-6.7704,-11.46438,2.74281,0.91147,70.91832,-8.218025,-1.77856,0.502264,,,,,,,,,,,,5.63024,-3.27028,-1.65623,50,5.82552,0.03457,-112.76518,1.34884,7.18764,22.14244,-36.34895,ALA_LIO,SOU_IND16,MikeDLaneField,D1,ASUN,20260301-MikeDLaneField-1,ba29e150-15a5-11f1-829f-abbae8cfcb57,75.04504,,,6.90945,,,,,,,2f230842-10f9-4e90-9219-1d3edf6fc0d7,2026-03-01,19:34:55.35,2026-03-01T13:34:55.3574912-06:00,2026-03-01T19:34:55.3574912Z,,v3,471594,southernindiana,dbd82bf8479745649ba7c646edcecf86,"Millard, William",10059244,Right,ALA_LIO,e074ee28-e57d-40a0-97d1-86b719874e25,55.83583,-113.90533,11.07122,5.70788,3.22051,-18.17448,-1.64848,-0.33553,3.59382,,,,,,,,,,,,,,,,,,,,,,,,,,,,,,,,,,,,,,,,,,,,,,,,,,,High,High,High,,,,,,,,,,,,,,,,,,,,,,,,,,,,,,,,,,,,,,,
54,2026-03-01,13:35:15.81,4,4,"Stogner, John Allen",10028063,Right,ALA_LIO,"Senior, Collin",1000273575,Right,SOU_IND16,Undefined,2,Top,2,1,2,Curveball,Curveball,InPlay,Undefined,GroundBall,Out,1,0,,78.41144,2.203713,-1.03283,2312.948256,52.517581,7:45,5.84155,1.65905,4.63351,-58.8459,-10.5315,-15.92072,3.03357,-0.64942,71.16823,-8.360299,-3.825778,0.500276,86.32524,-25.73682,30.308836,,,,,6.62528,6.62528,34.095708,0.051916,7.44689,-5.37473,-1.53763,50,6.01322,2.73387,-113.53203,2.11507,9.57585,23.65551,-39.08532,ALA_LIO,SOU_IND16,MikeDLaneField,D1,ASUN,20260301-MikeDLaneField-1,c652d360-15a5-11f1-829f-abbae8cfcb57,75.34327,2.86191,,7.24321,,,,0.36103,2.86191,0.71789,2f230842-10f9-4e90-9219-1d3edf6fc0d7,2026-03-01,19:35:15.81,2026-03-01T13:35:15.8180864-06:00,2026-03-01T19:35:15.8180864Z,GroundBall,v3,471594,southernindiana,dbd82bf8479745649ba7c646edcecf86,"Millard, William",10059244,Right,ALA_LIO,5657def1-6873-408d-9170-fa0475a39303,55.86643,-114.74784,11.82775,5.85288,4.12393,-19.54266,-1.66549,2.24171,4.78793,180,0.35883,98.72511,,,,,,,,2.86314,-55.12611,,,,,,,,0.7166,57.71072,,,,,,,,,,,,,,,,,,,,,,,,,,,,,,High,High,High,High,High,,,,,,,,,,,,,,,,,,,,,,,,,,,,,,,,,,,,,
55,2026-03-01,13:37:20.61,1,1,"Skwarek, Ryan",1000474111,Right,SOU_IND16,"Westmoreland, Jackson",1000147983,Right,ALA_LIO,Undefined,2,Bottom,0,0,0,Fastball,Four-Seam,FoulBallNotFieldable,Undefined,Undefined,Undefined,0,0,,87.31985,-1.227111,-1.37766,1959.049705,200.220079,12:45,5.96104,1.68732,6.00807,-15.68702,21.19922,7.32705,3.51644,1.02135,78.86875,-4.268058,-0.060162,0.437123,67.41369,18.563519,159.450268,2867.706972,,,,,37.89235,,,-4.19063,11.65343,-1.5831,50,5.85614,2.74351,-126.67452,-3.10972,-6.72609,28.8255,-13.47001,ALA_LIO,SOU_IND16,MikeDLaneField,D1,ASUN,20260301-MikeDLaneField-1,10a3a2f0-15a6-11f1-829f-abbae8cfcb57,86.22846,13.63306,,8.4511,,,,0.46104,3.29012,-1.01228,2f230842-10f9-4e90-9219-1d3edf6fc0d7,2026-03-01,19:37:20.61,2026-03-01T13:37:20.6126080-06:00,2026-03-01T19:37:20.6126080Z,,v3,471594,southernindiana,dbd82bf8479745649ba7c646edcecf86,"Wall, Micajah",1000131896,Right,SOU_IND16,ae51d2d4-82c3-4aef-a896-0109dd510ed8,54.48723,-127.69153,14.41275,5.95747,-2.63448,-6.73501,-1.68408,2.98082,-3.36305,,0.4559,-87.60799,8.7789,,,,,,,3.29554,31.3111,-17.57167,,,,,,,-1.00122,32.56043,-10.42646,,,,,,,,,,,,,,,,,,,,,,,,,,,,,High,High,High,High,Undefined,,,,205.807243,0.697643,1958.904484,0.999926,12:45,-0.024493,-0.435474,-0.899868,-26.600541,23.833513,14.685497,166.047357,1.288568,0.241059,0.022488,-0.97025,1.327729,13.949044,0.022488,0.241059,0.97025,-1.327729,-13.949044,-0.022488,-0.241059,0.97025,-166.047357,-1.288568,-0.241059,-0.022488,-0.97025,,,
56,2026-03-01,13:37:39.33,1,2,"Skwarek, Ryan",1000474111,Right,SOU_IND16,"Westmoreland, Jackson",1000147983,Right,ALA_LIO,Undefined,2,Bottom,0,0,1,Curveball,Curveball,StrikeCalled,Undefined,Undefined,Undefined,0,0,,74.17409,1.243584,-1.18325,2156.183066,48.006982,7:30,5.7086,1.69341,5.52873,-61.30787,-9.30729,-12.28119,1.76255,-0.43628,67.85594,-9.914029,-3.377034,0.51901,,,,,,,,,,,,5.84863,-4.6126,-1.58215,50,5.77564,2.67332,-107.64563,0.36938,6.77458,20.92189,-37.51693,ALA_LIO,SOU_IND16,MikeDLaneField,D1,ASUN,20260301-MikeDLaneField-1,1bcbede0-15a6-11f1-829f-abbae8cfcb57,72.62378,,,6.31815,,,,,,,2f230842-10f9-4e90-9219-1d3edf6fc0d7,2026-03-01,19:37:39.33,2026-03-01T13:37:39.3335296-06:00,2026-03-01T19:37:39.3335296Z,,v3,471594,southernindiana,dbd82bf8479745649ba7c646edcecf86,"Wall, Micajah",1000131896,Right,SOU_IND16,85fba0b7-5b68-4666-97e5-d896c73c96d5,54.97185,-108.60766,10.46094,5.71899,2.09448,-18.75847,-1.69791,2.36182,3.38729,,,,,,,,,,,,,,,,,,,,,,,,,,,,,,,,,,,,,,,,,,,,,,,,,,,High,High,High,,,,,,,,,,,,,,,,,,,,,,,,,,,,,,,,,,,,,,,
57,2026-03-01,13:37:53.73,1,3,"Skwarek, Ryan",1000474111,Right,SOU_IND16,"Westmoreland, Jackson",1000147983,Right,ALA_LIO,Undefined,2,Bottom,0,0,2,Fastball,Four-Seam,FoulBallNotFieldable,Undefined,Undefined,Undefined,0,0,,87.20151,-0.335136,-2.406973,1977.720583,211.282848,1:00,5.96016,1.6474,6.12595,-18.48233,18.49017,10.41871,4.1099,0.28936,78.43802,-3.897732,-0.530929,0.437634,73.26044,30.304447,151.309566,3084.644357,,,,,44.38041,,,-6.13087,10.02382,-1.46846,50,5.92492,4.88581,-126.43332,-1.23062,-9.76743,29.5711,-16.20453,ALA_LIO,SOU_IND16,MikeDLaneField,D1,ASUN,20260301-MikeDLaneField-1,245990c0-15a6-11f1-829f-abbae8cfcb57,86.12783,24.51791,,8.76349,,,,0.09304,3.86582,-0.14225,2f230842-10f9-4e90-9219-1d3edf6fc0d7,2026-03-01,19:37:53.73,2026-03-01T13:37:53.7305600-06:00,2026-03-01T19:37:53.7305600Z,,v3,471594,southernindiana,dbd82bf8479745649ba7c646edcecf86,"Wall, Micajah",1000131896,Right,SOU_IND16,9c1438b7-8ebb-4b11-95d2-c42d995e5dda,54.36862,-127.45099,14.78555,5.95767,-0.67296,-8.10227,-1.64239,5.22195,-4.88371,,0.09754,-81.50044,2.54119,,,,,,,3.87922,53.85498,-24.57746,,,,,,,-0.13557,44.35409,-7.17999,,,,,,,,,,,,,,,,,,,,,,,,,,,,,High,High,High,High,Undefined,,,,,,,,,,,,,,,,,,,,,,,,,,,,,,,,,,,,,
58,2026-03-01,13:38:11.62,1,4,"Skwarek, Ryan",1000474111,Right,SOU_IND16,"Westmoreland, Jackson",1000147983,Right,ALA_LIO,Undefined,2,Bottom,0,0,2,Curveball,Curveball,StrikeSwinging,Strikeout,Undefined,Undefined,0,0,,73.58242,0.396399,-1.80484,2156.918898,48.602283,7:30,5.70338,1.6294,5.5861,-61.6531,-8.11693,-11.52087,0.93597,-1.01659,66.55633,-10.854999,-3.865592,0.526617,,,,,,,,,,,,5.16225,-3.62225,-1.4668,50,5.69784,3.78463,-106.59717,-1.21429,5.77306,23.11439,-36.2249,ALA_LIO,SOU_IND16,MikeDLaneField,D1,ASUN,20260301-MikeDLaneField-1,2f15d370-15a6-11f1-829f-abbae8cfcb57,71.57463,,,7.0261,,,,,,,2f230842-10f9-4e90-9219-1d3edf6fc0d7,2026-03-01,19:38:11.62,2026-03-01T13:38:11.6228608-06:00,2026-03-01T19:38:11.6228608Z,,v3,471594,southernindiana,dbd82bf8479745649ba7c646edcecf86,"Wall, Micajah",1000131896,Right,SOU_IND16,71ad47cb-573d-4a53-a927-22dc0d195c4d,54.91128,-107.65686,11.55719,5.71545,0.44645,-18.11245,-1.63424,3.51996,2.88653,,,,,,,,,,,,,,,,,,,,,,,,,,,,,,,,,,,,,,,,,,,,,,,,,,,High,High,High,,,,,,,,,,,,,,,,,,,,,,,,,,,,,,,,,,,,,,,
59,2026-03-01,13:38:45.79,2,1,"Skwarek, Ryan",1000474111,Right,SOU_IND16,"Wade, Alex",1000138908,Right,ALA_LIO,Undefined,2,Bottom,1,0,0,Fastball,Four-Seam,BallCalled,Undefined,Undefined,Undefined,0,0,,87.24221,-2.123422,-0.886571,1908.287425,201.755894,12:45,5.95075,1.7396,6.01624,-18.66048,18.57446,6.85016,2.42766,1.48915,78.3798,-5.705518,0.34611,0.439184,,,,,,,,,,,,-3.88319,10.72697,-1.67406,50,5.77446,1.68619,-126.48228,-5.20992,-6.15534,30.96768,-15.1705,ALA_LIO,SOU_IND16,MikeDLaneField,D1,ASUN,20260301-MikeDLaneField-1,436e42d0-15a6-11f1-829f-abbae8cfcb57,85.82374,,,8.86241,,,,,,,2f230842-10f9-4e90-9219-1d3edf6fc0d7,2026-03-01,19:38:45.79,2026-03-01T13:38:45.7945088-06:00,2026-03-01T19:38:45.7945088Z,,v3,471594,southernindiana,dbd82bf8479745649ba7c646edcecf86,"Wall, Micajah",1000131896,Right,SOU_IND16,fe041f46-966e-453a-a8db-2656ee8303c9,54.48123,-127.57474,15.48384,5.94881,-4.67475,-7.58525,-1.73738,1.90334,-3.07767,,,,,,,,,,,,,,,,,,,,,,,,,,,,,,,,,,,,,,,,,,,,,,,,,,,High,High,High,,,,,,,,,,,,,,,,,,,,,,,,,,,,,,,,,,,,,,,
60,2026-03-01,13:39:02.07,2,2,"Skwarek, Ryan",1000474111,Right,SOU_IND16,"Wade, Alex",1000138908,Right,ALA_LIO,Undefined,2,Bottom,1,1,0,Fastball,Four-Seam,BallCalled,Undefined,Undefined,Undefined,0,0,,86.83533,-0.902541,-1.330893,1876.441502,206.30789,1:00,6.01866,1.50533,6.02474,-20.79304,16.50564,7.50552,3.44973,0.89796,78.43719,-4.863491,0.019478,0.43956,,,,,,,,,,,,-4.2491,9.14504,-1.40509,50,5.93681,2.61342,-125.9628,-2.58045,-6.74026,28.61585,-17.66749,ALA_LIO,SOU_IND16,MikeDLaneField,D1,ASUN,20260301-MikeDLaneField-1,4d4073a0-15a6-11f1-829f-abbae8cfcb57,85.75039,,,8.39814,,,,,,,2f230842-10f9-4e90-9219-1d3edf6fc0d7,2026-03-01,19:39:02.07,2026-03-01T13:39:02.0776448-06:00,2026-03-01T19:39:02.0776448Z,,v3,471594,southernindiana,dbd82bf8479745649ba7c646edcecf86,"Wall, Micajah",1000131896,Right,SOU_IND16,cefb93e8-cbdf-4635-b9f9-6e498c7bc736,54.46935,-126.97407,14.30793,6.01697,-1.95608,-8.83375,-1.50166,2.85161,-3.37013,,,,,,,,,,,,,,,,,,,,,,,,,,,,,,,,,,,,,,,,,,,,,,,,,,,High,High,High,,,,,,,,,,,,,,,,,,,,,,,,,,,,,,,,,,,,,,,
61,2026-03-01,13:39:18.41,2,3,"Skwarek, Ryan",1000474111,Right,SOU_IND16,"Wade, Alex",1000138908,Right,ALA_LIO,Undefined,2,Bottom,1,2,0,ChangeUp,Changeup,BallCalled,Undefined,Undefined,Undefined,0,0,,81.57881,-1.903111,-4.400877,1863.306948,240.376004,2:00,5.73803,1.78272,6.08735,-32.14498,10.47953,15.5932,1.29296,-0.99692,73.55645,-7.921649,-1.599185,0.469895,,,,,,,,,,,,-9.46457,6.50894,-1.4506,50,5.5741,8.47665,-117.95965,-4.88407,-13.08877,26.30905,-23.17265,ALA_LIO,SOU_IND16,MikeDLaneField,D1,ASUN,20260301-MikeDLaneField-1,56d43be0-15a6-11f1-829f-abbae8cfcb57,80.21454,,,8.02236,,,,,,,2f230842-10f9-4e90-9219-1d3edf6fc0d7,2026-03-01,19:39:18.41,2026-03-01T13:39:18.4157184-06:00,2026-03-01T19:39:18.4157184Z,,v3,471594,southernindiana,dbd82bf8479745649ba7c646edcecf86,"Wall, Micajah",1000131896,Right,SOU_IND16,9800ef24-acf4-4639-833d-50f9b19df6ad,54.40784,-118.93868,13.15452,5.73981,-4.02175,-11.58633,-1.77511,8.96372,-6.54439,,,,,,,,,,,,,,,,,,,,,,,,,,,,,,,,,,,,,,,,,,,,,,,,,,,High,High,High,,,,,,240.959803,-15.91834,1791.855778,0.961654,2:00,0.265326,-0.831182,-0.488609,77.153222,-18.244619,76.617477,140.071627,59.558266,0.325191,0.862145,-0.388532,65.740917,18.977118,0.862145,0.325191,0.388532,-65.740917,-18.977118,-0.862145,-0.325191,0.388532,-140.071627,-59.558266,-0.325191,-0.862145,-0.388532,,,
62,2026-03-01,13:39:34.25,2,4,"Skwarek, Ryan",1000474111,Right,SOU_IND16,"Wade, Alex",1000138908,Right,ALA_LIO,Undefined,2,Bottom,1,3,0,Fastball,Four-Seam,StrikeCalled,Undefined,Undefined,Undefined,0,0,,86.90899,-0.875399,-2.051033,1871.969367,185.562068,12:15,5.89725,1.67342,6.06709,-21.44635,15.93028,1.41721,3.29937,-0.10734,78.17337,-4.964542,-1.796061,0.440019,,,,,,,,,,,,-1.39677,8.8743,-1.51516,50,5.81803,4.45152,-125.95917,-2.53881,-2.20512,29.72265,-18.1641,ALA_LIO,SOU_IND16,MikeDLaneField,D1,ASUN,20260301-MikeDLaneField-1,60500f50-15a6-11f1-829f-abbae8cfcb57,85.6609,,,8.73562,,,,,,,2f230842-10f9-4e90-9219-1d3edf6fc0d7,2026-03-01,19:39:34.25,2026-03-01T13:39:34.2564864-06:00,2026-03-01T19:39:34.2564864Z,,v3,471594,southernindiana,dbd82bf8479745649ba7c646edcecf86,"Wall, Micajah",1000131896,Right,SOU_IND16,24aa9d22-4ea4-435b-ab78-fbdfac265a64,54.42566,-126.9992,14.86132,5.89575,-1.90323,-9.08205,-1.67227,4.52868,-1.10256,,,,,,,,,,,,,,,,,,,,,,,,,,,,,,,,,,,,,,,,,,,,,,,,,,,High,High,High,,,,,,,,,,,,,,,,,,,,,,,,,,,,,,,,,,,,,,,
63,2026-03-01,13:39:48.55,2,5,"Skwarek, Ryan",1000474111,Right,SOU_IND16,"Wade, Alex",1000138908,Right,ALA_LIO,Undefined,2,Bottom,1,3,1,Fastball,Four-Seam,BallCalled,Walk,Undefined,Undefined,0,0,,86.69877,-0.51277,-1.118662,1897.003308,191.964685,12:30,5.83276,1.61353,6.0371,-20.09651,17.36032,3.39362,3.68316,0.8604,78.13706,-4.357508,-0.50802,0.440491,,,,,,,,,,,,-2.08473,9.46126,-1.52798,50,5.7819,2.31293,-125.74777,-1.68503,-3.29025,28.9051,-17.2417,ALA_LIO,SOU_IND16,MikeDLaneField,D1,ASUN,20260301-MikeDLaneField-1,68e3a5a0-15a6-11f1-829f-abbae8cfcb57,85.56917,,,8.56171,,,,,,,2f230842-10f9-4e90-9219-1d3edf6fc0d7,2026-03-01,19:39:48.55,2026-03-01T13:39:48.5568000-06:00,2026-03-01T19:39:48.5568000Z,,v3,471594,southernindiana,dbd82bf8479745649ba7c646edcecf86,"Wall, Micajah",1000131896,Right,SOU_IND16,2bf3b5a7-ecf8-4e9e-9ab7-89f29224f2c3,54.45586,-126.76788,14.45255,5.83063,-1.07654,-8.62085,-1.61166,2.42905,-1.64512,,,,,,,,,,,,,,,,,,,,,,,,,,,,,,,,,,,,,,,,,,,,,,,,,,,High,High,High,,,,,,208.245231,10.821081,1863.271249,0.982218,1:00,-0.200433,-0.466493,-0.861517,-13.438348,9.713358,40.077382,162.553344,0.555439,0.299804,0.009694,-0.953952,0.582222,17.44581,0.009694,0.299804,0.953952,-0.582222,-17.44581,-0.009694,-0.299804,0.953952,-162.553344,-0.555439,-0.299804,-0.009694,-0.953952,,,
64,2026-03-01,13:40:20.22,3,1,"Skwarek, Ryan",1000474111,Right,SOU_IND16,"LePage, Tyler",1000222448,Left,ALA_LIO,Undefined,2,Bottom,1,0,0,Fastball,Four-Seam,StrikeCalled,Undefined,Undefined,Undefined,0,0,,86.94325,-1.433529,-1.457719,1940.475357,204.163052,12:45,5.84423,1.88728,6.01487,-18.52233,18.90013,7.85402,2.97209,1.19118,78.1518,-4.995669,-0.045037,0.440289,,,,,,,,,,,,-4.47744,10.55772,-1.77703,50,5.72173,2.87519,-126.01498,-3.65093,-7.07261,29.82436,-15.49702,ALA_LIO,SOU_IND16,MikeDLaneField,D1,ASUN,20260301-MikeDLaneField-1,7bbec3d0-15a6-11f1-829f-abbae8cfcb57,85.60844,,,8.79146,,,,,,,2f230842-10f9-4e90-9219-1d3edf6fc0d7,2026-03-01,19:40:20.22,2026-03-01T13:40:20.2207744-06:00,2026-03-01T19:40:20.2207744Z,,v3,471594,southernindiana,dbd82bf8479745649ba7c646edcecf86,"Wall, Micajah",1000131896,Right,SOU_IND16,5112dcba-cb5b-4c8e-a98a-fd0a44329306,54.47809,-127.07041,14.91218,5.84122,-3.10252,-7.74851,-1.8832,3.12548,-3.53631,,,,,,,,,,,,,,,,,,,,,,,,,,,,,,,,,,,,,,,,,,,,,,,,,,,High,High,High,,,,,,196.157035,16.883398,1856.836553,0.956898,12:30,-0.306962,-0.273459,-0.911589,-45.610593,8.033697,-36.096247,177.672544,21.691105,0.037735,0.369603,-0.928423,21.707349,2.162568,0.369603,0.037735,0.928423,-21.707349,-2.162568,-0.369603,-0.037735,0.928423,-177.672544,-21.691105,-0.037735,-0.369603,-0.928423,,,
65,2026-03-01,13:40:37.08,3,2,"Skwarek, Ryan",1000474111,Right,SOU_IND16,"LePage, Tyler",1000222448,Left,ALA_LIO,Undefined,2,Bottom,1,0,1,Fastball,Four-Seam,BallCalled,Undefined,Undefined,Undefined,0,0,,87.29802,-0.729813,-0.926864,1919.045177,199.660453,12:45,5.8923,1.82089,6.13228,-17.07591,20.01812,6.64315,3.79464,1.51773,78.05186,-4.053449,0.270724,0.438353,,,,,,,,,,,,-3.70973,10.94631,-1.75328,50,5.82764,1.76754,-126.54258,-2.03337,-5.87964,31.24909,-14.82489,ALA_LIO,SOU_IND16,MikeDLaneField,D1,ASUN,20260301-MikeDLaneField-1,85eef320-15a6-11f1-829f-abbae8cfcb57,85.9866,,,9.24616,,,,,,,2f230842-10f9-4e90-9219-1d3edf6fc0d7,2026-03-01,19:40:37.08,2026-03-01T13:40:37.0834944-06:00,2026-03-01T19:40:37.0834944Z,,v3,471594,southernindiana,dbd82bf8479745649ba7c646edcecf86,"Wall, Micajah",1000131896,Right,SOU_IND16,e6d65509-e73f-413b-9b19-9f996bfa2c84,54.35973,-127.61466,15.62454,5.88868,-1.52477,-7.41244,-1.81738,1.96926,-2.93982,,,,,,,,,,,,,,,,,,,,,,,,,,,,,,,,,,,,,,,,,,,,,,,,,,,High,High,High,,,,,,,,,,,,,,,,,,,,,,,,,,,,,,,,,,,,,,,
66,2026-03-01,13:40:50.83,3,3,"Skwarek, Ryan",1000474111,Right,SOU_IND16,"LePage, Tyler",1000222448,Left,ALA_LIO,Undefined,2,Bottom,1,1,1,ChangeUp,Changeup,BallCalled,Undefined,Undefined,Undefined,0,0,,81.57068,-1.740431,-4.082556,1849.734212,256.072647,2:30,5.599,1.98364,6.02098,-36.45927,6.19768,18.57485,0.94412,-0.25618,73.71309,-8.517686,-0.744393,0.470074,,,,,,,,,,,,-10.95032,4.20481,-1.67376,50,5.4427,7.72042,-118.04778,-4.71982,-15.16741,26.3309,-26.34992,ALA_LIO,SOU_IND16,MikeDLaneField,D1,ASUN,20260301-MikeDLaneField-1,8de55f10-15a6-11f1-829f-abbae8cfcb57,80.18404,,,7.85759,,,,,,,2f230842-10f9-4e90-9219-1d3edf6fc0d7,2026-03-01,19:40:50.83,2026-03-01T13:40:50.8348416-06:00,2026-03-01T19:40:50.8348416Z,,v3,471594,southernindiana,dbd82bf8479745649ba7c646edcecf86,"Wall, Micajah",1000131896,Right,SOU_IND16,c0063dae-875a-4c67-94f2-c2fe62444af1,54.47661,-119.04211,13.16545,5.60215,-3.72477,-13.17496,-1.97612,8.29319,-7.5837,,,,,,,,,,,,,,,,,,,,,,,,,,,,,,,,,,,,,,,,,,,,,,,,,,,High,High,High,,,,,,243.800948,-17.553968,1763.598174,0.953433,2:15,0.296649,-0.845928,-0.443176,78.203261,-13.445499,72.583854,141.992625,53.256179,0.368373,0.801318,-0.471371,59.534084,21.615304,0.801318,0.368373,0.471371,-59.534084,-21.615304,-0.801318,-0.368373,0.471371,-141.992625,-53.256179,-0.368373,-0.801318,-0.471371,,,
67,2026-03-01,13:41:09.96,3,4,"Skwarek, Ryan",1000474111,Right,SOU_IND16,"LePage, Tyler",1000222448,Left,ALA_LIO,Undefined,2,Bottom,1,2,1,ChangeUp,Changeup,BallCalled,Undefined,Undefined,Undefined,0,0,,80.96692,-1.536798,-4.32384,1761.812721,257.340391,2:30,5.68391,1.97802,5.8534,-38.6675,5.50288,16.37257,1.02931,-0.68269,72.26414,-8.725718,-1.392227,0.47834,,,,,,,,,,,,-9.98162,3.8841,-1.63596,50,5.53656,8.19931,-116.93784,-4.36576,-13.38566,28.52373,-26.96534,ALA_LIO,SOU_IND16,MikeDLaneField,D1,ASUN,20260301-MikeDLaneField-1,995d9ec0-15a6-11f1-829f-abbae8cfcb57,78.79838,,,8.70277,,,,,,,2f230842-10f9-4e90-9219-1d3edf6fc0d7,2026-03-01,19:41:09.96,2026-03-01T13:41:09.9676672-06:00,2026-03-01T19:41:09.9676672Z,,v3,471594,southernindiana,dbd82bf8479745649ba7c646edcecf86,"Wall, Micajah",1000131896,Right,SOU_IND16,7167ef81-3172-47aa-94f8-f40e9f8ec641,54.64159,-118.0646,14.26187,5.68798,-3.30056,-13.48267,-1.9703,8.72808,-6.69283,,,,,,,,,,,,,,,,,,,,,,,,,,,,,,,,,,,,,,,,,,,,,,,,,,,High,High,High,,,,,,251.74317,-18.493246,1670.834566,0.948361,2:30,0.317862,-0.891792,-0.321981,6.851319,-22.134039,65.821934,93.195592,48.624245,0.659967,0.750391,-0.036847,87.188826,41.297324,0.750391,0.659967,0.036847,-87.188826,-41.297324,-0.750391,-0.659967,0.036847,-93.195592,-48.624245,-0.659967,-0.750391,-0.036847,,,
68,2026-03-01,13:41:38.93,3,5,"Skwarek, Ryan",1000474111,Right,SOU_IND16,"LePage, Tyler",1000222448,Left,ALA_LIO,Undefined,2,Bottom,1,3,1,Fastball,Four-Seam,InPlay,Undefined,FlyBall,Out,1,0,,87.28564,-1.367378,-1.528398,1936.622367,202.431792,12:45,5.81912,1.90413,6.04246,-20.81603,16.04024,6.0863,2.81779,0.99594,78.9934,-5.323823,-0.433036,0.436945,85.10715,37.674873,-15.734573,,104.10218,74.91509,-35.5349,295.80267,293.4536,-24.030217,5.050765,-3.62292,9.07142,-1.78834,50,5.70143,3.13261,-126.63898,-3.63015,-5.8121,28.79024,-17.62119,ALA_LIO,SOU_IND16,MikeDLaneField,D1,ASUN,20260301-MikeDLaneField-1,aa9c4b00-15a6-11f1-829f-abbae8cfcb57,86.26348,90.09247,,8.29225,,,,1.13376,2.89825,-1.03235,2f230842-10f9-4e90-9219-1d3edf6fc0d7,2026-03-01,19:41:38.93,2026-03-01T13:41:38.9315072-06:00,2026-03-01T19:41:38.9315072Z,FlyBall,v3,471594,southernindiana,dbd82bf8479745649ba7c646edcecf86,"Wall, Micajah",1000131896,Right,SOU_IND16,844cbdd6-c9e4-4d38-8a65-7d568d12b1b5,54.45389,-127.64752,14.39512,5.81779,-3.01287,-8.81059,-1.90164,3.33622,-2.90605,163.58148,1.13473,95.07833,-19.95338,4.87917,-1.04077,0.21343,-0.03794,0.00441,-0.00022,2.90036,76.24021,-18.61397,0.76849,0.2549,-0.18073,0.04815,-0.00607,0.0003,-1.03254,-26.78804,1.72783,-0.40638,0.05967,-0.00604,0.00046,-5E-05,0,,,,,,,,,,,,,,,,,,,,,,,High,High,High,High,Medium,,,,203.316923,14.08157,1878.427498,0.96995,12:45,-0.257747,-0.389619,-0.884174,-46.460483,2.385863,-72.97489,158.849683,22.575712,0.333168,0.383904,-0.861172,24.026952,19.461159,0.383904,0.333168,0.861172,-24.026952,-19.461159,-0.383904,-0.333168,0.861172,-158.849683,-22.575712,-0.333168,-0.383904,-0.861172,,,
69,2026-03-01,13:42:14.54,4,1,"Skwarek, Ryan",1000474111,Right,SOU_IND16,"Craska, Petey",806050,Left,ALA_LIO,Undefined,2,Bottom,2,0,0,Fastball,Four-Seam,StrikeCalled,Undefined,Undefined,Undefined,0,0,,86.47102,-1.003928,-1.617161,1935.946327,185.971597,12:15,5.88246,1.85289,6.14164,-17.88899,19.84895,1.92701,3.46351,0.51865,77.51585,-4.470291,-1.269891,0.442141,,,,,,,,,,,,-1.53138,10.96284,-1.7306,50,5.79666,3.45859,-125.33004,-2.64577,-2.38622,30.13441,-15.09171,ALA_LIO,SOU_IND16,MikeDLaneField,D1,ASUN,20260301-MikeDLaneField-1,bfe3fc60-15a6-11f1-829f-abbae8cfcb57,85.24987,,,8.95517,,,,,,,2f230842-10f9-4e90-9219-1d3edf6fc0d7,2026-03-01,19:42:14.54,2026-03-01T13:42:14.5438208-06:00,2026-03-01T19:42:14.5438208Z,,v3,471594,southernindiana,dbd82bf8479745649ba7c646edcecf86,"Wall, Micajah",1000131896,Right,SOU_IND16,ba47a7ff-262e-43a4-ba84-26c9116b3ad9,54.35075,-126.37181,15.06721,5.8791,-2.12404,-7.54586,-1.85159,3.54108,-1.19311,,,,,,,,,,,,,,,,,,,,,,,,,,,,,,,,,,,,,,,,,,,,,,,,,,,High,High,High,,,,,,,,,,,,,,,,,,,,,,,,,,,,,,,,,,,,,,,
70,2026-03-01,13:42:33.94,4,2,"Skwarek, Ryan",1000474111,Right,SOU_IND16,"Craska, Petey",806050,Left,ALA_LIO,Undefined,2,Bottom,2,0,1,Fastball,Four-Seam,StrikeSwinging,Undefined,Undefined,Undefined,0,0,,86.87114,-0.881112,-1.828073,1974.855594,194.752901,12:30,5.98037,1.3754,6.24378,-16.63013,20.70399,5.07311,3.78138,0.11152,77.65535,-4.132174,-0.91221,0.439769,,,,,,,,,,,,-3.23311,11.40182,-1.24163,50,5.90641,3.8091,-125.89685,-2.32544,-5.07054,31.00127,-14.29234,ALA_LIO,SOU_IND16,MikeDLaneField,D1,ASUN,20260301-MikeDLaneField-1,cb627da0-15a6-11f1-829f-abbae8cfcb57,85.70968,,,9.21579,,,,,,,2f230842-10f9-4e90-9219-1d3edf6fc0d7,2026-03-01,19:42:33.94,2026-03-01T13:42:33.9416064-06:00,2026-03-01T19:42:33.9416064Z,,v3,471594,southernindiana,dbd82bf8479745649ba7c646edcecf86,"Wall, Micajah",1000131896,Right,SOU_IND16,07bdf25f-4ae0-4672-b9b8-a17c425e0e25,54.24836,-126.93867,15.50064,5.97649,-1.84513,-7.14617,-1.3725,3.9795,-2.53527,,,,,,,,,,,,,,,,,,,,,,,,,,,,,,,,,,,,,,,,,,,,,,,,,,,High,High,High,,,,,,,,,,,,,,,,,,,,,,,,,,,,,,,,,,,,,,,
71,2026-03-01,13:42:51.03,4,3,"Skwarek, Ryan",1000474111,Right,SOU_IND16,"Craska, Petey",806050,Left,ALA_LIO,Undefined,2,Bottom,2,0,2,ChangeUp,Changeup,FoulBallNotFieldable,Undefined,Undefined,Undefined,0,0,,82.42969,-1.761371,-3.371861,1955.141666,241.905013,2:00,5.69667,1.91314,5.91907,-31.57793,10.08067,16.09725,1.42729,0.12191,74.77406,-7.644626,-0.483317,0.464541,,,,,,,,,,,,-9.34847,6.14437,-1.65225,50,5.53755,6.41234,-119.40853,-4.65334,-13.32628,25.71345,-23.41518,ALA_LIO,SOU_IND16,MikeDLaneField,D1,ASUN,20260301-MikeDLaneField-1,d589ac40-15a6-11f1-829f-abbae8cfcb57,81.13914,,,7.65563,,,,,,,2f230842-10f9-4e90-9219-1d3edf6fc0d7,2026-03-01,19:42:51.03,2026-03-01T13:42:51.0395904-06:00,2026-03-01T19:42:51.0395904Z,,v3,471594,southernindiana,dbd82bf8479745649ba7c646edcecf86,"Wall, Micajah",1000131896,Right,SOU_IND16,ad417a73-8b49-4091-aab5-2977e4379b53,54.57844,-120.39042,12.85673,5.69817,-3.75922,-11.70759,-1.90682,6.92121,-6.66314,,,,,,,,,,,,,,,,,,,,,,,,,,,,,,,,,,,,,,,,,,,,,,,,,,,High,High,High,,,,,,239.411199,-13.934738,1897.603127,0.970571,2:00,0.236873,-0.827711,-0.50871,62.5936,-21.87174,78.961086,127.086306,64.256816,0.346484,0.90075,-0.261913,73.787016,20.272393,0.90075,0.346484,0.261913,-73.787016,-20.272393,-0.90075,-0.346484,0.261913,-127.086306,-64.256816,-0.346484,-0.90075,-0.261913,,,
72,2026-03-01,13:43:11.19,4,4,"Skwarek, Ryan",1000474111,Right,SOU_IND16,"Craska, Petey",806050,Left,ALA_LIO,Undefined,2,Bottom,2,0,2,Fastball,Four-Seam,BallCalled,Undefined,Undefined,Undefined,0,0,,87.12448,1.347083,-0.503846,1911.74705,204.816223,12:45,5.95312,1.85448,5.97774,-20.62072,16.47643,7.02386,5.48371,1.97274,78.54156,-2.589899,0.758363,0.438371,,,,,,,,,,,,-3.72898,8.39048,-1.81836,50,6.04822,0.81412,-126.37989,2.37908,-5.95841,28.64704,-18.76717,ALA_LIO,SOU_IND16,MikeDLaneField,D1,ASUN,20260301-MikeDLaneField-1,e18dd840-15a6-11f1-829f-abbae8cfcb57,85.98299,,,8.58292,,,,,,,2f230842-10f9-4e90-9219-1d3edf6fc0d7,2026-03-01,19:43:11.19,2026-03-01T13:43:11.1971840-06:00,2026-03-01T19:43:11.1971840Z,,v3,471594,southernindiana,dbd82bf8479745649ba7c646edcecf86,"Wall, Micajah",1000131896,Right,SOU_IND16,d0a89cf9-8d1b-4328-83d3-e44a3048b935,54.51597,-127.39943,14.32352,5.95166,3.047,-9.38359,-1.8511,1.02617,-2.97921,,,,,,,,,,,,,,,,,,,,,,,,,,,,,,,,,,,,,,,,,,,,,,,,,,,High,High,High,,,,,,,,,,,,,,,,,,,,,,,,,,,,,,,,,,,,,,,
73,2026-03-01,13:43:27.79,4,5,"Skwarek, Ryan",1000474111,Right,SOU_IND16,"Craska, Petey",806050,Left,ALA_LIO,Undefined,2,Bottom,2,1,2,ChangeUp,Changeup,BallCalled,Undefined,Undefined,Undefined,0,0,,81.32186,-3.247542,-4.74556,1883.071468,242.857723,2:00,5.62458,1.80365,5.8587,-32.35376,10.65174,17.80328,-0.1023,-1.13169,74.11417,-9.233428,-1.560212,0.471991,,,,,,,,,,,,-10.68402,6.86335,-1.42885,50,5.34112,9.08992,-117.51985,-7.68284,-14.79398,24.32552,-22.67051,ALA_LIO,SOU_IND16,MikeDLaneField,D1,ASUN,20260301-MikeDLaneField-1,eb798480-15a6-11f1-829f-abbae8cfcb57,79.85844,,,7.20769,,,,,,,2f230842-10f9-4e90-9219-1d3edf6fc0d7,2026-03-01,19:43:27.79,2026-03-01T13:43:27.7998592-06:00,2026-03-01T19:43:27.7998592Z,,v3,471594,southernindiana,dbd82bf8479745649ba7c646edcecf86,"Wall, Micajah",1000131896,Right,SOU_IND16,acce13bd-4446-4952-a8f1-b1de3c9a8d69,54.64057,-118.47651,12.16276,5.62573,-6.79127,-11.33526,-1.79777,9.67173,-7.39699,,,,,,,,,,,,,,,,,,,,,,,,,,,,,,,,,,,,,,,,,,,,,,,,,,,High,High,High,,,,,,,,,,,,,,,,,,,,,,,,,,,,,,,,,,,,,,,
74,2026-03-01,13:43:49.20,4,6,"Skwarek, Ryan",1000474111,Right,SOU_IND16,"Craska, Petey",806050,Left,ALA_LIO,Undefined,2,Bottom,2,2,2,ChangeUp,Changeup,InPlay,Undefined,FlyBall,Out,1,0,,80.09997,0.00808,-2.518932,1904.184875,245.724124,2:15,5.63507,1.81781,5.7896,-33.94333,10.63099,19.84513,2.81399,1.12682,71.98478,-6.34197,1.035331,0.480523,83.21099,54.700269,27.019937,,99.34706,129.48626,47.22422,218.37214,105.01736,25.717398,5.85263,-11.01938,5.87965,-1.62265,50,5.61564,4.34047,-116.06341,-1.019,-14.7169,25.95486,-24.32149,ALA_LIO,SOU_IND16,MikeDLaneField,D1,ASUN,20260301-MikeDLaneField-1,f846cce0-15a6-11f1-829f-abbae8cfcb57,78.44052,133.01147,,8.11518,,,,2.31898,2.8561,-1.15145,2f230842-10f9-4e90-9219-1d3edf6fc0d7,2026-03-01,19:43:49.20,2026-03-01T13:43:49.2056064-06:00,2026-03-01T19:43:49.2056064Z,FlyBall,v3,471594,southernindiana,dbd82bf8479745649ba7c646edcecf86,"Wall, Micajah",1000131896,Right,SOU_IND16,a090cc30-d624-41ee-80ff-a206925c929e,54.70722,-117.11134,12.97743,5.63696,-0.03702,-12.16075,-1.8099,4.93467,-7.35845,178.723095,2.3259,62.68924,-14.95633,3.25242,-0.20047,-0.08889,0.02531,-0.00262,0.0001,2.85523,99.60806,-22.84826,2.0034,-0.18258,-0.06648,0.02932,-0.00441,0.00024,-1.14789,31.96761,-8.01422,1.76809,-0.11502,-0.04674,0.01365,-0.00144,6E-05,,,,,,,,,,,,,,,,,,,,,,,High,High,High,Medium,Low,,,,,,,,,,,,,,,,,,,,,,,,,,,,,,,,,,,,,
75,2026-03-01,13:46:14.60,1,1,"Stogner, John Allen",10028063,Right,ALA_LIO,"Stephens, Zion",822828,Right,SOU_IND16,Undefined,3,Top,0,0,0,Curveball,Curveball,InPlay,Undefined,GroundBall,Single,0,0,,75.91678,1.921414,-1.079565,2166.814543,49.832772,7:45,5.72064,1.8284,4.49751,-64.51283,-12.43666,-16.96843,2.17631,-0.61437,68.76029,-9.620865,-4.051421,0.519387,88.01238,-10.835038,-6.276583,,,,,13.34194,13.04539,-2.37551,0.091289,7.9126,-6.21705,-1.69773,50,5.85995,2.78496,-109.86003,1.2625,9.46874,23.2442,-39.61381,ALA_LIO,SOU_IND16,MikeDLaneField,D1,ASUN,20260301-MikeDLaneField-1,4efb2680-15a7-11f1-829f-abbae8cfcb57,72.57103,2.17831,,7.15648,,,,1.88923,2.17831,0.62309,2f230842-10f9-4e90-9219-1d3edf6fc0d7,2026-03-01,19:46:14.60,2026-03-01T13:46:14.6092032-06:00,2026-03-01T19:46:14.6092032Z,GroundBall,v3,471594,southernindiana,dbd82bf8479745649ba7c646edcecf86,"Millard, William",10059244,Right,ALA_LIO,bcc8423f-6059-416a-99f8-11c0081a56ff,56.00284,-111.12285,11.6221,5.7329,3.41466,-19.8069,-1.83506,2.27054,4.73437,207.529932,1.88923,126.0239,-7.60913,,,,,,,2.17824,-24.25566,4.33488,,,,,,,0.62304,-13.8532,10.63877,,,,,,,,,,,,,,,,,,,,,,,,,,,,,High,High,High,High,High,,,,,,,,,,,,,,,,,,,,,,,,,,,,,,,,,,,,,
76,2026-03-01,13:47:09.07,2,1,"Stogner, John Allen",10028063,Right,ALA_LIO,"Holiday, Khi",833396,Right,SOU_IND16,Undefined,3,Top,0,0,0,Curveball,Curveball,StrikeCalled,Undefined,Undefined,Undefined,0,0,,74.32619,2.75222,-0.177213,2089.574045,43.54681,7:30,5.74039,1.85989,4.42585,-63.88669,-9.32819,-10.79457,3.0443,0.79127,66.99015,-8.710715,-2.064671,0.531621,,,,,,,,,,,,5.11713,-4.74677,-1.8299,50,5.97032,0.79488,-107.43758,2.77693,5.8605,22.11219,-37.61041,ALA_LIO,SOU_IND16,MikeDLaneField,D1,ASUN,20260301-MikeDLaneField-1,6f629750-15a7-11f1-829f-abbae8cfcb57,70.9009,,,7.33604,,,,,,,2f230842-10f9-4e90-9219-1d3edf6fc0d7,2026-03-01,19:47:09.07,2026-03-01T13:47:09.0760192-06:00,2026-03-01T19:47:09.0760192Z,,v3,471594,southernindiana,dbd82bf8479745649ba7c646edcecf86,"Millard, William",10059244,Right,ALA_LIO,ce510334-71f0-4785-be5b-34fd84387bfb,56.0712,-108.67994,11.0561,5.75494,4.89004,-18.8052,-1.86531,0.46561,2.93025,,,,,,,,,,,,,,,,,,,,,,,,,,,,,,,,,,,,,,,,,,,,,,,,,,,High,High,High,,,,,,,,,,,,,,,,,,,,,,,,,,,,,,,,,,,,,,,
77,2026-03-01,13:47:48.22,2,2,"Stogner, John Allen",10028063,Right,ALA_LIO,"Holiday, Khi",833396,Right,SOU_IND16,Undefined,3,Top,0,0,1,Fastball,Four-Seam,BallCalled,Undefined,Undefined,Undefined,1,0,,86.65658,-0.115879,-4.044632,2348.476138,220.060696,1:15,5.94353,1.65087,5.08603,-20.08265,19.16214,14.84961,4.16049,-0.93019,77.45515,-3.918598,-1.428564,0.450881,,,,,,,,,,,,-8.63327,9.93371,-1.27968,50,5.91766,8.15104,-125.13875,-0.89676,-13.43557,29.62724,-16.71468,ALA_LIO,SOU_IND16,MikeDLaneField,D1,ASUN,20260301-MikeDLaneField-1,86b64550-15a7-11f1-829f-abbae8cfcb57,83.59722,,,9.20143,,,,,,,2f230842-10f9-4e90-9219-1d3edf6fc0d7,2026-03-01,19:47:48.22,2026-03-01T13:47:48.2270000-06:00,2026-03-01T19:47:48.2270000Z,,v3,471594,southernindiana,dbd82bf8479745649ba7c646edcecf86,"Millard, William",10059244,Right,ALA_LIO,4fb86768-2542-4f64-85aa-792c248ce8ff,55.40651,-126.41229,14.81362,5.94077,-0.17827,-8.35734,-1.64247,8.72858,-6.71779,,,,,,,,,,,,,,,,,,,,,,,,,,,,,77.60467,2.042179,0.750285,1.291895,-1.59463,3.94735,1.00146,-0.35439,5.29245,2.61697,127.27804,5.0818,2.5916,-0.20969,111.12807,-9.75979,5.31232,15.29091,-11.9958,2.5927,-1.60055,1.25903,High,High,High,,,High,High,High,220.165637,6.890393,2331.514203,0.992777,1:15,-0.171891,-0.640582,-0.748404,-34.074359,-8.037791,2.135826,162.494573,7.186501,0.298433,0.125099,-0.946196,7.531565,17.363518,0.125099,0.298433,0.946196,-7.531565,-17.363518,-0.125099,-0.298433,0.946196,-162.494573,-7.186501,-0.298433,-0.125099,-0.946196,,,
78,2026-03-01,13:48:20.23,2,3,"Stogner, John Allen",10028063,Right,ALA_LIO,"Holiday, Khi",833396,Right,SOU_IND16,Undefined,3,Top,1,1,1,ChangeUp,Splitter,BallCalled,Undefined,Undefined,Undefined,0,0,,75.72385,-2.079649,-3.864624,802.33321,252.889184,2:30,5.84968,1.74949,4.97861,-48.86168,2.78528,2.75847,-0.19149,-1.67595,68.7958,-10.896821,-3.378028,0.517242,,,,,,,,,,,,-2.67925,2.58327,-1.37852,50,5.60885,7.27766,-109.34188,-5.63795,-3.1785,22.88685,-29.1094,ALA_LIO,SOU_IND16,MikeDLaneField,D1,ASUN,20260301-MikeDLaneField-1,99c6f270-15a7-11f1-829f-abbae8cfcb57,72.87197,,,6.92804,,,,,,,2f230842-10f9-4e90-9219-1d3edf6fc0d7,2026-03-01,19:48:20.23,2026-03-01T13:48:20.2310144-06:00,2026-03-01T19:48:20.2310144Z,,v3,471594,southernindiana,dbd82bf8479745649ba7c646edcecf86,"Millard, William",10059244,Right,ALA_LIO,078f34c7-ec3a-497e-9a80-e21e6b597603,55.51791,-110.49082,11.44343,5.8552,-4.17663,-14.5547,-1.74787,7.43722,-1.58925,,,,,,,,,,,,,,,,,,,,,,,,,,,,,,,,,,,,,,,,,,,,,,,,,,,High,High,High,,,,,,,,,,,,,,,,,,,,,,,,,,,,,,,,,,,,,,,
79,2026-03-01,13:48:41.25,2,4,"Stogner, John Allen",10028063,Right,ALA_LIO,"Holiday, Khi",833396,Right,SOU_IND16,Undefined,3,Top,1,2,1,Fastball,Changeup,StrikeCalled,Undefined,Undefined,Undefined,0,0,,86.83282,-1.996623,-3.225199,2165.606958,237.318857,2:00,5.66594,1.69321,5.19793,-27.14068,11.30544,15.54013,1.5225,-0.04854,78.89816,-6.999167,-0.474292,0.44627,,,,,,,,,,,,-8.7343,6.62843,-1.40646,50,5.46049,6.38714,-125.67373,-5.36412,-13.85964,27.32852,-21.65603,ALA_LIO,SOU_IND16,MikeDLaneField,D1,ASUN,20260301-MikeDLaneField-1,a6553600-15a7-11f1-829f-abbae8cfcb57,84.46108,,,7.93466,,,,,,,2f230842-10f9-4e90-9219-1d3edf6fc0d7,2026-03-01,19:48:41.25,2026-03-01T13:48:41.2503552-06:00,2026-03-01T19:48:41.2503552Z,,v3,471594,southernindiana,dbd82bf8479745649ba7c646edcecf86,"Millard, William",10059244,Right,ALA_LIO,ac5220cd-b4d3-47ea-b57c-23e911182a2b,55.29917,-126.82083,13.66426,5.66657,-4.45512,-10.82802,-1.68677,6.96889,-6.92982,,,,,,,,,,,,,,,,,,,,,,,,,,,,,,,,,,,,,,,,,,,,,,,,,,,High,High,High,,,,,,230.070633,10.162896,2131.628759,0.98431,1:45,-0.185349,-0.760494,-0.62233,76.698518,53.744324,69.268935,161.943063,-81.814695,0.044131,-0.989813,-0.135363,82.212758,-2.529333,0.989813,-0.044131,0.135363,-82.212758,2.529333,-0.989813,0.044131,0.135363,-161.943063,81.814695,-0.044131,0.989813,-0.135363,,,
80,2026-03-01,13:48:59.38,2,5,"Stogner, John Allen",10028063,Right,ALA_LIO,"Holiday, Khi",833396,Right,SOU_IND16,Undefined,3,Top,1,2,2,Curveball,Curveball,FoulBallNotFieldable,Undefined,Undefined,Undefined,0,0,,78.90322,1.614703,-1.569688,2319.384759,34.251949,7:15,5.69795,1.62882,4.6046,-58.65661,-10.86898,-8.54174,2.34636,-0.57603,71.6344,-8.900938,-3.068137,0.497541,,,,,,,,,,,,3.68374,-5.41689,-1.45863,50,5.80948,3.49831,-114.23648,0.96265,4.79258,24.08099,-39.22148,ALA_LIO,SOU_IND16,MikeDLaneField,D1,ASUN,20260301-MikeDLaneField-1,b12c7ac0-15a7-11f1-829f-abbae8cfcb57,75.75742,,,7.26882,,,,,,,2f230842-10f9-4e90-9219-1d3edf6fc0d7,2026-03-01,19:48:59.38,2026-03-01T13:48:59.3894912-06:00,2026-03-01T19:48:59.3894912Z,,v3,471594,southernindiana,dbd82bf8479745649ba7c646edcecf86,"Millard, William",10059244,Right,ALA_LIO,5314e7db-e84a-4f20-bb44-06f6df5454e0,55.89514,-115.47249,12.0405,5.7084,2.97577,-19.61074,-1.63187,3.25232,2.39629,,,,,,,,,,,,,,,,,,,,,,,,,,,,,,,,,,,,,,,,,,,,,,,,,,,High,High,High,,,,,,,,,,,,,,,,,,,,,,,,,,,,,,,,,,,,,,,
81,2026-03-01,13:49:23.83,2,6,"Stogner, John Allen",10028063,Right,ALA_LIO,"Holiday, Khi",833396,Right,SOU_IND16,Undefined,3,Top,1,2,2,ChangeUp,Splitter,FoulBallNotFieldable,Undefined,Undefined,Undefined,0,0,,75.44669,0.455782,-1.973002,848.673983,334.571951,5:15,5.70368,1.72872,5.05051,-54.85353,-3.17957,2.42634,1.56269,0.06934,68.24501,-9.49804,-1.543582,0.517377,59.27192,46.222154,125.600765,4432.142835,,,,,24.48111,,,-1.87748,-1.22063,-1.54285,50,5.70345,3.66645,-109.21724,-1.00983,-2.22037,22.98384,-33.6176,ALA_LIO,SOU_IND16,MikeDLaneField,D1,ASUN,20260301-MikeDLaneField-1,bfb5f210-15a7-11f1-829f-abbae8cfcb57,72.85291,25.29054,,7.20168,,,,2.22511,1.70646,-0.3809,2f230842-10f9-4e90-9219-1d3edf6fc0d7,2026-03-01,19:49:23.83,2026-03-01T13:49:23.8348800-06:00,2026-03-01T19:49:23.8348800Z,,v3,471594,southernindiana,dbd82bf8479745649ba7c646edcecf86,"Millard, William",10059244,Right,ALA_LIO,b96ca945-955e-41ca-95cb-2f2ea2367988,55.44649,-110.35746,11.49192,5.71219,0.65792,-16.8088,-1.72747,3.7766,-1.11019,,2.2313,-35.19694,-0.15587,,,,,,,1.72425,62.24758,-24.51393,,,,,,,-0.36648,48.48198,-9.56434,,,,,,,,,,,,,,,,,,,,,,,,,,,,,High,High,High,Medium,Undefined,,,,272.196904,-16.567256,813.441864,0.958486,3:00,0.278613,-0.960019,0.027166,41.669622,7.072279,55.250148,127.924142,38.949383,0.613471,0.628634,-0.477989,52.752019,37.840876,0.628634,0.613471,0.477989,-52.752019,-37.840876,-0.628634,-0.613471,0.477989,-127.924142,-38.949383,-0.613471,-0.628634,-0.477989,,,
82,2026-03-01,13:49:47.67,2,7,"Stogner, John Allen",10028063,Right,ALA_LIO,"Holiday, Khi",833396,Right,SOU_IND16,Undefined,3,Top,1,2,2,Fastball,Four-Seam,StrikeSwinging,Strikeout,Undefined,Undefined,0,0,,89.24694,-1.309521,-3.184451,2399.887777,211.041228,1:00,5.92587,1.34523,5.23173,-14.16213,22.51639,12.71646,3.51264,-0.59149,79.97606,-4.052938,-0.934943,0.435891,,,,,,,,,,,,-7.29882,11.98642,-1.06138,50,5.79523,6.56913,-129.02128,-3.33937,-12.09833,31.01217,-12.30571,ALA_LIO,SOU_IND16,MikeDLaneField,D1,ASUN,20260301-MikeDLaneField-1,cdf3e170-15a7-11f1-829f-abbae8cfcb57,86.47226,,,9.27088,,,,,,,2f230842-10f9-4e90-9219-1d3edf6fc0d7,2026-03-01,19:49:47.67,2026-03-01T13:49:47.6780000-06:00,2026-03-01T19:49:47.6780000Z,,v3,471594,southernindiana,dbd82bf8479745649ba7c646edcecf86,"Millard, William",10059244,Right,ALA_LIO,f05f869e-6573-4c1b-9387-be94901b8b8c,55.26055,-130.2796,15.50609,5.92059,-2.84006,-6.15285,-1.33788,7.06002,-6.04916,,,,,,,,,,,,,,,,,,,,,,,,,,,,,73.3569,,,0.900098,,,,0.58861,4.7384,-3.17938,73.57797,7.59347,-51.19992,0.6261,86.50443,-6.06419,4.75947,15.13177,-13.31472,-3.24397,-60.47214,7.99738,High,High,High,,,High,High,High,214.300128,4.524018,2392.410583,0.996884,1:15,-0.111663,-0.563428,-0.818584,-29.58679,-0.134289,13.912504,165.700352,2.747158,0.246709,0.047929,-0.967904,2.834853,14.282865,0.047929,0.246709,0.967904,-2.834853,-14.282865,-0.047929,-0.246709,0.967904,-165.700352,-2.747158,-0.246709,-0.047929,-0.967904,,,
83,2026-03-01,13:50:15.12,3,1,"Stogner, John Allen",10028063,Right,ALA_LIO,"Slack, Clayton",1000132133,Right,SOU_IND16,Undefined,3,Top,2,0,0,ChangeUp,Splitter,BallCalled,Undefined,Undefined,Undefined,0,0,,76.30519,-1.040431,-2.601558,794.045974,11.516665,6:30,5.78299,1.62701,4.91568,-53.54093,-2.34917,-0.88807,0.33639,-0.90847,68.81457,-10.710734,-2.758367,0.514958,,,,,,,,,,,,-0.49783,-0.30098,-1.37222,50,5.63678,5.04668,-110.28442,-3.8749,-0.59586,24.76419,-32.53431,ALA_LIO,SOU_IND16,MikeDLaneField,D1,ASUN,20260301-MikeDLaneField-1,de5a5620-15a7-11f1-829f-abbae8cfcb57,73.19523,,,7.49062,,,,,,,2f230842-10f9-4e90-9219-1d3edf6fc0d7,2026-03-01,19:50:15.12,2026-03-01T13:50:15.1268352-06:00,2026-03-01T19:50:15.1268352Z,,v3,471594,southernindiana,dbd82bf8479745649ba7c646edcecf86,"Millard, William",10059244,Right,ALA_LIO,fa3bb089-2276-42e5-864f-0e0ec7ddd787,55.58084,-111.53055,12.3821,5.79058,-2.23778,-16.26716,-1.62693,5.07666,-0.29793,,,,,,,,,,,,,,,,,,,,,,,,,,,,,,,,,,,,,,,,,,,,,,,,,,,High,High,High,,,,,,272.64071,-35.11043,649.565362,0.818045,3:00,0.591,-0.806598,0.010875,-77.778003,-3.251789,-89.408831,162.796492,54.925443,0.16996,0.818405,-0.548933,56.148875,9.785484,0.818405,0.16996,0.548933,-56.148875,-9.785484,-0.818405,-0.16996,0.548933,-162.796492,-54.925443,-0.16996,-0.818405,-0.548933,,,
84,2026-03-01,13:50:35.67,3,2,"Stogner, John Allen",10028063,Right,ALA_LIO,"Slack, Clayton",1000132133,Right,SOU_IND16,Undefined,3,Top,2,1,0,Curveball,Curveball,BallCalled,Undefined,Undefined,Undefined,0,0,,79.57051,0.110551,-1.12559,2200.106944,45.859376,7:30,5.75359,1.57472,4.46536,-60.42354,-13.22579,-15.31284,0.82371,-0.77458,72.63837,-10.638165,-3.811443,0.494461,,,,,,,,,,,,7.1563,-6.14244,-1.44011,50,5.70599,2.92878,-115.27252,-2.15629,9.47066,24.71468,-40.30296,ALA_LIO,SOU_IND16,MikeDLaneField,D1,ASUN,20260301-MikeDLaneField-1,ea8459a0-15a7-11f1-829f-abbae8cfcb57,76.22936,,,6.93214,,,,,,,2f230842-10f9-4e90-9219-1d3edf6fc0d7,2026-03-01,19:50:35.67,2026-03-01T13:50:35.6746752-06:00,2026-03-01T19:50:35.6746752Z,,v3,471594,southernindiana,dbd82bf8479745649ba7c646edcecf86,"Millard, William",10059244,Right,ALA_LIO,16290f3c-8751-454a-acb0-d2bde02697b0,56.03604,-116.55947,12.35734,5.76363,-0.05761,-20.15148,-1.57978,2.43562,4.73533,,,,,,,,,,,,,,,,,,,,,,,,,,,,,,,,,,,,,,,,,,,,,,,,,,,High,High,High,,,,,,,,,,,,,,,,,,,,,,,,,,,,,,,,,,,,,,,
85,2026-03-01,13:51:02.91,3,3,"Stogner, John Allen",10028063,Right,ALA_LIO,"Slack, Clayton",1000132133,Right,SOU_IND16,Undefined,3,Top,2,2,0,Fastball,Sinker,FoulBallNotFieldable,Undefined,Undefined,Undefined,0,0,,89.24866,-1.874646,-3.099939,2322.252763,226.06299,1:30,5.85784,1.67885,5.3439,-19.92367,16.55178,15.76253,2.43585,0.08172,80.26102,-5.631135,-0.303398,0.434682,84.54372,22.316271,43.314663,5295.305222,73.41058,33.44698,81.91992,252.52328,141.10547,55.812225,3.101643,-8.90638,9.29343,-1.41107,50,5.67499,6.27028,-129.0976,-4.89026,-14.78597,30.95922,-16.74555,ALA_LIO,SOU_IND16,MikeDLaneField,D1,ASUN,20260301-MikeDLaneField-1,fad21630-15a7-11f1-829f-abbae8cfcb57,86.71269,35.26304,,8.98765,,,,0.85091,2.18229,-0.09555,2f230842-10f9-4e90-9219-1d3edf6fc0d7,2026-03-01,19:51:02.91,2026-03-01T13:51:02.9123584-06:00,2026-03-01T19:51:02.9123584Z,LineDrive,v3,471594,southernindiana,dbd82bf8479745649ba7c646edcecf86,"Millard, William",10059244,Right,ALA_LIO,13e8813e-aef3-4697-acbd-55e40274b93b,55.15165,-130.32717,15.47961,5.85601,-4.22519,-8.37278,-1.67176,6.85751,-7.39299,,0.85093,83.46198,-20.55411,4.57855,-1.01873,0.21356,-0.04013,0.00546,-0.00036,2.18228,47.08405,-18.4788,1.50521,-0.26004,0.03495,0.00025,-0.00092,0.00011,-0.09555,78.69172,-5.32862,0.75857,-0.08151,-0.00306,0.00544,-0.00152,0.00015,,,,,,,,,,,,,,,,,,,,,,,High,High,High,High,Medium,,,,221.701506,12.303053,2268.920425,0.977034,1:30,-0.230874,-0.656595,-0.71804,-21.704916,-17.967677,-30.423304,174.119253,21.604802,0.09526,0.368202,-0.924853,21.708498,5.466293,0.368202,0.09526,0.924853,-21.708498,-5.466293,-0.368202,-0.09526,0.924853,-174.119253,-21.604802,-0.09526,-0.368202,-0.924853,,,
86,2026-03-01,13:51:23.89,3,4,"Stogner, John Allen",10028063,Right,ALA_LIO,"Slack, Clayton",1000132133,Right,SOU_IND16,Undefined,3,Top,2,2,1,ChangeUp,Splitter,StrikeCalled,Undefined,Undefined,Undefined,0,0,,77.56111,0.265312,-2.937225,822.567875,264.699297,2:45,5.7628,1.61846,5.10051,-46.58073,2.93701,9.35611,2.1314,-0.37197,69.00675,-8.280055,-1.283002,0.506468,,,,,,,,,,,,-5.71233,1.98354,-1.34872,50,5.75227,5.35347,-111.98517,-1.08637,-7.01426,26.44332,-29.73842,ALA_LIO,SOU_IND16,MikeDLaneField,D1,ASUN,20260301-MikeDLaneField-1,074cd1c0-15a8-11f1-829f-abbae8cfcb57,74.42217,,,8.55436,,,,,,,2f230842-10f9-4e90-9219-1d3edf6fc0d7,2026-03-01,19:51:23.89,2026-03-01T13:51:23.8974976-06:00,2026-03-01T19:51:23.8974976Z,,v3,471594,southernindiana,dbd82bf8479745649ba7c646edcecf86,"Millard, William",10059244,Right,ALA_LIO,88e526b7-28e7-452e-b39a-d4b9860c2c4f,55.39141,-113.25111,13.22166,5.7702,0.33731,-14.86921,-1.61305,5.68927,-3.50713,,,,,,,,,,,,,,,,,,,,,,,,,,,,,,,,,,,,,,,,,,,,,,,,,,,High,High,High,,,,,,274.029826,-19.226183,776.689962,0.944226,3:15,0.327906,-0.943406,0.049619,59.623797,38.546211,72.794708,111.81986,41.198335,0.698527,0.658668,-0.279672,66.993798,44.30898,0.658668,0.698527,0.279672,-66.993798,-44.30898,-0.658668,-0.698527,0.279672,-111.81986,-41.198335,-0.698527,-0.658668,-0.279672,,,
87,2026-03-01,13:51:43.45,3,5,"Stogner, John Allen",10028063,Right,ALA_LIO,"Slack, Clayton",1000132133,Right,SOU_IND16,Undefined,3,Top,2,2,2,Fastball,Four-Seam,BallCalled,Undefined,Undefined,Undefined,0,0,,89.82216,-0.115762,-1.726795,2432.073083,220.419841,1:15,6.01923,1.29421,5.2249,-16.70694,19.51536,15.44997,4.51811,0.95784,80.30542,-3.314945,1.010596,0.433171,,,,,,,,,,,,-8.17949,10.11056,-1.14666,50,5.99675,3.17167,-129.99173,-0.77381,-13.72155,32.22826,-15.21302,ALA_LIO,SOU_IND16,MikeDLaneField,D1,ASUN,20260301-MikeDLaneField-1,12faa060-15a8-11f1-829f-abbae8cfcb57,87.01516,,,9.51674,,,,,,,2f230842-10f9-4e90-9219-1d3edf6fc0d7,2026-03-01,19:51:43.45,2026-03-01T13:51:43.4535424-06:00,2026-03-01T19:51:43.4535424Z,,v3,471594,southernindiana,dbd82bf8479745649ba7c646edcecf86,"Millard, William",10059244,Right,ALA_LIO,0443e2bc-663d-4333-b2ad-e59b7ae59422,55.2672,-131.2911,16.11413,6.01558,-0.16045,-7.60651,-1.28569,3.7249,-6.86077,,,,,,,,,,,,,,,,,,,,,,,,,,,,,,,,,,,,,,,,,,,,,,,,,,,High,High,High,,,,,,216.855192,2.73217,2429.308468,0.998863,1:15,-0.07052,-0.599208,-0.797482,-34.132202,-16.659032,4.545233,159.898537,4.569011,0.342591,0.07966,-0.936101,4.864005,20.03484,0.07966,0.342591,0.936101,-4.864005,-20.03484,-0.07966,-0.342591,0.936101,-159.898537,-4.569011,-0.342591,-0.07966,-0.936101,,,
88,2026-03-01,13:52:03.52,3,6,"Stogner, John Allen",10028063,Right,ALA_LIO,"Slack, Clayton",1000132133,Right,SOU_IND16,Undefined,3,Top,2,3,2,ChangeUp,Splitter,InPlay,Undefined,GroundBall,Error,0,0,,73.31365,0.299477,-2.260081,834.319823,290.97908,3:45,5.92903,1.39303,5.1143,-54.14247,0.53642,3.9917,1.6995,-0.40451,66.25862,-9.5572,-1.553121,0.532208,85.58945,-2.747421,-28.233379,2791.317426,,,,31.95488,31.67744,-27.736526,0.236599,-2.77977,0.66732,-1.18358,50,5.91514,4.03686,-106.10488,-1.2036,-3.0981,21.93886,-31.43031,ALA_LIO,SOU_IND16,MikeDLaneField,D1,ASUN,20260301-MikeDLaneField-1,1eed1920-15a8-11f1-829f-abbae8cfcb57,70.82279,2.22457,,7.05503,,,,2.95911,2.22457,-0.23258,2f230842-10f9-4e90-9219-1d3edf6fc0d7,2026-03-01,19:52:03.52,2026-03-01T13:52:03.5249152-06:00,2026-03-01T19:52:03.5249152Z,GroundBall,v3,471594,southernindiana,dbd82bf8479745649ba7c646edcecf86,"Millard, William",10059244,Right,ALA_LIO,5a6dbacb-12e7-4259-9736-2c659a217787,55.38273,-107.21207,10.96943,5.93585,0.38259,-15.71515,-1.39125,4.19321,-1.54905,,2.95921,110.46361,-14.50035,,,,,,,2.22489,-6.03485,-14.24398,,,,,,,-0.23141,-59.3808,-10.5808,,,,,,,,,,,,,,,,,,,,,,,,,,,,,High,High,High,Medium,High,,,,273.25914,-17.225626,796.897248,0.955146,3:00,0.293062,-0.955136,0.042778,80.891142,22.087999,68.67385,148.523436,47.85989,0.350334,0.741506,-0.572219,52.342712,20.50776,0.741506,0.350334,0.572219,-52.342712,-20.50776,-0.741506,-0.350334,0.572219,-148.523436,-47.85989,-0.350334,-0.741506,-0.572219,,,
89,2026-03-01,13:52:46.47,4,1,"Stogner, John Allen",10028063,Right,ALA_LIO,"McLellan, Patrick",1000305136,Right,SOU_IND16,Undefined,3,Top,2,0,0,Fastball,Changeup,BallCalled,Undefined,Undefined,Undefined,0,0,,85.90616,-2.142124,-4.614986,2192.327187,239.899001,2:00,5.82443,1.83735,4.85025,-27.13533,12.64717,19.46659,1.52778,-0.91866,78.22416,-7.111779,-1.199163,0.45396,,,,,,,,,,,,-10.89863,7.2426,-1.39839,50,5.58961,9.11944,-124.10369,-5.66585,-16.94055,25.61103,-20.91629,ALA_LIO,SOU_IND16,MikeDLaneField,D1,ASUN,20260301-MikeDLaneField-1,3889a5b0-15a8-11f1-829f-abbae8cfcb57,83.03035,,,7.682,,,,,,,2f230842-10f9-4e90-9219-1d3edf6fc0d7,2026-03-01,19:52:46.47,2026-03-01T13:52:46.4740352-06:00,2026-03-01T19:52:46.4740352Z,,v3,471594,southernindiana,dbd82bf8479745649ba7c646edcecf86,"Millard, William",10059244,Right,ALA_LIO,3fc8729d-b241-4907-85ec-57f2e23c271b,55.64713,-125.26366,12.80552,5.82478,-4.71852,-10.45814,-1.8288,9.8867,-8.47027,,,,,,,,,,,,,,,,,,,,,,,,,,,,,,,,,,,,,,,,,,,,,,,,,,,High,High,High,,,,,,,,,,,,,,,,,,,,,,,,,,,,,,,,,,,,,,,
90,2026-03-01,13:53:03.19,4,2,"Stogner, John Allen",10028063,Right,ALA_LIO,"McLellan, Patrick",1000305136,Right,SOU_IND16,Undefined,3,Top,2,1,0,Fastball,Sinker,StrikeCalled,Undefined,Undefined,Undefined,0,0,,87.26875,-2.135191,-2.325059,2196.477996,229.097154,1:45,5.75663,1.67382,4.86115,-22.23926,16.30674,17.25513,1.87989,0.90998,79.11785,-6.255667,0.712537,0.446849,,,,,,,,,,,,-9.14323,9.05997,-1.45995,50,5.52791,4.30665,-126.27853,-5.50898,-14.64364,27.66856,-17.66375,ALA_LIO,SOU_IND16,MikeDLaneField,D1,ASUN,20260301-MikeDLaneField-1,42794990-15a8-11f1-829f-abbae8cfcb57,84.35158,,,8.1509,,,,,,,2f230842-10f9-4e90-9219-1d3edf6fc0d7,2026-03-01,19:53:03.19,2026-03-01T13:53:03.1951360-06:00,2026-03-01T19:53:03.1951360Z,,v3,471594,southernindiana,dbd82bf8479745649ba7c646edcecf86,"Millard, William",10059244,Right,ALA_LIO,942937d6-a359-49fc-b148-51a4f06d0e65,55.63412,-127.50703,13.83428,5.7551,-4.7247,-8.83188,-1.6656,4.95683,-7.32182,,,,,,,,,,,,,,,,,,,,,,,,,,,,,,,,,,,,,,,,,,,,,,,,,,,High,High,High,,,,,,228.840314,2.682797,2194.070598,0.998904,1:45,-0.04541,-0.753275,-0.656136,-104.437134,36.396901,60.784952,118.447518,-79.692271,0.157329,-0.983861,-0.085236,85.048572,-9.051909,0.983861,-0.157329,0.085236,-85.048572,9.051909,-0.983861,0.157329,0.085236,-118.447518,79.692271,-0.157329,0.983861,-0.085236,,,
91,2026-03-01,13:53:40.98,4,3,"Stogner, John Allen",10028063,Right,ALA_LIO,"McLellan, Patrick",1000305136,Right,SOU_IND16,Undefined,3,Top,2,1,1,ChangeUp,Splitter,BallCalled,Undefined,Undefined,Undefined,0,0,,74.92119,-0.455591,-3.613776,777.235047,291.072983,3:45,5.77992,1.6469,5.34628,-52.099,0.07134,5.05595,1.01013,-1.32595,67.58683,-9.964462,-2.71588,0.519856,,,,,,,,,,,,-3.80559,0.77193,-1.32481,50,5.70194,6.64547,-108.29494,-2.55305,-4.40704,23.29336,-31.28012,ALA_LIO,SOU_IND16,MikeDLaneField,D1,ASUN,20260301-MikeDLaneField-1,590784b0-15a8-11f1-829f-abbae8cfcb57,72.50548,,,7.33436,,,,,,,2f230842-10f9-4e90-9219-1d3edf6fc0d7,2026-03-01,19:53:40.98,2026-03-01T13:53:40.9866752-06:00,2026-03-01T19:53:40.9866752Z,,v3,471594,southernindiana,dbd82bf8479745649ba7c646edcecf86,"Millard, William",10059244,Right,ALA_LIO,9816a643-aa6c-4a1f-a079-dc0d0a660585,55.1491,-109.39687,11.64668,5.78771,-1.0733,-15.64006,-1.64411,6.85395,-2.20352,,,,,,,,,,,,,,,,,,,,,,,,,,,,,,,,,,,,,,,,,,,,,,,,,,,High,High,High,,,,,,271.630629,-23.611389,712.167362,0.916283,3:00,0.408634,-0.912698,0.000318,51.59371,-7.659927,60.85651,147.226107,36.296106,0.436291,0.591958,-0.677669,41.137906,25.867472,0.591958,0.436291,0.677669,-41.137906,-25.867472,-0.591958,-0.436291,0.677669,-147.226107,-36.296106,-0.436291,-0.591958,-0.677669,,,
92,2026-03-01,13:54:03.62,4,4,"Stogner, John Allen",10028063,Right,ALA_LIO,"McLellan, Patrick",1000305136,Right,SOU_IND16,Undefined,3,Top,2,2,1,Curveball,Curveball,StrikeCalled,Undefined,Undefined,Undefined,0,0,,78.61961,1.510434,-0.511342,2209.373146,46.873512,7:30,5.71693,1.6451,4.78327,-56.61125,-8.95256,-11.30686,2.43133,0.21819,71.51739,-8.679957,-2.502615,0.49687,,,,,,,,,,,,5.38016,-4.36969,-1.58362,50,5.81825,1.50085,-113.92126,0.86558,6.98074,23.40586,-37.84371,ALA_LIO,SOU_IND16,MikeDLaneField,D1,ASUN,20260301-MikeDLaneField-1,66824b20-15a8-11f1-829f-abbae8cfcb57,75.8598,,,7.10223,,,,,,,2f230842-10f9-4e90-9219-1d3edf6fc0d7,2026-03-01,19:54:03.62,2026-03-01T13:54:03.6230656-06:00,2026-03-01T19:54:03.6230656Z,,v3,471594,southernindiana,dbd82bf8479745649ba7c646edcecf86,"Millard, William",10059244,Right,ALA_LIO,3d001922-b74e-4366-afdc-c90492495d6b,55.71573,-115.0896,11.70293,5.72789,2.75461,-18.92185,-1.64984,1.1524,3.49037,,,,,,,,,,,,,,,,,,,,,,,,,,,,,,,,,,,,,,,,,,,,,,,,,,,High,High,High,,,,,,,,,,,,,,,,,,,,,,,,,,,,,,,,,,,,,,,
93,2026-03-01,13:54:21.47,4,5,"Stogner, John Allen",10028063,Right,ALA_LIO,"McLellan, Patrick",1000305136,Right,SOU_IND16,Undefined,3,Top,2,2,2,Fastball,Four-Seam,BallCalled,Undefined,Undefined,Undefined,0,0,,89.97792,-0.51964,-2.234496,2433.270685,216.29948,1:15,5.99483,1.34166,5.24249,-15.03761,21.02836,14.44198,4.25296,0.44412,80.489,-3.421101,0.324029,0.432235,,,,,,,,,,,,-7.86071,10.99859,-1.14715,50,5.93657,4.38365,-130.19063,-1.61476,-13.2385,32.11362,-13.65097,ALA_LIO,SOU_IND16,MikeDLaneField,D1,ASUN,20260301-MikeDLaneField-1,7123b2d0-15a8-11f1-829f-abbae8cfcb57,87.20354,,,9.48892,,,,,,,2f230842-10f9-4e90-9219-1d3edf6fc0d7,2026-03-01,19:54:21.47,2026-03-01T13:54:21.4743040-06:00,2026-03-01T19:54:21.4743040Z,,v3,471594,southernindiana,dbd82bf8479745649ba7c646edcecf86,"Millard, William",10059244,Right,ALA_LIO,75d649de-a3c7-47d9-b7b5-de0801dce7ec,55.2499,-131.47923,16.05681,5.99038,-1.067,-6.82548,-1.3337,4.91486,-6.61925,,,,,,,,,,,,,,,,,,,,,,,,,,,,,,,,,,,,,,,,,,,,,,,,,,,High,High,High,,,,,,216.6616,1.761317,2432.121061,0.999528,1:15,-0.056564,-0.59706,-0.8002,-30.524875,-10.997843,11.911493,160.790345,6.448332,0.326944,0.112307,-0.938347,6.825051,19.083407,0.112307,0.326944,0.938347,-6.825051,-19.083407,-0.112307,-0.326944,0.938347,-160.790345,-6.448332,-0.326944,-0.112307,-0.938347,,,
94,2026-03-01,13:54:41.22,4,6,"Stogner, John Allen",10028063,Right,ALA_LIO,"McLellan, Patrick",1000305136,Right,SOU_IND16,Undefined,3,Top,2,3,2,Fastball,Changeup,InPlay,Undefined,LineDrive,Single,1,0,,85.23022,-2.327285,-3.600978,2173.387328,228.948734,1:45,5.72849,1.6045,5.2813,-23.26021,16.62588,17.45769,1.59901,-0.32691,77.24121,-6.66638,-0.508517,0.45455,88.03425,11.63182,17.31263,4211.837107,102.2611,13.27458,40.52865,193.71897,192.93684,25.07879,1.948179,-9.8519,9.44276,-1.28918,50,5.49926,6.99876,-123.27485,-5.78744,-15.01746,26.66223,-17.78024,ALA_LIO,SOU_IND16,MikeDLaneField,D1,ASUN,20260301-MikeDLaneField-1,7ce69010-15a8-11f1-829f-abbae8cfcb57,82.92247,13.31928,,7.98901,,,,0.80968,1.34441,0.28137,2f230842-10f9-4e90-9219-1d3edf6fc0d7,2026-03-01,19:54:41.22,2026-03-01T13:54:41.2271104-06:00,2026-03-01T19:54:41.2271104Z,LineDrive,v3,471594,southernindiana,dbd82bf8479745649ba7c646edcecf86,"Millard, William",10059244,Right,ALA_LIO,9b157ca3-8813-4b05-ab91-3b63d77c3671,55.21564,-124.39779,13.33112,5.72724,-5.03859,-8.89012,-1.59726,7.63125,-7.50873,,0.8097,120.73414,-22.60349,4.73489,-0.81871,-0.00494,0.08617,-0.03203,0.00408,1.34438,26.03533,-14.57576,0.56177,-0.28833,0.3392,-0.21169,0.06506,-0.00781,0.28134,37.6366,4.10283,-1.44218,0.17797,0.21909,-0.18008,0.05829,-0.00712,,,,,,,,,,,,,,,,,,,,,,,High,High,High,High,High,,,,222.908792,1.143329,2172.954625,0.999801,1:30,-0.038304,-0.680947,-0.731331,44.176789,6.672928,4.526459,173.948279,86.708536,0.006053,0.99835,-0.057095,86.726839,0.346818,0.99835,0.006053,0.057095,-86.726839,-0.346818,-0.99835,-0.006053,0.057095,-173.948279,-86.708536,-0.006053,-0.99835,-0.057095,,,
95,2026-03-01,13:58:14.44,1,1,"East, Levin",1000137544,Right,SOU_IND16,"Coleman, Dylan",1000397112,Right,ALA_LIO,Undefined,3,Bottom,0,0,0,Slider,Slider,StrikeCalled,Undefined,Undefined,Undefined,0,0,,83.23053,0.115246,-2.947185,2233.172889,73.572791,8:30,5.12039,2.70528,5.86663,-42.11089,-0.74126,-7.80961,1.71835,-0.68559,74.85735,-7.66476,-4.346056,0.462927,,,,,,,,,,,,2.94866,0.04323,-2.46194,50,5.10571,6.51899,-120.51045,-1.16992,4.22765,28.88523,-32.11205,ALA_LIO,SOU_IND16,MikeDLaneField,D1,ASUN,20260301-MikeDLaneField-1,fbf6caa0-15a8-11f1-829f-abbae8cfcb57,81.42204,,,8.37318,,,,,,,2f230842-10f9-4e90-9219-1d3edf6fc0d7,2026-03-01,19:58:14.44,2026-03-01T13:58:14.4455680-06:00,2026-03-01T19:58:14.4455680Z,,v3,471594,southernindiana,dbd82bf8479745649ba7c646edcecf86,"Wall, Micajah",1000131896,Right,SOU_IND16,5b0fdc89-a057-4bda-959a-9d8b87949dd1,54.62877,-121.61486,14.44261,5.12697,0.05787,-16.05603,-2.7081,6.35735,2.11383,,,,,,,,,,,,,,,,,,,,,,,,,,,,,,,,,,,,,,,,,,,,,,,,,,,High,High,High,,,,,,200.215143,79.769968,396.612802,0.177601,12:45,-0.991491,-0.05939,-0.115836,-56.626757,1.854123,-52.980466,144.464187,20.116546,0.545755,0.343931,-0.764109,24.232836,33.076264,0.343931,0.545755,0.764109,-24.232836,-33.076264,-0.343931,-0.545755,0.764109,-144.464187,-20.116546,-0.545755,-0.343931,-0.764109,,,
96,2026-03-01,13:58:30.78,1,2,"East, Levin",1000137544,Right,SOU_IND16,"Coleman, Dylan",1000397112,Right,ALA_LIO,Undefined,3,Bottom,0,0,1,Fastball,Four-Seam,BallCalled,Undefined,Undefined,Undefined,0,0,,90.90907,0.366264,-3.332461,1838.883702,218.178844,1:15,5.33601,2.61394,6.05001,-18.6856,15.40591,11.16131,4.11851,0.45569,81.84407,-3.207357,-1.328301,0.420237,,,,,,,,,,,,-6.72764,8.13894,-2.36005,50,5.35449,7.17698,-131.70354,0.2957,-11.66573,31.30781,-18.06112,ALA_LIO,SOU_IND16,MikeDLaneField,D1,ASUN,20260301-MikeDLaneField-1,05bbdc10-15a9-11f1-829f-abbae8cfcb57,89.69325,,,9.065,,,,,,,2f230842-10f9-4e90-9219-1d3edf6fc0d7,2026-03-01,19:58:30.78,2026-03-01T13:58:30.7882496-06:00,2026-03-01T19:58:30.7882496Z,,v3,471594,southernindiana,dbd82bf8479745649ba7c646edcecf86,"Wall, Micajah",1000131896,Right,SOU_IND16,c00fc0eb-40fa-413d-a25b-cc9cfdb09421,54.44388,-132.75572,15.65391,5.33435,0.90268,-9.03056,-2.60783,7.56903,-5.83286,,,,,,,,,,,,,,,,,,,,,,,,,,,,,,,,,,,,,,,,,,,,,,,,,,,High,High,High,,,,,,220.391594,15.665863,1770.574317,0.962853,1:15,-0.316175,-0.622198,-0.716173,11.073902,32.6634,87.346043,171.390359,-5.684928,0.148965,-0.099058,-0.983868,5.749289,-8.566977,0.099058,-0.148965,0.983868,-5.749289,8.566977,-0.099058,0.148965,0.983868,-171.390359,5.684928,-0.148965,0.099058,-0.983868,,,
97,2026-03-01,13:58:44.75,1,3,"East, Levin",1000137544,Right,SOU_IND16,"Coleman, Dylan",1000397112,Right,ALA_LIO,Undefined,3,Bottom,0,1,1,Fastball,Four-Seam,InPlay,Undefined,FlyBall,HomeRun,0,1,,90.6546,-1.250576,-3.169559,1805.637338,218.737883,1:15,5.27441,2.73591,5.97995,-19.19304,15.07599,11.13398,2.51384,0.72279,82.02837,-4.897125,-1.171635,0.42133,92.03522,29.547666,-31.481878,2678.894578,91.88793,56.41755,-60.46982,353.78353,307.03155,-37.666865,4.719155,-6.72835,8.48678,-2.49159,50,5.16497,6.80745,-131.4053,-3.45924,-11.63942,30.60897,-17.49273,ALA_LIO,SOU_IND16,MikeDLaneField,D1,ASUN,20260301-MikeDLaneField-1,0e0fd150-15a9-11f1-829f-abbae8cfcb57,89.46064,75.51643,,8.62623,,,,1.93564,2.78759,-0.88406,2f230842-10f9-4e90-9219-1d3edf6fc0d7,2026-03-01,19:58:44.75,2026-03-01T13:58:44.7578624-06:00,2026-03-01T19:58:44.7578624Z,FlyBall,v3,471594,southernindiana,dbd82bf8479745649ba7c646edcecf86,"Wall, Micajah",1000131896,Right,SOU_IND16,ad90a166-81ba-475f-8e9a-07bacb96993b,54.51738,-132.45338,15.30449,5.27316,-2.86027,-8.74637,-2.73151,7.20599,-5.81971,,1.93631,100.12865,-20.05508,4.73332,-0.91645,0.17332,-0.03256,0.00429,-0.00025,2.78848,66.5464,-16.30553,0.4209,0.20214,-0.15248,0.04687,-0.00667,0.00036,-0.88417,-61.32291,7.31294,-1.60192,0.29217,-0.05515,0.0109,-0.0015,9E-05,,,,,,,,,,,,,,,,,,,,,,,High,High,High,High,Medium,,,,222.268884,16.8713,1727.921047,0.956959,1:30,-0.314838,-0.649842,-0.691797,-6.215465,38.235375,66.108791,172.017551,-7.574651,0.137658,-0.131818,-0.981669,7.647889,-7.912345,0.131818,-0.137658,0.981669,-7.647889,7.912345,-0.131818,0.137658,0.981669,-172.017551,7.574651,-0.137658,0.131818,-0.981669,,,
98,2026-03-01,13:59:33.77,2,1,"East, Levin",1000137544,Right,SOU_IND16,"Rippen, Nash",1000353531,Left,ALA_LIO,Undefined,3,Bottom,0,0,0,Fastball,Sinker,FoulBallNotFieldable,Undefined,Undefined,Undefined,0,0,,91.21247,-1.430832,-4.479781,1815.998995,222.224112,1:30,5.21513,2.64755,6.17237,-18.37544,15.3015,12.81729,2.35804,-0.43019,82.53309,-4.937592,-2.177146,0.417674,,,,,,,,,,,,-8.01993,8.70111,-2.3145,50,5.09722,9.81304,-132.05604,-3.84495,-14.02453,30.67147,-16.95837,ALA_LIO,SOU_IND16,MikeDLaneField,D1,ASUN,20260301-MikeDLaneField-1,2b484950-15a9-11f1-829f-abbae8cfcb57,90.24362,,,8.67938,,,,,,,2f230842-10f9-4e90-9219-1d3edf6fc0d7,2026-03-01,19:59:33.77,2026-03-01T13:59:33.7712640-06:00,2026-03-01T19:59:33.7712640Z,,v3,471594,southernindiana,dbd82bf8479745649ba7c646edcecf86,"Wall, Micajah",1000131896,Right,SOU_IND16,1a335efd-73c9-4678-89c5-6ffc29ceb222,54.32492,-133.05676,15.33574,5.21365,-3.29165,-8.47919,-2.64214,10.27061,-7.01227,,,,,,,,,,,,,,,,,,,,,,,,,,,,,,,,,,,,,,,,,,,,,,,,,,,High,High,High,,,,,,,,,,,,,,,,,,,,,,,,,,,,,,,,,,,,,,,
99,2026-03-01,13:59:59.03,2,2,"East, Levin",1000137544,Right,SOU_IND16,"Rippen, Nash",1000353531,Left,ALA_LIO,Undefined,3,Bottom,0,0,1,Fastball,Sinker,BallCalled,Undefined,Undefined,Undefined,0,0,,90.89849,-0.23804,-2.875664,1981.615125,228.610965,1:30,5.34144,2.69842,6.0503,-19.55623,14.38717,14.9945,3.49113,1.28372,82.19815,-3.95883,-0.180206,0.419323,,,,,,,,,,,,-8.54851,7.81174,-2.48232,50,5.31242,5.97286,-131.82631,-1.14104,-14.89947,30.52017,-18.55877,ALA_LIO,SOU_IND16,MikeDLaneField,D1,ASUN,20260301-MikeDLaneField-1,3a489e50-15a9-11f1-829f-abbae8cfcb57,89.88869,,,8.70034,,,,,,,2f230842-10f9-4e90-9219-1d3edf6fc0d7,2026-03-01,19:59:59.03,2026-03-01T13:59:59.0301184-06:00,2026-03-01T19:59:59.0301184Z,,v3,471594,southernindiana,dbd82bf8479745649ba7c646edcecf86,"Wall, Micajah",1000131896,Right,SOU_IND16,5c183263-835e-4e51-8a45-0beba1548693,54.4456,-132.85156,15.26009,5.34028,-0.51761,-9.27938,-2.69137,6.47337,-7.44973,,,,,,,,,,,,,,,,,,,,,,,,,,,,,,,,,,,,,,,,,,,,,,,,,,,High,High,High,,,,,,229.255222,18.617417,1877.919994,0.947671,1:45,-0.346895,-0.719299,-0.601891,-0.550762,40.156887,64.89569,167.179636,-1.37269,0.221831,-0.023956,-0.974791,1.407772,-12.816622,0.023956,-0.221831,0.974791,-1.407772,12.816622,-0.023956,0.221831,0.974791,-167.179636,1.37269,-0.221831,0.023956,-0.974791,,,
100,2026-03-01,14:00:13.64,2,3,"East, Levin",1000137544,Right,SOU_IND16,"Rippen, Nash",1000353531,Left,ALA_LIO,Undefined,3,Bottom,0,1,1,ChangeUp,Changeup,BallCalled,Undefined,Undefined,Undefined,0,0,,84.64532,-1.640313,-4.585933,1566.908144,250.897391,2:15,4.99715,2.84016,6.42493,-31.03852,7.54359,18.02875,0.89764,0.11831,77.20124,-7.451886,-1.32657,0.447059,,,,,,,,,,,,-10.80989,4.80244,-2.52071,50,4.86589,9.17272,-122.64859,-4.43731,-16.36679,25.62109,-24.90287,ALA_LIO,SOU_IND16,MikeDLaneField,D1,ASUN,20260301-MikeDLaneField-1,4343f720-15a9-11f1-829f-abbae8cfcb57,84.31207,,,7.44407,,,,,,,2f230842-10f9-4e90-9219-1d3edf6fc0d7,2026-03-01,20:00:13.64,2026-03-01T14:00:13.6488448-06:00,2026-03-01T20:00:13.6488448Z,,v3,471594,southernindiana,dbd82bf8479745649ba7c646edcecf86,"Wall, Micajah",1000131896,Right,SOU_IND16,503dd8a6-86b5-436a-8040-a79f0d577f04,54.07409,-123.49673,12.81055,4.99913,-3.61295,-12.45143,-2.83332,9.71451,-8.1834,,,,,,,,,,,,,,,,,,,,,,,,,,,,,,,,,,,,,,,,,,,,,,,,,,,High,High,High,,,,,,,,,,,,,,,,,,,,,,,,,,,,,,,,,,,,,,,
101,2026-03-01,14:00:28.12,2,4,"East, Levin",1000137544,Right,SOU_IND16,"Rippen, Nash",1000353531,Left,ALA_LIO,Undefined,3,Bottom,0,2,1,ChangeUp,Changeup,StrikeSwinging,Undefined,Undefined,Undefined,0,0,,85.39721,-1.573195,-4.405867,1581.919718,248.72077,2:15,5.10214,2.81123,6.44849,-29.57852,8.22115,17.88355,1.18724,0.24563,77.95278,-7.120279,-1.170583,0.442502,,,,,,,,,,,,-10.65382,5.12839,-2.50623,50,4.97716,8.87191,-123.7876,-4.27976,-16.45686,25.74509,-24.25226,ALA_LIO,SOU_IND16,MikeDLaneField,D1,ASUN,20260301-MikeDLaneField-1,4bafba20-15a9-11f1-829f-abbae8cfcb57,85.18021,,,7.44443,,,,,,,2f230842-10f9-4e90-9219-1d3edf6fc0d7,2026-03-01,20:00:28.12,2026-03-01T14:00:28.1216000-06:00,2026-03-01T20:00:28.1216000Z,,v3,471594,southernindiana,dbd82bf8479745649ba7c646edcecf86,"Wall, Micajah",1000131896,Right,SOU_IND16,b2299e9e-8177-45d8-912e-6eea0df09cc3,54.05041,-124.62715,12.87255,5.10383,-3.48889,-12.12613,-2.8043,9.40856,-8.22843,,,,,,,,,,,,,,,,,,,,,,,,,,,,,,,,,,,,,,,,,,,,,,,,,,,High,High,High,,,,,,240.136379,-17.846486,1505.799415,0.951881,2:00,0.291631,-0.816759,-0.497852,28.506067,65.137588,53.073462,131.113814,-70.575493,0.250556,-0.94308,-0.21868,76.945054,-14.510401,0.94308,-0.250556,0.21868,-76.945054,14.510401,-0.94308,0.250556,0.21868,-131.113814,70.575493,-0.250556,0.94308,-0.21868,,,
102,2026-03-01,14:00:51.80,2,5,"East, Levin",1000137544,Right,SOU_IND16,"Rippen, Nash",1000353531,Left,ALA_LIO,Undefined,3,Bottom,0,2,2,Fastball,Sinker,BallCalled,Undefined,Undefined,Undefined,0,0,,91.56722,1.121342,-2.349778,1888.004222,220.348436,1:15,5.33918,2.6355,6.13398,-18.11481,15.02513,11.85548,4.867,1.45048,83.16827,-2.334325,-0.214938,0.414331,,,,,,,,,,,,-6.74894,7.73914,-2.46183,50,5.4153,4.94198,-132.90613,2.07105,-12.03067,29.38729,-18.37827,ALA_LIO,SOU_IND16,MikeDLaneField,D1,ASUN,20260301-MikeDLaneField-1,59beaa40-15a9-11f1-829f-abbae8cfcb57,90.97186,,,8.39895,,,,,,,2f230842-10f9-4e90-9219-1d3edf6fc0d7,2026-03-01,20:00:51.80,2026-03-01T14:00:51.8093312-06:00,2026-03-01T20:00:51.8093312Z,,v3,471594,southernindiana,dbd82bf8479745649ba7c646edcecf86,"Wall, Micajah",1000131896,Right,SOU_IND16,4d43eba7-e505-4c18-a60a-a1e7f231f4ef,54.36196,-133.86714,14.69365,5.33775,2.67204,-9.18913,-2.62987,5.3354,-6.01533,,,,,,,,,,,,,,,,,,,,,,,,,,,,,,,,,,,,,,,,,,,,,,,,,,,High,High,High,,,,,,228.681286,10.515003,1856.299262,0.983207,1:30,-0.223359,-0.734724,-0.64054,-22.855231,33.419625,46.417016,167.280796,-2.061902,0.220031,-0.035979,-0.974829,2.113725,-12.710831,0.035979,-0.220031,0.974829,-2.113725,12.710831,-0.035979,0.220031,0.974829,-167.280796,2.061902,-0.220031,0.035979,-0.974829,,,
103,2026-03-01,14:01:09.02,2,6,"East, Levin",1000137544,Right,SOU_IND16,"Rippen, Nash",1000353531,Left,ALA_LIO,Undefined,3,Bottom,0,3,2,Fastball,Sinker,BallCalled,Walk,Undefined,Undefined,0,0,,90.62916,-2.650252,-4.063577,1889.620045,227.69593,1:30,5.25095,2.65057,6.28559,-19.88887,13.55513,13.78497,1.14319,0.04806,83.4573,-6.394255,-1.578145,0.416227,,,,,,,,,,,,-8.20185,8.043,-2.35712,50,5.04532,8.7779,-131.40642,-6.69387,-14.44618,25.93628,-18.00763,ALA_LIO,SOU_IND16,MikeDLaneField,D1,ASUN,20260301-MikeDLaneField-1,64091850-15a9-11f1-829f-abbae8cfcb57,90.55739,,,7.17186,,,,,,,2f230842-10f9-4e90-9219-1d3edf6fc0d7,2026-03-01,20:01:09.02,2026-03-01T14:01:09.0210816-06:00,2026-03-01T20:01:09.0210816Z,,v3,471594,southernindiana,dbd82bf8479745649ba7c646edcecf86,"Wall, Micajah",1000131896,Right,SOU_IND16,23c30a5c-2371-4c94-a2bd-bda56db1bc09,54.21318,-132.23538,12.96814,5.25007,-6.11832,-9.00381,-2.64505,9.23962,-7.22309,,,,,,,,,,,,,,,,,,,,,,,,,,,,,,,,,,,,,,,,,,,,,,,,,,,High,High,High,,,,,,225.572535,5.600417,1880.600303,0.995227,1:30,-0.113828,-0.714481,-0.690334,-9.576561,20.547069,66.099413,155.530723,1.988071,0.413956,0.034691,-0.909636,2.184071,24.453583,0.034691,0.413956,0.909636,-2.184071,-24.453583,-0.034691,-0.413956,0.909636,-155.530723,-1.988071,-0.413956,-0.034691,-0.909636,,,
104,2026-03-01,14:02:32.44,3,1,"East, Levin",1000137544,Right,SOU_IND16,"Millard, William",10059244,Right,ALA_LIO,Undefined,3,Bottom,0,0,0,Fastball,Four-Seam,BallCalled,Undefined,Undefined,Undefined,0,0,,90.73998,-0.911545,-4.695217,2044.415989,214.558544,1:15,5.3743,2.52978,6.19195,-16.45068,17.34784,11.18343,3.15894,-0.88276,82.54434,-4.064154,-2.687242,0.418428,,,,,,,,,,,,-7.08693,9.54989,-2.18075,50,5.29692,10.32126,-131.41121,-2.54743,-12.36425,28.44298,-15.51283,ALA_LIO,SOU_IND16,MikeDLaneField,D1,ASUN,20260301-MikeDLaneField-1,95dd9860-15a9-11f1-829f-abbae8cfcb57,90.08114,,,8.19564,,,,,,,2f230842-10f9-4e90-9219-1d3edf6fc0d7,2026-03-01,20:02:32.44,2026-03-01T14:02:32.4443136-06:00,2026-03-01T20:02:32.4443136Z,,v3,471594,southernindiana,dbd82bf8479745649ba7c646edcecf86,"Wall, Micajah",1000131896,Right,SOU_IND16,69c56cd9-a5d4-4edf-936e-e03768e475a0,54.30432,-132.33957,14.22149,5.3718,-2.04111,-7.75641,-2.52421,10.72482,-6.18212,,,,,,,,,,,,,,,,,,,,,,,,,,,,,,,,,,,,,,,,,,,,,,,,,,,High,High,High,,,,,,,,,,,,,,,,,,,,,,,,,,,,,,,,,,,,,,,
105,2026-03-01,14:02:49.16,3,2,"East, Levin",1000137544,Right,SOU_IND16,"Millard, William",10059244,Right,ALA_LIO,Undefined,3,Bottom,0,1,0,Fastball,Four-Seam,StrikeCalled,Undefined,Undefined,Undefined,0,0,,88.8944,-2.12305,-3.490403,1974.422659,220.258419,1:15,5.27716,2.61643,6.22987,-20.07292,14.91721,11.68473,1.64122,0.36604,81.35152,-5.919943,-1.384199,0.42574,,,,,,,,,,,,-7.03654,8.66772,-2.36128,50,5.10829,7.39776,-128.93118,-5.37357,-11.84887,26.71175,-17.57843,ALA_LIO,SOU_IND16,MikeDLaneField,D1,ASUN,20260301-MikeDLaneField-1,9fae4290-15a9-11f1-829f-abbae8cfcb57,88.53398,,,7.54288,,,,,,,2f230842-10f9-4e90-9219-1d3edf6fc0d7,2026-03-01,20:02:49.16,2026-03-01T14:02:49.1672576-06:00,2026-03-01T20:02:49.1672576Z,,v3,471594,southernindiana,dbd82bf8479745649ba7c646edcecf86,"Wall, Micajah",1000131896,Right,SOU_IND16,0dcd4aaa-a8b7-48ec-98b1-71d8c3adc811,54.26821,-129.81245,13.35588,5.27601,-4.79362,-8.78921,-2.6118,7.78867,-5.92444,,,,,,,,,,,,,,,,,,,,,,,,,,,,,,,,,,,,,,,,,,,,,,,,,,,High,High,High,,,,,,224.696215,16.719504,1890.953186,0.957725,1:30,-0.303495,-0.683809,-0.663548,-43.785857,28.748491,24.725148,169.721771,-13.065448,0.173809,-0.226064,-0.958481,13.271047,-10.009373,0.226064,-0.173809,0.958481,-13.271047,10.009373,-0.226064,0.173809,0.958481,-169.721771,13.065448,-0.173809,0.226064,-0.958481,,,
106,2026-03-01,14:03:06.49,3,3,"East, Levin",1000137544,Right,SOU_IND16,"Millard, William",10059244,Right,ALA_LIO,Undefined,3,Bottom,0,1,1,Slider,Slider,InPlay,Undefined,LineDrive,Double,0,0,,84.65639,0.548201,-3.097891,2311.562998,154.38744,11:15,5.14204,2.9472,5.86133,-35.3864,3.57878,-1.15476,2.70321,-0.02977,77.80344,-5.976482,-3.304559,0.449272,95.38075,21.646495,-23.974102,1696.439504,99.56303,37.52713,-46.76741,340.91326,307.24956,-30.153626,3.704949,-0.2435,2.00228,-2.69515,50,5.1657,6.6961,-122.88956,-0.00093,-0.37334,23.77224,-29.10429,ALA_LIO,SOU_IND16,MikeDLaneField,D1,ASUN,20260301-MikeDLaneField-1,aa0de650-15a9-11f1-829f-abbae8cfcb57,83.89663,46.65432,,6.85295,,,,2.24252,2.80636,0.02607,2f230842-10f9-4e90-9219-1d3edf6fc0d7,2026-03-01,20:03:06.49,2026-03-01T14:03:06.4998400-06:00,2026-03-01T20:03:06.4998400Z,LineDrive,v3,471594,southernindiana,dbd82bf8479745649ba7c646edcecf86,"Wall, Micajah",1000131896,Right,SOU_IND16,e6b11a52-7c18-4542-8f27-e1f46ec5dad9,54.63806,-123.78351,11.88612,5.14515,1.09354,-14.55215,-2.94722,6.71014,-0.18667,149.205669,2.2424,118.8128,-20.13052,4.42229,-0.82017,0.11001,-0.00536,-0.00099,0.00013,2.80669,51.59123,-16.4244,0.94335,-0.22834,0.09642,-0.03031,0.00541,-0.0004,0.02629,-52.84035,4.45805,-1.28874,0.24799,-0.03067,0.00083,0.00018,-1E-05,,,,,,,,,,,,,,,,,,,,,,,High,High,High,High,High,,,,,,,,,,,,,,,,,,,,,,,,,,,,,,,,,,,,,
107,2026-03-01,14:04:40.86,4,1,"East, Levin",1000137544,Right,SOU_IND16,"Santoyo, Justin",830518,Right,ALA_LIO,Undefined,3,Bottom,0,0,0,Slider,Slider,BallCalled,Undefined,Undefined,Undefined,0,0,,84.04591,-1.939764,-3.500329,2272.503253,163.26596,11:30,5.19053,2.83001,5.95008,-32.86699,6.5104,-1.60791,0.64853,-0.5544,77.73962,-7.982967,-3.788663,0.451643,,,,,,,,,,,,-0.08969,4.20701,-2.55044,50,5.0174,7.51956,-121.92034,-5.19738,-0.13574,22.74379,-25.80709,ALA_LIO,SOU_IND16,MikeDLaneField,D1,ASUN,20260301-MikeDLaneField-1,e2525960-15a9-11f1-829f-abbae8cfcb57,83.45635,,,6.30629,,,,,,,2f230842-10f9-4e90-9219-1d3edf6fc0d7,2026-03-01,20:04:40.86,2026-03-01T14:04:40.8600064-06:00,2026-03-01T20:04:40.8600064Z,,v3,471594,southernindiana,dbd82bf8479745649ba7c646edcecf86,"Wall, Micajah",1000131896,Right,SOU_IND16,f6bd2eb8-94d0-44d0-8d2f-6ef2b59c77a0,54.54872,-122.76595,11.37189,5.1928,-4.23787,-12.90355,-2.83011,7.52461,-0.06787,,,,,,,,,,,,,,,,,,,,,,,,,,,,,,,,,,,,,,,,,,,,,,,,,,,High,High,High,,,,,,,,,,,,,,,,,,,,,,,,,,,,,,,,,,,,,,,
108,2026-03-01,14:04:59.02,4,2,"East, Levin",1000137544,Right,SOU_IND16,"Santoyo, Justin",830518,Right,ALA_LIO,Undefined,3,Bottom,0,1,0,Fastball,Sinker,InPlay,Undefined,GroundBall,Out,1,1,,91.47848,-2.146422,-3.880699,2044.729032,223.514532,1:30,5.27507,2.71991,6.00071,-16.23395,17.25076,15.31548,1.92794,0.39497,83.2513,-5.245786,-1.134042,0.416481,98.58227,-15.925378,-14.452235,,,,,6.96845,6.96845,-16.53886,0.04627,-8.98437,9.81508,-2.42267,50,5.09692,8.33398,-132.52956,-5.44973,-15.92605,29.20175,-14.77541,ALA_LIO,SOU_IND16,MikeDLaneField,D1,ASUN,20260301-MikeDLaneField-1,ed1504b0-15a9-11f1-829f-abbae8cfcb57,90.50227,1.83792,,8.22718,,,,0.44273,1.83792,-0.37612,2f230842-10f9-4e90-9219-1d3edf6fc0d7,2026-03-01,20:04:59.02,2026-03-01T14:04:59.0201344-06:00,2026-03-01T20:04:59.0201344Z,GroundBall,v3,471594,southernindiana,dbd82bf8479745649ba7c646edcecf86,"Wall, Micajah",1000131896,Right,SOU_IND16,c5630dad-1399-4fa5-9013-fd620fd952fc,54.497,-133.51676,14.60087,5.27271,-4.95023,-7.3877,-2.71351,8.87238,-7.96303,,0.44148,134.80584,,,,,,,,1.83829,-39.72198,,,,,,,,-0.3758,-34.74329,,,,,,,,,,,,,,,,,,,,,,,,,,,,,,High,High,High,Estimated,Estimated,,,,,,,,,,,,,,,,,,,,,,,,,,,,,,,,,,,,,
109,2026-03-01,14:05:33.79,5,1,"East, Levin",1000137544,Right,SOU_IND16,"Sheffield, Cayden",815545,Right,ALA_LIO,Undefined,3,Bottom,1,0,0,Slider,Slider,InPlay,Undefined,Popup,Out,1,0,,83.7678,0.250969,-3.266151,2308.151283,125.289098,10:15,5.21172,2.87867,5.72405,-37.06569,3.48355,-2.96878,2.35705,-0.4141,76.09789,-6.58657,-3.795995,0.458314,88.29152,54.133894,20.182559,,99.03651,135.97147,47.87223,207.51446,207.51446,28.698568,5.979695,0.50508,2.06169,-2.60389,50,5.20982,7.0459,-121.39003,-0.71295,0.74507,26.28407,-29.13271,ALA_LIO,SOU_IND16,MikeDLaneField,D1,ASUN,20260301-MikeDLaneField-1,01f038a0-15aa-11f1-829f-abbae8cfcb57,82.24158,139.44871,,7.6699,,,,1.94404,2.28115,0.28698,2f230842-10f9-4e90-9219-1d3edf6fc0d7,2026-03-01,20:05:33.79,2026-03-01T14:05:33.7958912-06:00,2026-03-01T20:05:33.7958912Z,FlyBall,v3,471594,southernindiana,dbd82bf8479745649ba7c646edcecf86,"Wall, Micajah",1000131896,Right,SOU_IND16,e11f4a40-a8f2-4c6b-853c-5d31f739c1f2,54.77371,-122.4193,13.14203,5.2154,0.42787,-14.56636,-2.87924,7.01672,0.37253,189.971391,1.95375,71.03165,-22.5425,6.08348,-0.93905,0.02891,0.01715,-0.00278,0.00013,2.27608,105.00903,-24.05981,1.77702,0.00605,-0.10987,0.03521,-0.00494,0.00026,0.29044,26.11936,-3.69897,0.51946,0.0503,-0.04206,0.00834,-0.00071,2E-05,,,,,,,,,,,,,,,,,,,,,,,High,High,High,High,Low,,,,,,,,,,,,,,,,,,,,,,,,,,,,,,,,,,,,,
110,2026-03-01,14:06:13.01,6,1,"East, Levin",1000137544,Right,SOU_IND16,"Westmoreland, Jackson",1000147983,Right,ALA_LIO,Undefined,3,Bottom,2,0,0,Fastball,Sinker,BallCalled,Undefined,Undefined,Undefined,0,0,,91.22889,-0.904778,-5.804914,1979.411376,226.692987,1:30,5.34941,2.76081,6.17288,-19.58851,13.7343,13.48233,2.87704,-1.49527,83.57609,-4.599377,-3.391522,0.415473,,,,,,,,,,,,-8.48748,7.65374,-2.32696,50,5.27052,12.85923,-132.00401,-2.69202,-15.05807,26.65523,-18.59511,ALA_LIO,SOU_IND16,MikeDLaneField,D1,ASUN,20260301-MikeDLaneField-1,1961f5f0-15aa-11f1-829f-abbae8cfcb57,90.72186,,,7.6528,,,,,,,2f230842-10f9-4e90-9219-1d3edf6fc0d7,2026-03-01,20:06:13.01,2026-03-01T14:06:13.0190336-06:00,2026-03-01T20:06:13.0190336Z,,v3,471594,southernindiana,dbd82bf8479745649ba7c646edcecf86,"Wall, Micajah",1000131896,Right,SOU_IND16,d51f485d-771d-4ecd-bb89-c776f7f950db,54.32549,-132.87458,13.32762,5.34852,-2.0847,-9.29755,-2.75497,13.35103,-7.52904,,,,,,,,,,,,,,,,,,,,,,,,,,,,,,,,,,,,,,,,,,,,,,,,,,,High,High,High,,,,,,,,,,,,,,,,,,,,,,,,,,,,,,,,,,,,,,,
111,2026-03-01,14:06:28.53,6,2,"East, Levin",1000137544,Right,SOU_IND16,"Westmoreland, Jackson",1000147983,Right,ALA_LIO,Undefined,3,Bottom,2,1,0,ChangeUp,Changeup,BallCalled,Undefined,Undefined,Undefined,0,0,,85.20244,-1.623079,-4.368265,1601.803257,246.790685,2:15,5.15198,2.80606,6.33953,-30.03112,8.04788,15.86237,1.15034,0.09845,77.9141,-7.23594,-1.504701,0.444134,,,,,,,,,,,,-9.55792,5.01874,-2.49517,50,5.01937,8.84236,-123.50278,-4.41024,-14.71836,25.28162,-24.44561,ALA_LIO,SOU_IND16,MikeDLaneField,D1,ASUN,20260301-MikeDLaneField-1,2280dc50-15aa-11f1-829f-abbae8cfcb57,84.86722,,,7.28834,,,,,,,2f230842-10f9-4e90-9219-1d3edf6fc0d7,2026-03-01,20:06:28.53,2026-03-01T14:06:28.5301248-06:00,2026-03-01T20:06:28.5301248Z,,v3,471594,southernindiana,dbd82bf8479745649ba7c646edcecf86,"Wall, Micajah",1000131896,Right,SOU_IND16,993d27ca-3729-408b-8ad9-443466277eb6,54.15965,-124.35137,12.64081,5.15364,-3.58972,-12.22281,-2.80026,9.33638,-7.35918,,,,,,,,,,,,,,,,,,,,,,,,,,,,,,,,,,,,,,,,,,,,,,,,,,,High,High,High,,,,,,244.275884,-17.845307,1524.736284,0.951887,2:15,0.298186,-0.848526,-0.437137,46.458955,31.549992,-47.380481,145.423188,-69.02433,0.203153,-0.933733,-0.294742,72.481201,-11.721375,0.933733,-0.203153,0.294742,-72.481201,11.721375,-0.933733,0.203153,0.294742,-145.423188,69.02433,-0.203153,0.933733,-0.294742,,,
112,2026-03-01,14:06:46.74,6,3,"East, Levin",1000137544,Right,SOU_IND16,"Westmoreland, Jackson",1000147983,Right,ALA_LIO,Undefined,3,Bottom,2,2,0,Slider,Slider,StrikeCalled,Undefined,Undefined,Undefined,0,0,,83.85882,-0.093012,-3.981407,2389.965016,161.439746,11:30,5.18778,2.87378,5.71698,-35.52663,4.31713,-1.06343,2.14037,-0.92957,77.46701,-6.605689,-4.170918,0.454309,,,,,,,,,,,,-0.48158,2.57701,-2.53982,50,5.15791,8.50794,-121.62806,-1.40219,-0.72675,22.19504,-28.28502,ALA_LIO,SOU_IND16,MikeDLaneField,D1,ASUN,20260301-MikeDLaneField-1,2d5dc660-15aa-11f1-829f-abbae8cfcb57,82.96649,,,6.39181,,,,,,,2f230842-10f9-4e90-9219-1d3edf6fc0d7,2026-03-01,20:06:46.74,2026-03-01T14:06:46.7462656-06:00,2026-03-01T20:06:46.7462656Z,,v3,471594,southernindiana,dbd82bf8479745649ba7c646edcecf86,"Wall, Micajah",1000131896,Right,SOU_IND16,d39aee72-0d76-4b5d-ba7b-0f7b7a02048a,54.78171,-122.49754,11.09752,5.19114,-0.29415,-14.14251,-2.87366,8.53641,-0.36338,,,,,,,,,,,,,,,,,,,,,,,,,,,,,,,,,,,,,,,,,,,,,,,,,,,High,High,High,,,,,,199.981589,75.121499,613.671709,0.25677,12:45,-0.980752,-0.089312,-0.173636,-55.11338,14.520928,-61.060108,159.144147,17.184533,0.340125,0.29545,-0.892761,18.311413,19.884476,0.29545,0.340125,0.892761,-18.311413,-19.884476,-0.29545,-0.340125,0.892761,-159.144147,-17.184533,-0.340125,-0.29545,-0.892761,,,
113,2026-03-01,14:07:05.43,6,4,"East, Levin",1000137544,Right,SOU_IND16,"Westmoreland, Jackson",1000147983,Right,ALA_LIO,Undefined,3,Bottom,2,2,1,Slider,Slider,BallCalled,Undefined,Undefined,Undefined,0,0,,83.81136,0.069286,-4.100518,2335.160339,134.719876,10:30,5.16555,2.83809,5.80419,-36.07455,4.06059,-2.82095,2.22394,-1.21697,76.75444,-6.572495,-4.603792,0.455967,,,,,,,,,,,,0.26929,2.44488,-2.49936,50,5.14982,8.81893,-121.43653,-1.05806,0.40116,24.29528,-28.53166,ALA_LIO,SOU_IND16,MikeDLaneField,D1,ASUN,20260301-MikeDLaneField-1,388749d0-15aa-11f1-829f-abbae8cfcb57,82.66479,,,7.05692,,,,,,,2f230842-10f9-4e90-9219-1d3edf6fc0d7,2026-03-01,20:07:05.43,2026-03-01T14:07:05.4375424-06:00,2026-03-01T20:07:05.4375424Z,,v3,471594,southernindiana,dbd82bf8479745649ba7c646edcecf86,"Wall, Micajah",1000131896,Right,SOU_IND16,1aefc1bc-c60d-4a0c-9e9a-593ec2b98ece,54.69312,-122.37186,12.14764,5.16941,0.04036,-14.26583,-2.83858,8.80349,0.20058,,,,,,,,,,,,,,,,,,,,,,,,,,,,,,,,,,,,,,,,,,,,,,,,,,,High,High,High,,,,,,,,,,,,,,,,,,,,,,,,,,,,,,,,,,,,,,,
114,2026-03-01,14:07:23.03,6,5,"East, Levin",1000137544,Right,SOU_IND16,"Westmoreland, Jackson",1000147983,Right,ALA_LIO,Undefined,3,Bottom,2,3,1,Slider,Slider,BallCalled,Walk,Undefined,Undefined,0,0,,84.18304,-0.327135,-4.373852,2295.052571,157.459287,11:15,5.15234,2.84672,5.95988,-33.54608,5.655,-1.87996,2.0526,-1.37362,77.80731,-6.506279,-4.710026,0.45063,,,,,,,,,,,,-0.15571,3.33862,-2.49798,50,5.10747,9.41036,-122.07929,-1.78695,-0.23675,22.33156,-27.09759,ALA_LIO,SOU_IND16,MikeDLaneField,D1,ASUN,20260301-MikeDLaneField-1,4300b720-15aa-11f1-829f-abbae8cfcb57,83.64381,,,6.37573,,,,,,,2f230842-10f9-4e90-9219-1d3edf6fc0d7,2026-03-01,20:07:23.03,2026-03-01T14:07:23.0314496-06:00,2026-03-01T20:07:23.0314496Z,,v3,471594,southernindiana,dbd82bf8479745649ba7c646edcecf86,"Wall, Micajah",1000131896,Right,SOU_IND16,5a69f821-9912-4793-b6cf-d05baba6f045,54.53884,-122.90676,11.16578,5.15508,-0.78287,-13.54879,-2.84683,9.41913,-0.11837,,,,,,,,,,,,,,,,,,,,,,,,,,,,,,,,,,,,,,,,,,,,,,,,,,,High,High,High,,,,,,199.034519,79.860472,404.034564,0.176046,12:45,-0.993864,-0.063035,-0.090889,-45.378457,36.054804,-43.7917,150.082834,10.364206,0.49061,0.179905,-0.852606,11.914958,29.380677,0.179905,0.49061,0.852606,-11.914958,-29.380677,-0.179905,-0.49061,0.852606,-150.082834,-10.364206,-0.49061,-0.179905,-0.852606,,,
115,2026-03-01,14:08:01.50,7,1,"East, Levin",1000137544,Right,SOU_IND16,"Wade, Alex",1000138908,Right,ALA_LIO,Undefined,3,Bottom,2,0,0,Fastball,Four-Seam,BallCalled,Undefined,Undefined,Undefined,0,0,,91.28276,0.284439,-3.02502,2111.481518,225.972232,1:30,5.42812,2.58904,5.96563,-18.40655,15.20938,14.58741,4.15834,0.99731,82.85601,-3.215394,-0.407962,0.417296,,,,,,,,,,,,-8.30965,8.03556,-2.35693,50,5.4404,6.35674,-132.4074,0.09874,-14.68844,29.40645,-17.97012,ALA_LIO,SOU_IND16,MikeDLaneField,D1,ASUN,20260301-MikeDLaneField-1,59f35960-15aa-11f1-829f-abbae8cfcb57,90.32547,,,8.42676,,,,,,,2f230842-10f9-4e90-9219-1d3edf6fc0d7,2026-03-01,20:08:01.50,2026-03-01T14:08:01.5051776-06:00,2026-03-01T20:08:01.5051776Z,,v3,471594,southernindiana,dbd82bf8479745649ba7c646edcecf86,"Wall, Micajah",1000131896,Right,SOU_IND16,73e0649f-6b06-437b-b397-202db316f072,54.53063,-133.40981,14.70323,5.4266,0.71131,-8.98506,-2.58215,6.85744,-7.34422,,,,,,,,,,,,,,,,,,,,,,,,,,,,,,,,,,,,,,,,,,,,,,,,,,,High,High,High,,,,,,221.64113,7.039957,2095.562892,0.992461,1:30,-0.164799,-0.658837,-0.734013,-22.441299,30.332671,57.415912,169.147692,-9.670029,0.185603,-0.167974,-0.968161,9.842705,-10.696282,0.167974,-0.185603,0.968161,-9.842705,10.696282,-0.167974,0.185603,0.968161,-169.147692,9.670029,-0.185603,0.167974,-0.968161,,,
116,2026-03-01,14:08:26.63,7,2,"East, Levin",1000137544,Right,SOU_IND16,"Wade, Alex",1000138908,Right,ALA_LIO,Undefined,3,Bottom,2,1,0,Slider,Slider,BallCalled,Undefined,Undefined,Undefined,0,0,,82.70772,-1.475913,-4.985844,2294.017758,141.10848,10:45,5.14492,2.7165,6.04659,-37.48687,3.24894,-1.6376,0.64918,-2.04737,76.43016,-8.353043,-5.278976,0.459367,,,,,,,,,,,,-0.50075,2.40583,-2.32658,50,5.00919,10.51082,-119.79077,-4.28039,-0.72943,22.59483,-28.66944,ALA_LIO,SOU_IND16,MikeDLaneField,D1,ASUN,20260301-MikeDLaneField-1,68e04d70-15aa-11f1-829f-abbae8cfcb57,82.05302,,,6.27756,,,,,,,2f230842-10f9-4e90-9219-1d3edf6fc0d7,2026-03-01,20:08:26.63,2026-03-01T14:08:26.6310144-06:00,2026-03-01T20:08:26.6310144Z,,v3,471594,southernindiana,dbd82bf8479745649ba7c646edcecf86,"Wall, Micajah",1000131896,Right,SOU_IND16,2c5012a7-6814-4aa7-bea6-3e8a32f8b830,54.45317,-120.6278,11.29742,5.14808,-3.21832,-14.33472,-2.71646,10.53784,-0.36471,,,,,,,,,,,,,,,,,,,,,,,,,,,,,,,,,,,,,,,,,,,,,,,,,,,High,High,High,,,,,,,,,,,,,,,,,,,,,,,,,,,,,,,,,,,,,,,
117,2026-03-01,14:09:05.84,7,3,"East, Levin",1000137544,Right,SOU_IND16,"Wade, Alex",1000138908,Right,ALA_LIO,Undefined,3,Bottom,2,2,0,Fastball,Sinker,InPlay,Undefined,FlyBall,Out,1,0,,91.25892,-1.376042,-3.618448,1928.555258,223.520449,1:30,5.27235,2.44911,6.13487,-20.121,13.27225,11.57016,2.32105,0.06458,83.21151,-5.177851,-1.537481,0.415911,92.49048,41.255996,20.758863,5004.411947,99.00218,89.60323,47.94296,309.57075,140.19581,33.38402,5.677362,-7.04244,7.58185,-2.17873,50,5.15671,7.89221,-132.35193,-3.80741,-12.45853,28.94852,-18.7612,ALA_LIO,SOU_IND16,MikeDLaneField,D1,ASUN,20260301-MikeDLaneField-1,803cfc20-15aa-11f1-829f-abbae8cfcb57,90.62613,113.91602,,8.04741,,,,1.24255,2.22008,-0.1446,2f230842-10f9-4e90-9219-1d3edf6fc0d7,2026-03-01,20:09:05.84,2026-03-01T14:09:05.8486272-06:00,2026-03-01T20:09:05.8486272Z,FlyBall,v3,471594,southernindiana,dbd82bf8479745649ba7c646edcecf86,"Wall, Micajah",1000131896,Right,SOU_IND16,7c87a460-dccd-4c93-b086-5b25b29aa4c0,54.36351,-133.30291,14.47426,5.27166,-3.19109,-9.3806,-2.44472,8.30149,-6.22926,205.359113,1.24956,95.21815,-24.01852,5.41294,-0.52688,-0.11168,0.04512,-0.00569,0.00026,2.21607,89.51279,-20.69701,1.50446,-0.23627,0.0193,0.00649,-0.00169,0.00011,-0.14463,36.14837,-0.51009,-0.49586,0.13424,-0.00833,-0.00241,0.00047,-2E-05,,,,,,,,,,,,,,,,,,,,,,,High,High,High,High,Low,,,,223.129319,7.379554,1912.581153,0.991717,1:30,-0.157578,-0.680874,-0.715248,-43.797078,-12.598362,-20.882548,176.398368,0.086543,0.062819,0.00151,-0.998024,0.086714,3.601628,0.00151,0.062819,0.998024,-0.086714,-3.601628,-0.00151,-0.062819,0.998024,-176.398368,-0.086543,-0.062819,-0.00151,-0.998024,,,
118,2026-03-01,14:11:34.42,1,1,"Stogner, John Allen",10028063,Right,ALA_LIO,"Martin, Parker",10058402,Right,SOU_IND16,Undefined,4,Top,0,0,0,Fastball,Changeup,FoulBallNotFieldable,Undefined,Undefined,Undefined,0,0,,85.2628,-0.489026,-3.439551,2150.271157,232.095624,1:45,5.72338,1.76747,5.00463,-26.4984,13.88548,15.93863,3.05272,-0.15498,76.80519,-5.403252,-0.631119,0.457378,69.7903,17.246799,-166.958016,1378.773621,,,,121.75159,45.26404,-172.44425,1.430615,-8.84359,7.44552,-1.44992,50,5.65566,6.65971,-123.26485,-1.99258,-13.43625,27.36353,-20.86194,ALA_LIO,SOU_IND16,MikeDLaneField,D1,ASUN,20260301-MikeDLaneField-1,d8cca570-15aa-11f1-829f-abbae8cfcb57,82.40978,12.29904,,8.45761,,,,0.79582,2.8472,0.4061,2f230842-10f9-4e90-9219-1d3edf6fc0d7,2026-03-01,20:11:34.42,2026-03-01T14:11:34.4275968-06:00,2026-03-01T20:11:34.4275968Z,LineDrive,v3,471594,southernindiana,dbd82bf8479745649ba7c646edcecf86,"Millard, William",10059244,Right,ALA_LIO,5a0aade7-f5d2-4a63-89e7-8f1c3b67d4ce,55.48799,-124.47717,13.68177,5.72346,-1.06831,-10.43097,-1.75816,7.25499,-6.71812,45.614397,0.82851,-95.55347,7.4003,,,,,,,3.11444,27.75462,-21.03757,,,,,,,0.2408,-20.43727,6.41475,,,,,,,,,,,,,,,,,,,,,,,,,,,,,High,High,High,High,Low,,,,231.474467,10.363866,2115.189742,0.983685,1:45,-0.209771,-0.771074,-0.601199,-92.434056,38.664116,36.267821,166.469233,-61.725853,0.110828,-0.880691,-0.460543,62.393405,-6.363063,0.880691,-0.110828,0.460543,-62.393405,6.363063,-0.880691,0.110828,0.460543,-166.469233,61.725853,-0.110828,0.880691,-0.460543,,,
119,2026-03-01,14:11:56.65,1,2,"Stogner, John Allen",10028063,Right,ALA_LIO,"Martin, Parker",10058402,Right,SOU_IND16,Undefined,4,Top,0,0,1,ChangeUp,Splitter,FoulBallNotFieldable,Undefined,Undefined,Undefined,0,0,,73.26941,1.416791,-1.62275,794.685008,273.61053,3:00,5.8851,1.78936,4.87602,-53.62747,2.01555,3.44937,2.75752,0.54096,65.51291,-8.365709,-1.014899,0.536879,57.35559,36.155959,-156.630428,3738.398191,,,,135.18367,45.70113,-164.156409,2.445464,-2.28807,1.09362,-1.63299,50,5.97963,2.86248,-105.88102,0.82386,-2.52252,22.93483,-30.96835,ALA_LIO,SOU_IND16,MikeDLaneField,D1,ASUN,20260301-MikeDLaneField-1,e6186ca0-15aa-11f1-829f-abbae8cfcb57,70.20653,29.67162,,7.7565,,,,1.14495,2.74226,-0.50555,2f230842-10f9-4e90-9219-1d3edf6fc0d7,2026-03-01,20:11:56.65,2026-03-01T14:11:56.6519296-06:00,2026-03-01T20:11:56.6519296Z,LineDrive,v3,471594,southernindiana,dbd82bf8479745649ba7c646edcecf86,"Millard, William",10059244,Right,ALA_LIO,bf1364dd-cc1d-4007-9878-e1951a6efc85,55.61797,-107.09101,11.46742,5.89307,2.45768,-15.48418,-1.78751,2.99556,-1.26126,34.223175,1.14487,-62.34524,1.98183,0.94198,-0.26634,0.0929,0.00155,-0.01132,0.00205,2.74233,49.62723,-25.16833,2.44816,-0.38251,0.02773,0.02323,-0.00734,0.00057,-0.50565,-26.93661,5.42417,-0.28692,-0.06278,0.09097,-0.01694,-0.00497,0.00135,,,,,,,,,,,,,,,,,,,,,,,High,High,High,High,Medium,,,,,,,,,,,,,,,,,,,,,,,,,,,,,,,,,,,,,
120,2026-03-01,14:12:22.63,1,3,"Stogner, John Allen",10028063,Right,ALA_LIO,"Martin, Parker",10058402,Right,SOU_IND16,Undefined,4,Top,0,0,2,Fastball,Sinker,InPlay,Undefined,FlyBall,Out,1,0,,86.59929,-0.853458,-3.528688,2136.414088,232.209823,1:45,5.83428,1.66656,4.95348,-25.88395,13.29658,15.32005,2.86931,-0.39505,78.13539,-5.641981,-0.832015,0.450512,90.59724,42.136531,4.675887,3640.7232,109.78494,93.99557,6.87258,301.94416,300.36508,1.238079,5.684411,-8.70839,7.24111,-1.33766,50,5.73079,7.02131,-125.23834,-2.80943,-13.65846,28.2368,-20.81688,ALA_LIO,SOU_IND16,MikeDLaneField,D1,ASUN,20260301-MikeDLaneField-1,f585db50-15aa-11f1-829f-abbae8cfcb57,83.66574,116.51274,,8.4639,,,,1.53836,2.88549,0.37755,2f230842-10f9-4e90-9219-1d3edf6fc0d7,2026-03-01,20:12:22.63,2026-03-01T14:12:22.6317824-06:00,2026-03-01T20:12:22.6317824Z,FlyBall,v3,471594,southernindiana,dbd82bf8479745649ba7c646edcecf86,"Millard, William",10059244,Right,ALA_LIO,5c471d9a-0fdd-4e70-b7a0-702ef54a6e7e,55.54303,-126.48192,14.1184,5.83433,-1.89263,-10.40844,-1.66013,7.62285,-6.82923,175.039014,1.54516,98.07583,-23.26769,5.91095,-0.92788,0.05315,0.00853,-0.00161,8E-05,2.88146,89.20953,-19.55227,0.73853,0.142,-0.09492,0.02532,-0.00327,0.00016,0.37872,8.01037,-3.44867,0.87565,-0.14264,0.00981,0.00081,-0.00018,1E-05,,,,,,,,,,,,,,,,,,,,,,,High,High,High,High,Medium,,,,223.858311,6.601753,2122.248057,0.993369,1:30,-0.14859,-0.689919,-0.708472,-83.6033,31.551891,59.41271,148.824671,-67.359248,0.199274,-0.922937,-0.32936,70.36051,-11.494488,0.922937,-0.199274,0.32936,-70.36051,11.494488,-0.922937,0.199274,0.32936,-148.824671,67.359248,-0.199274,0.922937,-0.32936,,,
121,2026-03-01,14:13:01.17,2,1,"Stogner, John Allen",10028063,Right,ALA_LIO,"Foster, Noah",1000316160,Right,SOU_IND16,Undefined,4,Top,1,0,0,Fastball,Sinker,FoulBallNotFieldable,Undefined,Undefined,Undefined,0,0,,88.21221,-1.272823,-3.560721,2313.051352,229.838666,1:45,5.87986,1.63185,4.99737,-22.76041,14.79898,15.97587,2.77899,-0.40276,79.87284,-5.497579,-0.746485,0.441093,,,,,,,,,,,,-9.00166,8.09091,-1.30286,50,5.73945,7.19908,-127.61759,-3.66165,-14.72261,28.28677,-18.94101,ALA_LIO,SOU_IND16,MikeDLaneField,D1,ASUN,20260301-MikeDLaneField-1,0c86d570-15ab-11f1-829f-abbae8cfcb57,85.45228,,,8.33937,,,,,,,2f230842-10f9-4e90-9219-1d3edf6fc0d7,2026-03-01,20:13:01.17,2026-03-01T14:13:01.1787776-06:00,2026-03-01T20:13:01.1787776Z,,v3,471594,southernindiana,dbd82bf8479745649ba7c646edcecf86,"Millard, William",10059244,Right,ALA_LIO,d5148f47-5b53-412b-9ca7-b9a1cefd127e,55.49953,-128.83081,14.14339,5.87907,-2.84928,-9.47051,-1.62517,7.83053,-7.3613,,,,,,,,,,,,,,,,,,,,,,,,,,,,,,,,,,,,,,,,,,,,,,,,,,,High,High,High,,,,,,,,,,,,,,,,,,,,,,,,,,,,,,,,,,,,,,,
122,2026-03-01,14:13:23.65,2,2,"Stogner, John Allen",10028063,Right,ALA_LIO,"Foster, Noah",1000316160,Right,SOU_IND16,Undefined,4,Top,1,0,1,Fastball,Sinker,BallCalled,Undefined,Undefined,Undefined,0,0,,86.61977,-1.371332,-1.785096,2263.732018,233.804917,1:45,5.6878,1.69215,4.84943,-25.34368,13.48666,16.69095,2.27676,1.39264,79.06828,-6.025697,1.153962,0.448494,,,,,,,,,,,,-8.92154,7.41489,-1.53141,50,5.53127,3.17594,-125.59184,-3.94954,-14.20246,26.22117,-20.37007,ALA_LIO,SOU_IND16,MikeDLaneField,D1,ASUN,20260301-MikeDLaneField-1,19dbeb70-15ab-11f1-829f-abbae8cfcb57,84.04216,,,7.55149,,,,,,,2f230842-10f9-4e90-9219-1d3edf6fc0d7,2026-03-01,20:13:23.65,2026-03-01T14:13:23.6566016-06:00,2026-03-01T20:13:23.6566016Z,,v3,471594,southernindiana,dbd82bf8479745649ba7c646edcecf86,"Millard, William",10059244,Right,ALA_LIO,ae2d6d43-8f63-4a56-8465-fcb3e6ff180f,55.65099,-126.76617,13.11059,5.68772,-3.03726,-10.18504,-1.68789,3.812,-7.10123,,,,,,,,,,,,,,,,,,,,,,,,,,,,,,,,,,,,,,,,,,,,,,,,,,,High,High,High,,,,,,231.389581,2.065885,2262.260672,0.99935,1:45,-0.036768,-0.781538,-0.622773,39.313811,-42.968161,-47.406439,175.857258,73.002845,0.021118,0.956319,-0.29156,73.044704,1.210059,0.956319,0.021118,0.29156,-73.044704,-1.210059,-0.956319,-0.021118,0.29156,-175.857258,-73.002845,-0.021118,-0.956319,-0.29156,,,
123,2026-03-01,14:13:43.11,2,3,"Stogner, John Allen",10028063,Right,ALA_LIO,"Foster, Noah",1000316160,Right,SOU_IND16,Undefined,4,Top,1,1,1,ChangeUp,Splitter,InPlay,Undefined,GroundBall,Out,1,0,,73.926,0.236555,-1.788504,768.278911,325.271088,4:45,5.96213,1.65225,4.9149,-55.83346,-1.9328,2.69406,1.53312,0.18514,67.16574,-9.8587,-1.31271,0.528407,100.91629,0.847339,-21.189394,1646.759355,,,,68.22524,61.95208,-23.959496,0.476381,-1.92122,-0.50205,-1.48007,50,5.93868,3.23669,-107.04138,-1.46035,-2.19088,21.42963,-32.74655,ALA_LIO,SOU_IND16,MikeDLaneField,D1,ASUN,20260301-MikeDLaneField-1,25bcb0f0-15ab-11f1-829f-abbae8cfcb57,71.33225,1.93407,,6.76025,,,,1.43383,1.84127,-0.44622,2f230842-10f9-4e90-9219-1d3edf6fc0d7,2026-03-01,20:13:43.11,2026-03-01T14:13:43.1100416-06:00,2026-03-01T20:13:43.1100416Z,GroundBall,v3,471594,southernindiana,dbd82bf8479745649ba7c646edcecf86,"Millard, William",10059244,Right,ALA_LIO,fb38855f-3b1e-430d-9ea4-50e0eb629f90,55.58226,-108.15317,10.71481,5.97037,0.23857,-16.37327,-1.65094,3.35036,-1.09544,,1.44736,137.61028,-20.57343,,,,,,,1.84348,2.12721,-12.59865,,,,,,,-0.4338,-53.84308,-7.19891,,,,,,,,,,,,,,,,,,,,,,,,,,,,,High,High,High,High,High,,,,266.6332,-13.55264,746.886212,0.972155,3:00,0.228436,-0.971436,-0.064253,-50.548512,-51.670701,36.847955,150.372823,52.419104,0.301497,0.792493,-0.530145,56.219095,17.547553,0.792493,0.301497,0.530145,-56.219095,-17.547553,-0.792493,-0.301497,0.530145,-150.372823,-52.419104,-0.301497,-0.792493,-0.530145,,,
124,2026-03-01,14:14:25.49,3,1,"Stogner, John Allen",10028063,Right,ALA_LIO,"Miller, Hunter",10307695,Left,SOU_IND16,Undefined,4,Top,2,0,0,Fastball,Sinker,StrikeCalled,Undefined,Undefined,Undefined,0,0,,87.68702,-0.056421,-2.570991,2210.737478,236.404716,2:00,5.64641,1.94833,4.81329,-25.70517,12.30075,16.62517,3.45082,0.89665,79.74838,-4.782844,0.351307,0.443708,,,,,,,,,,,,-8.8667,6.43347,-1.70779,50,5.6192,4.90932,-127.02567,-1.10324,-14.44797,26.67823,-21.69096,ALA_LIO,SOU_IND16,MikeDLaneField,D1,ASUN,20260301-MikeDLaneField-1,3ec69a70-15ab-11f1-829f-abbae8cfcb57,84.94876,,,7.93863,,,,,,,2f230842-10f9-4e90-9219-1d3edf6fc0d7,2026-03-01,20:14:25.49,2026-03-01T14:14:25.4953984-06:00,2026-03-01T20:14:25.4953984Z,,v3,471594,southernindiana,dbd82bf8479745649ba7c646edcecf86,"Millard, William",10059244,Right,ALA_LIO,cf3df07c-0706-416c-8dc8-c484739dfab5,55.68306,-128.21369,13.33911,5.64682,-0.13732,-10.84548,-1.94073,5.55271,-7.22398,,,,,,,,,,,,,,,,,,,,,,,,,,,,,,,,,,,,,,,,,,,,,,,,,,,High,High,High,,,,,,,,,,,,,,,,,,,,,,,,,,,,,,,,,,,,,,,
125,2026-03-01,14:14:44.35,3,2,"Stogner, John Allen",10028063,Right,ALA_LIO,"Miller, Hunter",10307695,Left,SOU_IND16,Undefined,4,Top,2,0,1,Fastball,Sinker,BallCalled,Undefined,Undefined,Undefined,0,0,,87.28064,-0.841538,-4.278997,2229.363695,228.574515,1:30,5.73696,1.57062,5.21144,-23.3521,14.40351,14.94765,2.99735,-1.21496,79.70538,-5.169453,-1.63965,0.442244,,,,,,,,,,,,-8.58174,7.77386,-1.18605,50,5.64177,8.77263,-126.33596,-2.67831,-13.89698,25.26402,-19.58529,ALA_LIO,SOU_IND16,MikeDLaneField,D1,ASUN,20260301-MikeDLaneField-1,4a118890-15ab-11f1-829f-abbae8cfcb57,85.22993,,,7.57526,,,,,,,2f230842-10f9-4e90-9219-1d3edf6fc0d7,2026-03-01,20:14:44.35,2026-03-01T14:14:44.3541504-06:00,2026-03-01T20:14:44.3541504Z,,v3,471594,southernindiana,dbd82bf8479745649ba7c646edcecf86,"Millard, William",10059244,Right,ALA_LIO,a3779a01-cc62-4f5a-ab5d-0f4e3aafb5ad,55.28528,-127.38849,12.63201,5.73636,-1.86236,-9.79264,-1.56359,9.3516,-6.94849,,,,,,,,,,,,,,,,,,,,,,,,,,,,,,,,,,,,,,,,,,,,,,,,,,,High,High,High,,,,,,222.007016,7.709436,2209.212745,0.990961,1:30,-0.178989,-0.665071,-0.725012,63.988338,-26.816931,-86.40727,130.226906,-70.493958,0.254935,-0.942606,-0.215642,77.114068,-14.769736,0.942606,-0.254935,0.215642,-77.114068,14.769736,-0.942606,0.254935,0.215642,-130.226906,70.493958,-0.254935,0.942606,-0.215642,,,
126,2026-03-01,14:15:03.30,3,3,"Stogner, John Allen",10028063,Right,ALA_LIO,"Miller, Hunter",10307695,Left,SOU_IND16,Undefined,4,Top,2,1,1,Curveball,Curveball,BallCalled,Undefined,Undefined,Undefined,0,0,,68.31998,4.134771,-0.235808,1924.307451,54.005517,7:45,5.62637,1.84712,4.61013,-69.54917,-6.55036,-11.68835,3.76897,0.64887,62.72327,-8.338658,-2.282727,0.571265,,,,,,,,,,,,5.58583,-3.65067,-1.81151,50,5.98826,0.85479,-98.89624,4.8248,5.53676,15.64612,-35.79264,ALA_LIO,SOU_IND16,MikeDLaneField,D1,ASUN,20260301-MikeDLaneField-1,555ec0a0-15ab-11f1-829f-abbae8cfcb57,65.98066,,,5.59671,,,,,,,2f230842-10f9-4e90-9219-1d3edf6fc0d7,2026-03-01,20:15:03.30,2026-03-01T14:15:03.3059840-06:00,2026-03-01T20:15:03.3059840Z,,v3,471594,southernindiana,dbd82bf8479745649ba7c646edcecf86,"Millard, William",10059244,Right,ALA_LIO,d03cc5d9-04b1-4419-aa71-0237a49f4a0a,55.89017,-99.82376,7.82306,5.63935,6.94662,-17.89632,-1.85245,0.52656,2.76838,,,,,,,,,,,,,,,,,,,,,,,,,,,,,,,,,,,,,,,,,,,,,,,,,,,High,High,High,,,,,,,,,,,,,,,,,,,,,,,,,,,,,,,,,,,,,,,
127,2026-03-01,14:15:20.58,3,4,"Stogner, John Allen",10028063,Right,ALA_LIO,"Miller, Hunter",10307695,Left,SOU_IND16,Undefined,4,Top,2,2,1,Fastball,Changeup,StrikeSwinging,Undefined,Undefined,Undefined,0,0,,81.48615,-2.163986,-2.958342,2119.244787,225.836019,1:30,5.7391,1.46918,5.26136,-26.72623,16.54198,15.55839,1.47524,-0.01603,74.54325,-7.107164,-0.200644,0.47343,,,,,,,,,,,,-8.60973,9.30784,-1.21012,50,5.52137,5.45183,-118.03202,-5.33505,-12.13431,22.66561,-19.05586,ALA_LIO,SOU_IND16,MikeDLaneField,D1,ASUN,20260301-MikeDLaneField-1,5fa4e8f0-15ab-11f1-829f-abbae8cfcb57,79.61564,,,6.94289,,,,,,,2f230842-10f9-4e90-9219-1d3edf6fc0d7,2026-03-01,20:15:20.58,2026-03-01T14:15:20.5840000-06:00,2026-03-01T20:15:20.5840000Z,,v3,471594,southernindiana,dbd82bf8479745649ba7c646edcecf86,"Millard, William",10059244,Right,ALA_LIO,bc686021-aa14-4f77-b420-b4e56f25c321,55.23571,-119.03319,11.3328,5.73843,-4.49333,-9.52793,-1.46278,5.98782,-6.06715,,,,,,,,,,,,,,,,,,,,,,,,,,,,,,,,,,,,,,,,,,,,,,,,,,,High,High,High,,,,,,219.490956,1.114237,2118.844061,0.999811,1:15,-0.03525,-0.636117,-0.770787,-18.726429,13.795335,44.15084,164.125475,7.604678,0.271126,0.132337,-0.953403,7.902459,15.73127,0.132337,0.271126,0.953403,-7.902459,-15.73127,-0.132337,-0.271126,0.953403,-164.125475,-7.604678,-0.271126,-0.132337,-0.953403,,,
128,2026-03-01,14:15:40.73,3,5,"Stogner, John Allen",10028063,Right,ALA_LIO,"Miller, Hunter",10307695,Left,SOU_IND16,Undefined,4,Top,2,2,2,Fastball,Four-Seam,BallCalled,Undefined,Undefined,Undefined,0,0,,88.18727,-0.181276,-1.529483,2347.006678,205.382808,12:45,5.92859,1.50563,5.34407,-15.31036,21.4656,9.61473,4.48263,0.87182,80.16724,-3.106892,0.177707,0.436469,,,,,,,,,,,,-5.20674,11.12532,-1.37471,50,5.90164,2.97315,-127.90496,-0.847,-8.60618,26.92953,-13.78498,ALA_LIO,SOU_IND16,MikeDLaneField,D1,ASUN,20260301-MikeDLaneField-1,6b989a30-15ab-11f1-829f-abbae8cfcb57,86.35767,,,8.02002,,,,,,,2f230842-10f9-4e90-9219-1d3edf6fc0d7,2026-03-01,20:15:40.73,2026-03-01T14:15:40.7343616-06:00,2026-03-01T20:15:40.7343616Z,,v3,471594,southernindiana,dbd82bf8479745649ba7c646edcecf86,"Millard, William",10059244,Right,ALA_LIO,c970c2d6-eadf-42d8-930f-9a2a29b73e23,55.15052,-128.98481,13.46477,5.92452,-0.29424,-6.89249,-1.50085,3.31825,-4.30309,,,,,,,,,,,,,,,,,,,,,,,,,,,,,,,,,,,,,,,,,,,,,,,,,,,High,High,High,,,,,,212.747593,5.626429,2335.699463,0.995182,1:00,-0.118645,-0.538641,-0.83414,-26.78087,-2.0746,6.362223,168.062454,5.275049,0.205969,0.091937,-0.97423,5.390971,11.886249,0.091937,0.205969,0.97423,-5.390971,-11.886249,-0.091937,-0.205969,0.97423,-168.062454,-5.275049,-0.205969,-0.091937,-0.97423,,,
129,2026-03-01,14:15:58.18,3,6,"Stogner, John Allen",10028063,Right,ALA_LIO,"Miller, Hunter",10307695,Left,SOU_IND16,Undefined,4,Top,2,3,2,Curveball,Curveball,BallCalled,Walk,Undefined,Undefined,0,0,,67.48516,6.044556,-0.507939,1794.150723,15.143629,6:30,5.75321,1.50114,4.62328,-79.58394,-14.19729,-4.4367,4.88885,0.64855,61.23604,-8.224079,-1.283906,0.581991,,,,,,,,,,,,1.98473,-7.92666,-1.44467,50,6.30256,1.03295,-97.35377,7.65012,1.89049,16.35615,-39.72427,ALA_LIO,SOU_IND16,MikeDLaneField,D1,ASUN,20260301-MikeDLaneField-1,760906d0-15ab-11f1-829f-abbae8cfcb57,64.76469,,,6.24912,,,,,,,2f230842-10f9-4e90-9219-1d3edf6fc0d7,2026-03-01,20:15:58.18,2026-03-01T14:15:58.1869568-06:00,2026-03-01T20:15:58.1869568Z,,v3,471594,southernindiana,dbd82bf8479745649ba7c646edcecf86,"Millard, William",10059244,Right,ALA_LIO,00b801d0-3a32-4fd3-83fa-3a1b91a441a1,55.87838,-98.33643,8.17808,5.77126,10.0367,-19.86214,-1.50331,0.91937,0.94524,,,,,,,,,,,,,,,,,,,,,,,,,,,,,,,,,,,,,,,,,,,,,,,,,,,High,High,High,,,,,,,,,,,,,,,,,,,,,,,,,,,,,,,,,,,,,,,
130,2026-03-01,14:16:27.40,4,1,"Stogner, John Allen",10028063,Right,ALA_LIO,"Wall, Micajah",1000131896,Right,SOU_IND16,Undefined,4,Top,2,0,0,Cutter,Slider,StrikeCalled,Undefined,Undefined,Undefined,0,0,,76.77543,0.060539,-1.883921,2148.636133,122.999621,10:00,5.58329,1.76529,5.07919,-44.78628,4.30044,-4.15835,1.9082,-0.35776,70.32761,-8.077849,-2.619226,0.504259,,,,,,,,,,,,1.52319,2.58323,-1.58335,50,5.55383,3.82707,-111.31543,-1.40933,1.90279,20.80393,-28.94708,ALA_LIO,SOU_IND16,MikeDLaneField,D1,ASUN,20260301-MikeDLaneField-1,877e7a80-15ab-11f1-829f-abbae8cfcb57,74.74822,,,6.44782,,,,,,,2f230842-10f9-4e90-9219-1d3edf6fc0d7,2026-03-01,20:16:27.40,2026-03-01T14:16:27.4060000-06:00,2026-03-01T20:16:27.4060000Z,,v3,471594,southernindiana,dbd82bf8479745649ba7c646edcecf86,"Millard, William",10059244,Right,ALA_LIO,32d09b27-967f-43ca-97b8-0e7a67655232,55.41811,-112.32346,10.40197,5.58814,-0.00672,-14.47354,-1.76655,3.73487,0.95139,,,,,,,,,,,,,,,,,,,,,,,,,,,,,,,,,,,,,,,,,,,,,,,,,,,High,High,High,,,,,,225.053392,69.350184,757.728075,0.352655,1:30,-0.943701,-0.248608,-0.218227,69.966776,-3.525591,58.240023,133.818115,-3.844404,0.719918,-0.067047,-0.690813,5.543502,-46.04769,0.067047,-0.719918,0.690813,-5.543502,46.04769,-0.067047,0.719918,0.690813,-133.818115,3.844404,-0.719918,0.067047,-0.690813,,,
131,2026-03-01,14:16:44.61,4,2,"Stogner, John Allen",10028063,Right,ALA_LIO,"Wall, Micajah",1000131896,Right,SOU_IND16,Undefined,4,Top,2,0,1,Curveball,Curveball,StrikeSwinging,Undefined,Undefined,Undefined,0,0,,76.7287,1.572537,-0.64801,2301.337507,40.502617,7:15,5.72376,1.5257,4.64853,-63.54027,-13.27217,-12.7952,1.92339,-0.15631,70.02291,-9.800693,-2.897546,0.510291,,,,,,,,,,,,6.05977,-6.50764,-1.44703,50,5.82603,1.79467,-111.19714,0.66562,7.48986,22.32759,-40.21748,ALA_LIO,SOU_IND16,MikeDLaneField,D1,ASUN,20260301-MikeDLaneField-1,91bc6570-15ab-11f1-829f-abbae8cfcb57,73.86465,,,6.7058,,,,,,,2f230842-10f9-4e90-9219-1d3edf6fc0d7,2026-03-01,20:16:44.61,2026-03-01T14:16:44.6145536-06:00,2026-03-01T20:16:44.6145536Z,,v3,471594,southernindiana,dbd82bf8479745649ba7c646edcecf86,"Millard, William",10059244,Right,ALA_LIO,7ec39302-4eec-4c78-91a7-5f3c97c41ed7,55.85254,-112.36615,11.16379,5.73606,2.77129,-20.10874,-1.53073,1.40252,3.74493,,,,,,,,,,,,,,,,,,,,,,,,,,,,,,,,,,,,,,,,,,,,,,,,,,,High,High,High,,,,,,,,,,,,,,,,,,,,,,,,,,,,,,,,,,,,,,,
132,2026-03-01,14:17:08.28,4,3,"Stogner, John Allen",10028063,Right,ALA_LIO,"Wall, Micajah",1000131896,Right,SOU_IND16,Undefined,4,Top,2,0,2,Fastball,Four-Seam,InPlay,Undefined,LineDrive,Out,1,0,,88.35079,-1.557346,-2.579564,2374.081857,222.007269,1:30,5.91952,1.33865,5.34213,-18.54088,18.16521,15.26076,2.91172,0.18896,80.43264,-5.046333,0.129036,0.436054,76.93257,13.125833,13.351227,3132.818329,104.92967,13.48742,33.01058,176.49721,143.81075,20.425773,1.953738,-8.43119,9.93095,-1.11755,50,5.76622,5.09323,-128.07097,-4.08862,-13.95743,27.25781,-15.73377,ALA_LIO,SOU_IND16,MikeDLaneField,D1,ASUN,20260301-MikeDLaneField-1,9fcab950-15ab-11f1-829f-abbae8cfcb57,86.43982,14.14281,,7.91815,,,,1.13522,2.88543,-0.21111,2f230842-10f9-4e90-9219-1d3edf6fc0d7,2026-03-01,20:17:08.28,2026-03-01T14:17:08.2804736-06:00,2026-03-01T20:17:08.2804736Z,LineDrive,v3,471594,southernindiana,dbd82bf8479745649ba7c646edcecf86,"Millard, William",10059244,Right,ALA_LIO,89e3d2e2-609c-4363-8d3c-6f5943657a97,55.15582,-129.16364,13.6289,5.91748,-3.4579,-7.86688,-1.33293,5.65273,-6.97872,241.922772,1.13522,106.91599,-15.35315,2.59344,-0.53278,0.15857,-0.06704,0.01967,-0.00244,2.88542,25.62449,-15.29914,0.91807,-0.07378,-0.10346,0.09543,-0.03328,0.00439,-0.21114,25.37663,4.73485,-1.15514,0.39896,-0.30685,0.19708,-0.06501,0.00845,,,,,,,,,,,,,,,,,,,,,,,High,High,High,High,High,,,,216.804819,4.31105,2367.364761,0.997171,1:15,-0.094782,-0.599218,-0.794955,-25.069102,-4.42734,14.836602,161.853785,10.035476,0.306678,0.174258,-0.935726,10.549208,17.859142,0.174258,0.306678,0.935726,-10.549208,-17.859142,-0.174258,-0.306678,0.935726,-161.853785,-10.035476,-0.306678,-0.174258,-0.935726,,,
133,2026-03-01,14:20:31.86,1,1,"Gonzalez, Andres",1000247860,Right,SOU_IND16,"LePage, Tyler",1000222448,Left,ALA_LIO,Undefined,4,Bottom,0,0,0,Fastball,Four-Seam,BallCalled,Undefined,Undefined,Undefined,0,0,,88.10002,-0.349951,-2.624546,2289.886426,203.120111,12:45,5.51121,1.21537,6.12086,-16.58355,19.30875,7.7337,3.80538,-0.56816,79.97791,-3.543463,-1.232806,0.431193,,,,,,,,,,,,-4.73457,10.39985,-1.01817,50,5.47557,5.53872,-127.82919,-1.21377,-7.7922,27.66099,-15.05786,ALA_LIO,SOU_IND16,MikeDLaneField,D1,ASUN,20260301-MikeDLaneField-1,1933f630-15ac-11f1-829f-abbae8cfcb57,87.41423,,,8.12211,,,,,,,2f230842-10f9-4e90-9219-1d3edf6fc0d7,2026-03-01,20:20:31.86,2026-03-01T14:20:31.8609920-06:00,2026-03-01T20:20:31.8609920Z,,v3,471594,southernindiana,dbd82bf8479745649ba7c646edcecf86,"Wall, Micajah",1000131896,Right,SOU_IND16,87f220bd-3fbd-462e-a766-3fe3b3191427,54.37443,-128.77229,13.8305,5.5082,-0.70037,-7.52893,-1.21154,5.8044,-3.8961,,,,,,,,,,,,,,,,,,,,,,,,,,,,,,,,,,,,,,,,,,,,,,,,,,,High,High,High,,,,,,206.862907,3.736708,2285.018285,0.997874,1:00,-0.103114,-0.451286,-0.886402,-19.088618,10.862774,17.639134,176.41543,4.476936,0.062331,0.078058,-0.994998,4.485676,3.573619,0.078058,0.062331,0.994998,-4.485676,-3.573619,-0.078058,-0.062331,0.994998,-176.41543,-4.476936,-0.062331,-0.078058,-0.994998,,,
134,2026-03-01,14:20:45.45,1,2,"Gonzalez, Andres",1000247860,Right,SOU_IND16,"LePage, Tyler",1000222448,Left,ALA_LIO,Undefined,4,Bottom,0,1,0,Cutter,Slider,InPlay,Undefined,FlyBall,Out,1,0,,83.70054,-0.35255,-2.451153,2154.930998,174.735499,11:45,5.35626,1.59097,5.95409,-27.30935,12.39205,-1.03012,2.75323,-0.76941,76.83265,-5.448823,-2.635995,0.453497,82.23566,53.719385,37.82855,3580.39069,83.93766,124.67618,71.09471,217.58841,89.3055,41.754811,5.755653,-0.1339,6.82654,-1.39554,50,5.31287,5.24294,-121.55826,-1.58498,-0.20078,23.36337,-21.93847,ALA_LIO,SOU_IND16,MikeDLaneField,D1,ASUN,20260301-MikeDLaneField-1,2142f330-15ac-11f1-829f-abbae8cfcb57,83.11511,127.95604,,6.8679,,,,1.82507,2.99355,0.58354,2f230842-10f9-4e90-9219-1d3edf6fc0d7,2026-03-01,20:20:45.45,2026-03-01T14:20:45.4579712-06:00,2026-03-01T20:20:45.4579712Z,FlyBall,v3,471594,southernindiana,dbd82bf8479745649ba7c646edcecf86,"Wall, Micajah",1000131896,Right,SOU_IND16,da384f15-a491-460c-a9fd-2564083f1460,54.54438,-122.42857,11.68168,5.35669,-0.76775,-10.96924,-1.59098,5.25041,-0.10039,,1.82824,56.30767,-15.1437,3.66997,-0.40263,-0.03859,0.01874,-0.00222,9E-05,2.99491,97.19049,-22.24588,1.62317,-0.02459,-0.10806,0.03664,-0.00518,0.00027,0.58626,43.72016,-9.24904,2.07469,-0.19541,-0.02889,0.01061,-0.0011,4E-05,,,,,,,,,,,,,,,,,,,,,,,High,High,High,High,Low,,,,196.626759,38.853622,1678.155089,0.778751,12:30,-0.65729,-0.226685,-0.718738,-39.394982,12.048037,-72.751243,170.108954,-5.35637,0.171025,-0.09335,-0.980834,5.436707,-9.847424,0.09335,-0.171025,0.980834,-5.436707,9.847424,-0.09335,0.171025,0.980834,-170.108954,5.35637,-0.171025,0.09335,-0.980834,,,
135,2026-03-01,14:21:26.24,2,1,"Gonzalez, Andres",1000247860,Right,SOU_IND16,"Craska, Petey",806050,Left,ALA_LIO,Undefined,4,Bottom,1,0,0,Fastball,Four-Seam,BallCalled,Undefined,Undefined,Undefined,0,0,,88.79838,0.458647,-1.171936,2329.985312,200.696747,12:45,5.49818,1.38029,6.08571,-16.26568,19.06249,6.7628,4.56709,0.85957,80.57269,-2.676582,0.045808,0.427791,,,,,,,,,,,,-3.80866,10.01512,-1.29326,50,5.52481,2.35393,-128.93856,0.60322,-6.37611,28.20298,-15.40776,ALA_LIO,SOU_IND16,MikeDLaneField,D1,ASUN,20260301-MikeDLaneField-1,39901c60-15ac-11f1-829f-abbae8cfcb57,88.10944,,,8.22569,,,,,,,2f230842-10f9-4e90-9219-1d3edf6fc0d7,2026-03-01,20:21:26.24,2026-03-01T14:21:26.2450000-06:00,2026-03-01T20:21:26.2450000Z,,v3,471594,southernindiana,dbd82bf8479745649ba7c646edcecf86,"Wall, Micajah",1000131896,Right,SOU_IND16,26a68e76-f3d1-470b-a657-dd798303e9d7,54.40957,-129.89949,14.10149,5.49531,1.12819,-7.70388,-1.37716,2.57117,-3.18805,,,,,,,,,,,,,,,,,,,,,,,,,,,,,,,,,,,,,,,,,,,,,,,,,,,High,High,High,,,,,,207.680387,7.319106,2311.00063,0.991852,1:00,-0.149016,-0.459719,-0.875473,17.022735,26.947409,88.151064,178.988655,9.253771,0.017421,0.160808,-0.986832,9.255188,0.998182,0.160808,0.017421,0.986832,-9.255188,-0.998182,-0.160808,-0.017421,0.986832,-178.988655,-9.253771,-0.017421,-0.160808,-0.986832,,,
136,2026-03-01,14:21:45.13,2,2,"Gonzalez, Andres",1000247860,Right,SOU_IND16,"Craska, Petey",806050,Left,ALA_LIO,Undefined,4,Bottom,1,1,0,Fastball,Four-Seam,BallCalled,Undefined,Undefined,Undefined,0,0,,88.31963,1.162445,-2.259399,2250.347691,197.000857,12:30,5.47041,1.41637,6.10991,-15.51139,20.21316,5.82315,5.25364,-0.18863,80.07201,-1.841341,-1.211518,0.430185,,,,,,,,,,,,-3.63311,10.39048,-1.24573,50,5.55124,4.81046,-128.1406,2.21757,-6.01059,27.71483,-14.98421,ALA_LIO,SOU_IND16,MikeDLaneField,D1,ASUN,20260301-MikeDLaneField-1,44d39070-15ac-11f1-829f-abbae8cfcb57,87.61922,,,8.24762,,,,,,,2f230842-10f9-4e90-9219-1d3edf6fc0d7,2026-03-01,20:21:45.13,2026-03-01T14:21:45.1360000-06:00,2026-03-01T20:21:45.1360000Z,,v3,471594,southernindiana,dbd82bf8479745649ba7c646edcecf86,"Wall, Micajah",1000131896,Right,SOU_IND16,0aebb3bb-9f4c-4dfb-8653-3c87f25f221c,54.38446,-129.08541,13.85742,5.46693,2.72839,-7.4921,-1.41322,5.01536,-3.0053,,,,,,,,,,,,,,,,,,,,,,,,,,,,,,,,,,,,,,,,,,,,,,,,,,,High,High,High,,,,,,207.358433,10.051212,2215.809691,0.984652,1:00,-0.218006,-0.448869,-0.866597,-26.129952,-22.093182,-72.727219,179.363727,6.204909,0.01104,0.108085,-0.99408,6.205289,0.632545,0.108085,0.01104,0.99408,-6.205289,-0.632545,-0.108085,-0.01104,0.99408,-179.363727,-6.204909,-0.01104,-0.108085,-0.99408,,,
137,2026-03-01,14:22:01.77,2,3,"Gonzalez, Andres",1000247860,Right,SOU_IND16,"Craska, Petey",806050,Left,ALA_LIO,Undefined,4,Bottom,1,2,0,Fastball,Four-Seam,FoulBallNotFieldable,Undefined,Undefined,Undefined,0,0,,87.90129,-0.894683,-2.905702,2241.448229,200.016953,12:45,5.39499,1.59371,6.17547,-17.82088,17.9882,6.13953,3.08253,-0.58043,80.29499,-4.297438,-1.800078,0.430693,,,,,,,,,,,,-4.01563,9.92697,-1.37708,50,5.31819,6.23704,-127.61547,-2.48754,-6.61768,26.42689,-15.81454,ALA_LIO,SOU_IND16,MikeDLaneField,D1,ASUN,20260301-MikeDLaneField-1,4eb885f0-15ac-11f1-829f-abbae8cfcb57,87.51577,,,7.60631,,,,,,,2f230842-10f9-4e90-9219-1d3edf6fc0d7,2026-03-01,20:22:01.77,2026-03-01T14:22:01.7790000-06:00,2026-03-01T20:22:01.7790000Z,,v3,471594,southernindiana,dbd82bf8479745649ba7c646edcecf86,"Wall, Micajah",1000131896,Right,SOU_IND16,5236dbc6-a161-4bc4-b29e-19b228910940,54.32291,-128.50755,13.21345,5.39315,-1.95369,-7.90727,-1.59139,6.46043,-3.30884,,,,,,,,,,,,,,,,,,,,,,,,,,,,,,,,,,,,,,,,,,,,,,,,,,,High,High,High,,,,,,210.026626,6.008461,2229.134716,0.994506,1:00,-0.140415,-0.499227,-0.855018,-29.328967,-29.64978,-59.885958,173.724048,-7.33983,0.108421,-0.127754,-0.985862,7.383596,-6.224322,0.127754,-0.108421,0.985862,-7.383596,6.224322,-0.127754,0.108421,0.985862,-173.724048,7.33983,-0.108421,0.127754,-0.985862,,,
138,2026-03-01,14:22:27.96,2,4,"Gonzalez, Andres",1000247860,Right,SOU_IND16,"Craska, Petey",806050,Left,ALA_LIO,Undefined,4,Bottom,1,2,1,Cutter,Slider,BallCalled,Undefined,Undefined,Undefined,0,0,,83.05776,-2.472014,-2.09647,2207.6633,182.416144,12:00,5.21599,1.77834,5.76114,-27.81651,13.31154,0.50161,0.59416,-0.13201,75.64601,-7.646271,-2.006654,0.461573,,,,,,,,,,,,-0.88827,7.96,-1.60496,50,4.99437,4.38441,-120.32936,-6.06635,-1.29136,25.18986,-20.6019,ALA_LIO,SOU_IND16,MikeDLaneField,D1,ASUN,20260301-MikeDLaneField-1,5e56efb0-15ac-11f1-829f-abbae8cfcb57,81.66083,,,7.41175,,,,,,,2f230842-10f9-4e90-9219-1d3edf6fc0d7,2026-03-01,20:22:27.96,2026-03-01T14:22:27.9660000-06:00,2026-03-01T20:22:27.9660000Z,,v3,471594,southernindiana,dbd82bf8479745649ba7c646edcecf86,"Wall, Micajah",1000131896,Right,SOU_IND16,efbf8f85-78f0-421a-8cee-1265425d3ce0,54.7333,-121.31619,12.59493,5.21622,-5.25926,-10.30095,-1.77771,4.435,-0.64568,,,,,,,,,,,,,,,,,,,,,,,,,,,,,,,,,,,,,,,,,,,,,,,,,,,High,High,High,,,,,,,,,,,,,,,,,,,,,,,,,,,,,,,,,,,,,,,
139,2026-03-01,14:22:46.18,2,5,"Gonzalez, Andres",1000247860,Right,SOU_IND16,"Craska, Petey",806050,Left,ALA_LIO,Undefined,4,Bottom,1,3,1,Fastball,Four-Seam,FoulBallNotFieldable,Undefined,Undefined,Undefined,0,0,,88.95699,-1.306903,-2.34404,2328.387699,207.158652,1:00,5.4357,1.489,6.0473,-12.28264,23.60651,11.39682,3.20106,0.26752,79.44942,-3.757617,-0.294917,0.431175,87.58717,52.354045,56.45598,4117.639563,,,,,66.40748,,,-6.70796,13.02146,-1.3127,50,5.32759,4.80191,-128.88132,-3.20217,-11.01615,32.68157,-10.7895,ALA_LIO,SOU_IND16,MikeDLaneField,D1,ASUN,20260301-MikeDLaneField-1,69336490-15ac-11f1-829f-abbae8cfcb57,87.41804,83.24714,,9.50757,,,,2.88435,3.62497,-0.6233,2f230842-10f9-4e90-9219-1d3edf6fc0d7,2026-03-01,20:22:46.18,2026-03-01T14:22:46.1800000-06:00,2026-03-01T20:22:46.1800000Z,,v3,471594,southernindiana,dbd82bf8479745649ba7c646edcecf86,"Wall, Micajah",1000131896,Right,SOU_IND16,e4468d23-386f-48b1-beca-a9cd4bc1dd42,54.44835,-130.00444,16.34079,5.43126,-2.83139,-5.39475,-1.48423,5.18048,-5.50807,,2.88435,43.35572,-15.48217,4.36047,-0.82114,-0.30213,0.64665,-0.4717,0.13591,3.62497,101.71556,-24.55792,2.56916,-0.56782,0.35415,-0.37097,0.24688,-0.06956,-0.6233,65.39455,-10.13966,2.2677,-0.41702,0.00906,0.08908,-0.07152,0.02103,,,,,,,,,,,,,,,,,,,,,,,High,High,High,High,Undefined,,,,,,,,,,,,,,,,,,,,,,,,,,,,,,,,,,,,,
140,2026-03-01,14:23:09.66,2,6,"Gonzalez, Andres",1000247860,Right,SOU_IND16,"Craska, Petey",806050,Left,ALA_LIO,Undefined,4,Bottom,1,3,2,ChangeUp,Changeup,StrikeSwinging,Strikeout,Undefined,Undefined,0,0,,78.42663,0.408748,-1.798769,1969.482926,234.855934,1:45,5.25463,1.79005,5.98662,-32.37703,13.55351,16.888,2.93558,1.52971,70.7295,-5.687175,1.237152,0.487778,,,,,,,,,,,,-9.17969,7.31571,-1.65702,50,5.26931,2.9289,-113.72597,-0.10864,-11.83214,23.93441,-22.74448,ALA_LIO,SOU_IND16,MikeDLaneField,D1,ASUN,20260301-MikeDLaneField-1,77366dd0-15ac-11f1-829f-abbae8cfcb57,77.27377,,,7.69713,,,,,,,2f230842-10f9-4e90-9219-1d3edf6fc0d7,2026-03-01,20:23:09.66,2026-03-01T14:23:09.6640000-06:00,2026-03-01T20:23:09.6640000Z,,v3,471594,southernindiana,dbd82bf8479745649ba7c646edcecf86,"Wall, Micajah",1000131896,Right,SOU_IND16,c7d89a71-fcaa-4d54-881d-3f48f338e510,54.50773,-114.67073,11.96721,5.25589,0.78915,-11.37224,-1.78185,3.39595,-5.91607,,,,,,,,,,,,,,,,,,,,,,,,,,,,,,,,,,,,,,,,,,,,,,,,,,,High,High,High,,,,,,230.184527,-3.771228,1965.218253,0.997835,1:45,0.040218,-0.766897,-0.640509,-22.870617,54.376002,47.069208,167.563461,-11.409343,0.211102,-0.197817,-0.957238,11.676052,-12.186965,0.197817,-0.211102,0.957238,-11.676052,12.186965,-0.197817,0.211102,0.957238,-167.563461,11.409343,-0.211102,0.197817,-0.957238,,,
141,2026-03-01,14:23:43.60,3,1,"Gonzalez, Andres",1000247860,Right,SOU_IND16,"Coleman, Dylan",1000397112,Right,ALA_LIO,Undefined,4,Bottom,2,0,0,Fastball,Four-Seam,BallCalled,Undefined,Undefined,Undefined,0,0,,88.35982,0.883906,-2.536282,2246.402876,201.871083,12:45,5.47556,1.40743,6.01595,-16.05265,19.97517,7.51756,4.95747,-0.31699,79.67605,-2.224954,-1.186231,0.432007,,,,,,,,,,,,-4.6174,10.32221,-1.21245,50,5.53606,5.35428,-128.10069,1.56668,-7.58858,29.16508,-15.20972,ALA_LIO,SOU_IND16,MikeDLaneField,D1,ASUN,20260301-MikeDLaneField-1,8b684260-15ac-11f1-829f-abbae8cfcb57,87.24968,,,8.68377,,,,,,,2f230842-10f9-4e90-9219-1d3edf6fc0d7,2026-03-01,20:23:43.60,2026-03-01T14:23:43.6010000-06:00,2026-03-01T20:23:43.6010000Z,,v3,471594,southernindiana,dbd82bf8479745649ba7c646edcecf86,"Wall, Micajah",1000131896,Right,SOU_IND16,43203498-1cc2-4089-a59c-69a391bc66e7,54.47822,-129.11623,14.58254,5.47228,2.09629,-7.60486,-1.40349,5.61852,-3.79429,,,,,,,,,,,,,,,,,,,,,,,,,,,,,,,,,,,,,,,,,,,,,,,,,,,High,High,High,,,,,,,,,,,,,,,,,,,,,,,,,,,,,,,,,,,,,,,
142,2026-03-01,14:23:58.89,3,2,"Gonzalez, Andres",1000247860,Right,SOU_IND16,"Coleman, Dylan",1000397112,Right,ALA_LIO,Undefined,4,Bottom,2,1,0,ChangeUp,Changeup,StrikeCalled,Undefined,Undefined,Undefined,0,0,,79.66326,-1.356769,-3.200464,2112.395532,224.774008,1:30,5.27973,1.45922,6.21914,-27.47222,16.54182,14.86272,1.73623,-0.25853,72.23217,-6.5573,-0.520003,0.477493,,,,,,,,,,,,-8.70095,9.45091,-1.22673,50,5.1644,5.91749,-115.48802,-3.4719,-11.61771,23.78747,-19.55497,ALA_LIO,SOU_IND16,MikeDLaneField,D1,ASUN,20260301-MikeDLaneField-1,948f1800-15ac-11f1-829f-abbae8cfcb57,78.93817,,,7.43109,,,,,,,2f230842-10f9-4e90-9219-1d3edf6fc0d7,2026-03-01,20:23:58.89,2026-03-01T14:23:58.8940000-06:00,2026-03-01T20:23:58.8940000Z,,v3,471594,southernindiana,dbd82bf8479745649ba7c646edcecf86,"Wall, Micajah",1000131896,Right,SOU_IND16,ca55febc-c651-4d25-8063-007b644b0255,54.27727,-116.36568,11.89373,5.27919,-2.75039,-9.77749,-1.45297,6.34614,-5.80886,,,,,,,,,,,,,,,,,,,,,,,,,,,,,,,,,,,,,,,,,,,,,,,,,,,High,High,High,,,,,,223.12919,-2.059529,2111.030983,0.999354,1:30,0.011304,-0.682162,-0.731114,-41.750769,-39.853144,-31.004096,168.957766,-5.40799,0.19068,-0.094247,-0.977118,5.509378,-10.992469,0.094247,-0.19068,0.977118,-5.509378,10.992469,-0.094247,0.19068,0.977118,-168.957766,5.40799,-0.19068,0.094247,-0.977118,,,
143,2026-03-01,14:24:12.43,3,3,"Gonzalez, Andres",1000247860,Right,SOU_IND16,"Coleman, Dylan",1000397112,Right,ALA_LIO,Undefined,4,Bottom,2,1,1,Cutter,Slider,InPlay,Undefined,LineDrive,Single,0,0,,83.81525,-0.867831,-1.887203,2225.889446,162.032771,11:30,5.24038,1.3863,5.91519,-25.03486,14.5954,-4.33957,2.34824,-0.7274,76.97253,-5.549687,-2.665731,0.453091,105.25695,12.148718,-17.429926,1288.937217,103.70635,14.39841,-36.67143,209.72792,208.30747,-22.243189,1.671806,1.72874,8.09705,-1.23249,50,5.15655,4.17891,-121.74921,-2.6022,2.60042,23.41906,-19.99434,ALA_LIO,SOU_IND16,MikeDLaneField,D1,ASUN,20260301-MikeDLaneField-1,9c998120-15ac-11f1-829f-abbae8cfcb57,83.18963,14.40324,,6.84271,,,,2.23507,2.49909,0.64919,2f230842-10f9-4e90-9219-1d3edf6fc0d7,2026-03-01,20:24:12.43,2026-03-01T14:24:12.4370000-06:00,2026-03-01T20:24:12.4370000Z,LineDrive,v3,471594,southernindiana,dbd82bf8479745649ba7c646edcecf86,"Wall, Micajah",1000131896,Right,SOU_IND16,5ececcc7-541e-4a28-97fd-9adec21a6460,54.58315,-122.62763,11.70953,5.24009,-1.85224,-9.99717,-1.38741,4.08137,1.30021,74.321561,2.23507,143.98984,-22.22459,3.89524,-0.84579,0.18801,-0.05025,0.01087,-0.00114,2.49909,32.4886,-24.17376,3.15402,-0.722,0.17793,-0.0424,0.00844,-0.00087,0.64918,-45.20596,-3.99971,2.20595,-0.71616,0.24576,-0.08334,0.0208,-0.00241,,,,,,,,,,,,,,,,,,,,,,,High,High,High,High,High,,,,196.583696,43.086807,1625.610662,0.73032,12:30,-0.702552,-0.218767,-0.677172,-52.46461,12.091898,-65.469814,177.064257,5.51633,0.050979,0.096129,-0.994063,5.523535,2.922135,0.096129,0.050979,0.994063,-5.523535,-2.922135,-0.096129,-0.050979,0.994063,-177.064257,-5.51633,-0.050979,-0.096129,-0.994063,,,
144,2026-03-01,14:24:51.36,4,1,"Gonzalez, Andres",1000247860,Right,SOU_IND16,"Rippen, Nash",1000353531,Left,ALA_LIO,Undefined,4,Bottom,2,0,0,Fastball,Four-Seam,BallCalled,Undefined,Undefined,Undefined,0,0,,88.52473,0.370153,-0.823254,2331.6397,210.81924,1:00,5.44669,1.36744,6.06772,-16.06048,19.80792,11.05654,4.4509,1.52693,79.67247,-2.74801,1.167315,0.43105,,,,,,,,,,,,-5.89697,10.4106,-1.30914,50,5.46666,1.37304,-128.43521,0.42434,-9.70861,30.16458,-15.03441,ALA_LIO,SOU_IND16,MikeDLaneField,D1,ASUN,20260301-MikeDLaneField-1,b3d2c950-15ac-11f1-829f-abbae8cfcb57,87.44337,,,8.85226,,,,,,,2f230842-10f9-4e90-9219-1d3edf6fc0d7,2026-03-01,20:24:51.36,2026-03-01T14:24:51.3670000-06:00,2026-03-01T20:24:51.3670000Z,,v3,471594,southernindiana,dbd82bf8479745649ba7c646edcecf86,"Wall, Micajah",1000131896,Right,SOU_IND16,f32d8f24-7630-4028-8293-3e027af1d09d,54.4259,-129.47051,15.08229,5.44324,0.94034,-7.5172,-1.36198,1.70626,-4.85431,,,,,,,,,,,,,,,,,,,,,,,,,,,,,,,,,,,,,,,,,,,,,,,,,,,High,High,High,,,,,,,,,,,,,,,,,,,,,,,,,,,,,,,,,,,,,,,
145,2026-03-01,14:25:10.98,4,2,"Gonzalez, Andres",1000247860,Right,SOU_IND16,"Rippen, Nash",1000353531,Left,ALA_LIO,Undefined,4,Bottom,2,1,0,ChangeUp,Changeup,StrikeSwinging,Undefined,Undefined,Undefined,0,0,,78.73628,-1.534828,-2.54636,1851.351206,235.26458,1:45,5.2475,1.68629,6.04026,-31.51289,13.9041,17.69737,1.19863,0.8019,71.3929,-7.445896,0.639454,0.485043,,,,,,,,,,,,-9.87351,8.12497,-1.49692,50,5.11095,4.41531,-114.14099,-3.95203,-12.854,23.59072,-21.59644,ALA_LIO,SOU_IND16,MikeDLaneField,D1,ASUN,20260301-MikeDLaneField-1,bf7ec330-15ac-11f1-829f-abbae8cfcb57,77.70941,,,7.34338,,,,,,,2f230842-10f9-4e90-9219-1d3edf6fc0d7,2026-03-01,20:25:10.98,2026-03-01T14:25:10.9850000-06:00,2026-03-01T20:25:10.9850000Z,,v3,471594,southernindiana,dbd82bf8479745649ba7c646edcecf86,"Wall, Micajah",1000131896,Right,SOU_IND16,6686640f-1359-4a07-a26b-de614089efab,54.45542,-115.05815,11.79536,5.24827,-3.1124,-10.79822,-1.67829,4.91505,-6.427,,,,,,,,,,,,,,,,,,,,,,,,,,,,,,,,,,,,,,,,,,,,,,,,,,,High,High,High,,,,,,231.687211,-9.409808,1826.439774,0.986544,1:45,0.156815,-0.769423,-0.619191,-66.370128,-22.922605,9.433369,167.2644,-12.645449,0.215105,-0.218917,-0.951738,12.95377,-12.42168,0.218917,-0.215105,0.951738,-12.95377,12.42168,-0.218917,0.215105,0.951738,-167.2644,12.645449,-0.215105,0.218917,-0.951738,,,
146,2026-03-01,14:25:34.16,4,3,"Gonzalez, Andres",1000247860,Right,SOU_IND16,"Rippen, Nash",1000353531,Left,ALA_LIO,Undefined,4,Bottom,2,1,1,Fastball,Four-Seam,FoulBallNotFieldable,Undefined,Undefined,Undefined,0,0,,88.60118,-0.868582,-2.141752,2326.242432,209.260889,1:00,5.41211,1.43886,6.22485,-16.95595,18.49934,9.67934,3.19709,0.26845,80.20713,-4.138245,-0.395012,0.42856,,,,,,,,,,,,-5.6802,10.218,-1.28345,50,5.33868,4.41899,-128.59376,-2.3972,-9.41634,29.1541,-15.23523,ALA_LIO,SOU_IND16,MikeDLaneField,D1,ASUN,20260301-MikeDLaneField-1,cd4f4ac0-15ac-11f1-829f-abbae8cfcb57,87.95135,,,8.39405,,,,,,,2f230842-10f9-4e90-9219-1d3edf6fc0d7,2026-03-01,20:25:34.16,2026-03-01T14:25:34.1660000-06:00,2026-03-01T20:25:34.1660000Z,,v3,471594,southernindiana,dbd82bf8479745649ba7c646edcecf86,"Wall, Micajah",1000131896,Right,SOU_IND16,0ee93707-d254-44e1-b839-c2fce3e3faf9,54.27171,-129.5586,14.57705,5.40967,-1.893,-7.61762,-1.43485,4.73061,-4.70817,,,,,,,,,,,,,,,,,,,,,,,,,,,,,,,,,,,,,,,,,,,,,,,,,,,High,High,High,,,,,,208.512923,7.171477,2308.044174,0.992177,1:00,-0.150145,-0.475461,-0.86683,-33.319331,-23.512876,-70.441066,178.843523,15.822663,0.019418,0.272661,-0.961914,15.825725,1.112653,0.272661,0.019418,0.961914,-15.825725,-1.112653,-0.272661,-0.019418,0.961914,-178.843523,-15.822663,-0.019418,-0.272661,-0.961914,,,
147,2026-03-01,14:25:58.96,4,4,"Gonzalez, Andres",1000247860,Right,SOU_IND16,"Rippen, Nash",1000353531,Left,ALA_LIO,Undefined,4,Bottom,2,1,2,ChangeUp,Changeup,BallCalled,Undefined,Undefined,Undefined,0,0,,79.16673,0.372657,-1.335545,2057.959704,231.574214,1:45,5.218,1.73171,5.8747,-30.84301,14.4308,16.11729,2.99396,1.83418,71.35242,-5.434195,1.556209,0.484278,,,,,,,,,,,,-8.61508,7.73445,-1.63282,50,5.23059,2.05064,-114.79472,-0.14495,-11.30897,24.4739,-22.02105,ALA_LIO,SOU_IND16,MikeDLaneField,D1,ASUN,20260301-MikeDLaneField-1,dc188a30-15ac-11f1-829f-abbae8cfcb57,77.83219,,,7.81431,,,,,,,2f230842-10f9-4e90-9219-1d3edf6fc0d7,2026-03-01,20:25:58.96,2026-03-01T14:25:58.9610000-06:00,2026-03-01T20:25:58.9610000Z,,v3,471594,southernindiana,dbd82bf8479745649ba7c646edcecf86,"Wall, Micajah",1000131896,Right,SOU_IND16,0dc22661-e67f-4417-9e17-d8e5650408bb,54.61956,-115.7754,12.23695,5.21872,0.73745,-11.01053,-1.72407,2.5038,-5.65449,,,,,,,,,,,,,,,,,,,,,,,,,,,,,,,,,,,,,,,,,,,,,,,,,,,High,High,High,,,,,,,,,,,,,,,,,,,,,,,,,,,,,,,,,,,,,,,
148,2026-03-01,14:26:13.91,4,5,"Gonzalez, Andres",1000247860,Right,SOU_IND16,"Rippen, Nash",1000353531,Left,ALA_LIO,Undefined,4,Bottom,2,2,2,ChangeUp,Changeup,InPlay,Undefined,GroundBall,Out,1,0,,78.67856,-1.457371,-3.109637,1775.918775,224.084547,1:30,5.28109,1.621,6.06285,-28.8162,16.25347,14.28906,1.52869,-0.06899,71.88368,-6.867178,-0.539584,0.483185,99.06373,-4.03854,19.643833,,,,,21.4471,14.35682,18.367281,0.136941,-8.2965,9.24804,-1.38734,50,5.1525,5.68564,-114.12349,-3.70264,-10.89932,21.76243,-20.02469,ALA_LIO,SOU_IND16,MikeDLaneField,D1,ASUN,20260301-MikeDLaneField-1,e51d58e0-15ac-11f1-829f-abbae8cfcb57,78.00827,1.40014,,6.79488,,,,1.75868,1.40014,0.07487,2f230842-10f9-4e90-9219-1d3edf6fc0d7,2026-03-01,20:26:13.91,2026-03-01T14:26:13.9160000-06:00,2026-03-01T20:26:13.9160000Z,GroundBall,v3,471594,southernindiana,dbd82bf8479745649ba7c646edcecf86,"Wall, Micajah",1000131896,Right,SOU_IND16,f6ba9d40-d892-417b-9bb3-4b4ced10ac76,54.4349,-114.96608,10.88122,5.28085,-2.92733,-10.01235,-1.61564,6.10764,-5.44966,188.799508,1.75871,136.49487,-5.11698,,,,,,,1.40007,-10.22513,0.0132,,,,,,,0.07487,48.72318,0.59119,,,,,,,,,,,,,,,,,,,,,,,,,,,,,High,High,High,Low,Low,,,,,,,,,,,,,,,,,,,,,,,,,,,,,,,,,,,,,
149,2026-03-01,14:28:38.41,1,1,"Stogner, John Allen",10028063,Right,ALA_LIO,"Senior, Collin",1000273575,Right,SOU_IND16,Undefined,5,Top,0,0,0,Cutter,Slider,InPlay,Undefined,GroundBall,Error,0,0,,77.83664,-0.326183,-2.287012,2216.57536,173.002968,11:45,5.71333,1.81989,4.89298,-41.96384,5.81992,-0.53457,1.90756,-0.38909,71.73333,-7.915347,-2.381188,0.497521,72.61718,-21.675854,-26.910466,,,,,6.57831,6.44965,-13.79104,0.046961,-0.35114,3.35969,-1.59525,50,5.64601,4.53005,-112.88912,-2.11866,-0.45441,20.00727,-27.82627,ALA_LIO,SOU_IND16,MikeDLaneField,D1,ASUN,20260301-MikeDLaneField-1,3b399130-15ad-11f1-b4c9-5fb64430e846,75.76045,1.85189,,6.10331,,,,2.23389,1.85189,0.54065,2f230842-10f9-4e90-9219-1d3edf6fc0d7,2026-03-01,20:28:38.41,2026-03-01T14:28:38.4190000-06:00,2026-03-01T20:28:38.4190000Z,GroundBall,v3,471594,southernindiana,dbd82bf8479745649ba7c646edcecf86,"Millard, William",10059244,Right,ALA_LIO,9c9765f2-32bb-43af-9da5-3f6313e02b25,55.60582,-113.8783,10.00364,5.71675,-0.7429,-13.91313,-1.81977,4.55252,-0.2272,180,2.23226,88.47274,,,,,,,,1.85262,-39.43457,,,,,,,,0.54147,-44.9051,,,,,,,,,,,,,,,,,,,,,,,,,,,,,,High,High,High,Low,Low,,,,223.536441,68.017679,829.709561,0.37432,1:30,-0.935908,-0.263113,-0.234197,76.605805,-27.759881,80.551304,151.118494,-10.877436,0.474322,-0.188709,-0.859888,12.377753,-28.315199,0.188709,-0.474322,0.859888,-12.377753,28.315199,-0.188709,0.474322,0.859888,-151.118494,10.877436,-0.474322,0.188709,-0.859888,,,
150,2026-03-01,14:29:23.96,2,1,"Stogner, John Allen",10028063,Right,ALA_LIO,"Stephens, Zion",822828,Right,SOU_IND16,Undefined,5,Top,0,0,0,Cutter,Slider,BallCalled,Undefined,Undefined,Undefined,0,0,,79.04358,1.743751,-0.583932,2208.14566,106.513918,9:30,5.75644,1.6783,4.87684,-42.94979,3.9254,-7.87178,3.82779,0.4698,71.72644,-6.0776,-1.970189,0.492769,,,,,,,,,,,,3.67378,1.91185,-1.614,50,5.89195,1.50635,-114.48953,1.92946,4.83549,22.78679,-29.65765,ALA_LIO,SOU_IND16,MikeDLaneField,D1,ASUN,20260301-MikeDLaneField-1,564df0b0-15ad-11f1-b4c9-5fb64430e846,76.49117,,,7.31714,,,,,,,2f230842-10f9-4e90-9219-1d3edf6fc0d7,2026-03-01,20:29:23.96,2026-03-01T14:29:23.9620000-06:00,2026-03-01T20:29:23.9620000Z,,v3,471594,southernindiana,dbd82bf8479745649ba7c646edcecf86,"Millard, William",10059244,Right,ALA_LIO,083288dd-37d4-4293-976e-043551db0fa5,55.61831,-115.60233,11.3934,5.76236,3.37781,-14.82883,-1.6818,1.2702,2.41774,,,,,,,,,,,,,,,,,,,,,,,,,,,,,,,,,,,,,,,,,,,,,,,,,,,High,High,High,,,,,,,,,,,,,,,,,,,,,,,,,,,,,,,,,,,,,,,
151,2026-03-01,14:29:44.84,2,2,"Stogner, John Allen",10028063,Right,ALA_LIO,"Stephens, Zion",822828,Right,SOU_IND16,Undefined,5,Top,0,1,0,Fastball,Sinker,StrikeSwinging,Undefined,Undefined,Undefined,0,0,,87.43191,-1.136924,-3.246086,2195.888854,238.200892,2:00,5.70477,1.62417,5.10477,-26.17277,11.75111,16.88363,2.45064,-0.03061,79.50963,-5.963755,-0.26349,0.443229,,,,,,,,,,,,-9.32524,6.54949,-1.33166,50,5.5774,6.40705,-126.60495,-3.47373,-15.06363,26.99665,-21.59428,ALA_LIO,SOU_IND16,MikeDLaneField,D1,ASUN,20260301-MikeDLaneField-1,62bd1380-15ad-11f1-b4c9-5fb64430e846,85.04061,,,7.92228,,,,,,,2f230842-10f9-4e90-9219-1d3edf6fc0d7,2026-03-01,20:29:44.84,2026-03-01T14:29:44.8424448-06:00,2026-03-01T20:29:44.8424448Z,,v3,471594,southernindiana,dbd82bf8479745649ba7c646edcecf86,"Millard, William",10059244,Right,ALA_LIO,05d21a95-4642-4bbf-9587-893a41098822,55.39224,-127.74959,13.49832,5.70527,-2.55814,-10.79714,-1.61685,7.04574,-7.53181,,,,,,,,,,,,,,,,,,,,,,,,,,,,,,,,,,,,,,,,,,,,,,,,,,,High,High,High,,,,,,225.04931,3.748064,2191.19214,0.997861,1:30,-0.091181,-0.707359,-0.700948,-121.233895,18.202106,11.384826,179.833918,78.721557,0.000567,0.980688,-0.195576,78.721603,0.032482,0.980688,0.000567,0.195576,-78.721603,-0.032482,-0.980688,-0.000567,0.195576,-179.833918,-78.721557,-0.000567,-0.980688,-0.195576,,,
152,2026-03-01,14:30:05.84,2,3,"Stogner, John Allen",10028063,Right,ALA_LIO,"Stephens, Zion",822828,Right,SOU_IND16,Undefined,5,Top,0,1,1,ChangeUp,Slider,BallCalled,Undefined,Undefined,Undefined,0,0,,76.73296,-2.032149,-2.186832,2129.215545,192.742393,12:30,5.69345,1.56323,5.01267,-42.04786,6.86162,1.21618,0.2693,-0.40038,71.11936,-9.613284,-1.971803,0.503348,,,,,,,,,,,,-1.19059,4.34154,-1.35452,50,5.46433,4.20199,-111.27605,-5.38093,-1.49958,19.12373,-26.70588,ALA_LIO,SOU_IND16,MikeDLaneField,D1,ASUN,20260301-MikeDLaneField-1,6f473860-15ad-11f1-b4c9-5fb64430e846,74.88352,,,5.61361,,,,,,,2f230842-10f9-4e90-9219-1d3edf6fc0d7,2026-03-01,20:30:05.84,2026-03-01T14:30:05.8400000-06:00,2026-03-01T20:30:05.8400000Z,,v3,471594,southernindiana,dbd82bf8479745649ba7c646edcecf86,"Millard, William",10059244,Right,ALA_LIO,ab35d1ae-54d8-4ff8-ba8e-5a9f7813318d,55.48673,-112.21503,9.56187,5.69634,-4.06967,-13.35294,-1.56264,4.27562,-0.74979,,,,,,,,,,,,,,,,,,,,,,,,,,,,,,,,,,,,,,,,,,,,,,,,,,,High,High,High,,,,,,225.881993,63.801775,940.00195,0.441478,1:30,-0.896551,-0.348559,-0.273318,-78.848225,46.340272,-85.740175,156.436401,-11.084246,0.392309,-0.192252,-0.899518,12.0642,-23.098271,0.192252,-0.392309,0.899518,-12.0642,23.098271,-0.192252,0.392309,0.899518,-156.436401,11.084246,-0.392309,0.192252,-0.899518,,,
153,2026-03-01,14:30:39.08,2,4,"Stogner, John Allen",10028063,Right,ALA_LIO,"Stephens, Zion",822828,Right,SOU_IND16,Undefined,5,Top,0,2,1,Curveball,Curveball,FoulBallNotFieldable,Undefined,Undefined,Undefined,0,0,,75.18229,1.795371,0.017356,2163.047638,45.171074,7:30,5.68894,1.76657,4.80078,-62.6972,-10.73693,-12.56072,2.16586,0.73629,68.66749,-9.474205,-2.196976,0.518809,,,,,,,,,,,,6.29532,-5.58776,-1.75645,50,5.81222,0.45751,-109.00846,1.20206,7.48923,21.1851,-38.82152,ALA_LIO,SOU_IND16,MikeDLaneField,D1,ASUN,20260301-MikeDLaneField-1,8314cce0-15ad-11f1-b4c9-5fb64430e846,72.65192,,,6.5148,,,,,,,2f230842-10f9-4e90-9219-1d3edf6fc0d7,2026-03-01,20:30:39.08,2026-03-01T14:30:39.0883328-06:00,2026-03-01T20:30:39.0883328Z,,v3,471594,southernindiana,dbd82bf8479745649ba7c646edcecf86,"Millard, William",10059244,Right,ALA_LIO,e943bc49-45fc-427b-8667-a5b03f4b22fe,55.70133,-110.11091,10.59255,5.6971,3.22227,-19.41076,-1.77011,0.06779,3.74461,,,,,,,,,,,,,,,,,,,,,,,,,,,,,,,,,,,,,,,,,,,,,,,,,,,High,High,High,,,,,,31.007128,60.791258,1055.551755,0.487993,7:00,-0.86467,0.27861,0.417998,-9.002608,-10.293538,38.271507,132.607419,-25.472486,0.664463,-0.430078,-0.611164,35.134137,-41.641169,0.430078,-0.664463,0.611164,-35.134137,41.641169,-0.430078,0.664463,0.611164,-132.607419,25.472486,-0.664463,0.430078,-0.611164,,,
154,2026-03-01,14:31:06.65,2,5,"Stogner, John Allen",10028063,Right,ALA_LIO,"Stephens, Zion",822828,Right,SOU_IND16,Undefined,5,Top,0,2,2,Fastball,Four-Seam,StrikeSwinging,Strikeout,Undefined,Undefined,0,0,,88.14555,-1.193621,-4.236632,2365.025783,223.651863,1:30,5.78352,1.53592,5.41228,-18.3182,18.70076,16.61623,3.13555,-1.05568,79.83181,-4.661115,-1.291687,0.437909,,,,,,,,,,,,-9.5378,10.09949,-1.17035,50,5.66472,8.69129,-127.51193,-3.23373,-15.60787,27.70687,-15.64706,ALA_LIO,SOU_IND16,MikeDLaneField,D1,ASUN,20260301-MikeDLaneField-1,9396dfe0-15ad-11f1-b4c9-5fb64430e846,86.07377,,,8.31374,,,,,,,2f230842-10f9-4e90-9219-1d3edf6fc0d7,2026-03-01,20:31:06.65,2026-03-01T14:31:06.6505728-06:00,2026-03-01T20:31:06.6505728Z,,v3,471594,southernindiana,dbd82bf8479745649ba7c646edcecf86,"Millard, William",10059244,Right,ALA_LIO,5dc0eb24-e911-47e1-a4ec-dd5d1f7919e4,55.08336,-128.61174,13.85344,5.78075,-2.61262,-7.82353,-1.52765,9.31084,-7.80394,,,,,,,,,,,,,,,,,,,,,,,,,,,,,,,,,,,,,,,,,,,,,,,,,,,High,High,High,,,,,,218.613871,4.830537,2356.625497,0.996448,1:15,-0.128561,-0.623471,-0.771204,-31.880726,-3.519542,15.686599,160.062728,4.760484,0.339815,0.082991,-0.936824,5.062457,19.865594,0.082991,0.339815,0.936824,-5.062457,-19.865594,-0.082991,-0.339815,0.936824,-160.062728,-4.760484,-0.339815,-0.082991,-0.936824,,,
155,2026-03-01,14:31:35.85,3,1,"Stogner, John Allen",10028063,Right,ALA_LIO,"Holiday, Khi",833396,Right,SOU_IND16,Undefined,5,Top,1,0,0,ChangeUp,Slider,BallCalled,Undefined,Undefined,Undefined,0,0,,81.51327,-2.455104,-3.375812,2258.033583,179.282775,12:00,5.70832,1.60382,5.10151,-33.52258,10.03654,-0.10803,0.59599,-1.58976,74.90384,-8.546933,-3.39489,0.475019,,,,,,,,,,,,-0.89665,6.09489,-1.28495,50,5.4502,6.96347,-117.97432,-6.24004,-1.26221,22.68936,-23.59436,ALA_LIO,SOU_IND16,MikeDLaneField,D1,ASUN,20260301-MikeDLaneField-1,a4e43220-15ad-11f1-b4c9-5fb64430e846,79.34934,,,6.60943,,,,,,,2f230842-10f9-4e90-9219-1d3edf6fc0d7,2026-03-01,20:31:35.85,2026-03-01T14:31:35.8560000-06:00,2026-03-01T20:31:35.8560000Z,,v3,471594,southernindiana,dbd82bf8479745649ba7c646edcecf86,"Millard, William",10059244,Right,ALA_LIO,be17d5d9-ac29-4871-87cc-0fadd1190d30,55.39614,-119.0076,11.34468,5.70991,-5.16554,-11.79718,-1.60338,7.02095,-0.63111,,,,,,,,,,,,,,,,,,,,,,,,,,,,,,,,,,,,,,,,,,,,,,,,,,,High,High,High,,,,,,221.546962,59.963874,1130.24956,0.500546,1:30,-0.871278,-0.368758,-0.323872,56.841618,4.393571,72.074106,143.50829,-4.70674,0.592701,-0.082056,-0.801232,5.847388,-36.348912,0.082056,-0.592701,0.801232,-5.847388,36.348912,-0.082056,0.592701,0.801232,-143.50829,4.70674,-0.592701,0.082056,-0.801232,,,
156,2026-03-01,14:32:01.42,3,2,"Stogner, John Allen",10028063,Right,ALA_LIO,"Holiday, Khi",833396,Right,SOU_IND16,Undefined,5,Top,1,1,0,Curveball,Curveball,StrikeCalled,Undefined,Undefined,Undefined,0,0,,77.84715,1.966569,-0.87597,2351.209543,55.367065,7:45,5.74587,1.58723,4.90026,-56.53519,-8.22197,-14.24843,2.89548,-0.42867,70.93324,-8.23328,-3.388293,0.50027,,,,,,,,,,,,6.72418,-4.12855,-1.48904,50,5.89092,2.32485,-112.8197,1.78762,8.57695,22.5079,-37.44018,ALA_LIO,SOU_IND16,MikeDLaneField,D1,ASUN,20260301-MikeDLaneField-1,b4303620-15ad-11f1-b4c9-5fb64430e846,75.34422,,,6.91391,,,,,,,2f230842-10f9-4e90-9219-1d3edf6fc0d7,2026-03-01,20:32:01.42,2026-03-01T14:32:01.4200832-06:00,2026-03-01T20:32:01.4200832Z,,v3,471594,southernindiana,dbd82bf8479745649ba7c646edcecf86,"Millard, William",10059244,Right,ALA_LIO,c1d93ea5-a668-4cca-a0de-3f0ab267154d,55.59898,-113.93123,11.25395,5.75699,3.63658,-18.72009,-1.59339,1.90128,4.28847,,,,,,,,,,,,,,,,,,,,,,,,,,,,,,,,,,,,,,,,,,,,,,,,,,,High,High,High,,,,,,26.150446,51.186162,1473.719367,0.626792,6:45,-0.760557,0.302822,0.574328,-1.134128,47.065677,71.738797,119.038499,-22.65962,0.806807,-0.385256,-0.447929,40.69822,-53.785117,0.385256,-0.806807,0.447929,-40.69822,53.785117,-0.385256,0.806807,0.447929,-119.038499,22.65962,-0.806807,0.385256,-0.447929,,,
157,2026-03-01,14:32:20.29,3,3,"Stogner, John Allen",10028063,Right,ALA_LIO,"Holiday, Khi",833396,Right,SOU_IND16,Undefined,5,Top,1,1,1,Fastball,Sinker,BallCalled,Undefined,Undefined,Undefined,0,0,,87.57884,-0.485129,-4.361359,2177.713798,231.267682,1:45,5.73899,1.66726,5.42135,-22.11037,15.63643,17.76934,3.44073,-0.94506,78.7706,-4.646066,-1.211806,0.442193,,,,,,,,,,,,-10.21713,8.38977,-1.29192,50,5.68091,8.84472,-126.59448,-1.7982,-16.36147,29.02947,-18.73885,ALA_LIO,SOU_IND16,MikeDLaneField,D1,ASUN,20260301-MikeDLaneField-1,bf5c9fc0-15ad-11f1-b4c9-5fb64430e846,85.23987,,,8.80824,,,,,,,2f230842-10f9-4e90-9219-1d3edf6fc0d7,2026-03-01,20:32:20.29,2026-03-01T14:32:20.2982400-06:00,2026-03-01T20:32:20.2982400Z,,v3,471594,southernindiana,dbd82bf8479745649ba7c646edcecf86,"Millard, William",10059244,Right,ALA_LIO,ec0c6b32-6a2f-4c9a-bad3-d0e0a3c0f4bd,55.07304,-127.75249,14.51473,5.73773,-1.05069,-9.36943,-1.65776,9.49739,-8.18074,,,,,,,,,,,,,,,,,,,,,,,,,,,,,,,,,,,,,,,,,,,,,,,,,,,High,High,High,,,,,,222.448943,9.755305,2146.224871,0.98554,1:30,-0.21863,-0.666584,-0.712647,-100.746984,18.286345,33.784908,131.492556,-66.306099,0.301003,-0.915705,-0.266235,73.788578,-17.517836,0.915705,-0.301003,0.266235,-73.788578,17.517836,-0.915705,0.301003,0.266235,-131.492556,66.306099,-0.301003,0.915705,-0.266235,,,
158,2026-03-01,14:33:09.48,3,4,"Stogner, John Allen",10028063,Right,ALA_LIO,"Holiday, Khi",833396,Right,SOU_IND16,Undefined,5,Top,1,2,1,Cutter,Changeup,BallCalled,Undefined,Undefined,Undefined,0,0,,76.96956,-0.71057,-2.625162,1313.915582,266.79954,3:00,5.60077,1.73867,5.23672,-46.65168,2.8165,16.24568,1.04453,0.62336,69.36854,-9.24093,0.259217,0.506214,,,,,,,,,,,,-8.99123,2.21902,-1.50963,50,5.50112,4.45114,-111.35249,-2.95163,-11.02963,24.27864,-29.45194,ALA_LIO,SOU_IND16,MikeDLaneField,D1,ASUN,20260301-MikeDLaneField-1,dcbac830-15ad-11f1-b4c9-5fb64430e846,74.45947,,,7.60102,,,,,,,2f230842-10f9-4e90-9219-1d3edf6fc0d7,2026-03-01,20:33:09.48,2026-03-01T14:33:09.4850000-06:00,2026-03-01T20:33:09.4850000Z,,v3,471594,southernindiana,dbd82bf8479745649ba7c646edcecf86,"Millard, William",10059244,Right,ALA_LIO,ae919a49-44f2-44af-9e2d-6448884835fd,55.25861,-112.4932,12.13932,5.60729,-1.56785,-14.72597,-1.73094,4.96935,-5.51481,,,,,,,,,,,,,,,,,,,,,,,,,,,,,,,,,,,,,,,,,,,,,,,,,,,High,High,High,,,,,,261.970281,26.072852,1180.206186,0.898236,2:45,-0.433747,-0.894812,-0.105716,-3.039108,-0.34037,-14.075673,127.512864,75.156628,0.203204,0.96663,-0.155997,80.832533,11.724401,0.96663,0.203204,0.155997,-80.832533,-11.724401,-0.96663,-0.203204,0.155997,-127.512864,-75.156628,-0.203204,-0.96663,-0.155997,,,
159,2026-03-01,14:33:30.69,3,5,"Stogner, John Allen",10028063,Right,ALA_LIO,"Holiday, Khi",833396,Right,SOU_IND16,Undefined,5,Top,1,3,1,Curveball,Curveball,StrikeCalled,Undefined,Undefined,Undefined,0,0,,76.13472,3.499127,-0.940303,2178.421785,32.075094,7:00,5.65812,1.57973,4.80788,-67.92598,-16.52036,-11.55505,3.31722,-0.2741,68.49446,-8.737742,-2.97353,0.516032,,,,,,,,,,,,5.28402,-8.59449,-1.47579,50,5.9479,2.29849,-110.06807,4.19429,6.3344,23.69112,-42.47695,ALA_LIO,SOU_IND16,MikeDLaneField,D1,ASUN,20260301-MikeDLaneField-1,e96609a0-15ad-11f1-b4c9-5fb64430e846,73.04282,,,7.64026,,,,,,,2f230842-10f9-4e90-9219-1d3edf6fc0d7,2026-03-01,20:33:30.69,2026-03-01T14:33:30.6971136-06:00,2026-03-01T20:33:30.6971136Z,,v3,471594,southernindiana,dbd82bf8479745649ba7c646edcecf86,"Millard, William",10059244,Right,ALA_LIO,b3945901-88b6-4613-a636-922c1590561f,55.69148,-111.28637,11.84556,5.67605,6.37864,-21.23848,-1.58561,1.97276,3.1672,,,,,,,,,,,,,,,,,,,,,,,,,,,,,,,,,,,,,,,,,,,,,,,,,,,High,High,High,,,,,,,,,,,,,,,,,,,,,,,,,,,,,,,,,,,,,,,
160,2026-03-01,14:33:50.29,3,6,"Stogner, John Allen",10028063,Right,ALA_LIO,"Holiday, Khi",833396,Right,SOU_IND16,Undefined,5,Top,1,3,2,Fastball,Four-Seam,BallCalled,Walk,Undefined,Undefined,0,0,,86.08232,-3.74918,-3.596746,2318.917744,219.140857,1:15,5.76351,1.40626,5.35255,-17.20627,21.91737,16.67438,0.8014,-0.58196,77.92694,-7.015629,-0.640364,0.450185,,,,,,,,,,,,-9.50567,12.57764,-1.0949,50,5.41362,7.09357,-124.352,-8.6738,-14.73067,27.33873,-12.68284,ALA_LIO,SOU_IND16,MikeDLaneField,D1,ASUN,20260301-MikeDLaneField-1,f505ce80-15ad-11f1-b4c9-5fb64430e846,83.72656,,,8.15538,,,,,,,2f230842-10f9-4e90-9219-1d3edf6fc0d7,2026-03-01,20:33:50.29,2026-03-01T14:33:50.2957568-06:00,2026-03-01T20:33:50.2957568Z,,v3,471594,southernindiana,dbd82bf8479745649ba7c646edcecf86,"Millard, William",10059244,Right,ALA_LIO,d92e1ee6-7554-4d6e-8258-b5f8dc170cee,55.14456,-125.47793,13.66936,5.76009,-8.15146,-6.34142,-1.39953,7.70025,-7.36533,,,,,,,,,,,,,,,,,,,,,,,,,,,,,,,,,,,,,,,,,,,,,,,,,,,High,High,High,,,,,,,,,,,,,,,,,,,,,,,,,,,,,,,,,,,,,,,
161,2026-03-01,14:35:33.07,4,1,"Stogner, John Allen",10028063,Right,ALA_LIO,"Slack, Clayton",1000132133,Right,SOU_IND16,Undefined,5,Top,1,0,0,Fastball,Changeup,BallCalled,Undefined,Undefined,Undefined,0,0,,85.96838,-2.348485,-2.665245,2099.760813,235.382228,1:45,5.69065,1.65071,5.05462,-26.23647,13.013,16.94564,1.28583,0.54749,78.47657,-7.169973,0.329005,0.450908,,,,,,,,,,,,-9.16099,7.52272,-1.41105,50,5.44645,5.02957,-124.48126,-6.05665,-14.33047,25.70108,-20.40629,ALA_LIO,SOU_IND16,MikeDLaneField,D1,ASUN,20260301-MikeDLaneField-1,324f8100-15ae-11f1-b4c9-5fb64430e846,83.59228,,,7.49181,,,,,,,2f230842-10f9-4e90-9219-1d3edf6fc0d7,2026-03-01,20:35:33.07,2026-03-01T14:35:33.0786304-06:00,2026-03-01T20:35:33.0786304Z,,v3,471594,southernindiana,dbd82bf8479745649ba7c646edcecf86,"Millard, William",10059244,Right,ALA_LIO,ae18fe51-e07d-45cc-86d0-9839ff2f3a4f,55.44247,-125.59991,12.85054,5.69074,-5.16845,-10.20315,-1.64354,5.65332,-7.16524,,,,,,,,,,,,,,,,,,,,,,,,,,,,,,,,,,,,,,,,,,,,,,,,,,,High,High,High,,,,,,225.586391,4.637558,2092.886391,0.996726,1:30,-0.08399,-0.714683,-0.694387,-110.329716,28.693646,29.624802,171.208543,-74.694459,0.040344,-0.964532,-0.260865,74.865988,-2.312181,0.964532,-0.040344,0.260865,-74.865988,2.312181,-0.964532,0.040344,0.260865,-171.208543,74.694459,-0.040344,0.964532,-0.260865,,,
162,2026-03-01,14:35:52.65,4,2,"Stogner, John Allen",10028063,Right,ALA_LIO,"Slack, Clayton",1000132133,Right,SOU_IND16,Undefined,5,Top,1,1,0,Fastball,Sinker,StrikeCalled,Undefined,Undefined,Undefined,0,0,,87.25536,-2.183014,-3.513933,2212.853905,227.233151,1:30,5.72863,1.33786,5.25869,-21.36607,16.61521,16.53434,1.89228,-0.58983,79.20624,-6.173845,-0.586547,0.443564,,,,,,,,,,,,-9.29831,9.33697,-1.02839,50,5.51297,7.00959,-126.24942,-5.53824,-14.90832,27.28618,-17.20378,ALA_LIO,SOU_IND16,MikeDLaneField,D1,ASUN,20260301-MikeDLaneField-1,3e0c1cb0-15ae-11f1-b4c9-5fb64430e846,84.97636,,,8.04912,,,,,,,2f230842-10f9-4e90-9219-1d3edf6fc0d7,2026-03-01,20:35:52.65,2026-03-01T14:35:52.6568448-06:00,2026-03-01T20:35:52.6568448Z,,v3,471594,southernindiana,dbd82bf8479745649ba7c646edcecf86,"Millard, William",10059244,Right,ALA_LIO,3092eb49-9cad-4189-9fec-3ada47ec8188,55.23797,-127.37646,13.64309,5.72705,-4.82764,-8.60189,-1.33063,7.62537,-7.45416,,,,,,,,,,,,,,,,,,,,,,,,,,,,,,,,,,,,,,,,,,,,,,,,,,,High,High,High,,,,,,222.394344,3.200713,2209.402006,0.99844,1:30,-0.075289,-0.674816,-0.734136,-109.42827,16.604583,34.738018,133.43201,-72.530159,0.218005,-0.953875,-0.206388,77.791222,-12.591894,0.953875,-0.218005,0.206388,-77.791222,12.591894,-0.953875,0.218005,0.206388,-133.43201,72.530159,-0.218005,0.953875,-0.206388,,,
163,2026-03-01,14:36:14.59,4,3,"Stogner, John Allen",10028063,Right,ALA_LIO,"Slack, Clayton",1000132133,Right,SOU_IND16,Undefined,5,Top,1,1,1,Fastball,Four-Seam,FoulBallNotFieldable,Undefined,Undefined,Undefined,0,0,,88.92126,-1.266819,-2.864261,2187.503981,223.360225,1:30,5.7347,1.60714,5.19113,-20.99808,15.45934,13.4554,2.79148,0.03178,80.9472,-5.1789,-0.483563,0.434575,86.04991,12.868609,44.098074,4508.266372,73.05539,16.73849,82.23615,207.3298,168.76598,52.955444,2.15014,-7.54272,8.43178,-1.35196,50,5.60161,5.83087,-128.83967,-3.58721,-12.64069,27.51313,-18.0434,ALA_LIO,SOU_IND16,MikeDLaneField,D1,ASUN,20260301-MikeDLaneField-1,4b16e340-15ae-11f1-b4c9-5fb64430e846,86.73409,16.73839,,7.97406,,,,0.80983,2.59126,-0.20668,2f230842-10f9-4e90-9219-1d3edf6fc0d7,2026-03-01,20:36:14.59,2026-03-01T14:36:14.5977856-06:00,2026-03-01T20:36:14.5977856Z,LineDrive,v3,471594,southernindiana,dbd82bf8479745649ba7c646edcecf86,"Millard, William",10059244,Right,ALA_LIO,970b2695-25b4-4901-a762-865a95841ce8,55.30613,-129.96783,13.75657,5.73353,-2.84736,-9.0217,-1.60168,6.34919,-6.32034,,0.80981,88.36068,-21.48542,4.9268,-1.03495,0.19267,-0.02718,0.00191,1E-05,2.59129,28.10382,-14.21509,0.22644,0.02414,0.0173,-0.01794,0.00561,-0.00061,-0.20668,85.61964,-6.11448,1.35962,-0.22844,0.03493,-0.00433,0.00021,2E-05,,,,,,,,,,,,,,,,,,,,,,,High,High,High,High,Medium,,,,225.498067,5.279833,2178.222729,0.995757,1:30,-0.111078,-0.712062,-0.693275,53.300792,47.268986,-68.808526,141.305808,-68.792293,0.226153,-0.932275,-0.282344,73.150834,-13.070682,0.932275,-0.226153,0.282344,-73.150834,13.070682,-0.932275,0.226153,0.282344,-141.305808,68.792293,-0.226153,0.932275,-0.282344,,,
164,2026-03-01,14:36:44.43,4,4,"Stogner, John Allen",10028063,Right,ALA_LIO,"Slack, Clayton",1000132133,Right,SOU_IND16,Undefined,5,Top,1,1,2,Fastball,Sinker,InPlay,Undefined,FlyBall,Out,1,0,,89.67991,-0.040119,-3.543067,2331.533141,239.140194,2:00,5.73661,1.61237,5.06421,-23.97163,12.00969,18.13383,3.70108,-0.22155,81.6306,-4.46858,-0.345041,0.431728,82.20903,30.741993,19.563947,4402.328117,100.28612,54.77631,45.19608,283.25075,276.91971,32.003543,4.161045,-10.03493,6.31469,-1.29073,50,5.7142,7.1994,-129.90843,-0.98776,-17.12382,27.581,-21.39853,ALA_LIO,SOU_IND16,MikeDLaneField,D1,ASUN,20260301-MikeDLaneField-1,5ce4d730-15ae-11f1-b4c9-5fb64430e846,87.30603,61.94884,,8.04931,,,,1.26351,3.64529,0.16044,2f230842-10f9-4e90-9219-1d3edf6fc0d7,2026-03-01,20:36:44.43,2026-03-01T14:36:44.4367360-06:00,2026-03-01T20:36:44.4367360Z,FlyBall,v3,471594,southernindiana,dbd82bf8479745649ba7c646edcecf86,"Millard, William",10059244,Right,ALA_LIO,26cea718-f01e-4c97-9620-dbd82f86c20e,55.4343,-131.05711,13.7905,5.73678,-0.09656,-10.69927,-1.60541,7.91256,-8.56191,217.693901,1.2628,97.66641,-20.15329,4.98288,-1.23246,0.32245,-0.07035,0.00936,-0.00052,3.64642,61.60309,-17.73582,0.68969,0.2192,-0.16464,0.04647,-0.00606,0.0003,0.16059,34.697,1.23278,-0.6216,0.24026,-0.07253,0.01504,-0.0018,9E-05,,,,,,,,,,,,,,,,,,,,,,,High,High,High,High,High,,,,226.236358,0.865948,2331.266859,0.999886,1:30,-0.05732,-0.722127,-0.689381,-119.020107,-22.296877,-23.163427,169.256679,-75.349719,0.047146,-0.967488,-0.248485,75.595734,-2.702292,0.967488,-0.047146,0.248485,-75.595734,2.702292,-0.967488,0.047146,0.248485,-169.256679,75.349719,-0.047146,0.967488,-0.248485,,,
165,2026-03-01,14:37:30.89,5,1,"Stogner, John Allen",10028063,Right,ALA_LIO,"McLellan, Patrick",1000305136,Right,SOU_IND16,Undefined,5,Top,2,0,0,Fastball,Changeup,StrikeCalled,Undefined,Undefined,Undefined,0,0,,83.83348,-0.855535,-2.317714,2092.804711,233.365925,1:45,5.73736,1.62767,5.1947,-27.26816,13.7041,16.60647,2.65954,0.83023,76.43122,-5.896802,0.623683,0.460698,,,,,,,,,,,,-8.89504,7.4828,-1.42561,50,5.63779,4.18924,-121.52272,-2.75336,-13.26508,24.42427,-21.01507,ALA_LIO,SOU_IND16,MikeDLaneField,D1,ASUN,20260301-MikeDLaneField-1,787fcbd0-15ae-11f1-b4c9-5fb64430e846,81.81591,,,7.40227,,,,,,,2f230842-10f9-4e90-9219-1d3edf6fc0d7,2026-03-01,20:37:30.89,2026-03-01T14:37:30.8939264-06:00,2026-03-01T20:37:30.8939264Z,,v3,471594,southernindiana,dbd82bf8479745649ba7c646edcecf86,"Millard, William",10059244,Right,ALA_LIO,db4f17bf-c921-44c7-b015-6b667e48f81f,55.30148,-122.58361,12.21213,5.73756,-1.84055,-10.50753,-1.62009,4.76542,-6.63254,,,,,,,,,,,,,,,,,,,,,,,,,,,,,,,,,,,,,,,,,,,,,,,,,,,High,High,High,,,,,,,,,,,,,,,,,,,,,,,,,,,,,,,,,,,,,,,
166,2026-03-01,14:38:12.76,5,2,"Stogner, John Allen",10028063,Right,ALA_LIO,"McLellan, Patrick",1000305136,Right,SOU_IND16,Undefined,5,Top,2,0,1,Cutter,Splitter,FoulBallNotFieldable,Undefined,Undefined,Undefined,0,0,,71.62397,0.433486,-1.942335,862.985732,297.979769,4:00,5.95394,1.60179,5.05823,-59.94484,-2.85166,9.25075,1.36757,0.54033,65.1888,-10.421304,-0.303702,0.54383,96.3784,-29.737417,-122.269815,,,,,3.38872,3.38872,-63.117186,0.023795,-5.26351,-1.04681,-1.4249,50,5.94741,3.17521,-103.75029,-1.15382,-5.63799,20.15627,-33.29533,ALA_LIO,SOU_IND16,MikeDLaneField,D1,ASUN,20260301-MikeDLaneField-1,919267e0-15ae-11f1-b4c9-5fb64430e846,69.30919,1.67047,,6.43518,,,,3.09352,1.67047,-0.54997,2f230842-10f9-4e90-9219-1d3edf6fc0d7,2026-03-01,20:38:12.76,2026-03-01T14:38:12.7690000-06:00,2026-03-01T20:38:12.7690000Z,GroundBall,v3,471594,southernindiana,dbd82bf8479745649ba7c646edcecf86,"Millard, William",10059244,Right,ALA_LIO,1c1f83cc-b06b-4018-819a-1ce5ff561594,55.44029,-104.80189,10.07813,5.96229,0.58326,-16.64767,-1.59823,3.46936,-2.81899,,3.09384,-65.61384,,,,,,,,1.6708,-70.20378,,,,,,,,-0.54948,-103.91199,,,,,,,,,,,,,,,,,,,,,,,,,,,,,,High,High,High,Estimated,Estimated,,,,,,,,,,,,,,,,,,,,,,,,,,,,,,,,,,,,,
167,2026-03-01,14:38:53.28,5,3,"Stogner, John Allen",10028063,Right,ALA_LIO,"McLellan, Patrick",1000305136,Right,SOU_IND16,Undefined,5,Top,2,0,2,Fastball,Four-Seam,InPlay,Undefined,FlyBall,Out,1,0,,88.35527,-1.707223,-2.704976,2229.880361,215.950384,1:15,5.94262,1.44911,5.03982,-18.59745,18.70962,12.62749,2.78008,-0.0522,80.07766,-5.198467,-0.476929,0.439609,88.21678,34.900988,-11.258214,3768.78199,108.45564,70.90712,-18.36769,336.42824,334.13787,-5.419918,5.386663,-7.11012,10.18217,-1.20164,50,5.76551,5.46385,-127.92029,-4.44636,-11.6909,28.27907,-15.43185,ALA_LIO,SOU_IND16,MikeDLaneField,D1,ASUN,20260301-MikeDLaneField-1,a99a98d0-15ae-11f1-b4c9-5fb64430e846,85.74077,94.34574,,8.27761,,,,1.75537,2.83984,0.03693,2f230842-10f9-4e90-9219-1d3edf6fc0d7,2026-03-01,20:38:53.28,2026-03-01T14:38:53.2854272-06:00,2026-03-01T20:38:53.2854272Z,FlyBall,v3,471594,southernindiana,dbd82bf8479745649ba7c646edcecf86,"Millard, William",10059244,Right,ALA_LIO,94af99ce-a490-4d10-a938-70d7641ce455,55.4573,-129.12109,14.13953,5.9404,-3.79109,-7.71593,-1.44419,5.96027,-5.84545,189.491295,1.75922,103.99796,-19.21353,4.2182,-0.64544,0.06194,-0.00355,0.00026,-2E-05,2.83822,74.0511,-16.45392,0.66193,0.06322,-0.08423,0.02668,-0.00368,0.00019,0.03564,-20.69277,6.03003,-1.21289,0.1809,-0.0178,0.00177,-0.00025,2E-05,,,,,,,,,,,,,,,,,,,,,,,High,High,High,High,High,,,,218.385019,1.177707,2229.409313,0.999789,1:15,-0.039031,-0.621148,-0.78272,-94.642977,22.815808,61.081083,131.412362,-73.342015,0.214984,-0.958033,-0.189617,78.804539,-12.414617,0.958033,-0.214984,0.189617,-78.804539,12.414617,-0.958033,0.214984,0.189617,-131.412362,73.342015,-0.214984,0.958033,-0.189617,,,
168,2026-03-01,14:42:26.42,1,1,"Hansen, Eben",815461,Right,SOU_IND16,"Millard, William",10059244,Right,ALA_LIO,Undefined,5,Bottom,0,0,0,Fastball,,StrikeCalled,Undefined,Undefined,Undefined,0,0,,,,,,,,,,,,,,,,,,,,,,,,,,,,,,,,,,,,,,,,,,ALA_LIO,SOU_IND16,MikeDLaneField,D1,ASUN,20260301-MikeDLaneField-1,20ea6b90-15af-11f1-b4c9-5fb64430e846,,,,,,,,,,,2f230842-10f9-4e90-9219-1d3edf6fc0d7,2026-03-01,20:42:26.42,2026-03-01T14:42:26.4290176-06:00,2026-03-01T20:42:26.4290176Z,,v3,471594,southernindiana,dbd82bf8479745649ba7c646edcecf86,"Wall, Micajah",1000131896,Right,SOU_IND16,2e333102-3bc4-4fcc-a50a-5dce2054f4c2,,,,,,,,,,,,,,,,,,,,,,,,,,,,,,,,,,,,,,,,,,,,,,,,,,,,,,,,,,,,,,,,,,,,,,,,,,,,,,,,,,,,,,,,,,,,,,,,,,,,,
169,2026-03-01,14:42:27.42,1,2,"Hansen, Eben",815461,Right,SOU_IND16,"Millard, William",10059244,Right,ALA_LIO,Undefined,5,Bottom,0,0,1,Slider,Slider,StrikeCalled,Undefined,Undefined,Undefined,0,0,,81.29089,-0.443215,-1.314309,2091.712944,154.030222,11:15,5.78143,0.17015,6.04227,-38.53687,4.20571,-1.28748,2.15957,-1.15419,73.44937,-7.613748,-1.546287,0.470546,,,,,,,,,,,,0.22193,2.80028,-0.06709,50,5.72663,2.7549,-117.89689,-2.1175,0.30656,26.29725,-28.3059,ALA_LIO,SOU_IND16,MikeDLaneField,D1,ASUN,20260301-MikeDLaneField-1,295173a0-15af-11f1-b4c9-5fb64430e846,80.10369,,,7.84151,,,,,,,2f230842-10f9-4e90-9219-1d3edf6fc0d7,2026-03-01,20:42:27.42,2026-03-01T14:42:27.4290176-06:00,2026-03-01T20:42:27.4290176Z,,v3,471594,southernindiana,dbd82bf8479745649ba7c646edcecf86,"Wall, Micajah",1000131896,Right,SOU_IND16,959590dc-4879-4d17-bebb-6c497c12df8b,54.45225,-118.88583,13.14863,5.78625,-1.05302,-14.15295,-0.17047,2.74338,0.15328,,,,,,,,,,,,,,,,,,,,,,,,,,,,,,,,,,,,,,,,,,,,,,,,,,,High,High,High,,,,,,84.325114,88.663267,48.796074,0.023328,8:45,-0.999562,0.01548,0.02524,-25.879858,17.690002,22.188884,93.830525,-27.648693,0.883831,-0.464049,-0.059177,82.732693,-62.107962,0.464049,-0.883831,0.059177,-82.732693,62.107962,-0.464049,0.883831,0.059177,-93.830525,27.648693,-0.883831,0.464049,-0.059177,,,
170,2026-03-01,14:42:47.58,1,3,"Hansen, Eben",815461,Right,SOU_IND16,"Millard, William",10059244,Right,ALA_LIO,Undefined,5,Bottom,0,0,2,Fastball,Four-Seam,BallCalled,Undefined,Undefined,Undefined,0,0,,90.87281,-3.266417,-3.393179,1982.037959,196.73845,12:30,5.75223,0.15976,6.39491,-12.87414,20.74903,5.88595,1.66677,-2.47405,82.41534,-5.782658,-2.329743,0.417341,,,,,,,,,,,,-4.06622,12.1154,0.08161,50,5.51078,7.55644,-131.57072,-7.80166,-7.06861,30.07548,-11.11297,ALA_LIO,SOU_IND16,MikeDLaneField,D1,ASUN,20260301-MikeDLaneField-1,35496aa0-15af-11f1-b4c9-5fb64430e846,90.31576,,,8.45746,,,,,,,2f230842-10f9-4e90-9219-1d3edf6fc0d7,2026-03-01,20:42:47.58,2026-03-01T14:42:47.5821056-06:00,2026-03-01T20:42:47.5821056Z,,v3,471594,southernindiana,dbd82bf8479745649ba7c646edcecf86,"Wall, Micajah",1000131896,Right,SOU_IND16,f26d41a8-5e8b-476b-979a-1cde27ca5f06,54.09987,-132.50458,15.03774,5.74767,-7.45659,-5.55648,-0.15643,7.77592,-3.5343,,,,,,,,,,,,,,,,,,,,,,,,,,,,,,,,,,,,,,,,,,,,,,,,,,,High,High,High,,,,,,207.047777,4.022464,1977.155454,0.997537,1:00,-0.096694,-0.456873,-0.884261,-25.230267,5.122275,-29.782819,167.198682,-1.831234,0.221458,-0.031956,-0.974646,1.877877,-12.794669,0.031956,-0.221458,0.974646,-1.877877,12.794669,-0.031956,0.221458,0.974646,-167.198682,1.831234,-0.221458,0.031956,-0.974646,,,
171,2026-03-01,14:43:10.20,1,4,"Hansen, Eben",815461,Right,SOU_IND16,"Millard, William",10059244,Right,ALA_LIO,Undefined,5,Bottom,0,1,2,Slider,Slider,BallCalled,Undefined,Undefined,Undefined,0,0,,81.38121,0.7097,-0.649021,2084.334668,127.676908,10:15,5.87434,0.4452,5.76678,-36.6797,6.72036,-6.52473,3.47826,-0.70256,72.7996,-6.135046,-1.817662,0.474151,,,,,,,,,,,,3.06079,3.68599,-0.38767,50,5.91145,1.60229,-117.87758,0.28051,4.19766,27.68992,-27.11897,ALA_LIO,SOU_IND16,MikeDLaneField,D1,ASUN,20260301-MikeDLaneField-1,42bf2800-15af-11f1-b4c9-5fb64430e846,79.4946,,,8.58161,,,,,,,2f230842-10f9-4e90-9219-1d3edf6fc0d7,2026-03-01,20:43:10.20,2026-03-01T14:43:10.2035456-06:00,2026-03-01T20:43:10.2035456Z,,v3,471594,southernindiana,dbd82bf8479745649ba7c646edcecf86,"Wall, Micajah",1000131896,Right,SOU_IND16,5d47f1f7-a1e7-4db0-a531-2d119119c2e9,54.72559,-118.98246,13.84496,5.87867,1.36261,-13.55949,-0.44826,1.4348,2.09883,,,,,,,,,,,,,,,,,,,,,,,,,,,,,,,,,,,,,,,,,,,,,,,,,,,High,High,High,,,,,,331.232096,86.019409,144.691466,0.069419,5:00,-0.997172,-0.02105,0.072151,-23.744887,22.504618,26.010763,95.876721,-29.729867,0.863809,-0.495911,-0.088911,79.835505,-59.74703,0.495911,-0.863809,0.088911,-79.835505,59.74703,-0.495911,0.863809,0.088911,-95.876721,29.729867,-0.863809,0.495911,-0.088911,,,
172,2026-03-01,14:43:30.02,1,5,"Hansen, Eben",815461,Right,SOU_IND16,"Millard, William",10059244,Right,ALA_LIO,Undefined,5,Bottom,0,2,2,Fastball,Four-Seam,FoulBallNotFieldable,Undefined,Undefined,Undefined,0,0,,90.6917,-3.168967,-1.895582,2033.002437,200.518686,12:45,5.80679,0.16668,6.42626,-11.97213,21.87178,7.71831,1.89183,-0.93307,81.74308,-5.540162,-0.497256,0.418708,70.76914,54.50269,62.494169,5739.976842,,,,,47.93426,,,-4.65264,12.82182,-0.03497,50,5.57518,4.03985,-131.44276,-7.52567,-8.00942,32.02416,-10.10161,ALA_LIO,SOU_IND16,MikeDLaneField,D1,ASUN,20260301-MikeDLaneField-1,4ea592d0-15af-11f1-b4c9-5fb64430e846,90.02076,60.08632,,8.94862,,,,1.93241,2.44503,0.93261,2f230842-10f9-4e90-9219-1d3edf6fc0d7,2026-03-01,20:43:30.02,2026-03-01T14:43:30.0299776-06:00,2026-03-01T20:43:30.0299776Z,,v3,471594,southernindiana,dbd82bf8479745649ba7c646edcecf86,"Wall, Micajah",1000131896,Right,SOU_IND16,2b4750d6-055b-45fa-8994-58b068737bc4,54.06988,-132.43062,16.01208,5.80252,-7.21406,-5.0508,-0.1634,4.28692,-4.00471,,1.93241,27.83496,-12.26854,3.11006,-0.74284,0.14416,-0.02974,0.00516,-0.0005,2.44503,84.50361,-21.83632,1.82949,-0.28717,0.02914,-0.00078,-0.00062,7E-05,0.93261,53.45718,-3.70565,-0.12346,0.15661,-0.05846,0.01366,-0.00306,0.00029,,,,,,,,,,,,,,,,,,,,,,,High,High,High,High,Undefined,,,,205.1217,3.628717,2028.926536,0.997995,12:45,-0.069639,-0.426542,-0.901783,-14.404184,1.214795,-55.541975,160.593181,-3.821472,0.331535,-0.066648,-0.941086,4.050931,-19.361946,0.066648,-0.331535,0.941086,-4.050931,19.361946,-0.066648,0.331535,0.941086,-160.593181,3.821472,-0.331535,0.066648,-0.941086,,,
173,2026-03-01,14:43:53.80,1,6,"Hansen, Eben",815461,Right,SOU_IND16,"Millard, William",10059244,Right,ALA_LIO,Undefined,5,Bottom,0,2,2,Curveball,Curveball,BallCalled,Undefined,Undefined,Undefined,0,0,,77.98975,-2.063423,-1.473553,2385.276233,32.185589,7:00,5.8625,0.16371,6.11117,-51.78172,-6.01587,-4.69603,-0.36202,-1.59043,72.13189,-11.516078,-2.323591,0.486903,,,,,,,,,,,,2.0291,-2.23398,-0.0481,50,5.67652,3.0737,-113.29524,-5.6419,2.61884,22.0559,-35.05728,ALA_LIO,SOU_IND16,MikeDLaneField,D1,ASUN,20260301-MikeDLaneField-1,5cbce760-15af-11f1-b4c9-5fb64430e846,77.41266,,,5.85786,,,,,,,2f230842-10f9-4e90-9219-1d3edf6fc0d7,2026-03-01,20:43:53.80,2026-03-01T14:43:53.8020352-06:00,2026-03-01T20:43:53.8020352Z,,v3,471594,southernindiana,dbd82bf8479745649ba7c646edcecf86,"Wall, Micajah",1000131896,Right,SOU_IND16,9a711322-0aad-40e5-a29d-3f9965c0f419,54.39031,-114.14673,11.02795,5.86821,-4.28847,-17.52864,-0.16481,2.9726,1.30942,,,,,,,,,,,,,,,,,,,,,,,,,,,,,,,,,,,,,,,,,,,,,,,,,,,High,High,High,,,,,,,,,,,,,,,,,,,,,,,,,,,,,,,,,,,,,,,
174,2026-03-01,14:44:17.66,1,7,"Hansen, Eben",815461,Right,SOU_IND16,"Millard, William",10059244,Right,ALA_LIO,Undefined,5,Bottom,0,3,2,ChangeUp,Changeup,BallCalled,Walk,Undefined,Undefined,0,0,,79.57687,-0.620404,-3.702936,1357.397626,273.741156,3:00,5.57487,0.65261,6.35145,-43.08302,0.5878,13.0639,1.41236,-1.67183,72.83934,-8.612479,-1.339151,0.475627,,,,,,,,,,,,-7.88949,0.94319,-0.38947,50,5.51001,7.00638,-115.45179,-2.52666,-10.58196,22.74881,-30.90898,ALA_LIO,SOU_IND16,MikeDLaneField,D1,ASUN,20260301-MikeDLaneField-1,6afa3a80-15af-11f1-b4c9-5fb64430e846,79.24782,,,6.73753,,,,,,,2f230842-10f9-4e90-9219-1d3edf6fc0d7,2026-03-01,20:44:17.66,2026-03-01T14:44:17.6668160-06:00,2026-03-01T20:44:17.6668160Z,,v3,471594,southernindiana,dbd82bf8479745649ba7c646edcecf86,"Wall, Micajah",1000131896,Right,SOU_IND16,e3f0fad1-3a8c-4d90-8043-6dfa1b607230,54.14703,-116.26606,11.37441,5.58065,-1.42031,-15.45449,-0.64704,7.38515,-5.29098,,,,,,,,,,,,,,,,,,,,,,,,,,,,,,,,,,,,,,,,,,,,,,,,,,,High,High,High,,,,,,239.349879,2.951402,1355.597128,0.998674,2:00,-0.074976,-0.859662,-0.505331,-13.682464,-56.808097,37.034409,94.212685,47.660692,0.6717,0.739169,-0.049476,86.170635,42.198414,0.739169,0.6717,0.049476,-86.170635,-42.198414,-0.739169,-0.6717,0.049476,-94.212685,-47.660692,-0.6717,-0.739169,-0.049476,,,
175,2026-03-01,14:44:56.94,2,1,"Hansen, Eben",815461,Right,SOU_IND16,"Santoyo, Justin",830518,Right,ALA_LIO,Undefined,5,Bottom,0,0,0,Fastball,Four-Seam,InPlay,Undefined,LineDrive,Single,0,0,,88.64084,-1.992532,-0.373575,1961.288583,195.726916,12:30,5.7806,0.35004,6.35906,-16.30292,19.13399,5.02457,2.5875,0.42494,79.92233,-5.155196,0.536403,0.428449,99.61608,5.279915,0.343969,3417.535775,109.96174,6.8295,-2.8992,181.98672,179.22683,-2.452442,1.504533,-2.73894,10.99099,-0.32522,50,5.62861,0.63824,-128.62114,-4.8778,-4.51381,30.71673,-14.06083,ALA_LIO,SOU_IND16,MikeDLaneField,D1,ASUN,20260301-MikeDLaneField-1,826d3050-15af-11f1-b4c9-5fb64430e846,87.97409,7.11507,,8.71851,,,,1.06284,2.54119,-0.50573,2f230842-10f9-4e90-9219-1d3edf6fc0d7,2026-03-01,20:44:56.94,2026-03-01T14:44:56.9430016-06:00,2026-03-01T20:44:56.9430016Z,GroundBall,v3,471594,southernindiana,dbd82bf8479745649ba7c646edcecf86,"Wall, Micajah",1000131896,Right,SOU_IND16,4fa12b04-cfe0-4aaa-bcd5-58e97f5923bc,54.13636,-129.6052,15.35836,5.77766,-4.42734,-7.03042,-0.34799,0.78285,-2.25691,147.465475,1.49139,141.49373,-14.54383,,,,,,,2.51721,13.70943,-10.21921,,,,,,,-0.36967,-0.41398,-3.05151,,,,,,,,,,,,,,,,,,,,,,,,,,,,,High,High,High,High,High,,,,204.597427,5.158629,1953.344544,0.99595,12:45,-0.081348,-0.41743,-0.905061,-13.305061,7.249964,-29.143363,165.560138,-10.991914,0.244789,-0.19067,-0.950644,11.341325,-14.169358,0.19067,-0.244789,0.950644,-11.341325,14.169358,-0.19067,0.244789,0.950644,-165.560138,10.991914,-0.244789,0.19067,-0.950644,,,
176,2026-03-01,14:46:38.77,3,1,"Hansen, Eben",815461,Right,SOU_IND16,"Sheffield, Cayden",815545,Right,ALA_LIO,Undefined,5,Bottom,0,0,0,Fastball,Four-Seam,BallCalled,Undefined,Undefined,Undefined,0,0,,88.90259,-1.086561,-0.156063,1930.213063,192.709724,12:30,5.86648,0.31144,6.15132,-14.4145,21.07418,4.46296,3.66124,0.53916,80.02917,-3.906019,0.648862,0.428762,,,,,,,,,,,,-2.33579,11.57197,-0.3017,50,5.77628,0.16273,-128.97779,-2.78201,-3.87387,30.69108,-12.98217,ALA_LIO,SOU_IND16,MikeDLaneField,D1,ASUN,20260301-MikeDLaneField-1,bf128c80-15af-11f1-b4c9-5fb64430e846,87.90995,,,8.87343,,,,,,,2f230842-10f9-4e90-9219-1d3edf6fc0d7,2026-03-01,20:46:38.77,2026-03-01T14:46:38.7746816-06:00,2026-03-01T20:46:38.7746816Z,,v3,471594,southernindiana,dbd82bf8479745649ba7c646edcecf86,"Wall, Micajah",1000131896,Right,SOU_IND16,6788aa47-435a-4391-ace1-821ea28b3774,54.34218,-130.00693,15.34554,5.86226,-2.34669,-6.49109,-0.30933,0.29263,-1.93694,,,,,,,,,,,,,,,,,,,,,,,,,,,,,,,,,,,,,,,,,,,,,,,,,,,High,High,High,,,,,,207.404106,4.314729,1924.742502,0.997166,1:00,-0.068929,-0.460303,-0.885082,-21.393628,11.32346,-13.439228,167.640818,-6.807732,0.21253,-0.118538,-0.969938,6.967675,-12.270682,0.118538,-0.21253,0.969938,-6.967675,12.270682,-0.118538,0.21253,0.969938,-167.640818,6.807732,-0.21253,0.118538,-0.969938,,,
177,2026-03-01,14:46:57.45,3,2,"Hansen, Eben",815461,Right,SOU_IND16,"Sheffield, Cayden",815545,Right,ALA_LIO,Undefined,5,Bottom,0,1,0,Slider,Slider,InPlay,Undefined,FlyBall,Out,1,0,,80.37986,0.344075,-0.071493,1921.057155,198.505323,12:30,5.82356,0.56494,5.96122,-37.27132,6.71107,1.69126,3.03667,0.63959,72.22465,-6.621982,0.232722,0.477321,82.67273,35.183169,1.184447,,109.70398,65.94971,8.06408,302.34794,299.45078,9.741816,4.738734,-0.89236,3.79732,-0.56021,50,5.83038,0.08058,-116.55457,-0.44229,-1.20001,26.48894,-27.06758,ALA_LIO,SOU_IND16,MikeDLaneField,D1,ASUN,20260301-MikeDLaneField-1,ca429fa0-15af-11f1-b4c9-5fb64430e846,78.96663,78.12352,,8.1552,,,,1.58822,3.13206,-0.64174,2f230842-10f9-4e90-9219-1d3edf6fc0d7,2026-03-01,20:46:57.45,2026-03-01T14:46:57.4532608-06:00,2026-03-01T20:46:57.4532608Z,FlyBall,v3,471594,southernindiana,dbd82bf8479745649ba7c646edcecf86,"Wall, Micajah",1000131896,Right,SOU_IND16,c27cf647-290d-446d-b16d-30ef9765f489,54.53355,-117.58038,13.24447,5.82721,0.60593,-13.53379,-0.56423,0.12705,-0.6,206.877474,1.58929,99.06028,-17.21361,3.94559,-0.76653,0.14405,-0.02665,0.00356,-0.00021,3.13292,69.83866,-18.00282,0.77392,0.21384,-0.18138,0.05523,-0.00783,0.00043,-0.64208,2.05481,4.75012,-1.32055,0.3122,-0.06625,0.01157,-0.00135,7E-05,,,,,,,,,,,,,,,,,,,,,,,High,High,High,High,High,,,,202.671827,81.987327,267.780266,0.139392,12:45,-0.990702,-0.047781,-0.127385,-26.41048,4.822986,30.169334,92.626635,-60.018838,0.49919,-0.86619,-0.022901,88.485546,-29.94644,0.86619,-0.49919,0.022901,-88.485546,29.94644,-0.86619,0.49919,0.022901,-92.626635,60.018838,-0.49919,0.86619,-0.022901,,,
178,2026-03-01,14:47:54.99,4,1,"Hansen, Eben",815461,Right,SOU_IND16,"Westmoreland, Jackson",1000147983,Right,ALA_LIO,Undefined,5,Bottom,1,0,0,Slider,Slider,FoulBallNotFieldable,Undefined,Undefined,Undefined,0,0,,79.71081,-0.868081,-0.625256,1848.927633,188.645967,12:15,5.74936,0.63702,6.44431,-38.29112,5.36095,0.57736,1.76072,0.11061,72.28066,-8.040919,-0.520358,0.475526,,,,,,,,,,,,-0.50917,3.51847,-0.59295,50,5.67085,1.24325,-115.75935,-2.82967,-0.67892,25.1112,-27.48274,ALA_LIO,SOU_IND16,MikeDLaneField,D1,ASUN,20260301-MikeDLaneField-1,ec91bc30-15af-11f1-b4c9-5fb64430e846,79.26479,,,7.43016,,,,,,,2f230842-10f9-4e90-9219-1d3edf6fc0d7,2026-03-01,20:47:54.99,2026-03-01T14:47:54.9970944-06:00,2026-03-01T20:47:54.9970944Z,,v3,471594,southernindiana,dbd82bf8479745649ba7c646edcecf86,"Wall, Micajah",1000131896,Right,SOU_IND16,01c394f5-c2e3-4dcf-877a-cedc0010787a,54.05267,-116.63517,12.5556,5.75282,-1.87115,-13.74137,-0.63673,1.26693,-0.33946,,,,,,,,,,,,,,,,,,,,,,,,,,,,,,,,,,,,,,,,,,,,,,,,,,,High,High,High,,,,,,216.712979,80.717885,298.224204,0.161296,1:15,-0.986684,-0.111365,-0.118541,-39.428619,12.600068,27.927847,90.906731,-28.8402,0.875859,-0.482368,-0.013862,88.353922,-61.146774,0.482368,-0.875859,0.013862,-88.353922,61.146774,-0.482368,0.875859,0.013862,-90.906731,28.8402,-0.875859,0.482368,-0.013862,,,
179,2026-03-01,14:48:21.58,4,2,"Hansen, Eben",815461,Right,SOU_IND16,"Westmoreland, Jackson",1000147983,Right,ALA_LIO,Undefined,5,Bottom,1,0,1,Fastball,Four-Seam,FoulBallNotFieldable,Undefined,Undefined,Undefined,0,0,,87.26911,-2.424532,-0.677953,2025.248747,197.777363,12:30,5.84209,0.18099,6.55128,-16.74446,19.35324,5.80315,2.22205,0.04291,79.19664,-5.665622,0.3769,0.432425,,,,,,,,,,,,-3.26146,11.28544,-0.1365,50,5.66727,1.28064,-126.70928,-5.76327,-5.2476,28.38469,-14.01595,ALA_LIO,SOU_IND16,MikeDLaneField,D1,ASUN,20260301-MikeDLaneField-1,fc5b2d90-15af-11f1-b4c9-5fb64430e846,87.16519,,,8.07246,,,,,,,2f230842-10f9-4e90-9219-1d3edf6fc0d7,2026-03-01,20:48:21.58,2026-03-01T14:48:21.5823872-06:00,2026-03-01T20:48:21.5823872Z,,v3,471594,southernindiana,dbd82bf8479745649ba7c646edcecf86,"Wall, Micajah",1000131896,Right,SOU_IND16,8f3d2065-1662-4408-b008-bdb5d63ebd74,53.94536,-127.59003,14.19234,5.83935,-5.32837,-7.00798,-0.17876,1.44347,-2.6238,,,,,,,,,,,,,,,,,,,,,,,,,,,,,,,,,,,,,,,,,,,,,,,,,,,High,High,High,,,,,,199.922435,12.367537,1978.250395,0.976794,12:45,-0.210762,-0.341603,-0.915908,-23.180682,0.048571,-57.813086,169.789709,1.653494,0.177188,0.028855,-0.983754,1.680085,10.205994,0.028855,0.177188,0.983754,-1.680085,-10.205994,-0.028855,-0.177188,0.983754,-169.789709,-1.653494,-0.177188,-0.028855,-0.983754,,,
180,2026-03-01,14:48:43.73,4,3,"Hansen, Eben",815461,Right,SOU_IND16,"Westmoreland, Jackson",1000147983,Right,ALA_LIO,Undefined,5,Bottom,1,0,2,ChangeUp,Changeup,FoulBallNotFieldable,Undefined,Undefined,Undefined,0,0,,81.23247,-1.181149,-1.152622,1378.138169,268.606836,3:00,5.4659,0.79296,6.19101,-40.64073,1.85445,13.3245,0.98831,0.83904,73.68363,-8.727396,1.258092,0.469182,,,,,,,,,,,,-7.34788,1.7391,-0.71295,50,5.35647,1.8878,-117.91525,-3.6676,-10.15355,26.29672,-29.77089,ALA_LIO,SOU_IND16,MikeDLaneField,D1,ASUN,20260301-MikeDLaneField-1,0996c820-15b0-11f1-b4c9-5fb64430e846,80.33652,,,7.54884,,,,,,,2f230842-10f9-4e90-9219-1d3edf6fc0d7,2026-03-01,20:48:43.73,2026-03-01T14:48:43.7347328-06:00,2026-03-01T20:48:43.7347328Z,,v3,471594,southernindiana,dbd82bf8479745649ba7c646edcecf86,"Wall, Micajah",1000131896,Right,SOU_IND16,4ff0cade-f7dd-4bc1-adca-99abdc9d2e0a,54.30737,-118.87197,13.14836,5.4702,-2.58448,-14.88545,-0.78835,2.2572,-5.07678,,,,,,,,,,,,,,,,,,,,,,,,,,,,,,,,,,,,,,,,,,,,,,,,,,,High,High,High,,,,,,245.454701,2.357506,1376.971731,0.999154,2:15,-0.030736,-0.909518,-0.414527,-20.242211,-44.386651,38.88135,99.962652,43.472178,0.714765,0.688002,-0.125552,79.658014,45.623976,0.688002,0.714765,0.125552,-79.658014,-45.623976,-0.688002,-0.714765,0.125552,-99.962652,-43.472178,-0.714765,-0.688002,-0.125552,,,
181,2026-03-01,14:49:21.63,4,4,"Hansen, Eben",815461,Right,SOU_IND16,"Westmoreland, Jackson",1000147983,Right,ALA_LIO,Undefined,5,Bottom,1,0,2,Fastball,Four-Seam,BallCalled,Undefined,Undefined,Undefined,0,0,,89.87904,-0.033156,-1.265414,1953.641145,200.126891,12:45,5.88592,0.10114,6.12917,-14.95446,19.45678,6.71559,4.60906,-0.50907,81.60566,-2.927328,-0.055162,0.422203,,,,,,,,,,,,-3.81532,10.36843,-0.00774,50,5.8754,2.59947,-130.5238,-0.45775,-6.54787,28.79808,-14.3797,ALA_LIO,SOU_IND16,MikeDLaneField,D1,ASUN,20260301-MikeDLaneField-1,203d9450-15b0-11f1-b4c9-5fb64430e846,89.27556,,,8.27338,,,,,,,2f230842-10f9-4e90-9219-1d3edf6fc0d7,2026-03-01,20:49:21.63,2026-03-01T14:49:21.6329728-06:00,2026-03-01T20:49:21.6329728Z,,v3,471594,southernindiana,dbd82bf8479745649ba7c646edcecf86,"Wall, Micajah",1000131896,Right,SOU_IND16,f631bb55-40ba-46de-a75c-ff48459e01a9,54.36621,-131.48361,14.39904,5.88267,0.02151,-7.18985,-0.09801,2.81771,-3.27394,,,,,,,,,,,,,,,,,,,,,,,,,,,,,,,,,,,,,,,,,,,,,,,,,,,High,High,High,,,,,,206.938481,3.430802,1950.139831,0.998208,1:00,-0.079219,-0.452256,-0.888363,-14.969457,15.584909,-22.524912,159.863273,-12.657439,0.335895,-0.219121,-0.916057,13.452426,-19.626984,0.219121,-0.335895,0.916057,-13.452426,19.626984,-0.219121,0.335895,0.916057,-159.863273,12.657439,-0.335895,0.219121,-0.916057,,,
182,2026-03-01,14:49:42.39,4,5,"Hansen, Eben",815461,Right,SOU_IND16,"Westmoreland, Jackson",1000147983,Right,ALA_LIO,Undefined,5,Bottom,1,1,2,Fastball,Four-Seam,FoulBallNotFieldable,Undefined,Undefined,Undefined,0,0,,89.31924,-1.35041,-1.506892,1983.783232,201.055694,12:45,5.83697,0.50685,6.20257,-14.79245,19.96162,7.24056,3.35712,-0.28102,81.22452,-4.213996,-0.200229,0.424301,,,,,,,,,,,,-4.18083,11.068,-0.39712,50,5.72788,3.11476,-129.69722,-3.42871,-7.08553,28.40115,-13.41644,ALA_LIO,SOU_IND16,MikeDLaneField,D1,ASUN,20260301-MikeDLaneField-1,2c9b7910-15b0-11f1-b4c9-5fb64430e846,88.83414,,,8.09473,,,,,,,2f230842-10f9-4e90-9219-1d3edf6fc0d7,2026-03-01,20:49:42.39,2026-03-01T14:49:42.3921664-06:00,2026-03-01T20:49:42.3921664Z,,v3,471594,southernindiana,dbd82bf8479745649ba7c646edcecf86,"Wall, Micajah",1000131896,Right,SOU_IND16,c63bc11a-18ef-4fad-8390-e4de895b2a83,54.29371,-130.63408,14.20057,5.83368,-2.98615,-6.70822,-0.50372,3.34848,-3.54276,,,,,,,,,,,,,,,,,,,,,,,,,,,,,,,,,,,,,,,,,,,,,,,,,,,High,High,High,,,,,,206.81993,4.154515,1978.570452,0.997372,1:00,-0.085206,-0.451585,-0.88815,-34.838811,5.663819,-19.540883,170.846254,7.393572,0.157762,0.128684,-0.979057,7.487868,9.076992,0.128684,0.157762,0.979057,-7.487868,-9.076992,-0.128684,-0.157762,0.979057,-170.846254,-7.393572,-0.157762,-0.128684,-0.979057,,,
183,2026-03-01,14:50:04.18,4,6,"Hansen, Eben",815461,Right,SOU_IND16,"Westmoreland, Jackson",1000147983,Right,ALA_LIO,Undefined,5,Bottom,1,1,2,Curveball,Curveball,InPlay,Undefined,LineDrive,Double,0,1,,78.5662,-0.686333,0.054399,2304.038955,0.833998,6:00,5.91231,0.50237,5.56447,-51.92692,-5.68803,-0.10559,0.94388,0.54439,71.90065,-10.140359,0.035489,0.489412,92.26581,13.763675,-35.167917,2374.234774,86.50473,16.99251,-67.94683,221.16506,218.93751,-41.870997,2.142238,0.07098,-2.29634,-0.50699,50,5.81863,-0.10427,-114.04314,-3.09886,0.09234,23.35361,-35.16147,ALA_LIO,SOU_IND16,MikeDLaneField,D1,ASUN,20260301-MikeDLaneField-1,398aef70-15b0-11f1-b4c9-5fb64430e846,77.01571,17.13132,,6.66556,,,,2.4722,1.09927,-0.48937,2f230842-10f9-4e90-9219-1d3edf6fc0d7,2026-03-01,20:50:04.18,2026-03-01T14:50:04.1808896-06:00,2026-03-01T20:50:04.1808896Z,LineDrive,v3,471594,southernindiana,dbd82bf8479745649ba7c646edcecf86,"Wall, Micajah",1000131896,Right,SOU_IND16,fe49b98c-e2f5-48f9-b350-f3935a82ceb0,54.93515,-115.04931,11.6768,5.91951,-1.58396,-17.58074,-0.50241,-0.10825,0.04617,,2.47219,107.44753,-21.82707,4.91146,-1.06335,0.1868,-0.0266,0.00235,-6E-05,1.09928,32.19474,-17.07805,0.9774,-0.07623,0.00621,-0.00077,0.00073,-0.00012,-0.48938,-75.70285,2.5968,0.86346,-0.43365,0.12219,-0.02272,0.0024,-0.0001,,,,,,,,,,,,,,,,,,,,,,,High,High,High,High,High,,,,4.360942,75.114755,591.870568,0.256884,6:15,-0.96685,0.007955,0.255222,-17.431687,-58.791509,56.856915,142.869594,-2.996473,0.602806,-0.052274,-0.796174,3.756485,-37.071118,0.052274,-0.602806,0.796174,-3.756485,37.071118,-0.052274,0.602806,0.796174,-142.869594,2.996473,-0.602806,0.052274,-0.796174,,,
184,2026-03-01,14:50:58.41,5,1,"Hansen, Eben",815461,Right,SOU_IND16,"Wade, Alex",1000138908,Right,ALA_LIO,Undefined,5,Bottom,1,0,0,Fastball,Four-Seam,FoulBallNotFieldable,Undefined,Undefined,Undefined,0,0,,91.42605,-1.8901,-1.630225,2027.942505,196.243232,12:30,5.86611,0.39707,6.13461,-12.81591,20.93332,5.72776,3.04989,-0.63273,81.99664,-4.414945,-0.598086,0.418122,,,,,,,,,,,,-3.51933,11.82977,-0.27562,50,5.7153,3.53033,-132.53116,-4.67664,-6.13234,33.68793,-11.56107,ALA_LIO,SOU_IND16,MikeDLaneField,D1,ASUN,20260301-MikeDLaneField-1,59dd78b0-15b0-11f1-b4c9-5fb64430e846,90.14692,,,9.42942,,,,,,,2f230842-10f9-4e90-9219-1d3edf6fc0d7,2026-03-01,20:50:58.41,2026-03-01T14:50:58.4194048-06:00,2026-03-01T20:50:58.4194048Z,,v3,471594,southernindiana,dbd82bf8479745649ba7c646edcecf86,"Wall, Micajah",1000131896,Right,SOU_IND16,454a251a-acc5-47bb-a742-638d8d51f2f6,54.36105,-133.63509,16.84397,5.86235,-4.29779,-5.78053,-0.3946,3.73129,-3.06617,,,,,,,,,,,,,,,,,,,,,,,,,,,,,,,,,,,,,,,,,,,,,,,,,,,High,High,High,,,,,,202.859671,6.32216,2015.609451,0.993918,12:45,-0.12334,-0.389535,-0.912716,-20.902264,16.54735,-15.582258,165.700321,-3.877716,0.246428,-0.067627,-0.966799,4.001304,-14.266248,0.067627,-0.246428,0.966799,-4.001304,14.266248,-0.067627,0.246428,0.966799,-165.700321,3.877716,-0.246428,0.067627,-0.966799,,,
185,2026-03-01,14:51:27.01,5,2,"Hansen, Eben",815461,Right,SOU_IND16,"Wade, Alex",1000138908,Right,ALA_LIO,Undefined,5,Bottom,1,0,1,Fastball,Four-Seam,BallCalled,Undefined,Undefined,Undefined,0,0,,90.39777,-0.325092,-2.617636,2040.396513,211.070747,1:00,5.86051,0.06429,6.15048,-16.8632,17.76284,9.9004,4.15456,-1.53093,80.71447,-3.59832,-0.834593,0.423519,,,,,,,,,,,,-5.94213,9.61871,0.13026,50,5.827,5.55167,-130.93174,-1.1857,-10.08325,33.4352,-15.85193,ALA_LIO,SOU_IND16,MikeDLaneField,D1,ASUN,20260301-MikeDLaneField-1,6ae97c30-15b0-11f1-b4c9-5fb64430e846,88.99821,,,9.68329,,,,,,,2f230842-10f9-4e90-9219-1d3edf6fc0d7,2026-03-01,20:51:27.01,2026-03-01T14:51:27.0132736-06:00,2026-03-01T20:51:27.0132736Z,,v3,471594,southernindiana,dbd82bf8479745649ba7c646edcecf86,"Wall, Micajah",1000131896,Right,SOU_IND16,3f5aa006-6609-40c4-82fc-fab93cd5ae9d,54.34142,-132.03572,16.7176,5.85751,-0.66229,-7.92597,-0.05855,5.88461,-5.04163,,,,,,,,,,,,,,,,,,,,,,,,,,,,,,,,,,,,,,,,,,,,,,,,,,,High,High,High,,,,,,210.345687,9.674311,2011.37986,0.985779,1:00,-0.203899,-0.498977,-0.842287,-19.863684,4.490686,-40.868265,165.968826,-11.510632,0.237574,-0.19955,-0.950652,11.854752,-13.743374,0.19955,-0.237574,0.950652,-11.854752,13.743374,-0.19955,0.237574,0.950652,-165.968826,11.510632,-0.237574,0.19955,-0.950652,,,
186,2026-03-01,14:51:47.48,5,3,"Hansen, Eben",815461,Right,SOU_IND16,"Wade, Alex",1000138908,Right,ALA_LIO,Undefined,5,Bottom,1,1,1,Slider,Changeup,BallCalled,Undefined,Undefined,Undefined,0,0,,81.11283,-0.915703,-2.019309,1510.467645,235.801078,1:45,5.46825,0.41646,6.07624,-36.11258,6.89811,7.76831,1.61102,-0.80531,73.08481,-7.661195,-0.619227,0.472019,,,,,,,,,,,,-4.66044,4.36067,-0.26419,50,5.37872,3.84388,-117.55958,-2.98082,-6.38598,26.62105,-26.19882,ALA_LIO,SOU_IND16,MikeDLaneField,D1,ASUN,20260301-MikeDLaneField-1,772b7480-15b0-11f1-b4c9-5fb64430e846,79.85362,,,8.02802,,,,,,,2f230842-10f9-4e90-9219-1d3edf6fc0d7,2026-03-01,20:51:47.48,2026-03-01T14:51:47.4828288-06:00,2026-03-01T20:51:47.4828288Z,,v3,471594,southernindiana,dbd82bf8479745649ba7c646edcecf86,"Wall, Micajah",1000131896,Right,SOU_IND16,a9a5135b-78b7-41cf-ba3c-3bd37cdb37bb,54.41771,-118.55574,13.31052,5.47192,-2.00047,-13.09941,-0.4125,4.08284,-3.19299,,,,,,,,,,,,,,,,,,,,,,,,,,,,,,,,,,,,,,,,,,,,,,,,,,,High,High,High,,,,,,243.980139,2.585828,1508.929626,0.998982,2:15,-0.046186,-0.898333,-0.43688,-21.185762,-39.089257,39.043305,105.35342,39.6496,0.742482,0.638091,-0.203864,72.28178,47.943274,0.638091,0.742482,0.203864,-72.28178,-47.943274,-0.638091,-0.742482,0.203864,-105.35342,-39.6496,-0.742482,-0.638091,-0.203864,,,
187,2026-03-01,14:52:07.98,5,4,"Hansen, Eben",815461,Right,SOU_IND16,"Wade, Alex",1000138908,Right,ALA_LIO,Undefined,5,Bottom,1,2,1,Fastball,Four-Seam,FoulBallNotFieldable,Undefined,Undefined,Undefined,0,0,,89.92116,-2.355871,-1.570908,2048.427704,197.342525,12:30,5.88001,0.397,6.15294,-12.05875,22.7532,6.69941,2.69646,-0.49645,80.82112,-4.746092,-0.363213,0.424654,74.73266,43.350092,153.291205,4273.343828,,,,,38.12426,,,-3.98799,12.92079,-0.28102,50,5.69472,3.29637,-130.34029,-5.62093,-6.73659,32.00751,-10.34797,ALA_LIO,SOU_IND16,MikeDLaneField,D1,ASUN,20260301-MikeDLaneField-1,836667f0-15b0-11f1-b4c9-5fb64430e846,88.7603,33.23089,,9.10004,,,,1.76631,2.61844,0.49427,2f230842-10f9-4e90-9219-1d3edf6fc0d7,2026-03-01,20:52:07.98,2026-03-01T14:52:07.9814144-06:00,2026-03-01T20:52:07.9814144Z,,v3,471594,southernindiana,dbd82bf8479745649ba7c646edcecf86,"Wall, Micajah",1000131896,Right,SOU_IND16,19adffe4-9af4-4110-b3a2-079e61ca7001,54.34267,-131.40239,16.00376,5.87554,-5.27756,-5.17398,-0.39411,3.51991,-3.36829,,1.76631,-71.19957,2.96149,1.8255,-0.86416,0.29607,-0.08813,0.02606,-0.00542,2.61844,75.2407,-34.32747,5.51763,-1.17982,0.22663,-0.03641,-0.00244,0.00417,0.49427,35.82334,-11.51598,3.6884,-0.9548,0.21898,-0.04714,0.00628,0.00063,,,,,,,,,,,,,,,,,,,,,,,High,High,High,High,Undefined,,,,206.298841,0.722366,2048.264904,0.999921,1:00,-0.018963,-0.443162,-0.896241,-24.285623,-3.980106,-16.830735,177.348804,-1.237589,0.046245,-0.021598,-0.998697,1.238915,-2.650577,0.021598,-0.046245,0.998697,-1.238915,2.650577,-0.021598,0.046245,0.998697,-177.348804,1.237589,-0.046245,0.021598,-0.998697,,,
188,2026-03-01,14:52:32.26,5,5,"Hansen, Eben",815461,Right,SOU_IND16,"Wade, Alex",1000138908,Right,ALA_LIO,Undefined,5,Bottom,1,2,2,Slider,Slider,StrikeSwinging,Strikeout,Undefined,Undefined,0,0,,83.07854,-0.782998,-0.804289,2091.338099,113.499206,9:45,5.80072,0.43628,5.98556,-39.94766,2.16421,-0.65106,1.74592,-0.36347,73.21365,-8.253047,-0.921581,0.467061,,,,,,,,,,,,-0.0024,1.99193,-0.37248,50,5.71776,1.7134,-120.15546,-2.93819,-0.00336,33.22095,-29.39576,ALA_LIO,SOU_IND16,MikeDLaneField,D1,ASUN,20260301-MikeDLaneField-1,91d3f2d0-15b0-11f1-b4c9-5fb64430e846,80.70132,,,9.86489,,,,,,,2f230842-10f9-4e90-9219-1d3edf6fc0d7,2026-03-01,20:52:32.26,2026-03-01T14:52:32.2604544-06:00,2026-03-01T20:52:32.2604544Z,,v3,471594,southernindiana,dbd82bf8479745649ba7c646edcecf86,"Wall, Micajah",1000131896,Right,SOU_IND16,567e54fc-0b21-4dc7-b536-bb1a00326188,54.50509,-121.39465,16.61047,5.80691,-1.84168,-14.69788,-0.43639,1.71353,-0.00168,,,,,,,,,,,,,,,,,,,,,,,,,,,,,,,,,,,,,,,,,,,,,,,,,,,High,High,High,,,,,,249.863342,82.767823,263.279345,0.12589,2:15,-0.990847,-0.131741,-0.029433,-44.546647,26.638559,22.658641,99.685909,-30.504812,0.849305,-0.507611,-0.144959,74.062152,-58.136104,0.507611,-0.849305,0.144959,-74.062152,58.136104,-0.507611,0.849305,0.144959,-99.685909,30.504812,-0.849305,0.507611,-0.144959,,,
189,2026-03-01,14:53:04.48,6,1,"Hansen, Eben",815461,Right,SOU_IND16,"LePage, Tyler",1000222448,Left,ALA_LIO,Undefined,5,Bottom,2,0,0,ChangeUp,Changeup,BallCalled,Undefined,Undefined,Undefined,0,0,,79.57857,0.598465,-2.36757,1521.849068,252.094495,2:30,5.54905,0.70673,6.14306,-39.26963,4.84768,10.32351,2.83011,-0.62205,72.28025,-6.721289,-0.506452,0.478053,,,,,,,,,,,,-6.03929,2.78914,-0.53143,50,5.57475,4.39031,-115.47248,0.02903,-8.07014,23.57169,-28.44698,ALA_LIO,SOU_IND16,MikeDLaneField,D1,ASUN,20260301-MikeDLaneField-1,a507df60-15b0-11f1-b4c9-5fb64430e846,78.84578,,,7.29831,,,,,,,2f230842-10f9-4e90-9219-1d3edf6fc0d7,2026-03-01,20:53:04.48,2026-03-01T14:53:04.4878336-06:00,2026-03-01T20:53:04.4878336Z,,v3,471594,southernindiana,dbd82bf8479745649ba7c646edcecf86,"Wall, Micajah",1000131896,Right,SOU_IND16,b2043a32-18cc-4951-b89c-239c2dbc0f06,54.35331,-116.35774,11.78584,5.5536,1.09739,-14.22349,-0.702,4.6934,-4.03507,,,,,,,,,,,,,,,,,,,,,,,,,,,,,,,,,,,,,,,,,,,,,,,,,,,High,High,High,,,,,,247.299971,10.270581,1497.464047,0.983977,2:15,-0.203295,-0.905844,-0.371642,-33.036757,-41.805625,41.814435,97.322743,35.153573,0.810943,0.57577,-0.104211,79.740823,54.188189,0.57577,0.810943,0.104211,-79.740823,-54.188189,-0.57577,-0.810943,0.104211,-97.322743,-35.153573,-0.810943,-0.57577,-0.104211,,,
190,2026-03-01,14:56:35.43,6,2,"Laird, Caydon",1000164600,Right,SOU_IND16,"LePage, Tyler",1000222448,Left,ALA_LIO,Undefined,5,Bottom,2,1,0,Slider,Slider,FoulBallNotFieldable,Undefined,Undefined,Undefined,0,0,,80.18097,1.080156,-1.210665,2525.65911,97.958085,9:15,5.28713,1.73019,5.32853,-41.92833,3.14768,-10.98914,2.80696,-0.3217,72.44069,-6.620506,-3.161965,0.483219,61.47668,31.821642,-168.214119,4271.878891,-108.86324,18.98526,-15.77252,141.37209,45.18118,-173.063744,2.2364,5.12811,1.66921,-1.61248,50,5.35478,2.90353,-116.18313,0.75239,6.89199,25.16937,-29.93067,ALA_LIO,SOU_IND16,MikeDLaneField,D1,ASUN,20260301-MikeDLaneField-1,22d81fe0-15b1-11f1-b4c9-5fb64430e846,78.00281,26.1542,,7.74028,,,,1.43758,2.768,0.3422,2f230842-10f9-4e90-9219-1d3edf6fc0d7,2026-03-01,20:56:35.43,2026-03-01T14:56:35.4329600-06:00,2026-03-01T20:56:35.4329600Z,FlyBall,v3,471594,southernindiana,dbd82bf8479745649ba7c646edcecf86,"Wall, Micajah",1000131896,Right,SOU_IND16,0ee07c86-624b-47ed-93f5-c7d5f58c2c6b,55.16807,-117.29737,12.58469,5.29215,2.07741,-14.96534,-1.73426,2.59842,3.446,21.819755,1.43765,-75.00296,4.10678,0.56202,0.21986,-0.433,0.29394,-0.09193,0.01087,2.76801,47.54227,-26.82594,3.177,-0.65547,0.17037,-0.05477,0.01713,-0.00245,0.34223,-15.65111,3.87734,-0.36025,0.28028,-0.26361,0.16087,-0.04943,0.00585,,,,,,,,,,,,,,,,,,,,,,,High,High,High,High,Medium,,,,76.270201,74.923421,656.948737,0.26011,8:30,-0.959125,0.270835,0.082019,-2.478187,52.142916,19.683728,135.138716,-37.075298,0.562793,-0.602864,-0.565525,46.830418,-34.249196,0.602864,-0.562793,0.565525,-46.830418,34.249196,-0.602864,0.562793,0.565525,-135.138716,37.075298,-0.562793,0.602864,-0.565525,,,
191,2026-03-01,14:56:58.52,6,3,"Laird, Caydon",1000164600,Right,SOU_IND16,"LePage, Tyler",1000222448,Left,ALA_LIO,Undefined,5,Bottom,2,1,1,Fastball,Four-Seam,StrikeCalled,Undefined,Undefined,Undefined,0,0,,88.78343,-1.529858,-3.009216,2241.487857,217.562796,1:15,5.6674,1.2861,6.14756,-23.13883,12.11225,8.43138,2.32329,-0.79437,81.0432,-5.880272,-1.490707,0.427324,,,,,,,,,,,,-5.21197,7.04709,-1.06118,50,5.53892,6.42659,-128.80072,-4.15874,-8.73082,27.45528,-20.36919,ALA_LIO,SOU_IND16,MikeDLaneField,D1,ASUN,20260301-MikeDLaneField-1,308ce210-15b1-11f1-b4c9-5fb64430e846,88.20572,,,7.74022,,,,,,,2f230842-10f9-4e90-9219-1d3edf6fc0d7,2026-03-01,20:56:58.52,2026-03-01T14:56:58.5292288-06:00,2026-03-01T20:56:58.5292288Z,,v3,471594,southernindiana,dbd82bf8479745649ba7c646edcecf86,"Wall, Micajah",1000131896,Right,SOU_IND16,56063bf0-890e-4ece-b425-73bc27ea1f4e,54.34935,-129.72452,13.72764,5.66733,-3.47337,-10.1846,-1.28236,6.72036,-4.36541,,,,,,,,,,,,,,,,,,,,,,,,,,,,,,,,,,,,,,,,,,,,,,,,,,,High,High,High,,,,,,216.072401,40.911843,1693.932998,0.755718,1:15,-0.673964,-0.462298,-0.576241,-86.564025,12.454633,-5.876955,139.63357,-41.573775,0.484526,-0.663584,-0.569992,49.338728,-28.981412,0.663584,-0.484526,0.569992,-49.338728,28.981412,-0.663584,0.484526,0.569992,-139.63357,41.573775,-0.484526,0.663584,-0.569992,,,
192,2026-03-01,14:57:14.33,6,4,"Laird, Caydon",1000164600,Right,SOU_IND16,"LePage, Tyler",1000222448,Left,ALA_LIO,Undefined,5,Bottom,2,1,2,ChangeUp,Changeup,BallCalled,Undefined,Undefined,Undefined,0,0,,83.92849,-2.428084,1.709409,1633.267373,228.343862,1:30,5.68049,1.27667,6.14066,-25.97434,13.65642,13.85552,1.26977,4.01147,76.6366,-7.288165,4.206441,0.453093,,,,,,,,,,,,-6.62949,8.19977,-1.41378,50,5.48197,-4.16973,-121.74668,-5.922,-9.86726,25.76368,-19.96964,ALA_LIO,SOU_IND16,MikeDLaneField,D1,ASUN,20260301-MikeDLaneField-1,39f70240-15b1-11f1-b4c9-5fb64430e846,83.18912,,,7.29189,,,,,,,2f230842-10f9-4e90-9219-1d3edf6fc0d7,2026-03-01,20:57:14.33,2026-03-01T14:57:14.3388672-06:00,2026-03-01T20:57:14.3388672Z,,v3,471594,southernindiana,dbd82bf8479745649ba7c646edcecf86,"Wall, Micajah",1000131896,Right,SOU_IND16,b30be979-a2cb-496c-8b67-0df4aebedaf2,54.35568,-122.66495,12.88184,5.68035,-5.21024,-9.98482,-1.27142,-3.81804,-4.93363,,,,,,,,,,,,,,,,,,,,,,,,,,,,,,,,,,,,,,,,,,,,,,,,,,,High,High,High,,,,,,224.081001,5.579457,1625.52948,0.995262,1:30,-0.046448,-0.695876,-0.716658,-53.431641,26.742418,82.85222,153.548681,-47.828121,0.299047,-0.741134,-0.601075,50.957255,-17.400397,0.741134,-0.299047,0.601075,-50.957255,17.400397,-0.741134,0.299047,0.601075,-153.548681,47.828121,-0.299047,0.741134,-0.601075,,,
193,2026-03-01,14:57:33.72,6,5,"Laird, Caydon",1000164600,Right,SOU_IND16,"LePage, Tyler",1000222448,Left,ALA_LIO,Undefined,5,Bottom,2,2,2,Slider,Slider,BallCalled,Undefined,Undefined,Undefined,0,0,,80.29246,0.528046,-1.368784,2440.139725,84.300935,8:45,5.19056,1.47984,5.22423,-45.25695,-0.22992,-17.943,1.91573,-1.30247,72.94102,-7.718418,-4.549559,0.482957,,,,,,,,,,,,8.5491,0.14811,-1.33956,50,5.20548,3.51944,-116.39274,-0.5267,11.55144,24.90907,-31.97394,ALA_LIO,SOU_IND16,MikeDLaneField,D1,ASUN,20260301-MikeDLaneField-1,4583db60-15b1-11f1-b4c9-5fb64430e846,78.0452,,,7.35144,,,,,,,2f230842-10f9-4e90-9219-1d3edf6fc0d7,2026-03-01,20:57:33.72,2026-03-01T14:57:33.7240064-06:00,2026-03-01T20:57:33.7240064Z,,v3,471594,southernindiana,dbd82bf8479745649ba7c646edcecf86,"Wall, Micajah",1000131896,Right,SOU_IND16,5eaa613e-71b6-4a81-9a0c-462f55cfce25,55.27397,-117.516,12.45453,5.19672,0.91514,-15.98697,-1.48652,2.99854,5.77572,,,,,,,,,,,,,,,,,,,,,,,,,,,,,,,,,,,,,,,,,,,,,,,,,,,High,High,High,,,,,,75.247698,75.663024,604.237925,0.247624,8:30,-0.964826,0.24838,0.086127,15.749977,34.476171,26.89614,127.975165,-32.151092,0.667393,-0.532154,-0.520959,45.609032,-41.866202,0.532154,-0.667393,0.520959,-45.609032,41.866202,-0.532154,0.667393,0.520959,-127.975165,32.151092,-0.667393,0.532154,-0.520959,,,
194,2026-03-01,14:57:55.32,6,6,"Laird, Caydon",1000164600,Right,SOU_IND16,"LePage, Tyler",1000222448,Left,ALA_LIO,Undefined,5,Bottom,2,3,2,Slider,Slider,FoulBallNotFieldable,Undefined,Undefined,Undefined,0,0,,80.39122,1.460714,0.056355,2527.976898,84.814204,8:45,5.25135,1.70121,5.23914,-44.67904,0.00732,-16.53576,2.90126,0.3762,73.06944,-6.699897,-2.877244,0.481126,63.6999,31.029823,-161.660825,4553.166832,-106.37403,21.64843,-28.00994,149.06652,45.64444,-166.736438,2.242684,8.29237,-0.01799,-1.69348,50,5.35241,0.56781,-116.59029,1.39174,11.29876,23.99091,-32.19854,ALA_LIO,SOU_IND16,MikeDLaneField,D1,ASUN,20260301-MikeDLaneField-1,526d5e50-15b1-11f1-b4c9-5fb64430e846,78.34212,26.78006,,7.32178,,,,0.77874,2.80132,-0.33846,2f230842-10f9-4e90-9219-1d3edf6fc0d7,2026-03-01,20:57:55.32,2026-03-01T14:57:55.3250304-06:00,2026-03-01T20:57:55.3250304Z,FlyBall,v3,471594,southernindiana,dbd82bf8479745649ba7c646edcecf86,"Wall, Micajah",1000131896,Right,SOU_IND16,d29ccf0a-b724-4e27-bc73-af846ebf3816,55.25926,-117.66751,11.99546,5.25746,2.8375,-16.09927,-1.70759,0.06048,5.64938,28.835132,0.77884,-75.99752,4.05688,0.23983,0.33948,-0.37731,0.20766,-0.05482,0.00547,2.80136,48.15695,-26.61229,2.82039,-0.48645,0.10038,-0.04129,0.01619,-0.00238,-0.33844,-25.19092,5.73237,-0.88806,0.3162,-0.19556,0.10467,-0.02966,0.00322,,,,,,,,,,,,,,,,,,,,,,,High,High,High,High,Medium,,,,73.036908,66.216601,1019.482975,0.40328,8:30,-0.905062,0.408936,0.116769,1.487184,-17.761413,19.648547,114.047298,-40.150338,0.698016,-0.644795,-0.311468,64.217195,-44.26807,0.644795,-0.698016,0.311468,-64.217195,44.26807,-0.644795,0.698016,0.311468,-114.047298,40.150338,-0.698016,0.644795,-0.311468,,,
195,2026-03-01,14:58:18.49,6,7,"Laird, Caydon",1000164600,Right,SOU_IND16,"LePage, Tyler",1000222448,Left,ALA_LIO,Undefined,5,Bottom,2,3,2,Slider,Slider,BallCalled,Walk,Undefined,Undefined,0,0,,79.71752,-0.047149,-0.726005,2497.836326,80.007795,8:45,5.10477,1.65842,5.40797,-47.13188,-1.19784,-16.91568,1.13294,-0.43146,71.61845,-8.682689,-3.7394,0.487796,,,,,,,,,,,,8.18441,-0.02224,-1.58184,50,5.0683,2.16178,-115.43734,-1.72602,10.73387,27.1076,-32.20322,ALA_LIO,SOU_IND16,MikeDLaneField,D1,ASUN,20260301-MikeDLaneField-1,60286210-15b1-11f1-b4c9-5fb64430e846,77.27084,,,8.09906,,,,,,,2f230842-10f9-4e90-9219-1d3edf6fc0d7,2026-03-01,20:58:18.49,2026-03-01T14:58:18.4956928-06:00,2026-03-01T20:58:18.4956928Z,,v3,471594,southernindiana,dbd82bf8479745649ba7c646edcecf86,"Wall, Micajah",1000131896,Right,SOU_IND16,c3892a31-df16-4c80-b2da-9b62753e634c,55.08701,-116.62578,13.5538,5.11303,-0.31418,-16.10161,-1.66631,1.69119,5.36694,,,,,,,,,,,,,,,,,,,,,,,,,,,,,,,,,,,,,,,,,,,,,,,,,,,High,High,High,,,,,,61.503616,66.110512,1011.558375,0.404974,8:00,-0.912099,0.355158,0.204788,-11.089854,60.544648,22.805624,125.22287,-50.031249,0.524761,-0.766395,-0.370492,64.199856,-31.652175,0.766395,-0.524761,0.370492,-64.199856,31.652175,-0.766395,0.524761,0.370492,-125.22287,50.031249,-0.524761,0.766395,-0.370492,,,
196,2026-03-01,14:58:57.44,7,1,"Laird, Caydon",1000164600,Right,SOU_IND16,"Craska, Petey",806050,Left,ALA_LIO,Undefined,5,Bottom,2,0,0,Slider,Slider,StrikeSwinging,Undefined,Undefined,Undefined,0,0,,81.86658,0.467086,-1.482421,2636.506452,72.313877,8:30,5.09218,1.82609,5.5607,-45.64995,-2.81051,-13.5495,1.72455,-0.68828,74.23102,-7.894401,-3.900564,0.471079,,,,,,,,,,,,6.3752,-1.1448,-1.68895,50,5.10257,3.62197,-118.71273,-0.6192,8.94222,26.34805,-33.77979,ALA_LIO,SOU_IND16,MikeDLaneField,D1,ASUN,20260301-MikeDLaneField-1,7761d150-15b1-11f1-b4c9-5fb64430e846,80.01307,,,7.63556,,,,,,,2f230842-10f9-4e90-9219-1d3edf6fc0d7,2026-03-01,20:58:57.44,2026-03-01T14:58:57.4493696-06:00,2026-03-01T20:58:57.4493696Z,,v3,471594,southernindiana,dbd82bf8479745649ba7c646edcecf86,"Wall, Micajah",1000131896,Right,SOU_IND16,ddb62015-5031-4ebd-9992-5ff48e83a080,54.93709,-119.8035,13.17403,5.09926,0.77923,-16.8899,-1.83123,3.25178,4.47111,,,,,,,,,,,,,,,,,,,,,,,,,,,,,,,,,,,,,,,,,,,,,,,,,,,High,High,High,,,,,,74.770061,72.990783,771.245462,0.292526,8:30,-0.951618,0.290038,0.101497,-66.62763,71.741276,-41.835864,151.970504,-36.305267,0.378701,-0.592087,-0.71135,39.77209,-22.25325,0.592087,-0.378701,0.71135,-39.77209,22.25325,-0.592087,0.378701,0.71135,-151.970504,36.305267,-0.378701,0.592087,-0.71135,,,
197,2026-03-01,14:59:16.68,7,2,"Laird, Caydon",1000164600,Right,SOU_IND16,"Craska, Petey",806050,Left,ALA_LIO,Undefined,5,Bottom,2,0,1,Fastball,Four-Seam,BallCalled,Undefined,Undefined,Undefined,0,0,,90.84493,0.173269,-0.954915,2415.892185,223.475943,1:30,5.66523,1.67617,5.87095,-22.54698,11.9439,10.10839,3.94728,1.63151,81.446,-4.093703,0.858701,0.422692,,,,,,,,,,,,-5.423,6.41201,-1.60448,50,5.66644,1.73722,-131.68345,-0.33682,-9.33876,32.98999,-21.1322,ALA_LIO,SOU_IND16,MikeDLaneField,D1,ASUN,20260301-MikeDLaneField-1,83060300-15b1-11f1-b4c9-5fb64430e846,89.17244,,,9.39893,,,,,,,2f230842-10f9-4e90-9219-1d3edf6fc0d7,2026-03-01,20:59:16.68,2026-03-01T14:59:16.6884352-06:00,2026-03-01T20:59:16.6884352Z,,v3,471594,southernindiana,dbd82bf8479745649ba7c646edcecf86,"Wall, Micajah",1000131896,Right,SOU_IND16,8ef4213e-f1de-4e95-82d9-8bae5add8ac7,54.62177,-132.83627,16.495,5.66531,0.40164,-10.5661,-1.67089,2.06356,-4.66938,,,,,,,,,,,,,,,,,,,,,,,,,,,,,,,,,,,,,,,,,,,,,,,,,,,High,High,High,,,,,,218.343889,41.697155,1803.877145,0.746671,1:15,-0.676258,-0.461206,-0.574425,-94.286587,17.121657,-17.791891,152.247806,-48.013688,0.311497,-0.743305,-0.592003,51.464513,-18.149465,0.743305,-0.311497,0.592003,-51.464513,18.149465,-0.743305,0.311497,0.592003,-152.247806,48.013688,-0.311497,0.743305,-0.592003,,,
198,2026-03-01,14:59:38.67,7,3,"Laird, Caydon",1000164600,Right,SOU_IND16,"Craska, Petey",806050,Left,ALA_LIO,Undefined,5,Bottom,2,1,1,Fastball,Four-Seam,BallCalled,Undefined,Undefined,Undefined,0,0,,89.14757,-0.024792,-0.825209,2287.343897,222.493064,1:30,5.59613,1.48127,6.12015,-23.8247,11.58953,9.42823,3.58782,1.50401,80.12092,-4.541409,0.874614,0.428312,,,,,,,,,,,,-5.08221,6.36579,-1.42259,50,5.58202,1.45778,-129.31064,-0.79386,-8.45112,31.46806,-21.58848,ALA_LIO,SOU_IND16,MikeDLaneField,D1,ASUN,20260301-MikeDLaneField-1,8fed3c00-15b1-11f1-b4c9-5fb64430e846,88.00229,,,9.02665,,,,,,,2f230842-10f9-4e90-9219-1d3edf6fc0d7,2026-03-01,20:59:38.67,2026-03-01T14:59:38.6725376-06:00,2026-03-01T20:59:38.6725376Z,,v3,471594,southernindiana,dbd82bf8479745649ba7c646edcecf86,"Wall, Micajah",1000131896,Right,SOU_IND16,387b9434-dcae-4417-a80e-c98f711e6a50,54.37304,-130.37048,15.73403,5.59651,-0.06676,-10.79424,-1.47648,1.74241,-4.22556,,,,,,,,,,,,,,,,,,,,,,,,,,,,,,,,,,,,,,,,,,,,,,,,,,,High,High,High,,,,,,218.963862,40.399414,1741.915165,0.761545,1:15,-0.656366,-0.479163,-0.582741,22.625852,-75.144632,38.244952,154.670241,-50.486784,0.272208,-0.771478,-0.575087,53.297854,-15.795687,0.771478,-0.272208,0.575087,-53.297854,15.795687,-0.771478,0.272208,0.575087,-154.670241,50.486784,-0.272208,0.771478,-0.575087,,,
199,2026-03-01,14:59:59.24,7,4,"Laird, Caydon",1000164600,Right,SOU_IND16,"Craska, Petey",806050,Left,ALA_LIO,Undefined,5,Bottom,2,2,1,Slider,Slider,FoulBallNotFieldable,Undefined,Undefined,Undefined,0,0,,81.34821,1.013271,-1.540751,2599.734974,82.818139,8:45,5.13719,1.68702,5.2634,-44.29195,-0.29354,-14.91981,2.39854,-1.00408,73.46217,-7.085586,-4.186257,0.477408,,,,,,,,,,,,6.98843,-0.07496,-1.53437,50,5.19732,3.78782,-117.84899,0.51304,9.63802,26.43667,-32.27745,ALA_LIO,SOU_IND16,MikeDLaneField,D1,ASUN,20260301-MikeDLaneField-1,9c383500-15b1-11f1-b4c9-5fb64430e846,78.95223,,,7.88604,,,,,,,2f230842-10f9-4e90-9219-1d3edf6fc0d7,2026-03-01,20:59:59.24,2026-03-01T14:59:59.2476672-06:00,2026-03-01T20:59:59.2476672Z,,v3,471594,southernindiana,dbd82bf8479745649ba7c646edcecf86,"Wall, Micajah",1000131896,Right,SOU_IND16,ef123ec6-8db4-4c0e-b0de-caf2fffb8bc5,55.23425,-119.01738,13.21834,5.14312,1.93957,-16.13873,-1.69237,3.36186,4.81901,,,,,,,,,,,,,,,,,,,,,,,,,,,,,,,,,,,,,,,,,,,,,,,,,,,High,High,High,,,,,,69.054474,73.03764,758.455541,0.291743,8:15,-0.948381,0.289337,0.129839,-3.399304,58.713876,28.346978,135.705183,-47.277392,0.473796,-0.734647,-0.485604,56.535152,-28.280963,0.734647,-0.473796,0.485604,-56.535152,28.280963,-0.734647,0.473796,0.485604,-135.705183,47.277392,-0.473796,0.734647,-0.485604,,,
200,2026-03-01,15:00:23.22,7,5,"Laird, Caydon",1000164600,Right,SOU_IND16,"Craska, Petey",806050,Left,ALA_LIO,Undefined,5,Bottom,2,2,2,ChangeUp,Changeup,BallCalled,Undefined,Undefined,Undefined,0,0,,84.38252,-1.127032,0.250984,1689.421866,219.140212,1:15,5.58037,1.04698,5.86358,-24.4736,15.48221,11.39375,2.4938,2.22962,75.96214,-5.753412,2.295428,0.454948,,,,,,,,,,,,-5.69654,8.70981,-1.07375,50,5.47509,-1.00823,-122.32564,-3.13379,-8.47133,28.30526,-19.22165,ALA_LIO,SOU_IND16,MikeDLaneField,D1,ASUN,20260301-MikeDLaneField-1,aa9237e0-15b1-11f1-b4c9-5fb64430e846,82.85005,,,8.42038,,,,,,,2f230842-10f9-4e90-9219-1d3edf6fc0d7,2026-03-01,21:00:23.22,2026-03-01T15:00:23.2294400-06:00,2026-03-01T21:00:23.2294400Z,,v3,471594,southernindiana,dbd82bf8479745649ba7c646edcecf86,"Wall, Micajah",1000131896,Right,SOU_IND16,e10040c7-4ada-4db2-93f1-73c191877a90,54.62986,-123.39231,14.15263,5.57953,-2.40944,-9.61083,-1.04177,-0.689,-4.23566,,,,,,,,,,,,,,,,,,,,,,,,,,,,,,,,,,,,,,,,,,,,,,,,,,,High,High,High,,,,,,219.747638,13.701982,1641.342482,0.971541,1:15,-0.221333,-0.625749,-0.747964,8.951135,-25.527547,-70.369628,170.226976,-33.608128,0.141371,-0.55351,-0.820756,33.995321,-8.127207,0.55351,-0.141371,0.820756,-33.995321,8.127207,-0.55351,0.141371,0.820756,-170.226976,33.608128,-0.141371,0.55351,-0.820756,,,
201,2026-03-01,15:00:42.39,7,6,"Laird, Caydon",1000164600,Right,SOU_IND16,"Craska, Petey",806050,Left,ALA_LIO,Undefined,5,Bottom,2,3,2,Slider,Slider,BallCalled,Walk,Undefined,Undefined,0,1,,80.92944,1.857273,0.391717,2519.929659,67.159134,8:15,5.26373,1.6401,5.44303,-45.08042,-1.24043,-6.52469,3.24665,1.46315,73.33797,-6.412155,-0.770117,0.476548,,,,,,,,,,,,3.37866,-0.69898,-1.67017,50,5.3972,-0.53031,-117.32848,2.22059,4.65784,24.47846,-33.13766,ALA_LIO,SOU_IND16,MikeDLaneField,D1,ASUN,20260301-MikeDLaneField-1,b5eb08b0-15b1-11f1-b4c9-5fb64430e846,79.09473,,,7.59147,,,,,,,2f230842-10f9-4e90-9219-1d3edf6fc0d7,2026-03-01,21:00:42.39,2026-03-01T15:00:42.3973888-06:00,2026-03-01T21:00:42.3973888Z,,v3,471594,southernindiana,dbd82bf8479745649ba7c646edcecf86,"Wall, Micajah",1000131896,Right,SOU_IND16,69107f31-2e9a-49eb-8350-4d94e34dc760,55.05311,-118.37803,12.23923,5.27153,3.64141,-16.56883,-1.64316,-0.73002,2.32892,,,,,,,,,,,,,,,,,,,,,,,,,,,,,,,,,,,,,,,,,,,,,,,,,,,High,High,High,,,,,,,,,,,,,,,,,,,,,,,,,,,,,,,,,,,,,,,
202,2026-03-01,15:02:02.10,8,1,"Laird, Caydon",1000164600,Right,SOU_IND16,"Coleman, Dylan",1000397112,Right,ALA_LIO,Undefined,5,Bottom,2,0,0,Slider,Slider,StrikeCalled,Undefined,Undefined,Undefined,0,0,,80.39851,1.677503,-0.864148,2579.26305,85.582726,8:45,5.19286,1.73866,5.33447,-44.10758,0.79028,-10.81875,3.09168,0.0263,72.46312,-6.420022,-2.785783,0.482263,,,,,,,,,,,,5.11567,0.33366,-1.65265,50,5.31299,2.20672,-116.45773,1.87069,6.89979,25.52116,-31.72405,ALA_LIO,SOU_IND16,MikeDLaneField,D1,ASUN,20260301-MikeDLaneField-1,e57fd1f0-15b1-11f1-b4c9-5fb64430e846,78.15741,,,7.93538,,,,,,,2f230842-10f9-4e90-9219-1d3edf6fc0d7,2026-03-01,21:02:02.10,2026-03-01T15:02:02.1036544-06:00,2026-03-01T21:02:02.1036544Z,,v3,471594,southernindiana,dbd82bf8479745649ba7c646edcecf86,"Wall, Micajah",1000131896,Right,SOU_IND16,16ace0cd-f7d1-402a-accf-cce6222590b1,55.16121,-117.58334,12.76058,5.19963,3.26988,-15.86202,-1.74326,1.9024,3.4499,,,,,,,,,,,,,,,,,,,,,,,,,,,,,,,,,,,,,,,,,,,,,,,,,,,High,High,High,,,,,,72.834981,72.325397,783.091983,0.303611,8:30,-0.942437,0.317855,0.103828,5.881896,56.864826,24.477794,141.918418,-38.258364,0.484314,-0.619209,-0.618078,45.052355,-28.967557,0.619209,-0.484314,0.618078,-45.052355,28.967557,-0.619209,0.484314,0.618078,-141.918418,38.258364,-0.484314,0.619209,-0.618078,,,
203,2026-03-01,15:02:17.46,8,2,"Laird, Caydon",1000164600,Right,SOU_IND16,"Coleman, Dylan",1000397112,Right,ALA_LIO,Undefined,5,Bottom,2,0,1,Slider,Slider,StrikeSwinging,Undefined,Undefined,Undefined,0,0,,80.19122,0.670125,-2.818885,2623.136063,80.398446,8:45,5.07105,1.65132,5.38731,-44.86089,0.18291,-8.38477,1.96152,-1.69161,72.61433,-7.537133,-4.307104,0.483047,,,,,,,,,,,,3.28106,0.3565,-1.39323,50,5.09971,6.06007,-116.10412,-0.19307,4.40436,25.10388,-31.69549,ALA_LIO,SOU_IND16,MikeDLaneField,D1,ASUN,20260301-MikeDLaneField-1,eeaac640-15b1-11f1-b4c9-5fb64430e846,78.03066,,,7.57688,,,,,,,2f230842-10f9-4e90-9219-1d3edf6fc0d7,2026-03-01,21:02:17.46,2026-03-01T15:02:17.4621184-06:00,2026-03-01T21:02:17.4621184Z,,v3,471594,southernindiana,dbd82bf8479745649ba7c646edcecf86,"Wall, Micajah",1000131896,Right,SOU_IND16,17f5c445-c506-450e-9651-5fd780cd5fb4,55.10876,-117.20353,12.55194,5.07777,1.19501,-15.84774,-1.6544,5.86718,2.20218,,,,,,,,,,,,,,,,,,,,,,,,,,,,,,,,,,,,,,,,,,,,,,,,,,,High,High,High,,,,,,65.871173,75.415636,660.519462,0.251805,8:15,-0.958794,0.241108,0.15027,0.902495,63.347187,26.73719,142.474699,-39.582296,0.469449,-0.637186,-0.611238,46.190682,-27.998508,0.637186,-0.469449,0.611238,-46.190682,27.998508,-0.637186,0.469449,0.611238,-142.474699,39.582296,-0.469449,0.637186,-0.611238,,,
204,2026-03-01,15:02:35.47,8,3,"Laird, Caydon",1000164600,Right,SOU_IND16,"Coleman, Dylan",1000397112,Right,ALA_LIO,Undefined,5,Bottom,2,0,2,Slider,Slider,BallCalled,Undefined,Undefined,Undefined,0,0,,81.92441,2.470249,-1.956348,2590.737492,77.521378,8:30,5.06465,1.6221,5.75589,-42.32317,0.22087,-5.82394,3.83989,-0.68498,73.8279,-5.358327,-2.997195,0.469452,,,,,,,,,,,,2.30559,-0.1965,-1.45638,50,5.24441,4.29075,-118.65325,3.6961,3.23502,26.04344,-32.44977,ALA_LIO,SOU_IND16,MikeDLaneField,D1,ASUN,20260301-MikeDLaneField-1,f95a37b0-15b1-11f1-b4c9-5fb64430e846,80.29036,,,8.09651,,,,,,,2f230842-10f9-4e90-9219-1d3edf6fc0d7,2026-03-01,21:02:35.47,2026-03-01T15:02:35.4726912-06:00,2026-03-01T21:02:35.4726912Z,,v3,471594,southernindiana,dbd82bf8479745649ba7c646edcecf86,"Wall, Micajah",1000131896,Right,SOU_IND16,4dfcdcb3-0669-4c90-9fec-2d032cd445d4,54.73929,-119.68896,13.02172,5.07176,4.98659,-16.22488,-1.62446,4.1621,1.61751,,,,,,,,,,,,,,,,,,,,,,,,,,,,,,,,,,,,,,,,,,,,,,,,,,,High,High,High,,,,,,82.751627,77.164491,575.539611,0.222153,8:45,-0.963088,0.262196,0.060943,87.430512,-29.834855,-53.467705,146.997171,-40.52698,0.414012,-0.649806,-0.637453,45.549811,-24.457091,0.649806,-0.414012,0.637453,-45.549811,24.457091,-0.649806,0.414012,0.637453,-146.997171,40.52698,-0.414012,0.649806,-0.637453,,,
205,2026-03-01,15:02:55.59,8,4,"Laird, Caydon",1000164600,Right,SOU_IND16,"Coleman, Dylan",1000397112,Right,ALA_LIO,Undefined,5,Bottom,2,1,2,Slider,Slider,InPlay,Undefined,FlyBall,Out,1,0,,79.72439,0.624092,-1.642142,2615.933202,72.54847,8:30,5.13271,1.65484,5.48781,-47.37231,-1.89917,-11.31898,1.76913,-0.82509,72.03678,-8.056566,-3.659078,0.485343,93.10094,36.40368,25.575139,4066.358312,94.99331,72.52251,55.46364,326.81577,280.52759,36.923839,5.222951,5.16835,-0.71803,-1.50301,50,5.15542,3.76282,-115.52818,-0.35187,6.8401,25.68635,-33.12433,ALA_LIO,SOU_IND16,MikeDLaneField,D1,ASUN,20260301-MikeDLaneField-1,05628260-15b2-11f1-b4c9-5fb64430e846,77.66143,93.77047,,7.6876,,,,1.53267,1.91329,0.74496,2f230842-10f9-4e90-9219-1d3edf6fc0d7,2026-03-01,21:02:55.59,2026-03-01T15:02:55.5970560-06:00,2026-03-01T21:02:55.5970560Z,FlyBall,v3,471594,southernindiana,dbd82bf8479745649ba7c646edcecf86,"Wall, Micajah",1000131896,Right,SOU_IND16,6a078b96-58d4-4242-9fb7-263a6a474415,55.00938,-116.63664,12.84318,5.13976,1.07757,-16.56217,-1.65902,3.46765,3.42005,,1.54433,98.89788,-23.69714,5.11656,-0.29219,-0.23344,0.07525,-0.00906,0.00039,1.91197,81.04765,-20.1163,0.8058,0.33453,-0.23032,0.06942,-0.00992,0.00054,0.74507,47.43887,-1.45261,-0.90004,0.49141,-0.15882,0.03379,-0.00406,0.0002,,,,,,,,,,,,,,,,,,,,,,,High,High,High,High,Medium,,,,71.02906,71.460518,831.757065,0.317958,8:15,-0.941423,0.310997,0.130396,-29.874581,63.2225,-2.712493,135.477599,-38.772496,0.546673,-0.62623,-0.555864,48.406587,-33.139088,0.62623,-0.546673,0.555864,-48.406587,33.139088,-0.62623,0.546673,0.555864,-135.477599,38.772496,-0.546673,0.62623,-0.555864,,,
206,2026-03-01,15:06:27.47,1,1,"Carmona, Carlos",831237,Right,ALA_LIO,"Martin, Parker",10058402,Right,SOU_IND16,Undefined,6,Top,0,0,0,Fastball,Four-Seam,BallCalled,Undefined,Undefined,Undefined,0,0,,91.60128,0.50799,-1.557605,2313.20648,210.784624,1:00,5.16575,0.60249,6.35453,-16.64599,16.41316,9.0952,4.24633,-0.07354,82.63756,-2.710134,0.08827,0.413825,,,,,,,,,,,,-5.15441,8.68508,-0.49322,50,5.19445,3.22465,-132.95498,0.74102,-9.11948,31.5855,-16.80782,ALA_LIO,SOU_IND16,MikeDLaneField,D1,ASUN,20260301-MikeDLaneField-1,83961890-15b2-11f1-b4c9-5fb64430e846,91.08297,,,8.96372,,,,,,,2f230842-10f9-4e90-9219-1d3edf6fc0d7,2026-03-01,21:06:27.47,2026-03-01T15:06:27.4719744-06:00,2026-03-01T21:06:27.4719744Z,,v3,471594,southernindiana,dbd82bf8479745649ba7c646edcecf86,"Millard, William",10059244,Right,ALA_LIO,71a81750-26cb-4de2-82d2-afb590243e30,54.139,-133.93465,15.79275,5.16339,1.26234,-8.40391,-0.59763,3.50751,-4.55974,,,,,,,,,,,,,,,,,,,,,,,,,,,,,,,,,,,,,,,,,,,,,,,,,,,High,High,High,,,,,,220.369725,11.314041,2268.253039,0.980567,1:15,-0.222042,-0.633366,-0.741313,-27.645606,11.61073,-28.536366,164.748973,-15.04665,0.25403,-0.259605,-0.931705,15.569689,-14.716106,0.259605,-0.25403,0.931705,-15.569689,14.716106,-0.259605,0.25403,0.931705,-164.748973,15.04665,-0.25403,0.259605,-0.931705,,,
207,2026-03-01,15:06:43.42,1,2,"Carmona, Carlos",831237,Right,ALA_LIO,"Martin, Parker",10058402,Right,SOU_IND16,Undefined,6,Top,0,1,0,Fastball,Four-Seam,FoulBallNotFieldable,Undefined,Undefined,Undefined,0,0,,91.7643,-0.78574,-2.678584,2183.772502,218.421925,1:15,5.10632,0.74907,6.44731,-17.31462,15.42076,11.35131,2.94068,-0.76779,83.19031,-4.115048,-0.622381,0.411794,70.44306,43.287866,-162.902025,3591.094393,,,,,46.08714,,,-6.75705,8.6315,-0.56402,50,5.0427,5.77545,-133.22048,-2.30229,-12.03962,30.90194,-16.7945,ALA_LIO,SOU_IND16,MikeDLaneField,D1,ASUN,20260301-MikeDLaneField-1,8d171c20-15b2-11f1-b4c9-5fb64430e846,91.53221,37.258,,8.57399,,,,1.76549,3.00383,0.76338,2f230842-10f9-4e90-9219-1d3edf6fc0d7,2026-03-01,21:06:43.42,2026-03-01T15:06:43.4201088-06:00,2026-03-01T21:06:43.4201088Z,,v3,471594,southernindiana,dbd82bf8479745649ba7c646edcecf86,"Millard, William",10059244,Right,ALA_LIO,0bedfb5d-b519-49a9-b5e5-777e882f9e73,54.05005,-134.15664,15.45097,5.10474,-1.7935,-8.39725,-0.74451,6.14018,-6.01981,5.585351,1.76549,-71.8815,3.11022,1.21357,-1.52927,3.45365,-4.76367,3.319,-0.90926,3.00383,70.84111,-31.44082,4.64784,-2.79032,5.24875,-6.64116,4.15199,-0.9673,0.76338,-22.11071,2.10244,0.40982,-0.82961,2.04839,-2.79043,1.89164,-0.49846,,,,,,,,,,,,,,,,,,,,,,,High,High,High,High,Undefined,,,,,,,,,,,,,,,,,,,,,,,,,,,,,,,,,,,,,
208,2026-03-01,15:07:22.89,1,3,"Carmona, Carlos",831237,Right,ALA_LIO,"Martin, Parker",10058402,Right,SOU_IND16,Undefined,6,Top,0,1,1,Fastball,Sinker,BallCalled,Undefined,Undefined,Undefined,0,0,,91.63701,0.336689,-0.235245,2156.179575,236.607363,2:00,5.21713,0.75961,5.9969,-23.45403,10.0467,13.4695,3.57462,1.66408,82.74954,-4.082402,2.187262,0.41658,,,,,,,,,,,,-6.935,5.4026,-0.74811,50,5.23091,-0.05039,-132.99659,0.00472,-12.26019,31.97629,-22.62296,ALA_LIO,SOU_IND16,MikeDLaneField,D1,ASUN,20260301-MikeDLaneField-1,a4a7d320-15b2-11f1-b4c9-5fb64430e846,90.48068,,,8.88747,,,,,,,2f230842-10f9-4e90-9219-1d3edf6fc0d7,2026-03-01,21:07:22.89,2026-03-01T15:07:22.8941312-06:00,2026-03-01T21:07:22.8941312Z,,v3,471594,southernindiana,dbd82bf8479745649ba7c646edcecf86,"Millard, William",10059244,Right,ALA_LIO,406f77c9-13d7-4445-b759-a74fec3c5862,54.49807,-134.07369,15.98814,5.21792,0.76677,-11.31148,-0.75337,0.36259,-6.1301,,,,,,,,,,,,,,,,,,,,,,,,,,,,,,,,,,,,,,,,,,,,,,,,,,,High,High,High,,,,,,222.321688,5.442829,2146.458094,0.995491,1:30,-0.101811,-0.669688,-0.735631,57.458285,-23.909438,72.3159,97.90153,23.323813,0.909564,0.395927,-0.126237,72.315677,65.445107,0.395927,0.909564,0.126237,-72.315677,-65.445107,-0.395927,-0.909564,0.126237,-97.90153,-23.323813,-0.909564,-0.395927,-0.126237,,,
209,2026-03-01,15:07:44.32,1,4,"Carmona, Carlos",831237,Right,ALA_LIO,"Martin, Parker",10058402,Right,SOU_IND16,Undefined,6,Top,0,2,1,Fastball,Four-Seam,FoulBallNotFieldable,Undefined,Undefined,Undefined,0,0,,93.10816,-1.148848,-2.439493,2234.608918,213.218352,1:00,5.13813,0.54848,6.50005,-15.51643,16.47682,10.02477,2.78952,-0.85656,83.73648,-4.166014,-0.621343,0.4071,74.52228,32.865169,-169.630701,2547.965869,,,,,45.09981,,,-6.08225,9.35953,-0.38202,50,5.05086,5.34926,-135.09445,-3.11372,-11.04141,34.28873,-15.18321,ALA_LIO,SOU_IND16,MikeDLaneField,D1,ASUN,20260301-MikeDLaneField-1,b17ce3b0-15b2-11f1-b4c9-5fb64430e846,92.58778,26.57909,,9.37168,,,,1.99511,2.85505,0.84767,2f230842-10f9-4e90-9219-1d3edf6fc0d7,2026-03-01,21:07:44.32,2026-03-01T15:07:44.3249152-06:00,2026-03-01T21:07:44.3249152Z,,v3,471594,southernindiana,dbd82bf8479745649ba7c646edcecf86,"Millard, William",10059244,Right,ALA_LIO,c0a8045a-751b-46dc-a465-144a932334a6,53.99676,-136.1051,17.14436,5.13604,-2.6662,-7.5916,-0.54448,5.6747,-5.52071,353.931935,1.99511,-90.30645,7.01809,-0.00723,-0.07148,0.04476,-0.00848,-0.00108,0.00135,2.85505,59.31271,-29.99422,3.9456,-0.83872,0.17744,-0.03523,0.00739,-0.00094,0.84767,-16.52432,0.24143,0.6058,-0.15406,0.04546,-0.01107,0.00333,-0.00084,,,,,,,,,,,,,,,,,,,,,,,High,High,High,High,Undefined,,,,220.852417,9.692638,2202.710125,0.985725,1:15,-0.186996,-0.648022,-0.738309,-24.293885,6.713849,-17.403373,173.914657,-18.346329,0.100621,-0.31476,-0.943823,18.443278,-5.774952,0.31476,-0.100621,0.943823,-18.443278,5.774952,-0.31476,0.100621,0.943823,-173.914657,18.346329,-0.100621,0.31476,-0.943823,,,
210,2026-03-01,15:08:09.81,1,5,"Carmona, Carlos",831237,Right,ALA_LIO,"Martin, Parker",10058402,Right,SOU_IND16,Undefined,6,Top,0,2,2,Fastball,Four-Seam,FoulBallNotFieldable,Undefined,Undefined,Undefined,0,0,,94.20014,-0.360816,-1.890769,2305.717904,218.167334,1:15,5.09291,0.43168,6.53787,-15.82395,15.56048,11.2869,3.44312,-0.36257,84.13482,-3.448014,0.158807,0.403207,82.4363,1.831881,-179.342837,,,,,,44.73069,,,-6.36571,8.53678,-0.30367,50,5.06047,3.98672,-136.54697,-1.25114,-11.75789,36.14479,-16.40603,ALA_LIO,SOU_IND16,MikeDLaneField,D1,ASUN,20260301-MikeDLaneField-1,c09d43d0-15b2-11f1-b4c9-5fb64430e846,93.48151,5.50957,,10.06532,,,,,,,2f230842-10f9-4e90-9219-1d3edf6fc0d7,2026-03-01,21:08:09.81,2026-03-01T15:08:09.8195968-06:00,2026-03-01T21:08:09.8195968Z,,v3,471594,southernindiana,dbd82bf8479745649ba7c646edcecf86,"Millard, William",10059244,Right,ALA_LIO,d1a1e5e2-948c-4855-a59f-94399b27cd0b,53.95029,-137.58866,18.0724,5.08971,-0.77831,-8.20302,-0.42345,4.32558,-5.87895,,5.24659,-120.36188,20.26253,,,,,,,3.62819,4.34987,-0.26428,,,,,,,0.13421,-1.88749,-10.87858,,,,,,,,,,,,,,,,,,,,,,,,,,,,,High,High,High,Low,Undefined,,,,218.569559,8.339415,2281.337819,0.989426,1:15,-0.166596,-0.617773,-0.768506,-25.358826,-6.31628,-23.541339,179.474449,-13.896466,0.008904,-0.240168,-0.97069,13.897028,-0.510168,0.240168,-0.008904,0.97069,-13.897028,0.510168,-0.240168,0.008904,0.97069,-179.474449,13.896466,-0.008904,0.240168,-0.97069,,,
211,2026-03-01,15:08:36.07,1,6,"Carmona, Carlos",831237,Right,ALA_LIO,"Martin, Parker",10058402,Right,SOU_IND16,Undefined,6,Top,0,2,2,Slider,Slider,BallCalled,Undefined,Undefined,Undefined,0,0,,81.73698,1.777105,1.477957,2501.876335,81.496927,8:45,5.14598,0.59028,5.83985,-42.0925,-0.15346,-9.83532,3.29095,1.14455,74.72999,-5.985431,-0.285682,0.466102,,,,,,,,,,,,5.39713,-0.11921,-0.70507,50,5.26642,-2.66891,-118.6713,2.27644,7.6884,22.93354,-32.34385,ALA_LIO,SOU_IND16,MikeDLaneField,D1,ASUN,20260301-MikeDLaneField-1,d04d87e0-15b2-11f1-b4c9-5fb64430e846,80.86741,,,7.007,,,,,,,2f230842-10f9-4e90-9219-1d3edf6fc0d7,2026-03-01,21:08:36.07,2026-03-01T15:08:36.0720896-06:00,2026-03-01T21:08:36.0720896Z,,v3,471594,southernindiana,dbd82bf8479745649ba7c646edcecf86,"Millard, William",10059244,Right,ALA_LIO,e943e719-6338-4ce2-9c5b-643758538d41,54.65772,-119.56803,11.46677,5.15268,3.54113,-16.17192,-0.59484,-2.96954,3.8442,,,,,,,,,,,,,,,,,,,,,,,,,,,,,,,,,,,,,,,,,,,,,,,,,,,High,High,High,,,,,,135.498976,75.894118,609.743728,0.243715,10:30,-0.959279,0.200819,-0.198635,-23.439296,79.765902,15.107459,176.454488,49.742028,0.039964,0.763143,-0.644993,49.796154,2.290365,0.763143,0.039964,0.644993,-49.796154,-2.290365,-0.763143,-0.039964,0.644993,-176.454488,-49.742028,-0.039964,-0.763143,-0.644993,,,
212,2026-03-01,15:09:01.22,1,7,"Carmona, Carlos",831237,Right,ALA_LIO,"Martin, Parker",10058402,Right,SOU_IND16,Undefined,6,Top,0,3,2,Fastball,Sinker,FoulBallNotFieldable,Undefined,Undefined,Undefined,0,0,,93.11337,-2.044381,-1.133536,2213.652377,228.548725,1:30,5.13365,0.45913,6.44068,-17.96351,13.59052,14.25772,1.75697,0.60555,85.20873,-5.458906,1.453266,0.404295,68.28545,43.811246,-119.37396,3455.664918,,,,,30.8003,,,-7.79902,7.99225,-0.38483,50,4.98029,2.10241,-135.33244,-5.35491,-14.44685,29.85775,-17.36929,ALA_LIO,SOU_IND16,MikeDLaneField,D1,ASUN,20260301-MikeDLaneField-1,df546c90-15b2-11f1-b4c9-5fb64430e846,93.22998,27.09977,,7.90464,,,,0.99764,1.60819,-0.65978,2f230842-10f9-4e90-9219-1d3edf6fc0d7,2026-03-01,21:09:01.22,2026-03-01T15:09:01.2270080-06:00,2026-03-01T21:09:01.2270080Z,,v3,471594,southernindiana,dbd82bf8479745649ba7c646edcecf86,"Millard, William",10059244,Right,ALA_LIO,daf641e7-1829-4c31-8129-386fd0cd9798,54.05809,-136.22481,14.92888,5.13258,-4.83579,-8.68465,-0.45411,2.53419,-7.22343,,1.00801,-35.76558,-2.60288,,,,,,,1.62595,68.79976,-26.77332,,,,,,,-0.67134,-62.6338,10.7453,,,,,,,,,,,,,,,,,,,,,,,,,,,,,High,High,High,High,Undefined,,,,217.748664,5.848544,2202.129721,0.994795,1:15,-0.095654,-0.61226,-0.784849,-115.51649,31.63895,7.165604,128.469047,70.1998,0.265216,0.94088,-0.210728,77.37584,15.379759,0.94088,0.265216,0.210728,-77.37584,-15.379759,-0.94088,-0.265216,0.210728,-128.469047,-70.1998,-0.265216,-0.94088,-0.210728,,,
213,2026-03-01,15:09:33.13,1,8,"Carmona, Carlos",831237,Right,ALA_LIO,"Martin, Parker",10058402,Right,SOU_IND16,Undefined,6,Top,0,3,2,Fastball,Four-Seam,FoulBallNotFieldable,Undefined,Undefined,Undefined,0,0,,93.00046,-0.474372,-1.826798,2279.362271,227.117658,1:30,5.22342,0.2739,6.34369,-17.94808,13.76418,13.75312,3.29082,-0.26229,84.96755,-3.892547,0.662005,0.405308,,,,,,,,,,,,-7.69985,7.6091,-0.14746,50,5.18036,3.74922,-135.19205,-1.65029,-14.24435,29.58714,-18.09761,ALA_LIO,SOU_IND16,MikeDLaneField,D1,ASUN,20260301-MikeDLaneField-1,f25eb110-15b2-11f1-b4c9-5fb64430e846,92.9971,,,8.03291,,,,,,,2f230842-10f9-4e90-9219-1d3edf6fc0d7,2026-03-01,21:09:33.13,2026-03-01T15:09:33.1353088-06:00,2026-03-01T21:09:33.1353088Z,,v3,471594,southernindiana,dbd82bf8479745649ba7c646edcecf86,"Millard, William",10059244,Right,ALA_LIO,255eec23-fb3e-4630-a4e2-dc25bec4de4e,54.15506,-136.09835,14.79357,5.22242,-1.09593,-9.0488,-0.26899,4.18555,-7.12217,,,,,,,,,,,,,,,,,,,,,,,,,,,,,,,,,,,,,,,,,,,,,,,,,,,High,High,High,,,,,,215.984981,10.595447,2240.499063,0.98295,1:15,-0.204349,-0.579058,-0.789261,-15.532948,12.435822,-19.88311,169.053735,-22.666717,0.175222,-0.38537,-0.905973,23.043247,-10.091561,0.38537,-0.175222,0.905973,-23.043247,10.091561,-0.38537,0.175222,0.905973,-169.053735,22.666717,-0.175222,0.38537,-0.905973,,,
214,2026-03-01,15:10:16.12,1,9,"Carmona, Carlos",831237,Right,ALA_LIO,"Martin, Parker",10058402,Right,SOU_IND16,Undefined,6,Top,0,3,2,Slider,Slider,BallCalled,Walk,Undefined,Undefined,0,0,,80.92195,1.973528,0.550355,2489.164439,101.075452,9:15,5.19155,0.52936,5.98604,-38.75522,3.67792,-12.18839,3.79186,0.02376,74.12403,-5.211902,-1.640789,0.468839,,,,,,,,,,,,6.36552,1.78287,-0.56635,50,5.32614,-0.65826,-117.5551,2.82387,8.92076,21.97406,-29.6755,ALA_LIO,SOU_IND16,MikeDLaneField,D1,ASUN,20260301-MikeDLaneField-1,0bf1eed0-15b3-11f1-b4c9-5fb64430e846,80.39522,,,6.79792,,,,,,,2f230842-10f9-4e90-9219-1d3edf6fc0d7,2026-03-01,21:10:16.12,2026-03-01T15:10:16.1288192-06:00,2026-03-01T21:10:16.1288192Z,,v3,471594,southernindiana,dbd82bf8479745649ba7c646edcecf86,"Millard, William",10059244,Right,ALA_LIO,2f1d5787-d4f6-4719-b7b0-a4a3e744d790,54.51154,-118.39542,10.98703,5.19645,3.9587,-14.83775,-0.53466,-0.99941,4.46038,,,,,,,,,,,,,,,,,,,,,,,,,,,,,,,,,,,,,,,,,,,,,,,,,,,High,High,High,,,,,,115.051578,74.65831,658.570228,0.264575,9:45,-0.954419,0.272754,-0.121203,-43.844725,75.901905,2.488291,166.423001,-61.586633,0.111702,-0.879538,-0.462533,62.26095,-6.41343,0.879538,-0.111702,0.462533,-62.26095,6.41343,-0.879538,0.111702,0.462533,-166.423001,61.586633,-0.111702,0.879538,-0.462533,,,
215,2026-03-01,15:10:54.15,2,1,"Carmona, Carlos",831237,Right,ALA_LIO,"Foster, Noah",1000316160,Right,SOU_IND16,Undefined,6,Top,0,0,0,Fastball,Sinker,BallCalled,Undefined,Undefined,Undefined,0,0,,89.31204,-0.584505,-0.672705,2282.803306,225.51017,1:30,5.0584,0.67189,6.28229,-20.34918,14.30328,13.39532,2.82387,1.16814,81.22704,-4.455928,1.749771,0.42368,,,,,,,,,,,,-7.27835,7.97174,-0.62905,50,5.00547,1.00892,-129.82041,-1.91682,-12.32381,29.16421,-18.67622,ALA_LIO,SOU_IND16,MikeDLaneField,D1,ASUN,20260301-MikeDLaneField-1,2292eea0-15b3-11f1-b4c9-5fb64430e846,88.96433,,,8.08499,,,,,,,2f230842-10f9-4e90-9219-1d3edf6fc0d7,2026-03-01,21:10:54.15,2026-03-01T15:10:54.1535232-06:00,2026-03-01T21:10:54.1535232Z,,v3,471594,southernindiana,dbd82bf8479745649ba7c646edcecf86,"Millard, William",10059244,Right,ALA_LIO,8700dace-564c-4716-9afe-af524cf3d107,54.21732,-130.7644,14.5821,5.05773,-1.31231,-9.33811,-0.66816,1.40782,-6.1619,,,,,,,,,,,,,,,,,,,,,,,,,,,,,,,,,,,,,,,,,,,,,,,,,,,High,High,High,,,,,,221.319585,8.11629,2259.937737,0.989984,1:30,-0.143227,-0.655051,-0.741885,41.320579,-42.178129,67.20788,90.044775,9.339903,0.986743,0.162291,-0.000771,89.727768,80.659991,0.162291,0.986743,0.000771,-89.727768,-80.659991,-0.162291,-0.986743,0.000771,-90.044775,-9.339903,-0.986743,-0.162291,-0.000771,,,
216,2026-03-01,15:11:26.86,2,2,"Carmona, Carlos",831237,Right,ALA_LIO,"Foster, Noah",1000316160,Right,SOU_IND16,Undefined,6,Top,0,1,0,Slider,Slider,StrikeCalled,Undefined,Undefined,Undefined,0,0,,78.70203,0.200192,-0.353458,2443.757812,99.375739,9:15,5.24126,0.50894,5.79903,-41.94943,3.58555,-12.55981,1.93168,-0.86647,71.85188,-7.539826,-2.606378,0.485673,,,,,,,,,,,,6.28823,2.23646,-0.47241,50,5.23285,1.18286,-114.27305,-0.92708,8.24686,22.66596,-29.24101,ALA_LIO,SOU_IND16,MikeDLaneField,D1,ASUN,20260301-MikeDLaneField-1,361f3460-15b3-11f1-b4c9-5fb64430e846,77.60867,,,6.85015,,,,,,,2f230842-10f9-4e90-9219-1d3edf6fc0d7,2026-03-01,21:11:26.86,2026-03-01T15:11:26.8695040-06:00,2026-03-01T21:11:26.8695040Z,,v3,471594,southernindiana,dbd82bf8479745649ba7c646edcecf86,"Millard, William",10059244,Right,ALA_LIO,ba4bfc02-ad8a-4aae-a632-d1aa340451c7,54.69818,-115.20116,11.33298,5.2463,0.27026,-14.62051,-0.51393,0.84517,4.12343,,,,,,,,,,,,,,,,,,,,,,,,,,,,,,,,,,,,,,,,,,,,,,,,,,,High,High,High,,,,,,106.474073,77.659366,522.287862,0.213723,9:30,-0.976528,0.208362,-0.054585,3.135214,66.7857,50.078792,164.950047,-58.928805,0.134012,-0.856527,-0.4984,59.8055,-7.701481,0.856527,-0.134012,0.4984,-59.8055,7.701481,-0.856527,0.134012,0.4984,-164.950047,58.928805,-0.134012,0.856527,-0.4984,,,
217,2026-03-01,15:11:46.68,2,3,"Carmona, Carlos",831237,Right,ALA_LIO,"Foster, Noah",1000316160,Right,SOU_IND16,Undefined,6,Top,0,1,1,Fastball,Sinker,InPlay,Undefined,GroundBall,Out,2,0,,89.5881,-0.88355,-1.95037,2104.228378,230.948574,1:45,5.02143,0.68814,6.25934,-22.03615,12.38379,13.88391,2.36987,0.04609,81.67012,-5.049732,0.55858,0.422257,101.14363,-0.468934,-29.222139,3776.644454,,,,56.47188,51.86532,-32.46977,0.389985,-7.80693,7.0237,-0.55025,50,4.94507,3.87791,-130.14959,-2.67333,-13.33407,28.39535,-20.17772,ALA_LIO,SOU_IND16,MikeDLaneField,D1,ASUN,20260301-MikeDLaneField-1,41dbf720-15b3-11f1-b4c9-5fb64430e846,89.2643,2.66331,,7.91798,,,,1.73678,2.66331,-0.47937,2f230842-10f9-4e90-9219-1d3edf6fc0d7,2026-03-01,21:11:46.68,2026-03-01T15:11:46.6842112-06:00,2026-03-01T21:11:46.6842112Z,GroundBall,v3,471594,southernindiana,dbd82bf8479745649ba7c646edcecf86,"Millard, William",10059244,Right,ALA_LIO,5fe84547-f1dc-4c72-99c8-3d377acff301,54.23906,-131.07119,14.19767,5.02121,-2.01844,-10.08886,-0.68313,4.31068,-6.66703,,1.74828,129.06895,-29.26254,,,,,,,2.66625,-1.31479,-14.17827,,,,,,,-0.46573,-72.88862,-9.46113,,,,,,,,,,,,,,,,,,,,,,,,,,,,,High,High,High,High,High,,,,223.339236,7.047996,2088.328229,0.992444,1:30,-0.136684,-0.682942,-0.717571,61.805227,-35.060202,64.27228,102.752982,74.635819,0.258417,0.964261,-0.058488,86.528935,14.976163,0.964261,0.258417,0.058488,-86.528935,-14.976163,-0.964261,-0.258417,0.058488,-102.752982,-74.635819,-0.258417,-0.964261,-0.058488,,,
218,2026-03-01,15:12:27.27,3,1,"Carmona, Carlos",831237,Right,ALA_LIO,"Miller, Hunter",10307695,Left,SOU_IND16,Undefined,6,Top,2,0,0,Fastball,Four-Seam,BallCalled,Undefined,Undefined,Undefined,0,0,,94.12108,-2.407023,-2.40981,2273.397276,219.751894,1:15,5.03768,0.54302,6.41908,-17.0856,13.92985,10.74831,1.39793,-0.77784,85.93056,-5.662228,-0.46256,0.40083,,,,,,,,,,,,-6.30036,8.26835,-0.37561,50,4.85782,5.30424,-136.62458,-6.24426,-11.87905,30.80006,-16.58445,ALA_LIO,SOU_IND16,MikeDLaneField,D1,ASUN,20260301-MikeDLaneField-1,5a1d3970-15b3-11f1-b4c9-5fb64430e846,94.03594,,,8.19052,,,,,,,2f230842-10f9-4e90-9219-1d3edf6fc0d7,2026-03-01,21:12:27.27,2026-03-01T15:12:27.2729600-06:00,2026-03-01T21:12:27.2729600Z,,v3,471594,southernindiana,dbd82bf8479745649ba7c646edcecf86,"Millard, William",10059244,Right,ALA_LIO,94ae2c1b-a73b-46ee-ab73-2d1dc55ad818,54.07863,-137.54097,15.40003,5.03627,-5.75082,-8.29222,-0.53869,5.65768,-5.93952,,,,,,,,,,,,,,,,,,,,,,,,,,,,,,,,,,,,,,,,,,,,,,,,,,,High,High,High,,,,,,,,,,,,,,,,,,,,,,,,,,,,,,,,,,,,,,,
219,2026-03-01,15:12:46.70,3,2,"Carmona, Carlos",831237,Right,ALA_LIO,"Miller, Hunter",10307695,Left,SOU_IND16,Undefined,6,Top,2,1,0,Fastball,Four-Seam,StrikeCalled,Undefined,Undefined,Undefined,0,0,,91.76742,-0.725918,-1.495633,2300.337049,209.371717,1:00,5.14045,0.59085,6.39815,-19.03403,13.63284,7.06863,2.88645,-0.19584,83.48028,-4.356161,-0.214953,0.411363,,,,,,,,,,,,-4.10166,7.64059,-0.4865,50,5.0795,3.1873,-133.31352,-2.23856,-7.34372,30.03187,-18.49413,ALA_LIO,SOU_IND16,MikeDLaneField,D1,ASUN,20260301-MikeDLaneField-1,65a92830-15b3-11f1-b4c9-5fb64430e846,91.62819,,,8.28714,,,,,,,2f230842-10f9-4e90-9219-1d3edf6fc0d7,2026-03-01,21:12:46.70,2026-03-01T15:12:46.7043328-06:00,2026-03-01T21:12:46.7043328Z,,v3,471594,southernindiana,dbd82bf8479745649ba7c646edcecf86,"Millard, William",10059244,Right,ALA_LIO,c299fd99-2d36-4de3-b106-343789751be0,54.09766,-134.23344,15.01594,5.1394,-1.67206,-9.24707,-0.58757,3.41224,-3.67186,,,,,,,,,,,,,,,,,,,,,,,,,,,,,,,,,,,,,,,,,,,,,,,,,,,High,High,High,,,,,,219.242825,12.895184,2242.32245,0.97478,1:15,-0.234969,-0.619432,-0.749062,-27.541583,22.205396,-26.770827,158.837815,-16.009598,0.347008,-0.275798,-0.896393,17.101857,-20.304396,0.275798,-0.347008,0.896393,-17.101857,20.304396,-0.275798,0.347008,0.896393,-158.837815,16.009598,-0.347008,0.275798,-0.896393,,,
220,2026-03-01,15:13:11.42,3,3,"Carmona, Carlos",831237,Right,ALA_LIO,"Miller, Hunter",10307695,Left,SOU_IND16,Undefined,6,Top,2,1,1,Fastball,Sinker,InPlay,Undefined,GroundBall,Single,0,0,,91.20774,0.403422,-2.071162,2185.367438,240.226446,2:00,5.07882,0.63066,6.18611,-24.4034,8.74138,13.49371,3.41795,-0.15807,83.41887,-4.1747,0.362962,0.414361,92.273,-26.079921,2.570097,,,,,8.15202,8.15202,3.645997,0.056284,-7.59213,4.7189,-0.48127,50,5.09683,4.24237,-132.55623,0.14107,-13.51885,28.12864,-23.77139,ALA_LIO,SOU_IND16,MikeDLaneField,D1,ASUN,20260301-MikeDLaneField-1,747770b0-15b3-11f1-b4c9-5fb64430e846,90.9652,3.35781,,7.78887,,,,1.2822,3.35781,0.21078,2f230842-10f9-4e90-9219-1d3edf6fc0d7,2026-03-01,21:13:11.42,2026-03-01T15:13:11.4249216-06:00,2026-03-01T21:13:11.4249216Z,GroundBall,v3,471594,southernindiana,dbd82bf8479745649ba7c646edcecf86,"Millard, William",10059244,Right,ALA_LIO,1263ff4f-96cc-4239-9ac7-893971e1a317,54.31304,-133.46833,14.06432,5.07976,0.91188,-11.8857,-0.62594,4.68073,-6.75943,180,1.27919,121.7643,,,,,,,,3.35928,-59.65882,,,,,,,,0.21064,5.4656,,,,,,,,,,,,,,,,,,,,,,,,,,,,,,High,High,High,High,High,,,,222.494351,11.041628,2144.912558,0.981488,1:30,-0.222212,-0.661648,-0.716131,51.526768,-27.41364,51.954411,91.579488,23.900344,0.913904,0.405147,-0.0252,86.440778,66.050578,0.405147,0.913904,0.0252,-86.440778,-66.050578,-0.405147,-0.913904,0.0252,-91.579488,-23.900344,-0.913904,-0.405147,-0.0252,,,
221,2026-03-01,15:13:48.38,4,1,"Carmona, Carlos",831237,Right,ALA_LIO,"Wall, Micajah",1000131896,Right,SOU_IND16,Undefined,6,Top,2,0,0,Fastball,Four-Seam,BallCalled,Undefined,Undefined,Undefined,0,0,,91.26617,-2.687551,-1.491938,2203.127058,220.478302,1:15,5.01608,0.75873,6.20317,-17.61536,16.07887,12.6652,1.06478,0.43674,82.29692,-6.061172,0.795199,0.417781,,,,,,,,,,,,-7.01618,9.5515,-0.65267,50,4.80519,2.90788,-132.28807,-6.70798,-12.23018,32.51835,-15.52442,ALA_LIO,SOU_IND16,MikeDLaneField,D1,ASUN,20260301-MikeDLaneField-1,8a5f0b90-15b3-11f1-b4c9-5fb64430e846,90.22047,,,8.96925,,,,,,,2f230842-10f9-4e90-9219-1d3edf6fc0d7,2026-03-01,21:13:48.38,2026-03-01T15:13:48.3862016-06:00,2026-03-01T21:13:48.3862016Z,,v3,471594,southernindiana,dbd82bf8479745649ba7c646edcecf86,"Millard, William",10059244,Right,ALA_LIO,f26cc778-e2f8-4c00-a9d9-239df0b21bcd,54.29206,-133.33895,16.25917,5.01386,-6.20629,-7.76221,-0.75302,3.30311,-6.11509,,,,,,,,,,,,,,,,,,,,,,,,,,,,,,,,,,,,,,,,,,,,,,,,,,,High,High,High,,,,,,222.494211,6.373328,2189.511077,0.99382,1:30,-0.098458,-0.675807,-0.730473,-17.558036,26.91887,10.269691,171.429329,-23.010674,0.137171,-0.390903,-0.910153,23.243083,-7.884192,0.390903,-0.137171,0.910153,-23.243083,7.884192,-0.390903,0.137171,0.910153,-171.429329,23.010674,-0.137171,0.390903,-0.910153,,,
222,2026-03-01,15:14:19.82,4,2,"Carmona, Carlos",831237,Right,ALA_LIO,"Wall, Micajah",1000131896,Right,SOU_IND16,Undefined,6,Top,2,1,0,Fastball,Four-Seam,BallCalled,Undefined,Undefined,Undefined,0,0,,89.71321,-3.514586,-1.921134,2171.008093,207.902475,1:00,5.0237,0.70136,6.31874,-17.85603,16.58107,8.16178,0.29282,-0.38855,81.77276,-6.913909,-0.44446,0.422362,,,,,,,,,,,,-4.85205,10.0428,-0.5648,50,4.75785,4.04347,-130.08452,-8.48918,-8.2597,28.95627,-15.07807,ALA_LIO,SOU_IND16,MikeDLaneField,D1,ASUN,20260301-MikeDLaneField-1,9d2ac070-15b3-11f1-b4c9-5fb64430e846,89.24203,,,7.94045,,,,,,,2f230842-10f9-4e90-9219-1d3edf6fc0d7,2026-03-01,21:14:19.82,2026-03-01T15:14:19.8208512-06:00,2026-03-01T21:14:19.8208512Z,,v3,471594,southernindiana,dbd82bf8479745649ba7c646edcecf86,"Millard, William",10059244,Right,ALA_LIO,c1842728-9384-41cf-b5df-2a8e17d8661e,54.17943,-131.01154,14.47813,5.0219,-8.00646,-7.53904,-0.69848,4.3079,-4.12985,,,,,,,,,,,,,,,,,,,,,,,,,,,,,,,,,,,,,,,,,,,,,,,,,,,High,High,High,,,,,,218.146852,15.216961,2094.890028,0.964939,1:15,-0.250756,-0.610992,-0.750873,-25.119881,36.282015,0.979499,166.126266,-13.072248,0.233569,-0.22618,-0.945668,13.450993,-13.507297,0.22618,-0.233569,0.945668,-13.450993,13.507297,-0.22618,0.233569,0.945668,-166.126266,13.072248,-0.233569,0.22618,-0.945668,,,
223,2026-03-01,15:14:43.11,4,3,"Carmona, Carlos",831237,Right,ALA_LIO,"Wall, Micajah",1000131896,Right,SOU_IND16,Undefined,6,Top,2,2,0,Fastball,Sinker,BallCalled,Undefined,Undefined,Undefined,0,0,,88.47822,0.323607,-0.541731,2267.551687,229.046016,1:45,5.05254,0.94614,6.07679,-20.77785,15.34694,16.12426,3.62048,1.78858,79.22538,-3.655579,2.3621,0.432587,,,,,,,,,,,,-8.40111,8.16414,-0.91219,50,5.06662,0.52172,-128.30786,0.12583,-13.70415,31.86433,-18.85645,ALA_LIO,SOU_IND16,MikeDLaneField,D1,ASUN,20260301-MikeDLaneField-1,ab035e50-15b3-11f1-b4c9-5fb64430e846,87.13253,,,9.25285,,,,,,,2f230842-10f9-4e90-9219-1d3edf6fc0d7,2026-03-01,21:14:43.11,2026-03-01T15:14:43.1126528-06:00,2026-03-01T21:14:43.1126528Z,,v3,471594,southernindiana,dbd82bf8479745649ba7c646edcecf86,"Millard, William",10059244,Right,ALA_LIO,6ac92628-90e6-4e10-9a37-7d6f4fc88191,54.41657,-129.40003,15.93217,5.05123,0.77215,-9.42823,-0.93812,0.99144,-6.85208,,,,,,,,,,,,,,,,,,,,,,,,,,,,,,,,,,,,,,,,,,,,,,,,,,,High,High,High,,,,,,221.741273,8.871138,2240.426492,0.988038,1:30,-0.164889,-0.656922,-0.735707,46.034476,-40.468295,62.398634,96.157611,78.144013,0.204267,0.978667,-0.022038,88.710032,11.786601,0.978667,0.204267,0.022038,-88.710032,-11.786601,-0.978667,-0.204267,0.022038,-96.157611,-78.144013,-0.204267,-0.978667,-0.022038,,,
224,2026-03-01,15:15:03.41,4,4,"Carmona, Carlos",831237,Right,ALA_LIO,"Wall, Micajah",1000131896,Right,SOU_IND16,Undefined,6,Top,2,3,0,Fastball,Sinker,StrikeCalled,Undefined,Undefined,Undefined,0,0,,88.20954,-1.078565,-2.226639,2194.571228,227.683948,1:30,5.00439,0.87924,6.28927,-19.97989,15.9078,16.04135,2.34461,0.16307,79.48061,-4.909132,0.672911,0.431166,,,,,,,,,,,,-9.02158,8.98237,-0.72253,50,4.91527,4.32446,-127.95913,-2.96002,-14.72108,30.30073,-17.51695,ALA_LIO,SOU_IND16,MikeDLaneField,D1,ASUN,20260301-MikeDLaneField-1,b7313260-15b3-11f1-b4c9-5fb64430e846,87.41986,,,8.72894,,,,,,,2f230842-10f9-4e90-9219-1d3edf6fc0d7,2026-03-01,21:15:03.41,2026-03-01T15:15:03.4179584-06:00,2026-03-01T21:15:03.4179584Z,,v3,471594,southernindiana,dbd82bf8479745649ba7c646edcecf86,"Millard, William",10059244,Right,ALA_LIO,f2d4e406-e046-4e2b-ab9e-26baf9234c85,54.20644,-128.95137,15.15036,5.00281,-2.3864,-8.75847,-0.87203,4.80652,-7.36054,,,,,,,,,,,,,,,,,,,,,,,,,,,,,,,,,,,,,,,,,,,,,,,,,,,High,High,High,,,,,,224.426712,12.482006,2142.700193,0.976364,1:30,-0.230167,-0.687398,-0.688844,-19.341964,26.080194,-4.673288,170.603164,-25.753126,0.147054,-0.434494,-0.888589,26.057311,-8.456267,0.434494,-0.147054,0.888589,-26.057311,8.456267,-0.434494,0.147054,0.888589,-170.603164,25.753126,-0.147054,0.434494,-0.888589,,,
225,2026-03-01,15:15:25.46,4,5,"Carmona, Carlos",831237,Right,ALA_LIO,"Wall, Micajah",1000131896,Right,SOU_IND16,Undefined,6,Top,2,3,1,Fastball,Sinker,FoulBallNotFieldable,Undefined,Undefined,Undefined,0,0,,89.19825,-1.146301,-1.489924,2201.41029,229.678004,1:45,5.02129,0.74756,6.06144,-20.31107,15.1267,16.29178,2.2673,0.72596,80.2863,-5.01852,1.443916,0.428454,92.14797,26.249549,-37.07796,2977.380347,84.2988,47.54052,-70.66597,325.58115,272.46237,-45.58976,4.205923,-8.91174,8.54859,-0.6407,50,4.92163,2.68944,-129.39091,-3.19076,-14.83792,31.50149,-17.94082,ALA_LIO,SOU_IND16,MikeDLaneField,D1,ASUN,20260301-MikeDLaneField-1,c4443650-15b3-11f1-b4c9-5fb64430e846,87.97306,59.92966,,8.91195,,,,1.80551,2.51963,-0.85212,2f230842-10f9-4e90-9219-1d3edf6fc0d7,2026-03-01,21:15:25.46,2026-03-01T15:15:25.4601728-06:00,2026-03-01T21:15:25.4601728Z,LineDrive,v3,471594,southernindiana,dbd82bf8479745649ba7c646edcecf86,"Millard, William",10059244,Right,ALA_LIO,6a1b3ee6-e375-4259-a8bc-14c3d912d559,54.43521,-130.46624,15.75075,5.0201,-2.57834,-8.97041,-0.74115,3.19594,-7.41896,,1.80559,96.70592,-21.74823,5.28841,-1.11677,0.23427,-0.04876,0.00709,-0.00044,2.5202,59.75727,-16.65227,0.52352,0.12764,-0.10576,0.03535,-0.00528,0.00029,-0.85172,-73.08909,7.26218,-1.18745,0.24106,-0.0713,0.0185,-0.00282,0.00017,,,,,,,,,,,,,,,,,,,,,,,High,High,High,High,Medium,,,,220.717772,9.784739,2169.386814,0.985453,1:15,-0.17642,-0.646115,-0.74257,56.565263,-38.699894,65.366901,90.065242,11.454383,0.980082,0.198588,-0.001116,89.678017,78.545434,0.198588,0.980082,0.001116,-89.678017,-78.545434,-0.198588,-0.980082,0.001116,-90.065242,-11.454383,-0.980082,-0.198588,-0.001116,,,
226,2026-03-01,15:16:03.95,4,6,"Carmona, Carlos",831237,Right,ALA_LIO,"Wall, Micajah",1000131896,Right,SOU_IND16,Undefined,6,Top,2,3,2,Slider,Slider,BallCalled,Walk,Undefined,Undefined,0,0,,80.19555,2.025868,0.155264,2443.835296,99.15692,9:15,5.17772,0.47726,5.98837,-40.41085,2.6715,-8.66914,3.68848,-0.10127,73.68295,-5.452229,-1.403504,0.472412,,,,,,,,,,,,4.47642,1.25382,-0.48486,50,5.31535,0.01222,-116.53679,2.85038,6.18247,21.0182,-30.44239,ALA_LIO,SOU_IND16,MikeDLaneField,D1,ASUN,20260301-MikeDLaneField-1,db430d90-15b3-11f1-b4c9-5fb64430e846,79.78718,,,6.5126,,,,,,,2f230842-10f9-4e90-9219-1d3edf6fc0d7,2026-03-01,21:16:03.95,2026-03-01T15:16:03.9589376-06:00,2026-03-01T21:16:03.9589376Z,,v3,471594,southernindiana,dbd82bf8479745649ba7c646edcecf86,"Millard, William",10059244,Right,ALA_LIO,acb2d2d5-3723-49f0-85ae-1db741665530,54.50983,-117.34735,10.5091,5.18279,4.02438,-15.2212,-0.48073,-0.2262,3.09123,,,,,,,,,,,,,,,,,,,,,,,,,,,,,,,,,,,,,,,,,,,,,,,,,,,High,High,High,,,,,,134.825902,76.494211,570.742096,0.233544,10:30,-0.965433,0.199911,-0.167255,-78.70756,57.921236,-51.254634,161.341868,-35.636146,0.26001,-0.582636,-0.77002,37.112995,-15.070671,0.582636,-0.26001,0.77002,-37.112995,15.070671,-0.582636,0.26001,0.77002,-161.341868,35.636146,-0.26001,0.582636,-0.77002,,,
227,2026-03-01,15:17:18.53,5,1,"Carmona, Carlos",831237,Right,ALA_LIO,"Senior, Collin",1000273575,Right,SOU_IND16,Undefined,6,Top,2,0,0,Fastball,Four-Seam,StrikeCalled,Undefined,Undefined,Undefined,0,0,,91.44745,-2.001219,-1.689251,2159.841038,211.361453,1:00,5.0811,0.52967,6.41595,-14.21694,18.71277,10.73174,2.05505,-0.12943,83.14034,-4.759999,0.25544,0.413015,,,,,,,,,,,,-6.08315,10.67949,-0.41352,50,4.93135,3.4772,-132.78015,-4.98932,-10.79483,30.02712,-13.22279,ALA_LIO,SOU_IND16,MikeDLaneField,D1,ASUN,20260301-MikeDLaneField-1,07aa3d90-15b4-11f1-b4c9-5fb64430e846,91.26176,,,8.30711,,,,,,,2f230842-10f9-4e90-9219-1d3edf6fc0d7,2026-03-01,21:17:18.53,2026-03-01T15:17:18.5354752-06:00,2026-03-01T21:17:18.5354752Z,,v3,471594,southernindiana,dbd82bf8479745649ba7c646edcecf86,"Millard, William",10059244,Right,ALA_LIO,055eecfe-141f-42d7-a5ba-45ec681e8cc1,54.08064,-133.69976,15.01356,5.07795,-4.58436,-6.61139,-0.52508,3.80781,-5.39741,,,,,,,,,,,,,,,,,,,,,,,,,,,,,,,,,,,,,,,,,,,,,,,,,,,High,High,High,,,,,,,,,,,,,,,,,,,,,,,,,,,,,,,,,,,,,,,
228,2026-03-01,15:17:34.43,5,2,"Carmona, Carlos",831237,Right,ALA_LIO,"Senior, Collin",1000273575,Right,SOU_IND16,Undefined,6,Top,2,0,1,Slider,Slider,StrikeCalled,Undefined,Undefined,Undefined,0,0,,78.46891,0.685791,0.749994,2338.785812,70.108226,8:15,5.16071,0.54215,5.96636,-46.1142,-1.30441,-7.1104,1.95379,0.64502,72.72419,-7.785951,-0.529907,0.48179,,,,,,,,,,,,3.84154,-0.43492,-0.59766,50,5.18935,-1.2347,-114.15066,-0.08057,5.11021,19.40321,-32.7526,ALA_LIO,SOU_IND16,MikeDLaneField,D1,ASUN,20260301-MikeDLaneField-1,1127beb0-15b4-11f1-b4c9-5fb64430e846,78.23416,,,5.74472,,,,,,,2f230842-10f9-4e90-9219-1d3edf6fc0d7,2026-03-01,21:17:34.43,2026-03-01T15:17:34.4339456-06:00,2026-03-01T21:17:34.4339456Z,,v3,471594,southernindiana,dbd82bf8479745649ba7c646edcecf86,"Millard, William",10059244,Right,ALA_LIO,5cbe39a5-7938-4e7b-baba-a69431ebe42f,54.5336,-114.9187,9.7016,5.16689,1.21587,-16.3763,-0.54478,-1.43698,2.55511,,,,,,,,,,,,,,,,,,,,,,,,,,,,,,,,,,,,,,,,,,,,,,,,,,,High,High,High,,,,,,92.569198,75.154327,599.235205,0.256216,9:00,-0.963254,0.26751,-0.024096,-23.373486,76.478555,1.037557,164.945002,-39.301537,0.200998,-0.633402,-0.747263,40.285561,-11.5953,0.633402,-0.200998,0.747263,-40.285561,11.5953,-0.633402,0.200998,0.747263,-164.945002,39.301537,-0.200998,0.633402,-0.747263,,,
229,2026-03-01,15:17:57.70,5,3,"Carmona, Carlos",831237,Right,ALA_LIO,"Senior, Collin",1000273575,Right,SOU_IND16,Undefined,6,Top,2,0,2,Fastball,Four-Seam,BallCalled,Undefined,Undefined,Undefined,0,0,,92.60326,-0.454089,-2.414708,2138.435137,213.645405,1:00,5.24688,0.22066,6.47952,-17.07611,14.86158,9.20536,3.40654,-1.23075,84.33131,-3.729821,-0.745951,0.406746,,,,,,,,,,,,-5.48559,8.20906,-0.05449,50,5.20714,5.29372,-134.51718,-1.53689,-10.02135,29.98885,-17.17729,ALA_LIO,SOU_IND16,MikeDLaneField,D1,ASUN,20260301-MikeDLaneField-1,1f05b3c0-15b4-11f1-b4c9-5fb64430e846,92.66827,,,8.27195,,,,,,,2f230842-10f9-4e90-9219-1d3edf6fc0d7,2026-03-01,21:17:57.70,2026-03-01T15:17:57.7075712-06:00,2026-03-01T21:17:57.7075712Z,,v3,471594,southernindiana,dbd82bf8479745649ba7c646edcecf86,"Millard, William",10059244,Right,ALA_LIO,852054f7-844d-40e6-9d69-571612a8d534,54.01708,-135.40977,14.99442,5.24528,-1.02562,-8.58865,-0.2165,5.59199,-5.01067,,,,,,,,,,,,,,,,,,,,,,,,,,,,,,,,,,,,,,,,,,,,,,,,,,,High,High,High,,,,,,,,,,,,,,,,,,,,,,,,,,,,,,,,,,,,,,,
230,2026-03-01,15:18:18.78,5,4,"Carmona, Carlos",831237,Right,ALA_LIO,"Senior, Collin",1000273575,Right,SOU_IND16,Undefined,6,Top,2,1,2,Slider,Slider,BallCalled,Undefined,Undefined,Undefined,0,0,,78.17928,0.52152,-0.722266,2456.969542,77.287418,8:30,5.07235,0.23863,5.62862,-48.00384,-1.79717,-14.3593,1.55869,-1.63194,71.87012,-8.253005,-3.290101,0.489242,,,,,,,,,,,,7.06469,-0.60453,-0.16784,50,5.08607,1.98237,-113.56778,-0.54788,9.19938,21.37169,-32.96125,ALA_LIO,SOU_IND16,MikeDLaneField,D1,ASUN,20260301-MikeDLaneField-1,2ba5f8b0-15b4-11f1-b4c9-5fb64430e846,77.04252,,,6.30915,,,,,,,2f230842-10f9-4e90-9219-1d3edf6fc0d7,2026-03-01,21:18:18.78,2026-03-01T15:18:18.7824640-06:00,2026-03-01T21:18:18.7824640Z,,v3,471594,southernindiana,dbd82bf8479745649ba7c646edcecf86,"Millard, William",10059244,Right,ALA_LIO,8c39b42a-ba47-406b-aa38-a01997468fa1,54.87064,-114.48069,10.68585,5.0794,0.86009,-16.48062,-0.24413,1.58941,4.59969,,,,,,,,,,,,,,,,,,,,,,,,,,,,,,,,,,,,,,,,,,,,,,,,,,,High,High,High,,,,,,59.311585,69.315136,867.869672,0.353228,8:00,-0.930387,0.312263,0.19202,35.595795,44.875347,53.582917,150.066892,-45.659304,0.348755,-0.715196,-0.605693,49.739057,-20.411173,0.715196,-0.348755,0.605693,-49.739057,20.411173,-0.715196,0.348755,0.605693,-150.066892,45.659304,-0.348755,0.715196,-0.605693,,,
231,2026-03-01,15:18:41.72,5,5,"Carmona, Carlos",831237,Right,ALA_LIO,"Senior, Collin",1000273575,Right,SOU_IND16,Undefined,6,Top,2,2,2,Fastball,Sinker,FoulBallNotFieldable,Undefined,Undefined,Undefined,0,0,,92.72769,-2.354045,-1.723108,2114.392211,234.504383,1:45,4.99655,0.50308,6.29496,-20.22643,11.7276,15.05146,1.13972,0.16916,85.08329,-6.161157,1.000193,0.40685,,,,,,,,,,,,-8.35359,7.05477,-0.38362,50,4.81353,3.44255,-134.71962,-6.17036,-15.36972,28.95698,-19.19407,ALA_LIO,SOU_IND16,MikeDLaneField,D1,ASUN,20260301-MikeDLaneField-1,393aafc0-15b4-11f1-b4c9-5fb64430e846,92.6446,,,7.64439,,,,,,,2f230842-10f9-4e90-9219-1d3edf6fc0d7,2026-03-01,21:18:41.72,2026-03-01T15:18:41.7242112-06:00,2026-03-01T21:18:41.7242112Z,,v3,471594,southernindiana,dbd82bf8479745649ba7c646edcecf86,"Millard, William",10059244,Right,ALA_LIO,cca741c3-1b0c-4206-b499-3a02a03b0529,54.20461,-135.62036,14.47849,4.99618,-5.57331,-9.59703,-0.49813,3.92064,-7.68486,,,,,,,,,,,,,,,,,,,,,,,,,,,,,,,,,,,,,,,,,,,,,,,,,,,High,High,High,,,,,,222.979059,7.382207,2096.866249,0.991711,1:30,-0.122381,-0.680787,-0.722185,56.191663,-34.314652,61.590513,99.857775,71.808268,0.307588,0.950017,-0.053449,86.779858,17.91396,0.950017,0.307588,0.053449,-86.779858,-17.91396,-0.950017,-0.307588,0.053449,-99.857775,-71.808268,-0.307588,-0.950017,-0.053449,,,
232,2026-03-01,15:19:09.35,5,6,"Carmona, Carlos",831237,Right,ALA_LIO,"Senior, Collin",1000273575,Right,SOU_IND16,Undefined,6,Top,2,2,2,Slider,Curveball,FoulBallNotFieldable,Undefined,Undefined,Undefined,0,0,,77.8829,0.281927,-1.712593,2286.651642,73.880169,8:30,5.18089,0.25587,5.70846,-47.97258,-1.77508,-10.84882,1.44595,-2.24424,72.04069,-8.475821,-3.654355,0.489193,,,,,,,,,,,,5.06402,-0.55906,-0.10562,50,5.17466,3.78896,-113.1746,-0.9952,6.58611,20.12138,-32.90113,ALA_LIO,SOU_IND16,MikeDLaneField,D1,ASUN,20260301-MikeDLaneField-1,49c30450-15b4-11f1-b4c9-5fb64430e846,77.05019,,,5.84221,,,,,,,2f230842-10f9-4e90-9219-1d3edf6fc0d7,2026-03-01,21:19:09.35,2026-03-01T15:19:09.3551104-06:00,2026-03-01T21:19:09.3551104Z,,v3,471594,southernindiana,dbd82bf8479745649ba7c646edcecf86,"Millard, William",10059244,Right,ALA_LIO,db4bc184-fe66-4051-99db-45cbf34cca6d,54.79143,-114.02328,10.06069,5.18737,0.39252,-16.45056,-0.25957,3.51117,3.29305,,,,,,,,,,,,,,,,,,,,,,,,,,,,,,,,,,,,,,,,,,,,,,,,,,,High,High,High,,,,,,69.154957,66.395628,915.618646,0.400419,8:15,-0.909813,0.378714,0.169752,97.186984,14.95425,-59.556396,176.560701,-53.550918,0.035641,-0.804385,-0.593038,53.600265,-2.042521,0.804385,-0.035641,0.593038,-53.600265,2.042521,-0.804385,0.035641,0.593038,-176.560701,53.550918,-0.035641,0.804385,-0.593038,,,
233,2026-03-01,15:19:33.49,5,7,"Carmona, Carlos",831237,Right,ALA_LIO,"Senior, Collin",1000273575,Right,SOU_IND16,Undefined,6,Top,2,2,2,Slider,Slider,StrikeCalled,Strikeout,Undefined,Undefined,0,0,,79.17797,1.063027,-0.553471,2438.446113,90.079383,9:00,5.13338,0.36271,5.7182,-43.22672,1.29677,-12.85446,2.52152,-1.22407,73.16054,-6.863778,-2.854126,0.480248,,,,,,,,,,,,6.37863,0.80756,-0.30853,50,5.19553,1.60526,-115.10419,0.72427,8.61275,20.0738,-31.08363,ALA_LIO,SOU_IND16,MikeDLaneField,D1,ASUN,20260301-MikeDLaneField-1,5831eec0-15b4-11f1-b4c9-5fb64430e846,78.48529,,,6.01743,,,,,,,2f230842-10f9-4e90-9219-1d3edf6fc0d7,2026-03-01,21:19:33.49,2026-03-01T15:19:33.4908416-06:00,2026-03-01T21:19:33.4908416Z,,v3,471594,southernindiana,dbd82bf8479745649ba7c646edcecf86,"Millard, William",10059244,Right,ALA_LIO,693f7e41-45ab-447b-8049-88c6eff65da3,54.78107,-115.935,10.0369,5.13894,2.01074,-15.54181,-0.36759,1.2488,4.30638,,,,,,,,,,,,,,,,,,,,,,,,,,,,,,,,,,,,,,,,,,,,,,,,,,,High,High,High,,,,,,77.543222,71.051555,791.805484,0.324717,8:30,-0.939045,0.334565,0.079117,27.999903,52.32328,67.67356,168.66933,-62.173694,0.091711,-0.884367,-0.457695,62.636649,-5.262062,0.884367,-0.091711,0.457695,-62.636649,5.262062,-0.884367,0.091711,0.457695,-168.66933,62.173694,-0.091711,0.884367,-0.457695,,,
234,2026-03-01,15:22:32.70,1,1,"Porter, Jake",1000110353,Left,SOU_IND16,"Rippen, Nash",1000353531,Left,ALA_LIO,Undefined,6,Bottom,0,0,0,Fastball,Sinker,StrikeCalled,Undefined,Undefined,Undefined,0,0,,87.83718,-0.335349,4.118691,2136.480447,127.569603,10:15,4.63213,-2.71366,6.08484,-23.79297,12.4843,-14.63363,2.33835,-0.11637,79.70955,-4.821516,1.49155,0.4335,,,,,,,,,,,,8.70319,6.89508,2.40265,50,4.59364,-8.55485,-127.26355,-1.47711,14.18869,27.56438,-20.93309,ALA_LIO,SOU_IND16,MikeDLaneField,D1,ASUN,20260301-MikeDLaneField-1,c2fc7ea0-15b4-11f1-b4c9-5fb64430e846,86.94921,,,8.12764,,,,,,,2f230842-10f9-4e90-9219-1d3edf6fc0d7,2026-03-01,21:22:32.70,2026-03-01T15:22:32.7014912-06:00,2026-03-01T21:22:32.7014912Z,,v3,471594,southernindiana,dbd82bf8479745649ba7c646edcecf86,"Wall, Micajah",1000131896,Right,SOU_IND16,dd7f8947-72fc-48cf-93c9-fa52231fd8ee,54.41129,-128.21544,13.78219,4.63217,-0.75422,-10.46655,2.70654,-9.04483,7.09435,,,,,,,,,,,,,,,,,,,,,,,,,,,,,,,,,,,,,,,,,,,,,,,,,,,High,High,High,,,,,,,,,,,,,,,,,,,,,,,,,,,,,,,,,,,,,,,
235,2026-03-01,15:22:49.16,1,2,"Porter, Jake",1000110353,Left,SOU_IND16,"Rippen, Nash",1000353531,Left,ALA_LIO,Undefined,6,Bottom,0,0,1,Fastball,Sinker,InPlay,Undefined,GroundBall,Out,1,0,,88.80195,-0.12536,3.814416,2152.165018,113.444533,9:45,4.67433,-2.58894,6.17208,-26.70568,8.73189,-17.31576,2.33282,-0.5038,80.41497,-5.144239,0.697566,0.428453,85.10621,-11.802455,-32.171584,,,,,10.6787,10.6787,-29.098766,0.087196,10.11701,4.9115,2.30859,50,4.65131,-7.87474,-128.73153,-1.13115,16.8156,29.0993,-24.01061,ALA_LIO,SOU_IND16,MikeDLaneField,D1,ASUN,20260301-MikeDLaneField-1,ccb16370-15b4-11f1-b4c9-5fb64430e846,87.97331,2.23062,,8.38698,,,,0.29486,2.23062,0.49079,2f230842-10f9-4e90-9219-1d3edf6fc0d7,2026-03-01,21:22:49.16,2026-03-01T15:22:49.1657728-06:00,2026-03-01T21:22:49.1657728Z,GroundBall,v3,471594,southernindiana,dbd82bf8479745649ba7c646edcecf86,"Wall, Micajah",1000131896,Right,SOU_IND16,16ace22c-24d9-4cb4-883d-9706f813656b,54.32556,-129.70562,14.54965,4.67572,-0.3274,-12.00531,2.58162,-8.43764,8.4078,,0.29198,103.62816,,,,,,,,2.23133,-25.58154,,,,,,,,0.4926,-65.18638,,,,,,,,,,,,,,,,,,,,,,,,,,,,,,High,High,High,Estimated,Estimated,,,,,,,,,,,,,,,,,,,,,,,,,,,,,,,,,,,,,
236,2026-03-01,15:23:25.27,2,1,"Porter, Jake",1000110353,Left,SOU_IND16,"Millard, William",10059244,Right,ALA_LIO,Undefined,6,Bottom,1,0,0,Slider,Slider,StrikeCalled,Undefined,Undefined,Undefined,0,0,,81.23183,0.826606,2.185432,2741.585604,297.749029,4:00,4.86357,-2.78354,5.30931,-45.79656,-2.41622,7.17658,1.82369,-0.13317,74.50848,-7.49891,3.459052,0.474043,,,,,,,,,,,,-2.9787,-1.04681,2.57982,50,4.90526,-4.79211,-117.84948,0.063,-4.17894,22.90345,-33.64267,ALA_LIO,SOU_IND16,MikeDLaneField,D1,ASUN,20260301-MikeDLaneField-1,e2440080-15b4-11f1-b4c9-5fb64430e846,79.51267,,,6.72335,,,,,,,2f230842-10f9-4e90-9219-1d3edf6fc0d7,2026-03-01,21:23:25.27,2026-03-01T15:23:25.2707328-06:00,2026-03-01T21:23:25.2707328Z,,v3,471594,southernindiana,dbd82bf8479745649ba7c646edcecf86,"Wall, Micajah",1000131896,Right,SOU_IND16,2c30b961-1073-4929-bd4d-5223e1d8c682,55.18958,-118.85377,11.45173,4.87016,1.53819,-16.82134,2.78593,-4.60887,-2.08947,,,,,,,,,,,,,,,,,,,,,,,,,,,,,,,,,,,,,,,,,,,,,,,,,,,High,High,High,,,,,,330.965458,-66.603833,1088.646617,0.397086,5:00,0.901001,-0.205941,0.38182,-3.373793,22.91585,-0.341053,160.602148,-43.075093,0.242604,-0.682956,-0.688995,44.747821,-14.040301,0.682956,-0.242604,0.688995,-44.747821,14.040301,-0.682956,0.242604,0.688995,-160.602148,43.075093,-0.242604,0.682956,-0.688995,,,
237,2026-03-01,15:23:39.84,2,2,"Porter, Jake",1000110353,Left,SOU_IND16,"Millard, William",10059244,Right,ALA_LIO,Undefined,6,Bottom,1,0,1,Fastball,Sinker,FoulBallNotFieldable,Undefined,Undefined,Undefined,0,0,,88.78604,-0.269441,3.706417,2111.391922,102.71888,9:30,4.71843,-2.80308,6.2302,-30.07234,5.06894,-17.40824,1.9633,-0.8296,80.99752,-5.881117,0.56755,0.426658,,,,,,,,,,,,10.13938,3.02854,2.53472,50,4.68332,-7.65583,-128.83856,-1.58334,16.9849,27.61794,-27.10081,ALA_LIO,SOU_IND16,MikeDLaneField,D1,ASUN,20260301-MikeDLaneField-1,eaf33520-15b4-11f1-b4c9-5fb64430e846,88.34337,,,7.78852,,,,,,,2f230842-10f9-4e90-9219-1d3edf6fc0d7,2026-03-01,21:23:39.84,2026-03-01T15:23:39.8431232-06:00,2026-03-01T21:23:39.8431232Z,,v3,471594,southernindiana,dbd82bf8479745649ba7c646edcecf86,"Wall, Micajah",1000131896,Right,SOU_IND16,8dfc9711-8935-4bee-abf9-980a0cf7b16b,54.26935,-129.75052,13.80897,4.72083,-0.68846,-13.55041,2.79678,-8.21668,8.49245,,,,,,,,,,,,,,,,,,,,,,,,,,,,,,,,,,,,,,,,,,,,,,,,,,,High,High,High,,,,,,,,,,,,,,,,,,,,,,,,,,,,,,,,,,,,,,,
238,2026-03-01,15:24:04.09,2,3,"Porter, Jake",1000110353,Left,SOU_IND16,"Millard, William",10059244,Right,ALA_LIO,Undefined,6,Bottom,1,0,2,ChangeUp,Slider,BallCalled,Undefined,Undefined,Undefined,0,0,,80.52885,-0.567227,1.126634,2824.678588,295.070628,3:45,4.76677,-2.73615,5.47142,-45.96798,-1.45071,6.55748,0.40517,-1.13525,72.97034,-8.971955,2.29676,0.480215,,,,,,,,,,,,-2.94134,-0.1039,2.63249,50,4.68566,-2.55877,-116.72671,-2.73686,-3.9801,25.91017,-32.31463,ALA_LIO,SOU_IND16,MikeDLaneField,D1,ASUN,20260301-MikeDLaneField-1,f9661730-15b4-11f1-b4c9-5fb64430e846,78.49075,,,7.55851,,,,,,,2f230842-10f9-4e90-9219-1d3edf6fc0d7,2026-03-01,21:24:04.09,2026-03-01T15:24:04.0984576-06:00,2026-03-01T21:24:04.0984576Z,,v3,471594,southernindiana,dbd82bf8479745649ba7c646edcecf86,"Wall, Micajah",1000131896,Right,SOU_IND16,e908757e-d0f4-4901-a04b-2f02c3f94fc7,55.02566,-117.83699,12.95509,4.77327,-1.35214,-16.15732,2.73848,-2.38821,-1.99005,,,,,,,,,,,,,,,,,,,,,,,,,,,,,,,,,,,,,,,,,,,,,,,,,,,High,High,High,,,,,,,,,,,,,,,,,,,,,,,,,,,,,,,,,,,,,,,
239,2026-03-01,15:24:24.02,2,4,"Porter, Jake",1000110353,Left,SOU_IND16,"Millard, William",10059244,Right,ALA_LIO,Undefined,6,Bottom,1,1,2,Fastball,Sinker,InPlay,Undefined,FlyBall,Out,1,0,,88.97665,-0.815407,4.308374,2151.250565,127.123064,10:15,4.73556,-2.42151,6.30605,-23.74867,11.91835,-13.9069,2.00314,0.39612,79.4929,-5.339445,1.801908,0.429838,82.94096,35.729267,-13.413092,,108.12997,69.82506,-20.1956,285.86105,281.47027,-7.434923,4.998701,8.75741,6.8689,2.11159,50,4.6644,-9.13733,-128.73479,-2.53778,14.33588,32.8326,-20.92967,ALA_LIO,SOU_IND16,MikeDLaneField,D1,ASUN,20260301-MikeDLaneField-1,055115e0-15b5-11f1-b4c9-5fb64430e846,87.68985,82.84301,,9.48375,,,,2.71788,2.23712,-0.36892,2f230842-10f9-4e90-9219-1d3edf6fc0d7,2026-03-01,21:24:24.02,2026-03-01T15:24:24.0233984-06:00,2026-03-01T21:24:24.0233984Z,FlyBall,v3,471594,southernindiana,dbd82bf8479745649ba7c646edcecf86,"Wall, Micajah",1000131896,Right,SOU_IND16,e381bf11-8a52-44e8-9332-98313a0b1949,54.18972,-129.79894,16.4163,4.73566,-1.85942,-10.46483,2.41528,-9.60198,7.16794,196.691866,2.72088,95.99241,-19.70232,4.62445,-0.66671,0.01049,0.01579,-0.0025,0.00012,2.23487,71.07761,-16.7513,0.30623,0.17426,-0.08703,0.02609,-0.00399,0.00023,-0.37008,-22.88071,8.92264,-2.53553,0.47919,-0.04609,-0.00164,0.00078,-5E-05,,,,,,,,,,,,,,,,,,,,,,,High,High,High,High,High,,,,,,,,,,,,,,,,,,,,,,,,,,,,,,,,,,,,,
240,2026-03-01,15:24:59.58,3,1,"Porter, Jake",1000110353,Left,SOU_IND16,"Santoyo, Justin",830518,Right,ALA_LIO,Undefined,6,Bottom,2,0,0,Fastball,Sinker,StrikeCalled,Undefined,Undefined,Undefined,0,0,,89.29401,-0.575634,4.441802,2229.351021,123.603509,10:00,4.57208,-2.80492,6.29747,-22.89234,12.03572,-16.29021,2.13239,-0.0616,80.82814,-4.913997,1.506841,0.425362,,,,,,,,,,,,9.73245,6.78154,2.48508,50,4.51867,-9.3715,-129.33566,-1.98709,16.34332,29.14446,-20.78607,ALA_LIO,SOU_IND16,MikeDLaneField,D1,ASUN,20260301-MikeDLaneField-1,1a7e3a60-15b5-11f1-b4c9-5fb64430e846,88.61267,,,8.46587,,,,,,,2f230842-10f9-4e90-9219-1d3edf6fc0d7,2026-03-01,21:24:59.58,2026-03-01T15:24:59.5895296-06:00,2026-03-01T21:24:59.5895296Z,,v3,471594,southernindiana,dbd82bf8479745649ba7c646edcecf86,"Wall, Micajah",1000131896,Right,SOU_IND16,618c0677-879e-45dd-961d-89f1ee8a040b,54.19851,-130.27832,14.57223,4.57207,-1.31477,-10.39304,2.79674,-9.90012,8.17166,,,,,,,,,,,,,,,,,,,,,,,,,,,,,,,,,,,,,,,,,,,,,,,,,,,High,High,High,,,,,,,,,,,,,,,,,,,,,,,,,,,,,,,,,,,,,,,
241,2026-03-01,15:25:15.58,3,2,"Porter, Jake",1000110353,Left,SOU_IND16,"Santoyo, Justin",830518,Right,ALA_LIO,Undefined,6,Bottom,2,0,1,Slider,Slider,FoulBallNotFieldable,Undefined,Undefined,Undefined,0,0,,80.36757,1.960348,2.062973,2958.999246,285.913784,3:30,4.85594,-2.47836,5.34941,-44.99873,-0.43012,6.73,2.94663,0.01824,73.03923,-6.270196,3.257021,0.480492,100.44122,14.153613,37.297402,2707.627389,83.75978,19.45704,71.30423,234.51081,217.70329,45.814912,2.119645,-2.7676,-0.42717,2.28754,50,5.00024,-4.4666,-116.47263,2.427,-3.76662,23.76664,-32.75539,ALA_LIO,SOU_IND16,MikeDLaneField,D1,ASUN,20260301-MikeDLaneField-1,24097720-15b5-11f1-b4c9-5fb64430e846,78.44554,19.72496,,7.32834,,,,2.73825,2.96099,0.10108,2f230842-10f9-4e90-9219-1d3edf6fc0d7,2026-03-01,21:25:15.58,2026-03-01T15:25:15.5896832-06:00,2026-03-01T21:25:15.5896832Z,LineDrive,v3,471594,southernindiana,dbd82bf8479745649ba7c646edcecf86,"Wall, Micajah",1000131896,Right,SOU_IND16,bdb9ea47-dead-4ba6-86f0-24c13c72e2db,55.14897,-117.5186,11.88332,4.8617,3.86857,-16.37769,2.48047,-4.30083,-1.88331,,2.73825,113.63031,-24.54915,4.72625,-1.03734,0.19497,-0.0321,0.00385,-0.00022,2.96099,36.02139,-21.30374,2.46103,-0.51889,0.11193,-0.01969,0.00269,-0.0002,0.10107,86.55559,-2.25113,-1.02769,0.36982,-0.09403,0.01402,-0.00115,1E-05,,,,,,,,,,,,,,,,,,,,,,,High,High,High,High,Medium,,,,319.575271,-63.967067,1298.66834,0.438888,4:45,0.875678,-0.315167,0.365867,11.191638,10.104746,13.883176,145.061442,-44.257081,0.410175,-0.697879,-0.58713,49.925899,-24.215833,0.697879,-0.410175,0.58713,-49.925899,24.215833,-0.697879,0.410175,0.58713,-145.061442,44.257081,-0.410175,0.697879,-0.58713,,,
242,2026-03-01,15:25:46.93,3,3,"Porter, Jake",1000110353,Left,SOU_IND16,"Santoyo, Justin",830518,Right,ALA_LIO,Undefined,6,Bottom,2,0,2,Curveball,Curveball,BallCalled,Undefined,Undefined,Undefined,0,0,,75.22172,5.027586,0.084676,2573.868377,317.056271,4:30,5.01251,-2.14918,5.44144,-65.36496,-14.07166,14.8065,4.28502,-0.83602,67.68866,-6.897245,2.715868,0.515468,,,,,,,,,,,,-7.31863,-8.0167,2.13143,50,5.41351,-0.74532,-108.73833,7.34539,-8.61221,22.12013,-41.60774,ALA_LIO,SOU_IND16,MikeDLaneField,D1,ASUN,20260301-MikeDLaneField-1,36c43c10-15b5-11f1-b4c9-5fb64430e846,73.12276,,,7.53306,,,,,,,2f230842-10f9-4e90-9219-1d3edf6fc0d7,2026-03-01,21:25:46.93,2026-03-01T15:25:46.9335040-06:00,2026-03-01T21:25:46.9335040Z,,v3,471594,southernindiana,dbd82bf8479745649ba7c646edcecf86,"Wall, Micajah",1000131896,Right,SOU_IND16,552e14c9-2d98-4f99-81d3-07d4b9ba0568,55.05859,-109.76256,11.06006,5.02879,9.27194,-20.80387,2.15671,-0.34656,-4.30611,,,,,,,,,,,,,,,,,,,,,,,,,,,,,,,,,,,,,,,,,,,,,,,,,,,High,High,High,,,,,,324.665353,-39.033837,1999.31447,0.776774,4:45,0.587049,-0.502711,0.634551,24.183478,16.063866,5.99601,167.590148,-19.534782,0.202533,-0.334379,-0.920419,19.965579,-11.685129,0.334379,-0.202533,0.920419,-19.965579,11.685129,-0.334379,0.202533,0.920419,-167.590148,19.534782,-0.202533,0.334379,-0.920419,,,
243,2026-03-01,15:26:05.26,3,4,"Porter, Jake",1000110353,Left,SOU_IND16,"Santoyo, Justin",830518,Right,ALA_LIO,Undefined,6,Bottom,2,1,2,Fastball,Sinker,InPlay,Undefined,GroundBall,Out,1,0,,88.17097,0.137607,3.629469,2194.88415,121.009748,10:00,4.60501,-2.72181,6.03753,-27.28131,9.40607,-13.25827,2.45924,-0.46155,78.65032,-5.01238,1.249144,0.435943,87.59025,-5.688727,32.259098,,,,,24.28595,8.56926,30.391181,0.174321,8.09563,5.19099,2.44547,50,4.60131,-7.53752,-127.59191,-0.56294,13.0059,32.47828,-23.83456,ALA_LIO,SOU_IND16,MikeDLaneField,D1,ASUN,20260301-MikeDLaneField-1,41b2d960-15b5-11f1-b4c9-5fb64430e846,86.46183,2.22321,,9.52065,,,,2.07566,2.22321,0.374,2f230842-10f9-4e90-9219-1d3edf6fc0d7,2026-03-01,21:26:05.26,2026-03-01T15:26:05.2631040-06:00,2026-03-01T21:26:05.2631040Z,GroundBall,v3,471594,southernindiana,dbd82bf8479745649ba7c646edcecf86,"Wall, Micajah",1000131896,Right,SOU_IND16,fa4cb7e4-e468-4d8d-92c4-7ea03bce90cd,54.45732,-128.72151,16.23914,4.60647,0.26603,-11.91728,2.7155,-7.98987,6.50295,180,2.07101,108.26695,,,,,,,,2.22376,-12.75356,,,,,,,,0.37106,68.3354,,,,,,,,,,,,,,,,,,,,,,,,,,,,,,High,High,High,Low,Low,,,,117.341499,-44.164075,1574.494861,0.717348,10:00,0.7177,0.635534,-0.28461,89.823115,26.944254,38.135074,93.331907,10.302118,0.982215,0.178839,-0.057183,72.268509,79.178017,0.178839,0.982215,0.057183,-72.268509,-79.178017,-0.178839,-0.982215,0.057183,-93.331907,-10.302118,-0.982215,-0.178839,-0.057183,,,
244,2026-03-01,15:28:55.32,1,1,"Carmona, Carlos",831237,Right,ALA_LIO,"Velders, Jesse",1000430420,Right,SOU_IND16,Undefined,7,Top,0,0,0,Fastball,Four-Seam,BallCalled,Undefined,Undefined,Undefined,0,0,,89.92911,-0.189136,-1.605206,2070.947138,205.074325,12:45,5.23382,0.5263,6.40954,-14.27186,19.89867,8.76071,3.87053,-0.2199,81.28536,-2.982685,-0.018238,0.420724,,,,,,,,,,,,-5.0167,10.74221,-0.41496,50,5.21327,3.29683,-130.5715,-0.75337,-8.57284,30.09783,-13.81713,ALA_LIO,SOU_IND16,MikeDLaneField,D1,ASUN,20260301-MikeDLaneField-1,a6ffc580-15b5-11f1-b4c9-5fb64430e846,89.58949,,,8.64376,,,,,,,2f230842-10f9-4e90-9219-1d3edf6fc0d7,2026-03-01,21:28:55.32,2026-03-01T15:28:55.3216512-06:00,2026-03-01T21:28:55.3216512Z,,v3,471594,southernindiana,dbd82bf8479745649ba7c646edcecf86,"Millard, William",10059244,Right,ALA_LIO,8dd103b4-7146-4539-8e07-9021ad385f0f,54.08485,-131.50972,15.04891,5.23005,-0.32266,-6.90856,-0.5219,3.56407,-4.28642,,,,,,,,,,,,,,,,,,,,,,,,,,,,,,,,,,,,,,,,,,,,,,,,,,,High,High,High,,,,,,216.577104,12.243316,2023.845212,0.977256,1:15,-0.232042,-0.583048,-0.778596,-27.794505,27.098617,-8.555879,166.60566,-10.807724,0.227543,-0.187514,-0.955543,11.102518,-13.152447,0.187514,-0.227543,0.955543,-11.102518,13.152447,-0.187514,0.227543,0.955543,-166.60566,10.807724,-0.227543,0.187514,-0.955543,,,
245,2026-03-01,15:29:14.62,1,2,"Carmona, Carlos",831237,Right,ALA_LIO,"Velders, Jesse",1000430420,Right,SOU_IND16,Undefined,7,Top,0,1,0,Fastball,Sinker,BallCalled,Undefined,Undefined,Undefined,0,0,,88.84453,-0.4418,-0.926218,2046.707372,229.709356,1:45,5.12171,0.75706,6.55725,-22.15726,12.4569,13.36072,2.87015,1.02118,80.90794,-4.658961,1.502702,0.423446,,,,,,,,,,,,-7.39733,7.01804,-0.69895,50,5.08175,1.59734,-129.20619,-1.61878,-12.41822,28.66344,-20.39256,ALA_LIO,SOU_IND16,MikeDLaneField,D1,ASUN,20260301-MikeDLaneField-1,b27a2810-15b5-11f1-b4c9-5fb64430e846,89.01354,,,7.93659,,,,,,,2f230842-10f9-4e90-9219-1d3edf6fc0d7,2026-03-01,21:29:14.62,2026-03-01T15:29:14.6270208-06:00,2026-03-01T21:29:14.6270208Z,,v3,471594,southernindiana,dbd82bf8479745649ba7c646edcecf86,"Millard, William",10059244,Right,ALA_LIO,6fb8657c-bfb1-4f88-ab61-e01389f2f148,53.94244,-130.07785,14.33172,5.12155,-0.99864,-10.19628,-0.75326,1.97498,-6.20911,,,,,,,,,,,,,,,,,,,,,,,,,,,,,,,,,,,,,,,,,,,,,,,,,,,High,High,High,,,,,,219.12227,8.935445,2021.868467,0.987864,1:15,-0.162879,-0.624499,-0.763853,53.602312,-47.757049,47.343164,126.774696,71.495154,0.254224,0.948297,-0.190009,78.66977,14.727606,0.948297,0.254224,0.190009,-78.66977,-14.727606,-0.948297,-0.254224,0.190009,-126.774696,-71.495154,-0.254224,-0.948297,-0.190009,,,
246,2026-03-01,15:29:33.66,1,3,"Carmona, Carlos",831237,Right,ALA_LIO,"Velders, Jesse",1000430420,Right,SOU_IND16,Undefined,7,Top,0,2,0,Fastball,Four-Seam,HitByPitch,Undefined,Undefined,Undefined,0,0,,89.05282,0.425327,0.143554,2078.045625,203.944449,12:45,5.09445,0.57008,6.49528,-15.06221,19.69718,8.21571,4.2297,1.38649,80.40866,-2.523086,1.634626,0.424334,,,,,,,,,,,,-4.26107,10.53587,-0.58347,50,5.11737,-0.64534,-129.37857,0.61288,-7.13024,30.20832,-14.54393,ALA_LIO,SOU_IND16,MikeDLaneField,D1,ASUN,20260301-MikeDLaneField-1,bdda4be0-15b5-11f1-b4c9-5fb64430e846,88.82737,,,8.64416,,,,,,,2f230842-10f9-4e90-9219-1d3edf6fc0d7,2026-03-01,21:29:33.66,2026-03-01T15:29:33.6660480-06:00,2026-03-01T21:29:33.6660480Z,,v3,471594,southernindiana,dbd82bf8479745649ba7c646edcecf86,"Millard, William",10059244,Right,ALA_LIO,16f59039-69da-43d8-ae76-74a9a682476f,54.00097,-130.3094,15.10416,5.09158,1.06103,-7.27196,-0.56697,-0.42564,-3.56512,,,,,,,,,,,,,,,,,,,,,,,,,,,,,,,,,,,,,,,,,,,,,,,,,,,High,High,High,,,,,,220.847099,10.623952,2042.424522,0.982858,1:15,-0.187266,-0.641445,-0.743962,-30.862405,11.068218,-19.261949,169.618212,-11.631469,0.176506,-0.201616,-0.96343,11.819656,-10.166304,0.201616,-0.176506,0.96343,-11.819656,10.166304,-0.201616,0.176506,0.96343,-169.618212,11.631469,-0.176506,0.201616,-0.96343,,,
247,2026-03-01,15:30:09.66,2,1,"Carmona, Carlos",831237,Right,ALA_LIO,"Holiday, Khi",833396,Right,SOU_IND16,Undefined,7,Top,0,0,0,Fastball,Sinker,HitByPitch,Undefined,Undefined,Undefined,0,0,,87.9105,-0.644352,0.78238,1993.419599,223.048949,1:30,5.05837,0.64697,6.10587,-23.22064,13.13426,11.05442,2.52739,2.29171,79.32881,-5.042275,2.774219,0.433963,,,,,,,,,,,,-5.5452,7.37552,-0.71314,50,4.99684,-2.17541,-127.61739,-2.13558,-8.98329,30.59008,-20.22561,ALA_LIO,SOU_IND16,MikeDLaneField,D1,ASUN,20260301-MikeDLaneField-1,d346c350-15b5-11f1-b4c9-5fb64430e846,86.85631,,,8.58169,,,,,,,2f230842-10f9-4e90-9219-1d3edf6fc0d7,2026-03-01,21:30:09.66,2026-03-01T15:30:09.6617984-06:00,2026-03-01T21:30:09.6617984Z,,v3,471594,southernindiana,dbd82bf8479745649ba7c646edcecf86,"Millard, William",10059244,Right,ALA_LIO,b75b6e71-c77e-4984-956c-8666b5206505,54.39252,-128.66597,15.29504,5.05817,-1.44228,-10.11281,-0.64385,-1.86747,-4.49165,,,,,,,,,,,,,,,,,,,,,,,,,,,,,,,,,,,,,,,,,,,,,,,,,,,High,High,High,,,,,,228.146073,-1.120395,1993.038488,0.999809,1:30,0.037033,-0.744439,-0.666663,70.81238,-22.75949,84.351982,90.23219,20.332965,0.937681,0.347475,-0.0038,89.373444,69.665765,0.347475,0.937681,0.0038,-89.373444,-69.665765,-0.347475,-0.937681,0.0038,-90.23219,-20.332965,-0.937681,-0.347475,-0.0038,,,
248,2026-03-01,15:32:18.11,3,1,"Carmona, Carlos",831237,Right,ALA_LIO,"Slack, Clayton",1000132133,Right,SOU_IND16,Undefined,7,Top,0,0,0,Slider,Curveball,BallCalled,Undefined,Undefined,Undefined,0,0,,76.39273,-0.580035,-1.442626,2241.408308,83.30485,8:45,5.06386,0.79044,5.7871,-48.63936,-0.19992,-15.32548,0.47079,-1.82904,70.07501,-9.484744,-4.191749,0.500923,,,,,,,,,,,,7.4289,0.50508,-0.66213,50,4.98679,3.3449,-110.90923,-2.62731,9.1573,21.75877,-31.55146,ALA_LIO,SOU_IND16,MikeDLaneField,D1,ASUN,20260301-MikeDLaneField-1,1fe74f40-15b6-11f1-b4c9-5fb64430e846,75.24598,,,6.31772,,,,,,,2f230842-10f9-4e90-9219-1d3edf6fc0d7,2026-03-01,21:32:18.11,2026-03-01T15:32:18.1187584-06:00,2026-03-01T21:32:18.1187584Z,,v3,471594,southernindiana,dbd82bf8479745649ba7c646edcecf86,"Millard, William",10059244,Right,ALA_LIO,a4dd1bb6-c3f5-4f5d-bbb7-f5b8c3c303e6,54.71229,-111.8299,10.87939,5.06971,-1.2923,-15.77573,-0.79546,2.95744,4.57865,,,,,,,,,,,,,,,,,,,,,,,,,,,,,,,,,,,,,,,,,,,,,,,,,,,High,High,High,,,,,,,,,,,,,,,,,,,,,,,,,,,,,,,,,,,,,,,
249,2026-03-01,15:32:56.56,3,2,"Carmona, Carlos",831237,Right,ALA_LIO,"Slack, Clayton",1000132133,Right,SOU_IND16,Undefined,7,Top,0,1,0,Fastball,Sinker,StrikeCalled,Undefined,Undefined,Undefined,0,0,,86.95176,-1.684362,-2.195922,2159.510241,230.099902,1:45,4.96935,0.82029,6.41144,-23.0182,13.36178,14.54568,1.50098,0.01251,79.32483,-6.043094,0.440528,0.434113,,,,,,,,,,,,-8.24819,7.83158,-0.66959,50,4.83828,4.2863,-126.27684,-4.36782,-13.2543,26.86749,-19.58919,ALA_LIO,SOU_IND16,MikeDLaneField,D1,ASUN,20260301-MikeDLaneField-1,36d81cc0-15b6-11f1-b4c9-5fb64430e846,86.82638,,,7.62693,,,,,,,2f230842-10f9-4e90-9219-1d3edf6fc0d7,2026-03-01,21:32:56.56,2026-03-01T15:32:56.5645312-06:00,2026-03-01T21:32:56.5645312Z,,v3,471594,southernindiana,dbd82bf8479745649ba7c646edcecf86,"Millard, William",10059244,Right,ALA_LIO,e1b4dd59-c512-4f69-9adc-33ac468c46a1,54.08648,-127.14333,13.43375,4.96896,-3.73605,-9.79459,-0.81471,4.71375,-6.62715,,,,,,,,,,,,,,,,,,,,,,,,,,,,,,,,,,,,,,,,,,,,,,,,,,,High,High,High,,,,,,219.757194,9.30882,2131.071279,0.986831,1:15,-0.172099,-0.635595,-0.752596,-39.73144,20.051511,-9.844774,168.348487,-2.255216,0.201802,-0.039351,-0.978635,2.302614,-11.642362,0.039351,-0.201802,0.978635,-2.302614,11.642362,-0.039351,0.201802,0.978635,-168.348487,2.255216,-0.201802,0.039351,-0.978635,,,
250,2026-03-01,15:33:43.79,3,3,"Carmona, Carlos",831237,Right,ALA_LIO,"Slack, Clayton",1000132133,Right,SOU_IND16,Undefined,7,Top,0,1,1,Fastball,Sinker,FoulBallNotFieldable,Undefined,Undefined,Undefined,0,0,,88.12899,-0.233483,-1.902661,2227.088753,229.633449,1:45,4.92237,0.82032,6.42582,-20.50237,14.91674,16.16509,2.99911,0.41795,80.06957,-4.151617,1.027096,0.428342,80.70129,-12.666839,-67.568937,,,,,16.11149,13.01265,-55.778643,0.121655,-9.08178,8.22355,-0.69201,50,4.89637,3.63874,-128.06357,-1.08764,-14.97089,28.26761,-18.61793,ALA_LIO,SOU_IND16,MikeDLaneField,D1,ASUN,20260301-MikeDLaneField-1,52e2ea30-15b6-11f1-b4c9-5fb64430e846,87.99622,3.16757,,8.05942,,,,3.68324,3.16757,-0.29482,2f230842-10f9-4e90-9219-1d3edf6fc0d7,2026-03-01,21:33:43.79,2026-03-01T15:33:43.7918208-06:00,2026-03-01T21:33:43.7918208Z,GroundBall,v3,471594,southernindiana,dbd82bf8479745649ba7c646edcecf86,"Millard, William",10059244,Right,ALA_LIO,0d867a6f-e87d-45f1-84c9-92495b74d961,54.07296,-128.95947,14.1338,4.92149,-0.49758,-9.30896,-0.81486,4.11322,-7.48544,180,3.68049,44.20468,,,,,,,,3.16919,-26.03725,,,,,,,,-0.28816,-107.08378,,,,,,,,,,,,,,,,,,,,,,,,,,,,,,High,High,High,High,High,,,,220.564653,10.05166,2192.904689,0.984651,1:15,-0.196666,-0.64103,-0.741892,-38.650125,10.170622,-25.843616,166.582091,-4.171636,0.231437,-0.072744,-0.970126,4.288273,-13.381698,0.072744,-0.231437,0.970126,-4.288273,13.381698,-0.072744,0.231437,0.970126,-166.582091,4.171636,-0.231437,0.072744,-0.970126,,,
251,2026-03-01,15:34:15.28,3,4,"Carmona, Carlos",831237,Right,ALA_LIO,"Slack, Clayton",1000132133,Right,SOU_IND16,Undefined,7,Top,0,1,2,Fastball,Four-Seam,BallCalled,Undefined,Undefined,Undefined,0,0,,90.98028,-2.03885,-4.718068,2223.943676,210.165663,1:00,5.03438,0.35441,6.4915,-15.9069,17.62068,9.5504,1.82998,-3.19073,82.25434,-5.117726,-2.993665,0.416747,,,,,,,,,,,,-6.42,10.17819,-0.02675,50,4.88366,10.47426,-131.64844,-5.09676,-11.1463,30.7425,-14.50289,ALA_LIO,SOU_IND16,MikeDLaneField,D1,ASUN,20260301-MikeDLaneField-1,65a4b400-15b6-11f1-b4c9-5fb64430e846,90.44442,,,8.72593,,,,,,,2f230842-10f9-4e90-9219-1d3edf6fc0d7,2026-03-01,21:34:15.28,2026-03-01T15:34:15.2826880-06:00,2026-03-01T21:34:15.2826880Z,,v3,471594,southernindiana,dbd82bf8479745649ba7c646edcecf86,"Millard, William",10059244,Right,ALA_LIO,730f4236-a5b4-4228-ad73-9b293fb180ff,54.00363,-132.58007,15.37125,5.03145,-4.65726,-7.25145,-0.34928,10.81204,-5.57315,,,,,,,,,,,,,,,,,,,,,,,,,,,,,,,,,,,,,,,,,,,,,,,,,,,High,High,High,,,,,,,,,,,,,,,,,,,,,,,,,,,,,,,,,,,,,,,
252,2026-03-01,15:34:52.90,3,5,"Carmona, Carlos",831237,Right,ALA_LIO,"Slack, Clayton",1000132133,Right,SOU_IND16,Undefined,7,Top,0,2,2,Slider,Slider,BallCalled,Undefined,Undefined,Undefined,0,0,,77.18374,1.698782,-1.482277,2392.00096,91.542346,9:00,5.09714,0.32314,5.65915,-45.48069,1.84878,-14.97355,2.89224,-2.30723,70.86581,-6.650546,-4.155411,0.49515,,,,,,,,,,,,7.17012,0.91917,-0.18816,50,5.21223,3.46519,-112.05745,1.87251,9.10998,20.39259,-31.00618,ALA_LIO,SOU_IND16,MikeDLaneField,D1,ASUN,20260301-MikeDLaneField-1,7c2f93c0-15b6-11f1-b4c9-5fb64430e846,76.12321,,,6.31792,,,,,,,2f230842-10f9-4e90-9219-1d3edf6fc0d7,2026-03-01,21:34:52.90,2026-03-01T15:34:52.9036800-06:00,2026-03-01T21:34:52.9036800Z,,v3,471594,southernindiana,dbd82bf8479745649ba7c646edcecf86,"Millard, William",10059244,Right,ALA_LIO,c9bdaffd-4e01-400b-9b8a-332f1f4d2669,54.83954,-112.93473,10.19629,5.10298,3.20638,-15.50309,-0.3288,3.07328,4.55499,,,,,,,,,,,,,,,,,,,,,,,,,,,,,,,,,,,,,,,,,,,,,,,,,,,High,High,High,,,,,,87.739898,70.250161,808.290772,0.337914,9:00,-0.930097,0.365404,0.037398,23.75609,47.708527,55.429224,161.019665,-56.425488,0.179867,-0.833167,-0.522953,57.884779,-10.361986,0.833167,-0.179867,0.522953,-57.884779,10.361986,-0.833167,0.179867,0.522953,-161.019665,56.425488,-0.179867,0.833167,-0.522953,,,
253,2026-03-01,15:35:15.86,3,6,"Carmona, Carlos",831237,Right,ALA_LIO,"Slack, Clayton",1000132133,Right,SOU_IND16,Undefined,7,Top,0,3,2,Fastball,Four-Seam,InPlay,Undefined,FlyBall,Sacrifice,1,1,,89.57289,-1.053716,-2.312628,2364.424534,216.457997,1:15,4.98145,0.52829,6.3353,-17.5721,16.87977,11.61489,2.54602,-0.63425,81.33791,-4.428415,-0.212227,0.422452,85.05841,37.368563,9.843444,4924.31615,106.60097,74.72224,27.13344,298.22379,294.25529,20.529605,5.171068,-6.74792,9.45024,-0.36516,50,4.89626,4.78845,-130.0527,-2.86819,-11.47475,29.08875,-16.10401,ALA_LIO,SOU_IND16,MikeDLaneField,D1,ASUN,20260301-MikeDLaneField-1,89c75810-15b6-11f1-b4c9-5fb64430e846,89.2229,91.16134,,8.23497,,,,1.93311,2.59944,0.66106,2f230842-10f9-4e90-9219-1d3edf6fc0d7,2026-03-01,21:35:15.86,2026-03-01T15:35:15.8674944-06:00,2026-03-01T21:35:15.8674944Z,FlyBall,v3,471594,southernindiana,dbd82bf8479745649ba7c646edcecf86,"Millard, William",10059244,Right,ALA_LIO,c827a59b-8eb6-41ee-a1b7-4bcc2e111785,54.16203,-130.98031,14.54437,4.97953,-2.35465,-8.05201,-0.52369,5.15436,-5.73738,204.181555,1.93681,97.61014,-20.51193,4.39895,-0.49916,-0.034,0.02052,-0.00253,0.0001,2.59837,75.73259,-17.9924,1.01181,-0.11653,-0.02046,0.01613,-0.00297,0.00018,0.66041,16.96491,2.72815,-0.89883,0.12241,0.01023,-0.00663,0.00093,-5E-05,,,,,,,,,,,,,,,,,,,,,,,High,High,High,High,Medium,,,,214.85979,19.631164,2226.992021,0.941875,1:15,-0.356928,-0.544435,-0.759074,43.91953,-50.084641,41.616198,132.133724,80.213531,0.126052,0.985448,-0.114031,83.399372,7.241487,0.985448,0.126052,0.114031,-83.399372,-7.241487,-0.985448,-0.126052,0.114031,-132.133724,-80.213531,-0.126052,-0.985448,-0.114031,,,
254,2026-03-01,15:39:14.44,4,1,"Toney, Sawyer",1000090859,Right,ALA_LIO,"McLellan, Patrick",1000305136,Right,SOU_IND16,Undefined,7,Top,1,0,0,Fastball,Changeup,InPlay,Undefined,FlyBall,Double,0,1,,86.59901,-0.859767,-4.49054,1544.438324,238.245469,2:00,5.53634,2.58952,5.57814,-28.57856,9.075,12.81906,2.34929,-0.54473,79.62714,-6.12574,-2.211985,0.441646,98.8614,21.346254,-14.117241,2338.224025,106.31795,40.3121,-28.22186,372.58326,370.7407,-17.991882,4.341751,-7.71512,5.15016,-2.21138,50,5.44339,9.32354,-125.48693,-2.87652,-12.3761,23.96347,-23.91247,ALA_LIO,SOU_IND16,MikeDLaneField,D1,ASUN,20260301-MikeDLaneField-1,1815b3f0-15b7-11f1-b4c9-5fb64430e846,85.34535,57.2856,,6.97187,,,,2.47298,2.53144,0.49005,2f230842-10f9-4e90-9219-1d3edf6fc0d7,2026-03-01,21:39:14.44,2026-03-01T15:39:14.4475136-06:00,2026-03-01T21:39:14.4475136Z,LineDrive,v3,471594,southernindiana,dbd82bf8479745649ba7c646edcecf86,"Millard, William",10059244,Right,ALA_LIO,558dedea-0712-4f6e-8ace-52b551b79434,54.92159,-126.42328,11.98174,5.53753,-1.94216,-11.95624,-2.58513,9.80713,-6.18805,163.055806,2.47264,130.97804,-24.11002,5.55735,-1.15725,0.24113,-0.04532,0.00567,-0.00031,2.53234,52.75721,-12.59427,-0.38277,0.33656,-0.14844,0.04016,-0.00544,0.00029,0.49017,-32.94249,2.08212,-0.1743,0.00734,-0.00136,0.00063,-9E-05,0,,,,,,,,,,,,,,,,,,,,,,,High,High,High,High,High,,,,234.099014,4.24935,1540.192702,0.997251,1:45,-0.107562,-0.808826,-0.578128,-70.83426,46.832164,8.197992,163.715808,15.609851,0.27006,0.269085,-0.924479,16.228545,15.667816,0.269085,0.27006,0.924479,-16.228545,-15.667816,-0.269085,-0.27006,0.924479,-163.715808,-15.609851,-0.27006,-0.269085,-0.924479,,,
255,2026-03-01,15:40:02.63,5,1,"Toney, Sawyer",1000090859,Right,ALA_LIO,"Martin, Parker",10058402,Right,SOU_IND16,Undefined,7,Top,1,0,0,Slider,Splitter,BallCalled,Undefined,Undefined,Undefined,0,0,,78.80905,1.262837,-2.415823,1143.784076,257.310739,2:30,5.46839,2.72634,5.35111,-42.86577,3.56209,8.67741,3.08191,1.1823,71.44883,-6.606511,-0.875129,0.490412,,,,,,,,,,,,-5.05174,1.92272,-2.51513,50,5.55199,4.4591,-114.15385,1.06088,-6.5992,22.97826,-29.66234,ALA_LIO,SOU_IND16,MikeDLaneField,D1,ASUN,20260301-MikeDLaneField-1,34e07600-15b7-11f1-b4c9-5fb64430e846,76.85877,,,7.36022,,,,,,,2f230842-10f9-4e90-9219-1d3edf6fc0d7,2026-03-01,21:40:02.63,2026-03-01T15:40:02.6334720-06:00,2026-03-01T21:40:02.6334720Z,,v3,471594,southernindiana,dbd82bf8479745649ba7c646edcecf86,"Millard, William",10059244,Right,ALA_LIO,268b8ff0-9345-45f5-819e-3e05fa47d35f,55.14394,-115.18463,11.48913,5.47456,2.3915,-14.83117,-2.7218,4.75513,-3.2996,,,,,,,,,,,,,,,,,,,,,,,,,,,,,,,,,,,,,,,,,,,,,,,,,,,High,High,High,,,,,,251.021291,44.053701,822.024361,0.718688,2:15,-0.719362,-0.664131,-0.203588,-38.624262,-25.236563,14.187397,99.785696,28.659946,0.864715,0.47961,-0.14914,72.726368,59.850134,0.47961,0.864715,0.14914,-72.726368,-59.850134,-0.47961,-0.864715,0.14914,-99.785696,-28.659946,-0.864715,-0.47961,-0.14914,,,
256,2026-03-01,15:40:18.89,5,2,"Toney, Sawyer",1000090859,Right,ALA_LIO,"Martin, Parker",10058402,Right,SOU_IND16,Undefined,7,Top,1,1,0,Slider,Changeup,StrikeCalled,Undefined,Undefined,Undefined,0,0,,80.42576,0.401806,-2.925061,1282.771525,246.846935,2:15,5.57476,2.69349,5.36061,-38.24435,6.11469,10.8417,2.76502,0.85164,73.2717,-6.620559,-1.000367,0.479361,,,,,,,,,,,,-6.26359,3.41351,-2.43846,50,5.58398,5.5063,-116.54392,-0.48794,-8.57205,22.91645,-27.50249,ALA_LIO,SOU_IND16,MikeDLaneField,D1,ASUN,20260301-MikeDLaneField-1,3e6dfcb0-15b7-11f1-b4c9-5fb64430e846,78.63062,,,7.15406,,,,,,,2f230842-10f9-4e90-9219-1d3edf6fc0d7,2026-03-01,21:40:18.89,2026-03-01T15:40:18.8927488-06:00,2026-03-01T21:40:18.8927488Z,,v3,471594,southernindiana,dbd82bf8479745649ba7c646edcecf86,"Millard, William",10059244,Right,ALA_LIO,44511807-26cf-4a8a-ab2c-8fc6a18835ed,55.13552,-117.5494,11.45822,5.57891,0.71875,-13.75124,-2.68831,5.88241,-4.28603,,,,,,,,,,,,,,,,,,,,,,,,,,,,,,,,,,,,,,,,,,,,,,,,,,,High,High,High,,,,,,246.201343,37.597598,1016.359406,0.792315,2:15,-0.630694,-0.720648,-0.287909,-62.904408,-43.413518,28.903547,96.986664,30.892326,0.851762,0.513426,-0.104382,78.508125,58.403791,0.513426,0.851762,0.104382,-78.508125,-58.403791,-0.513426,-0.851762,0.104382,-96.986664,-30.892326,-0.851762,-0.513426,-0.104382,,,
257,2026-03-01,15:40:38.64,5,3,"Toney, Sawyer",1000090859,Right,ALA_LIO,"Martin, Parker",10058402,Right,SOU_IND16,Undefined,7,Top,1,1,1,Splitter,Changeup,StrikeCalled,Undefined,Undefined,Undefined,0,0,,79.15111,0.137888,-2.726435,1353.078851,285.930101,3:30,5.47143,2.71328,5.3958,-45.73188,-0.62224,6.72489,1.78981,0.71675,73.3328,-8.166757,-1.530398,0.483399,,,,,,,,,,,,-4.06882,0.07362,-2.47477,50,5.45152,5.20639,-114.92733,-1.29933,-5.48838,19.5982,-32.07475,ALA_LIO,SOU_IND16,MikeDLaneField,D1,ASUN,20260301-MikeDLaneField-1,4a3a28c0-15b7-11f1-b4c9-5fb64430e846,77.97372,,,5.81831,,,,,,,2f230842-10f9-4e90-9219-1d3edf6fc0d7,2026-03-01,21:40:38.64,2026-03-01T15:40:38.6452480-06:00,2026-03-01T21:40:38.6452480Z,,v3,471594,southernindiana,dbd82bf8479745649ba7c646edcecf86,"Millard, William",10059244,Right,ALA_LIO,bcf157f4-6346-43af-a420-2cdc2fb6f71b,55.10365,-115.79437,9.7991,5.47762,0.11968,-16.03738,-2.71048,5.4492,-2.74419,,,,,,,,,,,,,,,,,,,,,,,,,,,,,,,,,,,,,,,,,,,,,,,,,,,High,High,High,,,,,,246.941898,31.39471,1154.986614,0.853599,2:15,-0.538131,-0.784147,-0.309077,-55.638838,-54.681253,35.691986,94.055196,50.288517,0.637322,0.769272,-0.045183,86.638612,39.592445,0.769272,0.637322,0.045183,-86.638612,-39.592445,-0.769272,-0.637322,0.045183,-94.055196,-50.288517,-0.637322,-0.769272,-0.045183,,,
258,2026-03-01,15:40:59.34,5,4,"Toney, Sawyer",1000090859,Right,ALA_LIO,"Martin, Parker",10058402,Right,SOU_IND16,Undefined,7,Top,1,1,2,Fastball,Changeup,StrikeSwinging,Strikeout,Undefined,Undefined,0,0,,87.82368,0.014532,-4.037452,1830.602179,225.41101,1:30,5.47677,2.72449,5.44237,-20.13371,16.87891,15.90107,3.8126,0.26301,79.91292,-3.769171,-1.217188,0.437871,,,,,,,,,,,,-9.08847,8.83268,-2.37828,50,5.46447,8.26762,-127.19253,-0.61845,-14.88029,26.22319,-17.71255,ALA_LIO,SOU_IND16,MikeDLaneField,D1,ASUN,20260301-MikeDLaneField-1,56894070-15b7-11f1-b4c9-5fb64430e846,86.08112,,,7.91076,,,,,,,2f230842-10f9-4e90-9219-1d3edf6fc0d7,2026-03-01,21:40:59.34,2026-03-01T15:40:59.3434624-06:00,2026-03-01T21:40:59.3434624Z,,v3,471594,southernindiana,dbd82bf8479745649ba7c646edcecf86,"Millard, William",10059244,Right,ALA_LIO,fa433571-ed14-4a98-9e09-04c4f58a3f4d,55.05435,-128.23035,13.1116,5.47507,0.08255,-8.85627,-2.71713,8.85652,-7.44014,,,,,,,,,,,,,,,,,,,,,,,,,,,,,,,,,,,,,,,,,,,,,,,,,,,High,High,High,,,,,,232.331333,-5.675988,1821.626931,0.995097,1:45,0.055643,-0.787702,-0.613538,-58.730151,-2.042561,2.577414,179.810513,-6.633986,0.003285,-0.115526,-0.993299,6.634022,-0.188219,0.115526,-0.003285,0.993299,-6.634022,0.188219,-0.115526,0.003285,0.993299,-179.810513,6.633986,-0.003285,0.115526,-0.993299,,,
259,2026-03-01,15:41:30.56,6,1,"Toney, Sawyer",1000090859,Right,ALA_LIO,"Foster, Noah",1000316160,Right,SOU_IND16,Undefined,7,Top,2,0,0,Splitter,Splitter,BallCalled,Undefined,Undefined,Undefined,0,0,,80.26431,0.072784,-5.009414,1081.992457,266.82025,3:00,5.59523,2.5108,5.62431,-42.16246,1.71984,7.08142,2.14987,-1.5855,73.95869,-7.626092,-3.751311,0.476778,,,,,,,,,,,,-4.91658,1.26819,-2.08755,50,5.57433,9.90966,-116.2135,-1.25919,-6.75475,20.84035,-30.43174,ALA_LIO,SOU_IND16,MikeDLaneField,D1,ASUN,20260301-MikeDLaneField-1,6945da20-15b7-11f1-b4c9-5fb64430e846,79.05659,,,6.30562,,,,,,,2f230842-10f9-4e90-9219-1d3edf6fc0d7,2026-03-01,21:41:30.56,2026-03-01T15:41:30.5650688-06:00,2026-03-01T21:41:30.5650688Z,,v3,471594,southernindiana,dbd82bf8479745649ba7c646edcecf86,"Millard, William",10059244,Right,ALA_LIO,b6411557-be7f-41ad-924d-a010fcd491f2,54.87441,-117.08435,10.42018,5.60038,0.01246,-15.21587,-2.50754,10.19192,-3.37738,,,,,,,,,,,,,,,,,,,,,,,,,,,,,,,,,,,,,,,,,,,,,,,,,,,High,High,High,,,,,,247.177715,26.72992,966.367101,0.893137,2:15,-0.479358,-0.822643,-0.305735,-21.30199,-50.158352,22.695894,102.704019,46.170059,0.675567,0.721398,-0.152295,78.079254,42.498176,0.721398,0.675567,0.152295,-78.079254,-42.498176,-0.721398,-0.675567,0.152295,-102.704019,-46.170059,-0.675567,-0.721398,-0.152295,,,
260,2026-03-01,15:41:49.18,6,2,"Toney, Sawyer",1000090859,Right,ALA_LIO,"Foster, Noah",1000316160,Right,SOU_IND16,Undefined,7,Top,2,1,0,Slider,Splitter,StrikeCalled,Undefined,Undefined,Undefined,0,0,,79.40497,0.874336,-2.803765,1091.554731,256.841306,2:30,5.79266,2.47707,5.35246,-41.98006,4.01756,10.01402,3.1154,0.67988,71.62868,-6.84588,-1.025959,0.488134,,,,,,,,,,,,-5.87201,2.27579,-2.23188,50,5.84206,5.21032,-114.92188,0.32175,-7.73084,24.38644,-29.17781,ALA_LIO,SOU_IND16,MikeDLaneField,D1,ASUN,20260301-MikeDLaneField-1,744c9350-15b7-11f1-b4c9-5fb64430e846,77.21739,,,7.77629,,,,,,,2f230842-10f9-4e90-9219-1d3edf6fc0d7,2026-03-01,21:41:49.18,2026-03-01T15:41:49.1810304-06:00,2026-03-01T21:41:49.1810304Z,,v3,471594,southernindiana,dbd82bf8479745649ba7c646edcecf86,"Millard, William",10059244,Right,ALA_LIO,2babca08-f22e-44e4-b9b8-82230744f6bb,55.14153,-116.00778,12.19322,5.7988,1.621,-14.58891,-2.47156,5.55457,-3.86542,,,,,,,,,,,,,,,,,,,,,,,,,,,,,,,,,,,,,,,,,,,,,,,,,,,High,High,High,,,,,,242.709952,38.545954,853.714357,0.782109,2:00,-0.650458,-0.685468,-0.327167,-31.068806,-35.267562,8.913376,101.013577,35.365562,0.800456,0.578791,-0.15579,74.935072,53.173703,0.578791,0.800456,0.15579,-74.935072,-53.173703,-0.578791,-0.800456,0.15579,-101.013577,-35.365562,-0.800456,-0.578791,-0.15579,,,
261,2026-03-01,15:42:07.27,6,3,"Toney, Sawyer",1000090859,Right,ALA_LIO,"Foster, Noah",1000316160,Right,SOU_IND16,Undefined,7,Top,2,1,1,Splitter,Splitter,BallCalled,Undefined,Undefined,Undefined,0,0,,80.22206,-1.432293,-3.860295,1187.85959,251.644462,2:30,5.57942,2.60624,5.35226,-40.54683,4.22756,8.17,0.85386,-0.33892,73.31915,-8.824669,-2.410523,0.4816,,,,,,,,,,,,-5.28307,2.96591,-2.26465,50,5.42133,7.50861,-116.11351,-4.29257,-7.15982,23.2274,-28.15454,ALA_LIO,SOU_IND16,MikeDLaneField,D1,ASUN,20260301-MikeDLaneField-1,7f09e770-15b7-11f1-b4c9-5fb64430e846,78.26508,,,6.90291,,,,,,,2f230842-10f9-4e90-9219-1d3edf6fc0d7,2026-03-01,21:42:07.27,2026-03-01T15:42:07.2742400-06:00,2026-03-01T21:42:07.2742400Z,,v3,471594,southernindiana,dbd82bf8479745649ba7c646edcecf86,"Millard, William",10059244,Right,ALA_LIO,cc96c0f0-9940-420e-8017-5aa23d1e80ce,55.14576,-117.13835,11.6137,5.58332,-3.05034,-14.07727,-2.60291,7.82451,-3.57991,,,,,,,,,,,,,,,,,,,,,,,,,,,,,,,,,,,,,,,,,,,,,,,,,,,High,High,High,,,,,,244.563735,34.050665,984.192476,0.828543,2:15,-0.563779,-0.761989,-0.318632,-23.300367,-39.844017,21.433582,94.873777,55.164128,0.569162,0.820792,-0.048532,86.616138,34.691822,0.820792,0.569162,0.048532,-86.616138,-34.691822,-0.820792,-0.569162,0.048532,-94.873777,-55.164128,-0.569162,-0.820792,-0.048532,,,
262,2026-03-01,15:43:50.92,6,4,"Toney, Sawyer",1000090859,Right,ALA_LIO,"Foster, Noah",1000316160,Right,SOU_IND16,Undefined,7,Top,2,2,1,Slider,Curveball,FoulBallNotFieldable,Undefined,Undefined,Undefined,0,0,,77.77861,0.954595,-3.130516,2018.790253,163.457179,11:30,5.28019,2.64532,5.43878,-41.51274,5.61693,-1.22721,2.71608,-0.39119,71.24784,-6.653433,-3.348404,0.494104,,,,,,,,,,,,-0.2624,2.96032,-2.36731,50,5.33596,6.21375,-112.7586,0.53439,-0.33731,20.81257,-28.36888,ALA_LIO,SOU_IND16,MikeDLaneField,D1,ASUN,20260301-MikeDLaneField-1,bce886f0-15b7-11f1-b4c9-5fb64430e846,76.28439,,,6.53077,,,,,,,2f230842-10f9-4e90-9219-1d3edf6fc0d7,2026-03-01,21:43:50.92,2026-03-01T15:43:50.9214208-06:00,2026-03-01T21:43:50.9214208Z,,v3,471594,southernindiana,dbd82bf8479745649ba7c646edcecf86,"Millard, William",10059244,Right,ALA_LIO,e1230a12-0ff8-40ae-a7bf-01f7b8925f1b,55.05971,-113.68867,10.40629,5.28375,1.80213,-14.18444,-2.64532,6.22882,-0.16866,,,,,,,,,,,,,,,,,,,,,,,,,,,,,,,,,,,,,,,,,,,,,,,,,,,High,High,High,,,,,,206.219931,67.251633,780.635261,0.386685,12:45,-0.942494,-0.155456,-0.295868,-104.087006,26.894661,45.628348,146.809376,-33.579929,0.456069,-0.5531,-0.697196,38.425699,-27.133742,0.5531,-0.456069,0.697196,-38.425699,27.133742,-0.5531,0.456069,0.697196,-146.809376,33.579929,-0.456069,0.5531,-0.697196,,,
263,2026-03-01,15:44:19.35,6,5,"Toney, Sawyer",1000090859,Right,ALA_LIO,"Foster, Noah",1000316160,Right,SOU_IND16,Undefined,7,Top,2,2,2,Fastball,Changeup,StrikeSwinging,Strikeout,Undefined,Undefined,0,0,,88.29659,-1.531887,-4.654358,1896.478341,221.039309,1:15,5.62169,2.50901,5.65361,-18.20788,18.28969,14.84674,2.67062,-0.6041,80.23393,-4.982486,-2.013884,0.434814,,,,,,,,,,,,-8.81969,10.06079,-2.1234,50,5.48012,9.74657,-127.73106,-3.97547,-14.5242,27.09668,-15.60597,ALA_LIO,SOU_IND16,MikeDLaneField,D1,ASUN,20260301-MikeDLaneField-1,cdc90da0-15b7-11f1-b4c9-5fb64430e846,86.68636,,,8.06265,,,,,,,2f230842-10f9-4e90-9219-1d3edf6fc0d7,2026-03-01,21:44:19.35,2026-03-01T15:44:19.3577984-06:00,2026-03-01T21:44:19.3577984Z,,v3,471594,southernindiana,dbd82bf8479745649ba7c646edcecf86,"Millard, William",10059244,Right,ALA_LIO,17adddc8-e483-4724-9a58-c9c1a4ea1fc7,54.8426,-128.75426,13.54834,5.61911,-3.38617,-7.80299,-2.5018,10.29502,-7.2621,,,,,,,,,,,,,,,,,,,,,,,,,,,,,,,,,,,,,,,,,,,,,,,,,,,High,High,High,,,,,,229.043883,-0.762161,1896.310553,0.999912,1:45,-0.01981,-0.75452,-0.655979,-57.595533,6.073679,-1.77359,175.848456,8.4452,0.07161,0.146863,-0.986561,8.467096,4.10645,0.146863,0.07161,0.986561,-8.467096,-4.10645,-0.146863,-0.07161,0.986561,-175.848456,-8.4452,-0.07161,-0.146863,-0.986561,,,
264,2026-03-01,15:47:15.73,1,1,"Welch, Tyler",1000277316,Right,SOU_IND16,"Sheffield, Cayden",815545,Right,ALA_LIO,Undefined,7,Bottom,0,0,0,Fastball,Slider,StrikeCalled,Undefined,Undefined,Undefined,0,0,,86.59667,-0.915889,-3.091575,2112.236007,220.696675,1:15,6.04644,1.73229,5.4541,-32.82151,5.32449,3.49299,2.45262,-0.87348,78.9986,-6.940396,-2.470527,0.444525,,,,,,,,,,,,-2.65882,3.34189,-1.46189,50,5.94324,6.62422,-125.47242,-3.19743,-4.21709,26.59055,-26.87355,ALA_LIO,SOU_IND16,MikeDLaneField,D1,ASUN,20260301-MikeDLaneField-1,36e2e040-15b8-11f1-b4c9-5fb64430e846,84.79265,,,7.59807,,,,,,,2f230842-10f9-4e90-9219-1d3edf6fc0d7,2026-03-01,21:47:15.73,2026-03-01T15:47:15.7382144-06:00,2026-03-01T21:47:15.7382144Z,,v3,471594,southernindiana,dbd82bf8479745649ba7c646edcecf86,"Wall, Micajah",1000131896,Right,SOU_IND16,cca49a1e-643e-4ff7-8aca-1e989bf62e8e,55.04214,-126.53645,13.29528,6.04967,-2.12207,-13.43678,-1.73034,6.79297,-2.10855,,,,,,,,,,,,,,,,,,,,,,,,,,,,,,,,,,,,,,,,,,,,,,,,,,,High,High,High,,,,,,244.45174,52.585169,1283.355412,0.607581,2:15,-0.798382,-0.560799,-0.219293,70.350474,13.690506,74.721964,136.644132,9.1254,0.677839,0.158596,-0.717901,12.457464,42.674981,0.158596,0.677839,0.717901,-12.457464,-42.674981,-0.158596,-0.677839,0.717901,-136.644132,-9.1254,-0.677839,-0.158596,-0.717901,,,
265,2026-03-01,15:47:29.37,1,2,"Welch, Tyler",1000277316,Right,SOU_IND16,"Sheffield, Cayden",815545,Right,ALA_LIO,Undefined,7,Bottom,0,0,1,Fastball,Slider,FoulBallNotFieldable,Undefined,Undefined,Undefined,0,0,,84.69076,-1.615216,-1.955293,2535.521927,237.274446,2:00,5.82554,1.83552,5.36712,-37.7399,2.34146,1.53563,1.1648,0.12945,77.31281,-8.498697,-1.681992,0.455662,,,,,,,,,,,,-1.37327,2.01929,-1.66125,50,5.65369,4.12692,-122.76775,-4.82566,-2.0769,26.35914,-29.12014,ALA_LIO,SOU_IND16,MikeDLaneField,D1,ASUN,20260301-MikeDLaneField-1,3f06c4d0-15b8-11f1-b4c9-5fb64430e846,82.72022,,,7.37796,,,,,,,2f230842-10f9-4e90-9219-1d3edf6fc0d7,2026-03-01,21:47:29.37,2026-03-01T15:47:29.3770752-06:00,2026-03-01T21:47:29.3770752Z,,v3,471594,southernindiana,dbd82bf8479745649ba7c646edcecf86,"Wall, Micajah",1000131896,Right,SOU_IND16,24fa272e-61ea-4b20-ab08-8b80946c3b3b,55.13109,-123.86453,13.17957,5.82928,-3.614,-14.56007,-1.83476,4.21334,-1.03845,,,,,,,,,,,,,,,,,,,,,,,,,,,,,,,,,,,,,,,,,,,,,,,,,,,High,High,High,,,,,,255.616365,72.589829,758.653992,0.29921,2:30,-0.947624,-0.316612,-0.04202,62.455947,-31.619631,10.574091,133.399691,-59.867744,0.364741,-0.864869,-0.344914,68.25762,-21.391625,0.864869,-0.364741,0.344914,-68.25762,21.391625,-0.864869,0.364741,0.344914,-133.399691,59.867744,-0.364741,0.864869,-0.344914,,,
266,2026-03-01,15:47:51.65,1,3,"Welch, Tyler",1000277316,Right,SOU_IND16,"Sheffield, Cayden",815545,Right,ALA_LIO,Undefined,7,Bottom,0,0,2,Fastball,Slider,FoulBallNotFieldable,Undefined,Undefined,Undefined,0,0,,85.63504,-0.111303,-2.555166,2443.535498,5.341642,6:15,5.77601,1.90914,4.92948,-39.3627,1.23134,-0.03445,2.39047,-0.51063,76.5715,-7.291342,-2.56124,0.458567,84.49572,49.227552,35.810894,4876.256117,79.81755,105.52176,75.69102,257.85096,108.24359,50.014457,5.536827,-0.89665,1.08492,-1.66027,50,5.73284,5.5244,-123.75871,-1.77159,-1.35317,30.89899,-30.53676,ALA_LIO,SOU_IND16,MikeDLaneField,D1,ASUN,20260301-MikeDLaneField-1,4c467e10-15b8-11f1-b4c9-5fb64430e846,82.1962,115.44662,,9.06354,,,,1.82844,2.44299,0.49221,2f230842-10f9-4e90-9219-1d3edf6fc0d7,2026-03-01,21:47:51.65,2026-03-01T15:47:51.6517888-06:00,2026-03-01T21:47:51.6517888Z,FlyBall,v3,471594,southernindiana,dbd82bf8479745649ba7c646edcecf86,"Wall, Micajah",1000131896,Right,SOU_IND16,b1494b7c-6636-4220-99e1-02b7356a50a5,55.56494,-125.1404,15.44949,5.78153,-0.4061,-15.26838,-1.90866,5.58491,-0.67658,,1.83843,65.41794,-17.99627,3.44737,0.34496,-0.43681,0.11871,-0.01434,0.00066,2.43351,94.00798,-23.72717,2.81706,-0.77564,0.16873,-0.01758,0.00023,5E-05,0.49105,47.37277,-3.70714,0.45749,-0.07712,0.02236,-0.0044,0.00041,-1E-05,,,,,,,,,,,,,,,,,,,,,,,High,High,High,Medium,Low,,,,249.298353,75.771608,600.591099,0.245788,2:15,-0.971785,-0.231801,-0.043606,0.845272,40.630052,78.343633,137.643845,-64.159966,0.293655,-0.900014,-0.322088,70.309244,-17.076909,0.900014,-0.293655,0.322088,-70.309244,17.076909,-0.900014,0.293655,0.322088,-137.643845,64.159966,-0.293655,0.900014,-0.322088,,,
267,2026-03-01,15:48:22.62,1,4,"Welch, Tyler",1000277316,Right,SOU_IND16,"Sheffield, Cayden",815545,Right,ALA_LIO,Undefined,7,Bottom,0,0,2,Slider,Slider,BallCalled,Undefined,Undefined,Undefined,0,0,,80.54616,-0.501858,-3.25601,2661.506795,56.115482,7:45,5.91586,1.72849,4.96777,-46.80388,-0.98532,-4.10492,1.54071,-1.69251,72.45646,-8.989373,-3.979548,0.487183,,,,,,,,,,,,0.87543,0.20327,-1.4099,50,5.8293,6.79664,-116.36278,-2.74388,1.1695,27.05755,-31.90249,ALA_LIO,SOU_IND16,MikeDLaneField,D1,ASUN,20260301-MikeDLaneField-1,5efb4f90-15b8-11f1-b4c9-5fb64430e846,77.36812,,,8.08969,,,,,,,2f230842-10f9-4e90-9219-1d3edf6fc0d7,2026-03-01,21:48:22.62,2026-03-01T15:48:22.6225664-06:00,2026-03-01T21:48:22.6225664Z,,v3,471594,southernindiana,dbd82bf8479745649ba7c646edcecf86,"Wall, Micajah",1000131896,Right,SOU_IND16,288bb755-5ed5-4ef9-848f-a1372fec2c5e,55.52695,-117.64093,13.52878,5.92333,-1.23686,-15.95124,-1.72966,6.7414,0.58475,,,,,,,,,,,,,,,,,,,,,,,,,,,,,,,,,,,,,,,,,,,,,,,,,,,High,High,High,,,,,,324.303101,73.703963,746.819649,0.2806,4:45,-0.943864,-0.17213,0.281944,36.089232,14.611631,-56.323318,137.43405,26.046239,0.607739,0.439096,-0.6617,33.567771,37.426219,0.439096,0.607739,0.6617,-33.567771,-37.426219,-0.439096,-0.607739,0.6617,-137.43405,-26.046239,-0.607739,-0.439096,-0.6617,,,
268,2026-03-01,15:48:38.35,1,5,"Welch, Tyler",1000277316,Right,SOU_IND16,"Sheffield, Cayden",815545,Right,ALA_LIO,Undefined,7,Bottom,0,1,2,Fastball,Slider,BallCalled,Undefined,Undefined,Undefined,0,0,,84.22987,-0.635862,-3.112458,2509.308882,3.861484,6:15,5.82884,1.94973,5.10882,-42.85254,-2.06658,-0.22811,1.65782,-1.00451,77.20536,-8.382877,-3.152786,0.45965,,,,,,,,,,,,-0.78811,-0.45921,-1.65609,50,5.73532,6.64605,-122.04107,-2.98833,-1.18387,24.9117,-32.86386,ALA_LIO,SOU_IND16,MikeDLaneField,D1,ASUN,20260301-MikeDLaneField-1,68258090-15b8-11f1-b4c9-5fb64430e846,82.00255,,,7.02452,,,,,,,2f230842-10f9-4e90-9219-1d3edf6fc0d7,2026-03-01,21:48:38.35,2026-03-01T15:48:38.3571456-06:00,2026-03-01T21:48:38.3571456Z,,v3,471594,southernindiana,dbd82bf8479745649ba7c646edcecf86,"Wall, Micajah",1000131896,Right,SOU_IND16,6e672f57-a28a-429d-a6f9-eab364f5a42d,55.38944,-123.13628,12.45585,5.83494,-1.54351,-16.43193,-1.94942,6.6981,-0.59193,,,,,,,,,,,,,,,,,,,,,,,,,,,,,,,,,,,,,,,,,,,,,,,,,,,High,High,High,,,,,,250.748057,79.237882,468.567824,0.186732,2:15,-0.982291,-0.187181,-0.008247,103.630551,-14.47251,-6.527484,128.683649,-67.896706,0.293726,-0.926507,-0.235181,75.757079,-17.081132,0.926507,-0.293726,0.235181,-75.757079,17.081132,-0.926507,0.293726,0.235181,-128.683649,67.896706,-0.293726,0.926507,-0.235181,,,
269,2026-03-01,15:48:57.64,1,6,"Welch, Tyler",1000277316,Right,SOU_IND16,"Sheffield, Cayden",815545,Right,ALA_LIO,Undefined,7,Bottom,0,2,2,Slider,Slider,BallCalled,Undefined,Undefined,Undefined,0,0,,81.88927,-1.483554,-2.501172,2690.039823,119.673884,10:00,5.95869,1.73645,4.92845,-42.32597,1.84252,-0.31095,1.02751,-0.65527,73.95411,-9.156945,-2.556045,0.47833,,,,,,,,,,,,-0.69913,1.8452,-1.49256,50,5.77916,5.18552,-118.40552,-4.63697,-0.97113,27.15238,-29.61096,ALA_LIO,SOU_IND16,MikeDLaneField,D1,ASUN,20260301-MikeDLaneField-1,7399efb0-15b8-11f1-b4c9-5fb64430e846,78.80007,,,7.93516,,,,,,,2f230842-10f9-4e90-9219-1d3edf6fc0d7,2026-03-01,21:48:57.64,2026-03-01T15:48:57.6463360-06:00,2026-03-01T21:48:57.6463360Z,,v3,471594,southernindiana,dbd82bf8479745649ba7c646edcecf86,"Wall, Micajah",1000131896,Right,SOU_IND16,343e9b2d-d437-4ffc-a9af-a1b0246cee9e,55.56776,-119.67548,13.57619,5.96365,-3.25201,-14.80548,-1.73615,5.23094,-0.48556,,,,,,,,,,,,,,,,,,,,,,,,,,,,,,,,,,,,,,,,,,,,,,,,,,,High,High,High,,,,,,310.854122,80.305155,453.004591,0.168401,4:15,-0.976348,-0.152852,0.15291,46.226392,24.271258,-54.842082,133.644731,27.481769,0.641977,0.461466,-0.612303,37.003771,39.939384,0.461466,0.641977,0.612303,-37.003771,-39.939384,-0.461466,-0.641977,0.612303,-133.644731,-27.481769,-0.641977,-0.461466,-0.612303,,,
270,2026-03-01,15:49:15.28,1,7,"Welch, Tyler",1000277316,Right,SOU_IND16,"Sheffield, Cayden",815545,Right,ALA_LIO,Undefined,7,Bottom,0,3,2,Fastball,Slider,InPlay,Undefined,GroundBall,Out,1,0,,83.67603,-0.976337,-2.43915,2400.727905,229.207943,1:45,5.79885,1.91369,5.40202,-38.24927,3.0711,1.82744,1.69565,-0.22092,75.7452,-7.988394,-2.114039,0.462651,102.79834,0.355201,-17.3568,1728.232415,,,,48.92306,47.50262,-16.859235,0.321054,-1.725,2.24945,-1.69764,50,5.68507,5.08636,-121.19019,-3.41708,-2.52215,27.41388,-28.88509,ALA_LIO,SOU_IND16,MikeDLaneField,D1,ASUN,20260301-MikeDLaneField-1,7e305ae0-15b8-11f1-b4c9-5fb64430e846,81.4706,1.94571,,7.93083,,,,2.84798,1.93612,0.16707,2f230842-10f9-4e90-9219-1d3edf6fc0d7,2026-03-01,21:49:15.28,2026-03-01T15:49:15.2882176-06:00,2026-03-01T21:49:15.2882176Z,GroundBall,v3,471594,southernindiana,dbd82bf8479745649ba7c646edcecf86,"Wall, Micajah",1000131896,Right,SOU_IND16,8c868ca5-781e-432d-9713-ac6447be4e32,55.09508,-122.3373,13.70694,5.80276,-2.20841,-14.44255,-1.91269,5.19189,-1.26107,44.953653,2.853,143.69447,-21.06414,,,,,,,1.94065,0.74654,-21.19529,,,,,,,0.16793,-45.01316,0.91385,,,,,,,,,,,,,,,,,,,,,,,,,,,,,High,High,High,High,High,,,,248.221609,71.824363,748.861312,0.311931,2:15,-0.9491,-0.305814,-0.075408,98.480832,-16.295385,-3.268292,143.839048,-66.036638,0.239652,-0.913805,-0.327912,70.259853,-13.866031,0.913805,-0.239652,0.327912,-70.259853,13.866031,-0.913805,0.239652,0.327912,-143.839048,66.036638,-0.239652,0.913805,-0.327912,,,
271,2026-03-01,15:49:48.24,2,1,"Welch, Tyler",1000277316,Right,SOU_IND16,"Westmoreland, Jackson",1000147983,Right,ALA_LIO,Undefined,7,Bottom,1,0,0,Fastball,Slider,BallCalled,Undefined,Undefined,Undefined,0,0,,86.21849,-1.034108,-4.15334,2187.680487,200.528122,12:45,5.90578,1.74779,5.54253,-32.02813,6.52591,1.95303,2.26769,-1.97782,78.44823,-6.927696,-3.806354,0.446896,,,,,,,,,,,,-2.23795,4.00945,-1.3887,50,5.79496,8.97488,-124.74958,-3.38571,-3.49817,26.99219,-25.90683,ALA_LIO,SOU_IND16,MikeDLaneField,D1,ASUN,20260301-MikeDLaneField-1,91cb6db0-15b8-11f1-b4c9-5fb64430e846,84.34281,,,7.77025,,,,,,,2f230842-10f9-4e90-9219-1d3edf6fc0d7,2026-03-01,21:49:48.24,2026-03-01T15:49:48.2472960-06:00,2026-03-01T21:49:48.2472960Z,,v3,471594,southernindiana,dbd82bf8479745649ba7c646edcecf86,"Wall, Micajah",1000131896,Right,SOU_IND16,3ded94f1-bb5c-4e83-aef0-56a62fcfa1b0,54.95328,-125.81676,13.49609,5.90857,-2.36144,-12.95342,-1.74627,9.11318,-1.74908,,,,,,,,,,,,,,,,,,,,,,,,,,,,,,,,,,,,,,,,,,,,,,,,,,,High,High,High,,,,,,240.812846,51.058636,1375.011297,0.628525,2:00,-0.787943,-0.56267,-0.250098,53.722244,8.179329,86.919883,145.127178,-10.310718,0.562524,-0.178986,-0.807175,12.502703,-34.230516,0.178986,-0.562524,0.807175,-12.502703,34.230516,-0.178986,0.562524,0.807175,-145.127178,10.310718,-0.562524,0.178986,-0.807175,,,
272,2026-03-01,15:50:03.32,2,2,"Welch, Tyler",1000277316,Right,SOU_IND16,"Westmoreland, Jackson",1000147983,Right,ALA_LIO,Undefined,7,Bottom,1,1,0,Fastball,Slider,InPlay,Undefined,GroundBall,Out,1,0,,83.15278,-1.140971,-2.196093,2426.942073,345.16467,5:30,5.76319,2.04986,4.89151,-41.53124,1.23287,0.09209,1.22204,-0.02083,75.17309,-8.668463,-2.179853,0.470664,45.88129,-50.249859,15.309648,,,,,3.92609,3.92609,4.125515,0.027432,-0.77819,1.4076,-1.83465,50,5.61653,4.60909,-120.29761,-3.97427,-1.11876,27.46223,-30.15046,ALA_LIO,SOU_IND16,MikeDLaneField,D1,ASUN,20260301-MikeDLaneField-1,9ace8eb0-15b8-11f1-b4c9-5fb64430e846,80.08348,1.42629,,7.97969,,,,2.77178,1.42629,-0.03076,2f230842-10f9-4e90-9219-1d3edf6fc0d7,2026-03-01,21:50:03.32,2026-03-01T15:50:03.3244672-06:00,2026-03-01T21:50:03.3244672Z,GroundBall,v3,471594,southernindiana,dbd82bf8479745649ba7c646edcecf86,"Wall, Micajah",1000131896,Right,SOU_IND16,89ffbdc8-09a7-4063-b7e4-c97a3649a24a,55.60475,-121.57036,13.73111,5.76834,-2.57693,-15.07523,-2.04946,4.66094,-0.55938,,2.77088,41.70769,,,,,,,,1.42741,-51.99287,,,,,,,,-0.03101,11.41748,,,,,,,,,,,,,,,,,,,,,,,,,,,,,,High,High,High,Estimated,Estimated,,,,252.108974,76.920417,549.227227,0.226304,2:30,-0.971527,-0.234714,-0.032318,0.810309,43.483777,81.051906,139.485664,-66.780795,0.25612,-0.919003,-0.299726,71.936655,-14.839953,0.919003,-0.25612,0.299726,-71.936655,14.839953,-0.919003,0.25612,0.299726,-139.485664,66.780795,-0.25612,0.919003,-0.299726,,,
273,2026-03-01,15:50:38.79,3,1,"Welch, Tyler",1000277316,Right,SOU_IND16,"Wade, Alex",1000138908,Right,ALA_LIO,Undefined,7,Bottom,2,0,0,Slider,Slider,InPlay,Undefined,FlyBall,HomeRun,0,1,,81.36151,0.898674,-1.819129,2677.456516,40.764755,7:15,5.96023,1.81572,4.9133,-44.98467,-0.66059,-1.90232,3.06175,-0.06345,73.77325,-7.263661,-2.154448,0.479172,99.20346,29.146987,-13.382693,2038.227439,106.66189,58.17821,-26.89277,382.65178,382.65178,-17.099345,5.087723,0.3722,-0.21661,-1.6364,50,6.01034,3.82431,-117.84461,0.17199,0.51674,25.05565,-32.4748,ALA_LIO,SOU_IND16,MikeDLaneField,D1,ASUN,20260301-MikeDLaneField-1,aff41210-15b8-11f1-b4c9-5fb64430e846,78.66164,85.51237,,7.58826,,,,1.94212,3.15466,0.04501,2f230842-10f9-4e90-9219-1d3edf6fc0d7,2026-03-01,21:50:38.79,2026-03-01T15:50:38.7928576-06:00,2026-03-01T21:50:38.7928576Z,FlyBall,v3,471594,southernindiana,dbd82bf8479745649ba7c646edcecf86,"Wall, Micajah",1000131896,Right,SOU_IND16,86374f5a-d798-4ccd-ba0c-37bfbb5ee0bb,55.58439,-119.02601,12.52783,5.96613,1.70323,-16.2374,-1.81615,3.79995,0.25837,168.876674,1.94182,123.63713,-24.11865,5.88523,-1.30923,0.27164,-0.04586,0.00493,-0.00023,3.15685,70.80754,-16.4751,0.37404,0.24487,-0.13527,0.03374,-0.00409,0.00019,0.04509,-29.41342,3.1517,-0.68152,0.14136,-0.0315,0.00608,-0.00072,4E-05,,,,,,,,,,,,,,,,,,,,,,,High,High,High,High,High,,,,316.287042,80.673664,433.901687,0.162057,4:30,-0.9842,-0.096498,0.148455,46.282347,34.921668,-60.471225,129.489295,24.429698,0.702649,0.413576,-0.578998,35.538074,44.639904,0.413576,0.702649,0.578998,-35.538074,-44.639904,-0.413576,-0.702649,0.578998,-129.489295,-24.429698,-0.702649,-0.413576,-0.578998,,,
274,2026-03-01,15:51:21.59,4,1,"Welch, Tyler",1000277316,Right,SOU_IND16,"LePage, Tyler",1000222448,Left,ALA_LIO,Undefined,7,Bottom,2,0,0,Fastball,Slider,StrikeCalled,Undefined,Undefined,Undefined,0,0,,87.65241,0.420361,-2.269715,2242.585015,221.296894,1:30,5.84107,2.02753,5.37451,-31.35836,6.01303,4.17551,3.62228,0.24653,79.56465,-5.35763,-1.528112,0.439988,,,,,,,,,,,,-2.76295,3.28118,-1.82718,50,5.85684,4.84724,-127.04413,-0.22344,-4.4833,27.76873,-26.84982,ALA_LIO,SOU_IND16,MikeDLaneField,D1,ASUN,20260301-MikeDLaneField-1,c9748b20-15b8-11f1-b4c9-5fb64430e846,85.66694,,,8.08776,,,,,,,2f230842-10f9-4e90-9219-1d3edf6fc0d7,2026-03-01,21:51:21.59,2026-03-01T15:51:21.5981568-06:00,2026-03-01T21:51:21.5981568Z,,v3,471594,southernindiana,dbd82bf8479745649ba7c646edcecf86,"Wall, Micajah",1000131896,Right,SOU_IND16,b50fbdc6-e350-4440-9490-72ec477c22f3,55.12098,-128.15856,13.88437,5.84419,0.85412,-13.42491,-2.02532,5.02717,-2.24165,,,,,,,,,,,,,,,,,,,,,,,,,,,,,,,,,,,,,,,,,,,,,,,,,,,High,High,High,,,,,,243.197904,52.158573,1375.777034,0.613478,2:00,-0.80404,-0.541763,-0.244973,56.466903,24.432492,82.824717,151.32538,0.17553,0.479833,0.003064,-0.877355,0.200067,28.674473,0.003064,0.479833,0.877355,-0.200067,-28.674473,-0.003064,-0.479833,0.877355,-151.32538,-0.17553,-0.479833,-0.003064,-0.877355,,,
275,2026-03-01,15:51:37.54,4,2,"Welch, Tyler",1000277316,Right,SOU_IND16,"LePage, Tyler",1000222448,Left,ALA_LIO,Undefined,7,Bottom,2,0,1,Slider,Slider,StrikeCalled,Undefined,Undefined,Undefined,0,0,,84.05193,-0.15755,-1.352281,2461.291282,301.492405,4:00,5.68388,2.10775,4.88244,-40.86057,0.84752,1.07937,2.12974,0.91809,75.98048,-7.578659,-1.161937,0.464817,,,,,,,,,,,,-0.9641,0.95898,-1.97595,50,5.6344,2.82271,-121.67936,-1.92743,-1.42323,27.29831,-30.75837,ALA_LIO,SOU_IND16,MikeDLaneField,D1,ASUN,20260301-MikeDLaneField-1,d2f42f20-15b8-11f1-b4c9-5fb64430e846,81.09101,,,8.07145,,,,,,,2f230842-10f9-4e90-9219-1d3edf6fc0d7,2026-03-01,21:51:37.54,2026-03-01T15:51:37.5413248-06:00,2026-03-01T21:51:37.5413248Z,,v3,471594,southernindiana,dbd82bf8479745649ba7c646edcecf86,"Wall, Micajah",1000131896,Right,SOU_IND16,f6f22040-8e2e-4b97-8e1b-6dd09f00a698,55.61181,-122.9319,13.64915,5.69046,-0.51613,-15.37919,-2.10697,2.88802,-0.71161,,,,,,,,,,,,,,,,,,,,,,,,,,,,,,,,,,,,,,,,,,,,,,,,,,,High,High,High,,,,,,248.038548,75.388056,620.9126,0.252271,2:15,-0.968967,-0.236625,-0.071498,125.559595,-15.66824,14.654879,97.529777,-8.827158,0.979635,-0.153454,-0.129489,49.841311,-78.416976,0.153454,-0.979635,0.129489,-49.841311,78.416976,-0.153454,0.979635,0.129489,-97.529777,8.827158,-0.979635,0.153454,-0.129489,,,
276,2026-03-01,15:51:56.00,4,3,"Welch, Tyler",1000277316,Right,SOU_IND16,"LePage, Tyler",1000222448,Left,ALA_LIO,Undefined,7,Bottom,2,0,2,Fastball,Splitter,InPlay,Undefined,GroundBall,Single,0,0,,85.98921,-1.309147,-2.361788,1579.868944,262.274077,2:45,5.58468,2.0962,5.07773,-37.7425,2.24858,5.01717,1.2041,0.28664,77.1045,-8.202566,-1.474112,0.455148,88.76999,5.095343,3.864694,4139.048639,,,,105.38649,104.13476,2.959625,0.907461,-3.34717,1.98311,-1.87656,50,5.43101,4.90303,-124.32518,-4.27772,-5.10165,31.00645,-29.15144,ALA_LIO,SOU_IND16,MikeDLaneField,D1,ASUN,20260301-MikeDLaneField-1,ddf0af20-15b8-11f1-b4c9-5fb64430e846,82.81352,3.43451,,8.88471,,,,1.22185,1.14039,-0.26589,2f230842-10f9-4e90-9219-1d3edf6fc0d7,2026-03-01,21:51:56.00,2026-03-01T15:51:56.0092160-06:00,2026-03-01T21:51:56.0092160Z,GroundBall,v3,471594,southernindiana,dbd82bf8479745649ba7c646edcecf86,"Wall, Micajah",1000131896,Right,SOU_IND16,80e84d06-065a-4667-88a8-277f41688767,55.41787,-125.66913,15.50323,5.58904,-3.01418,-14.57572,-2.09386,5.12416,-2.55082,143.955341,1.31867,127.92283,-14.86945,,,,,,,1.16835,11.14677,-13.73403,,,,,,,-0.24528,8.42738,-2.40346,,,,,,,,,,,,,,,,,,,,,,,,,,,,,High,High,High,High,High,,,,249.711083,47.91142,1058.952526,0.670279,2:15,-0.736511,-0.645483,-0.202243,26.391369,2.735168,-53.238491,104.915245,-4.928459,0.962735,-0.085912,-0.256438,18.521849,-74.309149,0.085912,-0.962735,0.256438,-18.521849,74.309149,-0.085912,0.962735,0.256438,-104.915245,4.928459,-0.962735,0.085912,-0.256438,,,
277,2026-03-01,15:53:15.08,5,1,"Welch, Tyler",1000277316,Right,SOU_IND16,"Craska, Petey",806050,Left,ALA_LIO,Undefined,7,Bottom,2,0,0,Fastball,Slider,BallCalled,Undefined,Undefined,Undefined,0,0,,85.67585,0.098688,-3.273118,2251.887484,208.928479,1:00,5.76152,1.96108,5.35741,-31.71643,7.47508,3.40142,3.21118,-0.82832,77.84619,-5.742218,-2.670097,0.450575,,,,,,,,,,,,-2.67984,4.11516,-1.66915,50,5.74807,6.94761,-124.08271,-0.92005,-4.14906,26.43672,-25.80277,ALA_LIO,SOU_IND16,MikeDLaneField,D1,ASUN,20260301-MikeDLaneField-1,0d1885c0-15b9-11f1-b4c9-5fb64430e846,83.65402,,,7.82966,,,,,,,2f230842-10f9-4e90-9219-1d3edf6fc0d7,2026-03-01,21:53:15.08,2026-03-01T15:53:15.0803456-06:00,2026-03-01T21:53:15.0803456Z,,v3,471594,southernindiana,dbd82bf8479745649ba7c646edcecf86,"Wall, Micajah",1000131896,Right,SOU_IND16,09fdecd4-83cc-4e68-9c40-5c661c3e7201,55.13854,-125.17273,13.21836,5.76407,0.14382,-12.90138,-1.95914,7.11868,-2.07453,,,,,,,,,,,,,,,,,,,,,,,,,,,,,,,,,,,,,,,,,,,,,,,,,,,High,High,High,,,,,,243.856746,56.718884,1235.71722,0.548747,2:15,-0.849275,-0.491167,-0.193613,63.410555,17.228153,87.301894,153.26028,-3.642402,0.449029,-0.063529,-0.891256,4.077173,-26.681424,0.063529,-0.449029,0.891256,-4.077173,26.681424,-0.063529,0.449029,0.891256,-153.26028,3.642402,-0.449029,0.063529,-0.891256,,,
278,2026-03-01,15:53:31.50,5,2,"Welch, Tyler",1000277316,Right,SOU_IND16,"Craska, Petey",806050,Left,ALA_LIO,Undefined,7,Bottom,2,1,0,Slider,Slider,FoulBallNotFieldable,Undefined,Undefined,Undefined,0,0,,82.81205,-0.91561,-2.041442,2575.17446,2.984309,6:00,5.76709,2.08428,4.77348,-41.01179,0.69201,-0.01886,1.48083,0.14663,77.59584,-8.248253,-2.044763,0.464793,,,,,,,,,,,,-0.44283,0.79354,-1.87993,50,5.63886,4.29066,-120.3495,-3.50824,-0.66245,18.98006,-30.98695,ALA_LIO,SOU_IND16,MikeDLaneField,D1,ASUN,20260301-MikeDLaneField-1,16e22b10-15b9-11f1-b4c9-5fb64430e846,81.09516,,,5.21622,,,,,,,2f230842-10f9-4e90-9219-1d3edf6fc0d7,2026-03-01,21:53:31.50,2026-03-01T15:53:31.5046912-06:00,2026-03-01T21:53:31.5046912Z,,v3,471594,southernindiana,dbd82bf8479745649ba7c646edcecf86,"Wall, Micajah",1000131896,Right,SOU_IND16,b2a5cec6-f3d6-43ea-90c3-705eed3196d4,55.72835,-121.24954,9.49003,5.77038,-2.03882,-15.49347,-2.08414,4.32207,-0.33123,,,,,,,,,,,,,,,,,,,,,,,,,,,,,,,,,,,,,,,,,,,,,,,,,,,High,High,High,,,,,,251.33479,74.72799,678.305632,0.263402,2:30,-0.962969,-0.264932,-0.050027,-1.597295,40.771342,85.673486,135.969391,-71.255897,0.223346,-0.946963,-0.231035,76.289146,-12.905658,0.946963,-0.223346,0.231035,-76.289146,12.905658,-0.946963,0.223346,0.231035,-135.969391,71.255897,-0.223346,0.946963,-0.231035,,,
279,2026-03-01,15:53:53.13,5,3,"Welch, Tyler",1000277316,Right,SOU_IND16,"Craska, Petey",806050,Left,ALA_LIO,Undefined,7,Bottom,2,1,1,Slider,Slider,InPlay,Undefined,FlyBall,Double,0,1,,82.87151,0.26666,-1.666756,2444.862818,14.908361,6:30,5.67752,2.14984,5.13778,-41.83628,0.75472,-0.2152,2.44237,0.562,74.7521,-7.374489,-1.704864,0.469711,90.00482,53.193838,-7.158264,5319.010959,105.755,130.51366,-30.26282,237.28873,235.41476,-21.456499,6.016549,-0.44689,0.70268,-1.99346,50,5.67033,3.50138,-120.01034,-0.97781,-0.63956,27.26932,-31.1684,ALA_LIO,SOU_IND16,MikeDLaneField,D1,ASUN,20260301-MikeDLaneField-1,23d39d40-15b9-11f1-b4c9-5fb64430e846,80.24608,140.35787,,8.11941,,,,2.26359,2.90106,-0.62487,2f230842-10f9-4e90-9219-1d3edf6fc0d7,2026-03-01,21:53:53.13,2026-03-01T15:53:53.1319296-06:00,2026-03-01T21:53:53.1319296Z,FlyBall,v3,471594,southernindiana,dbd82bf8479745649ba7c646edcecf86,"Wall, Micajah",1000131896,Right,SOU_IND16,a702818b-6e95-4414-9594-4efb94f41767,55.35861,-121.22183,13.63466,5.68301,0.40691,-15.5842,-2.14965,3.52979,-0.31978,,2.26347,78.45387,-22.12534,5.86779,-0.94879,0.04165,0.01518,-0.00267,0.00013,2.89465,105.78452,-24.83361,2.42602,-0.39093,0.03352,0.00603,-0.00179,0.00012,-0.62494,-9.86219,-4.8255,1.83253,-0.31625,-0.00672,0.01349,-0.00215,0.00011,,,,,,,,,,,,,,,,,,,,,,,High,High,High,High,Low,,,,247.68313,76.873581,555.22928,0.2271,2:15,-0.976934,-0.205555,-0.057846,98.646642,-19.348318,-13.723895,141.994449,-60.326172,0.304828,-0.868858,-0.390085,65.821709,-17.747834,0.868858,-0.304828,0.390085,-65.821709,17.747834,-0.868858,0.304828,0.390085,-141.994449,60.326172,-0.304828,0.868858,-0.390085,,,
280,2026-03-01,15:57:28.19,6,1,"Anderson, Ian",1000337822,Right,SOU_IND16,"Coleman, Dylan",1000397112,Right,ALA_LIO,Undefined,7,Bottom,2,0,0,Fastball,Sinker,HitByPitch,Undefined,Undefined,Undefined,0,0,,91.9533,0.697002,-0.46877,1881.121917,264.398484,2:45,5.20861,2.15105,5.65231,-30.87777,2.4739,14.52631,3.28557,2.92436,83.97884,-4.994733,2.128005,0.415652,,,,,,,,,,,,-7.62374,1.30036,-2.12121,50,5.24777,0.46605,-133.6012,0.47456,-13.73766,29.59712,-29.8309,ALA_LIO,SOU_IND16,MikeDLaneField,D1,ASUN,20260301-MikeDLaneField-1,a3e87690-15b9-11f1-b4c9-5fb64430e846,90.68258,,,7.97446,,,,,,,2f230842-10f9-4e90-9219-1d3edf6fc0d7,2026-03-01,21:57:28.19,2026-03-01T15:57:28.1923584-06:00,2026-03-01T21:57:28.1923584Z,,v3,471594,southernindiana,dbd82bf8479745649ba7c646edcecf86,"Wall, Micajah",1000131896,Right,SOU_IND16,4bfa14dc-c847-4f17-862f-38102db4e548,54.84824,-134.67096,14.79856,5.21113,1.55278,-14.91545,-2.14702,0.96259,-6.86883,,,,,,,,,,,,,,,,,,,,,,,,,,,,,,,,,,,,,,,,,,,,,,,,,,,High,High,High,,,,,,234.972851,21.031053,1755.812983,0.933386,1:45,-0.372516,-0.759909,-0.532701,44.231299,-15.494396,28.789768,100.23693,54.055505,0.577657,0.809586,-0.104321,82.657464,35.285911,0.809586,0.577657,0.104321,-82.657464,-35.285911,-0.809586,-0.577657,0.104321,-100.23693,-54.055505,-0.577657,-0.809586,-0.104321,,,
281,2026-03-01,15:58:20.74,7,1,"Anderson, Ian",1000337822,Right,SOU_IND16,"Rippen, Nash",1000353531,Left,ALA_LIO,Undefined,7,Bottom,2,0,0,Fastball,Sinker,InPlay,Undefined,GroundBall,Out,1,0,,89.86795,-0.143685,-2.68613,1806.976391,226.979565,1:30,5.02498,2.22274,5.85665,-27.77671,7.03024,6.31315,2.57662,0.25138,81.84465,-5.309123,-1.555092,0.424624,103.54557,-17.826568,15.299992,,,,,8.88593,8.76805,11.860735,0.054159,-4.01807,3.97107,-2.00837,50,4.99714,5.84839,-130.38916,-1.28738,-6.88483,28.62223,-25.3698,ALA_LIO,SOU_IND16,MikeDLaneField,D1,ASUN,20260301-MikeDLaneField-1,c3377280-15b9-11f1-b4c9-5fb64430e846,88.76668,2.52188,,8.0233,,,,1.13191,2.52188,-0.243,2f230842-10f9-4e90-9219-1d3edf6fc0d7,2026-03-01,21:58:20.74,2026-03-01T15:58:20.7455744-06:00,2026-03-01T21:58:20.7455744Z,GroundBall,v3,471594,southernindiana,dbd82bf8479745649ba7c646edcecf86,"Wall, Micajah",1000131896,Right,SOU_IND16,04e6b22a-1f8d-4954-85fe-2562b1bf4d09,54.64081,-131.40394,14.31112,5.02684,-0.38792,-12.6849,-2.22004,6.09249,-3.44241,180,1.13002,139.66866,,,,,,,,2.52251,-46.56452,,,,,,,,-0.24352,38.209,,,,,,,,,,,,,,,,,,,,,,,,,,,,,,High,High,High,High,High,,,,229.87754,36.19101,1458.325662,0.807053,1:45,-0.612656,-0.618607,-0.491912,74.714987,-5.349721,11.160596,123.832193,49.722111,0.537025,0.762918,-0.359944,64.74208,32.481379,0.762918,0.537025,0.359944,-64.74208,-32.481379,-0.762918,-0.537025,0.359944,-123.832193,-49.722111,-0.537025,-0.762918,-0.359944,,,
282,2026-03-01,16:00:46.73,1,1,"Toney, Sawyer",1000090859,Right,ALA_LIO,"Miller, Hunter",10307695,Left,SOU_IND16,Undefined,8,Top,0,0,0,Fastball,Changeup,BallCalled,Undefined,Undefined,Undefined,0,0,,84.85499,-2.364859,-3.658741,1562.181113,237.307583,2:00,5.40663,2.67298,5.55561,-31.75254,8.31882,10.66217,0.54524,0.13836,76.75881,-8.225889,-1.759294,0.455605,,,,,,,,,,,,-6.58477,5.39705,-2.36371,50,5.18112,7.39689,-122.69111,-6.15896,-9.87741,27.87667,-24.07827,ALA_LIO,SOU_IND16,MikeDLaneField,D1,ASUN,20260301-MikeDLaneField-1,1a49caa0-15ba-11f1-b4c9-5fb64430e846,82.73051,,,8.09618,,,,,,,2f230842-10f9-4e90-9219-1d3edf6fc0d7,2026-03-01,22:00:46.73,2026-03-01T16:00:46.7321344-06:00,2026-03-01T22:00:46.7321344Z,,v3,471594,southernindiana,dbd82bf8479745649ba7c646edcecf86,"Millard, William",10059244,Right,ALA_LIO,915d35a7-edb6-4b02-bc61-d318d39a06ae,54.94034,-123.80852,13.93833,5.40865,-5.19381,-12.03913,-2.66815,7.79282,-4.93871,,,,,,,,,,,,,,,,,,,,,,,,,,,,,,,,,,,,,,,,,,,,,,,,,,,High,High,High,,,,,,235.931173,9.703928,1539.829293,0.985692,1:45,-0.169683,-0.822773,-0.542451,-71.689687,26.834309,-3.06313,172.194406,14.674481,0.131382,0.253327,-0.958417,14.805716,7.549472,0.253327,0.131382,0.958417,-14.805716,-7.549472,-0.253327,-0.131382,0.958417,-172.194406,-14.674481,-0.131382,-0.253327,-0.958417,,,
283,2026-03-01,16:01:04.16,1,2,"Toney, Sawyer",1000090859,Right,ALA_LIO,"Miller, Hunter",10307695,Left,SOU_IND16,Undefined,8,Top,0,1,0,Splitter,Splitter,BallCalled,Undefined,Undefined,Undefined,0,0,,77.2864,1.45131,-1.178219,1093.510838,280.649095,3:15,5.62846,2.73856,5.35508,-47.59101,0.57346,5.68205,3.02422,2.10693,70.25275,-7.260785,-0.167994,0.499499,,,,,,,,,,,,-3.18024,0.40528,-2.6367,50,5.72556,2.07497,-112.03709,1.22921,-4.00508,21.97993,-31.66365,ALA_LIO,SOU_IND16,MikeDLaneField,D1,ASUN,20260301-MikeDLaneField-1,24be55f0-15ba-11f1-b4c9-5fb64430e846,75.46045,,,7.03364,,,,,,,2f230842-10f9-4e90-9219-1d3edf6fc0d7,2026-03-01,22:01:04.16,2026-03-01T16:01:04.1657856-06:00,2026-03-01T22:01:04.1657856Z,,v3,471594,southernindiana,dbd82bf8479745649ba7c646edcecf86,"Millard, William",10059244,Right,ALA_LIO,7da503b0-bfb1-47a9-86de-ee5376f486dd,55.14047,-113.04107,10.98996,5.63638,2.67551,-15.83182,-2.73566,2.25791,-2.00254,,,,,,,,,,,,,,,,,,,,,,,,,,,,,,,,,,,,,,,,,,,,,,,,,,,High,High,High,,,,,,251.737512,39.555592,843.10457,0.771007,2:30,-0.659996,-0.715808,-0.228088,-51.406367,-41.709381,26.02231,90.421297,34.008107,0.828936,0.55931,-0.006095,89.375623,55.989597,0.55931,0.828936,0.006095,-89.375623,-55.989597,-0.55931,-0.828936,0.006095,-90.421297,-34.008107,-0.828936,-0.55931,-0.006095,,,
284,2026-03-01,16:01:18.52,1,3,"Toney, Sawyer",1000090859,Right,ALA_LIO,"Miller, Hunter",10307695,Left,SOU_IND16,Undefined,8,Top,0,2,0,Fastball,Changeup,BallCalled,Undefined,Undefined,Undefined,0,0,,85.92225,-0.101942,-2.051235,1721.895115,232.191127,1:45,5.48798,2.83157,5.432,-26.56643,12.83969,14.57265,3.17858,2.12418,76.75825,-5.085095,0.540992,0.451807,,,,,,,,,,,,-7.90359,6.92473,-2.65971,50,5.4612,3.78622,-124.31827,-1.11131,-12.08979,30.16723,-21.58163,ALA_LIO,SOU_IND16,MikeDLaneField,D1,ASUN,20260301-MikeDLaneField-1,2d393420-15ba-11f1-b4c9-5fb64430e846,83.4259,,,9.164,,,,,,,2f230842-10f9-4e90-9219-1d3edf6fc0d7,2026-03-01,22:01:18.52,2026-03-01T16:01:18.5277952-06:00,2026-03-01T22:01:18.5277952Z,,v3,471594,southernindiana,dbd82bf8479745649ba7c646edcecf86,"Millard, William",10059244,Right,ALA_LIO,0ff663c0-5df3-440f-aebe-e148dfc86d36,55.05898,-125.53989,15.08362,5.48851,-0.23736,-10.79082,-2.82295,4.2758,-6.04489,,,,,,,,,,,,,,,,,,,,,,,,,,,,,,,,,,,,,,,,,,,,,,,,,,,High,High,High,,,,,,234.250046,-4.856876,1715.712313,0.996409,1:45,0.065213,-0.808508,-0.58486,-66.00233,7.486375,20.66418,171.339028,-13.868494,0.146198,-0.239694,-0.959778,14.022187,-8.406635,0.239694,-0.146198,0.959778,-14.022187,8.406635,-0.239694,0.146198,0.959778,-171.339028,13.868494,-0.146198,0.239694,-0.959778,,,
285,2026-03-01,16:01:33.22,1,4,"Toney, Sawyer",1000090859,Right,ALA_LIO,"Miller, Hunter",10307695,Left,SOU_IND16,Undefined,8,Top,0,3,0,Fastball,Changeup,BallCalled,Walk,Undefined,Undefined,0,0,,85.76378,0.024074,-2.70097,1710.750392,239.490694,2:00,5.44399,2.85593,5.54621,-28.80344,10.31981,15.07934,3.06623,1.58661,77.17368,-5.347816,-0.014208,0.450183,,,,,,,,,,,,-8.38422,5.63429,-2.63174,50,5.42749,5.18838,-124.1812,-0.92632,-12.88958,28.45867,-23.51209,ALA_LIO,SOU_IND16,MikeDLaneField,D1,ASUN,20260301-MikeDLaneField-1,35ffc150-15ba-11f1-b4c9-5fb64430e846,83.72696,,,8.5901,,,,,,,2f230842-10f9-4e90-9219-1d3edf6fc0d7,2026-03-01,22:01:33.22,2026-03-01T16:01:33.2280320-06:00,2026-03-01T22:01:33.2280320Z,,v3,471594,southernindiana,dbd82bf8479745649ba7c646edcecf86,"Millard, William",10059244,Right,ALA_LIO,9ff1d431-09b4-4529-9c95-5f67c3238885,54.94716,-125.30981,14.22934,5.44573,0.00612,-11.75605,-2.84764,5.69955,-6.44479,,,,,,,,,,,,,,,,,,,,,,,,,,,,,,,,,,,,,,,,,,,,,,,,,,,High,High,High,,,,,,237.100475,3.061847,1708.308227,0.998572,2:00,-0.079266,-0.838403,-0.539256,-77.746684,10.377127,-5.210099,174.204264,19.876447,0.094967,0.339993,-0.935621,19.970518,5.449394,0.339993,0.094967,0.935621,-19.970518,-5.449394,-0.339993,-0.094967,0.935621,-174.204264,-19.876447,-0.094967,-0.339993,-0.935621,,,
286,2026-03-01,16:02:09.08,2,1,"Toney, Sawyer",1000090859,Right,ALA_LIO,"Wall, Micajah",1000131896,Right,SOU_IND16,Undefined,8,Top,0,0,0,Fastball,Changeup,BallCalled,Undefined,Undefined,Undefined,0,0,,86.02272,0.209252,-2.381971,1673.319759,240.955105,2:00,5.44706,2.8667,5.39071,-28.68293,10.52005,16.30292,3.2531,1.99158,77.18937,-5.134507,0.515254,0.450641,,,,,,,,,,,,-9.14126,5.59941,-2.66637,50,5.44595,4.4948,-124.59673,-0.53121,-14.07628,29.80693,-23.55171,ALA_LIO,SOU_IND16,MikeDLaneField,D1,ASUN,20260301-MikeDLaneField-1,4b57ed70-15ba-11f1-b4c9-5fb64430e846,83.64178,,,8.83335,,,,,,,2f230842-10f9-4e90-9219-1d3edf6fc0d7,2026-03-01,22:02:09.08,2026-03-01T16:02:09.0841088-06:00,2026-03-01T22:02:09.0841088Z,,v3,471594,southernindiana,dbd82bf8479745649ba7c646edcecf86,"Millard, William",10059244,Right,ALA_LIO,8c9298d9-1db9-4972-becf-357b57767547,55.10761,-125.81267,14.90347,5.44802,0.42956,-11.77585,-2.86145,5.06903,-7.03814,,,,,,,,,,,,,,,,,,,,,,,,,,,,,,,,,,,,,,,,,,,,,,,,,,,High,High,High,,,,,,234.784727,-4.571031,1667.99743,0.996819,1:45,0.052764,-0.814678,-0.577508,-70.590662,-6.875307,4.440746,175.339416,-15.668139,0.078234,-0.270065,-0.959658,15.717552,-4.487045,0.270065,-0.078234,0.959658,-15.717552,4.487045,-0.270065,0.078234,0.959658,-175.339416,15.668139,-0.078234,0.270065,-0.959658,,,
287,2026-03-01,16:02:29.98,2,2,"Toney, Sawyer",1000090859,Right,ALA_LIO,"Wall, Micajah",1000131896,Right,SOU_IND16,Undefined,8,Top,0,1,0,Splitter,Splitter,BallCalled,Undefined,Undefined,Undefined,0,0,,79.90812,-1.630842,-4.404746,1210.094273,294.329547,3:45,5.61217,2.67036,5.49074,-46.67125,-1.89118,7.3741,0.19238,-0.84377,73.54943,-10.090005,-3.092964,0.48163,,,,,,,,,,,,-5.04205,-0.14346,-2.28935,50,5.43694,8.62741,-115.67939,-4.88284,-6.80505,22.37877,-32.36769,ALA_LIO,SOU_IND16,MikeDLaneField,D1,ASUN,20260301-MikeDLaneField-1,57e9b370-15ba-11f1-b4c9-5fb64430e846,78.26013,,,6.35869,,,,,,,2f230842-10f9-4e90-9219-1d3edf6fc0d7,2026-03-01,22:02:29.98,2026-03-01T16:02:29.9820000-06:00,2026-03-01T22:02:29.9820000Z,,v3,471594,southernindiana,dbd82bf8479745649ba7c646edcecf86,"Millard, William",10059244,Right,ALA_LIO,fe482a53-5741-4b2c-93a1-04891f128b11,55.00943,-116.64446,11.18939,5.61741,-3.487,-16.18385,-2.66773,8.92087,-3.40253,,,,,,,,,,,,,,,,,,,,,,,,,,,,,,,,,,,,,,,,,,,,,,,,,,,High,High,High,,,,,,251.5191,30.041807,1047.530617,0.86566,2:30,-0.496729,-0.834933,-0.236955,-24.667238,-43.832531,20.180436,95.170348,45.105359,0.702934,0.708406,-0.063605,84.869379,44.662837,0.708406,0.702934,0.063605,-84.869379,-44.662837,-0.708406,-0.702934,0.063605,-95.170348,-45.105359,-0.702934,-0.708406,-0.063605,,,
288,2026-03-01,16:03:14.01,2,3,"Toney, Sawyer",1000090859,Right,ALA_LIO,"Wall, Micajah",1000131896,Right,SOU_IND16,Undefined,8,Top,0,2,0,Fastball,Changeup,StrikeCalled,Undefined,Undefined,Undefined,0,0,,87.05729,-0.566675,-3.092657,1838.377789,228.310844,1:30,5.36822,2.68331,5.51225,-23.70115,14.44497,14.60355,2.86244,1.00555,78.0812,-5.027632,-0.494072,0.444525,,,,,,,,,,,,-8.31666,7.87233,-2.42332,50,5.30333,6.14984,-125.96306,-2.02163,-13.11864,29.93507,-19.75632,ALA_LIO,SOU_IND16,MikeDLaneField,D1,ASUN,20260301-MikeDLaneField-1,7229fa10-15ba-11f1-b4c9-5fb64430e846,84.79254,,,8.97609,,,,,,,2f230842-10f9-4e90-9219-1d3edf6fc0d7,2026-03-01,22:03:14.01,2026-03-01T16:03:14.0194816-06:00,2026-03-01T22:03:14.0194816Z,,v3,471594,southernindiana,dbd82bf8479745649ba7c646edcecf86,"Millard, William",10059244,Right,ALA_LIO,2ae76f62-69d3-49f3-b975-1cc3c4dcf770,54.98112,-127.14131,14.96753,5.3676,-1.24401,-9.87816,-2.67554,6.66619,-6.55932,,,,,,,,,,,,,,,,,,,,,,,,,,,,,,,,,,,,,,,,,,,,,,,,,,,High,High,High,,,,,,234.843705,0.487641,1838.311207,0.999964,1:45,-0.031488,-0.817599,-0.574926,-64.401721,-10.191269,0.164078,172.147739,-8.746272,0.135031,-0.152059,-0.979104,8.827759,-7.760384,0.152059,-0.135031,0.979104,-8.827759,7.760384,-0.152059,0.135031,0.979104,-172.147739,8.746272,-0.135031,0.152059,-0.979104,,,
289,2026-03-01,16:03:53.82,2,4,"Toney, Sawyer",1000090859,Right,ALA_LIO,"Wall, Micajah",1000131896,Right,SOU_IND16,Undefined,8,Top,0,2,1,Splitter,Splitter,BallCalled,Undefined,Undefined,Undefined,0,0,,79.49523,-0.126897,-3.21279,1260.504772,304.602613,4:15,5.46792,2.64772,5.24616,-48.50034,-2.95693,6.42492,1.30678,0.16079,72.91548,-8.916487,-2.073289,0.485718,,,,,,,,,,,,-4.16083,-1.04098,-2.35751,50,5.41998,6.20956,-115.22207,-1.96534,-5.56977,22.25972,-33.56755,ALA_LIO,SOU_IND16,MikeDLaneField,D1,ASUN,20260301-MikeDLaneField-1,89d45390-15ba-11f1-b4c9-5fb64430e846,77.6015,,,6.57974,,,,,,,2f230842-10f9-4e90-9219-1d3edf6fc0d7,2026-03-01,22:03:53.82,2026-03-01T16:03:53.8210000-06:00,2026-03-01T22:03:53.8210000Z,,v3,471594,southernindiana,dbd82bf8479745649ba7c646edcecf86,"Millard, William",10059244,Right,ALA_LIO,936694dd-6e27-4651-ba45-2ba9f3af3f4c,55.25311,-116.23249,11.12986,5.47461,-0.44163,-16.78377,-2.64511,6.46238,-2.78489,,,,,,,,,,,,,,,,,,,,,,,,,,,,,,,,,,,,,,,,,,,,,,,,,,,High,High,High,,,,,,249.179712,32.167736,1067.0086,0.846493,2:15,-0.546674,-0.792394,-0.270663,-32.02803,-48.436812,17.172399,90.9556,44.794198,0.709543,0.704562,-0.011835,89.037646,45.197777,0.704562,0.709543,0.011835,-89.037646,-45.197777,-0.704562,-0.709543,0.011835,-90.9556,-44.794198,-0.709543,-0.704562,-0.011835,,,
290,2026-03-01,16:04:13.66,2,5,"Toney, Sawyer",1000090859,Right,ALA_LIO,"Wall, Micajah",1000131896,Right,SOU_IND16,Undefined,8,Top,0,3,1,Fastball,Sinker,StrikeCalled,Undefined,Undefined,Undefined,0,0,,86.77855,-0.563597,-4.994585,2006.390774,224.640243,1:30,5.50023,2.69284,5.42508,-22.58088,16.17434,14.49288,3.08858,-0.78929,77.58493,-4.824111,-2.430391,0.44806,,,,,,,,,,,,-8.86437,8.71607,-2.2589,50,5.43495,10.28296,-125.2143,-1.95985,-13.80141,29.83823,-18.60352,ALA_LIO,SOU_IND16,MikeDLaneField,D1,ASUN,20260301-MikeDLaneField-1,95a5d6d0-15ba-11f1-b4c9-5fb64430e846,84.12356,,,9.19361,,,,,,,2f230842-10f9-4e90-9219-1d3edf6fc0d7,2026-03-01,22:04:13.66,2026-03-01T16:04:13.6699392-06:00,2026-03-01T22:04:13.6699392Z,,v3,471594,southernindiana,dbd82bf8479745649ba7c646edcecf86,"Millard, William",10059244,Right,ALA_LIO,b8c13bfd-72d7-4ff0-97ad-3ac1157c6654,55.06739,-126.41607,14.91911,5.49879,-1.21056,-9.30176,-2.68426,10.83884,-6.90071,,,,,,,,,,,,,,,,,,,,,,,,,,,,,,,,,,,,,,,,,,,,,,,,,,,High,High,High,,,,,,232.01521,-1.174791,2005.969032,0.99979,1:45,-0.025425,-0.787769,-0.615446,-63.805716,-14.946441,-3.252405,171.781258,-10.957642,0.140346,-0.190083,-0.971685,11.068556,-8.06789,0.190083,-0.140346,0.971685,-11.068556,8.06789,-0.190083,0.140346,0.971685,-171.781258,10.957642,-0.140346,0.190083,-0.971685,,,
291,2026-03-01,16:04:34.52,2,6,"Toney, Sawyer",1000090859,Right,ALA_LIO,"Wall, Micajah",1000131896,Right,SOU_IND16,Undefined,8,Top,0,3,2,Splitter,Splitter,StrikeSwinging,Strikeout,Undefined,Undefined,0,0,,80.3623,-0.903903,-3.452377,1086.357809,302.554454,4:00,5.54813,2.47228,5.36536,-47.34585,-2.99225,6.91256,0.75349,-0.19274,73.8859,-9.48408,-2.223623,0.479331,,,,,,,,,,,,-4.50315,-0.90067,-2.16737,50,5.43282,6.75417,-116.48119,-3.49189,-6.16432,22.62267,-33.40695,ALA_LIO,SOU_IND16,MikeDLaneField,D1,ASUN,20260301-MikeDLaneField-1,a216f570-15ba-11f1-b4c9-5fb64430e846,78.63545,,,6.4764,,,,,,,2f230842-10f9-4e90-9219-1d3edf6fc0d7,2026-03-01,22:04:34.52,2026-03-01T16:04:34.5297920-06:00,2026-03-01T22:04:34.5297920Z,,v3,471594,southernindiana,dbd82bf8479745649ba7c646edcecf86,"Millard, William",10059244,Right,ALA_LIO,d20e46d8-45fa-41a7-a218-836eedbe3a7d,55.13472,-117.47421,11.31134,5.55392,-2.0255,-16.70347,-2.46978,7.02475,-3.08216,,,,,,,,,,,,,,,,,,,,,,,,,,,,,,,,,,,,,,,,,,,,,,,,,,,High,High,High,,,,,,,,,,,,,,,,,,,,,,,,,,,,,,,,,,,,,,,
292,2026-03-01,16:05:09.96,3,1,"Toney, Sawyer",1000090859,Right,ALA_LIO,"Senior, Collin",1000273575,Right,SOU_IND16,Undefined,8,Top,1,0,0,Fastball,Sinker,StrikeCalled,Undefined,Undefined,Undefined,0,0,,87.7516,-1.931648,-4.961912,1974.663002,228.054434,1:30,5.55621,2.42654,5.63255,-20.59493,16.86521,17.19658,2.03029,-0.78145,78.88334,-5.832126,-1.9055,0.44051,,,,,,,,,,,,-10.26186,9.55587,-2.01454,50,5.37843,10.24183,-126.70348,-4.9245,-16.42487,29.60775,-16.87915,ALA_LIO,SOU_IND16,MikeDLaneField,D1,ASUN,20260301-MikeDLaneField-1,b729db30-15ba-11f1-b4c9-5fb64430e846,85.56539,,,8.86826,,,,,,,2f230842-10f9-4e90-9219-1d3edf6fc0d7,2026-03-01,22:05:09.96,2026-03-01T16:05:09.9609088-06:00,2026-03-01T22:05:09.9609088Z,,v3,471594,southernindiana,dbd82bf8479745649ba7c646edcecf86,"Millard, William",10059244,Right,ALA_LIO,eed943da-e43a-4fd9-bd85-205f0a0242ba,54.86246,-127.83467,14.80388,5.55425,-4.27961,-8.43957,-2.41782,10.86936,-8.21243,,,,,,,,,,,,,,,,,,,,,,,,,,,,,,,,,,,,,,,,,,,,,,,,,,,High,High,High,,,,,,229.60256,-3.985907,1969.886643,0.997581,1:45,0.038804,-0.75695,-0.652319,-65.303981,-17.262818,-6.392735,175.46753,-16.646753,0.075712,-0.28647,-0.955093,16.696073,-4.342137,0.28647,-0.075712,0.955093,-16.696073,4.342137,-0.28647,0.075712,0.955093,-175.46753,16.646753,-0.075712,0.28647,-0.955093,,,
293,2026-03-01,16:05:28.45,3,2,"Toney, Sawyer",1000090859,Right,ALA_LIO,"Senior, Collin",1000273575,Right,SOU_IND16,Undefined,8,Top,1,0,1,Slider,Slider,BallCalled,Undefined,Undefined,Undefined,0,0,,75.98028,-1.538975,-4.90155,2118.692826,97.132124,9:15,5.2785,2.82575,5.57557,-47.71766,2.24878,-4.00488,-0.14098,-2.09717,69.44055,-10.21886,-5.612961,0.508757,,,,,,,,,,,,0.46768,2.08961,-2.40022,50,5.11431,9.56154,-109.78728,-4.45557,0.56236,22.12171,-29.66139,ALA_LIO,SOU_IND16,MikeDLaneField,D1,ASUN,20260301-MikeDLaneField-1,c238f8d0-15ba-11f1-b4c9-5fb64430e846,74.08727,,,6.53972,,,,,,,2f230842-10f9-4e90-9219-1d3edf6fc0d7,2026-03-01,22:05:28.45,2026-03-01T16:05:28.4509184-06:00,2026-03-01T22:05:28.4509184Z,,v3,471594,southernindiana,dbd82bf8479745649ba7c646edcecf86,"Millard, William",10059244,Right,ALA_LIO,4b551d58-1f78-4698-b529-a612f1e89607,54.92222,-110.77465,11.06085,5.28363,-3.13169,-14.8307,-2.82642,9.53644,0.28118,,,,,,,,,,,,,,,,,,,,,,,,,,,,,,,,,,,,,,,,,,,,,,,,,,,High,High,High,,,,,,208.856521,74.916114,551.353714,0.260233,1:00,-0.977781,-0.151479,-0.144905,-89.229784,40.27856,58.292078,144.273869,-23.343859,0.536114,-0.396248,-0.745365,27.995867,-32.419524,0.396248,-0.536114,0.745365,-27.995867,32.419524,-0.396248,0.536114,0.745365,-144.273869,23.343859,-0.536114,0.396248,-0.745365,,,
294,2026-03-01,16:06:14.32,3,3,"Toney, Sawyer",1000090859,Right,ALA_LIO,"Senior, Collin",1000273575,Right,SOU_IND16,Undefined,8,Top,1,1,1,Splitter,Changeup,BallCalled,Undefined,Undefined,Undefined,0,0,,78.91837,0.967079,-1.227877,1245.209725,297.009693,4:00,5.6743,2.66318,5.13722,-49.38995,-3.15429,9.07957,2.46941,2.26342,72.32924,-7.989555,0.381266,0.489395,,,,,,,,,,,,-4.93244,-1.53122,-2.55565,50,5.72621,2.09411,-114.53633,0.19221,-6.52978,21.83125,-34.20116,ALA_LIO,SOU_IND16,MikeDLaneField,D1,ASUN,20260301-MikeDLaneField-1,dd99a390-15ba-11f1-b4c9-5fb64430e846,77.01839,,,6.58913,,,,,,,2f230842-10f9-4e90-9219-1d3edf6fc0d7,2026-03-01,22:06:14.32,2026-03-01T16:06:14.3217152-06:00,2026-03-01T22:06:14.3217152Z,,v3,471594,southernindiana,dbd82bf8479745649ba7c646edcecf86,"Millard, William",10059244,Right,ALA_LIO,fa50bfe4-e002-4f55-961b-5064afd827c9,55.36331,-115.55409,10.91563,5.68008,1.78664,-17.10058,-2.66037,2.39852,-3.26489,,,,,,,,,,,,,,,,,,,,,,,,,,,,,,,,,,,,,,,,,,,,,,,,,,,High,High,High,,,,,,246.073533,37.688515,985.391859,0.791346,2:15,-0.630224,-0.712921,-0.307507,-42.453342,-44.580859,17.084141,95.523877,37.110692,0.793768,0.603357,-0.076765,82.749219,52.539047,0.603357,0.793768,0.076765,-82.749219,-52.539047,-0.603357,-0.793768,0.076765,-95.523877,-37.110692,-0.793768,-0.603357,-0.076765,,,
295,2026-03-01,16:06:33.39,3,4,"Toney, Sawyer",1000090859,Right,ALA_LIO,"Senior, Collin",1000273575,Right,SOU_IND16,Undefined,8,Top,1,2,1,Splitter,Splitter,InPlay,Undefined,LineDrive,Out,1,0,,79.68566,-0.000576,-4.032437,1226.605481,293.814427,3:45,5.7297,2.37672,5.25122,-48.03711,-2.79961,9.57422,1.72606,-0.62077,73.24918,-8.699999,-2.337138,0.484084,80.98931,10.232237,-13.049684,1160.070719,106.41749,8.94251,-27.84235,165.73275,152.82521,-16.038008,1.647956,-5.95945,-1.04685,-2.01384,50,5.69357,7.75742,-115.45047,-1.6902,-8.03714,21.64907,-33.58588,ALA_LIO,SOU_IND16,MikeDLaneField,D1,ASUN,20260301-MikeDLaneField-1,e8e63f60-15ba-11f1-b4c9-5fb64430e846,77.86346,9.83257,,6.43649,,,,2.39878,1.89855,0.55014,2f230842-10f9-4e90-9219-1d3edf6fc0d7,2026-03-01,22:06:33.39,2026-03-01T16:06:33.3987840-06:00,2026-03-01T22:06:33.3987840Z,LineDrive,v3,471594,southernindiana,dbd82bf8479745649ba7c646edcecf86,"Millard, William",10059244,Right,ALA_LIO,b236ee34-5f9c-43d0-ab57-7e852ff8523c,55.2491,-116.43061,10.82453,5.73567,-0.16964,-16.79294,-2.37328,8.1213,-4.01857,130.540917,2.39878,113.8761,-14.48832,2.53081,-0.48525,0.087,-0.01525,0.0024,-0.0002,1.89855,21.10063,-14.54648,0.74612,-0.09728,0.02014,-0.00195,0.00023,-3E-05,0.55014,-26.3944,-1.58392,0.48373,-0.1319,0.02971,-0.00598,0.00094,-8E-05,,,,,,,,,,,,,,,,,,,,,,,High,High,High,High,High,,,,243.575612,33.449664,1023.443294,0.83437,2:00,-0.575943,-0.747203,-0.331628,-14.526965,-38.018946,11.358561,91.443595,49.898116,0.643944,0.7649,-0.016228,88.78461,40.086571,0.7649,0.643944,0.016228,-88.78461,-40.086571,-0.7649,-0.643944,0.016228,-91.443595,-49.898116,-0.643944,-0.7649,-0.016228,,,
296,2026-03-01,16:07:15.80,4,1,"Toney, Sawyer",1000090859,Right,ALA_LIO,"Velders, Jesse",1000430420,Right,SOU_IND16,Undefined,8,Top,2,0,0,Fastball,Changeup,FoulBallNotFieldable,Undefined,Undefined,Undefined,0,0,,86.9877,-1.148781,-3.317995,1745.983795,224.406716,1:30,5.80651,2.43834,5.62633,-22.62564,15.43871,13.71123,2.84717,0.48146,78.06639,-5.422659,-0.873857,0.444049,68.7616,33.894379,170.843865,3394.106354,,,,,43.79498,,,-8.06902,8.61406,-2.16457,50,5.69443,6.70837,-125.87419,-3.24314,-12.69849,30.10447,-18.61775,ALA_LIO,SOU_IND16,MikeDLaneField,D1,ASUN,20260301-MikeDLaneField-1,0228ec20-15bb-11f1-b4c9-5fb64430e846,84.88358,27.86692,,8.9213,,,,2.42521,2.95195,-0.43713,2f230842-10f9-4e90-9219-1d3edf6fc0d7,2026-03-01,22:07:15.80,2026-03-01T16:07:15.8057984-06:00,2026-03-01T22:07:15.8057984Z,,v3,471594,southernindiana,dbd82bf8479745649ba7c646edcecf86,"Millard, William",10059244,Right,ALA_LIO,2a159147-6962-4f1c-83c3-cb5dae561c63,54.86923,-127.03339,15.05223,5.80551,-2.52624,-9.30888,-2.4323,7.19734,-6.34925,325.629836,2.42521,-82.64577,6.3249,0.12262,-0.00806,0.01919,-0.00319,-0.00196,0.00107,2.95195,56.24048,-24.16804,2.40455,-0.42301,0.09427,-0.0163,0.00488,-0.00145,-0.43713,13.32077,-3.30616,0.13556,-0.047,0.00094,-8E-05,0.0008,-0.00031,,,,,,,,,,,,,,,,,,,,,,,High,High,High,High,Undefined,,,,225.198969,2.32542,1744.545962,0.999176,1:30,-0.067058,-0.709645,-0.701361,-57.442707,9.301774,6.002442,178.500584,-13.066516,0.025489,-0.226082,-0.973775,13.070838,-1.460585,0.226082,-0.025489,0.973775,-13.070838,1.460585,-0.226082,0.025489,0.973775,-178.500584,13.066516,-0.025489,0.226082,-0.973775,,,
297,2026-03-01,16:07:40.10,4,2,"Toney, Sawyer",1000090859,Right,ALA_LIO,"Velders, Jesse",1000430420,Right,SOU_IND16,Undefined,8,Top,2,0,1,Splitter,Splitter,FoulBallNotFieldable,Undefined,Undefined,Undefined,0,0,,80.2845,-0.190968,-3.320807,1102.04404,283.634605,3:30,5.8855,2.35262,5.32345,-44.8464,-0.45953,7.66292,1.9688,-0.1285,73.76992,-8.339958,-1.960717,0.479511,65.97538,33.417512,-41.073569,3803.00753,77.68313,45.92031,-77.87981,208.33056,148.79304,-50.020343,3.611881,-4.80799,0.17969,-2.05778,50,5.83549,6.44945,-116.40603,-1.95157,-6.59099,22.04106,-31.92771,ALA_LIO,SOU_IND16,MikeDLaneField,D1,ASUN,20260301-MikeDLaneField-1,10ae6bd0-15bb-11f1-b4c9-5fb64430e846,78.606,46.03864,,6.51459,,,,2.67359,2.22339,0.07409,2f230842-10f9-4e90-9219-1d3edf6fc0d7,2026-03-01,22:07:40.10,2026-03-01T16:07:40.1007104-06:00,2026-03-01T22:07:40.1007104Z,FlyBall,v3,471594,southernindiana,dbd82bf8479745649ba7c646edcecf86,"Millard, William",10059244,Right,ALA_LIO,bd81786e-2608-4816-933c-077ab8dd9791,55.1763,-117.38205,11.02053,5.89061,-0.53775,-15.96386,-2.34984,6.74131,-3.29549,142.776413,2.67348,60.89199,-12.24131,2.76273,-0.68345,0.20096,-0.05826,0.01083,-0.00083,2.22376,53.27813,-17.6096,0.89049,0.10109,-0.15514,0.06399,-0.01176,0.00081,0.07415,-53.06874,3.7615,-0.56143,0.12696,-0.05784,0.02212,-0.0045,0.00036,,,,,,,,,,,,,,,,,,,,,,,High,High,High,High,Medium,,,,245.277545,40.036154,843.767557,0.765639,2:15,-0.658422,-0.697604,-0.282542,-16.702302,-31.085049,12.711041,90.789107,55.835074,0.561524,0.827425,-0.007734,89.464462,34.161238,0.827425,0.561524,0.007734,-89.464462,-34.161238,-0.827425,-0.561524,0.007734,-90.789107,-55.835074,-0.561524,-0.827425,-0.007734,,,
298,2026-03-01,16:08:11.15,4,3,"Toney, Sawyer",1000090859,Right,ALA_LIO,"Velders, Jesse",1000430420,Right,SOU_IND16,Undefined,8,Top,2,0,2,Fastball,Changeup,FoulBallNotFieldable,Undefined,Undefined,Undefined,0,0,,88.13392,-0.785195,-4.647373,1876.534332,218.95675,1:15,5.69878,2.39878,5.51196,-20.21757,17.00808,12.63883,3.27728,-0.90328,79.20779,-4.612325,-2.406164,0.439129,,,,,,,,,,,,-7.87796,9.22209,-2.00165,50,5.61705,9.79433,-127.35499,-2.38974,-12.74208,29.85999,-17.25789,ALA_LIO,SOU_IND16,MikeDLaneField,D1,ASUN,20260301-MikeDLaneField-1,232215a0-15bb-11f1-b4c9-5fb64430e846,85.83447,,,8.92612,,,,,,,2f230842-10f9-4e90-9219-1d3edf6fc0d7,2026-03-01,22:08:11.15,2026-03-01T16:08:11.1505408-06:00,2026-03-01T22:08:11.1505408Z,,v3,471594,southernindiana,dbd82bf8479745649ba7c646edcecf86,"Millard, William",10059244,Right,ALA_LIO,45622b54-d73b-4cf5-9486-9587cc5a19dd,54.98362,-128.51815,14.93,5.69704,-1.71748,-8.62894,-2.39285,10.29069,-6.37104,,,,,,,,,,,,,,,,,,,,,,,,,,,,,,,,,,,,,,,,,,,,,,,,,,,High,High,High,,,,,,230.029651,0.451288,1876.476123,0.999969,1:45,-0.049429,-0.766389,-0.640472,-69.096995,-2.133679,2.846589,173.170021,-18.82202,0.112564,-0.322629,-0.939808,18.946982,-6.463146,0.322629,-0.112564,0.939808,-18.946982,6.463146,-0.322629,0.112564,0.939808,-173.170021,18.82202,-0.112564,0.322629,-0.939808,,,
299,2026-03-01,16:08:36.42,4,4,"Toney, Sawyer",1000090859,Right,ALA_LIO,"Velders, Jesse",1000430420,Right,SOU_IND16,Undefined,8,Top,2,0,2,Splitter,Changeup,StrikeCalled,Strikeout,Undefined,Undefined,0,0,,80.75685,0.085658,-2.887264,1223.580218,276.075418,3:15,5.58455,2.48206,5.39073,-43.38518,0.13217,11.07166,2.0495,0.69642,74.44711,-7.810791,-0.918749,0.474791,,,,,,,,,,,,-6.32052,0.46209,-2.23207,50,5.56164,5.4605,-117.1961,-1.34651,-8.82997,21.22024,-31.52852,ALA_LIO,SOU_IND16,MikeDLaneField,D1,ASUN,20260301-MikeDLaneField-1,3242c3e0-15bb-11f1-b4c9-5fb64430e846,79.38743,,,6.30974,,,,,,,2f230842-10f9-4e90-9219-1d3edf6fc0d7,2026-03-01,22:08:36.42,2026-03-01T16:08:36.4240000-06:00,2026-03-01T22:08:36.4240000Z,,v3,471594,southernindiana,dbd82bf8479745649ba7c646edcecf86,"Millard, William",10059244,Right,ALA_LIO,a20b5630-8647-455d-8361-37975a69108b,55.10839,-118.11743,10.61012,5.59038,0.02239,-15.76426,-2.47748,5.84387,-4.41498,,,,,,,,,,,,,,,,,,,,,,,,,,,,,,,,,,,,,,,,,,,,,,,,,,,High,High,High,,,,,,241.542202,40.114776,935.739416,0.764755,2:00,-0.662862,-0.671385,-0.331446,-35.668835,-49.61035,4.167577,97.781419,44.055109,0.712054,0.69535,-0.097304,82.034027,45.402253,0.69535,0.712054,0.097304,-82.034027,-45.402253,-0.69535,-0.712054,0.097304,-97.781419,-44.055109,-0.712054,-0.69535,-0.097304,,,
300,2026-03-01,16:11:58.00,1,1,"Anderson, Nathan",1000334530,Right,SOU_IND16,"Millard, William",10059244,Right,ALA_LIO,Undefined,8,Bottom,0,0,0,Fastball,Four-Seam,StrikeCalled,Undefined,Undefined,Undefined,0,0,,92.79258,-3.338211,-2.162434,2154.183512,206.00387,12:45,5.96016,1.94876,6.50034,-12.83363,19.33836,8.86827,1.82107,0.70206,83.8729,-5.851522,-0.553553,0.408235,,,,,,,,,,,,-5.2928,11.48993,-1.8009,50,5.72032,4.70838,-134.47303,-8.13476,-9.56869,32.6118,-11.40176,ALA_LIO,SOU_IND16,MikeDLaneField,D1,ASUN,20260301-MikeDLaneField-1,aa6aa720-15bb-11f1-b4c9-5fb64430e846,92.33025,,,8.91968,,,,,,,2f230842-10f9-4e90-9219-1d3edf6fc0d7,2026-03-01,22:11:58.00,2026-03-01T16:11:58.0012544-06:00,2026-03-01T22:11:58.0012544Z,,v3,471594,southernindiana,dbd82bf8479745649ba7c646edcecf86,"Wall, Micajah",1000131896,Right,SOU_IND16,dd1a4068-8968-4de2-bf15-581db5bb1965,53.9948,-135.43836,16.3059,5.95612,-7.79726,-5.70088,-1.94446,4.99162,-4.78434,,,,,,,,,,,,,,,,,,,,,,,,,,,,,,,,,,,,,,,,,,,,,,,,,,,High,High,High,,,,,,217.331849,10.741009,2116.441476,0.98248,1:15,-0.180729,-0.605647,-0.774938,-25.829403,-23.619808,-78.06684,168.452605,7.70729,0.19837,0.134112,-0.970908,7.86454,11.441662,0.134112,0.19837,0.970908,-7.86454,-11.441662,-0.134112,-0.19837,0.970908,-168.452605,-7.70729,-0.19837,-0.134112,-0.970908,,,
301,2026-03-01,16:12:16.84,1,2,"Anderson, Nathan",1000334530,Right,SOU_IND16,"Millard, William",10059244,Right,ALA_LIO,Undefined,8,Bottom,0,0,1,Fastball,Four-Seam,InPlay,Undefined,FlyBall,Out,1,0,,92.83167,-2.119758,-2.858277,2180.111077,207.809217,1:00,6.07982,1.96775,6.54328,-14.83926,17.05804,8.42434,2.89588,0.04629,84.27501,-4.993468,-1.33,0.406488,88.39167,44.037098,0.438467,4119.602089,109.8338,99.88621,6.04431,286.43586,280.61624,7.503357,5.81219,-5.28689,9.91607,-1.77326,50,5.92638,6.38654,-134.69277,-5.36769,-9.63562,31.41709,-14.10155,ALA_LIO,SOU_IND16,MikeDLaneField,D1,ASUN,20260301-MikeDLaneField-1,b5ac9490-15bb-11f1-b4c9-5fb64430e846,92.72697,121.26726,,8.55665,,,,1.60431,3.14702,-0.05633,2f230842-10f9-4e90-9219-1d3edf6fc0d7,2026-03-01,22:12:16.84,2026-03-01T16:12:16.8412672-06:00,2026-03-01T22:12:16.8412672Z,FlyBall,v3,471594,southernindiana,dbd82bf8479745649ba7c646edcecf86,"Wall, Micajah",1000131896,Right,SOU_IND16,8b465072-0680-4c94-8289-cccafa95abfe,53.95391,-135.61188,15.70855,6.07738,-4.95514,-7.05077,-1.96422,6.66844,-4.81781,,1.61089,93.06855,-21.24899,4.69765,-0.49562,-0.04233,0.02061,-0.0024,0.0001,3.1446,90.1535,-19.76793,1.43776,-0.24509,0.01676,0.00571,-0.00131,8E-05,-0.0571,0.72906,2.9616,-0.74048,0.10111,-0.00054,-0.00213,0.00029,-1E-05,,,,,,,,,,,,,,,,,,,,,,,High,High,High,Medium,Medium,,,,216.239542,11.67294,2135.023057,0.979318,1:15,-0.219935,-0.586024,-0.779875,13.033577,20.058148,79.704761,161.747694,5.98879,0.311493,0.104334,-0.944503,6.303579,18.149209,0.104334,0.311493,0.944503,-6.303579,-18.149209,-0.104334,-0.311493,0.944503,-161.747694,-5.98879,-0.311493,-0.104334,-0.944503,,,
302,2026-03-01,16:12:53.60,2,1,"Anderson, Nathan",1000334530,Right,SOU_IND16,"Santoyo, Justin",830518,Right,ALA_LIO,Undefined,8,Bottom,1,0,0,Fastball,Four-Seam,StrikeCalled,Undefined,Undefined,Undefined,0,0,,92.52793,-1.888351,-2.334301,2191.4718,201.604069,12:45,5.99046,2.29372,6.51764,-15.52552,16.72414,6.17248,2.96196,0.66508,83.65771,-4.895487,-1.214429,0.408728,,,,,,,,,,,,-3.94528,9.67209,-2.13348,50,5.85184,5.2168,-134.23522,-4.82314,-7.11188,32.32556,-14.73879,ALA_LIO,SOU_IND16,MikeDLaneField,D1,ASUN,20260301-MikeDLaneField-1,cb920c90-15bb-11f1-b4c9-5fb64430e846,92.21896,,,8.87022,,,,,,,2f230842-10f9-4e90-9219-1d3edf6fc0d7,2026-03-01,22:12:53.60,2026-03-01T16:12:53.6005120-06:00,2026-03-01T22:12:53.6005120Z,,v3,471594,southernindiana,dbd82bf8479745649ba7c646edcecf86,"Wall, Micajah",1000131896,Right,SOU_IND16,c903a98b-0ccb-4f06-b60f-6c275de3d6ec,53.97746,-135.18965,16.16278,5.98782,-4.38797,-7.3694,-2.29061,5.42678,-3.55594,,,,,,,,,,,,,,,,,,,,,,,,,,,,,,,,,,,,,,,,,,,,,,,,,,,High,High,High,,,,,,,,,,,,,,,,,,,,,,,,,,,,,,,,,,,,,,,
303,2026-03-01,16:13:10.15,2,2,"Anderson, Nathan",1000334530,Right,SOU_IND16,"Santoyo, Justin",830518,Right,ALA_LIO,Undefined,8,Bottom,1,0,1,Fastball,Four-Seam,InPlay,Undefined,Popup,Out,1,0,,92.63781,-2.564814,-3.760381,2178.892517,196.687419,12:30,6.06393,2.07393,6.47801,-14.37233,18.04399,5.05595,2.50448,-0.96262,83.55351,-5.361204,-2.846065,0.409782,12.31455,-36.980136,143.108678,,,,,3.17544,3.17544,111.129972,0.208375,-3.86406,10.61945,-1.81131,50,5.87661,8.61073,-134.13836,-6.37494,-6.93319,33.13201,-13.11972,ALA_LIO,SOU_IND16,MikeDLaneField,D1,ASUN,20260301-MikeDLaneField-1,d5781380-15bb-11f1-b4c9-5fb64430e846,91.98161,2.51476,,9.0843,,,,1.52624,2.51476,0.95717,2f230842-10f9-4e90-9219-1d3edf6fc0d7,2026-03-01,22:13:10.15,2026-03-01T16:13:10.1520896-06:00,2026-03-01T22:13:10.1520896Z,GroundBall,v3,471594,southernindiana,dbd82bf8479745649ba7c646edcecf86,"Wall, Micajah",1000131896,Right,SOU_IND16,ea3cc222-fa7a-469b-a594-a5b50c551e98,54.01818,-135.12721,16.56601,6.06103,-5.98338,-6.55986,-2.07139,8.81765,-3.46659,,1.56912,-12.81798,,,,,,,,2.55513,-12.06847,,,,,,,,0.92499,9.62097,,,,,,,,,,,,,,,,,,,,,,,,,,,,,,High,High,High,Estimated,Estimated,,,,211.953019,22.70772,2009.998028,0.922486,1:00,-0.414347,-0.504987,-0.757169,15.485716,25.762428,82.492032,170.177564,-4.968995,0.169954,-0.086617,-0.981638,5.04254,-9.785157,0.086617,-0.169954,0.981638,-5.04254,9.785157,-0.086617,0.169954,0.981638,-170.177564,4.968995,-0.169954,0.086617,-0.981638,,,
304,2026-03-01,16:14:27.07,3,1,"Anderson, Nathan",1000334530,Right,SOU_IND16,"Sheffield, Cayden",815545,Right,ALA_LIO,Undefined,8,Bottom,2,0,0,Fastball,Four-Seam,FoulBallNotFieldable,Undefined,Undefined,Undefined,0,0,,92.49174,-2.508783,-2.795413,2109.436825,206.974511,1:00,5.98871,2.10838,6.54027,-12.86993,19.29355,9.25654,2.61108,0.31391,83.90932,-5.028043,-1.116253,0.408181,74.05375,42.705285,155.293148,4401.981732,,,,,42.33102,,,-5.71587,11.22119,-1.91847,50,5.80898,6.18189,-134.16995,-6.18092,-10.33063,31.33144,-11.89327,ALA_LIO,SOU_IND16,MikeDLaneField,D1,ASUN,20260301-MikeDLaneField-1,033ed380-15bc-11f1-b4c9-5fb64430e846,92.34244,35.31769,,8.58242,,,,2.0735,2.62088,-0.37579,2f230842-10f9-4e90-9219-1d3edf6fc0d7,2026-03-01,22:14:27.07,2026-03-01T16:14:27.0782464-06:00,2026-03-01T22:14:27.0782464Z,,v3,471594,southernindiana,dbd82bf8479745649ba7c646edcecf86,"Wall, Micajah",1000131896,Right,SOU_IND16,3e85a26b-d423-4d8f-868c-8a9999296611,53.95717,-135.09087,15.66572,5.98551,-5.83134,-5.94664,-2.10464,6.48554,-5.16532,,2.0735,-72.50745,3.33758,1.31462,-0.74097,0.26612,-0.08092,0.02211,-0.00381,2.62088,73.66363,-33.55899,5.19632,-1.05346,0.19188,-0.03319,0.00322,0.00048,-0.37579,33.36021,-12.44794,4.58732,-1.25702,0.30518,-0.07187,0.01429,-0.00164,,,,,,,,,,,,,,,,,,,,,,,High,High,High,High,Undefined,,,,217.507311,8.509045,2086.217235,0.988993,1:15,-0.159583,-0.60806,-0.777686,-15.095769,-28.268319,-86.281886,170.936042,3.47802,0.157247,0.060666,-0.985694,3.521889,9.047124,0.060666,0.157247,0.985694,-3.521889,-9.047124,-0.060666,-0.157247,0.985694,-170.936042,-3.47802,-0.157247,-0.060666,-0.985694,,,
305,2026-03-01,16:14:48.43,3,2,"Anderson, Nathan",1000334530,Right,SOU_IND16,"Sheffield, Cayden",815545,Right,ALA_LIO,Undefined,8,Bottom,2,0,1,Fastball,Four-Seam,FoulBallNotFieldable,Undefined,Undefined,Undefined,0,0,,92.07132,-1.993387,-1.790065,2062.677863,203.782602,12:45,6.05368,2.08343,6.27855,-19.18718,13.40973,5.43957,2.61578,0.88625,83.9879,-5.629492,-0.806746,0.410922,77.05647,66.150127,68.290223,5422.69502,,,,,39.30338,,,-3.3591,7.87382,-1.95391,50,5.89712,3.95606,-133.68967,-5.23241,-6.05369,29.9581,-17.98399,ALA_LIO,SOU_IND16,MikeDLaneField,D1,ASUN,20260301-MikeDLaneField-1,0ffa1a80-15bc-11f1-b4c9-5fb64430e846,91.72647,81.20107,,8.08342,,,,1.98696,2.67177,-0.89434,2f230842-10f9-4e90-9219-1d3edf6fc0d7,2026-03-01,22:14:48.43,2026-03-01T16:14:48.4353024-06:00,2026-03-01T22:14:48.4353024Z,,v3,471594,southernindiana,dbd82bf8479745649ba7c646edcecf86,"Wall, Micajah",1000131896,Right,SOU_IND16,9e95378f-2435-4d38-ba9b-4c3be18aaa0d,54.21927,-134.63184,14.97905,6.05278,-4.66683,-8.992,-2.08132,4.14644,-3.02685,,1.98695,16.90586,-11.51393,4.17577,-3.63727,6.53047,-7.46966,4.40934,-1.0447,2.67177,103.36525,-27.62271,3.25923,-0.47782,-0.26269,0.44988,-0.28943,0.07202,-0.89434,42.45555,-4.06213,0.53256,0.19798,-0.59596,0.71666,-0.43047,0.10326,,,,,,,,,,,,,,,,,,,,,,,High,High,High,Medium,Undefined,,,,214.032639,24.192039,1881.527438,0.912177,1:15,-0.415213,-0.524459,-0.743331,-34.341425,-5.831344,-79.596085,158.658979,1.580218,0.36378,0.027577,-0.931077,1.696483,21.332508,0.027577,0.36378,0.931077,-1.696483,-21.332508,-0.027577,-0.36378,0.931077,-158.658979,-1.580218,-0.36378,-0.027577,-0.931077,,,
306,2026-03-01,16:15:07.88,3,3,"Anderson, Nathan",1000334530,Right,SOU_IND16,"Sheffield, Cayden",815545,Right,ALA_LIO,Undefined,8,Bottom,2,0,2,Slider,Slider,BallCalled,Undefined,Undefined,Undefined,0,0,,84.77716,-2.139918,-2.989049,2358.876021,107.564152,9:30,5.9052,2.23748,6.28892,-35.18344,3.38634,-6.77162,0.99763,-1.08384,77.81342,-8.644057,-4.212514,0.446987,,,,,,,,,,,,2.64213,2.77441,-2.01418,50,5.73064,6.6766,-122.97463,-5.69904,4.02144,25.76733,-27.95123,ALA_LIO,SOU_IND16,MikeDLaneField,D1,ASUN,20260301-MikeDLaneField-1,1b8a27f0-15bc-11f1-b4c9-5fb64430e846,84.32555,,,6.96374,,,,,,,2f230842-10f9-4e90-9219-1d3edf6fc0d7,2026-03-01,22:15:07.88,2026-03-01T16:15:07.8858752-06:00,2026-03-01T22:15:07.8858752Z,,v3,471594,southernindiana,dbd82bf8479745649ba7c646edcecf86,"Wall, Micajah",1000131896,Right,SOU_IND16,7cf4d2ab-b1b2-40e6-b0e9-c98cb335d2b3,54.20888,-123.8534,12.88367,5.90874,-4.7458,-13.97562,-2.23954,6.53946,2.01072,,,,,,,,,,,,,,,,,,,,,,,,,,,,,,,,,,,,,,,,,,,,,,,,,,,High,High,High,,,,,,183.304059,67.041458,920.114887,0.390065,12:00,-0.938361,-0.056848,-0.34095,-89.031446,-11.411279,-44.792821,135.992399,-11.463909,0.680894,-0.198751,-0.704899,15.746133,-42.913506,0.198751,-0.680894,0.704899,-15.746133,42.913506,-0.198751,0.680894,0.704899,-135.992399,11.463909,-0.680894,0.198751,-0.704899,,,
307,2026-03-01,16:15:26.30,3,4,"Anderson, Nathan",1000334530,Right,SOU_IND16,"Sheffield, Cayden",815545,Right,ALA_LIO,Undefined,8,Bottom,2,1,2,Fastball,Four-Seam,BallCalled,Undefined,Undefined,Undefined,0,0,,92.75508,-0.452618,-2.070724,2160.600891,204.747099,12:45,6.1905,1.98872,6.3839,-17.39273,14.55312,6.23335,4.32447,0.60253,84.47333,-3.779541,-0.942471,0.406798,,,,,,,,,,,,-3.82433,8.01886,-1.84228,50,6.14966,4.61027,-134.73568,-1.55887,-7.0089,30.09695,-17.47773,ALA_LIO,SOU_IND16,MikeDLaneField,D1,ASUN,20260301-MikeDLaneField-1,267e4380-15bc-11f1-b4c9-5fb64430e846,92.65642,,,8.28174,,,,,,,2f230842-10f9-4e90-9219-1d3edf6fc0d7,2026-03-01,22:15:26.30,2026-03-01T16:15:26.3014912-06:00,2026-03-01T22:15:26.3014912Z,,v3,471594,southernindiana,dbd82bf8479745649ba7c646edcecf86,"Wall, Micajah",1000131896,Right,SOU_IND16,69575a91-f6cf-4040-87bd-0d1c2c5a7454,54.1122,-135.65114,15.04847,6.18899,-1.02725,-8.73886,-1.98576,4.82346,-3.50445,,,,,,,,,,,,,,,,,,,,,,,,,,,,,,,,,,,,,,,,,,,,,,,,,,,High,High,High,,,,,,212.439142,16.469848,2071.949413,0.958969,1:00,-0.3085,-0.516618,-0.798708,24.19847,18.142889,88.315604,165.40869,6.312246,0.250395,0.109947,-0.96188,6.520835,14.500905,0.109947,0.250395,0.96188,-6.520835,-14.500905,-0.109947,-0.250395,0.96188,-165.40869,-6.312246,-0.250395,-0.109947,-0.96188,,,
308,2026-03-01,16:15:48.64,3,5,"Anderson, Nathan",1000334530,Right,SOU_IND16,"Sheffield, Cayden",815545,Right,ALA_LIO,Undefined,8,Bottom,2,2,2,Fastball,Four-Seam,StrikeCalled,Strikeout,Undefined,Undefined,0,0,,91.50045,-2.84764,-3.866926,2163.970205,208.32866,1:00,5.89411,2.12621,6.79385,-14.81576,17.77135,8.98056,2.05228,-0.66021,83.16583,-5.727829,-2.232745,0.41086,,,,,,,,,,,,-5.87339,10.57016,-1.87802,50,5.70291,8.61154,-132.59446,-6.94628,-10.38742,30.09661,-13.48014,ALA_LIO,SOU_IND16,MikeDLaneField,D1,ASUN,20260301-MikeDLaneField-1,33e0ee10-15bc-11f1-b4c9-5fb64430e846,91.74028,,,8.33462,,,,,,,2f230842-10f9-4e90-9219-1d3edf6fc0d7,2026-03-01,22:15:48.64,2026-03-01T16:15:48.6440000-06:00,2026-03-01T22:15:48.6440000Z,,v3,471594,southernindiana,dbd82bf8479745649ba7c646edcecf86,"Wall, Micajah",1000131896,Right,SOU_IND16,38ec6bb5-7a23-4bce-bb5a-984e8f4a3721,53.70217,-133.43214,15.0483,5.89102,-6.57109,-6.74007,-2.12173,8.90065,-5.19371,,,,,,,,,,,,,,,,,,,,,,,,,,,,,69.4083,,,0.965112,,,,0.16286,5.16437,1.246,72.28532,4.6621,-52.4931,0.18656,78.70598,-4.14351,5.19997,13.37222,-14.42928,1.19085,-62.00331,6.6046,High,High,High,,,High,High,High,213.168312,12.722344,2110.842001,0.975449,1:00,-0.248067,-0.54395,-0.801611,9.89785,27.419418,79.292983,171.550496,1.652405,0.146877,0.028836,-0.988734,1.670527,8.445965,0.028836,0.146877,0.988734,-1.670527,-8.445965,-0.028836,-0.146877,0.988734,-171.550496,-1.652405,-0.146877,-0.028836,-0.988734,,,
309,2026-03-01,16:19:12.11,1,1,"Crumpton, Kelly",1000072142,Right,ALA_LIO,"Holiday, Khi",833396,Right,SOU_IND16,Undefined,9,Top,0,0,0,Fastball,Four-Seam,StrikeCalled,Undefined,Undefined,Undefined,0,0,,94.0223,-1.693242,-1.966882,2312.50296,222.925038,1:30,5.66661,1.63681,5.64634,-16.55887,15.90017,13.66532,2.70594,0.94025,84.468,-4.850899,0.473837,0.410052,,,,,,,,,,,,-7.48103,8.92812,-1.47838,50,5.51258,4.01893,-136.15616,-4.55099,-13.80847,34.56274,-15.69454,ALA_LIO,SOU_IND16,MikeDLaneField,D1,ASUN,20260301-MikeDLaneField-1,ad1ed530-15bc-11f1-b4c9-5fb64430e846,91.92104,,,9.55429,,,,,,,2f230842-10f9-4e90-9219-1d3edf6fc0d7,2026-03-01,22:19:12.11,2026-03-01T16:19:12.1107968-06:00,2026-03-01T22:19:12.1107968Z,,v3,471594,southernindiana,dbd82bf8479745649ba7c646edcecf86,"Millard, William",10059244,Right,ALA_LIO,bf3b40a7-2602-4e93-8cc8-6f1ffb77b4ef,54.84687,-137.38101,17.28137,5.664,-3.9948,-7.84727,-1.62948,4.50829,-6.90424,,,,,,,,,,,,,,,,,,,,,,,,,,,,,,,,,,,,,,,,,,,,,,,,,,,High,High,High,,,,,,232.832266,1.870363,2311.270933,0.999467,1:45,-0.029809,-0.797062,-0.603161,101.377414,17.17585,18.618015,149.864753,5.291054,0.499904,0.092215,-0.861158,6.112097,29.99363,0.092215,0.499904,0.861158,-6.112097,-29.99363,-0.092215,-0.499904,0.861158,-149.864753,-5.291054,-0.499904,-0.092215,-0.861158,,,
310,2026-03-01,16:19:29.70,1,2,"Crumpton, Kelly",1000072142,Right,ALA_LIO,"Holiday, Khi",833396,Right,SOU_IND16,Undefined,9,Top,0,0,1,Slider,Slider,BallCalled,Undefined,Undefined,Undefined,0,0,,84.95547,-1.046908,-4.078341,2491.557898,46.104826,7:30,5.50849,1.92712,5.42402,-41.09565,-0.50138,-2.1613,1.10069,-2.07935,76.28382,-8.561587,-4.461823,0.458568,,,,,,,,,,,,-0.37409,0.60504,-1.56326,50,5.38735,8.8419,-122.68694,-3.75061,-0.55499,30.29848,-31.27643,ALA_LIO,SOU_IND16,MikeDLaneField,D1,ASUN,20260301-MikeDLaneField-1,b7b4f240-15bc-11f1-b4c9-5fb64430e846,82.19598,,,8.67164,,,,,,,2f230842-10f9-4e90-9219-1d3edf6fc0d7,2026-03-01,22:19:29.70,2026-03-01T16:19:29.7049088-06:00,2026-03-01T22:19:29.7049088Z,,v3,471594,southernindiana,dbd82bf8479745649ba7c646edcecf86,"Millard, William",10059244,Right,ALA_LIO,8715015a-6b01-4ba4-976b-cfe960bb44f9,55.07,-123.93269,15.14924,5.51512,-2.46465,-15.63822,-1.92728,8.86472,-0.27749,,,,,,,,,,,,,,,,,,,,,,,,,,,,,,,,,,,,,,,,,,,,,,,,,,,High,High,High,,,,,,,,,,,,,,,,,,,,,,,,,,,,,,,,,,,,,,,
311,2026-03-01,16:19:48.14,1,3,"Crumpton, Kelly",1000072142,Right,ALA_LIO,"Holiday, Khi",833396,Right,SOU_IND16,Undefined,9,Top,0,1,1,Slider,Slider,StrikeSwinging,Undefined,Undefined,Undefined,0,0,,82.56652,-1.12573,-2.972998,2462.600397,46.93481,7:30,5.59411,1.92956,5.53847,-45.42554,-3.36217,-5.1263,0.75495,-1.2788,75.41539,-9.390508,-3.887163,0.466792,,,,,,,,,,,,1.66429,-0.93709,-1.66808,50,5.46624,6.42143,-119.63169,-3.95426,2.38236,25.7186,-33.51545,ALA_LIO,SOU_IND16,MikeDLaneField,D1,ASUN,20260301-MikeDLaneField-1,c2986c00-15bc-11f1-b4c9-5fb64430e846,80.74785,,,7.15113,,,,,,,2f230842-10f9-4e90-9219-1d3edf6fc0d7,2026-03-01,22:19:48.14,2026-03-01T16:19:48.1455616-06:00,2026-03-01T22:19:48.1455616Z,,v3,471594,southernindiana,dbd82bf8479745649ba7c646edcecf86,"Millard, William",10059244,Right,ALA_LIO,096b0579-989e-4dc9-8c95-8faf4cddb4cd,54.95953,-120.69319,12.8593,5.6009,-2.57095,-16.75773,-1.93109,6.3231,1.19118,,,,,,,,,,,,,,,,,,,,,,,,,,,,,,,,,,,,,,,,,,,,,,,,,,,High,High,High,,,,,,119.758348,75.365159,622.195123,0.252658,10:00,-0.976875,0.200288,-0.07484,64.650731,-16.581261,-57.096732,164.808694,43.745349,0.189305,0.691454,-0.697176,44.763924,10.912224,0.691454,0.189305,0.697176,-44.763924,-10.912224,-0.691454,-0.189305,0.697176,-164.808694,-43.745349,-0.189305,-0.691454,-0.697176,,,
312,2026-03-01,16:20:33.08,1,4,"Crumpton, Kelly",1000072142,Right,ALA_LIO,"Holiday, Khi",833396,Right,SOU_IND16,Undefined,9,Top,0,1,2,Fastball,Four-Seam,InPlay,Undefined,LineDrive,Single,0,0,,95.93978,-1.697764,-3.129297,2504.891122,222.33854,1:30,5.90579,1.49718,5.61896,-14.07107,17.21099,14.60757,3.14597,-0.20878,86.00452,-4.408578,-0.525427,0.402549,90.34232,14.584492,11.895338,2489.915082,106.00238,20.95249,29.3842,227.79285,227.79285,19.464304,2.356402,-8.4176,9.60398,-1.23962,50,5.75208,6.88961,-138.82889,-4.55221,-16.12885,36.36143,-13.772,ALA_LIO,SOU_IND16,MikeDLaneField,D1,ASUN,20260301-MikeDLaneField-1,dd5eab80-15bc-11f1-b4c9-5fb64430e846,93.63433,21.17973,,9.93526,,,,1.00563,3.14722,0.17967,2f230842-10f9-4e90-9219-1d3edf6fc0d7,2026-03-01,22:20:33.08,2026-03-01T16:20:33.0810880-06:00,2026-03-01T22:20:33.0810880Z,LineDrive,v3,471594,southernindiana,dbd82bf8479745649ba7c646edcecf86,"Millard, William",10059244,Right,ALA_LIO,7ca7028b-3c0d-4742-97c1-626298d8bf4d,54.87636,-140.10026,18.18072,5.90283,-4.07068,-6.886,-1.49037,7.45355,-8.06443,238.543766,1.00558,125.48275,-22.55208,5.11004,-1.3644,0.52191,-0.19357,0.04411,-0.00427,3.14731,33.35853,-16.08319,0.4262,0.48643,-0.50069,0.24771,-0.06213,0.00632,0.17976,26.42558,4.93184,-2.06275,1.02953,-0.6093,0.26487,-0.06413,0.00643,,,,,,,,,,,,,,,,,,,,,,,High,High,High,High,High,,,,197.699146,-1.467895,2504.069106,0.999672,12:30,-0.01743,-0.303027,-0.952823,1.844579,-8.193674,-29.156105,179.612834,17.769882,0.006435,0.305195,-0.952268,17.770263,0.368694,0.305195,0.006435,0.952268,-17.770263,-0.368694,-0.305195,-0.006435,0.952268,-179.612834,-17.769882,-0.006435,-0.305195,-0.952268,,,
313,2026-03-01,16:21:05.29,2,1,"Crumpton, Kelly",1000072142,Right,ALA_LIO,"Slack, Clayton",1000132133,Right,SOU_IND16,Undefined,9,Top,0,0,0,Fastball,Sinker,StrikeCalled,Undefined,Undefined,Undefined,0,0,,94.46247,-2.423019,-2.51663,2302.986593,231.276345,1:45,5.84879,1.84793,5.55266,-18.22903,14.17493,16.13328,2.06214,0.83935,84.71471,-5.870434,0.359408,0.409704,,,,,,,,,,,,-8.89205,8.30453,-1.64074,50,5.62733,5.21846,-136.63267,-6.40342,-16.48437,35.53262,-16.77887,ALA_LIO,SOU_IND16,MikeDLaneField,D1,ASUN,20260301-MikeDLaneField-1,f0994ed0-15bc-11f1-b4c9-5fb64430e846,91.99914,,,9.74777,,,,,,,2f230842-10f9-4e90-9219-1d3edf6fc0d7,2026-03-01,22:21:05.29,2026-03-01T16:21:05.2931072-06:00,2026-03-01T22:21:05.2931072Z,,v3,471594,southernindiana,dbd82bf8479745649ba7c646edcecf86,"Millard, William",10059244,Right,ALA_LIO,acf879c7-463d-4f94-9af3-74f32d82d77b,54.94068,-137.91156,17.76631,5.84694,-5.79951,-8.38943,-1.83924,5.81176,-8.24219,,,,,,,,,,,,,,,,,,,,,,,,,,,,,,,,,,,,,,,,,,,,,,,,,,,High,High,High,,,,,,232.896038,-7.448204,2283.555035,0.991562,1:45,0.136525,-0.784625,-0.604751,-37.106305,-69.70956,-24.080436,155.305191,8.484848,0.413212,0.147548,-0.898602,9.324597,24.406773,0.147548,0.413212,0.898602,-9.324597,-24.406773,-0.147548,-0.413212,0.898602,-155.305191,-8.484848,-0.413212,-0.147548,-0.898602,,,
314,2026-03-01,16:21:25.68,2,2,"Crumpton, Kelly",1000072142,Right,ALA_LIO,"Slack, Clayton",1000132133,Right,SOU_IND16,Undefined,9,Top,0,0,1,Slider,Slider,StrikeCalled,Undefined,Undefined,Undefined,0,0,,84.56545,0.302971,-1.52911,2524.551629,91.115236,9:00,5.74534,1.94449,5.06519,-39.47549,1.62402,-4.70138,2.74149,0.11058,76.07215,-6.910793,-2.360269,0.461413,,,,,,,,,,,,1.80028,1.18799,-1.79542,50,5.74336,3.48103,-122.39059,-0.85538,2.67638,28.6381,-30.40792,ALA_LIO,SOU_IND16,MikeDLaneField,D1,ASUN,20260301-MikeDLaneField-1,fcca0910-15bc-11f1-b4c9-5fb64430e846,81.68919,,,8.49331,,,,,,,2f230842-10f9-4e90-9219-1d3edf6fc0d7,2026-03-01,22:21:25.68,2026-03-01T16:21:25.6814592-06:00,2026-03-01T22:21:25.6814592Z,,v3,471594,southernindiana,dbd82bf8479745649ba7c646edcecf86,"Millard, William",10059244,Right,ALA_LIO,2e1f4247-5b91-4db3-a55a-7f115699c3bb,55.42858,-123.6543,14.31905,5.7515,0.48642,-15.20396,-1.94642,3.36294,1.33819,,,,,,,,,,,,,,,,,,,,,,,,,,,,,,,,,,,,,,,,,,,,,,,,,,,High,High,High,,,,,,104.552554,79.846668,445.035653,0.176283,9:30,-0.984255,0.17583,-0.018036,94.256096,27.495692,-34.78541,138.043928,52.921141,0.403084,0.797806,-0.448361,60.664334,23.771138,0.797806,0.403084,0.448361,-60.664334,-23.771138,-0.797806,-0.403084,0.448361,-138.043928,-52.921141,-0.403084,-0.797806,-0.448361,,,
315,2026-03-01,16:21:49.07,2,3,"Crumpton, Kelly",1000072142,Right,ALA_LIO,"Slack, Clayton",1000132133,Right,SOU_IND16,Undefined,9,Top,0,0,2,Slider,Slider,BallCalled,Undefined,Undefined,Undefined,0,0,,84.92614,-0.65576,-4.388218,2424.907921,85.206771,8:45,5.60275,2.18261,5.48626,-39.1677,0.91894,-5.81252,1.72345,-2.41519,77.07716,-7.810421,-5.418768,0.455692,,,,,,,,,,,,1.51354,1.09583,-1.79339,50,5.51882,9.66964,-122.78622,-2.81717,2.27583,27.72931,-30.52633,ALA_LIO,SOU_IND16,MikeDLaneField,D1,ASUN,20260301-MikeDLaneField-1,0ac968d0-15bd-11f1-b4c9-5fb64430e846,82.71475,,,7.84898,,,,,,,2f230842-10f9-4e90-9219-1d3edf6fc0d7,2026-03-01,22:21:49.07,2026-03-01T16:21:49.0750000-06:00,2026-03-01T22:21:49.0750000Z,,v3,471594,southernindiana,dbd82bf8479745649ba7c646edcecf86,"Millard, William",10059244,Right,ALA_LIO,95abf750-93c3-432d-b2c1-8b58e47f636c,55.00994,-123.91246,13.86465,5.60806,-1.57732,-15.26316,-2.18426,9.57721,1.13791,,,,,,,,,,,,,,,,,,,,,,,,,,,,,76.10341,,0.715981,,-0.53052,1.45018,2.60054,-1.31597,4.12739,3.43498,,,,-1.25512,110.38724,-10.0276,4.14528,7.87154,-12.80521,3.41922,-3.35703,1.9492,High,High,High,,,High,High,Medium,160.555049,80.521946,399.309136,0.16467,11:15,-0.995899,0.043526,-0.07931,56.430296,-6.090025,-36.665571,147.324441,56.032752,0.301642,0.829357,-0.470297,60.444085,17.556246,0.829357,0.301642,0.470297,-60.444085,-17.556246,-0.829357,-0.301642,0.470297,-147.324441,-56.032752,-0.301642,-0.829357,-0.470297,,,
316,2026-03-01,16:22:22.29,2,4,"Crumpton, Kelly",1000072142,Right,ALA_LIO,"Slack, Clayton",1000132133,Right,SOU_IND16,Undefined,9,Top,0,1,2,Fastball,Sinker,InPlay,Undefined,GroundBall,Out,1,0,,95.17924,-1.263419,-2.049893,2369.738535,239.278939,2:00,5.82312,1.55915,5.6426,-21.10316,10.42737,15.65808,2.88505,0.951,85.92791,-5.216213,0.747324,0.404145,13.35185,-35.179273,-135.049659,,,,,5.06585,5.89375,-50.392659,0.248056,-8.60036,6.01185,-1.39535,50,5.7026,4.20592,-137.97208,-3.80564,-16.35609,34.53653,-20.74079,ALA_LIO,SOU_IND16,MikeDLaneField,D1,ASUN,20260301-MikeDLaneField-1,1e7607d0-15bd-11f1-b4c9-5fb64430e846,93.26473,3.12465,,9.25133,,,,,,,2f230842-10f9-4e90-9219-1d3edf6fc0d7,2026-03-01,22:22:22.29,2026-03-01T16:22:22.2971904-06:00,2026-03-01T22:22:22.2971904Z,GroundBall,v3,471594,southernindiana,dbd82bf8479745649ba7c646edcecf86,"Millard, William",10059244,Right,ALA_LIO,66d18dfa-b371-4428-93ca-f027d3e6b709,54.85428,-139.18188,17.26826,5.82318,-3.0791,-10.37039,-1.55272,4.77886,-8.17804,180,6.4195,-12.64727,,,,,,,,3.17711,-12.59654,,,,,,,,-0.71851,-12.62536,,,,,,,,,,,,,,,,,,,,,,,,,,,,,,High,High,High,Low,Low,,,,229.326479,6.393118,2355.001844,0.993781,1:45,-0.117811,-0.755991,-0.643893,54.91985,-30.102014,69.273669,95.876205,76.129079,0.238476,0.970838,-0.024544,88.551802,13.796589,0.970838,0.238476,0.024544,-88.551802,-13.796589,-0.970838,-0.238476,0.024544,-95.876205,-76.129079,-0.238476,-0.970838,-0.024544,,,
317,2026-03-01,16:22:56.11,3,1,"Crumpton, Kelly",1000072142,Right,ALA_LIO,"McLellan, Patrick",1000305136,Right,SOU_IND16,Undefined,9,Top,1,0,0,Slider,Slider,BallCalled,Undefined,Undefined,Undefined,0,0,,83.70123,0.744763,-3.908508,2292.115252,36.741935,7:15,5.61388,1.86802,5.45672,-46.72735,-5.42607,-5.13721,2.41875,-2.22436,75.83151,-7.77286,-4.819959,0.462544,,,,,,,,,,,,1.29858,-2.48756,-1.51951,50,5.64802,8.49258,-121.08603,-0.13743,1.8969,27.19705,-35.80776,ALA_LIO,SOU_IND16,MikeDLaneField,D1,ASUN,20260301-MikeDLaneField-1,32a9ff40-15bd-11f1-b4c9-5fb64430e846,81.4894,,,7.86972,,,,,,,2f230842-10f9-4e90-9219-1d3edf6fc0d7,2026-03-01,22:22:56.11,2026-03-01T16:22:56.1136640-06:00,2026-03-01T22:22:56.1136640Z,,v3,471594,southernindiana,dbd82bf8479745649ba7c646edcecf86,"Millard, William",10059244,Right,ALA_LIO,a8bb65a6-78ee-4a46-83e5-31eac6861c9a,55.03977,-122.21277,13.59852,5.62298,1.34603,-17.90388,-1.86972,8.41399,0.94845,,,,,,,,,,,,,,,,,,,,,,,,,,,,,,,,,,,,,,,,,,,,,,,,,,,High,High,High,,,,,,110.018489,80.233365,388.824429,0.169636,9:45,-0.985023,0.172183,0.009093,87.409215,5.56695,-64.357999,174.108758,35.398786,0.083666,0.579264,-0.810835,35.542174,4.799341,0.579264,0.083666,0.810835,-35.542174,-4.799341,-0.579264,-0.083666,0.810835,-174.108758,-35.398786,-0.083666,-0.579264,-0.810835,,,
318,2026-03-01,16:23:15.16,3,2,"Crumpton, Kelly",1000072142,Right,ALA_LIO,"McLellan, Patrick",1000305136,Right,SOU_IND16,Undefined,9,Top,1,1,0,Fastball,Sinker,StrikeCalled,Undefined,Undefined,Undefined,0,0,,96.49993,-1.906275,-3.248918,2286.982843,230.921647,1:45,6.04992,1.40163,5.96888,-16.08804,14.25091,16.21229,2.9384,-0.26272,87.08218,-4.976987,-0.339526,0.396435,,,,,,,,,,,,-9.25548,8.20544,-1.15266,50,5.88974,7.17378,-139.7717,-5.16426,-18.09091,35.01481,-16.13561,ALA_LIO,SOU_IND16,MikeDLaneField,D1,ASUN,20260301-MikeDLaneField-1,3df38dd0-15bd-11f1-b4c9-5fb64430e846,95.07854,,,9.41776,,,,,,,2f230842-10f9-4e90-9219-1d3edf6fc0d7,2026-03-01,22:23:15.16,2026-03-01T16:23:15.1660544-06:00,2026-03-01T22:23:15.1660544Z,,v3,471594,southernindiana,dbd82bf8479745649ba7c646edcecf86,"Millard, William",10059244,Right,ALA_LIO,3388e38f-9c7a-4f90-be32-6c70a8398641,54.52647,-140.90109,17.50741,6.04792,-4.64382,-8.06781,-1.39346,7.75729,-9.04545,,,,,,,,,,,,,,,,,,,,,,,,,,,,,,,,,,,,,,,,,,,,,,,,,,,High,High,High,,,,,,222.297436,16.313862,2194.902878,0.959737,1:30,-0.299073,-0.65487,-0.694046,57.862267,-44.109549,58.391164,147.121032,84.913177,0.048133,0.996061,-0.074463,85.724681,2.758904,0.996061,0.048133,0.074463,-85.724681,-2.758904,-0.996061,-0.048133,0.074463,-147.121032,-84.913177,-0.048133,-0.996061,-0.074463,,,
319,2026-03-01,16:23:33.68,3,3,"Crumpton, Kelly",1000072142,Right,ALA_LIO,"McLellan, Patrick",1000305136,Right,SOU_IND16,Undefined,9,Top,1,1,1,Fastball,Sinker,InPlay,Undefined,GroundBall,Single,0,1,,95.48932,-1.932672,-3.068417,2294.561139,237.852905,2:00,5.95251,1.60093,5.6974,-21.94096,9.26394,13.02264,2.31985,-0.17593,86.58355,-6.023369,-0.741909,0.402053,89.06216,-60.422766,-78.512863,,,,,2.12676,1.65849,-30.633831,0.021235,-7.59666,5.61032,-1.35163,50,5.77648,6.81885,-138.34602,-5.47432,-14.58339,33.59625,-21.40383,ALA_LIO,SOU_IND16,MikeDLaneField,D1,ASUN,20260301-MikeDLaneField-1,49078d70-15bd-11f1-b4c9-5fb64430e846,93.75003,2.41761,,8.90577,,,,1.5567,2.41761,0.26095,2f230842-10f9-4e90-9219-1d3edf6fc0d7,2026-03-01,22:23:33.68,2026-03-01T16:23:33.6824320-06:00,2026-03-01T22:23:33.6824320Z,GroundBall,v3,471594,southernindiana,dbd82bf8479745649ba7c646edcecf86,"Millard, William",10059244,Right,ALA_LIO,6c4f2c06-270c-4793-8b1a-962b6704e03e,54.80055,-139.50693,16.79812,5.95286,-4.73472,-10.70192,-1.59596,7.32277,-7.2917,,1.5566,12.86842,,,,,,,,2.41846,-113.85245,,,,,,,,0.26142,-63.32305,,,,,,,,,,,,,,,,,,,,,,,,,,,,,,High,High,High,Low,Low,,,,225.971536,10.603811,2255.377173,0.982923,1:30,-0.196416,-0.71252,-0.673599,66.145544,-33.075747,61.051975,111.238334,75.87052,0.227534,0.969747,-0.08843,84.789685,13.151942,0.969747,0.227534,0.08843,-84.789685,-13.151942,-0.969747,-0.227534,0.08843,-111.238334,-75.87052,-0.227534,-0.969747,-0.08843,,,
320,2026-03-01,16:24:12.30,4,1,"Crumpton, Kelly",1000072142,Right,ALA_LIO,"Martin, Parker",10058402,Right,SOU_IND16,Undefined,9,Top,1,0,0,Fastball,Sinker,BallCalled,Undefined,Undefined,Undefined,0,0,,96.21032,-0.906583,-1.43722,2362.004871,227.275442,1:30,5.90274,1.6954,5.45132,-17.60371,13.44812,13.36934,3.58672,1.46376,86.79201,-4.225035,0.942695,0.401065,,,,,,,,,,,,-7.13717,7.36256,-1.57789,50,5.811,2.83921,-139.45093,-2.83255,-13.88175,34.95244,-17.85395,ALA_LIO,SOU_IND16,MikeDLaneField,D1,ASUN,20260301-MikeDLaneField-1,6005c870-15bd-11f1-b4c9-5fb64430e846,93.98083,,,9.4183,,,,,,,2f230842-10f9-4e90-9219-1d3edf6fc0d7,2026-03-01,22:24:12.30,2026-03-01T16:24:12.3070464-06:00,2026-03-01T22:24:12.3070464Z,,v3,471594,southernindiana,dbd82bf8479745649ba7c646edcecf86,"Millard, William",10059244,Right,ALA_LIO,16fd02ef-6a48-40db-a585-e1b1914d6ef9,55.04374,-140.70942,17.47622,5.90141,-2.18969,-8.92697,-1.68912,3.33904,-6.94088,,,,,,,,,,,,,,,,,,,,,,,,,,,,,,,,,,,,,,,,,,,,,,,,,,,High,High,High,,,,,,226.215051,7.113063,2343.826246,0.992304,1:30,-0.129664,-0.718255,-0.683591,-105.736894,31.731456,43.368072,141.457823,-77.036823,0.139775,-0.974514,-0.175456,79.793579,-8.034807,0.974514,-0.139775,0.175456,-79.793579,8.034807,-0.974514,0.139775,0.175456,-141.457823,77.036823,-0.139775,0.974514,-0.175456,,,
321,2026-03-01,16:24:48.28,4,2,"Crumpton, Kelly",1000072142,Right,ALA_LIO,"Martin, Parker",10058402,Right,SOU_IND16,Undefined,9,Top,1,1,0,Fastball,Sinker,BallCalled,Undefined,Undefined,Undefined,0,0,,94.48623,0.00062,-1.526348,2456.848984,234.707421,1:45,5.68779,2.1399,5.47887,-19.74659,12.53446,16.04493,4.04282,2.04848,84.87196,-3.719168,1.330866,0.408926,,,,,,,,,,,,-8.47245,6.63953,-2.01673,50,5.6748,2.85721,-136.89898,-0.69849,-15.82175,34.72656,-19.77514,ALA_LIO,SOU_IND16,MikeDLaneField,D1,ASUN,20260301-MikeDLaneField-1,7570b940-15bd-11f1-b4c9-5fb64430e846,92.17415,,,9.61427,,,,,,,2f230842-10f9-4e90-9219-1d3edf6fc0d7,2026-03-01,22:24:48.28,2026-03-01T16:24:48.2827264-06:00,2026-03-01T22:24:48.2827264Z,,v3,471594,southernindiana,dbd82bf8479745649ba7c646edcecf86,"Millard, William",10059244,Right,ALA_LIO,0bf40c99-d4f2-44cb-b59c-a7b0cdd949b6,55.01471,-138.16519,17.36328,5.68713,0.02256,-9.88757,-2.13143,3.4341,-7.91087,,,,,,,,,,,,,,,,,,,,,,,,,,,,,,,,,,,,,,,,,,,,,,,,,,,High,High,High,,,,,,232.868193,1.731291,2455.727455,0.999544,1:45,-0.046282,-0.796885,-0.602356,106.19595,4.451631,13.358647,157.223344,10.441025,0.38073,0.181223,-0.906754,11.302188,22.378888,0.181223,0.38073,0.906754,-11.302188,-22.378888,-0.181223,-0.38073,0.906754,-157.223344,-10.441025,-0.38073,-0.181223,-0.906754,,,
322,2026-03-01,16:25:10.53,4,3,"Crumpton, Kelly",1000072142,Right,ALA_LIO,"Martin, Parker",10058402,Right,SOU_IND16,Undefined,9,Top,1,2,0,Fastball,Four-Seam,StrikeCalled,Undefined,Undefined,Undefined,0,0,,95.41679,-2.314539,-3.134137,2478.787653,215.220214,1:15,5.7833,1.67902,5.69814,-14.92855,16.66119,10.91304,2.37805,-0.33501,85.53772,-5.180303,-1.186131,0.404524,,,,,,,,,,,,-6.5304,9.54461,-1.42246,50,5.57964,7.03013,-137.98784,-6.04058,-12.35571,36.05663,-14.11539,ALA_LIO,SOU_IND16,MikeDLaneField,D1,ASUN,20260301-MikeDLaneField-1,82c13b60-15bd-11f1-b4c9-5fb64430e846,93.1772,,,9.87907,,,,,,,2f230842-10f9-4e90-9219-1d3edf6fc0d7,2026-03-01,22:25:10.53,2026-03-01T16:25:10.5330176-06:00,2026-03-01T22:25:10.5330176Z,,v3,471594,southernindiana,dbd82bf8479745649ba7c646edcecf86,"Millard, William",10059244,Right,ALA_LIO,3713250e-d3ac-4773-b2dc-d212a7b18248,54.79521,-139.2352,18.02832,5.78016,-5.55226,-7.05769,-1.67305,7.45758,-6.17786,,,,,,,,,,,,,,,,,,,,,,,,,,,,,,,,,,,,,,,,,,,,,,,,,,,High,High,High,,,,,,226.164284,0.442167,2478.71384,0.99997,1:30,-0.016478,-0.72103,-0.692708,-43.072541,57.972114,18.930037,152.756509,-5.799505,0.45543,-0.101048,-0.884519,6.517236,-27.092594,0.101048,-0.45543,0.884519,-6.517236,27.092594,-0.101048,0.45543,0.884519,-152.756509,5.799505,-0.45543,0.101048,-0.884519,,,
323,2026-03-01,16:25:32.78,4,4,"Crumpton, Kelly",1000072142,Right,ALA_LIO,"Martin, Parker",10058402,Right,SOU_IND16,Undefined,9,Top,1,2,1,Fastball,Sinker,StrikeCalled,Undefined,Undefined,Undefined,0,0,,94.15585,-0.619574,-2.010818,2260.282277,246.031639,2:15,5.74033,1.71557,5.57988,-25.39702,6.71882,12.67292,3.04491,0.89296,85.46611,-5.327241,0.250601,0.407879,,,,,,,,,,,,-6.95611,3.92272,-1.55084,50,5.67069,4.19024,-136.54937,-2.44224,-13.04006,32.06907,-24.82049,ALA_LIO,SOU_IND16,MikeDLaneField,D1,ASUN,20260301-MikeDLaneField-1,900d9ed0-15bd-11f1-b4c9-5fb64430e846,92.41092,,,8.68974,,,,,,,2f230842-10f9-4e90-9219-1d3edf6fc0d7,2026-03-01,22:25:32.78,2026-03-01T16:25:32.7875072-06:00,2026-03-01T22:25:32.7875072Z,,v3,471594,southernindiana,dbd82bf8479745649ba7c646edcecf86,"Millard, William",10059244,Right,ALA_LIO,ea4b4431-553b-4dca-9cd9-229b267e935d,54.91586,-137.69903,16.03453,5.74229,-1.55244,-12.41024,-1.70944,4.65772,-6.52003,,,,,,,,,,,,,,,,,,,,,,,,,,,,,,,,,,,,,,,,,,,,,,,,,,,High,High,High,,,,,,233.875256,8.919271,2232.950434,0.987908,1:45,-0.166751,-0.799598,-0.576921,68.232998,-20.329341,68.664014,95.573191,72.941564,0.29196,0.956006,-0.028489,88.293088,16.975348,0.956006,0.29196,0.028489,-88.293088,-16.975348,-0.956006,-0.29196,0.028489,-95.573191,-72.941564,-0.29196,-0.956006,-0.028489,,,
324,2026-03-01,16:25:59.87,4,5,"Crumpton, Kelly",1000072142,Right,ALA_LIO,"Martin, Parker",10058402,Right,SOU_IND16,Undefined,9,Top,1,2,2,Fastball,Sinker,InPlay,Undefined,GroundBall,Out,1,0,,95.88858,-0.928592,-2.506054,2410.977247,235.066828,1:45,5.79223,1.70426,5.69566,-18.4004,12.67827,16.53422,3.39261,0.74525,86.27479,-4.409247,0.448686,0.401239,88.67455,-16.655197,-8.431116,,,,,12.31396,12.31396,-10.202987,0.090089,-9.20752,7.06304,-1.50428,50,5.70299,5.30227,-138.95059,-2.88816,-17.72231,35.63637,-18.57935,ALA_LIO,SOU_IND16,MikeDLaneField,D1,ASUN,20260301-MikeDLaneField-1,a0464cc0-15bd-11f1-b4c9-5fb64430e846,93.94021,3.38285,,9.61379,,,,1.21018,3.38285,-0.70978,2f230842-10f9-4e90-9219-1d3edf6fc0d7,2026-03-01,22:25:59.87,2026-03-01T16:25:59.8783488-06:00,2026-03-01T22:25:59.8783488Z,GroundBall,v3,471594,southernindiana,dbd82bf8479745649ba7c646edcecf86,"Millard, William",10059244,Right,ALA_LIO,e063c9dc-9332-4b8e-9651-43f7665329be,54.80076,-140.17642,17.81819,5.79134,-2.24906,-9.28968,-1.69715,5.91189,-8.86116,252.781081,1.21034,123.22969,-23.76193,,,,,,,3.3828,-37.26896,-3.11125,,,,,,,-0.71004,-18.23037,21.11862,,,,,,,,,,,,,,,,,,,,,,,,,,,,,High,High,High,High,High,,,,226.908355,10.766426,2368.536531,0.982397,1:30,-0.204333,-0.72034,-0.662841,34.879099,-49.480397,77.392234,128.162915,-81.750509,0.112815,-0.989653,-0.088659,84.880791,-6.477623,0.989653,-0.112815,0.088659,-84.880791,6.477623,-0.989653,0.112815,0.088659,-128.162915,81.750509,-0.112815,0.989653,-0.088659,,,
325,2026-03-01,16:26:37.26,5,1,"Crumpton, Kelly",1000072142,Right,ALA_LIO,"Graham, Skylar",1000371438,Right,SOU_IND16,Undefined,9,Top,2,0,0,Slider,Curveball,BallCalled,Undefined,Undefined,Undefined,0,0,,83.62969,0.263033,-0.419792,2486.386263,30.528466,7:00,5.63407,1.9324,5.13523,-49.45491,-7.99315,-5.53992,1.76052,1.07543,76.23289,-8.68583,-1.402629,0.463442,,,,,,,,,,,,2.61532,-3.59473,-1.88864,50,5.62058,1.13258,-121.29579,-1.35336,3.85459,26.09646,-37.4722,ALA_LIO,SOU_IND16,MikeDLaneField,D1,ASUN,20260301-MikeDLaneField-1,b6809b80-15bd-11f1-b4c9-5fb64430e846,81.33153,,,7.39681,,,,,,,2f230842-10f9-4e90-9219-1d3edf6fc0d7,2026-03-01,22:26:37.26,2026-03-01T16:26:37.2626432-06:00,2026-03-01T22:26:37.2626432Z,,v3,471594,southernindiana,dbd82bf8479745649ba7c646edcecf86,"Millard, William",10059244,Right,ALA_LIO,57687025-1fc8-4311-87c4-16d7ae5d4edd,55.36287,-122.44416,13.04823,5.64385,0.2956,-18.7361,-1.93475,0.96296,1.92729,,,,,,,,,,,,,,,,,,,,,,,,,,,,,,,,,,,,,,,,,,,,,,,,,,,High,High,High,,,,,,99.648491,73.590396,702.409721,0.282502,9:15,-0.958299,0.282907,-0.040328,94.134853,12.981873,-63.960932,169.575608,40.429433,0.137731,0.648511,-0.748641,40.900772,7.916561,0.648511,0.137731,0.748641,-40.900772,-7.916561,-0.648511,-0.137731,0.748641,-169.575608,-40.429433,-0.137731,-0.648511,-0.748641,,,
326,2026-03-01,16:26:58.12,5,2,"Crumpton, Kelly",1000072142,Right,ALA_LIO,"Graham, Skylar",1000371438,Right,SOU_IND16,Undefined,9,Top,2,1,0,Fastball,Four-Seam,BallCalled,Undefined,Undefined,Undefined,0,0,,95.98495,-0.153453,-2.519618,2422.69505,223.716676,1:30,5.93393,1.45523,5.83962,-15.56839,15.14713,13.45894,4.49381,0.23362,86.60761,-3.131396,-0.109055,0.398887,,,,,,,,,,,,-7.57504,8.06685,-1.25748,50,5.91231,5.48314,-139.15747,-0.85895,-14.69782,34.2881,-16.52193,ALA_LIO,SOU_IND16,MikeDLaneField,D1,ASUN,20260301-MikeDLaneField-1,c2d9ec60-15bd-11f1-b4c9-5fb64430e846,94.49393,,,9.37734,,,,,,,2f230842-10f9-4e90-9219-1d3edf6fc0d7,2026-03-01,22:26:58.12,2026-03-01T16:26:58.1251584-06:00,2026-03-01T22:26:58.1251584Z,,v3,471594,southernindiana,dbd82bf8479745649ba7c646edcecf86,"Millard, William",10059244,Right,ALA_LIO,88794169-99b8-40cd-8b1a-829ccb60b231,54.65508,-140.29977,17.14405,5.93176,-0.30852,-8.26096,-1.44831,5.9728,-7.34891,,,,,,,,,,,,,,,,,,,,,,,,,,,,,,,,,,,,,,,,,,,,,,,,,,,High,High,High,,,,,,224.232892,6.685382,2406.221651,0.9932,1:30,-0.145735,-0.693143,-0.705914,112.161106,-3.51822,-4.59942,157.314938,7.658401,0.382225,0.133267,-0.914409,8.291952,22.471601,0.133267,0.382225,0.914409,-8.291952,-22.471601,-0.133267,-0.382225,0.914409,-157.314938,-7.658401,-0.382225,-0.133267,-0.914409,,,
327,2026-03-01,16:27:19.51,5,3,"Crumpton, Kelly",1000072142,Right,ALA_LIO,"Graham, Skylar",1000371438,Right,SOU_IND16,Undefined,9,Top,2,2,0,Fastball,Sinker,BallCalled,Undefined,Undefined,Undefined,0,0,,95.03338,-0.177561,-2.377717,2310.013576,239.402395,2:00,5.67709,1.83712,5.54637,-20.71592,10.93001,16.63158,3.78469,0.99984,85.9045,-4.05758,0.586256,0.404884,,,,,,,,,,,,-9.03678,5.89233,-1.64209,50,5.64825,4.91046,-137.75505,-1.18103,-17.20306,33.26168,-20.95704,ALA_LIO,SOU_IND16,MikeDLaneField,D1,ASUN,20260301-MikeDLaneField-1,cfa9a5c0-15bd-11f1-b4c9-5fb64430e846,93.09443,,,9.12888,,,,,,,2f230842-10f9-4e90-9219-1d3edf6fc0d7,2026-03-01,22:27:19.51,2026-03-01T16:27:19.5187712-06:00,2026-03-01T22:27:19.5187712Z,,v3,471594,southernindiana,dbd82bf8479745649ba7c646edcecf86,"Millard, William",10059244,Right,ALA_LIO,dc7a37e8-c13c-48b3-9d23-b61337724e92,54.94894,-138.94485,16.63084,5.67709,-0.43137,-10.47852,-1.82875,5.52583,-8.60153,,,,,,,,,,,,,,,,,,,,,,,,,,,,,,,,,,,,,,,,,,,,,,,,,,,High,High,High,,,,,,,,,,,,,,,,,,,,,,,,,,,,,,,,,,,,,,,
328,2026-03-01,16:27:38.86,5,4,"Crumpton, Kelly",1000072142,Right,ALA_LIO,"Graham, Skylar",1000371438,Right,SOU_IND16,Undefined,9,Top,2,3,0,Fastball,Sinker,StrikeCalled,Undefined,Undefined,Undefined,0,0,,93.45528,-1.996411,-4.360305,2303.549559,239.421996,2:00,5.63792,1.87603,6.0089,-22.69655,9.50961,14.23418,1.8909,-0.98509,84.91263,-6.245463,-1.808228,0.408452,,,,,,,,,,,,-8.55937,5.81256,-1.5406,50,5.4684,9.67981,-135.27126,-5.49999,-15.76005,31.23764,-21.47162,ALA_LIO,SOU_IND16,MikeDLaneField,D1,ASUN,20260301-MikeDLaneField-1,db3434f0-15bd-11f1-b4c9-5fb64430e846,92.28128,,,8.54265,,,,,,,2f230842-10f9-4e90-9219-1d3edf6fc0d7,2026-03-01,22:27:38.86,2026-03-01T16:27:38.8621312-06:00,2026-03-01T22:27:38.8621312Z,,v3,471594,southernindiana,dbd82bf8479745649ba7c646edcecf86,"Millard, William",10059244,Right,ALA_LIO,b45e7d86-97bf-4a94-b2f6-e6934c9dba34,54.48756,-136.30362,15.61882,5.63844,-4.79039,-10.73581,-1.86911,10.20065,-7.88002,,,,,,,,,,,,,,,,,,,,,,,,,,,,,,,,,,,,,,,,,,,,,,,,,,,High,High,High,,,,,,229.740999,7.536357,2283.651124,0.991362,1:45,-0.153125,-0.760649,-0.630846,98.948526,1.648475,1.04691,148.994181,8.529718,0.509427,0.148322,-0.847634,9.925349,30.625694,0.148322,0.509427,0.847634,-9.925349,-30.625694,-0.148322,-0.509427,0.847634,-148.994181,-8.529718,-0.509427,-0.148322,-0.847634,,,
329,2026-03-01,16:28:05.13,5,5,"Crumpton, Kelly",1000072142,Right,ALA_LIO,"Graham, Skylar",1000371438,Right,SOU_IND16,Undefined,9,Top,2,3,1,Fastball,Sinker,BallCalled,Walk,Undefined,Undefined,0,0,,94.26014,-0.613756,-2.948576,2211.811102,237.254714,2:00,6.11798,1.82573,5.4192,-20.40777,11.91509,16.78993,3.84164,0.46047,85.28002,-4.430347,0.034783,0.409191,,,,,,,,,,,,-9.26733,6.49642,-1.57555,50,6.04955,6.21854,-136.55759,-2.20877,-17.35479,32.39359,-20.00832,ALA_LIO,SOU_IND16,MikeDLaneField,D1,ASUN,20260301-MikeDLaneField-1,eadb0320-15bd-11f1-b4c9-5fb64430e846,92.11454,,,8.98012,,,,,,,2f230842-10f9-4e90-9219-1d3edf6fc0d7,2026-03-01,22:28:05.13,2026-03-01T16:28:05.1369472-06:00,2026-03-01T22:28:05.1369472Z,,v3,471594,southernindiana,dbd82bf8479745649ba7c646edcecf86,"Millard, William",10059244,Right,ALA_LIO,e719f96a-4edd-4727-a260-d7437ee0c5a1,55.07669,-137.7566,16.19679,6.1176,-1.46819,-10.00416,-1.81761,6.8609,-8.6774,,,,,,,,,,,,,,,,,,,,,,,,,,,,,,,,,,,,,,,,,,,,,,,,,,,High,High,High,,,,,,228.775234,8.433859,2187.892207,0.989186,1:45,-0.172039,-0.745525,-0.643891,73.940897,-39.109046,67.494575,153.498111,82.592151,0.057533,0.991654,-0.115383,83.363225,3.298204,0.991654,0.057533,0.115383,-83.363225,-3.298204,-0.991654,-0.057533,0.115383,-153.498111,-82.592151,-0.057533,-0.991654,-0.115383,,,
330,2026-03-01,16:28:38.67,6,1,"Crumpton, Kelly",1000072142,Right,ALA_LIO,"Miller, Hunter",10307695,Left,SOU_IND16,Undefined,9,Top,2,0,0,Fastball,Sinker,BallCalled,Undefined,Undefined,Undefined,0,0,,93.83787,0.37241,-1.784669,2204.858379,251.661909,2:30,5.58727,1.81912,5.72307,-25.99537,6.13327,15.26469,3.76803,1.42839,85.13846,-4.460482,0.946201,0.40796,,,,,,,,,,,,-8.22398,3.34666,-1.67931,50,5.60257,3.52837,-136.16075,-0.08178,-15.33366,31.80623,-25.9342,ALA_LIO,SOU_IND16,MikeDLaneField,D1,ASUN,20260301-MikeDLaneField-1,fec917f0-15bd-11f1-b4c9-5fb64430e846,92.39252,,,8.6994,,,,,,,2f230842-10f9-4e90-9219-1d3edf6fc0d7,2026-03-01,22:28:38.67,2026-03-01T16:28:38.6792448-06:00,2026-03-01T22:28:38.6792448Z,,v3,471594,southernindiana,dbd82bf8479745649ba7c646edcecf86,"Millard, William",10059244,Right,ALA_LIO,9191a342-94ff-47b8-b5d8-6176242ad38b,54.77315,-137.2712,15.90312,5.58962,0.82365,-12.9671,-1.81184,4.06371,-7.66683,,,,,,,,,,,,,,,,,,,,,,,,,,,,,,,,,,,,,,,,,,,,,,,,,,,High,High,High,,,,,,232.169894,9.419378,2175.129981,0.986517,1:45,-0.187482,-0.778103,-0.599505,71.086719,-24.422722,68.073823,99.132811,75.621058,0.245186,0.968674,-0.039416,87.669858,14.192813,0.968674,0.245186,0.039416,-87.669858,-14.192813,-0.968674,-0.245186,0.039416,-99.132811,-75.621058,-0.245186,-0.968674,-0.039416,,,
331,2026-03-01,16:30:03.46,6,2,"Crumpton, Kelly",1000072142,Right,ALA_LIO,"Miller, Hunter",10307695,Left,SOU_IND16,Undefined,9,Top,2,1,0,Fastball,Four-Seam,StrikeCalled,Undefined,Undefined,Undefined,0,0,,94.72557,-0.92706,-3.817968,2388.425158,227.470434,1:30,5.78013,1.87812,5.82177,-17.15206,14.42662,14.53139,3.48693,-0.46572,85.64967,-4.185254,-1.220787,0.404453,,,,,,,,,,,,-8.50024,7.94426,-1.57388,50,5.69409,8.47478,-137.17707,-2.77596,-16.06096,32.72477,-17.16363,ALA_LIO,SOU_IND16,MikeDLaneField,D1,ASUN,20260301-MikeDLaneField-1,316b2130-15be-11f1-b4c9-5fb64430e846,93.19359,,,9.0759,,,,,,,2f230842-10f9-4e90-9219-1d3edf6fc0d7,2026-03-01,22:30:03.46,2026-03-01T16:30:03.4602496-06:00,2026-03-01T22:30:03.4602496Z,,v3,471594,southernindiana,dbd82bf8479745649ba7c646edcecf86,"Millard, William",10059244,Right,ALA_LIO,6658e12d-d40d-4254-a3fc-a3774c04b879,54.67364,-138.28751,16.36239,5.7784,-2.19355,-8.58181,-1.8707,9.01977,-8.03048,,,,,,,,,,,,,,,,,,,,,,,,,,,,,,,,,,,,,,,,,,,,,,,,,,,High,High,High,,,,,,,,,,,,,,,,,,,,,,,,,,,,,,,,,,,,,,,
332,2026-03-01,16:30:28.71,6,3,"Crumpton, Kelly",1000072142,Right,ALA_LIO,"Miller, Hunter",10307695,Left,SOU_IND16,Undefined,9,Top,2,1,1,Fastball,Four-Seam,StrikeCalled,Undefined,Undefined,Undefined,0,0,,94.06163,-3.031891,-3.281233,2432.235326,220.380187,1:15,5.85625,1.74991,5.77507,-15.1228,17.10792,13.55694,1.76756,-0.17689,84.94134,-5.923399,-0.857654,0.408608,,,,,,,,,,,,-7.87008,9.97497,-1.4867,50,5.59626,7.16836,-136.06246,-7.67163,-14.5812,33.10864,-13.69304,ALA_LIO,SOU_IND16,MikeDLaneField,D1,ASUN,20260301-MikeDLaneField-1,406d7200-15be-11f1-b4c9-5fb64430e846,92.24605,,,9.12029,,,,,,,2f230842-10f9-4e90-9219-1d3edf6fc0d7,2026-03-01,22:30:28.71,2026-03-01T16:30:28.7126528-06:00,2026-03-01T22:30:28.7126528Z,,v3,471594,southernindiana,dbd82bf8479745649ba7c646edcecf86,"Millard, William",10059244,Right,ALA_LIO,dae5a9d5-e446-420c-9616-782675107acd,54.71983,-137.20614,16.55432,5.8531,-7.19862,-6.84652,-1.74302,7.67205,-7.2906,,,,,,,,,,,,,,,,,,,,,,,,,,,,,,,,,,,,,,,,,,,,,,,,,,,High,High,High,,,,,,225.920525,11.815536,2380.700891,0.978812,1:30,-0.205983,-0.713,-0.670225,113.438559,0.738144,-1.387187,160.325967,10.393984,0.331144,0.180416,-0.926172,11.023029,19.338224,0.180416,0.331144,0.926172,-11.023029,-19.338224,-0.180416,-0.331144,0.926172,-160.325967,-10.393984,-0.331144,-0.180416,-0.926172,,,
333,2026-03-01,16:30:52.36,6,4,"Crumpton, Kelly",1000072142,Right,ALA_LIO,"Miller, Hunter",10307695,Left,SOU_IND16,Undefined,9,Top,2,1,2,Slider,Slider,InPlay,Undefined,GroundBall,Out,1,0,,83.86596,0.413617,-2.032475,2478.097884,52.443838,7:45,5.62054,1.99114,5.33673,-46.90006,-5.89402,-9.47134,2.1005,-0.70571,76.3709,-8.111196,-3.715431,0.460888,,,,,,,,,,,,4.15201,-2.76185,-1.80051,50,5.62386,4.71162,-121.6093,-0.85044,6.13958,26.64504,-36.25803,ALA_LIO,SOU_IND16,MikeDLaneField,D1,ASUN,20260301-MikeDLaneField-1,4e8ba460-15be-11f1-b4c9-5fb64430e846,81.78225,,,7.49506,,,,,,,2f230842-10f9-4e90-9219-1d3edf6fc0d7,2026-03-01,22:30:52.36,2026-03-01T16:30:52.3695616-06:00,2026-03-01T22:30:52.3695616Z,,v3,471594,southernindiana,dbd82bf8479745649ba7c646edcecf86,"Millard, William",10059244,Right,ALA_LIO,35337ff1-2111-411b-b3ff-5c81ea2c03b5,55.16271,-122.73526,13.32252,5.62743,0.68174,-18.12902,-1.99413,4.45218,3.06979,,,,,,,,,,,,,,,,,,,,,,,,,,,,,,,,,,,,,,,,,,,,,,,,,,,High,High,High,,,,,,104.248344,74.899856,645.561687,0.260507,9:30,-0.965292,0.259456,-0.029901,87.76367,3.452927,-59.131288,171.685388,45.641373,0.101103,0.714978,-0.691798,45.943969,5.80267,0.714978,0.101103,0.691798,-45.943969,-5.80267,-0.714978,-0.101103,0.691798,-171.685388,-45.641373,-0.101103,-0.714978,-0.691798,,,