PitchNo,Date,Time,PAofInning,PitchofPA,Pitcher,PitcherId,PitcherThrows,PitcherTeam,Batter,BatterId,BatterSide,BatterTeam,PitcherSet,Inning,Top/Bottom,Outs,Balls,Strikes,TaggedPitchType,AutoPitchType,PitchCall,KorBB,TaggedHitType,PlayResult,OutsOnPlay,RunsScored,Notes,RelSpeed,VertRelAngle,HorzRelAngle,SpinRate,SpinAxis,Tilt,RelHeight,RelSide,Extension,VertBreak,InducedVertBreak,HorzBreak,PlateLocHeight,PlateLocSide,ZoneSpeed,VertApprAngle,HorzApprAngle,ZoneTime,ExitSpeed,Angle,Direction,HitSpinRate,PositionAt110X,PositionAt110Y,PositionAt110Z,Distance,LastTrackedDistance,Bearing,HangTime,pfxx,pfxz,x0,y0,z0,vx0,vy0,vz0,ax0,ay0,az0,HomeTeam,AwayTeam,Stadium,Level,League,GameID,PitchUID,EffectiveVelo,MaxHeight,MeasuredDuration,SpeedDrop,PitchLastMeasuredX,PitchLastMeasuredY,PitchLastMeasuredZ,ContactPositionX,ContactPositionY,ContactPositionZ,GameUID,UTCDate,UTCTime,LocalDateTime,UTCDateTime,AutoHitType,System,HomeTeamForeignID,AwayTeamForeignID,GameForeignID,Catcher,CatcherId,CatcherThrows,CatcherTeam,PlayID,PitchTrajectoryXc0,PitchTrajectoryXc1,PitchTrajectoryXc2,PitchTrajectoryYc0,PitchTrajectoryYc1,PitchTrajectoryYc2,PitchTrajectoryZc0,PitchTrajectoryZc1,PitchTrajectoryZc2,HitSpinAxis,HitTrajectoryXc0,HitTrajectoryXc1,HitTrajectoryXc2,HitTrajectoryXc3,HitTrajectoryXc4,HitTrajectoryXc5,HitTrajectoryXc6,HitTrajectoryXc7,HitTrajectoryXc8,HitTrajectoryYc0,HitTrajectoryYc1,HitTrajectoryYc2,HitTrajectoryYc3,HitTrajectoryYc4,HitTrajectoryYc5,HitTrajectoryYc6,HitTrajectoryYc7,HitTrajectoryYc8,HitTrajectoryZc0,HitTrajectoryZc1,HitTrajectoryZc2,HitTrajectoryZc3,HitTrajectoryZc4,HitTrajectoryZc5,HitTrajectoryZc6,HitTrajectoryZc7,HitTrajectoryZc8,ThrowSpeed,PopTime,ExchangeTime,TimeToBase,CatchPositionX,CatchPositionY,CatchPositionZ,ThrowPositionX,ThrowPositionY,ThrowPositionZ,BasePositionX,BasePositionY,BasePositionZ,ThrowTrajectoryXc0,ThrowTrajectoryXc1,ThrowTrajectoryXc2,ThrowTrajectoryYc0,ThrowTrajectoryYc1,ThrowTrajectoryYc2,ThrowTrajectoryZc0,ThrowTrajectoryZc1,ThrowTrajectoryZc2,PitchReleaseConfidence,PitchLocationConfidence,PitchMovementConfidence,HitLaunchConfidence,HitLandingConfidence,CatcherThrowCatchConfidence,CatcherThrowReleaseConfidence,CatcherThrowLocationConfidence,SpinAxis3dTransverseAngle,SpinAxis3dLongitudinalAngle,SpinAxis3dActiveSpinRate,SpinAxis3dSpinEfficiency,SpinAxis3dTilt,SpinAxis3dVectorX,SpinAxis3dVectorY,SpinAxis3dVectorZ,SpinAxis3dSeamOrientationRotationX,SpinAxis3dSeamOrientationRotationY,SpinAxis3dSeamOrientationRotationZ,SpinAxis3dSeamOrientationBallAngleHorizontalAmb1,SpinAxis3dSeamOrientationBallAngleVerticalAmb1,SpinAxis3dSeamOrientationBallXAmb1,SpinAxis3dSeamOrientationBallYAmb1,SpinAxis3dSeamOrientationBallZAmb1,SpinAxis3dSeamOrientationBallAngleHorizontalAmb2,SpinAxis3dSeamOrientationBallAngleVerticalAmb2,SpinAxis3dSeamOrientationBallXAmb2,SpinAxis3dSeamOrientationBallYAmb2,SpinAxis3dSeamOrientationBallZAmb2,SpinAxis3dSeamOrientationBallAngleHorizontalAmb3,SpinAxis3dSeamOrientationBallAngleVerticalAmb3,SpinAxis3dSeamOrientationBallXAmb3,SpinAxis3dSeamOrientationBallYAmb3,SpinAxis3dSeamOrientationBallZAmb3,SpinAxis3dSeamOrientationBallAngleHorizontalAmb4,SpinAxis3dSeamOrientationBallAngleVerticalAmb4,SpinAxis3dSeamOrientationBallXAmb4,SpinAxis3dSeamOrientationBallYAmb4,SpinAxis3dSeamOrientationBallZAmb4,BatSpeed,VerticalAttackAngle,HorizontalAttackAngle
1,2026-02-28,16:48:07.87,1,1,"Kehlenbrink, Brady",815650,Left,MIZ_TIG,"Long, Tyman",10276466,Right,NOR_BIS,Undefined,1,Top,0,0,0,Fastball,Four-Seam,StrikeSwinging,Undefined,Undefined,Undefined,0,0,,89.93971,-1.67891,2.116301,2274.035671,155.887839,11:15,5.48078,-1.50703,6.34356,-14.60694,19.66391,-8.26918,2.71643,-0.24697,81.44967,-4.520985,0.620718,0.421341,,,,,,,,,,,,4.91177,11.06319,1.35665,50,5.3514,-4.47949,-130.49489,-4.17372,8.39093,29.84296,-13.27447,MIZ_TIG,NOR_BIS,TaylorStadium,D1,SEC,20260228-TaylorStadium-2,8d46c8a0-14f7-11f1-9d47-ad81a36dfdfe,89.45822,,,8.49004,,,,,,,1fa80f13-d93e-49a6-97f0-7762eeb242e9,2026-02-28,22:48:07.87,2026-02-28T16:48:07.8731264-06:00,2026-02-28T22:48:07.8731264Z,,v3,4806,471388,ae4075840dfa411e9b4d026302d1ad63,"Serna, Mateo",806219,Right,MIZ_TIG,45ccff5c-b3da-47f5-8b66-c0453300884c,54.15254,-131.4411,14.92148,5.47706,-3.75283,-6.63723,1.50289,-4.74554,4.19546,,,,,,,,,,,,,,,,,,,,,,,,,,,,,,,,,,,,,,,,,,,,,,,,,,,High,High,High,,,,,,,,,,,,,,,,,,,,,,,,,,,,,,,,,,,,,,,
2,2026-02-28,16:48:25.96,1,2,"Kehlenbrink, Brady",815650,Left,MIZ_TIG,"Long, Tyman",10276466,Right,NOR_BIS,Undefined,1,Top,0,0,1,Fastball,Four-Seam,InPlay,Undefined,Popup,Out,1,0,,89.94859,-2.487316,2.560408,2279.540699,159.801469,11:15,5.48134,-1.53422,6.4246,-13.59044,20.61328,-7.14445,2.05876,0.22548,81.50944,-5.144394,1.267022,0.420928,96.81886,69.262018,-0.12959,,,,,,46.08598,,,4.52394,11.88973,1.35474,50,5.29744,-5.55027,-130.45232,-5.9822,7.71853,29.98095,-11.88832,MIZ_TIG,NOR_BIS,TaylorStadium,D1,SEC,20260228-TaylorStadium-2,980be4f0-14f7-11f1-9d47-ad81a36dfdfe,89.54601,134.14433,,8.43915,,,,1.77595,2.30297,-0.24778,1fa80f13-d93e-49a6-97f0-7762eeb242e9,2026-02-28,22:48:25.96,2026-02-28T16:48:25.9671552-06:00,2026-02-28T22:48:25.9671552Z,,v3,4806,471388,ae4075840dfa411e9b4d026302d1ad63,"Serna, Mateo",806219,Right,MIZ_TIG,e2de9734-74d7-41e5-a7db-6280e56910e9,54.07349,-131.38517,14.99047,5.47782,-5.6123,-5.94416,1.53117,-5.79042,3.85927,,1.77592,50.28748,-19.73473,6.74419,-3.84636,4.02917,-3.14411,1.34382,-0.23645,2.30297,132.79884,-31.49851,3.96986,-0.12177,-0.92652,0.88176,-0.39182,0.06955,-0.24777,-0.11674,6.47519,-2.72211,1.84704,-2.05392,1.62024,-0.69401,0.12216,,,,,,,,,,,,,,,,,,,,,,,High,High,High,Medium,Undefined,,,,,,,,,,,,,,,,,,,,,,,,,,,,,,,,,,,82.67216,21.12467,-16.98267
3,2026-02-28,16:49:01.04,2,1,"Kehlenbrink, Brady",815650,Left,MIZ_TIG,"Corbin, Caleb",1000136863,Right,NOR_BIS,Undefined,1,Top,1,0,0,Cutter,Slider,StrikeCalled,Undefined,Undefined,Undefined,0,0,,81.63632,0.415028,2.457089,2480.978379,238.628624,2:00,5.44053,-1.63157,5.39297,-40.57841,2.76709,2.02,2.44833,0.84094,73.90608,-7.031989,2.815968,0.473853,,,,,,,,,,,,-0.22425,1.74382,1.41069,50,5.44951,-5.15851,-118.23307,-0.56296,-0.313,25.49046,-29.7402,MIZ_TIG,NOR_BIS,TaylorStadium,D1,SEC,20260228-TaylorStadium-2,ad0639a0-14f7-11f1-9d47-ad81a36dfdfe,79.54463,,,7.73025,,,,,,,1fa80f13-d93e-49a6-97f0-7762eeb242e9,2026-02-28,22:49:01.04,2026-02-28T16:49:01.0494464-06:00,2026-02-28T22:49:01.0494464Z,,v3,4806,471388,ae4075840dfa411e9b4d026302d1ad63,"Serna, Mateo",806219,Right,MIZ_TIG,815b3372-b771-4e25-932a-2bfcb10de2ab,55.10316,-119.32821,12.74523,5.44625,0.71476,-14.8701,1.63202,-5.14507,-0.1565,,,,,,,,,,,,,,,,,,,,,,,,,,,,,,,,,,,,,,,,,,,,,,,,,,,High,High,High,,,,,,,,,,,,,,,,,,,,,,,,,,,,,,,,,,,,,,,
4,2026-02-28,16:49:18.39,2,2,"Kehlenbrink, Brady",815650,Left,MIZ_TIG,"Corbin, Caleb",1000136863,Right,NOR_BIS,Undefined,1,Top,1,0,1,Curveball,Curveball,StrikeCalled,Undefined,Undefined,Undefined,0,0,,73.97579,2.412064,1.899281,2378.61158,347.287545,5:30,5.37796,-1.67694,5.82704,-64.6074,-12.92095,3.30197,2.23887,0.36448,67.59233,-9.410424,2.491619,0.51744,,,,,,,,,,,,-1.09193,-6.79394,1.5198,50,5.53731,-3.67763,-107.33491,2.51061,-1.25978,20.49286,-40.01237,MIZ_TIG,NOR_BIS,TaylorStadium,D1,SEC,20260228-TaylorStadium-2,b75c6780-14f7-11f1-9d47-ad81a36dfdfe,72.84411,,,6.38345,,,,,,,1fa80f13-d93e-49a6-97f0-7762eeb242e9,2026-02-28,22:49:18.39,2026-02-28T16:49:18.3940096-06:00,2026-02-28T22:49:18.3940096Z,,v3,4806,471388,ae4075840dfa411e9b4d026302d1ad63,"Serna, Mateo",806219,Right,MIZ_TIG,bf9d40bc-8ed2-4914-9371-20ba5840f7bc,54.67526,-108.22385,10.24643,5.39075,4.24627,-20.00619,1.67814,-3.62298,-0.62989,,,,,,,,,,,,,,,,,,,,,,,,,,,,,,,,,,,,,,,,,,,,,,,,,,,High,High,High,,,,,,,,,,,,,,,,,,,,,,,,,,,,,,,,,,,,,,,
5,2026-02-28,16:49:36.14,2,3,"Kehlenbrink, Brady",815650,Left,MIZ_TIG,"Corbin, Caleb",1000136863,Right,NOR_BIS,Undefined,1,Top,1,0,2,Fastball,Four-Seam,BallCalled,Undefined,Undefined,Undefined,0,0,,91.55822,-0.73068,2.764058,2253.449793,162.047726,11:30,5.52931,-1.50793,6.25446,-14.7445,18.50907,-5.62048,3.62598,0.57458,82.69278,-3.594126,1.750332,0.415041,,,,,,,,,,,,3.73835,10.12571,1.30508,50,5.46745,-6.16783,-132.76947,-2.06414,6.60041,31.30904,-14.29609,MIZ_TIG,NOR_BIS,TaylorStadium,D1,SEC,20260228-TaylorStadium-2,c1e209d0-14f7-11f1-9d47-ad81a36dfdfe,90.81627,,,8.86545,,,,,,,1fa80f13-d93e-49a6-97f0-7762eeb242e9,2026-02-28,22:49:36.14,2026-02-28T16:49:36.1459712-06:00,2026-02-28T22:49:36.1459712Z,,v3,4806,471388,ae4075840dfa411e9b4d026302d1ad63,"Serna, Mateo",806219,Right,MIZ_TIG,0f66da04-c7ff-4769-8134-ea8059848d7e,54.24073,-133.76576,15.65452,5.5259,-1.60922,-7.14804,1.50469,-6.37786,3.30021,,,,,,,,,,,,,,,,,,,,,,,,,,,,,,,,,,,,,,,,,,,,,,,,,,,High,High,High,,,,,,,,,,,,,,,,,,,,,,,,,,,,,,,,,,,,,,,
6,2026-02-28,16:49:56.16,2,4,"Kehlenbrink, Brady",815650,Left,MIZ_TIG,"Corbin, Caleb",1000136863,Right,NOR_BIS,Undefined,1,Top,1,1,2,Cutter,Slider,StrikeSwinging,Strikeout,Undefined,Undefined,0,0,,81.33039,-0.929693,3.27376,2545.517174,303.712462,4:00,5.36071,-1.7133,5.65265,-43.73849,-0.49539,2.98795,0.84725,1.59234,74.09421,-8.929992,3.807199,0.473293,,,,,,,,,,,,-0.47508,0.51606,1.43373,50,5.25437,-6.85771,-117.79284,-3.40087,-0.65873,25.12118,-31.45849,MIZ_TIG,NOR_BIS,TaylorStadium,D1,SEC,20260228-TaylorStadium-2,cde57280-14f7-11f1-9d47-ad81a36dfdfe,79.63875,,,7.23618,,,,,,,1fa80f13-d93e-49a6-97f0-7762eeb242e9,2026-02-28,22:49:56.16,2026-02-28T16:49:56.1686016-06:00,2026-02-28T22:49:56.1686016Z,,v3,4806,471388,ae4075840dfa411e9b4d026302d1ad63,"Serna, Mateo",806219,Right,MIZ_TIG,ec364534-474a-4d35-8f69-b0d0c1c0028b,54.84505,-118.82163,12.56059,5.36726,-2.11255,-15.72925,1.71402,-6.83074,-0.32936,,,,,,,,,,,,,,,,,,,,,,,,,,,,,,,,,,,,,,,,,,,,,,,,,,,High,High,High,,,,,,,,,,,,,,,,,,,,,,,,,,,,,,,,,,,,,,,
7,2026-02-28,16:50:33.65,3,1,"Kehlenbrink, Brady",815650,Left,MIZ_TIG,"Becker, Colten",1000192822,Left,NOR_BIS,Undefined,1,Top,2,0,0,Fastball,Four-Seam,BallCalled,Undefined,Undefined,Undefined,0,0,,91.10026,-4.322772,2.547144,2312.013077,157.522248,11:15,5.53797,-1.47583,6.18097,-13.21119,20.711,-8.05248,0.43365,0.20682,82.31501,-6.89253,1.095784,0.419192,,,,,,,,,,,,4.97925,12.45957,1.28737,50,5.20391,-5.52517,-131.76471,-10.28725,8.63317,31.60129,-10.5713,MIZ_TIG,NOR_BIS,TaylorStadium,D1,SEC,20260228-TaylorStadium-2,e44f35b0-14f7-11f1-9d47-ad81a36dfdfe,89.91684,,,8.78525,,,,,,,1fa80f13-d93e-49a6-97f0-7762eeb242e9,2026-02-28,22:50:33.65,2026-02-28T16:50:33.6507904-06:00,2026-02-28T22:50:33.6507904Z,,v3,4806,471388,ae4075840dfa411e9b4d026302d1ad63,"Serna, Mateo",806219,Right,MIZ_TIG,59e7663c-6d4b-4813-807d-b00fc1fc130d,54.31641,-132.79588,15.80064,5.53396,-9.9423,-5.28565,1.47226,-5.80688,4.31658,,,,,,,,,,,,,,,,,,,,,,,,,,,,,,,,,,,,,,,,,,,,,,,,,,,High,High,High,,,,,,,,,,,,,,,,,,,,,,,,,,,,,,,,,,,,,,,
8,2026-02-28,16:50:52.54,3,2,"Kehlenbrink, Brady",815650,Left,MIZ_TIG,"Becker, Colten",1000192822,Left,NOR_BIS,Undefined,1,Top,2,1,0,Cutter,Slider,StrikeCalled,Undefined,Undefined,Undefined,0,0,,81.12165,1.644148,2.418428,2415.986082,307.237861,4:15,5.42165,-1.58243,5.51417,-45.45054,-1.77114,4.33335,3.17331,1.04145,73.44644,-6.693182,3.189666,0.475674,,,,,,,,,,,,-1.39835,-0.88748,1.36867,50,5.53514,-5.14303,-117.49859,1.78511,-1.92899,25.0133,-33.39833,MIZ_TIG,NOR_BIS,TaylorStadium,D1,SEC,20260228-TaylorStadium-2,ef744c50-14f7-11f1-9d47-ad81a36dfdfe,79.23999,,,7.67521,,,,,,,1fa80f13-d93e-49a6-97f0-7762eeb242e9,2026-02-28,22:50:52.54,2026-02-28T16:50:52.5454848-06:00,2026-02-28T22:50:52.5454848Z,,v3,4806,471388,ae4075840dfa411e9b4d026302d1ad63,"Serna, Mateo",806219,Right,MIZ_TIG,ace0ff97-191a-4c69-a200-aaaad1104dd6,54.98258,-118.55454,12.50665,5.43002,3.19505,-16.69917,1.58407,-5.06159,-0.96449,,,,,,,,,,,,,,,,,,,,,,,,,,,,,,,,,,,,,,,,,,,,,,,,,,,High,High,High,,,,,,,,,,,,,,,,,,,,,,,,,,,,,,,,,,,,,,,
9,2026-02-28,16:51:11.95,3,3,"Kehlenbrink, Brady",815650,Left,MIZ_TIG,"Becker, Colten",1000192822,Left,NOR_BIS,Undefined,1,Top,2,1,1,Fastball,Four-Seam,StrikeCalled,Undefined,Undefined,Undefined,0,0,,91.241,-2.055864,3.286789,2343.724804,163.391319,11:30,5.50259,-1.36424,6.39351,-11.07662,22.35623,-6.30902,2.68476,1.1363,82.27181,-4.264906,2.146925,0.416158,,,,,,,,,,,,4.27807,12.57505,1.13044,50,5.34884,-7.32195,-132.17552,-4.9467,7.47217,31.50728,-10.21024,MIZ_TIG,NOR_BIS,TaylorStadium,D1,SEC,20260228-TaylorStadium-2,fb1808d0-14f7-11f1-9d47-ad81a36dfdfe,90.57248,,,8.96919,,,,,,,1fa80f13-d93e-49a6-97f0-7762eeb242e9,2026-02-28,22:51:11.95,2026-02-28T16:51:11.9575552-06:00,2026-02-28T22:51:11.9575552Z,,v3,4806,471388,ae4075840dfa411e9b4d026302d1ad63,"Serna, Mateo",806219,Right,MIZ_TIG,ea06c458-ccdf-44d0-909e-d27a27c39279,54.10109,-133.14953,15.75364,5.49688,-4.63107,-5.10512,1.36036,-7.55294,3.73608,,,,,,,,,,,,,,,,,,,,,,,,,,,,,,,,,,,,,,,,,,,,,,,,,,,High,High,High,,,,,,,,,,,,,,,,,,,,,,,,,,,,,,,,,,,,,,,
10,2026-02-28,16:51:30.84,3,4,"Kehlenbrink, Brady",815650,Left,MIZ_TIG,"Becker, Colten",1000192822,Left,NOR_BIS,Undefined,1,Top,2,1,2,Cutter,Slider,BallCalled,Undefined,Undefined,Undefined,0,0,,80.05226,2.531831,1.473274,2432.909365,314.257343,4:30,5.44158,-1.50094,5.47387,-46.6864,-1.70701,3.38516,3.92262,0.16012,72.2341,-6.043626,2.07562,0.482701,,,,,,,,,,,,-1.21449,-1.12181,1.36919,50,5.63295,-3.12192,-115.92167,3.50617,-1.62874,24.58435,-33.67851,MIZ_TIG,NOR_BIS,TaylorStadium,D1,SEC,20260228-TaylorStadium-2,063dbbb0-14f8-11f1-9d47-ad81a36dfdfe,78.08651,,,7.81816,,,,,,,1fa80f13-d93e-49a6-97f0-7762eeb242e9,2026-02-28,22:51:30.84,2026-02-28T16:51:30.8493824-06:00,2026-02-28T22:51:30.8493824Z,,v3,4806,471388,ae4075840dfa411e9b4d026302d1ad63,"Serna, Mateo",806219,Right,MIZ_TIG,24293833-1f3a-4887-a2d5-d9526757138c,55.02254,-116.98199,12.29218,5.4504,4.95872,-16.83926,1.50232,-3.05167,-0.81437,,,,,,,,,,,,,,,,,,,,,,,,,,,,,,,,,,,,,,,,,,,,,,,,,,,High,High,High,,,,,,,,,,,,,,,,,,,,,,,,,,,,,,,,,,,,,,,
11,2026-02-28,16:51:50.41,3,5,"Kehlenbrink, Brady",815650,Left,MIZ_TIG,"Becker, Colten",1000192822,Left,NOR_BIS,Undefined,1,Top,2,2,2,Fastball,Four-Seam,FoulBallNotFieldable,Undefined,Undefined,Undefined,0,0,,91.3878,-2.175601,3.089016,2378.59058,165.510498,11:30,5.4557,-1.35321,6.46254,-15.25143,17.9771,-4.33803,2.18253,1.12539,82.53355,-5.134866,2.303822,0.414884,87.81175,40.317545,-40.107548,,74.19593,80.25803,-81.20915,288.5879,126.56549,-56.847406,5.141117,3.2548,10.44567,1.13675,50,5.29486,-6.97362,-132.46308,-5.41967,5.70274,31.96127,-13.87228,MIZ_TIG,NOR_BIS,TaylorStadium,D1,SEC,20260228-TaylorStadium-2,11e15120-14f8-11f1-9d47-ad81a36dfdfe,90.8505,94.61397,,8.85425,,,,0.8065,2.24736,-1.26163,1fa80f13-d93e-49a6-97f0-7762eeb242e9,2026-02-28,22:51:50.41,2026-02-28T16:51:50.4134656-06:00,2026-02-28T22:51:50.4134656Z,FlyBall,v3,4806,471388,ae4075840dfa411e9b4d026302d1ad63,"Serna, Mateo",806219,Right,MIZ_TIG,db131342-984a-4aed-9e8d-85fd52d11842,54.03482,-133.43307,15.98064,5.45295,-4.99866,-6.93614,1.35102,-7.14669,2.85137,,0.81908,74.86242,-22.00411,4.90632,-0.31647,-0.19337,0.05867,-0.00612,0.00021,2.24981,83.26069,-21.22433,0.69148,0.65386,-0.39989,0.11265,-0.01536,0.00081,-1.26546,-63.17821,4.47359,0.52307,-0.71654,0.30935,-0.07285,0.00885,-0.00043,,,,,,,,,,,,,,,,,,,,,,,High,High,High,Medium,Low,,,,,,,,,,,,,,,,,,,,,,,,,,,,,,,,,,,71.67716,14.36723,-7.10928
12,2026-02-28,16:52:13.91,3,6,"Kehlenbrink, Brady",815650,Left,MIZ_TIG,"Becker, Colten",1000192822,Left,NOR_BIS,Undefined,1,Top,2,2,2,Cutter,Slider,InPlay,Undefined,GroundBall,Single,0,0,,80.82267,0.001756,2.924943,2318.514917,293.531507,3:45,5.51237,-1.45597,5.62798,-44.79187,-0.80319,5.47481,1.78135,1.73188,73.20236,-8.215765,3.901716,0.477356,65.65594,10.147407,-38.052387,4774.012202,,,,98.80014,97.3869,-43.784273,1.141445,-1.81225,0.03008,1.20306,50,5.48392,-6.19821,-117.06535,-1.50421,-2.46875,25.88286,-32.1331,MIZ_TIG,NOR_BIS,TaylorStadium,D1,SEC,20260228-TaylorStadium-2,1ff411d0-14f8-11f1-9d47-ad81a36dfdfe,78.96092,6.23109,,7.62031,,,,1.57735,2.0355,-1.98734,1fa80f13-d93e-49a6-97f0-7762eeb242e9,2026-02-28,22:52:13.91,2026-02-28T16:52:13.9163648-06:00,2026-02-28T22:52:13.9163648Z,GroundBall,v3,4806,471388,ae4075840dfa411e9b4d026302d1ad63,"Serna, Mateo",806219,Right,MIZ_TIG,f0dbbb64-4a32-44d0-abd6-21238ee356af,54.87024,-118.13724,12.94143,5.51866,-0.17348,-16.06655,1.45763,-6.09597,-1.23437,,1.57735,74.64136,-13.65413,1.98379,-0.4112,0.05308,-0.00681,0.00098,-8E-05,2.0355,16.96542,-17.7985,1.40783,-0.22577,0.04697,-0.00639,0.00078,-0.0001,-1.98734,-58.42612,-0.57702,0.98927,-0.31495,0.08149,-0.01627,0.00288,-0.00028,,,,,,,,,,,,,,,,,,,,,,,High,High,High,High,High,,,,,,,,,,,,,,,,,,,,,,,,,,,,,,,,,,,61.71118,19.09486,-0.13332
13,2026-02-28,16:52:53.82,4,1,"Kehlenbrink, Brady",815650,Left,MIZ_TIG,"Smith, Dante",10083909,Left,NOR_BIS,Undefined,1,Top,2,0,0,Cutter,Slider,StrikeCalled,Undefined,Undefined,Undefined,0,0,,79.64998,1.24451,1.97155,2262.547268,310.602534,4:15,5.43768,-1.621,5.74292,-46.55254,-1.36559,3.54492,2.71792,0.51082,71.72949,-7.347436,2.605898,0.483813,,,,,,,,,,,,-1.11681,-0.54677,1.45489,50,5.5135,-4.11377,-115.37794,0.96373,-1.47429,25.60628,-32.89586,MIZ_TIG,NOR_BIS,TaylorStadium,D1,SEC,20260228-TaylorStadium-2,37cb20a0-14f8-11f1-9d47-ad81a36dfdfe,77.90697,,,7.92049,,,,,,,1fa80f13-d93e-49a6-97f0-7762eeb242e9,2026-02-28,22:52:53.82,2026-02-28T16:52:53.8259968-06:00,2026-02-28T22:52:53.8259968Z,,v3,4806,471388,ae4075840dfa411e9b4d026302d1ad63,"Serna, Mateo",806219,Right,MIZ_TIG,edaee639-ec35-455e-a5c7-ea7d344485e9,54.75277,-116.42797,12.80314,5.44632,2.31267,-16.44793,1.62234,-4.05331,-0.73715,,,,,,,,,,,,,,,,,,,,,,,,,,,,,,,,,,,,,,,,,,,,,,,,,,,High,High,High,,,,,,,,,,,,,,,,,,,,,,,,,,,,,,,,,,,,,,,
14,2026-02-28,16:53:12.74,4,2,"Kehlenbrink, Brady",815650,Left,MIZ_TIG,"Smith, Dante",10083909,Left,NOR_BIS,Undefined,1,Top,2,0,1,Fastball,Four-Seam,FoulBallNotFieldable,Undefined,Undefined,Undefined,0,0,,90.54996,-2.238169,2.864991,2321.925108,160.175318,11:15,5.51157,-1.55202,6.2066,-12.05532,22.40332,-7.5954,2.4375,0.4616,81.00467,-4.638027,1.496409,0.422494,79.91505,18.610093,-156.603563,3158.710322,,,,,50.73174,,,4.80792,12.6052,1.33992,50,5.33649,-6.21737,-131.02484,-5.34802,8.18726,32.95756,-10.70894,MIZ_TIG,NOR_BIS,TaylorStadium,D1,SEC,20260228-TaylorStadium-2,42f03740-14f8-11f1-9d47-ad81a36dfdfe,89.21413,14.67122,,9.54528,,,,0.47392,2.06752,-0.47124,1fa80f13-d93e-49a6-97f0-7762eeb242e9,2026-02-28,22:53:12.74,2026-02-28T16:53:12.7443968-06:00,2026-02-28T22:53:12.7443968Z,,v3,4806,471388,ae4075840dfa411e9b4d026302d1ad63,"Serna, Mateo",806219,Right,MIZ_TIG,e725331b-472f-4b26-8b11-76166086eccd,54.2847,-132.0982,16.47878,5.50498,-4.99925,-5.35447,1.54675,-6.48401,4.09363,53.005209,0.47392,-101.94691,17.81347,-1.62234,0.05541,0.08594,-0.0347,0.00994,-0.00176,2.06752,37.40433,-26.59993,4.33059,-0.99865,0.23428,-0.05073,0.01064,-0.00141,-0.47124,-44.10884,12.99752,-4.31536,1.1893,-0.29402,0.07044,-0.0185,0.00387,,,,,,,,,,,,,,,,,,,,,,,High,High,High,High,Undefined,,,,,,,,,,,,,,,,,,,,,,,,,,,,,,,,,,,,,
15,2026-02-28,16:53:34.95,4,3,"Kehlenbrink, Brady",815650,Left,MIZ_TIG,"Smith, Dante",10083909,Left,NOR_BIS,Undefined,1,Top,2,0,2,Cutter,Slider,InPlay,Undefined,GroundBall,Out,1,0,,81.0947,-0.175357,1.692639,2420.812504,313.029922,4:30,5.48458,-1.50219,5.68462,-45.46951,-1.8835,3.72103,1.53193,0.38608,73.35966,-8.529323,2.358744,0.475165,92.8959,-6.619344,9.389529,,,,,13.59832,13.36209,6.533435,0.086846,-1.33492,-0.51102,1.35724,50,5.44123,-3.61944,-117.57104,-1.88106,-1.83045,26.52323,-32.87479,MIZ_TIG,NOR_BIS,TaylorStadium,D1,SEC,20260228-TaylorStadium-2,505eefc0-14f8-11f1-9d47-ad81a36dfdfe,79.32487,1.56213,,7.73504,,,,2.07144,1.56213,-0.35911,1fa80f13-d93e-49a6-97f0-7762eeb242e9,2026-02-28,22:53:34.95,2026-02-28T16:53:34.9550000-06:00,2026-02-28T22:53:34.9550000Z,GroundBall,v3,4806,471388,ae4075840dfa411e9b4d026302d1ad63,"Serna, Mateo",806219,Right,MIZ_TIG,44a23175-74c8-454f-b86d-edffcd1f8cbb,54.81444,-118.65217,13.26161,5.4906,-0.54102,-16.4374,1.50326,-3.54483,-0.91523,351.232931,2.0715,133.516,-20.80893,,,,,,,1.56227,-15.72636,-26.06963,,,,,,,-0.35912,22.08071,-1.49163,,,,,,,,,,,,,,,,,,,,,,,,,,,,,High,High,High,High,High,,,,,,,,,,,,,,,,,,,,,,,,,,,,,,,,,,,75.97281,14.65773,-2.73269
16,2026-02-28,16:56:00.27,1,1,"Walker, Jonah",807939,Left,NOR_BIS,"Macon, Tyler",823527,Right,MIZ_TIG,Undefined,1,Bottom,0,0,0,Fastball,Cutter,BallCalled,Undefined,Undefined,Undefined,0,0,,85.72875,-1.355011,2.335391,2191.754948,177.707182,12:00,5.89345,-0.85996,5.67953,-29.03533,9.31579,-0.32469,2.20942,1.29123,78.63389,-6.718966,2.277378,0.445718,,,,,,,,,,,,0.81154,5.48205,0.66328,50,5.76102,-5.05911,-124.38201,-3.92473,1.27186,24.8565,-23.58258,MIZ_TIG,NOR_BIS,TaylorStadium,D1,SEC,20260228-TaylorStadium-2,a6ebc430-14f8-11f1-9d47-ad81a36dfdfe,84.5656,,,7.09486,,,,,,,1fa80f13-d93e-49a6-97f0-7762eeb242e9,2026-02-28,22:56:00.27,2026-02-28T16:56:00.2700288-06:00,2026-02-28T22:56:00.2700288Z,,v3,4806,471388,ae4075840dfa411e9b4d026302d1ad63,"Gustafson, Evan",1000308757,Right,NOR_BIS,b48a5115-86e6-450e-86f9-b2c5dc12eec0,54.81858,-125.34125,12.42825,5.89492,-3.01465,-11.79129,0.85947,-5.10819,0.63593,,,,,,,,,,,,,,,,,,,,,,,,,,,,,,,,,,,,,,,,,,,,,,,,,,,High,High,High,,,,,,,,,,,,,,,,,,,,,,,,,,,,,,,,,,,,,,,
17,2026-02-28,16:56:16.16,1,2,"Walker, Jonah",807939,Left,NOR_BIS,"Macon, Tyler",823527,Right,MIZ_TIG,Undefined,1,Bottom,0,1,0,Fastball,Cutter,BallCalled,Undefined,Undefined,Undefined,0,0,,87.81844,0.275832,0.713923,2280.004746,163.679255,11:30,6.00933,-0.73227,5.51598,-24.94462,11.66414,-3.08854,4.18856,-0.32206,80.44528,-4.35617,0.163444,0.435476,,,,,,,,,,,,1.73957,6.15874,0.67215,50,6.01679,-1.45237,-127.52852,-0.24923,2.87526,25.32785,-21.99444,MIZ_TIG,NOR_BIS,TaylorStadium,D1,SEC,20260228-TaylorStadium-2,b042f8a0-14f8-11f1-9d47-ad81a36dfdfe,86.55464,,,7.37316,,,,,,,1fa80f13-d93e-49a6-97f0-7762eeb242e9,2026-02-28,22:56:16.16,2026-02-28T16:56:16.1646592-06:00,2026-02-28T22:56:16.1646592Z,,v3,4806,471388,ae4075840dfa411e9b4d026302d1ad63,"Gustafson, Evan",1000308757,Right,NOR_BIS,b451f0f0-3d1c-4d07-9735-31a27752ea85,54.98127,-128.51402,12.66393,6.00984,0.60656,-10.99722,0.73083,-1.56424,1.43763,,,,,,,,,,,,,,,,,,,,,,,,,,,,,,,,,,,,,,,,,,,,,,,,,,,High,High,High,,,,,,,,,,,,,,,,,,,,,,,,,,,,,,,,,,,,,,,
18,2026-02-28,16:56:32.45,1,3,"Walker, Jonah",807939,Left,NOR_BIS,"Macon, Tyler",823527,Right,MIZ_TIG,Undefined,1,Bottom,0,2,0,Fastball,Cutter,StrikeSwinging,Undefined,Undefined,Undefined,0,0,,87.14765,-1.259348,1.376814,2339.50136,159.849476,11:15,5.92405,-0.69344,5.52498,-27.72876,9.76792,-3.12622,2.43544,0.33346,79.42812,-6.391005,0.819283,0.440725,,,,,,,,,,,,1.97165,5.68437,0.57579,50,5.79624,-2.90036,-126.39502,-3.74762,3.17357,26.96862,-23.02451,MIZ_TIG,NOR_BIS,TaylorStadium,D1,SEC,20260228-TaylorStadium-2,ba18abe0-14f8-11f1-9d47-ad81a36dfdfe,85.52369,,,7.71954,,,,,,,1fa80f13-d93e-49a6-97f0-7762eeb242e9,2026-02-28,22:56:32.45,2026-02-28T16:56:32.4508160-06:00,2026-02-28T22:56:32.4508160Z,,v3,4806,471388,ae4075840dfa411e9b4d026302d1ad63,"Gustafson, Evan",1000308757,Right,NOR_BIS,3f5dfb4d-6517-4e64-a092-c9adf764a674,54.97156,-127.45137,13.48431,5.92537,-2.84576,-11.51226,0.69183,-3.02467,1.58678,,,,,,,,,,,,,,,,,,,,,,,,,,,,,,,,,,,,,,,,,,,,,,,,,,,High,High,High,,,,,,,,,,,,,,,,,,,,,,,,,,,,,,,,,,,,,,,
19,2026-02-28,16:56:52.94,1,4,"Walker, Jonah",807939,Left,NOR_BIS,"Macon, Tyler",823527,Right,MIZ_TIG,Undefined,1,Bottom,0,2,1,Fastball,Four-Seam,StrikeCalled,Undefined,Undefined,Undefined,0,0,,87.99691,-0.637938,1.012013,2280.495749,146.982884,11:00,5.92792,-0.76724,5.68492,-24.52214,11.95426,-6.99166,3.28967,-0.40648,80.17912,-5.215515,-0.238352,0.434688,,,,,,,,,,,,3.8115,6.61658,0.68635,50,5.85903,-1.94906,-127.71301,-2.24282,6.27338,27.15105,-21.28376,MIZ_TIG,NOR_BIS,TaylorStadium,D1,SEC,20260228-TaylorStadium-2,c63d7f40-14f8-11f1-9d47-ad81a36dfdfe,86.71155,,,7.8178,,,,,,,1fa80f13-d93e-49a6-97f0-7762eeb242e9,2026-02-28,22:56:52.94,2026-02-28T16:56:52.9444864-06:00,2026-02-28T22:56:52.9444864Z,,v3,4806,471388,ae4075840dfa411e9b4d026302d1ad63,"Gustafson, Evan",1000308757,Right,NOR_BIS,db57ff10-16af-4d9c-a839-ccc5ab016181,54.81142,-128.73183,13.57553,5.92821,-1.44417,-10.64188,0.7639,-2.18446,3.13669,,,,,,,,,,,,,,,,,,,,,,,,,,,,,,,,,,,,,,,,,,,,,,,,,,,High,High,High,,,,,,,,,,,,,,,,,,,,,,,,,,,,,,,,,,,,,,,
20,2026-02-28,16:57:09.44,1,5,"Walker, Jonah",807939,Left,NOR_BIS,"Macon, Tyler",823527,Right,MIZ_TIG,Undefined,1,Bottom,0,2,2,Curveball,Curveball,BallCalled,Undefined,Undefined,Undefined,0,0,,78.71271,2.884206,-0.566003,2573.903013,344.498313,5:30,5.6873,-0.94836,5.38348,-54.81767,-8.59339,2.79945,3.82513,-1.24564,71.77308,-7.099272,-0.068116,0.489335,,,,,,,,,,,,-1.55484,-4.57902,0.997,50,5.9072,1.01261,-114.1339,3.80586,-2.04084,21.97187,-38.18436,MIZ_TIG,NOR_BIS,TaylorStadium,D1,SEC,20260228-TaylorStadium-2,d01380a0-14f8-11f1-9d47-ad81a36dfdfe,77.02787,,,6.93963,,,,,,,1fa80f13-d93e-49a6-97f0-7762eeb242e9,2026-02-28,22:57:09.44,2026-02-28T16:57:09.4421504-06:00,2026-02-28T22:57:09.4421504Z,,v3,4806,471388,ae4075840dfa411e9b4d026302d1ad63,"Gustafson, Evan",1000308757,Right,NOR_BIS,d7cb3793-fd18-40c5-ab10-0aaa969b9466,55.11639,-115.11464,10.98594,5.69929,5.51027,-19.09218,0.94976,1.10371,-1.02042,,,,,,,,,,,,,,,,,,,,,,,,,,,,,,,,,,,,,,,,,,,,,,,,,,,High,High,High,,,,,,,,,,,,,,,,,,,,,,,,,,,,,,,,,,,,,,,
21,2026-02-28,16:57:25.80,1,6,"Walker, Jonah",807939,Left,NOR_BIS,"Macon, Tyler",823527,Right,MIZ_TIG,Undefined,1,Bottom,0,3,2,Curveball,Curveball,StrikeSwinging,Strikeout,Undefined,Undefined,0,0,,77.96773,-0.422166,1.145697,2542.007574,327.525434,5:00,5.63889,-0.72743,5.31379,-52.29219,-5.39567,4.3424,0.88489,0.7099,72.0934,-9.873057,1.918956,0.49288,,,,,,,,,,,,-1.87307,-2.21449,0.62028,50,5.5623,-2.43297,-113.2428,-2.63534,-2.43207,20.69732,-35.04941,MIZ_TIG,NOR_BIS,TaylorStadium,D1,SEC,20260228-TaylorStadium-2,d9f8eb50-14f8-11f1-9d47-ad81a36dfdfe,76.4738,,,5.87434,,,,,,,1fa80f13-d93e-49a6-97f0-7762eeb242e9,2026-02-28,22:57:25.80,2026-02-28T16:57:25.8070000-06:00,2026-02-28T22:57:25.8070000Z,,v3,4806,471388,ae4075840dfa411e9b4d026302d1ad63,"Gustafson, Evan",1000308757,Right,NOR_BIS,64cce6f8-0555-494a-90dc-e9e43c803b51,55.18808,-114.18708,10.34866,5.64606,-1.03626,-17.52471,0.72875,-2.32201,-1.21603,,,,,,,,,,,,,,,,,,,,,,,,,,,,,63.29869,,,0.964917,,,,3.83623,5.70678,6.34142,64.93892,4.51257,59.84562,3.87994,70.38745,-7.44423,5.72159,11.3516,-13.09214,6.35554,58.42705,-3.12633,High,High,High,,,High,High,High,,,,,,,,,,,,,,,,,,,,,,,,,,,,,,,,,,
22,2026-02-28,16:57:56.00,2,1,"Walker, Jonah",807939,Left,NOR_BIS,"Woita, Jase",831805,Left,MIZ_TIG,Undefined,1,Bottom,1,0,0,Curveball,Curveball,StrikeCalled,Undefined,Undefined,Undefined,0,0,,77.17678,1.118077,0.10077,2486.970816,325.195939,4:45,5.69233,-0.69131,5.40051,-57.21184,-9.16371,7.4628,1.97252,0.02502,70.68772,-9.274072,1.431421,0.498896,,,,,,,,,,,,-3.71229,-4.44071,0.67697,50,5.75191,-0.4893,-112.03549,0.22247,-4.68119,21.7296,-37.77382,MIZ_TIG,NOR_BIS,TaylorStadium,D1,SEC,20260228-TaylorStadium-2,ebe73880-14f8-11f1-9d47-ad81a36dfdfe,75.55176,,,6.48906,,,,,,,1fa80f13-d93e-49a6-97f0-7762eeb242e9,2026-02-28,22:57:56.00,2026-02-28T16:57:56.0077312-06:00,2026-02-28T22:57:56.0077312Z,,v3,4806,471388,ae4075840dfa411e9b4d026302d1ad63,"Gustafson, Evan",1000308757,Right,NOR_BIS,76e2739b-2a45-4833-b085-38767217c451,55.10066,-113.02045,10.8648,5.70302,1.93468,-18.88691,0.69434,-0.27712,-2.3406,,,,,,,,,,,,,,,,,,,,,,,,,,,,,,,,,,,,,,,,,,,,,,,,,,,High,High,High,,,,,,,,,,,,,,,,,,,,,,,,,,,,,,,,,,,,,,,
23,2026-02-28,16:58:10.89,2,2,"Walker, Jonah",807939,Left,NOR_BIS,"Woita, Jase",831805,Left,MIZ_TIG,Undefined,1,Bottom,1,0,1,Fastball,Cutter,BallCalled,Undefined,Undefined,Undefined,0,0,,87.57965,-0.935029,2.944504,2334.717224,165.863993,11:30,5.81871,-0.63432,5.6208,-27.73053,9.14772,-2.00949,2.63401,1.94851,80.1652,-6.061502,2.586253,0.437076,,,,,,,,,,,,1.83225,5.26209,0.38428,50,5.72117,-6.44496,-126.99522,-3.0394,2.99226,26.00447,-23.58043,MIZ_TIG,NOR_BIS,TaylorStadium,D1,SEC,20260228-TaylorStadium-2,f4aed720-14f8-11f1-9d47-ad81a36dfdfe,86.23778,,,7.41445,,,,,,,1fa80f13-d93e-49a6-97f0-7762eeb242e9,2026-02-28,22:58:10.89,2026-02-28T16:58:10.8961280-06:00,2026-02-28T22:58:10.8961280Z,,v3,4806,471388,ae4075840dfa411e9b4d026302d1ad63,"Gustafson, Evan",1000308757,Right,NOR_BIS,30be572d-9b38-40ea-8e8c-883f3a58b3b6,54.87663,-127.9899,13.00223,5.82018,-2.13744,-11.79021,0.633,-6.55942,1.49613,,,,,,,,,,,,,,,,,,,,,,,,,,,,,,,,,,,,,,,,,,,,,,,,,,,High,High,High,,,,,,,,,,,,,,,,,,,,,,,,,,,,,,,,,,,,,,,
24,2026-02-28,16:58:26.96,2,3,"Walker, Jonah",807939,Left,NOR_BIS,"Woita, Jase",831805,Left,MIZ_TIG,Undefined,1,Bottom,1,1,1,Fastball,Slider,BallCalled,Undefined,Undefined,Undefined,0,0,,86.44522,-1.872498,3.672558,2375.242754,178.99028,12:00,5.94205,-0.63419,5.60042,-28.68372,9.51989,-0.14512,1.79941,2.78703,78.81101,-7.166932,3.646728,0.44486,,,,,,,,,,,,1.1611,5.77926,0.31934,50,5.76301,-8.02402,-125.10983,-5.08366,1.82888,26.70528,-23.07101,MIZ_TIG,NOR_BIS,TaylorStadium,D1,SEC,20260228-TaylorStadium-2,fe643120-14f8-11f1-9d47-ad81a36dfdfe,84.72875,,,7.63421,,,,,,,1fa80f13-d93e-49a6-97f0-7762eeb242e9,2026-02-28,22:58:26.96,2026-02-28T16:58:26.9682688-06:00,2026-02-28T22:58:26.9682688Z,,v3,4806,471388,ae4075840dfa411e9b4d026302d1ad63,"Gustafson, Evan",1000308757,Right,NOR_BIS,50fdea6d-f6e5-4dc0-a391-d164a2df8208,54.8955,-126.15047,13.35264,5.94359,-4.18465,-11.53551,0.63341,-8.09529,0.91444,,,,,,,,,,,,,,,,,,,,,,,,,,,,,,,,,,,,,,,,,,,,,,,,,,,High,High,High,,,,,,,,,,,,,,,,,,,,,,,,,,,,,,,,,,,,,,,
25,2026-02-28,16:58:45.61,2,4,"Walker, Jonah",807939,Left,NOR_BIS,"Woita, Jase",831805,Left,MIZ_TIG,Undefined,1,Bottom,1,2,1,Curveball,Curveball,BallCalled,Undefined,Undefined,Undefined,0,0,,77.71602,1.654216,-1.933925,2572.841677,341.847989,5:30,5.71597,-0.84036,5.35961,-56.43046,-8.99485,3.45185,2.56604,-2.36698,71.14097,-8.593628,-1.319941,0.495706,,,,,,,,,,,,-2.33819,-4.7815,1.01151,50,5.82347,3.67743,-112.76688,1.34569,-2.99122,21.75013,-38.29103,MIZ_TIG,NOR_BIS,TaylorStadium,D1,SEC,20260228-TaylorStadium-2,095b8100-14f9-11f1-9d47-ad81a36dfdfe,76.03796,,,6.57505,,,,,,,1fa80f13-d93e-49a6-97f0-7762eeb242e9,2026-02-28,22:58:45.61,2026-02-28T16:58:45.6121344-06:00,2026-02-28T22:58:45.6121344Z,,v3,4806,471388,ae4075840dfa411e9b4d026302d1ad63,"Gustafson, Evan",1000308757,Right,NOR_BIS,6f6eeaca-7be0-4d2f-9b0f-9348530dd993,55.1435,-113.75461,10.87507,5.72287,3.0846,-19.14552,0.84142,3.81327,-1.49561,,,,,,,,,,,,,,,,,,,,,,,,,,,,,,,,,,,,,,,,,,,,,,,,,,,High,High,High,,,,,,,,,,,,,,,,,,,,,,,,,,,,,,,,,,,,,,,
26,2026-02-28,16:59:07.38,2,5,"Walker, Jonah",807939,Left,NOR_BIS,"Woita, Jase",831805,Left,MIZ_TIG,Undefined,1,Bottom,1,3,1,Fastball,Cutter,BallCalled,Walk,Undefined,Undefined,0,0,,86.77394,-1.622519,3.006908,2405.195903,170.569597,11:45,5.87806,-0.62782,5.75432,-27.12694,10.08816,-1.4887,2.10461,2.04979,79.8988,-6.636273,2.740817,0.439067,,,,,,,,,,,,1.55075,5.9237,0.37907,50,5.72675,-6.55039,-125.8838,-4.4806,2.50077,24.36633,-22.62143,MIZ_TIG,NOR_BIS,TaylorStadium,D1,SEC,20260228-TaylorStadium-2,166c13f0-14f9-11f1-9d47-ad81a36dfdfe,85.84663,,,6.87514,,,,,,,1fa80f13-d93e-49a6-97f0-7762eeb242e9,2026-02-28,22:59:07.38,2026-02-28T16:59:07.3838592-06:00,2026-02-28T22:59:07.3838592Z,,v3,4806,471388,ae4075840dfa411e9b4d026302d1ad63,"Gustafson, Evan",1000308757,Right,NOR_BIS,4f1022c7-34a2-434b-8442-00afcc9a6f62,54.74419,-126.79877,12.18316,5.87905,-3.63115,-11.31072,0.62681,-6.64429,1.25038,,,,,,,,,,,,,,,,,,,,,,,,,,,,,,,,,,,,,,,,,,,,,,,,,,,High,High,High,,,,,,,,,,,,,,,,,,,,,,,,,,,,,,,,,,,,,,,
27,2026-02-28,16:59:43.88,3,1,"Walker, Jonah",807939,Left,NOR_BIS,"Serna, Mateo",806219,Right,MIZ_TIG,Undefined,1,Bottom,1,0,0,Slider,Curveball,StrikeSwinging,Undefined,Undefined,Undefined,0,0,,76.34936,-0.522505,1.205849,2446.782559,312.392776,4:30,5.54898,-1.11442,5.69576,-53.15822,-4.96969,7.03607,0.63208,0.59583,70.72666,-10.189439,2.467787,0.499624,,,,,,,,,,,,-3.26732,-1.99705,1.00861,50,5.47158,-2.58982,-110.9605,-2.70555,-4.07276,19.88783,-34.66339,MIZ_TIG,NOR_BIS,TaylorStadium,D1,SEC,20260228-TaylorStadium-2,2c26f980-14f9-11f1-9d47-ad81a36dfdfe,75.44162,,,5.6227,,,,,,,1fa80f13-d93e-49a6-97f0-7762eeb242e9,2026-02-28,22:59:43.88,2026-02-28T16:59:43.8864896-06:00,2026-02-28T22:59:43.8864896Z,,v3,4806,471388,ae4075840dfa411e9b4d026302d1ad63,"Gustafson, Evan",1000308757,Right,NOR_BIS,69ef6f04-f354-4d6a-b07c-a47c65f2e1a9,54.80637,-111.81865,9.94391,5.55605,-1.20985,-17.33169,1.11657,-2.41408,-2.03638,,,,,,,,,,,,,,,,,,,,,,,,,,,,,,,,,,,,,,,,,,,,,,,,,,,High,High,High,,,,,,,,,,,,,,,,,,,,,,,,,,,,,,,,,,,,,,,
28,2026-02-28,17:00:06.99,3,2,"Walker, Jonah",807939,Left,NOR_BIS,"Serna, Mateo",806219,Right,MIZ_TIG,Undefined,1,Bottom,1,0,1,Curveball,Curveball,StrikeSwinging,Undefined,Undefined,Undefined,0,0,,78.60388,0.697852,1.077645,2544.395216,339.726679,5:15,5.55027,-1.12017,5.63243,-54.10629,-8.55252,3.66618,1.69267,0.19092,72.56838,-9.148217,1.73397,0.485773,,,,,,,,,,,,-1.56016,-4.09614,1.0261,50,5.57496,-2.28946,-114.23525,-0.43518,-2.06239,20.97056,-37.58873,MIZ_TIG,NOR_BIS,TaylorStadium,D1,SEC,20260228-TaylorStadium-2,39ed47e0-14f9-11f1-9d47-ad81a36dfdfe,77.59267,,,6.0355,,,,,,,1fa80f13-d93e-49a6-97f0-7762eeb242e9,2026-02-28,23:00:06.99,2026-02-28T17:00:06.9939200-06:00,2026-02-28T23:00:06.9939200Z,,v3,4806,471388,ae4075840dfa411e9b4d026302d1ad63,"Gustafson, Evan",1000308757,Right,NOR_BIS,7e0e0730-9b84-40db-b709-5eeeded81a2f,54.8696,-115.12571,10.48528,5.55955,1.16092,-18.79437,1.12146,-2.20189,-1.03119,,,,,,,,,,,,,,,,,,,,,,,,,,,,,,,,,,,,,,,,,,,,,,,,,,,High,High,High,,,,,,,,,,,,,,,,,,,,,,,,,,,,,,,,,,,,,,,
29,2026-02-28,17:00:29.39,3,3,"Walker, Jonah",807939,Left,NOR_BIS,"Serna, Mateo",806219,Right,MIZ_TIG,Undefined,1,Bottom,1,0,2,Curveball,Curveball,StrikeCalled,Strikeout,Undefined,Undefined,0,0,,78.36021,0.981593,0.466367,2558.462761,338.261142,5:15,5.63525,-0.95139,5.34538,-57.53125,-11.16209,5.0126,1.76186,-0.09619,72.30107,-9.425971,1.359432,0.490102,,,,,,,,,,,,-2.38402,-5.4341,0.90568,50,5.68226,-1.12523,-113.84794,-0.07638,-3.12725,21.00546,-39.3023,MIZ_TIG,NOR_BIS,TaylorStadium,D1,SEC,20260228-TaylorStadium-2,474b3780-14f9-11f1-9d47-ad81a36dfdfe,76.90741,,,6.05915,,,,,,,1fa80f13-d93e-49a6-97f0-7762eeb242e9,2026-02-28,23:00:29.39,2026-02-28T17:00:29.3979648-06:00,2026-02-28T23:00:29.3979648Z,,v3,4806,471388,ae4075840dfa411e9b4d026302d1ad63,"Gustafson, Evan",1000308757,Right,NOR_BIS,77f0ef36-23d6-422f-b8de-eaa2ec357ead,55.15733,-114.79555,10.50273,5.64572,1.69664,-19.65115,0.95325,-0.98415,-1.56363,,,,,,,,,,,,,,,,,,,,,,,,,,,,,,,,,,,,,,,,,,,,,,,,,,,High,High,High,,,,,,,,,,,,,,,,,,,,,,,,,,,,,,,,,,,,,,,
30,2026-02-28,17:01:03.89,4,1,"Walker, Jonah",807939,Left,NOR_BIS,"Ward, Blaize",1000263242,Left,MIZ_TIG,Undefined,1,Bottom,2,0,0,Fastball,Cutter,FoulBallNotFieldable,Undefined,Undefined,Undefined,0,0,,87.73024,-0.721227,1.90362,2345.543602,177.181409,12:00,5.75272,-0.96342,5.79111,-25.75112,10.73288,-0.47122,2.93547,0.7688,80.19879,-5.516967,1.819248,0.434733,,,,,,,,,,,,0.77945,6.028,0.80697,50,5.67791,-4.21341,-127.36064,-2.45912,1.27815,26.55546,-22.2891,MIZ_TIG,NOR_BIS,TaylorStadium,D1,SEC,20260228-TaylorStadium-2,5bc7d0b0-14f9-11f1-9d47-ad81a36dfdfe,86.70249,,,7.53145,,,,,,,1fa80f13-d93e-49a6-97f0-7762eeb242e9,2026-02-28,23:01:03.89,2026-02-28T17:01:03.8932480-06:00,2026-02-28T23:01:03.8932480Z,,v3,4806,471388,ae4075840dfa411e9b4d026302d1ad63,"Gustafson, Evan",1000308757,Right,NOR_BIS,b5a797ab-72e2-4cae-b10d-4eaeb93b1260,54.70767,-128.33846,13.27773,5.75335,-1.6384,-11.14455,0.96298,-4.26048,0.63908,,,,,,,,,,,,,,,,,,,,,,,,,,,,,,,,,,,,,,,,,,,,,,,,,,,High,High,High,,,,,,,,,,,,,,,,,,,,,,,,,,,,,,,,,,,,,,,
31,2026-02-28,17:01:38.99,4,2,"Walker, Jonah",807939,Left,NOR_BIS,"Ward, Blaize",1000263242,Left,MIZ_TIG,Undefined,1,Bottom,2,0,1,Slider,Curveball,BallCalled,Undefined,Undefined,CaughtStealing,1,0,,76.84358,3.312704,-0.414888,2530.139884,311.891409,4:30,5.62719,-0.97396,5.3523,-57.42672,-8.79607,11.57453,3.95219,-0.39855,70.00599,-7.142502,1.641646,0.501911,,,,,,,,,,,,-5.89426,-4.86181,1.0028,50,5.88457,0.34755,-111.39118,4.46873,-7.35933,21.18002,-38.24431,MIZ_TIG,NOR_BIS,TaylorStadium,D1,SEC,20260228-TaylorStadium-2,70c336d0-14f9-11f1-9d47-ad81a36dfdfe,75.09787,,,6.83758,,,,,,,1fa80f13-d93e-49a6-97f0-7762eeb242e9,2026-02-28,23:01:38.99,2026-02-28T17:01:38.9980000-06:00,2026-02-28T23:01:38.9980000Z,,v3,4806,471388,ae4075840dfa411e9b4d026302d1ad63,"Gustafson, Evan",1000308757,Right,NOR_BIS,c0c1fcaf-a2d1-4cec-a685-8870e9d4028e,55.14893,-112.36594,10.59001,5.63841,6.22883,-19.12216,0.97901,0.68624,-3.67967,,,,,,,,,,,,,,,,,,,,,,,,,,,,,77.41473,1.993957,0.68009,1.313867,-1.32411,3.59459,0.31747,-1.70011,6.17053,1.26895,127.28056,1.13938,-1.06656,-1.53269,111.0595,-10.02154,6.19391,11.54904,-11.73786,1.24157,-3.42371,1.28693,High,High,High,,,High,High,High,,,,,,,,,,,,,,,,,,,,,,,,,,,,,,,,,,
32,2026-02-28,17:04:11.91,1,1,"Kehlenbrink, Brady",815650,Left,MIZ_TIG,"Gordon, Noah",10065560,Right,NOR_BIS,Undefined,2,Top,0,0,0,Fastball,Four-Seam,BallCalled,Undefined,Undefined,Undefined,0,0,,88.65712,-0.419229,1.576107,2201.104714,157.395696,11:15,5.58516,-1.56048,6.02004,-15.0517,20.80564,-8.12516,3.94239,-0.77734,79.78304,-3.351318,0.115097,0.430983,,,,,,,,,,,,4.63335,11.15237,1.44114,50,5.54397,-3.18695,-128.56871,-1.30879,7.64387,30.23381,-13.77548,MIZ_TIG,NOR_BIS,TaylorStadium,D1,SEC,20260228-TaylorStadium-2,cbe68350-14f9-11f1-9d47-ad81a36dfdfe,87.45686,,,8.87409,,,,,,,1fa80f13-d93e-49a6-97f0-7762eeb242e9,2026-02-28,23:04:11.91,2026-02-28T17:04:11.9110656-06:00,2026-02-28T23:04:11.9110656Z,,v3,4806,471388,ae4075840dfa411e9b4d026302d1ad63,"Serna, Mateo",806219,Right,MIZ_TIG,88724208-f436-42c6-b8bc-5441f3d65303,54.47446,-129.61664,15.1169,5.58106,-0.83132,-6.88774,1.55619,-3.45189,3.82194,,,,,,,,,,,,,,,,,,,,,,,,,,,,,,,,,,,,,,,,,,,,,,,,,,,High,High,High,,,,,,,,,,,,,,,,,,,,,,,,,,,,,,,,,,,,,,,
33,2026-02-28,17:04:32.52,1,2,"Kehlenbrink, Brady",815650,Left,MIZ_TIG,"Gordon, Noah",10065560,Right,NOR_BIS,Undefined,2,Top,0,1,0,Cutter,Slider,StrikeSwinging,Undefined,Undefined,Undefined,0,0,,78.16624,-0.010367,2.097359,2343.314168,240.891744,2:00,5.45343,-1.67935,5.5786,-42.91179,3.70075,3.8563,1.86776,0.60173,71.39296,-7.886436,2.785438,0.491386,,,,,,,,,,,,-1.3185,2.35158,1.4963,50,5.42467,-4.30116,-113.36728,-1.41358,-1.70279,22.20725,-29.13712,MIZ_TIG,NOR_BIS,TaylorStadium,D1,SEC,20260228-TaylorStadium-2,d84bbb10-14f9-11f1-9d47-ad81a36dfdfe,76.70636,,,6.77328,,,,,,,1fa80f13-d93e-49a6-97f0-7762eeb242e9,2026-02-28,23:04:32.52,2026-02-28T17:04:32.5268480-06:00,2026-02-28T23:04:32.5268480Z,,v3,4806,471388,ae4075840dfa411e9b4d026302d1ad63,"Serna, Mateo",806219,Right,MIZ_TIG,5b68c93d-f082-44a2-8956-11db18f9ed9b,54.91928,-114.32684,11.10363,5.45855,-0.15458,-14.56856,1.68056,-4.22758,-0.85139,,,,,,,,,,,,,,,,,,,,,,,,,,,,,,,,,,,,,,,,,,,,,,,,,,,High,High,High,,,,,,,,,,,,,,,,,,,,,,,,,,,,,,,,,,,,,,,
34,2026-02-28,17:04:50.66,1,3,"Kehlenbrink, Brady",815650,Left,MIZ_TIG,"Gordon, Noah",10065560,Right,NOR_BIS,Undefined,2,Top,0,1,1,Cutter,Slider,FoulBallNotFieldable,Undefined,Undefined,Undefined,0,0,,76.49069,0.339282,2.488819,2359.336169,280.030594,3:15,5.46378,-1.80715,5.40835,-48.58034,0.54252,6.30067,1.7336,1.05122,69.83845,-8.524909,3.609043,0.504444,73.15126,4.25409,-72.628566,3056.795821,,,,63.9465,63.9465,-72.269897,0.615296,-2.4361,0.56024,1.58084,50,5.45979,-5.05595,-110.89129,-0.92221,-3.00047,21.84012,-31.48401,MIZ_TIG,NOR_BIS,TaylorStadium,D1,SEC,20260228-TaylorStadium-2,e2f7aa10-14f9-11f1-9d47-ad81a36dfdfe,74.72069,3.09551,,6.65224,,,,3.49083,2.29131,-1.30081,1fa80f13-d93e-49a6-97f0-7762eeb242e9,2026-02-28,23:04:50.66,2026-02-28T17:04:50.6651648-06:00,2026-02-28T23:04:50.6651648Z,GroundBall,v3,4806,471388,ae4075840dfa411e9b4d026302d1ad63,"Serna, Mateo",806219,Right,MIZ_TIG,f2a5f06a-d881-4984-9eb6-47c347dddb11,55.09193,-111.88966,10.92006,5.46905,0.51699,-15.74201,1.80882,-4.91879,-1.50024,,3.49083,31.94429,-10.66273,1.78309,-0.39369,0.07119,-0.01231,0.00212,-0.00015,2.29131,7.95862,-20.03125,1.88763,-0.35244,0.07769,-0.01336,0.00245,-0.00035,-1.30081,-102.11274,8.82303,-0.56351,0.08246,0.0049,0.00111,-0.00324,0.00143,,,,,,,,,,,,,,,,,,,,,,,High,High,High,High,High,,,,,,,,,,,,,,,,,,,,,,,,,,,,,,,,,,,50.78321,31.42791,-42.81459
35,2026-02-28,17:05:13.41,1,4,"Kehlenbrink, Brady",815650,Left,MIZ_TIG,"Gordon, Noah",10065560,Right,NOR_BIS,Undefined,2,Top,0,1,2,Fastball,Four-Seam,StrikeCalled,Strikeout,Undefined,Undefined,0,0,,90.47979,-2.258107,2.967308,2185.761222,156.55951,11:15,5.5201,-1.57534,6.39258,-14.26154,19.4443,-7.94122,2.25088,0.49451,82.32855,-5.024313,1.531305,0.417853,,,,,,,,,,,,4.98158,11.11477,1.36537,50,5.35069,-6.47794,-131.22786,-5.52278,8.64753,28.94216,-12.87992,MIZ_TIG,NOR_BIS,TaylorStadium,D1,SEC,20260228-TaylorStadium-2,f08471e0-14f9-11f1-9d47-ad81a36dfdfe,90.20493,,,8.15125,,,,,,,1fa80f13-d93e-49a6-97f0-7762eeb242e9,2026-02-28,23:05:13.41,2026-02-28T17:05:13.4130000-06:00,2026-02-28T23:05:13.4130000Z,,v3,4806,471388,ae4075840dfa411e9b4d026302d1ad63,"Serna, Mateo",806219,Right,MIZ_TIG,72a9fd11-32bc-4520-bdc2-63fdb0d99151,54.10474,-132.13005,14.47108,5.51658,-5.12128,-6.43996,1.5715,-6.7475,4.32376,,,,,,,,,,,,,,,,,,,,,,,,,,,,,64.12351,2.967585,1.93111,1.036475,-1.10047,2.02594,-0.56029,-1.43244,6.15369,-2.33466,69.00594,5.1567,-55.77909,-1.40347,71.6516,-3.58636,6.19015,13.18479,-13.67845,-2.40721,-58.12243,6.38887,High,High,High,,,High,High,High,,,,,,,,,,,,,,,,,,,,,,,,,,,,,,,,,,
36,2026-02-28,17:05:45.43,2,1,"Kehlenbrink, Brady",815650,Left,MIZ_TIG,"Gustafson, Evan",1000308757,Left,NOR_BIS,Undefined,2,Top,1,0,0,Fastball,Four-Seam,StrikeSwinging,Undefined,Undefined,Undefined,0,0,,89.46874,-0.335592,1.962789,2149.74957,148.621272,11:00,5.52386,-1.44254,6.27013,-17.27229,17.30245,-9.85288,3.77494,-0.45344,81.24487,-3.655223,0.183036,0.423205,,,,,,,,,,,,5.66201,9.40595,1.30177,50,5.4904,-4.0463,-129.91606,-1.22399,9.62131,28.67779,-16.19078,MIZ_TIG,NOR_BIS,TaylorStadium,D1,SEC,20260228-TaylorStadium-2,039f5830-14fa-11f1-9d47-ad81a36dfdfe,89.06426,,,8.22386,,,,,,,1fa80f13-d93e-49a6-97f0-7762eeb242e9,2026-02-28,23:05:45.43,2026-02-28T17:05:45.4316032-06:00,2026-02-28T23:05:45.4316032Z,,v3,4806,471388,ae4075840dfa411e9b4d026302d1ad63,"Serna, Mateo",806219,Right,MIZ_TIG,64f9581e-4532-4bde-a5e2-202739638042,54.22697,-130.8458,14.33889,5.52157,-0.69908,-8.09539,1.43801,-4.35822,4.81066,,,,,,,,,,,,,,,,,,,,,,,,,,,,,,,,,,,,,,,,,,,,,,,,,,,High,High,High,,,,,,,,,,,,,,,,,,,,,,,,,,,,,,,,,,,,,,,
37,2026-02-28,17:06:01.81,2,2,"Kehlenbrink, Brady",815650,Left,MIZ_TIG,"Gustafson, Evan",1000308757,Left,NOR_BIS,Undefined,2,Top,1,0,1,Curveball,Curveball,BallCalled,Undefined,Undefined,Undefined,0,0,,73.36926,2.792211,2.257544,2438.534625,326.029777,4:45,5.48486,-1.48164,5.75761,-64.52944,-11.87851,9.15615,2.71057,1.38385,67.12534,-8.999529,3.895483,0.522245,,,,,,,,,,,,-3.94201,-6.28272,1.28894,50,5.678,-4.52599,-106.40075,3.17374,-4.47813,19.79898,-39.31125,MIZ_TIG,NOR_BIS,TaylorStadium,D1,SEC,20260228-TaylorStadium-2,0d75cec0-14fa-11f1-9d47-ad81a36dfdfe,72.17384,,,6.24391,,,,,,,1fa80f13-d93e-49a6-97f0-7762eeb242e9,2026-02-28,23:06:01.81,2026-02-28T17:06:01.8103296-06:00,2026-02-28T23:06:01.8103296Z,,v3,4806,471388,ae4075840dfa411e9b4d026302d1ad63,"Serna, Mateo",806219,Right,MIZ_TIG,1e5644a8-574f-4610-bba3-2d1d38122b54,54.74455,-107.27999,9.89949,5.4983,4.91947,-19.65562,1.48551,-4.32712,-2.23907,,,,,,,,,,,,,,,,,,,,,,,,,,,,,,,,,,,,,,,,,,,,,,,,,,,High,High,High,,,,,,,,,,,,,,,,,,,,,,,,,,,,,,,,,,,,,,,
38,2026-02-28,17:06:19.87,2,3,"Kehlenbrink, Brady",815650,Left,MIZ_TIG,"Gustafson, Evan",1000308757,Left,NOR_BIS,Undefined,2,Top,1,1,1,Curveball,Curveball,StrikeSwinging,Undefined,Undefined,Undefined,0,0,,77.60258,0.148083,1.807662,2286.405834,302.300881,4:00,5.44767,-1.55736,5.32492,-53.14688,-5.04075,10.64745,1.15779,1.02677,70.63712,-9.506903,3.701169,0.499197,,,,,,,,,,,,-4.74272,-2.06599,1.38589,50,5.42292,-3.97241,-112.47628,-1.5358,-5.9753,23.54292,-34.77695,MIZ_TIG,NOR_BIS,TaylorStadium,D1,SEC,20260228-TaylorStadium-2,183b3930-14fa-11f1-9d47-ad81a36dfdfe,75.5062,,,6.96546,,,,,,,1fa80f13-d93e-49a6-97f0-7762eeb242e9,2026-02-28,23:06:19.87,2026-02-28T17:06:19.8768128-06:00,2026-02-28T23:06:19.8768128Z,,v3,4806,471388,ae4075840dfa411e9b4d026302d1ad63,"Serna, Mateo",806219,Right,MIZ_TIG,42ded3c8-4767-491c-8105-c16db45ae215,55.17422,-113.55416,11.77146,5.45678,0.05641,-17.38847,1.5615,-3.69884,-2.98765,,,,,,,,,,,,,,,,,,,,,,,,,,,,,,,,,,,,,,,,,,,,,,,,,,,High,High,High,,,,,,,,,,,,,,,,,,,,,,,,,,,,,,,,,,,,,,,
39,2026-02-28,17:06:39.11,2,4,"Kehlenbrink, Brady",815650,Left,MIZ_TIG,"Gustafson, Evan",1000308757,Left,NOR_BIS,Undefined,2,Top,1,1,2,Fastball,Four-Seam,BallCalled,Undefined,Undefined,Undefined,0,0,,91.04349,-0.885688,3.471501,2323.303228,155.615546,11:15,5.54569,-1.51041,6.51054,-16.79572,16.27217,-6.89028,3.3317,1.10507,82.93787,-4.114297,2.223919,0.41388,,,,,,,,,,,,4.58008,9.08713,1.27059,50,5.47614,-7.736,-132.11193,-2.48509,8.07303,28.84588,-16.15666,MIZ_TIG,NOR_BIS,TaylorStadium,D1,SEC,20260228-TaylorStadium-2,239f54a0-14fa-11f1-9d47-ad81a36dfdfe,91.0709,,,8.10562,,,,,,,1fa80f13-d93e-49a6-97f0-7762eeb242e9,2026-02-28,23:06:39.11,2026-02-28T17:06:39.1155200-06:00,2026-02-28T23:06:39.1155200Z,,v3,4806,471388,ae4075840dfa411e9b4d026302d1ad63,"Serna, Mateo",806219,Right,MIZ_TIG,354890c1-e310-4f61-a342-27766bc6f1c6,53.98692,-132.9796,14.42294,5.54358,-1.99911,-8.07833,1.50694,-7.97884,4.03652,,,,,,,,,,,,,,,,,,,,,,,,,,,,,,,,,,,,,,,,,,,,,,,,,,,High,High,High,,,,,,,,,,,,,,,,,,,,,,,,,,,,,,,,,,,,,,,
40,2026-02-28,17:07:00.20,2,5,"Kehlenbrink, Brady",815650,Left,MIZ_TIG,"Gustafson, Evan",1000308757,Left,NOR_BIS,Undefined,2,Top,1,2,2,Curveball,Curveball,StrikeSwinging,Strikeout,Undefined,Undefined,0,0,,79.55322,-0.174142,1.892987,2454.376547,311.74109,4:30,5.4414,-1.61139,5.42416,-49.14499,-3.79272,5.95894,1.18279,0.6589,72.70234,-9.115262,2.954605,0.484698,,,,,,,,,,,,-2.42142,-1.42402,1.4391,50,5.39176,-4.05028,-115.38109,-2.04896,-3.22935,23.61111,-34.07319,MIZ_TIG,NOR_BIS,TaylorStadium,D1,SEC,20260228-TaylorStadium-2,3032c850-14fa-11f1-9d47-ad81a36dfdfe,77.76485,,,6.85088,,,,,,,1fa80f13-d93e-49a6-97f0-7762eeb242e9,2026-02-28,23:07:00.20,2026-02-28T17:07:00.2040000-06:00,2026-02-28T23:07:00.2040000Z,,v3,4806,471388,ae4075840dfa411e9b4d026302d1ad63,"Serna, Mateo",806219,Right,MIZ_TIG,42ff6c84-f329-406f-b522-56baa5d31855,55.07559,-116.4151,11.80556,5.44881,-0.55677,-17.0366,1.61339,-3.90885,-1.61468,,,,,,,,,,,,,,,,,,,,,,,,,,,,,53.65963,2.631144,1.226701,1.404443,0.99045,1.11398,-0.68094,-3.11944,3.90599,2.10962,76.64787,6.51381,-48.14042,-3.03069,61.91263,-3.69752,3.99479,21.99204,-14.39152,2.00947,-40.75679,3.6057,High,High,High,,,High,High,High,,,,,,,,,,,,,,,,,,,,,,,,,,,,,,,,,,
41,2026-02-28,17:07:33.29,3,1,"Kehlenbrink, Brady",815650,Left,MIZ_TIG,"Jones, Cal",1000435438,Left,NOR_BIS,Undefined,2,Top,2,0,0,Fastball,Four-Seam,FoulBallNotFieldable,Undefined,Undefined,Undefined,0,0,,90.69624,-1.899954,2.966607,2310.187914,155.702408,11:15,5.48124,-1.50229,6.58836,-15.8754,17.13131,-7.27685,2.41433,0.61213,83.21572,-4.949168,1.645751,0.413497,87.69007,38.148613,-40.922787,,74.75527,75.3677,-80.69466,300.77591,127.33762,-55.852759,5.081699,4.65382,9.85587,1.30216,50,5.34418,-6.55266,-131.74929,-4.78535,8.20505,27.18368,-14.79735,MIZ_TIG,NOR_BIS,TaylorStadium,D1,SEC,20260228-TaylorStadium-2,43ef1ec0-14fa-11f1-9d47-ad81a36dfdfe,91.15525,90.75704,,7.48052,,,,0.56489,2.5229,-0.77497,1fa80f13-d93e-49a6-97f0-7762eeb242e9,2026-02-28,23:07:33.29,2026-02-28T17:07:33.2907008-06:00,2026-02-28T23:07:33.2907008Z,FlyBall,v3,4806,471388,ae4075840dfa411e9b4d026302d1ad63,"Serna, Mateo",806219,Right,MIZ_TIG,084fbc97-5daa-4603-ba03-e2eb8d5ec1ca,53.91211,-132.55402,13.59184,5.47936,-4.3473,-7.39868,1.49973,-6.79556,4.10253,,0.57063,76.30314,-21.10275,4.7598,-0.46752,-0.09812,0.03637,-0.00385,0.00012,2.52493,79.39205,-20.10828,0.89962,0.29438,-0.22579,0.06911,-0.00986,0.00053,-0.778,-66.18985,5.54997,-0.19935,-0.32065,0.1565,-0.03703,0.00438,-0.00021,,,,,,,,,,,,,,,,,,,,,,,High,High,High,High,Low,,,,,,,,,,,,,,,,,,,,,,,,,,,,,,,,,,,,,
42,2026-02-28,17:07:56.62,3,2,"Kehlenbrink, Brady",815650,Left,MIZ_TIG,"Jones, Cal",1000435438,Left,NOR_BIS,Undefined,2,Top,2,0,1,Fastball,Four-Seam,BallCalled,Undefined,Undefined,Undefined,0,0,,90.31623,-2.215924,4.001003,2289.366721,155.810885,11:15,5.41152,-1.47875,6.30652,-15.15517,19.14009,-8.04008,2.10116,1.54317,81.49312,-5.157492,2.552254,0.421491,,,,,,,,,,,,5.39213,10.96438,1.18834,50,5.24098,-8.80266,-130.70763,-5.43818,9.20959,30.82175,-13.4472,MIZ_TIG,NOR_BIS,TaylorStadium,D1,SEC,20260228-TaylorStadium-2,51d1a7b0-14fa-11f1-9d47-ad81a36dfdfe,89.42637,,,8.82311,,,,,,,1fa80f13-d93e-49a6-97f0-7762eeb242e9,2026-02-28,23:07:56.62,2026-02-28T17:07:56.6290000-06:00,2026-02-28T23:07:56.6290000Z,,v3,4806,471388,ae4075840dfa411e9b4d026302d1ad63,"Serna, Mateo",806219,Right,MIZ_TIG,9984baf9-4bf4-4b51-98a6-3b6d2a670613,54.1886,-131.69163,15.41087,5.40774,-5.00887,-6.7236,1.47407,-9.09668,4.6048,,,,,,,,,,,,,,,,,,,,,,,,,,,,,,,,,,,,,,,,,,,,,,,,,,,High,High,High,,,,,,,,,,,,,,,,,,,,,,,,,,,,,,,,,,,,,,,
43,2026-02-28,17:08:13.51,3,3,"Kehlenbrink, Brady",815650,Left,MIZ_TIG,"Jones, Cal",1000435438,Left,NOR_BIS,Undefined,2,Top,2,1,1,Curveball,Curveball,BallCalled,Undefined,Undefined,Undefined,0,0,,78.45831,0.739031,2.579894,2334.047484,313.026373,4:30,5.38492,-1.55953,5.60456,-50.96105,-4.51075,6.53103,1.8288,1.39469,71.48059,-8.575454,3.745356,0.49053,,,,,,,,,,,,-2.47244,-1.97036,1.33445,50,5.41576,-5.38193,-113.72722,-0.246,-3.19777,23.28403,-34.72241,MIZ_TIG,NOR_BIS,TaylorStadium,D1,SEC,20260228-TaylorStadium-2,5be72310-14fa-11f1-9d47-ad81a36dfdfe,76.84024,,,6.97772,,,,,,,1fa80f13-d93e-49a6-97f0-7762eeb242e9,2026-02-28,23:08:13.51,2026-02-28T17:08:13.5185408-06:00,2026-02-28T23:08:13.5185408Z,,v3,4806,471388,ae4075840dfa411e9b4d026302d1ad63,"Serna, Mateo",806219,Right,MIZ_TIG,a502f6b3-4ac0-49de-9e17-3d17d9c23763,54.89381,-114.72479,11.64201,5.39443,1.24161,-17.36121,1.56209,-5.24493,-1.59889,,,,,,,,,,,,,,,,,,,,,,,,,,,,,,,,,,,,,,,,,,,,,,,,,,,High,High,High,,,,,,,,,,,,,,,,,,,,,,,,,,,,,,,,,,,,,,,
44,2026-02-28,17:08:31.95,3,4,"Kehlenbrink, Brady",815650,Left,MIZ_TIG,"Jones, Cal",1000435438,Left,NOR_BIS,Undefined,2,Top,2,2,1,Fastball,Four-Seam,StrikeSwinging,Undefined,Undefined,Undefined,0,0,,89.88252,-2.142016,2.555909,2260.715496,158.253032,11:15,5.47333,-1.51179,6.51316,-15.81816,18.45178,-6.8676,2.18667,0.26288,81.13546,-5.215673,1.310382,0.421336,,,,,,,,,,,,4.37398,10.67445,1.33603,50,5.31652,-5.53743,-130.31632,-5.25465,7.41873,30.88339,-14.06912,MIZ_TIG,NOR_BIS,TaylorStadium,D1,SEC,20260228-TaylorStadium-2,66dcec50-14fa-11f1-9d47-ad81a36dfdfe,89.45943,,,8.74705,,,,,,,1fa80f13-d93e-49a6-97f0-7762eeb242e9,2026-02-28,23:08:31.95,2026-02-28T17:08:31.9592960-06:00,2026-02-28T23:08:31.9592960Z,,v3,4806,471388,ae4075840dfa411e9b4d026302d1ad63,"Serna, Mateo",806219,Right,MIZ_TIG,bfe091bf-f895-46a8-a0dd-29c52b82757d,53.98216,-131.25665,15.44169,5.46999,-4.82628,-7.03456,1.50807,-5.76332,3.70937,,,,,,,,,,,,,,,,,,,,,,,,,,,,,,,,,,,,,,,,,,,,,,,,,,,High,High,High,,,,,,,,,,,,,,,,,,,,,,,,,,,,,,,,,,,,,,,
45,2026-02-28,17:08:50.72,3,5,"Kehlenbrink, Brady",815650,Left,MIZ_TIG,"Jones, Cal",1000435438,Left,NOR_BIS,Undefined,2,Top,2,2,2,Fastball,Four-Seam,FoulBallNotFieldable,Undefined,Undefined,Undefined,0,0,,92.49672,-1.650053,2.058141,2326.433601,155.979045,11:15,5.54326,-1.41326,6.29189,-14.54064,17.95836,-7.49748,2.80961,-0.14064,83.67025,-4.469215,0.703364,0.410304,55.92862,15.007758,-76.58226,4368.903401,,,,114.22232,76.91056,-81.874791,1.697377,4.53988,10.18142,1.26527,50,5.41465,-4.51071,-134.21793,-4.24761,8.1887,32.08694,-13.80959,MIZ_TIG,NOR_BIS,TaylorStadium,D1,SEC,20260228-TaylorStadium-2,72134100-14fa-11f1-9d47-ad81a36dfdfe,91.86456,11.08028,,8.82648,,,,0.60191,2.94813,-0.09045,1fa80f13-d93e-49a6-97f0-7762eeb242e9,2026-02-28,23:08:50.72,2026-02-28T17:08:50.7230208-06:00,2026-02-28T23:08:50.7230208Z,GroundBall,v3,4806,471388,ae4075840dfa411e9b4d026302d1ad63,"Serna, Mateo",806219,Right,MIZ_TIG,f622ce39-1d41-4cb9-a247-3c2b68ac2899,54.20595,-135.21969,16.04347,5.54053,-3.81648,-6.90479,1.41009,-4.76636,4.09435,,0.60191,18.38472,-7.40385,1.53176,-0.16774,-0.16384,0.15203,-0.05755,0.00838,2.94812,21.24236,-14.16203,0.45297,-0.25205,0.34249,-0.24847,0.09099,-0.01309,-0.09045,-77.06811,8.3206,-1.64931,0.31193,-0.08147,0.0341,-0.01055,0.00135,,,,,,,,,,,,,,,,,,,,,,,High,High,High,Medium,Medium,,,,,,,,,,,,,,,,,,,,,,,,,,,,,,,,,,,43.54583,-12.27335,-10.38448
46,2026-02-28,17:09:11.90,3,6,"Kehlenbrink, Brady",815650,Left,MIZ_TIG,"Jones, Cal",1000435438,Left,NOR_BIS,Undefined,2,Top,2,2,2,Cutter,Slider,InPlay,Undefined,FlyBall,Out,1,0,,80.86755,0.639664,1.998745,2433.250034,265.105333,2:45,5.49763,-1.47661,5.56537,-42.22207,2.04354,4.15614,2.57708,0.7377,72.58897,-7.153684,2.739939,0.478856,79.77711,37.071139,28.971932,3529.427634,94.29406,70.25885,56.64477,284.23933,280.54286,35.073171,4.889861,-1.40862,1.26004,1.30131,50,5.5253,-4.25343,-117.09913,-0.10698,-1.90772,27.18656,-30.46754,MIZ_TIG,NOR_BIS,TaylorStadium,D1,SEC,20260228-TaylorStadium-2,7ec4c400-14fa-11f1-9d47-ad81a36dfdfe,78.71358,81.20288,,8.27858,,,,2.79584,2.83686,-0.64792,1fa80f13-d93e-49a6-97f0-7762eeb242e9,2026-02-28,23:09:11.90,2026-02-28T17:09:11.9094784-06:00,2026-02-28T23:09:11.9094784Z,FlyBall,v3,4806,471388,ae4075840dfa411e9b4d026302d1ad63,"Serna, Mateo",806219,Right,MIZ_TIG,963819f7-611b-4275-8d92-8f9b8c49cecb,54.93161,-118.23854,13.59328,5.50303,1.16995,-15.23377,1.47789,-4.17347,-0.95386,199.981565,2.79867,81.61208,-16.6461,3.51809,-0.31621,-0.07813,0.03066,-0.00389,0.00018,2.83527,70.56075,-17.62578,1.10939,-0.21011,0.01436,0.01034,-0.00267,0.00019,-0.6473,45.20816,-4.52821,0.71685,-0.05819,-0.00829,0.00279,-0.00023,0,,,,,,,,,,,,,,,,,,,,,,,High,High,High,High,Medium,,,,,,,,,,,,,,,,,,,,,,,,,,,,,,,,,,,71.95853,18.31056,23.81749
47,2026-02-28,17:11:22.79,1,1,"Walker, Jonah",807939,Left,NOR_BIS,"Ward, Blaize",1000263242,Left,MIZ_TIG,Undefined,2,Bottom,0,0,0,Curveball,Curveball,BallCalled,Undefined,Undefined,Undefined,0,0,,76.38882,1.834563,-0.344359,2517.53629,333.860269,5:15,5.6445,-0.79921,5.3388,-54.95692,-6.23819,3.7778,2.78646,-0.80745,70.40703,-8.14233,0.327642,0.502365,,,,,,,,,,,,-1.97795,-3.11788,0.82751,50,5.77062,0.51895,-110.93731,1.67606,-2.47215,19.30549,-36.07094,MIZ_TIG,NOR_BIS,TaylorStadium,D1,SEC,20260228-TaylorStadium-2,ccb68810-14fa-11f1-9d47-ad81a36dfdfe,75.02999,,,5.9818,,,,,,,1fa80f13-d93e-49a6-97f0-7762eeb242e9,2026-02-28,23:11:22.79,2026-02-28T17:11:22.7933696-06:00,2026-02-28T23:11:22.7933696Z,,v3,4806,471388,ae4075840dfa411e9b4d026302d1ad63,"Gustafson, Evan",1000308757,Right,NOR_BIS,502e653f-46db-4eb6-835f-721992ce12c7,55.16234,-111.83206,9.65275,5.6542,3.34784,-18.03547,0.8008,0.63353,-1.23607,,,,,,,,,,,,,,,,,,,,,,,,,,,,,,,,,,,,,,,,,,,,,,,,,,,High,High,High,,,,,,,,,,,,,,,,,,,,,,,,,,,,,,,,,,,,,,,
48,2026-02-28,17:11:38.74,1,2,"Walker, Jonah",807939,Left,NOR_BIS,"Ward, Blaize",1000263242,Left,MIZ_TIG,Undefined,2,Bottom,0,1,0,Fastball,Cutter,BallCalled,Undefined,Undefined,Undefined,0,0,,86.29099,0.273091,1.578547,2367.12171,167.43471,11:30,5.91233,-0.63442,5.5644,-28.2032,9.50575,-1.87347,3.81728,0.68451,79.43624,-4.935805,1.244481,0.441971,,,,,,,,,,,,1.3487,5.08622,0.49946,50,5.91738,-3.37454,-125.35229,-0.37876,2.16269,23.48808,-24.0181,MIZ_TIG,NOR_BIS,TaylorStadium,D1,SEC,20260228-TaylorStadium-2,d63c94b0-14fa-11f1-9d47-ad81a36dfdfe,85.28263,,,6.85475,,,,,,,1fa80f13-d93e-49a6-97f0-7762eeb242e9,2026-02-28,23:11:38.74,2026-02-28T17:11:38.7436544-06:00,2026-02-28T23:11:38.7436544Z,,v3,4806,471388,ae4075840dfa411e9b4d026302d1ad63,"Gustafson, Evan",1000308757,Right,NOR_BIS,707a579a-343f-44a2-9fcd-bd479f4c8143,54.93422,-126.27347,11.74404,5.91377,0.5632,-12.00905,0.63347,-3.45936,1.08135,,,,,,,,,,,,,,,,,,,,,,,,,,,,,,,,,,,,,,,,,,,,,,,,,,,High,High,High,,,,,,,,,,,,,,,,,,,,,,,,,,,,,,,,,,,,,,,
49,2026-02-28,17:11:56.86,1,3,"Walker, Jonah",807939,Left,NOR_BIS,"Ward, Blaize",1000263242,Left,MIZ_TIG,Undefined,2,Bottom,0,2,0,Fastball,Cutter,InPlay,Undefined,FlyBall,Out,1,0,,86.69228,-0.869555,1.172658,2290.537372,161.837905,11:30,5.84423,-0.80685,5.5485,-27.1699,10.32091,-3.01295,2.76725,0.03805,79.68491,-5.889275,0.635129,0.440691,84.56915,53.859324,-14.271458,,103.9531,129.12844,-35.96871,200.11991,194.03372,-21.136009,5.793877,1.84488,5.79323,0.70743,50,5.75099,-2.45098,-125.92147,-2.84887,2.97403,24.61133,-22.83517,MIZ_TIG,NOR_BIS,TaylorStadium,D1,SEC,20260228-TaylorStadium-2,e1111a50-14fa-11f1-9d47-ad81a36dfdfe,85.53041,130.3767,,7.00737,,,,1.03201,2.71764,-0.00139,1fa80f13-d93e-49a6-97f0-7762eeb242e9,2026-02-28,23:11:56.86,2026-02-28T17:11:56.8602624-06:00,2026-02-28T23:11:56.8602624Z,FlyBall,v3,4806,471388,ae4075840dfa411e9b4d026302d1ad63,"Gustafson, Evan",1000308757,Right,NOR_BIS,130b3b7a-4e3c-4077-bf1a-6a489c4d8e18,54.95119,-126.88549,12.30566,5.84507,-1.95443,-11.41759,0.80572,-2.56747,1.48701,171.435708,1.03942,70.75233,-21.31838,5.73471,-0.90142,0.03809,0.01321,-0.00223,0.0001,2.71561,100.18744,-23.16455,1.46525,0.15385,-0.166,0.04814,-0.00653,0.00034,-0.00314,-18.00405,1.87474,-0.1406,-0.07235,0.03025,-0.00477,0.0003,-0,,,,,,,,,,,,,,,,,,,,,,,High,High,High,Medium,Low,,,,,,,,,,,,,,,,,,,,,,,,,,,,,,,,,,,,,
50,2026-02-28,17:12:36.91,2,1,"Walker, Jonah",807939,Left,NOR_BIS,"George, Jamal",805322,Right,MIZ_TIG,Undefined,2,Bottom,1,0,0,Fastball,Cutter,InPlay,Undefined,Popup,Out,1,0,,86.84054,-1.052966,1.16741,2265.567105,168.010224,11:30,5.87444,-0.73113,5.57624,-26.80498,10.42981,-1.98126,2.65691,0.19427,80.0342,-6.001762,0.813756,0.439183,82.52815,73.657223,-15.288129,,,,,,30.46496,,,1.3126,5.88764,0.63201,50,5.76623,-2.48846,-126.17107,-3.24183,2.12977,24.09343,-22.621,MIZ_TIG,NOR_BIS,TaylorStadium,D1,SEC,20260228-TaylorStadium-2,f8e961a0-14fa-11f1-9d47-ad81a36dfdfe,85.82391,119.06769,,6.80634,,,,1.73231,2.69001,-0.18978,1fa80f13-d93e-49a6-97f0-7762eeb242e9,2026-02-28,23:12:36.91,2026-02-28T17:12:36.9165824-06:00,2026-02-28T23:12:36.9165824Z,,v3,4806,471388,ae4075840dfa411e9b4d026302d1ad63,"Gustafson, Evan",1000308757,Right,NOR_BIS,be686f53-5b32-47da-ade0-0a7d0fc4bd66,54.92388,-127.10785,12.04672,5.87517,-2.3623,-11.3105,0.73037,-2.57127,1.06489,,1.73233,32.8511,-13.75817,4.3521,-1.3496,1.14028,-0.9816,0.44086,-0.07783,2.69,116.1514,-28.75916,3.41473,-0.55275,-0.06567,0.17873,-0.09627,0.01826,-0.1898,-8.97855,8.03185,-2.78408,0.91696,-0.80816,0.70376,-0.31734,0.05614,,,,,,,,,,,,,,,,,,,,,,,High,High,High,Medium,Undefined,,,,,,,,,,,,,,,,,,,,,,,,,,,,,,,,,,,67.54823,22.72776,-16.05151
51,2026-02-28,17:13:12.91,3,1,"Walker, Jonah",807939,Left,NOR_BIS,"Benson, Cameron",813272,Left,MIZ_TIG,Undefined,2,Bottom,2,0,0,Fastball,Cutter,BallCalled,Undefined,Undefined,Undefined,0,0,,86.77756,-0.1893,0.350604,2282.492798,154.876561,11:15,5.99924,-0.58336,5.55291,-24.72013,12.51095,-5.36284,3.76234,-0.70265,79.97758,-4.772275,-0.606084,0.439162,,,,,,,,,,,,2.7924,6.71181,0.55662,50,5.96659,-0.5416,-126.11683,-1.25558,4.5386,23.44809,-21.26501,MIZ_TIG,NOR_BIS,TaylorStadium,D1,SEC,20260228-TaylorStadium-2,0e645800-14fb-11f1-9d47-ad81a36dfdfe,85.82817,,,6.79998,,,,,,,1fa80f13-d93e-49a6-97f0-7762eeb242e9,2026-02-28,23:13:12.91,2026-02-28T17:13:12.9147904-06:00,2026-02-28T23:13:12.9147904Z,,v3,4806,471388,ae4075840dfa411e9b4d026302d1ad63,"Gustafson, Evan",1000308757,Right,NOR_BIS,a11b85f1-4c9f-4792-bc96-b3e62d2ceaa1,54.9457,-127.03303,11.72405,5.99942,-0.42469,-10.6325,0.58125,-0.71894,2.2693,,,,,,,,,,,,,,,,,,,,,,,,,,,,,,,,,,,,,,,,,,,,,,,,,,,High,High,High,,,,,,,,,,,,,,,,,,,,,,,,,,,,,,,,,,,,,,,
52,2026-02-28,17:13:30.90,3,2,"Walker, Jonah",807939,Left,NOR_BIS,"Benson, Cameron",813272,Left,MIZ_TIG,Undefined,2,Bottom,2,1,0,Fastball,Slider,InPlay,Undefined,Popup,Out,1,0,,86.09792,-0.922347,1.407247,2327.846912,175.709624,11:45,5.92993,-0.65619,5.74929,-29.66608,7.70481,-0.50185,2.59875,0.61236,79.97129,-6.379872,1.31737,0.439985,86.36619,46.821397,-5.759735,5282.153055,109.27512,109.54156,-12.60668,234.84199,130.08264,-6.926767,5.700292,0.59508,4.44807,0.53964,50,5.83492,-3.05625,-125.2211,-3.0218,0.95781,22.04525,-25.01478,MIZ_TIG,NOR_BIS,TaylorStadium,D1,SEC,20260228-TaylorStadium-2,191a3210-14fb-11f1-9d47-ad81a36dfdfe,85.6675,119.81574,,6.12663,,,,1.98188,2.73461,-0.59761,1fa80f13-d93e-49a6-97f0-7762eeb242e9,2026-02-28,23:13:30.90,2026-02-28T17:13:30.9062144-06:00,2026-02-28T23:13:30.9062144Z,FlyBall,v3,4806,471388,ae4075840dfa411e9b4d026302d1ad63,"Gustafson, Evan",1000308757,Right,NOR_BIS,80dbb8c5-9e0c-47e5-8b50-86bbbde3bd72,54.75233,-126.05497,11.02263,5.93133,-2.0756,-12.50739,0.65593,-3.09247,0.4789,178.330901,1.98831,86.1145,-24.06981,6.34323,-1.06781,0.08664,0.00306,-0.00107,5E-05,2.73243,92.40124,-20.59575,0.77669,0.26154,-0.15484,0.03945,-0.00496,0.00024,-0.59822,-8.68731,1.79696,-0.40308,0.0496,0.00087,-0.00122,0.00014,-1E-05,,,,,,,,,,,,,,,,,,,,,,,High,High,High,High,Low,,,,,,,,,,,,,,,,,,,,,,,,,,,,,,,,,,,71.54745,10.01835,7.48951
53,2026-02-28,17:15:53.99,1,1,"Kehlenbrink, Brady",815650,Left,MIZ_TIG,"Schenk, Aiden",1000310248,Left,NOR_BIS,Undefined,3,Top,0,0,0,Cutter,Slider,StrikeCalled,Undefined,Undefined,Undefined,0,0,,76.24579,0.571387,1.757504,2220.67073,289.090759,3:45,5.47092,-1.65607,5.54719,-47.99247,0.6439,2.46055,2.00578,0.19188,70.21639,-8.194884,2.196564,0.50194,,,,,,,,,,,,-0.75689,0.6424,1.50223,50,5.48867,-3.48963,-110.7032,-0.44527,-0.93993,19.63104,-31.37628,MIZ_TIG,NOR_BIS,TaylorStadium,D1,SEC,20260228-TaylorStadium-2,6e73b6a0-14fb-11f1-9d47-ad81a36dfdfe,75.09346,,,6.02939,,,,,,,1fa80f13-d93e-49a6-97f0-7762eeb242e9,2026-02-28,23:15:53.99,2026-02-28T17:15:53.9996672-06:00,2026-02-28T23:15:53.9996672Z,,v3,4806,471388,ae4075840dfa411e9b4d026302d1ad63,"Serna, Mateo",806219,Right,MIZ_TIG,688107eb-461c-407f-8fec-51d15a511aaf,54.95229,-111.57794,9.81552,5.47736,0.95281,-15.68814,1.65679,-3.44775,-0.46997,,,,,,,,,,,,,,,,,,,,,,,,,,,,,,,,,,,,,,,,,,,,,,,,,,,High,High,High,,,,,,,,,,,,,,,,,,,,,,,,,,,,,,,,,,,,,,,
54,2026-02-28,17:16:11.28,1,2,"Kehlenbrink, Brady",815650,Left,MIZ_TIG,"Schenk, Aiden",1000310248,Left,NOR_BIS,Undefined,3,Top,0,0,1,Fastball,Four-Seam,BallCalled,Undefined,Undefined,Undefined,0,0,,88.51228,-2.268361,3.643035,2265.695116,154.820105,11:15,5.52315,-1.43751,6.49156,-15.56832,19.39785,-8.5917,2.13808,1.19541,80.92838,-5.271668,2.088182,0.425594,,,,,,,,,,,,5.46362,11.09316,1.18509,50,5.35638,-7.832,-128.35503,-5.46394,9.12178,26.37482,-13.65343,MIZ_TIG,NOR_BIS,TaylorStadium,D1,SEC,20260228-TaylorStadium-2,78aa2780-14fb-11f1-9d47-ad81a36dfdfe,88.56434,,,7.5839,,,,,,,1fa80f13-d93e-49a6-97f0-7762eeb242e9,2026-02-28,23:16:11.28,2026-02-28T17:16:11.2813056-06:00,2026-02-28T23:16:11.2813056Z,,v3,4806,471388,ae4075840dfa411e9b4d026302d1ad63,"Serna, Mateo",806219,Right,MIZ_TIG,a13da15c-2c6e-48a2-9f28-dbd209f3e6cb,54.00576,-129.17552,13.18741,5.51975,-5.03919,-6.82672,1.43315,-8.11577,4.56089,,,,,,,,,,,,,,,,,,,,,,,,,,,,,,,,,,,,,,,,,,,,,,,,,,,High,High,High,,,,,,,,,,,,,,,,,,,,,,,,,,,,,,,,,,,,,,,
55,2026-02-28,17:16:29.69,1,3,"Kehlenbrink, Brady",815650,Left,MIZ_TIG,"Schenk, Aiden",1000310248,Left,NOR_BIS,Undefined,3,Top,0,1,1,Cutter,Slider,BallCalled,Undefined,Undefined,Undefined,0,0,,79.50287,-0.867793,4.517784,2417.184089,174.390062,11:45,5.45338,-1.68984,5.69474,-39.81301,5.02347,-0.35327,1.32432,2.49972,73.02825,-8.160563,4.454885,0.481933,,,,,,,,,,,,1.4561,3.26689,1.30983,50,5.35565,-9.07981,-115.08794,-3.03625,1.9501,21.65236,-27.79887,MIZ_TIG,NOR_BIS,TaylorStadium,D1,SEC,20260228-TaylorStadium-2,83bf1180-14fb-11f1-9d47-ad81a36dfdfe,78.21088,,,6.47463,,,,,,,1fa80f13-d93e-49a6-97f0-7762eeb242e9,2026-02-28,23:16:29.69,2026-02-28T17:16:29.6997888-06:00,2026-02-28T23:16:29.6997888Z,,v3,4806,471388,ae4075840dfa411e9b4d026302d1ad63,"Serna, Mateo",806219,Right,MIZ_TIG,c9d91c64-1a31-4c22-bb3c-a2824ad5b998,54.80297,-115.98804,10.82618,5.45784,-1.88064,-13.89944,1.68896,-9.16088,0.97505,,,,,,,,,,,,,,,,,,,,,,,,,,,,,,,,,,,,,,,,,,,,,,,,,,,High,High,High,,,,,,,,,,,,,,,,,,,,,,,,,,,,,,,,,,,,,,,
56,2026-02-28,17:16:47.65,1,4,"Kehlenbrink, Brady",815650,Left,MIZ_TIG,"Schenk, Aiden",1000310248,Left,NOR_BIS,Undefined,3,Top,0,2,1,Cutter,Slider,StrikeCalled,Undefined,Undefined,Undefined,0,0,,77.18358,1.58946,0.923769,2414.341584,278.306772,3:15,5.45828,-1.63888,5.5964,-46.53609,0.70598,4.82481,3.06484,-0.37427,71.05279,-6.933981,1.785139,0.494693,,,,,,,,,,,,-2.18295,0.41016,1.55657,50,5.56449,-1.99269,-112.09966,1.59519,-2.78827,19.54452,-31.65016,MIZ_TIG,NOR_BIS,TaylorStadium,D1,SEC,20260228-TaylorStadium-2,8e6497e0-14fb-11f1-9d47-ad81a36dfdfe,76.19358,,,6.13079,,,,,,,1fa80f13-d93e-49a6-97f0-7762eeb242e9,2026-02-28,23:16:47.65,2026-02-28T17:16:47.6557824-06:00,2026-02-28T23:16:47.6557824Z,,v3,4806,471388,ae4075840dfa411e9b4d026302d1ad63,"Serna, Mateo",806219,Right,MIZ_TIG,c31d7c8b-bfb3-4ae5-adf6-2943399df3f9,54.9029,-112.95125,9.77226,5.46494,2.97424,-15.82508,1.64075,-1.8712,-1.39414,,,,,,,,,,,,,,,,,,,,,,,,,,,,,,,,,,,,,,,,,,,,,,,,,,,High,High,High,,,,,,,,,,,,,,,,,,,,,,,,,,,,,,,,,,,,,,,
57,2026-02-28,17:17:04.37,1,5,"Kehlenbrink, Brady",815650,Left,MIZ_TIG,"Schenk, Aiden",1000310248,Left,NOR_BIS,Undefined,3,Top,0,2,2,Fastball,Four-Seam,BallCalled,Undefined,Undefined,Undefined,0,0,,91.64747,-2.280766,1.31017,2258.016618,153.17961,11:00,5.48745,-1.49896,6.1311,-12.51575,20.59403,-9.85445,2.33467,-1.10895,83.40443,-4.716933,-0.466081,0.414142,,,,,,,,,,,,5.53107,11.68961,1.40415,50,5.30676,-2.64,-133.05926,-5.61742,9.86246,29.99105,-11.33022,MIZ_TIG,NOR_BIS,TaylorStadium,D1,SEC,20260228-TaylorStadium-2,984a9ed0-14fb-11f1-9d47-ad81a36dfdfe,91.01325,,,8.24303,,,,,,,1fa80f13-d93e-49a6-97f0-7762eeb242e9,2026-02-28,23:17:04.37,2026-02-28T17:17:04.3789824-06:00,2026-02-28T23:17:04.3789824Z,,v3,4806,471388,ae4075840dfa411e9b4d026302d1ad63,"Serna, Mateo",806219,Right,MIZ_TIG,64fc82a4-d468-4b4c-885e-5e15eaa3d016,54.36901,-134.0404,14.99553,5.48447,-5.24676,-5.66511,1.49579,-2.96264,4.93123,,,,,,,,,,,,,,,,,,,,,,,,,,,,,,,,,,,,,,,,,,,,,,,,,,,High,High,High,,,,,,,,,,,,,,,,,,,,,,,,,,,,,,,,,,,,,,,
58,2026-02-28,17:17:22.35,1,6,"Kehlenbrink, Brady",815650,Left,MIZ_TIG,"Schenk, Aiden",1000310248,Left,NOR_BIS,Undefined,3,Top,0,3,2,Fastball,Four-Seam,FoulBallNotFieldable,Undefined,Undefined,Undefined,0,0,,88.29373,-2.154227,2.103719,2237.396781,151.25423,11:00,5.42441,-1.49174,6.41769,-16.4017,18.7858,-9.68107,2.07492,-0.36365,80.68112,-5.308063,0.349957,0.426939,,,,,,,,,,,,5.61587,10.74127,1.34547,50,5.26263,-4.32606,-128.20011,-5.23491,9.33804,26.71707,-14.31349,MIZ_TIG,NOR_BIS,TaylorStadium,D1,SEC,20260228-TaylorStadium-2,a3103050-14fb-11f1-9d47-ad81a36dfdfe,88.28536,,,7.61261,,,,,,,1fa80f13-d93e-49a6-97f0-7762eeb242e9,2026-02-28,23:17:22.35,2026-02-28T17:17:22.3583232-06:00,2026-02-28T23:17:22.3583232Z,,v3,4806,471388,ae4075840dfa411e9b4d026302d1ad63,"Serna, Mateo",806219,Right,MIZ_TIG,3d60a989-71d7-469c-afbb-b482d5065704,54.08007,-129.0476,13.35854,5.42149,-4.78088,-7.15675,1.4874,-4.62227,4.66902,,,,,,,,,,,,,,,,,,,,,,,,,,,,,,,,,,,,,,,,,,,,,,,,,,,High,High,High,,,,,,,,,,,,,,,,,,,,,,,,,,,,,,,,,,,,,,,
59,2026-02-28,17:17:45.29,1,7,"Kehlenbrink, Brady",815650,Left,MIZ_TIG,"Schenk, Aiden",1000310248,Left,NOR_BIS,Undefined,3,Top,0,3,2,Fastball,Four-Seam,StrikeSwinging,Strikeout,Undefined,Undefined,0,0,,88.84071,-1.728357,2.73205,2125.978617,154.179754,11:15,5.48748,-1.56111,6.55603,-16.56131,18.30332,-8.27122,2.52036,0.25653,80.50317,-4.936833,1.231029,0.424975,,,,,,,,,,,,5.1304,10.45816,1.37551,50,5.36062,-5.82047,-128.8825,-4.28867,8.54934,29.10543,-14.74651,MIZ_TIG,NOR_BIS,TaylorStadium,D1,SEC,20260228-TaylorStadium-2,b0b19190-14fb-11f1-9d47-ad81a36dfdfe,88.69321,,,8.33754,,,,,,,1fa80f13-d93e-49a6-97f0-7762eeb242e9,2026-02-28,23:17:45.29,2026-02-28T17:17:45.2900000-06:00,2026-02-28T23:17:45.2900000Z,,v3,4806,471388,ae4075840dfa411e9b4d026302d1ad63,"Serna, Mateo",806219,Right,MIZ_TIG,3bd09af1-92e7-4c6f-8eed-2da8e4a3de72,53.93994,-129.7692,14.55272,5.48444,-3.83942,-7.37325,1.5568,-6.08093,4.27467,,,,,,,,,,,,,,,,,,,,,,,,,,,,,60.53601,3.130032,1.932083,1.197949,-1.73333,2.2418,-0.32174,-1.85711,6.10964,-0.07417,77.51842,5.25619,-47.27154,-1.77768,72.79364,-5.53855,6.15729,15.27283,-13.39584,-0.1678,-45.9014,5.52733,High,High,High,,,High,High,High,,,,,,,,,,,,,,,,,,,,,,,,,,,,,,,,,,
60,2026-02-28,17:18:17.32,2,1,"Kehlenbrink, Brady",815650,Left,MIZ_TIG,"Simon, Thomas",1000111211,Right,NOR_BIS,Undefined,3,Top,1,0,0,Fastball,Four-Seam,FoulBallNotFieldable,Undefined,Undefined,Undefined,0,0,,89.63886,-2.220069,1.738179,2223.91161,149.010419,11:00,5.43931,-1.60029,6.63591,-17.15906,16.79635,-9.41178,1.97496,-0.79281,81.68785,-5.522443,0.025284,0.419397,77.79284,4.875196,165.124649,3144.610839,,,,,48.21746,,,5.34276,9.76634,1.4854,50,5.28146,-3.55993,-130.12872,-5.46499,9.12908,28.20053,-15.48646,MIZ_TIG,NOR_BIS,TaylorStadium,D1,SEC,20260228-TaylorStadium-2,c3ce4ca0-14fb-11f1-9d47-ad81a36dfdfe,89.87285,7.1597,,7.95101,,,,1.57081,3.10277,-0.11542,1fa80f13-d93e-49a6-97f0-7762eeb242e9,2026-02-28,23:18:17.32,2026-02-28T17:18:17.3291520-06:00,2026-02-28T23:18:17.3291520Z,,v3,4806,471388,ae4075840dfa411e9b4d026302d1ad63,"Serna, Mateo",806219,Right,MIZ_TIG,2846c61b-ec40-4d5f-87fb-e0f350f83c59,53.85821,-130.96217,14.10027,5.43621,-5.0073,-7.74323,1.5946,-3.82974,4.56454,220.49666,1.56411,-109.68673,12.43874,,,,,,,3.09076,10.04186,-2.85853,,,,,,,-0.09779,28.68049,-14.70724,,,,,,,,,,,,,,,,,,,,,,,,,,,,,High,High,High,Medium,Undefined,,,,,,,,,,,,,,,,,,,,,,,,,,,,,,,,,,,71.06517,17.35659,-13.12631
61,2026-02-28,17:18:36.70,2,2,"Kehlenbrink, Brady",815650,Left,MIZ_TIG,"Simon, Thomas",1000111211,Right,NOR_BIS,Undefined,3,Top,1,0,1,ChangeUp,Changeup,StrikeSwinging,Undefined,Undefined,Undefined,0,0,,82.82661,-0.775961,2.259624,2076.179536,125.639447,10:15,5.45967,-1.62618,5.73209,-26.28482,15.44347,-19.35548,2.54602,-1.13371,74.45073,-5.732705,-1.203069,0.464929,,,,,,,,,,,,10.47079,8.55,1.44927,50,5.37916,-3.92266,-119.97519,-2.41829,14.98292,27.16573,-19.9396,MIZ_TIG,NOR_BIS,TaylorStadium,D1,SEC,20260228-TaylorStadium-2,cf82aaf0-14fb-11f1-9d47-ad81a36dfdfe,81.07137,,,8.37588,,,,,,,1fa80f13-d93e-49a6-97f0-7762eeb242e9,2026-02-28,23:18:36.70,2026-02-28T17:18:36.7097344-06:00,2026-02-28T23:18:36.7097344Z,,v3,4806,471388,ae4075840dfa411e9b4d026302d1ad63,"Serna, Mateo",806219,Right,MIZ_TIG,7fdf33cf-98f4-4b53-8532-0c8ead8d6339,54.76281,-121.04882,13.58287,5.45916,-1.63025,-9.9698,1.61601,-4.51481,7.49146,,,,,,,,,,,,,,,,,,,,,,,,,,,,,,,,,,,,,,,,,,,,,,,,,,,High,High,High,,,,,,,,,,,,,,,,,,,,,,,,,,,,,,,,,,,,,,,
62,2026-02-28,17:18:55.93,2,3,"Kehlenbrink, Brady",815650,Left,MIZ_TIG,"Simon, Thomas",1000111211,Right,NOR_BIS,Undefined,3,Top,1,0,2,Fastball,Four-Seam,BallCalled,Undefined,Undefined,Undefined,0,0,,90.47599,-1.555941,0.573771,2326.511841,154.547254,11:15,5.53748,-1.51195,6.30888,-12.66241,21.36273,-9.58607,3.04851,-1.78221,81.56581,-4.053694,-1.160188,0.419828,,,,,,,,,,,,5.11067,11.90182,1.47395,50,5.41691,-0.9089,-131.29161,-3.83102,8.79442,31.46551,-11.69352,MIZ_TIG,NOR_BIS,TaylorStadium,D1,SEC,20260228-TaylorStadium-2,dac868f0-14fb-11f1-9d47-ad81a36dfdfe,89.78068,,,8.91018,,,,,,,1fa80f13-d93e-49a6-97f0-7762eeb242e9,2026-02-28,23:18:55.93,2026-02-28T17:18:55.9346688-06:00,2026-02-28T23:18:55.9346688Z,,v3,4806,471388,ae4075840dfa411e9b4d026302d1ad63,"Serna, Mateo",806219,Right,MIZ_TIG,c1903fcc-cb43-4f2d-9ea7-eb60e11b4db7,54.18627,-132.29109,15.73276,5.5327,-3.45958,-5.84676,1.50726,-1.18825,4.39721,,,,,,,,,,,,,,,,,,,,,,,,,,,,,,,,,,,,,,,,,,,,,,,,,,,High,High,High,,,,,,,,,,,,,,,,,,,,,,,,,,,,,,,,,,,,,,,
63,2026-02-28,17:19:15.82,2,4,"Kehlenbrink, Brady",815650,Left,MIZ_TIG,"Simon, Thomas",1000111211,Right,NOR_BIS,Undefined,3,Top,1,1,2,ChangeUp,Changeup,StrikeSwinging,Strikeout,Undefined,Undefined,0,0,,82.53422,-1.093259,2.808039,2047.018703,127.97033,10:15,5.46166,-1.68378,5.98267,-25.2721,15.93194,-18.6032,2.34097,-0.62918,74.98836,-5.860148,-0.533955,0.461999,,,,,,,,,,,,10.32402,8.91922,1.47175,50,5.3613,-5.13361,-119.69515,-3.01398,14.86906,24.66663,-19.32826,MIZ_TIG,NOR_BIS,TaylorStadium,D1,SEC,20260228-TaylorStadium-2,e6bba500-14fb-11f1-9d47-ad81a36dfdfe,81.58552,,,7.54586,,,,,,,1fa80f13-d93e-49a6-97f0-7762eeb242e9,2026-02-28,23:19:15.82,2026-02-28T17:19:15.8260000-06:00,2026-02-28T23:19:15.8260000Z,,v3,4806,471388,ae4075840dfa411e9b4d026302d1ad63,"Serna, Mateo",806219,Right,MIZ_TIG,2f6dd455-ee55-4dfc-bd08-fd8f05b58bb6,54.51475,-120.62196,12.33331,5.4609,-2.28776,-9.66413,1.67513,-5.69229,7.43453,,,,,,,,,,,,,,,,,,,,,,,,,,,,,56.01306,3.1556,1.873715,1.281885,-1.53594,2.02994,0.66149,-1.52004,4.91378,0.52081,69.88354,4.26931,-54.90325,-1.49413,60.03277,-3.40197,5.01202,19.44273,-15.65171,0.41659,-50.79371,5.99099,High,High,High,,,High,High,High,,,,,,,,,,,,,,,,,,,,,,,,,,,,,,,,,,
64,2026-02-28,17:19:50.08,3,1,"Kehlenbrink, Brady",815650,Left,MIZ_TIG,"Long, Tyman",10276466,Right,NOR_BIS,Undefined,3,Top,2,0,0,ChangeUp,Changeup,FoulBallNotFieldable,Undefined,Undefined,Undefined,0,0,,82.6675,-0.114778,3.058189,2006.369396,134.819061,10:30,5.45182,-1.62697,6.03158,-23.61958,17.64493,-16.25796,3.37708,-0.14707,74.49433,-4.615439,0.137476,0.462338,78.82953,-1.013989,-62.17888,,,,,38.00472,38.00472,-59.639061,0.337123,9.38394,9.54804,1.3968,50,5.43022,-5.77696,-119.83155,-0.89245,13.44261,26.35782,-18.49638,MIZ_TIG,NOR_BIS,TaylorStadium,D1,SEC,20260228-TaylorStadium-2,fb194480-14fb-11f1-9d47-ad81a36dfdfe,81.52566,3.70568,,8.17317,,,,2.78474,3.70568,-0.11304,1fa80f13-d93e-49a6-97f0-7762eeb242e9,2026-02-28,23:19:50.08,2026-02-28T17:19:50.0840960-06:00,2026-02-28T23:19:50.0840960Z,GroundBall,v3,4806,471388,ae4075840dfa411e9b4d026302d1ad63,"Serna, Mateo",806219,Right,MIZ_TIG,febaab7b-ad61-4d58-a6a5-6b780a6b46ff,54.46657,-120.81001,13.17891,5.4506,-0.20583,-9.24819,1.62052,-6.27598,6.72131,,2.79033,53.72904,-14.95466,,,,,,,3.71547,-2.43544,-25.54924,,,,,,,-0.11543,-102.14237,15.48233,,,,,,,,,,,,,,,,,,,,,,,,,,,,,High,High,High,High,High,,,,,,,,,,,,,,,,,,,,,,,,,,,,,,,,,,,82.13598,28.93947,-30.51227
65,2026-02-28,17:20:12.76,3,2,"Kehlenbrink, Brady",815650,Left,MIZ_TIG,"Long, Tyman",10276466,Right,NOR_BIS,Undefined,3,Top,2,0,1,Cutter,Slider,BallCalled,Undefined,Undefined,Undefined,0,0,,82.11027,1.459953,2.77697,2445.405648,240.600103,2:00,5.33239,-1.82017,5.9032,-38.1088,3.8952,4.32803,3.5138,1.12035,74.28744,-5.615971,3.552067,0.466463,,,,,,,,,,,,-1.31453,2.02445,1.59453,50,5.42862,-5.94543,-118.96086,1.7968,-1.86003,25.50109,-29.30949,MIZ_TIG,NOR_BIS,TaylorStadium,D1,SEC,20260228-TaylorStadium-2,0899fe60-14fc-11f1-9d47-ad81a36dfdfe,80.80486,,,7.82283,,,,,,,1fa80f13-d93e-49a6-97f0-7762eeb242e9,2026-02-28,23:20:12.76,2026-02-28T17:20:12.7609344-06:00,2026-02-28T23:20:12.7609344Z,,v3,4806,471388,ae4075840dfa411e9b4d026302d1ad63,"Serna, Mateo",806219,Right,MIZ_TIG,2a5c4642-d5fa-4198-9b97-c9c85267de46,54.59222,-119.94124,12.75055,5.33789,2.92358,-14.65475,1.82173,-5.87392,-0.93001,,,,,,,,,,,,,,,,,,,,,,,,,,,,,,,,,,,,,,,,,,,,,,,,,,,High,High,High,,,,,,,,,,,,,,,,,,,,,,,,,,,,,,,,,,,,,,,
66,2026-02-28,17:20:31.90,3,3,"Kehlenbrink, Brady",815650,Left,MIZ_TIG,"Long, Tyman",10276466,Right,NOR_BIS,Undefined,3,Top,2,1,1,Cutter,Slider,StrikeCalled,Undefined,Undefined,Undefined,0,0,,80.55018,1.136023,1.629119,2395.216239,315.128024,4:30,5.35817,-1.6014,5.6639,-47.60156,-3.60666,5.11559,2.45125,0.34441,73.06529,-7.60389,2.543662,0.477389,,,,,,,,,,,,-2.0602,-1.68681,1.46044,50,5.42458,-3.52779,-116.80204,0.69287,-2.80606,24.88819,-34.47155,MIZ_TIG,NOR_BIS,TaylorStadium,D1,SEC,20260228-TaylorStadium-2,141e9a20-14fc-11f1-9d47-ad81a36dfdfe,78.95539,,,7.4849,,,,,,,1fa80f13-d93e-49a6-97f0-7762eeb242e9,2026-02-28,23:20:31.90,2026-02-28T17:20:31.9001600-06:00,2026-02-28T23:20:31.9001600Z,,v3,4806,471388,ae4075840dfa411e9b4d026302d1ad63,"Serna, Mateo",806219,Right,MIZ_TIG,f4911643-f360-4493-89a2-d879937c2fcd,54.83407,-117.82758,12.44409,5.36676,2.11331,-17.23577,1.60342,-3.41217,-1.40303,,,,,,,,,,,,,,,,,,,,,,,,,,,,,,,,,,,,,,,,,,,,,,,,,,,High,High,High,,,,,,,,,,,,,,,,,,,,,,,,,,,,,,,,,,,,,,,
67,2026-02-28,17:20:51.02,3,4,"Kehlenbrink, Brady",815650,Left,MIZ_TIG,"Long, Tyman",10276466,Right,NOR_BIS,Undefined,3,Top,2,1,2,Fastball,Four-Seam,FoulBallNotFieldable,Undefined,Undefined,Undefined,0,0,,91.77628,-3.004095,3.454699,2207.104164,153.38614,11:00,5.43365,-1.51806,6.37658,-12.04237,20.82706,-9.87426,1.65869,0.84136,83.41528,-5.364922,1.671079,0.412636,69.87622,23.355106,157.363525,2766.730082,-103.23248,15.18224,37.98741,149.6984,51.83561,160.626833,1.88626,6.16197,12.07308,1.27303,50,5.21062,-7.62423,-132.97729,-7.25846,10.97136,30.01468,-10.67789,MIZ_TIG,NOR_BIS,TaylorStadium,D1,SEC,20260228-TaylorStadium-2,1f636dc0-14fc-11f1-9d47-ad81a36dfdfe,91.34541,18.87124,,8.361,,,,1.01015,1.6457,-0.8362,1fa80f13-d93e-49a6-97f0-7762eeb242e9,2026-02-28,23:20:51.02,2026-02-28T17:20:51.0226944-06:00,2026-02-28T23:20:51.0226944Z,LineDrive,v3,4806,471388,ae4075840dfa411e9b4d026302d1ad63,"Serna, Mateo",806219,Right,MIZ_TIG,1fcf3519-a859-4e40-a349-9beca2c80ccb,54.12188,-133.90442,15.00734,5.42973,-6.92863,-5.33895,1.51377,-7.96312,5.48568,335.607419,1.01017,-86.84159,5.50974,0.24992,0.10182,-0.10881,0.05196,-0.00695,-0.00094,1.64572,40.626,-26.04257,2.7429,-0.43183,0.10326,-0.05349,0.0237,-0.00393,-0.83621,36.21347,-5.60505,0.50708,-0.17096,0.08062,-0.03566,0.00645,0.00015,,,,,,,,,,,,,,,,,,,,,,,High,High,High,High,Low,,,,,,,,,,,,,,,,,,,,,,,,,,,,,,,,,,,79.16663,14.40526,-7.66029
68,2026-02-28,17:21:10.06,3,5,"Kehlenbrink, Brady",815650,Left,MIZ_TIG,"Long, Tyman",10276466,Right,NOR_BIS,Undefined,3,Top,2,1,2,ChangeUp,Changeup,InPlay,Undefined,FlyBall,HomeRun,0,1,,83.97039,-1.778391,3.084802,1946.400596,131.486936,10:30,5.42309,-1.56262,6.19464,-23.4695,16.18863,-16.71438,1.82257,-0.10483,76.06927,-6.233841,0.07112,0.45325,103.04233,30.807873,-26.028026,2653.726672,95.96042,62.61836,-53.77286,384.16879,223.63792,-39.165498,5.467731,9.6528,9.35229,1.3386,50,5.27721,-5.92461,-121.7379,-4.43562,14.31585,26.51662,-18.30387,MIZ_TIG,NOR_BIS,TaylorStadium,D1,SEC,20260228-TaylorStadium-2,2ab38c00-14fc-11f1-9d47-ad81a36dfdfe,83.16041,96.59061,,7.90112,,,,2.1513,1.86969,0.16952,1fa80f13-d93e-49a6-97f0-7762eeb242e9,2026-02-28,23:21:10.06,2026-02-28T17:21:10.0693504-06:00,2026-02-28T23:21:10.0693504Z,FlyBall,v3,4806,471388,ae4075840dfa411e9b4d026302d1ad63,"Serna, Mateo",806219,Right,MIZ_TIG,09443f2f-0547-4e44-9917-95496bfcce61,54.30415,-122.67184,13.25831,5.42209,-3.79094,-9.15194,1.55615,-6.42882,7.15793,148.513335,2.15705,116.52368,-28.35519,6.45824,-1.06015,0.11284,-0.00845,0.00078,-5E-05,1.86995,77.39373,-17.39011,0.59834,0.15659,-0.12102,0.03611,-0.00488,0.00025,0.16972,-56.9665,3.23065,-0.06725,-0.06536,0.01825,-0.00294,0.00026,-1E-05,,,,,,,,,,,,,,,,,,,,,,,High,High,High,Medium,Low,,,,,,,,,,,,,,,,,,,,,,,,,,,,,,,,,,,80.23667,23.70093,-18.75673
69,2026-02-28,17:21:53.68,4,1,"Kehlenbrink, Brady",815650,Left,MIZ_TIG,"Corbin, Caleb",1000136863,Right,NOR_BIS,Undefined,3,Top,2,0,0,Cutter,Slider,StrikeSwinging,Undefined,Undefined,Undefined,0,0,,80.80223,0.10613,2.030885,2302.878275,265.108292,2:45,5.3875,-1.71356,5.85375,-41.3566,1.71555,3.66209,2.03979,0.47941,73.88939,-7.51456,2.687707,0.472356,,,,,,,,,,,,-1.26843,1.28764,1.54644,50,5.37216,-4.30076,-117.27977,-1.12548,-1.75629,23.39431,-30.39113,MIZ_TIG,NOR_BIS,TaylorStadium,D1,SEC,20260228-TaylorStadium-2,44d1a4a0-14fc-11f1-9d47-ad81a36dfdfe,79.79664,,,6.91284,,,,,,,1fa80f13-d93e-49a6-97f0-7762eeb242e9,2026-02-28,23:21:53.68,2026-02-28T17:21:53.6830976-06:00,2026-02-28T23:21:53.6830976Z,,v3,4806,471388,ae4075840dfa411e9b4d026302d1ad63,"Serna, Mateo",806219,Right,MIZ_TIG,129548dc-b9f2-4900-9091-75cb43677f66,54.64469,-118.20264,11.69716,5.39291,0.0734,-15.19556,1.71473,-4.23148,-0.87814,,,,,,,,,,,,,,,,,,,,,,,,,,,,,,,,,,,,,,,,,,,,,,,,,,,High,High,High,,,,,,,,,,,,,,,,,,,,,,,,,,,,,,,,,,,,,,,
70,2026-02-28,17:22:10.28,4,2,"Kehlenbrink, Brady",815650,Left,MIZ_TIG,"Corbin, Caleb",1000136863,Right,NOR_BIS,Undefined,3,Top,2,0,1,Fastball,Four-Seam,StrikeSwinging,Undefined,Undefined,Undefined,0,0,,91.27484,-1.389414,2.208877,2270.267149,153.788433,11:15,5.4248,-1.57366,6.51295,-12.54741,20.72659,-9.60351,3.10299,-0.34597,82.06081,-3.878098,0.466645,0.415168,,,,,,,,,,,,5.68784,11.60134,1.42306,50,5.32176,-4.70506,-132.39015,-3.46088,9.92972,32.57576,-11.92058,MIZ_TIG,NOR_BIS,TaylorStadium,D1,SEC,20260228-TaylorStadium-2,4ec3b980-14fc-11f1-9d47-ad81a36dfdfe,90.78838,,,9.21403,,,,,,,1fa80f13-d93e-49a6-97f0-7762eeb242e9,2026-02-28,23:22:10.28,2026-02-28T17:22:10.2848000-06:00,2026-02-28T23:22:10.2848000Z,,v3,4806,471388,ae4075840dfa411e9b4d026302d1ad63,"Serna, Mateo",806219,Right,MIZ_TIG,36a005b8-d359-40ec-9173-2fb9ab3a2ff5,53.98192,-133.36634,16.28788,5.42012,-3.10366,-5.96029,1.56851,-5.00262,4.96486,,,,,,,,,,,,,,,,,,,,,,,,,,,,,,,,,,,,,,,,,,,,,,,,,,,High,High,High,,,,,,,,,,,,,,,,,,,,,,,,,,,,,,,,,,,,,,,
71,2026-02-28,17:22:27.31,4,3,"Kehlenbrink, Brady",815650,Left,MIZ_TIG,"Corbin, Caleb",1000136863,Right,NOR_BIS,Undefined,3,Top,2,0,2,Cutter,Slider,BallCalled,Undefined,Undefined,Undefined,0,0,,81.673,-1.215669,2.17069,2355.546038,184.644861,12:15,5.42033,-1.77106,5.87143,-39.29612,2.80417,0.11717,1.01551,0.25591,74.9089,-8.443105,2.191726,0.466997,,,,,,,,,,,,0.57311,2.19067,1.59528,50,5.29911,-4.49737,-118.53347,-3.79107,0.81153,23.65615,-29.07202,MIZ_TIG,NOR_BIS,TaylorStadium,D1,SEC,20260228-TaylorStadium-2,58ca19b0-14fc-11f1-9d47-ad81a36dfdfe,80.71241,,,6.76409,,,,,,,1fa80f13-d93e-49a6-97f0-7762eeb242e9,2026-02-28,23:22:27.31,2026-02-28T17:22:27.3157632-06:00,2026-02-28T23:22:27.3157632Z,,v3,4806,471388,ae4075840dfa411e9b4d026302d1ad63,"Serna, Mateo",806219,Right,MIZ_TIG,e20e0074-8a4a-4451-86f5-be29a3cf73de,54.62778,-119.45347,11.82807,5.42457,-2.66043,-14.53601,1.7708,-4.52893,0.40576,,,,,,,,,,,,,,,,,,,,,,,,,,,,,,,,,,,,,,,,,,,,,,,,,,,High,High,High,,,,,,,,,,,,,,,,,,,,,,,,,,,,,,,,,,,,,,,
72,2026-02-28,17:22:45.91,4,4,"Kehlenbrink, Brady",815650,Left,MIZ_TIG,"Corbin, Caleb",1000136863,Right,NOR_BIS,Undefined,3,Top,2,1,2,Curveball,Curveball,InPlay,Undefined,LineDrive,Single,0,0,,74.54401,2.261709,0.46291,2352.274658,325.36668,4:45,5.47767,-1.55604,5.77526,-59.84365,-8.90386,7.3252,2.59644,-0.51485,68.01796,-8.708185,1.776589,0.513689,79.95523,22.040803,7.043848,1113.802232,108.43481,30.65061,18.4902,232.62027,232.31277,12.254069,2.868852,-3.59807,-4.76524,1.51329,50,5.62831,-1.13686,-108.19796,2.40908,-4.21967,20.76284,-37.76252,MIZ_TIG,NOR_BIS,TaylorStadium,D1,SEC,20260228-TaylorStadium-2,63eee230-14fc-11f1-9d47-ad81a36dfdfe,73.37604,31.22994,,6.52605,,,,0.84431,2.54343,0.48053,1fa80f13-d93e-49a6-97f0-7762eeb242e9,2026-02-28,23:22:45.91,2026-02-28T17:22:45.9181056-06:00,2026-02-28T23:22:45.9181056Z,LineDrive,v3,4806,471388,ae4075840dfa411e9b4d026302d1ad63,"Serna, Mateo",806219,Right,MIZ_TIG,e4cff125-535b-4788-b8d0-6806e1358fc4,54.72634,-109.10116,10.38142,5.48778,4.05178,-18.88126,1.55875,-0.9533,-2.10984,228.686964,0.84442,107.87098,-15.66715,2.94242,-0.37673,-0.04691,0.03951,-0.00924,0.00084,2.54333,44.01246,-18.43764,1.59734,-0.51074,0.21468,-0.06798,0.01314,-0.00109,0.48044,13.33606,2.67849,-0.66641,-0.07499,0.13765,-0.05366,0.01007,-0.00077,,,,,,,,,,,,,,,,,,,,,,,High,High,High,High,High,,,,,,,,,,,,,,,,,,,,,,,,,,,,,,,,,,,,,
73,2026-02-28,17:23:45.23,5,1,"Kehlenbrink, Brady",815650,Left,MIZ_TIG,"Becker, Colten",1000192822,Left,NOR_BIS,Undefined,3,Top,2,0,0,Cutter,Slider,StrikeSwinging,Undefined,Undefined,Undefined,0,0,,80.42843,-0.07737,1.964203,2303.274431,269.940833,3:00,5.51617,-1.47371,5.70547,-42.89396,1.74969,1.73847,1.86955,0.502,72.10185,-8.008985,2.275293,0.480896,,,,,,,,,,,,-0.17295,1.46937,1.30798,50,5.48373,-4.06359,-116.43402,-1.57647,-0.23101,27.37641,-30.21154,MIZ_TIG,NOR_BIS,TaylorStadium,D1,SEC,20260228-TaylorStadium-2,874b7720-14fc-11f1-9d47-ad81a36dfdfe,78.37958,,,8.32658,,,,,,,1fa80f13-d93e-49a6-97f0-7762eeb242e9,2026-02-28,23:23:45.23,2026-02-28T17:23:45.2393984-06:00,2026-02-28T23:23:45.2393984Z,,v3,4806,471388,ae4075840dfa411e9b4d026302d1ad63,"Serna, Mateo",806219,Right,MIZ_TIG,7c0ee102-5235-416b-9994-f7cc2a6309fa,54.78893,-117.55461,13.68821,5.52295,-0.33982,-15.10577,1.47412,-4.05413,-0.11551,,,,,,,,,,,,,,,,,,,,,,,,,,,,,,,,,,,,,,,,,,,,,,,,,,,High,High,High,,,,,,,,,,,,,,,,,,,,,,,,,,,,,,,,,,,,,,,
74,2026-02-28,17:24:04.68,5,2,"Kehlenbrink, Brady",815650,Left,MIZ_TIG,"Becker, Colten",1000192822,Left,NOR_BIS,Undefined,3,Top,2,0,1,Cutter,Slider,BallCalled,Undefined,Undefined,Undefined,0,0,,81.23226,0.337295,3.067825,2447.242509,246.540194,2:15,5.3836,-1.62853,5.7347,-41.0551,2.78827,2.43776,2.2769,1.43421,72.6363,-7.271601,3.503271,0.476566,,,,,,,,,,,,-0.11799,1.86028,1.37131,50,5.38735,-6.39639,-117.47147,-0.66826,-0.16025,28.04299,-29.6472,MIZ_TIG,NOR_BIS,TaylorStadium,D1,SEC,20260228-TaylorStadium-2,92dff160-14fc-11f1-9d47-ad81a36dfdfe,79.09169,,,8.59597,,,,,,,1fa80f13-d93e-49a6-97f0-7762eeb242e9,2026-02-28,23:24:04.68,2026-02-28T17:24:04.6815744-06:00,2026-02-28T23:24:04.6815744Z,,v3,4806,471388,ae4075840dfa411e9b4d026302d1ad63,"Serna, Mateo",806219,Right,MIZ_TIG,7bed7fb9-411c-412f-8683-f69812ab0e03,54.75854,-118.602,14.0215,5.3902,0.52693,-14.8236,1.62905,-6.38993,-0.08012,,,,,,,,,,,,,,,,,,,,,,,,,,,,,,,,,,,,,,,,,,,,,,,,,,,High,High,High,,,,,,,,,,,,,,,,,,,,,,,,,,,,,,,,,,,,,,,
75,2026-02-28,17:24:23.76,5,3,"Kehlenbrink, Brady",815650,Left,MIZ_TIG,"Becker, Colten",1000192822,Left,NOR_BIS,Undefined,3,Top,2,1,1,Fastball,Four-Seam,StrikeSwinging,Undefined,Undefined,Undefined,0,0,,89.44961,-2.077709,2.880053,2247.965172,157.777107,11:15,5.51209,-1.35576,6.39307,-14.33028,20.43414,-7.83642,2.40369,0.64234,80.71697,-4.880502,1.462841,0.424364,,,,,,,,,,,,4.95111,11.62934,1.15191,50,5.35559,-6.19787,-129.63511,-5.02831,8.31556,30.39517,-12.64218,MIZ_TIG,NOR_BIS,TaylorStadium,D1,SEC,20260228-TaylorStadium-2,9e4433e0-14fc-11f1-9d47-ad81a36dfdfe,88.82091,,,8.73264,,,,,,,1fa80f13-d93e-49a6-97f0-7762eeb242e9,2026-02-28,23:24:23.76,2026-02-28T17:24:23.7619712-06:00,2026-02-28T23:24:23.7619712Z,,v3,4806,471388,ae4075840dfa411e9b4d026302d1ad63,"Serna, Mateo",806219,Right,MIZ_TIG,b5cc9d2b-30ab-4fb3-b41c-aa6d7abf4b37,54.1021,-130.59338,15.19759,5.50783,-4.62974,-6.32109,1.35144,-6.46003,4.15778,,,,,,,,,,,,,,,,,,,,,,,,,,,,,,,,,,,,,,,,,,,,,,,,,,,High,High,High,,,,,,,,,,,,,,,,,,,,,,,,,,,,,,,,,,,,,,,
76,2026-02-28,17:24:41.83,5,4,"Kehlenbrink, Brady",815650,Left,MIZ_TIG,"Becker, Colten",1000192822,Left,NOR_BIS,Undefined,3,Top,2,1,2,Fastball,Four-Seam,StrikeSwinging,Strikeout,Undefined,Undefined,0,0,,91.54218,-1.141631,0.956853,2298.183527,165.197609,11:30,5.56555,-1.27201,6.24387,-12.09284,21.29446,-5.30524,3.50455,-0.83149,82.29669,-3.537139,-0.001451,0.415874,,,,,,,,,,,,3.02221,11.69083,1.2031,50,5.47412,-1.98603,-132.78822,-2.89349,5.30998,32.6686,-11.63328,MIZ_TIG,NOR_BIS,TaylorStadium,D1,SEC,20260228-TaylorStadium-2,a8f3f370-14fc-11f1-9d47-ad81a36dfdfe,90.63423,,,9.24549,,,,,,,1fa80f13-d93e-49a6-97f0-7762eeb242e9,2026-02-28,23:24:41.83,2026-02-28T17:24:41.8390000-06:00,2026-02-28T23:24:41.8390000Z,,v3,4806,471388,ae4075840dfa411e9b4d026302d1ad63,"Serna, Mateo",806219,Right,MIZ_TIG,8654251c-b624-40fc-a488-4f6712afd016,54.25006,-133.82974,16.3343,5.56046,-2.52261,-5.81664,1.26911,-2.15532,2.65499,,,,,,,,,,,,,,,,,,,,,,,,,,,,,45.81328,,,,,,,-0.5561,6.27627,-3.21929,,,,-0.5294,55.56429,-3.53012,6.30158,13.46103,-14.51339,-3.20638,34.43387,-1.7695,High,High,High,,,High,High,Medium,,,,,,,,,,,,,,,,,,,,,,,,,,,,,,,,,,
77,2026-02-28,17:26:46.21,1,1,"Walker, Jonah",807939,Left,NOR_BIS,"Maisonet, Eric",835908,Right,MIZ_TIG,Undefined,3,Bottom,0,0,0,Fastball,Four-Seam,BallCalled,Undefined,Undefined,Undefined,0,0,,86.84549,0.663341,0.782464,2339.190787,153.674778,11:00,5.93193,-0.7834,5.58335,-21.66891,15.97249,-7.28981,4.74575,-0.66011,78.85007,-3.417715,-0.518061,0.441575,,,,,,,,,,,,3.8687,8.23402,0.72079,50,5.97499,-1.39711,-125.99169,0.7734,6.19158,26.63557,-18.99618,MIZ_TIG,NOR_BIS,TaylorStadium,D1,SEC,20260228-TaylorStadium-2,f32f6640-14fc-11f1-9d47-ad81a36dfdfe,85.35914,,,7.99542,,,,,,,1fa80f13-d93e-49a6-97f0-7762eeb242e9,2026-02-28,23:26:46.21,2026-02-28T17:26:46.2115840-06:00,2026-02-28T23:26:46.2115840Z,,v3,4806,471388,ae4075840dfa411e9b4d026302d1ad63,"Gustafson, Evan",1000308757,Right,NOR_BIS,b2c4b3d0-ea33-4985-85ac-d55715a065c5,54.9117,-127.02581,13.31779,5.93065,1.51092,-9.49809,0.7797,-1.6375,3.09579,,,,,,,,,,,,,,,,,,,,,,,,,,,,,,,,,,,,,,,,,,,,,,,,,,,High,High,High,,,,,,,,,,,,,,,,,,,,,,,,,,,,,,,,,,,,,,,
78,2026-02-28,17:27:08.97,1,2,"Walker, Jonah",807939,Left,NOR_BIS,"Maisonet, Eric",835908,Right,MIZ_TIG,Undefined,3,Bottom,0,1,0,Curveball,Curveball,BallCalled,Undefined,Undefined,Undefined,0,0,,76.52776,3.322333,-0.768516,2339.444494,305.630695,4:15,5.6895,-0.95625,5.42059,-51.38971,-2.72551,5.91528,4.52287,-1.18323,69.94449,-6.066595,0.283116,0.502084,,,,,,,,,,,,-3.16343,-1.77024,1.02031,50,5.94923,1.25578,-110.9505,4.71874,-3.94363,19.83271,-34.3809,MIZ_TIG,NOR_BIS,TaylorStadium,D1,SEC,20260228-TaylorStadium-2,00b24300-14fd-11f1-9d47-ad81a36dfdfe,75.072,,,6.58327,,,,,,,1fa80f13-d93e-49a6-97f0-7762eeb242e9,2026-02-28,23:27:08.97,2026-02-28T17:27:08.9762816-06:00,2026-02-28T23:27:08.9762816Z,,v3,4806,471388,ae4075840dfa411e9b4d026302d1ad63,"Gustafson, Evan",1000308757,Right,NOR_BIS,3f6f899d-9e89-47cf-af52-72950b68f989,55.07886,-111.85467,9.91636,5.69837,6.28616,-17.19045,0.95897,1.43557,-1.97181,,,,,,,,,,,,,,,,,,,,,,,,,,,,,,,,,,,,,,,,,,,,,,,,,,,High,High,High,,,,,,,,,,,,,,,,,,,,,,,,,,,,,,,,,,,,,,,
79,2026-02-28,17:27:28.20,1,3,"Walker, Jonah",807939,Left,NOR_BIS,"Maisonet, Eric",835908,Right,MIZ_TIG,Undefined,3,Bottom,0,2,0,Fastball,Cutter,FoulBallNotFieldable,Undefined,Undefined,Undefined,0,0,,84.85406,-0.999123,1.489753,2199.019579,173.22748,11:45,5.79647,-0.88426,5.63889,-28.50738,10.3967,-1.09862,2.48836,0.41429,78.27026,-6.261471,1.293453,0.44892,,,,,,,,,,,,0.94677,5.88146,0.75839,50,5.69328,-3.16191,-123.28501,-3.10328,1.46706,22.94998,-23.06048,MIZ_TIG,NOR_BIS,TaylorStadium,D1,SEC,20260228-TaylorStadium-2,0c17e510-14fd-11f1-9d47-ad81a36dfdfe,83.96249,,,6.5838,,,,,,,1fa80f13-d93e-49a6-97f0-7762eeb242e9,2026-02-28,23:27:28.20,2026-02-28T17:27:28.2071552-06:00,2026-02-28T23:27:28.2071552Z,,v3,4806,471388,ae4075840dfa411e9b4d026302d1ad63,"Gustafson, Evan",1000308757,Right,NOR_BIS,599fdcb2-6144-4810-9106-ebb741ab17b2,54.86127,-124.18666,11.47499,5.7974,-2.19729,-11.53024,0.88374,-3.21955,0.73353,,,,,,,,,,,,,,,,,,,,,,,,,,,,,,,,,,,,,,,,,,,,,,,,,,,High,High,High,,,,,,,,,,,,,,,,,,,,,,,,,,,,,,,,,,,,,,,
80,2026-02-28,17:27:53.51,1,4,"Walker, Jonah",807939,Left,NOR_BIS,"Maisonet, Eric",835908,Right,MIZ_TIG,Undefined,3,Bottom,0,2,1,Fastball,Four-Seam,StrikeSwinging,Undefined,Undefined,Undefined,0,0,,87.75284,-0.430875,1.598435,2280.626672,143.869096,10:45,5.87509,-0.67386,5.66877,-25.67364,10.79819,-7.06634,3.33371,0.22802,80.46538,-5.199068,0.335503,0.43466,,,,,,,,,,,,4.00465,5.94508,0.54332,50,5.82257,-3.25206,-127.43756,-1.83272,6.60699,25.39458,-22.3657,MIZ_TIG,NOR_BIS,TaylorStadium,D1,SEC,20260228-TaylorStadium-2,1b381e20-14fd-11f1-9d47-ad81a36dfdfe,86.71696,,,7.28747,,,,,,,1fa80f13-d93e-49a6-97f0-7762eeb242e9,2026-02-28,23:27:53.51,2026-02-28T17:27:53.5170048-06:00,2026-02-28T23:27:53.5170048Z,,v3,4806,471388,ae4075840dfa411e9b4d026302d1ad63,"Gustafson, Evan",1000308757,Right,NOR_BIS,b8d0c1a0-70b5-4227-8a1f-6c9d890a8c7d,54.82943,-128.39632,12.69729,5.87582,-0.98831,-11.18285,0.6708,-3.5015,3.30349,,,,,,,,,,,,,,,,,,,,,,,,,,,,,,,,,,,,,,,,,,,,,,,,,,,High,High,High,,,,,,,,,,,,,,,,,,,,,,,,,,,,,,,,,,,,,,,
81,2026-02-28,17:28:11.40,1,5,"Walker, Jonah",807939,Left,NOR_BIS,"Maisonet, Eric",835908,Right,MIZ_TIG,Undefined,3,Bottom,0,2,2,Fastball,Cutter,InPlay,Undefined,GroundBall,Out,1,0,,87.77081,-0.363365,1.105469,2311.617785,168.002798,11:30,5.90187,-0.63783,5.60439,-24.35163,12.24969,-2.36055,3.5333,0.19755,80.31826,-4.896265,0.684054,0.435431,83.22508,39.657991,9.37649,,106.02101,80.55483,29.31697,279.3801,247.87405,27.281273,5.198898,1.50453,6.6517,0.54481,50,5.85512,-2.35894,-127.46299,-1.63182,2.47738,25.98632,-21.22139,MIZ_TIG,NOR_BIS,TaylorStadium,D1,SEC,20260228-TaylorStadium-2,25ec98a0-14fd-11f1-9d47-ad81a36dfdfe,86.56344,93.8599,,7.45255,,,,0.79434,3.56789,-0.204,1fa80f13-d93e-49a6-97f0-7762eeb242e9,2026-02-28,23:28:11.40,2026-02-28T17:28:11.4043904-06:00,2026-02-28T23:28:11.4043904Z,FlyBall,v3,4806,471388,ae4075840dfa411e9b4d026302d1ad63,"Gustafson, Evan",1000308757,Right,NOR_BIS,bb2777e9-1609-4a81-92f4-5ed7065f188c,54.89449,-128.45697,12.99316,5.90201,-0.8201,-10.6107,0.63685,-2.4537,1.23869,209.241348,0.79601,92.6875,-20.06573,4.6245,-0.95517,0.19082,-0.03354,0.00386,-0.00019,3.5685,77.87919,-19.40908,1.35614,0.01658,-0.11618,0.03702,-0.00495,0.00025,-0.2045,15.31829,4.14406,-1.02932,0.25057,-0.05772,0.01056,-0.00118,6E-05,,,,,,,,,,,,,,,,,,,,,,,High,High,High,High,Medium,,,,,,,,,,,,,,,,,,,,,,,,,,,,,,,,,,,73.46065,15.68481,-9.92151
82,2026-02-28,17:28:39.40,2,1,"Walker, Jonah",807939,Left,NOR_BIS,"Parker, Sam",806179,Left,MIZ_TIG,Undefined,3,Bottom,1,0,0,Undefined,,BallCalled,Undefined,Undefined,Undefined,0,0,,,,,,,,,,,,,,,,,,,,,,,,,,,,,,,,,,,,,,,,,,MIZ_TIG,NOR_BIS,TaylorStadium,D1,SEC,20260228-TaylorStadium-2,f0638680-1574-11f1-8622-7deeac1b91f7,,,,,,,,,,,1fa80f13-d93e-49a6-97f0-7762eeb242e9,2026-02-28,23:28:39.40,2026-02-28T17:28:39.4043904-06:00,2026-02-28T23:28:39.4043904Z,,v3,4806,471388,ae4075840dfa411e9b4d026302d1ad63,"Gustafson, Evan",1000308757,Right,NOR_BIS,31299304-d7ba-4a22-bcfe-aa2302fcfe30,,,,,,,,,,,,,,,,,,,,,,,,,,,,,,,,,,,,,,,,,,,,,,,,,,,,,,,,,,,,,,,,,,,,,,,,,,,,,,,,,,,,,,,,,,,,,,,,,,,,,
83,2026-02-28,17:29:07.40,2,2,"Walker, Jonah",807939,Left,NOR_BIS,"Parker, Sam",806179,Left,MIZ_TIG,Undefined,3,Bottom,1,1,0,Undefined,,BallCalled,Undefined,Undefined,Undefined,0,0,,,,,,,,,,,,,,,,,,,,,,,,,,,,,,,,,,,,,,,,,,MIZ_TIG,NOR_BIS,TaylorStadium,D1,SEC,20260228-TaylorStadium-2,f0638681-1574-11f1-8622-7deeac1b91f7,,,,,,,,,,,1fa80f13-d93e-49a6-97f0-7762eeb242e9,2026-02-28,23:29:07.40,2026-02-28T17:29:07.4043904-06:00,2026-02-28T23:29:07.4043904Z,,v3,4806,471388,ae4075840dfa411e9b4d026302d1ad63,"Gustafson, Evan",1000308757,Right,NOR_BIS,05566e83-1c72-4b41-a07e-a267c5906158,,,,,,,,,,,,,,,,,,,,,,,,,,,,,,,,,,,,,,,,,,,,,,,,,,,,,,,,,,,,,,,,,,,,,,,,,,,,,,,,,,,,,,,,,,,,,,,,,,,,,
84,2026-02-28,17:29:35.40,2,3,"Walker, Jonah",807939,Left,NOR_BIS,"Parker, Sam",806179,Left,MIZ_TIG,Undefined,3,Bottom,1,2,0,Undefined,,StrikeCalled,Undefined,Undefined,Undefined,0,0,,,,,,,,,,,,,,,,,,,,,,,,,,,,,,,,,,,,,,,,,,MIZ_TIG,NOR_BIS,TaylorStadium,D1,SEC,20260228-TaylorStadium-2,f0638682-1574-11f1-8622-7deeac1b91f7,,,,,,,,,,,1fa80f13-d93e-49a6-97f0-7762eeb242e9,2026-02-28,23:29:35.40,2026-02-28T17:29:35.4043904-06:00,2026-02-28T23:29:35.4043904Z,,v3,4806,471388,ae4075840dfa411e9b4d026302d1ad63,"Gustafson, Evan",1000308757,Right,NOR_BIS,5128e8a9-b989-4c0c-abab-55e82a677442,,,,,,,,,,,,,,,,,,,,,,,,,,,,,,,,,,,,,,,,,,,,,,,,,,,,,,,,,,,,,,,,,,,,,,,,,,,,,,,,,,,,,,,,,,,,,,,,,,,,,
85,2026-02-28,17:30:03.40,2,4,"Walker, Jonah",807939,Left,NOR_BIS,"Parker, Sam",806179,Left,MIZ_TIG,Undefined,3,Bottom,1,2,1,Undefined,,BallCalled,Undefined,Undefined,Undefined,0,0,,,,,,,,,,,,,,,,,,,,,,,,,,,,,,,,,,,,,,,,,,MIZ_TIG,NOR_BIS,TaylorStadium,D1,SEC,20260228-TaylorStadium-2,f0638683-1574-11f1-8622-7deeac1b91f7,,,,,,,,,,,1fa80f13-d93e-49a6-97f0-7762eeb242e9,2026-02-28,23:30:03.40,2026-02-28T17:30:03.4043904-06:00,2026-02-28T23:30:03.4043904Z,,v3,4806,471388,ae4075840dfa411e9b4d026302d1ad63,"Gustafson, Evan",1000308757,Right,NOR_BIS,67b37c4b-66fa-4964-a49c-ea6edc586031,,,,,,,,,,,,,,,,,,,,,,,,,,,,,,,,,,,,,,,,,,,,,,,,,,,,,,,,,,,,,,,,,,,,,,,,,,,,,,,,,,,,,,,,,,,,,,,,,,,,,
86,2026-02-28,17:30:31.40,2,5,"Walker, Jonah",807939,Left,NOR_BIS,"Parker, Sam",806179,Left,MIZ_TIG,Undefined,3,Bottom,1,3,1,Undefined,,BallCalled,Walk,Undefined,Undefined,0,0,,,,,,,,,,,,,,,,,,,,,,,,,,,,,,,,,,,,,,,,,,MIZ_TIG,NOR_BIS,TaylorStadium,D1,SEC,20260228-TaylorStadium-2,f063ad90-1574-11f1-8622-7deeac1b91f7,,,,,,,,,,,1fa80f13-d93e-49a6-97f0-7762eeb242e9,2026-02-28,23:30:31.40,2026-02-28T17:30:31.4043904-06:00,2026-02-28T23:30:31.4043904Z,,v3,4806,471388,ae4075840dfa411e9b4d026302d1ad63,"Gustafson, Evan",1000308757,Right,NOR_BIS,143f40c8-ca92-4335-922a-7d2045984626,,,,,,,,,,,,,,,,,,,,,,,,,,,,,,,,,,,,,,,,,,,,,,,,,,,,,,,,,,,,,,,,,,,,,,,,,,,,,,,,,,,,,,,,,,,,,,,,,,,,,
87,2026-02-28,17:30:59.40,3,1,"Walker, Jonah",807939,Left,NOR_BIS,"Patterson, Christopher",1000080435,Right,MIZ_TIG,Undefined,3,Bottom,1,0,0,Undefined,,BallCalled,Undefined,Undefined,Undefined,0,0,,,,,,,,,,,,,,,,,,,,,,,,,,,,,,,,,,,,,,,,,,MIZ_TIG,NOR_BIS,TaylorStadium,D1,SEC,20260228-TaylorStadium-2,f063ad91-1574-11f1-8622-7deeac1b91f7,,,,,,,,,,,1fa80f13-d93e-49a6-97f0-7762eeb242e9,2026-02-28,23:30:59.40,2026-02-28T17:30:59.4043904-06:00,2026-02-28T23:30:59.4043904Z,,v3,4806,471388,ae4075840dfa411e9b4d026302d1ad63,"Gustafson, Evan",1000308757,Right,NOR_BIS,7d1d67ce-fe37-4faa-bad9-1d7d783bc031,,,,,,,,,,,,,,,,,,,,,,,,,,,,,,,,,,,,,,,,,,,,,,,,,,,,,,,,,,,,,,,,,,,,,,,,,,,,,,,,,,,,,,,,,,,,,,,,,,,,,
88,2026-02-28,17:31:27.40,3,2,"Walker, Jonah",807939,Left,NOR_BIS,"Patterson, Christopher",1000080435,Right,MIZ_TIG,Undefined,3,Bottom,1,1,0,Undefined,,FoulBallNotFieldable,Undefined,Undefined,Undefined,0,0,,,,,,,,,,,,,,,,,,,,,,,,,,,,,,,,,,,,,,,,,,MIZ_TIG,NOR_BIS,TaylorStadium,D1,SEC,20260228-TaylorStadium-2,f063ad92-1574-11f1-8622-7deeac1b91f7,,,,,,,,,,,1fa80f13-d93e-49a6-97f0-7762eeb242e9,2026-02-28,23:31:27.40,2026-02-28T17:31:27.4043904-06:00,2026-02-28T23:31:27.4043904Z,,v3,4806,471388,ae4075840dfa411e9b4d026302d1ad63,"Gustafson, Evan",1000308757,Right,NOR_BIS,6c3196f2-6fd9-46eb-8357-b8b416d64459,,,,,,,,,,,,,,,,,,,,,,,,,,,,,,,,,,,,,,,,,,,,,,,,,,,,,,,,,,,,,,,,,,,,,,,,,,,,,,,,,,,,,,,,,,,,,,,,,,,,,
89,2026-02-28,17:31:55.40,3,3,"Walker, Jonah",807939,Left,NOR_BIS,"Patterson, Christopher",1000080435,Right,MIZ_TIG,Undefined,3,Bottom,1,1,1,Undefined,,StrikeCalled,Undefined,Undefined,Undefined,0,0,,,,,,,,,,,,,,,,,,,,,,,,,,,,,,,,,,,,,,,,,,MIZ_TIG,NOR_BIS,TaylorStadium,D1,SEC,20260228-TaylorStadium-2,f063ad93-1574-11f1-8622-7deeac1b91f7,,,,,,,,,,,1fa80f13-d93e-49a6-97f0-7762eeb242e9,2026-02-28,23:31:55.40,2026-02-28T17:31:55.4043904-06:00,2026-02-28T23:31:55.4043904Z,,v3,4806,471388,ae4075840dfa411e9b4d026302d1ad63,"Gustafson, Evan",1000308757,Right,NOR_BIS,eb13d14c-9ed4-4215-854a-6d7251e47103,,,,,,,,,,,,,,,,,,,,,,,,,,,,,,,,,,,,,,,,,,,,,,,,,,,,,,,,,,,,,,,,,,,,,,,,,,,,,,,,,,,,,,,,,,,,,,,,,,,,,
90,2026-02-28,17:32:26.30,3,4,"Walker, Jonah",807939,Left,NOR_BIS,"Patterson, Christopher",1000080435,Right,MIZ_TIG,Undefined,3,Bottom,1,1,2,Fastball,Four-Seam,StrikeSwinging,Strikeout,Undefined,Undefined,0,0,,86.84528,-0.509266,0.844829,2214.123577,162.107537,11:30,5.80603,-1.10806,5.59865,-24.39525,12.86013,-3.78953,3.29758,-0.63506,79.7712,-5.044006,0.168245,0.439305,,,,,,,,,,,,2.13736,6.99433,1.03817,50,5.74666,-1.69834,-126.15771,-1.93826,3.46238,24.4276,-20.84365,MIZ_TIG,NOR_BIS,TaylorStadium,D1,SEC,20260228-TaylorStadium-2,bdd48920-14fd-11f1-9d47-ad81a36dfdfe,85.80021,,,7.07408,,,,,,,1fa80f13-d93e-49a6-97f0-7762eeb242e9,2026-02-28,23:32:26.30,2026-02-28T17:32:26.3050000-06:00,2026-02-28T23:32:26.3050000Z,,v3,4806,471388,ae4075840dfa411e9b4d026302d1ad63,"Gustafson, Evan",1000308757,Right,NOR_BIS,68113b96-bf7d-4834-a759-1781e710c6cb,54.89959,-127.10286,12.2138,5.80605,-1.13178,-10.42182,1.10647,-1.83231,1.73119,,,,,,,,,,,,,,,,,,,,,,,,,,,,,,,,,,,,,,,,,,,,,,,,,,,High,High,High,,,,,,,,,,,,,,,,,,,,,,,,,,,,,,,,,,,,,,,
91,2026-02-28,17:32:59.71,4,1,"Walker, Jonah",807939,Left,NOR_BIS,"Macon, Tyler",823527,Right,MIZ_TIG,Undefined,3,Bottom,2,0,0,ChangeUp,Changeup,BallCalled,Undefined,Undefined,Undefined,0,0,,81.67595,0.359417,0.153892,1530.00195,113.085231,9:45,5.52457,-1.39363,6.00754,-34.59368,6.84744,-13.19375,2.97476,-2.35053,75.23284,-6.055256,-2.22059,0.463326,,,,,,,,,,,,6.80378,3.82351,1.38854,50,5.53391,0.18577,-118.76551,-0.33512,9.76359,21.74352,-26.68722,MIZ_TIG,NOR_BIS,TaylorStadium,D1,SEC,20260228-TaylorStadium-2,d1c0c930-14fd-11f1-9d47-ad81a36dfdfe,81.35179,,,6.44312,,,,,,,1fa80f13-d93e-49a6-97f0-7762eeb242e9,2026-02-28,23:32:59.71,2026-02-28T17:32:59.7150000-06:00,2026-02-28T23:32:59.7150000Z,,v3,4806,471388,ae4075840dfa411e9b4d026302d1ad63,"Gustafson, Evan",1000308757,Right,NOR_BIS,4bb69290-ba69-4211-88a9-1dc2b9bf36e2,54.49192,-119.58506,10.87176,5.52759,0.67076,-13.34361,1.38847,-0.18223,4.88179,,,,,,,,,,,,,,,,,,,,,,,,,,,,,,,,,,,,,,,,,,,,,,,,,,,High,High,High,,,,,,,,,,,,,,,,,,,,,,,,,,,,,,,,,,,,,,,
92,2026-02-28,17:33:20.74,4,2,"Walker, Jonah",807939,Left,NOR_BIS,"Macon, Tyler",823527,Right,MIZ_TIG,Undefined,3,Bottom,2,1,0,Curveball,Curveball,StrikeCalled,Undefined,Undefined,Undefined,0,0,,76.5976,1.010792,1.089122,2489.481675,321.285863,4:45,5.62285,-0.93441,5.46074,-53.58814,-5.7274,5.6428,2.10355,0.55538,71.28006,-8.703892,2.095303,0.497922,,,,,,,,,,,,-2.57815,-2.7326,0.8345,50,5.67483,-2.33033,-111.37976,0.17555,-3.27195,18.07706,-35.64199,MIZ_TIG,NOR_BIS,TaylorStadium,D1,SEC,20260228-TaylorStadium-2,de63f450-14fd-11f1-9d47-ad81a36dfdfe,75.69952,,,5.31754,,,,,,,1fa80f13-d93e-49a6-97f0-7762eeb242e9,2026-02-28,23:33:20.74,2026-02-28T17:33:20.7420000-06:00,2026-02-28T23:33:20.7420000Z,,v3,4806,471388,ae4075840dfa411e9b4d026302d1ad63,"Gustafson, Evan",1000308757,Right,NOR_BIS,3c4ad7d8-eb0d-420e-92dc-2152251d2538,55.04196,-112.19509,9.03853,5.63066,1.78312,-17.821,0.93627,-2.18275,-1.63597,,,,,,,,,,,,,,,,,,,,,,,,,,,,,,,,,,,,,,,,,,,,,,,,,,,High,High,High,,,,,,,,,,,,,,,,,,,,,,,,,,,,,,,,,,,,,,,
93,2026-02-28,17:33:42.84,4,3,"Walker, Jonah",807939,Left,NOR_BIS,"Macon, Tyler",823527,Right,MIZ_TIG,Undefined,3,Bottom,2,1,1,Fastball,Cutter,InPlay,Undefined,GroundBall,Out,1,0,,86.22908,-0.774497,1.234328,2248.118886,165.374008,11:30,5.8036,-1.08573,5.70213,-28.31057,9.25658,-2.12791,2.7225,-0.11273,79.50735,-6.005418,0.853612,0.441139,89.78487,-19.319275,-5.793033,,,,,7.84243,7.84243,-4.791387,0.059873,1.4089,5.24067,0.98358,50,5.72092,-2.61344,-125.31861,-2.65129,2.25576,23.71527,-23.7834,MIZ_TIG,NOR_BIS,TaylorStadium,D1,SEC,20260228-TaylorStadium-2,eb85ec60-14fd-11f1-9d47-ad81a36dfdfe,85.44346,2.61415,,6.72173,,,,0.3963,2.61415,0.09759,1fa80f13-d93e-49a6-97f0-7762eeb242e9,2026-02-28,23:33:42.84,2026-02-28T17:33:42.8490000-06:00,2026-02-28T23:33:42.8490000Z,GroundBall,v3,4806,471388,ae4075840dfa411e9b4d026302d1ad63,"Gustafson, Evan",1000308757,Right,NOR_BIS,c5103aca-e141-4889-bd88-f62afc069c4b,54.79813,-126.22334,11.85763,5.80475,-1.74396,-11.8917,1.08492,-2.69949,1.12788,,0.39368,123.9069,,,,,,,,2.61508,-43.66136,,,,,,,,0.09786,-12.57078,,,,,,,,,,,,,,,,,,,,,,,,,,,,,,High,High,High,Estimated,Estimated,,,,,,,,,,,,,,,,,,,,,,,,,,,,,,,,,,,74.79041,7.57874,8.38527
94,2026-02-28,17:35:56.67,1,1,"Kehlenbrink, Brady",815650,Left,MIZ_TIG,"Smith, Dante",10083909,Left,NOR_BIS,Undefined,4,Top,0,0,0,Fastball,Four-Seam,StrikeCalled,Undefined,Undefined,Undefined,0,0,,86.86322,-1.608755,3.43875,2173.906181,153.024395,11:00,5.55597,-1.52036,6.33515,-17.56312,19.13088,-9.10713,2.60805,0.89075,78.96251,-4.987592,1.794818,0.435982,,,,,,,,,,,,5.69532,10.76099,1.27345,50,5.4299,-7.2014,-125.93087,-3.9808,9.09942,26.78374,-14.98115,MIZ_TIG,NOR_BIS,TaylorStadium,D1,SEC,20260228-TaylorStadium-2,3b369e80-14fe-11f1-9d47-ad81a36dfdfe,86.45405,,,7.90071,,,,,,,1fa80f13-d93e-49a6-97f0-7762eeb242e9,2026-02-28,23:35:56.67,2026-02-28T17:35:56.6780000-06:00,2026-02-28T23:35:56.6780000Z,,v3,4806,471388,ae4075840dfa411e9b4d026302d1ad63,"Serna, Mateo",806219,Right,MIZ_TIG,6c6c44b9-ec74-4db0-a938-d6290781f6e8,54.16095,-126.81275,13.39187,5.55285,-3.48753,-7.49058,1.5155,-7.50101,4.54971,,,,,,,,,,,,,,,,,,,,,,,,,,,,,,,,,,,,,,,,,,,,,,,,,,,High,High,High,,,,,,,,,,,,,,,,,,,,,,,,,,,,,,,,,,,,,,,
95,2026-02-28,17:36:14.86,1,2,"Kehlenbrink, Brady",815650,Left,MIZ_TIG,"Smith, Dante",10083909,Left,NOR_BIS,Undefined,4,Top,0,0,1,Cutter,Slider,InPlay,Undefined,GroundBall,Out,1,0,,77.66738,-0.322102,1.413712,2244.303474,288.419569,3:30,5.53047,-1.43471,5.62665,-46.77373,0.2572,3.86047,1.33201,0.20642,71.18312,-8.879595,2.10429,0.493586,92.37038,6.579507,32.03649,3495.698141,,,,85.51,84.27197,34.262803,0.681613,-1.54961,0.63339,1.31169,50,5.47283,-2.92648,-112.74231,-2.14034,-1.98016,21.87386,-31.3647,MIZ_TIG,NOR_BIS,TaylorStadium,D1,SEC,20260228-TaylorStadium-2,460c83b0-14fe-11f1-9d47-ad81a36dfdfe,76.36442,3.59226,,6.48426,,,,2.3286,1.39157,-0.14953,1fa80f13-d93e-49a6-97f0-7762eeb242e9,2026-02-28,23:36:14.86,2026-02-28T17:36:14.8680000-06:00,2026-02-28T23:36:14.8680000Z,GroundBall,v3,4806,471388,ae4075840dfa411e9b4d026302d1ad63,"Serna, Mateo",806219,Right,MIZ_TIG,88e50ca0-5c2d-4a42-b011-203dbe0edee5,54.87343,-113.6839,10.93693,5.53591,-0.7902,-15.68235,1.43583,-2.84124,-0.99008,,2.36699,113.32756,-19.32295,,,,,,,1.44573,14.44467,-24.41132,,,,,,,-0.1726,71.85646,-1.38568,,,,,,,,,,,,,,,,,,,,,,,,,,,,,High,High,High,High,High,,,,,,,,,,,,,,,,,,,,,,,,,,,,,,,,,,,72.47864,20.28806,15.92007
96,2026-02-28,17:36:55.14,2,1,"Kehlenbrink, Brady",815650,Left,MIZ_TIG,"Gordon, Noah",10065560,Right,NOR_BIS,Undefined,4,Top,1,0,0,Fastball,Four-Seam,StrikeSwinging,Undefined,Undefined,Undefined,0,0,,88.00962,-1.66913,1.720385,2103.346202,157.820802,11:15,5.5337,-1.51332,6.32814,-15.4241,20.31698,-7.78414,2.71017,-0.57726,79.85406,-4.662237,0.312486,0.430284,,,,,,,,,,,,4.52851,11.39666,1.39109,50,5.40415,-3.52031,-127.73533,-4.08788,7.42525,28.17411,-13.48726,MIZ_TIG,NOR_BIS,TaylorStadium,D1,SEC,20260228-TaylorStadium-2,5e2381b0-14fe-11f1-9d47-ad81a36dfdfe,87.59896,,,8.15557,,,,,,,1fa80f13-d93e-49a6-97f0-7762eeb242e9,2026-02-28,23:36:55.14,2026-02-28T17:36:55.1420000-06:00,2026-02-28T23:36:55.1420000Z,,v3,4806,471388,ae4075840dfa411e9b4d026302d1ad63,"Serna, Mateo",806219,Right,MIZ_TIG,2a8e2eeb-3040-47ce-91bc-805a647fec3e,54.16792,-128.65135,14.08706,5.52993,-3.64938,-6.74363,1.50947,-3.76172,3.71262,,,,,,,,,,,,,,,,,,,,,,,,,,,,,,,,,,,,,,,,,,,,,,,,,,,High,High,High,,,,,,,,,,,,,,,,,,,,,,,,,,,,,,,,,,,,,,,
97,2026-02-28,17:37:14.51,2,2,"Kehlenbrink, Brady",815650,Left,MIZ_TIG,"Gordon, Noah",10065560,Right,NOR_BIS,Undefined,4,Top,1,0,1,Fastball,Four-Seam,FoulBallNotFieldable,Undefined,Undefined,Undefined,0,0,,89.19942,-0.999327,2.145925,2233.161297,150.194491,11:00,5.5055,-1.60621,6.29803,-17.06989,17.67072,-9.4617,3.16149,-0.41651,81.09877,-4.280159,0.436087,0.424219,69.44556,42.802293,143.431367,3754.342201,-92.02367,53.89256,60.26303,208.49067,59.47656,148.145575,3.345403,5.56839,9.83477,1.45295,50,5.42372,-4.47787,-129.53344,-2.71769,9.40618,28.51918,-15.56103,MIZ_TIG,NOR_BIS,TaylorStadium,D1,SEC,20260228-TaylorStadium-2,69a892a0-14fe-11f1-9d47-ad81a36dfdfe,88.85137,53.99403,,8.10065,,,,1.51027,3.19659,0.38231,1fa80f13-d93e-49a6-97f0-7762eeb242e9,2026-02-28,23:37:14.51,2026-02-28T17:37:14.5170000-06:00,2026-02-28T23:37:14.5170000Z,FlyBall,v3,4806,471388,ae4075840dfa411e9b4d026302d1ad63,"Serna, Mateo",806219,Right,MIZ_TIG,b64188ec-d520-41ca-a004-b4a5816a46ad,54.2008,-130.45505,14.25959,5.50342,-2.21483,-7.78052,1.60256,-4.78183,4.70309,327.589015,1.51031,-60.01937,1.74259,0.3808,-0.25898,0.11756,-0.04185,0.00923,-0.00083,3.19644,69.21167,-27.48546,3.46273,-0.79131,0.18838,-0.04247,0.00613,-0.00037,0.38191,44.53761,-7.73511,2.4974,-0.80763,0.28309,-0.07387,0.01023,-0.00052,,,,,,,,,,,,,,,,,,,,,,,High,High,High,High,Low,,,,,,,,,,,,,,,,,,,,,,,,,,,,,,,,,,,74.6883,7.72811,2.18438
98,2026-02-28,17:37:38.72,2,3,"Kehlenbrink, Brady",815650,Left,MIZ_TIG,"Gordon, Noah",10065560,Right,NOR_BIS,Undefined,4,Top,1,0,2,Cutter,Slider,InPlay,Undefined,FlyBall,Out,1,0,,80.21509,-0.103852,1.274421,2331.708801,289.953285,3:45,5.37333,-1.85583,5.90296,-42.88605,0.04728,3.15654,1.70307,-0.40955,74.51701,-7.964115,1.841794,0.471594,85.15509,33.389475,4.505598,4473.680381,108.59473,64.08568,17.52529,301.72106,297.22728,17.744745,4.913643,-1.31445,0.35921,1.75153,50,5.33996,-2.71096,-116.69379,-1.57862,-1.82959,20.0228,-31.67407,MIZ_TIG,NOR_BIS,TaylorStadium,D1,SEC,20260228-TaylorStadium-2,78063f00-14fe-11f1-9d47-ad81a36dfdfe,79.92556,79.5991,,5.69808,,,,2.30738,1.89894,0.43642,1fa80f13-d93e-49a6-97f0-7762eeb242e9,2026-02-28,23:37:38.72,2026-02-28T17:37:38.7230000-06:00,2026-02-28T23:37:38.7230000Z,FlyBall,v3,4806,471388,ae4075840dfa411e9b4d026302d1ad63,"Serna, Mateo",806219,Right,MIZ_TIG,fd10deaf-252f-4b16-83e3-99bf6f618fc3,54.59924,-117.4803,10.0114,5.37754,-0.33444,-15.83703,1.8566,-2.6391,-0.9148,208.00765,2.30875,103.92951,-21.25819,4.84104,-0.92856,0.16992,-0.0298,0.00371,-0.0002,1.89978,68.71103,-16.41064,0.39768,0.2773,-0.18327,0.0526,-0.00714,0.00037,0.43586,8.20429,5.53721,-1.53213,0.35135,-0.07291,0.01267,-0.00144,7E-05,,,,,,,,,,,,,,,,,,,,,,,High,High,High,High,High,,,,,,,,,,,,,,,,,,,,,,,,,,,,,,,,,,,,,
99,2026-02-28,17:38:14.99,3,1,"Kehlenbrink, Brady",815650,Left,MIZ_TIG,"Gustafson, Evan",1000308757,Left,NOR_BIS,Undefined,4,Top,2,0,0,Cutter,Slider,StrikeCalled,Undefined,Undefined,Undefined,0,0,,81.37118,0.402327,1.744794,2469.813129,248.105841,2:15,5.48185,-1.63962,5.87387,-39.34762,2.76638,3.71106,2.57675,0.29071,74.84837,-6.848301,2.410659,0.467073,,,,,,,,,,,,-1.41756,1.7261,1.49637,50,5.49175,-3.74513,-118.20892,-0.44981,-2.01013,22.07637,-29.72641,MIZ_TIG,NOR_BIS,TaylorStadium,D1,SEC,20260228-TaylorStadium-2,8db4c880-14fe-11f1-9d47-ad81a36dfdfe,80.69928,,,6.5228,,,,,,,1fa80f13-d93e-49a6-97f0-7762eeb242e9,2026-02-28,23:38:14.99,2026-02-28T17:38:14.9960000-06:00,2026-02-28T23:38:14.9960000Z,,v3,4806,471388,ae4075840dfa411e9b4d026302d1ad63,"Serna, Mateo",806219,Right,MIZ_TIG,a38b01eb-432f-4b6d-b223-a1712caec2aa,54.62506,-119.06955,11.03819,5.48669,0.70906,-14.86321,1.64085,-3.66677,-1.00507,,,,,,,,,,,,,,,,,,,,,,,,,,,,,,,,,,,,,,,,,,,,,,,,,,,High,High,High,,,,,,,,,,,,,,,,,,,,,,,,,,,,,,,,,,,,,,,
100,2026-02-28,17:38:32.18,3,2,"Kehlenbrink, Brady",815650,Left,MIZ_TIG,"Gustafson, Evan",1000308757,Left,NOR_BIS,Undefined,4,Top,2,0,1,Cutter,Slider,InPlay,Undefined,LineDrive,Single,0,0,,80.23685,0.479377,1.528991,2359.114138,235.480381,1:45,5.45389,-1.53554,5.71855,-40.67061,3.61898,2.97441,2.51139,0.13694,72.6265,-7.039891,2.061236,0.478985,83.62663,15.64176,25.650209,1971.168831,96.29018,18.93423,53.18025,211.05119,211.05119,32.527858,2.186481,-1.025,2.11221,1.40582,50,5.46891,-3.22101,-116.35719,-0.34057,-1.38316,25.03562,-29.3238,MIZ_TIG,NOR_BIS,TaylorStadium,D1,SEC,20260228-TaylorStadium-2,97fbb420-14fe-11f1-9d47-ad81a36dfdfe,78.69227,18.93422,,7.61035,,,,2.11934,2.60229,-0.15499,1fa80f13-d93e-49a6-97f0-7762eeb242e9,2026-02-28,23:38:32.18,2026-02-28T17:38:32.1820000-06:00,2026-02-28T23:38:32.1820000Z,LineDrive,v3,4806,471388,ae4075840dfa411e9b4d026302d1ad63,"Serna, Mateo",806219,Right,MIZ_TIG,03532e78-7eec-4331-b3e0-d48704e82f61,54.77958,-117.38107,12.51781,5.45832,0.85868,-14.6619,1.53639,-3.16445,-0.69158,251.454722,2.11934,106.47061,-16.74621,3.28482,-0.66384,0.10599,-0.01693,0.00238,-0.00018,2.60229,33.06969,-17.84529,1.2343,-0.15254,0.02055,-0.00021,0,-3E-05,-0.15499,51.12698,2.22058,-1.55402,0.51579,-0.12771,0.02557,-0.00355,0.00024,,,,,,,,,,,,,,,,,,,,,,,High,High,High,High,High,,,,,,,,,,,,,,,,,,,,,,,,,,,,,,,,,,,76.15507,18.18554,21.04676
101,2026-02-28,17:39:05.64,4,1,"Kehlenbrink, Brady",815650,Left,MIZ_TIG,"Jones, Cal",1000435438,Left,NOR_BIS,Undefined,4,Top,2,0,0,Fastball,Four-Seam,FoulBallNotFieldable,Undefined,Undefined,Undefined,0,0,,89.22196,-1.659283,3.177033,2247.526028,151.038199,11:00,5.47632,-1.56939,6.39514,-14.54875,19.94686,-10.42721,2.7351,0.4866,81.47473,-4.477617,1.29187,0.422721,86.72158,15.813386,-84.973477,4021.118825,-1.86892,19.49832,-109.98409,197.94583,65.15873,-96.019167,2.263653,6.31178,11.19461,1.34561,50,5.34998,-6.77387,-129.49331,-4.10571,10.71601,27.07053,-13.16804,MIZ_TIG,NOR_BIS,TaylorStadium,D1,SEC,20260228-TaylorStadium-2,abd619e0-14fe-11f1-9d47-ad81a36dfdfe,89.16634,19.49539,,7.74723,,,,-0.70475,2.285,-0.69481,1fa80f13-d93e-49a6-97f0-7762eeb242e9,2026-02-28,23:39:05.64,2026-02-28T17:39:05.6410000-06:00,2026-02-28T23:39:05.6410000Z,LineDrive,v3,4806,471388,ae4075840dfa411e9b4d026302d1ad63,"Serna, Mateo",806219,Right,MIZ_TIG,c0129abe-41b3-4c00-ab4e-327d6d459aa2,54.10346,-130.34831,13.53526,5.47308,-3.68981,-6.58402,1.5649,-7.11233,5.35801,,-0.70475,10.72227,-14.90353,4.48113,-1.19086,0.27576,-0.05239,0.0078,-0.00055,2.285,34.66028,-19.34723,2.21388,-0.41244,0.08137,-0.01216,0.00126,-6E-05,-0.69481,-121.90719,19.15325,-2.19393,0.28173,0.00607,-0.00806,0.00188,-0.00021,,,,,,,,,,,,,,,,,,,,,,,High,High,High,Medium,Low,,,,,,,,,,,,,,,,,,,,,,,,,,,,,,,,,,,64.71123,-2.05775,-20.27257
102,2026-02-28,17:39:28.62,4,2,"Kehlenbrink, Brady",815650,Left,MIZ_TIG,"Jones, Cal",1000435438,Left,NOR_BIS,Undefined,4,Top,2,0,1,Fastball,Four-Seam,StrikeCalled,Undefined,Undefined,Undefined,0,0,,89.40583,-2.569189,3.248063,2360.481556,157.650781,11:15,5.51259,-1.45832,6.42209,-13.80457,20.9306,-8.09603,1.99513,0.85594,80.84937,-5.271585,1.783963,0.424186,,,,,,,,,,,,5.21272,12.06359,1.2298,50,5.32234,-7.02393,-129.53269,-6.12486,8.75635,29.91414,-11.90965,MIZ_TIG,NOR_BIS,TaylorStadium,D1,SEC,20260228-TaylorStadium-2,b988b930-14fe-11f1-9d47-ad81a36dfdfe,88.85833,,,8.55646,,,,,,,1fa80f13-d93e-49a6-97f0-7762eeb242e9,2026-02-28,23:39:28.62,2026-02-28T17:39:28.6240000-06:00,2026-02-28T23:39:28.6240000Z,,v3,4806,471388,ae4075840dfa411e9b4d026302d1ad63,"Serna, Mateo",806219,Right,MIZ_TIG,5722cdee-0e2b-4d74-b546-9c1315a836d9,54.07445,-130.47025,14.95707,5.50845,-5.75159,-5.95483,1.45424,-7.29837,4.37818,,,,,,,,,,,,,,,,,,,,,,,,,,,,,,,,,,,,,,,,,,,,,,,,,,,High,High,High,,,,,,,,,,,,,,,,,,,,,,,,,,,,,,,,,,,,,,,
103,2026-02-28,17:40:00.31,4,3,"Kehlenbrink, Brady",815650,Left,MIZ_TIG,"Jones, Cal",1000435438,Left,NOR_BIS,Undefined,4,Top,2,0,2,Fastball,Four-Seam,InPlay,Undefined,Popup,Out,1,0,,91.79237,-1.724078,2.638075,2358.158105,160.167051,11:15,5.5212,-1.33784,6.1972,-10.49367,22.94371,-7.81878,3.05296,0.44768,82.23609,-3.835199,1.229114,0.416186,82.9332,66.975199,-10.817752,,,,,102.26458,48.69944,-24.935006,5.838539,4.94729,12.83083,1.14314,50,5.38609,-5.79854,-133.00412,-4.20721,8.6821,33.92985,-9.65694,MIZ_TIG,NOR_BIS,TaylorStadium,D1,SEC,20260228-TaylorStadium-2,cc74ee60-14fe-11f1-9d47-ad81a36dfdfe,90.56633,143.1503,,9.55629,,,,2.0455,2.92436,-0.27999,1fa80f13-d93e-49a6-97f0-7762eeb242e9,2026-02-28,23:40:00.31,2026-02-28T17:40:00.3140000-06:00,2026-02-28T23:40:00.3140000Z,Popup,v3,4806,471388,ae4075840dfa411e9b4d026302d1ad63,"Serna, Mateo",806219,Right,MIZ_TIG,342958ae-f446-416f-a94a-f2aa24d68fb9,54.29977,-134.09653,16.96493,5.51654,-3.8963,-4.82847,1.33433,-6.07806,4.34105,,2.03395,46.90826,-20.35199,7.34565,-2.09241,0.46852,-0.07037,0.00591,-0.0002,2.90073,112.38063,-29.5956,5.34886,-2.14009,0.72915,-0.15211,0.01648,-0.00071,-0.28344,-8.86419,-0.32046,0.69823,-0.40873,0.14384,-0.02941,0.00315,-0.00014,,,,,,,,,,,,,,,,,,,,,,,High,High,High,Medium,Low,,,,,,,,,,,,,,,,,,,,,,,,,,,,,,,,,,,,,
104,2026-02-28,17:42:11.50,1,1,"Walker, Jonah",807939,Left,NOR_BIS,"Woita, Jase",831805,Left,MIZ_TIG,Undefined,4,Bottom,0,0,0,Fastball,Four-Seam,InPlay,Undefined,GroundBall,Error,0,0,,87.34943,-1.337251,1.546131,2238.078488,148.334771,11:00,5.87356,-0.87769,5.68517,-25.04324,11.98599,-6.64414,2.5395,0.01013,79.7078,-6.001771,0.357922,0.437969,87.48827,-21.889974,48.604198,,,,,9.58696,9.37181,32.948096,0.057819,3.86138,6.83784,0.75193,50,5.74537,-3.14717,-126.77866,-3.79258,6.25744,26.96315,-21.09318,MIZ_TIG,NOR_BIS,TaylorStadium,D1,SEC,20260228-TaylorStadium-2,1aa716d0-14ff-11f1-9d47-ad81a36dfdfe,86.06183,2.77291,,7.64163,,,,3.48148,2.77291,0.03705,1fa80f13-d93e-49a6-97f0-7762eeb242e9,2026-02-28,23:42:11.50,2026-02-28T17:42:11.5050000-06:00,2026-02-28T23:42:11.5050000Z,GroundBall,v3,4806,471388,ae4075840dfa411e9b4d026302d1ad63,"Gustafson, Evan",1000308757,Right,NOR_BIS,7c687556-e8d6-4bc1-8fa4-eb88b8b522e9,54.81456,-127.79851,13.48158,5.87374,-2.99475,-10.54659,0.87544,-3.38386,3.12872,180,3.47965,78.9286,,,,,,,,2.77403,-47.95874,,,,,,,,0.03498,89.54014,,,,,,,,,,,,,,,,,,,,,,,,,,,,,,High,High,High,High,High,,,,,,,,,,,,,,,,,,,,,,,,,,,,,,,,,,,74.38284,16.77463,25.98899
105,2026-02-28,17:42:52.15,2,1,"Walker, Jonah",807939,Left,NOR_BIS,"Serna, Mateo",806219,Right,MIZ_TIG,Undefined,4,Bottom,0,0,0,Curveball,Curveball,BallCalled,Undefined,Undefined,Undefined,0,0,,77.47651,-0.93718,0.920503,2431.351635,340.034158,5:15,5.57478,-1.14365,5.52129,-51.34656,-4.18036,2.04591,0.41949,-0.11245,71.65302,-10.249391,1.286454,0.494296,,,,,,,,,,,,-0.78512,-1.50051,1.06211,50,5.45836,-1.88446,-112.5495,-3.53533,-1.00576,20.6763,-34.09622,MIZ_TIG,NOR_BIS,TaylorStadium,D1,SEC,20260228-TaylorStadium-2,32df3160-14ff-11f1-9d47-ad81a36dfdfe,76.25486,,,5.8235,,,,,,,1fa80f13-d93e-49a6-97f0-7762eeb242e9,2026-02-28,23:42:52.15,2026-02-28T17:42:52.1550000-06:00,2026-02-28T23:42:52.1550000Z,,v3,4806,471388,ae4075840dfa411e9b4d026302d1ad63,"Gustafson, Evan",1000308757,Right,NOR_BIS,93673905-2dc4-4db0-8050-7fb208189fa8,54.98063,-113.4608,10.33815,5.58106,-2.03256,-17.04811,1.14419,-1.84013,-0.50288,,,,,,,,,,,,,,,,,,,,,,,,,,,,,,,,,,,,,,,,,,,,,,,,,,,High,High,High,,,,,,,,,,,,,,,,,,,,,,,,,,,,,,,,,,,,,,,
106,2026-02-28,17:43:15.14,2,2,"Walker, Jonah",807939,Left,NOR_BIS,"Serna, Mateo",806219,Right,MIZ_TIG,Undefined,4,Bottom,0,1,0,Fastball,Cutter,BallCalled,Undefined,Undefined,Undefined,0,0,,86.70485,-0.293713,2.666734,2222.994462,154.030867,11:15,5.82245,-0.78262,5.73248,-26.6336,10.77894,-4.67654,3.32916,1.31291,79.30749,-5.246681,1.831039,0.44023,,,,,,,,,,,,3.1002,5.93114,0.56307,50,5.78169,-5.6601,-125.79731,-1.53306,4.97176,25.3309,-22.66224,MIZ_TIG,NOR_BIS,TaylorStadium,D1,SEC,20260228-TaylorStadium-2,40a13a00-14ff-11f1-9d47-ad81a36dfdfe,85.61979,,,7.39736,,,,,,,1fa80f13-d93e-49a6-97f0-7762eeb242e9,2026-02-28,23:43:15.14,2026-02-28T17:43:15.1480000-06:00,2026-02-28T23:43:15.1480000Z,,v3,4806,471388,ae4075840dfa411e9b4d026302d1ad63,"Gustafson, Evan",1000308757,Right,NOR_BIS,08f3db58-fbfb-41d4-8b57-41eb018bb17a,54.76478,-126.75313,12.66545,5.82341,-0.67794,-11.33112,0.78019,-5.8477,2.48588,,,,,,,,,,,,,,,,,,,,,,,,,,,,,,,,,,,,,,,,,,,,,,,,,,,High,High,High,,,,,,,,,,,,,,,,,,,,,,,,,,,,,,,,,,,,,,,
107,2026-02-28,17:43:36.66,2,3,"Walker, Jonah",807939,Left,NOR_BIS,"Serna, Mateo",806219,Right,MIZ_TIG,Undefined,4,Bottom,0,2,0,ChangeUp,Sinker,StrikeCalled,Undefined,Undefined,Undefined,0,0,,85.18137,-0.356275,1.243073,2137.500493,152.724396,11:00,5.8293,-0.92037,5.59443,-25.72025,13.32702,-6.21378,3.35322,-0.27737,77.63994,-5.153742,0.133989,0.449746,,,,,,,,,,,,3.4791,7.23032,0.81779,50,5.78225,-2.41652,-123.60867,-1.60928,5.36719,25.30427,-21.01989,MIZ_TIG,NOR_BIS,TaylorStadium,D1,SEC,20260228-TaylorStadium-2,4d7427b0-14ff-11f1-9d47-ad81a36dfdfe,83.80837,,,7.54143,,,,,,,1fa80f13-d93e-49a6-97f0-7762eeb242e9,2026-02-28,23:43:36.66,2026-02-28T17:43:36.6660000-06:00,2026-02-28T23:43:36.6660000Z,,v3,4806,471388,ae4075840dfa411e9b4d026302d1ad63,"Gustafson, Evan",1000308757,Right,NOR_BIS,52139a17-a5cf-4d24-9e1f-812f4bf3eaea,54.902,-124.60813,12.65214,5.82941,-0.77905,-10.50994,0.91743,-2.62851,2.68359,,,,,,,,,,,,,,,,,,,,,,,,,,,,,,,,,,,,,,,,,,,,,,,,,,,High,High,High,,,,,,,,,,,,,,,,,,,,,,,,,,,,,,,,,,,,,,,
108,2026-02-28,17:43:58.46,2,4,"Walker, Jonah",807939,Left,NOR_BIS,"Serna, Mateo",806219,Right,MIZ_TIG,Undefined,4,Bottom,0,2,1,ChangeUp,Slider,BallCalled,Undefined,Undefined,Undefined,0,0,,85.33383,0.363229,-0.10063,2168.198464,141.466238,10:45,5.75801,-1.11438,5.51855,-31.13565,7.88331,-5.26957,3.503,-1.6476,77.78936,-5.392789,-1.040207,0.449582,,,,,,,,,,,,2.61449,4.27075,1.12668,50,5.76903,0.4448,-123.85082,-0.29985,4.0466,25.54877,-25.56391,MIZ_TIG,NOR_BIS,TaylorStadium,D1,SEC,20260228-TaylorStadium-2,5a56a5c0-14ff-11f1-9d47-ad81a36dfdfe,83.83881,,,7.54447,,,,,,,1fa80f13-d93e-49a6-97f0-7762eeb242e9,2026-02-28,23:43:58.46,2026-02-28T17:43:58.4690000-06:00,2026-02-28T23:43:58.4690000Z,,v3,4806,471388,ae4075840dfa411e9b4d026302d1ad63,"Gustafson, Evan",1000308757,Right,NOR_BIS,a4182c96-47e9-4779-9960-16a5f35d07c0,54.9784,-124.87358,12.77439,5.76055,0.72351,-12.78196,1.11212,0.28281,2.0233,,,,,,,,,,,,,,,,,,,,,,,,,,,,,,,,,,,,,,,,,,,,,,,,,,,High,High,High,,,,,,,,,,,,,,,,,,,,,,,,,,,,,,,,,,,,,,,
109,2026-02-28,17:44:21.43,2,5,"Walker, Jonah",807939,Left,NOR_BIS,"Serna, Mateo",806219,Right,MIZ_TIG,Undefined,4,Bottom,0,3,1,Fastball,Cutter,StrikeCalled,Undefined,Undefined,Undefined,0,0,,85.64931,0.102273,0.991285,2201.468828,149.905262,11:00,5.76587,-1.0024,5.5401,-31.29372,7.43843,-3.57603,3.25366,-0.37383,78.05136,-5.681543,0.353436,0.447927,,,,,,,,,,,,2.0865,4.11949,0.91886,50,5.75417,-1.99695,-124.29427,-0.87092,3.25013,25.90764,-25.75717,MIZ_TIG,NOR_BIS,TaylorStadium,D1,SEC,20260228-TaylorStadium-2,681a3500-14ff-11f1-9d47-ad81a36dfdfe,84.14864,,,7.59795,,,,,,,1fa80f13-d93e-49a6-97f0-7762eeb242e9,2026-02-28,23:44:21.43,2026-02-28T17:44:21.4320000-06:00,2026-02-28T23:44:21.4320000Z,,v3,4806,471388,ae4075840dfa411e9b4d026302d1ad63,"Gustafson, Evan",1000308757,Right,NOR_BIS,4fb90899-4e0c-432b-955b-3cdc4e6dee7f,54.95713,-125.32327,12.95382,5.76845,0.1521,-12.87859,1.00073,-2.12604,1.62507,,,,,,,,,,,,,,,,,,,,,,,,,,,,,,,,,,,,,,,,,,,,,,,,,,,High,High,High,,,,,,,,,,,,,,,,,,,,,,,,,,,,,,,,,,,,,,,
110,2026-02-28,17:44:42.34,2,6,"Walker, Jonah",807939,Left,NOR_BIS,"Serna, Mateo",806219,Right,MIZ_TIG,Undefined,4,Bottom,0,3,2,Curveball,Curveball,BallCalled,Walk,Undefined,Undefined,0,0,,75.95441,2.584106,0.079214,2375.050485,351.130913,5:45,5.57636,-0.91154,5.42276,-54.01322,-5.11792,1.01453,3.49738,-0.75279,70.22489,-7.237738,0.259803,0.503275,,,,,,,,,,,,-0.48961,-2.7824,0.90378,50,5.76801,-0.19115,-110.33095,3.17899,-0.60877,18.01951,-35.63377,MIZ_TIG,NOR_BIS,TaylorStadium,D1,SEC,20260228-TaylorStadium-2,748d0150-14ff-11f1-9d47-ad81a36dfdfe,74.89438,,,5.72952,,,,,,,1fa80f13-d93e-49a6-97f0-7762eeb242e9,2026-02-28,23:44:42.34,2026-02-28T17:44:42.3420000-06:00,2026-02-28T23:44:42.3420000Z,,v3,4806,471388,ae4075840dfa411e9b4d026302d1ad63,"Gustafson, Evan",1000308757,Right,NOR_BIS,9649c45d-d21d-4c24-9ce4-5d537d2a5310,55.07913,-111.15738,9.00976,5.58473,4.81328,-17.81689,0.91191,-0.16323,-0.30438,,,,,,,,,,,,,,,,,,,,,,,,,,,,,,,,,,,,,,,,,,,,,,,,,,,High,High,High,,,,,,,,,,,,,,,,,,,,,,,,,,,,,,,,,,,,,,,
111,2026-02-28,17:47:16.32,3,1,"Walker, Jonah",807939,Left,NOR_BIS,"Ward, Blaize",1000263242,Left,MIZ_TIG,Undefined,4,Bottom,0,0,0,Curveball,Curveball,BallCalled,Undefined,Undefined,Undefined,0,0,,76.87146,0.091423,0.018461,2357.18751,335.552492,5:15,5.63101,-1.18766,5.40386,-56.90767,-8.72725,4.64933,0.97437,-0.78292,70.93503,-10.210607,0.848384,0.499582,,,,,,,,,,,,-2.34414,-4.01205,1.18262,50,5.59891,-0.2131,-111.67762,-1.748,-2.95096,20.71427,-37.22469,MIZ_TIG,NOR_BIS,TaylorStadium,D1,SEC,20260228-TaylorStadium-2,d051e500-14ff-11f1-9d47-ad81a36dfdfe,75.44795,,,5.93643,,,,,,,1fa80f13-d93e-49a6-97f0-7762eeb242e9,2026-02-28,23:47:16.32,2026-02-28T17:47:16.3270000-06:00,2026-02-28T23:47:16.3270000Z,,v3,4806,471388,ae4075840dfa411e9b4d026302d1ad63,"Gustafson, Evan",1000308757,Right,NOR_BIS,fc7ef41b-c5a2-45bd-9614-fabad2656d54,55.09844,-112.61931,10.35713,5.63991,-0.05571,-18.61235,1.18926,-0.07895,-1.47548,,,,,,,,,,,,,,,,,,,,,,,,,,,,,,,,,,,,,,,,,,,,,,,,,,,High,High,High,,,,,,,,,,,,,,,,,,,,,,,,,,,,,,,,,,,,,,,
112,2026-02-28,17:47:37.11,3,2,"Walker, Jonah",807939,Left,NOR_BIS,"Ward, Blaize",1000263242,Left,MIZ_TIG,Undefined,4,Bottom,0,1,0,Fastball,Slider,BallCalled,Undefined,Undefined,Undefined,0,0,,86.51351,0.366844,1.577639,2198.3684,163.033673,11:30,5.83631,-1.05137,5.88472,-30.82238,6.36721,-1.60071,3.60856,0.28062,79.42622,-5.345507,1.290439,0.438917,,,,,,,,,,,,1.23898,3.51784,0.92498,50,5.84817,-3.39594,-125.69566,-0.23256,1.98938,24.6113,-26.5256,MIZ_TIG,NOR_BIS,TaylorStadium,D1,SEC,20260228-TaylorStadium-2,dcb520f0-14ff-11f1-9d47-ad81a36dfdfe,85.87606,,,7.08729,,,,,,,1fa80f13-d93e-49a6-97f0-7762eeb242e9,2026-02-28,23:47:37.11,2026-02-28T17:47:37.1160000-06:00,2026-02-28T23:47:37.1160000Z,,v3,4806,471388,ae4075840dfa411e9b4d026302d1ad63,"Gustafson, Evan",1000308757,Right,NOR_BIS,7fcc176f-5deb-483a-9031-01b7d8148590,54.61393,-126.59585,12.30565,5.83893,0.73764,-13.2628,1.05052,-3.4687,0.99469,,,,,,,,,,,,,,,,,,,,,,,,,,,,,,,,,,,,,,,,,,,,,,,,,,,High,High,High,,,,,,,,,,,,,,,,,,,,,,,,,,,,,,,,,,,,,,,
113,2026-02-28,17:48:06.59,3,3,"Walker, Jonah",807939,Left,NOR_BIS,"Ward, Blaize",1000263242,Left,MIZ_TIG,Undefined,4,Bottom,0,2,0,Fastball,Four-Seam,InPlay,Undefined,Bunt,Sacrifice,1,0,,88.47897,-1.486691,1.056843,2281.240301,157.510399,11:15,5.89929,-0.93425,5.78186,-23.40281,12.55453,-4.70922,2.56528,-0.34327,80.71373,-5.861467,0.212973,0.431584,27.13084,-43.869639,17.782836,,,,,5.08417,4.93493,21.119546,0.081901,2.7311,7.18981,0.85004,50,5.76264,-2.17386,-128.44529,-4.10132,4.54185,27.73736,-20.21745,MIZ_TIG,NOR_BIS,TaylorStadium,D1,SEC,20260228-TaylorStadium-2,ee43e900-14ff-11f1-9d47-ad81a36dfdfe,87.33514,2.30968,,7.76524,,,,2.45479,2.30968,1.0981,1fa80f13-d93e-49a6-97f0-7762eeb242e9,2026-02-28,23:48:06.59,2026-02-28T17:48:06.5970000-06:00,2026-02-28T23:48:06.5970000Z,GroundBall,v3,4806,471388,ae4075840dfa411e9b4d026302d1ad63,"Gustafson, Evan",1000308757,Right,NOR_BIS,b0f6902a-10eb-430f-ae9d-6ef5651fb36a,54.71756,-129.46002,13.86868,5.89915,-3.3617,-10.10872,0.93261,-2.34002,2.27092,180,2.44663,27.93462,,,,,,,,2.31791,-28.20101,,,,,,,,1.09549,8.9596,,,,,,,,,,,,,,,,,,,,,,,,,,,,,,High,High,High,Medium,High,,,,,,,,,,,,,,,,,,,,,,,,,,,,,,,,,,,,,
114,2026-02-28,17:49:47.62,4,1,"Walker, Jonah",807939,Left,NOR_BIS,"George, Jamal",805322,Right,MIZ_TIG,Undefined,4,Bottom,1,0,0,Curveball,Curveball,StrikeCalled,Undefined,Undefined,Undefined,0,0,,75.41715,1.743663,0.127624,2393.756912,309.96009,4:15,5.58373,-1.11868,5.58048,-56.27401,-6.73489,9.80599,2.52319,-0.18233,69.58553,-8.510067,1.880193,0.506577,,,,,,,,,,,,-4.92071,-3.40811,1.10119,50,5.69684,-0.60861,-109.58595,1.50828,-5.9948,19.03291,-36.32606,MIZ_TIG,NOR_BIS,TaylorStadium,D1,SEC,20260228-TaylorStadium-2,2a872800-1500-11f1-9d47-ad81a36dfdfe,74.4061,,,5.83162,,,,,,,1fa80f13-d93e-49a6-97f0-7762eeb242e9,2026-02-28,23:49:47.62,2026-02-28T17:49:47.6200000-06:00,2026-02-28T23:49:47.6200000Z,,v3,4806,471388,ae4075840dfa411e9b4d026302d1ad63,"Gustafson, Evan",1000308757,Right,NOR_BIS,dda53b53-7fcc-401e-a0b0-e5f85ee59782,54.92165,-110.43743,9.51646,5.59302,3.13341,-18.16303,1.12242,-0.34042,-2.9974,,,,,,,,,,,,,,,,,,,,,,,,,,,,,,,,,,,,,,,,,,,,,,,,,,,High,High,High,,,,,,,,,,,,,,,,,,,,,,,,,,,,,,,,,,,,,,,
115,2026-02-28,17:50:04.64,4,2,"Walker, Jonah",807939,Left,NOR_BIS,"George, Jamal",805322,Right,MIZ_TIG,Undefined,4,Bottom,1,0,1,Curveball,Curveball,StrikeSwinging,Undefined,Undefined,Undefined,0,0,,74.21705,1.461495,-0.690328,2341.952802,310.34421,4:15,5.56268,-1.13501,5.62386,-56.7383,-5.28185,8.18174,2.1987,-1.09742,68.02031,-8.909427,0.773472,0.516287,,,,,,,,,,,,-4.33166,-2.55571,1.18856,50,5.65107,0.99651,-107.75328,0.94974,-5.06241,19.76531,-35.16093,MIZ_TIG,NOR_BIS,TaylorStadium,D1,SEC,20260228-TaylorStadium-2,34ac81e0-1500-11f1-9d47-ad81a36dfdfe,73.00674,,,6.19674,,,,,,,1fa80f13-d93e-49a6-97f0-7762eeb242e9,2026-02-28,23:50:04.64,2026-02-28T17:50:04.6410000-06:00,2026-02-28T23:50:04.6410000Z,,v3,4806,471388,ae4075840dfa411e9b4d026302d1ad63,"Gustafson, Evan",1000308757,Right,NOR_BIS,c1948dbf-f0ac-4db1-a424-5121a015c1a6,54.87648,-108.64409,9.88265,5.57256,2.53443,-17.58046,1.13851,1.22467,-2.53121,,,,,,,,,,,,,,,,,,,,,,,,,,,,,,,,,,,,,,,,,,,,,,,,,,,High,High,High,,,,,,,,,,,,,,,,,,,,,,,,,,,,,,,,,,,,,,,
116,2026-02-28,17:50:23.18,4,3,"Walker, Jonah",807939,Left,NOR_BIS,"George, Jamal",805322,Right,MIZ_TIG,Undefined,4,Bottom,1,0,2,Curveball,Curveball,InPlay,Undefined,GroundBall,Single,0,1,,75.86826,0.89711,0.593125,2294.693218,348.756531,5:45,5.64111,-0.91087,5.62474,-54.96038,-6.20729,1.51803,1.89833,-0.23088,70.24662,-9.109163,0.864828,0.502542,86.65546,-8.896263,-32.033878,,,,,16.59296,16.48932,-26.134045,0.120862,-0.61756,-3.04055,0.85931,50,5.68164,-1.19672,-110.30368,-0.03303,-0.76353,18.97377,-35.93327,MIZ_TIG,NOR_BIS,TaylorStadium,D1,SEC,20260228-TaylorStadium-2,3fb1b470-1500-11f1-9d47-ad81a36dfdfe,75.00354,2.22062,,5.62164,,,,2.21861,2.22062,0.42716,1fa80f13-d93e-49a6-97f0-7762eeb242e9,2026-02-28,23:50:23.18,2026-02-28T17:50:23.1870000-06:00,2026-02-28T23:50:23.1870000Z,GroundBall,v3,4806,471388,ae4075840dfa411e9b4d026302d1ad63,"Gustafson, Evan",1000308757,Right,NOR_BIS,73978a86-ac24-4731-8e82-a890bf09ba2c,54.87806,-111.13961,9.48688,5.64822,1.55008,-17.96664,0.91129,-1.16308,-0.38177,209.237082,2.21868,106.43828,-12.76953,,,,,,,2.22004,-19.59123,10.15692,,,,,,,0.42671,-66.5525,21.1315,,,,,,,,,,,,,,,,,,,,,,,,,,,,,High,High,High,Medium,High,,,,,,,,,,,,,,,,,,,,,,,,,,,,,,,,,,,68.80788,15.95151,-9.09681
117,2026-02-28,17:51:08.00,5,1,"Walker, Jonah",807939,Left,NOR_BIS,"Benson, Cameron",813272,Left,MIZ_TIG,Undefined,4,Bottom,1,0,0,Curveball,Curveball,InPlay,Undefined,Bunt,Single,0,1,,74.9718,0.459234,-0.443266,2448.057439,317.585011,4:30,5.63773,-0.94129,5.14017,-58.78881,-7.54874,8.38248,1.17111,-0.66014,69.05953,-10.147142,1.045212,0.515201,31.35367,-20.519728,31.280908,,,,,6.68669,4.01664,26.979573,0.082878,-4.3465,-3.52823,0.97591,50,5.63468,0.52448,-108.85466,-1.11866,-5.19096,19.93896,-36.38776,MIZ_TIG,NOR_BIS,TaylorStadium,D1,SEC,20260228-TaylorStadium-2,5a77cce0-1500-11f1-9d47-ad81a36dfdfe,73.16072,1.3491,,5.91227,,,,2.8784,1.3491,1.16196,1fa80f13-d93e-49a6-97f0-7762eeb242e9,2026-02-28,23:51:08.00,2026-02-28T17:51:08.0000000-06:00,2026-02-28T23:51:08.0000000Z,GroundBall,v3,4806,471388,ae4075840dfa411e9b4d026302d1ad63,"Gustafson, Evan",1000308757,Right,NOR_BIS,f5f04be2-ea9c-4b8a-bb2e-b4069e0f1172,55.3624,-109.8325,9.96948,5.64578,0.66586,-18.19388,0.94395,0.77906,-2.59548,180,2.87356,37.17,,,,,,,,1.35122,-16.27822,,,,,,,,1.15902,22.58275,,,,,,,,,,,,,,,,,,,,,,,,,,,,,,High,High,High,Low,Low,,,,,,,,,,,,,,,,,,,,,,,,,,,,,,,,,,,,,
118,2026-02-28,17:51:53.74,6,1,"Walker, Jonah",807939,Left,NOR_BIS,"Maisonet, Eric",835908,Right,MIZ_TIG,Undefined,4,Bottom,1,0,0,Curveball,Curveball,BallCalled,Undefined,Undefined,Undefined,0,0,,76.30063,-0.340345,0.752884,2533.411394,313.958339,4:30,5.57621,-0.85964,5.71858,-52.92078,-4.96036,6.57248,0.84908,0.38943,70.95862,-9.963858,1.932323,0.49844,,,,,,,,,,,,-3.16799,-2.05819,0.79253,50,5.51466,-1.69449,-110.96523,-2.34103,-3.96978,18.92851,-34.75315,MIZ_TIG,NOR_BIS,TaylorStadium,D1,SEC,20260228-TaylorStadium-2,75ab4d20-1500-11f1-9d47-ad81a36dfdfe,75.62082,,,5.34202,,,,,,,1fa80f13-d93e-49a6-97f0-7762eeb242e9,2026-02-28,23:51:53.74,2026-02-28T17:51:53.7480000-06:00,2026-02-28T23:51:53.7480000Z,,v3,4806,471388,ae4075840dfa411e9b4d026302d1ad63,"Gustafson, Evan",1000308757,Right,NOR_BIS,8bbabbcd-f9b2-4694-9e19-972f00723e15,54.784,-111.77831,9.46426,5.58316,-0.8482,-17.37658,0.86166,-1.52397,-1.98489,,,,,,,,,,,,,,,,,,,,,,,,,,,,,,,,,,,,,,,,,,,,,,,,,,,High,High,High,,,,,,,,,,,,,,,,,,,,,,,,,,,,,,,,,,,,,,,
119,2026-02-28,17:52:14.15,6,2,"Walker, Jonah",807939,Left,NOR_BIS,"Maisonet, Eric",835908,Right,MIZ_TIG,Undefined,4,Bottom,1,1,0,Curveball,Curveball,BallCalled,Undefined,Undefined,Undefined,0,0,,75.42333,0.720447,-0.119857,2305.013226,347.293404,5:30,5.67487,-1.0058,5.53591,-57.24999,-7.63036,2.05732,1.57748,-0.94639,69.74764,-9.678857,0.248033,0.506988,,,,,,,,,,,,-1.07378,-3.59996,1.0148,50,5.6991,0.15302,-109.6209,-0.49207,-1.30778,19.21158,-36.55857,MIZ_TIG,NOR_BIS,TaylorStadium,D1,SEC,20260228-TaylorStadium-2,81eef320-1500-11f1-9d47-ad81a36dfdfe,74.34576,,,5.67569,,,,,,,1fa80f13-d93e-49a6-97f0-7762eeb242e9,2026-02-28,23:52:14.15,2026-02-28T17:52:14.1510000-06:00,2026-02-28T23:52:14.1510000Z,,v3,4806,471388,ae4075840dfa411e9b4d026302d1ad63,"Gustafson, Evan",1000308757,Right,NOR_BIS,00c78395-94b9-450a-a37d-9a17966a479c,54.96623,-110.48783,9.60579,5.68408,1.15764,-18.27929,1.00656,0.21203,-0.65389,,,,,,,,,,,,,,,,,,,,,,,,,,,,,,,,,,,,,,,,,,,,,,,,,,,High,High,High,,,,,,,,,,,,,,,,,,,,,,,,,,,,,,,,,,,,,,,
120,2026-02-28,17:52:36.44,6,3,"Walker, Jonah",807939,Left,NOR_BIS,"Maisonet, Eric",835908,Right,MIZ_TIG,Undefined,4,Bottom,1,2,0,Fastball,Slider,StrikeCalled,Undefined,Undefined,Undefined,0,0,,85.293,-0.220777,0.880235,2203.423977,167.437155,11:30,5.84962,-0.84113,5.85585,-31.65514,6.8376,-1.25016,3.00654,-0.1274,77.99224,-6.091695,0.655862,0.44654,,,,,,,,,,,,0.88535,3.94996,0.77038,50,5.81338,-1.8517,-123.8731,-1.53141,1.37296,25.19739,-26.04868,MIZ_TIG,NOR_BIS,TaylorStadium,D1,SEC,20260228-TaylorStadium-2,8f21db20-1500-11f1-9d47-ad81a36dfdfe,84.40991,,,7.30076,,,,,,,1fa80f13-d93e-49a6-97f0-7762eeb242e9,2026-02-28,23:52:36.44,2026-02-28T17:52:36.4400000-06:00,2026-02-28T23:52:36.4400000Z,,v3,4806,471388,ae4075840dfa411e9b4d026302d1ad63,"Gustafson, Evan",1000308757,Right,NOR_BIS,4ada7785-fa4e-461d-9de4-bd1f0753f0d7,54.64163,-124.81369,12.59869,5.85239,-0.55903,-13.02434,0.84046,-1.90296,0.68648,,,,,,,,,,,,,,,,,,,,,,,,,,,,,,,,,,,,,,,,,,,,,,,,,,,High,High,High,,,,,,,,,,,,,,,,,,,,,,,,,,,,,,,,,,,,,,,
121,2026-02-28,17:52:56.62,6,4,"Walker, Jonah",807939,Left,NOR_BIS,"Maisonet, Eric",835908,Right,MIZ_TIG,Undefined,4,Bottom,1,2,1,Fastball,Slider,FoulBallNotFieldable,Undefined,Undefined,Undefined,0,0,,86.09973,-0.417874,1.668185,2267.28011,170.064776,11:45,5.87814,-0.77638,5.71749,-30.38848,7.48004,-1.10535,2.95633,0.68592,78.98006,-6.034706,1.470431,0.442905,,,,,,,,,,,,1.02421,4.26292,0.6376,50,5.82434,-3.59664,-125.04909,-1.94534,1.62355,24.95963,-25.41664,MIZ_TIG,NOR_BIS,TaylorStadium,D1,SEC,20260228-TaylorStadium-2,9b25e010-1500-11f1-9d47-ad81a36dfdfe,85.10275,,,7.11967,,,,,,,1fa80f13-d93e-49a6-97f0-7762eeb242e9,2026-02-28,23:52:56.62,2026-02-28T17:52:56.6290000-06:00,2026-02-28T23:52:56.6290000Z,,v3,4806,471388,ae4075840dfa411e9b4d026302d1ad63,"Gustafson, Evan",1000308757,Right,NOR_BIS,1f2f98b5-71c0-42af-ae04-8c4bd82fa520,54.78217,-125.99999,12.47981,5.88001,-0.97703,-12.70832,0.7758,-3.65849,0.81177,,,,,,,,,,,,,,,,,,,,,,,,,,,,,,,,,,,,,,,,,,,,,,,,,,,High,High,High,,,,,,,,,,,,,,,,,,,,,,,,,,,,,,,,,,,,,,,
122,2026-02-28,17:53:22.79,6,5,"Walker, Jonah",807939,Left,NOR_BIS,"Maisonet, Eric",835908,Right,MIZ_TIG,Undefined,4,Bottom,1,2,2,Curveball,Curveball,InPlay,Undefined,GroundBall,Single,0,0,,77.46351,1.479628,0.014345,2425.826426,331.720079,5:00,5.59836,-1.03848,5.5268,-53.64668,-6.58705,4.30618,2.51136,-0.66622,71.39232,-8.289431,0.783276,0.493737,,,,,,,,,,,,-2.18291,-3.35886,1.03424,50,5.6907,-0.19079,-112.55833,1.11838,-2.80432,20.1691,-36.48903,MIZ_TIG,NOR_BIS,TaylorStadium,D1,SEC,20260228-TaylorStadium-2,aac66cb0-1500-11f1-9d47-ad81a36dfdfe,76.34112,,,6.07119,,,,,,,1fa80f13-d93e-49a6-97f0-7762eeb242e9,2026-02-28,23:53:22.79,2026-02-28T17:53:22.7900000-06:00,2026-02-28T23:53:22.7900000Z,,v3,4806,471388,ae4075840dfa411e9b4d026302d1ad63,"Gustafson, Evan",1000308757,Right,NOR_BIS,85b34fd1-833f-41b3-96e9-b2f9c933e06f,54.97545,-113.44637,10.08455,5.60609,2.72497,-18.24452,1.03992,-0.06732,-1.40216,,,,,,,,,,,,,,,,,,,,,,,,,,,,,,,,,,,,,,,,,,,,,,,,,,,High,High,High,,,,,,,,,,,,,,,,,,,,,,,,,,,,,,,,,,,,,,,
123,2026-02-28,17:54:03.87,7,1,"Walker, Jonah",807939,Left,NOR_BIS,"Parker, Sam",806179,Left,MIZ_TIG,Undefined,4,Bottom,1,0,0,Curveball,Curveball,StrikeCalled,Undefined,Undefined,Undefined,0,0,,75.92257,2.1747,0.270863,2351.231994,323.857993,4:45,5.7153,-0.886,5.37813,-56.63751,-7.43953,6.49174,3.03519,-0.0911,70.06153,-8.106973,1.426165,0.50483,,,,,,,,,,,,-3.18874,-3.87319,0.857,50,5.86968,-0.76912,-110.27879,2.28275,-3.94204,18.90036,-36.96224,MIZ_TIG,NOR_BIS,TaylorStadium,D1,SEC,20260228-TaylorStadium-2,c33e7670-1500-11f1-9d47-ad81a36dfdfe,74.66362,,,5.86103,,,,,,,1fa80f13-d93e-49a6-97f0-7762eeb242e9,2026-02-28,23:54:03.87,2026-02-28T17:54:03.8750000-06:00,2026-02-28T23:54:03.8750000Z,,v3,4806,471388,ae4075840dfa411e9b4d026302d1ad63,"Gustafson, Evan",1000308757,Right,NOR_BIS,edb57e80-54ef-4ffc-a231-d05e7a3cb7ca,55.12425,-111.15356,9.45018,5.72444,3.99347,-18.48112,0.88838,-0.58668,-1.97102,,,,,,,,,,,,,,,,,,,,,,,,,,,,,,,,,,,,,,,,,,,,,,,,,,,High,High,High,,,,,,,,,,,,,,,,,,,,,,,,,,,,,,,,,,,,,,,
124,2026-02-28,17:54:22.49,7,2,"Walker, Jonah",807939,Left,NOR_BIS,"Parker, Sam",806179,Left,MIZ_TIG,Undefined,4,Bottom,1,0,1,Slider,Slider,BallCalled,Undefined,Undefined,Undefined,0,0,,76.94319,-0.541992,0.448461,2380.369565,270.150097,3:00,5.655,-0.86276,5.44514,-46.4429,1.45504,7.11115,1.27727,0.14972,71.01728,-8.995421,1.717034,0.498115,,,,,,,,,,,,-3.47823,1.29886,0.81803,50,5.57492,-1.14349,-111.76349,-2.57991,-4.40144,20.05809,-30.53044,MIZ_TIG,NOR_BIS,TaylorStadium,D1,SEC,20260228-TaylorStadium-2,ce731d70-1500-11f1-9d47-ad81a36dfdfe,75.67012,,,5.92591,,,,,,,1fa80f13-d93e-49a6-97f0-7762eeb242e9,2026-02-28,23:54:22.49,2026-02-28T17:54:22.4990000-06:00,2026-02-28T23:54:22.4990000Z,,v3,4806,471388,ae4075840dfa411e9b4d026302d1ad63,"Gustafson, Evan",1000308757,Right,NOR_BIS,ba5d09c5-4b83-492e-9cdd-ea34561a9caf,55.05534,-112.66712,10.02905,5.66016,-1.2045,-15.26522,0.86508,-0.9452,-2.20072,,,,,,,,,,,,,,,,,,,,,,,,,,,,,,,,,,,,,,,,,,,,,,,,,,,High,High,High,,,,,,,,,,,,,,,,,,,,,,,,,,,,,,,,,,,,,,,
125,2026-02-28,17:54:40.65,7,3,"Walker, Jonah",807939,Left,NOR_BIS,"Parker, Sam",806179,Left,MIZ_TIG,Undefined,4,Bottom,1,1,1,Slider,Slider,BallCalled,Undefined,Undefined,Undefined,0,0,,77.97149,1.849525,-0.258196,2377.864209,251.514995,2:30,5.7287,-0.77128,5.33733,-43.04191,3.6602,6.80122,3.87765,-0.44674,71.69902,-6.018732,0.950095,0.491858,,,,,,,,,,,,-3.47504,1.7787,0.78952,50,5.8647,0.24143,-113.20855,2.2081,-4.53294,19.67504,-29.85388,MIZ_TIG,NOR_BIS,TaylorStadium,D1,SEC,20260228-TaylorStadium-2,d928d070-1500-11f1-9d47-ad81a36dfdfe,76.63276,,,6.27247,,,,,,,1fa80f13-d93e-49a6-97f0-7762eeb242e9,2026-02-28,23:54:40.65,2026-02-28T17:54:40.6530000-06:00,2026-02-28T23:54:40.6530000Z,,v3,4806,471388,ae4075840dfa411e9b4d026302d1ad63,"Gustafson, Evan",1000308757,Right,NOR_BIS,71ce86f3-bd3e-4d7b-99a0-f4fc71fe4759,55.16215,-114.10218,9.83752,5.73362,3.56405,-14.92694,0.77388,0.44731,-2.26647,,,,,,,,,,,,,,,,,,,,,,,,,,,,,,,,,,,,,,,,,,,,,,,,,,,High,High,High,,,,,,,,,,,,,,,,,,,,,,,,,,,,,,,,,,,,,,,
126,2026-02-28,17:55:01.14,7,4,"Walker, Jonah",807939,Left,NOR_BIS,"Parker, Sam",806179,Left,MIZ_TIG,Undefined,4,Bottom,1,2,1,Curveball,Curveball,BallCalled,Undefined,Undefined,Undefined,0,0,,76.87762,0.356746,0.495101,2403.618081,322.819087,4:45,5.68846,-0.76984,5.65227,-56.51208,-9.09812,7.94351,1.31186,0.35389,71.36745,-9.90588,1.919049,0.495592,,,,,,,,,,,,-3.92465,-4.35398,0.72267,50,5.68232,-1.25711,-111.80941,-1.14902,-4.98471,19.53373,-37.70404,MIZ_TIG,NOR_BIS,TaylorStadium,D1,SEC,20260228-TaylorStadium-2,e56aefd0-1500-11f1-9d47-ad81a36dfdfe,76.05534,,,5.51017,,,,,,,1fa80f13-d93e-49a6-97f0-7762eeb242e9,2026-02-28,23:55:01.14,2026-02-28T17:55:01.1460000-06:00,2026-02-28T23:55:01.1460000Z,,v3,4806,471388,ae4075840dfa411e9b4d026302d1ad63,"Gustafson, Evan",1000308757,Right,NOR_BIS,2ffe8992-0b70-465e-bdc3-58730c7ef387,54.85125,-112.65376,9.76687,5.69676,0.48075,-18.85202,0.77236,-1.04165,-2.49236,,,,,,,,,,,,,,,,,,,,,,,,,,,,,,,,,,,,,,,,,,,,,,,,,,,High,High,High,,,,,,,,,,,,,,,,,,,,,,,,,,,,,,,,,,,,,,,
127,2026-02-28,17:55:21.38,7,5,"Walker, Jonah",807939,Left,NOR_BIS,"Parker, Sam",806179,Left,MIZ_TIG,Undefined,4,Bottom,1,3,1,Fastball,Cutter,BallCalled,Walk,Undefined,Undefined,0,1,,85.85873,0.945135,0.352677,2276.996652,174.296202,11:45,5.89312,-0.68209,5.59638,-26.34738,11.83351,-1.06634,4.58003,-0.44167,78.62588,-3.954703,0.162374,0.444728,,,,,,,,,,,,0.63283,6.09311,0.65256,50,5.95713,-0.72233,-124.69915,1.17588,0.99997,24.24922,-22.54614,MIZ_TIG,NOR_BIS,TaylorStadium,D1,SEC,20260228-TaylorStadium-2,f16f42e0-1500-11f1-9d47-ad81a36dfdfe,84.75392,,,7.23285,,,,,,,1fa80f13-d93e-49a6-97f0-7762eeb242e9,2026-02-28,23:55:21.38,2026-02-28T17:55:21.3830000-06:00,2026-02-28T23:55:21.3830000Z,,v3,4806,471388,ae4075840dfa411e9b4d026302d1ad63,"Gustafson, Evan",1000308757,Right,NOR_BIS,3c7107da-decf-4dec-9985-fec5fc7418f4,54.90154,-125.6487,12.12461,5.8938,2.05874,-11.27307,0.68161,-0.76148,0.49999,,,,,,,,,,,,,,,,,,,,,,,,,,,,,,,,,,,,,,,,,,,,,,,,,,,High,High,High,,,,,,,,,,,,,,,,,,,,,,,,,,,,,,,,,,,,,,,
128,2026-02-28,17:56:00.97,8,1,"Walker, Jonah",807939,Left,NOR_BIS,"Patterson, Christopher",1000080435,Right,MIZ_TIG,Undefined,4,Bottom,1,0,0,ChangeUp,Changeup,StrikeSwinging,Undefined,Undefined,Undefined,0,0,,82.28268,-0.872729,1.988416,1671.32556,105.438644,9:30,5.56413,-1.36087,5.83848,-36.26325,5.01236,-13.52276,1.73052,-0.63895,75.68269,-7.555549,-0.438756,0.4624,,,,,,,,,,,,7.43374,3.21122,1.20665,50,5.47174,-3.61608,-119.50685,-3.00768,10.76741,22.69319,-27.52273,MIZ_TIG,NOR_BIS,TaylorStadium,D1,SEC,20260228-TaylorStadium-2,0907c210-1501-11f1-9d47-ad81a36dfdfe,81.51473,,,6.59999,,,,,,,1fa80f13-d93e-49a6-97f0-7762eeb242e9,2026-02-28,23:56:00.97,2026-02-28T17:56:00.9720000-06:00,2026-02-28T23:56:00.9720000Z,,v3,4806,471388,ae4075840dfa411e9b4d026302d1ad63,"Gustafson, Evan",1000308757,Right,NOR_BIS,840e8d4e-2a5d-44ac-a50d-826582fd372d,54.66096,-120.38867,11.34659,5.56783,-1.9382,-13.76137,1.3553,-4.03449,5.3837,,,,,,,,,,,,,,,,,,,,,,,,,,,,,,,,,,,,,,,,,,,,,,,,,,,High,High,High,,,,,,,,,,,,,,,,,,,,,,,,,,,,,,,,,,,,,,,
129,2026-02-28,17:56:19.15,8,2,"Walker, Jonah",807939,Left,NOR_BIS,"Patterson, Christopher",1000080435,Right,MIZ_TIG,Undefined,4,Bottom,1,0,1,ChangeUp,Changeup,StrikeSwinging,Undefined,Undefined,Undefined,0,0,,83.13953,-1.220028,1.547172,1886.653266,114.052486,9:45,5.50548,-1.2223,5.94613,-31.79596,9.20764,-17.25166,1.72361,-1.22452,75.06575,-7.159903,-1.555501,0.460874,,,,,,,,,,,,9.463,5.53685,1.1092,50,5.39054,-2.59343,-120.58865,-3.55411,13.66846,27.61979,-24.17653,MIZ_TIG,NOR_BIS,TaylorStadium,D1,SEC,20260228-TaylorStadium-2,13ec2630-1501-11f1-9d47-ad81a36dfdfe,81.78464,,,8.07379,,,,,,,1fa80f13-d93e-49a6-97f0-7762eeb242e9,2026-02-28,23:56:19.15,2026-02-28T17:56:19.1580000-06:00,2026-02-28T23:56:19.1580000Z,,v3,4806,471388,ae4075840dfa411e9b4d026302d1ad63,"Gustafson, Evan",1000308757,Right,NOR_BIS,9548808b-eb3b-4b66-b6ab-87fe08b9461f,54.55315,-121.62703,13.8099,5.50708,-2.64517,-12.08826,1.21636,-3.10731,6.83423,,,,,,,,,,,,,,,,,,,,,,,,,,,,,,,,,,,,,,,,,,,,,,,,,,,High,High,High,,,,,,,,,,,,,,,,,,,,,,,,,,,,,,,,,,,,,,,
130,2026-02-28,17:56:43.16,8,3,"Walker, Jonah",807939,Left,NOR_BIS,"Patterson, Christopher",1000080435,Right,MIZ_TIG,Undefined,4,Bottom,1,0,2,ChangeUp,Changeup,StrikeSwinging,Strikeout,Undefined,Undefined,0,0,,82.74812,-0.965962,1.034043,1717.843819,95.781092,9:15,5.48389,-1.43138,5.9828,-38.04282,3.03658,-15.95863,1.41808,-1.80271,75.28749,-8.007753,-1.84054,0.4613,,,,,,,,,,,,8.46784,2.32453,1.35816,50,5.38699,-1.53455,-120.10768,-3.26011,12.21802,25.92259,-28.82003,MIZ_TIG,NOR_BIS,TaylorStadium,D1,SEC,20260228-TaylorStadium-2,222f6cc0-1501-11f1-9d47-ad81a36dfdfe,81.70921,,,7.46063,,,,,,,1fa80f13-d93e-49a6-97f0-7762eeb242e9,2026-02-28,23:56:43.16,2026-02-28T17:56:43.1660000-06:00,2026-02-28T23:56:43.1660000Z,,v3,4806,471388,ae4075840dfa411e9b4d026302d1ad63,"Gustafson, Evan",1000308757,Right,NOR_BIS,0988458b-6208-42c3-bedc-755f93cee5bb,54.51512,-121.07825,12.96129,5.48885,-2.18106,-14.41001,1.42418,-1.992,6.10901,,,,,,,,,,,,,,,,,,,,,,,,,,,,,,,,,,,,,,,,,,,,,,,,,,,High,High,High,,,,,,,,,,,,,,,,,,,,,,,,,,,,,,,,,,,,,,,
131,2026-02-28,17:57:14.91,9,1,"Walker, Jonah",807939,Left,NOR_BIS,"Macon, Tyler",823527,Right,MIZ_TIG,Undefined,4,Bottom,2,0,0,ChangeUp,Changeup,FoulBallNotFieldable,Undefined,Undefined,Undefined,0,0,,83.10368,-0.879297,2.800657,1722.844888,106.457725,9:30,5.45255,-1.14874,6.00167,-34.71592,6.20146,-15.97316,1.74379,0.11724,75.14954,-7.345287,-0.072507,0.460389,67.49481,-20.004767,-64.948988,,,,,6.34949,6.34949,-47.603314,0.054092,9.14378,3.8915,0.93716,50,5.36442,-5.27198,-120.47504,-2.94551,13.2208,26.94756,-26.54744,MIZ_TIG,NOR_BIS,TaylorStadium,D1,SEC,20260228-TaylorStadium-2,352b5960-1501-11f1-9d47-ad81a36dfdfe,81.87079,1.83699,,7.95415,,,,2.14469,1.83699,-0.11792,1fa80f13-d93e-49a6-97f0-7762eeb242e9,2026-02-28,23:57:14.91,2026-02-28T17:57:14.9110000-06:00,2026-02-28T23:57:14.9110000Z,GroundBall,v3,4806,471388,ae4075840dfa411e9b4d026302d1ad63,"Gustafson, Evan",1000308757,Right,NOR_BIS,c4926ba5-97af-4145-8da2-52609d35f679,54.49688,-121.47673,13.47378,5.45556,-1.95869,-13.27372,1.14226,-5.76342,6.6104,,2.14372,39.49751,,,,,,,,1.83782,-33.9603,,,,,,,,-0.11585,-84.50617,,,,,,,,,,,,,,,,,,,,,,,,,,,,,,High,High,High,Estimated,Estimated,,,,,,,,,,,,,,,,,,,,,,,,,,,,,,,,,,,79.19792,20.8634,-9.40464
132,2026-02-28,17:57:39.70,9,2,"Walker, Jonah",807939,Left,NOR_BIS,"Macon, Tyler",823527,Right,MIZ_TIG,Undefined,4,Bottom,2,0,1,Fastball,Cutter,BallCalled,Undefined,Undefined,Undefined,0,0,,86.48821,0.516103,0.551623,2255.025485,205.230905,12:45,5.85378,-1.00041,5.63719,-29.3245,7.93327,3.25162,3.8916,-0.2148,79.95365,-4.890314,1.132541,0.439319,,,,,,,,,,,,-1.51508,4.2274,0.95141,50,5.87883,-1.347,-125.75618,0.11463,-2.45499,22.67111,-25.3241,MIZ_TIG,NOR_BIS,TaylorStadium,D1,SEC,20260228-TaylorStadium-2,43dccb10-1501-11f1-9d47-ad81a36dfdfe,85.79742,,,6.53456,,,,,,,1fa80f13-d93e-49a6-97f0-7762eeb242e9,2026-02-28,23:57:39.70,2026-02-28T17:57:39.7030000-06:00,2026-02-28T23:57:39.7030000Z,,v3,4806,471388,ae4075840dfa411e9b4d026302d1ad63,"Gustafson, Evan",1000308757,Right,NOR_BIS,9dd08125-34c3-438c-aaa4-fc7735309914,54.86256,-126.62976,11.33555,5.85561,1.09043,-12.66205,1.00149,-1.2524,-1.22749,,,,,,,,,,,,,,,,,,,,,,,,,,,,,,,,,,,,,,,,,,,,,,,,,,,High,High,High,,,,,,,,,,,,,,,,,,,,,,,,,,,,,,,,,,,,,,,
133,2026-02-28,17:58:02.91,9,3,"Walker, Jonah",807939,Left,NOR_BIS,"Macon, Tyler",823527,Right,MIZ_TIG,Undefined,4,Bottom,2,1,1,Slider,Curveball,StrikeCalled,Undefined,Undefined,Undefined,0,0,,75.35799,1.452679,-0.550138,2432.625486,292.963915,3:45,5.68309,-0.97453,5.65169,-51.71444,-2.20685,8.75008,2.7288,-0.75848,69.4128,-8.008653,1.01532,0.506416,,,,,,,,,,,,-4.57701,-1.02587,1.01556,50,5.77344,0.72755,-109.48378,1.1334,-5.56485,19.02421,-33.42135,MIZ_TIG,NOR_BIS,TaylorStadium,D1,SEC,20260228-TaylorStadium-2,51ce6f30-1501-11f1-9d47-ad81a36dfdfe,74.42981,,,5.94519,,,,,,,1fa80f13-d93e-49a6-97f0-7762eeb242e9,2026-02-28,23:58:02.91,2026-02-28T17:58:02.9100000-06:00,2026-02-28T23:58:02.9100000Z,,v3,4806,471388,ae4075840dfa411e9b4d026302d1ad63,"Gustafson, Evan",1000308757,Right,NOR_BIS,b3aefb2f-3201-4acf-a23b-b401b0112149,54.84886,-110.32311,9.51211,5.6909,2.60792,-16.71067,0.97804,0.97306,-2.78243,,,,,,,,,,,,,,,,,,,,,,,,,,,,,,,,,,,,,,,,,,,,,,,,,,,High,High,High,,,,,,,,,,,,,,,,,,,,,,,,,,,,,,,,,,,,,,,
134,2026-02-28,17:58:24.63,9,4,"Walker, Jonah",807939,Left,NOR_BIS,"Macon, Tyler",823527,Right,MIZ_TIG,Undefined,4,Bottom,2,1,2,Fastball,Slider,FoulBallNotFieldable,Undefined,Undefined,Undefined,0,0,,85.50149,-1.104775,1.775681,2299.529677,210.787895,1:00,5.7919,-0.82811,5.70159,-31.136,6.89977,3.48803,2.16718,1.11768,79.39676,-6.817398,2.399564,0.443882,,,,,,,,,,,,-1.36126,4.08477,0.67686,50,5.67952,-3.99214,-124.30023,-3.45895,-2.15556,22.08421,-25.70583,MIZ_TIG,NOR_BIS,TaylorStadium,D1,SEC,20260228-TaylorStadium-2,5ea1f920-1501-11f1-9d47-ad81a36dfdfe,84.91545,,,6.10472,,,,,,,1fa80f13-d93e-49a6-97f0-7762eeb242e9,2026-02-28,23:58:24.63,2026-02-28T17:58:24.6360000-06:00,2026-02-28T23:58:24.6360000Z,,v3,4806,471388,ae4075840dfa411e9b4d026302d1ad63,"Gustafson, Evan",1000308757,Right,NOR_BIS,84b184df-88bb-425c-8e37-47283cc0d254,54.79993,-125.15013,11.04211,5.7936,-2.46969,-12.85291,0.8289,-3.90919,-1.07778,,,,,,,,,,,,,,,,,,,,,,,,,,,,,,,,,,,,,,,,,,,,,,,,,,,High,High,High,,,,,,,,,,,,,,,,,,,,,,,,,,,,,,,,,,,,,,,
135,2026-02-28,17:58:49.69,9,5,"Walker, Jonah",807939,Left,NOR_BIS,"Macon, Tyler",823527,Right,MIZ_TIG,Undefined,4,Bottom,2,1,2,ChangeUp,Changeup,InPlay,Undefined,GroundBall,Out,1,0,,82.80357,-0.937286,1.618613,1785.220594,116.91974,10:00,5.54679,-1.27621,5.91827,-31.14525,9.62619,-16.37154,2.08111,-1.13798,75.78614,-6.727115,-1.323408,0.459568,56.5233,-17.433989,-22.41003,,,,,8.33399,7.67454,-11.233893,0.090263,8.89182,5.59036,1.15602,50,5.45396,-2.76637,-120.2657,-2.94214,12.98508,23.95972,-24.01021,MIZ_TIG,NOR_BIS,TaylorStadium,D1,SEC,20260228-TaylorStadium-2,6db2a1d0-1501-11f1-9d47-ad81a36dfdfe,82.01719,2.25294,,7.01742,,,,1.54188,2.25294,1.11147,1fa80f13-d93e-49a6-97f0-7762eeb242e9,2026-02-28,23:58:49.69,2026-02-28T17:58:49.6960000-06:00,2026-02-28T23:58:49.6960000Z,GroundBall,v3,4806,471388,ae4075840dfa411e9b4d026302d1ad63,"Gustafson, Evan",1000308757,Right,NOR_BIS,046885c4-f88a-4a39-963a-dabfc0164da3,54.58168,-121.17504,11.97986,5.54833,-2.03088,-12.00511,1.27037,-3.25919,6.49254,180,1.53665,73.47921,,,,,,,,2.25472,-24.95985,,,,,,,,1.11362,-30.301,,,,,,,,,,,,,,,,,,,,,,,,,,,,,,High,High,High,High,High,,,,,,,,,,,,,,,,,,,,,,,,,,,,,,,,,,,66.61373,23.47286,-10.92889
136,2026-02-28,18:01:23.92,1,1,"Kehlenbrink, Brady",815650,Left,MIZ_TIG,"Timmons, Blake",1000310255,Left,NOR_BIS,Undefined,5,Top,0,0,0,Fastball,Four-Seam,StrikeCalled,Undefined,Undefined,Undefined,0,0,,87.12153,-1.650745,3.349131,2012.025671,157.898991,11:15,5.60246,-1.61582,6.32133,-16.31875,20.24741,-7.71209,2.71922,0.82955,79.03085,-4.808139,1.957397,0.435222,,,,,,,,,,,,4.97839,11.36264,1.37415,50,5.47349,-7.08051,-126.2891,-4.03662,7.98105,27.48115,-13.95806,MIZ_TIG,NOR_BIS,TaylorStadium,D1,SEC,20260228-TaylorStadium-2,c9965820-1501-11f1-9d47-ad81a36dfdfe,86.60503,,,8.09068,,,,,,,1fa80f13-d93e-49a6-97f0-7762eeb242e9,2026-03-01,00:01:23.92,2026-02-28T18:01:23.9280000-06:00,2026-03-01T00:01:23.9280000Z,,v3,4806,471388,ae4075840dfa411e9b4d026302d1ad63,"Serna, Mateo",806219,Right,MIZ_TIG,d05ee67f-3ed0-4523-abdf-6e62b6f63bfd,54.17477,-127.1943,13.74057,5.59888,-3.57685,-6.97903,1.61171,-7.34339,3.99053,,,,,,,,,,,,,,,,,,,,,,,,,,,,,,,,,,,,,,,,,,,,,,,,,,,High,High,High,,,,,,,,,,,,,,,,,,,,,,,,,,,,,,,,,,,,,,,
137,2026-02-28,18:01:40.83,1,2,"Kehlenbrink, Brady",815650,Left,MIZ_TIG,"Timmons, Blake",1000310255,Left,NOR_BIS,Undefined,5,Top,0,0,1,Cutter,Slider,StrikeSwinging,Undefined,Undefined,Undefined,0,0,,78.00489,-0.200001,1.031854,2200.196496,156.462778,11:15,5.51256,-1.5445,5.68063,-42.0655,4.56422,-1.3002,1.82064,-0.69088,71.1468,-7.948591,0.799095,0.491476,,,,,,,,,,,,0.96969,2.88032,1.45839,50,5.46964,-1.98838,-113.18295,-1.73662,1.24702,22.32096,-28.46998,MIZ_TIG,NOR_BIS,TaylorStadium,D1,SEC,20260228-TaylorStadium-2,d3adcf50-1501-11f1-9d47-ad81a36dfdfe,76.69226,,,6.8581,,,,,,,1fa80f13-d93e-49a6-97f0-7762eeb242e9,2026-03-01,00:01:40.83,2026-02-28T18:01:40.8360000-06:00,2026-03-01T00:01:40.8360000Z,,v3,4806,471388,ae4075840dfa411e9b4d026302d1ad63,"Serna, Mateo",806219,Right,MIZ_TIG,9bed5aba-3592-4a89-b94f-64d5ad8208f5,54.81635,-114.12883,11.16048,5.51767,-0.53016,-14.23499,1.54377,-2.04122,0.62351,,,,,,,,,,,,,,,,,,,,,,,,,,,,,,,,,,,,,,,,,,,,,,,,,,,High,High,High,,,,,,,,,,,,,,,,,,,,,,,,,,,,,,,,,,,,,,,
138,2026-02-28,18:01:59.10,1,3,"Kehlenbrink, Brady",815650,Left,MIZ_TIG,"Timmons, Blake",1000310255,Left,NOR_BIS,Undefined,5,Top,0,0,2,Cutter,Slider,StrikeSwinging,Strikeout,Undefined,Undefined,0,0,,79.54718,-0.57602,2.432572,2283.954963,217.407431,1:15,5.49705,-1.48635,5.82901,-41.71368,2.99335,1.12402,1.48495,0.86997,72.53915,-8.262256,2.634094,0.481237,,,,,,,,,,,,0.1765,2.16095,1.28695,50,5.42552,-4.94371,-115.36452,-2.48726,0.23537,23.56738,-29.29242,MIZ_TIG,NOR_BIS,TaylorStadium,D1,SEC,20260228-TaylorStadium-2,de919730-1501-11f1-9d47-ad81a36dfdfe,78.32399,,,7.00803,,,,,,,1fa80f13-d93e-49a6-97f0-7762eeb242e9,2026-03-01,00:01:59.10,2026-02-28T18:01:59.1060000-06:00,2026-03-01T00:01:59.1060000Z,,v3,4806,471388,ae4075840dfa411e9b4d026302d1ad63,"Serna, Mateo",806219,Right,MIZ_TIG,f04cdd73-37b4-4bda-8b24-13ffbf21b438,54.66908,-116.31443,11.78369,5.50197,-1.30659,-14.64621,1.4864,-4.9532,0.11768,,,,,,,,,,,,,,,,,,,,,,,,,,,,,53.40119,2.540224,1.073818,1.466406,0.07309,1.28709,-0.93184,-3.00381,4.12152,1.58914,76.28547,4.06772,-48.50153,-2.9177,60.21045,-4.24999,4.2634,21.94278,-15.09672,1.42424,-41.66865,5.24208,High,High,High,,,High,High,High,,,,,,,,,,,,,,,,,,,,,,,,,,,,,,,,,,
139,2026-02-28,18:02:31.55,2,1,"Kehlenbrink, Brady",815650,Left,MIZ_TIG,"Simon, Thomas",1000111211,Right,NOR_BIS,Undefined,5,Top,1,0,0,Cutter,Slider,StrikeCalled,Undefined,Undefined,Undefined,0,0,,78.43999,0.04217,0.959216,2264.609063,167.910722,11:30,5.46176,-1.73325,5.69564,-41.65242,4.35551,-0.60465,2.03003,-0.88965,71.61115,-7.632597,0.850965,0.488189,,,,,,,,,,,,0.59091,2.69709,1.65306,50,5.43965,-1.88252,-113.83834,-1.25171,0.77014,22.22724,-28.65891,MIZ_TIG,NOR_BIS,TaylorStadium,D1,SEC,20260228-TaylorStadium-2,f1deb110-1501-11f1-9d47-ad81a36dfdfe,77.20874,,,6.82884,,,,,,,1fa80f13-d93e-49a6-97f0-7762eeb242e9,2026-03-01,00:02:31.55,2026-02-28T18:02:31.5510000-06:00,2026-03-01T00:02:31.5510000Z,,v3,4806,471388,ae4075840dfa411e9b4d026302d1ad63,"Serna, Mateo",806219,Right,MIZ_TIG,b4c7a3c4-da3e-4bdf-88a5-c686c47de09d,54.80139,-114.77199,11.11362,5.46695,-0.04789,-14.32946,1.73282,-1.91487,0.38507,,,,,,,,,,,,,,,,,,,,,,,,,,,,,,,,,,,,,,,,,,,,,,,,,,,High,High,High,,,,,,,,,,,,,,,,,,,,,,,,,,,,,,,,,,,,,,,
140,2026-02-28,18:02:49.64,2,2,"Kehlenbrink, Brady",815650,Left,MIZ_TIG,"Simon, Thomas",1000111211,Right,NOR_BIS,Undefined,5,Top,1,0,1,Fastball,Four-Seam,StrikeSwinging,Undefined,Undefined,Undefined,0,0,,89.36653,-0.923476,2.929564,2148.488269,153.101238,11:00,5.49668,-1.47431,6.69982,-16.00725,17.98127,-8.57,3.31715,0.49262,81.52253,-4.024451,1.370696,0.419602,,,,,,,,,,,,5.31977,10.06001,1.28228,50,5.42835,-6.31201,-129.80169,-2.47009,9.06302,27.5318,-15.03535,MIZ_TIG,NOR_BIS,TaylorStadium,D1,SEC,20260228-TaylorStadium-2,fca35830-1501-11f1-9d47-ad81a36dfdfe,89.82902,,,7.844,,,,,,,1fa80f13-d93e-49a6-97f0-7762eeb242e9,2026-03-01,00:02:49.64,2026-02-28T18:02:49.6460000-06:00,2026-03-01T00:02:49.6460000Z,,v3,4806,471388,ae4075840dfa411e9b4d026302d1ad63,"Serna, Mateo",806219,Right,MIZ_TIG,6f296985-8322-4c97-9abd-9bd467c61e7f,53.79787,-130.60476,13.7659,5.49401,-2.03152,-7.51768,1.47025,-6.57637,4.53151,,,,,,,,,,,,,,,,,,,,,,,,,,,,,,,,,,,,,,,,,,,,,,,,,,,High,High,High,,,,,,,,,,,,,,,,,,,,,,,,,,,,,,,,,,,,,,,
141,2026-02-28,18:03:11.08,2,3,"Kehlenbrink, Brady",815650,Left,MIZ_TIG,"Simon, Thomas",1000111211,Right,NOR_BIS,Undefined,5,Top,1,0,2,Fastball,Four-Seam,StrikeSwinging,Strikeout,Undefined,Undefined,0,0,,90.09368,-1.683321,2.046807,2173.401967,153.933842,11:15,5.51217,-1.4775,6.57459,-13.51221,20.20651,-9.33225,2.84184,-0.37834,81.88294,-4.329298,0.351428,0.417933,,,,,,,,,,,,5.45016,11.39784,1.34019,50,5.39014,-4.29926,-130.8207,-4.13406,9.39347,29.0036,-12.52961,MIZ_TIG,NOR_BIS,TaylorStadium,D1,SEC,20260228-TaylorStadium-2,096751c0-1502-11f1-9d47-ad81a36dfdfe,90.18771,,,8.21074,,,,,,,1fa80f13-d93e-49a6-97f0-7762eeb242e9,2026-03-01,00:03:11.08,2026-02-28T18:03:11.0830000-06:00,2026-03-01T00:03:11.0830000Z,,v3,4806,471388,ae4075840dfa411e9b4d026302d1ad63,"Serna, Mateo",806219,Right,MIZ_TIG,d012f3a4-c540-4f2f-95f8-ec24d9616d0c,53.92192,-131.68733,14.5018,5.50807,-3.75967,-6.2648,1.47285,-4.57994,4.69674,,,,,,,,,,,,,,,,,,,,,,,,,,,,,64.87577,2.870065,1.807053,1.063013,-1.92829,2.5825,0.36097,-1.59345,6.18693,-2.09474,69.03156,9.23599,-55.75807,-1.52972,71.77835,-5.07553,6.22264,16.75424,-13.09108,-2.20496,-57.90391,7.07234,High,High,High,,,High,High,High,,,,,,,,,,,,,,,,,,,,,,,,,,,,,,,,,,
142,2026-02-28,18:03:42.48,3,1,"Kehlenbrink, Brady",815650,Left,MIZ_TIG,"Long, Tyman",10276466,Right,NOR_BIS,Undefined,5,Top,2,0,0,Cutter,Slider,BallCalled,Undefined,Undefined,Undefined,0,0,,80.5329,1.960165,1.509754,2227.208648,160.696684,11:15,5.49737,-1.60932,5.75805,-40.6129,3.2976,-0.61232,3.93887,-0.2547,72.68713,-5.56962,1.4002,0.476931,,,,,,,,,,,,0.7878,1.57205,1.48451,50,5.63584,-3.05094,-116.69848,2.66498,1.07153,24.76307,-30.0358,MIZ_TIG,NOR_BIS,TaylorStadium,D1,SEC,20260228-TaylorStadium-2,1c34db60-1502-11f1-9d47-ad81a36dfdfe,79.0312,,,7.84577,,,,,,,1fa80f13-d93e-49a6-97f0-7762eeb242e9,2026-03-01,00:03:42.48,2026-02-28T18:03:42.4880000-06:00,2026-03-01T00:03:42.4880000Z,,v3,4806,471388,ae4075840dfa411e9b4d026302d1ad63,"Serna, Mateo",806219,Right,MIZ_TIG,ccd980e7-e6a3-44e2-ba07-5d4434cc729a,54.73724,-117.69941,12.38154,5.50358,3.87905,-15.0179,1.60871,-3.09426,0.53577,,,,,,,,,,,,,,,,,,,,,,,,,,,,,,,,,,,,,,,,,,,,,,,,,,,High,High,High,,,,,,,,,,,,,,,,,,,,,,,,,,,,,,,,,,,,,,,
143,2026-02-28,18:03:58.95,3,2,"Kehlenbrink, Brady",815650,Left,MIZ_TIG,"Long, Tyman",10276466,Right,NOR_BIS,Undefined,5,Top,2,1,0,Cutter,Slider,BallCalled,Undefined,Undefined,Undefined,0,0,,80.50896,-0.49721,0.405438,2225.516993,202.446757,12:45,5.49005,-1.56212,5.96208,-38.95589,3.23016,0.88827,1.78266,-1.11215,75.29719,-7.643088,0.565335,0.467472,,,,,,,,,,,,-0.36583,2.12465,1.52947,50,5.42863,-0.86215,-117.21269,-2.2509,-0.51829,18.34115,-29.16395,MIZ_TIG,NOR_BIS,TaylorStadium,D1,SEC,20260228-TaylorStadium-2,2609cb50-1502-11f1-9d47-ad81a36dfdfe,80.6303,,,5.21177,,,,,,,1fa80f13-d93e-49a6-97f0-7762eeb242e9,2026-03-01,00:03:58.95,2026-02-28T18:03:58.9550000-06:00,2026-03-01T00:03:58.9550000Z,,v3,4806,471388,ae4075840dfa411e9b4d026302d1ad63,"Serna, Mateo",806219,Right,MIZ_TIG,1bd759e1-022b-4354-8574-20dc6835b05f,54.5393,-117.92085,9.17058,5.4938,-1.12487,-14.58198,1.56237,-0.84214,-0.25915,,,,,,,,,,,,,,,,,,,,,,,,,,,,,,,,,,,,,,,,,,,,,,,,,,,High,High,High,,,,,,,,,,,,,,,,,,,,,,,,,,,,,,,,,,,,,,,
144,2026-02-28,18:04:16.11,3,3,"Kehlenbrink, Brady",815650,Left,MIZ_TIG,"Long, Tyman",10276466,Right,NOR_BIS,Undefined,5,Top,2,2,0,Fastball,Four-Seam,FoulBallNotFieldable,Undefined,Undefined,Undefined,0,0,,89.70264,-1.260788,3.747017,2123.748586,152.664885,11:00,5.52316,-1.44925,6.67545,-13.55091,20.29635,-9.9228,3.23788,1.15656,81.71905,-3.914885,1.945527,0.418729,,,,,,,,,,,,6.16237,11.28288,1.20094,50,5.43197,-8.11296,-130.11036,-3.13478,10.55455,27.51529,-12.84932,MIZ_TIG,NOR_BIS,TaylorStadium,D1,SEC,20260228-TaylorStadium-2,302f9a60-1502-11f1-9d47-ad81a36dfdfe,90.01629,,,7.98359,,,,,,,1fa80f13-d93e-49a6-97f0-7762eeb242e9,2026-03-01,00:04:16.11,2026-02-28T18:04:16.1180000-06:00,2026-03-01T00:04:16.1180000Z,,v3,4806,471388,ae4075840dfa411e9b4d026302d1ad63,"Serna, Mateo",806219,Right,MIZ_TIG,7c420fc8-396b-49d6-8b32-5d02fa4a2d19,53.81916,-130.91553,13.75765,5.5182,-2.75878,-6.42466,1.44286,-8.42181,5.27728,,,,,,,,,,,,,,,,,,,,,,,,,,,,,,,,,,,,,,,,,,,,,,,,,,,High,High,High,,,,,,,,,,,,,,,,,,,,,,,,,,,,,,,,,,,,,,,
145,2026-02-28,18:04:41.89,3,4,"Kehlenbrink, Brady",815650,Left,MIZ_TIG,"Long, Tyman",10276466,Right,NOR_BIS,Undefined,5,Top,2,2,1,Fastball,Four-Seam,FoulBallNotFieldable,Undefined,Undefined,Undefined,0,0,,89.68697,-2.256025,2.22492,2205.623347,159.099558,11:15,5.43148,-1.51471,6.47484,-13.63371,20.51777,-7.4,2.22097,-0.08718,81.63706,-4.91534,0.88346,0.420607,78.71994,58.815343,125.01706,4133.735332,,,,,59.34801,,,4.54315,11.76253,1.3612,50,5.26625,-4.77185,-130.2018,-5.44687,7.75774,28.68254,-12.08869,MIZ_TIG,NOR_BIS,TaylorStadium,D1,SEC,20260228-TaylorStadium-2,3f8ba3f0-1502-11f1-9d47-ad81a36dfdfe,89.61445,73.18539,,8.0499,,,,1.27419,2.01215,-0.07604,1fa80f13-d93e-49a6-97f0-7762eeb242e9,2026-03-01,00:04:41.89,2026-02-28T18:04:41.8920000-06:00,2026-03-01T00:04:41.8920000Z,,v3,4806,471388,ae4075840dfa411e9b4d026302d1ad63,"Serna, Mateo",806219,Right,MIZ_TIG,2e7c37d7-6803-4b75-ab2d-a2ce0e78c9b2,54.02425,-131.08532,14.34127,5.4283,-5.0745,-6.04434,1.51187,-5.01082,3.87887,339.264574,1.27419,-34.30498,-5.27799,2.6181,0.25671,-2.63698,3.80122,-2.50824,0.63719,2.01216,98.77226,-32.97691,4.55622,-0.19589,-1.80765,2.58005,-1.66247,0.41409,-0.07604,48.96091,-4.61356,0.32143,-0.02537,0.17285,-0.29676,0.2139,-0.05767,,,,,,,,,,,,,,,,,,,,,,,High,High,High,High,Undefined,,,,,,,,,,,,,,,,,,,,,,,,,,,,,,,,,,,,,
146,2026-02-28,18:05:02.72,3,5,"Kehlenbrink, Brady",815650,Left,MIZ_TIG,"Long, Tyman",10276466,Right,NOR_BIS,Undefined,5,Top,2,2,2,Fastball,Four-Seam,StrikeSwinging,Strikeout,Undefined,Undefined,0,0,,92.59658,-1.331446,2.231161,2130.84009,154.08668,11:15,5.52798,-1.57351,6.36288,-12.97855,19.3771,-8.86343,3.22,-0.25782,83.65538,-3.875572,0.62779,0.409399,,,,,,,,,,,,5.26481,10.7978,1.4157,50,5.4251,-4.85554,-134.34673,-3.42192,9.51565,32.11431,-12.65794,MIZ_TIG,NOR_BIS,TaylorStadium,D1,SEC,20260228-TaylorStadium-2,4be2aae0-1502-11f1-9d47-ad81a36dfdfe,92.06783,,,8.9412,,,,,,,1fa80f13-d93e-49a6-97f0-7762eeb242e9,2026-03-01,00:05:02.72,2026-02-28T18:05:02.7250000-06:00,2026-03-01T00:05:02.7250000Z,,v3,4806,471388,ae4075840dfa411e9b4d026302d1ad63,"Serna, Mateo",806219,Right,MIZ_TIG,02dc3a59-a43c-41aa-b9da-7cd26471a740,54.13308,-135.33109,16.05716,5.52405,-3.03393,-6.32897,1.569,-5.14721,4.75782,,,,,,,,,,,,,,,,,,,,,,,,,,,,,,,,,,,,,,,,,,,,,,,,,,,High,High,High,,,,,,,,,,,,,,,,,,,,,,,,,,,,,,,,,,,,,,,
147,2026-02-28,18:07:38.12,1,1,"Gluth, Braden",1000132157,Right,NOR_BIS,"Woita, Jase",831805,Left,MIZ_TIG,Undefined,5,Bottom,0,0,0,Sinker,Changeup,StrikeCalled,Undefined,Undefined,Undefined,0,0,,84.64988,1.517515,-4.226267,2044.574282,267.840606,3:00,5.02351,2.05815,6.14415,-37.05852,1.96284,17.1517,3.34177,-0.42507,76.77609,-5.376066,-1.143743,0.449596,,,,,,,,,,,,-10.03335,1.00079,-1.74396,50,5.12075,8.37336,-122.62852,2.05168,-15.17307,25.80608,-30.66062,MIZ_TIG,NOR_BIS,TaylorStadium,D1,SEC,20260228-TaylorStadium-2,a8971eb0-1502-11f1-9d47-ad81a36dfdfe,83.83618,,,7.87379,,,,,,,1fa80f13-d93e-49a6-97f0-7762eeb242e9,2026-03-01,00:07:38.12,2026-02-28T18:07:38.1260000-06:00,2026-03-01T00:07:38.1260000Z,,v3,4806,471388,ae4075840dfa411e9b4d026302d1ad63,"Gustafson, Evan",1000308757,Right,NOR_BIS,2823ac4c-fe7b-4fdf-87ed-390d998302a2,54.35455,-123.54149,12.90304,5.02898,3.13641,-15.33031,-2.04969,8.91016,-7.58654,,,,,,,,,,,,,,,,,,,,,,,,,,,,,,,,,,,,,,,,,,,,,,,,,,,High,High,High,,,,,,,,,,,,,,,,,,,,,,,,,,,,,,,,,,,,,,,
148,2026-02-28,18:07:51.79,1,2,"Gluth, Braden",1000132157,Right,NOR_BIS,"Woita, Jase",831805,Left,MIZ_TIG,Undefined,5,Bottom,0,0,1,Sinker,Changeup,BallCalled,Undefined,Undefined,Undefined,0,0,,83.49315,0.600986,-5.399945,2000.8348,257.606272,2:30,5.03904,2.04136,6.17141,-35.34837,4.17587,13.83032,2.65091,-1.80837,77.04387,-5.938895,-2.920328,0.452484,66.67462,-5.969997,169.266477,,,,,17.29545,17.29545,164.094505,0.167669,-8.45426,2.39311,-1.63818,50,5.06679,10.90558,-120.97485,0.16027,-12.66479,21.19796,-28.58908,MIZ_TIG,NOR_BIS,TaylorStadium,D1,SEC,20260228-TaylorStadium-2,b0b4c1b0-1502-11f1-9d47-ad81a36dfdfe,83.30117,2.45099,,6.44929,,,,-0.78655,2.45099,1.41317,1fa80f13-d93e-49a6-97f0-7762eeb242e9,2026-03-01,00:07:51.79,2026-02-28T18:07:51.7940000-06:00,2026-03-01T00:07:51.7940000Z,GroundBall,v3,4806,471388,ae4075840dfa411e9b4d026302d1ad63,"Gustafson, Evan",1000308757,Right,NOR_BIS,9c7f25d5-516b-4743-b451-356ba8b0370f,54.32916,-121.73107,10.59898,5.04288,1.18016,-14.29454,-2.03529,11.35739,-6.3324,,-0.78599,-95.60106,6.45632,,,,,,,2.45118,-10.18604,-26.44653,,,,,,,1.41299,18.12752,10.23013,,,,,,,,,,,,,,,,,,,,,,,,,,,,,High,High,High,Low,High,,,,,,,,,,,,,,,,,,,,,,,,,,,,,,,,,,,,,
149,2026-02-28,18:08:10.73,1,3,"Gluth, Braden",1000132157,Right,NOR_BIS,"Woita, Jase",831805,Left,MIZ_TIG,Undefined,5,Bottom,0,1,1,Sinker,Changeup,BallCalled,Undefined,Undefined,Undefined,0,0,,83.26692,1.177152,-2.101917,1991.672234,252.713751,2:30,5.00557,2.07702,6.20283,-34.45616,5.30181,13.11056,3.22169,1.2285,76.25678,-5.245867,0.263789,0.45382,,,,,,,,,,,,-7.33878,2.81315,-1.92529,50,5.0769,3.93875,-120.97931,1.42081,-10.89084,23.30872,-27.99931,MIZ_TIG,NOR_BIS,TaylorStadium,D1,SEC,20260228-TaylorStadium-2,bc14e580-1502-11f1-9d47-ad81a36dfdfe,83.05594,,,7.01013,,,,,,,1fa80f13-d93e-49a6-97f0-7762eeb242e9,2026-03-01,00:08:10.73,2026-02-28T18:08:10.7390000-06:00,2026-03-01T00:08:10.7390000Z,,v3,4806,471388,ae4075840dfa411e9b4d026302d1ad63,"Gustafson, Evan",1000308757,Right,NOR_BIS,61fad9c9-e600-457d-93e2-1c9ed825bc7f,54.29655,-121.80431,11.65436,5.00907,2.41182,-13.99966,-2.07152,4.32422,-5.44542,,,,,,,,,,,,,,,,,,,,,,,,,,,,,,,,,,,,,,,,,,,,,,,,,,,High,High,High,,,,,,,,,,,,,,,,,,,,,,,,,,,,,,,,,,,,,,,
150,2026-02-28,18:08:27.12,1,4,"Gluth, Braden",1000132157,Right,NOR_BIS,"Woita, Jase",831805,Left,MIZ_TIG,Undefined,5,Bottom,0,2,1,Sinker,Changeup,StrikeSwinging,Undefined,Undefined,Undefined,0,0,,82.24582,0.316102,-2.691097,1899.039339,271.977061,3:00,5.06303,1.87094,6.09515,-40.67797,0.77953,19.26907,1.9659,0.98576,74.61168,-7.235201,0.781764,0.463418,,,,,,,,,,,,-10.71103,0.77575,-1.67315,50,5.06647,4.85639,-119.32908,-0.64491,-15.25198,25.62902,-31.06944,MIZ_TIG,NOR_BIS,TaylorStadium,D1,SEC,20260228-TaylorStadium-2,c5da1e00-1502-11f1-9d47-ad81a36dfdfe,81.33569,,,7.63414,,,,,,,1fa80f13-d93e-49a6-97f0-7762eeb242e9,2026-03-01,00:08:27.12,2026-02-28T18:08:27.1240000-06:00,2026-03-01T00:08:27.1240000Z,,v3,4806,471388,ae4075840dfa411e9b4d026302d1ad63,"Gustafson, Evan",1000308757,Right,NOR_BIS,41f9b4fb-0af5-43fc-9f2c-d0a9952f8dee,54.40378,-120.27119,12.81451,5.06919,0.49718,-15.53472,-1.86198,5.41705,-7.62599,,,,,,,,,,,,,,,,,,,,,,,,,,,,,,,,,,,,,,,,,,,,,,,,,,,High,High,High,,,,,,,,,,,,,,,,,,,,,,,,,,,,,,,,,,,,,,,
151,2026-02-28,18:08:44.82,1,5,"Gluth, Braden",1000132157,Right,NOR_BIS,"Woita, Jase",831805,Left,MIZ_TIG,Undefined,5,Bottom,0,2,2,Sinker,Changeup,BallCalled,Undefined,Undefined,Undefined,0,0,,83.80032,2.77896,-2.333769,2046.147707,260.314334,2:45,5.15387,1.96112,6.03794,-36.18947,3.52965,13.29796,4.71539,0.90716,76.26445,-3.949674,0.055611,0.453598,,,,,,,,,,,,-7.44343,1.44433,-1.7858,50,5.35171,4.42093,-121.54275,4.73053,-11.11475,24.21683,-30.01734,MIZ_TIG,NOR_BIS,TaylorStadium,D1,SEC,20260228-TaylorStadium-2,d0801990-1502-11f1-9d47-ad81a36dfdfe,83.09656,,,7.53587,,,,,,,1fa80f13-d93e-49a6-97f0-7762eeb242e9,2026-03-01,00:08:44.82,2026-02-28T18:08:44.8210000-06:00,2026-03-01T00:08:44.8210000Z,,v3,4806,471388,ae4075840dfa411e9b4d026302d1ad63,"Gustafson, Evan",1000308757,Right,NOR_BIS,2593b17d-d7df-4b04-97e3-979efd69d9e3,54.46059,-122.42828,12.10842,5.15866,5.82816,-15.00867,-1.95489,4.82736,-5.55738,,,,,,,,,,,,,,,,,,,,,,,,,,,,,,,,,,,,,,,,,,,,,,,,,,,High,High,High,,,,,,,,,,,,,,,,,,,,,,,,,,,,,,,,,,,,,,,
152,2026-02-28,18:09:00.50,1,6,"Gluth, Braden",1000132157,Right,NOR_BIS,"Woita, Jase",831805,Left,MIZ_TIG,Undefined,5,Bottom,0,3,2,Sinker,Changeup,BallCalled,Walk,Undefined,Undefined,0,0,,83.90335,-0.027528,-5.234639,1936.679838,257.874035,2:30,5.07887,1.92402,6.43801,-34.02844,4.72465,16.71812,2.21777,-1.50664,77.39167,-6.360465,-2.218566,0.448048,,,,,,,,,,,,-10.04071,2.8402,-1.55821,50,5.06165,10.53221,-121.65769,-1.07896,-15.18625,21.81556,-27.8783,MIZ_TIG,NOR_BIS,TaylorStadium,D1,SEC,20260228-TaylorStadium-2,d9b5bc40-1502-11f1-9d47-ad81a36dfdfe,84.12591,,,6.51168,,,,,,,1fa80f13-d93e-49a6-97f0-7762eeb242e9,2026-03-01,00:09:00.50,2026-02-28T18:09:00.5080000-06:00,2026-03-01T00:09:00.5080000Z,,v3,4806,471388,ae4075840dfa411e9b4d026302d1ad63,"Gustafson, Evan",1000308757,Right,NOR_BIS,1e259b54-9c4a-4e6b-84db-7a83456e65cc,54.0633,-122.38415,10.90778,5.08212,-0.15061,-13.93915,-1.91736,11.03792,-7.59313,,,,,,,,,,,,,,,,,,,,,,,,,,,,,,,,,,,,,,,,,,,,,,,,,,,High,High,High,,,,,,,,,,,,,,,,,,,,,,,,,,,,,,,,,,,,,,,
153,2026-02-28,18:09:37.58,2,1,"Gluth, Braden",1000132157,Right,NOR_BIS,"Serna, Mateo",806219,Left,MIZ_TIG,Undefined,5,Bottom,0,0,0,Fastball,Changeup,StrikeCalled,Undefined,Undefined,Undefined,0,0,,83.23501,1.256935,-2.569581,1973.817872,255.264681,2:30,5.15948,2.04605,6.12801,-35.50675,4.3724,12.01493,3.36381,0.67046,76.30878,-5.342405,-0.405723,0.454511,,,,,,,,,,,,-6.85587,2.32228,-1.85539,50,5.23742,4.95787,-120.88546,1.53156,-10.17513,22.90818,-28.7274,MIZ_TIG,NOR_BIS,TaylorStadium,D1,SEC,20260228-TaylorStadium-2,efc0bda0-1502-11f1-9d47-ad81a36dfdfe,82.92965,,,6.92623,,,,,,,1fa80f13-d93e-49a6-97f0-7762eeb242e9,2026-03-01,00:09:37.58,2026-02-28T18:09:37.5820000-06:00,2026-03-01T00:09:37.5820000Z,,v3,4806,471388,ae4075840dfa411e9b4d026302d1ad63,"Gustafson, Evan",1000308757,Right,NOR_BIS,005d0007-5a33-4c9a-a618-f0f6e559c784,54.37111,-121.71098,11.45409,5.16358,2.56678,-14.3637,-2.04066,5.32454,-5.08757,,,,,,,,,,,,,,,,,,,,,,,,,,,,,,,,,,,,,,,,,,,,,,,,,,,High,High,High,,,,,,,,,,,,,,,,,,,,,,,,,,,,,,,,,,,,,,,
154,2026-02-28,18:09:55.00,2,2,"Gluth, Braden",1000132157,Right,NOR_BIS,"Serna, Mateo",806219,Left,MIZ_TIG,Undefined,5,Bottom,0,0,1,Slider,Slider,BallCalled,Undefined,Undefined,Undefined,0,0,,74.06442,2.009909,0.510821,2129.287738,12.02139,6:30,5.47394,1.57746,5.78295,-49.66625,1.00449,-0.08996,3.20593,2.04524,68.55718,-7.104713,0.494701,0.51233,,,,,,,,,,,,0.17382,0.48591,-1.61952,50,5.60983,-0.95656,-107.64868,2.27186,0.20589,17.01738,-31.59842,MIZ_TIG,NOR_BIS,TaylorStadium,D1,SEC,20260228-TaylorStadium-2,fa35e530-1502-11f1-9d47-ad81a36dfdfe,73.5706,,,5.50724,,,,,,,1fa80f13-d93e-49a6-97f0-7762eeb242e9,2026-03-01,00:09:55.00,2026-02-28T18:09:55.0080000-06:00,2026-03-01T00:09:55.0080000Z,,v3,4806,471388,ae4075840dfa411e9b4d026302d1ad63,"Gustafson, Evan",1000308757,Right,NOR_BIS,84318e94-af29-44b7-b27d-7e81d5c7a16c,54.71729,-108.39184,8.50869,5.48049,3.65178,-15.79921,-1.57756,-0.96555,0.10294,,,,,,,,,,,,,,,,,,,,,,,,,,,,,,,,,,,,,,,,,,,,,,,,,,,High,High,High,,,,,,,,,,,,,,,,,,,,,,,,,,,,,,,,,,,,,,,
155,2026-02-28,18:10:15.36,2,3,"Gluth, Braden",1000132157,Right,NOR_BIS,"Serna, Mateo",806219,Left,MIZ_TIG,Undefined,5,Bottom,0,1,1,Sinker,Changeup,FoulBallNotFieldable,Undefined,Undefined,Undefined,0,0,,80.59579,0.473545,-3.714749,1861.563482,271.495897,3:00,5.27682,1.81819,6.19747,-41.57585,1.02358,11.96064,2.25026,-0.61919,73.92384,-7.226486,-1.559396,0.469757,103.39129,19.042981,39.183479,2923.187289,79.62184,30.05558,75.89585,287.21115,196.16102,52.456284,2.931453,-7.28516,0.74909,-1.54449,50,5.29141,7.16705,-116.97516,-0.29338,-10.08579,22.23403,-31.13698,MIZ_TIG,NOR_BIS,TaylorStadium,D1,SEC,20260228-TaylorStadium-2,06691070-1503-11f1-9d47-ad81a36dfdfe,80.23815,34.04268,,6.67195,,,,2.45332,2.50133,0.58011,1fa80f13-d93e-49a6-97f0-7762eeb242e9,2026-03-01,00:10:15.36,2026-02-28T18:10:15.3600000-06:00,2026-03-01T00:10:15.3600000Z,LineDrive,v3,4806,471388,ae4075840dfa411e9b4d026302d1ad63,"Gustafson, Evan",1000308757,Right,NOR_BIS,b3f084b5-3712-4601-8c8f-89cdd9a83b1c,54.30392,-117.79038,11.11701,5.28124,0.84828,-15.56849,-1.81406,7.53685,-5.04289,,2.4534,111.10477,-29.55936,6.93552,-1.54327,0.25301,-0.02375,-0.00073,0.00033,2.5013,49.47792,-22.1207,2.56522,-0.48533,0.10486,-0.02281,0.00401,-0.00035,0.58013,90.56331,-1.65,-2.49777,1.10757,-0.35497,0.08361,-0.01306,0.00093,,,,,,,,,,,,,,,,,,,,,,,High,High,High,High,Medium,,,,,,,,,,,,,,,,,,,,,,,,,,,,,,,,,,,,,
156,2026-02-28,18:10:45.41,2,4,"Gluth, Braden",1000132157,Right,NOR_BIS,"Serna, Mateo",806219,Left,MIZ_TIG,Undefined,5,Bottom,0,1,2,Slider,Changeup,InPlay,Undefined,LineDrive,Single,0,0,,74.72086,-0.001906,-1.052317,1504.104379,317.06749,4:30,5.83674,1.20653,6.19107,-53.3992,-4.03784,5.1537,1.38505,0.66433,69.10914,-9.826373,-0.119394,0.505667,84.06803,15.100548,14.93666,1135.116738,104.83167,16.50516,33.32097,194.6716,192.84179,21.007604,2.059149,-2.98421,-1.69933,-1.12987,50,5.80949,1.82586,-108.68203,-1.5363,-3.56676,19.17427,-34.2051,MIZ_TIG,NOR_BIS,TaylorStadium,D1,SEC,20260228-TaylorStadium-2,1847cd40-1503-11f1-9d47-ad81a36dfdfe,74.53998,16.56158,,5.61172,,,,1.97035,1.48798,-0.67563,1fa80f13-d93e-49a6-97f0-7762eeb242e9,2026-03-01,00:10:45.41,2026-02-28T18:10:45.4100000-06:00,2026-03-01T00:10:45.4100000Z,LineDrive,v3,4806,471388,ae4075840dfa411e9b4d026302d1ad63,"Gustafson, Evan",1000308757,Right,NOR_BIS,8dcad472-2151-4093-ac88-118c5fade11a,54.31102,-109.43996,9.58714,5.8435,-0.18423,-17.10255,-1.20483,1.96685,-1.78338,250.846475,1.97032,115.02194,-17.53249,2.93709,-0.74665,0.22925,-0.06276,0.00929,-0.0004,1.48798,32.12117,-18.46903,1.68007,-0.32653,0.06409,-0.00663,-6E-05,7E-05,-0.67552,30.67565,2.66429,-0.88152,0.6654,-0.50156,0.20877,-0.04218,0.00312,,,,,,,,,,,,,,,,,,,,,,,High,High,High,High,High,,,,,,,,,,,,,,,,,,,,,,,,,,,,,,,,,,,58.90317,18.15198,6.94326
157,2026-02-28,18:11:27.03,3,1,"Gluth, Braden",1000132157,Right,NOR_BIS,"Ward, Blaize",1000263242,Left,MIZ_TIG,Undefined,5,Bottom,0,0,0,Fastball,Changeup,InPlay,Undefined,GroundBall,Sacrifice,1,0,,84.51274,-0.446539,-3.0464,1969.413553,242.16784,2:00,5.18191,1.87992,6.41318,-30.18439,8.10863,13.12072,2.25541,0.16985,77.5572,-6.100818,-0.670636,0.445381,27.35744,-33.798885,33.392864,,,,,6.23216,6.23213,16.773724,0.105836,-7.73922,4.70055,-1.66796,50,5.13608,6.05903,-122.78965,-1.844,-11.83232,23.99369,-24.98751,MIZ_TIG,NOR_BIS,TaylorStadium,D1,SEC,20260228-TaylorStadium-2,30ffed40-1503-11f1-9d47-ad81a36dfdfe,84.62975,2.4171,,6.95554,,,,2.95226,2.4171,-0.18875,1fa80f13-d93e-49a6-97f0-7762eeb242e9,2026-03-01,00:11:27.03,2026-02-28T18:11:27.0390000-06:00,2026-03-01T00:11:27.0390000Z,GroundBall,v3,4806,471388,ae4075840dfa411e9b4d026302d1ad63,"Gustafson, Evan",1000308757,Right,NOR_BIS,b701e5b2-101b-4139-a810-d03328ff1780,54.08774,-123.58583,11.99684,5.18351,-1.01484,-12.49376,-1.87553,6.45166,-5.91616,,2.94126,28.48488,,,,,,,,2.42592,-22.83841,,,,,,,,-0.19601,18.77723,,,,,,,,,,,,,,,,,,,,,,,,,,,,,,High,High,High,Estimated,Estimated,,,,,,,,,,,,,,,,,,,,,,,,,,,,,,,,,,,,,
158,2026-02-28,18:12:14.77,4,1,"Gluth, Braden",1000132157,Right,NOR_BIS,"George, Jamal",805322,Right,MIZ_TIG,Undefined,5,Bottom,1,0,0,Sinker,Curveball,BallCalled,Undefined,Undefined,Undefined,0,0,,75.19373,-0.073661,-1.346676,2102.270853,72.738042,8:30,5.58521,1.53514,5.52955,-50.44542,-0.98512,-7.47059,1.31255,-0.34653,70.23239,-9.222519,-2.680649,0.506174,,,,,,,,,,,,3.4724,-0.09819,-1.41295,50,5.5447,2.84066,-109.35719,-1.75054,4.25527,17.12433,-32.29436,MIZ_TIG,NOR_BIS,TaylorStadium,D1,SEC,20260228-TaylorStadium-2,4d825bb0-1503-11f1-9d47-ad81a36dfdfe,74.46539,,,4.96134,,,,,,,1fa80f13-d93e-49a6-97f0-7762eeb242e9,2026-03-01,00:12:14.77,2026-02-28T18:12:14.7760000-06:00,2026-03-01T00:12:14.7760000Z,,v3,4806,471388,ae4075840dfa411e9b4d026302d1ad63,"Gustafson, Evan",1000308757,Right,NOR_BIS,af62b950-5a48-463d-a1dc-9bb57686a886,54.97281,-110.13313,8.56217,5.59086,-0.28721,-16.14718,-1.5373,2.64784,2.12763,,,,,,,,,,,,,,,,,,,,,,,,,,,,,,,,,,,,,,,,,,,,,,,,,,,High,High,High,,,,,,,,,,,,,,,,,,,,,,,,,,,,,,,,,,,,,,,
159,2026-02-28,18:12:33.02,4,2,"Gluth, Braden",1000132157,Right,NOR_BIS,"George, Jamal",805322,Right,MIZ_TIG,Undefined,5,Bottom,1,1,0,Slider,Curveball,InPlay,Undefined,GroundBall,Error,0,1,,73.20251,1.15116,-0.615567,2029.331701,59.595298,8:00,5.66266,1.45745,5.52033,-55.90416,-3.89799,-8.93087,2.0805,0.13765,68.53939,-8.983444,-2.210153,0.519038,93.24893,-7.954382,-23.730818,,,,,20.96752,20.50205,-21.970897,0.148316,4.41969,-1.91811,-1.39755,50,5.72454,1.45474,-106.52724,0.39925,5.15747,15.6405,-34.41235,MIZ_TIG,NOR_BIS,TaylorStadium,D1,SEC,20260228-TaylorStadium-2,585867f0-1503-11f1-9d47-ad81a36dfdfe,72.61985,2.42744,,4.66312,,,,1.62762,2.42744,-0.08156,1fa80f13-d93e-49a6-97f0-7762eeb242e9,2026-03-01,00:12:33.02,2026-02-28T18:12:33.0260000-06:00,2026-03-01T00:12:33.0260000Z,GroundBall,v3,4806,471388,ae4075840dfa411e9b4d026302d1ad63,"Gustafson, Evan",1000308757,Right,NOR_BIS,778803b1-71eb-4b8d-9fed-a6ba48c60d4e,54.98367,-107.25646,7.82025,5.66853,2.00367,-17.20618,-1.45977,1.21428,2.57873,186.223176,1.62849,123.91891,-25.62871,,,,,,,2.42565,-18.7658,16.33566,,,,,,,-0.08216,-54.45626,14.31028,,,,,,,,,,,,,,,,,,,,,,,,,,,,,High,High,High,Low,High,,,,,,,,,,,,,,,,,,,,,,,,,,,,,,,,,,,61.227,14.99667,-7.13654
160,2026-02-28,18:13:15.96,5,1,"Gluth, Braden",1000132157,Right,NOR_BIS,"Benson, Cameron",813272,Left,MIZ_TIG,Undefined,5,Bottom,1,0,0,Slider,Changeup,BallCalled,Undefined,Undefined,StolenBase,0,0,,73.44627,-0.284254,-2.891125,1203.438813,337.955387,5:15,5.7136,1.43363,5.9134,-55.16767,-3.42898,2.02614,0.85213,-1.08309,68.0419,-10.360138,-2.52692,0.517701,,,,,,,,,,,,-1.84221,-1.19406,-1.20279,50,5.65938,5.31672,-106.65263,-2.16771,-2.12242,18.29969,-33.54972,MIZ_TIG,NOR_BIS,TaylorStadium,D1,SEC,20260228-TaylorStadium-2,720daca0-1503-11f1-9d47-ad81a36dfdfe,72.80734,,,5.40438,,,,,,,1fa80f13-d93e-49a6-97f0-7762eeb242e9,2026-03-01,00:13:15.96,2026-02-28T18:13:15.9680000-06:00,2026-03-01T00:13:15.9680000Z,,v3,4806,471388,ae4075840dfa411e9b4d026302d1ad63,"Gustafson, Evan",1000308757,Right,NOR_BIS,3e59fae9-127c-40c9-a556-1b018d2cc9d5,54.58778,-107.43693,9.14984,5.72147,-0.72982,-16.77486,-1.43261,5.40768,-1.06121,,,,,,,,,,,,,,,,,,,,,,,,,,,,,,,,,,,,,,,,,,,,,,,,,,,High,High,High,,,,,,,,,,,,,,,,,,,,,,,,,,,,,,,,,,,,,,,
161,2026-02-28,18:13:42.07,5,2,"Gluth, Braden",1000132157,Right,NOR_BIS,"Benson, Cameron",813272,Left,MIZ_TIG,Undefined,5,Bottom,1,1,0,Slider,Curveball,StrikeCalled,Undefined,Undefined,Undefined,0,0,,73.90072,1.407935,-1.531808,2044.867681,355.725223,5:45,5.60067,1.49107,5.91746,-58.22145,-6.94579,0.64118,2.05624,0.12258,67.89484,-9.271658,-1.416494,0.515379,,,,,,,,,,,,-0.77654,-3.4589,-1.3687,50,5.68059,2.84803,-107.34261,0.87925,-0.90141,19.46391,-36.18924,MIZ_TIG,NOR_BIS,TaylorStadium,D1,SEC,20260228-TaylorStadium-2,819a6320-1503-11f1-9d47-ad81a36dfdfe,73.13535,,,6.00588,,,,,,,1fa80f13-d93e-49a6-97f0-7762eeb242e9,2026-03-01,00:13:42.07,2026-02-28T18:13:42.0740000-06:00,2026-03-01T00:13:42.0740000Z,,v3,4806,471388,ae4075840dfa411e9b4d026302d1ad63,"Gustafson, Evan",1000308757,Right,NOR_BIS,fc9283ca-daed-4682-9420-115e9f31b268,54.58375,-108.17057,9.73196,5.61045,2.41866,-18.09462,-1.49067,2.88637,-0.45071,,,,,,,,,,,,,,,,,,,,,,,,,,,,,,,,,,,,,,,,,,,,,,,,,,,High,High,High,,,,,,,,,,,,,,,,,,,,,,,,,,,,,,,,,,,,,,,
162,2026-02-28,18:14:01.45,5,3,"Gluth, Braden",1000132157,Right,NOR_BIS,"Benson, Cameron",813272,Left,MIZ_TIG,Undefined,5,Bottom,1,1,1,Slider,Splitter,BallCalled,Undefined,Undefined,Undefined,0,0,,73.46696,1.561206,0.430457,654.20614,121.103066,10:00,5.87434,1.29336,5.88439,-49.10762,3.15961,-2.27484,3.2322,1.50353,66.81914,-7.529754,0.021909,0.520339,,,,,,,,,,,,1.2839,1.74252,-1.32684,50,5.97266,-0.71859,-106.58597,1.45888,1.46179,20.07611,-30.19008,MIZ_TIG,NOR_BIS,TaylorStadium,D1,SEC,20260228-TaylorStadium-2,8d3286e0-1503-11f1-9d47-ad81a36dfdfe,72.43827,,,6.64782,,,,,,,1fa80f13-d93e-49a6-97f0-7762eeb242e9,2026-03-01,00:14:01.45,2026-02-28T18:14:01.4520000-06:00,2026-03-01T00:14:01.4520000Z,,v3,4806,471388,ae4075840dfa411e9b4d026302d1ad63,"Gustafson, Evan",1000308757,Right,NOR_BIS,e5205631-4066-44fa-9a80-7635c6e72602,54.61183,-107.45112,10.03805,5.88177,2.75989,-15.09504,-1.29452,-0.78158,0.73089,,,,,,,,,,,,,,,,,,,,,,,,,,,,,,,,,,,,,,,,,,,,,,,,,,,High,High,High,,,,,,,,,,,,,,,,,,,,,,,,,,,,,,,,,,,,,,,
163,2026-02-28,18:14:23.10,5,4,"Gluth, Braden",1000132157,Right,NOR_BIS,"Benson, Cameron",813272,Left,MIZ_TIG,Undefined,5,Bottom,1,2,1,Fastball,Changeup,BallCalled,Undefined,Undefined,Undefined,0,0,,84.66991,-1.639281,-3.456876,2000.21721,242.722632,2:00,5.29714,1.83766,6.33734,-31.15234,7.44851,11.95292,1.18864,-0.35293,77.31683,-7.45968,-1.295774,0.447167,,,,,,,,,,,,-7.24099,4.75055,-1.59113,50,5.16299,6.96643,-122.80373,-4.45829,-10.99416,25.62152,-24.96114,MIZ_TIG,NOR_BIS,TaylorStadium,D1,SEC,20260228-TaylorStadium-2,9a15c840-1503-11f1-9d47-ad81a36dfdfe,84.29161,,,7.35308,,,,,,,1fa80f13-d93e-49a6-97f0-7762eeb242e9,2026-03-01,00:14:23.10,2026-02-28T18:14:23.1070000-06:00,2026-03-01T00:14:23.1070000Z,,v3,4806,471388,ae4075840dfa411e9b4d026302d1ad63,"Gustafson, Evan",1000308757,Right,NOR_BIS,30400e18-0333-4aa3-b6d6-67bd61d11186,54.16157,-123.66894,12.81076,5.29931,-3.61537,-12.48057,-1.83265,7.33769,-5.49708,,,,,,,,,,,,,,,,,,,,,,,,,,,,,,,,,,,,,,,,,,,,,,,,,,,High,High,High,,,,,,,,,,,,,,,,,,,,,,,,,,,,,,,,,,,,,,,
164,2026-02-28,18:14:44.51,5,5,"Reimers, Easton",1000462253,Right,NOR_BIS,"Benson, Cameron",813272,Left,MIZ_TIG,Undefined,5,Bottom,1,3,1,Fastball,Changeup,BallCalled,Walk,Undefined,Undefined,0,0,,83.01572,-0.91574,-4.359226,1894.90469,244.147224,2:15,5.26607,1.81782,6.11971,-32.76411,8.1339,13.73489,1.68659,-1.07555,75.06474,-7.040606,-1.890936,0.46028,,,,,,,,,,,,-8.44178,4.93673,-1.4902,50,5.17894,8.62224,-120.15256,-2.928,-12.16781,26.32353,-25.05835,MIZ_TIG,NOR_BIS,TaylorStadium,D1,SEC,20260228-TaylorStadium-2,a6c8aad0-1503-11f1-9d47-ad81a36dfdfe,81.89017,,,7.95098,,,,,,,1fa80f13-d93e-49a6-97f0-7762eeb242e9,2026-03-01,00:14:44.51,2026-02-28T18:14:44.5190000-06:00,2026-03-01T00:14:44.5190000Z,,v3,4806,471388,ae4075840dfa411e9b4d026302d1ad63,"Gustafson, Evan",1000308757,Right,NOR_BIS,0d36ddc2-33fd-40c9-bf83-a5e75766f1e8,54.37727,-121.10775,13.16177,5.26869,-2.01871,-12.52917,-1.81108,9.06377,-6.0839,,,,,,,,,,,,,,,,,,,,,,,,,,,,,,,,,,,,,,,,,,,,,,,,,,,High,High,High,,,,,,,,,,,,,,,,,,,,,,,,,,,,,,,,,,,,,,,
165,2026-02-28,18:17:55.60,6,1,"Reimers, Easton",1000462253,Right,NOR_BIS,"Maisonet, Eric",835908,Left,MIZ_TIG,Undefined,5,Bottom,1,0,0,Fastball,Four-Seam,BallCalled,Undefined,Undefined,Undefined,0,0,,86.78162,-0.699729,0.26812,2120.364363,216.342387,1:15,5.76211,1.49632,5.7769,-21.50548,15.71934,10.7039,3.31886,2.6378,79.37623,-4.740888,2.185176,0.439124,,,,,,,,,,,,-5.34618,8.55516,-1.52477,50,5.69141,-1.04402,-126.04151,-2.20553,-8.60207,25.56661,-18.40868,MIZ_TIG,NOR_BIS,TaylorStadium,D1,SEC,20260228-TaylorStadium-2,18a699a0-1504-11f1-9d47-ad81a36dfdfe,85.83543,,,7.40539,,,,,,,1fa80f13-d93e-49a6-97f0-7762eeb242e9,2026-03-01,00:17:55.60,2026-02-28T18:17:55.6020000-06:00,2026-03-01T00:17:55.6020000Z,,v3,4806,471388,ae4075840dfa411e9b4d026302d1ad63,"Gustafson, Evan",1000308757,Right,NOR_BIS,46b307f1-a738-4d07-9fd0-49ea36e6da1e,54.72039,-126.9954,12.7833,5.76088,-1.51871,-9.20434,-1.49181,-0.72307,-4.30103,,,,,,,,,,,,,,,,,,,,,,,,,,,,,,,,,,,,,,,,,,,,,,,,,,,High,High,High,,,,,,,,,,,,,,,,,,,,,,,,,,,,,,,,,,,,,,,
166,2026-02-28,18:18:12.71,6,2,"Reimers, Easton",1000462253,Right,NOR_BIS,"Maisonet, Eric",835908,Left,MIZ_TIG,Undefined,5,Bottom,1,1,0,Fastball,Four-Seam,BallCalled,Undefined,Undefined,Undefined,0,0,,86.68188,-2.288068,-1.299502,2198.419194,225.496855,1:30,5.63125,1.39819,5.93707,-23.36029,13.66717,12.74068,1.56025,1.25416,79.692,-6.649248,0.990741,0.437959,,,,,,,,,,,,-6.84819,7.97941,-1.30147,50,5.4354,2.32982,-125.86299,-5.75925,-11.0231,24.72194,-19.33007,MIZ_TIG,NOR_BIS,TaylorStadium,D1,SEC,20260228-TaylorStadium-2,22c75fa0-1504-11f1-9d47-ad81a36dfdfe,86.06385,,,6.98988,,,,,,,1fa80f13-d93e-49a6-97f0-7762eeb242e9,2026-03-01,00:18:12.71,2026-02-28T18:18:12.7120000-06:00,2026-03-01T00:18:12.7120000Z,,v3,4806,471388,ae4075840dfa411e9b4d026302d1ad63,"Gustafson, Evan",1000308757,Right,NOR_BIS,f53a9d97-40ed-4470-8b08-d9fcd31bf53b,54.56129,-126.75575,12.36097,5.63077,-5.0612,-9.66503,-1.39279,2.72788,-5.51155,,,,,,,,,,,,,,,,,,,,,,,,,,,,,,,,,,,,,,,,,,,,,,,,,,,High,High,High,,,,,,,,,,,,,,,,,,,,,,,,,,,,,,,,,,,,,,,
167,2026-02-28,18:18:36.96,6,3,"Reimers, Easton",1000462253,Right,NOR_BIS,"Maisonet, Eric",835908,Left,MIZ_TIG,Undefined,5,Bottom,1,2,0,Fastball,Four-Seam,InPlay,Undefined,FlyBall,Out,1,0,,86.65099,-2.139065,-0.988484,2199.477839,201.910174,12:45,5.69865,1.14589,5.94923,-18.29899,18.88257,7.1102,2.18856,0.82151,79.19867,-5.613555,0.289266,0.438869,80.78089,51.961953,2.801423,,109.86556,116.77251,5.43485,200.06265,102.14714,3.238037,5.558113,-3.94319,10.67193,-1.07131,50,5.51817,1.88452,-125.80007,-5.2188,-6.3089,25.90195,-15.09955,MIZ_TIG,NOR_BIS,TaylorStadium,D1,SEC,20260228-TaylorStadium-2,313efca0-1504-11f1-9d47-ad81a36dfdfe,85.88536,117.75153,,7.45233,,,,1.2511,2.25126,-0.82733,1fa80f13-d93e-49a6-97f0-7762eeb242e9,2026-03-01,00:18:36.96,2026-02-28T18:18:36.9610000-06:00,2026-03-01T00:18:36.9610000Z,FlyBall,v3,4806,471388,ae4075840dfa411e9b4d026302d1ad63,"Gustafson, Evan",1000308757,Right,NOR_BIS,8f6c31e4-568d-4597-b163-624cb62bbab5,54.54965,-126.73337,12.95098,5.69641,-4.67473,-7.54978,-1.14331,2.11184,-3.15445,180.987917,1.25616,72.81532,-20.28423,5.42298,-0.89167,0.06325,0.00456,-0.00102,4E-05,2.25203,93.2881,-21.60239,0.9605,0.35757,-0.23671,0.06368,-0.00836,0.00043,-0.8271,3.5638,-0.63733,0.13436,-0.01323,-0.00129,0.00049,-4E-05,0,,,,,,,,,,,,,,,,,,,,,,,High,High,High,Medium,Low,,,,,,,,,,,,,,,,,,,,,,,,,,,,,,,,,,,68.8218,20.19892,14.18071
168,2026-02-28,18:19:22.37,7,1,"Reimers, Easton",1000462253,Right,NOR_BIS,"Parker, Sam",806179,Left,MIZ_TIG,Undefined,5,Bottom,2,0,0,ChangeUp,Changeup,StrikeCalled,Undefined,Undefined,Undefined,0,0,,81.56377,-0.653073,-2.518624,1718.517695,244.231968,2:15,5.14274,1.57382,6.57582,-32.75982,7.81016,13.75698,1.81358,0.4103,75.4391,-6.781983,-0.017485,0.458431,,,,,,,,,,,,-7.87945,4.6417,-1.40623,50,5.08407,4.743,-118.63879,-2.26511,-11.32355,20.93138,-25.50347,MIZ_TIG,NOR_BIS,TaylorStadium,D1,SEC,20260228-TaylorStadium-2,4c533510-1504-11f1-9d47-ad81a36dfdfe,82.22059,,,6.12468,,,,,,,1fa80f13-d93e-49a6-97f0-7762eeb242e9,2026-03-01,00:19:22.37,2026-02-28T18:19:22.3720000-06:00,2026-03-01T00:19:22.3720000Z,,v3,4806,471388,ae4075840dfa411e9b4d026302d1ad63,"Gustafson, Evan",1000308757,Right,NOR_BIS,a8ece408-4e0e-4132-a41d-eda326177a82,53.92498,-119.32926,10.46569,5.14491,-1.42382,-12.75174,-1.56886,5.11653,-5.66178,,,,,,,,,,,,,,,,,,,,,,,,,,,,,,,,,,,,,,,,,,,,,,,,,,,High,High,High,,,,,,,,,,,,,,,,,,,,,,,,,,,,,,,,,,,,,,,
169,2026-02-28,18:19:39.13,7,2,"Reimers, Easton",1000462253,Right,NOR_BIS,"Parker, Sam",806179,Left,MIZ_TIG,Undefined,5,Bottom,2,0,1,Fastball,Four-Seam,BallCalled,Undefined,Undefined,Undefined,0,0,,87.70596,-2.379437,-0.068555,2209.325656,204.016128,12:45,5.72298,1.29895,5.75656,-18.14029,18.32068,7.65142,1.99511,1.87275,80.41246,-5.799843,1.301712,0.434596,,,,,,,,,,,,-3.91945,10.33788,-1.29799,50,5.51464,-0.16932,-127.32031,-5.83518,-6.44525,25.70108,-15.17422,MIZ_TIG,NOR_BIS,TaylorStadium,D1,SEC,20260228-TaylorStadium-2,56592010-1504-11f1-9d47-ad81a36dfdfe,86.72988,,,7.2935,,,,,,,1fa80f13-d93e-49a6-97f0-7762eeb242e9,2026-03-01,00:19:39.13,2026-02-28T18:19:39.1390000-06:00,2026-03-01T00:19:39.1390000Z,,v3,4806,471388,ae4075840dfa411e9b4d026302d1ad63,"Gustafson, Evan",1000308757,Right,NOR_BIS,c55a83e1-c205-4c36-9d9a-a24e5a893faa,54.74202,-128.27397,12.85054,5.72071,-5.27213,-7.58711,-1.29614,0.06983,-3.22262,,,,,,,,,,,,,,,,,,,,,,,,,,,,,,,,,,,,,,,,,,,,,,,,,,,High,High,High,,,,,,,,,,,,,,,,,,,,,,,,,,,,,,,,,,,,,,,
170,2026-02-28,18:19:58.04,7,3,"Reimers, Easton",1000462253,Right,NOR_BIS,"Parker, Sam",806179,Left,MIZ_TIG,Undefined,5,Bottom,2,1,1,ChangeUp,Changeup,BallCalled,Undefined,Undefined,Undefined,0,0,,83.34225,-3.286229,-3.496661,1677.444623,240.720211,2:00,5.33756,1.33849,6.31454,-30.1638,9.76347,15.03469,-0.21205,-0.63344,76.35966,-8.904836,-0.777516,0.454785,,,,,,,,,,,,-8.94146,6.42422,-1.0896,50,5.08188,6.83913,-120.76394,-7.82489,-13.13546,24.66658,-22.73656,MIZ_TIG,NOR_BIS,TaylorStadium,D1,SEC,20260228-TaylorStadium-2,618f74c0-1504-11f1-9d47-ad81a36dfdfe,82.87967,,,6.98259,,,,,,,1fa80f13-d93e-49a6-97f0-7762eeb242e9,2026-03-01,00:19:58.04,2026-02-28T18:19:58.0420000-06:00,2026-03-01T00:19:58.0420000Z,,v3,4806,471388,ae4075840dfa411e9b4d026302d1ad63,"Gustafson, Evan",1000308757,Right,NOR_BIS,c2191b11-dd83-4ac0-ac81-ee573e072e37,54.18633,-121.61601,12.33329,5.33862,-7.03949,-11.36828,-1.33369,7.29287,-6.56773,,,,,,,,,,,,,,,,,,,,,,,,,,,,,,,,,,,,,,,,,,,,,,,,,,,High,High,High,,,,,,,,,,,,,,,,,,,,,,,,,,,,,,,,,,,,,,,
171,2026-02-28,18:20:21.73,7,4,"Reimers, Easton",1000462253,Right,NOR_BIS,"Parker, Sam",806179,Left,MIZ_TIG,Undefined,5,Bottom,2,2,1,Fastball,Four-Seam,BallCalled,Undefined,Undefined,Undefined,0,0,,87.94437,-1.622273,-0.609291,2238.090589,220.036739,1:15,5.64934,1.03312,5.95753,-21.56698,14.39768,11.15323,2.3472,1.39751,80.62949,-5.671263,1.395972,0.431628,,,,,,,,,,,,-5.87146,8.17741,-0.99082,50,5.50838,0.89478,-127.75382,-4.28516,-9.71794,25.95536,-18.63953,MIZ_TIG,NOR_BIS,TaylorStadium,D1,SEC,20260228-TaylorStadium-2,6fb03f30-1504-11f1-9d47-ad81a36dfdfe,87.32625,,,7.31489,,,,,,,1fa80f13-d93e-49a6-97f0-7762eeb242e9,2026-03-01,00:20:21.73,2026-02-28T18:20:21.7330000-06:00,2026-03-01T00:20:21.7330000Z,,v3,4806,471388,ae4075840dfa411e9b4d026302d1ad63,"Gustafson, Evan",1000308757,Right,NOR_BIS,ca7c1cf8-4190-44a3-98b4-bc3b4df44ea7,54.54079,-128.67306,12.97768,5.64845,-3.62503,-9.31976,-1.0286,1.23895,-4.85897,,,,,,,,,,,,,,,,,,,,,,,,,,,,,,,,,,,,,,,,,,,,,,,,,,,High,High,High,,,,,,,,,,,,,,,,,,,,,,,,,,,,,,,,,,,,,,,
172,2026-02-28,18:20:43.15,7,5,"Reimers, Easton",1000462253,Right,NOR_BIS,"Parker, Sam",806179,Left,MIZ_TIG,Undefined,5,Bottom,2,3,1,Fastball,Four-Seam,FoulBallNotFieldable,Undefined,Undefined,Undefined,0,0,,86.7996,-1.825209,-2.616838,2239.573112,204.507648,12:45,5.61278,1.15903,5.94403,-20.16037,16.70879,7.1067,2.23738,-0.67776,79.81755,-5.618037,-1.341628,0.437022,85.72628,19.431764,51.280942,3422.116864,63.23044,27.9315,90.01044,253.31601,151.68381,63.194567,2.823374,-4.38469,9.42906,-0.95469,50,5.4559,5.48181,-126.03168,-4.62609,-7.08679,24.44557,-16.93425,MIZ_TIG,NOR_BIS,TaylorStadium,D1,SEC,20260228-TaylorStadium-2,7c832ce0-1504-11f1-9d47-ad81a36dfdfe,86.24844,29.25833,,6.98205,,,,4.04876,2.61803,0.62917,1fa80f13-d93e-49a6-97f0-7762eeb242e9,2026-03-01,00:20:43.15,2026-02-28T18:20:43.1590000-06:00,2026-03-01T00:20:43.1590000Z,LineDrive,v3,4806,471388,ae4075840dfa411e9b4d026302d1ad63,"Gustafson, Evan",1000308757,Right,NOR_BIS,f8f7cf1e-9c5e-41d6-88bb-49ef24bc1fdb,54.55689,-126.91247,12.22279,5.61159,-4.01593,-8.46713,-1.1568,5.73715,-3.5434,,4.0488,74.16356,-19.18933,3.90577,-0.73581,0.04284,0.03138,-0.01098,0.00117,2.61801,41.82999,-17.89862,1.39483,-0.27967,0.09329,-0.03102,0.00702,-0.00068,0.62919,92.50991,-5.14556,0.15016,0.08673,-0.02467,-0.00115,0.00152,-0.00019,,,,,,,,,,,,,,,,,,,,,,,High,High,High,High,Medium,,,,,,,,,,,,,,,,,,,,,,,,,,,,,,,,,,,,,
173,2026-02-28,18:21:12.40,7,6,"Reimers, Easton",1000462253,Right,NOR_BIS,"Parker, Sam",806179,Left,MIZ_TIG,Undefined,5,Bottom,2,3,2,Fastball,Four-Seam,StrikeCalled,Strikeout,Undefined,Undefined,0,0,,88.08124,-1.891992,-1.242149,2131.884822,212.108386,1:00,5.50453,1.38868,6.03904,-22.20812,13.29918,7.69764,1.90098,0.87984,81.34603,-6.042556,0.143913,0.428874,,,,,,,,,,,,-4.2863,7.6576,-1.29594,50,5.34479,2.46608,-128.02819,-4.92316,-7.17737,24.23759,-19.35141,MIZ_TIG,NOR_BIS,TaylorStadium,D1,SEC,20260228-TaylorStadium-2,8de16f10-1504-11f1-9d47-ad81a36dfdfe,87.8869,,,6.73521,,,,,,,1fa80f13-d93e-49a6-97f0-7762eeb242e9,2026-03-01,00:21:12.40,2026-02-28T18:21:12.4010000-06:00,2026-03-01T00:21:12.4010000Z,,v3,4806,471388,ae4075840dfa411e9b4d026302d1ad63,"Gustafson, Evan",1000308757,Right,NOR_BIS,e950312d-6aa7-48fe-a656-8cbc68fd581b,54.4608,-128.86991,12.11879,5.50409,-4.25113,-9.67571,-1.38591,2.71533,-3.58869,,,,,,,,,,,,,,,,,,,,,,,,,,,,,,,,,,,,,,,,,,,,,,,,,,,High,High,High,,,,,,,,,,,,,,,,,,,,,,,,,,,,,,,,,,,,,,,
174,2026-02-28,18:21:22.40,1,1,"Kehlenbrink, Brady",815650,Left,MIZ_TIG,"Corbin, Caleb",1000136863,Right,NOR_BIS,Undefined,6,Top,0,0,0,Fastball,,InPlay,Undefined,GroundBall,Single,0,0,,,,,,,,,,,,,,,,,,,,,,,,,,,,,,,,,,,,,,,,,,MIZ_TIG,NOR_BIS,TaylorStadium,D1,SEC,20260228-TaylorStadium-2,f58cbd90-1504-11f1-9d47-ad81a36dfdfe,,,,,,,,,,,1fa80f13-d93e-49a6-97f0-7762eeb242e9,2026-03-01,00:21:22.40,2026-02-28T18:21:22.4010000-06:00,2026-03-01T00:21:22.4010000Z,,v3,4806,471388,ae4075840dfa411e9b4d026302d1ad63,"Serna, Mateo",806219,Right,MIZ_TIG,be42ff81-b33f-49d2-85ef-29efd8a3fb2c,,,,,,,,,,,,,,,,,,,,,,,,,,,,,,,,,,,,,,,,,,,,,,,,,,,,,,,,,,,,,,,,,,,,,,,,,,,,,,,,,,,,,,,,,,,,,,,,,,,,,
175,2026-02-28,18:24:26.50,2,1,"Kehlenbrink, Brady",815650,Left,MIZ_TIG,"Becker, Colten",1000192822,Left,NOR_BIS,Undefined,6,Top,0,0,0,Fastball,Four-Seam,BallCalled,Undefined,Undefined,Undefined,0,0,,87.57715,-0.248334,1.682631,2134.039173,162.054418,11:30,5.59023,-1.47201,6.21998,-18.03245,17.8569,-5.42425,3.85827,-0.37092,80.11019,-3.693547,0.703699,0.431176,,,,,,,,,,,,3.24693,9.64075,1.34855,50,5.56235,-3.5182,-127.25222,-1.03669,5.33544,25.58998,-16.33213,MIZ_TIG,NOR_BIS,TaylorStadium,D1,SEC,20260228-TaylorStadium-2,019d6cb0-1505-11f1-9d47-ad81a36dfdfe,87.41783,,,7.46696,,,,,,,1fa80f13-d93e-49a6-97f0-7762eeb242e9,2026-03-01,00:24:26.50,2026-02-28T18:24:26.5000000-06:00,2026-03-01T00:24:26.5000000Z,,v3,4806,471388,ae4075840dfa411e9b4d026302d1ad63,"Serna, Mateo",806219,Right,MIZ_TIG,6255d2dd-a9d7-438a-890b-51677e92f99d,54.27718,-128.10946,12.79499,5.58791,-0.48958,-8.16606,1.4694,-3.69694,2.66772,,,,,,,,,,,,,,,,,,,,,,,,,,,,,,,,,,,,,,,,,,,,,,,,,,,High,High,High,,,,,,,,,,,,,,,,,,,,,,,,,,,,,,,,,,,,,,,
176,2026-02-28,18:25:24.69,2,2,"Kehlenbrink, Brady",815650,Left,MIZ_TIG,"Becker, Colten",1000192822,Left,NOR_BIS,Undefined,6,Top,0,1,0,Fastball,Four-Seam,BallCalled,Undefined,Undefined,Undefined,0,0,,87.59753,-0.602931,2.621216,2241.076778,152.820155,11:00,5.55981,-1.60103,6.55522,-15.92084,19.9306,-9.59717,3.67964,0.00431,79.22626,-3.710204,0.879638,0.430948,,,,,,,,,,,,5.78532,10.9643,1.42349,50,5.51083,-5.44112,-127.13046,-1.69313,9.37412,28.47933,-14.40823,MIZ_TIG,NOR_BIS,TaylorStadium,D1,SEC,20260228-TaylorStadium-2,244ad5e0-1505-11f1-9d47-ad81a36dfdfe,87.46402,,,8.37127,,,,,,,1fa80f13-d93e-49a6-97f0-7762eeb242e9,2026-03-01,00:25:24.69,2026-02-28T18:25:24.6950000-06:00,2026-03-01T00:25:24.6950000Z,,v3,4806,471388,ae4075840dfa411e9b4d026302d1ad63,"Serna, Mateo",806219,Right,MIZ_TIG,370105d8-84d6-41dd-bca7-7fe0328f42ca,53.94052,-128.01016,14.23967,5.55625,-1.24808,-7.20412,1.59603,-5.73068,4.68706,,,,,,,,,,,,,,,,,,,,,,,,,,,,,,,,,,,,,,,,,,,,,,,,,,,High,High,High,,,,,,,,,,,,,,,,,,,,,,,,,,,,,,,,,,,,,,,
177,2026-02-28,18:25:44.94,2,3,"Kehlenbrink, Brady",815650,Left,MIZ_TIG,"Becker, Colten",1000192822,Left,NOR_BIS,Undefined,6,Top,0,2,0,Fastball,Four-Seam,BallCalled,Undefined,Undefined,Undefined,0,0,,86.2743,-0.83773,3.374672,2130.127518,151.387243,11:00,5.50677,-1.41437,6.45881,-19.99162,16.56418,-8.44406,3.06988,0.9855,79.34859,-4.639567,1.8467,0.435161,,,,,,,,,,,,5.26051,9.20914,1.17901,50,5.4382,-7.06632,-125.30115,-2.36391,8.42373,23.60498,-17.42731,MIZ_TIG,NOR_BIS,TaylorStadium,D1,SEC,20260228-TaylorStadium-2,30701e70-1505-11f1-9d47-ad81a36dfdfe,86.61732,,,6.92572,,,,,,,1fa80f13-d93e-49a6-97f0-7762eeb242e9,2026-03-01,00:25:44.94,2026-02-28T18:25:44.9450000-06:00,2026-03-01T00:25:44.9450000Z,,v3,4806,471388,ae4075840dfa411e9b4d026302d1ad63,"Serna, Mateo",806219,Right,MIZ_TIG,a12a2c46-eb34-4080-a442-646ee595d118,54.03962,-126.05986,11.80249,5.50517,-1.80376,-8.71365,1.41049,-7.33707,4.21186,,,,,,,,,,,,,,,,,,,,,,,,,,,,,,,,,,,,,,,,,,,,,,,,,,,High,High,High,,,,,,,,,,,,,,,,,,,,,,,,,,,,,,,,,,,,,,,
178,2026-02-28,18:26:04.61,2,4,"Kehlenbrink, Brady",815650,Left,MIZ_TIG,"Becker, Colten",1000192822,Left,NOR_BIS,Undefined,6,Top,0,3,0,Fastball,Four-Seam,InPlay,Undefined,FlyBall,Double,0,0,,88.34414,-2.247749,3.368687,2155.595281,152.207206,11:00,5.47157,-1.56793,6.58993,-15.37599,20.01107,-9.87532,2.12599,0.69944,79.78232,-5.251603,1.577136,0.428148,99.86789,33.305673,-11.741862,3958.08306,105.29388,73.92097,-31.83067,300.78096,167.73026,-25.198011,5.602371,6.25827,11.60032,1.3411,50,5.31081,-7.15828,-128.04771,-5.37967,10.25007,29.77649,-13.17462,MIZ_TIG,NOR_BIS,TaylorStadium,D1,SEC,20260228-TaylorStadium-2,3c12f090-1505-11f1-9d47-ad81a36dfdfe,88.03602,101.91746,,8.56182,,,,1.57471,2.18735,-0.6887,1fa80f13-d93e-49a6-97f0-7762eeb242e9,2026-03-01,00:26:04.61,2026-02-28T18:26:04.6150000-06:00,2026-03-01T00:26:04.6150000Z,FlyBall,v3,4806,471388,ae4075840dfa411e9b4d026302d1ad63,"Serna, Mateo",806219,Right,MIZ_TIG,7214ea27-c918-45c0-9de2-ac36f1df76de,53.90761,-128.95319,14.88824,5.46831,-4.97904,-6.58731,1.56352,-7.46998,5.12503,156.392648,1.58279,119.69031,-36.10642,9.37828,-1.63708,0.12889,0.01088,-0.00293,0.00016,2.18005,80.55605,-16.74417,-0.534,0.53796,-0.16343,0.03454,-0.00424,0.00021,-0.68653,-24.95814,-2.8529,2.00521,-0.58949,0.10178,-0.00972,0.00042,-0,,,,,,,,,,,,,,,,,,,,,,,High,High,High,High,Low,,,,,,,,,,,,,,,,,,,,,,,,,,,,,,,,,,,80.55738,21.57782,0.39703
179,2026-02-28,18:27:57.54,3,1,"Kehlenbrink, Brady",815650,Left,MIZ_TIG,"Smith, Dante",10083909,Left,NOR_BIS,Undefined,6,Top,0,0,0,Cutter,Slider,BallCalled,Undefined,Undefined,Undefined,0,0,,78.33255,-0.067319,0.176758,2167.446697,206.991459,1:00,5.48187,-1.68696,5.83825,-39.9066,5.70701,2.1737,2.09375,-1.34153,71.89678,-7.434787,0.567022,0.486092,,,,,,,,,,,,-1.05776,3.39307,1.67129,50,5.45306,-0.4328,-113.79418,-1.37359,-1.3854,21.10318,-27.73001,MIZ_TIG,NOR_BIS,TaylorStadium,D1,SEC,20260228-TaylorStadium-2,7f6fd010-1505-11f1-9d47-ad81a36dfdfe,77.54176,,,6.43577,,,,,,,1fa80f13-d93e-49a6-97f0-7762eeb242e9,2026-03-01,00:27:57.54,2026-02-28T18:27:57.5400000-06:00,2026-03-01T00:27:57.5400000Z,,v3,4806,471388,ae4075840dfa411e9b4d026302d1ad63,"Serna, Mateo",806219,Right,MIZ_TIG,3ab4f86f-5d94-4ff4-ad43-969f9ca6f275,54.65986,-114.6551,10.55159,5.48602,-0.24233,-13.86501,1.68779,-0.37628,-0.6927,,,,,,,,,,,,,,,,,,,,,,,,,,,,,,,,,,,,,,,,,,,,,,,,,,,High,High,High,,,,,,,,,,,,,,,,,,,,,,,,,,,,,,,,,,,,,,,
180,2026-02-28,18:28:15.38,3,2,"Kehlenbrink, Brady",815650,Left,MIZ_TIG,"Smith, Dante",10083909,Left,NOR_BIS,Undefined,6,Top,0,1,0,Fastball,Four-Seam,InPlay,Undefined,LineDrive,Double,0,2,,88.42671,-1.387984,1.883058,2212.250628,153.127539,11:00,5.51277,-1.52932,6.39243,-16.08028,19.33678,-9.17032,2.89521,-0.56094,79.98791,-4.509202,0.222476,0.428329,80.41451,13.063554,-30.481948,4212.647555,88.17526,11.03339,-65.76507,154.1247,141.83023,-39.809335,1.725909,5.36674,10.87977,1.398,50,5.40543,-3.85738,-128.35227,-3.50407,8.84992,29.41723,-14.23295,MIZ_TIG,NOR_BIS,TaylorStadium,D1,SEC,20260228-TaylorStadium-2,8a146c10-1505-11f1-9d47-ad81a36dfdfe,87.99874,12.91286,,8.4388,,,,0.52539,2.83248,0.59698,1fa80f13-d93e-49a6-97f0-7762eeb242e9,2026-03-01,00:28:15.38,2026-02-28T18:28:15.3800000-06:00,2026-03-01T00:28:15.3800000Z,LineDrive,v3,4806,471388,ae4075840dfa411e9b4d026302d1ad63,"Serna, Mateo",806219,Right,MIZ_TIG,fa5370eb-cb1f-4174-8345-c64cec1049a9,54.10502,-129.28969,14.70862,5.50986,-3.05052,-7.11648,1.52541,-4.13939,4.42496,102.555456,0.52539,99.01018,-23.1424,4.27531,-0.88169,0.14726,-0.02269,0.0027,-0.00015,2.83248,26.65842,-18.86436,1.8444,-0.32695,0.06409,-0.01004,0.00137,-0.00012,0.59698,-58.27881,-1.91878,2.23387,-0.75919,0.20676,-0.04367,0.00671,-0.0005,,,,,,,,,,,,,,,,,,,,,,,High,High,High,High,High,,,,,,,,,,,,,,,,,,,,,,,,,,,,,,,,,,,69.18395,10.28931,-14.80129
181,2026-02-28,18:29:08.97,4,1,"Kehlenbrink, Brady",815650,Left,MIZ_TIG,"Gordon, Noah",10065560,Right,NOR_BIS,Undefined,6,Top,0,0,0,Cutter,Slider,InPlay,Undefined,Bunt,Single,0,0,,78.49768,0.595796,0.780217,2247.431305,220.34426,1:15,5.40065,-1.92642,5.74319,-41.40298,4.0815,2.28185,2.50521,-1.00977,72.15447,-7.026083,1.188928,0.485404,,,,,,,,,,,,-0.95634,2.2948,1.86009,50,5.42462,-1.63769,-114.06097,-0.11948,-1.26087,20.82549,-29.14851,MIZ_TIG,NOR_BIS,TaylorStadium,D1,SEC,20260228-TaylorStadium-2,aa04b110-1505-11f1-9d47-ad81a36dfdfe,77.65176,,,6.34321,,,,,,,1fa80f13-d93e-49a6-97f0-7762eeb242e9,2026-03-01,00:29:08.97,2026-02-28T18:29:08.9730000-06:00,2026-03-01T00:29:08.9730000Z,,v3,4806,471388,ae4075840dfa411e9b4d026302d1ad63,"Serna, Mateo",806219,Right,MIZ_TIG,deb45153-0ade-4f57-a438-44c7e39545db,54.75719,-114.92627,10.41274,5.40442,1.09164,-14.57426,1.92704,-1.58531,-0.63043,,,,,,,,,,,,,,,,,,,,,,,,,,,,,,,,,,,,,,,,,,,,,,,,,,,High,High,High,,,,,,,,,,,,,,,,,,,,,,,,,,,,,,,,,,,,,,,
182,2026-02-28,18:31:48.94,5,1,"Kehlenbrink, Brady",815650,Left,MIZ_TIG,"Gustafson, Evan",1000308757,Left,NOR_BIS,Undefined,6,Top,0,0,0,Fastball,Four-Seam,FoulBallNotFieldable,Undefined,Undefined,Undefined,0,0,,87.67615,-1.424255,2.236761,2194.63771,170.41179,11:45,5.55639,-1.48967,6.70933,-16.39985,18.9558,-3.00701,2.88639,0.30568,79.90781,-4.603982,1.689342,0.427958,70.48598,27.791648,-158.440227,3214.934519,-105.56678,27.53861,-30.91268,179.50335,52.24026,-166.993545,2.399821,2.23906,10.77674,1.34239,50,5.45503,-4.86419,-127.3791,-3.54709,3.66277,27.2298,-14.5448,MIZ_TIG,NOR_BIS,TaylorStadium,D1,SEC,20260228-TaylorStadium-2,0964bce0-1506-11f1-9d47-ad81a36dfdfe,88.07515,28.54467,,7.76835,,,,1.14139,2.71659,-0.1897,1fa80f13-d93e-49a6-97f0-7762eeb242e9,2026-03-01,00:31:48.94,2026-02-28T18:31:48.9420000-06:00,2026-03-01T00:31:48.9420000Z,FlyBall,v3,4806,471388,ae4075840dfa411e9b4d026302d1ad63,"Serna, Mateo",806219,Right,MIZ_TIG,538cdf16-cfcf-4769-b1d0-254d433e2b5d,53.78899,-128.18652,13.6149,5.55381,-3.11581,-7.2724,1.48823,-4.9728,1.83138,53.750883,1.14136,-85.05362,4.52655,0.25356,-0.10802,0.02803,-0.00575,0.00439,-0.00096,2.71654,48.20374,-24.92106,2.70338,-0.5104,0.05269,0.01164,-0.00537,0.00067,-0.18961,-33.6117,10.34068,-2.1529,0.38671,0.0248,-0.05275,0.01909,-0.00256,,,,,,,,,,,,,,,,,,,,,,,High,High,High,High,Low,,,,,,,,,,,,,,,,,,,,,,,,,,,,,,,,,,,79.09996,5.39689,-4.11031
183,2026-02-28,18:32:11.39,5,2,"Kehlenbrink, Brady",815650,Left,MIZ_TIG,"Gustafson, Evan",1000308757,Left,NOR_BIS,Undefined,6,Top,0,0,1,Curveball,Curveball,BallCalled,Undefined,Undefined,StolenBase,0,0,,72.37102,-0.194787,2.915862,2312.183801,349.567249,5:45,5.46578,-1.5216,5.79115,-67.45972,-13.60296,2.81583,-0.33729,1.42786,67.09387,-12.416099,3.421927,0.528192,,,,,,,,,,,,-0.58189,-6.59843,1.27962,50,5.4084,-5.44603,-105.08565,-2.37117,-0.64566,19.0962,-39.49537,MIZ_TIG,NOR_BIS,TaylorStadium,D1,SEC,20260228-TaylorStadium-2,16b7fe20-1506-11f1-9d47-ad81a36dfdfe,71.3613,,,5.27715,,,,,,,1fa80f13-d93e-49a6-97f0-7762eeb242e9,2026-03-01,00:32:11.39,2026-02-28T18:32:11.3930000-06:00,2026-03-01T00:32:11.3930000Z,,v3,4806,471388,ae4075840dfa411e9b4d026302d1ad63,"Serna, Mateo",806219,Right,MIZ_TIG,5d6b40df-6ae5-4540-b906-c6c13a85d3de,54.71337,-105.9387,9.5481,5.47492,-0.60686,-19.74769,1.52226,-5.41719,-0.32283,,,,,,,,,,,,,,,,,,,,,,,,,,,,,,,,,,,,,,,,,,,,,,,,,,,High,High,High,,,,,,,,,,,,,,,,,,,,,,,,,,,,,,,,,,,,,,,
184,2026-02-28,18:32:39.06,5,3,"Kehlenbrink, Brady",815650,Left,MIZ_TIG,"Gustafson, Evan",1000308757,Left,NOR_BIS,Undefined,6,Top,0,1,1,Cutter,Slider,StrikeSwinging,Undefined,Undefined,Undefined,0,0,,77.44405,0.584561,2.410218,2222.191716,284.986279,3:30,5.46724,-1.68344,5.63827,-46.59711,0.50146,3.61158,2.12999,0.86738,71.17944,-7.943502,3.055103,0.493941,,,,,,,,,,,,-1.15189,0.54547,1.47616,50,5.48723,-4.86741,-112.39427,-0.35752,-1.4716,20.60851,-31.47718,MIZ_TIG,NOR_BIS,TaylorStadium,D1,SEC,20260228-TaylorStadium-2,2766c670-1506-11f1-9d47-ad81a36dfdfe,76.30956,,,6.26461,,,,,,,1fa80f13-d93e-49a6-97f0-7762eeb242e9,2026-03-01,00:32:39.06,2026-02-28T18:32:39.0630000-06:00,2026-03-01T00:32:39.0630000Z,,v3,4806,471388,ae4075840dfa411e9b4d026302d1ad63,"Serna, Mateo",806219,Right,MIZ_TIG,050eebc6-e8f5-4994-a8b1-0f34d948d8dc,54.86121,-113.28211,10.30426,5.47343,0.99856,-15.73859,1.68449,-4.80401,-0.7358,,,,,,,,,,,,,,,,,,,,,,,,,,,,,,,,,,,,,,,,,,,,,,,,,,,High,High,High,,,,,,,,,,,,,,,,,,,,,,,,,,,,,,,,,,,,,,,
185,2026-02-28,18:32:58.33,5,4,"Kehlenbrink, Brady",815650,Left,MIZ_TIG,"Gustafson, Evan",1000308757,Left,NOR_BIS,Undefined,6,Top,0,1,2,Cutter,Slider,BallCalled,Undefined,Undefined,Undefined,0,0,,79.60627,-0.475499,2.77463,2386.764142,294.545121,3:45,5.43815,-1.5582,5.73623,-43.83538,0.44835,1.94331,1.34189,1.18951,73.50038,-8.488278,3.122337,0.478954,,,,,,,,,,,,-0.23736,0.75032,1.32577,50,5.37147,-5.67433,-115.56716,-2.38952,-0.32167,21.13638,-31.15729,MIZ_TIG,NOR_BIS,TaylorStadium,D1,SEC,20260228-TaylorStadium-2,32cb08f0-1506-11f1-9d47-ad81a36dfdfe,78.69748,,,6.10589,,,,,,,1fa80f13-d93e-49a6-97f0-7762eeb242e9,2026-03-01,00:32:58.33,2026-02-28T18:32:58.3380000-06:00,2026-03-01T00:32:58.3380000Z,,v3,4806,471388,ae4075840dfa411e9b4d026302d1ad63,"Serna, Mateo",806219,Right,MIZ_TIG,c61ac70b-56f8-495f-95f1-f9d883827816,54.76422,-116.43524,10.56819,5.44333,-1.10988,-15.57865,1.55855,-5.66112,-0.16083,,,,,,,,,,,,,,,,,,,,,,,,,,,,,,,,,,,,,,,,,,,,,,,,,,,High,High,High,,,,,,,,,,,,,,,,,,,,,,,,,,,,,,,,,,,,,,,
186,2026-02-28,18:33:17.11,5,5,"Kehlenbrink, Brady",815650,Left,MIZ_TIG,"Gustafson, Evan",1000308757,Left,NOR_BIS,Undefined,6,Top,0,2,2,Fastball,Four-Seam,BallCalled,Undefined,Undefined,Undefined,0,0,,90.43481,-1.12791,2.990018,2208.219705,166.551905,11:30,5.57024,-1.3875,6.72531,-13.3502,20.10647,-4.53071,3.42534,0.97013,81.79609,-3.760182,2.165867,0.416306,,,,,,,,,,,,3.2978,11.27418,1.1914,50,5.48978,-6.67602,-131.22877,-2.85532,5.68957,30.52645,-12.72308,MIZ_TIG,NOR_BIS,TaylorStadium,D1,SEC,20260228-TaylorStadium-2,3de0b640-1506-11f1-9d47-ad81a36dfdfe,90.54017,,,8.63872,,,,,,,1fa80f13-d93e-49a6-97f0-7762eeb242e9,2026-03-01,00:33:17.11,2026-02-28T18:33:17.1120000-06:00,2026-03-01T00:33:17.1120000Z,,v3,4806,471388,ae4075840dfa411e9b4d026302d1ad63,"Serna, Mateo",806219,Right,MIZ_TIG,70ebe3e0-b93c-4d01-9bb3-0600ff941919,53.77087,-132.10304,15.26323,5.56634,-2.49093,-6.36154,1.38493,-6.83897,2.84478,,,,,,,,,,,,,,,,,,,,,,,,,,,,,,,,,,,,,,,,,,,,,,,,,,,High,High,High,,,,,,,,,,,,,,,,,,,,,,,,,,,,,,,,,,,,,,,
187,2026-02-28,18:33:37.74,5,6,"Kehlenbrink, Brady",815650,Left,MIZ_TIG,"Gustafson, Evan",1000308757,Left,NOR_BIS,Undefined,6,Top,0,3,2,Cutter,Curveball,BallCalled,Walk,Undefined,Undefined,0,0,,78.37675,2.146766,2.757364,2337.583151,328.345623,5:00,5.42403,-1.62431,5.54343,-51.0107,-4.49457,3.71717,3.18271,1.2644,71.40956,-7.180016,3.418934,0.490877,,,,,,,,,,,,-1.04142,-2.42803,1.38275,50,5.57661,-5.61581,-113.56966,2.54135,-1.34947,22.32212,-35.32034,MIZ_TIG,NOR_BIS,TaylorStadium,D1,SEC,20260228-TaylorStadium-2,4a43cb20-1506-11f1-9d47-ad81a36dfdfe,76.78584,,,6.96719,,,,,,,1fa80f13-d93e-49a6-97f0-7762eeb242e9,2026-03-01,00:33:37.74,2026-02-28T18:33:37.7480000-06:00,2026-03-01T00:33:37.7480000Z,,v3,4806,471388,ae4075840dfa411e9b4d026302d1ad63,"Serna, Mateo",806219,Right,MIZ_TIG,4d102ef3-85f6-4158-8038-38156265563a,54.95597,-114.53961,11.16106,5.43284,4.07611,-17.66017,1.6255,-5.55718,-0.67474,,,,,,,,,,,,,,,,,,,,,,,,,,,,,,,,,,,,,,,,,,,,,,,,,,,High,High,High,,,,,,,,,,,,,,,,,,,,,,,,,,,,,,,,,,,,,,,
188,2026-02-28,18:37:57.74,6,1,"Salas, Isaiah",1000194791,Left,MIZ_TIG,"Jones, Cal",1000435438,Left,NOR_BIS,Undefined,6,Top,0,0,0,Fastball,Four-Seam,FoulBallNotFieldable,Undefined,Undefined,Undefined,0,0,,91.32685,-1.627278,1.608059,2459.363908,156.521229,11:15,5.45883,-1.25299,6.41518,-15.9278,16.69103,-6.82969,2.63448,-0.34336,84.01339,-4.671231,0.370492,0.41106,65.58025,56.798666,-53.639284,5004.319887,43.89256,71.9198,-100.86344,151.24966,55.34625,-67.558532,4.643727,3.99965,9.45737,1.14112,50,5.33504,-3.45862,-132.7963,-4.20789,7.1867,26.7828,-15.18083,MIZ_TIG,NOR_BIS,TaylorStadium,D1,SEC,20260228-TaylorStadium-2,e514aac0-1506-11f1-9d47-ad81a36dfdfe,91.69562,84.64368,,7.31346,,,,0.50241,2.47951,0.43873,1fa80f13-d93e-49a6-97f0-7762eeb242e9,2026-03-01,00:37:57.74,2026-02-28T18:37:57.7470000-06:00,2026-03-01T00:37:57.7470000Z,Popup,v3,4806,471388,ae4075840dfa411e9b4d026302d1ad63,"Serna, Mateo",806219,Right,MIZ_TIG,6debf30d-12f1-4e23-9875-514096f38ea0,54.08492,-133.61762,13.3914,5.45694,-3.74235,-7.59042,1.25056,-3.67901,3.59335,155.442427,0.50682,31.08702,-11.49311,2.2163,0.86588,-0.81322,0.26115,-0.03874,0.00221,2.46948,80.70239,-23.9093,3.58687,-1.51095,0.52106,-0.10153,0.0096,-0.00033,0.44043,-42.44521,5.46371,-1.13715,0.187,-0.00491,-0.00847,0.00197,-0.00014,,,,,,,,,,,,,,,,,,,,,,,High,High,High,High,Low,,,,,,,,,,,,,,,,,,,,,,,,,,,,,,,,,,,69.29226,8.75029,5.30746
189,2026-02-28,18:38:28.89,6,2,"Salas, Isaiah",1000194791,Left,MIZ_TIG,"Jones, Cal",1000435438,Left,NOR_BIS,Undefined,6,Top,0,0,1,Fastball,Four-Seam,BallCalled,Undefined,Undefined,Undefined,0,0,,91.55374,-2.289048,3.363102,2376.295341,158.173548,11:15,5.42292,-1.15545,6.63901,-16.43812,15.97989,-5.995,1.95284,1.42725,83.92295,-5.438455,2.274556,0.409793,,,,,,,,,,,,4.0526,9.33835,0.93023,50,5.26092,-7.57085,-132.86613,-5.74443,7.26133,27.84447,-15.44186,MIZ_TIG,NOR_BIS,TaylorStadium,D1,SEC,20260228-TaylorStadium-2,f7b6b790-1506-11f1-9d47-ad81a36dfdfe,91.9792,,,7.63079,,,,,,,1fa80f13-d93e-49a6-97f0-7762eeb242e9,2026-03-01,00:38:28.89,2026-02-28T18:38:28.8970000-06:00,2026-03-01T00:38:28.8970000Z,,v3,4806,471388,ae4075840dfa411e9b4d026302d1ad63,"Serna, Mateo",806219,Right,MIZ_TIG,326a7e5f-6785-4eff-9d41-bba01854a839,53.85918,-133.67244,13.92223,5.42079,-5.29726,-7.72093,1.15251,-7.78112,3.63067,,,,,,,,,,,,,,,,,,,,,,,,,,,,,,,,,,,,,,,,,,,,,,,,,,,High,High,High,,,,,,,,,,,,,,,,,,,,,,,,,,,,,,,,,,,,,,,
190,2026-02-28,18:38:49.68,6,3,"Salas, Isaiah",1000194791,Left,MIZ_TIG,"Jones, Cal",1000435438,Left,NOR_BIS,Undefined,6,Top,0,1,1,Fastball,Four-Seam,FoulBallNotFieldable,Undefined,Undefined,Undefined,0,0,,91.9267,-2.330722,2.464078,2419.443848,156.578986,11:15,5.42089,-1.2349,6.55169,-16.98044,14.76272,-6.03134,1.86549,0.52338,85.53094,-5.541933,1.369063,0.405505,83.39595,39.319689,-23.650214,4432.216938,92.19756,74.76998,-59.99624,235.21211,121.09879,-42.234575,4.77933,3.75449,8.5815,1.06719,50,5.25221,-5.5253,-133.70762,-5.92637,6.91665,24.06383,-16.36494,MIZ_TIG,NOR_BIS,TaylorStadium,D1,SEC,20260228-TaylorStadium-2,041a41a0-1507-11f1-9d47-ad81a36dfdfe,92.95181,80.02264,,6.39575,,,,0.96557,1.89888,-0.52771,1fa80f13-d93e-49a6-97f0-7762eeb242e9,2026-03-01,00:38:49.68,2026-02-28T18:38:49.6810000-06:00,2026-03-01T00:38:49.6810000Z,FlyBall,v3,4806,471388,ae4075840dfa411e9b4d026302d1ad63,"Serna, Mateo",806219,Right,MIZ_TIG,39e2640c-d0f4-4293-8916-3fbe72c889d1,53.95004,-134.41664,12.03191,5.41973,-5.44419,-8.18247,1.233,-5.72909,3.45832,143.03794,0.98322,86.29039,-25.20556,4.64224,0.69728,-0.77024,0.21448,-0.02631,0.00121,1.90063,77.44149,-21.6394,0.49082,1.0539,-0.64422,0.19455,-0.02889,0.00166,-0.52645,-37.97587,-1.82956,2.2593,-0.97566,0.33403,-0.08393,0.01212,-0.00072,,,,,,,,,,,,,,,,,,,,,,,High,High,High,High,Low,,,,,,,,,,,,,,,,,,,,,,,,,,,,,,,,,,,70.24079,14.1044,3.98391
191,2026-02-28,18:39:30.42,6,4,"Salas, Isaiah",1000194791,Left,MIZ_TIG,"Jones, Cal",1000435438,Left,NOR_BIS,Undefined,6,Top,0,1,2,Slider,Slider,BallCalled,Undefined,Undefined,Undefined,0,0,,80.67303,-0.665274,2.806973,2476.506866,300.662152,4:00,5.25499,-1.22265,5.69655,-44.60487,-1.77256,4.95981,0.91719,1.80857,75.18052,-8.772617,3.693726,0.471039,,,,,,,,,,,,-1.84043,-0.39358,0.98362,50,5.17092,-5.93594,-117.21794,-2.85652,-2.58795,19.94184,-32.72748,MIZ_TIG,NOR_BIS,TaylorStadium,D1,SEC,20260228-TaylorStadium-2,1c617760-1507-11f1-9d47-ad81a36dfdfe,80.01975,,,5.49251,,,,,,,1fa80f13-d93e-49a6-97f0-7762eeb242e9,2026-03-01,00:39:30.42,2026-02-28T18:39:30.4290000-06:00,2026-03-01T00:39:30.4290000Z,,v3,4806,471388,ae4075840dfa411e9b4d026302d1ad63,"Serna, Mateo",806219,Right,MIZ_TIG,f687c0a0-3a51-417d-add6-a16976e44152,54.80546,-118.03264,9.97092,5.26031,-1.51948,-16.36374,1.22397,-5.83021,-1.29398,,,,,,,,,,,,,,,,,,,,,,,,,,,,,,,,,,,,,,,,,,,,,,,,,,,High,High,High,,,,,,,,,,,,,,,,,,,,,,,,,,,,,,,,,,,,,,,
192,2026-02-28,18:39:50.68,6,5,"Salas, Isaiah",1000194791,Left,MIZ_TIG,"Jones, Cal",1000435438,Left,NOR_BIS,Undefined,6,Top,0,2,2,Fastball,Four-Seam,BallCalled,Undefined,Undefined,Undefined,0,0,,90.14077,-3.446223,3.265916,2420.638932,163.818814,11:30,5.54218,-1.05534,6.63394,-17.48462,15.60229,-4.26402,0.92104,1.58263,83.81312,-6.74968,2.491496,0.413999,,,,,,,,,,,,3.00917,9.32831,0.83591,50,5.30101,-7.30697,-130.8585,-8.36221,5.30053,23.51114,-15.74251,MIZ_TIG,NOR_BIS,TaylorStadium,D1,SEC,20260228-TaylorStadium-2,2875d000-1507-11f1-9d47-ad81a36dfdfe,91.0447,,,6.32765,,,,,,,1fa80f13-d93e-49a6-97f0-7762eeb242e9,2026-03-01,00:39:50.68,2026-02-28T18:39:50.6820000-06:00,2026-03-01T00:39:50.6820000Z,,v3,4806,471388,ae4075840dfa411e9b4d026302d1ad63,"Serna, Mateo",806219,Right,MIZ_TIG,4f76c77d-0448-4401-839f-363efdec964b,53.86643,-131.55134,11.75557,5.5406,-7.8983,-7.87126,1.05353,-7.46317,2.65027,,,,,,,,,,,,,,,,,,,,,,,,,,,,,,,,,,,,,,,,,,,,,,,,,,,High,High,High,,,,,,,,,,,,,,,,,,,,,,,,,,,,,,,,,,,,,,,
193,2026-02-28,18:40:15.77,6,6,"Salas, Isaiah",1000194791,Left,MIZ_TIG,"Jones, Cal",1000435438,Left,NOR_BIS,Undefined,6,Top,0,3,2,Fastball,Four-Seam,InPlay,Undefined,LineDrive,Single,0,1,,91.09134,-2.602314,2.644571,2421.698555,154.326536,11:15,5.39828,-1.32787,6.56835,-16.65572,15.88143,-7.18603,1.62063,0.49924,84.2233,-5.770064,1.339791,0.410545,72.15436,20.74226,9.906663,1403.534708,107.83538,27.27861,21.71462,205.30755,203.40737,13.072783,2.95144,4.46929,9.31512,1.14894,50,5.21179,-5.84498,-132.3792,-6.47582,8.01344,25.50157,-15.47201,MIZ_TIG,NOR_BIS,TaylorStadium,D1,SEC,20260228-TaylorStadium-2,37860380-1507-11f1-9d47-ad81a36dfdfe,91.81066,27.37016,,6.86804,,,,2.32953,1.79333,-0.45934,1fa80f13-d93e-49a6-97f0-7762eeb242e9,2026-03-01,00:40:15.77,2026-02-28T18:40:15.7760000-06:00,2026-03-01T00:40:15.7760000Z,LineDrive,v3,4806,471388,ae4075840dfa411e9b4d026302d1ad63,"Serna, Mateo",806219,Right,MIZ_TIG,9e7d4d7b-04f9-4eaf-939b-6f70d002b213,53.93308,-133.13471,12.75078,5.39685,-6.01745,-7.736,1.32562,-6.08239,4.00672,202.329114,2.32956,97.4883,-16.31974,3.12033,-0.4864,0.02707,0.00909,-0.00245,0.00026,1.79327,37.48442,-14.43695,0.62531,-0.18912,0.1231,-0.0451,0.00995,-0.00097,-0.45944,17.0323,0.46287,-0.51164,0.01225,0.07281,-0.03032,0.00563,-0.00042,,,,,,,,,,,,,,,,,,,,,,,High,High,High,High,High,,,,,,,,,,,,,,,,,,,,,,,,,,,,,,,,,,,76.91441,21.08161,14.22333
194,2026-02-28,18:41:01.45,7,1,"Salas, Isaiah",1000194791,Left,MIZ_TIG,"Timmons, Blake",1000310255,Left,NOR_BIS,Undefined,6,Top,0,0,0,Slider,Slider,FoulBallNotFieldable,Undefined,Undefined,Undefined,0,0,,80.28524,-0.272444,1.675432,2511.19463,299.809906,4:00,5.23276,-1.44689,5.66164,-44.52459,-1.81693,4.92516,1.26822,0.52634,75.62579,-8.34677,2.556627,0.470353,,,,,,,,,,,,-2.18622,-0.64083,1.30185,50,5.18063,-3.60022,-116.90677,-2.03542,-3.09687,17.17279,-33.08179,MIZ_TIG,NOR_BIS,TaylorStadium,D1,SEC,20260228-TaylorStadium-2,52cb3700-1507-11f1-9d47-ad81a36dfdfe,80.13644,,,4.65946,,,,,,,1fa80f13-d93e-49a6-97f0-7762eeb242e9,2026-03-01,00:41:01.45,2026-02-28T18:41:01.4540000-06:00,2026-03-01T00:41:01.4540000Z,,v3,4806,471388,ae4075840dfa411e9b4d026302d1ad63,"Serna, Mateo",806219,Right,MIZ_TIG,4d0aecfc-8929-4e41-88ae-5e4c15c92e3a,54.84253,-117.61596,8.58639,5.23648,-0.66925,-16.5409,1.44789,-3.47233,-1.54843,,,,,,,,,,,,,,,,,,,,,,,,,,,,,,,,,,,,,,,,,,,,,,,,,,,High,High,High,,,,,,,,,,,,,,,,,,,,,,,,,,,,,,,,,,,,,,,
195,2026-02-28,18:41:28.15,7,2,"Salas, Isaiah",1000194791,Left,MIZ_TIG,"Timmons, Blake",1000310255,Left,NOR_BIS,Undefined,6,Top,0,0,1,Slider,Curveball,BallCalled,Undefined,Undefined,Undefined,0,0,,79.53779,-0.742817,2.527819,2462.033618,305.416677,4:15,5.16289,-1.54142,5.76257,-48.77959,-4.92996,8.55402,0.40584,1.5257,74.45728,-9.587856,4.060646,0.4766,,,,,,,,,,,,-3.79177,-2.04823,1.32657,50,5.07109,-5.4184,-115.65521,-3.09814,-5.19781,19.13189,-34.9818,MIZ_TIG,NOR_BIS,TaylorStadium,D1,SEC,20260228-TaylorStadium-2,62851800-1507-11f1-9d47-ad81a36dfdfe,79.08606,,,5.08051,,,,,,,1fa80f13-d93e-49a6-97f0-7762eeb242e9,2026-03-01,00:41:28.15,2026-02-28T18:41:28.1540000-06:00,2026-03-01T00:41:28.1540000Z,,v3,4806,471388,ae4075840dfa411e9b4d026302d1ad63,"Serna, Mateo",806219,Right,MIZ_TIG,ef734fde-8a93-49f3-9700-c7d3e0bfcff2,54.74106,-116.43684,9.56595,5.16847,-1.66896,-17.4909,1.5436,-5.20604,-2.5989,,,,,,,,,,,,,,,,,,,,,,,,,,,,,,,,,,,,,,,,,,,,,,,,,,,High,High,High,,,,,,,,,,,,,,,,,,,,,,,,,,,,,,,,,,,,,,,
196,2026-02-28,18:41:52.51,7,3,"Salas, Isaiah",1000194791,Left,MIZ_TIG,"Timmons, Blake",1000310255,Left,NOR_BIS,Undefined,6,Top,0,1,1,Fastball,Four-Seam,StrikeCalled,Undefined,Undefined,Undefined,0,0,,89.97106,-1.626191,0.686435,2348.188957,162.552071,11:30,5.49004,-1.21932,6.54848,-18.08273,15.28958,-4.5004,2.49137,-0.96485,82.95579,-5.066641,-0.13163,0.415781,,,,,,,,,,,,2.52764,8.74382,1.17358,50,5.36956,-1.39253,-130.88234,-4.20569,4.4201,25.52067,-16.88363,MIZ_TIG,NOR_BIS,TaylorStadium,D1,SEC,20260228-TaylorStadium-2,711cc020-1507-11f1-9d47-ad81a36dfdfe,90.65455,,,7.01528,,,,,,,1fa80f13-d93e-49a6-97f0-7762eeb242e9,2026-03-01,00:41:52.51,2026-02-28T18:41:52.5100000-06:00,2026-03-01T00:41:52.5100000Z,,v3,4806,471388,ae4075840dfa411e9b4d026302d1ad63,"Serna, Mateo",806219,Right,MIZ_TIG,37683c29-98c1-4e96-8f0b-010d4530b143,53.95031,-131.65035,12.76034,5.48848,-3.6976,-8.44182,1.21749,-1.52555,2.21005,,,,,,,,,,,,,,,,,,,,,,,,,,,,,,,,,,,,,,,,,,,,,,,,,,,High,High,High,,,,,,,,,,,,,,,,,,,,,,,,,,,,,,,,,,,,,,,
197,2026-02-28,18:42:15.80,7,4,"Salas, Isaiah",1000194791,Left,MIZ_TIG,"Timmons, Blake",1000310255,Left,NOR_BIS,Undefined,6,Top,0,1,2,Slider,Curveball,BallCalled,Undefined,Undefined,Undefined,0,0,,79.73471,-0.469594,2.973916,2494.667698,317.007559,4:30,5.1916,-1.40518,5.87093,-48.86188,-4.3489,5.45654,0.683,1.81435,72.87604,-9.416675,3.952904,0.480192,,,,,,,,,,,,-1.86575,-1.65882,1.16113,50,5.12528,-6.21189,-115.62587,-2.53282,-2.49395,24.0967,-34.39143,MIZ_TIG,NOR_BIS,TaylorStadium,D1,SEC,20260228-TaylorStadium-2,7efefaf0-1507-11f1-9d47-ad81a36dfdfe,78.49456,,,6.85866,,,,,,,1fa80f13-d93e-49a6-97f0-7762eeb242e9,2026-03-01,00:42:15.80,2026-02-28T18:42:15.8010000-06:00,2026-03-01T00:42:15.8010000Z,,v3,4806,471388,ae4075840dfa411e9b4d026302d1ad63,"Serna, Mateo",806219,Right,MIZ_TIG,7e0e63d5-f65d-4b6f-955b-aba270b2da37,54.62903,-116.58658,12.04835,5.19892,-1.16167,-17.19572,1.40681,-6.11245,-1.24698,,,,,,,,,,,,,,,,,,,,,,,,,,,,,,,,,,,,,,,,,,,,,,,,,,,High,High,High,,,,,,,,,,,,,,,,,,,,,,,,,,,,,,,,,,,,,,,
198,2026-02-28,18:42:42.46,7,5,"Salas, Isaiah",1000194791,Left,MIZ_TIG,"Timmons, Blake",1000310255,Left,NOR_BIS,Undefined,6,Top,0,2,2,Fastball,Cutter,BallCalled,Undefined,Undefined,Undefined,0,0,,90.59938,-0.097821,2.373647,2454.488006,186.771245,12:15,5.49289,-1.27597,6.45074,-20.13328,12.74166,1.40811,3.72516,1.02337,83.91838,-3.894957,2.628626,0.412671,,,,,,,,,,,,-0.1722,6.97957,1.10724,50,5.47668,-5.51855,-131.81144,-0.81671,-0.30722,24.34584,-19.72299,MIZ_TIG,NOR_BIS,TaylorStadium,D1,SEC,20260228-TaylorStadium-2,8ede8c60-1507-11f1-9d47-ad81a36dfdfe,91.33774,,,6.68099,,,,,,,1fa80f13-d93e-49a6-97f0-7762eeb242e9,2026-03-01,00:42:42.46,2026-02-28T18:42:42.4670000-06:00,2026-03-01T00:42:42.4670000Z,,v3,4806,471388,ae4075840dfa411e9b4d026302d1ad63,"Serna, Mateo",806219,Right,MIZ_TIG,c06bc0c6-719d-452b-9e1e-d1869ff21754,54.04956,-132.5573,12.17292,5.49244,-0.21248,-9.86149,1.27616,-5.50914,-0.15361,,,,,,,,,,,,,,,,,,,,,,,,,,,,,,,,,,,,,,,,,,,,,,,,,,,High,High,High,,,,,,,,,,,,,,,,,,,,,,,,,,,,,,,,,,,,,,,
199,2026-02-28,18:43:09.28,7,6,"Salas, Isaiah",1000194791,Left,MIZ_TIG,"Timmons, Blake",1000310255,Left,NOR_BIS,Undefined,6,Top,0,3,2,Fastball,Four-Seam,InPlay,Undefined,FlyBall,Out,1,0,,89.43609,-1.591598,1.238138,2350.862756,166.603161,11:30,5.39571,-1.30994,6.63622,-16.66072,17.08895,-3.82957,2.5495,-0.49538,82.23012,-4.787773,0.541146,0.418125,69.72218,39.099472,-0.496432,4128.753337,109.64935,68.34661,-8.77601,202.65665,194.16721,-9.132729,4.515829,2.3548,9.75504,1.22775,50,5.28101,-2.66924,-130.09696,-4.03923,4.05502,26.07719,-15.37577,MIZ_TIG,NOR_BIS,TaylorStadium,D1,SEC,20260228-TaylorStadium-2,9ede5000-1507-11f1-9d47-ad81a36dfdfe,90.14636,69.28083,,7.20597,,,,0.62577,2.53765,0.50309,1fa80f13-d93e-49a6-97f0-7762eeb242e9,2026-03-01,00:43:09.28,2026-02-28T18:43:09.2880000-06:00,2026-03-01T00:43:09.2880000Z,FlyBall,v3,4806,471388,ae4075840dfa411e9b4d026302d1ad63,"Serna, Mateo",806219,Right,MIZ_TIG,b34da46e-5471-432f-b1ba-876053a6edb4,53.86381,-130.86914,13.03859,5.39387,-3.58392,-7.68788,1.30857,-2.78932,2.02751,164.291039,0.626,79.35199,-16.77775,3.88947,-0.81595,0.17565,-0.03547,0.00481,-0.00028,2.53859,64.46728,-16.96498,0.63861,0.16368,-0.13742,0.04222,-0.00607,0.00033,0.50315,-0.68919,-3.40154,0.89522,-0.19924,0.03799,-0.00587,0.00064,-3E-05,,,,,,,,,,,,,,,,,,,,,,,High,High,High,High,Medium,,,,,,,,,,,,,,,,,,,,,,,,,,,,,,,,,,,,,
200,2026-02-28,18:43:59.32,8,1,"Salas, Isaiah",1000194791,Left,MIZ_TIG,"Simon, Thomas",1000111211,Right,NOR_BIS,Undefined,6,Top,1,0,0,Slider,Slider,FoulBallNotFieldable,Undefined,Undefined,Undefined,0,0,,78.95228,-0.073557,2.71668,2439.253381,271.690776,3:00,5.24063,-1.39853,5.61116,-43.92711,1.14539,5.41614,1.51131,1.59043,73.11344,-8.083377,3.682949,0.4832,,,,,,,,,,,,-2.08347,0.86606,1.16245,50,5.2053,-5.63883,-114.675,-1.56953,-2.78777,20.24736,-31.01522,MIZ_TIG,NOR_BIS,TaylorStadium,D1,SEC,20260228-TaylorStadium-2,bca12db0-1507-11f1-9d47-ad81a36dfdfe,78.00583,,,5.83885,,,,,,,1fa80f13-d93e-49a6-97f0-7762eeb242e9,2026-03-01,00:43:59.32,2026-02-28T18:43:59.3260000-06:00,2026-03-01T00:43:59.3260000Z,,v3,4806,471388,ae4075840dfa411e9b4d026302d1ad63,"Serna, Mateo",806219,Right,MIZ_TIG,0a0892bd-313d-475d-83de-555ed2e8a4ef,54.89159,-115.53544,10.12368,5.24399,-0.25149,-15.50761,1.39957,-5.52036,-1.39388,,,,,,,,,,,,,,,,,,,,,,,,,,,,,,,,,,,,,,,,,,,,,,,,,,,High,High,High,,,,,,,,,,,,,,,,,,,,,,,,,,,,,,,,,,,,,,,
201,2026-02-28,18:44:45.50,8,2,"Salas, Isaiah",1000194791,Left,MIZ_TIG,"Simon, Thomas",1000111211,Right,NOR_BIS,Undefined,6,Top,1,0,1,Slider,Slider,BallCalled,Undefined,Undefined,Undefined,0,0,,79.64835,-1.304847,1.751131,2352.142333,295.883227,3:45,5.2361,-1.60028,5.59952,-47.49648,-2.84579,8.74619,0.05908,0.76392,73.48152,-9.932235,3.315702,0.480934,,,,,,,,,,,,-3.97878,-0.7413,1.44427,50,5.09301,-3.86512,-115.63555,-4.21724,-5.36489,22.39996,-33.1736,MIZ_TIG,NOR_BIS,TaylorStadium,D1,SEC,20260228-TaylorStadium-2,d8356b90-1507-11f1-9d47-ad81a36dfdfe,78.3734,,,6.16683,,,,,,,1fa80f13-d93e-49a6-97f0-7762eeb242e9,2026-03-01,00:44:45.50,2026-02-28T18:44:45.5030000-06:00,2026-03-01T00:44:45.5030000Z,,v3,4806,471388,ae4075840dfa411e9b4d026302d1ad63,"Serna, Mateo",806219,Right,MIZ_TIG,d6e6af0f-d63e-48f4-873a-73db9839c358,54.90227,-116.58131,11.19998,5.2415,-2.81661,-16.5868,1.60268,-3.63861,-2.68245,,,,,,,,,,,,,,,,,,,,,,,,,,,,,,,,,,,,,,,,,,,,,,,,,,,High,High,High,,,,,,,,,,,,,,,,,,,,,,,,,,,,,,,,,,,,,,,
202,2026-02-28,18:45:11.81,8,3,"Salas, Isaiah",1000194791,Left,MIZ_TIG,"Simon, Thomas",1000111211,Right,NOR_BIS,Undefined,6,Top,1,1,1,Fastball,Four-Seam,StrikeCalled,Undefined,Undefined,Undefined,0,0,,90.31516,-1.933358,1.019293,2384.133005,149.251072,11:00,5.40558,-1.27574,6.57036,-19.38686,13.6469,-7.55965,2.01685,-0.97128,83.50225,-5.601974,-0.355633,0.413667,,,,,,,,,,,,4.22906,7.95851,1.20862,50,5.26421,-2.04826,-131.39987,-4.98148,7.4685,25.21159,-18.11936,MIZ_TIG,NOR_BIS,TaylorStadium,D1,SEC,20260228-TaylorStadium-2,e7e64be0-1507-11f1-9d47-ad81a36dfdfe,91.11792,,,6.81291,,,,,,,1fa80f13-d93e-49a6-97f0-7762eeb242e9,2026-03-01,00:45:11.81,2026-02-28T18:45:11.8130000-06:00,2026-03-01T00:45:11.8130000Z,,v3,4806,471388,ae4075840dfa411e9b4d026302d1ad63,"Serna, Mateo",806219,Right,MIZ_TIG,17d19f52-4fca-4cf9-8d54-4e84ff187758,53.9297,-132.1517,12.6058,5.4047,-4.44114,-9.05968,1.27302,-2.27097,3.73425,,,,,,,,,,,,,,,,,,,,,,,,,,,,,,,,,,,,,,,,,,,,,,,,,,,High,High,High,,,,,,,,,,,,,,,,,,,,,,,,,,,,,,,,,,,,,,,
203,2026-02-28,18:45:35.89,8,4,"Salas, Isaiah",1000194791,Left,MIZ_TIG,"Simon, Thomas",1000111211,Right,NOR_BIS,Undefined,6,Top,1,1,2,Slider,Slider,StrikeSwinging,Strikeout,Undefined,Undefined,0,0,,80.47757,0.049013,1.285018,2532.613515,311.172493,4:15,5.3071,-1.43064,5.63804,-47.42888,-4.3754,6.34701,1.40044,0.29729,74.9172,-8.57285,2.420697,0.472254,,,,,,,,,,,,-2.92378,-1.91595,1.31722,50,5.28048,-2.86795,-117.05881,-1.50774,-4.09848,19.97818,-34.85974,MIZ_TIG,NOR_BIS,TaylorStadium,D1,SEC,20260228-TaylorStadium-2,f6470580-1507-11f1-9d47-ad81a36dfdfe,79.81394,,,5.56037,,,,,,,1fa80f13-d93e-49a6-97f0-7762eeb242e9,2026-03-01,00:45:35.89,2026-02-28T18:45:35.8980000-06:00,2026-03-01T00:45:35.8980000Z,,v3,4806,471388,ae4075840dfa411e9b4d026302d1ad63,"Serna, Mateo",806219,Right,MIZ_TIG,d96d09c3-65c1-4077-868b-75b0408e8e8e,54.86476,-117.88615,9.98909,5.31303,-0.06413,-17.42987,1.43247,-2.69823,-2.04924,,,,,,,,,,,,,,,,,,,,,,,,,,,,,,,,,,,,,,,,,,,,,,,,,,,High,High,High,,,,,,,,,,,,,,,,,,,,,,,,,,,,,,,,,,,,,,,
204,2026-02-28,18:46:09.98,9,1,"Salas, Isaiah",1000194791,Left,MIZ_TIG,"Long, Tyman",10276466,Right,NOR_BIS,Undefined,6,Top,2,0,0,Slider,Curveball,StrikeSwinging,Undefined,Undefined,Undefined,0,0,,79.88901,-1.141714,2.095303,2529.645282,302.182522,4:00,5.30706,-1.40353,5.56841,-47.65932,-3.86055,7.98906,0.26809,1.22039,74.7428,-9.754907,3.522894,0.476324,,,,,,,,,,,,-3.57551,-1.38583,1.21735,50,5.17665,-4.55003,-116.14347,-3.92658,-4.94077,19.37946,-34.08906,MIZ_TIG,NOR_BIS,TaylorStadium,D1,SEC,20260228-TaylorStadium-2,0aa2a930-1508-11f1-9d47-ad81a36dfdfe,79.13196,,,5.14621,,,,,,,1fa80f13-d93e-49a6-97f0-7762eeb242e9,2026-03-01,00:46:09.98,2026-02-28T18:46:09.9840000-06:00,2026-03-01T00:46:09.9840000Z,,v3,4806,471388,ae4075840dfa411e9b4d026302d1ad63,"Serna, Mateo",806219,Right,MIZ_TIG,c9bd82d8-c537-4948-bf86-702422d823e8,54.93489,-116.964,9.68973,5.31234,-2.48324,-17.04453,1.40557,-4.34084,-2.47038,,,,,,,,,,,,,,,,,,,,,,,,,,,,,,,,,,,,,,,,,,,,,,,,,,,High,High,High,,,,,,,,,,,,,,,,,,,,,,,,,,,,,,,,,,,,,,,
205,2026-02-28,18:46:35.55,9,2,"Salas, Isaiah",1000194791,Left,MIZ_TIG,"Long, Tyman",10276466,Right,NOR_BIS,Undefined,6,Top,2,0,1,Slider,Curveball,BallCalled,Undefined,Undefined,Undefined,0,0,,80.03853,-1.789214,2.750576,2579.058537,315.525976,4:30,5.32488,-1.26311,5.7539,-49.69794,-5.91477,7.06103,-0.48465,1.88778,74.44632,-10.785621,4.016838,0.476239,,,,,,,,,,,,-2.90606,-2.28772,1.0302,50,5.14522,-5.84048,-116.21266,-5.2628,-3.98004,21.48103,-35.30719,MIZ_TIG,NOR_BIS,TaylorStadium,D1,SEC,20260228-TaylorStadium-2,19e3b0b0-1508-11f1-9d47-ad81a36dfdfe,79.14603,,,5.59221,,,,,,,1fa80f13-d93e-49a6-97f0-7762eeb242e9,2026-03-01,00:46:35.55,2026-02-28T18:46:35.5510000-06:00,2026-03-01T00:46:35.5510000Z,,v3,4806,471388,ae4075840dfa411e9b4d026302d1ad63,"Serna, Mateo",806219,Right,MIZ_TIG,6ee74dbd-59ca-432c-864a-de11ccbc79c0,54.74943,-117.08726,10.74052,5.33024,-3.82526,-17.6536,1.2647,-5.67843,-1.99002,,,,,,,,,,,,,,,,,,,,,,,,,,,,,,,,,,,,,,,,,,,,,,,,,,,High,High,High,,,,,,,,,,,,,,,,,,,,,,,,,,,,,,,,,,,,,,,
206,2026-02-28,18:47:07.67,9,3,"Salas, Isaiah",1000194791,Left,MIZ_TIG,"Long, Tyman",10276466,Right,NOR_BIS,Undefined,6,Top,2,1,1,Fastball,Four-Seam,StrikeSwinging,Undefined,Undefined,Undefined,0,0,,91.4604,-0.448725,1.593267,2494.056807,166.294624,11:30,5.46446,-1.27333,6.53345,-17.07627,15.65627,-3.55543,3.62966,-0.10775,83.12306,-3.736354,0.947705,0.411776,,,,,,,,,,,,2.32197,8.6517,1.16413,50,5.42567,-3.5519,-132.88561,-1.49146,4.12821,29.99801,-16.79239,MIZ_TIG,NOR_BIS,TaylorStadium,D1,SEC,20260228-TaylorStadium-2,2ce19920-1508-11f1-9d47-ad81a36dfdfe,91.53626,,,8.33734,,,,,,,1fa80f13-d93e-49a6-97f0-7762eeb242e9,2026-03-01,00:47:07.67,2026-02-28T18:47:07.6750000-06:00,2026-03-01T00:47:07.6750000Z,,v3,4806,471388,ae4075840dfa411e9b4d026302d1ad63,"Serna, Mateo",806219,Right,MIZ_TIG,b56336da-b4f8-463b-b107-c83312345d05,53.96349,-133.77735,14.99901,5.46259,-0.99228,-8.39619,1.27155,-3.67462,2.0641,,,,,,,,,,,,,,,,,,,,,,,,,,,,,,,,,,,,,,,,,,,,,,,,,,,High,High,High,,,,,,,,,,,,,,,,,,,,,,,,,,,,,,,,,,,,,,,
207,2026-02-28,18:47:27.41,9,4,"Salas, Isaiah",1000194791,Left,MIZ_TIG,"Long, Tyman",10276466,Right,NOR_BIS,Undefined,6,Top,2,1,2,ChangeUp,Changeup,InPlay,Undefined,GroundBall,Error,0,0,,75.27195,2.545257,1.802843,1954.577577,146.433217,11:00,6.00055,-1.45154,3.12717,-39.29388,15.0404,-8.9256,5.21499,-0.43384,69.11928,-4.414265,0.282357,0.530528,,,,,,,,,,,,4.63091,6.77083,1.23278,50,6.27548,-3.01608,-108.87721,3.25581,5.61486,17.31008,-23.96462,MIZ_TIG,NOR_BIS,TaylorStadium,D1,SEC,20260228-TaylorStadium-2,38c51dc0-1508-11f1-9d47-ad81a36dfdfe,71.04704,,,6.15267,,,,,,,1fa80f13-d93e-49a6-97f0-7762eeb242e9,2026-03-01,00:47:27.41,2026-02-28T18:47:27.4160000-06:00,2026-03-01T00:47:27.4160000Z,,v3,4806,471388,ae4075840dfa411e9b4d026302d1ad63,"Serna, Mateo",806219,Right,MIZ_TIG,fdd212ef-dab6-4cf8-a0c1-57db20e0c6d3,57.37248,-110.0431,8.65504,6.00183,4.86991,-11.98231,1.44865,-3.39426,2.80743,,,,,,,,,,,,,,,,,,,,,,,,,,,,,,,,,,,,,,,,,,,,,,,,,,,High,High,High,,,,,,,,,,,,,,,,,,,,,,,,,,,,,,,,,,,,,,,
208,2026-02-28,18:48:53.24,10,1,"Salas, Isaiah",1000194791,Left,MIZ_TIG,"Corbin, Caleb",1000136863,Right,NOR_BIS,Undefined,6,Top,2,0,0,Slider,Curveball,StrikeSwinging,Undefined,Undefined,Undefined,0,0,,79.13454,0.332709,0.60029,2584.937812,291.227392,3:45,5.2156,-1.44802,5.65481,-46.83916,-2.09055,8.75918,1.62265,-0.15822,73.17855,-8.217417,2.168113,0.481461,,,,,,,,,,,,-4.35567,-0.87598,1.39126,50,5.21337,-1.52829,-115.06315,-0.86317,-5.85993,20.64655,-33.35258,MIZ_TIG,NOR_BIS,TaylorStadium,D1,SEC,20260228-TaylorStadium-2,6bd0be40-1508-11f1-9d47-ad81a36dfdfe,78.28763,,,5.95598,,,,,,,1fa80f13-d93e-49a6-97f0-7762eeb242e9,2026-03-01,00:48:53.24,2026-02-28T18:48:53.2450000-06:00,2026-03-01T00:48:53.2450000Z,,v3,4806,471388,ae4075840dfa411e9b4d026302d1ad63,"Serna, Mateo",806219,Right,MIZ_TIG,06c26838-6dcb-4d5c-9943-9753c8df3225,54.84797,-115.92979,10.32327,5.22022,0.5368,-16.67629,1.45024,-1.28232,-2.92997,,,,,,,,,,,,,,,,,,,,,,,,,,,,,,,,,,,,,,,,,,,,,,,,,,,High,High,High,,,,,,,,,,,,,,,,,,,,,,,,,,,,,,,,,,,,,,,
209,2026-02-28,18:49:12.65,10,2,"Salas, Isaiah",1000194791,Left,MIZ_TIG,"Corbin, Caleb",1000136863,Right,NOR_BIS,Undefined,6,Top,2,0,1,Slider,Slider,StrikeSwinging,Undefined,Undefined,Undefined,0,0,,80.29089,-1.987464,1.955235,2676.787578,273.568445,3:00,5.23103,-1.30467,5.78161,-41.95892,0.70004,5.36158,-0.11653,0.96201,75.71679,-9.58947,2.917243,0.470085,,,,,,,,,,,,-2.35378,1.04469,1.13994,50,5.04092,-4.18073,-116.81253,-5.41455,-3.32159,17.60399,-30.69978,MIZ_TIG,NOR_BIS,TaylorStadium,D1,SEC,20260228-TaylorStadium-2,778543a0-1508-11f1-9d47-ad81a36dfdfe,80.18213,,,4.5741,,,,,,,1fa80f13-d93e-49a6-97f0-7762eeb242e9,2026-03-01,00:49:12.65,2026-02-28T18:49:12.6560000-06:00,2026-03-01T00:49:12.6560000Z,,v3,4806,471388,ae4075840dfa411e9b4d026302d1ad63,"Serna, Mateo",806219,Right,MIZ_TIG,483045b5-28ca-491a-b721-1c228f11aa6a,54.72206,-117.52201,8.802,5.23421,-4.1773,-15.34989,1.30573,-4.04686,-1.66079,,,,,,,,,,,,,,,,,,,,,,,,,,,,,,,,,,,,,,,,,,,,,,,,,,,High,High,High,,,,,,,,,,,,,,,,,,,,,,,,,,,,,,,,,,,,,,,
210,2026-02-28,18:49:35.16,10,3,"Salas, Isaiah",1000194791,Left,MIZ_TIG,"Corbin, Caleb",1000136863,Right,NOR_BIS,Undefined,6,Top,2,0,2,Slider,Curveball,StrikeSwinging,Strikeout,Undefined,Undefined,0,0,,80.15498,0.707276,1.871324,2511.792503,303.710177,4:00,5.27373,-1.45736,5.62127,-47.8277,-4.27162,8.22622,1.94851,0.97512,74.37588,-7.997403,3.340861,0.475002,,,,,,,,,,,,-3.70638,-1.98335,1.29231,50,5.30303,-4.12412,-116.51398,-0.18573,-5.13589,20.24767,-34.92233,MIZ_TIG,NOR_BIS,TaylorStadium,D1,SEC,20260228-TaylorStadium-2,84d77370-1508-11f1-9d47-ad81a36dfdfe,79.3521,,,5.77911,,,,,,,1fa80f13-d93e-49a6-97f0-7762eeb242e9,2026-03-01,00:49:35.16,2026-02-28T18:49:35.1600000-06:00,2026-03-01T00:49:35.1600000Z,,v3,4806,471388,ae4075840dfa411e9b4d026302d1ad63,"Serna, Mateo",806219,Right,MIZ_TIG,1f570c86-5b75-4594-8d85-f4fb7f65a746,54.88095,-117.35912,10.12384,5.28036,1.27193,-17.46117,1.45998,-3.90975,-2.56794,,,,,,,,,,,,,,,,,,,,,,,,,,,,,,,,,,,,,,,,,,,,,,,,,,,High,High,High,,,,,,,,,,,,,,,,,,,,,,,,,,,,,,,,,,,,,,,
211,2026-02-28,18:51:58.86,1,1,"Reimers, Easton",1000462253,Right,NOR_BIS,"Patterson, Christopher",1000080435,Left,MIZ_TIG,Undefined,6,Bottom,0,0,0,Slider,Slider,InPlay,Undefined,FlyBall,Out,1,0,,78.75075,0.390623,-1.469704,2157.730767,132.161566,10:30,5.29753,1.48289,5.80779,-40.1951,4.78764,-3.80677,2.31133,-0.2014,72.59624,-7.010761,-2.152007,0.482719,105.07286,20.809312,-7.930812,1655.402883,109.05343,40.13026,-14.39432,355.38436,347.76709,-6.058689,4.345441,1.56528,2.71477,-1.35997,50,5.30538,3.07599,-114.44508,-0.4753,2.08335,20.41805,-28.5607,MIZ_TIG,NOR_BIS,TaylorStadium,D1,SEC,20260228-TaylorStadium-2,da824c50-1508-11f1-9d47-ad81a36dfdfe,78.08362,58.41152,,6.15452,,,,2.0015,2.40762,0.16739,1fa80f13-d93e-49a6-97f0-7762eeb242e9,2026-03-01,00:51:58.86,2026-02-28T18:51:58.8620000-06:00,2026-03-01T00:51:58.8620000Z,LineDrive,v3,4806,471388,ae4075840dfa411e9b4d026302d1ad63,"Gustafson, Evan",1000308757,Right,NOR_BIS,cd078ad9-2d0e-4985-b4d6-e348b91980fd,54.69278,-115.27928,10.20903,5.30096,0.69157,-14.28035,-1.4839,2.99087,1.04168,181.55441,2.00211,142.65376,-29.7671,6.87933,-1.32269,0.1936,-0.01785,0.00063,2E-05,2.40698,54.77576,-14.21789,0.7801,-0.42584,0.19506,-0.05065,0.00704,-0.0004,0.16739,-19.87821,4.52719,-0.88706,0.21562,-0.05266,0.00941,-0.00093,4E-05,,,,,,,,,,,,,,,,,,,,,,,High,High,High,High,High,,,,,,,,,,,,,,,,,,,,,,,,,,,,,,,,,,,75.00737,15.46446,-6.3861
212,2026-02-28,18:52:38.70,2,1,"Reimers, Easton",1000462253,Right,NOR_BIS,"Macon, Tyler",823527,Right,MIZ_TIG,Undefined,6,Bottom,1,0,0,FourSeamFastBall,Four-Seam,StrikeCalled,Undefined,Undefined,Undefined,0,0,,87.24266,-2.448747,-2.180105,2270.999442,201.996146,12:45,5.70679,1.10166,5.86041,-17.98934,19.08292,7.19307,1.92967,-0.32529,79.27123,-5.872313,-0.890745,0.438224,,,,,,,,,,,,-4.30362,10.8443,-0.92887,50,5.4975,4.50873,-126.43853,-5.91901,-6.91967,27.40789,-14.73779,MIZ_TIG,NOR_BIS,TaylorStadium,D1,SEC,20260228-TaylorStadium-2,f24a18e0-1508-11f1-9d47-ad81a36dfdfe,86.01182,,,7.97142,,,,,,,1fa80f13-d93e-49a6-97f0-7762eeb242e9,2026-03-01,00:52:38.70,2026-02-28T18:52:38.7010000-06:00,2026-03-01T00:52:38.7010000Z,,v3,4806,471388,ae4075840dfa411e9b4d026302d1ad63,"Gustafson, Evan",1000308757,Right,NOR_BIS,c9cbf945-a2ea-4ad3-8e97-f5b1492dc38f,54.63593,-127.43949,13.70394,5.70384,-5.38077,-7.36889,-1.09815,4.76144,-3.45984,,,,,,,,,,,,,,,,,,,,,,,,,,,,,,,,,,,,,,,,,,,,,,,,,,,High,High,High,,,,,,,,,,,,,,,,,,,,,,,,,,,,,,,,,,,,,,,
213,2026-02-28,18:52:57.36,2,2,"Reimers, Easton",1000462253,Right,NOR_BIS,"Macon, Tyler",823527,Right,MIZ_TIG,Undefined,6,Bottom,1,0,1,Fastball,Four-Seam,FoulBallNotFieldable,Undefined,Undefined,Undefined,0,0,,87.21559,-0.934757,-1.526795,2261.41818,204.763654,12:45,5.76592,1.05259,5.9059,-19.92438,16.82111,7.21481,3.23749,0.23625,79.60562,-4.705042,-0.231853,0.436288,73.45756,65.169363,86.359039,,,,,,42.76365,,,-4.13603,9.24217,-0.93413,50,5.67949,3.07994,-126.64872,-2.66044,-6.70642,26.2767,-17.18825,MIZ_TIG,NOR_BIS,TaylorStadium,D1,SEC,20260228-TaylorStadium-2,fd50f920-1508-11f1-9d47-ad81a36dfdfe,86.39346,82.08883,,7.60997,,,,0.90631,3.19528,-0.23424,1fa80f13-d93e-49a6-97f0-7762eeb242e9,2026-03-01,00:52:57.36,2026-02-28T18:52:57.3650000-06:00,2026-03-01T00:52:57.3650000Z,,v3,4806,471388,ae4075840dfa411e9b4d026302d1ad63,"Gustafson, Evan",1000308757,Right,NOR_BIS,bc30ec05-c460-4ee7-975c-163e21b4fd60,54.59265,-127.59804,13.13835,5.76438,-2.03947,-8.59412,-1.04977,3.32223,-3.35321,,0.90633,2.87023,-8.81573,2.57962,0.07594,-0.36911,-0.25009,0.47309,-0.17052,3.19527,97.77788,-26.45376,3.04163,-0.69383,0.27076,-0.13546,0.04006,-0.00375,-0.23424,45.15107,-7.11266,1.51661,-0.14481,-0.0083,-0.12357,0.14656,-0.04831,,,,,,,,,,,,,,,,,,,,,,,High,High,High,Low,Undefined,,,,,,,,,,,,,,,,,,,,,,,,,,,,,,,,,,,70.67339,17.44344,-6.3363
214,2026-02-28,18:53:19.83,2,3,"Reimers, Easton",1000462253,Right,NOR_BIS,"Macon, Tyler",823527,Right,MIZ_TIG,Undefined,6,Bottom,1,0,2,Fastball,Four-Seam,BallCalled,Undefined,Undefined,Undefined,0,0,,87.01255,0.624885,-3.257702,2218.627629,218.568024,1:15,5.67159,1.22801,6.25457,-21.72643,14.71993,10.82375,4.43826,-0.87737,79.37995,-3.496794,-1.306577,0.434509,,,,,,,,,,,,-6.47496,7.8013,-0.99082,50,5.70722,6.75296,-126.27818,0.76044,-10.45984,25.60798,-19.57162,MIZ_TIG,NOR_BIS,TaylorStadium,D1,SEC,20260228-TaylorStadium-2,0ac249b0-1509-11f1-9d47-ad81a36dfdfe,86.74727,,,7.63259,,,,,,,1fa80f13-d93e-49a6-97f0-7762eeb242e9,2026-03-01,00:53:19.83,2026-02-28T18:53:19.8310000-06:00,2026-03-01T00:53:19.8310000Z,,v3,4806,471388,ae4075840dfa411e9b4d026302d1ad63,"Gustafson, Evan",1000308757,Right,NOR_BIS,b96105e1-8509-4ba0-855c-582383dd5f7d,54.24301,-127.13571,12.80399,5.67078,1.41583,-9.78581,-1.22282,7.10323,-5.22992,,,,,,,,,,,,,,,,,,,,,,,,,,,,,,,,,,,,,,,,,,,,,,,,,,,High,High,High,,,,,,,,,,,,,,,,,,,,,,,,,,,,,,,,,,,,,,,
215,2026-02-28,18:53:41.47,2,4,"Reimers, Easton",1000462253,Right,NOR_BIS,"Macon, Tyler",823527,Right,MIZ_TIG,Undefined,6,Bottom,1,1,2,Fastball,Four-Seam,StrikeSwinging,Strikeout,Undefined,Undefined,0,0,,87.51661,-0.75046,-1.29616,2228.12282,206.236706,12:45,5.64086,1.09998,5.85829,-19.40623,17.27221,7.91276,3.32623,0.55494,79.58099,-4.433721,0.122887,0.43589,,,,,,,,,,,,-4.39032,9.39205,-0.99927,50,5.56866,2.53605,-127.02074,-2.23551,-7.1395,27.14408,-16.90078,MIZ_TIG,NOR_BIS,TaylorStadium,D1,SEC,20260228-TaylorStadium-2,17a5d930-1509-11f1-9d47-ad81a36dfdfe,86.47239,,,7.93562,,,,,,,1fa80f13-d93e-49a6-97f0-7762eeb242e9,2026-03-01,00:53:41.47,2026-02-28T18:53:41.4730000-06:00,2026-03-01T00:53:41.4730000Z,,v3,4806,471388,ae4075840dfa411e9b4d026302d1ad63,"Gustafson, Evan",1000308757,Right,NOR_BIS,3ba30fd1-cbc3-4598-a246-4efa26eee2cf,54.63799,-128.00804,13.57204,5.63879,-1.62079,-8.45039,-1.09623,2.79573,-3.56975,,,,,,,,,,,,,,,,,,,,,,,,,,,,,58.86807,3.005795,1.881088,1.124707,-2.5995,3.00326,-0.56731,-2.29608,5.46017,5.77276,69.55744,1.5569,55.22287,-2.236,70.78077,-6.23966,5.48539,11.19193,-13.08659,5.79327,46.68987,-2.45856,High,High,High,,,High,High,High,,,,,,,,,,,,,,,,,,,,,,,,,,,,,,,,,,
216,2026-02-28,18:54:15.42,3,1,"Reimers, Easton",1000462253,Right,NOR_BIS,"Woita, Jase",831805,Left,MIZ_TIG,Undefined,6,Bottom,2,0,0,Fastball,Four-Seam,StrikeCalled,Undefined,Undefined,Undefined,0,0,,87.19624,-1.120367,-1.870237,2210.422003,201.923735,12:45,5.51171,1.5738,5.92447,-21.22537,15.33532,5.7228,2.70263,0.31466,80.04015,-5.109607,-0.842953,0.43519,,,,,,,,,,,,-3.42319,8.5015,-1.42736,50,5.40994,3.8995,-126.64854,-3.12676,-5.58379,24.82865,-18.30676,MIZ_TIG,NOR_BIS,TaylorStadium,D1,SEC,20260228-TaylorStadium-2,2be25c20-1509-11f1-9d47-ad81a36dfdfe,86.61152,,,7.15609,,,,,,,1fa80f13-d93e-49a6-97f0-7762eeb242e9,2026-03-01,00:54:15.42,2026-02-28T18:54:15.4250000-06:00,2026-03-01T00:54:15.4250000Z,,v3,4806,471388,ae4075840dfa411e9b4d026302d1ad63,"Gustafson, Evan",1000308757,Right,NOR_BIS,5bfd49da-5a37-4ac1-85b1-ccf3aaab8a59,54.57381,-127.54206,12.41432,5.51061,-2.46795,-9.15338,-1.57131,4.10045,-2.79189,,,,,,,,,,,,,,,,,,,,,,,,,,,,,,,,,,,,,,,,,,,,,,,,,,,High,High,High,,,,,,,,,,,,,,,,,,,,,,,,,,,,,,,,,,,,,,,
217,2026-02-28,18:54:31.13,3,2,"Reimers, Easton",1000462253,Right,NOR_BIS,"Woita, Jase",831805,Left,MIZ_TIG,Undefined,6,Bottom,2,0,1,Fastball,Four-Seam,BallCalled,Undefined,Undefined,Undefined,0,0,,87.73383,-1.050573,-0.462708,2316.921663,217.305028,1:15,5.63807,1.20328,5.96962,-20.45379,15.59965,11.04343,2.95943,1.69456,80.47282,-4.904816,1.522775,0.43216,,,,,,,,,,,,-5.77118,8.62894,-1.17259,50,5.5434,0.57137,-127.49653,-2.95504,-9.52797,25.47793,-17.92803,MIZ_TIG,NOR_BIS,TaylorStadium,D1,SEC,20260228-TaylorStadium-2,3547c160-1509-11f1-9d47-ad81a36dfdfe,87.21868,,,7.261,,,,,,,1fa80f13-d93e-49a6-97f0-7762eeb242e9,2026-03-01,00:54:31.13,2026-02-28T18:54:31.1360000-06:00,2026-03-01T00:54:31.1360000Z,,v3,4806,471388,ae4075840dfa411e9b4d026302d1ad63,"Gustafson, Evan",1000308757,Right,NOR_BIS,e0135016-5a5e-4f78-9416-ce6f4a6d91be,54.52866,-128.39832,12.73896,5.63676,-2.32048,-8.96402,-1.19878,0.90861,-4.76398,,,,,,,,,,,,,,,,,,,,,,,,,,,,,,,,,,,,,,,,,,,,,,,,,,,High,High,High,,,,,,,,,,,,,,,,,,,,,,,,,,,,,,,,,,,,,,,
218,2026-02-28,18:54:49.97,3,3,"Reimers, Easton",1000462253,Right,NOR_BIS,"Woita, Jase",831805,Left,MIZ_TIG,Undefined,6,Bottom,2,1,1,Fastball,Four-Seam,InPlay,Undefined,FlyBall,Out,1,0,,86.96048,-2.530166,-2.777872,2183.334536,206.906801,1:00,5.52824,1.33877,5.80056,-18.5017,18.74962,8.89036,1.62887,-0.50604,79.38632,-6.031103,-1.187095,0.439281,92.21938,29.082139,-1.281998,4009.451935,109.74171,57.36168,-7.53209,319.14389,307.18964,-9.836169,5.311085,-5.37311,10.68709,-1.11598,50,5.30919,5.75539,-126.06204,-6.12368,-8.6234,26.26174,-15.02212,MIZ_TIG,NOR_BIS,TaylorStadium,D1,SEC,20260228-TaylorStadium-2,407c8f70-1509-11f1-9d47-ad81a36dfdfe,85.80487,79.89016,,7.57416,,,,2.42029,1.75986,0.49427,1fa80f13-d93e-49a6-97f0-7762eeb242e9,2026-03-01,00:54:49.97,2026-02-28T18:54:49.9750000-06:00,2026-03-01T00:54:49.9750000Z,FlyBall,v3,4806,471388,ae4075840dfa411e9b4d026302d1ad63,"Gustafson, Evan",1000308757,Right,NOR_BIS,aabdf698-19a8-4940-b736-c5d0ae14cd53,54.69914,-127.03721,13.13087,5.52622,-5.56587,-7.51106,-1.33564,6.0756,-4.3117,157.380572,2.42517,118.07669,-24.49192,4.7584,-0.60622,0.00154,0.01303,-0.00155,5E-05,1.75947,65.74233,-14.81291,0.27665,0.18234,-0.11388,0.03607,-0.00527,0.00029,0.49551,-2.66999,-5.69576,1.86996,-0.3819,0.0564,-0.00762,0.00094,-6E-05,,,,,,,,,,,,,,,,,,,,,,,High,High,High,High,Medium,,,,,,,,,,,,,,,,,,,,,,,,,,,,,,,,,,,76.86722,7.27941,10.67187
219,2026-02-28,18:57:40.10,1,1,"Salas, Isaiah",1000194791,Left,MIZ_TIG,"Becker, Colten",1000192822,Left,NOR_BIS,Undefined,7,Top,0,0,0,Fastball,Four-Seam,InPlay,Undefined,GroundBall,Out,1,0,,88.85069,-1.403321,1.073241,2306.361642,151.447237,11:00,5.52537,-1.06326,6.41102,-17.94678,16.75166,-8.51398,2.73907,-0.78587,81.19561,-4.836708,-0.470066,0.423961,60.73375,1.397879,-0.081092,1655.079051,,,,35.89224,35.87887,0.896846,0.416064,4.77276,9.49501,0.9903,50,5.41667,-2.09134,-129.15097,-3.64709,8.04695,27.34411,-16.1653,MIZ_TIG,NOR_BIS,TaylorStadium,D1,SEC,20260228-TaylorStadium-2,a5d78550-1509-11f1-9d47-ad81a36dfdfe,88.90534,2.73119,,7.65508,,,,0.7532,2.67768,0.80173,1fa80f13-d93e-49a6-97f0-7762eeb242e9,2026-03-01,00:57:40.10,2026-02-28T18:57:40.1000000-06:00,2026-03-01T00:57:40.1000000Z,GroundBall,v3,4806,471388,ae4075840dfa411e9b4d026302d1ad63,"Serna, Mateo",806219,Right,MIZ_TIG,ddeb52d5-0b13-476e-b116-22a586d5861a,54.08849,-130.01371,13.67205,5.52369,-3.13706,-8.08265,1.06029,-2.34523,4.02347,12.672929,0.75622,88.95158,-10.86471,,,,,,,2.68559,1.9188,-20.16928,,,,,,,0.80259,-0.15383,-1.02598,,,,,,,,,,,,,,,,,,,,,,,,,,,,,High,High,High,High,High,,,,,,,,,,,,,,,,,,,,,,,,,,,,,,,,,,,66.90418,11.91995,-4.24662
220,2026-02-28,18:58:14.92,2,1,"Salas, Isaiah",1000194791,Left,MIZ_TIG,"Smith, Dante",10083909,Left,NOR_BIS,Undefined,7,Top,1,0,0,Fastball,Four-Seam,FoulBallNotFieldable,Undefined,Undefined,Undefined,0,0,,88.65543,-1.177151,-0.118886,2453.379373,162.537306,11:30,5.37606,-1.33114,6.47787,-16.98269,17.54887,-5.19725,2.87975,-1.87341,81.50225,-4.427994,-1.062164,0.422941,,,,,,,,,,,,2.72591,9.86406,1.34182,50,5.28562,0.45955,-129.00245,-3.09923,4.6132,25.75992,-15.48055,MIZ_TIG,NOR_BIS,TaylorStadium,D1,SEC,20260228-TaylorStadium-2,baa23e80-1509-11f1-9d47-ad81a36dfdfe,89.11994,,,7.15318,,,,,,,1fa80f13-d93e-49a6-97f0-7762eeb242e9,2026-03-01,00:58:14.92,2026-02-28T18:58:14.9260000-06:00,2026-03-01T00:58:14.9260000Z,,v3,4806,471388,ae4075840dfa411e9b4d026302d1ad63,"Serna, Mateo",806219,Right,MIZ_TIG,e8528d42-c4d3-435b-9696-2b336389ab91,54.02326,-129.80335,12.87996,5.37449,-2.61792,-7.74028,1.32977,0.31612,2.3066,,,,,,,,,,,,,,,,,,,,,,,,,,,,,,,,,,,,,,,,,,,,,,,,,,,High,High,High,,,,,,,,,,,,,,,,,,,,,,,,,,,,,,,,,,,,,,,
221,2026-02-28,18:58:37.90,2,2,"Salas, Isaiah",1000194791,Left,MIZ_TIG,"Smith, Dante",10083909,Left,NOR_BIS,Undefined,7,Top,1,0,1,Slider,Slider,BallCalled,Undefined,Undefined,Undefined,0,0,,80.21401,-0.814663,2.207546,2432.856645,287.171107,3:30,5.22885,-1.29244,5.71595,-44.44054,-0.26591,5.71189,0.76595,1.24103,73.25453,-8.954936,3.230195,0.478363,,,,,,,,,,,,-2.2115,0.5952,1.10423,50,5.13349,-4.70826,-116.32365,-3.13113,-2.99648,24.08057,-31.36759,MIZ_TIG,NOR_BIS,TaylorStadium,D1,SEC,20260228-TaylorStadium-2,c8548fb0-1509-11f1-9d47-ad81a36dfdfe,78.79456,,,6.95947,,,,,,,1fa80f13-d93e-49a6-97f0-7762eeb242e9,2026-03-01,00:58:37.90,2026-02-28T18:58:37.9000000-06:00,2026-03-01T00:58:37.9000000Z,,v3,4806,471388,ae4075840dfa411e9b4d026302d1ad63,"Serna, Mateo",806219,Right,MIZ_TIG,f9a40aee-1213-4558-900d-69d34850128a,54.78214,-117.30944,12.04029,5.23539,-1.84703,-15.6838,1.29447,-4.5856,-1.49824,,,,,,,,,,,,,,,,,,,,,,,,,,,,,,,,,,,,,,,,,,,,,,,,,,,High,High,High,,,,,,,,,,,,,,,,,,,,,,,,,,,,,,,,,,,,,,,
222,2026-02-28,18:58:56.12,2,3,"Salas, Isaiah",1000194791,Left,MIZ_TIG,"Smith, Dante",10083909,Left,NOR_BIS,Undefined,7,Top,1,1,1,Fastball,Four-Seam,StrikeSwinging,Undefined,Undefined,Undefined,0,0,,89.29959,-1.414937,1.580995,2444.209973,169.37572,11:45,5.37178,-1.42779,6.34244,-17.92532,16.35965,-2.87402,2.57461,-0.21142,82.00387,-4.82692,1.060955,0.421428,,,,,,,,,,,,1.9113,9.21288,1.3141,50,5.26014,-3.46755,-129.79352,-3.70126,3.27485,26.04306,-16.38868,MIZ_TIG,NOR_BIS,TaylorStadium,D1,SEC,20260228-TaylorStadium-2,d329b190-1509-11f1-9d47-ad81a36dfdfe,89.43983,,,7.29572,,,,,,,1fa80f13-d93e-49a6-97f0-7762eeb242e9,2026-03-01,00:58:56.12,2026-02-28T18:58:56.1240000-06:00,2026-03-01T00:58:56.1240000Z,,v3,4806,471388,ae4075840dfa411e9b4d026302d1ad63,"Serna, Mateo",806219,Right,MIZ_TIG,9550ca04-67fd-4505-89eb-f7ded530aed6,54.15589,-130.62474,13.02153,5.36993,-3.17818,-8.19434,1.42644,-3.57207,1.63742,,,,,,,,,,,,,,,,,,,,,,,,,,,,,,,,,,,,,,,,,,,,,,,,,,,High,High,High,,,,,,,,,,,,,,,,,,,,,,,,,,,,,,,,,,,,,,,
223,2026-02-28,18:59:18.51,2,4,"Salas, Isaiah",1000194791,Left,MIZ_TIG,"Smith, Dante",10083909,Left,NOR_BIS,Undefined,7,Top,1,1,2,Fastball,Four-Seam,StrikeCalled,Strikeout,Undefined,Undefined,0,0,,89.36644,-2.496915,2.368133,2450.638193,176.172187,11:45,5.45791,-1.17611,6.22339,-19.42533,15.1206,-0.93953,1.53179,0.93192,82.01352,-6.163325,2.198618,0.423029,,,,,,,,,,,,1.1341,8.85922,0.99942,50,5.26116,-5.32635,-129.70638,-6.22878,1.93549,26.67637,-17.05475,MIZ_TIG,NOR_BIS,TaylorStadium,D1,SEC,20260228-TaylorStadium-2,e09c88c0-1509-11f1-9d47-ad81a36dfdfe,89.10136,,,7.35292,,,,,,,1fa80f13-d93e-49a6-97f0-7762eeb242e9,2026-03-01,00:59:18.51,2026-02-28T18:59:18.5130000-06:00,2026-03-01T00:59:18.5130000Z,,v3,4806,471388,ae4075840dfa411e9b4d026302d1ad63,"Serna, Mateo",806219,Right,MIZ_TIG,22b5dd8e-f9bf-481b-8d41-5d9612d94b01,54.27541,-130.58273,13.33819,5.45658,-5.66851,-8.52738,1.17544,-5.38993,0.96775,,,,,,,,,,,,,,,,,,,,,,,,,,,,,52.96405,,,1.393311,,,,-2.93475,4.77844,1.32061,73.61274,-0.03102,-51.17,-2.86964,60.18345,-3.83284,4.84936,15.80931,-13.90578,1.21716,-44.30772,4.87119,High,High,High,,,High,High,High,,,,,,,,,,,,,,,,,,,,,,,,,,,,,,,,,,
224,2026-02-28,18:59:53.66,3,1,"Salas, Isaiah",1000194791,Left,MIZ_TIG,"Gordon, Noah",10065560,Right,NOR_BIS,Undefined,7,Top,2,0,0,Fastball,Four-Seam,BallCalled,Undefined,Undefined,Undefined,0,0,,88.80659,-2.137624,0.370815,2442.556697,166.830038,11:30,5.35403,-1.41026,6.36464,-18.53639,16.03796,-3.51158,1.84125,-1.36165,81.794,-5.652193,-0.26538,0.423203,,,,,,,,,,,,1.91917,9.23418,1.38495,50,5.19046,-0.69643,-129.09824,-5.33258,3.25984,25.24532,-16.48906,MIZ_TIG,NOR_BIS,TaylorStadium,D1,SEC,20260228-TaylorStadium-2,f5712d00-1509-11f1-9d47-ad81a36dfdfe,89.06475,,,7.01259,,,,,,,1fa80f13-d93e-49a6-97f0-7762eeb242e9,2026-03-01,00:59:53.66,2026-02-28T18:59:53.6640000-06:00,2026-03-01T00:59:53.6640000Z,,v3,4806,471388,ae4075840dfa411e9b4d026302d1ad63,"Serna, Mateo",806219,Right,MIZ_TIG,cd77870e-641a-455b-8113-79de40caf128,54.13376,-129.90408,12.62266,5.35228,-4.80624,-8.24453,1.40884,-0.80049,1.62992,,,,,,,,,,,,,,,,,,,,,,,,,,,,,,,,,,,,,,,,,,,,,,,,,,,High,High,High,,,,,,,,,,,,,,,,,,,,,,,,,,,,,,,,,,,,,,,
225,2026-02-28,19:00:12.88,3,2,"Salas, Isaiah",1000194791,Left,MIZ_TIG,"Gordon, Noah",10065560,Right,NOR_BIS,Undefined,7,Top,2,1,0,Fastball,Four-Seam,BallCalled,Undefined,Undefined,Undefined,0,0,,89.49995,-3.691018,1.844458,2512.83969,170.4245,11:45,5.46929,-1.03343,6.51687,-14.62757,19.17737,-3.06992,0.85707,0.40377,82.8255,-6.485536,1.28725,0.418467,,,,,,,,,,,,2.07433,11.30764,0.90621,50,5.20508,-4.07016,-129.9762,-8.75558,3.58706,24.46925,-12.62006,MIZ_TIG,NOR_BIS,TaylorStadium,D1,SEC,20260228-TaylorStadium-2,00e4b1c0-150a-11f1-9d47-ad81a36dfdfe,90.07259,,,6.67445,,,,,,,1fa80f13-d93e-49a6-97f0-7762eeb242e9,2026-03-01,01:00:12.88,2026-02-28T19:00:12.8850000-06:00,2026-03-01T01:00:12.8850000Z,,v3,4806,471388,ae4075840dfa411e9b4d026302d1ad63,"Serna, Mateo",806219,Right,MIZ_TIG,52f571e6-2b0f-4c8f-b6b7-7978e198390a,53.98372,-130.72402,12.23462,5.46677,-8.36989,-6.31003,1.03228,-4.17979,1.79353,,,,,,,,,,,,,,,,,,,,,,,,,,,,,,,,,,,,,,,,,,,,,,,,,,,High,High,High,,,,,,,,,,,,,,,,,,,,,,,,,,,,,,,,,,,,,,,
226,2026-02-28,19:00:36.52,3,3,"Salas, Isaiah",1000194791,Left,MIZ_TIG,"Gordon, Noah",10065560,Right,NOR_BIS,Undefined,7,Top,2,2,0,Fastball,Four-Seam,StrikeSwinging,Undefined,Undefined,Undefined,0,0,,88.56077,-1.859391,1.287899,2396.002146,148.125434,11:00,5.31464,-1.32396,6.42969,-18.00655,16.81922,-9.78371,2.10409,-0.95535,81.18206,-5.29627,-0.486195,0.424739,,,,,,,,,,,,5.43666,9.61906,1.23626,50,5.17376,-2.50762,-128.70254,-4.65717,9.13618,26.23902,-16.00946,MIZ_TIG,NOR_BIS,TaylorStadium,D1,SEC,20260228-TaylorStadium-2,0f1d7100-150a-11f1-9d47-ad81a36dfdfe,88.74269,,,7.37871,,,,,,,1fa80f13-d93e-49a6-97f0-7762eeb242e9,2026-03-01,01:00:36.52,2026-02-28T19:00:36.5210000-06:00,2026-03-01T01:00:36.5210000Z,,v3,4806,471388,ae4075840dfa411e9b4d026302d1ad63,"Serna, Mateo",806219,Right,MIZ_TIG,e0fd2194-dfe0-4166-8857-e8a14726bb40,54.06851,-129.52934,13.11951,5.31257,-4.1527,-8.00473,1.31981,-2.79551,4.56809,,,,,,,,,,,,,,,,,,,,,,,,,,,,,,,,,,,,,,,,,,,,,,,,,,,High,High,High,,,,,,,,,,,,,,,,,,,,,,,,,,,,,,,,,,,,,,,
227,2026-02-28,19:00:56.82,3,4,"Salas, Isaiah",1000194791,Left,MIZ_TIG,"Gordon, Noah",10065560,Right,NOR_BIS,Undefined,7,Top,2,2,1,Fastball,Four-Seam,BallCalled,Undefined,Undefined,Undefined,0,0,,89.37495,-2.034466,0.038439,2455.682856,165.262451,11:30,5.46897,-1.32304,6.29241,-16.35316,17.83879,-4.42673,2.23067,-1.65652,82.33755,-5.149859,-0.762297,0.420856,,,,,,,,,,,,2.30555,10.10941,1.32222,50,5.31105,0.09012,-129.9397,-5.05726,3.97125,25.32488,-14.76084,MIZ_TIG,NOR_BIS,TaylorStadium,D1,SEC,20260228-TaylorStadium-2,1b315470-150a-11f1-9d47-ad81a36dfdfe,89.5614,,,7.0374,,,,,,,1fa80f13-d93e-49a6-97f0-7762eeb242e9,2026-03-01,01:00:56.82,2026-02-28T19:00:56.8260000-06:00,2026-03-01T01:00:56.8260000Z,,v3,4806,471388,ae4075840dfa411e9b4d026302d1ad63,"Serna, Mateo",806219,Right,MIZ_TIG,81ab0c99-aada-46e5-b233-c29284b1f4c8,54.20641,-130.75695,12.66244,5.46657,-4.58092,-7.38042,1.32138,-0.03804,1.98563,,,,,,,,,,,,,,,,,,,,,,,,,,,,,,,,,,,,,,,,,,,,,,,,,,,High,High,High,,,,,,,,,,,,,,,,,,,,,,,,,,,,,,,,,,,,,,,
228,2026-02-28,19:01:19.72,3,5,"Salas, Isaiah",1000194791,Left,MIZ_TIG,"Gordon, Noah",10065560,Right,NOR_BIS,Undefined,7,Top,2,3,1,Fastball,Four-Seam,FoulBallNotFieldable,Undefined,Undefined,Undefined,0,0,,89.60213,-1.78693,1.990959,2395.097112,154.246445,11:15,5.44587,-1.1716,6.52901,-15.94147,18.0243,-8.17516,2.47662,-0.02568,81.93553,-4.858089,0.506821,0.419462,69.258,36.371299,155.797702,3485.266747,-101.41278,37.65487,42.6076,180.97121,73.20485,158.427206,2.773162,4.8728,10.30544,1.03671,50,5.3146,-4.21554,-130.20511,-4.46781,8.35894,27.52833,-14.49585,MIZ_TIG,NOR_BIS,TaylorStadium,D1,SEC,20260228-TaylorStadium-2,28c40fb0-150a-11f1-9d47-ad81a36dfdfe,89.85911,38.68111,,7.6666,,,,1.8339,2.59641,0.03883,1fa80f13-d93e-49a6-97f0-7762eeb242e9,2026-03-01,01:01:19.72,2026-02-28T19:01:19.7210000-06:00,2026-03-01T01:01:19.7210000Z,FlyBall,v3,4806,471388,ae4075840dfa411e9b4d026302d1ad63,"Serna, Mateo",806219,Right,MIZ_TIG,9e9d0ade-74dd-4c9b-8ddd-79fb7d44ba5c,53.97086,-131.04195,13.76416,5.44372,-4.02714,-7.24792,1.16872,-4.46964,4.17947,346.746043,1.83383,-74.59895,3.11881,1.0712,-0.26491,-0.05133,0.09075,-0.03141,0.00353,2.59656,60.23036,-28.8744,3.68268,-0.53639,-0.05894,0.06666,-0.01496,0.0011,0.0389,33.52847,-3.8218,0.17751,-0.01112,0.03491,-0.03941,0.01405,-0.00164,,,,,,,,,,,,,,,,,,,,,,,High,High,High,High,Medium,,,,,,,,,,,,,,,,,,,,,,,,,,,,,,,,,,,78.11968,12.45959,-10.40728
229,2026-02-28,19:01:44.15,3,6,"Salas, Isaiah",1000194791,Left,MIZ_TIG,"Gordon, Noah",10065560,Right,NOR_BIS,Undefined,7,Top,2,3,2,Fastball,Four-Seam,InPlay,Undefined,FlyBall,Out,1,0,,89.19118,-2.054674,1.809168,2424.959546,164.619764,11:30,5.42623,-1.11869,6.58116,-19.84733,14.67316,-3.70984,1.88752,0.23073,80.9932,-5.849734,1.134759,0.422873,96.31803,37.618085,-4.393011,4013.1562,109.99946,83.4476,0.31739,299.8684,282.81389,7.126279,5.719077,2.51272,8.70126,0.99614,50,5.27685,-3.9487,-129.49364,-5.18113,4.22339,29.59468,-17.54883,MIZ_TIG,NOR_BIS,TaylorStadium,D1,SEC,20260228-TaylorStadium-2,37661810-150a-11f1-9d47-ad81a36dfdfe,89.13423,110.97275,,8.19798,,,,2.03999,1.86139,-0.19554,1fa80f13-d93e-49a6-97f0-7762eeb242e9,2026-03-01,01:01:44.15,2026-02-28T19:01:44.1520000-06:00,2026-03-01T01:01:44.1520000Z,FlyBall,v3,4806,471388,ae4075840dfa411e9b4d026302d1ad63,"Serna, Mateo",806219,Right,MIZ_TIG,3c1d3653-8a83-4246-8fdc-c33134a2c90e,53.91713,-130.38579,14.79734,5.42507,-4.65211,-8.77441,1.1171,-4.07602,2.11169,201.908681,2.04686,111.43358,-29.05517,7.17581,-1.16626,0.07471,0.01083,-0.00228,0.00012,1.85449,86.34429,-18.58057,0.32275,0.2236,-0.08704,0.02116,-0.00279,0.00014,-0.19864,-8.50656,10.35783,-3.51018,0.75647,-0.09175,0.00278,0.00053,-4E-05,,,,,,,,,,,,,,,,,,,,,,,High,High,High,Medium,Low,,,,,,,,,,,,,,,,,,,,,,,,,,,,,,,,,,,,,
230,2026-02-28,19:04:21.20,1,1,"Reimers, Easton",1000462253,Right,NOR_BIS,"Serna, Mateo",806219,Left,MIZ_TIG,Undefined,7,Bottom,0,0,0,Fastball,Changeup,BallCalled,Undefined,Undefined,Undefined,0,0,,84.80467,-0.780254,-0.815761,2157.927504,213.130584,1:00,5.53299,1.46079,5.79465,-25.05781,13.67635,8.17233,2.71894,1.38296,78.05143,-5.450868,0.648882,0.447938,,,,,,,,,,,,-4.36508,7.54099,-1.39853,50,5.45378,1.42064,-123.23813,-2.46968,-6.75584,23.03137,-20.50288,MIZ_TIG,NOR_BIS,TaylorStadium,D1,SEC,20260228-TaylorStadium-2,950735d0-150a-11f1-9d47-ad81a36dfdfe,84.14647,,,6.75324,,,,,,,1fa80f13-d93e-49a6-97f0-7762eeb242e9,2026-03-01,01:04:21.20,2026-02-28T19:04:21.2020000-06:00,2026-03-01T01:04:21.2020000Z,,v3,4806,471388,ae4075840dfa411e9b4d026302d1ad63,"Gustafson, Evan",1000308757,Right,NOR_BIS,4df8722a-edee-431b-871b-525177fc7efb,54.70363,-124.11405,11.51568,5.53288,-1.68992,-10.25144,-1.45744,1.67758,-3.37792,,,,,,,,,,,,,,,,,,,,,,,,,,,,,,,,,,,,,,,,,,,,,,,,,,,High,High,High,,,,,,,,,,,,,,,,,,,,,,,,,,,,,,,,,,,,,,,
231,2026-02-28,19:04:37.16,1,2,"Reimers, Easton",1000462253,Right,NOR_BIS,"Serna, Mateo",806219,Left,MIZ_TIG,Undefined,7,Bottom,0,1,0,Fastball,Four-Seam,BallCalled,Undefined,Undefined,Undefined,0,0,,86.97198,-2.27306,-0.743017,2202.661766,205.302264,12:45,5.6595,1.17582,5.95364,-20.15666,17.19119,7.49056,1.87043,1.11091,78.6286,-6.10324,0.603613,0.43985,,,,,,,,,,,,-4.0413,9.91193,-1.12075,50,5.46752,1.31812,-126.07064,-5.58345,-6.41807,28.79413,-16.43269,MIZ_TIG,NOR_BIS,TaylorStadium,D1,SEC,20260228-TaylorStadium-2,9e7db210-150a-11f1-9d47-ad81a36dfdfe,85.69391,,,8.34338,,,,,,,1fa80f13-d93e-49a6-97f0-7762eeb242e9,2026-03-01,01:04:37.16,2026-02-28T19:04:37.1670000-06:00,2026-03-01T01:04:37.1670000Z,,v3,4806,471388,ae4075840dfa411e9b4d026302d1ad63,"Gustafson, Evan",1000308757,Right,NOR_BIS,46431acc-2c09-4c76-8238-ae44ba58ddb3,54.54127,-127.10362,14.39706,5.65725,-4.99394,-8.21635,-1.17217,1.54837,-3.20903,,,,,,,,,,,,,,,,,,,,,,,,,,,,,,,,,,,,,,,,,,,,,,,,,,,High,High,High,,,,,,,,,,,,,,,,,,,,,,,,,,,,,,,,,,,,,,,
232,2026-02-28,19:04:54.74,1,3,"Reimers, Easton",1000462253,Right,NOR_BIS,"Serna, Mateo",806219,Left,MIZ_TIG,Undefined,7,Bottom,0,2,0,Fastball,Cutter,InPlay,Undefined,GroundBall,Out,1,0,,85.28288,-2.18955,-0.731255,2212.012064,189.39862,12:15,5.80732,0.81737,5.92758,-22.97021,15.31217,2.33697,1.86037,0.33357,78.34271,-6.489125,-0.311265,0.445319,73.08804,-46.903133,68.882586,,,,,2.62323,2.62323,29.980731,0.024025,-1.40929,8.82886,-0.76029,50,5.61921,1.48984,-123.86552,-5.43307,-2.19338,24.32996,-18.43314,MIZ_TIG,NOR_BIS,TaylorStadium,D1,SEC,20260228-TaylorStadium-2,a9032d50-150a-11f1-9d47-ad81a36dfdfe,84.64151,1.88536,,6.94016,,,,1.63666,1.88536,-0.33477,1fa80f13-d93e-49a6-97f0-7762eeb242e9,2026-03-01,01:04:54.74,2026-02-28T19:04:54.7480000-06:00,2026-03-01T01:04:54.7480000Z,GroundBall,v3,4806,471388,ae4075840dfa411e9b4d026302d1ad63,"Gustafson, Evan",1000308757,Right,NOR_BIS,39ec3a0d-a684-4196-876b-1134b34920a3,54.57232,-124.76039,12.16498,5.80657,-4.75509,-9.21657,-0.81657,1.57051,-1.09669,,1.6364,26.454,,,,,,,,1.88613,-78.47349,,,,,,,,-0.33545,68.49514,,,,,,,,,,,,,,,,,,,,,,,,,,,,,,High,High,High,Estimated,Estimated,,,,,,,,,,,,,,,,,,,,,,,,,,,,,,,,,,,82.8486,8.94619,-0.00463
233,2026-02-28,19:05:33.85,2,1,"Reimers, Easton",1000462253,Right,NOR_BIS,"Ward, Blaize",1000263242,Left,MIZ_TIG,Undefined,7,Bottom,1,0,0,ChangeUp,Changeup,FoulBallNotFieldable,Undefined,Undefined,Undefined,0,0,,80.26548,-0.779945,-1.549789,1604.238366,245.511956,2:15,5.17849,1.53507,6.19235,-35.56561,7.17847,12.88048,1.4943,1.17726,73.89443,-7.388422,0.777644,0.470554,,,,,,,,,,,,-7.06335,4.35792,-1.42444,50,5.10194,2.68225,-116.66546,-2.64644,-9.75546,21.51602,-26.15516,MIZ_TIG,NOR_BIS,TaylorStadium,D1,SEC,20260228-TaylorStadium-2,c04c2cf0-150a-11f1-9d47-ad81a36dfdfe,80.10226,,,6.37105,,,,,,,1fa80f13-d93e-49a6-97f0-7762eeb242e9,2026-03-01,01:05:33.85,2026-02-28T19:05:33.8540000-06:00,2026-03-01T01:05:33.8540000Z,,v3,4806,471388,ae4075840dfa411e9b4d026302d1ad63,"Gustafson, Evan",1000308757,Right,NOR_BIS,fbc65d71-b7f0-4c20-92c1-682082941233,54.30668,-117.45703,10.75801,5.1816,-1.6842,-13.07758,-1.52972,3.04115,-4.87773,,,,,,,,,,,,,,,,,,,,,,,,,,,,,,,,,,,,,,,,,,,,,,,,,,,High,High,High,,,,,,,,,,,,,,,,,,,,,,,,,,,,,,,,,,,,,,,
234,2026-02-28,19:05:56.37,2,2,"Reimers, Easton",1000462253,Right,NOR_BIS,"Ward, Blaize",1000263242,Left,MIZ_TIG,Undefined,7,Bottom,1,0,1,ChangeUp,Changeup,BallCalled,Undefined,Undefined,Undefined,0,0,,80.12442,1.407209,-1.923616,1605.452774,265.605259,2:45,5.24391,1.55718,6.33496,-40.55357,2.6741,15.4728,3.16114,1.07473,72.63903,-6.176913,0.876799,0.473208,,,,,,,,,,,,-8.58237,1.44091,-1.42362,50,5.32791,3.33405,-116.3124,1.65517,-11.62205,24.15458,-30.2228,MIZ_TIG,NOR_BIS,TaylorStadium,D1,SEC,20260228-TaylorStadium-2,cdbe19c0-150a-11f1-9d47-ad81a36dfdfe,79.65297,,,7.48539,,,,,,,1fa80f13-d93e-49a6-97f0-7762eeb242e9,2026-03-01,01:05:56.37,2026-02-28T19:05:56.3700000-06:00,2026-03-01T01:05:56.3700000Z,,v3,4806,471388,ae4075840dfa411e9b4d026302d1ad63,"Gustafson, Evan",1000308757,Right,NOR_BIS,676b652f-7309-477c-882b-6837ad312b1b,54.16305,-117.17375,12.07729,5.24967,2.73291,-15.1114,-1.5499,3.74849,-5.81102,,,,,,,,,,,,,,,,,,,,,,,,,,,,,,,,,,,,,,,,,,,,,,,,,,,High,High,High,,,,,,,,,,,,,,,,,,,,,,,,,,,,,,,,,,,,,,,
235,2026-02-28,19:06:17.94,2,3,"Reimers, Easton",1000462253,Right,NOR_BIS,"Ward, Blaize",1000263242,Left,MIZ_TIG,Undefined,7,Bottom,1,1,1,ChangeUp,Four-Seam,BallCalled,Undefined,Undefined,Undefined,0,0,,86.59947,-2.412189,-3.374059,2175.467472,215.25765,1:15,5.62129,0.93734,5.98942,-24.77375,12.26768,7.87827,1.31603,-1.53678,79.81029,-7.020508,-1.959862,0.438042,,,,,,,,,,,,-4.91339,7.28847,-0.67522,50,5.41693,7.08472,-125.58591,-6.0795,-7.89621,23.93998,-20.46092,MIZ_TIG,NOR_BIS,TaylorStadium,D1,SEC,20260228-TaylorStadium-2,daa18230-150a-11f1-9d47-ad81a36dfdfe,86.04763,,,6.78918,,,,,,,1fa80f13-d93e-49a6-97f0-7762eeb242e9,2026-03-01,01:06:17.94,2026-02-28T19:06:17.9400000-06:00,2026-03-01T01:06:17.9400000Z,,v3,4806,471388,ae4075840dfa411e9b4d026302d1ad63,"Gustafson, Evan",1000308757,Right,NOR_BIS,2bf07b1a-cdc3-4f2a-b45b-78b6af2fb5c0,54.50924,-126.44257,11.96999,5.62138,-5.34734,-10.23046,-0.9338,7.36727,-3.9481,,,,,,,,,,,,,,,,,,,,,,,,,,,,,,,,,,,,,,,,,,,,,,,,,,,High,High,High,,,,,,,,,,,,,,,,,,,,,,,,,,,,,,,,,,,,,,,
236,2026-02-28,19:06:38.41,2,4,"Reimers, Easton",1000462253,Right,NOR_BIS,"Ward, Blaize",1000263242,Left,MIZ_TIG,Undefined,7,Bottom,1,2,1,Fastball,Changeup,BallCalled,Undefined,Undefined,Undefined,0,0,,86.37626,-3.053726,-1.669143,2105.953198,227.8235,1:30,5.55973,1.21073,5.8132,-24.64521,12.99583,13.0091,0.66253,0.74231,79.26422,-7.631569,0.664333,0.441573,,,,,,,,,,,,-7.11548,7.85815,-1.08177,50,5.29462,3.11697,-125.27532,-7.47658,-11.30576,25.34802,-19.68827,MIZ_TIG,NOR_BIS,TaylorStadium,D1,SEC,20260228-TaylorStadium-2,e6c5b950-150a-11f1-9d47-ad81a36dfdfe,85.35953,,,7.11204,,,,,,,1fa80f13-d93e-49a6-97f0-7762eeb242e9,2026-03-01,01:06:38.41,2026-02-28T19:06:38.4180000-06:00,2026-03-01T01:06:38.4180000Z,,v3,4806,471388,ae4075840dfa411e9b4d026302d1ad63,"Gustafson, Evan",1000308757,Right,NOR_BIS,6214d92d-1e15-4059-9bcb-883a4ecc6c2b,54.68594,-126.21991,12.67401,5.55956,-6.7429,-9.84414,-1.20577,3.53827,-5.65288,,,,,,,,,,,,,,,,,,,,,,,,,,,,,,,,,,,,,,,,,,,,,,,,,,,High,High,High,,,,,,,,,,,,,,,,,,,,,,,,,,,,,,,,,,,,,,,
237,2026-02-28,19:07:00.60,2,5,"Reimers, Easton",1000462253,Right,NOR_BIS,"Ward, Blaize",1000263242,Left,MIZ_TIG,Undefined,7,Bottom,1,3,1,Fastball,Four-Seam,StrikeCalled,Undefined,Undefined,Undefined,0,0,,86.26826,-1.503675,-2.956393,2216.583091,204.666188,12:45,5.55017,1.10932,6.28057,-19.43178,17.65036,7.55685,2.54275,-0.98828,78.81304,-5.206851,-1.592586,0.438282,,,,,,,,,,,,-4.72335,9.93481,-0.89438,50,5.42939,6.16551,-125.18062,-3.80882,-7.49035,25.412,-16.41935,MIZ_TIG,NOR_BIS,TaylorStadium,D1,SEC,20260228-TaylorStadium-2,f3f87a40-150a-11f1-9d47-ad81a36dfdfe,86.00036,,,7.45522,,,,,,,1fa80f13-d93e-49a6-97f0-7762eeb242e9,2026-03-01,01:07:00.60,2026-02-28T19:07:00.6030000-06:00,2026-03-01T01:07:00.6030000Z,,v3,4806,471388,ae4075840dfa411e9b4d026302d1ad63,"Gustafson, Evan",1000308757,Right,NOR_BIS,4731a7a9-6cb5-4d88-aa7c-04aa80d993fd,54.21649,-126.03367,12.706,5.548,-3.25764,-8.20968,-1.10557,6.41695,-3.74517,,,,,,,,,,,,,,,,,,,,,,,,,,,,,,,,,,,,,,,,,,,,,,,,,,,High,High,High,,,,,,,,,,,,,,,,,,,,,,,,,,,,,,,,,,,,,,,
238,2026-02-28,19:07:21.57,2,6,"Reimers, Easton",1000462253,Right,NOR_BIS,"Ward, Blaize",1000263242,Left,MIZ_TIG,Undefined,7,Bottom,1,3,2,Fastball,Four-Seam,FoulBallNotFieldable,Undefined,Undefined,Undefined,0,0,,87.79974,-2.164684,-1.150168,2132.358309,204.692629,12:45,5.66142,0.88947,5.86204,-22.73537,13.36686,5.64559,1.75444,0.29128,80.87179,-6.401226,-0.136885,0.432452,86.33113,-16.214781,54.968625,,,,,6.62586,6.26345,42.413211,0.048509,-3.21366,7.75185,-0.79962,50,5.47254,2.3317,-127.53962,-5.55199,-5.32118,24.9395,-19.33855,MIZ_TIG,NOR_BIS,TaylorStadium,D1,SEC,20260228-TaylorStadium-2,006fb360-150b-11f1-9d47-ad81a36dfdfe,87.15973,1.71778,,6.92795,,,,1.50114,1.71778,-0.36786,1fa80f13-d93e-49a6-97f0-7762eeb242e9,2026-03-01,01:07:21.57,2026-02-28T19:07:21.5790000-06:00,2026-03-01T01:07:21.5790000Z,GroundBall,v3,4806,471388,ae4075840dfa411e9b4d026302d1ad63,"Gustafson, Evan",1000308757,Right,NOR_BIS,55525840-fcd3-49dd-9c81-cdbd784ed59e,54.6382,-128.44338,12.46975,5.66104,-4.85119,-9.66928,-0.88761,2.52453,-2.66059,180,1.5003,69.89906,,,,,,,,1.7182,-35.41155,,,,,,,,-0.36906,99.70995,,,,,,,,,,,,,,,,,,,,,,,,,,,,,,High,High,High,Low,Low,,,,,,,,,,,,,,,,,,,,,,,,,,,,,,,,,,,,,
239,2026-02-28,19:07:57.32,2,7,"Reimers, Easton",1000462253,Right,NOR_BIS,"Ward, Blaize",1000263242,Left,MIZ_TIG,Undefined,7,Bottom,1,3,2,Fastball,Four-Seam,BallCalled,Walk,Undefined,Undefined,0,0,,86.48019,-2.722495,-1.669921,2238.380141,216.129051,1:15,5.44463,1.02775,6.13166,-24.25029,12.54068,8.36142,0.9044,0.18058,79.93656,-7.241106,-0.16142,0.436558,,,,,,,,,,,,-4.77347,7.52591,-0.90454,50,5.22377,3.3396,-125.62005,-6.71721,-7.6858,23.63278,-20.05658,MIZ_TIG,NOR_BIS,TaylorStadium,D1,SEC,20260228-TaylorStadium-2,15c67ff0-150b-11f1-9d47-ad81a36dfdfe,86.34004,,,6.54363,,,,,,,1fa80f13-d93e-49a6-97f0-7762eeb242e9,2026-03-01,01:07:57.32,2026-02-28T19:07:57.3250000-06:00,2026-03-01T01:07:57.3250000Z,,v3,4806,471388,ae4075840dfa411e9b4d026302d1ad63,"Gustafson, Evan",1000308757,Right,NOR_BIS,975e9e14-4238-4c33-94eb-23b18538e9ca,54.36871,-126.43926,11.81639,5.44456,-6.02196,-10.02829,-1.02492,3.60602,-3.8429,,,,,,,,,,,,,,,,,,,,,,,,,,,,,,,,,,,,,,,,,,,,,,,,,,,High,High,High,,,,,,,,,,,,,,,,,,,,,,,,,,,,,,,,,,,,,,,
240,2026-02-28,19:08:32.21,3,1,"Reimers, Easton",1000462253,Right,NOR_BIS,"George, Jamal",805322,Right,MIZ_TIG,Undefined,7,Bottom,1,0,0,Slider,Slider,BallCalled,Undefined,Undefined,Undefined,0,0,,78.98528,-0.591521,-2.309128,2261.423931,71.725405,8:30,5.09864,1.73,5.82155,-45.54215,-0.53669,-5.89229,0.75305,-0.90902,72.72817,-8.928384,-3.365871,0.482841,,,,,,,,,,,,2.35725,0.30992,-1.53753,50,5.02322,4.84374,-114.67372,-2.6438,3.12964,21.788,-31.76256,MIZ_TIG,NOR_BIS,TaylorStadium,D1,SEC,20260228-TaylorStadium-2,2ab1b970-150b-11f1-9d47-ad81a36dfdfe,78.06388,,,6.25711,,,,,,,1fa80f13-d93e-49a6-97f0-7762eeb242e9,2026-03-01,01:08:32.21,2026-02-28T19:08:32.2190000-06:00,2026-03-01T01:08:32.2190000Z,,v3,4806,471388,ae4075840dfa411e9b4d026302d1ad63,"Gustafson, Evan",1000308757,Right,NOR_BIS,5ef16d1c-a3d9-49e2-b6de-e4a91a6118f1,54.67864,-115.55924,10.894,5.10444,-1.35289,-15.88128,-1.73181,4.71654,1.56482,,,,,,,,,,,,,,,,,,,,,,,,,,,,,,,,,,,,,,,,,,,,,,,,,,,High,High,High,,,,,,,,,,,,,,,,,,,,,,,,,,,,,,,,,,,,,,,
241,2026-02-28,19:08:52.50,3,2,"Reimers, Easton",1000462253,Right,NOR_BIS,"George, Jamal",805322,Right,MIZ_TIG,Undefined,7,Bottom,1,1,0,Slider,Slider,BallCalled,Undefined,Undefined,Undefined,0,0,,80.17017,-0.272999,-2.257568,2209.770726,115.966574,9:45,5.03228,1.89154,5.93288,-40.83715,2.75614,-2.76713,1.37571,-0.43465,73.43287,-7.805263,-2.754615,0.475205,,,,,,,,,,,,0.7574,1.93217,-1.70968,50,4.98756,4.69236,-116.3688,-1.84688,1.03347,22.83881,-29.53763,MIZ_TIG,NOR_BIS,TaylorStadium,D1,SEC,20260228-TaylorStadium-2,36c54ec0-150b-11f1-9d47-ad81a36dfdfe,79.31824,,,6.7373,,,,,,,1fa80f13-d93e-49a6-97f0-7762eeb242e9,2026-03-01,01:08:52.50,2026-02-28T19:08:52.5000000-06:00,2026-03-01T01:08:52.5000000Z,,v3,4806,471388,ae4075840dfa411e9b4d026302d1ad63,"Gustafson, Evan",1000308757,Right,NOR_BIS,5260ac6c-ae68-4ce4-85be-a924a65f379d,54.56569,-117.26144,11.41941,5.03719,-0.69241,-14.76881,-1.89229,4.65197,0.51674,,,,,,,,,,,,,,,,,,,,,,,,,,,,,,,,,,,,,,,,,,,,,,,,,,,High,High,High,,,,,,,,,,,,,,,,,,,,,,,,,,,,,,,,,,,,,,,
242,2026-02-28,19:09:14.92,3,3,"Reimers, Easton",1000462253,Right,NOR_BIS,"George, Jamal",805322,Right,MIZ_TIG,Undefined,7,Bottom,1,2,0,Fastball,Four-Seam,BallCalled,Undefined,Undefined,Undefined,0,0,,87.46128,-2.648965,-1.851693,2230.804289,214.09433,1:15,5.48557,1.23099,6.16142,-23.41344,12.73276,7.85044,1.08436,0.17404,80.33516,-7.03202,-0.435002,0.432716,,,,,,,,,,,,-4.57953,7.66619,-1.09446,50,5.27236,3.7951,-126.96496,-6.58907,-7.48544,25.66344,-19.64329,MIZ_TIG,NOR_BIS,TaylorStadium,D1,SEC,20260228-TaylorStadium-2,44086360-150b-11f1-9d47-ad81a36dfdfe,87.10666,,,7.12612,,,,,,,1fa80f13-d93e-49a6-97f0-7762eeb242e9,2026-03-01,01:09:14.92,2026-02-28T19:09:14.9220000-06:00,2026-03-01T01:09:14.9220000Z,,v3,4806,471388,ae4075840dfa411e9b4d026302d1ad63,"Gustafson, Evan",1000308757,Right,NOR_BIS,1c1effd1-e828-42ac-833c-2ea0836c63a1,54.33788,-127.83877,12.83172,5.48532,-5.92024,-9.82164,-1.22802,4.04997,-3.74272,,,,,,,,,,,,,,,,,,,,,,,,,,,,,,,,,,,,,,,,,,,,,,,,,,,High,High,High,,,,,,,,,,,,,,,,,,,,,,,,,,,,,,,,,,,,,,,
243,2026-02-28,19:09:37.02,3,4,"Reimers, Easton",1000462253,Right,NOR_BIS,"George, Jamal",805322,Right,MIZ_TIG,Undefined,7,Bottom,1,3,0,Fastball,Four-Seam,BallCalled,Walk,Undefined,Undefined,0,0,,86.24412,-2.587345,-1.939439,2199.908807,217.031026,1:15,5.46201,1.12483,6.06329,-23.39123,14.04855,9.67812,1.11516,0.13571,78.93829,-6.973488,-0.196322,0.440391,,,,,,,,,,,,-5.55807,8.35016,-0.97954,50,5.24858,3.8559,-125.14021,-6.36244,-8.79404,25.77934,-18.96238,MIZ_TIG,NOR_BIS,TaylorStadium,D1,SEC,20260228-TaylorStadium-2,512b6ce0-150b-11f1-9d47-ad81a36dfdfe,85.58866,,,7.30583,,,,,,,1fa80f13-d93e-49a6-97f0-7762eeb242e9,2026-03-01,01:09:37.02,2026-02-28T19:09:37.0250000-06:00,2026-03-01T01:09:37.0250000Z,,v3,4806,471388,ae4075840dfa411e9b4d026302d1ad63,"Gustafson, Evan",1000308757,Right,NOR_BIS,a70ba813-3873-4b40-919c-cc1117f03407,54.4358,-126.05069,12.88967,5.46146,-5.69273,-9.48119,-1.12121,4.16649,-4.39702,,,,,,,,,,,,,,,,,,,,,,,,,,,,,,,,,,,,,,,,,,,,,,,,,,,High,High,High,,,,,,,,,,,,,,,,,,,,,,,,,,,,,,,,,,,,,,,
244,2026-02-28,19:10:44.50,4,1,"Reimers, Easton",1000462253,Right,NOR_BIS,"Frost, Isaiah",801981,Left,MIZ_TIG,Undefined,7,Bottom,1,0,0,Fastball,Four-Seam,BallCalled,Undefined,Undefined,Undefined,0,0,,86.07636,-1.875149,-0.627601,2242.364946,210.197801,1:00,5.57662,1.05162,5.87512,-20.82635,16.82328,9.10607,2.09876,1.22754,78.96319,-5.791254,1.006981,0.441623,,,,,,,,,,,,-4.81441,9.4743,-1.00608,50,5.41288,0.99516,-125.00601,-4.71577,-7.63589,24.64745,-17.14743,MIZ_TIG,NOR_BIS,TaylorStadium,D1,SEC,20260228-TaylorStadium-2,79922340-150b-11f1-9d47-ad81a36dfdfe,85.34978,,,7.11316,,,,,,,1fa80f13-d93e-49a6-97f0-7762eeb242e9,2026-03-01,01:10:44.50,2026-02-28T19:10:44.5080000-06:00,2026-03-01T01:10:44.5080000Z,,v3,4806,471388,ae4075840dfa411e9b4d026302d1ad63,"Gustafson, Evan",1000308757,Right,NOR_BIS,14e09f59-0839-4210-a3a8-f3b89cfcc3eb,54.6229,-125.91421,12.32372,5.575,-4.08393,-8.57371,-1.04793,1.27653,-3.81795,,,,,,,,,,,,,,,,,,,,,,,,,,,,,,,,,,,,,,,,,,,,,,,,,,,High,High,High,,,,,,,,,,,,,,,,,,,,,,,,,,,,,,,,,,,,,,,
245,2026-02-28,19:11:05.15,4,2,"Reimers, Easton",1000462253,Right,NOR_BIS,"Frost, Isaiah",801981,Left,MIZ_TIG,Undefined,7,Bottom,1,1,0,ChangeUp,Changeup,InPlay,Undefined,FlyBall,Out,1,0,,80.87058,-0.400447,-2.975073,1664.350217,254.804297,2:30,5.14124,1.36403,6.11412,-37.36313,5.34237,14.34922,1.65689,-0.19346,73.67939,-7.348974,-0.389611,0.470342,91.40153,37.521236,9.254852,3567.860801,108.97718,82.59317,14.96539,287.26304,207.47471,6.007498,5.593143,-8.33603,3.28965,-1.14322,50,5.09102,5.56817,-117.3427,-1.95519,-11.5245,23.95747,-27.62614,MIZ_TIG,NOR_BIS,TaylorStadium,D1,SEC,20260228-TaylorStadium-2,85b71db0-150b-11f1-9d47-ad81a36dfdfe,80.13843,105.70102,,7.19118,,,,1.95796,1.80513,0.20614,1fa80f13-d93e-49a6-97f0-7762eeb242e9,2026-03-01,01:11:05.15,2026-02-28T19:11:05.1560000-06:00,2026-03-01T01:11:05.1560000Z,FlyBall,v3,4806,471388,ae4075840dfa411e9b4d026302d1ad63,"Gustafson, Evan",1000308757,Right,NOR_BIS,83cb5fe6-5370-4857-854e-6e3fc8a8ec4e,54.38547,-118.23468,11.97874,5.14467,-0.92662,-13.81307,-1.35852,5.99725,-5.76225,173.711708,1.96388,104.82665,-26.88832,6.77943,-1.17752,0.12076,-0.00409,-0.00029,2E-05,1.80214,81.6942,-16.79133,-0.25655,0.46706,-0.17138,0.03758,-0.00441,0.00021,0.20738,17.07467,-6.63255,1.93334,-0.39614,0.05419,-0.00421,0.00014,0,,,,,,,,,,,,,,,,,,,,,,,High,High,High,High,Medium,,,,,,,,,,,,,,,,,,,,,,,,,,,,,,,,,,,78.27649,13.30899,21.75389
246,2026-02-28,19:11:49.73,5,1,"Reimers, Easton",1000462253,Right,NOR_BIS,"Maisonet, Eric",835908,Left,MIZ_TIG,Undefined,7,Bottom,2,0,0,ChangeUp,Changeup,StrikeCalled,Undefined,Undefined,Undefined,0,0,,81.19133,1.225776,-2.860015,1629.396233,259.236367,2:45,5.23279,1.42708,6.33485,-37.62356,4.69752,16.72009,3.22772,0.18485,73.22148,-5.834869,0.16299,0.46822,,,,,,,,,,,,-9.51174,2.54831,-1.22553,50,5.30507,5.24424,-117.72791,1.40294,-13.14405,25.55653,-28.65263,MIZ_TIG,NOR_BIS,TaylorStadium,D1,SEC,20260228-TaylorStadium-2,a05ba460-150b-11f1-9d47-ad81a36dfdfe,80.50159,,,7.96985,,,,,,,1fa80f13-d93e-49a6-97f0-7762eeb242e9,2026-03-01,01:11:49.73,2026-02-28T19:11:49.7370000-06:00,2026-03-01T01:11:49.7370000Z,,v3,4806,471388,ae4075840dfa411e9b4d026302d1ad63,"Gustafson, Evan",1000308757,Right,NOR_BIS,2bb0190f-9c7e-4b24-83b7-d83cffb9b1e8,54.16174,-118.6279,12.77826,5.2379,2.41197,-14.32632,-1.41836,5.70712,-6.57202,,,,,,,,,,,,,,,,,,,,,,,,,,,,,,,,,,,,,,,,,,,,,,,,,,,High,High,High,,,,,,,,,,,,,,,,,,,,,,,,,,,,,,,,,,,,,,,
247,2026-02-28,19:12:08.44,5,2,"Reimers, Easton",1000462253,Right,NOR_BIS,"Maisonet, Eric",835908,Left,MIZ_TIG,Undefined,7,Bottom,2,0,1,Fastball,Four-Seam,BallCalled,Undefined,Undefined,Undefined,0,0,,86.3032,0.005206,-1.126489,2287.228535,209.482447,1:00,5.45998,1.3212,5.95925,-22.1193,15.15532,7.92485,3.62154,0.93686,79.05964,-4.161289,0.297501,0.439418,,,,,,,,,,,,-4.35036,8.12122,-1.23606,50,5.44797,2.1411,-125.40543,-0.65523,-6.94967,24.61095,-19.20042,MIZ_TIG,NOR_BIS,TaylorStadium,D1,SEC,20260228-TaylorStadium-2,ab8093f0-150b-11f1-9d47-ad81a36dfdfe,85.77803,,,7.24356,,,,,,,1fa80f13-d93e-49a6-97f0-7762eeb242e9,2026-03-01,01:12:08.44,2026-02-28T19:12:08.4420000-06:00,2026-03-01T01:12:08.4420000Z,,v3,4806,471388,ae4075840dfa411e9b4d026302d1ad63,"Gustafson, Evan",1000308757,Right,NOR_BIS,5fe394a3-ac18-4195-971e-4b0b0c064659,54.53857,-126.29299,12.30548,5.45911,0.0372,-9.60021,-1.3178,2.39173,-3.47484,,,,,,,,,,,,,,,,,,,,,,,,,,,,,,,,,,,,,,,,,,,,,,,,,,,High,High,High,,,,,,,,,,,,,,,,,,,,,,,,,,,,,,,,,,,,,,,
248,2026-02-28,19:12:27.35,5,3,"Reimers, Easton",1000462253,Right,NOR_BIS,"Maisonet, Eric",835908,Left,MIZ_TIG,Undefined,7,Bottom,2,1,1,Fastball,Four-Seam,InPlay,Undefined,FlyBall,Out,1,0,,86.20943,-2.163091,-1.91707,2245.098395,207.531974,1:00,5.68826,1.08472,5.94458,-21.41521,16.46009,7.89524,1.89517,-0.03622,78.28606,-6.211299,-0.498817,0.442945,84.41964,41.737093,17.020209,,104.46172,91.53875,34.46374,235.82593,125.66917,19.585327,5.374904,-4.65736,9.50111,-0.93655,50,5.50394,3.86744,-125.01718,-5.35681,-7.30141,27.42183,-17.27909,MIZ_TIG,NOR_BIS,TaylorStadium,D1,SEC,20260228-TaylorStadium-2,b6b64c60-150b-11f1-9d47-ad81a36dfdfe,85.09515,101.08216,,7.92337,,,,1.54837,1.94489,0.03892,1fa80f13-d93e-49a6-97f0-7762eeb242e9,2026-03-01,01:12:27.35,2026-02-28T19:12:27.3510000-06:00,2026-03-01T01:12:27.3510000Z,FlyBall,v3,4806,471388,ae4075840dfa411e9b4d026302d1ad63,"Gustafson, Evan",1000308757,Right,NOR_BIS,3cf63698-5967-4d71-8e85-dd0b122a9c76,54.55373,-126.01206,13.71092,5.68691,-4.72991,-8.63954,-1.08167,4.13234,-3.65071,184.79885,1.55373,88.2362,-24.97847,6.5432,-1.10696,0.0852,0.0061,-0.00165,9E-05,1.94142,82.48398,-18.76856,0.413,0.27309,-0.12928,0.03282,-0.00432,0.00022,0.04047,27.01342,-5.87906,1.32757,-0.16798,-0.00362,0.00494,-0.00066,3E-05,,,,,,,,,,,,,,,,,,,,,,,High,High,High,High,Low,,,,,,,,,,,,,,,,,,,,,,,,,,,,,,,,,,,68.37716,23.60652,23.67496
249,2026-02-28,19:15:06.07,1,1,"Salas, Isaiah",1000194791,Left,MIZ_TIG,"Gustafson, Evan",1000308757,Left,NOR_BIS,Undefined,8,Top,0,0,0,Fastball,Four-Seam,StrikeCalled,Undefined,Undefined,Undefined,0,0,,87.87187,-1.503997,1.928201,2370.638043,160.079392,11:15,5.45513,-1.15144,6.38451,-17.56509,18.08647,-6.12866,2.60676,0.11224,80.04182,-4.877823,0.818634,0.429745,,,,,,,,,,,,3.73614,10.20524,1.01521,50,5.33842,-4.05233,-127.59369,-3.80216,6.13399,27.2549,-15.41913,MIZ_TIG,NOR_BIS,TaylorStadium,D1,SEC,20260228-TaylorStadium-2,1556ffd0-150c-11f1-9d47-ad81a36dfdfe,87.70885,,,7.83005,,,,,,,1fa80f13-d93e-49a6-97f0-7762eeb242e9,2026-03-01,01:15:06.07,2026-02-28T19:15:06.0710000-06:00,2026-03-01T01:15:06.0710000Z,,v3,4806,471388,ae4075840dfa411e9b4d026302d1ad63,"Serna, Mateo",806219,Right,MIZ_TIG,16af5583-0065-477f-a2a2-2552fa42ce85,54.11253,-128.46915,13.62745,5.45259,-3.30688,-7.70956,1.14854,-4.24936,3.067,,,,,,,,,,,,,,,,,,,,,,,,,,,,,,,,,,,,,,,,,,,,,,,,,,,High,High,High,,,,,,,,,,,,,,,,,,,,,,,,,,,,,,,,,,,,,,,
250,2026-02-28,19:15:23.31,1,2,"Salas, Isaiah",1000194791,Left,MIZ_TIG,"Gustafson, Evan",1000308757,Left,NOR_BIS,Undefined,8,Top,0,0,1,Slider,Curveball,BallCalled,Undefined,Undefined,Undefined,0,0,,77.0988,0.613118,1.13333,2426.314937,307.791878,4:15,5.25637,-1.26354,5.61913,-53.64767,-5.91363,9.62103,1.35806,0.59603,70.71449,-9.173097,2.854554,0.497262,,,,,,,,,,,,-4.54843,-2.73914,1.16049,50,5.27407,-2.57637,-111.95204,-0.55968,-5.72856,21.64711,-35.62387,MIZ_TIG,NOR_BIS,TaylorStadium,D1,SEC,20260228-TaylorStadium-2,1f9ba180-150c-11f1-9d47-ad81a36dfdfe,75.7999,,,6.38431,,,,,,,1fa80f13-d93e-49a6-97f0-7762eeb242e9,2026-03-01,01:15:23.31,2026-02-28T19:15:23.3190000-06:00,2026-03-01T01:15:23.3190000Z,,v3,4806,471388,ae4075840dfa411e9b4d026302d1ad63,"Serna, Mateo",806219,Right,MIZ_TIG,7e0f2286-0f4f-4b17-aa0f-34305412c7d4,54.88195,-112.89207,10.82356,5.26479,0.9873,-17.81194,1.26697,-2.32761,-2.86428,,,,,,,,,,,,,,,,,,,,,,,,,,,,,,,,,,,,,,,,,,,,,,,,,,,High,High,High,,,,,,,,,,,,,,,,,,,,,,,,,,,,,,,,,,,,,,,
251,2026-02-28,19:15:42.63,1,3,"Salas, Isaiah",1000194791,Left,MIZ_TIG,"Gustafson, Evan",1000308757,Left,NOR_BIS,Undefined,8,Top,0,1,1,Fastball,Four-Seam,InPlay,Undefined,FlyBall,Out,1,0,,88.06922,-1.350305,1.162486,2338.422367,154.121656,11:15,5.43846,-1.16058,6.41948,-16.76816,18.85993,-8.54843,2.79932,-0.80415,79.73938,-4.596695,-0.387013,0.429603,97.3796,30.958848,3.783594,2916.33811,109.93228,63.76284,3.84806,311.86694,309.11919,-3.242313,5.177457,4.83319,10.63882,1.08133,50,5.33431,-2.26258,-127.89475,-3.43151,7.91535,29.14517,-14.7508,MIZ_TIG,NOR_BIS,TaylorStadium,D1,SEC,20260228-TaylorStadium-2,2b208b60-150c-11f1-9d47-ad81a36dfdfe,87.73776,88.23334,,8.32984,,,,1.37742,2.83444,0.78573,1fa80f13-d93e-49a6-97f0-7762eeb242e9,2026-03-01,01:15:42.63,2026-02-28T19:15:42.6350000-06:00,2026-03-01T01:15:42.6350000Z,FlyBall,v3,4806,471388,ae4075840dfa411e9b4d026302d1ad63,"Serna, Mateo",806219,Right,MIZ_TIG,25886677-405c-4fcb-b07a-1e507d4619d4,54.0784,-128.8208,14.57259,5.4359,-2.96282,-7.3754,1.15721,-2.51408,3.95768,163.040456,1.37745,122.20009,-27.96226,6.61334,-1.39949,0.26491,-0.04057,0.00406,-0.00018,2.83612,73.44972,-17.92894,1.26437,-0.19883,0.01362,0.00366,-0.00077,4E-05,0.78637,8.06137,-6.30385,1.65762,-0.28052,0.02346,0.00073,-0.00029,2E-05,,,,,,,,,,,,,,,,,,,,,,,High,High,High,High,Medium,,,,,,,,,,,,,,,,,,,,,,,,,,,,,,,,,,,,,
252,2026-02-28,19:16:20.20,2,1,"Salas, Isaiah",1000194791,Left,MIZ_TIG,"Jones, Cal",1000435438,Left,NOR_BIS,Undefined,8,Top,1,0,0,Slider,Slider,BallCalled,Undefined,Undefined,Undefined,0,0,,78.41472,0.034857,1.415569,2302.316444,297.515705,4:00,5.23437,-1.52487,5.68303,-46.41026,-0.6861,4.00516,1.39935,0.12866,72.27449,-8.451294,2.132625,0.486681,,,,,,,,,,,,-1.64988,0.04776,1.40308,50,5.20804,-2.96567,-113.91766,-1.43997,-2.16846,20.88952,-32.11129,MIZ_TIG,NOR_BIS,TaylorStadium,D1,SEC,20260228-TaylorStadium-2,4199def0-150c-11f1-9d47-ad81a36dfdfe,77.44795,,,6.14023,,,,,,,1fa80f13-d93e-49a6-97f0-7762eeb242e9,2026-03-01,01:16:20.20,2026-02-28T19:16:20.2060000-06:00,2026-03-01T01:16:20.2060000Z,,v3,4806,471388,ae4075840dfa411e9b4d026302d1ad63,"Serna, Mateo",806219,Right,MIZ_TIG,98ed92ad-7ec3-477e-ab18-692ad94b9f05,54.8175,-114.79767,10.44476,5.24021,-0.08723,-16.05565,1.52609,-2.87431,-1.08423,,,,,,,,,,,,,,,,,,,,,,,,,,,,,,,,,,,,,,,,,,,,,,,,,,,High,High,High,,,,,,,,,,,,,,,,,,,,,,,,,,,,,,,,,,,,,,,
253,2026-02-28,19:16:39.31,2,2,"Salas, Isaiah",1000194791,Left,MIZ_TIG,"Jones, Cal",1000435438,Left,NOR_BIS,Undefined,8,Top,1,1,0,Fastball,Four-Seam,BallCalled,Undefined,Undefined,Undefined,0,0,,89.07827,-3.84095,2.331183,2423.175262,164.111772,11:30,5.43143,-1.10735,6.55855,-16.0671,18.51517,-4.94099,0.56272,0.61944,81.35118,-6.926627,1.433906,0.423251,,,,,,,,,,,,3.28099,11.20245,0.94858,50,5.15905,-5.06982,-129.14158,-9.07417,5.51746,27.95461,-13.33553,MIZ_TIG,NOR_BIS,TaylorStadium,D1,SEC,20260228-TaylorStadium-2,4cdf27c0-150c-11f1-9d47-ad81a36dfdfe,89.05453,,,7.7271,,,,,,,1fa80f13-d93e-49a6-97f0-7762eeb242e9,2026-03-01,01:16:39.31,2026-02-28T19:16:39.3140000-06:00,2026-03-01T01:16:39.3140000Z,,v3,4806,471388,ae4075840dfa411e9b4d026302d1ad63,"Serna, Mateo",806219,Right,MIZ_TIG,7b232da3-d4b8-4690-8092-3d198ee3ca9b,53.94042,-129.99174,13.9773,5.42885,-8.6686,-6.66777,1.10531,-5.23762,2.75873,,,,,,,,,,,,,,,,,,,,,,,,,,,,,,,,,,,,,,,,,,,,,,,,,,,High,High,High,,,,,,,,,,,,,,,,,,,,,,,,,,,,,,,,,,,,,,,
254,2026-02-28,19:17:02.32,2,3,"Salas, Isaiah",1000194791,Left,MIZ_TIG,"Jones, Cal",1000435438,Left,NOR_BIS,Undefined,8,Top,1,2,0,Fastball,Cutter,BallCalled,Undefined,Undefined,Undefined,0,0,,87.92118,-1.099957,3.460624,2503.274607,175.170855,11:45,5.32849,-1.32668,6.21104,-20.97541,14.53812,-1.14102,2.56339,1.77599,81.05707,-5.045532,3.255246,0.428912,,,,,,,,,,,,1.46803,8.13863,1.06743,50,5.23515,-7.67309,-127.63813,-3.07199,2.4424,24.17781,-18.63361,MIZ_TIG,NOR_BIS,TaylorStadium,D1,SEC,20260228-TaylorStadium-2,5aa13060-150c-11f1-9d47-ad81a36dfdfe,87.87918,,,6.86411,,,,,,,1fa80f13-d93e-49a6-97f0-7762eeb242e9,2026-03-01,01:17:02.32,2026-02-28T19:17:02.3290000-06:00,2026-03-01T01:17:02.3290000Z,,v3,4806,471388,ae4075840dfa411e9b4d026302d1ad63,"Serna, Mateo",806219,Right,MIZ_TIG,904b1f5b-d404-4122-9c9d-3b41ab3828a9,54.28751,-128.44772,12.0889,5.32758,-2.44804,-9.31681,1.32573,-7.75487,1.2212,,,,,,,,,,,,,,,,,,,,,,,,,,,,,,,,,,,,,,,,,,,,,,,,,,,High,High,High,,,,,,,,,,,,,,,,,,,,,,,,,,,,,,,,,,,,,,,
255,2026-02-28,19:17:27.53,2,4,"Salas, Isaiah",1000194791,Left,MIZ_TIG,"Jones, Cal",1000435438,Left,NOR_BIS,Undefined,8,Top,1,3,0,Fastball,Four-Seam,BallCalled,Walk,Undefined,Undefined,0,0,,87.27865,-2.827031,3.013257,2377.39858,162.569659,11:30,5.3522,-1.27244,6.34431,-18.98391,17.11371,-5.01583,1.16195,1.08612,80.09955,-6.428279,2.106917,0.432425,,,,,,,,,,,,3.42469,10.03004,1.05551,50,5.13718,-6.46846,-126.59188,-6.7729,5.56973,25.30417,-15.86164,MIZ_TIG,NOR_BIS,TaylorStadium,D1,SEC,20260228-TaylorStadium-2,69a41d70-150c-11f1-9d47-ad81a36dfdfe,87.16529,,,7.1791,,,,,,,1fa80f13-d93e-49a6-97f0-7762eeb242e9,2026-03-01,01:17:27.53,2026-02-28T19:17:27.5360000-06:00,2026-03-01T01:17:27.5360000Z,,v3,4806,471388,ae4075840dfa411e9b4d026302d1ad63,"Serna, Mateo",806219,Right,MIZ_TIG,0d67b2e8-8fb7-4746-a082-cf6f36203d07,54.15395,-127.4195,12.65209,5.35021,-6.25412,-7.93082,1.27005,-6.65063,2.78487,,,,,,,,,,,,,,,,,,,,,,,,,,,,,,,,,,,,,,,,,,,,,,,,,,,High,High,High,,,,,,,,,,,,,,,,,,,,,,,,,,,,,,,,,,,,,,,
256,2026-02-28,19:21:45.99,3,1,"Lawrence, Trey",806552,Right,MIZ_TIG,"Timmons, Blake",1000310255,Left,NOR_BIS,Undefined,8,Top,1,0,0,Fastball,Sinker,StrikeCalled,Undefined,Undefined,Undefined,0,0,,91.70298,-1.29314,-2.760134,2069.712399,252.848305,2:30,5.35691,2.20397,6.09577,-26.3197,6.77264,18.45048,1.96595,1.1866,83.69552,-6.201587,0.563782,0.414033,,,,,,,,,,,,-10.26304,4.20421,-2.00056,50,5.24347,5.62428,-133.10186,-3.9045,-18.34828,29.48122,-24.65771,MIZ_TIG,NOR_BIS,TaylorStadium,D1,SEC,20260228-TaylorStadium-2,03a8ac60-150d-11f1-9d47-ad81a36dfdfe,91.03723,,,8.00746,,,,,,,1fa80f13-d93e-49a6-97f0-7762eeb242e9,2026-03-01,01:21:45.99,2026-02-28T19:21:45.9960000-06:00,2026-03-01T01:21:45.9960000Z,,v3,4806,471388,ae4075840dfa411e9b4d026302d1ad63,"Serna, Mateo",806219,Right,MIZ_TIG,2f1897ff-e8d7-4388-abf6-eea97a24fffe,54.40355,-134.07368,14.74061,5.35878,-3.0917,-12.32886,-2.19593,6.22911,-9.17414,,,,,,,,,,,,,,,,,,,,,,,,,,,,,,,,,,,,,,,,,,,,,,,,,,,High,High,High,,,,,,,,,,,,,,,,,,,,,,,,,,,,,,,,,,,,,,,
257,2026-02-28,19:22:03.89,3,2,"Lawrence, Trey",806552,Right,MIZ_TIG,"Timmons, Blake",1000310255,Left,NOR_BIS,Undefined,8,Top,1,0,1,Fastball,Sinker,InPlay,Undefined,FlyBall,Out,1,0,,91.64989,-1.360771,-3.810547,2029.202535,250.667603,2:15,5.39673,1.9046,5.89039,-25.68218,7.86339,19.18489,1.99002,-0.04004,83.33671,-6.14523,-0.37328,0.416859,102.01153,16.138827,-10.007104,2874.027595,106.64841,27.476,-26.94586,291.4956,286.47174,-22.527538,3.223897,-10.95339,4.76028,-1.60825,50,5.27209,8.01194,-132.81731,-4.0538,-19.44624,30.07423,-23.72283,MIZ_TIG,NOR_BIS,TaylorStadium,D1,SEC,20260228-TaylorStadium-2,0e6d2c70-150d-11f1-9d47-ad81a36dfdfe,90.42012,32.72662,,8.31319,,,,0.44213,1.88444,0.0443,1fa80f13-d93e-49a6-97f0-7762eeb242e9,2026-03-01,01:22:03.89,2026-02-28T19:22:03.8980000-06:00,2026-03-01T01:22:03.8980000Z,LineDrive,v3,4806,471388,ae4075840dfa411e9b4d026302d1ad63,"Serna, Mateo",806219,Right,MIZ_TIG,d72d7956-d60f-4592-9894-654f2c61c6ce,54.6094,-133.85696,15.03711,5.39806,-3.23371,-11.86141,-1.89684,8.68418,-9.72312,125.460925,0.44183,141.54468,-29.07297,5.87679,-1.29454,0.28574,-0.05654,0.00732,-0.00042,1.88469,41.57891,-14.89663,0.585,0.03865,-0.04348,0.01547,-0.00242,0.00014,0.04368,-24.95112,-8.61028,3.58823,-1.13239,0.32459,-0.07324,0.01007,-0.00059,,,,,,,,,,,,,,,,,,,,,,,High,High,High,High,Medium,,,,,,,,,,,,,,,,,,,,,,,,,,,,,,,,,,,,,
258,2026-02-28,19:23:16.31,4,1,"Lawrence, Trey",806552,Right,MIZ_TIG,"Simon, Thomas",1000111211,Right,NOR_BIS,Undefined,8,Top,2,0,0,Fastball,Sinker,BallCalled,Undefined,Undefined,Undefined,0,0,,92.44216,-3.117488,-4.874305,2052.612952,241.185311,2:00,5.43495,1.82854,6.16866,-22.38139,10.39788,16.86454,0.67704,-1.27916,84.15028,-7.314265,-1.843475,0.41207,,,,,,,,,,,,-10.08552,6.63292,-1.46658,50,5.18645,10.66921,-133.65026,-8.03005,-18.14697,30.20926,-20.2394,MIZ_TIG,NOR_BIS,TaylorStadium,D1,SEC,20260228-TaylorStadium-2,39826100-150d-11f1-9d47-ad81a36dfdfe,91.47095,,,8.29188,,,,,,,1fa80f13-d93e-49a6-97f0-7762eeb242e9,2026-03-01,01:23:16.31,2026-02-28T19:23:16.3120000-06:00,2026-03-01T01:23:16.3120000Z,,v3,4806,471388,ae4075840dfa411e9b4d026302d1ad63,"Serna, Mateo",806219,Right,MIZ_TIG,d82de081-baac-4e02-b795-6f013d3c14a1,54.32957,-134.62533,15.10463,5.43509,-7.37678,-10.1197,-1.8204,11.25494,-9.07349,,,,,,,,,,,,,,,,,,,,,,,,,,,,,,,,,,,,,,,,,,,,,,,,,,,High,High,High,,,,,,,,,,,,,,,,,,,,,,,,,,,,,,,,,,,,,,,
259,2026-02-28,19:23:38.86,4,2,"Lawrence, Trey",806552,Right,MIZ_TIG,"Simon, Thomas",1000111211,Right,NOR_BIS,Undefined,8,Top,2,1,0,Slider,Slider,StrikeCalled,Undefined,Undefined,Undefined,0,0,,83.2623,0.30349,-0.8062,2213.331815,91.973724,9:00,5.22837,1.95409,6.07697,-38.68002,1.80776,-11.63075,2.28587,0.23887,75.5093,-6.881639,-2.902441,0.457966,,,,,,,,,,,,5.69654,1.29382,-1.88593,50,5.2318,2.16094,-120.8638,-0.61001,8.30721,26.66684,-30.2873,MIZ_TIG,NOR_BIS,TaylorStadium,D1,SEC,20260228-TaylorStadium-2,4704a180-150d-11f1-9d47-ad81a36dfdfe,82.30402,,,7.75301,,,,,,,1fa80f13-d93e-49a6-97f0-7762eeb242e9,2026-03-01,01:23:38.86,2026-02-28T19:23:38.8660000-06:00,2026-03-01T01:23:38.8660000Z,,v3,4806,471388,ae4075840dfa411e9b4d026302d1ad63,"Serna, Mateo",806219,Right,MIZ_TIG,157c4330-312e-4594-94e3-b29f48865c73,54.42032,-121.83517,13.33342,5.23393,0.49325,-15.14365,-1.95913,1.85834,4.1536,,,,,,,,,,,,,,,,,,,,,,,,,,,,,,,,,,,,,,,,,,,,,,,,,,,High,High,High,,,,,,,,,,,,,,,,,,,,,,,,,,,,,,,,,,,,,,,
260,2026-02-28,19:23:57.94,4,3,"Lawrence, Trey",806552,Right,MIZ_TIG,"Simon, Thomas",1000111211,Right,NOR_BIS,Undefined,8,Top,2,1,1,Fastball,Sinker,StrikeCalled,Undefined,Undefined,Undefined,0,0,,92.85311,-1.410859,-3.500423,2033.595582,247.010304,2:15,5.51142,1.75573,6.20158,-25.16238,6.62626,13.47009,2.10952,-0.35698,85.76979,-6.088985,-1.072331,0.405796,,,,,,,,,,,,-7.90552,4.06118,-1.49919,50,5.39236,7.69991,-134.87014,-4.17677,-14.70264,26.66734,-24.62106,MIZ_TIG,NOR_BIS,TaylorStadium,D1,SEC,20260228-TaylorStadium-2,52592c90-150d-11f1-9d47-ad81a36dfdfe,92.88527,,,7.08332,,,,,,,1fa80f13-d93e-49a6-97f0-7762eeb242e9,2026-03-01,01:23:57.94,2026-02-28T19:23:57.9450000-06:00,2026-03-01T01:23:57.9450000Z,,v3,4806,471388,ae4075840dfa411e9b4d026302d1ad63,"Serna, Mateo",806219,Right,MIZ_TIG,3df24719-7703-4be1-be94-42dd941c8fb8,54.30023,-135.71775,13.33367,5.51267,-3.3942,-12.31053,-1.75135,8.16722,-7.35132,,,,,,,,,,,,,,,,,,,,,,,,,,,,,,,,,,,,,,,,,,,,,,,,,,,High,High,High,,,,,,,,,,,,,,,,,,,,,,,,,,,,,,,,,,,,,,,
261,2026-02-28,19:24:22.85,4,4,"Lawrence, Trey",806552,Right,MIZ_TIG,"Simon, Thomas",1000111211,Right,NOR_BIS,Undefined,8,Top,2,1,2,Slider,Slider,StrikeCalled,Strikeout,Undefined,Undefined,0,0,,82.85105,0.941581,-0.134399,2044.639949,74.509385,8:30,5.22302,1.78084,5.87687,-44.4414,-3.04732,-16.38154,2.39415,0.29089,74.82142,-7.266388,-3.077047,0.463064,,,,,,,,,,,,8.27343,-1.37752,-1.76079,50,5.274,0.94684,-120.20019,0.46523,11.8709,27.4866,-34.15055,MIZ_TIG,NOR_BIS,TaylorStadium,D1,SEC,20260228-TaylorStadium-2,6149a310-150d-11f1-9d47-ad81a36dfdfe,81.39798,,,8.02963,,,,,,,1fa80f13-d93e-49a6-97f0-7762eeb242e9,2026-03-01,01:24:22.85,2026-02-28T19:24:22.8530000-06:00,2026-03-01T01:24:22.8530000Z,,v3,4806,471388,ae4075840dfa411e9b4d026302d1ad63,"Serna, Mateo",806219,Right,MIZ_TIG,49697355-30c5-41d3-8d24-364eb0e9918d,54.62122,-121.25233,13.7433,5.23117,1.77246,-17.07528,-1.78833,0.49244,5.93545,,,,,,,,,,,,,,,,,,,,,,,,,,,,,55.70186,,,1.26499,,,,-3.1189,6.20683,4.82965,72.25845,3.80816,52.52937,-3.04899,68.60794,-7.40954,6.22882,14.64927,-13.18445,4.84123,40.00438,-1.86351,High,High,High,,,High,High,High,,,,,,,,,,,,,,,,,,,,,,,,,,,,,,,,,,
262,2026-02-28,19:26:32.47,1,1,"Reimers, Easton",1000462253,Right,NOR_BIS,"Parker, Sam",806179,Left,MIZ_TIG,Undefined,8,Bottom,0,0,0,ChangeUp,Changeup,BallCalled,Undefined,Undefined,Undefined,0,0,,79.14921,0.048625,-1.359928,1595.252478,256.238823,2:30,5.333,1.44481,6.43676,-38.9651,4.57425,13.25646,2.1306,1.29954,72.84296,-7.216281,1.046498,0.474911,,,,,,,,,,,,-7.29642,2.7974,-1.35372,50,5.31909,2.27268,-115.12177,-1.00833,-9.80372,21.12811,-28.41535,MIZ_TIG,NOR_BIS,TaylorStadium,D1,SEC,20260228-TaylorStadium-2,ae8c3b60-150d-11f1-9d47-ad81a36dfdfe,79.36734,,,6.30625,,,,,,,1fa80f13-d93e-49a6-97f0-7762eeb242e9,2026-03-01,01:26:32.47,2026-02-28T19:26:32.4710000-06:00,2026-03-01T01:26:32.4710000Z,,v3,4806,471388,ae4075840dfa411e9b4d026302d1ad63,"Gustafson, Evan",1000308757,Right,NOR_BIS,d66b58f5-9cf6-49d4-a16c-b36f46933c08,54.06331,-115.8651,10.56406,5.33698,-0.00862,-14.20767,-1.43974,2.6176,-4.90186,,,,,,,,,,,,,,,,,,,,,,,,,,,,,,,,,,,,,,,,,,,,,,,,,,,High,High,High,,,,,,,,,,,,,,,,,,,,,,,,,,,,,,,,,,,,,,,
263,2026-02-28,19:26:48.51,1,2,"Reimers, Easton",1000462253,Right,NOR_BIS,"Parker, Sam",806179,Left,MIZ_TIG,Undefined,8,Bottom,0,1,0,ChangeUp,Changeup,FoulBallNotFieldable,Undefined,Undefined,Undefined,0,0,,78.80546,0.183437,-2.755232,1534.909536,254.472,2:30,5.20779,1.49393,6.05933,-39.46073,5.23414,13.80524,2.08938,0.09225,72.3375,-7.12976,-0.270295,0.481172,74.70167,-36.020084,87.5933,,,,,5.36396,4.30273,35.847924,0.037899,-7.98103,3.00059,-1.28762,50,5.20059,5.0242,-114.46669,-0.80649,-10.5832,21.23746,-28.19515,MIZ_TIG,NOR_BIS,TaylorStadium,D1,SEC,20260228-TaylorStadium-2,b7f63480-150d-11f1-9d47-ad81a36dfdfe,78.3347,2.44952,,6.46796,,,,4.20641,2.44952,-0.22469,1fa80f13-d93e-49a6-97f0-7762eeb242e9,2026-03-01,01:26:48.51,2026-02-28T19:26:48.5120000-06:00,2026-03-01T01:26:48.5120000Z,GroundBall,v3,4806,471388,ae4075840dfa411e9b4d026302d1ad63,"Gustafson, Evan",1000308757,Right,NOR_BIS,e14514c7-edaf-41af-8635-67e7a8c185df,54.44232,-115.28795,10.61873,5.2107,0.28382,-14.09758,-1.48982,5.43345,-5.2916,,4.20634,3.73284,,,,,,,,2.45075,-64.63218,,,,,,,,-0.22638,88.8146,,,,,,,,,,,,,,,,,,,,,,,,,,,,,,High,High,High,Low,Low,,,,,,,,,,,,,,,,,,,,,,,,,,,,,,,,,,,66.77124,10.37738,19.90192
264,2026-02-28,19:27:09.45,1,3,"Reimers, Easton",1000462253,Right,NOR_BIS,"Parker, Sam",806179,Left,MIZ_TIG,Undefined,8,Bottom,0,1,1,ChangeUp,Changeup,StrikeSwinging,Undefined,Undefined,Undefined,0,0,,78.76631,-0.406792,-2.266195,1628.065609,250.029654,2:15,5.1942,1.49105,6.15659,-37.45045,6.90784,15.34847,1.6972,0.67533,72.66429,-7.354014,0.503817,0.479357,,,,,,,,,,,,-8.55796,4.08823,-1.32665,50,5.14401,3.98553,-114.4919,-1.91145,-11.4105,20.25011,-26.72311,MIZ_TIG,NOR_BIS,TaylorStadium,D1,SEC,20260228-TaylorStadium-2,c486e910-150d-11f1-9d47-ad81a36dfdfe,78.6313,,,6.10201,,,,,,,1fa80f13-d93e-49a6-97f0-7762eeb242e9,2026-03-01,01:27:09.45,2026-02-28T19:27:09.4510000-06:00,2026-03-01T01:27:09.4510000Z,,v3,4806,471388,ae4075840dfa411e9b4d026302d1ad63,"Gustafson, Evan",1000308757,Right,NOR_BIS,6e1da20b-d14e-41fd-8c4f-6994bb056f2a,54.34406,-115.25767,10.12506,5.19719,-0.9009,-13.36156,-1.48552,4.41703,-5.70525,,,,,,,,,,,,,,,,,,,,,,,,,,,,,,,,,,,,,,,,,,,,,,,,,,,High,High,High,,,,,,,,,,,,,,,,,,,,,,,,,,,,,,,,,,,,,,,
265,2026-02-28,19:27:27.85,1,4,"Reimers, Easton",1000462253,Right,NOR_BIS,"Parker, Sam",806179,Left,MIZ_TIG,Undefined,8,Bottom,0,1,2,Fastball,Four-Seam,BallCalled,Undefined,Undefined,Undefined,0,0,,85.90639,0.578309,-0.614124,2121.845296,204.309058,12:45,5.62579,1.12563,5.81873,-19.71572,18.57658,7.79855,4.52056,1.20449,77.65922,-3.184806,0.783273,0.445376,,,,,,,,,,,,-4.13575,9.66371,-1.07988,50,5.66153,1.00601,-124.63596,0.6978,-6.44278,27.30463,-17.11969,MIZ_TIG,NOR_BIS,TaylorStadium,D1,SEC,20260228-TaylorStadium-2,cf6b4d30-150d-11f1-9d47-ad81a36dfdfe,84.63056,,,8.24717,,,,,,,1fa80f13-d93e-49a6-97f0-7762eeb242e9,2026-03-01,01:27:27.85,2026-02-28T19:27:27.8570000-06:00,2026-03-01T01:27:27.8570000Z,,v3,4806,471388,ae4075840dfa411e9b4d026302d1ad63,"Gustafson, Evan",1000308757,Right,NOR_BIS,86c8f768-2306-483c-974f-5d6ec0cb3a53,54.67672,-125.65633,13.65232,5.6235,1.33756,-8.55985,-1.12197,1.24677,-3.22139,,,,,,,,,,,,,,,,,,,,,,,,,,,,,,,,,,,,,,,,,,,,,,,,,,,High,High,High,,,,,,,,,,,,,,,,,,,,,,,,,,,,,,,,,,,,,,,
266,2026-02-28,19:27:54.54,1,5,"Reimers, Easton",1000462253,Right,NOR_BIS,"Parker, Sam",806179,Left,MIZ_TIG,Undefined,8,Bottom,0,2,2,ChangeUp,Changeup,BallCalled,Undefined,Undefined,Undefined,0,0,,80.83525,-0.963877,-2.403242,1719.15642,250.58728,2:15,5.22742,1.27123,6.37682,-35.75128,6.49587,14.41918,1.3605,0.26048,73.79856,-7.644633,0.210136,0.467811,,,,,,,,,,,,-8.24937,4.09744,-1.10424,50,5.14145,4.41034,-117.38571,-3.00688,-11.42256,23.8061,-26.5005,MIZ_TIG,NOR_BIS,TaylorStadium,D1,SEC,20260228-TaylorStadium-2,df6b10d0-150d-11f1-9d47-ad81a36dfdfe,80.57202,,,7.0367,,,,,,,1fa80f13-d93e-49a6-97f0-7762eeb242e9,2026-03-01,01:27:54.54,2026-02-28T19:27:54.5400000-06:00,2026-03-01T01:27:54.5400000Z,,v3,4806,471388,ae4075840dfa411e9b4d026302d1ad63,"Gustafson, Evan",1000308757,Right,NOR_BIS,622785b1-ea60-4767-b784-bf72ac9b806a,54.12247,-118.2188,11.90305,5.23045,-2.0795,-13.25025,-1.26557,4.81007,-5.71128,,,,,,,,,,,,,,,,,,,,,,,,,,,,,,,,,,,,,,,,,,,,,,,,,,,High,High,High,,,,,,,,,,,,,,,,,,,,,,,,,,,,,,,,,,,,,,,
267,2026-02-28,19:28:13.99,1,6,"Reimers, Easton",1000462253,Right,NOR_BIS,"Parker, Sam",806179,Left,MIZ_TIG,Undefined,8,Bottom,0,3,2,Fastball,Four-Seam,FoulBallNotFieldable,Undefined,Undefined,Undefined,0,0,,88.33978,-2.793624,-1.998641,2185.404882,209.051094,1:00,5.74426,0.8611,5.8961,-19.01336,16.79308,8.6976,1.56253,-0.27043,81.00904,-6.372856,-0.437793,0.430677,,,,,,,,,,,,-5.06485,9.74768,-0.70546,50,5.50831,4.12383,-128.18642,-6.83835,-8.43514,26.26687,-15.93994,MIZ_TIG,NOR_BIS,TaylorStadium,D1,SEC,20260228-TaylorStadium-2,eae79640-150d-11f1-9d47-ad81a36dfdfe,87.51898,,,7.33074,,,,,,,1fa80f13-d93e-49a6-97f0-7762eeb242e9,2026-03-01,01:28:13.99,2026-02-28T19:28:13.9940000-06:00,2026-03-01T01:28:13.9940000Z,,v3,4806,471388,ae4075840dfa411e9b4d026302d1ad63,"Gustafson, Evan",1000308757,Right,NOR_BIS,2cd608e1-de0d-4207-969d-f7634c4b435c,54.60467,-129.12653,13.13344,5.74285,-6.26785,-7.96997,-0.85845,4.42573,-4.21757,,,,,,,,,,,,,,,,,,,,,,,,,,,,,,,,,,,,,,,,,,,,,,,,,,,High,High,High,,,,,,,,,,,,,,,,,,,,,,,,,,,,,,,,,,,,,,,
268,2026-02-28,19:28:37.13,1,7,"Reimers, Easton",1000462253,Right,NOR_BIS,"Parker, Sam",806179,Left,MIZ_TIG,Undefined,8,Bottom,0,3,2,Fastball,Four-Seam,BallCalled,Walk,Undefined,Undefined,0,0,,87.19643,-2.073627,-0.55494,2063.676613,211.212214,1:00,5.54363,1.09773,5.83069,-21.06041,15.69524,8.81489,1.86011,1.31644,80.01778,-6.021211,1.026252,0.436349,,,,,,,,,,,,-4.65925,8.93831,-1.05769,50,5.3619,0.8621,-126.62511,-5.23822,-7.58081,25.34157,-17.63099,MIZ_TIG,NOR_BIS,TaylorStadium,D1,SEC,20260228-TaylorStadium-2,f8d060c0-150d-11f1-9d47-ad81a36dfdfe,86.38149,,,7.17865,,,,,,,1fa80f13-d93e-49a6-97f0-7762eeb242e9,2026-03-01,01:28:37.13,2026-02-28T19:28:37.1340000-06:00,2026-03-01T01:28:37.1340000Z,,v3,4806,471388,ae4075840dfa411e9b4d026302d1ad63,"Gustafson, Evan",1000308757,Right,NOR_BIS,29d9b5c0-f68e-48a4-9875-36eb80711120,54.66815,-127.55593,12.67079,5.54241,-4.59061,-8.8155,-1.09447,1.14054,-3.79041,,,,,,,,,,,,,,,,,,,,,,,,,,,,,,,,,,,,,,,,,,,,,,,,,,,High,High,High,,,,,,,,,,,,,,,,,,,,,,,,,,,,,,,,,,,,,,,
269,2026-02-28,19:29:28.78,2,1,"Reimers, Easton",1000462253,Right,NOR_BIS,"Patterson, Christopher",1000080435,Left,MIZ_TIG,Undefined,8,Bottom,0,0,0,Slider,Slider,HitByPitch,Undefined,Undefined,Undefined,0,0,,79.38991,1.948777,0.237331,2128.606222,137.78216,10:30,5.23924,1.75288,5.51913,-41.28668,3.47788,-1.94484,3.6215,1.81272,72.91848,-5.628432,-0.109297,0.481547,,,,,,,,,,,,1.05756,1.56878,-1.77216,50,5.38093,-0.40354,-115.30958,2.56272,1.4291,20.70658,-30.05412,MIZ_TIG,NOR_BIS,TaylorStadium,D1,SEC,20260228-TaylorStadium-2,1784ca60-150e-11f1-9d47-ad81a36dfdfe,78.27367,,,6.47142,,,,,,,1fa80f13-d93e-49a6-97f0-7762eeb242e9,2026-03-01,01:29:28.78,2026-02-28T19:29:28.7890000-06:00,2026-03-01T01:29:28.7890000Z,,v3,4806,471388,ae4075840dfa411e9b4d026302d1ad63,"Gustafson, Evan",1000308757,Right,NOR_BIS,4b6f9ace-b644-48f7-89fb-0fdd1ae55db6,54.98209,-116.20079,10.35329,5.24279,3.85625,-15.02706,-1.75346,-0.46505,0.71455,,,,,,,,,,,,,,,,,,,,,,,,,,,,,,,,,,,,,,,,,,,,,,,,,,,High,High,High,,,,,,,,,,,,,,,,,,,,,,,,,,,,,,,,,,,,,,,
270,2026-02-28,19:33:28.37,3,1,"Reimers, Easton",1000462253,Right,NOR_BIS,"Macon, Tyler",823527,Right,MIZ_TIG,Undefined,8,Bottom,0,0,0,Fastball,Changeup,StrikeCalled,Undefined,Undefined,Undefined,0,0,,80.05579,0.356806,-1.743115,1924.450228,204.330811,12:45,5.09613,1.71736,5.83082,-26.97836,16.53946,6.8813,3.17976,0.66999,73.44446,-4.69707,-0.510287,0.474794,,,,,,,,,,,,-3.96425,8.75646,-1.57907,50,5.10934,3.27364,-116.2736,-0.06047,-5.45102,20.90029,-20.13359,MIZ_TIG,NOR_BIS,TaylorStadium,D1,SEC,20260228-TaylorStadium-2,a671d740-150e-11f1-9d47-ad81a36dfdfe,79.38699,,,6.61133,,,,,,,1fa80f13-d93e-49a6-97f0-7762eeb242e9,2026-03-01,01:33:28.37,2026-02-28T19:33:28.3740000-06:00,2026-03-01T01:33:28.3740000Z,,v3,4806,471388,ae4075840dfa411e9b4d026302d1ad63,"Gustafson, Evan",1000308757,Right,NOR_BIS,4b5420c1-c32e-4de3-b1ea-02e382bebf5e,54.66677,-117.10945,10.45014,5.09566,0.74472,-10.06679,-1.71435,3.49164,-2.72551,,,,,,,,,,,,,,,,,,,,,,,,,,,,,,,,,,,,,,,,,,,,,,,,,,,High,High,High,,,,,,,,,,,,,,,,,,,,,,,,,,,,,,,,,,,,,,,
271,2026-02-28,19:34:20.84,3,2,"Reimers, Easton",1000462253,Right,NOR_BIS,"Macon, Tyler",823527,Right,MIZ_TIG,Undefined,8,Bottom,0,0,1,Fastball,Changeup,BallCalled,Undefined,Undefined,Undefined,0,0,,85.20118,0.386227,-2.810766,2114.452348,211.264638,1:00,5.48752,1.39257,5.99389,-23.93391,13.85891,7.80217,3.85138,-0.5641,78.96488,-4.082974,-1.410294,0.442462,,,,,,,,,,,,-4.65973,7.36248,-1.17523,50,5.50459,5.77382,-123.85093,0.10377,-7.35677,20.9213,-20.55023,MIZ_TIG,NOR_BIS,TaylorStadium,D1,SEC,20260228-TaylorStadium-2,c5a534e0-150e-11f1-9d47-ad81a36dfdfe,85.18795,,,6.23631,,,,,,,1fa80f13-d93e-49a6-97f0-7762eeb242e9,2026-03-01,01:34:20.84,2026-02-28T19:34:20.8460000-06:00,2026-03-01T01:34:20.8460000Z,,v3,4806,471388,ae4075840dfa411e9b4d026302d1ad63,"Gustafson, Evan",1000308757,Right,NOR_BIS,720e9e41-950d-4644-9ce7-f9619e0661bb,54.50609,-124.60979,10.46065,5.48731,0.84917,-10.27512,-1.3895,6.04066,-3.67839,,,,,,,,,,,,,,,,,,,,,,,,,,,,,,,,,,,,,,,,,,,,,,,,,,,High,High,High,,,,,,,,,,,,,,,,,,,,,,,,,,,,,,,,,,,,,,,
272,2026-02-28,19:34:38.95,3,3,"Reimers, Easton",1000462253,Right,NOR_BIS,"Macon, Tyler",823527,Right,MIZ_TIG,Undefined,8,Bottom,0,1,1,Fastball,Changeup,InPlay,Undefined,LineDrive,Single,0,1,,85.1962,0.047316,-2.138541,2093.971407,215.705943,1:15,5.39268,1.36865,5.95164,-25.15332,12.73776,8.41146,3.34048,0.08531,78.88545,-4.639984,-0.628283,0.443037,77.86641,18.587312,25.693371,3879.212345,93.03773,24.81456,58.6852,207.28175,172.18127,39.621627,2.645492,-4.84571,6.85981,-1.20334,50,5.38216,4.29782,-123.89267,-0.6825,-7.63726,21.49844,-21.36235,MIZ_TIG,NOR_BIS,TaylorStadium,D1,SEC,20260228-TaylorStadium-2,d06a9f50-150e-11f1-9d47-ad81a36dfdfe,85.0774,24.83072,,6.31076,,,,0.21486,3.24501,-0.10617,1fa80f13-d93e-49a6-97f0-7762eeb242e9,2026-03-01,01:34:38.95,2026-02-28T19:34:38.9590000-06:00,2026-03-01T01:34:38.9590000Z,LineDrive,v3,4806,471388,ae4075840dfa411e9b4d026302d1ad63,"Gustafson, Evan",1000308757,Right,NOR_BIS,012d8998-a92e-435c-9398-9fb8eb546296,54.54898,-124.67954,10.74922,5.39283,0.09938,-10.68118,-1.36575,4.57735,-3.81863,241.095577,0.21484,97.54489,-19.90801,3.37083,-0.56786,0.0308,0.0161,-0.00502,0.00049,3.24503,36.40166,-16.61128,1.28762,-0.28308,0.09612,-0.02718,0.00511,-0.00043,-0.10609,46.92843,2.97413,-1.04403,0.0328,0.14601,-0.07406,0.01663,-0.00148,,,,,,,,,,,,,,,,,,,,,,,High,High,High,High,High,,,,,,,,,,,,,,,,,,,,,,,,,,,,,,,,,,,60.5593,10.12751,2.44549
273,2026-02-28,19:38:32.36,4,1,"Hart, Hudson",10149401,Right,NOR_BIS,"Woita, Jase",831805,Left,MIZ_TIG,Undefined,8,Bottom,0,0,0,Fastball,Four-Seam,BallCalled,Undefined,Undefined,StolenBase,0,0,,90.66067,0.673047,-1.911737,2362.47192,204.167735,12:45,5.73374,1.78972,6.25355,-16.82839,17.25091,7.18548,4.95241,0.6249,81.33863,-2.588956,-0.614479,0.420162,,,,,,,,,,,,-4.30831,9.04473,-1.65088,50,5.77528,4.07912,-131.46691,1.10488,-7.411,32.32514,-16.61567,MIZ_TIG,NOR_BIS,TaylorStadium,D1,SEC,20260228-TaylorStadium-2,5b7ae730-150f-11f1-9d47-ad81a36dfdfe,89.70931,,,9.32204,,,,,,,1fa80f13-d93e-49a6-97f0-7762eeb242e9,2026-03-01,01:38:32.36,2026-02-28T19:38:32.3620000-06:00,2026-03-01T01:38:32.3620000Z,,v3,4806,471388,ae4075840dfa411e9b4d026302d1ad63,"Gustafson, Evan",1000308757,Right,NOR_BIS,de5a8769-4be3-464f-b43a-c42a038d4171,54.24067,-132.5055,16.16257,5.7312,1.63873,-8.30783,-1.78576,4.31723,-3.7055,,,,,,,,,,,,,,,,,,,,,,,,,,,,,,,,,,,,,,,,,,,,,,,,,,,High,High,High,,,,,,,,,,,,,,,,,,,,,,,,,,,,,,,,,,,,,,,
274,2026-02-28,19:38:53.89,4,2,"Hart, Hudson",10149401,Right,NOR_BIS,"Woita, Jase",831805,Left,MIZ_TIG,Undefined,8,Bottom,0,1,0,Fastball,Four-Seam,BallCalled,Undefined,Undefined,Undefined,0,0,,92.02728,-0.614704,-0.93168,2503.836598,216.224025,1:15,5.82162,1.68244,6.27198,-16.90828,15.77922,10.75914,3.84583,1.72009,83.53145,-3.858182,1.013301,0.411493,,,,,,,,,,,,-5.80898,8.67815,-1.61826,50,5.76772,1.71257,-133.66701,-1.90617,-10.43811,30.64339,-16.58039,MIZ_TIG,NOR_BIS,TaylorStadium,D1,SEC,20260228-TaylorStadium-2,68822b50-150f-11f1-9d47-ad81a36dfdfe,91.59929,,,8.49583,,,,,,,1fa80f13-d93e-49a6-97f0-7762eeb242e9,2026-03-01,01:38:53.89,2026-02-28T19:38:53.8940000-06:00,2026-03-01T01:38:53.8940000Z,,v3,4806,471388,ae4075840dfa411e9b4d026302d1ad63,"Gustafson, Evan",1000308757,Right,NOR_BIS,d9602764-30e4-4f19-ab35-78442f822672,54.22452,-134.632,15.3217,5.81952,-1.38403,-8.29019,-1.67737,2.04127,-5.21906,,,,,,,,,,,,,,,,,,,,,,,,,,,,,,,,,,,,,,,,,,,,,,,,,,,High,High,High,,,,,,,,,,,,,,,,,,,,,,,,,,,,,,,,,,,,,,,
275,2026-02-28,19:39:14.57,4,3,"Hart, Hudson",10149401,Right,NOR_BIS,"Woita, Jase",831805,Left,MIZ_TIG,Undefined,8,Bottom,0,2,0,Fastball,Four-Seam,FoulBallNotFieldable,Undefined,Undefined,Undefined,0,0,,91.83942,-2.079435,-2.351607,2447.815741,196.368675,12:30,5.81257,1.54041,6.33751,-11.3369,21.95584,6.07256,2.95081,-0.11991,82.17224,-4.348259,-1.254022,0.415285,71.57912,23.038969,-169.718144,1882.534169,-108.56829,19.17699,-17.68752,163.94315,52.65143,-171.482736,2.021073,-3.98024,12.52131,-1.37196,50,5.65564,5.2138,-133.07968,-5.06142,-6.97568,34.61099,-10.22951,MIZ_TIG,NOR_BIS,TaylorStadium,D1,SEC,20260228-TaylorStadium-2,74e58e50-150f-11f1-9d47-ad81a36dfdfe,90.76283,21.48846,,9.66718,,,,1.98597,3.04555,0.10447,1fa80f13-d93e-49a6-97f0-7762eeb242e9,2026-03-01,01:39:14.57,2026-02-28T19:39:14.5700000-06:00,2026-03-01T01:39:14.5700000Z,LineDrive,v3,4806,471388,ae4075840dfa411e9b4d026302d1ad63,"Gustafson, Evan",1000308757,Right,NOR_BIS,621281a6-5350-4a7d-a44b-600b3ae857d3,54.15924,-134.15704,17.3055,5.80824,-4.743,-5.11476,-1.53763,5.43094,-3.48784,15.897962,1.98598,-95.05872,7.13414,-0.32627,0.13274,-0.01783,-0.01608,0.01358,-0.00301,3.04556,41.08631,-24.8556,2.59684,-0.74468,0.45019,-0.23628,0.07113,-0.00878,0.10447,-17.24411,2.85556,-0.25135,0.05011,0.02501,-0.02726,0.01143,-0.00187,,,,,,,,,,,,,,,,,,,,,,,High,High,High,High,Low,,,,,,,,,,,,,,,,,,,,,,,,,,,,,,,,,,,85.85691,8.54812,5.48187
276,2026-02-28,19:39:39.42,4,4,"Hart, Hudson",10149401,Right,NOR_BIS,"Woita, Jase",831805,Left,MIZ_TIG,Undefined,8,Bottom,0,2,1,Fastball,Four-Seam,InPlay,Undefined,GroundBall,Single,0,2,,93.25836,-1.615163,-2.164301,2502.63838,213.587265,1:00,5.79709,1.43182,6.35239,-17.37316,14.4004,8.85355,2.86119,0.17654,84.73411,-4.935536,-0.562345,0.405699,104.11573,-10.974984,-8.184231,,,,,15.54137,15.49266,-7.843925,0.092892,-5.2791,8.31079,-1.27885,50,5.67163,4.75248,-135.39456,-4.32403,-9.72728,31.59344,-16.86051,MIZ_TIG,NOR_BIS,TaylorStadium,D1,SEC,20260228-TaylorStadium-2,837a2930-150f-11f1-9d47-ad81a36dfdfe,92.90729,2.8198,,8.52425,,,,1.68294,2.8198,-0.13055,1fa80f13-d93e-49a6-97f0-7762eeb242e9,2026-03-01,01:39:39.42,2026-02-28T19:39:39.4290000-06:00,2026-03-01T01:39:39.4290000Z,GroundBall,v3,4806,471388,ae4075840dfa411e9b4d026302d1ad63,"Gustafson, Evan",1000308757,Right,NOR_BIS,32afb6eb-3711-46dd-8c36-90c0aecad6ac,54.14656,-136.3587,15.79672,5.79574,-3.8095,-8.43025,-1.42842,5.04933,-4.86364,105.077097,1.68296,148.38062,-8.16268,,,,,,,2.81981,-29.07382,-13.82852,,,,,,,-0.13054,-21.34116,-0.93184,,,,,,,,,,,,,,,,,,,,,,,,,,,,,High,High,High,High,High,,,,,,,,,,,,,,,,,,,,,,,,,,,,,,,,,,,75.16214,2.08962,-10.04595
277,2026-02-28,19:40:30.89,5,1,"Hart, Hudson",10149401,Right,NOR_BIS,"Serna, Mateo",806219,Left,MIZ_TIG,Undefined,8,Bottom,0,0,0,Fastball,Four-Seam,BallCalled,Undefined,Undefined,Undefined,0,0,,92.36158,-2.088293,-1.33017,2419.768627,215.647212,1:15,5.74131,1.52245,6.25674,-15.12379,17.13028,11.55993,2.55396,1.25898,84.5669,-4.983539,0.758933,0.408756,,,,,,,,,,,,-6.33461,9.75969,-1.42903,50,5.57859,2.62829,-134.17518,-5.30775,-11.56534,28.6208,-14.35538,MIZ_TIG,NOR_BIS,TaylorStadium,D1,SEC,20260228-TaylorStadium-2,a237e1a0-150f-11f1-9d47-ad81a36dfdfe,92.21265,,,7.79468,,,,,,,1fa80f13-d93e-49a6-97f0-7762eeb242e9,2026-03-01,01:40:30.89,2026-02-28T19:40:30.8970000-06:00,2026-03-01T01:40:30.8970000Z,,v3,4806,471388,ae4075840dfa411e9b4d026302d1ad63,"Gustafson, Evan",1000308757,Right,NOR_BIS,eaf2a854-4e57-46fb-81b7-186a040a1012,54.24175,-135.07695,14.3104,5.7387,-4.85544,-7.17769,-1.51758,2.99268,-5.78267,,,,,,,,,,,,,,,,,,,,,,,,,,,,,,,,,,,,,,,,,,,,,,,,,,,High,High,High,,,,,,,,,,,,,,,,,,,,,,,,,,,,,,,,,,,,,,,
278,2026-02-28,19:40:48.53,5,2,"Hart, Hudson",10149401,Right,NOR_BIS,"Serna, Mateo",806219,Left,MIZ_TIG,Undefined,8,Bottom,0,1,0,Fastball,Four-Seam,BallCalled,Undefined,Undefined,Undefined,0,0,,92.22976,-1.530884,-1.694559,2467.670782,222.720205,1:30,5.81455,1.66121,6.07556,-17.47048,15.67918,13.35123,2.94122,1.20541,82.95952,-4.880017,0.709776,0.414392,,,,,,,,,,,,-7.33831,8.89965,-1.53656,50,5.68675,3.35622,-133.69918,-4.08089,-13.06272,33.28319,-16.33199,MIZ_TIG,NOR_BIS,TaylorStadium,D1,SEC,20260228-TaylorStadium-2,acada570-150f-11f1-9d47-ad81a36dfdfe,90.95846,,,9.27024,,,,,,,1fa80f13-d93e-49a6-97f0-7762eeb242e9,2026-03-01,01:40:48.53,2026-02-28T19:40:48.5380000-06:00,2026-03-01T01:40:48.5380000Z,,v3,4806,471388,ae4075840dfa411e9b4d026302d1ad63,"Gustafson, Evan",1000308757,Right,NOR_BIS,ae2ab11c-1a3d-4bc5-bf7d-fd3d406cac03,54.41908,-134.79478,16.6416,5.81223,-3.54328,-8.166,-1.65412,3.78621,-6.53136,,,,,,,,,,,,,,,,,,,,,,,,,,,,,,,,,,,,,,,,,,,,,,,,,,,High,High,High,,,,,,,,,,,,,,,,,,,,,,,,,,,,,,,,,,,,,,,
279,2026-02-28,19:41:09.82,5,3,"Hart, Hudson",10149401,Right,NOR_BIS,"Serna, Mateo",806219,Left,MIZ_TIG,Undefined,8,Bottom,0,2,0,Fastball,Four-Seam,StrikeCalled,Undefined,Undefined,Undefined,0,0,,92.17805,-2.086797,-3.364416,2435.700256,216.540954,1:15,5.76385,1.57177,6.41028,-18.35662,13.72835,9.47024,2.31128,-0.73598,84.91435,-5.559448,-1.651586,0.407683,,,,,,,,,,,,-5.78591,7.99717,-1.33489,50,5.60568,7.48166,-133.82449,-5.42148,-10.57693,26.7064,-17.55489,MIZ_TIG,NOR_BIS,TaylorStadium,D1,SEC,20260228-TaylorStadium-2,b97177f0-150f-11f1-9d47-ad81a36dfdfe,92.45533,,,7.26371,,,,,,,1fa80f13-d93e-49a6-97f0-7762eeb242e9,2026-03-01,01:41:09.82,2026-02-28T19:41:09.8260000-06:00,2026-03-01T01:41:09.8260000Z,,v3,4806,471388,ae4075840dfa411e9b4d026302d1ad63,"Gustafson, Evan",1000308757,Right,NOR_BIS,81d4087c-cce4-465a-bbb3-89c9e540a2d6,54.08907,-134.63804,13.3532,5.76269,-4.88671,-8.77745,-1.56771,7.80387,-5.28846,,,,,,,,,,,,,,,,,,,,,,,,,,,,,,,,,,,,,,,,,,,,,,,,,,,High,High,High,,,,,,,,,,,,,,,,,,,,,,,,,,,,,,,,,,,,,,,
280,2026-02-28,19:41:28.88,5,4,"Hart, Hudson",10149401,Right,NOR_BIS,"Serna, Mateo",806219,Left,MIZ_TIG,Undefined,8,Bottom,0,2,1,Fastball,Sinker,BallCalled,Undefined,Undefined,Undefined,0,0,,91.862,-2.829071,-1.70923,2415.124608,228.55372,1:30,5.75867,1.39296,6.22655,-19.85576,12.54489,13.15568,1.4905,0.91178,85.01224,-6.546364,0.668012,0.409683,,,,,,,,,,,,-7.24772,7.50737,-1.27152,50,5.537,3.4434,-133.48229,-7.21982,-13.21678,25.84398,-18.48383,MIZ_TIG,NOR_BIS,TaylorStadium,D1,SEC,20260228-TaylorStadium-2,c4b5d660-150f-11f1-9d47-ad81a36dfdfe,92.00384,,,6.84976,,,,,,,1fa80f13-d93e-49a6-97f0-7762eeb242e9,2026-03-01,01:41:28.88,2026-02-28T19:41:28.8810000-06:00,2026-03-01T01:41:28.8810000Z,,v3,4806,471388,ae4075840dfa411e9b4d026302d1ad63,"Gustafson, Evan",1000308757,Right,NOR_BIS,efc5989b-357f-456e-a747-3c42a8365dbb,54.27399,-134.30725,12.92199,5.75804,-6.6298,-9.24192,-1.38817,3.86529,-6.60839,,,,,,,,,,,,,,,,,,,,,,,,,,,,,,,,,,,,,,,,,,,,,,,,,,,High,High,High,,,,,,,,,,,,,,,,,,,,,,,,,,,,,,,,,,,,,,,
281,2026-02-28,19:41:49.96,5,5,"Hart, Hudson",10149401,Right,NOR_BIS,"Serna, Mateo",806219,Left,MIZ_TIG,Undefined,8,Bottom,0,3,1,Fastball,Four-Seam,BallCalled,Walk,Undefined,Undefined,0,0,,90.47745,-3.49103,-3.433751,2419.748258,212.362223,1:00,5.69067,1.56826,6.40137,-18.44706,15.03717,8.87579,0.93332,-0.85354,83.26816,-6.977006,-1.82853,0.416477,,,,,,,,,,,,-5.54138,9.09646,-1.32575,50,5.43107,7.5194,-131.16333,-8.53995,-9.70219,26.43149,-16.24746,MIZ_TIG,NOR_BIS,TaylorStadium,D1,SEC,20260228-TaylorStadium-2,d159ebe0-150f-11f1-9d47-ad81a36dfdfe,90.50295,,,7.2093,,,,,,,1fa80f13-d93e-49a6-97f0-7762eeb242e9,2026-03-01,01:41:49.96,2026-02-28T19:41:49.9680000-06:00,2026-03-01T01:41:49.9680000Z,,v3,4806,471388,ae4075840dfa411e9b4d026302d1ad63,"Gustafson, Evan",1000308757,Right,NOR_BIS,4365ebf2-bd35-4d25-812e-c1c880f8f9e5,54.09822,-131.9866,13.21575,5.68919,-8.03389,-8.12373,-1.56467,7.82159,-4.85109,,,,,,,,,,,,,,,,,,,,,,,,,,,,,,,,,,,,,,,,,,,,,,,,,,,High,High,High,,,,,,,,,,,,,,,,,,,,,,,,,,,,,,,,,,,,,,,
282,2026-02-28,19:42:33.10,6,1,"Hart, Hudson",10149401,Right,NOR_BIS,"Ward, Blaize",1000263242,Left,MIZ_TIG,Undefined,8,Bottom,0,0,0,Fastball,Four-Seam,StrikeCalled,Undefined,Undefined,Undefined,0,0,,91.31353,-1.814503,-3.331474,2454.131081,214.942397,1:15,5.643,1.63107,6.54449,-19.32351,13.43957,8.66142,2.36526,-0.70588,83.50731,-5.489463,-1.760911,0.411968,,,,,,,,,,,,-5.44319,7.87099,-1.40361,50,5.50877,7.3656,-132.51652,-4.74907,-9.67795,28.34743,-18.17951,MIZ_TIG,NOR_BIS,TaylorStadium,D1,SEC,20260228-TaylorStadium-2,eb104200-150f-11f1-9d47-ad81a36dfdfe,91.49358,,,7.80622,,,,,,,1fa80f13-d93e-49a6-97f0-7762eeb242e9,2026-03-01,01:42:33.10,2026-02-28T19:42:33.1070000-06:00,2026-03-01T01:42:33.1070000Z,,v3,4806,471388,ae4075840dfa411e9b4d026302d1ad63,"Gustafson, Evan",1000308757,Right,NOR_BIS,44ab7b75-c75c-4d99-bb66-54b516b636dc,53.95347,-133.35955,14.17372,5.64196,-4.20843,-9.08975,-1.62694,7.65341,-4.83897,,,,,,,,,,,,,,,,,,,,,,,,,,,,,,,,,,,,,,,,,,,,,,,,,,,High,High,High,,,,,,,,,,,,,,,,,,,,,,,,,,,,,,,,,,,,,,,
283,2026-02-28,19:42:53.69,6,2,"Hart, Hudson",10149401,Right,NOR_BIS,"Ward, Blaize",1000263242,Left,MIZ_TIG,Undefined,8,Bottom,0,0,1,Fastball,Four-Seam,StrikeCalled,Undefined,Undefined,Undefined,0,0,,92.60248,-2.501932,-2.914571,2516.853685,220.229171,1:15,5.80338,1.44845,6.30086,-16.34816,15.75694,12.47001,2.13143,-0.20004,84.78968,-5.617427,-0.662045,0.40781,,,,,,,,,,,,-7.25658,9.17973,-1.23989,50,5.61127,6.31991,-134.36959,-6.34287,-13.28922,28.65897,-15.36291,MIZ_TIG,NOR_BIS,TaylorStadium,D1,SEC,20260228-TaylorStadium-2,f782c030-150f-11f1-9d47-ad81a36dfdfe,92.42638,,,7.81281,,,,,,,1fa80f13-d93e-49a6-97f0-7762eeb242e9,2026-03-01,01:42:53.69,2026-02-28T19:42:53.6900000-06:00,2026-03-01T01:42:53.6900000Z,,v3,4806,471388,ae4075840dfa411e9b4d026302d1ad63,"Gustafson, Evan",1000308757,Right,NOR_BIS,4c186d37-9936-400d-ab4c-751e97b3c02a,54.19808,-135.26201,14.32949,5.80134,-5.86448,-7.68146,-1.44313,6.73373,-6.64461,,,,,,,,,,,,,,,,,,,,,,,,,,,,,,,,,,,,,,,,,,,,,,,,,,,High,High,High,,,,,,,,,,,,,,,,,,,,,,,,,,,,,,,,,,,,,,,
284,2026-02-28,19:43:16.45,6,3,"Hart, Hudson",10149401,Right,NOR_BIS,"Ward, Blaize",1000263242,Left,MIZ_TIG,Undefined,8,Bottom,0,0,2,Fastball,Four-Seam,StrikeSwinging,Strikeout,Undefined,Undefined,0,0,,92.00266,-0.613805,-2.473057,2435.828805,212.656382,1:00,5.68985,1.57749,6.31879,-17.48918,14.91761,8.92067,3.66653,0.04169,84.19411,-3.94651,-0.86094,0.409722,,,,,,,,,,,,-5.28646,8.22386,-1.40051,50,5.63636,5.40097,-133.66092,-1.93534,-9.58669,28.15275,-17.26057,MIZ_TIG,NOR_BIS,TaylorStadium,D1,SEC,20260228-TaylorStadium-2,04d5b350-1510-11f1-9d47-ad81a36dfdfe,91.99513,,,7.80855,,,,,,,1fa80f13-d93e-49a6-97f0-7762eeb242e9,2026-03-01,01:43:16.45,2026-02-28T19:43:16.4590000-06:00,2026-03-01T01:43:16.4590000Z,,v3,4806,471388,ae4075840dfa411e9b4d026302d1ad63,"Gustafson, Evan",1000308757,Right,NOR_BIS,f7c3d894-a460-4a32-923d-5683a9b59705,54.17951,-134.53836,14.07638,5.68829,-1.39738,-8.63028,-1.57349,5.69976,-4.79334,,,,,,,,,,,,,,,,,,,,,,,,,,,,,,,,,,,,,,,,,,,,,,,,,,,High,High,High,,,,,,,,,,,,,,,,,,,,,,,,,,,,,,,,,,,,,,,
285,2026-02-28,19:43:51.06,7,1,"Hart, Hudson",10149401,Right,NOR_BIS,"George, Jamal",805322,Right,MIZ_TIG,Undefined,8,Bottom,1,0,0,Fastball,Four-Seam,BallCalled,Undefined,Undefined,Undefined,0,0,,91.74779,-1.616083,-3.712322,2355.346718,206.967374,1:00,5.82999,1.23492,6.45172,-14.52957,18.01277,8.64276,3.13096,-1.46021,83.88269,-4.419778,-2.149728,0.410578,,,,,,,,,,,,-5.50634,10.15213,-0.97523,50,5.70839,8.28264,-133.10414,-4.12663,-9.8939,28.14879,-13.93247,MIZ_TIG,NOR_BIS,TaylorStadium,D1,SEC,20260228-TaylorStadium-2,1980fda0-1510-11f1-9d47-ad81a36dfdfe,91.80338,,,7.8651,,,,,,,1fa80f13-d93e-49a6-97f0-7762eeb242e9,2026-03-01,01:43:51.06,2026-02-28T19:43:51.0620000-06:00,2026-03-01T01:43:51.0620000Z,,v3,4806,471388,ae4075840dfa411e9b4d026302d1ad63,"Gustafson, Evan",1000308757,Right,NOR_BIS,04ee8a0c-4652-4ea4-b2d3-7c82355ff177,54.04636,-133.95713,14.07439,5.82705,-3.70444,-6.96624,-1.23076,8.58245,-4.94695,,,,,,,,,,,,,,,,,,,,,,,,,,,,,,,,,,,,,,,,,,,,,,,,,,,High,High,High,,,,,,,,,,,,,,,,,,,,,,,,,,,,,,,,,,,,,,,
286,2026-02-28,19:44:10.90,7,2,"Hart, Hudson",10149401,Right,NOR_BIS,"George, Jamal",805322,Right,MIZ_TIG,Undefined,8,Bottom,1,1,0,Fastball,Four-Seam,StrikeSwinging,Undefined,Undefined,Undefined,0,0,,91.29683,-1.44409,-2.657753,2404.278538,212.60826,1:00,5.80197,1.44207,6.49706,-15.14576,17.79418,10.68111,3.21255,-0.10921,82.99072,-4.377635,-0.721241,0.413079,,,,,,,,,,,,-6.33807,10.04965,-1.26005,50,5.69374,5.71745,-132.53158,-3.71918,-11.21364,29.71455,-14.39369,MIZ_TIG,NOR_BIS,TaylorStadium,D1,SEC,20260228-TaylorStadium-2,2554cad0-1510-11f1-9d47-ad81a36dfdfe,91.24761,,,8.3061,,,,,,,1fa80f13-d93e-49a6-97f0-7762eeb242e9,2026-03-01,01:44:10.90,2026-02-28T19:44:10.9030000-06:00,2026-03-01T01:44:10.9030000Z,,v3,4806,471388,ae4075840dfa411e9b4d026302d1ad63,"Gustafson, Evan",1000308757,Right,NOR_BIS,2ff97d59-4f93-4146-aca9-7cedc72793f1,54.00046,-133.4255,14.85727,5.79911,-3.28617,-7.19685,-1.43712,6.0548,-5.60682,,,,,,,,,,,,,,,,,,,,,,,,,,,,,,,,,,,,,,,,,,,,,,,,,,,High,High,High,,,,,,,,,,,,,,,,,,,,,,,,,,,,,,,,,,,,,,,
287,2026-02-28,19:44:31.18,7,3,"Hart, Hudson",10149401,Right,NOR_BIS,"George, Jamal",805322,Right,MIZ_TIG,Undefined,8,Bottom,1,1,1,Fastball,Four-Seam,StrikeCalled,Undefined,Undefined,Undefined,0,0,,92.10755,-2.593724,-3.53245,2471.055125,220.278357,1:15,5.97429,1.21712,6.39728,-15.83961,16.58005,13.16351,2.26279,-0.93873,84.18084,-5.628232,-1.152604,0.409804,,,,,,,,,,,,-7.82414,9.68064,-0.96896,50,5.78021,7.7041,-133.56377,-6.4889,-14.13438,28.75142,-14.68586,MIZ_TIG,NOR_BIS,TaylorStadium,D1,SEC,20260228-TaylorStadium-2,3168ae40-1510-11f1-9d47-ad81a36dfdfe,91.97685,,,7.9267,,,,,,,1fa80f13-d93e-49a6-97f0-7762eeb242e9,2026-03-01,01:44:31.18,2026-02-28T19:44:31.1870000-06:00,2026-03-01T01:44:31.1870000Z,,v3,4806,471388,ae4075840dfa411e9b4d026302d1ad63,"Gustafson, Evan",1000308757,Right,NOR_BIS,7a423ea2-f332-444a-a669-b61750b9aee9,54.10157,-134.44379,14.37571,5.97194,-6.0394,-7.34293,-1.21139,8.13673,-7.06719,,,,,,,,,,,,,,,,,,,,,,,,,,,,,,,,,,,,,,,,,,,,,,,,,,,High,High,High,,,,,,,,,,,,,,,,,,,,,,,,,,,,,,,,,,,,,,,
288,2026-02-28,19:44:51.00,7,4,"Hart, Hudson",10149401,Right,NOR_BIS,"George, Jamal",805322,Right,MIZ_TIG,Undefined,8,Bottom,1,1,2,Fastball,Sinker,FoulBallNotFieldable,Undefined,Undefined,Undefined,0,0,,92.19282,-0.049223,-2.792172,2439.36687,228.733484,1:30,5.7448,1.59489,6.07081,-18.67875,13.95363,14.73855,4.14263,0.23727,84.18162,-3.587399,-0.141579,0.411146,69.95083,-11.924162,65.347805,,,,,16.826,16.826,65.027026,0.17233,-8.36831,7.51382,-1.38629,50,5.73097,5.90176,-133.87613,-0.69503,-15.19961,28.6841,-18.5265,MIZ_TIG,NOR_BIS,TaylorStadium,D1,SEC,20260228-TaylorStadium-2,3d2d3930-1510-11f1-9d47-ad81a36dfdfe,91.67662,4.0359,,8.01121,,,,0.10602,4.0359,-0.246,1fa80f13-d93e-49a6-97f0-7762eeb242e9,2026-03-01,01:44:51.00,2026-02-28T19:44:51.0030000-06:00,2026-03-01T01:44:51.0030000Z,GroundBall,v3,4806,471388,ae4075840dfa411e9b4d026302d1ad63,"Gustafson, Evan",1000308757,Right,NOR_BIS,43eb027a-3dbb-4ad9-961a-ed157a57f7ba,54.42881,-134.8217,14.34205,5.74381,-0.0843,-9.26325,-1.5891,6.40281,-7.5998,274.818098,0.10624,41.85284,-7.24532,,,,,,,4.03606,-21.20977,-12.834,,,,,,,-0.24582,91.21818,-7.44443,,,,,,,,,,,,,,,,,,,,,,,,,,,,,High,High,High,High,High,,,,,,,,,,,,,,,,,,,,,,,,,,,,,,,,,,,52.15828,-0.74143,24.06004
289,2026-02-28,19:45:17.15,7,5,"Hart, Hudson",10149401,Right,NOR_BIS,"George, Jamal",805322,Right,MIZ_TIG,Undefined,8,Bottom,1,1,2,Slider,Slider,BallCalled,Undefined,Undefined,Undefined,0,0,,79.3335,0.899685,-3.57384,2169.193595,85.390819,8:45,5.44333,1.78543,5.88072,-43.69006,1.01941,-5.0702,2.63971,-1.96036,72.60777,-7.142451,-4.480671,0.48125,,,,,,,,,,,,1.54311,0.72047,-1.49362,50,5.49113,7.37523,-115.00371,0.41884,2.05709,22.24429,-31.2136,MIZ_TIG,NOR_BIS,TaylorStadium,D1,SEC,20260228-TaylorStadium-2,4cddcb60-1510-11f1-9d47-ad81a36dfdfe,78.32188,,,6.72573,,,,,,,1fa80f13-d93e-49a6-97f0-7762eeb242e9,2026-03-01,01:45:17.15,2026-02-28T19:45:17.1560000-06:00,2026-03-01T01:45:17.1560000Z,,v3,4806,471388,ae4075840dfa411e9b4d026302d1ad63,"Gustafson, Evan",1000308757,Right,NOR_BIS,7af82d1c-bbc8-4aa6-9cfe-ae40d581492a,54.6179,-115.89347,11.12215,5.4494,1.66737,-15.6068,-1.78698,7.29295,1.02854,,,,,,,,,,,,,,,,,,,,,,,,,,,,,,,,,,,,,,,,,,,,,,,,,,,High,High,High,,,,,,,,,,,,,,,,,,,,,,,,,,,,,,,,,,,,,,,
290,2026-02-28,19:45:37.49,7,6,"Hart, Hudson",10149401,Right,NOR_BIS,"George, Jamal",805322,Right,MIZ_TIG,Undefined,8,Bottom,1,2,2,Slider,Slider,StrikeSwinging,Strikeout,Undefined,Undefined,0,0,,79.14991,-0.259118,-2.065378,2119.275232,70.683128,8:15,5.3822,1.78682,5.55135,-45.53416,-0.31626,-4.92016,1.3454,-0.55398,72.8567,-8.562605,-2.943519,0.483979,,,,,,,,,,,,1.91469,0.31567,-1.60474,50,5.32952,4.33328,-114.89908,-2.04048,2.55546,21.61017,-31.75272,MIZ_TIG,NOR_BIS,TaylorStadium,D1,SEC,20260228-TaylorStadium-2,58e94a60-1510-11f1-9d47-ad81a36dfdfe,77.88032,,,6.29321,,,,,,,1fa80f13-d93e-49a6-97f0-7762eeb242e9,2026-03-01,01:45:37.49,2026-02-28T19:45:37.4940000-06:00,2026-03-01T01:45:37.4940000Z,,v3,4806,471388,ae4075840dfa411e9b4d026302d1ad63,"Gustafson, Evan",1000308757,Right,NOR_BIS,41348917-8de0-4b7a-bb8b-cec655e79921,54.94893,-115.82613,10.80509,5.38783,-0.67832,-15.87636,-1.78828,4.22365,1.27773,,,,,,,,,,,,,,,,,,,,,,,,,,,,,,,,,,,,,,,,,,,,,,,,,,,High,High,High,,,,,,,,,,,,,,,,,,,,,,,,,,,,,,,,,,,,,,,
291,2026-02-28,19:46:09.20,8,1,"Hart, Hudson",10149401,Right,NOR_BIS,"Frost, Isaiah",801981,Left,MIZ_TIG,Undefined,8,Bottom,2,0,0,Fastball,Four-Seam,BallCalled,Undefined,Undefined,Undefined,0,0,,92.72761,-2.304237,-4.102808,2465.529569,207.597066,1:00,5.74276,1.42463,6.45222,-15.33438,16.9117,8.25099,2.34139,-1.66353,83.97659,-5.266087,-2.612041,0.408705,,,,,,,,,,,,-5.64485,9.9289,-1.1375,50,5.57232,9.31059,-134.33014,-5.82629,-10.20073,32.08895,-14.23167,MIZ_TIG,NOR_BIS,TaylorStadium,D1,SEC,20260228-TaylorStadium-2,6bdef570-1510-11f1-9d47-ad81a36dfdfe,92.22409,,,8.75103,,,,,,,1fa80f13-d93e-49a6-97f0-7762eeb242e9,2026-03-01,01:46:09.20,2026-02-28T19:46:09.2000000-06:00,2026-03-01T01:46:09.2000000Z,,v3,4806,471388,ae4075840dfa411e9b4d026302d1ad63,"Gustafson, Evan",1000308757,Right,NOR_BIS,3179baf4-0de5-477f-89ed-9bdda4c02ee7,54.04775,-135.29361,16.04448,5.74084,-5.39898,-7.11584,-1.42165,9.61687,-5.10036,,,,,,,,,,,,,,,,,,,,,,,,,,,,,,,,,,,,,,,,,,,,,,,,,,,High,High,High,,,,,,,,,,,,,,,,,,,,,,,,,,,,,,,,,,,,,,,
292,2026-02-28,19:46:29.64,8,2,"Hart, Hudson",10149401,Right,NOR_BIS,"Frost, Isaiah",801981,Left,MIZ_TIG,Undefined,8,Bottom,2,1,0,Fastball,Four-Seam,FoulBallNotFieldable,Undefined,Undefined,Undefined,0,0,,90.68172,-1.93282,-2.284705,2425.086276,212.003657,1:00,5.90941,1.36435,6.38191,-16.98339,16.62694,9.6756,2.71397,0.06775,82.34434,-5.194768,-0.533239,0.417261,70.1703,41.414497,-149.436958,3008.921389,-98.73605,47.33837,-48.48902,217.57308,63.76742,-160.985738,3.170465,-5.74918,9.6013,-1.20408,50,5.76212,4.86363,-131.6118,-4.90314,-10.00213,30.05218,-15.47025,MIZ_TIG,NOR_BIS,TaylorStadium,D1,SEC,20260228-TaylorStadium-2,7811d290-1510-11f1-9d47-ad81a36dfdfe,90.33302,47.51489,,8.33738,,,,1.18777,2.5492,0.08281,1fa80f13-d93e-49a6-97f0-7762eeb242e9,2026-03-01,01:46:29.64,2026-02-28T19:46:29.6400000-06:00,2026-03-01T01:46:29.6400000Z,FlyBall,v3,4806,471388,ae4075840dfa411e9b4d026302d1ad63,"Gustafson, Evan",1000308757,Right,NOR_BIS,db88ced0-405a-4380-8c2f-e695b47b83e1,54.1167,-132.54848,15.02609,5.90743,-4.42096,-7.73512,-1.36053,5.17538,-5.00106,18.798064,1.18775,-66.45691,2.87224,-1.31204,0.15406,0.04506,-0.02493,0.00497,-0.00039,2.54952,68.06631,-30.922,4.62294,-0.60892,-0.09702,0.07463,-0.01535,0.00112,0.08257,-39.23971,3.92262,1.48668,-0.60867,0.03453,0.06242,-0.02104,0.0021,,,,,,,,,,,,,,,,,,,,,,,High,High,High,High,Low,,,,,,,,,,,,,,,,,,,,,,,,,,,,,,,,,,,,,
293,2026-02-28,19:46:52.77,8,3,"Hart, Hudson",10149401,Right,NOR_BIS,"Frost, Isaiah",801981,Left,MIZ_TIG,Undefined,8,Bottom,2,1,1,Fastball,Four-Seam,FoulBallNotFieldable,Undefined,Undefined,Undefined,0,0,,92.313,-2.053328,-2.167113,2375.384809,205.134822,12:45,5.8021,1.45734,6.3591,-16.26985,16.33087,7.12134,2.55437,0.05536,83.48027,-5.186586,-0.878594,0.410946,55.51529,35.944288,-166.477076,2447.38575,-107.25319,19.32446,-24.42825,137.90389,73.78048,-167.642049,2.442045,-4.41433,9.50823,-1.30363,50,5.64563,4.77778,-133.92426,-5.24938,-7.91431,32.387,-15.12707,MIZ_TIG,NOR_BIS,TaylorStadium,D1,SEC,20260228-TaylorStadium-2,85d42950-1510-11f1-9d47-ad81a36dfdfe,91.72106,28.95825,,8.83273,,,,2.60563,2.78288,-0.07432,1fa80f13-d93e-49a6-97f0-7762eeb242e9,2026-03-01,01:46:52.77,2026-02-28T19:46:52.7780000-06:00,2026-03-01T01:46:52.7780000Z,Popup,v3,4806,471388,ae4075840dfa411e9b4d026302d1ad63,"Gustafson, Evan",1000308757,Right,NOR_BIS,dc76157b-dea8-4c1c-b189-595ec0827b52,54.13933,-134.92156,16.1935,5.80011,-4.78357,-7.56353,-1.45451,5.02149,-3.95716,5.017696,2.60553,-64.08628,2.17287,0.74663,-0.29792,0.0701,0.03549,-0.02329,0.00347,2.78298,47.78922,-23.93825,2.21288,-0.17159,-0.19345,0.12039,-0.02816,0.00237,-0.07437,-15.41205,1.03766,0.23691,-0.10085,0.02438,0.01481,-0.00945,0.00141,,,,,,,,,,,,,,,,,,,,,,,High,High,High,High,Medium,,,,,,,,,,,,,,,,,,,,,,,,,,,,,,,,,,,,,
294,2026-02-28,19:47:16.96,8,4,"Hart, Hudson",10149401,Right,NOR_BIS,"Frost, Isaiah",801981,Left,MIZ_TIG,Undefined,8,Bottom,2,1,2,Fastball,Four-Seam,FoulBallNotFieldable,Undefined,Undefined,Undefined,0,0,,92.1297,-1.598,-3.58252,2489.63136,212.602921,1:00,5.70518,1.59509,6.2488,-15.11351,17.6778,10.58831,2.96868,-0.83087,83.52224,-4.514933,-1.674681,0.412146,71.8875,12.217202,-166.103628,1339.080633,-106.17517,8.74314,-28.7547,148.45389,51.79704,-164.172629,1.6949,-6.5765,9.9856,-1.33356,50,5.57863,7.92006,-133.55138,-4.1379,-11.78492,30.85919,-14.28013,MIZ_TIG,NOR_BIS,TaylorStadium,D1,SEC,20260228-TaylorStadium-2,94361b70-1510-11f1-9d47-ad81a36dfdfe,91.45416,11.34007,,8.60746,,,,0.44521,2.89571,0.87968,1fa80f13-d93e-49a6-97f0-7762eeb242e9,2026-03-01,01:47:16.96,2026-02-28T19:47:16.9670000-06:00,2026-03-01T01:47:16.9670000Z,GroundBall,v3,4806,471388,ae4075840dfa411e9b4d026302d1ad63,"Gustafson, Evan",1000308757,Right,NOR_BIS,ba0258d7-0d28-42f7-8f64-fa8e136642a6,54.2496,-134.52973,15.4296,5.70263,-3.68516,-7.14007,-1.59058,8.29369,-5.89246,219.236545,0.44521,-100.03097,11.85715,-2.12707,0.40236,-0.06928,0.01181,-0.0019,0.00017,2.89571,22.31193,-15.28598,0.78982,-0.11062,0.02177,-0.00185,0.00022,-4E-05,0.87968,-24.74844,0.11806,0.09614,-0.04186,0.01128,-0.00233,0.00037,-3E-05,,,,,,,,,,,,,,,,,,,,,,,High,High,High,High,Low,,,,,,,,,,,,,,,,,,,,,,,,,,,,,,,,,,,61.04035,-5.48417,-16.9623
295,2026-02-28,19:47:46.76,8,5,"Hart, Hudson",10149401,Right,NOR_BIS,"Frost, Isaiah",801981,Left,MIZ_TIG,Undefined,8,Bottom,2,1,2,Fastball,Four-Seam,StrikeSwinging,Strikeout,Undefined,Undefined,0,0,,92.10126,-0.594733,-2.598717,2384.38978,206.474921,1:00,5.70137,1.51675,6.29615,-17.20198,15.68099,7.22544,3.71928,-0.27732,82.9983,-3.906663,-1.293891,0.412721,,,,,,,,,,,,-4.53496,8.6493,-1.32868,50,5.64915,5.74914,-133.5564,-1.86164,-8.07952,32.42169,-16.76447,MIZ_TIG,NOR_BIS,TaylorStadium,D1,SEC,20260228-TaylorStadium-2,a6139fc0-1510-11f1-9d47-ad81a36dfdfe,91.3266,,,9.10296,,,,,,,1fa80f13-d93e-49a6-97f0-7762eeb242e9,2026-03-01,01:47:46.76,2026-02-28T19:47:46.7660000-06:00,2026-03-01T01:47:46.7660000Z,,v3,4806,471388,ae4075840dfa411e9b4d026302d1ad63,"Gustafson, Evan",1000308757,Right,NOR_BIS,72045a55-be50-49d4-bc2c-846189b78359,54.19876,-134.57182,16.21084,5.69923,-1.3366,-8.38223,-1.5127,6.00218,-4.03976,,,,,,,,,,,,,,,,,,,,,,,,,,,,,,,,,,,,,,,,,,,,,,,,,,,High,High,High,,,,,,,,,,,,,,,,,,,,,,,,,,,,,,,,,,,,,,,
296,2026-02-28,19:51:02.17,1,1,"Lohse, Ian",809339,Left,MIZ_TIG,"Long, Tyman",10276466,Right,NOR_BIS,Undefined,9,Top,0,0,0,Cutter,Slider,FoulBallNotFieldable,Undefined,Undefined,Undefined,0,0,,85.96619,0.640217,1.142906,2673.567777,185.573464,12:15,4.85574,-1.18604,5.25647,-30.10742,7.95382,0.67937,2.94846,-0.05543,79.87746,-4.858597,1.263379,0.444031,70.04945,22.389712,171.098748,3657.420057,-108.87898,14.21891,15.66277,151.34159,53.33627,172.045778,1.760773,-0.08055,4.1665,1.08078,50,4.89213,-2.5231,-124.97573,0.28844,-0.12974,20.83229,-25.46289,MIZ_TIG,NOR_BIS,TaylorStadium,D1,SEC,20260228-TaylorStadium-2,1a7f3e50-1511-11f1-9d47-ad81a36dfdfe,84.88704,18.17837,,6.08873,,,,0.97698,2.91835,0.03528,1fa80f13-d93e-49a6-97f0-7762eeb242e9,2026-03-01,01:51:02.17,2026-02-28T19:51:02.1760000-06:00,2026-03-01T01:51:02.1760000Z,LineDrive,v3,4806,471388,ae4075840dfa411e9b4d026302d1ad63,"Serna, Mateo",806219,Right,MIZ_TIG,cb432cd8-72f5-4d9a-a9de-c108bca7a72d,55.24302,-125.84666,10.41614,4.85782,1.35296,-12.73144,1.18615,-2.51768,-0.06487,351.446657,0.977,-93.8518,4.73056,-0.15625,0.11889,-0.03728,-0.0163,0.01618,-0.00324,2.91838,39.13114,-27.17936,3.02511,-0.58291,0.21519,-0.14614,0.05864,-0.00898,0.03529,14.69732,-2.15359,0.36418,-0.03966,0.05321,-0.0606,0.02648,-0.00417,,,,,,,,,,,,,,,,,,,,,,,High,High,High,High,Low,,,,,,,,,,,,,,,,,,,,,,,,,,,,,,,,,,,77.78386,10.8509,1.22672
297,2026-02-28,19:51:25.52,1,2,"Lohse, Ian",809339,Left,MIZ_TIG,"Long, Tyman",10276466,Right,NOR_BIS,Undefined,9,Top,0,0,1,Fastball,Sinker,InPlay,Undefined,LineDrive,Single,0,0,,92.00275,-0.172569,2.589444,2514.298254,120.335362,10:00,4.93769,-1.10277,5.71388,-23.20438,9.98284,-15.29513,2.84306,0.03659,84.13672,-4.494314,-0.144282,0.414626,99.19901,17.895169,-15.755838,901.326496,105.51805,25.41254,-31.07788,236.3982,236.3982,-17.357134,2.362253,8.52288,5.43292,0.89581,50,4.90888,-5.36796,-133.57244,-1.21973,15.42016,28.37967,-22.34441,MIZ_TIG,NOR_BIS,TaylorStadium,D1,SEC,20260228-TaylorStadium-2,28520fd0-1511-11f1-9d47-ad81a36dfdfe,90.90702,26.03756,,7.86604,,,,1.50572,2.84768,-0.00926,1fa80f13-d93e-49a6-97f0-7762eeb242e9,2026-03-01,01:51:25.52,2026-02-28T19:51:25.5220000-06:00,2026-03-01T01:51:25.5220000Z,LineDrive,v3,4806,471388,ae4075840dfa411e9b4d026302d1ad63,"Serna, Mateo",806219,Right,MIZ_TIG,4f679bff-e248-41ce-bb12-551511e5334f,54.78649,-134.58556,14.18984,4.93819,-0.42206,-11.17221,1.09727,-5.91845,7.71008,91.72211,1.50595,133.23343,-24.65925,4.91638,-0.35864,-0.31905,0.16219,-0.0345,0.0029,2.84756,44.7157,-24.43418,3.71488,-1.39694,0.58304,-0.18391,0.03459,-0.00281,-0.00902,-37.61348,4.49764,-1.49164,1.25074,-0.76005,0.27424,-0.05383,0.00444,,,,,,,,,,,,,,,,,,,,,,,High,High,High,High,High,,,,,,,,,,,,,,,,,,,,,,,,,,,,,,,,,,,77.09378,18.35543,-9.08618
298,2026-02-28,19:52:02.25,2,1,"Lohse, Ian",809339,Left,MIZ_TIG,"Corbin, Caleb",1000136863,Right,NOR_BIS,Undefined,9,Top,0,0,0,Slider,Curveball,StrikeCalled,Undefined,Undefined,Undefined,0,0,,77.20334,1.372769,-0.153047,2785.891034,283.590079,3:30,4.64477,-1.37409,5.02985,-50.46337,-2.43575,15.74737,1.735,-0.20622,71.46484,-7.738059,2.631303,0.498789,,,,,,,,,,,,-7.88233,-1.17228,1.37538,50,4.73509,-0.3284,-112.16303,0.90678,-10.11479,18.89818,-33.67836,MIZ_TIG,NOR_BIS,TaylorStadium,D1,SEC,20260228-TaylorStadium-2,3e4b8500-1511-11f1-9d47-ad81a36dfdfe,75.56788,,,5.73851,,,,,,,1fa80f13-d93e-49a6-97f0-7762eeb242e9,2026-03-01,01:52:02.25,2026-02-28T19:52:02.2570000-06:00,2026-03-01T01:52:02.2570000Z,,v3,4806,471388,ae4075840dfa411e9b4d026302d1ad63,"Serna, Mateo",806219,Right,MIZ_TIG,8dd81dd1-a1d5-458c-8061-d4680d9de276,55.47268,-113.08136,9.44909,4.65126,2.54333,-16.83918,1.3794,0.16311,-5.05739,,,,,,,,,,,,,,,,,,,,,,,,,,,,,,,,,,,,,,,,,,,,,,,,,,,High,High,High,,,,,,,,,,,,,,,,,,,,,,,,,,,,,,,,,,,,,,,
299,2026-02-28,19:52:22.65,2,2,"Lohse, Ian",809339,Left,MIZ_TIG,"Corbin, Caleb",1000136863,Right,NOR_BIS,Undefined,9,Top,0,0,1,Slider,Curveball,BallCalled,Undefined,Undefined,Undefined,0,0,,77.96433,2.16639,-1.796084,2901.749053,288.546947,3:30,4.70244,-1.24001,4.94375,-52.42326,-4.90862,18.9141,2.38313,-1.36176,71.68051,-7.295544,1.54083,0.496118,,,,,,,,,,,,-9.79178,-2.53445,1.39813,50,4.86943,2.75924,-113.11193,2.3649,-12.72696,20.00532,-35.46822,MIZ_TIG,NOR_BIS,TaylorStadium,D1,SEC,20260228-TaylorStadium-2,4a7f7390-1511-11f1-9d47-ad81a36dfdfe,75.97473,,,6.28382,,,,,,,1fa80f13-d93e-49a6-97f0-7762eeb242e9,2026-03-01,01:52:22.65,2026-02-28T19:52:22.6520000-06:00,2026-03-01T01:52:22.6520000Z,,v3,4806,471388,ae4075840dfa411e9b4d026302d1ad63,"Serna, Mateo",806219,Right,MIZ_TIG,a280d2ed-af24-4b07-935f-92245dd8862e,55.55855,-114.09079,10.00266,4.71126,4.10037,-17.73411,1.24789,3.38197,-6.36348,,,,,,,,,,,,,,,,,,,,,,,,,,,,,,,,,,,,,,,,,,,,,,,,,,,High,High,High,,,,,,,,,,,,,,,,,,,,,,,,,,,,,,,,,,,,,,,
300,2026-02-28,19:52:43.86,2,3,"Lohse, Ian",809339,Left,MIZ_TIG,"Corbin, Caleb",1000136863,Right,NOR_BIS,Undefined,9,Top,0,1,1,Cutter,Slider,InPlay,Undefined,Popup,Out,1,0,,86.59526,0.340271,1.394292,2658.859731,203.540967,12:45,4.94813,-1.08784,5.30767,-30.53458,7.09827,2.63961,2.72308,0.44119,80.12229,-5.244464,1.862805,0.441525,65.05245,40.819065,8.814728,4252.284547,105.38119,61.39073,31.53977,186.01341,184.22533,22.722239,4.112166,-0.99547,3.77772,0.95925,50,4.95669,-3.17579,-125.85477,-0.36972,-1.61585,22.66784,-26.04216,MIZ_TIG,NOR_BIS,TaylorStadium,D1,SEC,20260228-TaylorStadium-2,57129920-1511-11f1-9d47-ad81a36dfdfe,85.3688,61.5192,,6.47298,,,,0.84664,2.70892,-0.44819,1fa80f13-d93e-49a6-97f0-7762eeb242e9,2026-03-01,01:52:43.86,2026-02-28T19:52:43.8650000-06:00,2026-03-01T01:52:43.8650000Z,Popup,v3,4806,471388,ae4075840dfa411e9b4d026302d1ad63,"Serna, Mateo",806219,Right,MIZ_TIG,4347e304-d307-43dc-87a7-26994caafd7a,55.19347,-126.78673,11.33392,4.94988,0.70096,-13.02108,1.08845,-3.10936,-0.80793,207.063183,0.84629,71.36328,-15.40252,3.83678,-0.94831,0.27212,-0.06788,0.01014,-0.00063,2.70993,62.33705,-18.06693,0.75974,0.24866,-0.21291,0.06635,-0.00968,0.00054,-0.44807,11.06043,3.35415,-0.91855,0.27225,-0.08411,0.02031,-0.00287,0.00017,,,,,,,,,,,,,,,,,,,,,,,High,High,High,High,Medium,,,,,,,,,,,,,,,,,,,,,,,,,,,,,,,,,,,70.32184,9.42193,-5.09225
301,2026-02-28,19:53:25.44,3,1,"Lohse, Ian",809339,Left,MIZ_TIG,"Becker, Colten",1000192822,Left,NOR_BIS,Undefined,9,Top,1,0,0,Fastball,Sinker,InPlay,Undefined,GroundBall,Out,1,0,,91.70096,-0.747396,1.818857,2389.843419,129.35944,10:15,4.91297,-1.10357,5.6464,-24.50895,8.94249,-9.64485,2.17302,-0.21015,84.03623,-5.29053,0.095639,0.416274,71.68069,-34.60057,44.191234,,,,,4.25138,2.64386,34.087567,0.036581,5.42512,5.04662,0.95564,50,4.83392,-3.80639,-133.177,-2.61836,9.76213,28.0847,-23.09304,MIZ_TIG,NOR_BIS,TaylorStadium,D1,SEC,20260228-TaylorStadium-2,6fd9d450-1511-11f1-9d47-ad81a36dfdfe,90.54726,2.19048,,7.66472,,,,1.24424,2.19048,0.16943,1fa80f13-d93e-49a6-97f0-7762eeb242e9,2026-03-01,01:53:25.44,2026-02-28T19:53:25.4440000-06:00,2026-03-01T01:53:25.4440000Z,GroundBall,v3,4806,471388,ae4075840dfa411e9b4d026302d1ad63,"Serna, Mateo",806219,Right,MIZ_TIG,ed13e33a-5845-4b4a-99e1-f6b284b8b58f,54.85388,-134.19669,14.04235,4.91377,-1.7799,-11.54652,1.10027,-4.16083,4.88107,,1.24312,62.23753,,,,,,,,2.19155,-59.881,,,,,,,,0.16835,60.50483,,,,,,,,,,,,,,,,,,,,,,,,,,,,,,High,High,High,Low,Low,,,,,,,,,,,,,,,,,,,,,,,,,,,,,,,,,,,86.00684,18.08061,-7.47831
302,2026-02-28,19:54:09.33,4,1,"Lohse, Ian",809339,Left,MIZ_TIG,"Smith, Dante",10083909,Left,NOR_BIS,Undefined,9,Top,2,0,0,Slider,Curveball,BallCalled,Undefined,Undefined,Undefined,0,0,,78.58895,2.358773,-1.585183,2888.344062,295.718717,3:45,4.74506,-1.21298,5.21268,-53.4307,-6.96473,17.47525,2.51266,-1.2477,71.99717,-7.333967,1.513395,0.490613,,,,,,,,,,,,-9.1317,-3.66272,1.34589,50,4.92291,2.44118,-114.01909,2.7881,-12.00836,21.17207,-36.99058,MIZ_TIG,NOR_BIS,TaylorStadium,D1,SEC,20260228-TaylorStadium-2,8a102fe0-1511-11f1-9d47-ad81a36dfdfe,76.82725,,,6.59178,,,,,,,1fa80f13-d93e-49a6-97f0-7762eeb242e9,2026-03-01,01:54:09.33,2026-02-28T19:54:09.3340000-06:00,2026-03-01T01:54:09.3340000Z,,v3,4806,471388,ae4075840dfa411e9b4d026302d1ad63,"Serna, Mateo",806219,Right,MIZ_TIG,35fe6db6-bdd8-4533-af17-81ea41811edd,55.28948,-114.99709,10.58604,4.75465,4.4968,-18.49529,1.22031,2.99589,-6.00418,,,,,,,,,,,,,,,,,,,,,,,,,,,,,,,,,,,,,,,,,,,,,,,,,,,High,High,High,,,,,,,,,,,,,,,,,,,,,,,,,,,,,,,,,,,,,,,
303,2026-02-28,19:54:30.59,4,2,"Lohse, Ian",809339,Left,MIZ_TIG,"Smith, Dante",10083909,Left,NOR_BIS,Undefined,9,Top,2,1,0,Fastball,Sinker,FoulBallNotFieldable,Undefined,Undefined,Undefined,0,0,,91.76084,-0.646892,0.856967,2435.573619,135.08735,10:30,4.85586,-1.1785,5.5367,-22.81328,10.51619,-9.52229,2.35002,-1.17096,84.55021,-4.869213,-0.841418,0.415514,66.35878,-15.775005,-73.26115,,,,,6.95166,6.68553,-68.591047,0.084345,5.05402,5.77918,1.11074,50,4.78458,-1.57081,-133.36922,-2.3322,9.1791,26.4451,-21.67791,MIZ_TIG,NOR_BIS,TaylorStadium,D1,SEC,20260228-TaylorStadium-2,96b30ce0-1511-11f1-9d47-ad81a36dfdfe,90.71284,2.23948,,7.21063,,,,0.25436,2.23948,1.11945,1fa80f13-d93e-49a6-97f0-7762eeb242e9,2026-03-01,01:54:30.59,2026-02-28T19:54:30.5920000-06:00,2026-03-01T01:54:30.5920000Z,GroundBall,v3,4806,471388,ae4075840dfa411e9b4d026302d1ad63,"Serna, Mateo",806219,Right,MIZ_TIG,aed3b4aa-317c-4972-afc1-ebbc02d58ac8,54.9637,-134.34984,13.22255,4.85616,-1.52835,-10.83896,1.17531,-1.91119,4.58955,180,0.25308,27.06915,,,,,,,,2.24073,-26.55133,,,,,,,,1.12369,-90.00441,,,,,,,,,,,,,,,,,,,,,,,,,,,,,,High,High,High,High,High,,,,,,,,,,,,,,,,,,,,,,,,,,,,,,,,,,,59.75288,-7.87705,-23.53661
304,2026-02-28,19:54:56.71,4,3,"Lohse, Ian",809339,Left,MIZ_TIG,"Smith, Dante",10083909,Left,NOR_BIS,Undefined,9,Top,2,1,1,Fastball,Four-Seam,StrikeCalled,Undefined,Undefined,Undefined,0,0,,91.98597,-0.607885,1.898691,2452.824707,151.974556,11:00,4.95658,-0.99564,5.77313,-16.37485,16.94099,-8.43052,3.02601,0.06931,83.56609,-3.727391,0.38996,0.415429,,,,,,,,,,,,4.81819,9.11682,0.84372,50,4.8965,-4.04324,-133.46863,-1.91452,8.65295,29.90871,-15.80126,MIZ_TIG,NOR_BIS,TaylorStadium,D1,SEC,20260228-TaylorStadium-2,a6537270-1511-11f1-9d47-ad81a36dfdfe,90.73139,,,8.41988,,,,,,,1fa80f13-d93e-49a6-97f0-7762eeb242e9,2026-03-01,01:54:56.71,2026-02-28T19:54:56.7160000-06:00,2026-03-01T01:54:56.7160000Z,,v3,4806,471388,ae4075840dfa411e9b4d026302d1ad63,"Serna, Mateo",806219,Right,MIZ_TIG,f767cda8-22a4-4ddc-b225-eb80634cfdce,54.72364,-134.52297,14.95435,4.95417,-1.35749,-7.90063,0.99163,-4.34827,4.32647,,,,,,,,,,,,,,,,,,,,,,,,,,,,,,,,,,,,,,,,,,,,,,,,,,,High,High,High,,,,,,,,,,,,,,,,,,,,,,,,,,,,,,,,,,,,,,,
305,2026-02-28,19:55:19.84,4,4,"Lohse, Ian",809339,Left,MIZ_TIG,"Smith, Dante",10083909,Left,NOR_BIS,Undefined,9,Top,2,1,2,Fastball,Four-Seam,BallCalled,Undefined,Undefined,Undefined,0,0,,93.61949,-0.467601,3.759201,2503.339078,141.493921,10:45,5.02664,-0.8993,5.72565,-17.29072,14.89808,-11.03095,3.14928,1.68777,85.29519,-3.733649,1.791748,0.408342,,,,,,,,,,,,6.62843,8.00603,0.59191,50,4.97695,-8.40818,-135.68712,-1.67449,12.355,29.74278,-17.25129,MIZ_TIG,NOR_BIS,TaylorStadium,D1,SEC,20260228-TaylorStadium-2,b4057580-1511-11f1-9d47-ad81a36dfdfe,92.30608,,,8.3243,,,,,,,1fa80f13-d93e-49a6-97f0-7762eeb242e9,2026-03-01,01:55:19.84,2026-02-28T19:55:19.8480000-06:00,2026-03-01T01:55:19.8480000Z,,v3,4806,471388,ae4075840dfa411e9b4d026302d1ad63,"Serna, Mateo",806219,Right,MIZ_TIG,07e2a5b0-46be-44f3-a4f8-9e7732c7d0dd,54.77226,-136.7292,14.87139,5.02503,-1.07007,-8.62564,0.89408,-8.84105,6.1775,,,,,,,,,,,,,,,,,,,,,,,,,,,,,,,,,,,,,,,,,,,,,,,,,,,High,High,High,,,,,,,,,,,,,,,,,,,,,,,,,,,,,,,,,,,,,,,
306,2026-02-28,19:55:44.11,4,5,"Lohse, Ian",809339,Left,MIZ_TIG,"Smith, Dante",10083909,Left,NOR_BIS,Undefined,9,Top,2,2,2,Fastball,Four-Seam,StrikeSwinging,Strikeout,Undefined,Undefined,0,0,,91.87373,-0.670303,2.1737,2400.100133,139.167971,10:45,4.94401,-0.954,5.87836,-18.86895,13.76599,-11.13323,2.7486,0.13797,85.10554,-4.200242,0.177337,0.411162,,,,,,,,,,,,6.20859,7.48937,0.78476,50,4.87876,-4.59219,-133.59889,-2.18407,11.39695,24.55737,-18.42597,MIZ_TIG,NOR_BIS,TaylorStadium,D1,SEC,20260228-TaylorStadium-2,c276f800-1511-11f1-9d47-ad81a36dfdfe,91.67304,,,6.76819,,,,,,,1fa80f13-d93e-49a6-97f0-7762eeb242e9,2026-03-01,01:55:44.11,2026-02-28T19:55:44.1120000-06:00,2026-03-01T01:55:44.1120000Z,,v3,4806,471388,ae4075840dfa411e9b4d026302d1ad63,"Serna, Mateo",806219,Right,MIZ_TIG,60fbf2af-c386-4ff5-9d94-77bb0bf698fc,54.62223,-134.44583,12.27868,4.94313,-1.54859,-9.21299,0.94992,-4.98525,5.69848,,,,,,,,,,,,,,,,,,,,,,,,,,,,,,,,,,,,,,,,,,,,,,,,,,,High,High,High,,,,,,,,,,,,,,,,,,,,,,,,,,,,,,,,,,,,,,,