PitchNo,Date,Time,PAofInning,PitchofPA,Pitcher,PitcherId,PitcherThrows,PitcherTeam,Batter,BatterId,BatterSide,BatterTeam,PitcherSet,Inning,Top/Bottom,Outs,Balls,Strikes,TaggedPitchType,AutoPitchType,PitchCall,KorBB,TaggedHitType,PlayResult,OutsOnPlay,RunsScored,Notes,RelSpeed,VertRelAngle,HorzRelAngle,SpinRate,SpinAxis,Tilt,RelHeight,RelSide,Extension,VertBreak,InducedVertBreak,HorzBreak,PlateLocHeight,PlateLocSide,ZoneSpeed,VertApprAngle,HorzApprAngle,ZoneTime,ExitSpeed,Angle,Direction,HitSpinRate,PositionAt110X,PositionAt110Y,PositionAt110Z,Distance,LastTrackedDistance,Bearing,HangTime,pfxx,pfxz,x0,y0,z0,vx0,vy0,vz0,ax0,ay0,az0,HomeTeam,AwayTeam,Stadium,Level,League,GameID,PitchUID,EffectiveVelo,MaxHeight,MeasuredDuration,SpeedDrop,PitchLastMeasuredX,PitchLastMeasuredY,PitchLastMeasuredZ,ContactPositionX,ContactPositionY,ContactPositionZ,GameUID,UTCDate,UTCTime,LocalDateTime,UTCDateTime,AutoHitType,System,HomeTeamForeignID,AwayTeamForeignID,GameForeignID,Catcher,CatcherId,CatcherThrows,CatcherTeam,PlayID,PitchTrajectoryXc0,PitchTrajectoryXc1,PitchTrajectoryXc2,PitchTrajectoryYc0,PitchTrajectoryYc1,PitchTrajectoryYc2,PitchTrajectoryZc0,PitchTrajectoryZc1,PitchTrajectoryZc2,HitSpinAxis,HitTrajectoryXc0,HitTrajectoryXc1,HitTrajectoryXc2,HitTrajectoryXc3,HitTrajectoryXc4,HitTrajectoryXc5,HitTrajectoryXc6,HitTrajectoryXc7,HitTrajectoryXc8,HitTrajectoryYc0,HitTrajectoryYc1,HitTrajectoryYc2,HitTrajectoryYc3,HitTrajectoryYc4,HitTrajectoryYc5,HitTrajectoryYc6,HitTrajectoryYc7,HitTrajectoryYc8,HitTrajectoryZc0,HitTrajectoryZc1,HitTrajectoryZc2,HitTrajectoryZc3,HitTrajectoryZc4,HitTrajectoryZc5,HitTrajectoryZc6,HitTrajectoryZc7,HitTrajectoryZc8,ThrowSpeed,PopTime,ExchangeTime,TimeToBase,CatchPositionX,CatchPositionY,CatchPositionZ,ThrowPositionX,ThrowPositionY,ThrowPositionZ,BasePositionX,BasePositionY,BasePositionZ,ThrowTrajectoryXc0,ThrowTrajectoryXc1,ThrowTrajectoryXc2,ThrowTrajectoryYc0,ThrowTrajectoryYc1,ThrowTrajectoryYc2,ThrowTrajectoryZc0,ThrowTrajectoryZc1,ThrowTrajectoryZc2,PitchReleaseConfidence,PitchLocationConfidence,PitchMovementConfidence,HitLaunchConfidence,HitLandingConfidence,CatcherThrowCatchConfidence,CatcherThrowReleaseConfidence,CatcherThrowLocationConfidence,SpinAxis3dTransverseAngle,SpinAxis3dLongitudinalAngle,SpinAxis3dActiveSpinRate,SpinAxis3dSpinEfficiency,SpinAxis3dTilt,SpinAxis3dVectorX,SpinAxis3dVectorY,SpinAxis3dVectorZ,SpinAxis3dSeamOrientationRotationX,SpinAxis3dSeamOrientationRotationY,SpinAxis3dSeamOrientationRotationZ,SpinAxis3dSeamOrientationBallAngleHorizontalAmb1,SpinAxis3dSeamOrientationBallAngleVerticalAmb1,SpinAxis3dSeamOrientationBallXAmb1,SpinAxis3dSeamOrientationBallYAmb1,SpinAxis3dSeamOrientationBallZAmb1,SpinAxis3dSeamOrientationBallAngleHorizontalAmb2,SpinAxis3dSeamOrientationBallAngleVerticalAmb2,SpinAxis3dSeamOrientationBallXAmb2,SpinAxis3dSeamOrientationBallYAmb2,SpinAxis3dSeamOrientationBallZAmb2,SpinAxis3dSeamOrientationBallAngleHorizontalAmb3,SpinAxis3dSeamOrientationBallAngleVerticalAmb3,SpinAxis3dSeamOrientationBallXAmb3,SpinAxis3dSeamOrientationBallYAmb3,SpinAxis3dSeamOrientationBallZAmb3,SpinAxis3dSeamOrientationBallAngleHorizontalAmb4,SpinAxis3dSeamOrientationBallAngleVerticalAmb4,SpinAxis3dSeamOrientationBallXAmb4,SpinAxis3dSeamOrientationBallYAmb4,SpinAxis3dSeamOrientationBallZAmb4,BatSpeed,VerticalAttackAngle,HorizontalAttackAngle
1,2026-03-04,15:02:31.80,1,1,"Tracey, Taylor",815625,Left,TEN_VOL,"Schuck, Aidan",1000228502,Right,OAK_GOL,Undefined,1,Top,0,0,0,Fastball,Four-Seam,StrikeCalled,Undefined,Undefined,Undefined,0,0,,91.70544,-2.072439,1.47477,2061.643242,140.501613,10:45,5.86893,-1.37536,6.05887,-19.56403,13.84036,-10.43418,2.31898,-0.87961,82.97807,-5.781519,-0.404458,0.415981,,,,,,,,,,,,5.77166,8.10894,1.26602,50,5.69753,-2.9618,-132.97386,-5.41497,10.21374,31.61396,-17.82419,TEN_VOL,OAK_GOL,LindseyNelsonStadium,D1,SEC,20260304-LindseyNelsonStadium-1,759d2370-180d-11f1-bda3-276ded76bcdc,90.61099,,,8.72737,,,,,,,efdb3acd-98ca-462b-a386-93f1bbf9dc13,2026-03-04,21:02:31.80,2026-03-04T15:02:31.8009856-06:00,2026-03-04T21:02:31.8009856Z,,v3,471459,471397,6981f38c47c5403d8cc8c83a27c654da,"Grindlinger, Trent",815821,Right,TEN_VOL,7da94b8d-ca3c-4bf7-b092-36eb6b295cd0,54.43494,-134.0241,15.80698,5.86758,-4.82283,-8.91209,1.37005,-3.30111,5.10687,,,,,,,,,,,,,,,,,,,,,,,,,,,,,,,,,,,,,,,,,,,,,,,,,,,High,High,High,,,,,,138.720588,-3.455354,2057.895311,0.998182,10:30,0.055711,0.660281,-0.748949,40.653254,-28.032837,48.486351,172.971616,-17.04119,0.116989,-0.293059,-0.94891,17.162658,-6.718342,0.293059,-0.116989,0.94891,-17.162658,6.718342,-0.293059,0.116989,0.94891,-172.971616,17.04119,-0.116989,0.293059,-0.94891,,,
2,2026-03-04,15:02:47.08,1,2,"Tracey, Taylor",815625,Left,TEN_VOL,"Schuck, Aidan",1000228502,Right,OAK_GOL,Undefined,1,Top,0,0,1,ChangeUp,Changeup,StrikeSwinging,Undefined,Undefined,Undefined,0,0,,79.5533,-1.457673,3.183872,1946.342866,112.359603,9:45,5.86952,-1.65201,5.54507,-37.08451,8.11477,-15.91914,1.41453,-0.00017,72.49483,-8.283107,0.345266,0.483879,,,,,,,,,,,,8.98418,5.01744,1.3868,50,5.71881,-5.77663,-115.2303,-4.14126,11.97657,23.11684,-25.48542,TEN_VOL,OAK_GOL,LindseyNelsonStadium,D1,SEC,20260304-LindseyNelsonStadium-1,7ebc57f0-180d-11f1-bda3-276ded76bcdc,77.89635,,,7.05847,,,,,,,efdb3acd-98ca-462b-a386-93f1bbf9dc13,2026-03-04,21:02:47.08,2026-03-04T15:02:47.0832128-06:00,2026-03-04T21:02:47.0832128Z,,v3,471459,471397,6981f38c47c5403d8cc8c83a27c654da,"Grindlinger, Trent",815821,Right,TEN_VOL,2fb4112b-9599-45ed-824e-b73a9dc40a9b,54.9513,-116.21936,11.55842,5.87267,-3.05087,-12.74271,1.64492,-6.28905,5.98829,,,,,,,,,,,,,,,,,,,,,,,,,,,,,,,,,,,,,,,,,,,,,,,,,,,High,High,High,,,,,,118.09988,29.522329,1693.636953,0.870164,10:00,-0.488576,0.754812,-0.437667,-122.838747,10.867701,3.828062,179.752589,-20.290689,0.00405,-0.346783,-0.937937,20.290863,-0.232058,0.346783,-0.00405,0.937937,-20.290863,0.232058,-0.346783,0.00405,0.937937,-179.752589,20.290689,-0.00405,0.346783,-0.937937,,,
3,2026-03-04,15:03:03.34,1,3,"Tracey, Taylor",815625,Left,TEN_VOL,"Schuck, Aidan",1000228502,Right,OAK_GOL,Undefined,1,Top,0,0,2,Fastball,Four-Seam,FoulBallNotFieldable,Undefined,Undefined,Undefined,0,0,,90.08391,-0.806857,1.142602,2061.024228,144.379547,10:45,5.95732,-1.34529,6.09036,-18.94851,15.43619,-10.22705,3.63174,-1.1405,81.73991,-4.415493,-0.699921,0.42204,73.0426,35.661153,141.633671,3148.939044,,,,,47.39863,,,5.60614,8.54374,1.26247,50,5.88512,-2.17856,-130.7986,-2.40073,9.63498,29.63155,-17.49037,TEN_VOL,OAK_GOL,LindseyNelsonStadium,D1,SEC,20260304-LindseyNelsonStadium-1,886e7da0-180d-11f1-bda3-276ded76bcdc,89.31001,31.41053,,8.34399,,,,0.4249,3.52046,1.17995,efdb3acd-98ca-462b-a386-93f1bbf9dc13,2026-03-04,21:03:03.34,2026-03-04T15:03:03.3473536-06:00,2026-03-04T21:03:03.3473536Z,,v3,471459,471397,6981f38c47c5403d8cc8c83a27c654da,"Grindlinger, Trent",815821,Right,TEN_VOL,425c9bf5-05eb-4da1-b895-cda919d29dc0,54.40561,-131.79288,14.81578,5.95583,-1.81384,-8.74518,1.341,-2.50186,4.81749,307.570731,0.4249,-68.24441,1.99818,0.89352,-0.46553,1.27636,-2.6624,2.95732,-1.29872,3.52046,62.45528,-24.9322,2.55968,-0.98442,2.06325,-4.26846,4.6972,-2.03267,1.17995,54.02468,-10.2712,1.31144,-0.50118,0.91323,-1.89493,2.07829,-0.89456,,,,,,,,,,,,,,,,,,,,,,,High,High,High,High,Undefined,,,,138.313791,-2.407319,2059.205318,0.999117,10:30,0.047514,0.664989,-0.74534,44.299168,-25.099492,45.051696,171.509026,-17.987566,0.140437,-0.308811,-0.940698,18.173871,-8.073124,0.308811,-0.140437,0.940698,-18.173871,8.073124,-0.308811,0.140437,0.940698,-171.509026,17.987566,-0.140437,0.308811,-0.940698,65.39026,1.61134,11.05404
4,2026-03-04,15:03:23.44,1,4,"Tracey, Taylor",815625,Left,TEN_VOL,"Schuck, Aidan",1000228502,Right,OAK_GOL,Undefined,1,Top,0,0,2,ChangeUp,Changeup,StrikeSwinging,Strikeout,Undefined,Undefined,0,0,,78.43444,-0.392756,2.789155,1861.791035,122.365581,10:00,5.77046,-1.64835,5.53607,-35.57907,10.94721,-14.70446,2.438,-0.26472,71.21012,-6.981824,0.168715,0.490931,,,,,,,,,,,,8.20729,6.14929,1.41597,50,5.71314,-4.94733,-113.63412,-1.9036,10.62997,22.66012,-24.20953,TEN_VOL,OAK_GOL,LindseyNelsonStadium,D1,SEC,20260304-LindseyNelsonStadium-1,94656330-180d-11f1-bda3-276ded76bcdc,76.77743,,,7.22432,,,,,,,efdb3acd-98ca-462b-a386-93f1bbf9dc13,2026-03-04,21:03:23.44,2026-03-04T15:03:23.4470000-06:00,2026-03-04T21:03:23.4470000Z,,v3,471459,471397,6981f38c47c5403d8cc8c83a27c654da,"Grindlinger, Trent",815821,Right,TEN_VOL,df15bc3f-afb9-4400-965f-a3c91e11418b,54.95834,-114.61861,11.33006,5.773,-0.85179,-12.10476,1.64094,-5.40916,5.31499,,,,,,,,,,,,,,,,,,,,,,,,,,,,,71.58773,2.577533,1.607782,0.969751,-2.52004,1.93688,0.25976,-0.32685,5.95446,2.94568,68.6254,8.7136,-56.15558,-0.27215,76.04297,-5.13407,5.97816,14.94781,-12.49603,2.83642,-68.78344,8.16395,High,High,High,,,High,High,High,114.556271,29.681683,1617.505187,0.86879,9:45,-0.482424,0.786798,-0.384989,-124.218201,14.291522,-4.26225,179.834727,25.324121,0.002607,0.427738,-0.903899,25.324213,0.149391,0.427738,0.002607,0.903899,-25.324213,-0.149391,-0.427738,-0.002607,0.903899,-179.834727,-25.324121,-0.002607,-0.427738,-0.903899,,,
5,2026-03-04,15:03:52.43,2,1,"Tracey, Taylor",815625,Left,TEN_VOL,"Revere, Kyle",1000238496,Right,OAK_GOL,Undefined,1,Top,1,0,0,Fastball,Sinker,StrikeCalled,Undefined,Undefined,Undefined,0,0,,91.00327,-1.786474,1.584776,2025.663926,136.047251,10:30,5.85051,-1.36863,5.90199,-20.86596,13.06013,-11.49221,2.45215,-0.85482,82.79079,-5.711203,-0.478858,0.419216,,,,,,,,,,,,6.31315,7.55162,1.24763,50,5.69499,-3.14732,-132.03072,-4.79354,11.07792,29.66417,-18.92297,TEN_VOL,OAK_GOL,LindseyNelsonStadium,D1,SEC,20260304-LindseyNelsonStadium-1,a59c9560-180d-11f1-bda3-276ded76bcdc,89.91165,,,8.21248,,,,,,,efdb3acd-98ca-462b-a386-93f1bbf9dc13,2026-03-04,21:03:52.43,2026-03-04T15:03:52.4325888-06:00,2026-03-04T21:03:52.4325888Z,,v3,471459,471397,6981f38c47c5403d8cc8c83a27c654da,"Grindlinger, Trent",815821,Right,TEN_VOL,6156f1eb-3854-4abc-bee4-c5ed87335f02,54.59353,-133.05878,14.83208,5.84976,-4.13774,-9.46149,1.36336,-3.53124,5.53896,,,,,,,,,,,,,,,,,,,,,,,,,,,,,,,,,,,,,,,,,,,,,,,,,,,High,High,High,,,,,,136.285718,5.447894,2016.513903,0.995483,10:30,-0.096397,0.684647,-0.722472,37.016385,-22.09527,63.434195,164.783428,-12.618302,0.256129,-0.218455,-0.941634,13.061308,-14.840488,0.218455,-0.256129,0.941634,-13.061308,14.840488,-0.218455,0.256129,0.941634,-164.783428,12.618302,-0.256129,0.218455,-0.941634,,,
6,2026-03-04,15:04:06.94,2,2,"Tracey, Taylor",815625,Left,TEN_VOL,"Revere, Kyle",1000238496,Right,OAK_GOL,Undefined,1,Top,1,0,1,Fastball,Four-Seam,StrikeSwinging,Undefined,Undefined,Undefined,0,0,,90.41904,-0.840074,1.896717,1830.609918,142.876311,10:45,6.04532,-1.13096,5.73188,-21.63403,12.78072,-8.84032,3.45967,-0.10069,82.54309,-4.890478,0.315256,0.422225,,,,,,,,,,,,5.00618,7.06945,0.97826,50,5.96208,-3.95399,-131.23604,-2.64902,8.72391,27.97564,-19.85455,TEN_VOL,OAK_GOL,LindseyNelsonStadium,D1,SEC,20260304-LindseyNelsonStadium-1,ae45fda0-180d-11f1-bda3-276ded76bcdc,89.27106,,,7.87595,,,,,,,efdb3acd-98ca-462b-a386-93f1bbf9dc13,2026-03-04,21:04:06.94,2026-03-04T15:04:06.9478912-06:00,2026-03-04T21:04:06.9478912Z,,v3,471459,471397,6981f38c47c5403d8cc8c83a27c654da,"Grindlinger, Trent",815821,Right,TEN_VOL,57b10f37-b42b-4d02-ab31-5b0ff64008cb,54.76412,-132.24771,13.98782,6.04489,-1.93103,-9.92728,1.12696,-4.26947,4.36196,,,,,,,,,,,,,,,,,,,,,,,,,,,,,,,,,,,,,,,,,,,,,,,,,,,High,High,High,,,,,,141.936906,-8.554823,1810.242515,0.988874,10:45,0.165494,0.611785,-0.773519,24.561853,-27.954523,63.093485,168.812233,-16.692223,0.185849,-0.287231,-0.939659,16.997099,-10.710634,0.287231,-0.185849,0.939659,-16.997099,10.710634,-0.287231,0.185849,0.939659,-168.812233,16.692223,-0.185849,0.287231,-0.939659,,,
7,2026-03-04,15:04:23.58,2,3,"Tracey, Taylor",815625,Left,TEN_VOL,"Revere, Kyle",1000238496,Right,OAK_GOL,Undefined,1,Top,1,0,2,ChangeUp,Changeup,BallCalled,Undefined,Undefined,Undefined,0,0,,81.2786,-2.049148,4.311873,1710.785046,116.429073,10:00,5.78693,-1.68563,5.77854,-33.72187,9.04485,-15.36524,1.06394,1.05346,74.48066,-8.270327,1.565862,0.470679,,,,,,,,,,,,9.07398,5.6139,1.33867,50,5.59702,-8.27744,-117.67782,-5.29102,12.69897,22.74265,-24.31747,TEN_VOL,OAK_GOL,LindseyNelsonStadium,D1,SEC,20260304-LindseyNelsonStadium-1,b834b720-180d-11f1-bda3-276ded76bcdc,80.08107,,,6.79794,,,,,,,efdb3acd-98ca-462b-a386-93f1bbf9dc13,2026-03-04,21:04:23.58,2026-03-04T15:04:23.5881984-06:00,2026-03-04T21:04:23.5881984Z,,v3,471459,471397,6981f38c47c5403d8cc8c83a27c654da,"Grindlinger, Trent",815821,Right,TEN_VOL,6191184a-fdba-4f24-b1c5-8b9fb236191b,54.71944,-118.5864,11.37133,5.78899,-4.31952,-12.15873,1.67949,-8.78477,6.34948,,,,,,,,,,,,,,,,,,,,,,,,,,,,,,,,,,,,,,,,,,,,,,,,,,,High,High,High,,,,,,114.539682,29.06841,1495.294955,0.87404,9:45,-0.485225,0.777211,-0.400625,-124.205799,14.926735,3.264032,177.7132,18.778023,0.037778,0.321903,-0.946019,18.79194,2.165021,0.321903,0.037778,0.946019,-18.79194,-2.165021,-0.321903,-0.037778,0.946019,-177.7132,-18.778023,-0.037778,-0.321903,-0.946019,,,
8,2026-03-04,15:04:38.24,2,4,"Tracey, Taylor",815625,Left,TEN_VOL,"Revere, Kyle",1000238496,Right,OAK_GOL,Undefined,1,Top,1,1,2,ChangeUp,Changeup,BallCalled,Undefined,Undefined,Undefined,0,0,,79.18374,0.922612,1.450252,1693.384537,115.03629,9:45,5.7858,-1.69283,5.50654,-38.16014,7.13181,-12.15965,3.46895,-1.34959,72.34904,-6.109185,-0.716941,0.484375,,,,,,,,,,,,6.5191,3.79044,1.57456,50,5.84087,-2.42445,-114.91191,0.60077,8.69929,21.69356,-27.11597,TEN_VOL,OAK_GOL,LindseyNelsonStadium,D1,SEC,20260304-LindseyNelsonStadium-1,c0ffd830-180d-11f1-bda3-276ded76bcdc,77.81661,,,6.8347,,,,,,,efdb3acd-98ca-462b-a386-93f1bbf9dc13,2026-03-04,21:04:38.24,2026-03-04T15:04:38.2471168-06:00,2026-03-04T21:04:38.2471168Z,,v3,471459,471397,6981f38c47c5403d8cc8c83a27c654da,"Grindlinger, Trent",815821,Right,TEN_VOL,9e7f5f36-238f-4563-8db4-eee46379057f,54.98995,-115.85011,10.84678,5.78953,1.77347,-13.55799,1.68755,-2.80067,4.34965,,,,,,,,,,,,,,,,,,,,,,,,,,,,,,,,,,,,,,,,,,,,,,,,,,,High,High,High,,,,,,111.603024,35.384198,1380.59529,0.815288,9:45,-0.558997,0.767245,-0.314416,25.350238,-40.599903,68.923456,167.786164,28.374884,0.186143,0.475239,-0.859941,28.926827,10.727795,0.475239,0.186143,0.859941,-28.926827,-10.727795,-0.475239,-0.186143,0.859941,-167.786164,-28.374884,-0.186143,-0.475239,-0.859941,,,
9,2026-03-04,15:04:55.14,2,5,"Tracey, Taylor",815625,Left,TEN_VOL,"Revere, Kyle",1000238496,Right,OAK_GOL,Undefined,1,Top,1,2,2,Fastball,Four-Seam,StrikeSwinging,Strikeout,Undefined,Undefined,0,0,,92.31709,-1.053213,1.89685,1990.06472,149.608859,11:00,5.80679,-1.40406,5.94818,-17.8908,14.93095,-8.12634,3.33842,-0.32132,84.04206,-4.445964,0.437461,0.412337,,,,,,,,,,,,4.68705,8.27245,1.25752,50,5.7129,-4.0776,-133.99177,-3.01919,8.4925,29.85825,-17.18507,TEN_VOL,OAK_GOL,LindseyNelsonStadium,D1,SEC,20260304-LindseyNelsonStadium-1,cb11aa10-180d-11f1-bda3-276ded76bcdc,91.41173,,,8.27503,,,,,,,efdb3acd-98ca-462b-a386-93f1bbf9dc13,2026-03-04,21:04:55.14,2026-03-04T15:04:55.1450000-06:00,2026-03-04T21:04:55.1450000Z,,v3,471459,471397,6981f38c47c5403d8cc8c83a27c654da,"Grindlinger, Trent",815821,Right,TEN_VOL,ae7e6cae-f2b3-458c-b4a8-2d55eb62a3f5,54.54737,-135.00129,14.92913,5.80515,-2.43816,-8.59254,1.40024,-4.36473,4.24625,,,,,,,,,,,,,,,,,,,,,,,,,,,,,69.81854,2.649178,1.666048,0.98313,-1.78636,3.08263,0.29932,0.07391,5.68021,2.86596,70.65019,7.81879,-54.13053,0.12522,76.61925,-4.95136,5.71622,15.36412,-13.43937,2.78409,-64.42322,6.61793,High,High,High,,,High,High,High,137.926131,-6.541146,1977.110003,0.99349,10:30,0.126015,0.667708,-0.73368,28.577781,-34.77777,60.698254,173.395616,-15.857085,0.110636,-0.273239,-0.955563,15.957638,-6.352006,0.273239,-0.110636,0.955563,-15.957638,6.352006,-0.273239,0.110636,0.955563,-173.395616,15.857085,-0.110636,0.273239,-0.955563,,,
10,2026-03-04,15:05:21.90,3,1,"Tracey, Taylor",815625,Left,TEN_VOL,"Day, Lucas",1000218526,Left,OAK_GOL,Undefined,1,Top,2,0,0,Fastball,Sinker,StrikeCalled,Undefined,Undefined,Undefined,0,0,,92.61059,-2.199231,3.054385,2038.021242,135.936796,10:30,5.98104,-1.22575,6.00148,-18.3604,14.32509,-12.79717,2.40941,0.54053,84.22902,-5.674617,0.755909,0.41148,,,,,,,,,,,,7.438,8.32784,0.99221,50,5.79775,-6.5997,-134.23436,-5.73442,13.50113,30.46022,-17.05766,TEN_VOL,OAK_GOL,LindseyNelsonStadium,D1,SEC,20260304-LindseyNelsonStadium-1,daf3faa0-180d-11f1-bda3-276ded76bcdc,91.60206,,,8.38157,,,,,,,efdb3acd-98ca-462b-a386-93f1bbf9dc13,2026-03-04,21:05:21.90,2026-03-04T15:05:21.9066368-06:00,2026-03-04T21:05:21.9066368Z,,v3,471459,471397,6981f38c47c5403d8cc8c83a27c654da,"Grindlinger, Trent",815821,Right,TEN_VOL,6fc0776b-ba37-4204-b45f-830063a75232,54.49469,-135.25045,15.23011,5.97954,-5.16542,-8.52883,1.21987,-7.05007,6.75056,,,,,,,,,,,,,,,,,,,,,,,,,,,,,,,,,,,,,,,,,,,,,,,,,,,High,High,High,,,,,,141.539349,4.941741,2030.445519,0.996283,10:45,-0.068134,0.615903,-0.78487,29.888742,-19.199631,69.129963,164.412513,-12.346577,0.262495,-0.213825,-0.940944,12.802742,-15.218145,0.213825,-0.262495,0.940944,-12.802742,15.218145,-0.213825,0.262495,0.940944,-164.412513,12.346577,-0.262495,0.213825,-0.940944,,,
11,2026-03-04,15:05:35.47,3,2,"Tracey, Taylor",815625,Left,TEN_VOL,"Day, Lucas",1000218526,Left,OAK_GOL,Undefined,1,Top,2,0,1,Fastball,Four-Seam,FoulBallNotFieldable,Undefined,Undefined,Undefined,0,0,,92.22393,-2.117382,2.542264,1913.07651,145.086483,10:45,5.99907,-1.18675,5.9865,-16.37607,16.55099,-10.78304,2.66916,0.27241,83.91184,-5.238007,0.605323,0.412998,,,,,,,,,,,,6.30748,9.46264,0.99215,50,5.82286,-5.47814,-133.76302,-5.4391,11.36989,30.22217,-15.11667,TEN_VOL,OAK_GOL,LindseyNelsonStadium,D1,SEC,20260304-LindseyNelsonStadium-1,e30875e0-180d-11f1-bda3-276ded76bcdc,91.26545,,,8.31209,,,,,,,efdb3acd-98ca-462b-a386-93f1bbf9dc13,2026-03-04,21:05:35.47,2026-03-04T15:05:35.4754048-06:00,2026-03-04T21:05:35.4754048Z,,v3,471459,471397,6981f38c47c5403d8cc8c83a27c654da,"Grindlinger, Trent",815821,Right,TEN_VOL,fc99a5bd-126d-469b-8cca-8ed4539940b6,54.51102,-134.77837,15.11108,5.99707,-4.93123,-7.55834,1.18261,-5.86012,5.68494,,,,,,,,,,,,,,,,,,,,,,,,,,,,,,,,,,,,,,,,,,,,,,,,,,,High,High,High,,,,,,142.65126,-3.270719,1909.960307,0.998371,10:45,0.069807,0.607371,-0.791345,28.894389,-31.204062,55.116366,177.060523,-11.980553,0.050164,-0.20758,-0.976931,11.995881,-2.875395,0.20758,-0.050164,0.976931,-11.995881,2.875395,-0.20758,0.050164,0.976931,-177.060523,11.980553,-0.050164,0.20758,-0.976931,,,
12,2026-03-04,15:06:01.32,3,3,"Tracey, Taylor",815625,Left,TEN_VOL,"Day, Lucas",1000218526,Left,OAK_GOL,Undefined,1,Top,2,0,2,Slider,Slider,BallCalled,Undefined,Undefined,Undefined,0,0,,81.6792,-0.786459,2.782071,1974.985267,312.95186,4:30,5.66393,-1.65827,5.25907,-43.80046,-0.28461,1.94728,1.2741,1.11983,74.27284,-8.753282,3.127522,0.474783,,,,,,,,,,,,-0.0885,0.54362,1.40183,50,5.55958,-5.82868,-118.27278,-3.19649,-0.1236,25.50209,-31.41481,TEN_VOL,OAK_GOL,LindseyNelsonStadium,D1,SEC,20260304-LindseyNelsonStadium-1,f2868660-180d-11f1-bda3-276ded76bcdc,79.38878,,,7.40637,,,,,,,efdb3acd-98ca-462b-a386-93f1bbf9dc13,2026-03-04,21:06:01.32,2026-03-04T15:06:01.3268992-06:00,2026-03-04T21:06:01.3268992Z,,v3,471459,471397,6981f38c47c5403d8cc8c83a27c654da,"Grindlinger, Trent",815821,Right,TEN_VOL,b245dab9-ceff-41e0-bb7b-723f774e9141,55.23754,-119.39676,12.75104,5.66995,-1.81191,-15.70741,1.6586,-5.82323,-0.0618,,,,,,,,,,,,,,,,,,,,,,,,,,,,,,,,,,,,,,,,,,,,,,,,,,,High,High,High,,,,,,56.224609,-86.646771,115.519825,0.058491,7:45,0.994772,0.062317,0.080897,47.739198,-37.106064,-76.749763,166.388294,39.334447,0.182026,0.633846,-0.751735,40.136828,10.487817,0.633846,0.182026,0.751735,-40.136828,-10.487817,-0.633846,-0.182026,0.751735,-166.388294,-39.334447,-0.182026,-0.633846,-0.751735,,,
13,2026-03-04,15:06:17.15,3,4,"Tracey, Taylor",815625,Left,TEN_VOL,"Day, Lucas",1000218526,Left,OAK_GOL,Undefined,1,Top,2,1,2,Slider,Slider,BallCalled,Undefined,Undefined,Undefined,0,0,,82.74068,-1.120273,3.398229,2178.698341,267.926086,3:00,5.61833,-1.56589,5.70783,-40.03423,1.48303,2.72614,1.23644,1.83105,75.6307,-8.453518,3.885169,0.463752,,,,,,,,,,,,-0.35453,1.53843,1.27932,50,5.49979,-7.22838,-119.87196,-3.71099,-0.51159,24.95065,-29.95398,TEN_VOL,OAK_GOL,LindseyNelsonStadium,D1,SEC,20260304-LindseyNelsonStadium-1,fbeab320-180d-11f1-bda3-276ded76bcdc,81.27718,,,7.10998,,,,,,,efdb3acd-98ca-462b-a386-93f1bbf9dc13,2026-03-04,21:06:17.15,2026-03-04T15:06:17.1536384-06:00,2026-03-04T21:06:17.1536384Z,,v3,471459,471397,6981f38c47c5403d8cc8c83a27c654da,"Grindlinger, Trent",815821,Right,TEN_VOL,10b30a13-fbae-405c-b73f-df5923c65a36,54.7884,-120.86453,12.47533,5.62372,-2.51939,-14.97699,1.56647,-7.20803,-0.2558,,,,,,,,,,,,,,,,,,,,,,,,,,,,,,,,,,,,,,,,,,,,,,,,,,,High,High,High,,,,,,125.897602,-77.789234,460.81313,0.211508,10:15,0.979478,0.190412,-0.066073,44.937792,6.230187,-73.181729,171.710982,41.597506,0.107812,0.663894,-0.740015,41.896413,6.189181,0.663894,0.107812,0.740015,-41.896413,-6.189181,-0.663894,-0.107812,0.740015,-171.710982,-41.597506,-0.107812,-0.663894,-0.740015,,,
14,2026-03-04,15:06:33.43,3,5,"Tracey, Taylor",815625,Left,TEN_VOL,"Day, Lucas",1000218526,Left,OAK_GOL,Undefined,1,Top,2,2,2,Fastball,Four-Seam,BallCalled,Undefined,Undefined,Undefined,0,0,,93.10134,-2.118144,1.439062,2213.37579,138.784532,10:45,5.84766,-1.32757,5.7698,-16.63902,16.03469,-13.05473,2.48843,-1.076,84.40179,-5.278241,-0.898966,0.411406,,,,,,,,,,,,7.04174,9.12812,1.21636,50,5.66251,-2.79244,-134.99341,-5.51376,12.88183,31.75565,-15.47544,TEN_VOL,OAK_GOL,LindseyNelsonStadium,D1,SEC,20260304-LindseyNelsonStadium-1,0597f6d0-180e-11f1-bda3-276ded76bcdc,91.61854,,,8.69954,,,,,,,efdb3acd-98ca-462b-a386-93f1bbf9dc13,2026-03-04,21:06:33.43,2026-03-04T15:06:33.4336000-06:00,2026-03-04T21:06:33.4336000Z,,v3,471459,471397,6981f38c47c5403d8cc8c83a27c654da,"Grindlinger, Trent",815821,Right,TEN_VOL,1ba64ef1-3ae8-439e-afff-89d812f101db,54.72544,-136.10048,15.87783,5.84532,-4.97426,-7.73772,1.32154,-3.24153,6.44092,,,,,,,,,,,,,,,,,,,,,,,,,,,,,,,,,,,,,,,,,,,,,,,,,,,High,High,High,,,,,,141.020562,0.875455,2213.117421,0.999883,10:45,-0.018983,0.627974,-0.778003,31.487262,-27.092563,67.401234,170.686626,-16.111855,0.155478,-0.277513,-0.948057,16.3157,-8.944497,0.277513,-0.155478,0.948057,-16.3157,8.944497,-0.277513,0.155478,0.948057,-170.686626,16.111855,-0.155478,0.277513,-0.948057,,,
15,2026-03-04,15:06:53.19,3,6,"Tracey, Taylor",815625,Left,TEN_VOL,"Day, Lucas",1000218526,Left,OAK_GOL,Undefined,1,Top,2,3,2,Fastball,Four-Seam,InPlay,Undefined,LineDrive,Out,1,0,,93.3074,-1.159585,1.668922,2244.183864,145.888919,10:45,5.82935,-1.33485,5.97913,-14.46217,17.74631,-11.27812,3.5487,-0.72727,84.56908,-3.945131,-0.357905,0.408467,101.40872,7.85999,37.865703,3018.239153,83.46718,6.02011,71.64657,145.64557,124.62454,41.978533,1.147284,6.33902,9.81249,1.20938,50,5.72984,-3.45981,-135.44018,-3.15794,11.67365,31.95601,-14.10385,TEN_VOL,OAK_GOL,LindseyNelsonStadium,D1,SEC,20260304-LindseyNelsonStadium-1,11618ad0-180e-11f1-bda3-276ded76bcdc,92.27787,8.34068,,8.73833,,,,2.77785,3.63395,0.63377,efdb3acd-98ca-462b-a386-93f1bbf9dc13,2026-03-04,21:06:53.19,2026-03-04T15:06:53.1967488-06:00,2026-03-04T21:06:53.1967488Z,LineDrive,v3,471459,471397,6981f38c47c5403d8cc8c83a27c654da,"Grindlinger, Trent",815821,Right,TEN_VOL,8693368f-70a9-4c28-ab5f-116702f9e50e,54.51852,-136.50213,15.97801,5.827,-2.68925,-7.05193,1.3308,-3.84775,5.83682,279.808629,2.77786,116.31362,-26.30669,5.69438,-2.2204,2.62542,-2.69517,1.44536,-0.30988,3.63395,20.33959,-23.27053,3.07577,-0.77216,0.28999,-0.16052,0.07111,-0.01419,0.63376,90.43689,-5.23115,-0.24308,0.95257,-2.20462,2.52234,-1.39761,0.30444,,,,,,,,,,,,,,,,,,,,,,,High,High,High,High,High,,,,140.754114,-3.746972,2239.386649,0.997862,10:45,0.075046,0.632491,-0.770924,34.287156,-31.306859,54.522153,175.401389,-16.362747,0.076927,-0.281718,-0.956409,16.412752,-4.411978,0.281718,-0.076927,0.956409,-16.412752,4.411978,-0.281718,0.076927,0.956409,-175.401389,16.362747,-0.076927,0.281718,-0.956409,75.96864,17.563,34.6002
16,2026-03-04,15:10:16.91,1,1,"Hansen, George",10319263,Left,OAK_GOL,"Abernathy, Jay",815337,Left,TEN_VOL,Undefined,1,Bottom,0,0,0,Fastball,Four-Seam,StrikeCalled,Undefined,Undefined,Undefined,0,0,,86.93174,-2.422194,2.076484,1935.849623,150.13709,11:00,6.24096,-1.82158,6.00778,-22.79198,14.05568,-7.39579,2.09481,-0.51332,79.69262,-6.691809,0.74621,0.436894,,,,,,,,,,,,4.36567,8.25835,1.66244,50,6.03809,-4.27195,-126.13663,-6.03653,7.03764,25.51617,-18.86126,TEN_VOL,OAK_GOL,LindseyNelsonStadium,D1,SEC,20260304-LindseyNelsonStadium-1,8ac7ba70-180e-11f1-bda3-276ded76bcdc,86.27359,,,7.23912,,,,,,,efdb3acd-98ca-462b-a386-93f1bbf9dc13,2026-03-04,21:10:16.91,2026-03-04T15:10:16.9195008-06:00,2026-03-04T21:10:16.9195008Z,,v3,471459,471397,6981f38c47c5403d8cc8c83a27c654da,"Clark, Ben",10098571,Right,OAK_GOL,8342f15c-15ed-418d-a838-7beedf69d831,54.48864,-127.04139,12.75809,6.24028,-5.36774,-9.43063,1.81834,-4.52149,3.51882,,,,,,,,,,,,,,,,,,,,,,,,,,,,,,,,,,,,,,,,,,,,,,,,,,,High,High,High,,,,,,150.69014,-20.453425,1813.807006,0.936957,11:00,0.359136,0.473029,-0.804528,16.527897,-22.714497,49.168302,165.912804,-13.901722,0.236269,-0.240257,-0.941517,14.315293,-13.666434,0.240257,-0.236269,0.941517,-14.315293,13.666434,-0.240257,0.236269,0.941517,-165.912804,13.901722,-0.236269,0.240257,-0.941517,,,
17,2026-03-04,15:10:33.46,1,2,"Hansen, George",10319263,Left,OAK_GOL,"Abernathy, Jay",815337,Left,TEN_VOL,Undefined,1,Bottom,0,0,1,Slider,Slider,FoulBallNotFieldable,Undefined,Undefined,Undefined,0,0,,76.87338,0.732012,1.962604,2174.764798,304.432441,4:15,6.04127,-2.05691,5.625,-49.68235,-1.92307,4.95248,2.58457,0.18785,70.76743,-8.343129,2.847421,0.497394,74.98515,63.130199,-63.96884,4632.625546,,,,,52.72975,,,-1.97134,-0.76984,1.88638,50,6.07155,-4.00877,-111.62578,-0.17293,-2.48487,20.27899,-33.1444,TEN_VOL,OAK_GOL,LindseyNelsonStadium,D1,SEC,20260304-LindseyNelsonStadium-1,94bb7d00-180e-11f1-bda3-276ded76bcdc,75.7799,93.16662,,6.10596,,,,0.32616,2.99407,-0.1157,efdb3acd-98ca-462b-a386-93f1bbf9dc13,2026-03-04,21:10:33.46,2026-03-04T15:10:33.4655488-06:00,2026-03-04T21:10:33.4655488Z,,v3,471459,471397,6981f38c47c5403d8cc8c83a27c654da,"Clark, Ben",10098571,Right,OAK_GOL,b8d9df54-c50d-4b20-bc0b-2e5981cd756a,54.8743,-112.5078,10.1395,6.04772,1.26867,-16.5722,2.0584,-3.90069,-1.24243,157.618113,0.32616,21.81404,-14.51408,5.21304,-1.41769,0.34692,-0.07879,0.01398,-0.00139,2.99407,98.10436,-27.28943,2.95958,-0.39227,0.01925,0.00659,-0.00254,0.00036,-0.1157,-44.66376,7.4497,-1.60144,0.27519,-0.04021,0.00509,-0.00039,4E-05,,,,,,,,,,,,,,,,,,,,,,,High,High,High,High,Undefined,,,,315.524567,-83.73974,237.146978,0.109045,4:30,0.989732,-0.08909,0.11177,93.745107,-35.276773,57.526225,172.712696,-25.920044,0.114085,-0.437116,-0.89214,26.103189,-6.550844,0.437116,-0.114085,0.89214,-26.103189,6.550844,-0.437116,0.114085,0.89214,-172.712696,25.920044,-0.114085,0.437116,-0.89214,71.2426,11.51168,6.00229
18,2026-03-04,15:10:57.99,1,3,"Hansen, George",10319263,Left,OAK_GOL,"Abernathy, Jay",815337,Left,TEN_VOL,Undefined,1,Bottom,0,0,2,ChangeUp,Changeup,BallCalled,Undefined,Undefined,Undefined,0,0,,75.6399,2.470247,2.795674,1258.122983,104.695737,9:30,6.30756,-1.71713,5.94939,-44.74353,4.44441,-10.6654,4.87413,-0.01098,68.67527,-5.837257,0.88317,0.504778,,,,,,,,,,,,6.25859,2.07095,1.50041,50,6.47964,-4.96176,-109.6097,3.40761,7.55958,20.66723,-29.6726,TEN_VOL,OAK_GOL,LindseyNelsonStadium,D1,SEC,20260304-LindseyNelsonStadium-1,a35dfa90-180e-11f1-bda3-276ded76bcdc,74.67125,,,6.96463,,,,,,,efdb3acd-98ca-462b-a386-93f1bbf9dc13,2026-03-04,21:10:57.99,2026-03-04T15:10:57.9927040-06:00,2026-03-04T21:10:57.9927040Z,,v3,471459,471397,6981f38c47c5403d8cc8c83a27c654da,"Clark, Ben",10098571,Right,OAK_GOL,52d018ee-0dcf-41e9-ab49-2be6da99a635,54.54646,-110.46362,10.33361,6.31352,4.63361,-14.8363,1.71187,-5.2741,3.77979,,,,,,,,,,,,,,,,,,,,,,,,,,,,,,,,,,,,,,,,,,,,,,,,,,,High,High,High,,,,,,127.40499,-3.528712,1255.737684,0.998104,10:15,0.125122,0.789466,-0.600906,52.273219,-66.754252,-6.43221,145.9632,-15.986105,0.53808,-0.275404,-0.796632,19.070816,-32.553021,0.275404,-0.53808,0.796632,-19.070816,32.553021,-0.275404,0.53808,0.796632,-145.9632,15.986105,-0.53808,0.275404,-0.796632,,,
19,2026-03-04,15:11:18.97,1,4,"Hansen, George",10319263,Left,OAK_GOL,"Abernathy, Jay",815337,Left,TEN_VOL,Undefined,1,Bottom,0,1,2,Fastball,Changeup,InPlay,Undefined,LineDrive,Single,0,0,,87.24914,-1.704159,1.579705,1752.349806,172.162687,11:45,6.21671,-1.79781,6.16244,-23.00879,13.12698,-1.65772,2.72405,-0.47635,80.34472,-6.017426,1.28065,0.432653,79.93697,18.050314,-0.169277,2006.802684,109.79739,24.70598,-6.67131,225.10829,224.97234,-7.036843,2.663936,1.27874,7.58402,1.67888,50,6.07557,-3.43235,-126.79805,-4.46949,2.09237,24.69684,-19.76439,TEN_VOL,OAK_GOL,LindseyNelsonStadium,D1,SEC,20260304-LindseyNelsonStadium-1,afcd1d60-180e-11f1-bda3-276ded76bcdc,87.11925,24.92008,,6.90442,,,,1.04541,2.68732,0.47447,efdb3acd-98ca-462b-a386-93f1bbf9dc13,2026-03-04,21:11:18.97,2026-03-04T15:11:18.9713408-06:00,2026-03-04T21:11:18.9713408Z,LineDrive,v3,471459,471397,6981f38c47c5403d8cc8c83a27c654da,"Clark, Ben",10098571,Right,OAK_GOL,fcc35586-cf79-4756-9e5e-272053ae86ee,54.33584,-127.63976,12.34842,6.21642,-3.79589,-9.8822,1.79708,-3.50366,1.04618,128.436261,1.04543,111.46884,-16.26219,3.27234,-0.55927,0.04588,0.01058,-0.00435,0.00052,2.68729,36.32893,-15.48614,0.50847,-0.00292,0.03147,-0.02204,0.00705,-0.00082,0.47448,-0.32982,-7.40577,2.40405,-0.62976,0.12653,-0.01895,0.00155,-1E-05,,,,,,,,,,,,,,,,,,,,,,,High,High,High,High,High,,,,150.771953,-29.789763,1520.784195,0.867854,11:00,0.504692,0.438349,-0.743731,31.242455,-26.499396,31.128708,163.666281,-23.578872,0.257752,-0.400011,-0.87952,24.456335,-14.93669,0.400011,-0.257752,0.87952,-24.456335,14.93669,-0.400011,0.257752,0.87952,-163.666281,23.578872,-0.257752,0.400011,-0.87952,74.19847,13.36015,6.48471
20,2026-03-04,15:12:08.99,2,1,"Hansen, George",10319263,Left,OAK_GOL,"Ford, Henry",814822,Right,TEN_VOL,Undefined,1,Bottom,0,0,0,ChangeUp,Changeup,FoulBallNotFieldable,Undefined,Undefined,Undefined,0,0,,76.42853,-1.01646,3.461289,1381.340632,129.072552,10:15,6.23094,-1.96595,6.08777,-38.66286,9.18733,-9.33548,2.06695,0.46183,69.88792,-8.198949,1.781582,0.497867,35.03909,27.729512,-111.436638,3668.057183,,,,,12.22696,,,5.90374,5.48099,1.70385,50,6.13187,-6.38417,-110.83402,-3.06011,7.29206,21.1087,-25.40413,TEN_VOL,OAK_GOL,LindseyNelsonStadium,D1,SEC,20260304-LindseyNelsonStadium-1,cda18740-180e-11f1-bda3-276ded76bcdc,75.70789,6.39895,,6.54062,,,,3.0035,0.97693,-0.00733,efdb3acd-98ca-462b-a386-93f1bbf9dc13,2026-03-04,21:12:08.99,2026-03-04T15:12:08.9989632-06:00,2026-03-04T21:12:08.9989632Z,,v3,471459,471397,6981f38c47c5403d8cc8c83a27c654da,"Clark, Ben",10098571,Right,OAK_GOL,2186a299-8d81-4551-9afd-7de67b018be9,54.41056,-111.67086,10.55435,6.23323,-2.05297,-12.70207,1.96268,-6.67326,3.64603,,3.00282,-16.59316,3.7923,,,,,,,0.97709,23.90431,-17.04086,,,,,,,-0.00672,-42.37055,-1.0375,,,,,,,,,,,,,,,,,,,,,,,,,,,,,High,High,High,Low,Undefined,,,,130.353412,-7.277537,1370.212803,0.991944,10:15,0.151817,0.758054,-0.634276,71.650273,-65.419685,-20.129458,141.021175,-5.296443,0.626347,-0.092309,-0.774059,6.800567,-38.781155,0.092309,-0.626347,0.774059,-6.800567,38.781155,-0.092309,0.626347,0.774059,-141.021175,5.296443,-0.626347,0.092309,-0.774059,,,
21,2026-03-04,15:12:32.32,2,2,"Hansen, George",10319263,Left,OAK_GOL,"Ford, Henry",814822,Right,TEN_VOL,Undefined,1,Bottom,0,0,1,ChangeUp,Changeup,FoulBallNotFieldable,Undefined,Undefined,Undefined,0,0,,76.19443,0.327881,2.435136,1334.191219,118.412423,10:00,6.26255,-1.88965,6.01668,-40.82522,7.2491,-10.50418,3.16444,-0.50802,69.69156,-7.251898,0.545646,0.499031,67.22517,48.651705,127.442634,3672.440892,-76.76205,62.37694,78.78815,192.75826,62.07904,137.036128,3.680663,6.14693,4.07351,1.70461,50,6.26593,-4.33737,-110.61797,-0.54469,7.58205,20.56266,-27.14948,TEN_VOL,OAK_GOL,LindseyNelsonStadium,D1,SEC,20260304-LindseyNelsonStadium-1,db85bde0-180e-11f1-bda3-276ded76bcdc,75.53119,62.90243,,6.50287,,,,1.95567,3.16598,0.48664,efdb3acd-98ca-462b-a386-93f1bbf9dc13,2026-03-04,21:12:32.32,2026-03-04T15:12:32.3237888-06:00,2026-03-04T21:12:32.3237888Z,Popup,v3,471459,471397,6981f38c47c5403d8cc8c83a27c654da,"Clark, Ben",10098571,Right,OAK_GOL,87507f5a-336a-43b7-be47-c56fa1db7928,54.48142,-111.4479,10.28133,6.2658,0.5511,-13.57474,1.88584,-4.64339,3.79103,323.523742,1.95675,-39.63512,-3.1947,1.74385,-0.14198,-0.17238,0.07761,-0.0125,0.00069,3.16581,74.0245,-26.97759,3.33763,-0.80177,0.24594,-0.07783,0.01487,-0.00113,0.48647,51.72607,-8.38311,2.26505,-0.79774,0.37704,-0.14108,0.02793,-0.00214,,,,,,,,,,,,,,,,,,,,,,,High,High,High,High,Low,,,,131.666839,-6.399034,1325.878938,0.99377,10:30,0.143664,0.741719,-0.655144,68.911957,-60.972541,-9.3026,145.771539,2.466852,0.561973,0.043041,-0.826035,2.982757,34.192346,0.043041,0.561973,0.826035,-2.982757,-34.192346,-0.043041,-0.561973,0.826035,-145.771539,-2.466852,-0.561973,-0.043041,-0.826035,74.51743,14.30284,9.99966
22,2026-03-04,15:12:52.88,2,3,"Hansen, George",10319263,Left,OAK_GOL,"Ford, Henry",814822,Right,TEN_VOL,Undefined,1,Bottom,0,0,2,Fastball,Four-Seam,InPlay,Undefined,GroundBall,Single,0,0,,88.81449,-1.808719,2.569383,1814.279784,152.732253,11:00,6.20815,-1.72703,5.908,-24.51753,10.91894,-5.05,2.48396,0.23858,81.38363,-6.375665,1.66339,0.428446,104.06914,-5.152848,6.097592,,,,,22.54427,21.8366,5.654969,0.144374,3.3126,6.43855,1.52366,50,6.04881,-5.57433,-128.87527,-4.8787,5.57141,26.77266,-21.34518,TEN_VOL,OAK_GOL,LindseyNelsonStadium,D1,SEC,20260304-LindseyNelsonStadium-1,e7c7dd40-180e-11f1-bda3-276ded76bcdc,87.97467,2.44889,,7.43086,,,,1.11613,2.44889,-0.24632,efdb3acd-98ca-462b-a386-93f1bbf9dc13,2026-03-04,21:12:52.88,2026-03-04T15:12:52.8807936-06:00,2026-03-04T21:12:52.8807936Z,GroundBall,v3,471459,471397,6981f38c47c5403d8cc8c83a27c654da,"Clark, Ben",10098571,Right,OAK_GOL,b20d49e3-e5ba-4354-ba0a-93ddff1e1d4e,54.5897,-129.82524,13.38633,6.20848,-4.12132,-10.67259,1.72496,-5.77202,2.7857,314.209816,1.1166,151.11492,-23.97022,,,,,,,2.44939,-13.75489,-22.26372,,,,,,,-0.24662,16.17503,6.3861,,,,,,,,,,,,,,,,,,,,,,,,,,,,,High,High,High,High,High,,,,146.368487,-28.083457,1600.671613,0.882263,11:00,0.487573,0.503256,-0.713447,28.789513,-25.799207,44.34722,159.133652,-26.021363,0.320083,-0.438706,-0.839693,27.585285,-18.667916,0.438706,-0.320083,0.839693,-27.585285,18.667916,-0.438706,0.320083,0.839693,-159.133652,26.021363,-0.320083,0.438706,-0.839693,69.1525,6.70101,7.18132
23,2026-03-04,15:13:41.77,3,1,"Hansen, George",10319263,Left,OAK_GOL,"Brown, Blaine",825579,Left,TEN_VOL,Undefined,1,Bottom,0,0,0,Slider,Curveball,InPlay,Undefined,Popup,Out,1,0,,75.54321,1.329059,1.973215,2002.932429,265.472998,2:45,6.16374,-2.08397,5.59673,-47.27302,1.85457,5.8287,3.46611,0.2447,69.94851,-7.310179,3.01291,0.504468,82.62047,57.400929,-25.700828,,88.69192,131.39956,-65.06708,192.2674,92.85526,-39.442531,5.754377,-2.46839,0.98937,1.9109,50,6.24663,-3.99203,-109.74995,1.06419,-3.03449,17.98306,-30.95779,TEN_VOL,OAK_GOL,LindseyNelsonStadium,D1,SEC,20260304-LindseyNelsonStadium-1,04ec3100-180f-11f1-bda3-276ded76bcdc,74.71715,131.40486,,5.59471,,,,0.90043,3.43939,-0.2689,efdb3acd-98ca-462b-a386-93f1bbf9dc13,2026-03-04,21:13:41.77,2026-03-04T15:13:41.7707520-06:00,2026-03-04T21:13:41.7707520Z,FlyBall,v3,471459,471397,6981f38c47c5403d8cc8c83a27c654da,"Clark, Ben",10098571,Right,OAK_GOL,dbbe921f-e548-475b-96cd-a821476c7c5b,54.90302,-110.55041,8.99153,6.16859,2.44218,-15.47889,2.08559,-3.85696,-1.51724,163.76625,0.90239,58.77854,-18.80508,5.17832,-0.77381,-0.01371,0.02882,-0.00448,0.00023,3.4316,102.20692,-24.93492,2.63778,-0.50301,0.06436,0.00199,-0.00173,0.00014,-0.27071,-28.28405,1.92385,0.0174,-0.08921,0.01485,0.00142,-0.00061,5E-05,,,,,,,,,,,,,,,,,,,,,,,High,High,High,High,Low,,,,211.283177,-86.339981,127.859095,0.063836,1:00,0.99821,-0.056286,-0.020196,101.733261,-34.335192,41.446906,161.024234,-35.132416,0.26593,-0.575468,-0.773381,36.652723,-15.422247,0.575468,-0.26593,0.773381,-36.652723,15.422247,-0.575468,0.26593,0.773381,-161.024234,35.132416,-0.26593,0.575468,-0.773381,80.04034,7.66521,2.99626
24,2026-03-04,15:14:27.51,4,1,"Hansen, George",10319263,Left,OAK_GOL,"Chapman, Reese",702256,Left,TEN_VOL,Undefined,1,Bottom,1,0,0,Slider,Curveball,BallCalled,Undefined,Undefined,Undefined,0,0,,74.26429,3.313264,3.17089,2067.644748,322.20945,4:45,6.1588,-1.97548,5.66093,-56.12483,-3.95961,4.51256,4.57951,1.36041,67.01777,-7.001908,3.974306,0.519831,,,,,,,,,,,,-1.22854,-2.45516,1.70428,50,6.40486,-6.11816,-107.37516,4.46001,-1.41038,21.48253,-34.9926,TEN_VOL,OAK_GOL,LindseyNelsonStadium,D1,SEC,20260304-LindseyNelsonStadium-1,20389070-180f-11f1-bda3-276ded76bcdc,72.50907,,,7.24652,,,,,,,efdb3acd-98ca-462b-a386-93f1bbf9dc13,2026-03-04,21:14:27.51,2026-03-04T15:14:27.5196928-06:00,2026-03-04T21:14:27.5196928Z,,v3,471459,471397,6981f38c47c5403d8cc8c83a27c654da,"Clark, Ben",10098571,Right,OAK_GOL,92e4dd2c-da89-4f62-b009-ec32f4a27b9e,54.83492,-108.33816,10.74127,6.16977,6.02863,-17.4963,1.97713,-6.05494,-0.70519,,,,,,,,,,,,,,,,,,,,,,,,,,,,,,,,,,,,,,,,,,,,,,,,,,,High,High,High,,,,,,308.985646,-83.237005,243.491292,0.117763,4:15,0.980484,-0.148777,0.128519,-78.143248,35.268277,54.45051,159.725743,-32.560569,0.29205,-0.538191,-0.790606,34.244387,-16.980736,0.538191,-0.29205,0.790606,-34.244387,16.980736,-0.538191,0.29205,0.790606,-159.725743,32.560569,-0.29205,0.538191,-0.790606,,,
25,2026-03-04,15:14:44.90,4,2,"Hansen, George",10319263,Left,OAK_GOL,"Chapman, Reese",702256,Left,TEN_VOL,Undefined,1,Bottom,1,1,0,ChangeUp,Changeup,BallCalled,Undefined,Undefined,Undefined,0,0,,76.11224,-0.611088,2.095912,1369.350603,106.080558,9:30,6.3554,-1.8676,5.95604,-43.43924,5.73307,-13.34824,2.16838,-1.03546,68.59049,-8.686264,-0.305938,0.504698,,,,,,,,,,,,7.64504,3.63898,1.70882,50,6.28269,-3.56396,-110.31836,-2.44305,9.19179,24.08239,-27.79881,TEN_VOL,OAK_GOL,LindseyNelsonStadium,D1,SEC,20260304-LindseyNelsonStadium-1,2a898e30-180f-11f1-bda3-276ded76bcdc,74.68315,,,7.52174,,,,,,,efdb3acd-98ca-462b-a386-93f1bbf9dc13,2026-03-04,21:14:44.90,2026-03-04T15:14:44.9063424-06:00,2026-03-04T21:14:44.9063424Z,,v3,471459,471397,6981f38c47c5403d8cc8c83a27c654da,"Clark, Ben",10098571,Right,OAK_GOL,e390beed-7911-47a5-8ca5-0ba91960da25,54.54069,-111.30517,12.04119,6.35946,-1.30395,-13.89941,1.86258,-3.94061,4.5959,,,,,,,,,,,,,,,,,,,,,,,,,,,,,,,,,,,,,,,,,,,,,,,,,,,High,High,High,,,,,,131.149853,0.38201,1369.320166,0.999978,10:15,0.009377,0.75286,-0.658113,-96.983361,19.996647,-29.154594,138.730756,-6.450041,0.655423,-0.112337,-0.746861,8.553852,-40.951744,0.112337,-0.655423,0.746861,-8.553852,40.951744,-0.112337,0.655423,0.746861,-138.730756,6.450041,-0.655423,0.112337,-0.746861,,,
26,2026-03-04,15:15:13.03,4,3,"Hansen, George",10319263,Left,OAK_GOL,"Chapman, Reese",702256,Left,TEN_VOL,Undefined,1,Bottom,1,2,0,Fastball,Four-Seam,InPlay,Undefined,GroundBall,Error,0,1,,85.72101,-2.558511,2.207962,1949.986707,161.404385,11:30,6.22987,-1.74807,6.02252,-23.32131,14.90973,-4.56981,1.91344,-0.0829,77.9403,-6.946722,1.385989,0.44502,87.94852,-22.265522,42.155107,,,,,5.81299,2.28816,32.52948,0.038942,3.03484,8.85063,1.57773,50,6.01681,-4.60976,-124.25939,-6.24903,4.70016,27.09454,-18.46676,TEN_VOL,OAK_GOL,LindseyNelsonStadium,D1,SEC,20260304-LindseyNelsonStadium-1,3b55f0a0-180f-11f1-bda3-276ded76bcdc,84.69832,1.90652,,7.78071,,,,1.44897,1.90652,0.00064,efdb3acd-98ca-462b-a386-93f1bbf9dc13,2026-03-04,21:15:13.03,2026-03-04T15:15:13.0334720-06:00,2026-03-04T21:15:13.0334720Z,GroundBall,v3,471459,471397,6981f38c47c5403d8cc8c83a27c654da,"Clark, Ben",10098571,Right,OAK_GOL,65047400-ed32-459d-acd4-5b4e4cc790df,54.47386,-125.2311,13.54727,6.22905,-5.58674,-9.23338,1.74608,-4.77833,2.35008,,1.44802,88.64538,,,,,,,,1.90704,-48.95766,,,,,,,,-0.00022,80.25225,,,,,,,,,,,,,,,,,,,,,,,,,,,,,,High,High,High,Low,Low,,,,152.802508,-25.431634,1761.029744,0.903098,11:00,0.441222,0.431528,-0.786834,18.281065,-29.526509,50.734851,170.930484,-22.036322,0.146117,-0.375194,-0.915357,22.288151,-8.401969,0.375194,-0.146117,0.915357,-22.288151,8.401969,-0.375194,0.146117,0.915357,-170.930484,22.036322,-0.146117,0.375194,-0.915357,71.11133,13.94671,7.93699
27,2026-03-04,15:16:18.35,5,1,"Hansen, George",10319263,Left,OAK_GOL,"Grimmer, Blake",804084,Left,TEN_VOL,Undefined,1,Bottom,1,0,0,Slider,Slider,BallCalled,Undefined,Undefined,Undefined,0,0,,75.46877,-0.540199,2.72164,2209.48882,295.38498,3:45,6.11738,-1.93628,5.55044,-49.98613,-0.02024,3.4428,1.44651,0.89569,69.4208,-9.64288,3.335881,0.508754,,,,,,,,,,,,-0.94484,0.635,1.6984,50,6.03762,-5.33071,-109.45138,-2.62667,-1.14019,20.25858,-31.40775,TEN_VOL,OAK_GOL,LindseyNelsonStadium,D1,SEC,20260304-LindseyNelsonStadium-1,624681c0-180f-11f1-bda3-276ded76bcdc,74.08768,,,6.04797,,,,,,,efdb3acd-98ca-462b-a386-93f1bbf9dc13,2026-03-04,21:16:18.35,2026-03-04T15:16:18.3506944-06:00,2026-03-04T21:16:18.3506944Z,,v3,471459,471397,6981f38c47c5403d8cc8c83a27c654da,"Clark, Ben",10098571,Right,OAK_GOL,bbe3b4b2-919e-484d-946d-514b79d5a847,54.9474,-110.36331,10.12929,6.12404,-1.21287,-15.70388,1.9372,-5.27938,-0.57009,,,,,,,,,,,,,,,,,,,,,,,,,,,,,,,,,,,,,,,,,,,,,,,,,,,High,High,High,,,,,,336.162317,-80.809594,352.890484,0.159716,5:15,0.979677,-0.055239,0.192827,88.654783,-31.935963,46.488261,165.716295,-39.824112,0.189487,-0.640433,-0.744272,40.71143,-10.922851,0.640433,-0.189487,0.744272,-40.71143,10.922851,-0.640433,0.189487,0.744272,-165.716295,39.824112,-0.189487,0.640433,-0.744272,,,
28,2026-03-04,15:16:38.43,5,2,"Hansen, George",10319263,Left,OAK_GOL,"Grimmer, Blake",804084,Left,TEN_VOL,Undefined,1,Bottom,1,1,0,Slider,Curveball,StrikeCalled,Undefined,Undefined,Undefined,0,0,,75.2834,-0.172447,1.844146,2193.40518,281.435863,3:30,6.15049,-1.99984,5.75553,-49.02168,0.37173,5.47685,1.90475,0.17376,69.67369,-9.130937,2.825805,0.505832,,,,,,,,,,,,-2.30063,0.67362,1.84351,50,6.1062,-3.71692,-109.37793,-1.83779,-2.79317,18.89484,-31.35622,TEN_VOL,OAK_GOL,LindseyNelsonStadium,D1,SEC,20260304-LindseyNelsonStadium-1,6e418600-180f-11f1-bda3-276ded76bcdc,74.51579,,,5.60971,,,,,,,efdb3acd-98ca-462b-a386-93f1bbf9dc13,2026-03-04,21:16:38.43,2026-03-04T15:16:38.4367616-06:00,2026-03-04T21:16:38.4367616Z,,v3,471459,471397,6981f38c47c5403d8cc8c83a27c654da,"Clark, Ben",10098571,Right,OAK_GOL,ef0c5a3f-4a38-49fc-8c2d-2a7c5a8ede80,54.7436,-110.19433,9.44742,6.15634,-0.48296,-15.67811,2.0015,-3.59623,-1.39658,,,,,,,,,,,,,,,,,,,,,,,,,,,,,,,,,,,,,,,,,,,,,,,,,,,High,High,High,,,,,,324.840913,-81.530367,323.05612,0.147285,4:45,0.984957,-0.081837,0.15219,-81.185708,41.184067,62.69019,167.663655,-29.977695,0.185068,-0.499663,-0.846219,30.560365,-10.665097,0.499663,-0.185068,0.846219,-30.560365,10.665097,-0.499663,0.185068,0.846219,-167.663655,29.977695,-0.185068,0.499663,-0.846219,,,
29,2026-03-04,15:16:58.23,5,3,"Hansen, George",10319263,Left,OAK_GOL,"Grimmer, Blake",804084,Left,TEN_VOL,Undefined,1,Bottom,1,1,1,Fastball,Cutter,BallCalled,Undefined,Undefined,Undefined,0,0,,84.6457,-3.089445,4.681159,1968.4775,174.894926,11:45,6.20359,-1.65005,6.35322,-25.47289,13.10879,-1.06205,1.22501,2.57964,77.8392,-7.846211,4.489863,0.447056,,,,,,,,,,,,1.84268,8.06961,1.31051,50,5.96674,-9.98959,-122.48596,-7.35818,2.80205,23.97875,-19.90319,TEN_VOL,OAK_GOL,LindseyNelsonStadium,D1,SEC,20260304-LindseyNelsonStadium-1,7a077080-180f-11f1-bda3-276ded76bcdc,84.31257,,,6.8065,,,,,,,efdb3acd-98ca-462b-a386-93f1bbf9dc13,2026-03-04,21:16:58.23,2026-03-04T15:16:58.2320640-06:00,2026-03-04T21:16:58.2320640Z,,v3,471459,471397,6981f38c47c5403d8cc8c83a27c654da,"Clark, Ben",10098571,Right,OAK_GOL,7c7c2903-743c-4588-ae80-92e66126d9db,54.14302,-123.29436,11.98937,6.20349,-6.68718,-9.95159,1.64888,-10.08406,1.40102,,,,,,,,,,,,,,,,,,,,,,,,,,,,,,,,,,,,,,,,,,,,,,,,,,,High,High,High,,,,,,155.358214,-35.067592,1611.14928,0.818475,11:15,0.614176,0.371727,-0.696137,22.175674,-31.764192,30.898213,164.833528,-21.246504,0.243842,-0.362381,-0.899567,21.941522,-14.113399,0.362381,-0.243842,0.899567,-21.941522,14.113399,-0.362381,0.243842,0.899567,-164.833528,21.246504,-0.243842,0.362381,-0.899567,,,
30,2026-03-04,15:17:19.32,5,4,"Hansen, George",10319263,Left,OAK_GOL,"Grimmer, Blake",804084,Left,TEN_VOL,Undefined,1,Bottom,1,2,1,Slider,Curveball,BallCalled,Undefined,Undefined,Undefined,0,0,,74.1206,4.387069,0.023902,2050.283565,324.144495,4:45,6.22743,-2.00654,5.71117,-56.71944,-4.84717,4.77059,5.59587,-1.58672,67.09059,-6.046746,0.876096,0.518369,,,,,,,,,,,,-2.3891,-3.18118,2.00163,50,6.56067,-0.22299,-107.29125,6.45309,-2.75844,20.20524,-35.84704,TEN_VOL,OAK_GOL,LindseyNelsonStadium,D1,SEC,20260304-LindseyNelsonStadium-1,869f9f20-180f-11f1-bda3-276ded76bcdc,72.71353,,,7.03001,,,,,,,efdb3acd-98ca-462b-a386-93f1bbf9dc13,2026-03-04,21:17:19.32,2026-03-04T15:17:19.3216512-06:00,2026-03-04T21:17:19.3216512Z,,v3,471459,471397,6981f38c47c5403d8cc8c83a27c654da,"Clark, Ben",10098571,Right,OAK_GOL,6711f838-aab3-4f69-aae3-0691b1510be8,54.78588,-108.18878,10.10262,6.23865,8.04544,-17.92352,2.00882,-0.10046,-1.37922,,,,,,,,,,,,,,,,,,,,,,,,,,,,,,,,,,,,,,,,,,,,,,,,,,,High,High,High,,,,,,318.083456,-79.703676,366.465828,0.178739,4:30,0.971824,-0.194319,0.133409,-90.237045,32.434885,49.799655,159.060267,-21.454774,0.332621,-0.365767,-0.86924,22.820832,-19.427953,0.365767,-0.332621,0.86924,-22.820832,19.427953,-0.365767,0.332621,0.86924,-159.060267,21.454774,-0.332621,0.365767,-0.86924,,,
31,2026-03-04,15:17:41.08,5,5,"Hansen, George",10319263,Left,OAK_GOL,"Grimmer, Blake",804084,Left,TEN_VOL,Undefined,1,Bottom,1,3,1,Fastball,Four-Seam,InPlay,Undefined,FlyBall,Double,0,2,,85.66077,-2.603613,2.663071,1925.870231,162.306439,11:30,6.19063,-1.79638,6.19375,-22.48411,15.41505,-4.51355,1.90907,0.28779,78.19691,-6.844047,1.849165,0.443084,101.07885,29.608553,-5.479746,3472.306457,108.59552,57.95595,-17.52138,370.35266,317.98466,-16.820228,5.125715,3.12441,9.13225,1.59807,50,5.983,-5.60329,-124.21224,-6.29643,4.85682,26.04596,-17.9782,TEN_VOL,OAK_GOL,LindseyNelsonStadium,D1,SEC,20260304-LindseyNelsonStadium-1,93885ec0-180f-11f1-bda3-276ded76bcdc,85.06837,84.30361,,7.46386,,,,1.38011,1.91407,-0.27264,efdb3acd-98ca-462b-a386-93f1bbf9dc13,2026-03-04,21:17:41.08,2026-03-04T15:17:41.0879488-06:00,2026-03-04T21:17:41.0879488Z,FlyBall,v3,471459,471397,6981f38c47c5403d8cc8c83a27c654da,"Clark, Ben",10098571,Right,OAK_GOL,67b006c9-0fd4-4df2-b2cc-0c6cd4b686b4,54.30309,-125.1113,13.02298,6.18963,-5.67586,-8.9891,1.79438,-5.77094,2.42841,143.346894,1.38312,128.24274,-25.82616,5.58949,-0.95606,0.13121,-0.0215,0.00342,-0.00023,1.91665,73.1895,-17.80973,0.45118,0.33076,-0.1915,0.05344,-0.00711,0.00036,-0.2737,-12.29049,-7.17365,2.85694,-0.77329,0.17194,-0.03127,0.00365,-0.00018,,,,,,,,,,,,,,,,,,,,,,,High,High,High,High,Medium,,,,155.36199,-30.055387,1666.920909,0.865542,11:15,0.51996,0.383209,-0.763408,11.550461,-35.29932,41.902263,175.018166,-15.047159,0.083862,-0.259614,-0.962064,15.101617,-4.810609,0.259614,-0.083862,0.962064,-15.101617,4.810609,-0.259614,0.083862,0.962064,-175.018166,15.047159,-0.083862,0.259614,-0.962064,73.76442,19.86805,7.03408
32,2026-03-04,15:18:42.57,6,1,"Hansen, George",10319263,Left,OAK_GOL,"Wright, Garrett",835226,Right,TEN_VOL,Undefined,1,Bottom,1,0,0,ChangeUp,Changeup,StrikeSwinging,Undefined,Undefined,Undefined,0,0,,75.96884,-2.270002,2.07216,1289.221844,115.193508,9:45,6.37335,-1.82516,5.96558,-42.13231,6.41796,-10.23138,0.75516,-0.75568,69.8816,-10.019976,0.229182,0.501496,,,,,,,,,,,,5.85737,4.46063,1.66651,50,6.16999,-3.62327,-110.20299,-5.61083,7.16739,20.4948,-26.71578,TEN_VOL,OAK_GOL,LindseyNelsonStadium,D1,SEC,20260304-LindseyNelsonStadium-1,b84a5010-180f-11f1-bda3-276ded76bcdc,75.16004,,,6.08724,,,,,,,efdb3acd-98ca-462b-a386-93f1bbf9dc13,2026-03-04,21:18:42.57,2026-03-04T15:18:42.5795072-06:00,2026-03-04T21:18:42.5795072Z,,v3,471459,471397,6981f38c47c5403d8cc8c83a27c654da,"Clark, Ben",10098571,Right,OAK_GOL,2c692acb-4ec6-4bcd-9e41-006ea63e4d59,54.53138,-111.04251,10.2474,6.37741,-4.51648,-13.35789,1.82094,-3.91686,3.5837,,,,,,,,,,,,,,,,,,,,,,,,,,,,,,,,,,,,,,,,,,,,,,,,,,,High,High,High,,,,,,135.093953,0.293878,1289.204886,0.999987,10:30,-0.007455,0.70518,-0.708989,51.642722,-69.585778,6.124491,139.247267,-11.069325,0.640651,-0.191997,-0.74344,14.480481,-39.840381,0.191997,-0.640651,0.74344,-14.480481,39.840381,-0.191997,0.640651,0.74344,-139.247267,11.069325,-0.640651,0.191997,-0.74344,,,
33,2026-03-04,15:19:03.11,6,2,"Hansen, George",10319263,Left,OAK_GOL,"Wright, Garrett",835226,Right,TEN_VOL,Undefined,1,Bottom,1,0,1,ChangeUp,Changeup,BallCalled,Undefined,Undefined,Undefined,0,0,,76.9379,-2.636927,2.363612,1405.822019,115.909174,9:45,6.27149,-2.17207,5.95651,-38.46431,9.40146,-15.75757,0.61701,-1.2921,69.9973,-9.757596,-0.473112,0.497948,,,,,,,,,,,,8.83245,6.2028,1.99296,50,6.04062,-4.02375,-111.44217,-6.26071,10.93697,22.89753,-24.4933,TEN_VOL,OAK_GOL,LindseyNelsonStadium,D1,SEC,20260304-LindseyNelsonStadium-1,c4782420-180f-11f1-bda3-276ded76bcdc,75.69556,,,6.9406,,,,,,,efdb3acd-98ca-462b-a386-93f1bbf9dc13,2026-03-04,21:19:03.11,2026-03-04T15:19:03.1191552-06:00,2026-03-04T21:19:03.1191552Z,,v3,471459,471397,6981f38c47c5403d8cc8c83a27c654da,"Clark, Ben",10098571,Right,OAK_GOL,4cf1bb37-c5ce-42e0-bcaa-7b9ce9845317,54.53916,-112.37094,11.44876,6.27442,-5.2672,-12.24665,2.16517,-4.46737,5.46848,,,,,,,,,,,,,,,,,,,,,,,,,,,,,,,,,,,,,,,,,,,,,,,,,,,High,High,High,,,,,,126.461812,0.077183,1405.820744,0.999999,10:15,-0.013805,0.803339,-0.595362,-96.426753,18.107788,-16.446869,146.527289,-2.514065,0.551009,-0.043865,-0.833346,3.013084,-33.436255,0.043865,-0.551009,0.833346,-3.013084,33.436255,-0.043865,0.551009,0.833346,-146.527289,2.514065,-0.551009,0.043865,-0.833346,,,
34,2026-03-04,15:19:26.00,6,3,"Hansen, George",10319263,Left,OAK_GOL,"Wright, Garrett",835226,Right,TEN_VOL,Undefined,1,Bottom,1,1,1,ChangeUp,Changeup,StrikeSwinging,Undefined,Undefined,Undefined,0,0,,76.94139,-2.063607,2.783839,1359.866321,119.31939,10:00,6.26085,-1.83136,6.03331,-38.65959,8.66638,-12.57619,1.12525,-0.29953,70.4725,-9.217881,0.518701,0.495132,,,,,,,,,,,,7.30969,5.56044,1.62063,50,6.07873,-4.97609,-111.56415,-5.14527,9.14864,21.37462,-25.21471,TEN_VOL,OAK_GOL,LindseyNelsonStadium,D1,SEC,20260304-LindseyNelsonStadium-1,d21f51c0-180f-11f1-bda3-276ded76bcdc,76.12604,,,6.46889,,,,,,,efdb3acd-98ca-462b-a386-93f1bbf9dc13,2026-03-04,21:19:26.00,2026-03-04T15:19:26.0071936-06:00,2026-03-04T21:19:26.0071936Z,,v3,471459,471397,6981f38c47c5403d8cc8c83a27c654da,"Clark, Ben",10098571,Right,OAK_GOL,b05037d6-f17f-4f10-8246-02f959c538ed,54.46365,-112.41609,10.68731,6.26378,-4.14027,-12.60736,1.82623,-5.34074,4.57432,,,,,,,,,,,,,,,,,,,,,,,,,,,,,,,,,,,,,,,,,,,,,,,,,,,High,High,High,,,,,,127.171509,2.971903,1358.037409,0.998655,10:15,-0.051067,0.793376,-0.606586,63.041638,-63.621991,-0.353617,144.813349,-9.444197,0.568431,-0.164087,-0.806202,11.504323,-34.64092,0.164087,-0.568431,0.806202,-11.504323,34.64092,-0.164087,0.568431,0.806202,-144.813349,9.444197,-0.568431,0.164087,-0.806202,,,
35,2026-03-04,15:19:46.16,6,4,"Hansen, George",10319263,Left,OAK_GOL,"Wright, Garrett",835226,Right,TEN_VOL,Undefined,1,Bottom,1,1,2,Fastball,Four-Seam,HitByPitch,Undefined,Undefined,Undefined,0,0,,87.07563,-3.263102,4.068122,2014.567517,161.072903,11:15,6.13462,-1.82484,6.34405,-22.59533,13.80977,-4.33902,1.23692,1.56487,79.98447,-7.502312,3.285359,0.434263,,,,,,,,,,,,3.44658,8.47768,1.53103,50,5.88603,-8.81526,-126.15441,-7.86144,5.552,25.76554,-18.51762,TEN_VOL,OAK_GOL,LindseyNelsonStadium,D1,SEC,20260304-LindseyNelsonStadium-1,de0e4810-180f-11f1-bda3-276ded76bcdc,86.79644,,,7.09117,,,,,,,efdb3acd-98ca-462b-a386-93f1bbf9dc13,2026-03-04,21:19:46.16,2026-03-04T15:19:46.1672960-06:00,2026-03-04T21:19:46.1672960Z,,v3,471459,471397,6981f38c47c5403d8cc8c83a27c654da,"Clark, Ben",10098571,Right,OAK_GOL,d6edb65d-3ad9-4785-b8b4-4fd9e6f3779a,54.15618,-127.00042,12.88277,6.13417,-7.25342,-9.25881,1.82348,-8.99756,2.776,,,,,,,,,,,,,,,,,,,,,,,,,,,,,,,,,,,,,,,,,,,,,,,,,,,High,High,High,,,,,,149.277444,-30.971473,1727.33779,0.857424,11:00,0.539902,0.466624,-0.700548,39.650618,-27.4453,24.304936,161.528929,-26.220547,0.284224,-0.441828,-0.850885,27.440897,-16.512494,0.441828,-0.284224,0.850885,-27.440897,16.512494,-0.441828,0.284224,0.850885,-161.528929,26.220547,-0.284224,0.441828,-0.850885,,,
36,2026-03-04,15:20:27.42,7,1,"Hansen, George",10319263,Left,OAK_GOL,"Newstrom, Chris",815514,Right,TEN_VOL,Undefined,1,Bottom,1,0,0,Fastball,Cutter,StrikeCalled,Undefined,Undefined,Undefined,0,0,,84.74929,-1.921935,1.656975,1862.535075,162.819998,11:30,6.21792,-2.07666,6.01187,-27.10974,12.04449,-3.29953,2.17695,-0.81623,76.94638,-7.000516,1.063165,0.450361,,,,,,,,,,,,2.19917,7.20181,1.94839,50,6.05244,-3.42142,-122.88767,-4.95536,3.32615,26.83584,-21.28157,TEN_VOL,OAK_GOL,LindseyNelsonStadium,D1,SEC,20260304-LindseyNelsonStadium-1,f6bd6760-180f-11f1-bda3-276ded76bcdc,83.69383,,,7.80291,,,,,,,efdb3acd-98ca-462b-a386-93f1bbf9dc13,2026-03-04,21:20:27.42,2026-03-04T15:20:27.4273280-06:00,2026-03-04T21:20:27.4273280Z,,v3,471459,471397,6981f38c47c5403d8cc8c83a27c654da,"Clark, Ben",10098571,Right,OAK_GOL,ec7dd67c-90c5-47da-ae00-3d3ed5fb3e58,54.48239,-123.86265,13.41792,6.21843,-4.18217,-10.64079,2.07489,-3.54227,1.66307,,,,,,,,,,,,,,,,,,,,,,,,,,,,,,,,,,,,,,,,,,,,,,,,,,,High,High,High,,,,,,152.548745,-30.839397,1599.186786,0.858608,11:00,0.520893,0.412783,-0.747182,25.573608,-33.138885,36.522252,170.709633,-24.031313,0.147445,-0.407236,-0.901343,24.313935,-8.478887,0.407236,-0.147445,0.901343,-24.313935,8.478887,-0.407236,0.147445,0.901343,-170.709633,24.031313,-0.147445,0.407236,-0.901343,,,
37,2026-03-04,15:20:46.72,7,2,"Hansen, George",10319263,Left,OAK_GOL,"Newstrom, Chris",815514,Right,TEN_VOL,Undefined,1,Bottom,1,0,1,ChangeUp,Changeup,StrikeSwinging,Undefined,Undefined,Undefined,0,0,,77.6105,-2.08252,3.414965,1492.319823,112.937595,9:45,6.23261,-2.06844,6.13632,-38.48585,7.87339,-14.89895,1.09653,-0.15018,71.07939,-9.21413,0.728098,0.490049,,,,,,,,,,,,8.72611,5.1587,1.81528,50,6.05367,-6.18551,-112.50181,-5.20677,11.10887,21.68222,-25.60669,TEN_VOL,OAK_GOL,LindseyNelsonStadium,D1,SEC,20260304-LindseyNelsonStadium-1,023d9650-1810-11f1-bda3-276ded76bcdc,76.91563,,,6.5311,,,,,,,efdb3acd-98ca-462b-a386-93f1bbf9dc13,2026-03-04,21:20:46.72,2026-03-04T15:20:46.7296768-06:00,2026-03-04T21:20:46.7296768Z,,v3,471459,471397,6981f38c47c5403d8cc8c83a27c654da,"Clark, Ben",10098571,Right,OAK_GOL,3327c855-3f99-4a2a-8737-dda53f043811,54.36123,-113.33922,10.84111,6.23567,-4.21779,-12.80335,2.06246,-6.61455,5.55444,,,,,,,,,,,,,,,,,,,,,,,,,,,,,,,,,,,,,,,,,,,,,,,,,,,High,High,High,,,,,,130.600713,1.57812,1491.753793,0.999621,10:15,-0.016254,0.757473,-0.652664,61.678751,-66.89947,-7.77006,138.371849,-13.027784,0.647195,-0.225424,-0.728233,17.199849,-40.330465,0.225424,-0.647195,0.728233,-17.199849,40.330465,-0.225424,0.647195,0.728233,-138.371849,13.027784,-0.647195,0.225424,-0.728233,,,
38,2026-03-04,15:21:08.25,7,3,"Hansen, George",10319263,Left,OAK_GOL,"Newstrom, Chris",815514,Right,TEN_VOL,Undefined,1,Bottom,1,0,2,ChangeUp,Changeup,BallCalled,Undefined,Undefined,Undefined,0,0,,76.40167,-3.619393,2.673097,1545.351223,134.036757,10:30,6.28901,-1.97063,6.13365,-36.3423,11.93386,-10.52036,-0.09281,-0.37495,69.66186,-10.360223,0.773607,0.500078,,,,,,,,,,,,6.34748,7.83343,1.77205,50,5.99345,-4.80258,-110.58971,-8.00285,7.74256,22.49143,-22.61896,TEN_VOL,OAK_GOL,LindseyNelsonStadium,D1,SEC,20260304-LindseyNelsonStadium-1,0f1035e0-1810-11f1-bda3-276ded76bcdc,75.37312,,,6.73981,,,,,,,efdb3acd-98ca-462b-a386-93f1bbf9dc13,2026-03-04,21:21:08.25,2026-03-04T15:21:08.2563072-06:00,2026-03-04T21:21:08.2563072Z,,v3,471459,471397,6981f38c47c5403d8cc8c83a27c654da,"Clark, Ben",10098571,Right,OAK_GOL,aa52fe06-9fd3-4e78-883a-0024758ca669,54.36332,-111.47358,11.24572,6.29048,-7.11397,-11.30948,1.96676,-5.10684,3.87128,,,,,,,,,,,,,,,,,,,,,,,,,,,,,,,,,,,,,,,,,,,,,,,,,,,High,High,High,,,,,,133.068592,9.253366,1525.241446,0.986987,10:30,-0.17434,0.709441,-0.682861,45.047859,-65.998256,11.468674,137.488373,-19.776916,0.635883,-0.338359,-0.693662,26.002499,-39.485488,0.338359,-0.635883,0.693662,-26.002499,39.485488,-0.338359,0.635883,0.693662,-137.488373,19.776916,-0.635883,0.338359,-0.693662,,,
39,2026-03-04,15:21:37.88,7,4,"Hansen, George",10319263,Left,OAK_GOL,"Newstrom, Chris",815514,Right,TEN_VOL,Undefined,1,Bottom,1,1,2,ChangeUp,Changeup,BallCalled,Undefined,Undefined,Undefined,0,0,,76.94811,-0.230574,1.500785,1399.553297,113.137444,9:45,6.2294,-2.04776,5.92499,-40.81605,6.6817,-11.84434,2.61404,-1.64191,70.13483,-7.798749,-0.628744,0.49603,,,,,,,,,,,,6.48248,4.01528,1.9342,50,6.18823,-2.48496,-111.67339,-1.67359,8.11186,21.81472,-27.14952,TEN_VOL,OAK_GOL,LindseyNelsonStadium,D1,SEC,20260304-LindseyNelsonStadium-1,20b93cb0-1810-11f1-bda3-276ded76bcdc,75.98823,,,6.81327,,,,,,,efdb3acd-98ca-462b-a386-93f1bbf9dc13,2026-03-04,21:21:37.88,2026-03-04T15:21:37.8857472-06:00,2026-03-04T21:21:37.8857472Z,,v3,471459,471397,6981f38c47c5403d8cc8c83a27c654da,"Clark, Ben",10098571,Right,OAK_GOL,a5c1fd0f-5299-42f6-a1b4-05d146766071,54.57039,-112.56265,10.90736,6.23389,-0.56686,-13.57476,2.04224,-2.81563,4.05593,,,,,,,,,,,,,,,,,,,,,,,,,,,,,,,,,,,,,,,,,,,,,,,,,,,High,High,High,,,,,,130.642872,-0.468918,1399.506425,0.999967,10:15,0.022187,0.758786,-0.650963,75.03482,-62.262004,-17.068728,137.828521,-3.919787,0.669781,-0.06836,-0.739405,5.282121,-42.050185,0.06836,-0.669781,0.739405,-5.282121,42.050185,-0.06836,0.669781,0.739405,-137.828521,3.919787,-0.669781,0.06836,-0.739405,,,
40,2026-03-04,15:21:58.74,7,5,"Hansen, George",10319263,Left,OAK_GOL,"Newstrom, Chris",815514,Right,TEN_VOL,Undefined,1,Bottom,1,2,2,ChangeUp,Changeup,InPlay,Undefined,GroundBall,FieldersChoice,1,0,,77.03223,-0.288307,1.742428,1482.743705,118.616211,10:00,6.32875,-2.06819,5.92289,-39.18443,7.86331,-11.66776,2.79573,-1.42317,70.69566,-7.543018,-0.3546,0.493675,78.04524,-12.422205,-13.971709,,,,,12.21423,11.8059,-6.310587,0.102366,6.51244,4.54272,1.93557,50,6.28336,-2.98765,-111.89521,-1.72299,8.24172,20.53273,-26.42509,TEN_VOL,OAK_GOL,LindseyNelsonStadium,D1,SEC,20260304-LindseyNelsonStadium-1,2d23a490-1810-11f1-bda3-276ded76bcdc,76.35077,2.76766,,6.33657,,,,1.23718,2.76766,1.42758,efdb3acd-98ca-462b-a386-93f1bbf9dc13,2026-03-04,21:21:58.74,2026-03-04T15:21:58.7430912-06:00,2026-03-04T21:21:58.7430912Z,GroundBall,v3,471459,471397,6981f38c47c5403d8cc8c83a27c654da,"Clark, Ben",10098571,Right,OAK_GOL,9f0ea58f-d7bf-46a0-ab1e-36b5d4034178,54.57544,-112.73167,10.26637,6.33162,-0.64648,-13.21255,2.06412,-3.32341,4.12086,24.502736,1.23726,108.46913,-19.14923,,,,,,,2.76785,-24.64842,-23.36969,,,,,,,1.42762,-26.99578,-0.64728,,,,,,,,,,,,,,,,,,,,,,,,,,,,,High,High,High,High,High,,,,131.494204,-1.019791,1482.508848,0.999842,10:30,0.034165,0.748984,-0.661706,69.512781,-58.314879,-11.275843,141.474126,-1.371367,0.62269,-0.023933,-0.782103,1.752722,-38.512809,0.023933,-0.62269,0.782103,-1.752722,38.512809,-0.023933,0.62269,0.782103,-141.474126,1.371367,-0.62269,0.023933,-0.782103,66.79784,13.49573,-2.51316
41,2026-03-04,15:22:44.44,8,1,"Hansen, George",10319263,Left,OAK_GOL,"Grindlinger, Trent",815821,Right,TEN_VOL,Undefined,1,Bottom,2,0,0,ChangeUp,Changeup,InPlay,Undefined,GroundBall,Out,1,0,,77.02703,-1.845272,2.393926,1392.512277,127.508809,10:15,6.30456,-1.88094,6.10941,-36.46285,10.23048,-11.41217,1.55765,-0.61709,70.99371,-8.60288,0.335506,0.491812,73.67268,-5.724185,17.75632,,,,,14.72036,14.22181,18.03341,0.119716,6.60622,6.22402,1.70324,50,6.14359,-4.28346,-111.8433,-4.63842,8.37199,20.07735,-24.28644,TEN_VOL,OAK_GOL,LindseyNelsonStadium,D1,SEC,20260304-LindseyNelsonStadium-1,4863f610-1810-11f1-bda3-276ded76bcdc,76.63998,1.58769,,6.03332,,,,1.99708,1.58769,0.58345,efdb3acd-98ca-462b-a386-93f1bbf9dc13,2026-03-04,21:22:44.44,2026-03-04T15:22:44.4490240-06:00,2026-03-04T21:22:44.4490240Z,GroundBall,v3,471459,471397,6981f38c47c5403d8cc8c83a27c654da,"Clark, Ben",10098571,Right,OAK_GOL,7005c1c5-74ea-4ae5-ba7b-28c9341ca5b3,54.38931,-112.62848,10.03867,6.30641,-3.68863,-12.14322,1.87717,-4.61087,4.186,306.52227,1.99725,102.37386,-17.8624,,,,,,,1.58792,-10.80318,-20.57325,,,,,,,0.58332,32.80308,3.26204,,,,,,,,,,,,,,,,,,,,,,,,,,,,,High,High,High,High,High,,,,131.921281,-0.991974,1392.303581,0.99985,10:30,0.021256,0.744124,-0.667704,65.999868,-70.000102,-9.081121,137.89773,-10.053376,0.660162,-0.174566,-0.730557,13.438756,-41.312194,0.174566,-0.660162,0.730557,-13.438756,41.312194,-0.174566,0.660162,0.730557,-137.89773,10.053376,-0.660162,0.174566,-0.730557,,,
42,2026-03-04,15:25:24.14,1,1,"Tracey, Taylor",815625,Left,TEN_VOL,"Konopiots, Tony",823912,Right,OAK_GOL,Undefined,2,Top,0,0,0,Fastball,Sinker,StrikeCalled,Undefined,Undefined,Undefined,0,0,,90.07987,-2.081364,2.74102,2148.568129,132.508665,10:30,5.8772,-1.26125,6.04884,-19.30977,15.41729,-15.45123,2.33823,-0.00949,81.33921,-5.757152,-0.038233,0.424136,,,,,,,,,,,,8.73658,8.94063,1.05562,50,5.70468,-5.57702,-130.50975,-5.31804,14.8718,30.8118,-16.95492,TEN_VOL,OAK_GOL,LindseyNelsonStadium,D1,SEC,20260304-LindseyNelsonStadium-1,a795c5f0-1810-11f1-bda3-276ded76bcdc,88.86869,,,8.74065,,,,,,,efdb3acd-98ca-462b-a386-93f1bbf9dc13,2026-03-04,21:25:24.14,2026-03-04T15:25:24.1499136-06:00,2026-03-04T21:25:24.1499136Z,,v3,471459,471397,6981f38c47c5403d8cc8c83a27c654da,"Grindlinger, Trent",815821,Right,TEN_VOL,cd58cb16-fc4f-4fab-9c09-d7150745a671,54.44559,-131.55512,15.4059,5.87535,-4.74281,-8.47746,1.2534,-6.08158,7.4359,,,,,,,,,,,,,,,,,,,,,,,,,,,,,,,,,,,,,,,,,,,,,,,,,,,High,High,High,,,,,,142.716065,-7.617699,2129.606239,0.991175,10:45,0.148255,0.604838,-0.782427,39.459394,-30.241029,47.504091,175.205846,-21.898954,0.077546,-0.372971,-0.924597,21.968532,-4.447498,0.372971,-0.077546,0.924597,-21.968532,4.447498,-0.372971,0.077546,0.924597,-175.205846,21.898954,-0.077546,0.372971,-0.924597,,,
43,2026-03-04,15:25:38.28,1,2,"Tracey, Taylor",815625,Left,TEN_VOL,"Konopiots, Tony",823912,Right,OAK_GOL,Undefined,2,Top,0,0,1,ChangeUp,Changeup,FoulBallNotFieldable,Undefined,Undefined,Undefined,0,0,,79.99745,0.072332,2.277204,2016.264894,110.530421,9:45,5.81039,-1.69797,5.72873,-36.50778,8.00544,-17.12965,2.83549,-1.00355,72.37038,-6.709462,-0.788182,0.480193,46.39297,2.558689,172.207703,2415.794451,,,,30.26636,30.26636,171.232958,0.4341,9.33067,4.55343,1.51821,50,5.79446,-3.92052,-115.95459,-1.01452,12.53304,24.39981,-26.05785,TEN_VOL,OAK_GOL,LindseyNelsonStadium,D1,SEC,20260304-LindseyNelsonStadium-1,b00b7400-1810-11f1-bda3-276ded76bcdc,78.49435,2.47963,,7.62706,,,,-1.32385,2.36471,1.11388,efdb3acd-98ca-462b-a386-93f1bbf9dc13,2026-03-04,21:25:38.28,2026-03-04T15:25:38.2853632-06:00,2026-03-04T21:25:38.2853632Z,GroundBall,v3,471459,471397,6981f38c47c5403d8cc8c83a27c654da,"Grindlinger, Trent",815821,Right,TEN_VOL,3acea3fc-fd6a-458f-a5f8-23c747888045,54.7657,-116.95312,12.19991,5.81416,0.05185,-13.02892,1.68914,-4.43342,6.26652,328.723404,-1.32385,-67.34739,3.75095,-0.78851,0.12975,-0.02285,0.01067,-0.00921,0.00493,2.36471,3.03762,-20.19019,1.61633,-0.33349,0.05449,-0.00941,0.00184,-8E-05,1.11388,9.21622,-2.90185,0.59185,-0.09333,0.0138,-0.00102,-0.00269,0.00173,,,,,,,,,,,,,,,,,,,,,,,High,High,High,High,High,,,,111.028101,38.792807,1571.510374,0.779417,9:45,-0.61398,0.728301,-0.304311,29.964998,-47.266942,68.642114,174.548429,27.106508,0.084569,0.455646,-0.886135,27.212,4.851251,0.455646,0.084569,0.886135,-27.212,-4.851251,-0.455646,-0.084569,0.886135,-174.548429,-27.106508,-0.084569,-0.455646,-0.886135,67.66908,30.0351,-49.60996
44,2026-03-04,15:25:58.06,1,3,"Tracey, Taylor",815625,Left,TEN_VOL,"Konopiots, Tony",823912,Right,OAK_GOL,Undefined,2,Top,0,0,2,ChangeUp,Changeup,BallCalled,Undefined,Undefined,Undefined,0,0,,78.17085,1.139316,2.521259,2103.887358,114.485803,9:45,5.73144,-1.70861,5.70004,-37.4416,9.72158,-17.33521,3.6741,-0.80236,69.90537,-5.859258,-0.576426,0.49428,,,,,,,,,,,,9.56713,5.09067,1.50753,50,5.80444,-4.28995,-113.12893,1.10182,12.10907,25.12847,-25.7308,TEN_VOL,OAK_GOL,LindseyNelsonStadium,D1,SEC,20260304-LindseyNelsonStadium-1,bbc9e470-1810-11f1-bda3-276ded76bcdc,76.25728,,,8.26548,,,,,,,efdb3acd-98ca-462b-a386-93f1bbf9dc13,2026-03-04,21:25:58.06,2026-03-04T15:25:58.0689408-06:00,2026-03-04T21:25:58.0689408Z,,v3,471459,471397,6981f38c47c5403d8cc8c83a27c654da,"Grindlinger, Trent",815821,Right,TEN_VOL,2fef5c43-82e5-45b7-8f0b-d52c6f626dcc,54.79256,-114.1885,12.56423,5.73511,2.18679,-12.8654,1.69919,-4.80054,6.05453,,,,,,,,,,,,,,,,,,,,,,,,,,,,,,,,,,,,,,,,,,,,,,,,,,,High,High,High,,,,,,115.084121,30.688276,1809.252068,0.859957,9:45,-0.478263,0.788845,-0.38599,19.438021,-47.887219,66.967165,175.077809,29.140651,0.074942,0.486955,-0.870206,29.230774,4.297917,0.486955,0.074942,0.870206,-29.230774,-4.297917,-0.486955,-0.074942,0.870206,-175.077809,-29.140651,-0.074942,-0.486955,-0.870206,,,
45,2026-03-04,15:26:14.44,1,4,"Tracey, Taylor",815625,Left,TEN_VOL,"Konopiots, Tony",823912,Right,OAK_GOL,Undefined,2,Top,0,1,2,Fastball,Four-Seam,BallCalled,Undefined,Undefined,Undefined,0,0,,91.80897,-1.946499,0.541609,2298.855068,135.978067,10:30,5.85049,-1.32843,6.02416,-17.24891,16.62064,-14.75312,2.60955,-2.05623,81.81726,-5.271565,-2.113773,0.418867,,,,,,,,,,,,7.66926,9.58867,1.29339,50,5.68889,-0.58724,-132.94893,-5.00329,13.34771,35.83294,-15.48577,TEN_VOL,OAK_GOL,LindseyNelsonStadium,D1,SEC,20260304-LindseyNelsonStadium-1,c5902e60-1810-11f1-bda3-276ded76bcdc,89.98664,,,9.99171,,,,,,,efdb3acd-98ca-462b-a386-93f1bbf9dc13,2026-03-04,21:26:14.44,2026-03-04T15:26:14.4422400-06:00,2026-03-04T21:26:14.4422400Z,,v3,471459,471397,6981f38c47c5403d8cc8c83a27c654da,"Grindlinger, Trent",815821,Right,TEN_VOL,61cc8ee2-4414-4308-86f5-df94a2357dec,54.46716,-134.14753,17.91647,5.84758,-4.4853,-7.74288,1.3205,-1.03372,6.67386,,,,,,,,,,,,,,,,,,,,,,,,,,,,,,,,,,,,,,,,,,,,,,,,,,,High,High,High,,,,,,140.192941,5.238902,2289.251906,0.995823,10:45,-0.105674,0.634061,-0.766029,40.541334,-20.675779,51.935884,172.019761,-11.859707,0.135868,-0.205516,-0.969176,11.972349,-7.808816,0.205516,-0.135868,0.969176,-11.972349,7.808816,-0.205516,0.135868,0.969176,-172.019761,11.859707,-0.135868,0.205516,-0.969176,,,
46,2026-03-04,15:26:30.27,1,5,"Tracey, Taylor",815625,Left,TEN_VOL,"Konopiots, Tony",823912,Right,OAK_GOL,Undefined,2,Top,0,2,2,ChangeUp,Changeup,BallCalled,Undefined,Undefined,Undefined,0,0,,79.34127,-1.591702,3.866937,1969.630845,115.827183,9:45,5.7881,-1.73598,5.63499,-36.33644,9.46394,-15.96615,1.27132,0.54663,71.58429,-8.322552,1.018645,0.487086,,,,,,,,,,,,9.35398,5.83394,1.41712,50,5.62964,-7.12316,-114.72367,-4.34023,12.23354,24.922,-24.54417,TEN_VOL,OAK_GOL,LindseyNelsonStadium,D1,SEC,20260304-LindseyNelsonStadium-1,cefb8710-1810-11f1-bda3-276ded76bcdc,77.38347,,,7.75699,,,,,,,efdb3acd-98ca-462b-a386-93f1bbf9dc13,2026-03-04,21:26:30.27,2026-03-04T15:26:30.2730752-06:00,2026-03-04T21:26:30.2730752Z,,v3,471459,471397,6981f38c47c5403d8cc8c83a27c654da,"Grindlinger, Trent",815821,Right,TEN_VOL,13b20612-c0f8-4a5b-8b5e-7437876562c8,54.85994,-115.7746,12.461,5.79084,-3.30522,-12.27209,1.72837,-7.63904,6.11677,,,,,,,,,,,,,,,,,,,,,,,,,,,,,,,,,,,,,,,,,,,,,,,,,,,High,High,High,,,,,,122.037276,27.604867,1745.416385,0.886164,10:00,-0.451254,0.738043,-0.501659,22.841372,-48.799886,66.16263,176.706844,-22.518629,0.053065,-0.382984,-0.92223,22.552149,-3.041823,0.382984,-0.053065,0.92223,-22.552149,3.041823,-0.382984,0.053065,0.92223,-176.706844,22.518629,-0.053065,0.382984,-0.92223,,,
47,2026-03-04,15:26:45.10,1,6,"Tracey, Taylor",815625,Left,TEN_VOL,"Konopiots, Tony",823912,Right,OAK_GOL,Undefined,2,Top,0,3,2,Fastball,Four-Seam,FoulBallNotFieldable,Undefined,Undefined,Undefined,0,0,,90.95895,-1.637198,2.901184,2248.398444,140.023406,10:45,5.88111,-1.41733,6.00385,-17.64891,16.88832,-13.0045,2.89114,0.18923,81.06137,-5.04103,0.565377,0.422975,,,,,,,,,,,,7.70091,9.63823,1.19623,50,5.74285,-6.10434,-131.63307,-4.26889,13.15412,34.83216,-15.71071,TEN_VOL,OAK_GOL,LindseyNelsonStadium,D1,SEC,20260304-LindseyNelsonStadium-1,d7cd85f0-1810-11f1-bda3-276ded76bcdc,89.11261,,,9.89758,,,,,,,efdb3acd-98ca-462b-a386-93f1bbf9dc13,2026-03-04,21:26:45.10,2026-03-04T15:26:45.1008000-06:00,2026-03-04T21:26:45.1008000Z,,v3,471459,471397,6981f38c47c5403d8cc8c83a27c654da,"Grindlinger, Trent",815821,Right,TEN_VOL,1373005a-0406-472a-9cd2-f341b4762065,54.49007,-132.8159,17.41608,5.87875,-3.73539,-7.85535,1.41111,-6.55103,6.57706,,,,,,,,,,,,,,,,,,,,,,,,,,,,,,,,,,,,,,,,,,,,,,,,,,,High,High,High,,,,,,140.514901,-9.018405,2220.603828,0.987638,10:45,0.177147,0.632239,-0.75425,34.164249,-33.094016,53.409761,173.753173,-20.397759,0.101989,-0.348535,-0.93173,20.509479,-5.853708,0.348535,-0.101989,0.93173,-20.509479,5.853708,-0.348535,0.101989,0.93173,-173.753173,20.397759,-0.101989,0.348535,-0.93173,,,
48,2026-03-04,15:27:03.18,1,7,"Tracey, Taylor",815625,Left,TEN_VOL,"Konopiots, Tony",823912,Right,OAK_GOL,Undefined,2,Top,0,3,2,Fastball,Four-Seam,StrikeSwinging,Strikeout,Undefined,Undefined,0,0,,91.39242,-1.938272,2.36054,2254.149605,137.819222,10:30,5.8663,-1.36535,5.99005,-17.0669,16.58465,-13.96765,2.64555,-0.34045,82.80748,-5.196555,-0.149459,0.417517,,,,,,,,,,,,7.86662,9.44406,1.18673,50,5.70397,-4.85558,-132.5184,-4.9889,13.86061,30.74184,-15.53407,TEN_VOL,OAK_GOL,LindseyNelsonStadium,D1,SEC,20260304-LindseyNelsonStadium-1,e28caed0-1810-11f1-bda3-276ded76bcdc,90.2777,,,8.58494,,,,,,,efdb3acd-98ca-462b-a386-93f1bbf9dc13,2026-03-04,21:27:03.18,2026-03-04T15:27:03.1820000-06:00,2026-03-04T21:27:03.1820000Z,,v3,471459,471397,6981f38c47c5403d8cc8c83a27c654da,"Grindlinger, Trent",815821,Right,TEN_VOL,7671dd88-d667-490b-aeea-d0e61f313f27,54.50591,-133.5596,15.37092,5.86403,-4.46277,-7.76704,1.35913,-5.32503,6.93031,,,,,,,,,,,,,,,,,,,,,,,,,,,,,71.20867,2.75251,1.79543,0.95708,-1.75912,2.35024,0.3529,0.92282,5.74033,2.6855,70.66251,9.04539,-54.11835,0.95978,77.15835,-4.51104,5.77812,16.65194,-13.81737,2.59527,-66.69759,7.74333,High,High,High,,,High,High,High,143.180225,-4.889858,2245.945404,0.99636,10:45,0.097792,0.59966,-0.794257,39.369363,-24.830325,50.840823,171.085483,-21.336152,0.14434,-0.363839,-0.92021,21.573188,-8.299061,0.363839,-0.14434,0.92021,-21.573188,8.299061,-0.363839,0.14434,0.92021,-171.085483,21.336152,-0.14434,0.363839,-0.92021,,,
49,2026-03-04,15:27:31.35,2,1,"Tracey, Taylor",815625,Left,TEN_VOL,"Hain, Carter",1000121335,Right,OAK_GOL,Undefined,2,Top,1,0,0,Fastball,Four-Seam,StrikeSwinging,Undefined,Undefined,Undefined,0,0,,92.29889,-1.596303,1.717458,2292.644291,139.283315,10:45,5.78472,-1.24235,5.94621,-16.19879,16.87485,-13.52363,2.95319,-0.77588,83.46261,-4.698699,-0.711869,0.413916,,,,,,,,,,,,7.42056,9.46894,1.11298,50,5.64854,-3.4111,-133.86532,-4.20438,13.31861,31.83421,-15.17894,TEN_VOL,OAK_GOL,LindseyNelsonStadium,D1,SEC,20260304-LindseyNelsonStadium-1,f35cbac0-1810-11f1-bda3-276ded76bcdc,91.063,,,8.83628,,,,,,,efdb3acd-98ca-462b-a386-93f1bbf9dc13,2026-03-04,21:27:31.35,2026-03-04T15:27:31.3587712-06:00,2026-03-04T21:27:31.3587712Z,,v3,471459,471397,6981f38c47c5403d8cc8c83a27c654da,"Grindlinger, Trent",815821,Right,TEN_VOL,85bfaa40-2116-4dff-9784-132563330f9c,54.54892,-134.94275,15.91711,5.78214,-3.69064,-7.58947,1.23606,-3.86187,6.65931,,,,,,,,,,,,,,,,,,,,,,,,,,,,,,,,,,,,,,,,,,,,,,,,,,,High,High,High,,,,,,144.356627,-5.934059,2280.35924,0.994642,10:45,0.111384,0.582271,-0.805329,25.624658,-24.76693,70.87066,167.981179,-20.1924,0.195435,-0.345174,-0.917965,20.607285,-11.270121,0.345174,-0.195435,0.917965,-20.607285,11.270121,-0.345174,0.195435,0.917965,-167.981179,20.1924,-0.195435,0.345174,-0.917965,,,
50,2026-03-04,15:27:48.38,2,2,"Tracey, Taylor",815625,Left,TEN_VOL,"Hain, Carter",1000121335,Right,OAK_GOL,Undefined,2,Top,1,0,1,Fastball,Four-Seam,StrikeCalled,Undefined,Undefined,Undefined,0,0,,92.30592,-1.202629,1.947794,2329.041263,135.440308,10:30,5.72962,-1.22127,5.84578,-17.76655,15.44056,-14.0545,3.13071,-0.58176,83.41466,-4.583234,-0.571817,0.41475,,,,,,,,,,,,7.71678,8.58217,1.07075,50,5.62142,-3.91262,-133.84588,-3.36126,13.84415,31.86506,-16.77734,TEN_VOL,OAK_GOL,LindseyNelsonStadium,D1,SEC,20260304-LindseyNelsonStadium-1,fd860c40-1810-11f1-bda3-276ded76bcdc,90.87982,,,8.89127,,,,,,,efdb3acd-98ca-462b-a386-93f1bbf9dc13,2026-03-04,21:27:48.38,2026-03-04T15:27:48.3860480-06:00,2026-03-04T21:27:48.3860480Z,,v3,471459,471397,6981f38c47c5403d8cc8c83a27c654da,"Grindlinger, Trent",815821,Right,TEN_VOL,aa515df0-19ee-4170-a8eb-da2380585dc1,54.64884,-134.9481,15.93253,5.72765,-2.78093,-8.38867,1.21437,-4.3915,6.92208,,,,,,,,,,,,,,,,,,,,,,,,,,,,,,,,,,,,,,,,,,,,,,,,,,,High,High,High,,,,,,140.732846,-2.456136,2326.901624,0.999081,10:45,0.055846,0.633116,-0.77204,23.783521,-26.359936,80.500959,166.120114,-20.296247,0.224993,-0.346874,-0.910525,20.854866,-13.002469,0.346874,-0.224993,0.910525,-20.854866,13.002469,-0.346874,0.224993,0.910525,-166.120114,20.296247,-0.224993,0.346874,-0.910525,,,
51,2026-03-04,15:28:06.12,2,3,"Tracey, Taylor",815625,Left,TEN_VOL,"Hain, Carter",1000121335,Right,OAK_GOL,Undefined,2,Top,1,0,2,Fastball,Four-Seam,StrikeCalled,Strikeout,Undefined,Undefined,0,0,,92.67314,-1.792494,3.098583,2300.336726,137.673709,10:30,5.7979,-1.19253,5.82317,-15.98942,17.01438,-14.4369,2.79606,0.48783,83.79285,-4.849662,0.51493,0.413479,,,,,,,,,,,,8.24863,9.54477,0.94735,50,5.64175,-6.6066,-134.23969,-4.68303,14.90687,31.66801,-14.9248,TEN_VOL,OAK_GOL,LindseyNelsonStadium,D1,SEC,20260304-LindseyNelsonStadium-1,081af0d0-1811-11f1-bda3-276ded76bcdc,91.1593,,,8.88029,,,,,,,efdb3acd-98ca-462b-a386-93f1bbf9dc13,2026-03-04,21:28:06.12,2026-03-04T15:28:06.1290000-06:00,2026-03-04T21:28:06.1290000Z,,v3,471459,471397,6981f38c47c5403d8cc8c83a27c654da,"Grindlinger, Trent",815821,Right,TEN_VOL,36f81fde-f49b-4bc3-b442-dd33dacdb8f0,54.67174,-135.3373,15.83401,5.7951,-4.16574,-7.4624,1.18529,-7.12327,7.45344,,,,,,,,,,,,,,,,,,,,,,,,,,,,,71.2815,2.747839,1.778381,0.969458,-1.71021,2.52481,-0.5118,0.4979,5.78714,1.66662,72.74821,8.08209,-52.03296,0.5463,79.57452,-5.24278,5.81947,14.95638,-13.00829,1.54538,-63.91103,8.87882,High,High,High,,,High,High,High,146.030501,-5.058888,2291.375979,0.996105,10:45,0.115278,0.559061,-0.821074,26.503506,-24.126203,71.678804,168.691161,-22.229286,0.181523,-0.378314,-0.907705,22.62544,-10.458479,0.378314,-0.181523,0.907705,-22.62544,10.458479,-0.378314,0.181523,0.907705,-168.691161,22.229286,-0.181523,0.378314,-0.907705,,,
52,2026-03-04,15:28:35.27,3,1,"Tracey, Taylor",815625,Left,TEN_VOL,"Orr, Aidan",1000315303,Left,OAK_GOL,Undefined,2,Top,2,0,0,Fastball,Four-Seam,BallCalled,Undefined,Undefined,Undefined,0,0,,91.9044,0.860919,2.046587,2246.086071,144.613805,10:45,5.86069,-0.98809,5.84187,-15.04733,18.42847,-12.27174,5.4074,-0.10797,82.9081,-2.042451,-0.151924,0.416425,,,,,,,,,,,,6.79465,9.42493,0.82815,50,5.92186,-4.1954,-133.25101,1.58952,12.09849,31.2159,-15.39215,TEN_VOL,OAK_GOL,LindseyNelsonStadium,D1,SEC,20260304-LindseyNelsonStadium-1,19708070-1811-11f1-bda3-276ded76bcdc,90.51433,,,8.99629,,,,,,,efdb3acd-98ca-462b-a386-93f1bbf9dc13,2026-03-04,21:28:35.27,2026-03-04T15:28:35.2798720-06:00,2026-03-04T21:28:35.2798720Z,,v3,471459,471397,6981f38c47c5403d8cc8c83a27c654da,"Grindlinger, Trent",815821,Right,TEN_VOL,e0706372-081c-4ee7-b592-f2101a9ecc72,54.65126,-134.33621,15.60795,5.8573,2.12462,-7.69607,0.98131,-4.616,6.04925,,,,,,,,,,,,,,,,,,,,,,,,,,,,,,,,,,,,,,,,,,,,,,,,,,,High,High,High,,,,,,142.970982,-0.474467,2246.009059,0.999966,10:45,0.045826,0.602006,-0.797175,22.450974,-29.371678,70.764661,173.061618,-13.373784,0.117526,-0.231303,-0.965757,13.468866,-6.749339,0.231303,-0.117526,0.965757,-13.468866,6.749339,-0.231303,0.117526,0.965757,-173.061618,13.373784,-0.117526,0.231303,-0.965757,,,
53,2026-03-04,15:28:57.62,3,2,"Tracey, Taylor",815625,Left,TEN_VOL,"Orr, Aidan",1000315303,Left,OAK_GOL,Undefined,2,Top,2,1,0,Slider,Slider,InPlay,Undefined,GroundBall,Out,1,0,,80.37078,0.445667,1.535934,2142.759209,271.087075,3:00,5.5566,-1.59331,5.52668,-42.9475,1.55772,1.93736,2.39443,0.00432,72.71882,-7.45238,1.88149,0.48015,63.18163,-23.087927,19.113391,,,,,9.0244,8.64084,13.02123,0.071256,-0.48461,1.03547,1.45844,50,5.56663,-3.2004,-116.51734,-0.53159,-0.65496,25.34969,-30.77461,TEN_VOL,OAK_GOL,LindseyNelsonStadium,D1,SEC,20260304-LindseyNelsonStadium-1,26da7e00-1811-11f1-bda3-276ded76bcdc,78.50139,2.60124,,7.65196,,,,3.02665,2.60124,0.03525,efdb3acd-98ca-462b-a386-93f1bbf9dc13,2026-03-04,21:28:57.62,2026-03-04T15:28:57.6260096-06:00,2026-03-04T21:28:57.6260096Z,GroundBall,v3,471459,471397,6981f38c47c5403d8cc8c83a27c654da,"Grindlinger, Trent",815821,Right,TEN_VOL,5f943393-f08a-430a-95ab-138a867defdf,54.97066,-117.59379,12.67485,5.56145,0.77523,-15.38731,1.59376,-3.17259,-0.32748,180,3.02241,80.91477,,,,,,,,2.60316,-36.50538,,,,,,,,0.03378,28.04043,,,,,,,,,,,,,,,,,,,,,,,,,,,,,,High,High,High,Low,Low,,,,80.223291,-84.551612,203.452981,0.094949,8:45,0.99539,0.085824,0.042819,42.236551,-17.553784,-68.775405,157.512231,42.893298,0.280218,0.680635,-0.676915,45.15702,16.273216,0.680635,0.280218,0.676915,-45.15702,-16.273216,-0.680635,-0.280218,0.676915,-157.512231,-42.893298,-0.280218,-0.680635,-0.676915,66.8118,25.95827,32.97215
54,2026-03-04,15:31:32.84,1,1,"Hansen, George",10319263,Left,OAK_GOL,"Tracey, Taylor",815625,Right,TEN_VOL,Undefined,2,Bottom,0,0,0,ChangeUp,Changeup,BallCalled,Undefined,Undefined,Undefined,0,0,,76.95765,-2.335274,2.511509,1385.95791,130.734997,10:15,6.3553,-1.74523,6.06161,-36.41671,10.73418,-10.64099,1.15601,-0.30609,70.62511,-9.083859,0.593886,0.494216,,,,,,,,,,,,6.22961,6.68681,1.55596,50,6.1545,-4.51978,-111.61438,-5.59352,7.8219,20.96365,-23.77807,TEN_VOL,OAK_GOL,LindseyNelsonStadium,D1,SEC,20260304-LindseyNelsonStadium-1,83574000-1811-11f1-bda3-276ded76bcdc,76.26719,,,6.33254,,,,,,,efdb3acd-98ca-462b-a386-93f1bbf9dc13,2026-03-04,21:31:32.84,2026-03-04T15:31:32.8495104-06:00,2026-03-04T21:31:32.8495104Z,,v3,471459,471397,6981f38c47c5403d8cc8c83a27c654da,"Clark, Ben",10098571,Right,OAK_GOL,215e37ca-66f0-413a-91d5-11ebf4cbfacf,54.43542,-112.44436,10.48183,6.35732,-4.65211,-11.88904,1.74104,-4.82946,3.91095,,,,,,,,,,,,,,,,,,,,,,,,,,,,,,,,,,,,,,,,,,,,,,,,,,,High,High,High,,,,,,135.555902,11.122174,1359.926965,0.981218,10:30,-0.189828,0.678631,-0.709525,39.103292,-61.322249,17.117501,139.58827,-18.768422,0.613805,-0.321744,-0.720919,24.051053,-37.86513,0.321744,-0.613805,0.720919,-24.051053,37.86513,-0.321744,0.613805,0.720919,-139.58827,18.768422,-0.613805,0.321744,-0.720919,,,
55,2026-03-04,15:31:53.48,1,2,"Hansen, George",10319263,Left,OAK_GOL,"Tracey, Taylor",815625,Right,TEN_VOL,Undefined,2,Bottom,0,1,0,Fastball,Four-Seam,FoulBallNotFieldable,Undefined,Undefined,Undefined,0,0,,86.48237,-2.130294,2.174838,1975.223361,152.133013,11:00,6.20912,-1.72034,6.14234,-24.07623,12.91934,-6.21595,2.23186,-0.22762,79.36846,-6.641098,1.054087,0.43777,77.20629,41.535856,93.051326,4676.777749,,,,,22.59004,,,3.82173,7.62516,1.55782,50,6.03423,-4.52521,-125.55506,-5.40016,6.10657,25.18873,-19.99014,TEN_VOL,OAK_GOL,LindseyNelsonStadium,D1,SEC,20260304-LindseyNelsonStadium-1,8fa630a0-1811-11f1-bda3-276ded76bcdc,86.10091,20.99736,,7.11391,,,,0.98655,1.90852,0.01591,efdb3acd-98ca-462b-a386-93f1bbf9dc13,2026-03-04,21:31:53.48,2026-03-04T15:31:53.4812672-06:00,2026-03-04T21:31:53.4812672Z,,v3,471459,471397,6981f38c47c5403d8cc8c83a27c654da,"Clark, Ben",10098571,Right,OAK_GOL,ae5d242c-fb51-4bfc-891a-ab921ff1ef01,54.35526,-126.42579,12.59436,6.20896,-4.70913,-9.99507,1.7179,-4.7363,3.05329,310.906315,0.99085,-4.71739,-8.89696,,,,,,,1.91204,74.9186,-24.94711,,,,,,,0.02013,84.44076,-15.01021,,,,,,,,,,,,,,,,,,,,,,,,,,,,,High,High,High,Medium,Undefined,,,,151.761395,-25.735127,1779.302892,0.900811,11:00,0.447883,0.44206,-0.777164,38.873672,-33.881545,36.5262,174.181254,-33.620212,0.084423,-0.553685,-0.828435,33.756812,-4.84286,0.553685,-0.084423,0.828435,-33.756812,4.84286,-0.553685,0.084423,0.828435,-174.181254,33.620212,-0.084423,0.553685,-0.828435,81.49974,3.36974,1.78383
56,2026-03-04,15:32:19.32,1,3,"Hansen, George",10319263,Left,OAK_GOL,"Tracey, Taylor",815625,Right,TEN_VOL,Undefined,2,Bottom,0,1,1,Fastball,Cutter,InPlay,Undefined,FlyBall,Out,1,0,,85.99138,-1.184754,2.191481,1970.877203,181.077699,12:00,6.24484,-1.78312,6.10681,-23.33549,14.08158,0.24311,3.2037,0.26461,78.88922,-5.568644,2.235251,0.440257,78.92192,46.036866,24.468671,,91.87188,91.67716,60.49427,217.8355,113.88219,38.947133,5.064507,0.47425,7.95666,1.61467,50,6.14151,-4.78907,-124.90231,-3.28029,0.75021,24.8274,-19.58715,TEN_VOL,OAK_GOL,LindseyNelsonStadium,D1,SEC,20260304-LindseyNelsonStadium-1,9f028850-1811-11f1-bda3-276ded76bcdc,85.61462,93.88416,,7.10216,,,,0.57993,3.15799,-0.28148,efdb3acd-98ca-462b-a386-93f1bbf9dc13,2026-03-04,21:32:19.32,2026-03-04T15:32:19.3285632-06:00,2026-03-04T21:32:19.3285632Z,FlyBall,v3,471459,471397,6981f38c47c5403d8cc8c83a27c654da,"Clark, Ben",10098571,Right,OAK_GOL,80196ca6-1447-4d8d-89ba-8e1de746abd1,54.39116,-125.77213,12.4137,6.24442,-2.59406,-9.79357,1.78292,-4.81535,0.3751,206.957931,0.58769,72.95215,-20.95785,4.66133,0.004,-0.42722,0.14068,-0.01936,0.001,3.14882,83.493,-22.76095,2.47286,-0.70334,0.18249,-0.02184,0.00025,9E-05,-0.28427,33.34224,-0.59298,-0.44487,0.01094,0.06406,-0.0216,0.00288,-0.00014,,,,,,,,,,,,,,,,,,,,,,,High,High,High,High,Low,,,,151.656658,-31.311499,1683.827894,0.854355,11:00,0.539572,0.416267,-0.731836,28.856511,-31.852702,37.240845,167.403439,-28.015131,0.19253,-0.469705,-0.861574,28.597918,-11.100486,0.469705,-0.19253,0.861574,-28.597918,11.100486,-0.469705,0.19253,0.861574,-167.403439,28.015131,-0.19253,0.469705,-0.861574,75.65864,8.16829,-8.85553
57,2026-03-04,15:32:58.26,2,1,"Hansen, George",10319263,Left,OAK_GOL,"Abernathy, Jay",815337,Left,TEN_VOL,Undefined,2,Bottom,1,0,0,ChangeUp,Changeup,StrikeSwinging,Undefined,Undefined,Undefined,0,0,,77.79105,-0.901039,3.174655,1622.949859,113.69529,9:45,6.30978,-1.86629,5.90994,-39.80309,7.26933,-12.53816,2.15521,0.03842,70.23491,-8.29815,0.924062,0.493804,,,,,,,,,,,,7.45067,4.55709,1.6184,50,6.21514,-5.77473,-112.63869,-2.9717,9.38756,24.1394,-26.43229,TEN_VOL,OAK_GOL,LindseyNelsonStadium,D1,SEC,20260304-LindseyNelsonStadium-1,b64b39d0-1811-11f1-bda3-276ded76bcdc,76.33078,,,7.55614,,,,,,,efdb3acd-98ca-462b-a386-93f1bbf9dc13,2026-03-04,21:32:58.26,2026-03-04T15:32:58.2664704-06:00,2026-03-04T21:32:58.2664704Z,,v3,471459,471397,6981f38c47c5403d8cc8c83a27c654da,"Clark, Ben",10098571,Right,OAK_GOL,5db80cc7-efc5-468e-bc1a-7b96a9d419f3,54.58457,-113.61696,12.0697,6.31386,-1.90052,-13.21615,1.86013,-6.15517,4.69378,,,,,,,,,,,,,,,,,,,,,,,,,,,,,,,,,,,,,,,,,,,,,,,,,,,High,High,High,,,,,,135.304484,13.414106,1578.673829,0.972719,10:30,-0.204052,0.680418,-0.703842,66.157036,-66.14762,-6.445115,128.847977,-13.744469,0.756512,-0.237592,-0.609295,21.303106,-49.157635,0.237592,-0.756512,0.609295,-21.303106,49.157635,-0.237592,0.756512,0.609295,-128.847977,13.744469,-0.756512,0.237592,-0.609295,,,
58,2026-03-04,15:33:16.39,2,2,"Hansen, George",10319263,Left,OAK_GOL,"Abernathy, Jay",815337,Left,TEN_VOL,Undefined,2,Bottom,1,0,1,Slider,Curveball,StrikeSwinging,Undefined,Undefined,Undefined,0,0,,77.39935,-0.88053,1.866431,2196.72819,332.655181,5:00,6.09711,-1.78052,5.66388,-51.89125,-4.86264,3.2578,0.9513,0.23191,71.6297,-10.307309,2.450233,0.493574,,,,,,,,,,,,-1.14264,-1.85228,1.62062,50,5.98951,-3.78299,-112.42204,-3.4099,-1.46059,20.60702,-34.54179,TEN_VOL,OAK_GOL,LindseyNelsonStadium,D1,SEC,20260304-LindseyNelsonStadium-1,c11733f0-1811-11f1-bda3-276ded76bcdc,76.36631,,,5.76964,,,,,,,efdb3acd-98ca-462b-a386-93f1bbf9dc13,2026-03-04,21:33:16.39,2026-03-04T15:33:16.3922944-06:00,2026-03-04T21:33:16.3922944Z,,v3,471459,471397,6981f38c47c5403d8cc8c83a27c654da,"Clark, Ben",10098571,Right,OAK_GOL,7cb841ee-e6f1-4e88-b4a1-61ec2f171a91,54.83643,-113.3051,10.30351,6.10392,-1.92971,-17.2709,1.78138,-3.7204,-0.7303,,,,,,,,,,,,,,,,,,,,,,,,,,,,,,,,,,,,,,,,,,,,,,,,,,,High,High,High,,,,,,324.105686,-85.569249,169.706351,0.077254,4:45,0.995022,-0.029967,0.095041,87.93519,-24.615218,53.375661,167.463456,-33.878347,0.18021,-0.557431,-0.810429,34.521085,-10.381997,0.557431,-0.18021,0.810429,-34.521085,10.381997,-0.557431,0.18021,0.810429,-167.463456,33.878347,-0.18021,0.557431,-0.810429,,,
59,2026-03-04,15:33:36.44,2,3,"Hansen, George",10319263,Left,OAK_GOL,"Abernathy, Jay",815337,Left,TEN_VOL,Undefined,2,Bottom,1,0,2,Fastball,Four-Seam,StrikeCalled,Strikeout,Undefined,Undefined,0,0,,87.62289,-1.538858,3.277606,1905.179598,157.051404,11:15,6.30956,-1.6556,5.87858,-23.48474,12.83532,-4.96859,2.92069,0.97757,80.57983,-5.916233,2.387942,0.433755,,,,,,,,,,,,3.39898,7.31701,1.39348,50,6.17145,-7.07334,-127.1159,-4.17409,5.59153,24.73721,-20.1371,TEN_VOL,OAK_GOL,LindseyNelsonStadium,D1,SEC,20260304-LindseyNelsonStadium-1,ccf8e3d0-1811-11f1-bda3-276ded76bcdc,86.89797,,,7.04306,,,,,,,efdb3acd-98ca-462b-a386-93f1bbf9dc13,2026-03-04,21:33:36.44,2026-03-04T15:33:36.4490000-06:00,2026-03-04T21:33:36.4490000Z,,v3,471459,471397,6981f38c47c5403d8cc8c83a27c654da,"Clark, Ben",10098571,Right,OAK_GOL,701e5ae1-eef6-4e62-8fa4-6a76aa1caf87,54.61843,-128.01151,12.36861,6.30937,-3.44503,-10.06855,1.65323,-7.27578,2.79576,,,,,,,,,,,,,,,,,,,,,,,,,,,,,67.58292,,,1.011108,,,,-0.72365,5.7944,-0.74584,70.08348,7.9193,-54.69701,-0.66394,75.61397,-5.57113,5.84233,16.26076,-14.0407,-0.83109,-59.96709,6.60434,High,High,High,,,High,High,High,147.574976,-24.472866,1734.013614,0.910158,11:00,0.444275,0.498971,-0.744075,25.593903,-28.424541,45.872367,165.333484,-23.20516,0.232709,-0.394025,-0.889152,23.900369,-13.456632,0.394025,-0.232709,0.889152,-23.900369,13.456632,-0.394025,0.232709,0.889152,-165.333484,23.20516,-0.232709,0.394025,-0.889152,,,
60,2026-03-04,15:34:03.54,3,1,"Hansen, George",10319263,Left,OAK_GOL,"Ford, Henry",814822,Right,TEN_VOL,Undefined,2,Bottom,2,0,0,ChangeUp,Changeup,InPlay,Undefined,LineDrive,Out,1,0,,78.15578,-1.552348,1.974946,1616.848545,130.801407,10:15,6.29638,-1.8307,6.08951,-35.25667,10.0926,-10.04536,1.92118,-0.84024,71.97303,-8.093703,0.163589,0.484682,93.21665,24.614228,-4.748506,2520.502269,109.85809,45.87314,-5.57953,316.04329,311.92852,-2.282071,4.3539,5.77327,6.05319,1.68384,50,6.15789,-3.56299,-113.52574,-4.09318,7.53876,20.67136,-24.26982,TEN_VOL,OAK_GOL,LindseyNelsonStadium,D1,SEC,20260304-LindseyNelsonStadium-1,dd2360f0-1811-11f1-bda3-276ded76bcdc,77.7674,59.79356,,6.18275,,,,2.65792,2.0942,0.8492,efdb3acd-98ca-462b-a386-93f1bbf9dc13,2026-03-04,21:34:03.54,2026-03-04T15:34:03.5469824-06:00,2026-03-04T21:34:03.5469824Z,LineDrive,v3,471459,471397,6981f38c47c5403d8cc8c83a27c654da,"Clark, Ben",10098571,Right,OAK_GOL,755c6fed-1e25-4474-baa7-dd036a50021c,54.40912,-114.32575,10.33568,6.29813,-3.15389,-12.13491,1.82738,-3.85475,3.76938,194.807051,2.65801,123.86286,-24.90639,5.6429,-1.08996,0.18981,-0.03118,0.00399,-0.00024,2.0948,56.93289,-14.35944,-0.0892,0.22868,-0.09329,0.02604,-0.00368,0.00019,0.84867,-10.27349,5.498,-1.81431,0.32779,-0.02359,-0.00216,0.00042,-1E-05,,,,,,,,,,,,,,,,,,,,,,,High,High,High,High,High,,,,137.823094,13.370252,1573.025596,0.972896,10:30,-0.223859,0.64672,-0.729137,65.92971,-60.956454,-10.367912,125.375828,-10.847776,0.800802,-0.1882,-0.568592,18.314215,-53.206752,0.1882,-0.800802,0.568592,-18.314215,53.206752,-0.1882,0.800802,0.568592,-125.375828,10.847776,-0.800802,0.1882,-0.568592,72.17344,15.26064,-8.96155
61,2026-03-04,15:36:31.91,1,1,"Tracey, Taylor",815625,Left,TEN_VOL,"Clark, Ben",10098571,Right,OAK_GOL,Undefined,3,Top,0,0,0,Fastball,Four-Seam,BallCalled,Undefined,Undefined,Undefined,0,0,,92.06163,-0.293206,1.909995,2303.681463,149.665246,11:00,5.70475,-1.275,5.90951,-14.82859,18.67466,-10.2041,4.19675,-0.35191,82.56252,-3.17173,0.079217,0.416596,,,,,,,,,,,,5.785,9.96182,1.12721,50,5.67275,-3.98318,-133.42124,-1.07978,10.24662,33.35854,-14.52929,TEN_VOL,OAK_GOL,LindseyNelsonStadium,D1,SEC,20260304-LindseyNelsonStadium-1,358850c0-1812-11f1-bda3-276ded76bcdc,90.47729,,,9.49911,,,,,,,efdb3acd-98ca-462b-a386-93f1bbf9dc13,2026-03-04,21:36:31.91,2026-03-04T15:36:31.9114240-06:00,2026-03-04T21:36:31.9114240Z,,v3,471459,471397,6981f38c47c5403d8cc8c83a27c654da,"Grindlinger, Trent",815821,Right,TEN_VOL,f5374b16-3fa8-4c32-849a-0cb90fb11b8d,54.58304,-134.56224,16.67927,5.70118,-0.58282,-7.26465,1.26945,-4.33365,5.12331,,,,,,,,,,,,,,,,,,,,,,,,,,,,,,,,,,,,,,,,,,,,,,,,,,,High,High,High,,,,,,139.794762,-6.00069,2291.058757,0.994521,10:45,0.126513,0.642517,-0.755755,27.631618,-34.513517,66.750207,173.93635,-19.599514,0.099513,-0.335444,-0.93679,19.701319,-5.711119,0.335444,-0.099513,0.93679,-19.701319,5.711119,-0.335444,0.099513,0.93679,-173.93635,19.599514,-0.099513,0.335444,-0.93679,,,
62,2026-03-04,15:36:46.26,1,2,"Tracey, Taylor",815625,Left,TEN_VOL,"Clark, Ben",10098571,Right,OAK_GOL,Undefined,3,Top,0,1,0,Fastball,Four-Seam,BallCalled,Undefined,Undefined,Undefined,0,0,,91.14738,0.316481,1.834469,2239.422063,156.830697,11:15,5.8274,-1.20695,5.92943,-15.31658,18.54076,-7.44185,4.8448,-0.12449,82.41297,-2.637177,0.498953,0.418792,,,,,,,,,,,,4.32134,9.69918,1.06434,50,5.8439,-3.90167,-132.22097,0.31335,7.58618,30.38517,-15.14695,TEN_VOL,OAK_GOL,LindseyNelsonStadium,D1,SEC,20260304-LindseyNelsonStadium-1,3e2cfe10-1812-11f1-bda3-276ded76bcdc,90.00287,,,8.73441,,,,,,,efdb3acd-98ca-462b-a386-93f1bbf9dc13,2026-03-04,21:36:46.26,2026-03-04T15:36:46.2608896-06:00,2026-03-04T21:36:46.2608896Z,,v3,471459,471397,6981f38c47c5403d8cc8c83a27c654da,"Grindlinger, Trent",815821,Right,TEN_VOL,3c990acc-eb4f-4b2a-bcec-79c227848f9c,54.56416,-133.26571,15.19259,5.82417,0.83416,-7.57347,1.20298,-4.16251,3.79309,,,,,,,,,,,,,,,,,,,,,,,,,,,,,,,,,,,,,,,,,,,,,,,,,,,High,High,High,,,,,,141.137234,-2.383664,2237.484356,0.999135,10:45,0.069935,0.626675,-0.776136,38.729414,-30.50394,50.392253,176.336532,-18.445467,0.060613,-0.316402,-0.946687,18.480673,-3.475021,0.316402,-0.060613,0.946687,-18.480673,3.475021,-0.316402,0.060613,0.946687,-176.336532,18.445467,-0.060613,0.316402,-0.946687,,,
63,2026-03-04,15:37:02.50,1,3,"Tracey, Taylor",815625,Left,TEN_VOL,"Clark, Ben",10098571,Right,OAK_GOL,Undefined,3,Top,0,2,0,Fastball,Four-Seam,StrikeSwinging,Undefined,Undefined,Undefined,0,0,,89.46274,-1.510171,1.443492,2242.551149,152.234247,11:00,5.7437,-1.53363,5.97199,-16.46469,19.17714,-9.35812,2.97085,-0.97498,79.84499,-4.70502,-0.238317,0.429686,,,,,,,,,,,,5.22158,10.69945,1.42411,50,5.61496,-2.84527,-129.54354,-3.84362,8.65981,33.12266,-14.42933,TEN_VOL,OAK_GOL,LindseyNelsonStadium,D1,SEC,20260304-LindseyNelsonStadium-1,47d44e50-1812-11f1-bda3-276ded76bcdc,87.72089,,,9.61775,,,,,,,efdb3acd-98ca-462b-a386-93f1bbf9dc13,2026-03-04,21:37:02.50,2026-03-04T15:37:02.5083904-06:00,2026-03-04T21:37:02.5083904Z,,v3,471459,471397,6981f38c47c5403d8cc8c83a27c654da,"Grindlinger, Trent",815821,Right,TEN_VOL,1ec9c91e-089e-470a-88cb-5751f7fe4cb2,54.51838,-130.69372,16.56133,5.73973,-3.34256,-7.21467,1.52813,-3.14598,4.3299,,,,,,,,,,,,,,,,,,,,,,,,,,,,,,,,,,,,,,,,,,,,,,,,,,,High,High,High,,,,,,137.798189,0.723666,2242.372279,0.99992,10:30,-0.011658,0.671124,-0.741253,38.996408,-27.696703,66.709233,167.709947,-22.179014,0.197111,-0.377502,-0.904787,22.647215,-11.368067,0.377502,-0.197111,0.904787,-22.647215,11.368067,-0.377502,0.197111,0.904787,-167.709947,22.179014,-0.197111,0.377502,-0.904787,,,
64,2026-03-04,15:37:21.67,1,4,"Tracey, Taylor",815625,Left,TEN_VOL,"Clark, Ben",10098571,Right,OAK_GOL,Undefined,3,Top,0,2,1,Fastball,Four-Seam,BallCalled,Undefined,Undefined,Undefined,0,0,,90.2127,-1.300889,1.078474,2224.485167,144.585786,10:45,5.65868,-1.45719,6.09591,-16.44174,18.10824,-11.98375,3.08492,-1.45824,81.24813,-4.473797,-1.080761,0.423054,,,,,,,,,,,,6.44544,10.0778,1.3799,50,5.54971,-1.9395,-130.8383,-3.40942,11.00355,31.5073,-14.96941,TEN_VOL,OAK_GOL,LindseyNelsonStadium,D1,SEC,20260304-LindseyNelsonStadium-1,5342ca00-1812-11f1-bda3-276ded76bcdc,89.09614,,,8.96457,,,,,,,efdb3acd-98ca-462b-a386-93f1bbf9dc13,2026-03-04,21:37:21.67,2026-03-04T15:37:21.6728576-06:00,2026-03-04T21:37:21.6728576Z,,v3,471459,471397,6981f38c47c5403d8cc8c83a27c654da,"Grindlinger, Trent",815821,Right,TEN_VOL,b31f8bbf-ca93-4e11-be73-6496b33d2d57,54.39713,-131.89292,15.75365,5.65545,-2.90835,-7.48471,1.45098,-2.30782,5.50178,,,,,,,,,,,,,,,,,,,,,,,,,,,,,,,,,,,,,,,,,,,,,,,,,,,High,High,High,,,,,,138.201705,-0.303923,2224.453871,0.999986,10:30,0.004205,0.66645,-0.745538,34.515418,-30.78575,49.066995,176.922917,-8.767224,0.053052,-0.15242,-0.986891,8.779686,-3.041096,0.15242,-0.053052,0.986891,-8.779686,3.041096,-0.15242,0.053052,0.986891,-176.922917,8.767224,-0.053052,0.15242,-0.986891,,,
65,2026-03-04,15:37:37.40,1,5,"Tracey, Taylor",815625,Left,TEN_VOL,"Clark, Ben",10098571,Right,OAK_GOL,Undefined,3,Top,0,3,1,Fastball,Four-Seam,FoulBallNotFieldable,Undefined,Undefined,Undefined,0,0,,90.16146,-1.988762,2.553988,2282.567146,157.845903,11:15,5.8315,-1.42361,6.01087,-15.35776,19.21088,-7.33154,2.70676,0.33298,81.67014,-4.946793,1.236937,0.423168,80.60592,77.369333,146.89124,4182.816033,,,,,17.41807,,,4.56469,10.85284,1.22717,50,5.66699,-5.52331,-130.71528,-4.96137,7.82134,30.04303,-13.57838,TEN_VOL,OAK_GOL,LindseyNelsonStadium,D1,SEC,20260304-LindseyNelsonStadium-1,5c948030-1812-11f1-bda3-276ded76bcdc,89.07213,64.22208,,8.49131,,,,1.88193,2.74105,-0.33697,efdb3acd-98ca-462b-a386-93f1bbf9dc13,2026-03-04,21:37:37.40,2026-03-04T15:37:37.4045696-06:00,2026-03-04T21:37:37.4045696Z,,v3,471459,471397,6981f38c47c5403d8cc8c83a27c654da,"Grindlinger, Trent",815821,Right,TEN_VOL,0fd7bf52-686d-449b-8244-8ac2c85c8b9a,54.48567,-131.74222,15.02151,5.82865,-4.49723,-6.78919,1.42053,-5.79066,3.91067,358.794286,1.88193,-21.65374,-7.35841,4.39365,-1.42034,0.4013,-0.10655,0.02529,-0.00376,2.74105,115.36084,-35.02458,5.41262,-1.00935,0.15954,-0.02156,0.00122,0.0003,-0.33697,14.12061,3.55023,-1.71369,0.54536,-0.15588,0.04238,-0.01035,0.00162,,,,,,,,,,,,,,,,,,,,,,,High,High,High,High,Undefined,,,,141.63139,0.126178,2282.561611,0.999998,10:45,0.011219,0.620267,-0.784311,34.697154,-27.280218,57.466613,173.412526,-15.594399,0.110497,-0.268826,-0.95683,15.692949,-6.343966,0.268826,-0.110497,0.95683,-15.692949,6.343966,-0.268826,0.110497,0.95683,-173.412526,15.594399,-0.110497,0.268826,-0.95683,,,
66,2026-03-04,15:38:03.24,1,6,"Tracey, Taylor",815625,Left,TEN_VOL,"Clark, Ben",10098571,Right,OAK_GOL,Undefined,3,Top,0,3,2,Fastball,Four-Seam,StrikeCalled,Strikeout,Undefined,Undefined,0,0,,90.8219,-1.910477,3.140306,2248.239326,150.041301,11:00,5.79097,-1.34022,6.16747,-15.36694,18.58525,-10.01867,2.74247,0.72834,82.09033,-4.880379,1.336441,0.419378,,,,,,,,,,,,6.10981,10.52398,1.10696,50,5.63803,-6.79095,-131.59664,-4.79553,10.59781,30.75677,-13.91963,TEN_VOL,OAK_GOL,LindseyNelsonStadium,D1,SEC,20260304-LindseyNelsonStadium-1,6c06f7f0-1812-11f1-bda3-276ded76bcdc,89.87709,,,8.73158,,,,,,,efdb3acd-98ca-462b-a386-93f1bbf9dc13,2026-03-04,21:38:03.24,2026-03-04T15:38:03.2400000-06:00,2026-03-04T21:38:03.2400000Z,,v3,471459,471397,6981f38c47c5403d8cc8c83a27c654da,"Grindlinger, Trent",815821,Right,TEN_VOL,759089d4-6ba4-42e7-930d-4a0924d25453,54.32708,-132.60411,15.37838,5.78764,-4.33958,-6.95981,1.33509,-7.13809,5.29891,,,,,,,,,,,,,,,,,,,,,,,,,,,,,73.71057,,,0.914893,,,,-0.21244,5.70428,-0.91452,70.79007,10.96681,-53.99086,-0.14992,83.03004,-5.96965,5.73766,17.96441,-13.36965,-1.0078,-64.70534,7.37825,High,High,High,,,High,High,High,140.127874,-2.131322,2246.684021,0.999308,10:45,0.057802,0.641517,-0.764928,39.193643,-27.6072,47.18348,174.201931,-15.841252,0.097186,-0.272973,-0.9571,15.918593,-5.577156,0.272973,-0.097186,0.9571,-15.918593,5.577156,-0.272973,0.097186,0.9571,-174.201931,15.841252,-0.097186,0.272973,-0.9571,,,
67,2026-03-04,15:38:28.83,2,1,"Tracey, Taylor",815625,Left,TEN_VOL,"Mardis, Nick",10102168,Right,OAK_GOL,Undefined,3,Top,1,0,0,ChangeUp,Changeup,BallCalled,Undefined,Undefined,Undefined,0,0,,78.27621,1.125006,2.578572,2155.574176,115.637042,9:45,5.6391,-1.76831,5.67264,-36.46632,10.3613,-17.97505,3.65027,-0.86063,70.35804,-5.679971,-0.631388,0.492518,,,,,,,,,,,,9.87623,5.40477,1.56182,50,5.71167,-4.39091,-113.34657,1.10575,12.6205,24.14495,-25.26747,TEN_VOL,OAK_GOL,LindseyNelsonStadium,D1,SEC,20260304-LindseyNelsonStadium-1,7b4b0cb0-1812-11f1-bda3-276ded76bcdc,76.53,,,7.91817,,,,,,,efdb3acd-98ca-462b-a386-93f1bbf9dc13,2026-03-04,21:38:28.83,2026-03-04T15:38:28.8367616-06:00,2026-03-04T21:38:28.8367616Z,,v3,471459,471397,6981f38c47c5403d8cc8c83a27c654da,"Grindlinger, Trent",815821,Right,TEN_VOL,d010f21c-8d8a-499a-9e55-2a7df7500ea3,54.82121,-114.36897,12.07248,5.64219,2.17568,-12.63374,1.75906,-4.92532,6.31025,,,,,,,,,,,,,,,,,,,,,,,,,,,,,,,,,,,,,,,,,,,,,,,,,,,High,High,High,,,,,,112.41099,27.228595,1916.710985,0.889188,9:45,-0.425616,0.830855,-0.358512,-118.175712,15.060273,-5.35594,177.010525,-23.012451,0.048002,-0.390931,-0.919167,23.04054,-2.751381,0.390931,-0.048002,0.919167,-23.04054,2.751381,-0.390931,0.048002,0.919167,-177.010525,23.012451,-0.048002,0.390931,-0.919167,,,
68,2026-03-04,15:38:42.71,2,2,"Tracey, Taylor",815625,Left,TEN_VOL,"Mardis, Nick",10102168,Right,OAK_GOL,Undefined,3,Top,1,1,0,Fastball,Four-Seam,StrikeSwinging,Undefined,Undefined,Undefined,0,0,,91.03767,-1.977775,2.47876,2288.588897,141.67559,10:45,5.75494,-1.33079,6.13319,-14.63879,19.20375,-14.22056,2.70465,-0.22341,82.18199,-4.81795,-0.082803,0.4187,,,,,,,,,,,,8.03603,10.84481,1.14824,50,5.596,-5.09293,-131.9579,-4.93023,13.99766,31.25604,-13.28383,TEN_VOL,OAK_GOL,LindseyNelsonStadium,D1,SEC,20260304-LindseyNelsonStadium-1,8385fbb0-1812-11f1-bda3-276ded76bcdc,90.02259,,,8.85568,,,,,,,efdb3acd-98ca-462b-a386-93f1bbf9dc13,2026-03-04,21:38:42.71,2026-03-04T15:38:42.7150848-06:00,2026-03-04T21:38:42.7150848Z,,v3,471459,471397,6981f38c47c5403d8cc8c83a27c654da,"Grindlinger, Trent",815821,Right,TEN_VOL,30c380c5-ee69-4d4f-9052-7b4a01d78c42,54.36109,-132.98687,15.62802,5.75111,-4.49291,-6.64191,1.32349,-5.55374,6.99883,,,,,,,,,,,,,,,,,,,,,,,,,,,,,,,,,,,,,,,,,,,,,,,,,,,High,High,High,,,,,,139.996971,1.47154,2287.83413,0.99967,10:45,-0.01468,0.641347,-0.76711,32.718477,-30.438404,54.543333,176.816155,-10.090307,0.054681,-0.1752,-0.983013,10.105585,-3.134551,0.1752,-0.054681,0.983013,-10.105585,3.134551,-0.1752,0.054681,0.983013,-176.816155,10.090307,-0.054681,0.1752,-0.983013,,,
69,2026-03-04,15:38:56.51,2,3,"Tracey, Taylor",815625,Left,TEN_VOL,"Mardis, Nick",10102168,Right,OAK_GOL,Undefined,3,Top,1,1,1,ChangeUp,Changeup,StrikeCalled,Undefined,Undefined,Undefined,0,0,,78.66616,-0.686382,3.933574,2178.516671,124.080252,10:15,5.56633,-1.69569,5.82553,-34.651,11.13154,-14.10198,2.03914,0.79163,71.50829,-7.131377,1.411593,0.486991,,,,,,,,,,,,8.36485,6.36658,1.38219,50,5.48986,-7.29553,-113.9193,-2.41002,10.89891,22.58916,-23.87875,TEN_VOL,OAK_GOL,LindseyNelsonStadium,D1,SEC,20260304-LindseyNelsonStadium-1,8bcfb7c0-1812-11f1-bda3-276ded76bcdc,77.39856,,,7.15787,,,,,,,efdb3acd-98ca-462b-a386-93f1bbf9dc13,2026-03-04,21:38:56.51,2026-03-04T15:38:56.5102592-06:00,2026-03-04T21:38:56.5102592Z,,v3,471459,471397,6981f38c47c5403d8cc8c83a27c654da,"Grindlinger, Trent",815821,Right,TEN_VOL,f4c14122-ad59-4a5e-81bd-2d6a6218a742,54.67028,-114.84164,11.29458,5.56836,-1.43502,-11.93937,1.68916,-7.74054,5.44945,,,,,,,,,,,,,,,,,,,,,,,,,,,,,,,,,,,,,,,,,,,,,,,,,,,High,High,High,,,,,,112.566432,31.077549,1865.832906,0.856469,9:45,-0.50185,0.784654,-0.363958,21.967321,-52.8036,67.017698,178.162408,28.271626,0.028241,0.473652,-0.880259,28.283922,1.618327,0.473652,0.028241,0.880259,-28.283922,-1.618327,-0.473652,-0.028241,0.880259,-178.162408,-28.271626,-0.028241,-0.473652,-0.880259,,,
70,2026-03-04,15:39:19.14,2,4,"Tracey, Taylor",815625,Left,TEN_VOL,"Mardis, Nick",10102168,Right,OAK_GOL,Undefined,3,Top,1,1,2,Fastball,Four-Seam,StrikeCalled,Strikeout,Undefined,Undefined,0,0,,91.93228,-2.515661,3.494004,2328.785978,141.850304,10:45,5.663,-1.28848,6.28428,-15.50229,17.65048,-12.90627,2.04687,0.86011,82.82348,-5.516014,1.165712,0.414411,,,,,,,,,,,,7.7739,10.30304,1.03644,50,5.46952,-7.5753,-133.09668,-6.26108,13.73772,32.52484,-13.96695,TEN_VOL,OAK_GOL,LindseyNelsonStadium,D1,SEC,20260304-LindseyNelsonStadium-1,99401df0-1812-11f1-bda3-276ded76bcdc,90.95424,,,9.1088,,,,,,,efdb3acd-98ca-462b-a386-93f1bbf9dc13,2026-03-04,21:39:19.14,2026-03-04T15:39:19.1490000-06:00,2026-03-04T21:39:19.1490000Z,,v3,471459,471397,6981f38c47c5403d8cc8c83a27c654da,"Grindlinger, Trent",815821,Right,TEN_VOL,ecc1de1d-01cf-4227-8341-08e21c49e6cf,54.21038,-134.12162,16.26242,5.65989,-5.82094,-6.98347,1.28198,-8.00821,6.86886,,,,,,,,,,,,,,,,,,,,,,,,,,,,,72.08027,,,0.938867,,,,0.13534,5.74675,0.31658,70.90557,7.7709,-53.87494,0.19057,80.70429,-5.71407,5.78017,14.59205,-13.26946,0.22689,-64.71791,7.52099,High,High,High,,,High,High,High,138.728148,1.395327,2328.095444,0.999703,10:30,-0.007381,0.657733,-0.753215,40.015652,-26.496855,48.614998,174.029066,-13.673092,0.101076,-0.236382,-0.966389,13.744855,-5.80113,0.236382,-0.101076,0.966389,-13.744855,5.80113,-0.236382,0.101076,0.966389,-174.029066,13.673092,-0.101076,0.236382,-0.966389,,,
71,2026-03-04,15:39:53.93,3,1,"Tracey, Taylor",815625,Left,TEN_VOL,"Halloran, Boston",1000096826,Right,OAK_GOL,Undefined,3,Top,2,0,0,Slider,Slider,BallCalled,Undefined,Undefined,Undefined,0,0,,79.33943,-0.898554,2.580235,2179.751558,333.134308,5:00,5.5655,-1.68654,5.41312,-47.83215,-2.40961,1.95961,0.73679,0.8956,72.95566,-9.575868,2.929172,0.485073,,,,,,,,,,,,-0.23626,-0.55209,1.45564,50,5.452,-5.26214,-115.06609,-3.4465,-0.31518,22.35364,-32.9105,TEN_VOL,OAK_GOL,LindseyNelsonStadium,D1,SEC,20260304-LindseyNelsonStadium-1,ae06df80-1812-11f1-bda3-276ded76bcdc,77.70466,,,6.38377,,,,,,,efdb3acd-98ca-462b-a386-93f1bbf9dc13,2026-03-04,21:39:53.93,2026-03-04T15:39:53.9324928-06:00,2026-03-04T21:39:53.9324928Z,,v3,471459,471397,6981f38c47c5403d8cc8c83a27c654da,"Grindlinger, Trent",815821,Right,TEN_VOL,e414e5a7-8e75-4420-8417-16d16cbfcc4e,55.08572,-116.04988,11.17682,5.57181,-1.9981,-16.45525,1.68692,-5.24826,-0.15759,,,,,,,,,,,,,,,,,,,,,,,,,,,,,,,,,,,,,,,,,,,,,,,,,,,High,High,High,,,,,,78.857754,-86.163311,145.853311,0.066913,8:45,0.995014,0.08129,0.057783,43.06402,-38.645936,-75.252544,166.487356,42.42069,0.172491,0.674569,-0.717777,43.222542,9.932655,0.674569,0.172491,0.717777,-43.222542,-9.932655,-0.674569,-0.172491,0.717777,-166.487356,-42.42069,-0.172491,-0.674569,-0.717777,,,
72,2026-03-04,15:40:12.81,3,2,"Tracey, Taylor",815625,Left,TEN_VOL,"Halloran, Boston",1000096826,Right,OAK_GOL,Undefined,3,Top,2,1,0,Fastball,Four-Seam,FoulBallNotFieldable,Undefined,Undefined,Undefined,0,0,,91.56689,-1.020831,2.03454,2212.557483,147.264244,11:00,5.75382,-1.43198,6.12252,-15.55028,18.01505,-10.78843,3.51357,-0.44943,82.28444,-4.034948,0.091048,0.416982,79.08074,4.447691,179.057237,1425.218127,,,,55.54908,41.02483,175.120382,0.484739,6.07248,9.89083,1.28078,50,5.66708,-4.21632,-132.69579,-2.76283,10.66161,32.44859,-14.80844,TEN_VOL,OAK_GOL,LindseyNelsonStadium,D1,SEC,20260304-LindseyNelsonStadium-1,b9387940-1812-11f1-bda3-276ded76bcdc,90.39352,3.9019,,9.28244,,,,-0.38222,3.28983,0.57804,efdb3acd-98ca-462b-a386-93f1bbf9dc13,2026-03-04,21:40:12.81,2026-03-04T15:40:12.8138240-06:00,2026-03-04T21:40:12.8138240Z,GroundBall,v3,471459,471397,6981f38c47c5403d8cc8c83a27c654da,"Grindlinger, Trent",815821,Right,TEN_VOL,745787d7-966a-41a8-ba14-f29c973f3819,54.3672,-133.75945,16.2243,5.7497,-2.27741,-7.40422,1.42472,-4.56581,5.33081,,-0.36173,-116.17847,5.57529,,,,,,,3.29681,8.80574,-32.22648,,,,,,,0.57217,2.06141,13.44678,,,,,,,,,,,,,,,,,,,,,,,,,,,,,High,High,High,Low,Medium,,,,141.070763,-5.04882,2203.972922,0.99612,10:45,0.104301,0.627391,-0.771688,26.527665,-24.214964,54.261399,168.084381,-9.588124,0.203587,-0.166564,-0.964784,9.795224,-11.746775,0.166564,-0.203587,0.964784,-9.795224,11.746775,-0.166564,0.203587,0.964784,-168.084381,9.588124,-0.203587,0.166564,-0.964784,67.96911,24.46138,-56.52737
73,2026-03-04,15:40:31.36,3,3,"Tracey, Taylor",815625,Left,TEN_VOL,"Halloran, Boston",1000096826,Right,OAK_GOL,Undefined,3,Top,2,1,1,Fastball,Four-Seam,BallCalled,Undefined,Undefined,Undefined,0,0,,91.3828,-0.158852,0.848385,2224.55785,149.609597,11:00,5.69671,-1.31822,6.04232,-16.68304,16.7943,-9.18756,4.15937,-1.29833,82.79858,-3.357605,-0.805156,0.416435,,,,,,,,,,,,4.92611,8.99213,1.25668,50,5.67519,-1.5584,-132.6612,-0.84118,8.71257,30.37598,-16.27003,TEN_VOL,OAK_GOL,LindseyNelsonStadium,D1,SEC,20260304-LindseyNelsonStadium-1,c444d7c0-1812-11f1-bda3-276ded76bcdc,90.51226,,,8.58421,,,,,,,efdb3acd-98ca-462b-a386-93f1bbf9dc13,2026-03-04,21:40:31.36,2026-03-04T15:40:31.3643520-06:00,2026-03-04T21:40:31.3643520Z,,v3,471459,471397,6981f38c47c5403d8cc8c83a27c654da,"Grindlinger, Trent",815821,Right,TEN_VOL,96a41a75-8642-43c6-a191-c825e1432884,54.45165,-133.67662,15.18799,5.69422,-0.2973,-8.13501,1.31365,-1.84965,4.35628,,,,,,,,,,,,,,,,,,,,,,,,,,,,,,,,,,,,,,,,,,,,,,,,,,,High,High,High,,,,,,138.207899,-1.926207,2223.300855,0.999435,10:30,0.042795,0.666144,-0.744595,39.932437,-26.472337,60.425082,167.179999,-22.065227,0.205637,-0.375662,-0.903655,22.573342,-11.866794,0.375662,-0.205637,0.903655,-22.573342,11.866794,-0.375662,0.205637,0.903655,-167.179999,22.065227,-0.205637,0.375662,-0.903655,,,
74,2026-03-04,15:40:48.27,3,4,"Tracey, Taylor",815625,Left,TEN_VOL,"Halloran, Boston",1000096826,Right,OAK_GOL,Undefined,3,Top,2,2,1,ChangeUp,Changeup,BallCalled,Undefined,Undefined,Undefined,0,0,,79.18025,-1.6933,2.067825,2019.083706,119.68565,10:00,5.61839,-1.81382,5.74068,-34.85923,9.6126,-14.58111,1.13533,-1.10273,73.39153,-8.099027,-0.544585,0.47997,,,,,,,,,,,,7.93213,5.74717,1.65069,50,5.45608,-3.59748,-115.01162,-4.49497,10.72044,19.52865,-24.40662,TEN_VOL,OAK_GOL,LindseyNelsonStadium,D1,SEC,20260304-LindseyNelsonStadium-1,ce626970-1812-11f1-bda3-276ded76bcdc,78.53089,,,5.78872,,,,,,,efdb3acd-98ca-462b-a386-93f1bbf9dc13,2026-03-04,21:40:48.27,2026-03-04T15:40:48.2717184-06:00,2026-03-04T21:40:48.2717184Z,,v3,471459,471397,6981f38c47c5403d8cc8c83a27c654da,"Grindlinger, Trent",815821,Right,TEN_VOL,2ae59228-0e67-42e7-97fa-61867151e197,54.7575,-115.81661,9.76432,5.62063,-3.4889,-12.20331,1.80809,-4.03939,5.36022,,,,,,,,,,,,,,,,,,,,,,,,,,,,,,,,,,,,,,,,,,,,,,,,,,,High,High,High,,,,,,116.239101,29.73466,1753.234261,0.868332,9:45,-0.504592,0.76386,-0.402374,-127.72842,1.718,-1.440223,171.359875,30.745869,0.129112,0.511231,-0.84969,31.033975,7.418294,0.511231,0.129112,0.84969,-31.033975,-7.418294,-0.511231,-0.129112,0.84969,-171.359875,-30.745869,-0.129112,-0.511231,-0.84969,,,
75,2026-03-04,15:41:06.74,3,5,"Tracey, Taylor",815625,Left,TEN_VOL,"Halloran, Boston",1000096826,Right,OAK_GOL,Undefined,3,Top,2,3,1,Fastball,Four-Seam,FoulBallNotFieldable,Undefined,Undefined,Undefined,0,0,,89.99685,-0.94643,1.791286,2211.080076,146.318975,11:00,5.72707,-1.3775,6.19228,-18.02387,16.36713,-10.11941,3.35081,-0.56649,81.51166,-4.39878,-0.034614,0.422079,71.95702,39.266822,158.328005,3069.073297,,,,,48.77006,,,5.79134,9.11308,1.24758,50,5.64667,-3.669,-130.63966,-2.66705,9.90969,30.05902,-16.58048,TEN_VOL,OAK_GOL,LindseyNelsonStadium,D1,SEC,20260304-LindseyNelsonStadium-1,d95ec260-1812-11f1-bda3-276ded76bcdc,89.30184,33.72571,,8.48519,,,,0.63932,3.22983,0.55212,efdb3acd-98ca-462b-a386-93f1bbf9dc13,2026-03-04,21:41:06.74,2026-03-04T15:41:06.7410944-06:00,2026-03-04T21:41:06.7410944Z,,v3,471459,471397,6981f38c47c5403d8cc8c83a27c654da,"Grindlinger, Trent",815821,Right,TEN_VOL,03f2a75a-e303-49d7-b246-7f73b0a891d1,54.30404,-131.62625,15.02951,5.72528,-2.12285,-8.29024,1.37334,-3.99425,4.95485,343.81373,0.63932,-75.93168,3.0677,0.86207,-0.31276,0.10177,-0.0244,-0.00193,0.00531,3.22983,66.79761,-31.16267,4.25638,-0.55531,-1.13754,2.86164,-3.29334,1.52377,0.55212,30.17393,-4.06921,-0.35315,0.01208,0.46246,-1.12388,1.29737,-0.60222,,,,,,,,,,,,,,,,,,,,,,,High,High,High,High,Undefined,,,,139.428349,-3.646481,2206.603659,0.997975,10:45,0.07654,0.650044,-0.756032,42.083398,-20.781686,46.292523,166.608984,-17.758301,0.22056,-0.305002,-0.926459,18.222208,-12.74194,0.305002,-0.22056,0.926459,-18.222208,12.74194,-0.305002,0.22056,0.926459,-166.608984,17.758301,-0.22056,0.305002,-0.926459,77.03345,14.96102,-6.58917
76,2026-03-04,15:41:25.28,3,6,"Tracey, Taylor",815625,Left,TEN_VOL,"Halloran, Boston",1000096826,Right,OAK_GOL,Undefined,3,Top,2,3,2,Fastball,Sinker,StrikeCalled,Strikeout,Undefined,Undefined,0,0,,91.04886,-1.669583,2.748817,2273.837248,134.458635,10:30,5.66453,-1.3962,6.15956,-18.82139,14.89135,-13.978,2.55153,-0.01976,82.46082,-5.255648,0.229772,0.417896,,,,,,,,,,,,8.00713,8.54075,1.19418,50,5.52802,-5.73877,-132.01963,-4.40499,13.99644,30.61758,-17.2449,TEN_VOL,OAK_GOL,LindseyNelsonStadium,D1,SEC,20260304-LindseyNelsonStadium-1,e46c3250-1812-11f1-bda3-276ded76bcdc,90.19574,,,8.58804,,,,,,,efdb3acd-98ca-462b-a386-93f1bbf9dc13,2026-03-04,21:41:25.28,2026-03-04T15:41:25.2890112-06:00,2026-03-04T21:41:25.2890112Z,,v3,471459,471397,6981f38c47c5403d8cc8c83a27c654da,"Grindlinger, Trent",815821,Right,TEN_VOL,5826fae2-4e1f-4729-a25c-cb26ebe212d4,54.33568,-133.02135,15.30879,5.6629,-3.84078,-8.62245,1.38943,-6.19669,6.99822,,,,,,,,,,,,,,,,,,,,,,,,,,,,,,,,,,,,,,,,,,,,,,,,,,,High,High,High,,,,,,136.752931,-3.428644,2269.767202,0.99821,10:30,0.074678,0.685371,-0.724354,37.981283,-26.993126,54.329349,167.539759,-17.322924,0.205975,-0.297757,-0.932156,17.714943,-11.886609,0.297757,-0.205975,0.932156,-17.714943,11.886609,-0.297757,0.205975,0.932156,-167.539759,17.322924,-0.205975,0.297757,-0.932156,,,
77,2026-03-04,15:43:52.91,1,1,"Hansen, George",10319263,Left,OAK_GOL,"Brown, Blaine",825579,Left,TEN_VOL,Undefined,3,Bottom,0,0,0,Slider,Curveball,BallCalled,Undefined,Undefined,Undefined,0,0,,74.68103,-0.493952,1.651875,2176.97081,314.638704,4:30,6.23984,-1.97588,5.5394,-54.11649,-3.81032,5.28162,1.26827,0.00854,69.7098,-10.286941,2.595945,0.510484,,,,,,,,,,,,-2.27398,-1.43925,1.829,50,6.16048,-3.31916,-108.57212,-2.65377,-2.73595,17.59164,-33.90568,TEN_VOL,OAK_GOL,LindseyNelsonStadium,D1,SEC,20260304-LindseyNelsonStadium-1,3c75e2c0-1813-11f1-bda3-276ded76bcdc,73.83671,,,4.97123,,,,,,,efdb3acd-98ca-462b-a386-93f1bbf9dc13,2026-03-04,21:43:52.91,2026-03-04T15:43:52.9141248-06:00,2026-03-04T21:43:52.9141248Z,,v3,471459,471397,6981f38c47c5403d8cc8c83a27c654da,"Clark, Ben",10098571,Right,OAK_GOL,ce6a828f-7afc-4d2f-8360-0c54f52036d4,54.96189,-109.37312,8.79582,6.24616,-1.10993,-16.95284,1.97729,-3.19459,-1.36798,,,,,,,,,,,,,,,,,,,,,,,,,,,,,,,,,,,,,,,,,,,,,,,,,,,High,High,High,,,,,,337.486243,-81.415486,324.952288,0.149268,5:15,0.984867,-0.048629,0.166352,87.844545,-32.237515,55.04755,168.400855,-32.171443,0.170192,-0.532454,-0.829172,32.706614,-9.798969,0.532454,-0.170192,0.829172,-32.706614,9.798969,-0.532454,0.170192,0.829172,-168.400855,32.171443,-0.170192,0.532454,-0.829172,,,
78,2026-03-04,15:44:12.71,1,2,"Hansen, George",10319263,Left,OAK_GOL,"Brown, Blaine",825579,Left,TEN_VOL,Undefined,3,Bottom,0,1,0,Slider,Slider,StrikeSwinging,Undefined,Undefined,Undefined,0,0,,76.4406,2.241267,1.212975,2244.114806,284.120488,3:30,6.11184,-1.95837,5.56758,-47.76782,0.68949,3.26087,4.22634,-0.55339,69.9956,-6.520268,1.794502,0.501015,,,,,,,,,,,,-1.29965,0.2289,1.85167,50,6.274,-2.47352,-110.91095,2.79576,-1.61821,19.91007,-31.88905,TEN_VOL,OAK_GOL,LindseyNelsonStadium,D1,SEC,20260304-LindseyNelsonStadium-1,48408830-1813-11f1-bda3-276ded76bcdc,75.23212,,,6.44501,,,,,,,efdb3acd-98ca-462b-a386-93f1bbf9dc13,2026-03-04,21:44:12.71,2026-03-04T15:44:12.7104000-06:00,2026-03-04T21:44:12.7104000Z,,v3,471459,471397,6981f38c47c5403d8cc8c83a27c654da,"Clark, Ben",10098571,Right,OAK_GOL,57707c12-3f38-4cd1-972d-b16a7f2f49d6,54.92944,-111.79235,9.95504,6.11899,4.20746,-15.94452,1.95958,-2.40188,-0.8091,,,,,,,,,,,,,,,,,,,,,,,,,,,,,,,,,,,,,,,,,,,,,,,,,,,High,High,High,,,,,,318.350439,-79.323018,415.771289,0.185272,4:30,0.973971,-0.161463,0.159093,93.561388,-39.180484,43.403599,165.663122,-34.283221,0.204602,-0.563284,-0.800531,35.131692,-11.806173,0.563284,-0.204602,0.800531,-35.131692,11.806173,-0.563284,0.204602,0.800531,-165.663122,34.283221,-0.204602,0.563284,-0.800531,,,
79,2026-03-04,15:44:33.43,1,3,"Hansen, George",10319263,Left,OAK_GOL,"Brown, Blaine",825579,Left,TEN_VOL,Undefined,3,Bottom,0,1,1,Fastball,Four-Seam,StrikeCalled,Undefined,Undefined,Undefined,0,0,,84.66779,-1.595975,3.56865,2043.31233,167.11907,11:30,6.20568,-1.85218,6.2776,-21.94497,16.15166,-3.4463,2.90264,1.15422,78.35305,-5.721976,2.947484,0.444237,,,,,,,,,,,,2.66303,9.13315,1.5901,50,6.07674,-7.53701,-122.92978,-4.04359,4.12309,21.67695,-18.03351,TEN_VOL,OAK_GOL,LindseyNelsonStadium,D1,SEC,20260304-LindseyNelsonStadium-1,54a46060-1813-11f1-bda3-276ded76bcdc,84.8476,,,6.31475,,,,,,,efdb3acd-98ca-462b-a386-93f1bbf9dc13,2026-03-04,21:44:33.43,2026-03-04T15:44:33.4352896-06:00,2026-03-04T21:44:33.4352896Z,,v3,471459,471397,6981f38c47c5403d8cc8c83a27c654da,"Clark, Ben",10098571,Right,OAK_GOL,5460b58f-964c-4643-aa0c-14c769d70492,54.22013,-123.67171,10.83847,6.20458,-3.42636,-9.01675,1.85047,-7.67813,2.06155,,,,,,,,,,,,,,,,,,,,,,,,,,,,,,,,,,,,,,,,,,,,,,,,,,,High,High,High,,,,,,155.728832,-32.38882,1725.439261,0.844432,11:15,0.572683,0.361893,-0.735573,23.057371,-29.997671,26.010362,166.904978,-18.250275,0.21517,-0.313168,-0.925001,18.704039,-12.425492,0.313168,-0.21517,0.925001,-18.704039,12.425492,-0.313168,0.21517,0.925001,-166.904978,18.250275,-0.21517,0.313168,-0.925001,,,
80,2026-03-04,15:44:52.68,1,4,"Hansen, George",10319263,Left,OAK_GOL,"Brown, Blaine",825579,Left,TEN_VOL,Undefined,3,Bottom,0,1,2,Slider,Slider,BallCalled,Undefined,Undefined,Undefined,0,0,,76.98422,-2.165624,4.516869,2179.117967,286.549654,3:30,6.01404,-2.20544,5.65301,-47.75629,0.17055,4.43433,0.00737,2.3854,71.30486,-10.805826,5.307105,0.498266,,,,,,,,,,,,-0.98429,1.10406,1.81919,50,5.79943,-8.9633,-111.42604,-5.74061,-1.23467,20.44835,-30.78919,TEN_VOL,OAK_GOL,LindseyNelsonStadium,D1,SEC,20260304-LindseyNelsonStadium-1,601c7900-1813-11f1-bda3-276ded76bcdc,75.6473,,,5.67936,,,,,,,efdb3acd-98ca-462b-a386-93f1bbf9dc13,2026-03-04,21:44:52.68,2026-03-04T15:44:52.6838784-06:00,2026-03-04T21:44:52.6838784Z,,v3,471459,471397,6981f38c47c5403d8cc8c83a27c654da,"Clark, Ben",10098571,Right,OAK_GOL,af68d04e-832b-4690-bf7b-ba240899dda4,54.84629,-112.31189,10.22418,6.01923,-4.40679,-15.39459,2.20633,-8.90981,-0.61733,,,,,,,,,,,,,,,,,,,,,,,,,,,,,,,,,,,,,,,,,,,,,,,,,,,High,High,High,,,,,,259.134199,-88.228286,67.372491,0.030917,2:45,0.997309,0.007429,0.072939,85.552709,-27.451446,53.738161,160.864428,-34.229786,0.271025,-0.562513,-0.781105,35.759587,-15.725265,0.562513,-0.271025,0.781105,-35.759587,15.725265,-0.562513,0.271025,0.781105,-160.864428,34.229786,-0.271025,0.562513,-0.781105,,,
81,2026-03-04,15:45:13.02,1,5,"Hansen, George",10319263,Left,OAK_GOL,"Brown, Blaine",825579,Left,TEN_VOL,Undefined,3,Bottom,0,2,2,Fastball,Four-Seam,InPlay,Undefined,LineDrive,Double,0,0,,86.0122,-2.115723,1.89824,2077.819994,163.685965,11:30,6.24653,-1.86494,6.11915,-19.6308,17.54922,-4.81465,2.65269,-0.5106,79.33974,-5.819072,1.030765,0.43886,112.67153,12.389469,19.727865,1495.340018,101.74115,23.84547,41.81792,337.4587,330.58401,27.897797,3.158741,2.98681,9.96815,1.7221,50,6.07405,-3.95663,-124.97056,-5.17739,4.76073,23.3252,-16.28564,TEN_VOL,OAK_GOL,LindseyNelsonStadium,D1,SEC,20260304-LindseyNelsonStadium-1,6c30f8b0-1813-11f1-bda3-276ded76bcdc,85.88711,31.15954,,6.67246,,,,0.98043,2.65303,0.51665,efdb3acd-98ca-462b-a386-93f1bbf9dc13,2026-03-04,21:45:13.02,2026-03-04T15:45:13.0265600-06:00,2026-03-04T21:45:13.0265600Z,LineDrive,v3,471459,471397,6981f38c47c5403d8cc8c83a27c654da,"Clark, Ben",10098571,Right,OAK_GOL,b8257f2f-1b8c-436c-b9d7-011f3a5c2007,54.37934,-125.78529,11.6626,6.24495,-4.60854,-8.14282,1.8632,-4.12292,2.38036,216.982566,0.98071,151.92214,-33.42083,8.10198,-1.74068,0.37575,-0.07953,0.01215,-0.00086,2.65254,35.46819,-9.49174,-1.57223,0.55553,-0.175,0.05442,-0.0107,0.00089,0.5165,54.48606,-1.1961,-0.45483,0.24394,-0.07979,0.02151,-0.00383,0.0003,,,,,,,,,,,,,,,,,,,,,,,High,High,High,High,High,,,,157.113999,-29.606719,1806.533583,0.869437,11:15,0.507493,0.356132,-0.784615,19.847954,-21.526833,26.267937,163.121319,-13.607007,0.282197,-0.235261,-0.930063,14.195302,-16.39136,0.235261,-0.282197,0.930063,-14.195302,16.39136,-0.235261,0.282197,0.930063,-163.121319,13.607007,-0.282197,0.235261,-0.930063,74.20295,12.49661,16.72291
82,2026-03-04,15:46:04.13,2,1,"Hansen, George",10319263,Left,OAK_GOL,"Chapman, Reese",702256,Left,TEN_VOL,Undefined,3,Bottom,0,0,0,Slider,Curveball,BallCalled,Undefined,Undefined,Undefined,0,0,,75.59595,1.398205,0.955641,2190.034652,323.992513,4:45,6.17048,-1.9644,5.50008,-51.81097,-2.24681,2.74173,3.16108,-0.84202,69.53693,-8.056033,1.444656,0.506705,,,,,,,,,,,,-1.11185,-1.00437,1.87904,50,6.25791,-1.93526,-109.76712,0.98776,-1.35706,19.35537,-33.39996,TEN_VOL,OAK_GOL,LindseyNelsonStadium,D1,SEC,20260304-LindseyNelsonStadium-1,8ab6d840-1813-11f1-bda3-276ded76bcdc,74.38733,,,6.05903,,,,,,,efdb3acd-98ca-462b-a386-93f1bbf9dc13,2026-03-04,21:46:04.13,2026-03-04T15:46:04.1324544-06:00,2026-03-04T21:46:04.1324544Z,,v3,471459,471397,6981f38c47c5403d8cc8c83a27c654da,"Clark, Ben",10098571,Right,OAK_GOL,9d6db4de-338b-4a83-8cc4-da52009c2f3b,54.99804,-110.64492,9.67768,6.17876,2.5025,-16.69998,1.96541,-1.87371,-0.67853,,,,,,,,,,,,,,,,,,,,,,,,,,,,,,,,,,,,,,,,,,,,,,,,,,,High,High,High,,,,,,346.570374,-85.652149,166.029821,0.075812,5:30,0.995027,-0.041933,0.090346,86.450483,-40.003736,60.811848,162.601762,-23.674426,0.273847,-0.401539,-0.873942,24.676768,-15.893328,0.401539,-0.273847,0.873942,-24.676768,15.893328,-0.401539,0.273847,0.873942,-162.601762,23.674426,-0.273847,0.401539,-0.873942,,,
83,2026-03-04,15:46:22.47,2,2,"Hansen, George",10319263,Left,OAK_GOL,"Chapman, Reese",702256,Left,TEN_VOL,Undefined,3,Bottom,0,1,0,Fastball,Cutter,FoulBallNotFieldable,Undefined,Undefined,Undefined,0,0,,85.5492,-1.897546,1.714445,1944.553739,169.713692,11:45,6.24523,-1.80449,6.08557,-24.1656,12.98875,-2.18614,2.47463,-0.40019,79.98289,-6.380892,1.320616,0.438709,78.9882,-41.067436,65.775129,,,,,3.83137,3.83137,50.792127,0.032201,1.51559,7.44071,1.67339,50,6.08567,-3.64424,-124.48194,-4.8682,2.42818,20.05941,-20.25319,TEN_VOL,OAK_GOL,LindseyNelsonStadium,D1,SEC,20260304-LindseyNelsonStadium-1,958f2e70-1813-11f1-bda3-276ded76bcdc,85.91681,2.45761,,5.56631,,,,1.26467,2.45761,0.39669,efdb3acd-98ca-462b-a386-93f1bbf9dc13,2026-03-04,21:46:22.47,2026-03-04T15:46:22.4749056-06:00,2026-03-04T21:46:22.4749056Z,GroundBall,v3,471459,471397,6981f38c47c5403d8cc8c83a27c654da,"Clark, Ben",10098571,Right,OAK_GOL,44f271e2-da3e-44d2-848c-0ba121b75df9,54.41481,-125.19133,10.0297,6.24516,-4.15195,-10.1266,1.80379,-3.73011,1.21409,,1.26414,35.93958,,,,,,,,2.45872,-76.32147,,,,,,,,0.39553,79.87644,,,,,,,,,,,,,,,,,,,,,,,,,,,,,,High,High,High,Estimated,Estimated,,,,155.574142,-29.501339,1692.431048,0.870344,11:15,0.50375,0.376009,-0.777723,23.930691,-28.02597,36.026785,168.106023,-23.008044,0.189706,-0.39086,-0.900689,23.458784,-10.935625,0.39086,-0.189706,0.900689,-23.458784,10.935625,-0.39086,0.189706,0.900689,-168.106023,23.008044,-0.189706,0.39086,-0.900689,71.95111,13.79895,5.70662
84,2026-03-04,15:46:48.78,2,3,"Hansen, George",10319263,Left,OAK_GOL,"Chapman, Reese",702256,Left,TEN_VOL,Undefined,3,Bottom,0,1,1,ChangeUp,Changeup,InPlay,Undefined,GroundBall,Single,0,1,,76.7488,-0.969452,3.308699,1317.187276,119.186631,10:00,6.2803,-1.99741,6.01449,-40.26868,7.14004,-10.02772,2.02497,0.23528,70.44231,-8.416884,1.505844,0.495565,97.78107,-1.535903,30.421479,,,,,31.94726,31.50976,29.179244,0.221054,6.13666,4.39402,1.74333,50,6.18215,-6.08413,-111.33651,-3.06104,7.67933,20.55651,-26.6754,TEN_VOL,OAK_GOL,LindseyNelsonStadium,D1,SEC,20260304-LindseyNelsonStadium-1,a547d6f0-1813-11f1-bda3-276ded76bcdc,76.05954,2.05492,,6.3065,,,,1.81639,2.05492,-0.28053,efdb3acd-98ca-462b-a386-93f1bbf9dc13,2026-03-04,21:46:48.78,2026-03-04T15:46:48.7833600-06:00,2026-03-04T21:46:48.7833600Z,GroundBall,v3,471459,471397,6981f38c47c5403d8cc8c83a27c654da,"Clark, Ben",10098571,Right,OAK_GOL,8da5578a-f664-427c-87b1-8a500c6759d1,54.48362,-112.16128,10.27825,6.2835,-1.99076,-13.3377,1.99362,-6.39225,3.83967,311.282332,1.81865,123.48714,-25.0712,,,,,,,2.0572,-3.98108,-24.13545,,,,,,,-0.28094,72.6167,-3.99516,,,,,,,,,,,,,,,,,,,,,,,,,,,,,High,High,High,High,High,,,,132.012196,0.470634,1317.14284,0.999966,10:30,0.017878,0.742732,-0.66935,-94.110007,27.350438,-32.094413,133.823495,-1.678589,0.721167,-0.029293,-0.692142,2.423416,-46.150893,0.029293,-0.721167,0.692142,-2.423416,46.150893,-0.029293,0.721167,0.692142,-133.823495,1.678589,-0.721167,0.029293,-0.692142,76.10658,16.83321,18.6319
85,2026-03-04,15:47:36.08,3,1,"Hansen, George",10319263,Left,OAK_GOL,"Grimmer, Blake",804084,Left,TEN_VOL,Undefined,3,Bottom,0,0,0,Slider,Curveball,InPlay,Undefined,GroundBall,Single,0,0,,73.62342,0.137165,1.77631,2100.586136,327.202527,5:00,6.18601,-1.72699,5.59219,-56.42448,-3.82252,3.60453,1.61211,0.23244,67.46982,-10.150532,2.421051,0.522002,94.7588,-0.744134,23.88798,,,,,31.90078,30.91433,23.347834,0.227666,-1.28268,-1.4939,1.5722,50,6.16101,-3.44225,-106.82664,-1.49969,-1.46591,20.29399,-33.88136,TEN_VOL,OAK_GOL,LindseyNelsonStadium,D1,SEC,20260304-LindseyNelsonStadium-1,c17c9a90-1813-11f1-bda3-276ded76bcdc,72.20743,1.65786,,6.1536,,,,1.52736,1.65786,-0.22154,efdb3acd-98ca-462b-a386-93f1bbf9dc13,2026-03-04,21:47:36.08,2026-03-04T15:47:36.0883712-06:00,2026-03-04T21:47:36.0883712Z,GroundBall,v3,471459,471397,6981f38c47c5403d8cc8c83a27c654da,"Clark, Ben",10098571,Right,OAK_GOL,5f5e6c14-ba80-4e5b-8f59-ca40689bd564,54.9065,-107.7547,10.147,6.19416,0.04974,-16.94068,1.72808,-3.37521,-0.73295,308.246384,1.52907,126.96447,-22.14135,,,,,,,1.65991,-1.92437,-23.61567,,,,,,,-0.22242,56.32661,0.81572,,,,,,,,,,,,,,,,,,,,,,,,,,,,,High,High,High,High,High,,,,335.102373,-80.666571,340.672145,0.16218,5:15,0.981561,-0.070639,0.177618,62.20485,-32.99179,70.766114,152.764809,-18.186522,0.434783,-0.312111,-0.844719,20.278539,-25.77147,0.312111,-0.434783,0.844719,-20.278539,25.77147,-0.312111,0.434783,0.844719,-152.764809,18.186522,-0.434783,0.312111,-0.844719,77.15545,19.06971,9.41234
86,2026-03-04,15:48:16.60,4,1,"Hansen, George",10319263,Left,OAK_GOL,"Wright, Garrett",835226,Right,TEN_VOL,Undefined,3,Bottom,0,0,0,ChangeUp,Changeup,BallCalled,Undefined,Undefined,Undefined,0,0,,75.01959,-0.011531,1.294972,1214.025762,116.386993,10:00,6.42269,-2.01045,5.8971,-42.36487,8.30957,-12.85028,2.88158,-1.87889,67.53531,-7.908267,-1.014339,0.512349,,,,,,,,,,,,6.96304,4.85217,1.91336,50,6.39812,-1.98304,-108.7213,-1.25182,8.14678,23.05854,-26.49699,TEN_VOL,OAK_GOL,LindseyNelsonStadium,D1,SEC,20260304-LindseyNelsonStadium-1,d9a54bd0-1813-11f1-bda3-276ded76bcdc,73.56791,,,7.48427,,,,,,,efdb3acd-98ca-462b-a386-93f1bbf9dc13,2026-03-04,21:48:16.60,2026-03-04T15:48:16.6060000-06:00,2026-03-04T21:48:16.6060000Z,,v3,471459,471397,6981f38c47c5403d8cc8c83a27c654da,"Clark, Ben",10098571,Right,OAK_GOL,f3339bee-0152-4d77-8fcb-189e6e0d2aa3,54.59596,-109.69172,11.52927,6.42734,-0.13669,-13.24849,2.00404,-2.3259,4.07339,,,,,,,,,,,,,,,,,,,,,,,,,,,,,75.28522,1.675341,0.769946,0.905396,-1.38832,2.4802,1.93156,-1.09494,5.80763,1.17731,68.69523,1.77817,-56.08168,-1.07198,82.29041,-5.80533,5.83257,8.09845,-13.91906,1.12047,-71.88871,9.68136,High,High,High,,,High,High,High,128.665926,2.337918,1213.015228,0.999168,10:15,-0.026832,0.780144,-0.625024,69.067355,-62.01406,-1.033874,145.136214,-2.206909,0.571203,-0.038508,-0.819905,2.689023,-34.834185,0.038508,-0.571203,0.819905,-2.689023,34.834185,-0.038508,0.571203,0.819905,-145.136214,2.206909,-0.571203,0.038508,-0.819905,,,
87,2026-03-04,15:49:01.79,4,2,"Hansen, George",10319263,Left,OAK_GOL,"Wright, Garrett",835226,Right,TEN_VOL,Undefined,3,Bottom,0,1,0,ChangeUp,Changeup,StrikeSwinging,Undefined,Undefined,Undefined,0,0,,76.93733,-1.587323,2.385078,1383.909442,118.524667,10:00,6.32468,-1.83693,5.93177,-38.89195,8.86146,-13.16934,1.60936,-0.7203,69.99467,-8.799768,0.017162,0.497363,,,,,,,,,,,,7.47394,5.56744,1.65368,50,6.17619,-4.15871,-111.52102,-4.23981,9.2906,22.47902,-25.25338,TEN_VOL,OAK_GOL,LindseyNelsonStadium,D1,SEC,20260304-LindseyNelsonStadium-1,f4907870-1813-11f1-bda3-276ded76bcdc,75.78453,,,6.94266,,,,,,,efdb3acd-98ca-462b-a386-93f1bbf9dc13,2026-03-04,21:49:01.79,2026-03-04T15:49:01.7987584-06:00,2026-03-04T21:49:01.7987584Z,,v3,471459,471397,6981f38c47c5403d8cc8c83a27c654da,"Clark, Ben",10098571,Right,OAK_GOL,be6a5804-cc65-43a5-b631-165d03fd495e,54.56348,-112.43711,11.23951,6.328,-3.21066,-12.62669,1.83088,-4.53733,4.6453,,,,,,,,,,,,,,,,,,,,,,,,,,,,,,,,,,,,,,,,,,,,,,,,,,,High,High,High,,,,,,132.544223,6.034069,1376.241982,0.99446,10:30,-0.097284,0.729481,-0.677048,79.428557,-56.353554,-9.155309,136.943874,3.783441,0.681227,0.065986,-0.729093,5.171386,42.939564,0.065986,0.681227,0.729093,-5.171386,-42.939564,-0.065986,-0.681227,0.729093,-136.943874,-3.783441,-0.681227,-0.065986,-0.729093,,,
88,2026-03-04,15:49:23.03,4,3,"Hansen, George",10319263,Left,OAK_GOL,"Wright, Garrett",835226,Right,TEN_VOL,Undefined,3,Bottom,0,1,1,ChangeUp,Changeup,StrikeSwinging,Undefined,Undefined,Undefined,0,0,,76.50433,-2.957033,3.434058,1368.459809,115.992454,9:45,6.24612,-1.88384,6.07785,-39.71321,8.44382,-13.78843,0.19344,0.14818,69.85665,-10.297069,0.948865,0.499461,,,,,,,,,,,,8.26378,5.76292,1.62563,50,5.99594,-6.17012,-110.76048,-6.86004,10.13083,22.20887,-25.10914,TEN_VOL,OAK_GOL,LindseyNelsonStadium,D1,SEC,20260304-LindseyNelsonStadium-1,01377420-1814-11f1-bda3-276ded76bcdc,75.46628,,,6.64769,,,,,,,efdb3acd-98ca-462b-a386-93f1bbf9dc13,2026-03-04,21:49:23.03,2026-03-04T15:49:23.0334976-06:00,2026-03-04T21:49:23.0334976Z,,v3,471459,471397,6981f38c47c5403d8cc8c83a27c654da,"Clark, Ben",10098571,Right,OAK_GOL,123cfaa3-a6fc-4888-9c27-bd10a4bb1767,54.42,-111.64323,11.10444,6.24878,-5.86201,-12.55457,1.87888,-6.5728,5.06541,,,,,,,,,,,,,,,,,,,,,,,,,,,,,,,,,,,,,,,,,,,,,,,,,,,High,High,High,,,,,,127.054875,-0.258717,1368.445858,0.99999,10:15,-0.0005,0.797221,-0.603687,-91.691837,25.84536,-25.049823,137.963408,-2.338887,0.669047,-0.04081,-0.742099,3.147674,-41.993574,0.04081,-0.669047,0.742099,-3.147674,41.993574,-0.04081,0.669047,0.742099,-137.963408,2.338887,-0.669047,0.04081,-0.742099,,,
89,2026-03-04,15:49:50.43,4,4,"Hansen, George",10319263,Left,OAK_GOL,"Wright, Garrett",835226,Right,TEN_VOL,Undefined,3,Bottom,0,1,2,ChangeUp,Changeup,StrikeSwinging,Strikeout,Undefined,Undefined,0,0,,76.53227,-1.598517,2.736296,1290.202706,116.521322,10:00,6.26351,-2.02962,6.06232,-39.94715,7.84091,-12.45725,1.4531,-0.53339,70.02185,-8.99917,0.4914,0.497543,,,,,,,,,,,,7.23536,5.01693,1.82376,50,6.11823,-4.86183,-110.99874,-4.25414,8.9572,21.29889,-25.96318,TEN_VOL,OAK_GOL,LindseyNelsonStadium,D1,SEC,20260304-LindseyNelsonStadium-1,11925010-1814-11f1-bda3-276ded76bcdc,75.75708,,,6.51041,,,,,,,efdb3acd-98ca-462b-a386-93f1bbf9dc13,2026-03-04,21:49:50.43,2026-03-04T15:49:50.4345600-06:00,2026-03-04T21:49:50.4345600Z,,v3,471459,471397,6981f38c47c5403d8cc8c83a27c654da,"Clark, Ben",10098571,Right,OAK_GOL,6670e129-ffd2-488d-be6b-e0bc55facbd0,54.43435,-111.84638,10.64945,6.26698,-3.22086,-12.98159,2.02435,-5.21831,4.4786,,,,,,,,,,,,,,,,,,,,,,,,,,,,,,,,,,,,,,,,,,,,,,,,,,,High,High,High,,,,,,128.71731,-0.542621,1290.144847,0.999955,10:15,0.017575,0.780167,-0.625324,-91.962337,21.112806,-25.172931,137.646346,-3.983008,0.672078,-0.069461,-0.737216,5.382531,-42.227621,0.069461,-0.672078,0.737216,-5.382531,42.227621,-0.069461,0.672078,0.737216,-137.646346,3.983008,-0.672078,0.069461,-0.737216,,,
90,2026-03-04,15:50:29.07,5,1,"Hansen, George",10319263,Left,OAK_GOL,"Newstrom, Chris",815514,Right,TEN_VOL,Undefined,3,Bottom,1,0,0,Slider,Curveball,BallCalled,Undefined,Undefined,Undefined,0,0,,75.67262,0.692518,0.583699,2107.115684,327.280087,5:00,6.13759,-2.08576,5.50262,-51.51082,-2.0113,2.28524,2.49277,-1.3494,69.63355,-8.700454,0.99164,0.506375,,,,,,,,,,,,-0.98228,-0.67602,2.03325,50,6.16365,-1.20679,-109.89302,-0.35625,-1.19994,19.66157,-32.9999,TEN_VOL,OAK_GOL,LindseyNelsonStadium,D1,SEC,20260304-LindseyNelsonStadium-1,28a39de0-1814-11f1-bda3-276ded76bcdc,74.43589,,,6.03907,,,,,,,efdb3acd-98ca-462b-a386-93f1bbf9dc13,2026-03-04,21:50:29.07,2026-03-04T15:50:29.0771456-06:00,2026-03-04T21:50:29.0771456Z,,v3,471459,471397,6981f38c47c5403d8cc8c83a27c654da,"Clark, Ben",10098571,Right,OAK_GOL,8ec91383-ba2f-4aff-baea-22ef754e9087,54.99509,-110.78312,9.83079,6.14596,1.13768,-16.49995,2.08666,-1.15246,-0.59997,,,,,,,,,,,,,,,,,,,,,,,,,,,,,,,,,,,,,,,,,,,,,,,,,,,High,High,High,,,,,,329.674632,-82.609152,271.053464,0.128637,5:00,0.989652,-0.076931,0.121124,84.636407,-29.030348,64.14645,170.317485,-22.059313,0.155876,-0.375566,-0.913593,22.346922,-8.967629,0.375566,-0.155876,0.913593,-22.346922,8.967629,-0.375566,0.155876,0.913593,-170.317485,22.059313,-0.155876,0.375566,-0.913593,,,
91,2026-03-04,15:50:49.16,5,2,"Hansen, George",10319263,Left,OAK_GOL,"Newstrom, Chris",815514,Right,TEN_VOL,Undefined,3,Bottom,1,1,0,ChangeUp,Changeup,StrikeCalled,Undefined,Undefined,Undefined,0,0,,76.42655,-0.312974,2.959302,1311.20367,116.864807,10:00,6.28564,-1.99405,6.08157,-40.40585,7.28433,-11.3039,2.62855,-0.19581,69.99137,-7.812804,0.924113,0.497034,,,,,,,,,,,,6.65701,4.33921,1.7711,50,6.24027,-5.32906,-110.90142,-1.77397,8.26136,20.48994,-26.78909,TEN_VOL,OAK_GOL,LindseyNelsonStadium,D1,SEC,20260304-LindseyNelsonStadium-1,34933070-1814-11f1-bda3-276ded76bcdc,75.83476,,,6.43518,,,,,,,efdb3acd-98ca-462b-a386-93f1bbf9dc13,2026-03-04,21:50:49.16,2026-03-04T15:50:49.1697664-06:00,2026-03-04T21:50:49.1697664Z,,v3,471459,471397,6981f38c47c5403d8cc8c83a27c654da,"Clark, Ben",10098571,Right,OAK_GOL,c7140a35-d991-45f7-9cf7-766bf56d8daf,54.415,-111.71415,10.24497,6.28956,-0.71138,-13.39454,1.98898,-5.65674,4.13068,,,,,,,,,,,,,,,,,,,,,,,,,,,,,,,,,,,,,,,,,,,,,,,,,,,High,High,High,,,,,,129.512193,-1.244408,1310.894425,0.999764,10:15,0.05032,0.771414,-0.63434,-92.506112,28.716095,-30.348809,136.203642,0.067077,0.692097,0.001171,-0.721804,0.092929,43.79632,0.001171,0.692097,0.721804,-0.092929,-43.79632,-0.001171,-0.692097,0.721804,-136.203642,-0.067077,-0.692097,-0.001171,-0.721804,,,
92,2026-03-04,15:51:11.37,5,3,"Hansen, George",10319263,Left,OAK_GOL,"Newstrom, Chris",815514,Right,TEN_VOL,Undefined,3,Bottom,1,1,1,ChangeUp,Changeup,InPlay,Undefined,GroundBall,Out,1,1,,78.01231,-1.139098,2.120603,1490.915169,112.982648,9:45,6.24993,-2.0012,5.96191,-38.52191,7.60823,-14.24536,1.98269,-1.22112,71.2436,-8.278442,-0.442449,0.488837,66.13355,14.898716,11.973978,3313.507254,,,,136.03452,134.03686,18.549789,1.723795,8.00394,4.69181,1.84109,50,6.13803,-3.67827,-113.21623,-3.3976,10.29831,22.34917,-26.13734,TEN_VOL,OAK_GOL,LindseyNelsonStadium,D1,SEC,20260304-LindseyNelsonStadium-1,41ca1010-1814-11f1-bda3-276ded76bcdc,77.10642,11.67756,,6.76872,,,,1.82225,2.0364,1.22824,efdb3acd-98ca-462b-a386-93f1bbf9dc13,2026-03-04,21:51:11.37,2026-03-04T15:51:11.3732096-06:00,2026-03-04T21:51:11.3732096Z,LineDrive,v3,471459,471397,6981f38c47c5403d8cc8c83a27c654da,"Clark, Ben",10098571,Right,OAK_GOL,591b2e66-7cfd-42cc-9782-27167c3aa7f1,54.53606,-114.10815,11.17458,6.25281,-2.35451,-13.06867,1.99609,-4.08926,5.14915,251.522858,1.82225,91.69458,-12.75978,1.82934,-0.20438,-0.16935,0.15356,-0.06179,0.00994,2.03639,24.93909,-17.08247,1.36323,-0.2499,0.13577,-0.08058,0.03084,-0.005,1.22824,19.44707,4.73573,-1.69403,0.47585,-0.07568,-0.0041,0.00645,-0.00133,,,,,,,,,,,,,,,,,,,,,,,High,High,High,High,High,,,,132.358479,1.888789,1490.105131,0.999457,10:30,-0.022685,0.737741,-0.674702,-92.747337,21.953819,-24.341556,134.312983,-2.838925,0.714656,-0.049528,-0.69772,4.060384,-45.615039,0.049528,-0.714656,0.69772,-4.060384,45.615039,-0.049528,0.714656,0.69772,-134.312983,2.838925,-0.714656,0.049528,-0.69772,64.34518,15.55979,-13.64243
93,2026-03-04,15:52:00.34,6,1,"Hansen, George",10319263,Left,OAK_GOL,"Grindlinger, Trent",815821,Right,TEN_VOL,Undefined,3,Bottom,2,0,0,ChangeUp,Changeup,FoulBallNotFieldable,Undefined,Undefined,Undefined,0,0,,76.35858,-0.824121,2.827203,1277.663876,112.047546,9:45,6.28669,-1.94285,6.04857,-41.94077,5.82095,-10.58079,2.02774,-0.20524,70.16062,-8.577093,0.921863,0.497406,,,,,,,,,,,,6.295,3.66807,1.72853,50,6.19986,-5.10688,-110.84367,-2.81322,7.81039,20.31656,-27.62296,TEN_VOL,OAK_GOL,LindseyNelsonStadium,D1,SEC,20260304-LindseyNelsonStadium-1,5ef45740-1814-11f1-bda3-276ded76bcdc,75.77796,,,6.19795,,,,,,,efdb3acd-98ca-462b-a386-93f1bbf9dc13,2026-03-04,21:52:00.34,2026-03-04T15:52:00.3462144-06:00,2026-03-04T21:52:00.3462144Z,,v3,471459,471397,6981f38c47c5403d8cc8c83a27c654da,"Clark, Ben",10098571,Right,OAK_GOL,5a26f7d8-8e10-41cc-9809-6fef5e7cba7f,54.44998,-111.65633,10.15828,6.29029,-1.7083,-13.81148,1.93905,-5.4193,3.90519,,,,,,,,,,,,,,,,,,,,,,,,,,,,,,,,,,,,,,,,,,,,,,,,,,,High,High,High,,,,,,129.221665,-5.344018,1272.110433,0.995653,10:15,0.112985,0.772598,-0.624761,-92.424772,20.893003,-26.127818,140.456749,-0.008391,0.636661,-0.000146,-0.771144,0.010881,-39.543251,0.000146,-0.636661,0.771144,-0.010881,39.543251,-0.000146,0.636661,0.771144,-140.456749,0.008391,-0.636661,0.000146,-0.771144,,,
94,2026-03-04,15:52:25.00,6,2,"Hansen, George",10319263,Left,OAK_GOL,"Grindlinger, Trent",815821,Right,TEN_VOL,Undefined,3,Bottom,2,0,1,Slider,Curveball,FoulBallNotFieldable,Undefined,Undefined,Undefined,0,0,,75.76097,1.2289,0.721162,1992.145093,280.586237,3:15,6.05969,-2.0977,5.59282,-48.73223,0.8674,4.27044,3.14634,-1.06846,69.05796,-7.721516,1.484023,0.506886,73.80864,47.208762,109.840964,5015.699023,,,,,46.07303,,,-1.94496,0.54618,2.03301,50,6.13345,-1.54309,-109.92864,0.81565,-2.3583,21.14734,-31.51179,TEN_VOL,OAK_GOL,LindseyNelsonStadium,D1,SEC,20260304-LindseyNelsonStadium-1,6dad6a10-1814-11f1-bda3-276ded76bcdc,74.36072,41.14486,,6.70301,,,,0.17511,2.6214,1.27266,efdb3acd-98ca-462b-a386-93f1bbf9dc13,2026-03-04,21:52:25.00,2026-03-04T15:52:25.0098688-06:00,2026-03-04T21:52:25.0098688Z,,v3,471459,471397,6981f38c47c5403d8cc8c83a27c654da,"Clark, Ben",10098571,Right,OAK_GOL,ff2642dc-bbf1-4123-b0d5-118c3c1f4bcb,54.90446,-110.86811,10.57367,6.06613,2.21556,-15.7559,2.09923,-1.43832,-1.17915,,0.17511,-24.95952,-10.18489,4.6267,-1.15567,-0.44964,1.27901,-1.18271,0.43242,2.6214,79.43941,-33.07495,4.8343,-0.91202,0.01697,0.21988,-0.21342,0.07829,1.27266,69.17368,-10.03606,1.53738,-0.13378,-0.04906,0.05829,-0.04286,0.01445,,,,,,,,,,,,,,,,,,,,,,,High,High,High,Medium,Undefined,,,,316.11484,-80.901947,315.00698,0.158125,4:30,0.983329,-0.130766,0.126352,91.981122,-30.337908,53.34315,173.173394,-28.687403,0.104275,-0.480031,-0.871032,28.859396,-5.985373,0.480031,-0.104275,0.871032,-28.859396,5.985373,-0.480031,0.104275,0.871032,-173.173394,28.687403,-0.104275,0.480031,-0.871032,73.03106,9.08155,5.80336
95,2026-03-04,15:52:49.28,6,3,"Hansen, George",10319263,Left,OAK_GOL,"Grindlinger, Trent",815821,Right,TEN_VOL,Undefined,3,Bottom,2,0,2,Fastball,Four-Seam,BallCalled,Undefined,Undefined,Undefined,0,0,,89.3079,-0.902743,0.986773,1864.620446,164.00974,11:30,6.11567,-1.9036,5.92678,-21.20021,14.06705,-3.68394,3.51118,-1.29492,80.94755,-4.909766,0.325045,0.427422,,,,,,,,,,,,2.16815,7.83115,1.82671,50,6.03158,-2.07131,-129.58095,-2.7015,3.65389,29.31274,-18.97658,TEN_VOL,OAK_GOL,LindseyNelsonStadium,D1,SEC,20260304-LindseyNelsonStadium-1,7c1f88d0-1814-11f1-bda3-276ded76bcdc,88.18549,,,8.36035,,,,,,,efdb3acd-98ca-462b-a386-93f1bbf9dc13,2026-03-04,21:52:49.28,2026-03-04T15:52:49.2845056-06:00,2026-03-04T21:52:49.2845056Z,,v3,471459,471397,6981f38c47c5403d8cc8c83a27c654da,"Clark, Ben",10098571,Right,OAK_GOL,1fe09c14-0c35-4b74-8003-8eb06db32c3a,54.56693,-130.60995,14.65637,6.11473,-2.03534,-9.48829,1.90167,-2.19958,1.82695,,,,,,,,,,,,,,,,,,,,,,,,,,,,,,,,,,,,,,,,,,,,,,,,,,,High,High,High,,,,,,146.859916,-29.958156,1615.489123,0.86639,11:00,0.504264,0.481454,-0.716882,29.395414,-30.6884,31.946138,166.36769,-20.480358,0.220793,-0.349886,-0.910401,21.022815,-12.755598,0.349886,-0.220793,0.910401,-21.022815,12.755598,-0.349886,0.220793,0.910401,-166.36769,20.480358,-0.220793,0.349886,-0.910401,,,
96,2026-03-04,15:53:11.21,6,4,"Hansen, George",10319263,Left,OAK_GOL,"Grindlinger, Trent",815821,Right,TEN_VOL,Undefined,3,Bottom,2,1,2,ChangeUp,Changeup,InPlay,Undefined,LineDrive,Single,0,1,,77.63771,-0.828782,1.929936,1393.13072,109.435894,9:45,6.22616,-1.92859,5.94277,-40.92282,5.93343,-12.09465,2.04669,-1.14565,70.54225,-8.414953,-0.245881,0.492669,104.94032,15.655129,0.220993,857.985175,109.80217,25.41961,6.59433,291.82818,291.82818,6.503395,2.842973,6.84209,3.78099,1.78172,50,6.13725,-3.35369,-112.62022,-2.85621,8.66044,23.21067,-27.38825,TEN_VOL,OAK_GOL,LindseyNelsonStadium,D1,SEC,20260304-LindseyNelsonStadium-1,89335010-1814-11f1-bda3-276ded76bcdc,76.50664,29.07129,,7.09546,,,,1.25987,2.03276,1.20463,efdb3acd-98ca-462b-a386-93f1bbf9dc13,2026-03-04,21:53:11.21,2026-03-04T15:53:11.2164864-06:00,2026-03-04T21:53:11.2164864Z,LineDrive,v3,471459,471397,6981f38c47c5403d8cc8c83a27c654da,"Clark, Ben",10098571,Right,OAK_GOL,762d2743-8330-4342-b8bc-c04085e7f288,54.55403,-113.55491,11.60534,6.23007,-1.75329,-13.69412,1.9238,-3.70245,4.33022,235.700997,1.25987,148.20135,-26.62675,5.82307,-1.18971,0.21092,-0.03339,0.0039,-0.00021,2.03276,41.53292,-16.81415,0.54812,0.15062,-0.07171,0.01827,-0.00234,0.00012,1.20461,0.57239,9.77049,-4.24461,1.31858,-0.32795,0.06383,-0.00816,0.00049,,,,,,,,,,,,,,,,,,,,,,,High,High,High,High,High,,,,129.141586,4.172188,1389.438798,0.99735,10:15,-0.062685,0.7724,-0.632036,-96.028553,22.77318,-24.438999,138.931819,-5.883177,0.653496,-0.1025,-0.749957,7.782683,-40.805739,0.1025,-0.653496,0.749957,-7.782683,40.805739,-0.1025,0.653496,0.749957,-138.931819,5.883177,-0.653496,0.1025,-0.749957,71.63854,18.10778,-0.41105
97,2026-03-04,15:54:21.22,7,1,"Hansen, George",10319263,Left,OAK_GOL,"Tracey, Taylor",815625,Right,TEN_VOL,Undefined,3,Bottom,2,0,0,ChangeUp,Changeup,StrikeSwinging,Undefined,Undefined,Undefined,0,0,,77.37127,-0.36032,2.25195,1404.601623,107.210085,9:30,6.25824,-2.11928,6.04991,-41.57687,5.4652,-12.20233,2.45969,-1.05043,70.17153,-8.090555,0.053663,0.493645,,,,,,,,,,,,6.94689,3.47571,1.95021,50,6.20845,-3.95858,-112.20281,-1.94204,8.72573,23.0885,-27.80834,TEN_VOL,OAK_GOL,LindseyNelsonStadium,D1,SEC,20260304-LindseyNelsonStadium-1,b2f9bd80-1814-11f1-bda3-276ded76bcdc,76.35537,,,7.19974,,,,,,,efdb3acd-98ca-462b-a386-93f1bbf9dc13,2026-03-04,21:54:21.22,2026-03-04T15:54:21.2283904-06:00,2026-03-04T21:54:21.2283904Z,,v3,471459,471397,6981f38c47c5403d8cc8c83a27c654da,"Clark, Ben",10098571,Right,OAK_GOL,f4894b0d-48b9-49c8-aadd-f7e12a1bc6d8,54.44477,-113.11374,11.54425,6.26343,-0.8449,-13.90417,2.11318,-4.30284,4.36286,,,,,,,,,,,,,,,,,,,,,,,,,,,,,,,,,,,,,,,,,,,,,,,,,,,High,High,High,,,,,,129.997013,-6.506737,1395.553935,0.993559,10:15,0.133541,0.761841,-0.63385,71.558107,-65.172935,-15.994795,142.358811,-3.484201,0.609586,-0.060773,-0.790387,4.396853,-37.559554,0.060773,-0.609586,0.790387,-4.396853,37.559554,-0.060773,0.609586,0.790387,-142.358811,3.484201,-0.609586,0.060773,-0.790387,,,
98,2026-03-04,15:54:42.63,7,2,"Hansen, George",10319263,Left,OAK_GOL,"Tracey, Taylor",815625,Right,TEN_VOL,Undefined,3,Bottom,2,0,1,Fastball,Cutter,BallCalled,Undefined,Undefined,Undefined,0,0,,85.96167,-2.691115,3.615134,1871.336342,165.114688,11:30,6.1922,-1.61306,6.23395,-24.66084,12.71599,-3.07181,1.64783,1.47032,79.10621,-7.298048,3.061621,0.44002,,,,,,,,,,,,2.57524,7.68819,1.34467,50,5.97873,-7.75624,-124.62337,-6.6,4.06123,24.39476,-20.04951,TEN_VOL,OAK_GOL,LindseyNelsonStadium,D1,SEC,20260304-LindseyNelsonStadium-1,bfb1d030-1814-11f1-bda3-276ded76bcdc,85.66071,,,6.85546,,,,,,,efdb3acd-98ca-462b-a386-93f1bbf9dc13,2026-03-04,21:54:42.63,2026-03-04T15:54:42.6386944-06:00,2026-03-04T21:54:42.6386944Z,,v3,471459,471397,6981f38c47c5403d8cc8c83a27c654da,"Clark, Ben",10098571,Right,OAK_GOL,b29380a1-508d-4640-b38a-7cfcf06c6f32,54.26369,-125.4552,12.19738,6.19212,-5.91634,-10.02475,1.61151,-7.89472,2.03062,,,,,,,,,,,,,,,,,,,,,,,,,,,,,,,,,,,,,,,,,,,,,,,,,,,High,High,High,,,,,,150.120132,-29.241785,1632.864569,0.872566,11:00,0.514323,0.457154,-0.725591,32.11118,-27.297665,39.708121,161.365748,-29.383615,0.27842,-0.490655,-0.825676,30.720737,-16.165938,0.490655,-0.27842,0.825676,-30.720737,16.165938,-0.490655,0.27842,0.825676,-161.365748,29.383615,-0.27842,0.490655,-0.825676,,,
99,2026-03-04,15:55:04.82,7,3,"Hansen, George",10319263,Left,OAK_GOL,"Tracey, Taylor",815625,Right,TEN_VOL,Undefined,3,Bottom,2,1,1,ChangeUp,Changeup,BallCalled,Undefined,Undefined,Undefined,0,0,,77.17758,-0.045109,1.668135,1338.691657,110.86454,9:45,6.22399,-1.863,5.94745,-41.02884,6.12347,-11.87052,2.76307,-1.30459,70.35547,-7.65419,-0.466663,0.494223,,,,,,,,,,,,6.53725,3.68044,1.73657,50,6.19783,-2.81791,-112.00763,-1.32343,8.23538,21.81027,-27.53756,TEN_VOL,OAK_GOL,LindseyNelsonStadium,D1,SEC,20260304-LindseyNelsonStadium-1,ccf55a00-1814-11f1-bda3-276ded76bcdc,76.26606,,,6.82211,,,,,,,efdb3acd-98ca-462b-a386-93f1bbf9dc13,2026-03-04,21:55:04.82,2026-03-04T15:55:04.8216064-06:00,2026-03-04T21:55:04.8216064Z,,v3,471459,471397,6981f38c47c5403d8cc8c83a27c654da,"Clark, Ben",10098571,Right,OAK_GOL,1cbdae18-0c2e-4573-948e-9ce59437772f,54.5478,-112.88971,10.90514,6.22884,-0.20972,-13.76878,1.85728,-3.15098,4.11769,,,,,,,,,,,,,,,,,,,,,,,,,,,,,,,,,,,,,,,,,,,,,,,,,,,High,High,High,,,,,,128.702757,0.28984,1338.674528,0.999987,10:15,0.012531,0.780386,-0.625172,60.757784,-64.176234,-6.844713,142.362218,-11.837894,0.59768,-0.205143,-0.775045,14.825401,-36.703903,0.205143,-0.59768,0.775045,-14.825401,36.703903,-0.205143,0.59768,0.775045,-142.362218,11.837894,-0.59768,0.205143,-0.775045,,,
100,2026-03-04,15:55:29.19,7,4,"Hansen, George",10319263,Left,OAK_GOL,"Tracey, Taylor",815625,Right,TEN_VOL,Undefined,3,Bottom,2,2,1,ChangeUp,Changeup,StrikeSwinging,Undefined,Undefined,Undefined,0,0,,75.73695,-0.189188,3.159254,1371.472073,128.414367,10:15,6.29539,-1.8983,6.00816,-38.32904,10.40276,-11.09615,2.92577,0.10682,69.26333,-7.318029,1.16563,0.502432,,,,,,,,,,,,6.56807,5.91355,1.65583,50,6.25981,-5.66151,-109.84446,-1.45675,7.99842,20.05402,-24.97267,TEN_VOL,OAK_GOL,LindseyNelsonStadium,D1,SEC,20260304-LindseyNelsonStadium-1,db7d98d0-1814-11f1-bda3-276ded76bcdc,75.01991,,,6.47362,,,,,,,efdb3acd-98ca-462b-a386-93f1bbf9dc13,2026-03-04,21:55:29.19,2026-03-04T15:55:29.1924992-06:00,2026-03-04T21:55:29.1924992Z,,v3,471459,471397,6981f38c47c5403d8cc8c83a27c654da,"Clark, Ben",10098571,Right,OAK_GOL,343c4591-084b-4153-9ae8-a17d2fe46dd4,54.48713,-110.66063,10.02701,6.29842,-0.44039,-12.48634,1.89286,-5.98704,3.99921,,,,,,,,,,,,,,,,,,,,,,,,,,,,,,,,,,,,,,,,,,,,,,,,,,,High,High,High,,,,,,132.855708,-0.663079,1371.380232,0.999933,10:30,0.04662,0.733054,-0.678571,73.41445,-61.771707,-20.392021,135.602952,-4.116539,0.697822,-0.071785,-0.712665,5.751888,-44.252488,0.071785,-0.697822,0.712665,-5.751888,44.252488,-0.071785,0.697822,0.712665,-135.602952,4.116539,-0.697822,0.071785,-0.712665,,,
101,2026-03-04,15:56:14.40,7,5,"Hansen, George",10319263,Left,OAK_GOL,"Tracey, Taylor",815625,Right,TEN_VOL,Undefined,3,Bottom,2,2,2,Fastball,Four-Seam,BallCalled,Undefined,Undefined,Undefined,0,0,,86.23869,-4.104128,3.422368,1960.007536,160.63232,11:15,6.10557,-1.93123,6.23454,-20.72887,16.48469,-5.38205,0.57893,0.78109,79.38637,-7.994165,2.452082,0.439058,,,,,,,,,,,,3.73339,10.03941,1.67848,50,5.7882,-7.26436,-124.88193,-9.56242,5.91334,24.44927,-16.27263,TEN_VOL,OAK_GOL,LindseyNelsonStadium,D1,SEC,20260304-LindseyNelsonStadium-1,f6612450-1814-11f1-bda3-276ded76bcdc,85.8484,,,6.85232,,,,,,,efdb3acd-98ca-462b-a386-93f1bbf9dc13,2026-03-04,21:56:14.40,2026-03-04T15:56:14.4043008-06:00,2026-03-04T21:56:14.4043008Z,,v3,471459,471397,6981f38c47c5403d8cc8c83a27c654da,"Clark, Ben",10098571,Right,OAK_GOL,7044b481-0e93-4d63-a2b3-f7d76b7a102d,54.26372,-125.71391,12.22463,6.10418,-9.00868,-8.13631,1.9291,-7.46558,2.95667,,,,,,,,,,,,,,,,,,,,,,,,,,,,,,,,,,,,,,,,,,,,,,,,,,,High,High,High,,,,,,150.771057,-25.308007,1771.89153,0.904023,11:00,0.441186,0.470898,-0.763944,22.299947,-32.549888,43.085683,171.983148,-19.686736,0.131312,-0.336877,-0.932347,19.865895,-7.545441,0.336877,-0.131312,0.932347,-19.865895,7.545441,-0.336877,0.131312,0.932347,-171.983148,19.686736,-0.131312,0.336877,-0.932347,,,
102,2026-03-04,15:56:39.37,7,6,"Hansen, George",10319263,Left,OAK_GOL,"Tracey, Taylor",815625,Right,TEN_VOL,Undefined,3,Bottom,2,3,2,ChangeUp,Changeup,StrikeSwinging,Strikeout,Undefined,Undefined,0,0,,78.11364,-1.623366,2.463055,1526.537132,103.437212,9:30,6.2307,-1.90597,5.98672,-40.78416,4.95953,-14.60292,1.32568,-0.8387,71.85986,-9.137879,-0.166535,0.486785,,,,,,,,,,,,8.16449,3.49662,1.71932,50,6.0803,-4.33667,-113.36993,-4.45801,10.60417,21.12087,-27.63257,TEN_VOL,OAK_GOL,LindseyNelsonStadium,D1,SEC,20260304-LindseyNelsonStadium-1,055459f0-1815-11f1-bda3-276ded76bcdc,77.43141,,,6.25378,,,,,,,efdb3acd-98ca-462b-a386-93f1bbf9dc13,2026-03-04,21:56:39.37,2026-03-04T15:56:39.3700000-06:00,2026-03-04T21:56:39.3700000Z,,v3,471459,471397,6981f38c47c5403d8cc8c83a27c654da,"Clark, Ben",10098571,Right,OAK_GOL,01ec1d7e-c660-4ba7-84fb-3ad151bb4e15,54.51062,-114.20717,10.56043,6.2353,-3.36264,-13.81628,1.89956,-4.75702,5.30208,,,,,,,,,,,,,,,,,,,,,,,,,,,,,55.36367,,,1.310498,,,,-2.21243,5.6136,-1.04441,78.20823,0.29117,46.57208,-2.17686,68.17522,-5.39678,5.63914,14.51089,-14.34015,-1.02321,40.38564,-3.2111,High,High,High,,,High,High,Medium,135.45355,4.469145,1521.895606,0.996959,10:30,-0.067078,0.696866,-0.714057,60.001383,-65.845972,-5.565763,133.888569,-11.349844,0.706596,-0.196799,-0.679701,16.147738,-44.958588,0.196799,-0.706596,0.679701,-16.147738,44.958588,-0.196799,0.706596,0.679701,-133.888569,11.349844,-0.706596,0.196799,-0.679701,,,
103,2026-03-04,15:59:42.92,1,1,"Abraham, Nic",815338,Right,TEN_VOL,"Schuck, Aidan",1000228502,Right,OAK_GOL,Undefined,4,Top,0,0,0,Sinker,Changeup,BallCalled,Undefined,Undefined,Undefined,0,0,,90.86606,-1.893491,-4.170172,1679.592525,251.556479,2:30,5.64537,1.06865,5.95377,-27.75935,6.20678,15.29363,1.5708,-1.53106,83.05201,-7.039341,-1.42826,0.419464,,,,,,,,,,,,-8.96615,4.07851,-0.74496,50,5.47912,8.93034,-131.62176,-5.33138,-15.70364,28.357,-25.03082,TEN_VOL,OAK_GOL,LindseyNelsonStadium,D1,SEC,20260304-LindseyNelsonStadium-1,72ae6e50-1815-11f1-bda3-276ded76bcdc,89.85865,,,7.81405,,,,,,,efdb3acd-98ca-462b-a386-93f1bbf9dc13,2026-03-04,21:59:42.92,2026-03-04T15:59:42.9237760-06:00,2026-03-04T21:59:42.9237760Z,,v3,471459,471397,6981f38c47c5403d8cc8c83a27c654da,"Grindlinger, Trent",815821,Right,TEN_VOL,1637aca4-d518-4e87-b8bf-630060e2e5c7,54.54326,-132.59697,14.1785,5.64766,-4.47056,-12.51541,-1.06137,9.47039,-7.85182,,,,,,,,,,,,,,,,,,,,,,,,,,,,,,,,,,,,,,,,,,,,,,,,,,,High,High,High,,,,,,247.230253,6.199568,1669.769894,0.994152,2:15,-0.105419,-0.919743,-0.3781,64.455761,42.732018,67.50539,110.76443,64.858158,0.397264,0.905259,-0.150624,80.553203,23.407262,0.905259,0.397264,0.150624,-80.553203,-23.407262,-0.905259,-0.397264,0.150624,-110.76443,-64.858158,-0.397264,-0.905259,-0.150624,,,
104,2026-03-04,15:59:58.12,1,2,"Abraham, Nic",815338,Right,TEN_VOL,"Schuck, Aidan",1000228502,Right,OAK_GOL,Undefined,4,Top,0,1,0,Slider,Curveball,BallCalled,Undefined,Undefined,Undefined,0,0,,78.23622,1.499353,-0.627736,1881.178424,114.197544,9:45,5.78956,1.1264,5.888,-42.85053,2.51484,-2.64382,3.61128,0.32319,72.10155,-6.401279,-1.102392,0.484768,,,,,,,,,,,,1.18291,1.34284,-1.07433,50,5.88589,1.34469,-113.70534,1.63438,1.55776,19.70323,-30.40569,TEN_VOL,OAK_GOL,LindseyNelsonStadium,D1,SEC,20260304-LindseyNelsonStadium-1,7bc16dd0-1815-11f1-bda3-276ded76bcdc,77.75362,,,6.13467,,,,,,,efdb3acd-98ca-462b-a386-93f1bbf9dc13,2026-03-04,21:59:58.12,2026-03-04T15:59:58.1214720-06:00,2026-03-04T21:59:58.1214720Z,,v3,471459,471397,6981f38c47c5403d8cc8c83a27c654da,"Grindlinger, Trent",815821,Right,TEN_VOL,30dba345-9495-4e12-bcf8-05bde8a65338,54.60967,-114.50134,9.85161,5.79505,2.86274,-15.20284,-1.12738,1.28175,0.77888,,,,,,,,,,,,,,,,,,,,,,,,,,,,,,,,,,,,,,,,,,,,,,,,,,,High,High,High,,,,,,172.487272,80.583583,307.777031,0.163609,11:45,-0.987346,0.047197,-0.151396,66.641121,-16.496978,47.740725,136.760971,-19.442864,0.645978,-0.332867,-0.686959,25.852571,-40.239053,0.332867,-0.645978,0.686959,-25.852571,40.239053,-0.332867,0.645978,0.686959,-136.760971,19.442864,-0.645978,0.332867,-0.686959,,,
105,2026-03-04,16:00:15.01,1,3,"Abraham, Nic",815338,Right,TEN_VOL,"Schuck, Aidan",1000228502,Right,OAK_GOL,Undefined,4,Top,0,2,0,Sinker,Changeup,HitByPitch,Undefined,Undefined,Undefined,0,0,,88.69402,0.17019,-1.301402,1629.365238,249.100602,2:15,5.7218,1.11097,5.76235,-29.02313,6.66237,14.49914,3.46165,1.10778,81.05527,-5.210921,1.295596,0.429949,,,,,,,,,,,,-7.78784,3.67437,-1.01228,50,5.71825,2.31483,-128.84245,-0.62754,-13.07044,27.16272,-26.00732,TEN_VOL,OAK_GOL,LindseyNelsonStadium,D1,SEC,20260304-LindseyNelsonStadium-1,85d2ca80-1815-11f1-bda3-276ded76bcdc,87.66717,,,7.63875,,,,,,,efdb3acd-98ca-462b-a386-93f1bbf9dc13,2026-03-04,22:00:15.01,2026-03-04T16:00:15.0199808-06:00,2026-03-04T22:00:15.0199808Z,,v3,471459,471397,6981f38c47c5403d8cc8c83a27c654da,"Grindlinger, Trent",815821,Right,TEN_VOL,94982995-54a3-4d88-add4-029564eb42e3,54.73623,-129.83711,13.58136,5.7238,0.32481,-13.00366,-1.10581,2.79345,-6.53522,,,,,,,,,,,,,,,,,,,,,,,,,,,,,,,,,,,,,,,,,,,,,,,,,,,High,High,High,,,,,,245.492658,9.515571,1606.94633,0.986241,2:15,-0.177229,-0.896893,-0.405182,75.045189,46.193997,76.887217,122.016078,66.344958,0.340202,0.915978,-0.212715,76.92612,19.889179,0.915978,0.340202,0.212715,-76.92612,-19.889179,-0.915978,-0.340202,0.212715,-122.016078,-66.344958,-0.340202,-0.915978,-0.212715,,,
106,2026-03-04,16:00:52.64,2,1,"Abraham, Nic",815338,Right,TEN_VOL,"Revere, Kyle",1000238496,Right,OAK_GOL,Undefined,4,Top,0,0,0,Slider,Changeup,BallCalled,Undefined,Undefined,Undefined,0,0,,81.29949,2.132842,-0.534469,1775.229251,196.217456,12:30,5.77232,1.46714,5.71893,-31.79136,11.53335,2.89327,5.11074,1.21039,72.89826,-3.833183,-0.017197,0.473739,,,,,,,,,,,,-1.6285,5.62559,-1.42423,50,5.93142,0.97902,-117.739,3.39594,-2.24544,26.049,-24.41719,TEN_VOL,OAK_GOL,LindseyNelsonStadium,D1,SEC,20260304-LindseyNelsonStadium-1,9c4937e0-1815-11f1-bda3-276ded76bcdc,79.5637,,,8.40124,,,,,,,efdb3acd-98ca-462b-a386-93f1bbf9dc13,2026-03-04,22:00:52.64,2026-03-04T16:00:52.6433280-06:00,2026-03-04T22:00:52.6433280Z,,v3,471459,471397,6981f38c47c5403d8cc8c83a27c654da,"Grindlinger, Trent",815821,Right,TEN_VOL,18943c75-c035-4623-8b97-1435cd6c2028,54.77285,-118.79027,13.0245,5.77449,4.38136,-12.2086,-1.46556,1.06964,-1.12272,,,,,,,,,,,,,,,,,,,,,,,,,,,,,,,,,,,,,,,,,,,,,,,,,,,High,High,High,,,,,,220.348456,65.25165,743.170592,0.418634,1:15,-0.920549,-0.237052,-0.310476,-53.261301,23.567886,-2.122002,130.391226,-20.968654,0.711199,-0.357857,-0.60509,30.60055,-45.332564,0.357857,-0.711199,0.60509,-30.60055,45.332564,-0.357857,0.711199,0.60509,-130.391226,20.968654,-0.711199,0.357857,-0.60509,,,
107,2026-03-04,16:01:18.03,2,2,"Abraham, Nic",815338,Right,TEN_VOL,"Revere, Kyle",1000238496,Right,OAK_GOL,Undefined,4,Top,0,1,0,Sinker,Changeup,InPlay,Undefined,Popup,Out,1,0,,88.0681,-0.693416,-2.922914,1831.511296,241.687781,2:00,5.67433,1.21505,5.95667,-27.16592,8.80985,14.22993,2.76661,-0.31198,80.53442,-5.755141,-0.368055,0.431694,86.49351,62.810832,28.218706,,,,,136.27371,66.06122,46.208378,5.900748,-8.17701,5.0491,-0.99099,50,5.60394,5.95087,-127.84223,-2.44247,-13.51956,26.59294,-23.82604,TEN_VOL,OAK_GOL,LindseyNelsonStadium,D1,SEC,20260304-LindseyNelsonStadium-1,ab52dbb0-1815-11f1-bda3-276ded76bcdc,87.31277,144.03949,,7.53369,,,,1.5539,2.59486,0.22795,efdb3acd-98ca-462b-a386-93f1bbf9dc13,2026-03-04,22:01:18.03,2026-03-04T16:01:18.0351488-06:00,2026-03-04T22:01:18.0351488Z,Popup,v3,471459,471397,6981f38c47c5403d8cc8c83a27c654da,"Grindlinger, Trent",815821,Right,TEN_VOL,ffe06622-8d99-4475-892f-44711dbccff4,54.54227,-128.78361,13.29647,5.67548,-1.59904,-11.91302,-1.21012,6.42946,-6.75978,191.274279,1.54209,51.23071,-22.64167,7.80063,-1.94738,0.32997,-0.02959,0.00057,6E-05,2.55942,113.44717,-30.27028,5.82178,-2.34472,0.75728,-0.14566,0.01443,-0.00057,0.23445,27.29187,-4.10879,0.30133,0.31124,-0.1592,0.03564,-0.0039,0.00017,,,,,,,,,,,,,,,,,,,,,,,High,High,High,Low,Low,,,,245.442823,2.384396,1829.925568,0.999134,2:15,-0.051737,-0.909196,-0.413141,55.086336,38.730424,55.519084,102.300041,69.040334,0.3495,0.933832,-0.076203,85.334832,20.456709,0.933832,0.3495,0.076203,-85.334832,-20.456709,-0.933832,-0.3495,0.076203,-102.300041,-69.040334,-0.3495,-0.933832,-0.076203,76.82511,15.08314,-6.62943
108,2026-03-04,16:01:56.62,3,1,"Abraham, Nic",815338,Right,TEN_VOL,"Day, Lucas",1000218526,Left,OAK_GOL,Undefined,4,Top,1,0,0,Sinker,Changeup,FoulBallNotFieldable,Undefined,Undefined,Undefined,0,0,,88.87402,-0.542007,-2.770051,1795.798519,249.473907,2:15,5.6925,1.4574,5.84142,-27.2771,8.31934,19.09017,2.91509,0.47192,80.958,-5.620663,0.651511,0.429413,,,,,,,,,,,,-10.64323,4.74138,-1.24341,50,5.63228,5.44668,-128.98164,-2.14529,-17.84077,28.06729,-24.2263,TEN_VOL,OAK_GOL,LindseyNelsonStadium,D1,SEC,20260304-LindseyNelsonStadium-1,c253aec0-1815-11f1-bda3-276ded76bcdc,87.77676,,,7.91601,,,,,,,efdb3acd-98ca-462b-a386-93f1bbf9dc13,2026-03-04,22:01:56.62,2026-03-04T16:01:56.6252544-06:00,2026-03-04T22:01:56.6252544Z,,v3,471459,471397,6981f38c47c5403d8cc8c83a27c654da,"Grindlinger, Trent",815821,Right,TEN_VOL,19ddd584-f3dc-41eb-82e3-dd215f249638,54.65782,-129.99127,14.03365,5.69378,-1.27384,-12.11315,-1.45087,6.08844,-8.92038,,,,,,,,,,,,,,,,,,,,,,,,,,,,,,,,,,,,,,,,,,,,,,,,,,,High,High,High,,,,,,244.318602,2.953561,1793.413027,0.998672,2:15,-0.063876,-0.900468,-0.430207,61.435974,40.73815,62.894132,106.70082,68.65919,0.348564,0.931432,-0.10458,83.593752,20.399523,0.931432,0.348564,0.10458,-83.593752,-20.399523,-0.931432,-0.348564,0.10458,-106.70082,-68.65919,-0.348564,-0.931432,-0.10458,,,
109,2026-03-04,16:02:33.59,3,2,"Abraham, Nic",815338,Right,TEN_VOL,"Day, Lucas",1000218526,Left,OAK_GOL,Undefined,4,Top,1,0,1,Sinker,Changeup,StrikeCalled,Undefined,Undefined,Undefined,0,0,,90.19926,-1.225107,-3.163418,1716.573283,257.189308,2:30,5.63493,1.21572,5.68111,-29.81624,4.76071,16.23954,2.00636,-0.38273,82.81786,-6.711885,-0.261546,0.423219,,,,,,,,,,,,-9.11256,3.07425,-0.95948,50,5.51286,6.52551,-130.87689,-3.89063,-15.84888,26.91016,-26.8272,TEN_VOL,OAK_GOL,LindseyNelsonStadium,D1,SEC,20260304-LindseyNelsonStadium-1,d85fe8a0-1815-11f1-bda3-276ded76bcdc,89.06137,,,7.3814,,,,,,,efdb3acd-98ca-462b-a386-93f1bbf9dc13,2026-03-04,22:02:33.59,2026-03-04T16:02:33.5915520-06:00,2026-03-04T22:02:33.5915520Z,,v3,471459,471397,6981f38c47c5403d8cc8c83a27c654da,"Grindlinger, Trent",815821,Right,TEN_VOL,44b04278-48a9-474d-b8c6-7bf1a6b60b0a,54.81789,-131.8638,13.45508,5.63751,-2.90676,-13.4136,-1.20946,7.10676,-7.92444,,,,,,,,,,,,,,,,,,,,,,,,,,,,,,,,,,,,,,,,,,,,,,,,,,,High,High,High,,,,,,247.889876,4.949071,1710.173513,0.996272,2:15,-0.087108,-0.924642,-0.370743,71.603568,44.772812,73.105051,105.890931,66.410529,0.384888,0.916436,-0.109572,83.181887,22.636761,0.916436,0.384888,0.109572,-83.181887,-22.636761,-0.916436,-0.384888,0.109572,-105.890931,-66.410529,-0.384888,-0.916436,-0.109572,,,
110,2026-03-04,16:02:51.99,3,3,"Abraham, Nic",815338,Right,TEN_VOL,"Day, Lucas",1000218526,Left,OAK_GOL,Undefined,4,Top,1,0,2,ChangeUp,Changeup,BallCalled,Undefined,Undefined,Undefined,0,0,,79.8725,1.044901,-1.021038,1541.411156,261.018055,2:45,5.61844,1.4689,5.62165,-40.22297,3.87618,16.04776,3.24187,1.85331,73.37267,-6.349331,1.846357,0.477954,,,,,,,,,,,,-8.39638,2.10162,-1.39232,50,5.68171,1.43833,-116.03524,0.78974,-11.47334,21.25376,-29.30226,TEN_VOL,OAK_GOL,LindseyNelsonStadium,D1,SEC,20260304-LindseyNelsonStadium-1,e3651b30-1815-11f1-bda3-276ded76bcdc,78.86199,,,6.49983,,,,,,,efdb3acd-98ca-462b-a386-93f1bbf9dc13,2026-03-04,22:02:51.99,2026-03-04T16:02:51.9986176-06:00,2026-03-04T22:02:51.9986176Z,,v3,471459,471397,6981f38c47c5403d8cc8c83a27c654da,"Grindlinger, Trent",815821,Right,TEN_VOL,d4df3c5d-3e40-470a-9be2-e18a2f5686e5,54.87691,-116.92511,10.62688,5.62296,2.01659,-14.65113,-1.4626,1.9187,-5.73667,,,,,,,,,,,,,,,,,,,,,,,,,,,,,,,,,,,,,,,,,,,,,,,,,,,High,High,High,,,,,,258.165321,-3.569574,1538.420712,0.99806,2:30,0.040782,-0.977818,-0.20545,47.559369,-40.160584,53.361935,165.960292,45.548401,0.16989,0.713842,-0.679387,46.416674,9.781444,0.713842,0.16989,0.679387,-46.416674,-9.781444,-0.713842,-0.16989,0.679387,-165.960292,-45.548401,-0.16989,-0.713842,-0.679387,,,
111,2026-03-04,16:03:13.88,3,4,"Abraham, Nic",815338,Right,TEN_VOL,"Day, Lucas",1000218526,Left,OAK_GOL,Undefined,4,Top,1,1,2,ChangeUp,Changeup,StrikeSwinging,Strikeout,Undefined,Undefined,0,0,,81.787,-0.899665,-3.483129,1825.378087,257.262643,2:30,5.52393,1.42487,5.71414,-36.62978,5.41331,18.14462,1.63174,-0.31183,75.18779,-7.634758,-0.239375,0.466679,,,,,,,,,,,,-10.19201,3.39256,-1.14472,50,5.42582,6.50869,-118.64927,-3.07354,-14.55862,22.26491,-27.32803,TEN_VOL,OAK_GOL,LindseyNelsonStadium,D1,SEC,20260304-LindseyNelsonStadium-1,f0781f20-1815-11f1-bda3-276ded76bcdc,80.7673,,,6.5992,,,,,,,efdb3acd-98ca-462b-a386-93f1bbf9dc13,2026-03-04,22:03:13.88,2026-03-04T16:03:13.8860544-06:00,2026-03-04T22:03:13.8860544Z,,v3,471459,471397,6981f38c47c5403d8cc8c83a27c654da,"Grindlinger, Trent",815821,Right,TEN_VOL,39c32004-9ef5-4d36-ae5c-4f650713999d,54.78507,-119.54383,11.13246,5.52725,-1.97555,-13.66402,-1.41798,7.09363,-7.27931,,,,,,,,,,,,,,,,,,,,,,,,,,,,,,,,,,,,,,,,,,,,,,,,,,,High,High,High,,,,,,255.729946,-4.376649,1820.055168,0.997084,2:30,0.076375,-0.965001,-0.250877,43.321233,-36.302136,67.383284,168.224375,57.432451,0.109855,0.842757,-0.526965,57.982816,6.306942,0.842757,0.109855,0.526965,-57.982816,-6.306942,-0.842757,-0.109855,0.526965,-168.224375,-57.432451,-0.109855,-0.842757,-0.526965,,,
112,2026-03-04,16:03:43.48,4,1,"Abraham, Nic",815338,Right,TEN_VOL,"Konopiots, Tony",823912,Right,OAK_GOL,Undefined,4,Top,2,0,0,Curveball,Slider,StrikeCalled,Undefined,Undefined,Undefined,0,0,,79.23198,0.786161,-1.249422,1872.34574,120.105203,10:00,5.81073,1.19704,5.74027,-41.49711,3.24032,-3.18831,3.08486,-0.23218,72.6883,-6.854021,-1.820225,0.481401,,,,,,,,,,,,1.26941,1.87721,-1.09116,50,5.85086,2.63251,-115.0656,0.24051,1.70144,21.40233,-29.65793,TEN_VOL,OAK_GOL,LindseyNelsonStadium,D1,SEC,20260304-LindseyNelsonStadium-1,021c6b00-1816-11f1-bda3-276ded76bcdc,78.29742,,,6.54367,,,,,,,efdb3acd-98ca-462b-a386-93f1bbf9dc13,2026-03-04,22:03:43.48,2026-03-04T16:03:43.4845184-06:00,2026-03-04T22:03:43.4845184Z,,v3,471459,471397,6981f38c47c5403d8cc8c83a27c654da,"Grindlinger, Trent",815821,Right,TEN_VOL,c8aabe9c-a024-4e0a-a4a0-c5a563d91697,54.75675,-115.94698,10.70116,5.81581,1.46187,-14.82896,-1.19813,2.56244,0.85072,,,,,,,,,,,,,,,,,,,,,,,,,,,,,,,,,,,,,,,,,,,,,,,,,,,High,High,High,,,,,,168.05209,82.625115,240.335961,0.128361,11:30,-0.993772,0.040178,-0.103936,70.22299,-13.195425,48.86964,138.600248,-17.492171,0.630728,-0.300575,-0.715427,22.788945,-39.103884,0.300575,-0.630728,0.715427,-22.788945,39.103884,-0.300575,0.630728,0.715427,-138.600248,17.492171,-0.630728,0.300575,-0.715427,,,
113,2026-03-04,16:04:23.33,4,2,"Abraham, Nic",815338,Right,TEN_VOL,"Konopiots, Tony",823912,Right,OAK_GOL,Undefined,4,Top,2,0,1,Slider,Slider,FoulBallNotFieldable,Undefined,Undefined,Undefined,0,0,,80.87017,0.408173,-2.009405,2015.012291,156.76649,11:15,5.92983,1.10176,5.60379,-38.97652,4.19378,-1.22508,3.06305,-0.87686,74.20986,-6.751307,-2.228033,0.472894,71.78149,28.719951,146.483762,3627.194762,,,,,47.61488,,,0.0615,2.47437,-0.929,50,5.93988,4.16779,-117.37115,-0.47498,0.08588,22.01328,-28.71908,TEN_VOL,OAK_GOL,LindseyNelsonStadium,D1,SEC,20260304-LindseyNelsonStadium-1,19e41080-1816-11f1-bda3-276ded76bcdc,79.70588,24.03627,,6.66031,,,,0.54013,2.97568,0.98787,efdb3acd-98ca-462b-a386-93f1bbf9dc13,2026-03-04,22:04:23.33,2026-03-04T16:04:23.3347584-06:00,2026-03-04T22:04:23.3347584Z,,v3,471459,471397,6981f38c47c5403d8cc8c83a27c654da,"Grindlinger, Trent",815821,Right,TEN_VOL,623ee39b-3192-4b10-8a13-1ad46c261985,54.89195,-118.28509,11.00664,5.93485,0.71737,-14.35954,-1.10197,4.16422,0.04294,294.523654,0.54013,-76.97637,3.64481,0.15279,-0.13143,0.05013,-0.01201,0.00333,-0.00065,2.97568,50.58977,-22.91351,2.26543,-0.45137,0.08486,-0.0178,0.00596,-0.00172,0.98787,50.98093,-12.12305,2.54154,-0.56022,0.10376,-0.02291,0.00526,-0.00097,,,,,,,,,,,,,,,,,,,,,,,High,High,High,High,Undefined,,,,191.571531,79.864984,354.578431,0.175968,12:30,-0.990062,-0.028284,-0.137761,74.662485,-24.429802,50.411572,136.234434,-19.658826,0.651391,-0.336419,-0.680082,26.320379,-40.646583,0.336419,-0.651391,0.680082,-26.320379,40.646583,-0.336419,0.651391,0.680082,-136.234434,19.658826,-0.651391,0.336419,-0.680082,68.97241,8.31705,12.81187
114,2026-03-04,16:04:49.37,4,3,"Abraham, Nic",815338,Right,TEN_VOL,"Konopiots, Tony",823912,Right,OAK_GOL,Undefined,4,Top,2,0,2,Sinker,Sinker,BallCalled,Undefined,Undefined,Undefined,0,0,,90.95184,-0.482212,-4.607685,1907.277044,246.765184,2:15,5.70309,1.12225,5.63269,-26.17718,8.46615,16.8467,3.0703,-1.78205,82.10506,-5.354001,-1.610556,0.423625,,,,,,,,,,,,-9.87323,4.81114,-0.74018,50,5.6455,9.8237,-131.52837,-2.04846,-17.10988,30.69471,-23.83656,TEN_VOL,OAK_GOL,LindseyNelsonStadium,D1,SEC,20260304-LindseyNelsonStadium-1,29537b00-1816-11f1-bda3-276ded76bcdc,88.97599,,,8.84678,,,,,,,efdb3acd-98ca-462b-a386-93f1bbf9dc13,2026-03-04,22:04:49.37,2026-03-04T16:04:49.3749760-06:00,2026-03-04T22:04:49.3749760Z,,v3,471459,471397,6981f38c47c5403d8cc8c83a27c654da,"Grindlinger, Trent",815821,Right,TEN_VOL,ce98f890-0b0f-411f-8d7a-ac72b839ca90,54.86249,-132.65828,15.34736,5.70476,-1.17102,-11.91828,-1.11339,10.45353,-8.55494,,,,,,,,,,,,,,,,,,,,,,,,,,,,,,,,,,,,,,,,,,,,,,,,,,,High,High,High,,,,,,240.070265,3.027075,1904.615805,0.998605,2:00,-0.0854,-0.865842,-0.492974,77.696348,37.795259,75.367236,99.432649,67.52635,0.37709,0.924055,-0.062648,86.121488,22.153544,0.924055,0.37709,0.062648,-86.121488,-22.153544,-0.924055,-0.37709,0.062648,-99.432649,-67.52635,-0.37709,-0.924055,-0.062648,,,
115,2026-03-04,16:05:55.14,4,4,"Abraham, Nic",815338,Right,TEN_VOL,"Konopiots, Tony",823912,Right,OAK_GOL,Undefined,4,Top,2,1,2,Slider,Slider,InPlay,Undefined,GroundBall,FieldersChoice,1,0,,84.10447,-0.617704,-3.275062,1874.991736,205.074478,12:45,5.80286,1.16335,5.96365,-32.56419,7.34461,2.78453,2.51548,-1.64458,76.27698,-6.678675,-2.775581,0.45468,79.26579,-7.321738,-11.339958,,,,,16.30464,15.69982,-4.4722,0.130281,-2.47465,4.34638,-0.90506,50,5.73569,6.86723,-121.89798,-2.34847,-3.67587,26.81933,-25.71786,TEN_VOL,OAK_GOL,LindseyNelsonStadium,D1,SEC,20260304-LindseyNelsonStadium-1,508533d0-1816-11f1-bda3-276ded76bcdc,82.89886,2.49877,,7.82748,,,,1.86211,2.49877,1.6466,efdb3acd-98ca-462b-a386-93f1bbf9dc13,2026-03-04,22:05:55.14,2026-03-04T16:05:55.1486976-06:00,2026-03-04T22:05:55.1486976Z,GroundBall,v3,471459,471397,6981f38c47c5403d8cc8c83a27c654da,"Grindlinger, Trent",815821,Right,TEN_VOL,822222ad-1179-49c8-ad45-2685d0050478,54.53355,-122.89138,13.40967,5.80503,-1.39587,-12.85893,-1.16195,7.00339,-1.83793,5.248738,1.86209,113.05965,-19.8316,,,,,,,2.49946,-14.88625,-33.04322,,,,,,,1.64666,-22.67857,2.15153,,,,,,,,,,,,,,,,,,,,,,,,,,,,,High,High,High,High,High,,,,224.466791,57.917151,995.892431,0.531145,1:30,-0.863499,-0.381177,-0.330263,-64.143318,15.564447,-5.116497,132.41879,-16.658093,0.707252,-0.28666,-0.646236,23.921319,-45.011789,0.28666,-0.707252,0.646236,-23.921319,45.011789,-0.28666,0.707252,0.646236,-132.41879,16.658093,-0.707252,0.28666,-0.646236,64.55756,13.59645,-6.99753
116,2026-03-04,16:08:16.99,1,1,"Hansen, George",10319263,Left,OAK_GOL,"Abernathy, Jay",815337,Left,TEN_VOL,Undefined,4,Bottom,0,0,0,Fastball,Cutter,BallCalled,Undefined,Undefined,Undefined,0,0,,84.12081,-3.146495,2.392919,1857.627604,173.911594,11:45,6.28262,-1.52316,6.30723,-23.28808,15.70938,-1.54158,1.43791,0.55404,77.20136,-7.525924,2.114211,0.449459,,,,,,,,,,,,1.47303,9.44516,1.34843,50,6.04038,-5.04081,-122.00467,-7.35617,2.21866,24.16415,-17.94785,TEN_VOL,OAK_GOL,LindseyNelsonStadium,D1,SEC,20260304-LindseyNelsonStadium-1,a51267b0-1816-11f1-bda3-276ded76bcdc,83.86186,,,6.91945,,,,,,,efdb3acd-98ca-462b-a386-93f1bbf9dc13,2026-03-04,22:08:16.99,2026-03-04T16:08:16.9938432-06:00,2026-03-04T22:08:16.9938432Z,,v3,471459,471397,6981f38c47c5403d8cc8c83a27c654da,"Clark, Ben",10098571,Right,OAK_GOL,48335941-8b54-40d9-bc4c-c24ef6a09a4a,54.1895,-122.83163,12.08207,6.28162,-6.74194,-8.97392,1.52223,-5.11674,1.10933,,,,,,,,,,,,,,,,,,,,,,,,,,,,,,,,,,,,,,,,,,,,,,,,,,,High,High,High,,,,,,153.535726,-30.97027,1592.793871,0.857434,11:00,0.524463,0.409776,-0.746339,34.94441,-27.906367,22.190689,166.333256,-23.622391,0.216476,-0.400707,-0.890265,24.232444,-12.502129,0.400707,-0.216476,0.890265,-24.232444,12.502129,-0.400707,0.216476,0.890265,-166.333256,23.622391,-0.216476,0.400707,-0.890265,,,
117,2026-03-04,16:08:33.76,1,2,"Hansen, George",10319263,Left,OAK_GOL,"Abernathy, Jay",815337,Left,TEN_VOL,Undefined,4,Bottom,0,1,0,Slider,Curveball,BallCalled,Undefined,Undefined,Undefined,0,0,,75.11949,0.464395,0.676236,2204.271437,278.043156,3:15,6.19104,-2.01598,5.62685,-49.44326,0.96126,5.25607,2.50413,-0.94696,68.5883,-8.607469,1.616429,0.510983,,,,,,,,,,,,-2.44528,0.89154,1.95503,50,6.19924,-1.48311,-109.00685,-0.67057,-2.9139,20.88241,-31.11167,TEN_VOL,OAK_GOL,LindseyNelsonStadium,D1,SEC,20260304-LindseyNelsonStadium-1,af2746d0-1816-11f1-bda3-276ded76bcdc,73.76462,,,6.53119,,,,,,,efdb3acd-98ca-462b-a386-93f1bbf9dc13,2026-03-04,22:08:33.76,2026-03-04T16:08:33.7651200-06:00,2026-03-04T22:08:33.7651200Z,,v3,471459,471397,6981f38c47c5403d8cc8c83a27c654da,"Clark, Ben",10098571,Right,OAK_GOL,699d53c1-3f52-40f6-a9f0-e0182d9df680,54.86945,-109.93573,10.44121,6.19829,0.71333,-15.55583,2.01811,-1.3535,-1.45695,,,,,,,,,,,,,,,,,,,,,,,,,,,,,,,,,,,,,,,,,,,,,,,,,,,High,High,High,,,,,,307.744537,-81.370546,330.736855,0.150044,4:15,0.986532,-0.126656,0.103499,87.962828,-37.277453,50.058746,161.831117,-29.29952,0.271929,-0.489375,-0.828593,30.566511,-15.779086,0.489375,-0.271929,0.828593,-30.566511,15.779086,-0.489375,0.271929,0.828593,-161.831117,29.29952,-0.271929,0.489375,-0.828593,,,
118,2026-03-04,16:08:52.13,1,3,"Hansen, George",10319263,Left,OAK_GOL,"Abernathy, Jay",815337,Left,TEN_VOL,Undefined,4,Bottom,0,2,0,Fastball,Four-Seam,InPlay,Undefined,FlyBall,Out,1,0,,84.49226,-1.785296,2.024842,1984.52967,173.030452,11:45,6.23493,-1.76806,6.27187,-22.08974,16.90725,-1.8998,2.74682,-0.05904,76.62047,-5.990572,1.681633,0.449456,93.61044,22.15226,-18.590275,3586.042111,101.37405,38.68563,-42.70013,315.73138,219.54657,-31.375541,3.700409,1.61685,9.74044,1.61927,50,6.09212,-4.26093,-122.57151,-4.41838,2.43189,26.78792,-17.52349,TEN_VOL,OAK_GOL,LindseyNelsonStadium,D1,SEC,20260304-LindseyNelsonStadium-1,ba008760-1816-11f1-bda3-276ded76bcdc,83.86239,46.71069,,7.87179,,,,1.12663,2.7115,0.05221,efdb3acd-98ca-462b-a386-93f1bbf9dc13,2026-03-04,22:08:52.13,2026-03-04T16:08:52.1381888-06:00,2026-03-04T22:08:52.1381888Z,LineDrive,v3,471459,471397,6981f38c47c5403d8cc8c83a27c654da,"Clark, Ben",10098571,Right,OAK_GOL,ef70ef67-f491-4a8b-bd7f-db619a1b7e3f,54.22365,-123.49113,13.39396,6.23348,-3.8168,-8.76175,1.76698,-4.34442,1.21594,130.376912,1.12648,120.52872,-24.09525,5.36578,-1.09176,0.20901,-0.03579,0.00407,-0.00019,2.71169,51.7655,-16.27707,0.70396,-0.06758,0.01011,-0.00353,0.00146,-0.00018,0.05197,-40.53211,-3.84449,1.68773,-0.50874,0.13787,-0.03072,0.00421,-0.00025,,,,,,,,,,,,,,,,,,,,,,,High,High,High,High,Medium,,,,155.165892,-31.50014,1692.087174,0.852639,11:15,0.538112,0.374206,-0.755252,27.924213,-34.171563,17.975023,174.31669,-16.859074,0.094774,-0.290019,-0.952317,16.937598,-5.438294,0.290019,-0.094774,0.952317,-16.937598,5.438294,-0.290019,0.094774,0.952317,-174.31669,16.859074,-0.094774,0.290019,-0.952317,,,
119,2026-03-04,16:09:23.85,2,1,"Hansen, George",10319263,Left,OAK_GOL,"Ford, Henry",814822,Right,TEN_VOL,Undefined,4,Bottom,1,0,0,Slider,Curveball,BallCalled,Undefined,Undefined,Undefined,0,0,,75.66956,-1.055087,1.581339,2154.515567,284.514688,3:30,6.10822,-2.06401,5.73904,-48.55991,0.69874,3.42729,1.07866,-0.3056,69.6894,-9.928174,2.196143,0.505141,,,,,,,,,,,,-1.28724,1.13917,1.9303,50,5.99071,-3.15669,-109.8492,-3.52932,-1.56519,20.34399,-30.78888,TEN_VOL,OAK_GOL,LindseyNelsonStadium,D1,SEC,20260304-LindseyNelsonStadium-1,ccfaed60-1816-11f1-bda3-276ded76bcdc,74.61765,,,5.98016,,,,,,,efdb3acd-98ca-462b-a386-93f1bbf9dc13,2026-03-04,22:09:23.85,2026-03-04T16:09:23.8512640-06:00,2026-03-04T22:09:23.8512640Z,,v3,471459,471397,6981f38c47c5403d8cc8c83a27c654da,"Clark, Ben",10098571,Right,OAK_GOL,560cc545-ae28-4fa0-ab57-a684114a9d25,54.75892,-110.72704,10.172,6.11433,-2.20078,-15.39444,2.06505,-3.08915,-0.7826,,,,,,,,,,,,,,,,,,,,,,,,,,,,,,,,,,,,,,,,,,,,,,,,,,,High,High,High,,,,,,326.851591,-78.603406,425.730247,0.197599,5:00,0.977167,-0.08998,0.19248,-81.127217,40.52036,62.894606,169.721175,-31.284621,0.152493,-0.51929,-0.840883,31.69753,-8.771445,0.51929,-0.152493,0.840883,-31.69753,8.771445,-0.51929,0.152493,0.840883,-169.721175,31.284621,-0.152493,0.51929,-0.840883,,,
120,2026-03-04,16:09:39.89,2,2,"Hansen, George",10319263,Left,OAK_GOL,"Ford, Henry",814822,Right,TEN_VOL,Undefined,4,Bottom,1,1,0,Fastball,Cutter,StrikeSwinging,Undefined,Undefined,Undefined,0,0,,82.93202,-0.327556,1.106815,1853.249591,176.037126,11:45,6.25047,-1.8422,6.30973,-27.54718,12.35367,-0.76992,3.65308,-0.88668,76.0118,-5.509974,0.967517,0.454635,,,,,,,,,,,,0.7048,6.90142,1.76149,50,6.21326,-2.30025,-120.54828,-1.47344,1.03784,23.27851,-22.0114,TEN_VOL,OAK_GOL,LindseyNelsonStadium,D1,SEC,20260304-LindseyNelsonStadium-1,d6812110-1816-11f1-bda3-276ded76bcdc,82.90709,,,6.92022,,,,,,,efdb3acd-98ca-462b-a386-93f1bbf9dc13,2026-03-04,22:09:39.89,2026-03-04T16:09:39.8975488-06:00,2026-03-04T22:09:39.8975488Z,,v3,471459,471397,6981f38c47c5403d8cc8c83a27c654da,"Clark, Ben",10098571,Right,OAK_GOL,26d4edbc-2b08-4942-963b-966e92e00ac0,54.1866,-121.35404,11.63925,6.25108,-0.71153,-11.0057,1.84173,-2.33618,0.51892,,,,,,,,,,,,,,,,,,,,,,,,,,,,,,,,,,,,,,,,,,,,,,,,,,,High,High,High,,,,,,150.151043,-35.368732,1511.220903,0.815444,11:00,0.590061,0.409161,-0.695999,46.84468,-30.796308,8.839117,167.078171,-27.585625,0.1982,-0.463074,-0.863875,28.193207,-11.431728,0.463074,-0.1982,0.863875,-28.193207,11.431728,-0.463074,0.1982,0.863875,-167.078171,27.585625,-0.1982,0.463074,-0.863875,,,
121,2026-03-04,16:10:00.20,2,3,"Hansen, George",10319263,Left,OAK_GOL,"Ford, Henry",814822,Right,TEN_VOL,Undefined,4,Bottom,1,1,1,ChangeUp,Changeup,StrikeSwinging,Undefined,Undefined,Undefined,0,0,,76.70148,-2.122514,2.025133,1498.035312,113.176483,9:45,6.25417,-1.81558,5.98259,-40.43108,6.56674,-12.13453,0.91547,-0.94896,71.32793,-9.540021,-0.161001,0.493413,,,,,,,,,,,,6.77146,4.35138,1.66235,50,6.06398,-3.51365,-111.43223,-5.33047,8.58224,18.5247,-26.65902,TEN_VOL,OAK_GOL,LindseyNelsonStadium,D1,SEC,20260304-LindseyNelsonStadium-1,e2a38370-1816-11f1-bda3-276ded76bcdc,76.3913,,,5.37355,,,,,,,efdb3acd-98ca-462b-a386-93f1bbf9dc13,2026-03-04,22:10:00.20,2026-03-04T16:10:00.2037248-06:00,2026-03-04T22:10:00.2037248Z,,v3,471459,471397,6981f38c47c5403d8cc8c83a27c654da,"Clark, Ben",10098571,Right,OAK_GOL,67c3fdbc-246e-402c-bf17-3e32d9b69305,54.51642,-112.18054,9.26235,6.25755,-4.25358,-13.32951,1.81129,-3.86032,4.29112,,,,,,,,,,,,,,,,,,,,,,,,,,,,,,,,,,,,,,,,,,,,,,,,,,,High,High,High,,,,,,133.65063,8.839353,1480.243255,0.988123,10:30,-0.155824,0.708787,-0.687997,65.105194,-65.260859,-11.01765,129.491595,-14.878647,0.745844,-0.256773,-0.614642,22.673195,-48.231609,0.256773,-0.745844,0.614642,-22.673195,48.231609,-0.256773,0.745844,0.614642,-129.491595,14.878647,-0.745844,0.256773,-0.614642,,,
122,2026-03-04,16:10:18.99,2,4,"Hansen, George",10319263,Left,OAK_GOL,"Ford, Henry",814822,Right,TEN_VOL,Undefined,4,Bottom,1,1,2,Fastball,Cutter,FoulBallNotFieldable,Undefined,Undefined,Undefined,0,0,,86.70146,-1.666752,3.09513,1854.969776,157.289243,11:15,6.14133,-1.88451,6.21281,-26.2247,10.22816,-3.84264,2.41508,0.65442,80.20203,-6.549341,2.402329,0.434547,90.24389,-38.170654,-67.956206,,,,,4.70382,4.70382,-48.958927,0.030148,2.79103,6.04866,1.65435,50,6.00293,-6.6647,-125.94027,-4.47675,4.52333,23.40232,-22.37117,TEN_VOL,OAK_GOL,LindseyNelsonStadium,D1,SEC,20260304-LindseyNelsonStadium-1,edc71370-1816-11f1-bda3-276ded76bcdc,86.73952,2.47138,,6.49943,,,,1.90858,2.47138,-0.63375,efdb3acd-98ca-462b-a386-93f1bbf9dc13,2026-03-04,22:10:18.99,2026-03-04T16:10:18.9944320-06:00,2026-03-04T22:10:18.9944320Z,GroundBall,v3,471459,471397,6981f38c47c5403d8cc8c83a27c654da,"Clark, Ben",10098571,Right,OAK_GOL,1039e04c-7dd8-4b62-a9ff-b4c47aa42b1a,54.2866,-126.73431,11.70116,6.14195,-3.7177,-11.18559,1.88308,-6.81818,2.26166,,1.90818,39.13797,,,,,,,,2.47224,-81.97404,,,,,,,,-0.63274,-96.6571,,,,,,,,,,,,,,,,,,,,,,,,,,,,,,High,High,High,Estimated,Estimated,,,,150.286602,-36.257989,1495.777413,0.806362,11:00,0.616515,0.416716,-0.668025,35.998344,-35.83955,20.943496,167.449976,-25.548426,0.196045,-0.431274,-0.880664,26.091655,-11.305797,0.431274,-0.196045,0.880664,-26.091655,11.305797,-0.431274,0.196045,0.880664,-167.449976,25.548426,-0.196045,0.431274,-0.880664,75.0063,8.45256,-1.30573
123,2026-03-04,16:10:43.85,2,5,"Hansen, George",10319263,Left,OAK_GOL,"Ford, Henry",814822,Right,TEN_VOL,Undefined,4,Bottom,1,1,2,Fastball,Changeup,BallCalled,Undefined,Undefined,Undefined,0,0,,86.09944,-3.226868,1.966787,1765.16011,153.613516,11:00,6.06375,-1.89204,6.05596,-26.5899,11.2691,-4.94378,0.85622,-0.48286,78.50005,-8.183478,1.076056,0.442849,,,,,,,,,,,,3.13252,7.17973,1.74179,50,5.79863,-4.08456,-124.7534,-7.86383,4.89529,27.06517,-20.95413,TEN_VOL,OAK_GOL,LindseyNelsonStadium,D1,SEC,20260304-LindseyNelsonStadium-1,fca6e820-1816-11f1-bda3-276ded76bcdc,85.11348,,,7.59938,,,,,,,efdb3acd-98ca-462b-a386-93f1bbf9dc13,2026-03-04,22:10:43.85,2026-03-04T16:10:43.8539264-06:00,2026-03-04T22:10:43.8539264Z,,v3,471459,471397,6981f38c47c5403d8cc8c83a27c654da,"Clark, Ben",10098571,Right,OAK_GOL,e5697fba-917e-40cb-90b9-20e0a4964e05,54.43938,-125.71283,13.53258,6.06423,-7.12102,-10.47707,1.88966,-4.2581,2.44764,,,,,,,,,,,,,,,,,,,,,,,,,,,,,,,,,,,,,,,,,,,,,,,,,,,High,High,High,,,,,,148.555617,-31.857169,1499.267822,0.849366,11:00,0.526599,0.472097,-0.706978,24.920619,-32.547372,38.29981,166.648298,-21.785621,0.214435,-0.371135,-0.90348,22.33205,-12.382365,0.371135,-0.214435,0.90348,-22.33205,12.382365,-0.371135,0.214435,0.90348,-166.648298,21.785621,-0.214435,0.371135,-0.90348,,,
124,2026-03-04,16:11:05.53,2,6,"Hansen, George",10319263,Left,OAK_GOL,"Ford, Henry",814822,Right,TEN_VOL,Undefined,4,Bottom,1,2,2,ChangeUp,Changeup,BallCalled,Undefined,Undefined,Undefined,0,0,,76.62529,-1.743258,1.185638,1427.700764,113.236566,9:45,6.25675,-1.88199,5.88282,-40.20455,8.08827,-14.7752,1.2867,-2.01209,69.67195,-9.183108,-1.471676,0.500164,,,,,,,,,,,,7.91004,5.24036,1.79465,50,6.09324,-1.75204,-111.10196,-4.57818,9.73375,22.7829,-25.72552,TEN_VOL,OAK_GOL,LindseyNelsonStadium,D1,SEC,20260304-LindseyNelsonStadium-1,098f0b80-1817-11f1-bda3-276ded76bcdc,75.36009,,,6.95335,,,,,,,efdb3acd-98ca-462b-a386-93f1bbf9dc13,2026-03-04,22:11:05.53,2026-03-04T16:11:05.5323648-06:00,2026-03-04T22:11:05.5323648Z,,v3,471459,471397,6981f38c47c5403d8cc8c83a27c654da,"Clark, Ben",10098571,Right,OAK_GOL,1d16b37c-22b0-43ec-9be6-427002b1d75c,54.61235,-112.04379,11.39145,6.26052,-3.5147,-12.86276,1.8754,-2.15443,4.86688,,,,,,,,,,,,,,,,,,,,,,,,,,,,,,,,,,,,,,,,,,,,,,,,,,,High,High,High,,,,,,135.508855,7.364101,1415.924609,0.991752,10:30,-0.134587,0.690798,-0.710412,54.601572,-60.047085,0.366968,135.958328,-11.726827,0.680671,-0.203246,-0.703831,16.107174,-42.896129,0.203246,-0.680671,0.703831,-16.107174,42.896129,-0.203246,0.680671,0.703831,-135.958328,11.726827,-0.680671,0.203246,-0.703831,,,
125,2026-03-04,16:11:28.83,2,7,"Hansen, George",10319263,Left,OAK_GOL,"Ford, Henry",814822,Right,TEN_VOL,Undefined,4,Bottom,1,3,2,Fastball,Cutter,BallCalled,Walk,Undefined,Undefined,0,0,,85.60997,-0.995517,0.67952,1911.206503,156.806675,11:15,6.19694,-1.91596,5.96844,-24.74092,12.98804,-5.08725,3.21207,-1.70987,78.87701,-5.615981,-0.235319,0.442088,,,,,,,,,,,,2.78469,7.27945,1.86494,50,6.10425,-1.27249,-124.45053,-2.93074,4.39725,23.37118,-20.67924,TEN_VOL,OAK_GOL,LindseyNelsonStadium,D1,SEC,20260304-LindseyNelsonStadium-1,176c3d40-1817-11f1-bda3-276ded76bcdc,85.26002,,,6.73295,,,,,,,efdb3acd-98ca-462b-a386-93f1bbf9dc13,2026-03-04,22:11:28.83,2026-03-04T16:11:28.8356352-06:00,2026-03-04T22:11:28.8356352Z,,v3,471459,471397,6981f38c47c5403d8cc8c83a27c654da,"Clark, Ben",10098571,Right,OAK_GOL,9ac131b1-1fe9-46d7-848c-869c7e2beafb,54.52877,-125.29812,11.68559,6.19694,-2.18077,-10.33962,1.91398,-1.43196,2.19862,,,,,,,,,,,,,,,,,,,,,,,,,,,,,,,,,,,,,,,,,,,,,,,,,,,High,High,High,,,,,,154.589879,-25.440391,1725.881946,0.903033,11:15,0.432419,0.394891,-0.810602,28.922185,-17.993707,41.869803,159.807626,-27.068308,0.307365,-0.455052,-0.835736,28.567991,-17.900481,0.455052,-0.307365,0.835736,-28.567991,17.900481,-0.455052,0.307365,0.835736,-159.807626,27.068308,-0.307365,0.455052,-0.835736,,,
126,2026-03-04,16:12:12.99,3,1,"Hansen, George",10319263,Left,OAK_GOL,"Brown, Blaine",825579,Left,TEN_VOL,Undefined,4,Bottom,1,0,0,Fastball,Cutter,FoulBallNotFieldable,Undefined,Undefined,Undefined,0,0,,83.35933,-1.399528,2.395861,1764.247672,179.419442,12:00,6.21015,-1.82746,6.25059,-28.22191,11.27426,-0.10224,2.5663,0.37477,76.85376,-6.668292,2.377397,0.452323,96.10985,31.913863,-29.021721,4652.764823,91.11774,60.98643,-61.62423,347.35938,173.63406,-44.692152,4.821276,0.68697,6.5939,1.64949,50,6.09214,-5.06337,-121.10751,-3.78848,1.02513,22.60179,-22.33445,TEN_VOL,OAK_GOL,LindseyNelsonStadium,D1,SEC,20260304-LindseyNelsonStadium-1,31be3720-1817-11f1-bda3-276ded76bcdc,83.33077,80.73446,,6.50556,,,,0.17964,2.38621,-0.35889,efdb3acd-98ca-462b-a386-93f1bbf9dc13,2026-03-04,22:12:12.99,2026-03-04T16:12:12.9986048-06:00,2026-03-04T22:12:12.9986048Z,FlyBall,v3,471459,471397,6981f38c47c5403d8cc8c83a27c654da,"Clark, Ben",10098571,Right,OAK_GOL,8604f02c-0dbc-4207-b3e1-48f01bf57171,54.24728,-121.89758,11.3009,6.21093,-3.00775,-11.16722,1.82711,-5.0992,0.51257,135.940548,0.17948,104.63626,-24.2113,5.92176,-1.48423,0.38241,-0.08264,0.01086,-0.00059,2.38756,74.48619,-20.25995,1.33925,0.06019,-0.12694,0.0405,-0.00544,0.00027,-0.3588,-58.05372,0.96676,0.64471,-0.26186,0.06077,-0.00781,0.00027,2E-05,,,,,,,,,,,,,,,,,,,,,,,High,High,High,High,Low,,,,152.688142,-35.190807,1441.809141,0.817237,11:00,0.59683,0.38894,-0.701798,30.959721,-31.211268,20.697391,165.639137,-21.288625,0.231104,-0.363066,-0.902648,21.911143,-13.362054,0.363066,-0.231104,0.902648,-21.911143,13.362054,-0.363066,0.231104,0.902648,-165.639137,21.288625,-0.231104,0.363066,-0.902648,80.6552,6.78088,-0.22673
127,2026-03-04,16:13:05.16,3,2,"Hansen, George",10319263,Left,OAK_GOL,"Brown, Blaine",825579,Left,TEN_VOL,Undefined,4,Bottom,1,0,1,ChangeUp,Changeup,StrikeSwinging,Undefined,Undefined,Undefined,0,0,,76.17743,0.081026,2.501358,1411.957489,119.633456,10:00,6.3156,-1.82891,5.98272,-39.68975,8.84032,-12.54642,3.08329,-0.55452,69.15896,-7.312972,0.246054,0.501391,,,,,,,,,,,,7.16304,5.05118,1.63792,50,6.30048,-4.36312,-110.46152,-0.99538,8.74936,21.77101,-26.00422,TEN_VOL,OAK_GOL,LindseyNelsonStadium,D1,SEC,20260304-LindseyNelsonStadium-1,50e20460-1817-11f1-bda3-276ded76bcdc,75.17568,,,7.01847,,,,,,,efdb3acd-98ca-462b-a386-93f1bbf9dc13,2026-03-04,22:13:05.16,2026-03-04T16:13:05.1631616-06:00,2026-03-04T22:13:05.1631616Z,,v3,471459,471397,6981f38c47c5403d8cc8c83a27c654da,"Clark, Ben",10098571,Right,OAK_GOL,7b3cb64e-f063-4955-8455-8c202d5b699a,54.51181,-111.34721,10.88551,6.31946,0.06253,-13.00211,1.82266,-4.71906,4.37468,,,,,,,,,,,,,,,,,,,,,,,,,,,,,,,,,,,,,,,,,,,,,,,,,,,High,High,High,,,,,,136.513116,3.255148,1409.679398,0.998387,10:30,-0.024144,0.687158,-0.726107,55.194972,-68.237153,0.150965,135.960813,-10.849582,0.682724,-0.188231,-0.706015,14.928441,-43.05689,0.188231,-0.682724,0.706015,-14.928441,43.05689,-0.188231,0.682724,0.706015,-135.960813,10.849582,-0.682724,0.188231,-0.706015,,,
128,2026-03-04,16:13:31.33,3,3,"Hansen, George",10319263,Left,OAK_GOL,"Brown, Blaine",825579,Left,TEN_VOL,Undefined,4,Bottom,1,0,2,ChangeUp,Changeup,InPlay,Undefined,FlyBall,HomeRun,0,2,,76.24387,0.257072,3.275085,1415.812792,127.111522,10:15,6.30956,-1.76238,6.01413,-37.28498,10.50552,-11.92938,3.44101,0.28061,70.04588,-6.672208,1.132665,0.497556,99.86521,22.616969,27.76952,2700.765977,95.04507,43.80818,55.37466,362.60572,349.02959,37.203909,4.523766,7.07343,5.7626,1.51207,50,6.30924,-5.91944,-110.67306,-0.56228,8.79197,19.35404,-25.01141,TEN_VOL,OAK_GOL,LindseyNelsonStadium,D1,SEC,20260304-LindseyNelsonStadium-1,60708fa0-1817-11f1-bda3-276ded76bcdc,75.75515,60.8915,,6.19799,,,,2.1033,3.56864,-0.24456,efdb3acd-98ca-462b-a386-93f1bbf9dc13,2026-03-04,22:13:31.33,2026-03-04T16:13:31.3368576-06:00,2026-03-04T22:13:31.3368576Z,LineDrive,v3,471459,471397,6981f38c47c5403d8cc8c83a27c654da,"Clark, Ben",10098571,Right,OAK_GOL,a1dc31d2-f55d-4940-9d2b-f90a2afa9775,54.48455,-111.45453,9.67702,6.31156,0.44763,-12.50571,1.75825,-6.27444,4.39599,216.349001,2.10296,119.64418,-26.55927,6.55805,-1.56334,0.35373,-0.06932,0.00904,-0.00051,3.56986,56.29566,-14.05434,-0.49598,0.61186,-0.25595,0.06573,-0.00878,0.00046,-0.24473,62.99854,-3.39661,-0.56323,0.32625,-0.07488,0.00858,-0.00015,-4E-05,,,,,,,,,,,,,,,,,,,,,,,High,High,High,High,High,,,,139.952513,0.338073,1415.788146,0.999983,10:45,0.040724,0.643431,-0.76442,64.525411,-70.216432,-17.711092,128.397343,-9.703,0.772511,-0.168541,-0.612226,15.391805,-50.579899,0.168541,-0.772511,0.612226,-15.391805,50.579899,-0.168541,0.772511,0.612226,-128.397343,9.703,-0.772511,0.168541,-0.612226,74.45457,13.50015,29.87216
129,2026-03-04,16:14:34.08,4,1,"Hansen, George",10319263,Left,OAK_GOL,"Chapman, Reese",702256,Left,TEN_VOL,Undefined,4,Bottom,1,0,0,Slider,Curveball,InPlay,Undefined,GroundBall,Out,1,0,,74.86097,0.216508,2.012481,2075.459682,309.247495,4:15,6.2117,-1.77884,5.6703,-51.94908,-1.7613,4.01851,2.08459,0.43311,69.1942,-9.258848,2.731546,0.509883,82.66325,-29.800346,-5.976145,,,,,3.87343,3.87343,-12.365141,0.031868,-1.49449,-0.51717,1.60633,50,6.19704,-3.96488,-108.73472,-1.208,-1.79055,18.93369,-32.79368,TEN_VOL,OAK_GOL,LindseyNelsonStadium,D1,SEC,20260304-LindseyNelsonStadium-1,85de5150-1817-11f1-bda3-276ded76bcdc,73.92371,1.92397,,5.66677,,,,0.44244,1.92397,-0.4797,efdb3acd-98ca-462b-a386-93f1bbf9dc13,2026-03-04,22:14:34.08,2026-03-04T16:14:34.0812288-06:00,2026-03-04T22:14:34.0812288Z,GroundBall,v3,471459,471397,6981f38c47c5403d8cc8c83a27c654da,"Clark, Ben",10098571,Right,OAK_GOL,d1ab7234-c7bc-4adf-8e8e-b853befaeda7,54.82915,-109.57238,9.46685,6.21839,0.24286,-16.39684,1.77999,-3.88566,-0.89528,,0.44137,104.84296,,,,,,,,1.92458,-60.37308,,,,,,,,-0.47959,-10.97531,,,,,,,,,,,,,,,,,,,,,,,,,,,,,,High,High,High,Estimated,Estimated,,,,318.691468,-81.898895,292.47445,0.14092,4:30,0.985335,-0.096764,0.140543,95.490019,-41.318081,50.873418,168.288231,-30.241138,0.175364,-0.50364,-0.845928,30.768318,-10.099867,0.50364,-0.175364,0.845928,-30.768318,10.099867,-0.50364,0.175364,0.845928,-168.288231,30.241138,-0.175364,0.50364,-0.845928,,,
130,2026-03-04,16:15:12.74,5,1,"Hansen, George",10319263,Left,OAK_GOL,"Grimmer, Blake",804084,Left,TEN_VOL,Undefined,4,Bottom,2,0,0,Slider,Curveball,InPlay,Undefined,LineDrive,Double,0,0,,74.89635,0.141767,1.807816,2091.454941,294.719324,3:45,6.20009,-1.86176,5.7898,-50.36475,-0.8961,4.91012,2.13497,0.22969,69.7991,-9.046378,2.688373,0.506217,100.39148,17.598679,-31.919944,3933.105142,88.88834,27.89098,-64.79855,287.51735,287.51735,-43.758705,2.90137,-2.07008,-0.10315,1.70989,50,6.18115,-3.60889,-108.9164,-1.26752,-2.51125,17.35583,-32.29918,TEN_VOL,OAK_GOL,LindseyNelsonStadium,D1,SEC,20260304-LindseyNelsonStadium-1,9ceabd20-1817-11f1-bda3-276ded76bcdc,74.45911,31.33253,,5.09726,,,,0.28887,1.74921,0.0754,efdb3acd-98ca-462b-a386-93f1bbf9dc13,2026-03-04,22:15:12.74,2026-03-04T16:15:12.7420416-06:00,2026-03-04T22:15:12.7420416Z,LineDrive,v3,471459,471397,6981f38c47c5403d8cc8c83a27c654da,"Clark, Ben",10098571,Right,OAK_GOL,6f2844ed-2cb8-44f2-91af-0c27dd3e1fb6,54.71071,-109.66449,8.67791,6.20578,0.12466,-16.14959,1.86311,-3.50065,-1.25562,,0.28898,119.12144,-28.08303,6.73395,-1.46888,0.24063,-0.01567,-0.0026,0.00043,1.74903,44.52638,-18.37332,1.60627,-0.5198,0.26061,-0.09906,0.02036,-0.00167,0.07551,-74.21234,2.68395,-0.33367,0.11757,-0.10173,0.04634,-0.01,0.00083,,,,,,,,,,,,,,,,,,,,,,,High,High,High,Medium,Medium,,,,319.585433,-77.428878,455.207956,0.217651,4:45,0.969961,-0.143521,0.196411,-91.453218,35.886031,53.229775,163.299001,-24.203813,0.262115,-0.409984,-0.873618,25.140375,-15.195578,0.409984,-0.262115,0.873618,-25.140375,15.195578,-0.409984,0.262115,0.873618,-163.299001,24.203813,-0.262115,0.409984,-0.873618,74.30611,3.40196,-10.94293
131,2026-03-04,16:16:01.44,6,1,"Hansen, George",10319263,Left,OAK_GOL,"Wright, Garrett",835226,Right,TEN_VOL,Undefined,4,Bottom,2,0,0,ChangeUp,Changeup,BallCalled,Undefined,Undefined,Undefined,0,0,,75.92622,0.00812,1.007666,1376.811851,126.922479,10:15,6.3335,-1.7699,5.86592,-39.64597,8.82945,-9.71701,3.03721,-1.64352,69.71957,-7.330344,-0.737219,0.501109,,,,,,,,,,,,5.22634,5.00422,1.69382,50,6.31129,-1.58496,-110.28796,-1.15747,6.43589,19.64964,-26.01168,TEN_VOL,OAK_GOL,LindseyNelsonStadium,D1,SEC,20260304-LindseyNelsonStadium-1,b9f98d10-1817-11f1-bda3-276ded76bcdc,75.21804,,,6.20665,,,,,,,efdb3acd-98ca-462b-a386-93f1bbf9dc13,2026-03-04,22:16:01.44,2026-03-04T16:16:01.4422016-06:00,2026-03-04T22:16:01.4422016Z,,v3,471459,471397,6981f38c47c5403d8cc8c83a27c654da,"Clark, Ben",10098571,Right,OAK_GOL,a6c07673-f378-4657-9c1b-a60f4e0a3477,54.63026,-111.10985,9.82482,6.33695,-0.06946,-13.00584,1.76574,-1.85416,3.21795,,,,,,,,,,,,,,,,,,,,,,,,,,,,,,,,,,,,,,,,,,,,,,,,,,,High,High,High,,,,,,137.628013,2.576536,1375.419981,0.998989,10:30,-0.031872,0.673266,-0.738713,49.238797,-66.759597,8.878553,138.764123,-9.598545,0.649932,-0.166744,-0.741474,12.673907,-40.536505,0.166744,-0.649932,0.741474,-12.673907,40.536505,-0.166744,0.649932,0.741474,-138.764123,9.598545,-0.649932,0.166744,-0.741474,,,
132,2026-03-04,16:16:18.39,6,2,"Hansen, George",10319263,Left,OAK_GOL,"Wright, Garrett",835226,Right,TEN_VOL,Undefined,4,Bottom,2,1,0,ChangeUp,Changeup,InPlay,Undefined,Bunt,Single,0,0,,76.12752,-1.736522,3.244069,1409.183255,111.816616,9:45,6.38495,-2.02198,5.95787,-42.0899,6.30099,-11.74583,1.26409,0.01067,69.92869,-9.489678,1.132452,0.500672,,,,,,,,,,,,7.02567,4.18835,1.77096,50,6.22323,-5.8469,-110.39101,-4.5847,8.62679,20.55526,-27.03118,TEN_VOL,OAK_GOL,LindseyNelsonStadium,D1,SEC,20260304-LindseyNelsonStadium-1,c4051d60-1817-11f1-bda3-276ded76bcdc,75.28373,,,6.19883,,,,,,,efdb3acd-98ca-462b-a386-93f1bbf9dc13,2026-03-04,22:16:18.39,2026-03-04T16:16:18.3937024-06:00,2026-03-04T22:16:18.3937024Z,,v3,471459,471397,6981f38c47c5403d8cc8c83a27c654da,"Clark, Ben",10098571,Right,OAK_GOL,bc4a270e-9593-470d-86cf-72b844621838,54.54062,-111.23328,10.27763,6.3884,-3.47707,-13.51559,2.01779,-6.20039,4.3134,,,,,,,,,,,,,,,,,,,,,,,,,,,,,,,,,,,,,,,,,,,,,,,,,,,High,High,High,,,,,,133.570869,0.216004,1409.173241,0.999993,10:30,0.013322,0.72407,-0.689598,66.901623,-64.292665,-4.625738,140.092884,-2.623431,0.640873,-0.045772,-0.766282,3.418328,-39.856912,0.045772,-0.640873,0.766282,-3.418328,39.856912,-0.045772,0.640873,0.766282,-140.092884,2.623431,-0.640873,0.045772,-0.766282,,,
133,2026-03-04,16:17:22.35,7,1,"Hansen, George",10319263,Left,OAK_GOL,"Newstrom, Chris",815514,Right,TEN_VOL,Undefined,4,Bottom,2,0,0,ChangeUp,Changeup,StrikeSwinging,Undefined,Undefined,Undefined,0,0,,75.89368,-1.920989,2.736144,1380.593754,114.656632,9:45,6.33712,-1.78368,5.9962,-40.92947,7.82678,-13.41867,1.14356,-0.36455,69.48435,-9.483833,0.320107,0.502558,,,,,,,,,,,,7.73,5.10473,1.5755,50,6.16336,-4.78402,-110.04305,-4.87962,9.40043,21.03096,-25.96621,TEN_VOL,OAK_GOL,LindseyNelsonStadium,D1,SEC,20260304-LindseyNelsonStadium-1,ea2a2120-1817-11f1-bda3-276ded76bcdc,75.00111,,,6.40933,,,,,,,efdb3acd-98ca-462b-a386-93f1bbf9dc13,2026-03-04,22:17:22.35,2026-03-04T16:17:22.3597568-06:00,2026-03-04T22:17:22.3597568Z,,v3,471459,471397,6981f38c47c5403d8cc8c83a27c654da,"Clark, Ben",10098571,Right,OAK_GOL,f7dda334-c2e2-4c2f-85e7-3aa25592969f,54.50078,-110.89988,10.51548,6.34061,-3.82172,-12.9831,1.77821,-5.167,4.70022,,,,,,,,,,,,,,,,,,,,,,,,,,,,,,,,,,,,,,,,,,,,,,,,,,,High,High,High,,,,,,136.426502,-3.185002,1378.461208,0.998455,10:30,0.066953,0.689695,-0.720998,62.976624,-65.264995,-1.990462,140.447904,-0.611042,0.636743,-0.010664,-0.771002,0.792464,-39.549405,0.010664,-0.636743,0.771002,-0.792464,39.549405,-0.010664,0.636743,0.771002,-140.447904,0.611042,-0.636743,0.010664,-0.771002,,,
134,2026-03-04,16:18:04.26,7,2,"Hansen, George",10319263,Left,OAK_GOL,"Newstrom, Chris",815514,Right,TEN_VOL,Undefined,4,Bottom,2,0,1,ChangeUp,Changeup,BallCalled,Undefined,Undefined,Undefined,0,0,,76.66372,1.079035,2.706749,1393.503126,112.353213,9:45,6.3234,-1.96736,5.90814,-39.96912,7.90615,-15.30402,3.99541,-0.72848,69.72453,-6.353534,-0.038415,0.497997,,,,,,,,,,,,8.5893,4.23079,1.7585,50,6.38756,-4.68757,-111.18088,0.91001,10.6752,21.24932,-26.91582,TEN_VOL,OAK_GOL,LindseyNelsonStadium,D1,SEC,20260304-LindseyNelsonStadium-1,032898f0-1818-11f1-bda3-276ded76bcdc,75.68805,,,6.93919,,,,,,,efdb3acd-98ca-462b-a386-93f1bbf9dc13,2026-03-04,22:18:04.26,2026-03-04T16:18:04.2642432-06:00,2026-03-04T22:18:04.2642432Z,,v3,471459,471397,6981f38c47c5403d8cc8c83a27c654da,"Clark, Ben",10098571,Right,OAK_GOL,10227be1-d469-4694-8d09-9429d530f7a0,54.58782,-112.05429,10.62466,6.32742,2.01634,-13.45791,1.96019,-5.12636,5.3376,,,,,,,,,,,,,,,,,,,,,,,,,,,,,,,,,,,,,,,,,,,,,,,,,,,High,High,High,,,,,,135.981238,-9.504248,1374.375014,0.986273,10:30,0.211292,0.682124,-0.700044,-96.9801,16.783971,-39.841124,138.327461,-3.495159,0.663636,-0.060964,-0.745568,4.67461,-41.577748,0.060964,-0.663636,0.745568,-4.67461,41.577748,-0.060964,0.663636,0.745568,-138.327461,3.495159,-0.663636,0.060964,-0.745568,,,
135,2026-03-04,16:18:45.31,7,3,"Hansen, George",10319263,Left,OAK_GOL,"Newstrom, Chris",815514,Right,TEN_VOL,Undefined,4,Bottom,2,1,1,ChangeUp,Changeup,FoulBallNotFieldable,Undefined,Undefined,Undefined,0,0,,76.76493,-0.104239,2.305772,1426.471003,137.144251,10:30,6.32261,-1.81506,6.12186,-34.09608,12.80638,-10.53146,3.38483,-0.55997,70.51125,-6.472875,0.408238,0.492912,64.66678,43.88564,154.770119,3147.202453,,,,,48.87518,,,6.10382,7.07941,1.6441,50,6.29677,-4.12681,-111.52285,-1.14572,7.69928,19.76077,-23.24416,TEN_VOL,OAK_GOL,LindseyNelsonStadium,D1,SEC,20260304-LindseyNelsonStadium-1,1b9f6a30-1818-11f1-bda3-276ded76bcdc,76.46894,39.15423,,6.25368,,,,1.67883,3.33846,0.53985,efdb3acd-98ca-462b-a386-93f1bbf9dc13,2026-03-04,22:18:45.31,2026-03-04T16:18:45.3164032-06:00,2026-03-04T22:18:45.3164032Z,,v3,471459,471397,6981f38c47c5403d8cc8c83a27c654da,"Clark, Ben",10098571,Right,OAK_GOL,5c716d63-2d01-4629-9e86-6c0d6d581abe,54.37623,-112.2956,9.88038,6.3238,-0.23676,-11.62208,1.81136,-4.4279,3.84964,337.228602,1.67883,-61.8357,1.08783,0.50611,-0.60222,1.67899,-3.03828,2.84018,-1.04167,3.33846,65.74838,-26.26734,2.94014,-1.15376,1.94772,-3.36933,3.1036,-1.1244,0.53985,29.13718,-4.29271,0.6979,-0.21719,0.30917,-0.52699,0.47948,-0.17181,,,,,,,,,,,,,,,,,,,,,,,High,High,High,High,Undefined,,,,139.772628,-1.622912,1425.898802,0.999599,10:45,0.05783,0.645614,-0.761471,-96.391579,27.563581,-43.312211,126.994441,-0.181772,0.79869,-0.003173,-0.601735,0.302076,-53.005176,0.003173,-0.79869,0.601735,-0.302076,53.005176,-0.003173,0.79869,0.601735,-126.994441,0.181772,-0.79869,0.003173,-0.601735,70.05424,14.96662,-2.11512
136,2026-03-04,16:19:35.60,7,4,"Hansen, George",10319263,Left,OAK_GOL,"Newstrom, Chris",815514,Right,TEN_VOL,Undefined,4,Bottom,2,1,2,Fastball,Cutter,FoulBallNotFieldable,Undefined,Undefined,Undefined,0,0,,85.42636,-1.333786,2.63493,1831.266222,172.55641,11:45,6.16639,-1.80257,6.30197,-24.01277,13.87249,-1.64973,2.93498,0.48924,77.93575,-5.868819,2.336946,0.443003,65.25624,30.601846,165.695239,2579.027642,-106.65688,26.07349,26.91135,168.18022,49.94963,165.083983,2.386806,1.63331,7.98315,1.6099,50,6.05685,-5.64395,-123.99481,-3.57304,2.52987,25.97298,-19.8088,TEN_VOL,OAK_GOL,LindseyNelsonStadium,D1,SEC,20260304-LindseyNelsonStadium-1,39940640-1818-11f1-bda3-276ded76bcdc,85.08392,28.72207,,7.49061,,,,2.02182,2.9242,-0.48704,efdb3acd-98ca-462b-a386-93f1bbf9dc13,2026-03-04,22:19:35.60,2026-03-04T16:19:35.6081664-06:00,2026-03-04T22:19:35.6081664Z,FlyBall,v3,471459,471397,6981f38c47c5403d8cc8c83a27c654da,"Clark, Ben",10098571,Right,OAK_GOL,e2a3628b-2af6-4332-98bf-612cfa41b3eb,54.19508,-124.87046,12.98649,6.16605,-2.90521,-9.9044,1.80162,-5.72924,1.26493,353.25181,2.02187,-79.82777,4.89081,-0.11684,0.02692,-0.08264,0.04599,-0.00751,6E-05,2.92423,48.72162,-25.62168,2.97495,-0.69021,0.24251,-0.10514,0.02866,-0.00313,-0.48697,20.35107,-2.65144,1.18899,-0.29957,0.13174,-0.07227,0.02213,-0.00261,,,,,,,,,,,,,,,,,,,,,,,High,High,High,High,Low,,,,152.906023,-28.224153,1613.5363,0.881104,11:00,0.499024,0.412199,-0.762277,31.793571,-29.548703,18.004515,171.056776,-17.649532,0.148138,-0.303194,-0.941344,17.853027,-8.519047,0.303194,-0.148138,0.941344,-17.853027,8.519047,-0.303194,0.148138,0.941344,-171.056776,17.649532,-0.148138,0.303194,-0.941344,47.80817,29.54818,-13.6294
137,2026-03-04,16:20:03.89,7,5,"Hansen, George",10319263,Left,OAK_GOL,"Newstrom, Chris",815514,Right,TEN_VOL,Undefined,4,Bottom,2,1,2,ChangeUp,Changeup,FoulBallNotFieldable,Undefined,Undefined,Undefined,0,0,,76.06716,-1.740032,3.068289,1415.699986,137.130277,10:30,6.30301,-1.86182,5.9884,-36.95659,11.27162,-9.02449,1.60786,0.23247,69.98432,-8.581041,1.446187,0.49983,89.32054,5.784079,-49.299521,5097.188673,,,,80.87513,79.22704,-51.190846,0.670398,5.55319,6.72831,1.62487,50,6.14506,-5.60512,-110.35284,-4.40541,6.83996,19.84671,-23.88671,TEN_VOL,OAK_GOL,LindseyNelsonStadium,D1,SEC,20260304-LindseyNelsonStadium-1,4a730650-1818-11f1-bda3-276ded76bcdc,75.41058,3.45778,,6.08285,,,,3.06043,1.71114,-0.16298,efdb3acd-98ca-462b-a386-93f1bbf9dc13,2026-03-04,22:20:03.89,2026-03-04T16:20:03.8954496-06:00,2026-03-04T22:20:03.8954496Z,GroundBall,v3,471459,471397,6981f38c47c5403d8cc8c83a27c654da,"Clark, Ben",10098571,Right,OAK_GOL,0b63ea4a-5ed7-4cf3-a280-e41a5dce4cd9,54.51015,-111.16103,9.92335,6.30465,-3.43272,-11.94335,1.85879,-5.88366,3.41998,,3.06043,84.99291,-23.62094,4.82705,-1.06673,0.20137,-0.03497,0.00463,0,1.71114,13.20249,-26.03555,4.38054,-1.044,0.25703,-0.05827,0.01245,-0.00173,-0.16298,-98.8117,6.91364,1.2818,-0.67592,0.24961,-0.0718,0.01801,-0.00289,,,,,,,,,,,,,,,,,,,,,,,High,High,High,High,High,,,,133.503391,8.151264,1401.397442,0.989897,10:30,-0.126814,0.713369,-0.689219,68.954318,-66.557091,-6.785964,133.361828,-9.970745,0.716051,-0.173145,-0.676233,14.361694,-45.72943,0.173145,-0.716051,0.676233,-14.361694,45.72943,-0.173145,0.716051,0.676233,-133.361828,9.970745,-0.716051,0.173145,-0.676233,,,
138,2026-03-04,16:20:36.30,7,6,"Hansen, George",10319263,Left,OAK_GOL,"Newstrom, Chris",815514,Right,TEN_VOL,Undefined,4,Bottom,2,1,2,Slider,Curveball,BallCalled,Undefined,Undefined,Undefined,0,0,,75.79456,-2.028328,2.181269,2077.093702,284.953223,3:30,6.09383,-2.17887,5.79919,-48.92097,0.84512,3.64957,0.12842,0.15499,69.04229,-10.981282,2.836844,0.507736,,,,,,,,,,,,-1.14236,1.58189,1.99736,50,5.89784,-4.31256,-109.80461,-5.37943,-1.36625,23.14275,-30.28211,TEN_VOL,OAK_GOL,LindseyNelsonStadium,D1,SEC,20260304-LindseyNelsonStadium-1,5dbec0a0-1818-11f1-bda3-276ded76bcdc,74.23627,,,6.75227,,,,,,,efdb3acd-98ca-462b-a386-93f1bbf9dc13,2026-03-04,22:20:36.30,2026-03-04T16:20:36.3069440-06:00,2026-03-04T22:20:36.3069440Z,,v3,471459,471397,6981f38c47c5403d8cc8c83a27c654da,"Clark, Ben",10098571,Right,OAK_GOL,ed4b3730-ad1d-403c-8b70-a9067d3bb383,54.69807,-110.79036,11.57138,6.0995,-4.08957,-15.14105,2.17981,-4.25436,-0.68313,,,,,,,,,,,,,,,,,,,,,,,,,,,,,,,,,,,,,,,,,,,,,,,,,,,High,High,High,,,,,,328.930284,-85.680764,156.433218,0.075314,5:00,0.994732,-0.00355,0.102444,85.558011,-41.724804,61.123248,160.089366,-25.129697,0.30832,-0.424669,-0.851232,26.514033,-17.958028,0.424669,-0.30832,0.851232,-26.514033,17.958028,-0.424669,0.30832,0.851232,-160.089366,25.129697,-0.30832,0.424669,-0.851232,,,
139,2026-03-04,16:21:06.06,7,7,"Hansen, George",10319263,Left,OAK_GOL,"Newstrom, Chris",815514,Right,TEN_VOL,Undefined,4,Bottom,2,2,2,Slider,Curveball,BallCalled,Undefined,Undefined,Undefined,0,0,,76.14278,1.093613,0.78172,2046.0694,263.843435,2:45,6.08931,-2.13049,5.53442,-47.28447,2.2252,4.33181,3.17136,-1.03879,68.98268,-7.606616,1.554638,0.506426,,,,,,,,,,,,-1.9174,1.34969,2.05979,50,6.15334,-1.67461,-110.37314,0.58484,-2.33085,22.3137,-30.53334,TEN_VOL,OAK_GOL,LindseyNelsonStadium,D1,SEC,20260304-LindseyNelsonStadium-1,6f878470-1818-11f1-bda3-276ded76bcdc,74.42826,,,7.1601,,,,,,,efdb3acd-98ca-462b-a386-93f1bbf9dc13,2026-03-04,22:21:06.06,2026-03-04T16:21:06.0689920-06:00,2026-03-04T22:21:06.0689920Z,,v3,471459,471397,6981f38c47c5403d8cc8c83a27c654da,"Clark, Ben",10098571,Right,OAK_GOL,8c61576a-b669-44a7-9977-b109fb923a7b,54.96001,-111.37137,11.15685,6.09662,1.95079,-15.26667,2.13238,-1.57034,-1.16542,,,,,,,,,,,,,,,,,,,,,,,,,,,,,,,,,,,,,,,,,,,,,,,,,,,High,High,High,,,,,,322.249504,-80.810051,326.77368,0.159708,4:45,0.983304,-0.1166,0.139707,79.850889,-47.336586,58.286044,156.530804,-22.706297,0.367389,-0.386007,-0.846182,24.521316,-21.554705,0.386007,-0.367389,0.846182,-24.521316,21.554705,-0.386007,0.367389,0.846182,-156.530804,22.706297,-0.367389,0.386007,-0.846182,,,
140,2026-03-04,16:21:49.73,7,8,"Hansen, George",10319263,Left,OAK_GOL,"Newstrom, Chris",815514,Right,TEN_VOL,Undefined,4,Bottom,2,3,2,ChangeUp,Changeup,StrikeCalled,Strikeout,Undefined,Undefined,0,0,,77.07081,0.584335,2.877867,1147.650173,112.388466,9:45,6.30012,-1.93579,5.90509,-40.49778,6.86504,-12.80048,3.46841,-0.32893,70.20368,-6.930329,0.581793,0.495325,,,,,,,,,,,,7.35859,3.85067,1.71159,50,6.32429,-5.13978,-111.76771,-0.07686,9.24675,21.38649,-27.33532,TEN_VOL,OAK_GOL,LindseyNelsonStadium,D1,SEC,20260304-LindseyNelsonStadium-1,898bac70-1818-11f1-bda3-276ded76bcdc,76.0964,,,6.86712,,,,,,,efdb3acd-98ca-462b-a386-93f1bbf9dc13,2026-03-04,22:21:49.73,2026-03-04T16:21:49.7379328-06:00,2026-03-04T22:21:49.7379328Z,,v3,471459,471397,6981f38c47c5403d8cc8c83a27c654da,"Clark, Ben",10098571,Right,OAK_GOL,870207a3-d379-4024-bbab-2f474f1e32f5,54.59063,-112.64269,10.69325,6.30456,1.04151,-13.66766,1.92962,-5.51809,4.62337,,,,,,,,,,,,,,,,,,,,,,,,,,,,,,,,,,,,,,,,,,,,,,,,,,,High,High,High,,,,,,128.251432,-0.8501,1147.523855,0.99989,10:15,0.053895,0.785023,-0.617118,-90.970856,19.911675,-32.25464,135.379784,-8.100228,0.695396,-0.140905,-0.704677,11.30757,-44.058815,0.140905,-0.695396,0.704677,-11.30757,44.058815,-0.140905,0.695396,0.704677,-135.379784,8.100228,-0.695396,0.140905,-0.704677,,,
141,2026-03-04,16:24:08.39,1,1,"Abraham, Nic",815338,Right,TEN_VOL,"Hain, Carter",1000121335,Right,OAK_GOL,Undefined,5,Top,0,0,0,Curveball,Slider,StrikeCalled,Undefined,Undefined,Undefined,0,0,,78.31356,1.039857,-1.506865,1906.661265,128.771499,10:15,5.8951,1.02002,5.63516,-41.90561,4.32815,-3.50355,3.37354,-0.67808,71.45254,-6.681318,-2.132552,0.489385,,,,,,,,,,,,1.32185,2.38134,-0.88968,50,5.95708,3.12586,-113.61691,0.70991,1.71863,21.85463,-29.07789,TEN_VOL,OAK_GOL,LindseyNelsonStadium,D1,SEC,20260304-LindseyNelsonStadium-1,dc37c440-1818-11f1-bda3-276ded76bcdc,77.01996,,,6.86103,,,,,,,efdb3acd-98ca-462b-a386-93f1bbf9dc13,2026-03-04,22:24:08.39,2026-03-04T16:24:08.3953152-06:00,2026-03-04T22:24:08.3953152Z,,v3,471459,471397,6981f38c47c5403d8cc8c83a27c654da,"Grindlinger, Trent",815821,Right,TEN_VOL,62b10608-55c0-4301-804d-37f4731c4656,54.86039,-114.54801,10.92731,5.90045,1.94875,-14.53895,-1.0213,3.05264,0.85931,,,,,,,,,,,,,,,,,,,,,,,,,,,,,,,,,,,,,,,,,,,,,,,,,,,High,High,High,,,,,,185.096362,79.346846,352.471401,0.184863,12:15,-0.987403,0.001416,-0.158222,71.798291,-19.851563,44.921108,131.838125,-17.559366,0.710317,-0.301694,-0.635948,25.379666,-45.260749,0.301694,-0.710317,0.635948,-25.379666,45.260749,-0.301694,0.710317,0.635948,-131.838125,17.559366,-0.710317,0.301694,-0.635948,,,
142,2026-03-04,16:24:22.94,1,2,"Abraham, Nic",815338,Right,TEN_VOL,"Hain, Carter",1000121335,Right,OAK_GOL,Undefined,5,Top,0,0,1,ChangeUp,Changeup,InPlay,Undefined,LineDrive,Single,0,0,,83.78284,0.27158,-2.005488,1876.442111,256.221097,2:30,5.76489,1.16895,5.74142,-36.11699,4.26197,11.75028,3.00817,0.2801,76.07186,-6.411181,0.098081,0.45735,90.88244,11.629792,-25.505888,1441.616547,96.70396,14.53092,-52.42385,203.0983,203.0983,-31.376085,1.915818,-6.61402,2.47681,-1.00952,50,5.76544,3.78157,-121.55191,-0.63611,-9.79609,26.0555,-28.50561,TEN_VOL,OAK_GOL,LindseyNelsonStadium,D1,SEC,20260304-LindseyNelsonStadium-1,e4d48250-1818-11f1-bda3-276ded76bcdc,82.41483,14.57188,,7.71098,,,,1.52636,3.0471,-0.25406,efdb3acd-98ca-462b-a386-93f1bbf9dc13,2026-03-04,22:24:22.94,2026-03-04T16:24:22.9482496-06:00,2026-03-04T22:24:22.9482496Z,LineDrive,v3,471459,471397,6981f38c47c5403d8cc8c83a27c654da,"Grindlinger, Trent",815821,Right,TEN_VOL,6765415f-319c-4123-9a52-57e2ec2b0437,54.75593,-122.56714,13.02775,5.76859,0.47458,-14.25281,-1.1643,4.16326,-4.89804,113.132528,1.52636,117.83355,-20.03786,3.96045,-0.83249,0.16092,-0.02951,0.00419,-0.0003,3.0471,26.87038,-16.48613,1.06446,-0.15481,0.02762,-0.00358,0.00067,-8E-05,-0.25406,-56.21862,-0.20154,0.7753,-0.28683,0.0765,-0.01605,0.00226,-0.00015,,,,,,,,,,,,,,,,,,,,,,,High,High,High,High,High,,,,224.58638,51.731317,1162.174409,0.61935,1:30,-0.802121,-0.431047,-0.413279,-57.035691,6.722171,2.869696,128.121534,-12.26745,0.76874,-0.212475,-0.603236,19.403588,-50.240861,0.212475,-0.76874,0.603236,-19.403588,50.240861,-0.212475,0.76874,0.603236,-128.121534,12.26745,-0.76874,0.212475,-0.603236,77.93668,12.09184,-13.93657
143,2026-03-04,16:24:57.97,2,1,"Abraham, Nic",815338,Right,TEN_VOL,"Orr, Aidan",1000315303,Left,OAK_GOL,Undefined,5,Top,0,0,0,ChangeUp,Changeup,StrikeCalled,Undefined,Undefined,Undefined,0,0,,78.73448,1.32147,-2.138479,1631.092478,262.841852,2:45,5.55273,1.30549,5.65063,-41.9242,3.69725,17.72855,3.29263,0.78744,71.89786,-6.403199,1.028698,0.486134,,,,,,,,,,,,-9.54804,1.97197,-1.13544,50,5.63841,3.57107,-114.24963,1.27555,-12.58207,21.64153,-29.57543,TEN_VOL,OAK_GOL,LindseyNelsonStadium,D1,SEC,20260304-LindseyNelsonStadium-1,f9bfe2e0-1818-11f1-bda3-276ded76bcdc,77.53508,,,6.83663,,,,,,,efdb3acd-98ca-462b-a386-93f1bbf9dc13,2026-03-04,22:24:57.97,2026-03-04T16:24:57.9734016-06:00,2026-03-04T22:24:57.9734016Z,,v3,471459,471397,6981f38c47c5403d8cc8c83a27c654da,"Grindlinger, Trent",815821,Right,TEN_VOL,dd900dc7-5a70-4d54-af75-bd004d1a39e9,54.84698,-115.16409,10.82076,5.5581,2.52527,-14.78772,-1.29757,4.10273,-6.29103,,,,,,,,,,,,,,,,,,,,,,,,,,,,,,,,,,,,,,,,,,,,,,,,,,,High,High,High,,,,,,257.488812,-0.954642,1630.86608,0.999861,2:30,-0.013933,-0.976243,-0.216231,39.118462,-36.633533,58.432225,162.3498,53.351913,0.180983,0.802317,-0.5688,54.665399,10.426996,0.802317,0.180983,0.5688,-54.665399,-10.426996,-0.802317,-0.180983,0.5688,-162.3498,-53.351913,-0.180983,-0.802317,-0.5688,,,
144,2026-03-04,16:25:17.77,2,2,"Abraham, Nic",815338,Right,TEN_VOL,"Orr, Aidan",1000315303,Left,OAK_GOL,Undefined,5,Top,0,0,1,Sinker,Changeup,BallCalled,Undefined,Undefined,Undefined,0,0,,88.91332,0.105401,-0.763906,1813.705847,250.199645,2:15,5.6584,1.29272,5.63762,-28.75194,6.71985,15.73706,3.36074,1.89146,81.7278,-5.20094,2.048583,0.42866,,,,,,,,,,,,-8.16032,3.71587,-1.23792,50,5.64904,1.03606,-129.22099,-0.79319,-13.86375,25.72365,-25.86108,TEN_VOL,OAK_GOL,LindseyNelsonStadium,D1,SEC,20260304-LindseyNelsonStadium-1,0581aeb0-1819-11f1-bda3-276ded76bcdc,87.93083,,,7.18552,,,,,,,efdb3acd-98ca-462b-a386-93f1bbf9dc13,2026-03-04,22:25:17.77,2026-03-04T16:25:17.7780224-06:00,2026-03-04T22:25:17.7780224Z,,v3,471459,471397,6981f38c47c5403d8cc8c83a27c654da,"Grindlinger, Trent",815821,Right,TEN_VOL,deea1ab0-0005-427c-b59a-24c68f30594e,54.86064,-130.18499,12.86183,5.6606,0.17596,-12.93054,-1.28648,1.55561,-6.93187,,,,,,,,,,,,,,,,,,,,,,,,,,,,,,,,,,,,,,,,,,,,,,,,,,,High,High,High,,,,,,244.212733,6.195863,1803.111556,0.994159,2:15,-0.11533,-0.894956,-0.430991,46.822202,38.152231,48.880579,119.479609,68.175915,0.323627,0.92833,-0.182947,78.851497,18.882408,0.92833,0.323627,0.182947,-78.851497,-18.882408,-0.92833,-0.323627,0.182947,-119.479609,-68.175915,-0.323627,-0.92833,-0.182947,,,
145,2026-03-04,16:25:36.69,2,3,"Abraham, Nic",815338,Right,TEN_VOL,"Orr, Aidan",1000315303,Left,OAK_GOL,Undefined,5,Top,0,1,1,ChangeUp,Changeup,StrikeSwinging,Undefined,Undefined,Undefined,0,0,,80.88578,-0.035198,-3.506205,1925.980693,267.593089,3:00,5.57082,1.40619,5.67201,-41.35774,2.34843,18.64068,2.09146,-0.31334,73.24511,-7.658811,-0.176335,0.47582,,,,,,,,,,,,-10.5004,1.7065,-1.12168,50,5.54222,6.42165,-117.14755,-1.45498,-14.39331,24.9414,-29.83489,TEN_VOL,OAK_GOL,LindseyNelsonStadium,D1,SEC,20260304-LindseyNelsonStadium-1,10d0bb80-1819-11f1-bda3-276ded76bcdc,79.21573,,,7.64067,,,,,,,efdb3acd-98ca-462b-a386-93f1bbf9dc13,2026-03-04,22:25:36.69,2026-03-04T16:25:36.6981120-06:00,2026-03-04T22:25:36.6981120Z,,v3,471459,471397,6981f38c47c5403d8cc8c83a27c654da,"Grindlinger, Trent",815821,Right,TEN_VOL,279ea6f3-49f2-44a3-a3ce-5f07086b9800,54.82441,-118.17023,12.4707,5.5768,-0.23165,-14.91744,-1.39708,7.01182,-7.19666,,,,,,,,,,,,,,,,,,,,,,,,,,,,,,,,,,,,,,,,,,,,,,,,,,,High,High,High,,,,,,255.041937,-5.640083,1916.656806,0.995159,2:30,0.082976,-0.961377,-0.262428,31.644441,-48.758484,73.005124,175.863689,51.964942,0.044442,0.787634,-0.614539,52.037439,2.547187,0.787634,0.044442,0.614539,-52.037439,-2.547187,-0.787634,-0.044442,0.614539,-175.863689,-51.964942,-0.044442,-0.787634,-0.614539,,,
146,2026-03-04,16:25:58.32,2,4,"Abraham, Nic",815338,Right,TEN_VOL,"Orr, Aidan",1000315303,Left,OAK_GOL,Undefined,5,Top,0,1,2,Sinker,Sinker,BallCalled,Undefined,Undefined,Undefined,0,0,,91.26789,0.464518,-2.026864,1782.227352,252.492819,2:30,5.70003,1.29301,5.443,-28.01627,6.17,16.07276,3.80054,0.73387,83.16315,-4.704938,0.833261,0.420821,,,,,,,,,,,,-8.61953,3.31681,-1.12508,50,5.72197,3.93965,-132.4257,0.01215,-15.27344,28.84447,-26.2968,TEN_VOL,OAK_GOL,LindseyNelsonStadium,D1,SEC,20260304-LindseyNelsonStadium-1,1da81600-1819-11f1-bda3-276ded76bcdc,89.56882,,,8.10474,,,,,,,efdb3acd-98ca-462b-a386-93f1bbf9dc13,2026-03-04,22:25:58.32,2026-03-04T16:25:58.3217664-06:00,2026-03-04T22:25:58.3217664Z,,v3,471459,471397,6981f38c47c5403d8cc8c83a27c654da,"Grindlinger, Trent",815821,Right,TEN_VOL,4259d0c0-a5b0-43dc-8f28-b9cc7b56584b,55.05406,-133.52202,14.42223,5.70251,1.01163,-13.1484,-1.28585,4.52016,-7.63672,,,,,,,,,,,,,,,,,,,,,,,,,,,,,,,,,,,,,,,,,,,,,,,,,,,High,High,High,,,,,,246.877843,6.191771,1771.830666,0.994166,2:15,-0.129001,-0.9134,-0.386081,78.940815,42.854536,77.931049,105.004007,64.751562,0.412002,0.904467,-0.110427,83.039195,24.330673,0.904467,0.412002,0.110427,-83.039195,-24.330673,-0.904467,-0.412002,0.110427,-105.004007,-64.751562,-0.412002,-0.904467,-0.110427,,,
147,2026-03-04,16:26:17.54,2,5,"Abraham, Nic",815338,Right,TEN_VOL,"Orr, Aidan",1000315303,Left,OAK_GOL,Undefined,5,Top,0,2,2,ChangeUp,Changeup,InPlay,Undefined,Popup,Out,1,0,,81.39143,-0.021808,-2.995022,1682.572916,261.088981,2:45,5.49651,1.34201,5.64435,-38.77108,4.22,17.47434,2.24521,0.00196,73.96782,-7.171608,0.126026,0.471912,85.03042,74.593535,0.206965,,,,,,32.00038,,,-9.83485,2.54693,-1.0993,50,5.46993,5.48533,-118.0029,-1.32777,-13.72913,24.54354,-28.61864,TEN_VOL,OAK_GOL,LindseyNelsonStadium,D1,SEC,20260304-LindseyNelsonStadium-1,2929cb90-1819-11f1-bda3-276ded76bcdc,79.87182,121.53221,,7.42361,,,,2.87778,2.20118,-0.01131,efdb3acd-98ca-462b-a386-93f1bbf9dc13,2026-03-04,22:26:17.54,2026-03-04T16:26:17.5492096-06:00,2026-03-04T22:26:17.5492096Z,,v3,471459,471397,6981f38c47c5403d8cc8c83a27c654da,"Grindlinger, Trent",815821,Right,TEN_VOL,62be34c5-864f-414a-9141-c7f260337502,54.8541,-119.00823,12.27177,5.50032,-0.15552,-14.30932,-1.33551,6.04769,-6.86457,168.273343,2.87778,33.13113,-15.50127,5.37686,-1.46041,0.3671,-0.08432,0.01496,-0.00143,2.20118,120.22964,-31.13794,3.81605,-0.53509,0.03561,0.00651,-0.0029,0.00037,-0.01131,0.11967,-8.60882,3.60916,-1.0854,0.29114,-0.06994,0.01276,-0.00124,,,,,,,,,,,,,,,,,,,,,,,High,High,High,High,Undefined,,,,257.655773,-6.234287,1672.622444,0.994086,2:30,0.097711,-0.971062,-0.217923,37.849229,-43.873434,62.326541,164.958069,47.572914,0.175089,0.738136,-0.651535,48.565934,10.083866,0.738136,0.175089,0.651535,-48.565934,-10.083866,-0.738136,-0.175089,0.651535,-164.958069,-47.572914,-0.175089,-0.738136,-0.651535,,,
148,2026-03-04,16:27:10.73,3,1,"Abraham, Nic",815338,Right,TEN_VOL,"Clark, Ben",10098571,Right,OAK_GOL,Undefined,5,Top,1,0,0,Sinker,Changeup,FoulBallNotFieldable,Undefined,Undefined,Undefined,0,0,,89.42629,-0.820816,-2.88406,1669.392077,263.313926,2:45,5.59969,1.21768,5.79627,-32.20486,3.52276,18.72489,2.15146,0.09327,80.48901,-6.796532,0.470957,0.430203,,,,,,,,,,,,-10.54646,2.43579,-0.99193,50,5.513,5.7204,-129.56272,-3.00083,-17.57677,32.00057,-28.11458,TEN_VOL,OAK_GOL,LindseyNelsonStadium,D1,SEC,20260304-LindseyNelsonStadium-1,48cf7300-1819-11f1-bda3-276ded76bcdc,87.61552,,,8.93727,,,,,,,efdb3acd-98ca-462b-a386-93f1bbf9dc13,2026-03-04,22:27:10.73,2026-03-04T16:27:10.7302912-06:00,2026-03-04T22:27:10.7302912Z,,v3,471459,471397,6981f38c47c5403d8cc8c83a27c654da,"Grindlinger, Trent",815821,Right,TEN_VOL,4bcb4f5d-e3c5-4564-b3e6-da28589b74e1,54.70094,-130.71864,16.00029,5.60305,-1.98528,-14.05729,-1.21003,6.35531,-8.78838,,,,,,,,,,,,,,,,,,,,,,,,,,,,,,,,,,,,,,,,,,,,,,,,,,,High,High,High,,,,,,249.34852,4.918844,1663.243955,0.996317,2:15,-0.089968,-0.933429,-0.347297,56.345671,42.849833,65.357321,117.929734,62.105686,0.413349,0.883812,-0.219132,76.07493,24.415395,0.883812,0.413349,0.219132,-76.07493,-24.415395,-0.883812,-0.413349,0.219132,-117.929734,-62.105686,-0.413349,-0.883812,-0.219132,,,
149,2026-03-04,16:27:32.26,3,2,"Abraham, Nic",815338,Right,TEN_VOL,"Clark, Ben",10098571,Right,OAK_GOL,Undefined,5,Top,1,0,1,ChangeUp,Changeup,BallCalled,Undefined,Undefined,Undefined,0,0,,78.90385,1.835707,-2.472834,1555.058331,258.691338,2:30,5.59811,1.20245,5.8305,-40.32699,4.60339,16.12462,3.94605,0.24617,72.28562,-5.618224,0.415156,0.482438,,,,,,,,,,,,-8.85918,2.2989,-1.00993,50,5.72442,4.32944,-114.52596,2.40364,-11.79342,20.69498,-29.11376,TEN_VOL,OAK_GOL,LindseyNelsonStadium,D1,SEC,20260304-LindseyNelsonStadium-1,55af0ae0-1819-11f1-bda3-276ded76bcdc,78.1291,,,6.61823,,,,,,,efdb3acd-98ca-462b-a386-93f1bbf9dc13,2026-03-04,22:27:32.26,2026-03-04T16:27:32.2676224-06:00,2026-03-04T22:27:32.2676224Z,,v3,471459,471397,6981f38c47c5403d8cc8c83a27c654da,"Grindlinger, Trent",815821,Right,TEN_VOL,462b64a9-452a-4f49-b1e0-ccd9168697bf,54.66753,-115.3663,10.34749,5.60281,3.58584,-14.55688,-1.19546,4.80833,-5.89671,,,,,,,,,,,,,,,,,,,,,,,,,,,,,,,,,,,,,,,,,,,,,,,,,,,High,High,High,,,,,,253.674459,7.364809,1542.229228,0.99175,2:30,-0.170489,-0.947168,-0.271673,39.814725,-39.409922,58.067908,174.941548,59.659546,0.044539,0.863039,-0.50317,59.756926,2.552738,0.863039,0.044539,0.50317,-59.756926,-2.552738,-0.863039,-0.044539,0.50317,-174.941548,-59.659546,-0.044539,-0.863039,-0.50317,,,
150,2026-03-04,16:27:52.80,3,3,"Abraham, Nic",815338,Right,TEN_VOL,"Clark, Ben",10098571,Right,OAK_GOL,Undefined,5,Top,1,1,1,Sinker,Changeup,StrikeSwinging,Undefined,Undefined,Undefined,0,0,,89.36882,-0.545929,-3.040151,1727.510009,249.701904,2:15,5.6606,1.25908,5.78858,-28.19856,6.95122,15.78454,2.80213,-0.25634,81.73725,-5.77202,-0.215044,0.42671,,,,,,,,,,,,-8.84,4.04961,-1.01787,50,5.59878,6.1986,-129.67145,-2.22692,-15.05782,27.00863,-25.27605,TEN_VOL,OAK_GOL,LindseyNelsonStadium,D1,SEC,20260304-LindseyNelsonStadium-1,61f39b40-1819-11f1-bda3-276ded76bcdc,88.33271,,,7.63157,,,,,,,efdb3acd-98ca-462b-a386-93f1bbf9dc13,2026-03-04,22:27:52.80,2026-03-04T16:27:52.8090624-06:00,2026-03-04T22:27:52.8090624Z,,v3,471459,471397,6981f38c47c5403d8cc8c83a27c654da,"Grindlinger, Trent",815821,Right,TEN_VOL,75cf7ce4-8243-452b-ba9f-71378642b9ad,54.70877,-130.64854,13.50431,5.66281,-1.31252,-12.63803,-1.25197,6.74334,-7.52891,,,,,,,,,,,,,,,,,,,,,,,,,,,,,,,,,,,,,,,,,,,,,,,,,,,High,High,High,,,,,,245.948434,8.31597,1709.346132,0.989486,2:15,-0.157213,-0.904914,-0.395492,54.786469,39.651896,53.00658,109.56356,66.444903,0.37656,0.916676,-0.133817,81.694571,22.120783,0.916676,0.37656,0.133817,-81.694571,-22.120783,-0.916676,-0.37656,0.133817,-109.56356,-66.444903,-0.37656,-0.916676,-0.133817,,,
151,2026-03-04,16:28:14.29,3,4,"Abraham, Nic",815338,Right,TEN_VOL,"Clark, Ben",10098571,Right,OAK_GOL,Undefined,5,Top,1,1,2,Sinker,Sinker,BallCalled,Undefined,Undefined,Undefined,0,0,,91.25376,0.668755,-3.855801,1889.171883,251.302623,2:30,5.66582,1.27626,5.49147,-27.59836,6.40402,15.86973,3.99299,-1.01362,83.58113,-4.414993,-1.036658,0.419688,,,,,,,,,,,,-8.97662,3.37855,-0.94922,50,5.70587,8.18856,-132.29933,0.50947,-15.99556,26.80254,-26.15378,TEN_VOL,OAK_GOL,LindseyNelsonStadium,D1,SEC,20260304-LindseyNelsonStadium-1,6eb54ae0-1819-11f1-bda3-276ded76bcdc,89.8107,,,7.67263,,,,,,,efdb3acd-98ca-462b-a386-93f1bbf9dc13,2026-03-04,22:28:14.29,2026-03-04T16:28:14.2968320-06:00,2026-03-04T22:28:14.2968320Z,,v3,471459,471397,6981f38c47c5403d8cc8c83a27c654da,"Grindlinger, Trent",815821,Right,TEN_VOL,c05cb270-2653-4707-95b7-a75ec2b210b0,55.00666,-133.30977,13.40127,5.66808,1.49546,-13.07689,-1.26929,8.79158,-7.99778,,,,,,,,,,,,,,,,,,,,,,,,,,,,,,,,,,,,,,,,,,,,,,,,,,,High,High,High,,,,,,246.510015,6.339679,1877.619073,0.993885,2:15,-0.14742,-0.91017,-0.387114,77.08357,44.221689,69.026098,92.950591,67.810289,0.377174,0.925938,-0.019441,88.797213,22.158733,0.925938,0.377174,0.019441,-88.797213,-22.158733,-0.925938,-0.377174,0.019441,-92.950591,-67.810289,-0.377174,-0.925938,-0.019441,,,
152,2026-03-04,16:28:36.15,3,5,"Abraham, Nic",815338,Right,TEN_VOL,"Clark, Ben",10098571,Right,OAK_GOL,Undefined,5,Top,1,2,2,Slider,Changeup,StrikeSwinging,Strikeout,Undefined,Undefined,0,0,,84.48715,-1.883354,-2.917786,1897.267999,212.383144,1:00,5.71564,1.18852,5.96672,-24.84927,14.49674,8.34705,1.89581,-0.82347,76.93782,-6.548582,-1.419231,0.451463,,,,,,,,,,,,-5.11985,8.3952,-0.96166,50,5.55244,5.90418,-122.45587,-4.77575,-7.72815,25.51886,-19.50192,TEN_VOL,OAK_GOL,LindseyNelsonStadium,D1,SEC,20260304-LindseyNelsonStadium-1,7bc4a550-1819-11f1-bda3-276ded76bcdc,83.4896,,,7.54933,,,,,,,efdb3acd-98ca-462b-a386-93f1bbf9dc13,2026-03-04,22:28:36.15,2026-03-04T16:28:36.1510400-06:00,2026-03-04T22:28:36.1510400Z,,v3,471459,471397,6981f38c47c5403d8cc8c83a27c654da,"Grindlinger, Trent",815821,Right,TEN_VOL,d3a7be91-c531-4977-aaaa-ae5b1a212105,54.52828,-123.39593,12.75943,5.71513,-4.05735,-9.75096,-1.1844,6.18887,-3.86408,,,,,,,,,,,,,,,,,,,,,,,,,,,,,,,,,,,,,,,,,,,,,,,,,,,High,High,High,,,,,,225.706888,56.562179,1045.454805,0.551032,1:30,-0.839594,-0.421628,-0.342508,-74.020789,16.248576,-0.190098,128.448499,-25.111183,0.709147,-0.424376,-0.563041,37.006119,-45.165563,0.424376,-0.709147,0.563041,-37.006119,45.165563,-0.424376,0.709147,0.563041,-128.448499,25.111183,-0.709147,0.424376,-0.563041,,,
153,2026-03-04,16:29:09.13,4,1,"Abraham, Nic",815338,Right,TEN_VOL,"Mardis, Nick",10102168,Right,OAK_GOL,Undefined,5,Top,2,0,0,Sinker,Changeup,StrikeCalled,Undefined,Undefined,Undefined,0,0,,89.87512,-0.685403,-3.630621,1704.327126,241.280393,2:00,5.67786,1.08685,5.6352,-24.66812,10.39638,16.89143,2.98143,-0.89722,81.939,-5.273715,-0.619584,0.426192,,,,,,,,,,,,-9.53623,5.80811,-0.78864,50,5.60386,7.51052,-130.26597,-2.42242,-16.36548,27.68681,-22.20656,TEN_VOL,OAK_GOL,LindseyNelsonStadium,D1,SEC,20260304-LindseyNelsonStadium-1,8f6f96a0-1819-11f1-bda3-276ded76bcdc,88.44009,,,7.93612,,,,,,,efdb3acd-98ca-462b-a386-93f1bbf9dc13,2026-03-04,22:29:09.13,2026-03-04T16:29:09.1341824-06:00,2026-03-04T22:29:09.1341824Z,,v3,471459,471397,6981f38c47c5403d8cc8c83a27c654da,"Grindlinger, Trent",815821,Right,TEN_VOL,5bc94ccc-73f1-4db1-9747-d6da6ba0cc57,54.86182,-131.29523,13.84341,5.67857,-1.59688,-11.10328,-1.07915,8.11891,-8.18274,,,,,,,,,,,,,,,,,,,,,,,,,,,,,,,,,,,,,,,,,,,,,,,,,,,High,High,High,,,,,,241.100295,9.417516,1681.356522,0.986522,2:00,-0.183167,-0.865563,-0.466101,77.687294,41.690709,77.998484,119.60979,66.237699,0.350323,0.915225,-0.19909,77.72755,20.507076,0.915225,0.350323,0.19909,-77.72755,-20.507076,-0.915225,-0.350323,0.19909,-119.60979,-66.237699,-0.350323,-0.915225,-0.19909,,,
154,2026-03-04,16:29:27.61,4,2,"Abraham, Nic",815338,Right,TEN_VOL,"Mardis, Nick",10102168,Right,OAK_GOL,Undefined,5,Top,2,0,1,Slider,Slider,FoulBallNotFieldable,Undefined,Undefined,Undefined,0,0,,83.14668,-0.094319,-1.756206,1874.712825,205.579374,12:45,5.71987,1.31015,5.77447,-32.25895,8.6041,3.46142,2.94382,-0.03608,75.63831,-6.088461,-1.136323,0.460084,79.08185,74.68415,87.479152,5514.618809,,,,,10.43909,,,-2.29941,4.81,-1.16724,50,5.69269,3.56188,-120.65412,-1.23992,-3.363,25.19239,-25.13922,TEN_VOL,OAK_GOL,LindseyNelsonStadium,D1,SEC,20260304-LindseyNelsonStadium-1,9a6ba170-1819-11f1-bda3-276ded76bcdc,81.92515,37.69004,,7.50836,,,,2.04546,2.89942,0.03787,efdb3acd-98ca-462b-a386-93f1bbf9dc13,2026-03-04,22:29:27.61,2026-03-04T16:29:27.6143104-06:00,2026-03-04T22:29:27.6143104Z,,v3,471459,471397,6981f38c47c5403d8cc8c83a27c654da,"Grindlinger, Trent",815821,Right,TEN_VOL,02f40eef-c94b-43aa-8247-0f43ed6e2bbd,54.72227,-121.63613,12.59619,5.72192,-0.25999,-12.56961,-1.30864,3.69297,-1.6815,195.441344,2.05711,0.89559,-11.17146,,,,,,,2.91167,111.39684,-33.1681,,,,,,,0.03793,30.60607,-2.52702,,,,,,,,,,,,,,,,,,,,,,,,,,,,,High,High,High,High,Undefined,,,,224.156479,58.926109,967.62007,0.516143,1:30,-0.866856,-0.360965,-0.343897,-55.309731,20.55473,-5.188613,137.179001,-14.804878,0.657145,-0.255528,-0.70913,19.816121,-41.082489,0.255528,-0.657145,0.70913,-19.816121,41.082489,-0.255528,0.657145,0.70913,-137.179001,14.804878,-0.657145,0.255528,-0.70913,78.93367,13.96134,-15.72734
155,2026-03-04,16:29:55.95,4,3,"Abraham, Nic",815338,Right,TEN_VOL,"Mardis, Nick",10102168,Right,OAK_GOL,Undefined,5,Top,2,0,2,Slider,Slider,BallCalled,Undefined,Undefined,Undefined,0,0,,86.09815,-1.079988,-4.214438,1828.935459,203.636689,12:45,5.67188,1.18225,5.96425,-30.97293,6.88197,2.47575,2.08661,-2.52612,78.73343,-6.816782,-3.771193,0.442825,,,,,,,,,,,,-2.4804,4.22382,-0.84897,50,5.56888,9.09012,-124.71994,-3.37396,-3.89456,25.82475,-25.54212,TEN_VOL,OAK_GOL,LindseyNelsonStadium,D1,SEC,20260304-LindseyNelsonStadium-1,ab4d3990-1819-11f1-bda3-276ded76bcdc,85.11807,,,7.36471,,,,,,,efdb3acd-98ca-462b-a386-93f1bbf9dc13,2026-03-04,22:29:55.95,2026-03-04T16:29:55.9590400-06:00,2026-03-04T22:29:55.9590400Z,,v3,471459,471397,6981f38c47c5403d8cc8c83a27c654da,"Grindlinger, Trent",815821,Right,TEN_VOL,98d2c554-ca5a-456a-8d9c-e4f909b3fb90,54.53227,-125.65489,12.91238,5.67429,-2.44924,-12.77106,-1.18062,9.23112,-1.94728,,,,,,,,,,,,,,,,,,,,,,,,,,,,,,,,,,,,,,,,,,,,,,,,,,,High,High,High,,,,,,229.721256,48.476979,1212.439582,0.662921,1:45,-0.768522,-0.519769,-0.373113,-64.387796,12.594664,-0.035983,136.303696,-14.731616,0.668126,-0.254292,-0.699245,19.984619,-41.922618,0.254292,-0.668126,0.699245,-19.984619,41.922618,-0.254292,0.668126,0.699245,-136.303696,14.731616,-0.668126,0.254292,-0.699245,,,
156,2026-03-04,16:30:18.88,4,4,"Abraham, Nic",815338,Right,TEN_VOL,"Mardis, Nick",10102168,Right,OAK_GOL,Undefined,5,Top,2,1,2,Slider,Slider,BallCalled,Undefined,Undefined,Undefined,0,0,,81.81158,-1.64883,-2.812312,1972.328967,181.750893,12:00,5.69993,1.03203,5.7791,-36.33904,5.24166,0.12437,1.13529,-1.57637,76.03037,-8.295515,-2.790047,0.464106,,,,,,,,,,,,-0.76362,3.44646,-0.79993,50,5.54162,5.8312,-118.80163,-4.61141,-1.10255,20.57114,-27.19787,TEN_VOL,OAK_GOL,LindseyNelsonStadium,D1,SEC,20260304-LindseyNelsonStadium-1,b90b2380-1819-11f1-bda3-276ded76bcdc,81.21514,,,5.78122,,,,,,,efdb3acd-98ca-462b-a386-93f1bbf9dc13,2026-03-04,22:30:18.88,2026-03-04T16:30:18.8878848-06:00,2026-03-04T22:30:18.8878848Z,,v3,471459,471397,6981f38c47c5403d8cc8c83a27c654da,"Grindlinger, Trent",815821,Right,TEN_VOL,8b21dad4-78a7-4d52-92be-a17b25663c7d,54.71991,-119.61612,10.28557,5.70289,-3.53455,-13.59894,-1.03168,5.87485,-0.55127,,,,,,,,,,,,,,,,,,,,,,,,,,,,,,,,,,,,,,,,,,,,,,,,,,,High,High,High,,,,,,205.009068,74.592258,524.020944,0.265686,12:45,-0.971085,-0.140015,-0.193363,67.925334,-23.463012,53.797441,130.960914,-20.634203,0.706713,-0.3524,-0.61349,29.873864,-44.968113,0.3524,-0.706713,0.61349,-29.873864,44.968113,-0.3524,0.706713,0.61349,-130.960914,20.634203,-0.706713,0.3524,-0.61349,,,
157,2026-03-04,16:30:43.82,4,5,"Abraham, Nic",815338,Right,TEN_VOL,"Mardis, Nick",10102168,Right,OAK_GOL,Undefined,5,Top,2,2,2,ChangeUp,Changeup,BallCalled,Undefined,Undefined,Undefined,0,0,,81.47658,-0.515582,-5.688231,1749.229417,258.56315,2:30,5.59271,1.158,5.83752,-37.754,4.40051,15.57028,1.96498,-2.84862,75.21873,-7.445439,-2.913617,0.467298,,,,,,,,,,,,-9.35902,2.79158,-0.70208,50,5.5283,11.13949,-117.92635,-2.29456,-13.29844,20.52709,-28.20745,TEN_VOL,OAK_GOL,LindseyNelsonStadium,D1,SEC,20260304-LindseyNelsonStadium-1,c7dfad90-1819-11f1-bda3-276ded76bcdc,80.66047,,,6.25786,,,,,,,efdb3acd-98ca-462b-a386-93f1bbf9dc13,2026-03-04,22:30:43.82,2026-03-04T16:30:43.8264832-06:00,2026-03-04T22:30:43.8264832Z,,v3,471459,471397,6981f38c47c5403d8cc8c83a27c654da,"Grindlinger, Trent",815821,Right,TEN_VOL,5df55eec-a89d-4f24-8023-1cf3d6b66190,54.66149,-118.73499,10.26354,5.59681,-1.18336,-14.10372,-1.15123,11.66336,-6.64922,,,,,,,,,,,,,,,,,,,,,,,,,,,,,,,,,,,,,,,,,,,,,,,,,,,High,High,High,,,,,,251.593135,-1.576348,1748.567432,0.999622,2:30,0.00458,-0.948193,-0.317661,48.773837,-39.367395,59.349907,167.807701,56.156433,0.117619,0.830561,-0.544365,56.758413,6.75473,0.830561,0.117619,0.544365,-56.758413,-6.75473,-0.830561,-0.117619,0.544365,-167.807701,-56.156433,-0.117619,-0.830561,-0.544365,,,
158,2026-03-04,16:31:08.45,4,6,"Abraham, Nic",815338,Right,TEN_VOL,"Mardis, Nick",10102168,Right,OAK_GOL,Undefined,5,Top,2,3,2,Sinker,Sinker,StrikeCalled,Strikeout,Undefined,Undefined,0,0,,90.58764,-0.418381,-3.381373,1852.157943,250.519371,2:15,5.60817,1.18519,5.7107,-27.48127,6.71063,16.02658,2.92761,-0.63308,83.12255,-5.497604,-0.518825,0.420855,,,,,,,,,,,,-9.0267,3.84803,-0.9119,50,5.55607,7.06149,-131.45156,-1.95111,-15.86725,26.65939,-25.40991,TEN_VOL,OAK_GOL,LindseyNelsonStadium,D1,SEC,20260304-LindseyNelsonStadium-1,d68426f0-1819-11f1-bda3-276ded76bcdc,89.56148,,,7.46509,,,,,,,efdb3acd-98ca-462b-a386-93f1bbf9dc13,2026-03-04,22:31:08.45,2026-03-04T16:31:08.4572160-06:00,2026-03-04T22:31:08.4572160Z,,v3,471459,471397,6981f38c47c5403d8cc8c83a27c654da,"Grindlinger, Trent",815821,Right,TEN_VOL,b7e332ec-fadd-454b-8d2d-fe8a53c0dc67,54.78782,-132.41901,13.3297,5.61014,-1.029,-12.70496,-1.17861,7.6373,-7.93362,,,,,,,,,,,,,,,,,,,,,,,,,,,,,,,,,,,,,,,,,,,,,,,,,,,High,High,High,,,,,,243.349043,8.139786,1833.49852,0.989926,2:00,-0.161079,-0.885762,-0.435292,68.391035,44.40294,59.878531,99.23756,72.276777,0.300471,0.952538,-0.048868,87.063141,17.485909,0.952538,0.300471,0.048868,-87.063141,-17.485909,-0.952538,-0.300471,0.048868,-99.23756,-72.276777,-0.300471,-0.952538,-0.048868,,,
159,2026-03-04,16:34:24.04,1,1,"Ruhle, Stephen",804000,Right,OAK_GOL,"Grindlinger, Trent",815821,Right,TEN_VOL,Undefined,5,Bottom,0,0,0,Fastball,Four-Seam,StrikeCalled,Undefined,Undefined,Undefined,0,0,,87.37447,-3.605747,-1.880843,2015.830374,209.650238,1:00,6.27872,1.46309,7.11834,-16.12584,19.03458,10.1619,1.6582,0.60327,79.73223,-6.743609,-0.014284,0.426774,,,,,,,,,,,,-5.99311,11.62611,-1.35424,50,6.05943,3.81244,-126.84057,-8.32316,-9.70919,27.2933,-13.33908,TEN_VOL,OAK_GOL,LindseyNelsonStadium,D1,SEC,20260304-LindseyNelsonStadium-1,4b1994a0-181a-11f1-bda3-276ded76bcdc,88.31935,,,7.64225,,,,,,,efdb3acd-98ca-462b-a386-93f1bbf9dc13,2026-03-04,22:34:24.04,2026-03-04T16:34:24.0445440-06:00,2026-03-04T22:34:24.0445440Z,,v3,471459,471397,6981f38c47c5403d8cc8c83a27c654da,"Clark, Ben",10098571,Right,OAK_GOL,429378ec-b23a-4727-884a-e0cfa930f3bd,53.37852,-127.56548,13.64665,6.27579,-7.96888,-6.66954,-1.45892,4.07032,-4.85459,,,,,,,,,,,,,,,,,,,,,,,,,,,,,,,,,,,,,,,,,,,,,,,,,,,High,High,High,,,,,,221.064298,11.635395,1974.406766,0.979451,1:15,-0.184971,-0.654817,-0.732803,-8.276718,26.991384,51.862656,166.731265,6.972515,0.227821,0.121393,-0.966106,7.161797,13.168834,0.121393,0.227821,0.966106,-7.161797,-13.168834,-0.121393,-0.227821,0.966106,-166.731265,-6.972515,-0.227821,-0.121393,-0.966106,,,
160,2026-03-04,16:34:44.34,1,2,"Ruhle, Stephen",804000,Right,OAK_GOL,"Grindlinger, Trent",815821,Right,TEN_VOL,Undefined,5,Bottom,0,0,1,Curveball,Curveball,StrikeCalled,Undefined,Undefined,Undefined,0,0,,73.29559,1.587226,0.025552,2282.025946,38.522196,7:15,6.39601,1.44459,6.40224,-63.00897,-11.99241,-10.79465,2.60518,0.56854,67.64352,-10.039037,-1.936414,0.514076,,,,,,,,,,,,5.62461,-6.18339,-1.44191,50,6.48193,0.30479,-106.64713,1.18213,6.45078,19.05638,-39.26568,TEN_VOL,OAK_GOL,LindseyNelsonStadium,D1,SEC,20260304-LindseyNelsonStadium-1,5748c840-181a-11f1-bda3-276ded76bcdc,73.32081,,,5.65208,,,,,,,efdb3acd-98ca-462b-a386-93f1bbf9dc13,2026-03-04,22:34:44.34,2026-03-04T16:34:44.3484672-06:00,2026-03-04T22:34:44.3484672Z,,v3,471459,471397,6981f38c47c5403d8cc8c83a27c654da,"Clark, Ben",10098571,Right,OAK_GOL,34192d99-2d36-459a-880d-451cacbbdae7,54.09992,-107.37723,9.52819,6.40782,2.6865,-19.63284,-1.44886,0.05764,3.22539,,,,,,,,,,,,,,,,,,,,,,,,,,,,,,,,,,,,,,,,,,,,,,,,,,,High,High,High,,,,,,34.204963,46.921656,1558.618573,0.682998,7:15,-0.719757,0.404035,0.56454,-42.376954,-9.643615,32.312026,172.955515,-16.972638,0.117298,-0.291915,-0.949224,17.094235,-6.736203,0.291915,-0.117298,0.949224,-17.094235,6.736203,-0.291915,0.117298,0.949224,-172.955515,16.972638,-0.117298,0.291915,-0.949224,,,
161,2026-03-04,16:35:04.56,1,3,"Ruhle, Stephen",804000,Right,OAK_GOL,"Grindlinger, Trent",815821,Right,TEN_VOL,Undefined,5,Bottom,0,0,2,Curveball,Curveball,FoulBallNotFieldable,Undefined,Undefined,Undefined,0,0,,74.27353,2.132823,-1.308388,2303.793085,34.184779,7:15,6.31496,1.42324,6.52176,-61.59204,-11.86264,-9.14067,3.1405,-0.53909,68.12072,-9.279661,-2.970823,0.507549,76.11872,-36.161705,-62.756853,,,,,5.75873,4.42585,-36.556117,0.050197,4.41925,-6.46489,-1.32849,50,6.43722,2.75716,-107.98456,2.3271,5.17039,20.40855,-39.73778,TEN_VOL,OAK_GOL,LindseyNelsonStadium,D1,SEC,20260304-LindseyNelsonStadium-1,635b9a40-181a-11f1-bda3-276ded76bcdc,74.26365,3.32027,,6.15282,,,,2.54623,3.32027,0.60904,efdb3acd-98ca-462b-a386-93f1bbf9dc13,2026-03-04,22:35:04.56,2026-03-04T16:35:04.5678080-06:00,2026-03-04T22:35:04.5678080Z,GroundBall,v3,471459,471397,6981f38c47c5403d8cc8c83a27c654da,"Clark, Ben",10098571,Right,OAK_GOL,a7e3c4b3-4560-4045-aaab-372664a27eea,53.9801,-108.73418,10.20428,6.32493,3.78669,-19.86889,-1.42627,2.56724,2.58519,180,2.54487,41.42885,,,,,,,,3.32244,-66.14456,,,,,,,,0.61169,-80.46272,,,,,,,,,,,,,,,,,,,,,,,,,,,,,,High,High,High,Low,Low,,,,28.216373,42.503466,1698.440283,0.737236,7:00,-0.647188,0.37347,0.66458,-49.428579,0.838216,33.27845,175.911307,20.246213,0.066895,0.346055,-0.935826,20.293665,3.835679,0.346055,0.066895,0.935826,-20.293665,-3.835679,-0.346055,-0.066895,0.935826,-175.911307,-20.246213,-0.066895,-0.346055,-0.935826,70.5449,18.91163,-19.93975
162,2026-03-04,16:35:30.67,1,4,"Ruhle, Stephen",804000,Right,OAK_GOL,"Grindlinger, Trent",815821,Right,TEN_VOL,Undefined,5,Bottom,0,0,2,Fastball,Four-Seam,FoulBallNotFieldable,Undefined,Undefined,Undefined,0,0,,87.62681,-3.378514,-3.131085,2209.57012,199.791354,12:45,6.32428,1.29046,7.18359,-14.69957,20.69985,6.9652,2.03053,-0.96843,78.82075,-6.293663,-1.852618,0.428222,78.64779,44.743955,71.46767,5005.70181,15.94286,81.29886,108.83849,230.57451,94.58075,89.276544,4.739641,-4.79244,12.64792,-1.11025,50,6.12265,6.70171,-126.97647,-7.76311,-7.66603,30.90204,-11.9423,TEN_VOL,OAK_GOL,LindseyNelsonStadium,D1,SEC,20260304-LindseyNelsonStadium-1,72cf7190-181a-11f1-bda3-276ded76bcdc,88.02072,84.12524,,8.80606,,,,-0.25361,1.9322,0.79692,efdb3acd-98ca-462b-a386-93f1bbf9dc13,2026-03-04,22:35:30.67,2026-03-04T16:35:30.6782208-06:00,2026-03-04T22:35:30.6782208Z,FlyBall,v3,471459,471397,6981f38c47c5403d8cc8c83a27c654da,"Clark, Ben",10098571,Right,OAK_GOL,06235a49-ed99-44eb-92cc-4b3c7be1d6d4,53.31144,-127.77983,15.45102,6.32043,-7.45264,-5.97115,-1.28706,6.901,-3.83302,219.475254,-0.23652,25.69377,-14.28251,2.98567,0.29,-0.33156,0.06313,-0.00219,-0.00026,1.94133,80.97112,-22.32374,-0.1885,1.93074,-1.11443,0.31995,-0.04554,0.00254,0.81363,77.30858,-10.91692,-0.40933,2.10422,-1.11147,0.28362,-0.03565,0.00176,,,,,,,,,,,,,,,,,,,,,,,High,High,High,Medium,Low,,,,215.604449,20.721933,2066.630046,0.935309,1:15,-0.362185,-0.564429,-0.741782,-8.427827,34.489271,38.771022,173.990408,3.949468,0.104446,0.068877,-0.992143,3.971223,5.995268,0.068877,0.104446,0.992143,-3.971223,-5.995268,-0.068877,-0.104446,0.992143,-173.990408,-3.949468,-0.104446,-0.068877,-0.992143,58.9843,10.17866,4.90708
163,2026-03-04,16:35:59.44,1,5,"Ruhle, Stephen",804000,Right,OAK_GOL,"Grindlinger, Trent",815821,Right,TEN_VOL,Undefined,5,Bottom,0,0,2,Curveball,Curveball,StrikeSwinging,Strikeout,Undefined,Undefined,0,0,,73.77313,0.419184,-0.332694,2277.112575,22.187413,6:45,6.32356,1.25413,6.55574,-66.23137,-14.81363,-6.85307,1.18864,0.378,66.66394,-11.861558,-1.584673,0.516093,,,,,,,,,,,,3.44669,-7.23662,-1.22874,50,6.3267,0.8499,-107.13251,-1.07382,3.87281,24.22806,-40.30526,TEN_VOL,OAK_GOL,LindseyNelsonStadium,D1,SEC,20260304-LindseyNelsonStadium-1,84051d20-181a-11f1-bda3-276ded76bcdc,73.0342,,,7.10919,,,,,,,efdb3acd-98ca-462b-a386-93f1bbf9dc13,2026-03-04,22:35:59.44,2026-03-04T16:35:59.4420224-06:00,2026-03-04T22:35:59.4420224Z,,v3,471459,471397,6981f38c47c5403d8cc8c83a27c654da,"Clark, Ben",10098571,Right,OAK_GOL,9052bb5e-a18c-4b78-b5b4-e162fc5ec01b,53.94276,-108.02049,12.11403,6.33899,0.40339,-20.15263,-1.25728,0.70796,1.9364,,,,,,,,,,,,,,,,,,,,,,,,,,,,,,,,,,,,,,,,,,,,,,,,,,,High,High,High,,,,,,28.8552,46.155254,1577.37099,0.692707,7:00,-0.715219,0.339566,0.610865,-47.295651,-4.274471,35.093264,179.905366,20.0853,0.001551,0.343419,-0.939181,20.085325,0.088878,0.343419,0.001551,0.939181,-20.085325,-0.088878,-0.343419,-0.001551,0.939181,-179.905366,-20.0853,-0.001551,-0.343419,-0.939181,,,
164,2026-03-04,16:36:41.80,2,1,"Ruhle, Stephen",804000,Right,OAK_GOL,"Myatt, Tyler",826051,Left,TEN_VOL,Undefined,5,Bottom,1,0,0,Fastball,Four-Seam,BallCalled,Undefined,Undefined,Undefined,0,0,,87.61692,-0.699635,-2.86527,2039.828005,203.090869,12:45,6.27649,1.3724,7.16495,-17.27678,17.79611,7.06378,4.20189,-0.63775,79.17302,-4.087759,-1.568849,0.426243,,,,,,,,,,,,-4.64855,10.10402,-1.20648,50,6.22955,6.11216,-127.23629,-1.9009,-7.52519,29.15064,-15.81735,TEN_VOL,OAK_GOL,LindseyNelsonStadium,D1,SEC,20260304-LindseyNelsonStadium-1,9d4076e0-181a-11f1-bda3-276ded76bcdc,88.4295,,,8.44389,,,,,,,efdb3acd-98ca-462b-a386-93f1bbf9dc13,2026-03-04,22:36:41.80,2026-03-04T16:36:41.8002432-06:00,2026-03-04T22:36:41.8002432Z,,v3,471459,471397,6981f38c47c5403d8cc8c83a27c654da,"Clark, Ben",10098571,Right,OAK_GOL,7de6d674-3c47-4d25-8a67-0b8fa7f43eab,53.32888,-127.99668,14.57532,6.27376,-1.4883,-7.90867,-1.36847,6.30846,-3.7626,,,,,,,,,,,,,,,,,,,,,,,,,,,,,,,,,,,,,,,,,,,,,,,,,,,High,High,High,,,,,,220.817466,24.16414,1861.091134,0.912376,1:15,-0.436052,-0.60133,-0.669523,-12.454313,33.148851,25.448072,169.518192,8.620676,0.179868,0.149892,-0.972204,8.764719,10.362072,0.149892,0.179868,0.972204,-8.764719,-10.362072,-0.149892,-0.179868,0.972204,-169.518192,-8.620676,-0.179868,-0.149892,-0.972204,,,
165,2026-03-04,16:37:05.12,2,2,"Ruhle, Stephen",804000,Right,OAK_GOL,"Myatt, Tyler",826051,Left,TEN_VOL,Undefined,5,Bottom,1,1,0,ChangeUp,Changeup,StrikeSwinging,Undefined,Undefined,Undefined,0,0,,81.16172,-3.100261,-2.097119,1491.716896,243.604978,2:00,6.22023,1.60782,7.32562,-32.87687,7.68961,12.69788,0.67499,0.77052,74.2269,-9.33141,0.249373,0.458411,,,,,,,,,,,,-7.53874,5.53992,-1.4939,50,6.03915,3.92866,-117.89493,-7.15525,-10.49145,24.75787,-24.4643,TEN_VOL,OAK_GOL,LindseyNelsonStadium,D1,SEC,20260304-LindseyNelsonStadium-1,ab1e6bf0-181a-11f1-bda3-276ded76bcdc,82.22413,,,6.93482,,,,,,,efdb3acd-98ca-462b-a386-93f1bbf9dc13,2026-03-04,22:37:05.12,2026-03-04T16:37:05.1247104-06:00,2026-03-04T22:37:05.1247104Z,,v3,471459,471397,6981f38c47c5403d8cc8c83a27c654da,"Clark, Ben",10098571,Right,OAK_GOL,ff755756-9ba6-4bd9-a4f2-fa54dfa86dfe,53.17219,-118.55922,12.37893,6.22233,-6.49885,-12.23215,-1.60309,4.21016,-5.24572,,,,,,,,,,,,,,,,,,,,,,,,,,,,,,,,,,,,,,,,,,,,,,,,,,,High,High,High,,,,,,232.929904,-8.554268,1475.122173,0.988875,1:45,0.16926,-0.779823,-0.602683,1.381984,6.794393,-33.198307,129.110125,-34.930025,0.636152,-0.572576,-0.517173,47.910388,-39.505462,0.572576,-0.636152,0.517173,-47.910388,39.505462,-0.572576,0.636152,0.517173,-129.110125,34.930025,-0.636152,0.572576,-0.517173,,,
166,2026-03-04,16:37:29.18,2,3,"Ruhle, Stephen",804000,Right,OAK_GOL,"Myatt, Tyler",826051,Left,TEN_VOL,Undefined,5,Bottom,1,1,1,Curveball,Curveball,FoulBallNotFieldable,Undefined,Undefined,Undefined,0,0,,75.79152,0.77,-0.80684,2317.037519,30.368744,7:00,6.36412,1.34252,6.44249,-58.70728,-10.50595,-7.1265,2.17948,0.00723,69.17197,-10.097911,-2.103183,0.49969,,,,,,,,,,,,3.47551,-5.30284,-1.28226,50,6.39301,1.78792,-110.16477,-0.19379,4.19894,22.65661,-38.58069,TEN_VOL,OAK_GOL,LindseyNelsonStadium,D1,SEC,20260304-LindseyNelsonStadium-1,b9887460-181a-11f1-bda3-276ded76bcdc,75.43161,,,6.61954,,,,,,,efdb3acd-98ca-462b-a386-93f1bbf9dc13,2026-03-04,22:37:29.18,2026-03-04T16:37:29.1870720-06:00,2026-03-04T22:37:29.1870720Z,,v3,471459,471397,6981f38c47c5403d8cc8c83a27c654da,"Clark, Ben",10098571,Right,OAK_GOL,de8dc38f-776b-48ea-9413-6a07a74ca203,54.05767,-110.99615,11.32831,6.37415,1.2219,-19.29035,-1.34505,1.63385,2.09947,,,,,,,,,,,,,,,,,,,,,,,,,,,,,,,,,,,,,,,,,,,,,,,,,,,High,High,High,,,,,,27.558551,47.903468,1553.299556,0.670382,7:00,-0.729339,0.320099,0.604649,-42.333891,-2.648385,40.846899,173.085858,-18.316529,0.114283,-0.314266,-0.942431,18.441661,-6.562254,0.314266,-0.114283,0.942431,-18.441661,6.562254,-0.314266,0.114283,0.942431,-173.085858,18.316529,-0.114283,0.314266,-0.942431,,,
167,2026-03-04,16:37:56.83,2,4,"Ruhle, Stephen",804000,Right,OAK_GOL,"Myatt, Tyler",826051,Left,TEN_VOL,Undefined,5,Bottom,1,1,2,ChangeUp,Changeup,StrikeSwinging,Strikeout,Undefined,Undefined,0,0,,81.37379,-1.557559,-2.399866,1511.864053,238.049505,2:00,6.16484,1.43253,7.44338,-31.73254,8.42886,11.28875,2.11493,0.2088,74.05827,-7.628085,-0.311951,0.456117,,,,,,,,,,,,-6.86225,5.49996,-1.30584,50,6.07383,4.60807,-118.2934,-3.93452,-9.60223,25.19446,-24.47806,TEN_VOL,OAK_GOL,LindseyNelsonStadium,D1,SEC,20260304-LindseyNelsonStadium-1,c9facff0-181a-11f1-bda3-276ded76bcdc,82.63774,,,7.31552,,,,,,,efdb3acd-98ca-462b-a386-93f1bbf9dc13,2026-03-04,22:37:56.83,2026-03-04T16:37:56.8380000-06:00,2026-03-04T22:37:56.8380000Z,,v3,471459,471397,6981f38c47c5403d8cc8c83a27c654da,"Clark, Ben",10098571,Right,OAK_GOL,f22b3fe3-922c-4f25-9370-83f79b03ee5d,53.05302,-118.94186,12.59723,6.16699,-3.30449,-12.23903,-1.42762,4.85522,-4.80112,,,,,,,,,,,,,,,,,,,,,,,,,,,,,62.17509,2.593843,1.421773,1.17207,-0.22586,1.8918,-0.20081,-2.61844,5.79817,0.39486,74.9246,9.77808,-49.85625,-2.53407,71.91732,-4.95412,5.9073,20.96305,-15.03833,0.27025,-49.15815,5.42256,High,High,High,,,High,High,High,236.246198,-10.177588,1488.074574,0.984265,1:45,0.175804,-0.813245,-0.554731,3.179648,-9.192146,-32.12985,141.348942,-39.022695,0.485231,-0.629628,-0.606728,46.061107,-29.027597,0.629628,-0.485231,0.606728,-46.061107,29.027597,-0.629628,0.485231,0.606728,-141.348942,39.022695,-0.485231,0.629628,-0.606728,,,
168,2026-03-04,16:38:34.87,3,1,"Ruhle, Stephen",804000,Right,OAK_GOL,"Abernathy, Jay",815337,Left,TEN_VOL,Undefined,5,Bottom,2,0,0,Fastball,Four-Seam,BallCalled,Undefined,Undefined,Undefined,0,0,,88.58199,-0.858136,-1.72959,2143.963677,207.006955,1:00,6.38603,1.15118,6.90569,-14.76662,19.80336,9.48256,4.3735,0.36566,80.11518,-3.767999,0.004457,0.423176,,,,,,,,,,,,-5.52693,11.1089,-1.04491,50,6.326,3.52684,-128.70154,-2.21758,-9.16653,29.49975,-13.74965,TEN_VOL,OAK_GOL,LindseyNelsonStadium,D1,SEC,20260304-LindseyNelsonStadium-1,e09985d0-181a-11f1-bda3-276ded76bcdc,89.07033,,,8.46682,,,,,,,efdb3acd-98ca-462b-a386-93f1bbf9dc13,2026-03-04,22:38:34.87,2026-03-04T16:38:34.8718592-06:00,2026-03-04T22:38:34.8718592Z,,v3,471459,471397,6981f38c47c5403d8cc8c83a27c654da,"Clark, Ben",10098571,Right,OAK_GOL,69acc3e5-a5d3-4d32-b3f4-73ff3cd695b9,53.58873,-129.5215,14.74988,6.38233,-1.8354,-6.87482,-1.14648,3.78163,-4.58326,,,,,,,,,,,,,,,,,,,,,,,,,,,,,,,,,,,,,,,,,,,,,,,,,,,High,High,High,,,,,,215.075555,14.56452,2075.067567,0.967865,1:15,-0.266909,-0.559893,-0.784397,0.764689,27.905992,51.754922,170.273359,8.652388,0.167025,0.150439,-0.974408,8.776629,9.614888,0.150439,0.167025,0.974408,-8.776629,-9.614888,-0.150439,-0.167025,0.974408,-170.273359,-8.652388,-0.167025,-0.150439,-0.974408,,,
169,2026-03-04,16:38:55.82,3,2,"Ruhle, Stephen",804000,Right,OAK_GOL,"Abernathy, Jay",815337,Left,TEN_VOL,Undefined,5,Bottom,2,1,0,ChangeUp,Changeup,FoulBallNotFieldable,Undefined,Undefined,Undefined,0,0,,79.8481,-1.347342,-2.171036,1440.198613,232.091199,1:45,6.3107,1.40873,7.45335,-32.50329,9.09516,9.86579,2.38676,0.27339,72.8143,-7.565799,-0.345764,0.464205,78.78866,18.955354,48.342806,3655.197862,67.73798,19.39946,86.66902,180.64178,138.91802,55.990864,2.072033,-6.07126,5.77154,-1.29483,50,6.23076,4.11592,-116.14394,-3.44136,-8.19991,24.03243,-24.37898,TEN_VOL,OAK_GOL,LindseyNelsonStadium,D1,SEC,20260304-LindseyNelsonStadium-1,ed188720-181a-11f1-bda3-276ded76bcdc,81.19783,19.89892,,7.0338,,,,2.66273,2.52501,-0.34924,efdb3acd-98ca-462b-a386-93f1bbf9dc13,2026-03-04,22:38:55.82,2026-03-04T16:38:55.8254592-06:00,2026-03-04T22:38:55.8254592Z,LineDrive,v3,471459,471397,6981f38c47c5403d8cc8c83a27c654da,"Clark, Ben",10098571,Right,OAK_GOL,30680b3e-4bf8-41e5-8b60-01185b3f0bf4,53.04467,-116.77225,12.01621,6.31241,-2.804,-12.18949,-1.40524,4.3303,-4.09995,260.354334,2.66268,72.64608,-16.07999,2.95956,-0.97099,0.46962,-0.19823,0.04768,-0.00474,2.52499,37.53791,-22.10332,2.37114,-0.61571,0.23578,-0.08419,0.01916,-0.00187,-0.34921,81.65128,-4.49458,-0.11511,0.35311,-0.34453,0.17218,-0.04485,0.00473,,,,,,,,,,,,,,,,,,,,,,,High,High,High,High,Medium,,,,231.395718,-10.803872,1414.670497,0.982275,1:45,0.18208,-0.763002,-0.620221,9.953145,-11.085104,-40.639075,141.800052,-35.433274,0.503873,-0.579754,-0.64031,42.158576,-30.256579,0.579754,-0.503873,0.64031,-42.158576,30.256579,-0.579754,0.503873,0.64031,-141.800052,35.433274,-0.503873,0.579754,-0.64031,70.11591,25.05698,29.40421
170,2026-03-04,16:39:20.04,3,3,"Ruhle, Stephen",804000,Right,OAK_GOL,"Abernathy, Jay",815337,Left,TEN_VOL,Undefined,5,Bottom,2,1,1,Curveball,Curveball,BallCalled,Undefined,Undefined,Undefined,0,0,,73.93989,-0.517386,-1.089487,2321.326921,31.271037,7:00,6.36062,1.24568,6.43396,-62.39873,-12.28135,-8.38867,0.68515,-0.45473,68.64188,-11.968899,-2.618353,0.509525,,,,,,,,,,,,4.1076,-5.92516,-1.16455,50,6.29587,2.30904,-107.60556,-2.69634,4.78771,19.7004,-39.08024,TEN_VOL,OAK_GOL,LindseyNelsonStadium,D1,SEC,20260304-LindseyNelsonStadium-1,fb8d6500-181a-11f1-bda3-276ded76bcdc,73.97563,,,5.29801,,,,,,,efdb3acd-98ca-462b-a386-93f1bbf9dc13,2026-03-04,22:39:20.04,2026-03-04T16:39:20.0424448-06:00,2026-03-04T22:39:20.0424448Z,,v3,471459,471397,6981f38c47c5403d8cc8c83a27c654da,"Clark, Ben",10098571,Right,OAK_GOL,2772eeae-2343-4a21-84d0-576d61618bcb,54.06877,-108.34791,9.8502,6.36972,-1.22372,-19.54012,-1.24816,2.12863,2.39385,,,,,,,,,,,,,,,,,,,,,,,,,,,,,,,,,,,,,,,,,,,,,,,,,,,High,High,High,,,,,,31.850571,48.96714,1523.931979,0.656492,7:00,-0.746691,0.339609,0.571943,-29.885259,-22.864431,18.419042,173.611789,-19.34629,0.104982,-0.331277,-0.937675,19.458108,-6.026115,0.331277,-0.104982,0.937675,-19.458108,6.026115,-0.331277,0.104982,0.937675,-173.611789,19.34629,-0.104982,0.331277,-0.937675,,,
171,2026-03-04,16:39:44.65,3,4,"Ruhle, Stephen",804000,Right,OAK_GOL,"Abernathy, Jay",815337,Left,TEN_VOL,Undefined,5,Bottom,2,2,1,Curveball,Curveball,BallCalled,Undefined,Undefined,Undefined,0,0,,74.21511,2.503963,-1.471698,2354.335357,37.344174,7:15,6.38656,1.34765,6.39942,-62.94877,-12.77867,-10.99638,3.44571,-0.92239,67.90792,-9.137061,-3.46559,0.509793,,,,,,,,,,,,5.24949,-6.86414,-1.23763,50,6.53866,3.1391,-107.82095,2.91139,6.11284,20.63785,-40.1671,TEN_VOL,OAK_GOL,LindseyNelsonStadium,D1,SEC,20260304-LindseyNelsonStadium-1,0a416ec0-181b-11f1-bda3-276ded76bcdc,73.93674,,,6.30719,,,,,,,efdb3acd-98ca-462b-a386-93f1bbf9dc13,2026-03-04,22:39:44.65,2026-03-04T16:39:44.6592000-06:00,2026-03-04T22:39:44.6592000Z,,v3,471459,471397,6981f38c47c5403d8cc8c83a27c654da,"Clark, Ben",10098571,Right,OAK_GOL,b51c3d7e-f433-4ca1-aab1-51c0c2d3c180,54.1018,-108.60324,10.31893,6.39945,4.43393,-20.08355,-1.35223,2.9074,3.05642,,,,,,,,,,,,,,,,,,,,,,,,,,,,,,,,,,,,,,,,,,,,,,,,,,,High,High,High,,,,,,25.512196,42.024146,1748.948084,0.742863,6:45,-0.637392,0.348895,0.687026,-34.780121,1.951563,39.777203,169.82009,-16.838609,0.169162,-0.289677,-0.942057,17.092344,-9.739091,0.289677,-0.169162,0.942057,-17.092344,9.739091,-0.289677,0.169162,0.942057,-169.82009,16.838609,-0.169162,0.289677,-0.942057,,,
172,2026-03-04,16:40:05.65,3,5,"Ruhle, Stephen",804000,Right,OAK_GOL,"Abernathy, Jay",815337,Left,TEN_VOL,Undefined,5,Bottom,2,3,1,Fastball,Four-Seam,BallCalled,Walk,Undefined,Undefined,0,0,,86.27724,-1.479239,-2.135844,2055.348535,205.562172,12:45,6.34891,1.37574,7.04222,-15.18017,20.79218,9.38953,3.73894,0.21714,78.73424,-4.458578,-0.414836,0.431674,,,,,,,,,,,,-5.59866,11.86886,-1.24881,50,6.25351,4.34681,-125.42834,-3.52725,-8.89718,25.94904,-13.31253,TEN_VOL,OAK_GOL,LindseyNelsonStadium,D1,SEC,20260304-LindseyNelsonStadium-1,16c440a0-181b-11f1-bda3-276ded76bcdc,87.31691,,,7.543,,,,,,,efdb3acd-98ca-462b-a386-93f1bbf9dc13,2026-03-04,22:40:05.65,2026-03-04T16:40:05.6548864-06:00,2026-03-04T22:40:05.6548864Z,,v3,471459,471397,6981f38c47c5403d8cc8c83a27c654da,"Clark, Ben",10098571,Right,OAK_GOL,a64f53d0-35c6-4290-84d6-11563173dba5,53.45398,-126.14089,12.97452,6.34535,-3.16169,-6.65626,-1.37153,4.59112,-4.44859,,,,,,,,,,,,,,,,,,,,,,,,,,,,,,,,,,,,,,,,,,,,,,,,,,,High,High,High,,,,,,213.899475,21.224382,1915.933887,0.93217,1:15,-0.377073,-0.529078,-0.760192,-4.743365,28.787763,36.21051,169.860744,7.085571,0.174697,0.123352,-0.976865,7.196814,10.061014,0.123352,0.174697,0.976865,-7.196814,-10.061014,-0.123352,-0.174697,0.976865,-169.860744,-7.085571,-0.174697,-0.123352,-0.976865,,,
173,2026-03-04,16:40:51.40,4,1,"Ruhle, Stephen",804000,Right,OAK_GOL,"Ford, Henry",814822,Right,TEN_VOL,Undefined,5,Bottom,2,0,0,Curveball,Curveball,StrikeCalled,Undefined,Undefined,Undefined,1,0,,74.20581,1.176828,-1.62234,2353.878626,22.393071,6:45,6.40997,1.2328,6.12024,-63.73448,-13.39347,-6.15248,2.1873,-0.78011,68.58815,-10.497141,-2.734294,0.510661,,,,,,,,,,,,2.70969,-6.78359,-1.10549,50,6.4673,3.26487,-107.90207,0.3201,3.18172,19.48153,-40.13938,TEN_VOL,OAK_GOL,LindseyNelsonStadium,D1,SEC,20260304-LindseyNelsonStadium-1,32022120-181b-11f1-bda3-276ded76bcdc,73.81113,,,5.61766,,,,,,,efdb3acd-98ca-462b-a386-93f1bbf9dc13,2026-03-04,22:40:51.40,2026-03-04T16:40:51.4040000-06:00,2026-03-04T22:40:51.4040000Z,,v3,471459,471397,6981f38c47c5403d8cc8c83a27c654da,"Clark, Ben",10098571,Right,OAK_GOL,78d76907-a451-4ee7-af57-977237735cc6,54.38213,-108.69038,9.74076,6.42149,1.94431,-20.06969,-1.23499,3.13612,1.59086,,,,,,,,,,,,,,,,,,,,,,,,,,,,,77.49552,1.893503,0.624435,1.269067,0.39,1.99463,0.82934,0.22768,5.703,1.87891,127.27791,2.57218,1.27679,0.33885,111.41894,-9.07816,5.74024,14.1442,-13.1498,1.8476,-2.81476,1.89142,High,High,High,,,High,High,High,27.779357,53.587454,1397.250878,0.593595,7:00,-0.783723,0.293126,0.54759,-15.571927,-32.043946,9.274139,169.491887,-18.970088,0.17247,-0.325074,-0.929828,19.269983,-9.931444,0.325074,-0.17247,0.929828,-19.269983,9.931444,-0.325074,0.17247,0.929828,-169.491887,18.970088,-0.17247,0.325074,-0.929828,,,
174,2026-03-04,16:43:58.72,1,1,"Bishop, Jax",828127,Right,TEN_VOL,"Halloran, Boston",1000096826,Right,OAK_GOL,Undefined,6,Top,0,0,0,Sinker,Sinker,FoulBallNotFieldable,Undefined,Undefined,Undefined,0,0,,89.95595,-0.007191,-3.843358,1935.170056,246.647528,2:15,5.40799,1.36426,5.84581,-26.99273,7.58563,15.09076,3.1519,-0.95505,82.35111,-5.018818,-1.144181,0.423227,70.91734,63.040442,79.158708,6893.382353,,,,,10.54765,,,-8.76749,4.19807,-1.06023,50,5.39153,8.12456,-130.48277,-0.95006,-15.15748,26.74083,-24.91628,TEN_VOL,OAK_GOL,LindseyNelsonStadium,D1,SEC,20260304-LindseyNelsonStadium-1,a19eab70-181b-11f1-bda3-276ded76bcdc,89.05955,21.22872,,7.60484,,,,0.64724,2.99091,0.95772,efdb3acd-98ca-462b-a386-93f1bbf9dc13,2026-03-04,22:43:58.72,2026-03-04T16:43:58.7258368-06:00,2026-03-04T22:43:58.7258368Z,,v3,471459,471397,6981f38c47c5403d8cc8c83a27c654da,"Grindlinger, Trent",815821,Right,TEN_VOL,9c79e16a-5e06-4363-a88a-4845b3bb65a1,54.653,-131.43289,13.37042,5.40956,-0.06477,-12.45814,-1.35847,8.66312,-7.57874,205.902995,0.64905,8.75435,-10.33167,,,,,,,2.99219,92.6275,-25.54406,,,,,,,0.95837,46.27272,-6.29503,,,,,,,,,,,,,,,,,,,,,,,,,,,,,High,High,High,Medium,Undefined,,,,234.486717,22.90186,1782.625962,0.921173,1:45,-0.424052,-0.749866,-0.50782,28.724315,57.439167,12.129299,161.19646,-68.099015,0.120228,-0.92783,-0.353096,69.165104,-6.905268,0.92783,-0.120228,0.353096,-69.165104,6.905268,-0.92783,0.120228,0.353096,-161.19646,68.099015,-0.120228,0.92783,-0.353096,64.73042,15.26983,1.04763
175,2026-03-04,16:44:14.38,1,2,"Bishop, Jax",828127,Right,TEN_VOL,"Halloran, Boston",1000096826,Right,OAK_GOL,Undefined,6,Top,0,0,1,Sinker,Sinker,BallCalled,Undefined,Undefined,Undefined,0,0,,91.07396,0.510428,-6.293033,2010.124178,237.447894,2:00,5.42724,1.24324,6.14611,-21.69415,11.82666,16.90828,4.09392,-3.18615,83.24429,-3.564512,-3.272191,0.416705,,,,,,,,,,,,-10.20674,6.28378,-0.76992,50,5.45503,13.77308,-131.64081,0.49766,-18.0254,26.26582,-21.07669,TEN_VOL,OAK_GOL,LindseyNelsonStadium,D1,SEC,20260304-LindseyNelsonStadium-1,aafc6f90-181b-11f1-bda3-276ded76bcdc,90.45355,,,7.82967,,,,,,,efdb3acd-98ca-462b-a386-93f1bbf9dc13,2026-03-04,22:44:14.38,2026-03-04T16:44:14.3827968-06:00,2026-03-04T22:44:14.3827968Z,,v3,471459,471397,6981f38c47c5403d8cc8c83a27c654da,"Grindlinger, Trent",815821,Right,TEN_VOL,0b59171f-c4a1-42d7-bc49-25407a107b14,54.34992,-132.50589,13.13291,5.42721,1.19184,-10.53835,-1.23332,14.36676,-9.0127,,,,,,,,,,,,,,,,,,,,,,,,,,,,,,,,,,,,,,,,,,,,,,,,,,,High,High,High,,,,,,226.295133,26.673988,1796.197289,0.893575,1:30,-0.519587,-0.641948,-0.563854,24.487507,43.604255,-9.984215,162.917337,-70.25066,0.09926,-0.94118,-0.322998,71.058587,-5.696572,0.94118,-0.09926,0.322998,-71.058587,5.696572,-0.94118,0.09926,0.322998,-162.917337,70.25066,-0.09926,0.94118,-0.322998,,,
176,2026-03-04,16:44:32.90,1,3,"Bishop, Jax",828127,Right,TEN_VOL,"Halloran, Boston",1000096826,Right,OAK_GOL,Undefined,6,Top,0,1,1,Sinker,Changeup,BallCalled,Undefined,Undefined,Undefined,0,0,,89.76466,-1.038374,-6.303734,1842.160316,243.578014,2:00,5.40991,1.28624,6.09926,-25.24529,9.28378,16.55757,2.33986,-3.18756,82.4023,-5.740186,-3.34615,0.422925,,,,,,,,,,,,-10.09213,5.39319,-0.80763,50,5.31628,13.63764,-129.76747,-3.19131,-17.33499,25.29325,-22.91032,TEN_VOL,OAK_GOL,LindseyNelsonStadium,D1,SEC,20260304-LindseyNelsonStadium-1,b601c930-181b-11f1-bda3-276ded76bcdc,89.12312,,,7.36236,,,,,,,efdb3acd-98ca-462b-a386-93f1bbf9dc13,2026-03-04,22:44:32.90,2026-03-04T16:44:32.9094656-06:00,2026-03-04T22:44:32.9094656Z,,v3,471459,471397,6981f38c47c5403d8cc8c83a27c654da,"Grindlinger, Trent",815821,Right,TEN_VOL,a89c39fd-265e-48f7-8aac-5f0ec919ae51,54.39869,-130.62201,12.64662,5.41103,-2.41727,-11.45516,-1.27828,14.22332,-8.66749,,,,,,,,,,,,,,,,,,,,,,,,,,,,,,,,,,,,,,,,,,,,,,,,,,,High,High,High,,,,,,232.799889,21.598716,1712.81254,0.929785,1:45,-0.414201,-0.747149,-0.519812,42.416367,58.077191,26.829895,168.205735,-70.769305,0.067323,-0.9442,-0.322419,71.146352,-3.86025,0.9442,-0.067323,0.322419,-71.146352,3.86025,-0.9442,0.067323,0.322419,-168.205735,70.769305,-0.067323,0.9442,-0.322419,,,
177,2026-03-04,16:44:50.25,1,4,"Bishop, Jax",828127,Right,TEN_VOL,"Halloran, Boston",1000096826,Right,OAK_GOL,Undefined,6,Top,0,2,1,Sinker,Changeup,FoulBallNotFieldable,Undefined,Undefined,Undefined,0,0,,89.62667,-1.32666,-2.942202,1806.806047,246.071579,2:15,5.45702,1.35219,5.82306,-26.15612,8.80949,17.30777,2.04215,0.05684,81.89779,-6.188157,0.158657,0.425591,,,,,,,,,,,,-9.71067,5.20819,-1.12204,50,5.33296,5.95091,-130.03988,-3.91015,-16.59554,27.76725,-23.27325,TEN_VOL,OAK_GOL,LindseyNelsonStadium,D1,SEC,20260304-LindseyNelsonStadium-1,c05bc7a0-181b-11f1-bda3-276ded76bcdc,88.56503,,,7.72888,,,,,,,efdb3acd-98ca-462b-a386-93f1bbf9dc13,2026-03-04,22:44:50.25,2026-03-04T16:44:50.2558208-06:00,2026-03-04T22:44:50.2558208Z,,v3,471459,471397,6981f38c47c5403d8cc8c83a27c654da,"Grindlinger, Trent",815821,Right,TEN_VOL,4ae893b8-05d9-4432-8819-d303b1eeb3ab,54.67571,-131.03447,13.88363,5.45809,-3.07653,-11.63662,-1.34585,6.54534,-8.29777,,,,,,,,,,,,,,,,,,,,,,,,,,,,,,,,,,,,,,,,,,,,,,,,,,,High,High,High,,,,,,229.678689,23.49978,1656.952448,0.917062,1:45,-0.412405,-0.708238,-0.572993,54.911545,61.048567,39.708936,157.844501,-70.037571,0.128751,-0.939917,-0.316196,71.406626,-7.39741,0.939917,-0.128751,0.316196,-71.406626,7.39741,-0.939917,0.128751,0.316196,-157.844501,70.037571,-0.128751,0.939917,-0.316196,,,
178,2026-03-04,16:45:10.26,1,5,"Bishop, Jax",828127,Right,TEN_VOL,"Halloran, Boston",1000096826,Right,OAK_GOL,Undefined,6,Top,0,2,2,Sinker,Sinker,BallCalled,Undefined,Undefined,Undefined,0,0,,90.76547,-1.579217,-4.654547,1909.28826,237.95972,2:00,5.47383,1.28811,5.96135,-21.70344,12.59934,18.20044,2.19567,-1.52062,82.13991,-5.670986,-1.396367,0.421537,,,,,,,,,,,,-10.64969,7.29087,-0.92776,50,5.33611,9.88641,-131.30821,-4.32609,-18.43082,30.07497,-19.55616,TEN_VOL,OAK_GOL,LindseyNelsonStadium,D1,SEC,20260304-LindseyNelsonStadium-1,cc49d390-181b-11f1-bda3-276ded76bcdc,89.41661,,,8.62556,,,,,,,efdb3acd-98ca-462b-a386-93f1bbf9dc13,2026-03-04,22:45:10.26,2026-03-04T16:45:10.2630400-06:00,2026-03-04T22:45:10.2630400Z,,v3,471459,471397,6981f38c47c5403d8cc8c83a27c654da,"Grindlinger, Trent",815821,Right,TEN_VOL,5d58925f-9bf1-4b6b-a0eb-7bc7dba7f29c,54.53421,-132.34266,15.03748,5.47334,-3.65344,-9.77808,-1.27871,10.52035,-9.21541,,,,,,,,,,,,,,,,,,,,,,,,,,,,,,,,,,,,,,,,,,,,,,,,,,,High,High,High,,,,,,226.71552,16.376837,1831.824688,0.959428,1:30,-0.315112,-0.705929,-0.634325,49.830812,53.889997,41.405038,164.835369,-67.95962,0.098166,-0.92692,-0.362193,68.656988,-5.633544,0.92692,-0.098166,0.362193,-68.656988,5.633544,-0.92692,0.098166,0.362193,-164.835369,67.95962,-0.098166,0.92692,-0.362193,,,
179,2026-03-04,16:45:25.87,1,6,"Bishop, Jax",828127,Right,TEN_VOL,"Halloran, Boston",1000096826,Right,OAK_GOL,Undefined,6,Top,0,3,2,Sinker,Changeup,StrikeSwinging,Strikeout,Undefined,Undefined,0,0,,88.71124,-1.409704,-1.84714,1841.489488,243.695421,2:00,5.44159,1.35682,5.68007,-26.16887,10.37134,18.16032,1.94583,1.14776,79.60844,-6.307058,1.401216,0.435068,,,,,,,,,,,,-9.79457,6.14882,-1.21259,50,5.30675,3.3362,-128.48322,-4.05194,-16.01907,31.98003,-22.11764,TEN_VOL,OAK_GOL,LindseyNelsonStadium,D1,SEC,20260304-LindseyNelsonStadium-1,d59e21d0-181b-11f1-bda3-276ded76bcdc,86.63574,,,9.1028,,,,,,,efdb3acd-98ca-462b-a386-93f1bbf9dc13,2026-03-04,22:45:25.87,2026-03-04T16:45:25.8740000-06:00,2026-03-04T22:45:25.8740000Z,,v3,471459,471397,6981f38c47c5403d8cc8c83a27c654da,"Grindlinger, Trent",815821,Right,TEN_VOL,172b2f13-b174-4178-88de-4299d042555d,54.81438,-129.676,15.99001,5.44249,-3.227,-11.05882,-1.34817,3.93368,-8.00953,,,,,,,,,,,,,,,,,,,,,,,,,,,,,63.68646,2.717158,1.612544,1.104614,-0.51921,1.72831,-1.19711,-0.34229,5.76135,2.65709,71.15441,8.31861,-53.62622,-0.29492,69.24619,-4.12302,5.82807,18.27152,-14.48635,2.55032,-58.00284,6.45105,High,High,High,,,High,High,High,231.697778,18.29444,1748.413142,0.949456,1:45,-0.31429,-0.752585,-0.578652,44.2549,52.499258,35.116024,173.462135,-69.928656,0.039076,-0.939266,-0.340958,70.048856,-2.239434,0.939266,-0.039076,0.340958,-70.048856,2.239434,-0.939266,0.039076,0.340958,-173.462135,69.928656,-0.039076,0.939266,-0.340958,,,
180,2026-03-04,16:45:54.95,2,1,"Bishop, Jax",828127,Right,TEN_VOL,"Schuck, Aidan",1000228502,Right,OAK_GOL,Undefined,6,Top,1,0,0,Sinker,Sinker,InPlay,Undefined,LineDrive,Out,1,0,,90.30123,-0.650299,-2.737942,1902.435429,244.514055,2:15,5.53926,1.29531,5.86168,-24.55486,10.16587,18.75064,2.88818,0.31241,81.59156,-5.256382,0.623633,0.424098,76.70134,11.883055,-20.02758,1004.929406,102.23127,10.65055,-40.60387,164.68232,140.79891,-22.547417,1.757354,-10.46512,5.75536,-1.08433,50,5.47234,5.45276,-130.93412,-2.31023,-17.93678,30.91964,-22.30966,TEN_VOL,OAK_GOL,LindseyNelsonStadium,D1,SEC,20260304-LindseyNelsonStadium-1,e6e818b0-181b-11f1-bda3-276ded76bcdc,88.87679,11.89166,,8.70967,,,,0.87895,2.84508,-0.3235,efdb3acd-98ca-462b-a386-93f1bbf9dc13,2026-03-04,22:45:54.95,2026-03-04T16:45:54.9552128-06:00,2026-03-04T22:45:54.9552128Z,LineDrive,v3,471459,471397,6981f38c47c5403d8cc8c83a27c654da,"Grindlinger, Trent",815821,Right,TEN_VOL,b130a21e-6396-4130-8d95-88776101494d,54.6356,-132.02426,15.45982,5.53992,-1.52365,-11.15483,-1.28772,6.08516,-8.96839,135.221839,0.87895,103.42731,-12.12832,1.74283,-0.34557,0.05673,-0.00877,0.00131,-0.00011,2.84508,23.16441,-15.4928,0.94044,-0.12755,0.02978,-0.00362,0.0003,-3E-05,-0.3235,-37.70085,1.07861,0.07,-0.04488,0.01247,-0.00268,0.00037,-3E-05,,,,,,,,,,,,,,,,,,,,,,,High,High,High,High,High,,,,229.931001,20.91623,1777.071375,0.934103,1:45,-0.377191,-0.718847,-0.58394,36.427931,52.76391,22.439755,166.824233,-67.384467,0.087653,-0.923106,-0.374423,67.921951,-5.028598,0.923106,-0.087653,0.374423,-67.921951,5.028598,-0.923106,0.087653,0.374423,-166.824233,67.384467,-0.087653,0.923106,-0.374423,69.45737,9.06615,-11.70201
181,2026-03-04,16:46:22.74,3,1,"Bishop, Jax",828127,Right,TEN_VOL,"Revere, Kyle",1000238496,Right,OAK_GOL,Undefined,6,Top,2,0,0,Sinker,Sinker,BallCalled,Undefined,Undefined,Undefined,0,0,,89.94294,-1.282576,-4.49461,1881.672176,241.700942,2:00,5.47728,1.23419,5.86364,-24.1869,10.92674,17.96284,2.26637,-1.45279,81.2651,-5.818952,-1.283408,0.426491,,,,,,,,,,,,-10.48599,6.3513,-0.87939,50,5.35916,9.43338,-130.11687,-3.72452,-17.78035,30.08846,-21.4046,TEN_VOL,OAK_GOL,LindseyNelsonStadium,D1,SEC,20260304-LindseyNelsonStadium-1,f77946e0-181b-11f1-bda3-276ded76bcdc,88.37814,,,8.67784,,,,,,,efdb3acd-98ca-462b-a386-93f1bbf9dc13,2026-03-04,22:46:22.74,2026-03-04T16:46:22.7473920-06:00,2026-03-04T22:46:22.7473920Z,,v3,471459,471397,6981f38c47c5403d8cc8c83a27c654da,"Grindlinger, Trent",815821,Right,TEN_VOL,350b026e-542f-4b14-b7fa-a652ecc6d13a,54.63178,-131.18356,15.04423,5.47775,-2.96569,-10.7023,-1.22499,10.06372,-8.89018,,,,,,,,,,,,,,,,,,,,,,,,,,,,,,,,,,,,,,,,,,,,,,,,,,,High,High,High,,,,,,231.609789,17.801065,1791.584697,0.952124,1:45,-0.33438,-0.75293,-0.566821,38.514066,53.620357,26.089542,166.114226,-70.04696,0.081896,-0.939973,-0.331277,70.58587,-4.697529,0.939973,-0.081896,0.331277,-70.58587,4.697529,-0.939973,0.081896,0.331277,-166.114226,70.04696,-0.081896,0.939973,-0.331277,,,
182,2026-03-04,16:46:36.93,3,2,"Bishop, Jax",828127,Right,TEN_VOL,"Revere, Kyle",1000238496,Right,OAK_GOL,Undefined,6,Top,2,1,0,Slider,Curveball,StrikeCalled,Undefined,Undefined,Undefined,0,0,,78.35912,0.689473,-0.911333,2144.42667,23.293337,6:45,5.28927,1.43862,5.3796,-50.23184,-3.94925,-2.30732,1.74971,0.39199,72.20318,-8.437453,-1.322208,0.489644,,,,,,,,,,,,0.90646,-1.71941,-1.35542,50,5.31545,1.90172,-113.80843,-0.36408,1.19013,20.67974,-34.43156,TEN_VOL,OAK_GOL,LindseyNelsonStadium,D1,SEC,20260304-LindseyNelsonStadium-1,fff70b40-181b-11f1-bda3-276ded76bcdc,76.97931,,,6.15593,,,,,,,efdb3acd-98ca-462b-a386-93f1bbf9dc13,2026-03-04,22:46:36.93,2026-03-04T16:46:36.9327616-06:00,2026-03-04T22:46:36.9327616Z,,v3,471459,471397,6981f38c47c5403d8cc8c83a27c654da,"Grindlinger, Trent",815821,Right,TEN_VOL,dff3f1d3-9b84-446c-b6c5-bbf2800fe84f,55.11932,-114.73487,10.33987,5.29721,1.17844,-17.21578,-1.43942,1.84841,0.59507,,,,,,,,,,,,,,,,,,,,,,,,,,,,,,,,,,,,,,,,,,,,,,,,,,,High,High,High,,,,,,52.592555,73.457307,610.581988,0.28473,7:45,-0.952945,0.23769,0.188148,86.554168,-28.187125,56.477507,167.505849,-22.075317,0.20048,-0.375825,-0.904745,22.557679,-11.565042,0.375825,-0.20048,0.904745,-22.557679,11.565042,-0.375825,0.20048,0.904745,-167.505849,22.075317,-0.20048,0.375825,-0.904745,,,
183,2026-03-04,16:46:53.81,3,3,"Bishop, Jax",828127,Right,TEN_VOL,"Revere, Kyle",1000238496,Right,OAK_GOL,Undefined,6,Top,2,1,1,Sinker,Sinker,StrikeCalled,Undefined,Undefined,Undefined,0,0,,89.74398,-0.464025,-3.98397,1965.812044,243.589492,2:00,5.54677,1.23778,5.77593,-25.05879,10.04182,17.85485,3.02572,-0.98733,81.55826,-5.141081,-0.79468,0.426411,,,,,,,,,,,,-10.18567,5.60512,-0.91897,50,5.49339,8.2661,-130.01859,-1.91038,-17.36134,28.34661,-22.62018,TEN_VOL,OAK_GOL,LindseyNelsonStadium,D1,SEC,20260304-LindseyNelsonStadium-1,0a070860-181c-11f1-bda3-276ded76bcdc,88.39457,,,8.18572,,,,,,,efdb3acd-98ca-462b-a386-93f1bbf9dc13,2026-03-04,22:46:53.81,2026-03-04T16:46:53.8150912-06:00,2026-03-04T22:46:53.8150912Z,,v3,471459,471397,6981f38c47c5403d8cc8c83a27c654da,"Grindlinger, Trent",815821,Right,TEN_VOL,59234d23-3bf9-4170-a045-b2f81efc4d56,54.72069,-131.04375,14.1733,5.54769,-1.09232,-11.31009,-1.22927,8.89397,-8.68067,,,,,,,,,,,,,,,,,,,,,,,,,,,,,,,,,,,,,,,,,,,,,,,,,,,High,High,High,,,,,,229.264768,22.495287,1816.23539,0.923911,1:45,-0.417903,-0.703154,-0.575267,34.562925,54.914553,17.813999,162.606903,-66.636354,0.118544,-0.918006,-0.378433,67.596899,-6.808061,0.918006,-0.118544,0.378433,-67.596899,6.808061,-0.918006,0.118544,0.378433,-162.606903,66.636354,-0.118544,0.918006,-0.378433,,,
184,2026-03-04,16:47:10.96,3,4,"Bishop, Jax",828127,Right,TEN_VOL,"Revere, Kyle",1000238496,Right,OAK_GOL,Undefined,6,Top,2,1,2,ChangeUp,Changeup,FoulBallNotFieldable,Undefined,Undefined,Undefined,0,0,,81.54812,-0.184925,-2.752582,1519.865151,268.267798,3:00,5.17748,1.51506,6.23374,-39.83234,1.93091,17.60914,1.68734,0.44129,74.3695,-7.587872,0.429647,0.465124,91.30633,27.371389,-36.15651,2862.695875,86.3867,47.3709,-68.0977,325.89333,310.68726,-46.563522,4.177874,-10.05693,1.41091,-1.31853,50,5.14386,5.05852,-118.41493,-1.58997,-14.15429,24.46509,-30.18831,TEN_VOL,OAK_GOL,LindseyNelsonStadium,D1,SEC,20260304-LindseyNelsonStadium-1,14384920-181c-11f1-bda3-276ded76bcdc,81.03744,59.46373,,7.17862,,,,3.09429,1.84169,-0.34608,efdb3acd-98ca-462b-a386-93f1bbf9dc13,2026-03-04,22:47:10.96,2026-03-04T16:47:10.9685248-06:00,2026-03-04T22:47:10.9685248Z,FlyBall,v3,471459,471397,6981f38c47c5403d8cc8c83a27c654da,"Grindlinger, Trent",815821,Right,TEN_VOL,01779a59-07e5-4755-9ec2-2bd49307c57e,54.266,-119.29305,12.23255,5.18148,-0.50643,-15.09416,-1.50922,5.56655,-7.07715,140.369841,3.09456,96.00891,-19.71316,4.12787,-0.7738,0.12946,-0.0186,0.00176,-7E-05,1.84027,61.6125,-19.4558,2.58268,-0.86437,0.24101,-0.04557,0.00524,-0.00028,-0.34664,-70.14623,6.83805,-1.38282,0.14602,0.00654,-0.00508,0.00071,-4E-05,,,,,,,,,,,,,,,,,,,,,,,High,High,High,Medium,Medium,,,,252.554841,13.616644,1477.145776,0.971893,2:30,-0.246155,-0.927945,-0.279868,33.005004,-24.587818,73.38728,158.534115,-81.494326,0.054126,-0.989001,-0.137648,82.07655,-3.102724,0.989001,-0.054126,0.137648,-82.07655,3.102724,-0.989001,0.054126,0.137648,-158.534115,81.494326,-0.054126,0.989001,-0.137648,78.4781,21.31543,-31.67342
185,2026-03-04,16:47:55.52,3,5,"Bishop, Jax",828127,Right,TEN_VOL,"Revere, Kyle",1000238496,Right,OAK_GOL,Undefined,6,Top,2,1,2,ChangeUp,Changeup,FoulBallNotFieldable,Undefined,Undefined,Undefined,0,0,,80.50352,-0.121403,-4.06466,1553.258305,223.875003,1:30,5.10457,1.55053,6.12844,-29.36202,13.3643,11.57851,2.54524,-1.248,73.83684,-5.619207,-1.984423,0.470456,69.35982,54.38529,132.890187,5582.231379,-89.15021,73.78176,64.43753,181.18867,64.4487,148.700199,4.066464,-7.11327,7.33607,-1.24558,50,5.07992,7.87919,-116.77456,-1.08512,-9.85067,21.39144,-22.01484,TEN_VOL,OAK_GOL,LindseyNelsonStadium,D1,SEC,20260304-LindseyNelsonStadium-1,2ed41d40-181c-11f1-bda3-276ded76bcdc,80.11892,74.64146,,6.66669,,,,1.43736,2.504,1.23048,efdb3acd-98ca-462b-a386-93f1bbf9dc13,2026-03-04,22:47:55.52,2026-03-04T16:47:55.5200512-06:00,2026-03-04T22:47:55.5200512Z,Popup,v3,471459,471397,6981f38c47c5403d8cc8c83a27c654da,"Grindlinger, Trent",815821,Right,TEN_VOL,fcc8f7ce-3aa4-4fd4-874a-461284e25301,54.36996,-117.57235,10.69572,5.10509,-0.26409,-11.00742,-1.54628,8.24657,-4.92533,327.024207,1.43612,-40.29953,-4.78456,2.74623,-0.47872,-0.17716,0.13273,-0.02883,0.00214,2.50801,82.5847,-27.90858,2.27937,0.75406,-0.69762,0.22006,-0.03208,0.00179,1.23441,43.28976,-8.67548,0.69245,0.9692,-0.68557,0.20447,-0.029,0.0016,,,,,,,,,,,,,,,,,,,,,,,High,High,High,High,Medium,,,,256.735251,29.742251,1348.64125,0.868266,2:30,-0.507185,-0.84615,-0.163686,51.496188,-3.867354,63.168768,96.641041,1.820389,0.992789,0.031766,-0.11559,15.36662,83.115061,0.031766,0.992789,0.11559,-15.36662,-83.115061,-0.031766,-0.992789,0.11559,-96.641041,-1.820389,-0.992789,-0.031766,-0.11559,66.97891,11.30272,9.00195
186,2026-03-04,16:48:14.08,3,6,"Bishop, Jax",828127,Right,TEN_VOL,"Revere, Kyle",1000238496,Right,OAK_GOL,Undefined,6,Top,2,1,2,Sinker,Sinker,BallCalled,Undefined,Undefined,Undefined,0,0,,90.97534,-1.343062,-4.361204,1981.023317,245.61047,2:15,5.43337,1.15668,6.0455,-24.65064,9.11142,17.65651,2.13193,-1.41727,82.97643,-5.950687,-1.192644,0.418202,,,,,,,,,,,,-10.28158,5.40977,-0.8257,50,5.31528,9.29613,-131.81168,-3.91953,-18.05489,28.50597,-22.67424,TEN_VOL,OAK_GOL,LindseyNelsonStadium,D1,SEC,20260304-LindseyNelsonStadium-1,39e054b0-181c-11f1-bda3-276ded76bcdc,90.12978,,,7.99891,,,,,,,efdb3acd-98ca-462b-a386-93f1bbf9dc13,2026-03-04,22:48:14.08,2026-03-04T16:48:14.0816896-06:00,2026-03-04T22:48:14.0816896Z,,v3,471459,471397,6981f38c47c5403d8cc8c83a27c654da,"Grindlinger, Trent",815821,Right,TEN_VOL,3b99c7d8-de5e-430e-9591-9f9b5716e1e6,54.45211,-132.77102,14.25298,5.43434,-3.15646,-11.33712,-1.14878,9.90375,-9.02745,,,,,,,,,,,,,,,,,,,,,,,,,,,,,,,,,,,,,,,,,,,,,,,,,,,High,High,High,,,,,,228.803807,21.527198,1842.834039,0.930243,1:45,-0.396013,-0.708378,-0.584273,40.716407,54.499648,22.782286,162.20382,-69.997695,0.104544,-0.939679,-0.32569,70.883809,-6.000883,0.939679,-0.104544,0.32569,-70.883809,6.000883,-0.939679,0.104544,0.32569,-162.20382,69.997695,-0.104544,0.939679,-0.32569,,,
187,2026-03-04,16:48:29.71,3,7,"Bishop, Jax",828127,Right,TEN_VOL,"Revere, Kyle",1000238496,Right,OAK_GOL,Undefined,6,Top,2,2,2,Slider,Curveball,InPlay,Undefined,FlyBall,HomeRun,0,1,,78.33386,1.330682,-0.663457,2106.413987,28.643449,7:00,5.32715,1.36005,5.37992,-53.20082,-6.89044,-4.53075,2.14143,0.36053,72.15472,-8.328792,-1.470267,0.489791,100.53295,24.202859,-31.236096,2336.361322,91.29326,45.58776,-61.36395,381.75668,319.72569,-40.971161,4.528673,2.11587,-3.51512,-1.29729,50,5.40794,1.49186,-113.79498,0.82063,2.77569,20.79116,-36.78538,TEN_VOL,OAK_GOL,LindseyNelsonStadium,D1,SEC,20260304-LindseyNelsonStadium-1,43297f60-181c-11f1-bda3-276ded76bcdc,76.95619,65.15086,,6.17913,,,,2.16188,2.23469,-0.30134,efdb3acd-98ca-462b-a386-93f1bbf9dc13,2026-03-04,22:48:29.71,2026-03-04T16:48:29.7197056-06:00,2026-03-04T22:48:29.7197056Z,FlyBall,v3,471459,471397,6981f38c47c5403d8cc8c83a27c654da,"Grindlinger, Trent",815821,Right,TEN_VOL,af48b392-2d54-4af0-b263-d9ebced5b7e9,55.12113,-114.72683,10.39558,5.33421,2.46934,-18.39269,-1.36137,1.36746,1.38784,143.250266,2.16101,115.0149,-25.50401,6.35819,-1.37865,0.26745,-0.04627,0.00577,-0.00033,2.237,60.39078,-14.74499,-0.4034,0.52217,-0.21834,0.05595,-0.00746,0.00039,-0.30161,-69.73369,4.60939,-0.20469,-0.06905,0.00959,0.00266,-0.00088,7E-05,,,,,,,,,,,,,,,,,,,,,,,High,High,High,High,Medium,,,,49.971761,69.142119,749.991146,0.356051,7:45,-0.925169,0.294265,0.239729,81.962455,-15.426683,56.217192,167.444711,-25.484843,0.19623,-0.430272,-0.881113,26.027571,-11.316598,0.430272,-0.19623,0.881113,-26.027571,11.316598,-0.430272,0.19623,0.881113,-167.444711,25.484843,-0.19623,0.430272,-0.881113,72.70217,15.1567,-22.23446
188,2026-03-04,16:49:10.63,4,1,"Bishop, Jax",828127,Right,TEN_VOL,"Day, Lucas",1000218526,Left,OAK_GOL,Undefined,6,Top,2,0,0,Sinker,Sinker,FoulBallNotFieldable,Undefined,Undefined,Undefined,0,0,,89.84891,-1.848143,-2.676789,1934.664737,235.396748,1:45,5.34586,1.22284,6.01049,-22.48584,12.56548,16.33702,1.75748,0.1027,80.94236,-6.097186,0.26073,0.426112,70.05842,31.650334,-161.142901,3564.478289,,,,,47.55514,,,-9.3215,7.44079,-1.02175,50,5.18854,5.40329,-130.19782,-4.91181,-15.72125,31.78577,-19.62477,TEN_VOL,OAK_GOL,LindseyNelsonStadium,D1,SEC,20260304-LindseyNelsonStadium-1,5b850070-181c-11f1-bda3-276ded76bcdc,88.45671,24.86941,,8.90655,,,,3.03974,1.8416,-0.09578,efdb3acd-98ca-462b-a386-93f1bbf9dc13,2026-03-04,22:49:10.63,2026-03-04T16:49:10.6303488-06:00,2026-03-04T22:49:10.6303488Z,,v3,471459,471397,6981f38c47c5403d8cc8c83a27c654da,"Grindlinger, Trent",815821,Right,TEN_VOL,3f4047e8-7ceb-4fb4-94d4-23f8cb054ea4,54.48635,-131.28852,15.89289,5.34553,-4.23841,-9.81239,-1.21641,5.94276,-7.86063,353.751469,3.03974,-82.77477,5.3361,-0.04117,-0.0434,0.03364,-0.00832,0.00261,-0.00066,1.8416,53.91755,-27.48192,3.23031,-0.68171,0.13635,-0.02509,0.00486,-0.00047,-0.09578,-28.27091,0.95033,0.3188,-0.09121,0.02994,-0.00678,0.0019,-0.00042,,,,,,,,,,,,,,,,,,,,,,,High,High,High,High,Undefined,,,,226.676875,24.096745,1766.072963,0.912857,1:30,-0.415477,-0.676922,-0.607582,39.436058,55.941795,22.77051,159.526758,-65.99659,0.142283,-0.913521,-0.381096,67.355424,-8.17999,0.913521,-0.142283,0.381096,-67.355424,8.17999,-0.913521,0.142283,0.381096,-159.526758,65.99659,-0.142283,0.913521,-0.381096,75.56059,19.76137,21.31933
189,2026-03-04,16:49:28.66,4,2,"Bishop, Jax",828127,Right,TEN_VOL,"Day, Lucas",1000218526,Left,OAK_GOL,Undefined,6,Top,2,0,1,ChangeUp,Changeup,FoulBallNotFieldable,Undefined,Undefined,Undefined,0,0,,81.42975,0.161624,-2.123941,1412.161252,259.776637,2:45,5.10184,1.61171,6.22225,-37.03837,4.4513,17.64635,2.16455,1.12159,74.83876,-6.722492,1.064539,0.463598,,,,,,,,,,,,-9.81327,2.61036,-1.46177,50,5.09532,3.7582,-118.38853,-0.77883,-13.9426,22.37168,-28.46529,TEN_VOL,OAK_GOL,LindseyNelsonStadium,D1,SEC,20260304-LindseyNelsonStadium-1,664ab900-181c-11f1-bda3-276ded76bcdc,81.30418,,,6.59099,,,,,,,efdb3acd-98ca-462b-a386-93f1bbf9dc13,2026-03-04,22:49:28.66,2026-03-04T16:49:28.6691328-06:00,2026-03-04T22:49:28.6691328Z,,v3,471459,471397,6981f38c47c5403d8cc8c83a27c654da,"Grindlinger, Trent",815821,Right,TEN_VOL,af721e69-f420-441f-abd2-94085e2b9759,54.27802,-119.1942,11.18584,5.10491,0.24629,-14.23265,-1.60615,4.26031,-6.9713,,,,,,,,,,,,,,,,,,,,,,,,,,,,,,,,,,,,,,,,,,,,,,,,,,,High,High,High,,,,,,258.635329,22.575298,1303.955547,0.923376,2:30,-0.392927,-0.904185,-0.167507,23.292648,-18.049714,61.723273,173.699433,80.380422,0.018339,0.985939,-0.166096,80.437449,1.050799,0.985939,0.018339,0.166096,-80.437449,-1.050799,-0.985939,-0.018339,0.166096,-173.699433,-80.380422,-0.018339,-0.985939,-0.166096,,,
190,2026-03-04,16:49:50.07,4,3,"Bishop, Jax",828127,Right,TEN_VOL,"Day, Lucas",1000218526,Left,OAK_GOL,Undefined,6,Top,2,0,2,Sinker,Sinker,BallCalled,Undefined,Undefined,Undefined,0,0,,89.03409,-2.249078,-3.72853,1953.940648,244.125092,2:15,5.3792,1.27443,6.02661,-25.16332,10.03737,18.35017,1.19387,-0.6543,81.49491,-6.94134,-0.431219,0.427019,,,,,,,,,,,,-10.45985,6.14166,-0.99228,50,5.18928,7.6467,-129.059,-5.89851,-17.63583,26.94303,-21.81889,TEN_VOL,OAK_GOL,LindseyNelsonStadium,D1,SEC,20260304-LindseyNelsonStadium-1,730a6cd0-181c-11f1-bda3-276ded76bcdc,88.26884,,,7.53918,,,,,,,efdb3acd-98ca-462b-a386-93f1bbf9dc13,2026-03-04,22:49:50.07,2026-03-04T16:49:50.0721664-06:00,2026-03-04T22:49:50.0721664Z,,v3,471459,471397,6981f38c47c5403d8cc8c83a27c654da,"Grindlinger, Trent",815821,Right,TEN_VOL,64baf457-d831-40d0-b643-88e568375b46,54.47155,-129.98915,13.47152,5.37991,-5.14526,-10.90945,-1.26678,8.25554,-8.81791,,,,,,,,,,,,,,,,,,,,,,,,,,,,,,,,,,,,,,,,,,,,,,,,,,,High,High,High,,,,,,232.004223,20.037031,1835.671304,0.939471,1:45,-0.350255,-0.753232,-0.556743,38.359953,60.577347,21.551848,145.126371,-70.70412,0.188939,-0.943825,-0.271103,73.973867,-10.890863,0.943825,-0.188939,0.271103,-73.973867,10.890863,-0.943825,0.188939,0.271103,-145.126371,70.70412,-0.188939,0.943825,-0.271103,,,
191,2026-03-04,16:50:05.24,4,4,"Bishop, Jax",828127,Right,TEN_VOL,"Day, Lucas",1000218526,Left,OAK_GOL,Undefined,6,Top,2,1,2,ChangeUp,Changeup,FoulBallNotFieldable,Undefined,Undefined,Undefined,0,0,,80.88434,-0.889851,-2.125382,1446.857977,206.705028,1:00,5.15051,1.45423,6.27698,-26.34076,16.14623,7.38028,2.1346,0.1093,73.38765,-5.886435,-0.791771,0.469137,70.87155,61.886659,-130.162233,4541.491673,,,,,36.88325,,,-4.50496,9.09973,-1.30081,50,5.07201,4.08915,-117.39163,-2.52816,-6.21865,24.45931,-19.61274,TEN_VOL,OAK_GOL,LindseyNelsonStadium,D1,SEC,20260304-LindseyNelsonStadium-1,7c1ad440-181c-11f1-bda3-276ded76bcdc,80.34425,56.42771,,7.49669,,,,2.28087,2.19475,-0.15228,efdb3acd-98ca-462b-a386-93f1bbf9dc13,2026-03-04,22:50:05.24,2026-03-04T16:50:05.2486656-06:00,2026-03-04T22:50:05.2486656Z,,v3,471459,471397,6981f38c47c5403d8cc8c83a27c654da,"Grindlinger, Trent",815821,Right,TEN_VOL,c8dc259c-c06b-4c02-b14f-8e127d5439e0,54.21922,-118.26747,12.22966,5.14997,-1.82587,-9.80637,-1.45122,4.31183,-3.10932,9.708412,2.28087,-31.59022,-3.2657,1.68446,-0.49896,0.1314,-0.03139,0.00683,-0.00089,2.19475,91.68108,-30.46784,4.07553,-0.80523,0.13512,-0.02214,0.00323,-0.0001,-0.15228,-37.432,-0.01635,1.55273,-0.5349,0.1507,-0.03558,0.00813,-0.00109,,,,,,,,,,,,,,,,,,,,,,,High,High,High,High,Undefined,,,,254.648828,24.302963,1318.640304,0.911382,2:30,-0.406537,-0.885151,-0.226353,37.068935,-9.280185,66.689005,93.808432,1.240706,0.997558,0.021653,-0.066405,18.059577,85.994849,0.021653,0.997558,0.066405,-18.059577,-85.994849,-0.021653,-0.997558,0.066405,-93.808432,-1.240706,-0.997558,-0.021653,-0.066405,83.35478,19.12619,17.94631
192,2026-03-04,16:50:25.62,4,5,"Bishop, Jax",828127,Right,TEN_VOL,"Day, Lucas",1000218526,Left,OAK_GOL,Undefined,6,Top,2,1,2,Sinker,Sinker,BallCalled,Undefined,Undefined,Undefined,0,0,,89.62404,0.508793,-1.954227,1934.035525,239.73259,2:00,5.50494,1.37388,5.86475,-24.0493,10.74418,16.54462,3.97375,0.93654,81.83861,-3.991092,1.012521,0.424542,,,,,,,,,,,,-8.98623,5.68292,-1.22512,50,5.53222,3.73254,-130.16812,0.35588,-15.41914,27.30176,-22.42293,TEN_VOL,OAK_GOL,LindseyNelsonStadium,D1,SEC,20260304-LindseyNelsonStadium-1,883c7350-181c-11f1-bda3-276ded76bcdc,88.78384,,,7.78543,,,,,,,efdb3acd-98ca-462b-a386-93f1bbf9dc13,2026-03-04,22:50:25.62,2026-03-04T16:50:25.6269312-06:00,2026-03-04T22:50:25.6269312Z,,v3,471459,471397,6981f38c47c5403d8cc8c83a27c654da,"Grindlinger, Trent",815821,Right,TEN_VOL,5b8b7b84-0b72-4408-8d11-19119c717f2c,54.63303,-131.13627,13.65088,5.5055,1.15101,-11.21146,-1.36717,4.27932,-7.70957,,,,,,,,,,,,,,,,,,,,,,,,,,,,,,,,,,,,,,,,,,,,,,,,,,,High,High,High,,,,,,231.48654,20.966879,1805.978067,0.933787,1:45,-0.383919,-0.727447,-0.568707,29.448519,48.874286,6.448388,157.221436,-71.319504,0.124007,-0.947319,-0.29531,72.686034,-7.123421,0.947319,-0.124007,0.29531,-72.686034,7.123421,-0.947319,0.124007,0.29531,-157.221436,71.319504,-0.124007,0.947319,-0.29531,,,
193,2026-03-04,16:50:41.46,4,6,"Bishop, Jax",828127,Right,TEN_VOL,"Day, Lucas",1000218526,Left,OAK_GOL,Undefined,6,Top,2,2,2,Sinker,Sinker,BallCalled,Undefined,Undefined,Undefined,0,0,,88.71686,-1.942583,-4.224927,1920.156918,235.50948,1:45,5.57457,1.04059,5.92531,-23.68556,12.04351,15.79442,1.79269,-1.57054,80.86746,-6.375308,-1.396527,0.430212,,,,,,,,,,,,-9.27032,7.08764,-0.71101,50,5.40543,8.82038,-128.46623,-5.1319,-15.44422,27.38294,-20.36617,TEN_VOL,OAK_GOL,LindseyNelsonStadium,D1,SEC,20260304-LindseyNelsonStadium-1,91b2c880-181c-11f1-bda3-276ded76bcdc,87.61367,,,7.8494,,,,,,,efdb3acd-98ca-462b-a386-93f1bbf9dc13,2026-03-04,22:50:41.46,2026-03-04T16:50:41.4654976-06:00,2026-03-04T22:50:41.4654976Z,,v3,471459,471397,6981f38c47c5403d8cc8c83a27c654da,"Grindlinger, Trent",815821,Right,TEN_VOL,a4ef0383-08bf-47c4-a79c-74eb8a712912,54.57155,-129.43701,13.69147,5.57457,-4.40989,-10.18309,-1.03341,9.36791,-7.72211,,,,,,,,,,,,,,,,,,,,,,,,,,,,,,,,,,,,,,,,,,,,,,,,,,,High,High,High,,,,,,225.797848,21.921431,1781.323186,0.927697,1:30,-0.397274,-0.677324,-0.619197,46.592133,54.299434,26.326624,158.400662,-71.056488,0.119503,-0.945839,-0.30184,72.30086,-6.863416,0.945839,-0.119503,0.30184,-72.30086,6.863416,-0.945839,0.119503,0.30184,-158.400662,71.056488,-0.119503,0.945839,-0.30184,,,
194,2026-03-04,16:51:01.38,4,7,"Bishop, Jax",828127,Right,TEN_VOL,"Day, Lucas",1000218526,Left,OAK_GOL,Undefined,6,Top,2,3,2,Sinker,Sinker,InPlay,Undefined,GroundBall,Out,1,0,,88.83582,-2.793876,-2.693785,1883.750319,234.406362,1:45,5.50083,1.27063,5.87203,-23.63171,11.75796,14.89694,0.93162,0.00819,81.72013,-7.184975,-0.021302,0.428163,74.49553,-24.373212,12.612381,,,,,4.53007,4.53007,6.229482,0.022996,-8.40024,7.103,-1.06155,50,5.26072,5.45167,-128.87419,-7.07268,-14.17832,25.87945,-20.18532,TEN_VOL,OAK_GOL,LindseyNelsonStadium,D1,SEC,20260304-LindseyNelsonStadium-1,9d8a6640-181c-11f1-bda3-276ded76bcdc,88.03283,1.03823,,7.11569,,,,2.26702,1.03823,-0.00882,efdb3acd-98ca-462b-a386-93f1bbf9dc13,2026-03-04,22:51:01.38,2026-03-04T16:51:01.3818368-06:00,2026-03-04T22:51:01.3818368Z,GroundBall,v3,471459,471397,6981f38c47c5403d8cc8c83a27c654da,"Grindlinger, Trent",815821,Right,TEN_VOL,ac81609d-9921-48ab-a5e4-49f551cbe2bd,54.62727,-129.80008,12.93972,5.50084,-6.35052,-10.09266,-1.26566,5.95892,-7.08916,,2.26655,97.24846,,,,,,,,1.03844,-45.1485,,,,,,,,-0.00892,21.75967,,,,,,,,,,,,,,,,,,,,,,,,,,,,,,High,High,High,Estimated,Estimated,,,,232.263986,17.278182,1798.744144,0.954874,1:45,-0.287029,-0.768731,-0.571548,51.29944,57.709486,42.449519,161.967452,-72.53666,0.092897,-0.953909,-0.285355,73.345824,-5.330276,0.953909,-0.092897,0.285355,-73.345824,5.330276,-0.953909,0.092897,0.285355,-161.967452,72.53666,-0.092897,0.953909,-0.285355,76.9244,-4.71815,-8.43691
195,2026-03-04,16:53:17.59,1,1,"Ruhle, Stephen",804000,Right,OAK_GOL,"Ford, Henry",814822,Right,TEN_VOL,Undefined,6,Bottom,0,0,0,Curveball,Curveball,BallCalled,Undefined,Undefined,Undefined,0,0,,73.43694,2.026824,1.626302,2384.830483,34.493369,7:15,6.41813,1.13466,6.15561,-62.80807,-11.38512,-8.93619,3.05816,1.89285,67.52276,-9.527678,0.011327,0.516119,,,,,,,,,,,,5.07815,-5.9313,-1.25379,50,6.5406,-2.72637,-106.72042,1.93485,5.82875,19.17997,-38.98203,TEN_VOL,OAK_GOL,LindseyNelsonStadium,D1,SEC,20260304-LindseyNelsonStadium-1,eed58e80-181c-11f1-bda3-276ded76bcdc,73.03052,,,5.91418,,,,,,,efdb3acd-98ca-462b-a386-93f1bbf9dc13,2026-03-04,22:53:17.59,2026-03-04T16:53:17.5987712-06:00,2026-03-04T22:53:17.5987712Z,,v3,471459,471397,6981f38c47c5403d8cc8c83a27c654da,"Clark, Ben",10098571,Right,OAK_GOL,906ac36a-79e9-430b-89a6-b4eae457390f,54.34589,-107.49864,9.58998,6.43,3.51652,-19.49101,-1.13837,-2.96287,2.91438,,,,,,,,,,,,,,,,,,,,,,,,,,,,,,,,,,,,,,,,,,,,,,,,,,,High,High,High,,,,,,28.44887,51.12342,1496.826664,0.627645,7:00,-0.782791,0.32634,0.52985,-38.226171,-12.477448,37.852944,167.684338,-17.084584,0.203885,-0.293783,-0.933875,17.4628,-11.764241,0.293783,-0.203885,0.933875,-17.4628,11.764241,-0.293783,0.203885,0.933875,-167.684338,17.084584,-0.203885,0.293783,-0.933875,,,
196,2026-03-04,16:53:31.28,1,2,"Ruhle, Stephen",804000,Right,OAK_GOL,"Ford, Henry",814822,Right,TEN_VOL,Undefined,6,Bottom,0,1,0,Fastball,Four-Seam,InPlay,Undefined,FlyBall,Out,1,0,,86.62953,-1.183868,-2.206637,2151.130022,213.571536,1:00,6.38312,1.2548,6.82032,-16.75308,19.68131,12.18827,3.90609,0.25648,78.08359,-4.468298,0.018005,0.434437,103.38058,50.86338,-24.29808,3465.086847,,,,,116.96933,,,-7.20402,11.21599,-1.1168,50,6.30033,4.40823,-125.79809,-2.96111,-11.35522,29.41545,-14.49495,TEN_VOL,OAK_GOL,LindseyNelsonStadium,D1,SEC,20260304-LindseyNelsonStadium-1,f6e3ef40-181c-11f1-bda3-276ded76bcdc,86.76153,143.64826,,8.54593,,,,2.66651,4.08628,-0.27024,efdb3acd-98ca-462b-a386-93f1bbf9dc13,2026-03-04,22:53:31.28,2026-03-04T16:53:31.2893440-06:00,2026-03-04T22:53:31.2893440Z,,v3,471459,471397,6981f38c47c5403d8cc8c83a27c654da,"Clark, Ben",10098571,Right,OAK_GOL,d4f05a9d-38e9-48f5-b8b0-59be04038b10,53.67623,-126.65479,14.70773,6.38043,-2.53896,-7.24748,-1.25,4.73894,-5.67761,169.10853,2.66643,87.23066,-26.38377,7.89615,-2.66051,1.24161,-0.51622,0.13283,-0.01496,4.08634,117.6014,-25.15351,2.16621,0.24629,-0.5726,0.33341,-0.09811,0.01189,-0.27023,-39.37983,6.81088,-1.60779,0.37315,-0.10675,0.03015,-0.00583,0.00052,,,,,,,,,,,,,,,,,,,,,,,High,High,High,High,Undefined,,,,213.034772,6.180691,2138.626158,0.994187,1:00,-0.128463,-0.544088,-0.829135,-0.721383,18.923688,59.03751,166.243572,9.072891,0.23482,0.157691,-0.959163,9.336177,13.580995,0.157691,0.23482,0.959163,-9.336177,-13.580995,-0.157691,-0.23482,0.959163,-166.243572,-9.072891,-0.23482,-0.157691,-0.959163,77.7655,26.78308,-21.5882
197,2026-03-04,16:54:23.34,2,1,"Ruhle, Stephen",804000,Right,OAK_GOL,"High, Hunter",822072,Left,TEN_VOL,Undefined,6,Bottom,1,0,0,ChangeUp,Changeup,StrikeSwinging,Undefined,Undefined,Undefined,0,0,,79.79453,-1.202516,-1.252808,1540.684672,199.199039,12:45,6.3201,1.57685,7.19087,-24.85116,17.11615,5.46969,3.15953,0.89769,72.71052,-5.998551,-0.2464,0.466259,,,,,,,,,,,,-3.2926,9.98386,-1.5054,50,6.24261,2.36152,-116.02867,-2.95415,-4.4554,23.20929,-18.66441,TEN_VOL,OAK_GOL,LindseyNelsonStadium,D1,SEC,20260304-LindseyNelsonStadium-1,15ffa630-181d-11f1-bda3-276ded76bcdc,80.84021,,,7.08401,,,,,,,efdb3acd-98ca-462b-a386-93f1bbf9dc13,2026-03-04,22:54:23.34,2026-03-04T16:54:23.3485312-06:00,2026-03-04T22:54:23.3485312Z,,v3,471459,471397,6981f38c47c5403d8cc8c83a27c654da,"Clark, Ben",10098571,Right,OAK_GOL,e0233493-4442-4ec6-8397-4ebecd731e0e,53.30377,-116.68766,11.60465,6.31896,-2.42421,-9.33221,-1.57425,2.48802,-2.2277,,,,,,,,,,,,,,,,,,,,,,,,,,,,,,,,,,,,,,,,,,,,,,,,,,,High,High,High,,,,,,234.542696,-21.030041,1438.063364,0.933392,1:45,0.362806,-0.752594,-0.549521,6.629146,-6.940131,-28.992938,132.917843,-33.484654,0.610789,-0.551714,-0.567934,44.169994,-37.646544,0.551714,-0.610789,0.567934,-44.169994,37.646544,-0.551714,0.610789,0.567934,-132.917843,33.484654,-0.610789,0.551714,-0.567934,,,
198,2026-03-04,16:54:56.46,2,2,"Ruhle, Stephen",804000,Right,OAK_GOL,"High, Hunter",822072,Left,TEN_VOL,Undefined,6,Bottom,1,0,1,Fastball,Four-Seam,StrikeCalled,Undefined,Undefined,Undefined,0,0,,87.54768,-3.415854,-2.990043,2021.345164,212.153922,1:00,6.35951,1.44195,6.95252,-18.05029,17.58828,10.233,1.73913,-0.42856,79.11446,-6.918278,-1.118512,0.429667,,,,,,,,,,,,-6.40107,10.85414,-1.25913,50,6.14048,6.25444,-126.86427,-7.98275,-10.26836,29.75387,-14.76224,TEN_VOL,OAK_GOL,LindseyNelsonStadium,D1,SEC,20260304-LindseyNelsonStadium-1,29a678d0-181d-11f1-bda3-276ded76bcdc,87.72485,,,8.43322,,,,,,,efdb3acd-98ca-462b-a386-93f1bbf9dc13,2026-03-04,22:54:56.46,2026-03-04T16:54:56.4649472-06:00,2026-03-04T22:54:56.4649472Z,,v3,471459,471397,6981f38c47c5403d8cc8c83a27c654da,"Clark, Ben",10098571,Right,OAK_GOL,1b4e4266-7036-4624-9861-57de55ba6598,53.54281,-127.69248,14.87694,6.35697,-7.57184,-7.38112,-1.4372,6.54026,-5.13418,,,,,,,,,,,,,,,,,,,,,,,,,,,,,,,,,,,,,,,,,,,,,,,,,,,High,High,High,,,,,,216.699379,16.259273,1940.500556,0.960005,1:15,-0.28512,-0.589377,-0.755871,-3.211446,25.935523,53.242967,165.648715,4.034648,0.247252,0.07036,-0.966393,4.164157,14.314958,0.07036,0.247252,0.966393,-4.164157,-14.314958,-0.07036,-0.247252,0.966393,-165.648715,-4.034648,-0.247252,-0.07036,-0.966393,,,
199,2026-03-04,16:55:16.55,2,3,"Ruhle, Stephen",804000,Right,OAK_GOL,"High, Hunter",822072,Left,TEN_VOL,Undefined,6,Bottom,1,0,2,ChangeUp,Changeup,FoulBallNotFieldable,Undefined,Undefined,Undefined,0,0,,81.09606,-2.5826,-3.610187,1525.445109,216.284754,1:15,6.28505,1.62168,7.15288,-29.49769,11.63071,7.46174,1.47967,-1.0333,73.69097,-8.203266,-2.2406,0.461575,95.91244,17.366389,49.391346,3718.817882,65.14159,23.39414,88.63731,241.26988,160.76099,60.270184,2.396323,-5.19327,7.50756,-1.41203,50,6.12449,7.18649,-117.61341,-5.99909,-7.1667,25.38762,-21.81364,TEN_VOL,OAK_GOL,LindseyNelsonStadium,D1,SEC,20260304-LindseyNelsonStadium-1,35a1f240-181d-11f1-bda3-276ded76bcdc,81.66047,24.2,,7.40509,,,,2.90848,1.59232,1.31963,efdb3acd-98ca-462b-a386-93f1bbf9dc13,2026-03-04,22:55:16.55,2026-03-04T16:55:16.5529088-06:00,2026-03-04T22:55:16.5529088Z,LineDrive,v3,471459,471397,6981f38c47c5403d8cc8c83a27c654da,"Clark, Ben",10098571,Right,OAK_GOL,55417563-a955-463d-8270-e33f03295783,53.3442,-118.33308,12.69381,6.28579,-5.38074,-10.90682,-1.61863,7.38964,-3.58335,,2.90867,87.3753,-25.1714,5.64076,-0.90077,0.00061,0.03405,-0.00628,0.00031,1.59229,41.98948,-21.5524,2.2902,-0.5051,0.14205,-0.03626,0.00635,-0.00051,1.31951,101.93352,-6.25388,-0.24218,0.03167,0.10711,-0.05591,0.01157,-0.00092,,,,,,,,,,,,,,,,,,,,,,,High,High,High,High,Medium,,,,229.024547,-7.751059,1511.507734,0.990863,1:45,0.127194,-0.741256,-0.659061,-11.926396,4.131108,-27.289593,145.830547,-27.256383,0.499281,-0.457973,-0.735513,31.908786,-29.952444,0.457973,-0.499281,0.735513,-31.908786,29.952444,-0.457973,0.499281,0.735513,-145.830547,27.256383,-0.499281,0.457973,-0.735513,65.94686,21.05602,34.10472
200,2026-03-04,16:55:44.13,2,4,"Ruhle, Stephen",804000,Right,OAK_GOL,"High, Hunter",822072,Left,TEN_VOL,Undefined,6,Bottom,1,0,2,Fastball,Four-Seam,BallCalled,Undefined,Undefined,Undefined,0,0,,87.23216,-0.90093,-2.553023,2184.841324,214.253702,1:15,6.43982,1.42125,6.91725,-18.61218,16.73977,10.62882,4.06757,-0.01924,79.62812,-4.496954,-0.610061,0.427935,,,,,,,,,,,,-6.34107,9.49402,-1.26411,50,6.37625,5.26583,-126.78688,-2.42531,-10.30253,26.37124,-16.74881,TEN_VOL,OAK_GOL,LindseyNelsonStadium,D1,SEC,20260304-LindseyNelsonStadium-1,4617d040-181d-11f1-bda3-276ded76bcdc,88.07977,,,7.60405,,,,,,,efdb3acd-98ca-462b-a386-93f1bbf9dc13,2026-03-04,22:55:44.13,2026-03-04T16:55:44.1349120-06:00,2026-03-04T22:55:44.1349120Z,,v3,471459,471397,6981f38c47c5403d8cc8c83a27c654da,"Clark, Ben",10098571,Right,OAK_GOL,e3154d25-f841-41a7-8a87-8c586a5b1549,53.579,-127.52913,13.18562,6.43787,-1.9539,-8.3744,-1.4164,5.55581,-5.15127,,,,,,,,,,,,,,,,,,,,,,,,,,,,,,,,,,,,,,,,,,,,,,,,,,,High,High,High,,,,,,216.305109,19.589833,2058.376075,0.942117,1:15,-0.359967,-0.563016,-0.743933,-7.387626,27.237101,37.647284,167.313763,5.876989,0.218458,0.102393,-0.97046,6.022985,12.618456,0.102393,0.218458,0.97046,-6.022985,-12.618456,-0.102393,-0.218458,0.97046,-167.313763,-5.876989,-0.218458,-0.102393,-0.97046,,,
201,2026-03-04,16:56:04.32,2,5,"Ruhle, Stephen",804000,Right,OAK_GOL,"High, Hunter",822072,Left,TEN_VOL,Undefined,6,Bottom,1,1,2,ChangeUp,Changeup,BallCalled,Undefined,Undefined,Undefined,0,0,,80.12407,-3.57855,-1.847682,1424.557625,205.813121,12:45,6.19341,1.59081,7.4359,-25.23064,15.93249,7.06028,0.85887,0.51288,73.65639,-8.411406,-0.541731,0.46177,,,,,,,,,,,,-4.39575,10.1089,-1.49316,50,5.99452,3.55271,-116.42317,-7.7954,-6.01459,22.48901,-18.34231,TEN_VOL,OAK_GOL,LindseyNelsonStadium,D1,SEC,20260304-LindseyNelsonStadium-1,52268390-181d-11f1-bda3-276ded76bcdc,81.62603,,,6.46768,,,,,,,efdb3acd-98ca-462b-a386-93f1bbf9dc13,2026-03-04,22:56:04.32,2026-03-04T16:56:04.3294208-06:00,2026-03-04T22:56:04.3294208Z,,v3,471459,471397,6981f38c47c5403d8cc8c83a27c654da,"Clark, Ben",10098571,Right,OAK_GOL,a0b97fb8-5e21-43af-ba28-9f5c23b319f8,53.06246,-117.01324,11.2445,6.19274,-7.31413,-9.17116,-1.58845,3.71052,-3.0073,,,,,,,,,,,,,,,,,,,,,,,,,,,,,,,,,,,,,,,,,,,,,,,,,,,High,High,High,,,,,,234.208424,-7.3518,1412.846566,0.991779,1:45,0.159131,-0.794926,-0.585466,-10.154211,-1.998354,-35.881835,140.369019,-25.802157,0.574249,-0.435265,-0.693385,32.118125,-35.04708,0.435265,-0.574249,0.693385,-32.118125,35.04708,-0.435265,0.574249,0.693385,-140.369019,25.802157,-0.574249,0.435265,-0.693385,,,
202,2026-03-04,16:56:23.85,2,6,"Ruhle, Stephen",804000,Right,OAK_GOL,"High, Hunter",822072,Left,TEN_VOL,Undefined,6,Bottom,1,2,2,Fastball,Four-Seam,BallCalled,Undefined,Undefined,Undefined,0,0,,87.16413,-0.698784,-1.411406,2221.332408,194.479582,12:30,6.36917,1.4727,6.93088,-17.05505,18.16395,4.41173,4.31157,0.55525,79.84793,-4.004385,-0.604131,0.42713,,,,,,,,,,,,-2.72504,10.18812,-1.38584,50,6.31896,2.96647,-126.81675,-1.92405,-4.44557,25.50943,-15.55352,TEN_VOL,OAK_GOL,LindseyNelsonStadium,D1,SEC,20260304-LindseyNelsonStadium-1,5dc6bda0-181d-11f1-bda3-276ded76bcdc,88.24589,,,7.3162,,,,,,,efdb3acd-98ca-462b-a386-93f1bbf9dc13,2026-03-04,22:56:23.85,2026-03-04T16:56:23.8566912-06:00,2026-03-04T22:56:23.8566912Z,,v3,471459,471397,6981f38c47c5403d8cc8c83a27c654da,"Clark, Ben",10098571,Right,OAK_GOL,23fae27f-3970-494f-a3a7-8bd19e261876,53.56574,-127.53198,12.75471,6.36679,-1.48796,-7.77676,-1.47076,3.09112,-2.22278,,,,,,,,,,,,,,,,,,,,,,,,,,,,,,,,,,,,,,,,,,,,,,,,,,,High,High,High,,,,,,212.767072,26.157719,1993.832282,0.897584,1:00,-0.453345,-0.491135,-0.743818,-13.833882,31.002022,26.65576,171.206067,-0.043363,0.152881,-0.000757,-0.988244,0.043879,-8.793931,0.000757,-0.152881,0.988244,-0.043879,8.793931,-0.000757,0.152881,0.988244,-171.206067,0.043363,-0.152881,0.000757,-0.988244,,,
203,2026-03-04,16:56:45.70,2,7,"Ruhle, Stephen",804000,Right,OAK_GOL,"High, Hunter",822072,Left,TEN_VOL,Undefined,6,Bottom,1,3,2,ChangeUp,Changeup,BallCalled,Walk,Undefined,Undefined,0,0,,80.42044,-0.358802,-2.587036,1334.605791,228.920227,1:45,6.2831,1.51947,7.44513,-29.19781,11.22237,11.51339,3.52621,0.1455,74.17168,-5.944473,-0.459976,0.457584,,,,,,,,,,,,-6.90469,6.57831,-1.3829,50,6.25644,4.94382,-117.07717,-1.3662,-9.63949,20.89605,-22.99017,TEN_VOL,OAK_GOL,LindseyNelsonStadium,D1,SEC,20260304-LindseyNelsonStadium-1,6ad86200-181d-11f1-bda3-276ded76bcdc,82.37275,,,6.24876,,,,,,,efdb3acd-98ca-462b-a386-93f1bbf9dc13,2026-03-04,22:56:45.70,2026-03-04T16:56:45.7014272-06:00,2026-03-04T22:56:45.7014272Z,,v3,471459,471397,6981f38c47c5403d8cc8c83a27c654da,"Clark, Ben",10098571,Right,OAK_GOL,82da9a90-af68-429e-b623-4ac62c022d3b,53.05277,-117.62076,10.44803,6.28421,-0.76813,-11.49509,-1.51477,5.19459,-4.81975,,,,,,,,,,,,,,,,,,,,,,,,,,,,,,,,,,,,,,,,,,,,,,,,,,,High,High,High,,,,,,233.967571,-1.403729,1334.205273,0.9997,1:45,0.002986,-0.808272,-0.588801,-15.292259,-12.733073,-46.465925,151.719239,-20.431209,0.443987,-0.349083,-0.825237,22.928781,-26.358557,0.349083,-0.443987,0.825237,-22.928781,26.358557,-0.349083,0.443987,0.825237,-151.719239,20.431209,-0.443987,0.349083,-0.825237,,,
204,2026-03-04,16:57:27.42,3,1,"Ruhle, Stephen",804000,Right,OAK_GOL,"Hankins, Evan",815822,Left,TEN_VOL,Undefined,6,Bottom,1,0,0,Fastball,Four-Seam,BallCalled,Undefined,Undefined,Undefined,0,0,,86.62353,-1.453342,-1.127973,2284.281333,204.233835,12:45,6.35669,1.50491,7.01136,-15.27308,20.6167,8.73363,3.76242,1.20734,78.6609,-4.458271,0.473047,0.431178,,,,,,,,,,,,-4.95508,11.7682,-1.43811,50,6.26195,2.16199,-125.91537,-3.48044,-7.89138,27.48014,-13.43221,TEN_VOL,OAK_GOL,LindseyNelsonStadium,D1,SEC,20260304-LindseyNelsonStadium-1,83ab5d00-181d-11f1-bda3-276ded76bcdc,87.41727,,,7.96263,,,,,,,efdb3acd-98ca-462b-a386-93f1bbf9dc13,2026-03-04,22:57:27.42,2026-03-04T16:57:27.4216960-06:00,2026-03-04T22:57:27.4216960Z,,v3,471459,471397,6981f38c47c5403d8cc8c83a27c654da,"Clark, Ben",10098571,Right,OAK_GOL,9fedabb8-c893-4187-b61b-0ac878bd71b3,53.48332,-126.6733,13.74007,6.35283,-3.10997,-6.71611,-1.50074,2.37965,-3.94569,,,,,,,,,,,,,,,,,,,,,,,,,,,,,,,,,,,,,,,,,,,,,,,,,,,High,High,High,,,,,,215.34361,19.132651,2158.102864,0.944762,1:15,-0.328899,-0.554662,-0.764314,-6.536155,28.830515,36.243787,171.232555,8.19361,0.150868,0.142519,-0.978227,8.289145,8.677254,0.142519,0.150868,0.978227,-8.289145,-8.677254,-0.142519,-0.150868,0.978227,-171.232555,-8.19361,-0.150868,-0.142519,-0.978227,,,
205,2026-03-04,16:57:50.36,3,2,"Ruhle, Stephen",804000,Right,OAK_GOL,"Hankins, Evan",815822,Left,TEN_VOL,Undefined,6,Bottom,1,1,0,ChangeUp,Changeup,BallCalled,Undefined,Undefined,Undefined,0,0,,79.65219,-1.937186,-0.507538,1373.873075,206.171499,12:45,6.21014,1.55496,7.00855,-31.9108,10.20186,4.37099,1.78932,1.45786,73.39327,-7.96399,0.295049,0.467065,,,,,,,,,,,,-2.48028,6.40217,-1.52518,50,6.08126,0.88848,-115.8819,-4.69471,-3.37275,21.64773,-23.4682,TEN_VOL,OAK_GOL,LindseyNelsonStadium,D1,SEC,20260304-LindseyNelsonStadium-1,91606d50-181d-11f1-bda3-276ded76bcdc,80.70057,,,6.25892,,,,,,,efdb3acd-98ca-462b-a386-93f1bbf9dc13,2026-03-04,22:57:50.36,2026-03-04T16:57:50.3601664-06:00,2026-03-04T22:57:50.3601664Z,,v3,471459,471397,6981f38c47c5403d8cc8c83a27c654da,"Clark, Ben",10098571,Right,OAK_GOL,ec7cea6c-cc5d-4f52-92d9-9e7f13e37353,53.48904,-116.53186,10.82387,6.21164,-3.9901,-11.7341,-1.55338,0.98974,-1.68638,,,,,,,,,,,,,,,,,,,,,,,,,,,,,,,,,,,,,,,,,,,,,,,,,,,High,High,High,,,,,,232.450674,-2.968604,1372.029424,0.998658,1:45,0.073129,-0.789562,-0.609298,-22.138616,14.850849,-25.688009,141.983115,-26.575731,0.550821,-0.44738,-0.70459,32.413548,-33.423335,0.44738,-0.550821,0.70459,-32.413548,33.423335,-0.44738,0.550821,0.70459,-141.983115,26.575731,-0.550821,0.44738,-0.70459,,,
206,2026-03-04,16:58:11.38,3,3,"Ruhle, Stephen",804000,Right,OAK_GOL,"Hankins, Evan",815822,Left,TEN_VOL,Undefined,6,Bottom,1,2,0,Fastball,Four-Seam,InPlay,Undefined,FlyBall,Out,1,0,,85.52999,-2.474559,-1.028796,2189.066074,196.329733,12:30,6.35778,1.4066,7.01065,-17.10099,19.47017,5.36441,2.68173,0.91843,78.38737,-5.789654,-0.045214,0.435251,100.67723,32.364819,10.096024,2832.15873,108.69348,69.08809,16.90151,352.88806,327.53563,3.685873,5.841827,-3.17473,11.48276,-1.34541,50,6.20054,2.05447,-124.37995,-5.74042,-4.96922,25.13753,-14.20064,TEN_VOL,OAK_GOL,LindseyNelsonStadium,D1,SEC,20260304-LindseyNelsonStadium-1,9de11c50-181d-11f1-bda3-276ded76bcdc,86.59912,105.9854,,7.14261,,,,1.91137,2.74602,-0.91075,efdb3acd-98ca-462b-a386-93f1bbf9dc13,2026-03-04,22:58:11.38,2026-03-04T16:58:11.3847296-06:00,2026-03-04T22:58:11.3847296Z,FlyBall,v3,471459,471397,6981f38c47c5403d8cc8c83a27c654da,"Clark, Ben",10098571,Right,OAK_GOL,58560902-fb91-4ba0-a3cc-a611c7abceb6,53.48767,-125.08284,12.56876,6.3555,-5.34335,-7.10032,-1.4048,2.19341,-2.48461,176.287542,1.913,122.76079,-27.56084,6.43408,-1.21619,0.17424,-0.0173,0.00112,-4E-05,2.74848,78.99066,-16.93838,0.82464,-0.02942,-0.02778,0.01048,-0.00149,8E-05,-0.90958,21.84446,-5.81956,1.02365,-0.21606,0.05161,-0.01017,0.00115,-5E-05,,,,,,,,,,,,,,,,,,,,,,,High,High,High,High,Medium,,,,212.187507,24.449003,1992.772558,0.91033,1:00,-0.40633,-0.502343,-0.763248,-6.529068,32.239774,37.511918,172.872533,2.230591,0.123983,0.038921,-0.991521,2.247944,7.122038,0.038921,0.123983,0.991521,-2.247944,-7.122038,-0.038921,-0.123983,0.991521,-172.872533,-2.230591,-0.123983,-0.038921,-0.991521,71.68057,19.86163,12.72393
207,2026-03-04,16:58:53.73,4,1,"Ruhle, Stephen",804000,Right,OAK_GOL,"Grimmer, Blake",804084,Left,TEN_VOL,Undefined,6,Bottom,2,0,0,ChangeUp,Changeup,StrikeCalled,Undefined,Undefined,Undefined,0,0,,79.23453,-0.935506,-1.249878,1262.691553,214.764619,1:15,6.24243,1.54054,7.4762,-27.78679,14.19969,8.90363,3.08388,1.15643,72.40943,-6.292865,0.397858,0.466365,,,,,,,,,,,,-5.16736,8.42331,-1.4755,50,6.18583,2.2455,-115.30958,-2.44651,-6.91917,22.53771,-20.89508,TEN_VOL,OAK_GOL,LindseyNelsonStadium,D1,SEC,20260304-LindseyNelsonStadium-1,b71dfcb0-181d-11f1-bda3-276ded76bcdc,80.82174,,,6.8251,,,,,,,efdb3acd-98ca-462b-a386-93f1bbf9dc13,2026-03-04,22:58:53.73,2026-03-04T16:58:53.7327104-06:00,2026-03-04T22:58:53.7327104Z,,v3,471459,471397,6981f38c47c5403d8cc8c83a27c654da,"Clark, Ben",10098571,Right,OAK_GOL,c02b0f82-adce-48ad-a738-6003b920926f,53.01917,-115.89819,11.26886,6.2426,-1.90081,-10.44754,-1.53651,2.42621,-3.45959,,,,,,,,,,,,,,,,,,,,,,,,,,,,,,,,,,,,,,,,,,,,,,,,,,,High,High,High,,,,,,235.359414,-6.634873,1254.234836,0.993303,1:45,0.116523,-0.815228,-0.567296,-10.168011,-13.264964,-41.462083,148.34135,-23.726925,0.480493,-0.402378,-0.779242,27.310519,-28.717617,0.402378,-0.480493,0.779242,-27.310519,28.717617,-0.402378,0.480493,0.779242,-148.34135,23.726925,-0.480493,0.402378,-0.779242,,,
208,2026-03-04,16:59:12.85,4,2,"Ruhle, Stephen",804000,Right,OAK_GOL,"Grimmer, Blake",804084,Left,TEN_VOL,Undefined,6,Bottom,2,0,1,Curveball,Curveball,BallCalled,Undefined,Undefined,Undefined,0,0,,74.2836,-0.227641,-0.904768,2439.11936,16.31157,6:30,6.43483,1.44191,6.18403,-62.92972,-12.58312,-4.15571,0.98047,0.2601,68.56497,-11.749781,-1.658551,0.510689,,,,,,,,,,,,1.88697,-6.03252,-1.37158,50,6.386,1.84385,-108.01716,-2.26679,2.20693,20.58642,-39.22946,TEN_VOL,OAK_GOL,LindseyNelsonStadium,D1,SEC,20260304-LindseyNelsonStadium-1,c28acab0-181d-11f1-bda3-276ded76bcdc,73.80705,,,5.71863,,,,,,,efdb3acd-98ca-462b-a386-93f1bbf9dc13,2026-03-04,22:59:12.85,2026-03-04T16:59:12.8510464-06:00,2026-03-04T22:59:12.8510464Z,,v3,471459,471397,6981f38c47c5403d8cc8c83a27c654da,"Clark, Ben",10098571,Right,OAK_GOL,2cea8129-7fe3-488d-b40b-d6ff94a008e9,54.31772,-108.83694,10.29321,6.44516,-0.70462,-19.61473,-1.44325,1.75596,1.10347,,,,,,,,,,,,,,,,,,,,,,,,,,,,,,,,,,,,,,,,,,,,,,,,,,,High,High,High,,,,,,27.877949,51.682295,1512.306444,0.620021,7:00,-0.776978,0.286796,0.560404,-32.787006,-32.467667,21.225854,178.55377,-12.894845,0.024602,-0.223162,-0.974471,12.898817,-1.409751,0.223162,-0.024602,0.974471,-12.898817,1.409751,-0.223162,0.024602,0.974471,-178.55377,12.894845,-0.024602,0.223162,-0.974471,,,
209,2026-03-04,16:59:35.90,4,3,"Ruhle, Stephen",804000,Right,OAK_GOL,"Grimmer, Blake",804084,Left,TEN_VOL,Undefined,6,Bottom,2,1,1,ChangeUp,Changeup,StrikeSwinging,Undefined,Undefined,Undefined,0,0,,80.66188,-2.182262,-1.279552,1363.671303,195.691414,12:30,6.24125,1.47559,7.2419,-29.66281,11.54351,2.83984,1.79318,0.55418,73.43496,-7.848049,-0.755998,0.462012,,,,,,,,,,,,-1.92756,7.3502,-1.40324,50,6.10838,2.52803,-117.21999,-5.14236,-2.64815,24.76438,-22.07608,TEN_VOL,OAK_GOL,LindseyNelsonStadium,D1,SEC,20260304-LindseyNelsonStadium-1,d03e0640-181d-11f1-bda3-276ded76bcdc,81.58324,,,7.22691,,,,,,,efdb3acd-98ca-462b-a386-93f1bbf9dc13,2026-03-04,22:59:35.90,2026-03-04T16:59:35.9052800-06:00,2026-03-04T22:59:35.9052800Z,,v3,471459,471397,6981f38c47c5403d8cc8c83a27c654da,"Clark, Ben",10098571,Right,OAK_GOL,774a49ba-fb57-45da-bf31-3c917ade287d,53.25345,-117.90533,12.38219,6.24224,-4.53142,-11.03804,-1.47422,2.60131,-1.32407,,,,,,,,,,,,,,,,,,,,,,,,,,,,,,,,,,,,,,,,,,,,,,,,,,,High,High,High,,,,,,228.967912,-5.54164,1357.297884,0.995326,1:45,0.110467,-0.746595,-0.656044,-14.608748,4.051738,-28.767357,146.391994,-25.132766,0.501105,-0.424717,-0.753995,29.392081,-30.073143,0.424717,-0.501105,0.753995,-29.392081,30.073143,-0.424717,0.501105,0.753995,-146.391994,25.132766,-0.501105,0.424717,-0.753995,,,
210,2026-03-04,16:59:57.78,4,4,"Ruhle, Stephen",804000,Right,OAK_GOL,"Grimmer, Blake",804084,Left,TEN_VOL,Undefined,6,Bottom,2,1,2,Fastball,Four-Seam,FoulBallNotFieldable,Undefined,Undefined,Undefined,0,0,,86.99123,-2.677079,-2.429814,2176.594481,208.065951,1:00,6.33958,1.47402,7.05033,-17.66521,17.68473,8.82985,2.43209,0.00166,79.72484,-6.090088,-0.811058,0.427923,,,,,,,,,,,,-5.40642,10.56146,-1.32973,50,6.17159,5.05953,-126.3949,-6.30398,-8.74427,25.80872,-15.09213,TEN_VOL,OAK_GOL,LindseyNelsonStadium,D1,SEC,20260304-LindseyNelsonStadium-1,dd423d20-181d-11f1-bda3-276ded76bcdc,88.08227,,,7.26639,,,,,,,efdb3acd-98ca-462b-a386-93f1bbf9dc13,2026-03-04,22:59:57.78,2026-03-04T16:59:57.7822720-06:00,2026-03-04T22:59:57.7822720Z,,v3,471459,471397,6981f38c47c5403d8cc8c83a27c654da,"Clark, Ben",10098571,Right,OAK_GOL,e98df0fc-46ab-423b-98ce-1fb21057563c,53.44741,-127.09688,12.90436,6.33747,-5.89348,-7.54607,-1.47059,5.29737,-4.37214,,,,,,,,,,,,,,,,,,,,,,,,,,,,,,,,,,,,,,,,,,,,,,,,,,,High,High,High,,,,,,215.629176,16.728825,2084.476221,0.957678,1:15,-0.294237,-0.570718,-0.766619,-0.232596,27.475133,53.368455,167.922301,5.749815,0.208185,0.100185,-0.972945,5.879068,12.016025,0.100185,0.208185,0.972945,-5.879068,-12.016025,-0.100185,-0.208185,0.972945,-167.922301,-5.749815,-0.208185,-0.100185,-0.972945,,,
211,2026-03-04,17:00:24.94,4,5,"Ruhle, Stephen",804000,Right,OAK_GOL,"Grimmer, Blake",804084,Left,TEN_VOL,Undefined,6,Bottom,2,1,2,ChangeUp,Changeup,StrikeSwinging,Strikeout,Undefined,Undefined,0,0,,80.77636,-2.68865,-1.148185,1390.929678,199.07663,12:45,6.1877,1.5899,7.30094,-27.18671,13.94725,4.31221,1.48969,0.91131,73.32997,-7.909268,-0.352319,0.461606,,,,,,,,,,,,-2.6961,8.84922,-1.52648,50,6.02949,2.21617,-117.33527,-6.09787,-3.69962,25.45548,-20.0311,TEN_VOL,OAK_GOL,LindseyNelsonStadium,D1,SEC,20260304-LindseyNelsonStadium-1,ed77ddd0-181d-11f1-bda3-276ded76bcdc,81.65497,,,7.44639,,,,,,,efdb3acd-98ca-462b-a386-93f1bbf9dc13,2026-03-04,23:00:24.94,2026-03-04T17:00:24.9430000-06:00,2026-03-04T23:00:24.9430000Z,,v3,471459,471397,6981f38c47c5403d8cc8c83a27c654da,"Clark, Ben",10098571,Right,OAK_GOL,2824af37-67fe-463b-9861-b650fe89a886,53.19429,-118.02622,12.72774,6.18762,-5.55415,-10.01555,-1.588,2.31659,-1.84981,,,,,,,,,,,,,,,,,,,,,,,,,,,,,55.82767,,,1.268457,,,,-2.00443,5.62161,-0.98906,72.40039,1.8879,52.37888,-1.96025,65.32624,-5.42762,5.64858,14.65294,-13.99203,-0.96547,45.8759,-3.08917,High,High,High,,,High,High,Medium,228.073688,-9.169232,1373.156349,0.987222,1:30,0.180373,-0.726214,-0.663384,-11.209415,-0.558211,-29.720979,146.121408,-23.661508,0.510573,-0.401333,-0.760426,27.823896,-30.701987,0.401333,-0.510573,0.760426,-27.823896,30.701987,-0.401333,0.510573,0.760426,-146.121408,23.661508,-0.510573,0.401333,-0.760426,,,
212,2026-03-04,17:03:01.73,1,1,"Haas, William",10264539,Left,TEN_VOL,"Konopiots, Tony",823912,Right,OAK_GOL,Undefined,7,Top,0,0,0,Fastball,Sinker,BallCalled,Undefined,Undefined,Undefined,0,0,,90.72642,-1.461071,4.446376,2116.974924,120.325429,10:00,4.86688,-2.48496,5.94514,-23.94072,10.61532,-15.96087,1.51224,0.31742,81.65866,-5.963308,1.58869,0.423091,,,,,,,,,,,,9.56583,6.28674,2.13904,50,4.73697,-9.50031,-131.20628,-4.14475,16.41291,31.83493,-21.38734,TEN_VOL,OAK_GOL,LindseyNelsonStadium,D1,SEC,20260304-LindseyNelsonStadium-1,4ae73d30-181e-11f1-bda3-276ded76bcdc,89.08833,,,9.06776,,,,,,,efdb3acd-98ca-462b-a386-93f1bbf9dc13,2026-03-04,23:03:01.73,2026-03-04T17:03:01.7355264-06:00,2026-03-04T23:03:01.7355264Z,,v3,471459,471397,6981f38c47c5403d8cc8c83a27c654da,"Grindlinger, Trent",815821,Right,TEN_VOL,0713517e-0751-46f2-ad1e-79b42b2171b8,54.54987,-132.30562,15.91746,4.86734,-3.40619,-10.69367,2.47689,-10.06709,8.20646,,,,,,,,,,,,,,,,,,,,,,,,,,,,,,,,,,,,,,,,,,,,,,,,,,,High,High,High,,,,,,117.634861,20.681099,1980.558296,0.935561,10:00,-0.339417,0.819559,-0.461649,45.688316,47.503296,2.531703,172.015876,11.499357,0.136111,0.199357,-0.970428,11.608875,7.822845,0.199357,0.136111,0.970428,-11.608875,-7.822845,-0.199357,-0.136111,0.970428,-172.015876,-11.499357,-0.136111,-0.199357,-0.970428,,,
213,2026-03-04,17:03:18.52,1,2,"Haas, William",10264539,Left,TEN_VOL,"Konopiots, Tony",823912,Right,OAK_GOL,Undefined,7,Top,0,1,0,Fastball,Sinker,StrikeSwinging,Undefined,Undefined,Undefined,0,0,,89.51315,-0.023108,3.669631,2098.089011,130.949561,10:15,4.85679,-2.59663,5.94123,-21.53041,14.21489,-14.7567,3.04112,-0.41774,79.7058,-4.132113,1.02569,0.430309,,,,,,,,,,,,8.73831,7.66792,2.31166,50,4.84307,-7.64326,-129.45514,-0.70682,14.46358,33.22766,-19.48219,TEN_VOL,OAK_GOL,LindseyNelsonStadium,D1,SEC,20260304-LindseyNelsonStadium-1,54ebefb0-181e-11f1-bda3-276ded76bcdc,87.59382,,,9.80734,,,,,,,efdb3acd-98ca-462b-a386-93f1bbf9dc13,2026-03-04,23:03:18.52,2026-03-04T17:03:18.5274368-06:00,2026-03-04T23:03:18.5274368Z,,v3,471459,471397,6981f38c47c5403d8cc8c83a27c654da,"Grindlinger, Trent",815821,Right,TEN_VOL,09d3f7f6-d9e3-4694-8a17-f01aa3a96571,54.55053,-130.61791,16.61383,4.85588,-0.02506,-9.74109,2.58799,-8.14941,7.23179,,,,,,,,,,,,,,,,,,,,,,,,,,,,,,,,,,,,,,,,,,,,,,,,,,,High,High,High,,,,,,116.917005,15.854366,2018.276033,0.961959,10:00,-0.245106,0.857633,-0.452093,39.99928,45.623018,-9.138268,176.493601,14.02834,0.059336,0.242402,-0.96836,14.053609,3.401699,0.242402,0.059336,0.96836,-14.053609,-3.401699,-0.242402,-0.059336,0.96836,-176.493601,-14.02834,-0.059336,-0.242402,-0.96836,,,
214,2026-03-04,17:03:35.22,1,3,"Haas, William",10264539,Left,TEN_VOL,"Konopiots, Tony",823912,Right,OAK_GOL,Undefined,7,Top,0,1,1,ChangeUp,Changeup,BallCalled,Undefined,Undefined,Undefined,0,0,,77.37529,0.131554,4.751087,1523.399384,113.657853,9:45,4.73228,-2.61875,5.8506,-40.23868,7.09241,-12.47969,1.50172,0.76604,70.39422,-7.316887,2.522579,0.495159,,,,,,,,,,,,7.79933,4.06776,2.23921,50,4.71962,-8.84207,-111.9633,-0.95831,9.82227,21.70284,-27.05123,TEN_VOL,OAK_GOL,LindseyNelsonStadium,D1,SEC,20260304-LindseyNelsonStadium-1,5ef64780-181e-11f1-bda3-276ded76bcdc,76.12191,,,6.98107,,,,,,,efdb3acd-98ca-462b-a386-93f1bbf9dc13,2026-03-04,23:03:35.22,2026-03-04T17:03:35.2294400-06:00,2026-03-04T23:03:35.2294400Z,,v3,471459,471397,6981f38c47c5403d8cc8c83a27c654da,"Grindlinger, Trent",815821,Right,TEN_VOL,fd09a4cb-0a66-4604-80dc-6c0d92dd0449,54.64602,-112.86029,10.85142,4.73613,0.15973,-13.52562,2.61304,-9.24803,4.91114,,,,,,,,,,,,,,,,,,,,,,,,,,,,,,,,,,,,,,,,,,,,,,,,,,,High,High,High,,,,,,98.581528,13.078802,1483.882034,0.97406,9:15,-0.21127,0.963672,-0.163406,112.591328,19.284815,-7.017808,161.39655,36.845504,0.255295,0.599659,-0.758441,38.331551,14.79104,0.599659,0.255295,0.758441,-38.331551,-14.79104,-0.599659,-0.255295,0.758441,-161.39655,-36.845504,-0.255295,-0.599659,-0.758441,,,
215,2026-03-04,17:03:51.42,1,4,"Haas, William",10264539,Left,TEN_VOL,"Konopiots, Tony",823912,Right,OAK_GOL,Undefined,7,Top,0,2,1,Fastball,Sinker,BallCalled,Undefined,Undefined,Undefined,0,0,,89.03536,1.223889,3.602899,2051.289579,124.22253,10:15,4.96587,-2.50962,5.89639,-23.39474,12.61477,-16.55678,4.15497,-0.54007,79.587,-3.2103,0.639123,0.431897,,,,,,,,,,,,9.5443,6.4189,2.2283,50,5.05136,-7.37178,-128.81309,2.01823,15.72964,31.52905,-21.59529,TEN_VOL,OAK_GOL,LindseyNelsonStadium,D1,SEC,20260304-LindseyNelsonStadium-1,68966bd0-181e-11f1-bda3-276ded76bcdc,87.27188,,,9.44836,,,,,,,efdb3acd-98ca-462b-a386-93f1bbf9dc13,2026-03-04,23:03:51.42,2026-03-04T17:03:51.4226688-06:00,2026-03-04T23:03:51.4226688Z,,v3,471459,471397,6981f38c47c5403d8cc8c83a27c654da,"Grindlinger, Trent",815821,Right,TEN_VOL,ab17ed9a-9c6f-4cfc-bb47-96c2459bfa59,54.59635,-129.93325,15.76452,4.96603,2.78547,-10.79764,2.50013,-7.93062,7.86482,,,,,,,,,,,,,,,,,,,,,,,,,,,,,,,,,,,,,,,,,,,,,,,,,,,High,High,High,,,,,,116.310909,13.273511,1996.489635,0.973285,10:00,-0.183386,0.87716,-0.443802,42.407901,54.442125,-13.828126,172.047815,12.084838,0.135281,0.20936,-0.968436,12.198678,7.774851,0.20936,0.135281,0.968436,-12.198678,-7.774851,-0.20936,-0.135281,0.968436,-172.047815,-12.084838,-0.135281,-0.20936,-0.968436,,,
216,2026-03-04,17:04:10.82,1,5,"Haas, William",10264539,Left,TEN_VOL,"Konopiots, Tony",823912,Right,OAK_GOL,Undefined,7,Top,0,3,1,Fastball,Sinker,InPlay,Undefined,FlyBall,HomeRun,0,1,,87.86822,-0.093462,4.396503,2064.810282,125.118734,10:15,4.823,-2.52833,6.06163,-23.89017,13.15355,-16.58867,2.7454,0.16624,78.1275,-4.645024,1.421235,0.438055,98.59404,32.188555,-30.699917,3117.181185,92.50421,65.4111,-59.5221,379.44493,246.63022,-39.366916,5.450386,10.14111,7.21426,2.19555,50,4.80324,-9.0793,-127.02787,-0.92536,16.11083,32.73882,-20.71301,TEN_VOL,OAK_GOL,LindseyNelsonStadium,D1,SEC,20260304-LindseyNelsonStadium-1,7429ad90-181e-11f1-bda3-276ded76bcdc,86.04498,96.96084,,9.74072,,,,2.37658,2.76661,-0.08159,efdb3acd-98ca-462b-a386-93f1bbf9dc13,2026-03-04,23:04:10.82,2026-03-04T17:04:10.8295168-06:00,2026-03-04T23:04:10.8295168Z,FlyBall,v3,471459,471397,6981f38c47c5403d8cc8c83a27c654da,"Grindlinger, Trent",815821,Right,TEN_VOL,f4179894-f766-4733-adc5-c7ffe20cb621,54.43337,-128.16539,16.36941,4.82288,-0.20568,-10.35651,2.52074,-9.63907,8.05541,155.695861,2.38015,105.16221,-23.55193,5.56072,-1.06896,0.16627,-0.02076,0.00192,-9E-05,2.76674,77.01914,-17.49834,0.64523,0.19622,-0.1367,0.03718,-0.00474,0.00023,-0.08224,-62.46784,6.89761,-1.18102,0.15016,-0.01363,0.00161,-0.00026,2E-05,,,,,,,,,,,,,,,,,,,,,,,High,High,High,Medium,Low,,,,115.494429,17.739347,1966.633651,0.952452,9:45,-0.273762,0.859211,-0.432216,46.808624,43.993955,-2.850782,175.755506,11.015965,0.072649,0.191083,-0.978882,11.045517,4.166146,0.191083,0.072649,0.978882,-11.045517,-4.166146,-0.191083,-0.072649,0.978882,-175.755506,-11.015965,-0.072649,-0.191083,-0.978882,,,
217,2026-03-04,17:04:53.90,2,1,"Haas, William",10264539,Left,TEN_VOL,"Hain, Carter",1000121335,Right,OAK_GOL,Undefined,7,Top,0,0,0,Fastball,Sinker,StrikeCalled,Undefined,Undefined,Undefined,0,0,,89.18695,-0.541173,4.207354,2042.792515,114.3686,9:45,4.84566,-2.48977,6.09475,-25.3671,10.07292,-19.40048,2.22983,-0.20801,80.36141,-5.321098,0.722034,0.428468,,,,,,,,,,,,11.26784,5.74225,2.17498,50,4.7907,-8.67486,-129.13105,-2.03144,18.75921,30.40457,-22.61406,TEN_VOL,OAK_GOL,LindseyNelsonStadium,D1,SEC,20260304-LindseyNelsonStadium-1,8dcd8d20-181e-11f1-bda3-276ded76bcdc,87.97022,,,8.82554,,,,,,,efdb3acd-98ca-462b-a386-93f1bbf9dc13,2026-03-04,23:04:53.90,2026-03-04T17:04:53.9026432-06:00,2026-03-04T23:04:53.9026432Z,,v3,471459,471397,6981f38c47c5403d8cc8c83a27c654da,"Grindlinger, Trent",815821,Right,TEN_VOL,be0a3e16-b531-4547-bb32-53613b823bf6,54.40108,-130.16318,15.20228,4.84663,-1.26377,-11.30703,2.48027,-9.31167,9.37961,,,,,,,,,,,,,,,,,,,,,,,,,,,,,,,,,,,,,,,,,,,,,,,,,,,High,High,High,,,,,,114.340044,13.92486,1982.759251,0.970612,9:45,-0.218971,0.882027,-0.417228,46.438617,51.337512,-1.438808,169.48262,16.157501,0.175324,0.278279,-0.944364,16.418838,10.0975,0.278279,0.175324,0.944364,-16.418838,-10.0975,-0.278279,-0.175324,0.944364,-169.48262,-16.157501,-0.175324,-0.278279,-0.944364,,,
218,2026-03-04,17:05:08.99,2,2,"Haas, William",10264539,Left,TEN_VOL,"Hain, Carter",1000121335,Right,OAK_GOL,Undefined,7,Top,0,0,1,Fastball,Sinker,StrikeSwinging,Undefined,Undefined,Undefined,0,0,,91.00579,-0.33226,3.998152,2099.817621,113.943285,9:45,4.90157,-2.49923,5.87017,-24.12726,10.25796,-20.24501,2.58159,-0.46663,81.77391,-4.871491,0.375259,0.422044,,,,,,,,,,,,11.55804,5.71748,2.18667,50,4.86086,-8.29946,-131.72197,-1.5755,19.98286,32.1426,-22.28903,TEN_VOL,OAK_GOL,LindseyNelsonStadium,D1,SEC,20260304-LindseyNelsonStadium-1,96c47920-181e-11f1-bda3-276ded76bcdc,89.30936,,,9.23187,,,,,,,efdb3acd-98ca-462b-a386-93f1bbf9dc13,2026-03-04,23:05:08.99,2026-03-04T17:05:08.9965568-06:00,2026-03-04T23:05:08.9965568Z,,v3,471459,471397,6981f38c47c5403d8cc8c83a27c654da,"Grindlinger, Trent",815821,Right,TEN_VOL,b749cf94-88da-4031-aa52-ea63c12e0540,54.62525,-132.84582,16.0713,4.90232,-0.79618,-11.14451,2.48907,-8.99815,9.99143,,,,,,,,,,,,,,,,,,,,,,,,,,,,,,,,,,,,,,,,,,,,,,,,,,,High,High,High,,,,,,116.637984,21.740853,1950.454858,0.928869,10:00,-0.345267,0.828114,-0.441608,41.558976,50.282083,-5.478402,175.944178,10.919077,0.069448,0.189422,-0.979437,10.945829,3.982274,0.189422,0.069448,0.979437,-10.945829,-3.982274,-0.189422,-0.069448,0.979437,-175.944178,-10.919077,-0.069448,-0.189422,-0.979437,,,
219,2026-03-04,17:05:28.10,2,3,"Haas, William",10264539,Left,TEN_VOL,"Hain, Carter",1000121335,Right,OAK_GOL,Undefined,7,Top,0,0,2,Fastball,Sinker,StrikeCalled,Strikeout,Undefined,Undefined,0,0,,91.58366,-0.823636,4.730701,2167.32642,120.373966,10:00,4.85379,-2.41141,5.90301,-21.5571,12.27847,-18.88001,2.29015,0.41662,82.59261,-4.891993,1.355739,0.418657,,,,,,,,,,,,11.0654,6.88618,2.04106,50,4.7752,-10.12116,-132.48052,-2.61321,19.44121,31.31874,-20.07543,TEN_VOL,OAK_GOL,LindseyNelsonStadium,D1,SEC,20260304-LindseyNelsonStadium-1,a234a280-181e-11f1-bda3-276ded76bcdc,90.03179,,,8.99104,,,,,,,efdb3acd-98ca-462b-a386-93f1bbf9dc13,2026-03-04,23:05:28.10,2026-03-04T17:05:28.1080000-06:00,2026-03-04T23:05:28.1080000Z,,v3,471459,471397,6981f38c47c5403d8cc8c83a27c654da,"Grindlinger, Trent",815821,Right,TEN_VOL,2b33d7b7-ab43-4e8b-8eed-7560d9cfa4ac,54.59292,-133.56188,15.65937,4.85346,-1.92005,-10.03771,2.40211,-10.79242,9.72061,,,,,,,,,,,,,,,,,,,,,,,,,,,,,62.38502,,,1.094897,,,,-0.46132,5.73908,1.15432,69.12625,5.92574,-55.65372,-0.41501,68.44564,-4.50452,5.79577,16.36161,-14.83459,1.09911,-57.04463,4.75939,High,High,High,,,High,High,High,116.40301,17.580246,2066.10114,0.953295,10:00,-0.278252,0.849425,-0.448389,48.916665,43.208666,-2.56178,175.565063,8.045191,0.076566,0.139954,-0.987193,8.069035,4.391202,0.139954,0.076566,0.987193,-8.069035,-4.391202,-0.139954,-0.076566,0.987193,-175.565063,-8.045191,-0.076566,-0.139954,-0.987193,,,
220,2026-03-04,17:05:59.54,3,1,"Haas, William",10264539,Left,TEN_VOL,"Orr, Aidan",1000315303,Left,OAK_GOL,Undefined,7,Top,1,0,0,Fastball,Sinker,BallCalled,Undefined,Undefined,Undefined,0,0,,88.75751,0.601443,5.976903,2082.967212,124.508057,10:15,4.81489,-2.46277,6.01762,-24.17946,11.6356,-15.15198,3.3601,1.83094,80.3445,-3.942509,3.274259,0.430729,,,,,,,,,,,,9.44938,6.16036,2.00061,50,4.84917,-12.77119,-128.20532,0.58919,15.64495,27.80171,-21.97462,TEN_VOL,OAK_GOL,LindseyNelsonStadium,D1,SEC,20260304-LindseyNelsonStadium-1,b4e889a0-181e-11f1-bda3-276ded76bcdc,87.50846,,,8.41301,,,,,,,efdb3acd-98ca-462b-a386-93f1bbf9dc13,2026-03-04,23:05:59.54,2026-03-04T17:05:59.5453440-06:00,2026-03-04T23:05:59.5453440Z,,v3,471459,471397,6981f38c47c5403d8cc8c83a27c654da,"Grindlinger, Trent",815821,Right,TEN_VOL,876dc329-5baa-4786-9773-092f3168c8ec,54.47764,-129.17266,13.90086,4.81537,1.35378,-10.98731,2.45444,-13.31554,7.82248,,,,,,,,,,,,,,,,,,,,,,,,,,,,,,,,,,,,,,,,,,,,,,,,,,,High,High,High,,,,,,114.776834,12.531366,2033.345464,0.976177,9:45,-0.163931,0.888546,-0.4285,48.212867,41.512937,8.767605,163.610557,20.459528,0.264366,0.349546,-0.898849,21.250143,15.329257,0.349546,0.264366,0.898849,-21.250143,-15.329257,-0.349546,-0.264366,0.898849,-163.610557,-20.459528,-0.264366,-0.349546,-0.898849,,,
221,2026-03-04,17:06:15.47,3,2,"Haas, William",10264539,Left,TEN_VOL,"Orr, Aidan",1000315303,Left,OAK_GOL,Undefined,7,Top,1,1,0,Fastball,Sinker,StrikeCalled,Undefined,Undefined,Undefined,0,0,,88.51916,0.591038,4.972387,2095.367619,119.550598,10:00,4.88837,-2.46123,5.92696,-24.36793,11.69343,-18.43812,3.4082,0.62749,80.04475,-3.990017,1.678362,0.432208,,,,,,,,,,,,10.81808,6.17449,2.07281,50,4.9221,-10.34092,-128.05339,0.54497,17.83974,28.13308,-21.99192,TEN_VOL,OAK_GOL,LindseyNelsonStadium,D1,SEC,20260304-LindseyNelsonStadium-1,be6c9a70-181e-11f1-bda3-276ded76bcdc,87.20909,,,8.47441,,,,,,,efdb3acd-98ca-462b-a386-93f1bbf9dc13,2026-03-04,23:06:15.47,2026-03-04T17:06:15.4756608-06:00,2026-03-04T23:06:15.4756608Z,,v3,471459,471397,6981f38c47c5403d8cc8c83a27c654da,"Grindlinger, Trent",815821,Right,TEN_VOL,ca36bd3f-a4c4-4022-af88-e05daf40dbaf,54.5687,-129.05322,14.06654,4.88884,1.32655,-10.99596,2.45158,-10.97493,8.91987,,,,,,,,,,,,,,,,,,,,,,,,,,,,,,,,,,,,,,,,,,,,,,,,,,,High,High,High,,,,,,118.049549,16.861396,2005.286162,0.957009,10:00,-0.241265,0.847547,-0.47271,47.39537,36.4379,-6.032647,179.069999,7.418969,0.016095,0.129124,-0.991498,7.419936,0.922215,0.129124,0.016095,0.991498,-7.419936,-0.922215,-0.129124,-0.016095,0.991498,-179.069999,-7.418969,-0.016095,-0.129124,-0.991498,,,
222,2026-03-04,17:06:47.05,3,3,"Haas, William",10264539,Left,TEN_VOL,"Orr, Aidan",1000315303,Left,OAK_GOL,Undefined,7,Top,1,1,1,Slider,Curveball,StrikeCalled,Undefined,Undefined,Undefined,0,0,,76.68857,2.45689,1.661003,2258.694085,295.574739,3:45,4.69595,-2.63702,6.30251,-52.5007,-5.29748,14.30658,2.58676,0.08589,69.90684,-7.279694,4.246022,0.49449,,,,,,,,,,,,-6.8728,-2.97173,2.50891,50,4.85214,-3.73318,-111.32896,3.22881,-8.53575,21.92968,-35.86485,TEN_VOL,OAK_GOL,LindseyNelsonStadium,D1,SEC,20260304-LindseyNelsonStadium-1,d14b3b10-181e-11f1-bda3-276ded76bcdc,76.22493,,,6.78173,,,,,,,efdb3acd-98ca-462b-a386-93f1bbf9dc13,2026-03-04,23:06:47.05,2026-03-04T17:06:47.0573568-06:00,2026-03-04T23:06:47.0573568Z,,v3,471459,471397,6981f38c47c5403d8cc8c83a27c654da,"Grindlinger, Trent",815821,Right,TEN_VOL,f7a0ff14-81ca-445a-bcf9-edc7c2f7580b,54.19615,-112.15247,10.96484,4.7056,4.57562,-17.93243,2.64308,-3.41263,-4.26788,,,,,,,,,,,,,,,,,,,,,,,,,,,,,,,,,,,,,,,,,,,,,,,,,,,High,High,High,,,,,,318.384197,-61.275098,1085.538958,0.480605,4:30,0.851671,-0.356484,0.384155,40.894028,-10.937096,-63.917488,105.759708,38.376837,0.754475,0.620831,-0.212922,71.069924,48.979555,0.620831,0.754475,0.212922,-71.069924,-48.979555,-0.620831,-0.754475,0.212922,-105.759708,-38.376837,-0.754475,-0.620831,-0.212922,,,
223,2026-03-04,17:07:05.26,3,4,"Haas, William",10264539,Left,TEN_VOL,"Orr, Aidan",1000315303,Left,OAK_GOL,Undefined,7,Top,1,1,2,Slider,Slider,FoulBallNotFieldable,Undefined,Undefined,Undefined,0,0,,77.17848,2.541448,0.446258,2299.485846,287.704698,3:30,4.7889,-2.6827,6.09959,-51.38625,-4.03725,17.94741,2.85875,-0.77436,69.67404,-6.992307,3.679618,0.495253,62.03597,26.040307,-156.792287,3314.493981,,,,133.0944,47.2821,-159.265183,1.935105,-9.11733,-2.46303,2.63906,50,4.95778,-1.51751,-111.95511,3.41519,-11.3433,23.93185,-35.2384,TEN_VOL,OAK_GOL,LindseyNelsonStadium,D1,SEC,20260304-LindseyNelsonStadium-1,dc220aa0-181e-11f1-bda3-276ded76bcdc,76.10748,20.02021,,7.50444,,,,1.95758,2.79074,0.80211,efdb3acd-98ca-462b-a386-93f1bbf9dc13,2026-03-04,23:07:05.26,2026-03-04T17:07:05.2652544-06:00,2026-03-04T23:07:05.2652544Z,LineDrive,v3,471459,471397,6981f38c47c5403d8cc8c83a27c654da,"Grindlinger, Trent",815821,Right,TEN_VOL,2a1267c6-0bfe-497d-bc0d-3d22af1d17d9,54.39893,-112.89152,11.96593,4.79718,4.79401,-17.6192,2.68975,-1.07366,-5.67165,19.382631,1.95762,-75.13828,4.52198,0.13449,0.35501,-0.43036,0.27989,-0.08941,0.01092,2.79076,39.94275,-25.03812,2.54152,-0.62604,0.34541,-0.19715,0.06747,-0.00935,0.80213,-32.21667,4.24167,-0.41981,0.32209,-0.30547,0.19397,-0.06283,0.00787,,,,,,,,,,,,,,,,,,,,,,,High,High,High,High,Low,,,,326.939692,-61.267767,1105.401644,0.480717,5:00,0.861221,-0.300866,0.409607,26.970725,-25.758129,-65.13675,105.930993,38.744906,0.749985,0.625854,-0.214078,71.116411,48.589074,0.625854,0.749985,0.214078,-71.116411,-48.589074,-0.625854,-0.749985,0.214078,-105.930993,-38.744906,-0.749985,-0.625854,-0.214078,,,
224,2026-03-04,17:07:31.00,3,5,"Haas, William",10264539,Left,TEN_VOL,"Orr, Aidan",1000315303,Left,OAK_GOL,Undefined,7,Top,1,1,2,Fastball,Sinker,BallCalled,Undefined,Undefined,Undefined,0,0,,90.652,-0.995211,6.462412,1966.036998,122.191273,10:00,4.94008,-2.42531,6.04824,-22.52926,11.85985,-16.93784,2.13536,2.17116,82.06939,-5.235132,3.442128,0.422067,,,,,,,,,,,,10.54973,6.74658,1.929,50,4.8501,-14.082,-130.81985,-3.00309,18.16581,29.2385,-20.55699,TEN_VOL,OAK_GOL,LindseyNelsonStadium,D1,SEC,20260304-LindseyNelsonStadium-1,eb6c8800-181e-11f1-bda3-276ded76bcdc,89.3043,,,8.5826,,,,,,,efdb3acd-98ca-462b-a386-93f1bbf9dc13,2026-03-04,23:07:31.00,2026-03-04T17:07:31.0068224-06:00,2026-03-04T23:07:31.0068224Z,,v3,471459,471397,6981f38c47c5403d8cc8c83a27c654da,"Grindlinger, Trent",815821,Right,TEN_VOL,b86775e0-785a-4fe0-ab64-bfd5487a2c4f,54.44767,-131.81016,14.61925,4.94002,-2.30682,-10.27849,2.41637,-14.69728,9.0829,,,,,,,,,,,,,,,,,,,,,,,,,,,,,,,,,,,,,,,,,,,,,,,,,,,High,High,High,,,,,,115.89767,10.339967,1934.108705,0.98376,9:45,-0.145234,0.881716,-0.448871,48.52652,35.613729,-0.941626,172.187639,13.846662,0.131979,0.239324,-0.961928,13.971324,7.583976,0.239324,0.131979,0.961928,-13.971324,-7.583976,-0.239324,-0.131979,0.961928,-172.187639,-13.846662,-0.131979,-0.239324,-0.961928,,,
225,2026-03-04,17:07:48.78,3,6,"Haas, William",10264539,Left,TEN_VOL,"Orr, Aidan",1000315303,Left,OAK_GOL,Undefined,7,Top,1,2,2,Slider,Curveball,BallCalled,Undefined,Undefined,Undefined,0,0,,75.73285,1.169547,3.607658,2355.247328,300.704393,4:00,4.64821,-2.63434,6.24636,-56.55928,-7.62174,15.65772,1.01587,2.00213,69.04769,-9.254243,6.427906,0.503492,,,,,,,,,,,,-6.85855,-3.72583,2.35892,50,4.70893,-7.47369,-109.77795,0.56707,-8.21766,22.72267,-36.63819,TEN_VOL,OAK_GOL,LindseyNelsonStadium,D1,SEC,20260304-LindseyNelsonStadium-1,f6151ba0-181e-11f1-bda3-276ded76bcdc,74.86206,,,6.68516,,,,,,,efdb3acd-98ca-462b-a386-93f1bbf9dc13,2026-03-04,23:07:48.78,2026-03-04T17:07:48.7890432-06:00,2026-03-04T23:07:48.7890432Z,,v3,471459,471397,6981f38c47c5403d8cc8c83a27c654da,"Grindlinger, Trent",815821,Right,TEN_VOL,dd5bb069-72cc-4ef0-91f7-a6fe57fc8156,54.25196,-110.65455,11.36134,4.65979,1.98051,-18.3191,2.64113,-7.15667,-4.10883,,,,,,,,,,,,,,,,,,,,,,,,,,,,,,,,,,,,,,,,,,,,,,,,,,,High,High,High,,,,,,315.866883,-55.739239,1325.91043,0.56296,4:30,0.791265,-0.408793,0.454741,46.980812,-18.242656,-68.447971,109.542909,34.199067,0.779442,0.56207,-0.276672,63.791847,51.209524,0.56207,0.779442,0.276672,-63.791847,-51.209524,-0.56207,-0.779442,0.276672,-109.542909,-34.199067,-0.779442,-0.56207,-0.276672,,,
226,2026-03-04,17:08:08.60,3,7,"Haas, William",10264539,Left,TEN_VOL,"Orr, Aidan",1000315303,Left,OAK_GOL,Undefined,7,Top,1,3,2,Fastball,Sinker,StrikeSwinging,Strikeout,Undefined,Undefined,0,0,,87.75716,0.246255,5.05551,1983.198551,123.397822,10:00,4.77435,-2.55961,6.00599,-24.81848,11.90229,-16.07536,2.93519,0.79675,79.14438,-4.430564,2.180225,0.436141,,,,,,,,,,,,9.72323,6.41634,2.1698,50,4.78033,-10.53909,-126.89681,-0.22826,15.68659,28.53358,-21.82251,TEN_VOL,OAK_GOL,LindseyNelsonStadium,D1,SEC,20260304-LindseyNelsonStadium-1,01d90a50-181f-11f1-bda3-276ded76bcdc,86.42254,,,8.61278,,,,,,,efdb3acd-98ca-462b-a386-93f1bbf9dc13,2026-03-04,23:08:08.60,2026-03-04T17:08:08.6020000-06:00,2026-03-04T23:08:08.6020000Z,,v3,471459,471397,6981f38c47c5403d8cc8c83a27c654da,"Grindlinger, Trent",815821,Right,TEN_VOL,d8291e0d-0889-49fc-9f93-db93af933f3f,54.48868,-127.90213,14.26679,4.77483,0.54061,-10.91125,2.55086,-11.09178,7.8433,,,,,,,,,,,,,,,,,,,,,,,,,,,,,68.53891,2.634793,1.649613,0.985181,-2.0804,2.65314,-0.9241,-0.93117,5.44165,-2.11109,72.15977,9.82277,-52.62141,-0.85246,79.79816,-5.738,5.4841,17.73702,-13.51266,-2.18776,-56.30738,5.15788,High,High,High,,,High,High,High,113.88987,11.747955,1941.655976,0.979053,9:45,-0.164041,0.89604,-0.412557,44.619127,47.904826,0.636824,167.429744,21.360777,0.202686,0.364239,-0.908982,21.836535,11.69408,0.364239,0.202686,0.908982,-21.836535,-11.69408,-0.364239,-0.202686,0.908982,-167.429744,-21.360777,-0.202686,-0.364239,-0.908982,,,
227,2026-03-04,17:08:36.63,4,1,"Haas, William",10264539,Left,TEN_VOL,"Clark, Ben",10098571,Right,OAK_GOL,Undefined,7,Top,2,0,0,ChangeUp,Changeup,StrikeCalled,Undefined,Undefined,Undefined,0,0,,77.57948,1.612367,3.235401,1406.453428,111.838431,9:45,4.66356,-2.82135,5.5949,-40.75943,6.71583,-12.68733,2.77512,-0.8547,70.31247,-5.923784,0.975545,0.495913,,,,,,,,,,,,7.333,3.43071,2.55192,50,4.77597,-5.84961,-112.33635,1.87127,9.29068,21.96816,-27.82746,TEN_VOL,OAK_GOL,LindseyNelsonStadium,D1,SEC,20260304-LindseyNelsonStadium-1,12962a80-181f-11f1-bda3-276ded76bcdc,76.0062,,,7.26701,,,,,,,efdb3acd-98ca-462b-a386-93f1bbf9dc13,2026-03-04,23:08:36.63,2026-03-04T17:08:36.6362624-06:00,2026-03-04T23:08:36.6362624Z,,v3,471459,471397,6981f38c47c5403d8cc8c83a27c654da,"Grindlinger, Trent",815821,Right,TEN_VOL,b952963c-9f7a-4b4e-b142-381934ad474e,54.89993,-113.29051,10.98408,4.66845,3.07992,-13.91373,2.81476,-6.25314,4.64534,,,,,,,,,,,,,,,,,,,,,,,,,,,,,,,,,,,,,,,,,,,,,,,,,,,High,High,High,,,,,,83.283339,28.903609,1231.257264,0.875434,8:45,-0.46373,0.882681,0.07634,114.195808,9.630557,-8.628899,140.506129,20.526912,0.595615,0.350647,-0.722696,25.882354,36.556471,0.350647,0.595615,0.722696,-25.882354,-36.556471,-0.350647,-0.595615,0.722696,-140.506129,-20.526912,-0.595615,-0.350647,-0.722696,,,
228,2026-03-04,17:08:52.56,4,2,"Haas, William",10264539,Left,TEN_VOL,"Clark, Ben",10098571,Right,OAK_GOL,Undefined,7,Top,2,0,1,ChangeUp,Changeup,InPlay,Undefined,GroundBall,Single,0,0,,79.62134,0.530494,2.902275,1299.37184,112.902095,9:45,4.79046,-2.75374,5.74854,-38.4777,6.08067,-10.91607,2.0785,-0.95919,72.61224,-6.583697,0.950177,0.480437,100.11599,2.381904,-7.555176,1171.873747,,,,69.07103,67.98941,-7.629555,0.49833,6.42441,3.36292,2.51943,50,4.81108,-5.43753,-115.48184,-0.14849,8.63139,22.5293,-27.65585,TEN_VOL,OAK_GOL,LindseyNelsonStadium,D1,SEC,20260304-LindseyNelsonStadium-1,1c0ddf40-181f-11f1-bda3-276ded76bcdc,78.45457,2.5011,,7.0091,,,,1.30372,2.07151,0.95521,efdb3acd-98ca-462b-a386-93f1bbf9dc13,2026-03-04,23:08:52.56,2026-03-04T17:08:52.5623808-06:00,2026-03-04T23:08:52.5623808Z,GroundBall,v3,471459,471397,6981f38c47c5403d8cc8c83a27c654da,"Grindlinger, Trent",815821,Right,TEN_VOL,a5ec3928-3156-4b14-9747-dcead1c0338c,54.74905,-116.40464,11.26465,4.79397,0.98429,-13.82792,2.74939,-5.79107,4.3157,48.352829,1.32363,144.89882,-20.4978,,,,,,,2.0871,5.6812,-19.86392,,,,,,,0.96049,-19.43303,-1.81895,,,,,,,,,,,,,,,,,,,,,,,,,,,,,High,High,High,High,High,,,,93.185656,35.913624,1052.364095,0.809902,9:00,-0.576031,0.814047,-0.074269,90.368476,19.797835,-5.894125,141.653465,17.288102,0.592387,0.297177,-0.748841,21.645583,36.326608,0.297177,0.592387,0.748841,-21.645583,-36.326608,-0.297177,-0.592387,0.748841,-141.653465,-17.288102,-0.592387,-0.297177,-0.748841,71.06689,10.9774,-4.88523
229,2026-03-04,17:09:42.46,5,1,"Haas, William",10264539,Left,TEN_VOL,"Lux, Jack",1000114600,Left,OAK_GOL,Undefined,7,Top,2,0,0,Fastball,Sinker,StrikeCalled,Undefined,Undefined,Undefined,0,0,,87.66141,-1.264324,4.882076,2004.882176,120.096688,10:00,5.08376,-2.24736,5.90328,-25.68151,11.30398,-17.19662,1.76555,0.86244,79.15034,-6.081371,1.808433,0.437711,,,,,,,,,,,,10.27981,6.57256,1.86389,50,4.96732,-10.09487,-126.74614,-3.63279,16.51916,28.84203,-21.6123,TEN_VOL,OAK_GOL,LindseyNelsonStadium,D1,SEC,20260304-LindseyNelsonStadium-1,39cbb3e0-181f-11f1-bda3-276ded76bcdc,86.11265,,,8.51107,,,,,,,efdb3acd-98ca-462b-a386-93f1bbf9dc13,2026-03-04,23:09:42.46,2026-03-04T17:09:42.4612352-06:00,2026-03-04T23:09:42.4612352Z,,v3,471459,471397,6981f38c47c5403d8cc8c83a27c654da,"Grindlinger, Trent",815821,Right,TEN_VOL,9271ba3c-de67-4322-8919-450eab6b7a8e,54.59241,-127.78691,14.42102,5.08433,-2.85291,-10.80615,2.23892,-10.69096,8.25958,,,,,,,,,,,,,,,,,,,,,,,,,,,,,,,,,,,,,,,,,,,,,,,,,,,High,High,High,,,,,,116.885461,16.612491,1921.198938,0.95826,10:00,-0.266702,0.848168,-0.457692,48.739044,32.06658,1.015267,178.289373,9.775949,0.029418,0.169796,-0.98504,9.780223,1.68578,0.169796,0.029418,0.98504,-9.780223,-1.68578,-0.169796,-0.029418,0.98504,-178.289373,-9.775949,-0.029418,-0.169796,-0.98504,,,
230,2026-03-04,17:10:01.36,5,2,"Haas, William",10264539,Left,TEN_VOL,"Lux, Jack",1000114600,Left,OAK_GOL,Undefined,7,Top,2,0,1,Fastball,Sinker,BallCalled,Undefined,Undefined,Undefined,0,0,,88.67636,-0.327326,5.802456,2055.051343,134.021672,10:30,4.90712,-2.5392,5.92169,-22.18009,14.14784,-13.24883,2.75347,1.75955,79.63781,-4.526075,3.442342,0.433802,,,,,,,,,,,,8.57067,7.72028,2.08053,50,4.86837,-12.42583,-127.97586,-1.41559,14.00342,30.05874,-19.56005,TEN_VOL,OAK_GOL,LindseyNelsonStadium,D1,SEC,20260304-LindseyNelsonStadium-1,45082310-181f-11f1-bda3-276ded76bcdc,86.88855,,,9.03855,,,,,,,efdb3acd-98ca-462b-a386-93f1bbf9dc13,2026-03-04,23:10:01.36,2026-03-04T17:10:01.3670912-06:00,2026-03-04T23:10:01.3670912Z,,v3,471459,471397,6981f38c47c5403d8cc8c83a27c654da,"Grindlinger, Trent",815821,Right,TEN_VOL,03b18f70-a1ce-4267-a10d-7c15cb554049,54.57179,-129.0452,15.02937,4.90635,-0.71974,-9.78003,2.53144,-12.924,7.00171,,,,,,,,,,,,,,,,,,,,,,,,,,,,,,,,,,,,,,,,,,,,,,,,,,,High,High,High,,,,,,115.982962,12.129018,2009.176327,0.977677,9:45,-0.170726,0.877643,-0.447879,45.151803,28.180194,5.587141,171.695521,18.636177,0.13686,0.319558,-0.937631,18.819821,7.866214,0.319558,0.13686,0.937631,-18.819821,-7.866214,-0.319558,-0.13686,0.937631,-171.695521,-18.636177,-0.13686,-0.319558,-0.937631,,,
231,2026-03-04,17:10:23.64,5,3,"Haas, William",10264539,Left,TEN_VOL,"Lux, Jack",1000114600,Left,OAK_GOL,Undefined,7,Top,2,1,1,Fastball,Sinker,StrikeSwinging,Undefined,Undefined,Undefined,0,0,,86.21446,0.176706,5.043802,2059.720328,135.06099,10:30,4.91767,-2.59012,6.14286,-22.97466,15.17485,-13.70174,3.16704,0.94103,77.16911,-4.206328,2.587613,0.444545,,,,,,,,,,,,8.65729,8.16662,2.21146,50,4.91942,-10.42335,-124.57542,-0.26415,13.35025,29.38998,-19.58046,TEN_VOL,OAK_GOL,LindseyNelsonStadium,D1,SEC,20260304-LindseyNelsonStadium-1,5257bad0-181f-11f1-bda3-276ded76bcdc,84.78877,,,9.04535,,,,,,,efdb3acd-98ca-462b-a386-93f1bbf9dc13,2026-03-04,23:10:23.64,2026-03-04T17:10:23.6426240-06:00,2026-03-04T23:10:23.6426240Z,,v3,471459,471397,6981f38c47c5403d8cc8c83a27c654da,"Grindlinger, Trent",815821,Right,TEN_VOL,ed10d5f5-27fe-476d-9015-8c279a45779a,54.34976,-125.59743,14.69499,4.91677,0.41674,-9.79023,2.582,-10.8876,6.67513,,,,,,,,,,,,,,,,,,,,,,,,,,,,,,,,,,,,,,,,,,,,,,,,,,,High,High,High,,,,,,118.865805,7.211427,2043.427293,0.99209,10:00,-0.080268,0.869208,-0.487887,44.125071,41.350162,-4.226823,167.050743,17.281805,0.213972,0.297072,-0.930572,17.704928,12.355201,0.297072,0.213972,0.930572,-17.704928,-12.355201,-0.297072,-0.213972,0.930572,-167.050743,-17.281805,-0.213972,-0.297072,-0.930572,,,
232,2026-03-04,17:10:48.45,5,4,"Haas, William",10264539,Left,TEN_VOL,"Lux, Jack",1000114600,Left,OAK_GOL,Undefined,7,Top,2,1,2,Fastball,Sinker,InPlay,Undefined,LineDrive,Out,1,0,,91.73292,-0.332566,5.388961,2166.796547,121.085019,10:00,4.99916,-2.72966,6.07448,-21.38135,12.35009,-18.39123,2.9083,0.73876,82.24162,-4.392001,2.096922,0.418012,94.85183,21.174337,-0.520746,2106.102461,109.76152,37.98275,-7.23938,325.82142,317.66716,-8.627149,3.841893,11.24044,6.82492,2.32135,50,4.9621,-11.71249,-132.56113,-1.44296,19.65718,32.88317,-20.2387,TEN_VOL,OAK_GOL,LindseyNelsonStadium,D1,SEC,20260304-LindseyNelsonStadium-1,6114c540-181f-11f1-bda3-276ded76bcdc,90.17072,47.27521,,9.4913,,,,1.10804,2.87772,-0.75035,efdb3acd-98ca-462b-a386-93f1bbf9dc13,2026-03-04,23:10:48.45,2026-03-04T17:10:48.4596224-06:00,2026-03-04T23:10:48.4596224Z,LineDrive,v3,471459,471397,6981f38c47c5403d8cc8c83a27c654da,"Grindlinger, Trent",815821,Right,TEN_VOL,7f5a363c-b01d-47ac-a752-8aacfe292f1c,54.42189,-133.65353,16.44158,4.99887,-0.77062,-10.11935,2.7213,-12.36551,9.82859,141.475801,1.10777,129.72295,-22.21703,4.71996,-0.90978,0.16489,-0.03003,0.00421,-0.00026,2.87806,50.24511,-14.82908,0.3116,-0.0002,0.01799,-0.00706,0.00171,-0.00017,-0.75036,-1.18408,-7.59558,2.39886,-0.45273,0.02927,0.00672,-0.00167,0.00012,,,,,,,,,,,,,,,,,,,,,,,High,High,High,High,High,,,,117.276142,8.773834,2141.441004,0.988298,10:00,-0.114397,0.877507,-0.465719,46.628754,47.24807,-11.004201,171.076199,11.348857,0.152088,0.196782,-0.968579,11.484239,8.747933,0.196782,0.152088,0.968579,-11.484239,-8.747933,-0.196782,-0.152088,0.968579,-171.076199,-11.348857,-0.152088,-0.196782,-0.968579,67.82426,17.6057,6.89395
233,2026-03-04,17:13:47.23,1,1,"Paxson, Will",10021262,Right,OAK_GOL,"Wright, Garrett",835226,Right,TEN_VOL,Undefined,7,Bottom,0,0,0,Slider,Curveball,HitByPitch,Undefined,Undefined,Undefined,0,0,,75.4816,0.779309,0.633859,2499.603484,62.712902,8:00,6.02507,1.57154,5.22025,-53.99597,-3.70276,-10.23036,2.25819,1.31498,69.47532,-9.005727,-1.183601,0.510418,,,,,,,,,,,,5.38717,-1.7926,-1.62171,50,6.05567,-0.83351,-109.61854,-0.30084,6.53851,19.8302,-34.34975,TEN_VOL,OAK_GOL,LindseyNelsonStadium,D1,SEC,20260304-LindseyNelsonStadium-1,cbb67060-181f-11f1-bda3-276ded76bcdc,73.84619,,,6.00628,,,,,,,efdb3acd-98ca-462b-a386-93f1bbf9dc13,2026-03-04,23:13:47.23,2026-03-04T17:13:47.2320000-06:00,2026-03-04T23:13:47.2320000Z,,v3,471459,471397,6981f38c47c5403d8cc8c83a27c654da,"Palermo, Mason",10083178,Right,OAK_GOL,3eaf914e-7ede-46d8-83e0-c115595868bb,55.28106,-110.56977,9.9151,6.03058,1.34687,-17.17488,-1.57421,-1.14716,3.26926,,,,,,,,,,,,,,,,,,,,,,,,,,,,,,,,,,,,,,,,,,,,,,,,,,,High,High,High,,,,,,63.515763,64.535014,1074.728109,0.429959,8:00,-0.899597,0.397082,0.1818,26.390447,-56.675092,-64.973028,164.389311,14.766014,0.260212,0.254872,-0.931305,15.30549,15.082667,0.254872,0.260212,0.931305,-15.30549,-15.082667,-0.254872,-0.260212,0.931305,-164.389311,-14.766014,-0.260212,-0.254872,-0.931305,,,
234,2026-03-04,17:14:22.88,2,1,"Paxson, Will",10021262,Right,OAK_GOL,"Newstrom, Chris",815514,Right,TEN_VOL,Undefined,7,Bottom,0,0,0,Fastball,Four-Seam,InPlay,Undefined,Popup,Out,1,0,,89.23457,-1.974095,-2.366293,2470.413258,207.371733,1:00,6.20414,1.36214,5.65129,-16.36225,19.20757,9.33272,2.99717,-0.06834,81.2688,-5.085836,-0.700376,0.429252,88.92302,59.25941,18.609916,,95.83765,147.94076,53.99205,171.87296,79.69442,32.10151,6.070705,-5.46099,10.69819,-1.16779,50,6.02667,4.94919,-129.40413,-4.95691,-9.22482,27.95882,-14.10239,TEN_VOL,OAK_GOL,LindseyNelsonStadium,D1,SEC,20260304-LindseyNelsonStadium-1,e0f213d0-181f-11f1-bda3-276ded76bcdc,87.8096,149.2398,,7.96577,,,,1.10056,3.0051,0.06757,efdb3acd-98ca-462b-a386-93f1bbf9dc13,2026-03-04,23:14:22.88,2026-03-04T17:14:22.8860000-06:00,2026-03-04T23:14:22.8860000Z,Popup,v3,471459,471397,6981f38c47c5403d8cc8c83a27c654da,"Palermo, Mason",10083178,Right,OAK_GOL,f167bf64-3bdb-48ab-9f75-1b8e4f25f1cd,54.84666,-130.44709,13.97941,6.20177,-4.43084,-7.05119,-1.35883,5.2933,-4.61241,191.1263,1.10792,63.02152,-22.53496,6.32366,-0.95676,-0.00742,0.03226,-0.00515,0.00027,2.97995,112.4938,-27.73808,4.01725,-1.22308,0.32185,-0.05152,0.00407,-0.00011,0.07413,21.16955,-1.40196,-0.41933,0.36947,-0.12555,0.02269,-0.00209,8E-05,,,,,,,,,,,,,,,,,,,,,,,High,High,High,High,Low,,,,220.931745,22.625521,2280.287669,0.923039,1:15,-0.392128,-0.617631,-0.681738,-17.553247,39.225037,24.838573,177.391422,5.760576,0.045283,0.100372,-0.993919,5.766512,2.595395,0.100372,0.045283,0.993919,-5.766512,-2.595395,-0.100372,-0.045283,0.993919,-177.391422,-5.760576,-0.045283,-0.100372,-0.993919,70.54645,18.88202,-10.91837
235,2026-03-04,17:15:21.35,3,1,"Paxson, Will",10021262,Right,OAK_GOL,"Grindlinger, Trent",815821,Right,TEN_VOL,Undefined,7,Bottom,1,0,0,Fastball,Four-Seam,BallCalled,Undefined,Undefined,Undefined,0,0,,90.61921,-1.423293,-0.699855,2523.103151,204.456915,12:45,6.34002,1.30788,5.49262,-14.18414,20.76714,8.87752,3.82625,1.39298,81.74888,-4.158251,0.881608,0.425503,,,,,,,,,,,,-4.65646,11.23875,-1.25266,50,6.20625,1.1916,-131.33563,-3.65998,-8.03474,30.9579,-12.78156,TEN_VOL,OAK_GOL,LindseyNelsonStadium,D1,SEC,20260304-LindseyNelsonStadium-1,03ca0f70-1820-11f1-bda3-276ded76bcdc,88.5832,,,8.87033,,,,,,,efdb3acd-98ca-462b-a386-93f1bbf9dc13,2026-03-04,23:15:21.35,2026-03-04T17:15:21.3592576-06:00,2026-03-04T23:15:21.3592576Z,,v3,471459,471397,6981f38c47c5403d8cc8c83a27c654da,"Palermo, Mason",10083178,Right,OAK_GOL,f46565b9-2fac-4435-b05e-a27b93d7f806,55.00102,-132.50921,15.47895,6.33581,-3.17545,-6.39078,-1.30361,1.49619,-4.01737,,,,,,,,,,,,,,,,,,,,,,,,,,,,,,,,,,,,,,,,,,,,,,,,,,,High,High,High,,,,,,212.259385,26.929379,2249.511523,0.891565,1:00,-0.450108,-0.486978,-0.748502,-12.113304,39.54012,23.635368,179.548967,-3.277388,0.007859,-0.05717,-0.998334,3.27749,-0.450295,0.05717,-0.007859,0.998334,-3.27749,0.450295,-0.05717,0.007859,0.998334,-179.548967,3.277388,-0.007859,0.05717,-0.998334,,,
236,2026-03-04,17:15:40.23,3,2,"Paxson, Will",10021262,Right,OAK_GOL,"Grindlinger, Trent",815821,Right,TEN_VOL,Undefined,7,Bottom,1,1,0,Fastball,Four-Seam,BallCalled,Undefined,Undefined,Undefined,0,0,,90.56709,-3.106748,-0.703403,2508.62416,209.053423,1:00,6.30371,1.4455,5.72438,-15.93296,18.6506,9.69776,2.07933,1.59847,82.29475,-6.136958,1.032316,0.423259,,,,,,,,,,,,-5.1352,10.76701,-1.39282,50,6.03457,1.18314,-131.25677,-7.59553,-8.8917,29.72054,-13.53083,TEN_VOL,OAK_GOL,LindseyNelsonStadium,D1,SEC,20260304-LindseyNelsonStadium-1,0efe8f60-1820-11f1-bda3-276ded76bcdc,89.05289,,,8.27234,,,,,,,efdb3acd-98ca-462b-a386-93f1bbf9dc13,2026-03-04,23:15:40.23,2026-03-04T17:15:40.2371584-06:00,2026-03-04T23:15:40.2371584Z,,v3,471459,471397,6981f38c47c5403d8cc8c83a27c654da,"Palermo, Mason",10083178,Right,OAK_GOL,16f3d9e1-7d8e-4db5-a0bc-b3f8a6b7b9e5,54.77145,-132.33276,14.86027,6.30069,-7.10567,-6.76542,-1.44149,1.50505,-4.44585,,,,,,,,,,,,,,,,,,,,,,,,,,,,,,,,,,,,,,,,,,,,,,,,,,,High,High,High,,,,,,213.82788,30.364469,2164.509448,0.862827,1:15,-0.487487,-0.507026,-0.710831,-22.685851,38.027978,16.795947,177.427721,-2.477936,0.044838,-0.043235,-0.998058,2.480432,-2.569872,0.043235,-0.044838,0.998058,-2.480432,2.569872,-0.043235,0.044838,0.998058,-177.427721,2.477936,-0.044838,0.043235,-0.998058,,,
237,2026-03-04,17:16:01.25,3,3,"Paxson, Will",10021262,Right,OAK_GOL,"Grindlinger, Trent",815821,Right,TEN_VOL,Undefined,7,Bottom,1,2,0,Fastball,Four-Seam,InPlay,Undefined,FlyBall,Error,0,0,,90.03125,-2.745638,-1.837446,2591.851436,199.464166,12:45,6.41122,1.27115,5.45821,-14.26249,21.09604,7.02197,2.64939,0.13582,81.6933,-5.47645,-0.588054,0.427975,94.6682,42.653252,13.078965,4304.81947,103.88518,98.82909,36.16444,277.52995,144.72611,26.717674,5.821475,-4.10457,11.82946,-1.11428,50,6.15986,3.87047,-130.42063,-6.67502,-7.01656,29.35268,-11.95212,TEN_VOL,OAK_GOL,LindseyNelsonStadium,D1,SEC,20260304-LindseyNelsonStadium-1,1b82e7e0-1820-11f1-bda3-276ded76bcdc,88.0716,121.0118,,8.33795,,,,1.10403,2.65189,-0.13984,efdb3acd-98ca-462b-a386-93f1bbf9dc13,2026-03-04,23:16:01.25,2026-03-04T17:16:01.2517376-06:00,2026-03-04T23:16:01.2517376Z,FlyBall,v3,471459,471397,6981f38c47c5403d8cc8c83a27c654da,"Palermo, Mason",10083178,Right,OAK_GOL,826e2ee1-8d45-4267-91b1-a5a05c844444,55.03846,-131.54971,14.67634,6.40778,-6.21528,-5.97606,-1.26836,4.14037,-3.50828,202.383583,1.11173,99.30729,-29.03861,7.45425,-1.14513,0.01899,0.02856,-0.00461,0.00023,2.64,94.27702,-21.8312,1.60078,-0.28158,0.05979,-0.00521,-0.00024,4E-05,-0.1419,23.15321,2.39689,-1.51017,0.37499,-0.04045,-0.00146,0.00071,-4E-05,,,,,,,,,,,,,,,,,,,,,,,High,High,High,High,Low,,,,209.172858,30.236332,2239.244718,0.863956,1:00,-0.506756,-0.44477,-0.738497,-15.555483,41.426397,21.668544,179.287604,2.497528,0.012422,0.043576,-0.998973,2.497721,0.711719,0.043576,0.012422,0.998973,-2.497721,-0.711719,-0.043576,-0.012422,0.998973,-179.287604,-2.497528,-0.012422,-0.043576,-0.998973,71.37577,18.82757,-12.13679
238,2026-03-04,17:16:49.86,4,1,"Paxson, Will",10021262,Right,OAK_GOL,"Myatt, Tyler",826051,Left,TEN_VOL,Undefined,7,Bottom,1,0,0,ChangeUp,Changeup,BallCalled,Undefined,Undefined,Undefined,0,0,,82.42662,-3.654918,-3.399178,1987.309644,240.957172,2:00,6.10941,1.65841,5.37704,-30.68695,11.69619,18.45005,0.11518,0.00562,75.42522,-9.277867,-0.119095,0.468563,,,,,,,,,,,,-10.35997,7.36744,-1.36766,50,5.75974,6.33296,-119.2065,-8.6551,-14.82594,24.08211,-21.63061,TEN_VOL,OAK_GOL,LindseyNelsonStadium,D1,SEC,20260304-LindseyNelsonStadium-1,388ed1a0-1820-11f1-bda3-276ded76bcdc,80.44264,,,7.00141,,,,,,,efdb3acd-98ca-462b-a386-93f1bbf9dc13,2026-03-04,23:16:49.86,2026-03-04T17:16:49.8644992-06:00,2026-03-04T23:16:49.8644992Z,,v3,471459,471397,6981f38c47c5403d8cc8c83a27c654da,"Palermo, Mason",10083178,Right,OAK_GOL,721414d6-b15d-4440-9bd8-cbf6af8e9dc7,55.12173,-120.23674,12.04105,6.11022,-7.72974,-10.81531,-1.65216,6.96721,-7.41297,,,,,,,,,,,,,,,,,,,,,,,,,,,,,,,,,,,,,,,,,,,,,,,,,,,High,High,High,,,,,,237.36429,-14.61743,1922.985283,0.967632,2:00,0.27232,-0.797114,-0.538935,-6.855731,37.459933,40.340728,173.262889,-44.805139,0.083235,-0.704698,-0.704608,45.003641,-4.774548,0.704698,-0.083235,0.704608,-45.003641,4.774548,-0.704698,0.083235,0.704608,-173.262889,44.805139,-0.083235,0.704698,-0.704608,,,
239,2026-03-04,17:17:11.58,4,2,"Paxson, Will",10021262,Right,OAK_GOL,"Myatt, Tyler",826051,Left,TEN_VOL,Undefined,7,Bottom,1,1,0,Fastball,Four-Seam,FoulBallNotFieldable,Undefined,Undefined,Undefined,0,0,,89.53415,-1.665588,-2.911122,2596.35317,216.751297,1:15,6.31776,1.56594,5.72093,-17.33603,18.00493,12.54871,3.31925,-0.10222,81.30803,-4.961473,-0.669406,0.427869,79.37709,62.112238,-134.660003,4428.638126,,,,,40.06262,,,-7.24918,10.00591,-1.33057,50,6.16799,6.05503,-129.77393,-4.3013,-12.28893,28.66846,-15.21184,TEN_VOL,OAK_GOL,LindseyNelsonStadium,D1,SEC,20260304-LindseyNelsonStadium-1,457f8080-1820-11f1-bda3-276ded76bcdc,88.09345,63.26966,,8.22613,,,,0.96848,3.06209,0.19264,efdb3acd-98ca-462b-a386-93f1bbf9dc13,2026-03-04,23:17:11.58,2026-03-04T17:17:11.5883008-06:00,2026-03-04T23:17:11.5883008Z,,v3,471459,471397,6981f38c47c5403d8cc8c83a27c654da,"Palermo, Mason",10083178,Right,OAK_GOL,60edf6ef-f108-497b-b0fb-2413f60847b6,54.77586,-130.82471,14.33423,6.31543,-3.74374,-7.60592,-1.56076,6.50545,-6.14447,14.022297,0.96848,-38.27675,-4.00074,2.11775,0.53025,-1.66465,1.27731,-0.30476,-0.05441,3.0621,102.89835,-34.11696,4.70047,-0.09253,-0.95344,0.46435,0.19965,-0.1855,0.19264,-38.73345,3.02413,0.40871,0.62315,-1.28002,0.98174,-0.25931,-0.02747,,,,,,,,,,,,,,,,,,,,,,,High,High,High,High,Undefined,,,,213.674756,32.013676,2201.503906,0.847922,1:00,-0.551403,-0.485364,-0.678511,-17.523742,45.214897,11.643025,178.160004,-3.836053,0.032037,-0.066902,-0.997245,3.838026,-1.835872,0.066902,-0.032037,0.997245,-3.838026,1.835872,-0.066902,0.032037,0.997245,-178.160004,3.836053,-0.032037,0.066902,-0.997245,76.76799,23.91014,3.78856
240,2026-03-04,17:17:36.34,4,3,"Paxson, Will",10021262,Right,OAK_GOL,"Myatt, Tyler",826051,Left,TEN_VOL,Undefined,7,Bottom,1,1,1,Fastball,Four-Seam,InPlay,Undefined,FlyBall,Out,1,0,,89.87342,-1.816777,-2.913631,2363.944161,200.595234,12:45,6.20233,1.51467,5.78023,-15.88241,18.9108,6.68796,3.1857,-0.64121,82.12311,-4.838937,-1.718079,0.42454,60.38407,24.037023,-6.100059,2466.512695,108.35235,21.68572,-18.96563,165.9598,153.53463,-12.134081,2.51458,-4.23158,10.49634,-1.27832,50,6.04285,6.34894,-130.34526,-4.60767,-7.28223,27.31866,-14.11062,TEN_VOL,OAK_GOL,LindseyNelsonStadium,D1,SEC,20260304-LindseyNelsonStadium-1,543beeb0-1820-11f1-bda3-276ded76bcdc,88.78417,23.72587,,7.75031,,,,0.42802,3.0868,0.69296,efdb3acd-98ca-462b-a386-93f1bbf9dc13,2026-03-04,23:17:36.34,2026-03-04T17:17:36.3421696-06:00,2026-03-04T23:17:36.3421696Z,LineDrive,v3,471459,471397,6981f38c47c5403d8cc8c83a27c654da,"Palermo, Mason",10083178,Right,OAK_GOL,8ebb1196-d9c0-4068-9082-41aba6d309c2,54.71731,-131.33022,13.65933,6.19981,-4.09892,-7.05531,-1.51197,6.6115,-3.64112,126.763428,0.42797,80.42909,-9.20966,1.83005,-0.58362,0.30526,-0.14868,0.0408,-0.00437,3.08687,36.07001,-16.59725,0.69422,0.15485,-0.2146,0.11985,-0.03085,0.00301,0.69294,-8.59345,-3.80963,1.20238,-0.39164,0.1374,-0.05255,0.01289,-0.00129,,,,,,,,,,,,,,,,,,,,,,,High,High,High,High,High,,,,214.578475,34.748243,1942.36881,0.821664,1:15,-0.588571,-0.484159,-0.647437,-29.489711,39.188562,3.223032,176.142114,-2.651017,0.06721,-0.046252,-0.996666,2.657029,-3.853751,0.046252,-0.06721,0.996666,-2.657029,3.853751,-0.046252,0.06721,0.996666,-176.142114,2.651017,-0.06721,0.046252,-0.996666,68.33161,17.2496,-0.22169
241,2026-03-04,17:18:17.20,5,1,"Paxson, Will",10021262,Right,OAK_GOL,"Antigua, Ariel",806021,Right,TEN_VOL,Undefined,7,Bottom,2,0,0,Fastball,Four-Seam,FoulBallNotFieldable,Undefined,Undefined,Undefined,0,0,,90.38208,-3.509844,-2.065891,2438.463235,191.676409,12:30,6.30886,1.12484,5.8399,-17.71473,16.37087,3.17516,1.56448,-0.53136,83.5059,-6.822831,-1.496822,0.420201,69.19147,34.583734,98.575161,2527.484455,,,,,73.93808,,,-2.14662,9.57808,-0.95844,50,6.01206,4.59521,-131.10802,-8.60329,-3.77169,25.26604,-15.34491,TEN_VOL,OAK_GOL,LindseyNelsonStadium,D1,SEC,20260304-LindseyNelsonStadium-1,6c9e9bb0-1820-11f1-bda3-276ded76bcdc,89.70103,43.38903,,6.87619,,,,0.44395,0.81904,0.12988,efdb3acd-98ca-462b-a386-93f1bbf9dc13,2026-03-04,23:18:17.20,2026-03-04T17:18:17.2086272-06:00,2026-03-04T23:18:17.2086272Z,,v3,471459,471397,6981f38c47c5403d8cc8c83a27c654da,"Palermo, Mason",10083178,Right,OAK_GOL,c709d012-6ac3-456e-b79b-1314b6023f35,54.6583,-132.00267,12.63302,6.30708,-8.05994,-7.67245,-1.12352,4.72876,-1.88585,297.005054,0.44395,-12.45768,-5.96133,2.25713,-0.64373,0.15094,-0.0335,0.00618,-0.00067,0.81904,57.60144,-17.22085,0.90331,-0.02359,-0.01849,0.00983,-0.00197,0.00023,0.12988,82.6148,-16.61915,3.32636,-0.65326,0.10864,-0.01834,0.00287,-0.00022,,,,,,,,,,,,,,,,,,,,,,,High,High,High,High,Undefined,,,,206.721389,39.770275,1874.240662,0.768616,1:00,-0.6417,-0.384125,-0.663829,-24.054278,45.123753,6.9416,179.29439,-6.375012,0.012239,-0.111036,-0.993741,6.375491,-0.701247,0.111036,-0.012239,0.993741,-6.375491,0.701247,-0.111036,0.012239,0.993741,-179.29439,6.375012,-0.012239,0.111036,-0.993741,67.47118,-8.87161,11.62733
242,2026-03-04,17:19:06.26,5,2,"Paxson, Will",10021262,Right,OAK_GOL,"Antigua, Ariel",806021,Right,TEN_VOL,Undefined,7,Bottom,2,0,1,Slider,Curveball,StrikeCalled,Undefined,Undefined,Undefined,0,0,,77.80227,0.163604,-1.067597,2597.993689,71.5801,8:30,6.03956,1.6412,5.08266,-48.61266,-0.98752,-7.46563,2.14275,0.01265,71.54535,-8.631691,-2.389596,0.496695,,,,,,,,,,,,3.40862,-0.08181,-1.53401,50,6.01674,2.40614,-112.9039,-1.39144,4.39166,20.91302,-32.27947,TEN_VOL,OAK_GOL,LindseyNelsonStadium,D1,SEC,20260304-LindseyNelsonStadium-1,89e25e50-1820-11f1-bda3-276ded76bcdc,75.88653,,,6.25692,,,,,,,efdb3acd-98ca-462b-a386-93f1bbf9dc13,2026-03-04,23:19:06.26,2026-03-04T17:19:06.2667264-06:00,2026-03-04T23:19:06.2667264Z,,v3,471459,471397,6981f38c47c5403d8cc8c83a27c654da,"Palermo, Mason",10083178,Right,OAK_GOL,76839637-c735-4514-996b-25df9afa634c,55.41557,-113.9026,10.45651,6.04637,0.15006,-16.13973,-1.64391,2.19641,2.19583,,,,,,,,,,,,,,,,,,,,,,,,,,,,,,,,,,,,,,,,,,,,,,,,,,,High,High,High,,,,,,68.958891,69.795143,897.289246,0.345378,8:15,-0.935066,0.325027,0.14145,-44.024968,44.90434,84.625656,149.526424,3.851269,0.505996,0.067167,-0.859917,4.466214,30.397471,0.067167,0.505996,0.859917,-4.466214,-30.397471,-0.067167,-0.505996,0.859917,-149.526424,-3.851269,-0.505996,-0.067167,-0.859917,,,
243,2026-03-04,17:19:27.69,5,3,"Paxson, Will",10021262,Right,OAK_GOL,"Antigua, Ariel",806021,Right,TEN_VOL,Undefined,7,Bottom,2,0,2,Fastball,Four-Seam,BallCalled,Undefined,Undefined,Undefined,0,0,,91.05034,0.436148,-3.175319,2619.573659,200.530419,12:45,6.29784,1.28687,5.61708,-17.96769,16.03895,5.61788,5.20821,-1.2114,83.25946,-2.948042,-2.174918,0.419714,,,,,,,,,,,,-3.67256,8.30957,-1.01927,50,6.32361,7.07103,-132.05449,0.42692,-6.51148,27.04861,-17.44111,TEN_VOL,OAK_GOL,LindseyNelsonStadium,D1,SEC,20260304-LindseyNelsonStadium-1,96a2ae60-1820-11f1-bda3-276ded76bcdc,89.80505,,,7.79089,,,,,,,efdb3acd-98ca-462b-a386-93f1bbf9dc13,2026-03-04,23:19:27.69,2026-03-04T17:19:27.6973568-06:00,2026-03-04T23:19:27.6973568Z,,v3,471459,471397,6981f38c47c5403d8cc8c83a27c654da,"Palermo, Mason",10083178,Right,OAK_GOL,3d350b2e-455f-4703-81cb-6b8c6d4f8840,54.87874,-133.05005,13.5243,6.29609,1.06886,-8.72055,-1.28394,7.3107,-3.25574,,,,,,,,,,,,,,,,,,,,,,,,,,,,,,,,,,,,,,,,,,,,,,,,,,,High,High,High,,,,,,203.768302,46.928799,1788.924339,0.682907,12:45,-0.766074,-0.269669,-0.583446,-17.320493,49.919174,18.570024,175.430039,-16.605818,0.076353,-0.285786,-0.955247,16.65585,-4.378984,0.285786,-0.076353,0.955247,-16.65585,4.378984,-0.285786,0.076353,0.955247,-175.430039,16.605818,-0.076353,0.285786,-0.955247,,,
244,2026-03-04,17:19:52.39,5,4,"Paxson, Will",10021262,Right,OAK_GOL,"Antigua, Ariel",806021,Right,TEN_VOL,Undefined,7,Bottom,2,1,2,Slider,Curveball,FoulBallNotFieldable,Undefined,Undefined,Undefined,0,0,,78.1811,0.480156,0.233951,2636.153612,64.600497,8:15,6.07382,1.55372,4.98912,-48.74235,-1.87413,-6.77469,2.46534,1.21007,72.46466,-8.305778,-0.964053,0.492732,87.09058,-6.498063,-59.622263,,,,,23.09743,19.80609,-58.154308,0.16748,3.43839,-0.68941,-1.5704,50,6.0799,-0.19108,-113.59125,-0.79405,4.52802,19.2664,-33.08191,TEN_VOL,OAK_GOL,LindseyNelsonStadium,D1,SEC,20260304-LindseyNelsonStadium-1,a5592920-1820-11f1-bda3-276ded76bcdc,76.49685,2.42532,,5.71645,,,,1.41908,2.42532,-1.25085,efdb3acd-98ca-462b-a386-93f1bbf9dc13,2026-03-04,23:19:52.39,2026-03-04T17:19:52.3964928-06:00,2026-03-04T23:19:52.3964928Z,GroundBall,v3,471459,471397,6981f38c47c5403d8cc8c83a27c654da,"Palermo, Mason",10083178,Right,OAK_GOL,82fcec86-a247-4e17-ba0e-cc6665064cba,55.51119,-114.5222,9.6332,6.07965,0.80447,-16.54096,-1.55588,-0.40987,2.26401,180,1.416,64.29371,,,,,,,,2.42601,-14.48124,,,,,,,,-1.24558,-109.6836,,,,,,,,,,,,,,,,,,,,,,,,,,,,,,High,High,High,Low,Low,,,,62.700841,69.998436,901.685277,0.342046,8:00,-0.937736,0.311814,0.153047,-47.510045,35.699492,83.584187,151.652402,4.427193,0.473403,0.077192,-0.877457,5.027518,28.255404,0.077192,0.473403,0.877457,-5.027518,-28.255404,-0.077192,-0.473403,0.877457,-151.652402,-4.427193,-0.473403,-0.077192,-0.877457,67.88392,14.83,-35.12734
245,2026-03-04,17:20:22.84,5,5,"Paxson, Will",10021262,Right,OAK_GOL,"Antigua, Ariel",806021,Right,TEN_VOL,Undefined,7,Bottom,2,1,2,Fastball,Four-Seam,FoulBallNotFieldable,Undefined,Undefined,Undefined,0,0,,91.23692,-2.693331,-2.318301,2545.777749,193.769559,12:30,6.24651,1.1716,5.89466,-14.46284,19.31458,4.45563,2.53686,-0.61061,83.06131,-5.465908,-1.519467,0.418297,83.98786,49.195969,69.873251,,,,,,76.77357,,,-2.96658,11.02894,-0.98755,50,6.02127,5.16401,-132.26649,-6.63333,-5.23048,29.45259,-12.72845,TEN_VOL,OAK_GOL,LindseyNelsonStadium,D1,SEC,20260304-LindseyNelsonStadium-1,b774eef0-1820-11f1-bda3-276ded76bcdc,90.10933,82.14076,,8.17561,,,,1.71319,2.56519,0.60273,efdb3acd-98ca-462b-a386-93f1bbf9dc13,2026-03-04,23:20:22.84,2026-03-04T17:20:22.8457472-06:00,2026-03-04T23:20:22.8457472Z,,v3,471459,471397,6981f38c47c5403d8cc8c83a27c654da,"Palermo, Mason",10083178,Right,OAK_GOL,101ced06-d5e7-491d-8f24-9cb74a60c42f,54.60237,-133.28739,14.7263,6.24355,-6.19213,-6.36423,-1.16969,5.34531,-2.61524,,1.71319,27.69859,-16.13377,5.48426,-1.49818,0.37436,-0.08816,0.01672,-0.00179,2.56519,93.24249,-23.93432,1.90621,-0.10014,-0.05492,0.02565,-0.00645,0.00086,0.60273,75.5806,-14.81162,3.53814,-0.72063,0.13517,-0.02454,0.00362,-0.00032,,,,,,,,,,,,,,,,,,,,,,,High,High,High,Low,Undefined,,,,207.287881,37.382924,2022.863809,0.794596,1:00,-0.617433,-0.392419,-0.681751,-28.272612,35.599154,-0.124877,173.974256,-4.903223,0.104591,-0.085473,-0.990836,4.930331,-6.003612,0.085473,-0.104591,0.990836,-4.930331,6.003612,-0.085473,0.104591,0.990836,-173.974256,4.903223,-0.104591,0.085473,-0.990836,68.02672,4.96945,9.09495
246,2026-03-04,17:20:52.81,5,6,"Paxson, Will",10021262,Right,OAK_GOL,"Antigua, Ariel",806021,Right,TEN_VOL,Undefined,7,Bottom,2,1,2,Fastball,Cutter,BallCalled,Undefined,Undefined,Undefined,0,0,,89.77848,-0.155814,-2.499454,2500.95784,172.104855,11:45,6.36298,1.29587,5.27395,-20.12781,15.41127,-1.98106,4.53918,-1.21831,81.92158,-3.911746,-2.850255,0.429066,54.63324,-0.530179,171.383214,3283.96386,,,,32.91154,32.91154,168.463463,0.385553,0.29012,8.08052,-1.06603,50,6.33431,5.77387,-130.15734,-1.05016,0.49773,27.28324,-18.3105,TEN_VOL,OAK_GOL,LindseyNelsonStadium,D1,SEC,20260304-LindseyNelsonStadium-1,c9530f80-1820-11f1-bda3-276ded76bcdc,87.84759,4.08549,,7.85691,,,,,,,efdb3acd-98ca-462b-a386-93f1bbf9dc13,2026-03-04,23:20:52.81,2026-03-04T17:20:52.8181760-06:00,2026-03-04T23:20:52.8181760Z,GroundBall,v3,471459,471397,6981f38c47c5403d8cc8c83a27c654da,"Palermo, Mason",10083178,Right,OAK_GOL,dc7fbda5-2f82-40c6-8dc7-1cd774ca490a,55.22099,-131.24719,13.64162,6.36165,-0.31873,-9.15525,-1.29627,5.75399,0.24886,23.163095,-2.18276,-79.4062,3.67257,,,,,,,4.08705,-0.79489,-25.44278,,,,,,,1.41461,12.04558,3.52795,,,,,,,,,,,,,,,,,,,,,,,,,,,,,High,High,High,Medium,High,,,,203.534888,46.311823,1727.494631,0.690733,12:45,-0.749287,-0.27778,-0.601172,11.228001,49.571306,42.380055,178.681386,-6.229033,0.022876,-0.108503,-0.993833,6.23067,-1.310827,0.108503,-0.022876,0.993833,-6.23067,1.310827,-0.108503,0.022876,0.993833,-178.681386,6.229033,-0.022876,0.108503,-0.993833,5.69849,-50.81078,-169.65099
247,2026-03-04,17:22:31.74,5,7,"Paxson, Will",10021262,Right,OAK_GOL,"Antigua, Ariel",806021,Right,TEN_VOL,Undefined,7,Bottom,2,2,2,Slider,Curveball,FoulBallNotFieldable,Undefined,Undefined,Undefined,0,0,,78.28203,0.918458,-0.947398,2645.048721,53.229069,7:45,6.07341,1.71552,5.05132,-50.5242,-3.41461,-6.5541,2.72949,0.27574,71.87273,-8.21972,-2.107037,0.493999,88.50599,-26.447638,-60.921312,,,,,7.18559,2.96824,-46.377945,0.048775,3.01311,-1.60083,-1.61975,50,6.12015,2.14131,-113.60893,0.02702,3.92783,21.31758,-34.26085,TEN_VOL,OAK_GOL,LindseyNelsonStadium,D1,SEC,20260304-LindseyNelsonStadium-1,044cde90-1821-11f1-bda3-276ded76bcdc,76.30065,2.827,,6.4093,,,,2.19528,2.827,-0.23493,efdb3acd-98ca-462b-a386-93f1bbf9dc13,2026-03-04,23:22:31.74,2026-03-04T17:22:31.7421056-06:00,2026-03-04T23:22:31.7421056Z,GroundBall,v3,471459,471397,6981f38c47c5403d8cc8c83a27c654da,"Palermo, Mason",10083178,Right,OAK_GOL,6f4744f2-e79b-4ac6-b037-811f34fee7d6,55.44851,-114.62673,10.65879,6.07981,1.66279,-17.13043,-1.71751,1.95378,1.96392,,2.19417,56.62772,,,,,,,,2.82815,-57.95958,,,,,,,,-0.23293,-101.82906,,,,,,,,,,,,,,,,,,,,,,,,,,,,,,High,High,High,Low,Low,,,,64.626374,68.589325,965.575688,0.36505,8:15,-0.922868,0.344716,0.171714,-46.424775,29.756617,83.079366,151.811866,6.632599,0.469207,0.115502,-0.875502,7.515455,27.982819,0.115502,0.469207,0.875502,-7.515455,-27.982819,-0.115502,-0.469207,0.875502,-151.811866,-6.632599,-0.469207,-0.115502,-0.875502,,,
248,2026-03-04,17:23:00.16,5,8,"Paxson, Will",10021262,Right,OAK_GOL,"Antigua, Ariel",806021,Right,TEN_VOL,Undefined,7,Bottom,2,2,2,Fastball,Four-Seam,InPlay,Undefined,FlyBall,HomeRun,0,3,,88.7174,-2.087117,-1.479231,2526.956929,185.452654,12:15,6.1868,1.2531,5.62094,-18.05603,17.79005,1.5898,2.73295,0.00488,81.23711,-5.485898,-1.195402,0.430916,99.19454,29.094683,-18.965835,3390.271777,102.67357,61.36805,-39.4726,365.8145,219.93301,-26.260913,5.448564,-1.21709,9.95288,-1.12803,50,5.99738,3.25668,-128.74547,-5.26005,-2.04499,26.46226,-15.45107,TEN_VOL,OAK_GOL,LindseyNelsonStadium,D1,SEC,20260304-LindseyNelsonStadium-1,154002e0-1821-11f1-bda3-276ded76bcdc,87.47057,92.97452,,7.48029,,,,1.47608,2.73345,-0.01389,efdb3acd-98ca-462b-a386-93f1bbf9dc13,2026-03-04,23:23:00.16,2026-03-04T17:23:00.1646592-06:00,2026-03-04T23:23:00.1646592Z,FlyBall,v3,471459,471397,6981f38c47c5403d8cc8c83a27c654da,"Palermo, Mason",10083178,Right,OAK_GOL,c5da7db6-b4c9-4a31-bef1-ce07a2dca728,54.87661,-129.74393,13.23113,6.18485,-4.67705,-7.72554,-1.25237,3.33385,-1.02249,162.758444,1.47835,120.17892,-28.10503,6.64937,-1.16307,0.14207,-0.01208,0.00084,-4E-05,2.7349,70.71439,-13.63603,-0.59494,0.39253,-0.13034,0.02944,-0.00359,0.00017,-0.01428,-41.31221,3.82413,-0.46964,0.04517,-0.01026,0.00328,-0.00052,3E-05,,,,,,,,,,,,,,,,,,,,,,,High,High,High,High,Low,,,,208.761191,45.558399,1769.329545,0.700182,1:00,-0.716833,-0.362678,-0.595496,-16.969741,57.998099,13.523207,174.763253,6.242863,0.09073,0.108743,-0.989921,6.268822,5.205606,0.108743,0.09073,0.989921,-6.268822,-5.205606,-0.108743,-0.09073,0.989921,-174.763253,-6.242863,-0.09073,-0.108743,-0.989921,70.42695,16.41648,-18.07562
249,2026-03-04,17:24:05.34,6,1,"Paxson, Will",10021262,Right,OAK_GOL,"Bates, Finley",814198,Right,TEN_VOL,Undefined,7,Bottom,2,0,0,Curveball,Curveball,FoulBallNotFieldable,Undefined,Undefined,Undefined,0,0,,75.46129,0.510156,-0.414427,2637.368799,42.776121,7:30,6.00568,1.7647,5.17465,-59.06609,-8.5154,-9.36682,1.56358,0.59416,69.48076,-10.148793,-2.078584,0.511723,87.11504,17.537832,-48.742261,3311.392333,68.05612,18.4259,-86.41902,192.50189,158.36293,-55.032424,1.954971,4.59878,-4.04563,-1.71854,50,6.00742,1.14807,-109.56777,-1.03095,5.55863,20.38837,-37.06411,TEN_VOL,OAK_GOL,LindseyNelsonStadium,D1,SEC,20260304-LindseyNelsonStadium-1,3c1b1030-1821-11f1-bda3-276ded76bcdc,73.65789,18.57388,,5.98053,,,,2.52105,1.55247,-0.39071,efdb3acd-98ca-462b-a386-93f1bbf9dc13,2026-03-04,23:24:05.34,2026-03-04T17:24:05.3421056-06:00,2026-03-04T23:24:05.3421056Z,LineDrive,v3,471459,471397,6981f38c47c5403d8cc8c83a27c654da,"Palermo, Mason",10083178,Right,OAK_GOL,2d3d4f8d-4afd-468b-9be4-f9d53121ea16,55.32657,-110.55449,10.19419,6.01391,0.76282,-18.53205,-1.76759,0.87906,2.77931,,2.52106,80.3387,-19.38182,4.73473,-0.74032,-0.32756,0.374,-0.14161,0.01963,1.55246,38.50209,-23.83812,2.80159,-0.8377,0.49327,-0.29423,0.09811,-0.01303,-0.39071,-91.58593,7.79578,-1.48101,0.36545,-0.22151,0.13779,-0.04645,0.0062,,,,,,,,,,,,,,,,,,,,,,,High,High,High,Medium,Medium,,,,57.861404,61.228239,1269.422881,0.481322,8:00,-0.871006,0.415354,0.262355,37.241895,-46.113443,-81.2819,162.891816,10.789708,0.288976,0.187205,-0.938854,11.276718,16.796664,0.187205,0.288976,0.938854,-11.276718,-16.796664,-0.187205,-0.288976,0.938854,-162.891816,-10.789708,-0.288976,-0.187205,-0.938854,71.54276,16.98308,-35.38688
250,2026-03-04,17:24:47.14,6,2,"Paxson, Will",10021262,Right,OAK_GOL,"Bates, Finley",814198,Right,TEN_VOL,Undefined,7,Bottom,2,0,1,Fastball,Four-Seam,BallCalled,Undefined,Undefined,Undefined,0,0,,88.67889,-0.653154,-2.938827,2453.952116,189.785245,12:15,6.34153,1.29787,5.4376,-18.28434,17.74383,2.87217,4.2054,-1.21709,81.33461,-4.083661,-2.428872,0.432009,,,,,,,,,,,,-2.20689,9.42386,-1.0397,50,6.27125,6.47448,-128.62423,-2.0572,-3.71863,25.22512,-16.29465,TEN_VOL,OAK_GOL,LindseyNelsonStadium,D1,SEC,20260304-LindseyNelsonStadium-1,550340e0-1821-11f1-bda3-276ded76bcdc,87.24925,,,7.34428,,,,,,,efdb3acd-98ca-462b-a386-93f1bbf9dc13,2026-03-04,23:24:47.14,2026-03-04T17:24:47.1479808-06:00,2026-03-04T23:24:47.1479808Z,,v3,471459,471397,6981f38c47c5403d8cc8c83a27c654da,"Palermo, Mason",10083178,Right,OAK_GOL,f1b24cb1-f1ef-4e49-a1fb-4ab1576f7c15,55.05838,-129.61246,12.61256,6.33934,-1.41884,-8.14732,-1.2962,6.62016,-1.85931,,,,,,,,,,,,,,,,,,,,,,,,,,,,,,,,,,,,,,,,,,,,,,,,,,,High,High,High,,,,,,208.611345,46.952029,1675.093352,0.68261,1:00,-0.756776,-0.335188,-0.561194,6.50997,53.079725,36.464531,177.882954,-3.882604,0.036856,-0.067712,-0.997024,3.885248,-2.112185,0.067712,-0.036856,0.997024,-3.885248,2.112185,-0.067712,0.036856,0.997024,-177.882954,3.882604,-0.036856,0.067712,-0.997024,,,
251,2026-03-04,17:25:04.12,6,3,"Paxson, Will",10021262,Right,OAK_GOL,"Bates, Finley",814198,Right,TEN_VOL,Undefined,7,Bottom,2,1,1,Fastball,Cutter,FoulBallNotFieldable,Undefined,Undefined,Undefined,0,0,,86.67838,-1.886832,-3.294172,2471.066117,188.338367,12:15,6.33766,1.56909,5.42548,-17.91855,20.13666,2.76776,3.07368,-1.28899,79.04788,-5.267499,-2.803123,0.443995,71.62465,54.128792,97.336296,4479.477,,,,,25.16495,,,-2.3261,11.03859,-1.27868,50,6.15802,7.10476,-125.5307,-4.68851,-3.70463,25.85997,-14.59357,TEN_VOL,OAK_GOL,LindseyNelsonStadium,D1,SEC,20260304-LindseyNelsonStadium-1,5f20d290-1821-11f1-bda3-276ded76bcdc,84.89375,32.58259,,7.63051,,,,0.08871,2.72987,1.61068,efdb3acd-98ca-462b-a386-93f1bbf9dc13,2026-03-04,23:25:04.12,2026-03-04T17:25:04.1229824-06:00,2026-03-04T23:25:04.1229824Z,,v3,471459,471397,6981f38c47c5403d8cc8c83a27c654da,"Palermo, Mason",10083178,Right,OAK_GOL,6271d6ce-e49f-4c72-b00f-b5e763dbcf48,55.07039,-126.57092,12.92999,6.33481,-4.10148,-7.29679,-1.56747,7.25378,-1.85232,,0.09446,-8.05651,-6.34921,,,,,,,2.734,84.98521,-22.05929,,,,,,,1.6119,61.01025,-4.02716,,,,,,,,,,,,,,,,,,,,,,,,,,,,,High,High,High,Medium,Undefined,,,,208.857401,43.908897,1780.263364,0.720442,1:00,-0.716821,-0.370354,-0.590767,-1.219405,52.457555,37.457186,179.074465,-9.3934,0.015936,-0.163212,-0.986462,9.394604,-0.913123,0.163212,-0.015936,0.986462,-9.394604,0.913123,-0.163212,0.015936,0.986462,-179.074465,9.3934,-0.015936,0.163212,-0.986462,67.69649,10.7881,15.00016
252,2026-03-04,17:25:32.18,6,4,"Paxson, Will",10021262,Right,OAK_GOL,"Bates, Finley",814198,Right,TEN_VOL,Undefined,7,Bottom,2,1,2,Curveball,Curveball,HitByPitch,Undefined,Undefined,Undefined,0,0,,74.22492,2.108295,2.074814,2584.131006,50.609333,7:45,5.9598,1.78181,4.88287,-59.92523,-6.95111,-10.57209,2.96284,2.86458,67.90764,-8.694703,0.211296,0.523846,,,,,,,,,,,,5.88481,-3.68925,-1.97586,50,6.11551,-3.48848,-107.5759,1.89387,6.85749,19.63629,-36.47312,TEN_VOL,OAK_GOL,LindseyNelsonStadium,D1,SEC,20260304-LindseyNelsonStadium-1,6fe03cb0-1821-11f1-bda3-276ded76bcdc,71.95334,,,6.31728,,,,,,,efdb3acd-98ca-462b-a386-93f1bbf9dc13,2026-03-04,23:25:32.18,2026-03-04T17:25:32.1838592-06:00,2026-03-04T23:25:32.1838592Z,,v3,471459,471397,6981f38c47c5403d8cc8c83a27c654da,"Palermo, Mason",10083178,Right,OAK_GOL,a3aff3b2-b15f-4648-82e1-65245544362d,55.61808,-108.59655,9.81814,5.9678,3.78966,-18.23656,-1.78528,-3.84492,3.42875,,,,,,,,,,,,,,,,,,,,,,,,,,,,,,,,,,,,,,,,,,,,,,,,,,,High,High,High,,,,,,67.423651,62.340122,1199.61026,0.464222,8:15,-0.875233,0.460942,0.14663,-55.203156,46.039043,75.804439,160.829332,3.188512,0.327875,0.055621,-0.943082,3.375293,19.139834,0.055621,0.327875,0.943082,-3.375293,-19.139834,-0.055621,-0.327875,0.943082,-160.829332,-3.188512,-0.327875,-0.055621,-0.943082,,,
253,2026-03-04,17:26:12.61,7,1,"Paxson, Will",10021262,Right,OAK_GOL,"High, Hunter",822072,Left,TEN_VOL,Undefined,7,Bottom,2,0,0,Fastball,Four-Seam,InPlay,Undefined,FlyBall,Out,1,0,,87.94331,-0.837668,-2.630506,2526.650088,192.180884,12:30,6.27371,1.47199,5.54888,-18.57635,17.80552,3.61083,3.94204,-0.68691,80.86159,-4.323815,-1.98769,0.434124,79.90616,45.312714,4.632441,4384.571385,109.95427,97.07989,3.17173,236.44663,119.08613,-0.79653,5.321203,-2.51335,9.56792,-1.24677,50,6.18909,5.7118,-127.66576,-2.46047,-4.1782,24.49074,-16.26818,TEN_VOL,OAK_GOL,LindseyNelsonStadium,D1,SEC,20260304-LindseyNelsonStadium-1,87eeaf30-1821-11f1-bda3-276ded76bcdc,86.82409,103.18086,,7.08172,,,,0.71102,3.92131,0.72252,efdb3acd-98ca-462b-a386-93f1bbf9dc13,2026-03-04,23:26:12.61,2026-03-04T17:26:12.6129152-06:00,2026-03-04T23:26:12.6129152Z,FlyBall,v3,471459,471397,6981f38c47c5403d8cc8c83a27c654da,"Palermo, Mason",10083178,Right,OAK_GOL,a38cc95a-e2b7-4b84-9b65-2ba4f75781f3,54.94932,-128.6117,12.24537,6.27199,-1.83212,-8.13409,-1.4705,5.87319,-2.0891,168.676694,0.71561,82.05236,-19.3562,4.74477,-0.65942,-0.00463,0.01923,-0.00283,0.00013,3.91812,83.37532,-19.67632,1.03722,-0.01553,-0.04965,0.01874,-0.00291,0.00016,0.72321,6.64002,-4.85548,1.53634,-0.30746,0.03201,0.00061,-0.00048,3E-05,,,,,,,,,,,,,,,,,,,,,,,High,High,High,High,Low,,,,210.322156,47.320493,1712.807921,0.677897,1:00,-0.756162,-0.352955,-0.551037,-17.648806,57.098794,8.910819,178.431622,4.265458,0.027294,0.074378,-0.996857,4.267051,1.564033,0.074378,0.027294,0.996857,-4.267051,-1.564033,-0.074378,-0.027294,0.996857,-178.431622,-4.265458,-0.027294,-0.074378,-0.996857,74.37387,13.34572,13.07049
254,2026-03-04,17:29:13.25,1,1,"Baiotto, Ethan",829309,Right,TEN_VOL,"Halloran, Boston",1000096826,Right,OAK_GOL,Undefined,8,Top,0,0,0,Sinker,Sinker,InPlay,Undefined,LineDrive,Out,1,0,,93.53414,-0.373902,-3.563132,1761.065687,251.3265,2:30,5.68945,1.74739,5.32879,-26.14592,6.37221,15.94635,3.15911,-0.27131,85.8358,-5.17227,-0.736253,0.410425,93.68639,6.026528,30.528503,4335.468029,89.58907,4.18498,63.82627,138.43406,120.61125,36.598894,1.226608,-8.94973,3.58473,-1.43707,50,5.63677,7.69861,-135.65295,-1.91503,-16.77339,28.06168,-25.45563,TEN_VOL,OAK_GOL,LindseyNelsonStadium,D1,SEC,20260304-LindseyNelsonStadium-1,f3945cd0-1821-11f1-bda3-276ded76bcdc,91.83754,6.50587,,7.69834,,,,-0.58808,2.84175,0.26487,efdb3acd-98ca-462b-a386-93f1bbf9dc13,2026-03-04,23:29:13.25,2026-03-04T17:29:13.2540000-06:00,2026-03-04T23:29:13.2540000Z,GroundBall,v3,471459,471397,6981f38c47c5403d8cc8c83a27c654da,"Grindlinger, Trent",815821,Right,TEN_VOL,15f057d5-aa86-401c-be03-2a4006d5f5b9,55.17047,-136.71835,14.03084,5.69113,-0.94858,-12.72782,-1.74145,8.33543,-8.3867,253.054025,-0.2295,113.6106,-18.80622,,,,,,,2.90177,13.76139,-13.18469,,,,,,,0.21256,70.05116,-2.36872,,,,,,,,,,,,,,,,,,,,,,,,,,,,,High,High,High,High,High,,,,239.529414,23.989978,1608.938831,0.913617,2:00,-0.429446,-0.790073,-0.437448,-27.393588,-46.45334,52.56345,130.424732,68.279882,0.281721,0.929003,-0.239973,75.516369,16.362957,0.929003,0.281721,0.239973,-75.516369,-16.362957,-0.929003,-0.281721,0.239973,-130.424732,-68.279882,-0.281721,-0.929003,-0.239973,66.50028,3.15919,13.32372
255,2026-03-04,17:29:42.42,2,1,"Baiotto, Ethan",829309,Right,TEN_VOL,"Schuck, Aidan",1000228502,Right,OAK_GOL,Undefined,8,Top,1,0,0,Slider,Slider,FoulBallNotFieldable,Undefined,Undefined,Undefined,0,0,,85.52876,-0.340197,-1.643962,1972.150031,290.228592,3:45,5.7191,1.69648,5.2287,-38.59286,1.16547,0.72453,2.1831,0.21106,77.32409,-7.395337,-1.5154,0.453822,,,,,,,,,,,,-0.89827,1.08772,-1.54561,50,5.65906,3.52431,-123.90569,-2.18123,-1.37367,28.52545,-30.51067,TEN_VOL,OAK_GOL,LindseyNelsonStadium,D1,SEC,20260304-LindseyNelsonStadium-1,04fd7470-1822-11f1-bda3-276ded76bcdc,83.05557,,,8.20467,,,,,,,efdb3acd-98ca-462b-a386-93f1bbf9dc13,2026-03-04,23:29:42.42,2026-03-04T17:29:42.4210000-06:00,2026-03-04T23:29:42.4210000Z,,v3,471459,471397,6981f38c47c5403d8cc8c83a27c654da,"Grindlinger, Trent",815821,Right,TEN_VOL,87dc70f9-bccf-4dca-9ea3-d973a5360f22,55.26745,-125.11247,14.26273,5.72403,-0.89045,-15.25533,-1.69594,3.58242,-0.68683,,,,,,,,,,,,,,,,,,,,,,,,,,,,,,,,,,,,,,,,,,,,,,,,,,,High,High,High,,,,,,290.72448,84.601515,185.543788,0.094082,3:45,-0.99366,-0.093904,0.061825,56.498223,16.617188,73.101806,154.478303,-27.936938,0.380643,-0.468499,-0.797257,30.440155,-22.373511,0.468499,-0.380643,0.797257,-30.440155,22.373511,-0.468499,0.380643,0.797257,-154.478303,27.936938,-0.380643,0.468499,-0.797257,,,
256,2026-03-04,17:30:03.98,2,2,"Baiotto, Ethan",829309,Right,TEN_VOL,"Schuck, Aidan",1000228502,Right,OAK_GOL,Undefined,8,Top,1,0,1,Slider,Slider,StrikeCalled,Undefined,Undefined,Undefined,0,0,,85.6249,0.601456,-1.691043,2029.379809,322.143311,4:45,5.74386,1.6732,5.27815,-38.82049,-0.02634,0.91268,3.07396,0.16062,78.83426,-6.461993,-1.529058,0.448285,,,,,,,,,,,,-0.89941,0.20059,-1.51957,50,5.77025,3.63056,-124.32766,-0.16286,-1.41545,23.65259,-31.85839,TEN_VOL,OAK_GOL,LindseyNelsonStadium,D1,SEC,20260304-LindseyNelsonStadium-1,11deba00-1822-11f1-bda3-276ded76bcdc,84.08136,,,6.79065,,,,,,,efdb3acd-98ca-462b-a386-93f1bbf9dc13,2026-03-04,23:30:03.98,2026-03-04T17:30:03.9849472-06:00,2026-03-04T23:30:03.9849472Z,,v3,471459,471397,6981f38c47c5403d8cc8c83a27c654da,"Grindlinger, Trent",815821,Right,TEN_VOL,94b9ed7c-5f36-4632-818a-78e841cdcb40,55.21998,-125.3168,11.82629,5.7492,1.16944,-15.92919,-1.67263,3.68976,-0.70773,,,,,,,,,,,,,,,,,,,,,,,,,,,,,,,,,,,,,,,,,,,,,,,,,,,High,High,High,,,,,,47.06412,82.320376,271.193656,0.133634,7:30,-0.986832,0.108233,0.120202,64.587978,17.141752,68.696669,161.654597,-26.536299,0.281587,-0.446765,-0.849182,27.749387,-16.354934,0.446765,-0.281587,0.849182,-27.749387,16.354934,-0.446765,0.281587,0.849182,-161.654597,26.536299,-0.281587,0.446765,-0.849182,,,
257,2026-03-04,17:30:18.11,2,3,"Baiotto, Ethan",829309,Right,TEN_VOL,"Schuck, Aidan",1000228502,Right,OAK_GOL,Undefined,8,Top,1,0,2,Slider,Slider,BallCalled,Undefined,Undefined,Undefined,0,0,,85.46612,-0.40853,-3.752264,2048.078123,248.516392,2:15,5.72913,1.72671,5.3791,-37.52045,1.89,1.43709,2.21864,-1.67598,77.85285,-7.262851,-3.497448,0.451832,,,,,,,,,,,,-1.84213,1.50366,-1.39153,50,5.6663,8.05078,-123.71813,-2.26789,-2.83396,26.39036,-29.86075,TEN_VOL,OAK_GOL,LindseyNelsonStadium,D1,SEC,20260304-LindseyNelsonStadium-1,1a51a8f0-1822-11f1-bda3-276ded76bcdc,83.42132,,,7.61327,,,,,,,efdb3acd-98ca-462b-a386-93f1bbf9dc13,2026-03-04,23:30:18.11,2026-03-04T17:30:18.1181952-06:00,2026-03-04T23:30:18.1181952Z,,v3,471459,471397,6981f38c47c5403d8cc8c83a27c654da,"Grindlinger, Trent",815821,Right,TEN_VOL,48730084-f4c3-47ca-bcdd-5c961fc55d3a,55.11648,-124.80476,13.19518,5.73437,-1.03838,-14.93037,-1.72543,8.16746,-1.41698,,,,,,,,,,,,,,,,,,,,,,,,,,,,,,,,,,,,,,,,,,,,,,,,,,,High,High,High,,,,,,290.397751,84.096134,210.664624,0.10286,3:45,-0.989506,-0.1035,0.100822,62.810869,20.106671,75.482494,156.704067,-23.802982,0.36184,-0.403593,-0.840348,25.653527,-21.213253,0.403593,-0.36184,0.840348,-25.653527,21.213253,-0.403593,0.36184,0.840348,-156.704067,23.802982,-0.36184,0.403593,-0.840348,,,
258,2026-03-04,17:30:32.44,2,4,"Baiotto, Ethan",829309,Right,TEN_VOL,"Schuck, Aidan",1000228502,Right,OAK_GOL,Undefined,8,Top,1,1,2,Sinker,Sinker,InPlay,Undefined,GroundBall,Out,1,0,,93.48095,0.477471,-3.321509,1715.4587,271.872031,3:00,5.70989,1.76929,5.36927,-32.37533,0.53193,17.94532,3.46038,0.14705,84.73764,-5.45722,-0.135905,0.412874,62.23714,-27.800182,3.936119,,,,,6.53509,6.20942,2.894358,0.078151,-10.00623,0.44744,-1.48446,50,5.72982,7.00829,-135.44223,-0.17738,-18.43957,31.7786,-31.34951,TEN_VOL,OAK_GOL,LindseyNelsonStadium,D1,SEC,20260304-LindseyNelsonStadium-1,22d67230-1822-11f1-bda3-276ded76bcdc,91.2929,3.34749,,8.7433,,,,0.1927,3.34749,-0.10584,efdb3acd-98ca-462b-a386-93f1bbf9dc13,2026-03-04,23:30:32.44,2026-03-04T17:30:32.4457472-06:00,2026-03-04T23:30:32.4457472Z,GroundBall,v3,471459,471397,6981f38c47c5403d8cc8c83a27c654da,"Grindlinger, Trent",815821,Right,TEN_VOL,a26323ff-379a-418a-afd0-af938784e64f,55.12895,-136.64033,15.8893,5.71422,1.00454,-15.67476,-1.76178,7.70349,-9.21979,180,0.18648,81.04949,,,,,,,,3.35078,-42.83392,,,,,,,,-0.10627,5.57673,,,,,,,,,,,,,,,,,,,,,,,,,,,,,,High,High,High,High,High,,,,237.745862,39.007165,1333.026778,0.777067,2:00,-0.657833,-0.651889,-0.377221,-40.828189,-35.065683,51.842212,166.658115,75.689096,0.05704,0.968969,-0.240512,76.060082,3.269944,0.968969,0.05704,0.240512,-76.060082,-3.269944,-0.968969,-0.05704,0.240512,-166.658115,-75.689096,-0.05704,-0.968969,-0.240512,69.18193,-4.94586,0.91143
259,2026-03-04,17:31:10.78,3,1,"Baiotto, Ethan",829309,Right,TEN_VOL,"Revere, Kyle",1000238496,Right,OAK_GOL,Undefined,8,Top,2,0,0,Sinker,Sinker,BallCalled,Undefined,Undefined,Undefined,0,0,,93.51263,-0.941283,-4.232214,1605.500642,253.65359,2:30,5.76249,1.74113,5.47504,-27.52372,4.97689,13.51898,2.58557,-1.09974,85.67662,-5.993686,-1.831757,0.410315,,,,,,,,,,,,-7.93103,3.07957,-1.37826,50,5.66094,9.39126,-135.46954,-3.30413,-14.78555,28.70825,-26.43289,TEN_VOL,OAK_GOL,LindseyNelsonStadium,D1,SEC,20260304-LindseyNelsonStadium-1,39b3b7b0-1822-11f1-bda3-276ded76bcdc,91.86227,,,7.83601,,,,,,,efdb3acd-98ca-462b-a386-93f1bbf9dc13,2026-03-04,23:31:10.78,2026-03-04T17:31:10.7827200-06:00,2026-03-04T23:31:10.7827200Z,,v3,471459,471397,6981f38c47c5403d8cc8c83a27c654da,"Grindlinger, Trent",815821,Right,TEN_VOL,a86cd33c-f9d0-4619-8257-8e63b6131687,55.02292,-136.52982,14.35412,5.76494,-2.32788,-13.21645,-1.73519,9.93734,-7.39278,,,,,,,,,,,,,,,,,,,,,,,,,,,,,,,,,,,,,,,,,,,,,,,,,,,High,High,High,,,,,,238.432417,39.497747,1238.883916,0.77165,2:00,-0.653269,-0.667824,-0.356724,-32.915084,-36.805965,44.496031,143.303295,74.050385,0.16421,0.961504,-0.220331,77.093366,9.451339,0.961504,0.16421,0.220331,-77.093366,-9.451339,-0.961504,-0.16421,0.220331,-143.303295,-74.050385,-0.16421,-0.961504,-0.220331,,,
260,2026-03-04,17:31:22.81,3,2,"Baiotto, Ethan",829309,Right,TEN_VOL,"Revere, Kyle",1000238496,Right,OAK_GOL,Undefined,8,Top,2,1,0,Sinker,Sinker,StrikeCalled,Undefined,Undefined,Undefined,0,0,,92.76622,-0.214529,-4.065065,1608.479409,254.684459,2:30,5.67218,1.72686,5.41911,-28.18309,4.87457,14.06725,3.12213,-0.91507,84.95613,-5.38658,-1.569689,0.413816,,,,,,,,,,,,-8.14166,2.82795,-1.37541,50,5.63353,8.89537,-134.43166,-1.604,-14.95427,28.12965,-26.97978,TEN_VOL,OAK_GOL,LindseyNelsonStadium,D1,SEC,20260304-LindseyNelsonStadium-1,40dc9a70-1822-11f1-bda3-276ded76bcdc,91.08499,,,7.81009,,,,,,,efdb3acd-98ca-462b-a386-93f1bbf9dc13,2026-03-04,23:31:22.81,2026-03-04T17:31:22.8189184-06:00,2026-03-04T23:31:22.8189184Z,,v3,471459,471397,6981f38c47c5403d8cc8c83a27c654da,"Grindlinger, Trent",815821,Right,TEN_VOL,fc1cbe40-eccd-40e9-b121-c9b0b8b2e447,55.07899,-135.49026,14.06482,5.67479,-0.58867,-13.48989,-1.72076,9.45814,-7.47714,,,,,,,,,,,,,,,,,,,,,,,,,,,,,,,,,,,,,,,,,,,,,,,,,,,High,High,High,,,,,,238.408013,37.996806,1267.554276,0.788045,2:00,-0.640823,-0.673557,-0.36833,-33.673439,-37.326404,48.57226,153.60321,74.179964,0.121201,0.962123,-0.244193,75.758686,6.961438,0.962123,0.121201,0.244193,-75.758686,-6.961438,-0.962123,-0.121201,0.244193,-153.60321,-74.179964,-0.121201,-0.962123,-0.244193,,,
261,2026-03-04,17:31:35.29,3,3,"Baiotto, Ethan",829309,Right,TEN_VOL,"Revere, Kyle",1000238496,Right,OAK_GOL,Undefined,8,Top,2,1,1,Slider,Slider,StrikeSwinging,Undefined,Undefined,Undefined,0,0,,85.3801,-1.072402,-3.622808,2134.216945,342.135397,5:30,5.88266,1.65438,5.42857,-38.36345,0.47362,0.20835,1.67922,-1.72572,79.06219,-8.032673,-3.585804,0.448533,,,,,,,,,,,,-1.03319,0.87791,-1.33309,50,5.76079,7.83099,-123.82398,-3.73431,-1.61643,22.94051,-30.80055,TEN_VOL,OAK_GOL,LindseyNelsonStadium,D1,SEC,20260304-LindseyNelsonStadium-1,484b86e0-1822-11f1-bda3-276ded76bcdc,84.03485,,,6.3179,,,,,,,efdb3acd-98ca-462b-a386-93f1bbf9dc13,2026-03-04,23:31:35.29,2026-03-04T17:31:35.2991232-06:00,2026-03-04T23:31:35.2991232Z,,v3,471459,471397,6981f38c47c5403d8cc8c83a27c654da,"Grindlinger, Trent",815821,Right,TEN_VOL,634b0b02-f6fd-451b-88ab-390ca0cddf29,55.06999,-124.75975,11.47026,5.88749,-2.47793,-15.40028,-1.65386,7.89692,-0.80822,,,,,,,,,,,,,,,,,,,,,,,,,,,,,,,,,,,,,,,,,,,,,,,,,,,High,High,High,,,,,,357.539745,83.416925,244.674551,0.114644,6:00,-0.983919,-0.023513,0.177064,71.788863,28.20225,77.483452,161.895297,-19.919183,0.292163,-0.340694,-0.893626,20.869309,-16.987514,0.340694,-0.292163,0.893626,-20.869309,16.987514,-0.340694,0.292163,0.893626,-161.895297,19.919183,-0.292163,0.340694,-0.893626,,,
262,2026-03-04,17:31:50.60,3,4,"Baiotto, Ethan",829309,Right,TEN_VOL,"Revere, Kyle",1000238496,Right,OAK_GOL,Undefined,8,Top,2,1,2,Slider,Slider,StrikeSwinging,Strikeout,Undefined,Undefined,0,0,,84.72306,-2.037593,-3.536585,2048.572687,299.019363,4:00,5.83702,1.61131,5.46604,-39.84368,-0.20035,2.55728,0.6053,-1.48966,78.18706,-9.260996,-3.081435,0.453165,,,,,,,,,,,,-2.26343,0.82787,-1.30166,50,5.63009,7.48074,-122.76664,-5.82062,-3.45872,24.0178,-30.90897,TEN_VOL,OAK_GOL,LindseyNelsonStadium,D1,SEC,20260304-LindseyNelsonStadium-1,51743140-1822-11f1-bda3-276ded76bcdc,83.17593,,,6.53599,,,,,,,efdb3acd-98ca-462b-a386-93f1bbf9dc13,2026-03-04,23:31:50.60,2026-03-04T17:31:50.6014720-06:00,2026-03-04T23:31:50.6014720Z,,v3,471459,471397,6981f38c47c5403d8cc8c83a27c654da,"Grindlinger, Trent",815821,Right,TEN_VOL,1157c65b-3d01-4ad2-9cc3-97ca1c34bc33,55.03245,-123.74726,12.0089,5.84198,-4.55864,-15.45449,-1.60997,7.62195,-1.72936,,,,,,,,,,,,,,,,,,,,,,,,,,,,,,,,,,,,,,,,,,,,,,,,,,,High,High,High,,,,,,338.015822,82.596914,263.956548,0.128849,5:15,-0.980068,-0.083463,0.18028,61.000033,25.976981,78.486141,157.841072,-29.545777,0.32813,-0.493119,-0.805708,31.467962,-19.155292,0.493119,-0.32813,0.805708,-31.467962,19.155292,-0.493119,0.32813,0.805708,-157.841072,29.545777,-0.32813,0.493119,-0.805708,,,
263,2026-03-04,17:34:54.85,1,1,"Duley, Daniel",10093882,Left,OAK_GOL,"Hankins, Evan",815822,Left,TEN_VOL,Undefined,8,Bottom,0,0,0,Fastball,Changeup,BallCalled,Undefined,Undefined,Undefined,0,0,,83.76371,0.516741,2.121318,1498.834474,160.738165,11:15,6.21547,-1.98036,6.20667,-19.46812,20.05249,-6.55528,5.0704,-0.56784,76.0988,-3.223239,0.939207,0.452463,,,,,,,,,,,,3.9839,10.5928,1.82415,50,6.24424,-4.24735,-121.59065,0.6081,5.93767,24.8305,-16.38647,TEN_VOL,OAK_GOL,LindseyNelsonStadium,D1,SEC,20260304-LindseyNelsonStadium-1,bf494200-1822-11f1-bda3-276ded76bcdc,83.30501,,,7.66491,,,,,,,efdb3acd-98ca-462b-a386-93f1bbf9dc13,2026-03-04,23:34:54.85,2026-03-04T17:34:54.8530176-06:00,2026-03-04T23:34:54.8530176Z,,v3,471459,471397,6981f38c47c5403d8cc8c83a27c654da,"Palermo, Mason",10083178,Right,OAK_GOL,11b1501a-eb0f-4bcf-857a-fabb354cb897,54.28782,-122.46316,12.41525,6.21276,1.1839,-8.19324,1.97706,-4.45599,2.96883,,,,,,,,,,,,,,,,,,,,,,,,,,,,,,,,,,,,,,,,,,,,,,,,,,,High,High,High,,,,,,150.694689,-0.438433,1498.790592,0.999971,11:00,0.044335,0.48936,-0.870954,24.504794,34.379106,-36.759312,163.767475,1.298558,0.279464,0.022662,-0.959889,1.352455,16.228241,0.022662,0.279464,0.959889,-1.352455,-16.228241,-0.022662,-0.279464,0.959889,-163.767475,-1.298558,-0.279464,-0.022662,-0.959889,,,
264,2026-03-04,17:35:11.79,1,2,"Duley, Daniel",10093882,Left,OAK_GOL,"Hankins, Evan",815822,Left,TEN_VOL,Undefined,8,Bottom,0,1,0,Fastball,Changeup,FoulBallNotFieldable,Undefined,Undefined,Undefined,0,0,,85.40976,-1.801095,2.922725,1701.445735,161.429483,11:30,6.09666,-2.02467,6.42996,-16.99454,20.55352,-6.50512,3.02241,0.12175,78.16915,-5.071989,1.74554,0.441027,79.42876,58.408041,-83.88342,4469.350708,,,,,55.57363,,,4.22933,11.62749,1.81947,50,5.96044,-6.09191,-124.0056,-4.31702,6.58784,24.71656,-14.06239,TEN_VOL,OAK_GOL,LindseyNelsonStadium,D1,SEC,20260304-LindseyNelsonStadium-1,c94e1b90-1822-11f1-bda3-276ded76bcdc,85.46513,75.72762,,7.24062,,,,2.2504,3.096,-0.09621,efdb3acd-98ca-462b-a386-93f1bbf9dc13,2026-03-04,23:35:11.79,2026-03-04T17:35:11.7937664-06:00,2026-03-04T23:35:11.7937664Z,,v3,471459,471397,6981f38c47c5403d8cc8c83a27c654da,"Palermo, Mason",10083178,Right,OAK_GOL,bcc2e3be-012e-4715-b16b-3218752cae8d,54.06801,-124.8138,12.35828,6.09409,-3.8572,-7.03119,2.02218,-6.30732,3.29392,,2.2504,6.50264,-13.99556,5.44883,-1.5831,0.41093,-0.10114,0.02049,-0.00239,3.096,99.23077,-30.71394,4.00936,-0.6842,0.08901,-0.0087,-1E-05,0.0001,-0.09621,-60.68056,8.31312,-1.20951,0.08756,0.0254,-0.01339,0.0039,-0.00048,,,,,,,,,,,,,,,,,,,,,,,High,High,High,Low,Undefined,,,,147.824488,2.768567,1699.459785,0.998833,11:00,-0.021803,0.530112,-0.847647,22.17726,33.810485,-33.610955,167.670456,3.794051,0.213066,0.06617,-0.974794,3.883354,12.302098,0.06617,0.213066,0.974794,-3.883354,-12.302098,-0.06617,-0.213066,0.974794,-167.670456,-3.794051,-0.213066,-0.06617,-0.974794,,,
265,2026-03-04,17:35:35.48,1,3,"Duley, Daniel",10093882,Left,OAK_GOL,"Hankins, Evan",815822,Left,TEN_VOL,Undefined,8,Bottom,0,1,1,Fastball,Changeup,BallCalled,Undefined,Undefined,Undefined,0,0,,83.84796,0.108578,2.578315,1600.3703,145.261373,10:45,6.22942,-1.95874,6.2673,-25.50127,13.77245,-8.67394,4.20452,-0.303,76.47062,-4.710739,1.012453,0.451048,,,,,,,,,,,,5.21067,7.50004,1.7718,50,6.22498,-5.14831,-121.73708,-0.49093,7.80205,24.39655,-20.94411,TEN_VOL,OAK_GOL,LindseyNelsonStadium,D1,SEC,20260304-LindseyNelsonStadium-1,d7717e10-1822-11f1-bda3-276ded76bcdc,83.56643,,,7.37734,,,,,,,efdb3acd-98ca-462b-a386-93f1bbf9dc13,2026-03-04,23:35:35.48,2026-03-04T17:35:35.4897408-06:00,2026-03-04T23:35:35.4897408Z,,v3,471459,471397,6981f38c47c5403d8cc8c83a27c654da,"Palermo, Mason",10083178,Right,OAK_GOL,01ed2c03-5e6d-43ac-a49c-8d816bc81d82,54.22844,-122.58155,12.19827,6.22942,0.23404,-10.47206,1.95468,-5.41837,3.90103,,,,,,,,,,,,,,,,,,,,,,,,,,,,,,,,,,,,,,,,,,,,,,,,,,,High,High,High,,,,,,149.000344,2.477151,1598.874813,0.999066,11:00,-0.003679,0.514633,-0.857403,17.377873,35.066057,-30.88875,163.846866,9.482162,0.274404,0.164741,-0.947398,9.864379,15.926523,0.164741,0.274404,0.947398,-9.864379,-15.926523,-0.164741,-0.274404,0.947398,-163.846866,-9.482162,-0.274404,-0.164741,-0.947398,,,
266,2026-03-04,17:35:54.57,1,4,"Duley, Daniel",10093882,Left,OAK_GOL,"Hankins, Evan",815822,Left,TEN_VOL,Undefined,8,Bottom,0,2,1,Fastball,Changeup,BallCalled,Undefined,Undefined,Undefined,0,0,,84.76094,-2.674904,2.029918,1920.084604,156.513377,11:15,6.1724,-1.94591,6.34091,-18.10623,20.22828,-8.24587,2.19763,-0.76349,77.51548,-6.141435,0.53806,0.445622,,,,,,,,,,,,4.85461,11.66087,1.80192,50,5.96889,-4.04659,-123.00983,-6.19936,7.4286,24.69761,-14.3304,TEN_VOL,OAK_GOL,LindseyNelsonStadium,D1,SEC,20260304-LindseyNelsonStadium-1,e2e529e0-1822-11f1-bda3-276ded76bcdc,84.58395,,,7.24546,,,,,,,efdb3acd-98ca-462b-a386-93f1bbf9dc13,2026-03-04,23:35:54.57,2026-03-04T17:35:54.5782784-06:00,2026-03-04T23:35:54.5782784Z,,v3,471459,471397,6981f38c47c5403d8cc8c83a27c654da,"Palermo, Mason",10083178,Right,OAK_GOL,cffcab6b-ce0c-40fe-a931-d22b99c612e3,54.15542,-123.84134,12.34881,6.16949,-5.7169,-7.1652,1.94237,-4.29669,3.7143,,,,,,,,,,,,,,,,,,,,,,,,,,,,,,,,,,,,,,,,,,,,,,,,,,,High,High,High,,,,,,154.715872,8.676051,1898.113127,0.988557,11:15,-0.138619,0.41472,-0.899329,16.92828,34.629469,-31.680554,166.414666,-0.153717,0.234892,-0.002683,-0.972018,0.158141,-13.585284,0.002683,-0.234892,0.972018,-0.158141,13.585284,-0.002683,0.234892,0.972018,-166.414666,0.153717,-0.234892,0.002683,-0.972018,,,
267,2026-03-04,17:36:14.59,1,5,"Duley, Daniel",10093882,Left,OAK_GOL,"Hankins, Evan",815822,Left,TEN_VOL,Undefined,8,Bottom,0,3,1,Fastball,Changeup,InPlay,Undefined,FlyBall,Out,1,0,,84.60546,-1.403442,1.6597,1781.627568,147.054299,11:00,6.28533,-1.80585,6.34618,-22.12631,16.29836,-9.75599,3.14875,-1.09061,77.30106,-5.605819,-0.106362,0.446145,56.91839,39.084336,31.066738,3146.859415,93.17983,46.86969,58.45925,172.45254,167.16883,31.900176,3.738175,5.60922,9.28646,1.68994,50,6.1729,-3.20503,-122.93325,-3.61362,8.55585,25.11196,-18.00922,TEN_VOL,OAK_GOL,LindseyNelsonStadium,D1,SEC,20260304-LindseyNelsonStadium-1,eebb8f20-1822-11f1-bda3-276ded76bcdc,84.48464,48.57288,,7.30441,,,,1.75048,3.16298,1.07549,efdb3acd-98ca-462b-a386-93f1bbf9dc13,2026-03-04,23:36:14.59,2026-03-04T17:36:14.5926144-06:00,2026-03-04T23:36:14.5926144Z,LineDrive,v3,471459,471397,6981f38c47c5403d8cc8c83a27c654da,"Palermo, Mason",10083178,Right,OAK_GOL,d9bc428d-6516-4294-81b4-106060c03151,54.15223,-123.77853,12.55598,6.28433,-3.00741,-9.00461,1.80267,-3.49303,4.27792,188.019327,1.75101,55.48977,-9.34828,2.1108,-0.16951,-0.1095,0.05036,-0.00853,0.00053,3.16246,52.64313,-16.30237,0.78108,-0.17868,0.04587,0.00163,-0.00273,0.00031,1.07586,33.4276,-4.36557,0.72612,0.00413,-0.06286,0.02108,-0.00295,0.00015,,,,,,,,,,,,,,,,,,,,,,,High,High,High,High,High,,,,155.492063,4.609913,1775.863982,0.996765,11:15,-0.064168,0.411385,-0.9092,16.493983,35.752206,-35.460105,162.805534,1.61439,0.295498,0.028173,-0.954928,1.689875,17.187428,0.028173,0.295498,0.954928,-1.689875,-17.187428,-0.028173,-0.295498,0.954928,-162.805534,-1.61439,-0.295498,-0.028173,-0.954928,70.44145,19.69088,20.2506
268,2026-03-04,17:37:12.51,2,1,"Duley, Daniel",10093882,Left,OAK_GOL,"Eisfelder, Nathan",10103272,Right,TEN_VOL,Undefined,8,Bottom,1,0,0,ChangeUp,Changeup,InPlay,Undefined,Popup,Out,1,0,,75.71142,-0.707621,3.501015,1703.653998,123.174365,10:00,5.95571,-2.001,6.40758,-36.52022,11.37949,-15.05465,2.26048,-0.0325,69.47805,-7.545574,0.775962,0.498124,77.50866,65.708991,-41.183917,,,,,136.53383,134.42225,-39.597868,5.760221,8.91599,6.5865,1.75713,50,5.8882,-6.23534,-109.91265,-2.31252,10.89092,19.74901,-24.12862,TEN_VOL,OAK_GOL,LindseyNelsonStadium,D1,SEC,20260304-LindseyNelsonStadium-1,114a4cc0-1823-11f1-bda3-276ded76bcdc,75.66873,135.05437,,6.23336,,,,3.25551,2.49979,0.05894,efdb3acd-98ca-462b-a386-93f1bbf9dc13,2026-03-04,23:37:12.51,2026-03-04T17:37:12.5134336-06:00,2026-03-04T23:37:12.5134336Z,Popup,v3,471459,471397,6981f38c47c5403d8cc8c83a27c654da,"Palermo, Mason",10083178,Right,OAK_GOL,e5839569-3544-405a-967f-b2be230cdf96,54.0913,-110.64533,9.8745,5.95739,-1.41736,-12.06431,1.99595,-6.63939,5.44546,,3.25452,35.18534,-10.48169,2.69277,-0.22809,-0.0801,0.03061,-0.00421,0.00021,2.48477,103.87422,-25.76679,3.95131,-1.39594,0.40926,-0.07602,0.00748,-0.0003,0.05393,-30.68819,7.94362,-1.47649,-0.16828,0.17587,-0.04504,0.00533,-0.00025,,,,,,,,,,,,,,,,,,,,,,,High,High,High,Low,Medium,,,,128.72319,-1.534982,1703.042653,0.999641,10:15,0.055308,0.780169,-0.623119,-43.260069,-41.876177,37.780754,171.811652,-78.819857,0.027616,-0.981022,-0.191918,78.931008,-1.582477,0.981022,-0.027616,0.191918,-78.931008,1.582477,-0.981022,0.027616,0.191918,-171.811652,78.819857,-0.027616,0.981022,-0.191918,78.3933,23.5034,-29.83615
269,2026-03-04,17:37:53.84,3,1,"Duley, Daniel",10093882,Left,OAK_GOL,"Wright, Garrett",835226,Right,TEN_VOL,Undefined,8,Bottom,2,0,0,ChangeUp,Changeup,InPlay,Undefined,LineDrive,Single,0,0,,72.13877,0.081971,2.42209,1599.082783,119.386951,10:00,5.95305,-2.18207,6.34559,-43.32731,9.44544,-13.80729,2.41797,-1.10171,66.33665,-7.999155,-0.077969,0.522849,73.00531,28.008262,-15.470003,1108.780867,105.64319,37.41364,-30.65073,226.37079,211.81257,-18.774607,3.108137,7.9391,5.368,2.01262,50,5.93849,-4.00312,-104.82671,-0.95822,8.82228,17.938,-26.20888,TEN_VOL,OAK_GOL,LindseyNelsonStadium,D1,SEC,20260304-LindseyNelsonStadium-1,29fb19c0-1823-11f1-bda3-276ded76bcdc,72.09048,37.86094,,5.80212,,,,3.31858,2.6974,1.09114,efdb3acd-98ca-462b-a386-93f1bbf9dc13,2026-03-04,23:37:53.84,2026-03-04T17:37:53.8439168-06:00,2026-03-04T23:37:53.8439168Z,LineDrive,v3,471459,471397,6981f38c47c5403d8cc8c83a27c654da,"Palermo, Mason",10083178,Right,OAK_GOL,46b05266-07d2-4ad3-9958-8636a9c4ef29,54.1533,-105.53503,8.969,5.9559,0.0767,-13.10444,2.17757,-4.35149,4.41114,134.313637,3.31844,91.11402,-11.58736,2.24134,-0.53451,0.15518,-0.04303,0.00725,-0.00048,2.69746,50.27994,-19.97447,1.78512,-0.33348,0.04913,-0.00431,0.00084,-0.00014,1.09118,-25.2166,0.66864,-0.13521,0.04816,-0.02101,0.00683,-0.0011,6E-05,,,,,,,,,,,,,,,,,,,,,,,High,High,High,High,High,,,,129.533086,-3.492132,1596.113562,0.998143,10:15,0.088807,0.769737,-0.632153,-39.675737,-43.109848,30.945745,157.489136,-76.79008,0.087491,-0.973539,-0.211108,77.765079,-5.019261,0.973539,-0.087491,0.211108,-77.765079,5.019261,-0.973539,0.087491,0.211108,-157.489136,76.79008,-0.087491,0.973539,-0.211108,77.90904,25.81293,-19.10144
270,2026-03-04,17:38:40.37,4,1,"Duley, Daniel",10093882,Left,OAK_GOL,"Marin, Manny",804563,Right,TEN_VOL,Undefined,8,Bottom,2,0,0,ChangeUp,Changeup,FoulBallNotFieldable,Undefined,Undefined,Undefined,0,0,,75.28893,-0.642991,2.767066,1808.177257,120.566158,10:00,5.94416,-2.02336,6.29299,-38.06856,10.43902,-15.09623,2.17858,-0.72965,69.26372,-7.742404,0.037033,0.501275,79.59037,53.766271,44.270534,4239.974999,59.93237,107.21691,92.23941,207.43409,93.32736,62.332193,5.250828,8.68583,6.04516,1.82709,50,5.87833,-4.79179,-109.3768,-2.2464,10.52516,19.23818,-24.84876,TEN_VOL,OAK_GOL,LindseyNelsonStadium,D1,SEC,20260304-LindseyNelsonStadium-1,45aa0b90-1823-11f1-bda3-276ded76bcdc,75.1931,107.80361,,6.02522,,,,1.30123,2.39611,0.77773,efdb3acd-98ca-462b-a386-93f1bbf9dc13,2026-03-04,23:38:40.37,2026-03-04T17:38:40.3713024-06:00,2026-03-04T23:38:40.3713024Z,Popup,v3,471459,471397,6981f38c47c5403d8cc8c83a27c654da,"Palermo, Mason",10083178,Right,OAK_GOL,4e41e0be-8c9f-4216-b71a-1f549085820a,54.20615,-110.11413,9.61909,5.94618,-1.29404,-12.42438,2.01847,-5.19519,5.26258,208.396554,1.32292,48.90489,-16.219,1.69112,2.1365,-1.35938,0.36283,-0.04621,0.00229,2.37433,94.55105,-26.71282,4.40262,-1.60639,0.44934,-0.068,0.00448,-7E-05,0.76891,48.32816,-4.56433,1.06235,-0.5326,0.20632,-0.04367,0.00461,-0.00019,,,,,,,,,,,,,,,,,,,,,,,High,High,High,High,Low,,,,133.512576,-3.388103,1805.016781,0.998252,10:30,0.084092,0.724573,-0.684048,-53.288172,-33.22745,33.056481,161.233817,87.307315,0.015113,0.998896,-0.044481,87.450266,0.865969,0.998896,0.015113,0.044481,-87.450266,-0.865969,-0.998896,-0.015113,0.044481,-161.233817,-87.307315,-0.015113,-0.998896,-0.044481,61.77267,14.01673,4.14524
271,2026-03-04,17:39:06.33,4,2,"Duley, Daniel",10093882,Left,OAK_GOL,"Marin, Manny",804563,Right,TEN_VOL,Undefined,8,Bottom,2,0,1,Slider,Curveball,BallCalled,Undefined,Undefined,Undefined,0,0,,71.81776,3.415123,0.078724,1916.252953,324.434137,4:45,5.85489,-2.42393,5.89264,-60.47547,-5.86642,5.4787,3.98979,-1.89428,65.46545,-7.720934,1.062064,0.531868,,,,,,,,,,,,-2.75957,-3.41347,2.41452,50,6.09593,-0.33446,-104.15555,4.42941,-3.00849,18.72871,-35.89545,TEN_VOL,OAK_GOL,LindseyNelsonStadium,D1,SEC,20260304-LindseyNelsonStadium-1,5525ab10-1823-11f1-bda3-276ded76bcdc,70.86807,,,6.35231,,,,,,,efdb3acd-98ca-462b-a386-93f1bbf9dc13,2026-03-04,23:39:06.33,2026-03-04T17:39:06.3333888-06:00,2026-03-04T23:39:06.3333888Z,,v3,471459,471397,6981f38c47c5403d8cc8c83a27c654da,"Palermo, Mason",10083178,Right,OAK_GOL,d31ad546-4f68-49be-910d-846609be518f,54.6059,-104.98049,9.36435,5.866,6.0105,-17.94773,2.42634,-0.20195,-1.50425,,,,,,,,,,,,,,,,,,,,,,,,,,,,,,,,,,,,,,,,,,,,,,,,,,,High,High,High,,,,,,324.247296,-68.516138,701.80684,0.366239,4:45,0.915712,-0.26904,0.298479,-122.078396,20.442478,17.863809,139.728352,-10.661731,0.635253,-0.18501,-0.749817,13.860351,-39.438753,0.18501,-0.635253,0.749817,-13.860351,39.438753,-0.18501,0.635253,0.749817,-139.728352,10.661731,-0.635253,0.18501,-0.749817,,,
272,2026-03-04,17:39:25.27,4,3,"Duley, Daniel",10093882,Left,OAK_GOL,"Marin, Manny",804563,Right,TEN_VOL,Undefined,8,Bottom,2,1,1,ChangeUp,Changeup,StrikeSwinging,Undefined,Undefined,Undefined,0,0,,72.41412,-1.652701,3.681988,1813.082293,134.106848,10:30,5.99616,-2.38585,6.43809,-38.26132,13.82166,-12.60595,1.28544,-0.0482,66.99923,-8.786643,1.398885,0.519421,,,,,,,,,,,,7.5913,8.16111,2.12956,50,5.86121,-6.37148,-105.10195,-3.98681,8.53202,17.01668,-23.00163,TEN_VOL,OAK_GOL,LindseyNelsonStadium,D1,SEC,20260304-LindseyNelsonStadium-1,608113f0-1823-11f1-bda3-276ded76bcdc,72.5663,,,5.4149,,,,,,,efdb3acd-98ca-462b-a386-93f1bbf9dc13,2026-03-04,23:39:25.27,2026-03-04T17:39:25.2751360-06:00,2026-03-04T23:39:25.2751360Z,,v3,471459,471397,6981f38c47c5403d8cc8c83a27c654da,"Palermo, Mason",10083178,Right,OAK_GOL,e0c8db56-bc52-4f9f-aa6e-a05c1dd1a276,54.06002,-105.75725,8.50834,5.99769,-3.10104,-11.50082,2.38125,-6.70004,4.26601,,,,,,,,,,,,,,,,,,,,,,,,,,,,,,,,,,,,,,,,,,,,,,,,,,,High,High,High,,,,,,130.025029,1.810792,1812.176887,0.999501,10:15,-0.01227,0.764151,-0.64492,-37.948616,-30.119416,28.329973,173.233016,-80.61656,0.019211,-0.986619,-0.161905,80.680778,-1.100799,0.986619,-0.019211,0.161905,-80.680778,1.100799,-0.986619,0.019211,0.161905,-173.233016,80.61656,-0.019211,0.986619,-0.161905,,,
273,2026-03-04,17:39:48.15,4,4,"Duley, Daniel",10093882,Left,OAK_GOL,"Marin, Manny",804563,Right,TEN_VOL,Undefined,8,Bottom,2,1,2,Fastball,Four-Seam,BallCalled,Undefined,Undefined,Undefined,0,0,,86.30634,-2.299059,1.14201,1870.264337,161.350807,11:30,6.34696,-2.08716,6.30333,-16.44123,20.69348,-6.56079,2.85722,-1.58164,78.55204,-5.471045,-0.044655,0.438593,,,,,,,,,,,,3.7278,11.78942,2.00628,50,6.17002,-2.23853,-125.27282,-5.42682,5.89048,26.63819,-13.54498,TEN_VOL,OAK_GOL,LindseyNelsonStadium,D1,SEC,20260304-LindseyNelsonStadium-1,6e080f60-1823-11f1-bda3-276ded76bcdc,85.93952,,,7.7543,,,,,,,efdb3acd-98ca-462b-a386-93f1bbf9dc13,2026-03-04,23:39:48.15,2026-03-04T17:39:48.1549312-06:00,2026-03-04T23:39:48.1549312Z,,v3,471459,471397,6981f38c47c5403d8cc8c83a27c654da,"Palermo, Mason",10083178,Right,OAK_GOL,71098cf0-98b9-4d97-b248-028710fdeba0,54.19189,-126.16104,13.31909,6.34344,-4.97518,-6.77249,2.0842,-2.43494,2.94524,,,,,,,,,,,,,,,,,,,,,,,,,,,,,,,,,,,,,,,,,,,,,,,,,,,High,High,High,,,,,,160.036292,-5.939362,1860.224693,0.994632,11:15,0.108384,0.34347,-0.932889,18.677164,29.947735,-43.195145,160.708053,1.364046,0.330288,0.023805,-0.94358,1.445164,19.286264,0.023805,0.330288,0.94358,-1.445164,-19.286264,-0.023805,-0.330288,0.94358,-160.708053,-1.364046,-0.330288,-0.023805,-0.94358,,,
274,2026-03-04,17:40:10.13,4,5,"Duley, Daniel",10093882,Left,OAK_GOL,"Marin, Manny",804563,Right,TEN_VOL,Undefined,8,Bottom,2,2,2,ChangeUp,Changeup,BallCalled,Undefined,Undefined,Undefined,0,0,,75.56706,-2.598916,4.817398,1762.37077,131.424359,10:30,5.90898,-2.33498,6.60341,-34.90659,12.95611,-12.94564,0.6093,1.00958,69.67499,-9.124344,2.470464,0.497932,,,,,,,,,,,,8.20422,7.99197,2.01135,50,5.71659,-8.82216,-109.46636,-5.85242,9.96347,19.16737,-22.46832,TEN_VOL,OAK_GOL,LindseyNelsonStadium,D1,SEC,20260304-LindseyNelsonStadium-1,7b2e9b50-1823-11f1-bda3-276ded76bcdc,75.69799,,,5.89207,,,,,,,efdb3acd-98ca-462b-a386-93f1bbf9dc13,2026-03-04,23:40:10.13,2026-03-04T17:40:10.1381120-06:00,2026-03-04T23:40:10.1381120Z,,v3,471459,471397,6981f38c47c5403d8cc8c83a27c654da,"Palermo, Mason",10083178,Right,OAK_GOL,db5e7604-d974-4660-8742-f67d89312309,53.89556,-110.14635,9.58368,5.91008,-5.05532,-11.23416,2.3306,-9.17563,4.98174,,,,,,,,,,,,,,,,,,,,,,,,,,,,,,,,,,,,,,,,,,,,,,,,,,,High,High,High,,,,,,133.569864,4.023559,1758.027024,0.997535,10:30,-0.044764,0.718824,-0.69375,-49.821695,-40.774834,38.980359,115.843229,-81.254331,0.136842,-0.988373,-0.06628,86.16353,-7.865165,0.988373,-0.136842,0.06628,-86.16353,7.865165,-0.988373,0.136842,0.06628,-115.843229,81.254331,-0.136842,0.988373,-0.06628,,,
275,2026-03-04,17:40:30.49,4,6,"Duley, Daniel",10093882,Left,OAK_GOL,"Marin, Manny",804563,Right,TEN_VOL,Undefined,8,Bottom,2,3,2,Fastball,Changeup,FoulBallNotFieldable,Undefined,Undefined,Undefined,0,0,,84.0853,-2.324168,3.340919,1743.626417,154.174054,11:15,6.31741,-1.82898,6.42647,-19.48599,19.48281,-8.79965,2.55256,0.51195,76.7023,-6.055383,1.74911,0.449293,84.06798,83.348483,63.45198,4233.698751,,,,,17.61699,,,5.59784,11.26548,1.59475,50,6.14262,-6.79917,-121.94693,-5.44384,8.39281,24.95486,-15.28374,TEN_VOL,OAK_GOL,LindseyNelsonStadium,D1,SEC,20260304-LindseyNelsonStadium-1,875395c0-1823-11f1-bda3-276ded76bcdc,83.8927,108.07313,,7.383,,,,2.97761,2.41096,-0.52447,efdb3acd-98ca-462b-a386-93f1bbf9dc13,2026-03-04,23:40:30.49,2026-03-04T17:40:30.4999424-06:00,2026-03-04T23:40:30.4999424Z,,v3,471459,471397,6981f38c47c5403d8cc8c83a27c654da,"Palermo, Mason",10083178,Right,OAK_GOL,88f16f64-7958-42f3-bb0a-2fbe67b46142,54.07119,-122.77722,12.47743,6.31528,-4.93532,-7.64187,1.82562,-7.07841,4.19641,187.337787,2.9776,6.38653,-12.14121,5.10178,-3.64731,4.84655,-4.37093,2.06823,-0.39753,2.41096,122.46999,-32.99447,4.63744,-1.08426,0.52008,-0.3262,0.12859,-0.02167,-0.52447,12.77445,3.5194,-1.98676,1.62419,-2.21814,2.01094,-0.95406,0.18372,,,,,,,,,,,,,,,,,,,,,,,High,High,High,High,Undefined,,,,156.298324,14.412167,1688.755068,0.96853,11:15,-0.212348,0.378911,-0.900741,13.201826,34.145188,-33.611579,169.281774,-1.54061,0.185912,-0.026885,-0.982199,1.567952,-10.714306,0.026885,-0.185912,0.982199,-1.567952,10.714306,-0.026885,0.185912,0.982199,-169.281774,1.54061,-0.185912,0.026885,-0.982199,72.30692,24.87916,-20.17539
276,2026-03-04,17:41:04.45,4,7,"Duley, Daniel",10093882,Left,OAK_GOL,"Marin, Manny",804563,Right,TEN_VOL,Undefined,8,Bottom,2,3,2,Fastball,Changeup,BallCalled,Walk,Undefined,Undefined,0,0,,85.31235,-3.427967,4.59941,1862.004697,162.847167,11:30,6.33798,-1.73821,6.35462,-14.67973,23.79438,-6.90894,1.94564,1.92839,77.11599,-6.299098,3.355394,0.446433,,,,,,,,,,,,5.01028,13.83367,1.40718,50,6.08121,-9.64553,-123.26222,-7.7073,7.61507,27.2685,-11.14843,TEN_VOL,OAK_GOL,LindseyNelsonStadium,D1,SEC,20260304-LindseyNelsonStadium-1,9b840ac0-1823-11f1-bda3-276ded76bcdc,84.43032,,,8.19636,,,,,,,efdb3acd-98ca-462b-a386-93f1bbf9dc13,2026-03-04,23:41:04.45,2026-03-04T17:41:04.4524032-06:00,2026-03-04T23:41:04.4524032Z,,v3,471459,471397,6981f38c47c5403d8cc8c83a27c654da,"Palermo, Mason",10083178,Right,OAK_GOL,c674f434-5da3-4f60-9bc4-6b656df5f73d,54.13938,-124.17457,13.63425,6.33284,-7.33429,-5.57421,1.73416,-9.90031,3.80754,,,,,,,,,,,,,,,,,,,,,,,,,,,,,,,,,,,,,,,,,,,,,,,,,,,High,High,High,,,,,,159.080838,-0.952765,1861.747262,0.999862,11:15,0.07016,0.357357,-0.931329,23.298311,19.35443,-25.542334,167.076325,-2.031471,0.223512,-0.035448,-0.974056,2.084222,-12.915412,0.035448,-0.223512,0.974056,-2.084222,12.915412,-0.035448,0.223512,0.974056,-167.076325,2.031471,-0.223512,0.035448,-0.974056,,,
277,2026-03-04,17:41:47.01,5,1,"Duley, Daniel",10093882,Left,OAK_GOL,"Grindlinger, Trent",815821,Right,TEN_VOL,Undefined,8,Bottom,2,0,0,ChangeUp,Changeup,BallCalled,Undefined,Undefined,Undefined,0,0,,75.18307,-2.58664,3.594257,1931.222523,127.32375,10:15,5.89751,-2.12581,6.50691,-35.75703,13.06709,-14.91635,0.53764,-0.06596,68.77393,-9.285975,0.887091,0.502908,,,,,,,,,,,,8.95209,8.13201,1.88087,50,5.70097,-6.36491,-108.97041,-5.83141,10.67073,20.70134,-22.48088,TEN_VOL,OAK_GOL,LindseyNelsonStadium,D1,SEC,20260304-LindseyNelsonStadium-1,b4e981c0-1823-11f1-bda3-276ded76bcdc,74.94899,,,6.40914,,,,,,,efdb3acd-98ca-462b-a386-93f1bbf9dc13,2026-03-04,23:41:47.01,2026-03-04T17:41:47.0140416-06:00,2026-03-04T23:41:47.0140416Z,,v3,471459,471397,6981f38c47c5403d8cc8c83a27c654da,"Palermo, Mason",10083178,Right,OAK_GOL,fb654923-c358-4ca3-b684-ecc6ab259318,53.99068,-109.72591,10.35067,5.89882,-5.01097,-11.24044,2.12026,-6.75434,5.33536,,,,,,,,,,,,,,,,,,,,,,,,,,,,,,,,,,,,,,,,,,,,,,,,,,,High,High,High,,,,,,128.353871,12.021389,1888.870652,0.97807,10:15,-0.204154,0.756815,-0.620929,-47.241029,-27.533801,38.500292,93.224434,-0.637208,0.998355,-0.011121,-0.056244,11.184873,-86.713272,0.011121,-0.998355,0.056244,-11.184873,86.713272,-0.011121,0.998355,0.056244,-93.224434,0.637208,-0.998355,0.011121,-0.056244,,,
278,2026-03-04,17:42:06.68,5,2,"Duley, Daniel",10093882,Left,OAK_GOL,"Grindlinger, Trent",815821,Right,TEN_VOL,Undefined,8,Bottom,2,1,0,Fastball,Changeup,InPlay,Undefined,GroundBall,FieldersChoice,1,0,,84.70265,-1.477546,2.65815,1982.325265,149.692454,11:00,6.2694,-1.90623,6.4162,-18.19143,20.80985,-11.2878,3.39336,-0.40146,75.87846,-5.024745,0.61464,0.449481,100.83463,-6.683933,-6.764191,,,,,22.75926,22.03405,-5.623323,0.154577,6.79008,11.78469,1.72113,50,6.1554,-5.26692,-122.7543,-3.58875,10.13157,29.30884,-14.58994,TEN_VOL,OAK_GOL,LindseyNelsonStadium,D1,SEC,20260304-LindseyNelsonStadium-1,c0992520-1823-11f1-bda3-276ded76bcdc,83.85776,3.34615,,8.82418,,,,0.81535,3.34615,0.4059,efdb3acd-98ca-462b-a386-93f1bbf9dc13,2026-03-04,23:42:06.68,2026-03-04T17:42:06.6818560-06:00,2026-03-04T23:42:06.6818560Z,GroundBall,v3,471459,471397,6981f38c47c5403d8cc8c83a27c654da,"Palermo, Mason",10083178,Right,OAK_GOL,754b79cc-d191-4930-a958-15c746fb8d45,54.07807,-123.72415,14.65442,6.26616,-3.10596,-7.29497,1.90096,-5.60218,5.06579,6.719072,0.81619,145.79119,-29.42958,,,,,,,3.34735,-17.31664,-28.11739,,,,,,,0.40592,-17.30204,1.60815,,,,,,,,,,,,,,,,,,,,,,,,,,,,,High,High,High,High,High,,,,157.133794,4.210692,1976.974559,0.997301,11:15,-0.040686,0.38551,-0.921806,22.850941,28.650897,-37.550854,167.947657,-6.034045,0.207648,-0.105119,-0.972539,6.169013,-11.984575,0.105119,-0.207648,0.972539,-6.169013,11.984575,-0.105119,0.207648,0.972539,-167.947657,6.034045,-0.207648,0.105119,-0.972539,67.06586,21.60718,-1.31109
279,2026-03-04,17:45:00.58,1,1,"Day, Chandler",835661,Left,TEN_VOL,"Day, Lucas",1000218526,Left,OAK_GOL,Undefined,9,Top,0,0,0,Slider,Slider,BallCalled,Undefined,Undefined,Undefined,0,0,,81.59136,-0.009161,4.566951,2655.922732,269.027553,3:00,5.62972,-2.88195,5.80269,-41.87813,1.98331,10.16359,2.13133,2.22137,72.6089,-7.759711,6.377293,0.476664,,,,,,,,,,,,-3.34177,1.61268,2.50057,50,5.60505,-9.82102,-117.70435,-1.39979,-4.51593,29.97875,-29.99477,TEN_VOL,OAK_GOL,LindseyNelsonStadium,D1,SEC,20260304-LindseyNelsonStadium-1,2849f1e0-1824-11f1-bda3-276ded76bcdc,79.07541,,,8.98245,,,,,,,efdb3acd-98ca-462b-a386-93f1bbf9dc13,2026-03-04,23:45:00.58,2026-03-04T17:45:00.5888000-06:00,2026-03-04T23:45:00.5888000Z,,v3,471459,471397,6981f38c47c5403d8cc8c83a27c654da,"Grindlinger, Trent",815821,Right,TEN_VOL,ad5c4db6-3146-4e4f-80b4-9c733000b3b2,54.68791,-118.89234,14.98937,5.63697,-0.21116,-14.99739,2.88621,-9.64207,-2.25797,,,,,,,,,,,,,,,,,,,,,,,,,,,,,,,,,,,,,,,,,,,,,,,,,,,High,High,High,,,,,,260.578904,-83.220397,313.532933,0.11805,2:45,0.991412,-0.116299,0.059806,-16.934847,23.31592,-63.734955,124.786903,28.370729,0.722637,0.475175,-0.502001,43.427474,46.272622,0.475175,0.722637,0.502001,-43.427474,-46.272622,-0.475175,-0.722637,0.502001,-124.786903,-28.370729,-0.722637,-0.475175,-0.502001,,,
280,2026-03-04,17:45:13.93,1,2,"Day, Chandler",835661,Left,TEN_VOL,"Day, Lucas",1000218526,Left,OAK_GOL,Undefined,9,Top,0,1,0,Slider,Slider,StrikeSwinging,Undefined,Undefined,Undefined,0,0,,80.19313,0.26549,2.940754,2679.488065,250.281054,2:15,5.56935,-2.99245,5.93539,-39.42447,4.44792,8.26615,2.5306,0.42694,72.98565,-7.03209,4.422403,0.476724,,,,,,,,,,,,-3.30788,2.66705,2.75315,50,5.56866,-6.28945,-116.25908,-0.69588,-4.47736,24.04276,-28.5641,TEN_VOL,OAK_GOL,LindseyNelsonStadium,D1,SEC,20260304-LindseyNelsonStadium-1,303d5090-1824-11f1-bda3-276ded76bcdc,79.06555,,,7.20748,,,,,,,efdb3acd-98ca-462b-a386-93f1bbf9dc13,2026-03-04,23:45:13.93,2026-03-04T17:45:13.9346944-06:00,2026-03-04T23:45:13.9346944Z,,v3,471459,471397,6981f38c47c5403d8cc8c83a27c654da,"Grindlinger, Trent",815821,Right,TEN_VOL,79ac1ffc-85ee-487f-ae41-29c3ea59821e,54.56027,-117.19836,12.02138,5.57405,0.42004,-14.28205,2.99544,-6.11453,-2.23868,,,,,,,,,,,,,,,,,,,,,,,,,,,,,,,,,,,,,,,,,,,,,,,,,,,High,High,High,,,,,,308.856316,-77.802844,566.11229,0.211276,4:15,0.968567,-0.169053,0.182479,-0.881181,26.403361,-51.622284,127.667579,35.187859,0.646924,0.576259,-0.499415,49.086168,40.310054,0.576259,0.646924,0.499415,-49.086168,-40.310054,-0.576259,-0.646924,0.499415,-127.667579,-35.187859,-0.646924,-0.576259,-0.499415,,,
281,2026-03-04,17:45:28.24,1,3,"Day, Chandler",835661,Left,TEN_VOL,"Day, Lucas",1000218526,Left,OAK_GOL,Undefined,9,Top,0,1,1,Slider,Slider,StrikeCalled,Undefined,Undefined,Undefined,0,0,,80.0146,-0.571178,2.377055,2740.625953,256.253614,2:30,5.55918,-3.11573,5.75112,-40.46526,3.77618,9.42831,1.65488,-0.11593,73.13219,-8.011356,4.063974,0.478725,,,,,,,,,,,,-4.07752,2.54795,2.91261,50,5.48728,-5.1823,-116.05401,-2.46419,-5.51237,23.49409,-28.72947,TEN_VOL,OAK_GOL,LindseyNelsonStadium,D1,SEC,20260304-LindseyNelsonStadium-1,38cb1a80-1824-11f1-bda3-276ded76bcdc,78.73509,,,6.88241,,,,,,,efdb3acd-98ca-462b-a386-93f1bbf9dc13,2026-03-04,23:45:28.24,2026-03-04T17:45:28.2455040-06:00,2026-03-04T23:45:28.2455040Z,,v3,471459,471397,6981f38c47c5403d8cc8c83a27c654da,"Grindlinger, Trent",815821,Right,TEN_VOL,9f404c8d-275e-4e63-858e-5fdaea0c7716,54.74556,-117.01076,11.74704,5.56381,-1.29424,-14.36473,3.11907,-4.95782,-2.75618,,,,,,,,,,,,,,,,,,,,,,,,,,,,,,,,,,,,,,,,,,,,,,,,,,,High,High,High,,,,,,309.319322,-76.461668,641.569148,0.234096,4:15,0.96698,-0.171402,0.188601,-5.594342,22.144716,-52.572373,129.578355,36.805533,0.617122,0.599101,-0.510135,49.585551,38.106294,0.599101,0.617122,0.510135,-49.585551,-38.106294,-0.599101,-0.617122,0.510135,-129.578355,-36.805533,-0.617122,-0.599101,-0.510135,,,
282,2026-03-04,17:45:46.33,1,4,"Day, Chandler",835661,Left,TEN_VOL,"Day, Lucas",1000218526,Left,OAK_GOL,Undefined,9,Top,0,1,2,Fastball,Four-Seam,StrikeSwinging,Strikeout,Undefined,Undefined,0,0,,92.89205,-0.881003,3.603906,2244.956701,151.861042,11:00,5.86417,-2.68087,5.9249,-12.20477,20.87505,-10.48764,4.02795,-0.20641,83.0005,-3.292056,1.726182,0.413955,,,,,,,,,,,,6.51713,11.27942,2.39797,50,5.7866,-7.98,-134.38491,-2.34871,11.67583,34.63548,-11.96626,TEN_VOL,OAK_GOL,LindseyNelsonStadium,D1,SEC,20260304-LindseyNelsonStadium-1,438a4360-1824-11f1-bda3-276ded76bcdc,91.05444,,,9.89155,,,,,,,efdb3acd-98ca-462b-a386-93f1bbf9dc13,2026-03-04,23:45:46.33,2026-03-04T17:45:46.3300000-06:00,2026-03-04T23:45:46.3300000Z,,v3,471459,471397,6981f38c47c5403d8cc8c83a27c654da,"Grindlinger, Trent",815821,Right,TEN_VOL,52dc5a6d-d07e-46ab-b34d-35cc91cf2248,54.56733,-135.55695,17.31774,5.85923,-1.94378,-5.98313,2.67469,-8.3751,5.83792,,,,,,,,,,,,,,,,,,,,,,,,,,,,,69.26407,,1.817805,,-2.09035,3.81981,0.10451,0.75444,5.84525,-0.19073,,,,0.88501,92.71172,-7.00444,5.91062,14.41854,-13.13016,-0.33305,-34.0647,5.69901,High,High,High,,,High,High,Low,150.270724,-15.229584,2166.116035,0.964881,11:00,0.307462,0.482469,-0.820177,-1.560454,-43.955663,59.512211,170.924387,-0.385547,0.157734,-0.006729,-0.987459,0.390435,-9.075406,0.006729,-0.157734,0.987459,-0.390435,9.075406,-0.006729,0.157734,0.987459,-170.924387,0.385547,-0.157734,0.006729,-0.987459,,,
283,2026-03-04,17:48:53.40,2,1,"Deering, Sawyer",838303,Right,TEN_VOL,"Konopiots, Tony",823912,Right,OAK_GOL,Undefined,9,Top,1,0,0,Fastball,Four-Seam,InPlay,Undefined,GroundBall,Out,1,0,,92.33039,-2.434943,-0.978183,1870.374247,201.20498,12:45,5.66367,0.00549,5.67937,-14.3328,19.52328,7.05559,2.1978,-0.31846,82.44066,-5.214925,0.283172,0.418784,95.46466,-8.114779,-20.088664,,,,,18.91756,17.08295,-17.306758,0.124816,-3.93874,11.15658,0.07232,50,5.44998,1.96209,-133.64171,-6.08733,-6.94434,35.54516,-12.5041,TEN_VOL,OAK_GOL,LindseyNelsonStadium,D1,SEC,20260304-LindseyNelsonStadium-1,b306e9a0-1824-11f1-bda3-276ded76bcdc,90.00454,2.47074,,9.88973,,,,1.78702,2.47074,0.32407,efdb3acd-98ca-462b-a386-93f1bbf9dc13,2026-03-04,23:48:53.40,2026-03-04T17:48:53.4041600-06:00,2026-03-04T23:48:53.4041600Z,GroundBall,v3,471459,471397,6981f38c47c5403d8cc8c83a27c654da,"Grindlinger, Trent",815821,Right,TEN_VOL,67f83c87-2235-451d-86a5-aa4e060e96ed,54.81511,-134.91632,17.77258,5.66023,-5.63894,-6.25205,-0.0025,2.21111,-3.47217,180,1.78291,130.3847,,,,,,,,2.47136,-19.7951,,,,,,,,0.32558,-47.68478,,,,,,,,,,,,,,,,,,,,,,,,,,,,,,High,High,High,Low,Medium,,,,200.543718,15.457273,1802.721827,0.963829,12:45,-0.26728,-0.349247,-0.898102,-15.681731,-10.691896,-54.037135,177.505384,9.245719,0.04296,0.160669,-0.986073,9.254338,2.462187,0.160669,0.04296,0.986073,-9.254338,-2.462187,-0.160669,-0.04296,0.986073,-177.505384,-9.245719,-0.04296,-0.160669,-0.986073,69.24083,15.87312,-5.10875
284,2026-03-04,17:49:31.18,3,1,"Deering, Sawyer",838303,Right,TEN_VOL,"Griffith, Sam",1000102182,Right,OAK_GOL,Undefined,9,Top,2,0,0,Fastball,Four-Seam,StrikeCalled,Undefined,Undefined,Undefined,0,0,,93.10236,-1.810415,-1.404194,1916.302114,208.016643,1:00,5.71805,-0.0408,5.45802,-16.27682,17.21918,8.47185,2.66597,-0.64944,83.25668,-4.921595,0.103992,0.416551,,,,,,,,,,,,-4.70095,9.62225,0.1587,50,5.54781,2.89239,-134.72461,-4.77241,-8.45284,35.18395,-14.87218,TEN_VOL,OAK_GOL,LindseyNelsonStadium,D1,SEC,20260304-LindseyNelsonStadium-1,c98ee330-1824-11f1-bda3-276ded76bcdc,90.48701,,,9.84568,,,,,,,efdb3acd-98ca-462b-a386-93f1bbf9dc13,2026-03-04,23:49:31.18,2026-03-04T17:49:31.1886336-06:00,2026-03-04T23:49:31.1886336Z,,v3,471459,471397,6981f38c47c5403d8cc8c83a27c654da,"Grindlinger, Trent",815821,Right,TEN_VOL,ff05edcf-1feb-4ae4-ba8b-63510c5cd92f,55.034,-136.03291,17.59198,5.71499,-4.2194,-7.43609,0.04531,3.20671,-4.22642,,,,,,,,,,,,,,,,,,,,,,,,,,,,,,,,,,,,,,,,,,,,,,,,,,,High,High,High,,,,,,203.708964,14.928344,1851.62454,0.966249,12:45,-0.266814,-0.396465,-0.878422,-17.234767,-7.9964,-47.704413,179.431811,10.438895,0.009752,0.181187,-0.9834,10.439397,0.558785,0.181187,0.009752,0.9834,-10.439397,-0.558785,-0.181187,-0.009752,0.9834,-179.431811,-10.438895,-0.009752,-0.181187,-0.9834,,,
285,2026-03-04,17:49:47.86,3,2,"Deering, Sawyer",838303,Right,TEN_VOL,"Griffith, Sam",1000102182,Right,OAK_GOL,Undefined,9,Top,2,0,1,Curveball,Curveball,BallCalled,Undefined,Undefined,Undefined,0,0,,79.80289,4.180361,0.386898,2682.337621,25.483977,6:45,5.5427,0.06315,5.00051,-62.34401,-15.91524,-8.41268,4.30082,-0.27266,71.54755,-7.10192,-1.097865,0.490416,,,,,,,,,,,,4.23481,-8.6,-0.09329,50,5.89476,-0.40865,-115.33302,6.03127,5.58604,25.58768,-43.51807,TEN_VOL,OAK_GOL,LindseyNelsonStadium,D1,SEC,20260304-LindseyNelsonStadium-1,d3971820-1824-11f1-bda3-276ded76bcdc,76.85802,,,8.25534,,,,,,,efdb3acd-98ca-462b-a386-93f1bbf9dc13,2026-03-04,23:49:47.86,2026-03-04T17:49:47.8645248-06:00,2026-03-04T23:49:47.8645248Z,,v3,471459,471397,6981f38c47c5403d8cc8c83a27c654da,"Grindlinger, Trent",815821,Right,TEN_VOL,50078cb3-d0a4-4b81-9743-350511d59c31,55.49773,-116.54636,12.79384,5.55984,8.09485,-21.75904,-0.06763,-0.67354,2.79302,,,,,,,,,,,,,,,,,,,,,,,,,,,,,,,,,,,,,,,,,,,,,,,,,,,High,High,High,,,,,,25.716214,49.050714,1757.979289,0.655391,6:45,-0.736521,0.338685,0.585517,-66.085334,-23.153039,37.929968,160.331314,6.482708,0.334429,0.112903,-0.935634,6.88064,19.537793,0.112903,0.334429,0.935634,-6.88064,-19.537793,-0.112903,-0.334429,0.935634,-160.331314,-6.482708,-0.334429,-0.112903,-0.935634,,,
286,2026-03-04,17:50:05.53,3,3,"Deering, Sawyer",838303,Right,TEN_VOL,"Griffith, Sam",1000102182,Right,OAK_GOL,Undefined,9,Top,2,1,1,Curveball,Curveball,BallCalled,Undefined,Undefined,Undefined,0,0,,79.45951,3.256784,0.551519,2626.964602,38.674101,7:15,5.48965,0.23361,5.18853,-55.37743,-9.27532,-8.71882,3.94209,0.02589,71.79072,-6.814451,-0.993074,0.488688,,,,,,,,,,,,4.47107,-5.06028,-0.27804,50,5.75056,-0.73677,-115.04035,4.51232,5.9113,24.0141,-38.86438,TEN_VOL,OAK_GOL,LindseyNelsonStadium,D1,SEC,20260304-LindseyNelsonStadium-1,de0ded60-1824-11f1-bda3-276ded76bcdc,77.12985,,,7.66879,,,,,,,efdb3acd-98ca-462b-a386-93f1bbf9dc13,2026-03-04,23:50:05.53,2026-03-04T17:50:05.5302656-06:00,2026-03-04T23:50:05.5302656Z,,v3,471459,471397,6981f38c47c5403d8cc8c83a27c654da,"Grindlinger, Trent",815821,Right,TEN_VOL,5924ab78-faa6-4b27-8fc1-53e65f2b020f,55.30895,-116.14328,12.00705,5.50233,6.2973,-19.43219,-0.23796,-1.00827,2.95565,,,,,,,,,,,,,,,,,,,,,,,,,,,,,,,,,,,,,,,,,,,,,,,,,,,High,High,High,,,,,,26.670551,50.717666,1663.242247,0.633142,7:00,-0.762051,0.327707,0.558468,-84.368066,-17.94884,52.784169,149.259953,1.01152,0.511064,0.017653,-0.859361,1.176833,30.734737,0.017653,0.511064,0.859361,-1.176833,-30.734737,-0.017653,-0.511064,0.859361,-149.259953,-1.01152,-0.511064,-0.017653,-0.859361,,,
287,2026-03-04,17:50:23.99,3,4,"Deering, Sawyer",838303,Right,TEN_VOL,"Griffith, Sam",1000102182,Right,OAK_GOL,Undefined,9,Top,2,2,1,Fastball,Four-Seam,BallCalled,Undefined,Undefined,Undefined,0,0,,90.7435,-2.247005,-2.296798,2048.672263,193.824443,12:30,5.62198,-0.19444,5.52405,-15.50162,19.47371,4.47555,2.22673,-1.96986,81.73434,-5.21567,-1.49994,0.42565,,,,,,,,,,,,-2.96587,10.87296,0.39128,50,5.41633,5.05765,-131.31786,-5.6084,-5.10581,31.47209,-13.45606,TEN_VOL,OAK_GOL,LindseyNelsonStadium,D1,SEC,20260304-LindseyNelsonStadium-1,e90c4220-1824-11f1-bda3-276ded76bcdc,88.55272,,,9.00916,,,,,,,efdb3acd-98ca-462b-a386-93f1bbf9dc13,2026-03-04,23:50:23.99,2026-03-04T17:50:23.9937024-06:00,2026-03-04T23:50:23.9937024Z,,v3,471459,471397,6981f38c47c5403d8cc8c83a27c654da,"Grindlinger, Trent",815821,Right,TEN_VOL,63eaa502-cbf2-4778-99ea-37726fe4daef,54.96842,-132.50325,15.73605,5.61803,-5.10158,-6.72803,0.19717,5.24996,-2.55291,,,,,,,,,,,,,,,,,,,,,,,,,,,,,,,,,,,,,,,,,,,,,,,,,,,High,High,High,,,,,,197.549713,17.032956,1958.81018,0.956136,12:30,-0.317701,-0.29957,-0.899624,-19.706671,-14.592042,-45.962877,166.483197,6.766417,0.232103,0.117822,-0.965529,6.957313,13.420888,0.117822,0.232103,0.965529,-6.957313,-13.420888,-0.117822,-0.232103,0.965529,-166.483197,-6.766417,-0.232103,-0.117822,-0.965529,,,
288,2026-03-04,17:50:43.64,3,5,"Deering, Sawyer",838303,Right,TEN_VOL,"Griffith, Sam",1000102182,Right,OAK_GOL,Undefined,9,Top,2,3,1,Fastball,Four-Seam,InPlay,Undefined,FlyBall,Out,1,0,,91.327,-2.350719,0.343766,2007.774548,198.80561,12:45,5.70292,0.01361,5.57095,-12.65154,21.99415,7.03402,2.45163,0.92088,81.74126,-4.826102,1.59853,0.423639,76.9585,44.887372,-29.715334,,92.74743,88.93508,-59.14281,240.40108,238.26441,-34.810453,5.153752,-3.44099,12.30709,-0.04798,50,5.49269,-1.11422,-132.21499,-5.75382,-5.95645,33.99135,-10.8701,TEN_VOL,OAK_GOL,LindseyNelsonStadium,D1,SEC,20260304-LindseyNelsonStadium-1,f4c24e20-1824-11f1-bda3-276ded76bcdc,88.97298,95.05787,,9.58574,,,,0.91573,2.48994,-0.93452,efdb3acd-98ca-462b-a386-93f1bbf9dc13,2026-03-04,23:50:43.64,2026-03-04T17:50:43.6404224-06:00,2026-03-04T23:50:43.6404224Z,FlyBall,v3,471459,471397,6981f38c47c5403d8cc8c83a27c654da,"Grindlinger, Trent",815821,Right,TEN_VOL,26e02afa-0f40-4ef7-8923-e9a43f214a22,54.92326,-133.47471,16.99568,5.69846,-5.35097,-5.43505,-0.01078,-0.89347,-2.97823,168.377321,0.91844,69.39956,-15.00645,3.44627,-0.53475,0.04439,-0.00033,-0.00011,-0,2.4899,79.64881,-19.56154,1.27323,-0.02582,-0.08274,0.02902,-0.00416,0.00022,-0.93582,-39.61494,5.72539,-1.13379,0.13196,-0.00123,-0.00132,3E-05,1E-05,,,,,,,,,,,,,,,,,,,,,,,High,High,High,High,Medium,,,,203.011608,3.169387,2004.70355,0.99847,12:45,-0.033717,-0.392259,-0.919237,-8.960924,-16.63988,-56.993265,178.045297,-5.054886,0.033977,-0.08811,-0.995531,5.057814,-1.947097,0.08811,-0.033977,0.995531,-5.057814,1.947097,-0.08811,0.033977,0.995531,-178.045297,5.054886,-0.033977,0.08811,-0.995531,,,