PitchNo,Date,Time,PAofInning,PitchofPA,Pitcher,PitcherId,PitcherThrows,PitcherTeam,Batter,BatterId,BatterSide,BatterTeam,PitcherSet,Inning,Top/Bottom,Outs,Balls,Strikes,TaggedPitchType,AutoPitchType,PitchCall,KorBB,TaggedHitType,PlayResult,OutsOnPlay,RunsScored,Notes,RelSpeed,VertRelAngle,HorzRelAngle,SpinRate,SpinAxis,Tilt,RelHeight,RelSide,Extension,VertBreak,InducedVertBreak,HorzBreak,PlateLocHeight,PlateLocSide,ZoneSpeed,VertApprAngle,HorzApprAngle,ZoneTime,ExitSpeed,Angle,Direction,HitSpinRate,PositionAt110X,PositionAt110Y,PositionAt110Z,Distance,LastTrackedDistance,Bearing,HangTime,pfxx,pfxz,x0,y0,z0,vx0,vy0,vz0,ax0,ay0,az0,HomeTeam,AwayTeam,Stadium,Level,League,GameID,PitchUID,EffectiveVelo,MaxHeight,MeasuredDuration,SpeedDrop,PitchLastMeasuredX,PitchLastMeasuredY,PitchLastMeasuredZ,ContactPositionX,ContactPositionY,ContactPositionZ,GameUID,UTCDate,UTCTime,LocalDateTime,UTCDateTime,AutoHitType,System,HomeTeamForeignID,AwayTeamForeignID,GameForeignID,Catcher,CatcherId,CatcherThrows,CatcherTeam,PlayID,PitchTrajectoryXc0,PitchTrajectoryXc1,PitchTrajectoryXc2,PitchTrajectoryYc0,PitchTrajectoryYc1,PitchTrajectoryYc2,PitchTrajectoryZc0,PitchTrajectoryZc1,PitchTrajectoryZc2,HitSpinAxis,HitTrajectoryXc0,HitTrajectoryXc1,HitTrajectoryXc2,HitTrajectoryXc3,HitTrajectoryXc4,HitTrajectoryXc5,HitTrajectoryXc6,HitTrajectoryXc7,HitTrajectoryXc8,HitTrajectoryYc0,HitTrajectoryYc1,HitTrajectoryYc2,HitTrajectoryYc3,HitTrajectoryYc4,HitTrajectoryYc5,HitTrajectoryYc6,HitTrajectoryYc7,HitTrajectoryYc8,HitTrajectoryZc0,HitTrajectoryZc1,HitTrajectoryZc2,HitTrajectoryZc3,HitTrajectoryZc4,HitTrajectoryZc5,HitTrajectoryZc6,HitTrajectoryZc7,HitTrajectoryZc8,ThrowSpeed,PopTime,ExchangeTime,TimeToBase,CatchPositionX,CatchPositionY,CatchPositionZ,ThrowPositionX,ThrowPositionY,ThrowPositionZ,BasePositionX,BasePositionY,BasePositionZ,ThrowTrajectoryXc0,ThrowTrajectoryXc1,ThrowTrajectoryXc2,ThrowTrajectoryYc0,ThrowTrajectoryYc1,ThrowTrajectoryYc2,ThrowTrajectoryZc0,ThrowTrajectoryZc1,ThrowTrajectoryZc2,PitchReleaseConfidence,PitchLocationConfidence,PitchMovementConfidence,HitLaunchConfidence,HitLandingConfidence,CatcherThrowCatchConfidence,CatcherThrowReleaseConfidence,CatcherThrowLocationConfidence,SpinAxis3dTransverseAngle,SpinAxis3dLongitudinalAngle,SpinAxis3dActiveSpinRate,SpinAxis3dSpinEfficiency,SpinAxis3dTilt,SpinAxis3dVectorX,SpinAxis3dVectorY,SpinAxis3dVectorZ,SpinAxis3dSeamOrientationRotationX,SpinAxis3dSeamOrientationRotationY,SpinAxis3dSeamOrientationRotationZ,SpinAxis3dSeamOrientationBallAngleHorizontalAmb1,SpinAxis3dSeamOrientationBallAngleVerticalAmb1,SpinAxis3dSeamOrientationBallXAmb1,SpinAxis3dSeamOrientationBallYAmb1,SpinAxis3dSeamOrientationBallZAmb1,SpinAxis3dSeamOrientationBallAngleHorizontalAmb2,SpinAxis3dSeamOrientationBallAngleVerticalAmb2,SpinAxis3dSeamOrientationBallXAmb2,SpinAxis3dSeamOrientationBallYAmb2,SpinAxis3dSeamOrientationBallZAmb2,SpinAxis3dSeamOrientationBallAngleHorizontalAmb3,SpinAxis3dSeamOrientationBallAngleVerticalAmb3,SpinAxis3dSeamOrientationBallXAmb3,SpinAxis3dSeamOrientationBallYAmb3,SpinAxis3dSeamOrientationBallZAmb3,SpinAxis3dSeamOrientationBallAngleHorizontalAmb4,SpinAxis3dSeamOrientationBallAngleVerticalAmb4,SpinAxis3dSeamOrientationBallXAmb4,SpinAxis3dSeamOrientationBallYAmb4,SpinAxis3dSeamOrientationBallZAmb4,BatSpeed,VerticalAttackAngle,HorizontalAttackAngle
1,2026-03-01,19:50:17.39,1,1,"Sims, Aiden",831365,Right,TEX_AGG,"Hairston, Landon",815408,Left,ARI_SUN,Undefined,1,Top,0,0,0,Fastball,Four-Seam,StrikeCalled,Undefined,Undefined,Undefined,0,0,,95.23612,-2.999897,-3.574942,2506.225142,221.54604,1:30,5.91328,3.25559,5.65589,-12.80178,18.47863,15.45332,2.04077,1.20507,86.76005,-5.452785,-0.820233,0.402539,,,,,,,,,,,,-8.80587,10.50957,-2.9624,50,5.65062,7.88505,-137.86658,-7.61765,-16.92795,30.99645,-11.971,TEX_AGG,ARI_SUN,Arlington,D1,SEC,20260301-Arlington-4,25bf3da0-15da-11f1-8639-131ccc676290,93.6368,,,8.47606,,,,,,,f5a7e556-a2a9-43cd-af52-c62bb86c0341,2026-03-02,01:50:17.39,2026-03-01T19:50:17.3990400-06:00,2026-03-02T01:50:17.3990400Z,,v3,3032,5035,,"Harrison, Connor",1000339305,Right,TEX_AGG,3a6384cb-0b90-49c4-a69d-68faed1e2351,54.84164,-138.95085,15.49823,5.90977,-7.19889,-5.9855,-3.24858,8.4772,-8.46397,,,,,,,,,,,,,,,,,,,,,,,,,,,,,,,,,,,,,,,,,,,,,,,,,,,High,High,High,,,,,,,,,,,,,,,,,,,,,,,,,,,,,,,,,,,,,,,
2,2026-03-01,19:50:31.81,1,2,"Sims, Aiden",831365,Right,TEX_AGG,"Hairston, Landon",815408,Left,ARI_SUN,Undefined,1,Top,0,0,1,Slider,Slider,BallCalled,Undefined,Undefined,Undefined,0,0,,82.31035,-0.256402,-2.18249,2930.599949,69.599249,8:15,5.39466,3.84614,5.47562,-48.97605,-6.4863,-21.31891,1.07323,0.02634,75.11903,-9.146678,-5.979357,0.469152,,,,,,,,,,,,10.06316,-2.77473,-3.63953,50,5.33887,5.42102,-119.36009,-2.28489,14.27932,26.49112,-36.11132,TEX_AGG,ARI_SUN,Arlington,D1,SEC,20260301-Arlington-4,2e628b60-15da-11f1-8639-131ccc676290,80.34167,,,7.19132,,,,,,,f5a7e556-a2a9-43cd-af52-c62bb86c0341,2026-03-02,01:50:31.81,2026-03-01T19:50:31.8124032-06:00,2026-03-02T01:50:31.8124032Z,,v3,3032,5035,,"Harrison, Connor",1000339305,Right,TEX_AGG,9aa1f162-c4d2-4ba6-94d5-56a3c3e8aaed,55.0246,-120.4701,13.24556,5.40291,-0.77178,-18.05566,-3.85414,4.8227,7.13966,,,,,,,,,,,,,,,,,,,,,,,,,,,,,,,,,,,,,,,,,,,,,,,,,,,High,High,High,,,,,,,,,,,,,,,,,,,,,,,,,,,,,,,,,,,,,,,
3,2026-03-01,19:50:46.66,1,3,"Sims, Aiden",831365,Right,TEX_AGG,"Hairston, Landon",815408,Left,ARI_SUN,Undefined,1,Top,0,1,1,ChangeUp,Splitter,StrikeCalled,Undefined,Undefined,Undefined,0,0,,85.62222,0.71221,-4.056546,1043.018714,266.094973,2:45,5.47968,3.54835,5.47578,-36.39581,2.26347,15.96832,3.11484,1.07684,78.59377,-5.947696,-1.220446,0.447505,,,,,,,,,,,,-9.07835,1.33457,-3.20266,50,5.51761,8.11449,-124.1171,0.22025,-14.23661,23.609,-30.08121,TEX_AGG,ARI_SUN,Arlington,D1,SEC,20260301-Arlington-4,37394530-15da-11f1-8639-131ccc676290,84.22792,,,7.02845,,,,,,,f5a7e556-a2a9-43cd-af52-c62bb86c0341,2026-03-02,01:50:46.66,2026-03-01T19:50:46.6616320-06:00,2026-03-02T01:50:46.6616320Z,,v3,3032,5035,,"Harrison, Connor",1000339305,Right,TEX_AGG,dfaabc58-e6aa-4625-a4fc-1d55981a8818,55.02358,-125.06901,11.8045,5.48428,1.43312,-15.0406,-3.54141,8.68851,-7.11831,,,,,,,,,,,,,,,,,,,,,,,,,,,,,,,,,,,,,,,,,,,,,,,,,,,High,High,High,,,,,,,,,,,,,,,,,,,,,,,,,,,,,,,,,,,,,,,
4,2026-03-01,19:51:03.73,1,4,"Sims, Aiden",831365,Right,TEX_AGG,"Hairston, Landon",815408,Left,ARI_SUN,Undefined,1,Top,0,1,2,Slider,Slider,BallCalled,Undefined,Undefined,Undefined,0,0,,82.06955,2.384776,0.198461,2834.271693,78.529466,8:30,5.43565,3.58491,5.24189,-45.69778,-2.75264,-20.7267,3.87006,2.04421,74.41688,-5.957108,-3.476357,0.471659,,,,,,,,,,,,10.30682,-1.60177,-3.58753,50,5.62131,0.48836,-118.95692,3.26701,14.61234,25.07492,-34.44495,TEX_AGG,ARI_SUN,Arlington,D1,SEC,20260301-Arlington-4,41699b90-15da-11f1-8639-131ccc676290,79.91452,,,7.65267,,,,,,,f5a7e556-a2a9-43cd-af52-c62bb86c0341,2026-03-02,01:51:03.73,2026-03-01T19:51:03.7384704-06:00,2026-03-02T01:51:03.7384704Z,,v3,3032,5035,,"Harrison, Connor",1000339305,Right,TEX_AGG,9b44c3ca-a785-413a-8a5d-7a535554e888,55.25636,-120.05979,12.53746,5.44429,4.78201,-17.22248,-3.59487,-0.15434,7.30617,,,,,,,,,,,,,,,,,,,,,,,,,,,,,,,,,,,,,,,,,,,,,,,,,,,High,High,High,,,,,,,,,,,,,,,,,,,,,,,,,,,,,,,,,,,,,,,
5,2026-03-01,19:51:20.72,1,5,"Sims, Aiden",831365,Right,TEX_AGG,"Hairston, Landon",815408,Left,ARI_SUN,Undefined,1,Top,0,2,2,ChangeUp,Splitter,StrikeSwinging,Strikeout,Undefined,Undefined,0,0,,86.09542,-1.3844,-5.950105,1037.523666,276.90185,3:15,5.3644,3.66658,5.54985,-38.53644,-0.12957,10.81237,0.85213,-1.01248,79.30521,-8.387052,-4.034744,0.446042,,,,,,,,,,,,-7.10016,0.62654,-3.15752,50,5.21817,12.52043,-124.43249,-4.41656,-11.17191,24.13176,-31.18824,TEX_AGG,ARI_SUN,Arlington,D1,SEC,20260301-Arlington-4,4b830e90-15da-11f1-8639-131ccc676290,84.50422,,,6.79021,,,,,,,f5a7e556-a2a9-43cd-af52-c62bb86c0341,2026-03-02,01:51:20.72,2026-03-01T19:51:20.7250000-06:00,2026-03-02T01:51:20.7250000Z,,v3,3032,5035,,"Harrison, Connor",1000339305,Right,TEX_AGG,3d93784b-7544-4f99-9b0d-c0867e5ac716,54.95062,-125.38891,12.06588,5.36872,-3.18046,-15.59412,-3.66252,12.96321,-5.58595,,,,,,,,,,,,,,,,,,,,,,,,,,,,,58.40365,,,1.863037,,,,-2.69164,6.50844,5.04916,127.28206,5.97002,-24.55565,-2.4863,77.48587,-4.2605,6.60931,24.6398,-13.44538,4.9213,-20.21479,2.39284,High,High,High,,,High,Medium,Medium,,,,,,,,,,,,,,,,,,,,,,,,,,,,,,,,,,
6,2026-03-01,19:51:51.72,2,1,"Sims, Aiden",831365,Right,TEX_AGG,"Moutzouridis, P.J.",814349,Right,ARI_SUN,Undefined,1,Top,1,0,0,Cutter,Slider,BallCalled,Undefined,Undefined,Undefined,0,0,,89.09599,-1.295876,-4.755234,2740.554372,173.569186,11:45,5.60117,3.31282,5.86514,-30.15143,4.97087,-0.44799,1.8804,-1.15199,82.47508,-6.827709,-4.835156,0.426543,,,,,,,,,,,,-0.96642,3.19272,-2.92651,50,5.47824,10.75836,-129.10474,-3.98577,-1.64664,24.48937,-26.7342,TEX_AGG,ARI_SUN,Arlington,D1,SEC,20260301-Arlington-4,5e002e40-15da-11f1-8639-131ccc676290,88.36723,,,6.62091,,,,,,,f5a7e556-a2a9-43cd-af52-c62bb86c0341,2026-03-02,01:51:51.72,2026-03-01T19:51:51.7211648-06:00,2026-03-02T01:51:51.7211648Z,,v3,3032,5035,,"Harrison, Connor",1000339305,Right,TEX_AGG,72ba7469-fb66-48b1-912b-9a23075169c7,54.63376,-129.98073,12.24469,5.60371,-3.02948,-13.3671,-3.31239,10.81726,-0.82332,,,,,,,,,,,,,,,,,,,,,,,,,,,,,,,,,,,,,,,,,,,,,,,,,,,High,High,High,,,,,,,,,,,,,,,,,,,,,,,,,,,,,,,,,,,,,,,
7,2026-03-01,19:52:05.90,2,2,"Sims, Aiden",831365,Right,TEX_AGG,"Moutzouridis, P.J.",814349,Right,ARI_SUN,Undefined,1,Top,1,1,0,Fastball,Four-Seam,InPlay,Undefined,Popup,Out,1,0,,94.86108,-2.165442,-3.64832,2505.672752,216.733761,1:15,5.89866,3.33764,5.62441,-10.88347,20.6258,14.62017,2.96597,1.14699,86.38049,-4.281011,-1.044695,0.404008,61.82374,48.224386,-32.862443,3343.970454,86.96112,69.10233,-67.36285,186.00847,182.24232,-38.64984,4.371433,-8.46406,11.38768,-3.03615,50,5.70707,8.08946,-137.42587,-5.50444,-16.16964,30.75186,-10.41915,TEX_AGG,ARI_SUN,Arlington,D1,SEC,20260301-Arlington-4,6670d340-15da-11f1-8639-131ccc676290,93.29616,69.86166,,8.48059,,,,1.24371,2.9217,-1.12923,f5a7e556-a2a9-43cd-af52-c62bb86c0341,2026-03-02,01:52:05.90,2026-03-01T19:52:05.9094528-06:00,2026-03-02T01:52:05.9094528Z,Popup,v3,3032,5035,,"Harrison, Connor",1000339305,Right,TEX_AGG,eee9a4a9-0e19-4097-ad06-fc816a040e3f,54.87448,-138.51234,15.37593,5.89504,-5.13633,-5.20958,-3.33205,8.66073,-8.08482,158.31982,1.24466,50.70614,-9.56542,1.86437,0.30789,-0.41884,0.14701,-0.02309,0.00138,2.91804,67.71181,-19.43375,2.09706,-0.97854,0.38705,-0.08432,0.00898,-0.00037,-1.12904,-32.78312,2.30778,-0.29138,0.05561,-0.02036,0.00522,-0.00063,3E-05,,,,,,,,,,,,,,,,,,,,,,,High,High,High,High,High,,,,,,,,,,,,,,,,,,,,,,,,,,,,,,,,,,,,,
8,2026-03-01,19:52:46.63,3,1,"Sims, Aiden",831365,Right,TEX_AGG,"Toigo, Dean",831025,Left,ARI_SUN,Undefined,1,Top,2,0,0,Slider,Slider,StrikeSwinging,Undefined,Undefined,Undefined,0,0,,82.5546,-0.037002,-2.954259,2970.925537,71.942342,8:30,5.45473,3.66293,5.21239,-48.66101,-5.9528,-22.65899,1.36481,-1.00576,75.36811,-8.823061,-6.961376,0.470356,,,,,,,,,,,,10.38796,-2.55583,-3.37203,50,5.41477,7.12766,-119.59173,-1.87868,14.80314,26.51263,-35.81617,TEX_AGG,ARI_SUN,Arlington,D1,SEC,20260301-Arlington-4,7ebd8740-15da-11f1-8639-131ccc676290,80.1359,,,7.1865,,,,,,,f5a7e556-a2a9-43cd-af52-c62bb86c0341,2026-03-02,01:52:46.63,2026-03-01T19:52:46.6323456-06:00,2026-03-02T01:52:46.6323456Z,,v3,3032,5035,,"Harrison, Connor",1000339305,Right,TEX_AGG,21eea480-0aba-4c70-b653-6c6ea058280c,55.28789,-120.75833,13.25632,5.46276,-0.30271,-17.90808,-3.67133,6.4763,7.40157,,,,,,,,,,,,,,,,,,,,,,,,,,,,,,,,,,,,,,,,,,,,,,,,,,,High,High,High,,,,,,,,,,,,,,,,,,,,,,,,,,,,,,,,,,,,,,,
9,2026-03-01,19:53:00.68,3,2,"Sims, Aiden",831365,Right,TEX_AGG,"Toigo, Dean",831025,Left,ARI_SUN,Undefined,1,Top,2,0,1,ChangeUp,Splitter,FoulBallNotFieldable,Undefined,Undefined,Undefined,0,0,,85.91178,0.508362,-4.722692,1276.16701,277.908957,3:15,5.40766,3.75571,5.57107,-38.8466,-0.65854,12.75418,2.64692,0.39721,79.22409,-6.578128,-2.456552,0.44477,,,,,,,,,,,,-7.71185,-0.17921,-3.35685,50,5.42564,9.76329,-124.52173,-0.291,-12.20943,23.05135,-32.45776,TEX_AGG,ARI_SUN,Arlington,D1,SEC,20260301-Arlington-4,87165e80-15da-11f1-8639-131ccc676290,84.74597,,,6.68769,,,,,,,f5a7e556-a2a9-43cd-af52-c62bb86c0341,2026-03-02,01:53:00.68,2026-03-01T19:53:00.6870528-06:00,2026-03-02T01:53:00.6870528Z,,v3,3032,5035,,"Harrison, Connor",1000339305,Right,TEX_AGG,f56c8c4d-d9bd-48dc-be29-622a7f2a1828,54.9304,-125.43112,11.52567,5.41186,0.98948,-16.22888,-3.75152,10.24496,-6.10472,,,,,,,,,,,,,,,,,,,,,,,,,,,,,,,,,,,,,,,,,,,,,,,,,,,High,High,High,,,,,,,,,,,,,,,,,,,,,,,,,,,,,,,,,,,,,,,
10,2026-03-01,19:53:23.23,3,3,"Sims, Aiden",831365,Right,TEX_AGG,"Toigo, Dean",831025,Left,ARI_SUN,Undefined,1,Top,2,0,2,ChangeUp,Splitter,FoulBallNotFieldable,Undefined,Undefined,Undefined,0,0,,85.27278,-0.249476,-3.624756,1079.802529,253.037705,2:30,5.4094,3.81647,5.47155,-34.09108,4.97855,12.31587,2.33454,1.44619,78.16948,-6.501509,-1.435638,0.449874,65.70381,40.337486,-165.009664,3879.03247,,,,,44.12544,,,-7.22658,2.92835,-3.50633,50,5.3641,7.31508,-123.63343,-1.75108,-11.20303,24.28075,-27.63437,TEX_AGG,ARI_SUN,Arlington,D1,SEC,20260301-Arlington-4,948a9540-15da-11f1-8639-131ccc676290,83.78443,31.0766,,7.1033,,,,1.58095,2.38354,-1.4493,f5a7e556-a2a9-43cd-af52-c62bb86c0341,2026-03-02,01:53:23.23,2026-03-01T19:53:23.2371200-06:00,2026-03-02T01:53:23.2371200Z,,v3,3032,5035,,"Harrison, Connor",1000339305,Right,TEX_AGG,fb651d36-dcd3-4250-807f-8dbb3aec5318,55.02778,-124.61694,12.14037,5.41236,-0.63173,-13.81719,-3.81182,7.76887,-5.60151,359.635337,1.58095,-70.95438,2.99679,0.08417,-0.08568,0.03435,-0.00921,0.00278,-0.00053,2.38354,62.37624,-28.9986,3.74328,-0.82588,0.17131,-0.03789,0.00848,-0.00133,-1.4493,-18.99934,0.86374,-0.20651,0.04602,-0.01056,0.00261,-0.00087,0.00023,,,,,,,,,,,,,,,,,,,,,,,High,High,High,High,Undefined,,,,,,,,,,,,,,,,,,,,,,,,,,,,,,,,,,,,,
11,2026-03-01,19:53:43.58,3,4,"Sims, Aiden",831365,Right,TEX_AGG,"Toigo, Dean",831025,Left,ARI_SUN,Undefined,1,Top,2,0,2,Slider,Slider,StrikeCalled,Strikeout,Undefined,Undefined,0,0,,83.99543,1.520988,-1.206599,2808.26504,81.281994,8:45,5.40356,3.53791,4.97132,-43.10487,-1.76795,-20.41899,3.24878,0.69648,76.45899,-6.295724,-4.806486,0.462744,,,,,,,,,,,,9.67642,-0.88925,-3.40401,50,5.51549,3.48521,-121.7503,1.55978,14.39485,25.89262,-33.49689,TEX_AGG,ARI_SUN,Arlington,D1,SEC,20260301-Arlington-4,a0b953b0-15da-11f1-8639-131ccc676290,81.45426,,,7.53643,,,,,,,f5a7e556-a2a9-43cd-af52-c62bb86c0341,2026-03-02,01:53:43.58,2026-03-01T19:53:43.5884544-06:00,2026-03-02T01:53:43.5884544Z,,v3,3032,5035,,"Harrison, Connor",1000339305,Right,TEX_AGG,0ed6f0b2-3aa0-48ea-a1ce-6446d985a327,55.52724,-122.92015,12.94631,5.41083,3.07321,-16.74845,-3.54679,2.83484,7.19742,,,,,,,,,,,,,,,,,,,,,,,,,,,,,,,,,,,,,,,,,,,,,,,,,,,High,High,High,,,,,,,,,,,,,,,,,,,,,,,,,,,,,,,,,,,,,,,
12,2026-03-01,19:56:22.99,1,1,"Alba, Jaden",814835,Right,ARI_SUN,"Kiel II, Terrence",10069127,Right,TEX_AGG,Undefined,1,Bottom,0,0,0,Fastball,Four-Seam,BallCalled,Undefined,Undefined,Undefined,0,0,,93.2459,-2.86436,-3.350867,2337.646215,200.634586,12:45,5.4819,1.56175,6.9361,-12.32646,18.56332,6.62819,1.84078,-0.9395,85.49827,-5.273399,-2.140674,0.400017,,,,,,,,,,,,-4.42646,10.9517,-1.35458,50,5.29797,7.67272,-135.34883,-7.03975,-8.23387,28.77664,-11.80229,TEX_AGG,ARI_SUN,Arlington,D1,SEC,20260301-Arlington-4,ffa763d0-15da-11f1-8639-131ccc676290,94.22707,,,7.74763,,,,,,,f5a7e556-a2a9-43cd-af52-c62bb86c0341,2026-03-02,01:56:22.99,2026-03-01T19:56:22.9923840-06:00,2026-03-02T01:56:22.9923840Z,,v3,3032,5035,,"Niclai, Coen",815515,Right,ARI_SUN,4fbe42db-8006-4bc0-9083-c8188b21d9a0,53.562,-136.10404,14.38832,5.47866,-6.73002,-5.90115,-1.55878,7.88881,-4.11693,,,,,,,,,,,,,,,,,,,,,,,,,,,,,,,,,,,,,,,,,,,,,,,,,,,High,High,High,,,,,,,,,,,,,,,,,,,,,,,,,,,,,,,,,,,,,,,
13,2026-03-01,19:56:41.25,1,2,"Alba, Jaden",814835,Right,ARI_SUN,"Kiel II, Terrence",10069127,Right,TEX_AGG,Undefined,1,Bottom,0,1,0,Fastball,Four-Seam,StrikeCalled,Undefined,Undefined,Undefined,0,0,,93.42695,-2.33962,-3.381124,2364.483843,200.217717,12:45,5.48392,1.75068,6.95392,-13.80544,16.90761,5.87894,2.19967,-0.83959,85.70832,-5.018596,-2.307406,0.398871,,,,,,,,,,,,-4.03303,9.92772,-1.54242,50,5.33316,7.79185,-135.66913,-5.86471,-7.54114,28.78171,-13.61079,TEX_AGG,ARI_SUN,Arlington,D1,SEC,20260301-Arlington-4,0a8b79d0-15db-11f1-8639-131ccc676290,94.49776,,,7.71864,,,,,,,f5a7e556-a2a9-43cd-af52-c62bb86c0341,2026-03-02,01:56:41.25,2026-03-01T19:56:41.2546560-06:00,2026-03-02T01:56:41.2546560Z,,v3,3032,5035,,"Niclai, Coen",815515,Right,ARI_SUN,6664adb5-1d19-40f5-9cb8-89ecdab70a73,53.54409,-136.41892,14.39086,5.48132,-5.51014,-6.8054,-1.74797,7.9883,-3.77057,,,,,,,,,,,,,,,,,,,,,,,,,,,,,,,,,,,,,,,,,,,,,,,,,,,High,High,High,,,,,,,,,,,,,,,,,,,,,,,,,,,,,,,,,,,,,,,
14,2026-03-01,19:57:00.96,1,3,"Alba, Jaden",814835,Right,ARI_SUN,"Kiel II, Terrence",10069127,Right,TEX_AGG,Undefined,1,Bottom,0,1,1,Sinker,Four-Seam,FoulBallNotFieldable,Undefined,Undefined,Undefined,0,0,,94.63628,-1.60415,-3.686296,2299.987802,222.938087,1:30,5.35032,1.9219,6.81623,-16.80462,13.27072,11.49138,2.483,-0.48828,86.77586,-4.823428,-1.592979,0.394709,,,,,,,,,,,,-7.04926,7.74512,-1.68766,50,5.24016,8.39821,-137.42636,-4.30683,-13.5307,29.40505,-17.30769,TEX_AGG,ARI_SUN,Arlington,D1,SEC,20260301-Arlington-4,164e08f0-15db-11f1-8639-131ccc676290,95.49435,,,7.86042,,,,,,,f5a7e556-a2a9-43cd-af52-c62bb86c0341,2026-03-02,01:57:00.96,2026-03-01T19:57:00.9656320-06:00,2026-03-02T01:57:00.9656320Z,,v3,3032,5035,,"Niclai, Coen",815515,Right,ARI_SUN,fece262f-d7ac-47a3-9378-cbe0c52b5604,53.68203,-138.21195,14.70252,5.34905,-3.84444,-8.65385,-1.91685,8.7597,-6.76535,,,,,,,,,,,,,,,,,,,,,,,,,,,,,,,,,,,,,,,,,,,,,,,,,,,High,High,High,,,,,,,,,,,,,,,,,,,,,,,,,,,,,,,,,,,,,,,
15,2026-03-01,19:57:25.40,1,4,"Alba, Jaden",814835,Right,ARI_SUN,"Kiel II, Terrence",10069127,Right,TEX_AGG,Undefined,1,Bottom,0,1,2,Slider,Slider,BallinDirt,Undefined,Undefined,Undefined,0,0,,84.4992,-2.20255,-3.691798,2582.6434,60.986798,8:00,5.41707,1.50286,6.18196,-42.15305,-3.5891,-8.39347,-0.13477,-2.61036,78.79207,-9.88547,-5.204627,0.446953,,,,,,,,,,,,3.44146,-1.03642,-1.21951,50,5.22871,8.2195,-122.65795,-6.08566,5.2753,22.85809,-33.76275,TEX_AGG,ARI_SUN,Arlington,D1,SEC,20260301-Arlington-4,24e00bc0-15db-11f1-8639-131ccc676290,84.33195,,,5.70712,,,,,,,f5a7e556-a2a9-43cd-af52-c62bb86c0341,2026-03-02,01:57:25.40,2026-03-01T19:57:25.4080512-06:00,2026-03-02T01:57:25.4080512Z,,v3,3032,5035,,"Niclai, Coen",815515,Right,ARI_SUN,d473bf47-bddd-47b0-92c3-e359edd3f8cb,54.32007,-123.46039,11.42904,5.42155,-4.9004,-16.88138,-1.50481,8.03431,2.63765,,,,,,,,,,,,,,,,,,,,,,,,,,,,,,,,,,,,,,,,,,,,,,,,,,,High,High,High,,,,,,,,,,,,,,,,,,,,,,,,,,,,,,,,,,,,,,,
16,2026-03-01,19:57:47.54,1,5,"Alba, Jaden",814835,Right,ARI_SUN,"Kiel II, Terrence",10069127,Right,TEX_AGG,Undefined,1,Bottom,0,2,2,Slider,Slider,BallCalled,Undefined,Undefined,Undefined,0,0,,83.71956,-0.562037,-3.234864,2422.765975,91.889414,9:00,5.30465,1.97571,6.19993,-37.96813,1.42193,-7.36355,1.62098,-1.62719,77.19939,-7.568167,-4.561429,0.451715,,,,,,,,,,,,2.92075,1.2776,-1.72882,50,5.24349,7.14925,-121.55304,-2.40106,4.37518,23.55238,-30.26026,TEX_AGG,ARI_SUN,Arlington,D1,SEC,20260301-Arlington-4,321d5400-15db-11f1-8639-131ccc676290,83.44291,,,6.52018,,,,,,,f5a7e556-a2a9-43cd-af52-c62bb86c0341,2026-03-02,01:57:47.54,2026-03-01T19:57:47.5414528-06:00,2026-03-02T01:57:47.5414528Z,,v3,3032,5035,,"Niclai, Coen",815515,Right,ARI_SUN,223500b6-370e-4e22-9a0e-e49d4b60778f,54.2988,-122.38315,11.77619,5.30932,-1.33452,-15.13013,-1.97808,6.99504,2.18759,,,,,,,,,,,,,,,,,,,,,,,,,,,,,,,,,,,,,,,,,,,,,,,,,,,High,High,High,,,,,,,,,,,,,,,,,,,,,,,,,,,,,,,,,,,,,,,
17,2026-03-01,19:58:09.70,1,6,"Alba, Jaden",814835,Right,ARI_SUN,"Kiel II, Terrence",10069127,Right,TEX_AGG,Undefined,1,Bottom,0,3,2,Fastball,Four-Seam,FoulBallNotFieldable,Undefined,Undefined,Undefined,0,0,,93.23786,-2.024969,-3.19173,2370.796009,201.481141,12:45,5.33784,1.92432,6.83423,-12.9428,18.21572,6.76685,2.40882,-0.42572,84.94031,-4.558665,-1.958294,0.401754,74.11349,25.181635,159.726001,3332.900542,,,,,44.34962,,,-4.51835,10.56453,-1.72172,50,5.20255,7.28793,-135.35909,-5.07723,-8.3495,30.6479,-12.6518,TEX_AGG,ARI_SUN,Arlington,D1,SEC,20260301-Arlington-4,3f467800-15db-11f1-8639-131ccc676290,93.81973,19.66869,,8.29755,,,,1.0082,2.39436,0.41888,f5a7e556-a2a9-43cd-af52-c62bb86c0341,2026-03-02,01:58:09.70,2026-03-01T19:58:09.7085952-06:00,2026-03-02T01:58:09.7085952Z,,v3,3032,5035,,"Niclai, Coen",815515,Right,ARI_SUN,fc20182c-9691-4bcd-9047-4ff5aa2921bb,53.66373,-136.1861,15.32395,5.33495,-4.73583,-6.3259,-1.92142,7.51324,-4.17475,288.98752,1.00578,-92.20909,6.74808,,,,,,,2.40469,45.96352,-21.15968,,,,,,,0.43127,33.7408,-9.73315,,,,,,,,,,,,,,,,,,,,,,,,,,,,,High,High,High,High,Undefined,,,,,,,,,,,,,,,,,,,,,,,,,,,,,,,,,,,,,
18,2026-03-01,19:58:38.52,1,7,"Alba, Jaden",814835,Right,ARI_SUN,"Kiel II, Terrence",10069127,Right,TEX_AGG,Undefined,1,Bottom,0,3,2,Sinker,Sinker,BallCalled,Walk,Undefined,Undefined,0,0,,92.74843,-2.618947,-3.775446,2402.126525,232.580298,1:45,5.28646,1.82686,6.89836,-19.99666,11.69489,13.82946,1.22761,-0.46474,84.05589,-6.448867,-1.250861,0.405176,,,,,,,,,,,,-8.4828,7.36205,-1.59261,50,5.11385,8.33199,-134.44134,-6.6993,-15.35091,32.20539,-18.85129,TEX_AGG,ARI_SUN,Arlington,D1,SEC,20260301-Arlington-4,50740d40-15db-11f1-8639-131ccc676290,93.02742,,,8.69253,,,,,,,f5a7e556-a2a9-43cd-af52-c62bb86c0341,2026-03-02,01:58:38.52,2026-03-01T19:58:38.5239552-06:00,2026-03-02T01:58:38.5239552Z,,v3,3032,5035,,"Niclai, Coen",815515,Right,ARI_SUN,03ed7358-f093-4a09-9453-79721ac57535,53.59839,-135.30059,16.10269,5.28588,-6.19634,-9.42565,-1.82037,8.74156,-7.67545,,,,,,,,,,,,,,,,,,,,,,,,,,,,,,,,,,,,,,,,,,,,,,,,,,,High,High,High,,,,,,,,,,,,,,,,,,,,,,,,,,,,,,,,,,,,,,,
19,2026-03-01,19:59:14.20,2,1,"Alba, Jaden",814835,Right,ARI_SUN,"Sorrell, Caden",811294,Left,TEX_AGG,Undefined,1,Bottom,0,0,0,Curveball,Curveball,StrikeCalled,Undefined,Undefined,Undefined,0,0,,74.18189,1.983846,-1.266716,2177.652877,33.582847,7:00,5.45635,1.60802,5.88384,-65.56543,-13.51331,-10.2815,1.83597,-0.42525,66.90643,-10.059377,-3.115391,0.519267,,,,,,,,,,,,4.77622,-6.98398,-1.50001,50,5.57953,2.75083,-107.53526,1.68439,5.43705,23.48411,-40.12432,TEX_AGG,ARI_SUN,Arlington,D1,SEC,20260301-Arlington-4,65c6e230-15db-11f1-8639-131ccc676290,72.5878,,,7.27545,,,,,,,f5a7e556-a2a9-43cd-af52-c62bb86c0341,2026-03-02,01:59:14.20,2026-03-01T19:59:14.2050304-06:00,2026-03-02T01:59:14.2050304Z,,v3,3032,5035,,"Niclai, Coen",815515,Right,ARI_SUN,264b5d4b-7e24-41f2-9324-97f5da534a77,54.61547,-108.53853,11.74205,5.47095,3.39855,-20.06216,-1.61256,2.51855,2.71852,,,,,,,,,,,,,,,,,,,,,,,,,,,,,,,,,,,,,,,,,,,,,,,,,,,High,High,High,,,,,,,,,,,,,,,,,,,,,,,,,,,,,,,,,,,,,,,
20,2026-03-01,20:00:16.21,2,2,"Alba, Jaden",814835,Right,ARI_SUN,"Sorrell, Caden",811294,Left,TEX_AGG,Undefined,1,Bottom,0,0,1,Fastball,Four-Seam,BallCalled,Undefined,Undefined,Undefined,0,0,,93.74599,-0.938294,-2.006139,2517.793478,181.329485,12:00,5.69214,1.40391,6.69251,-12.74552,18.36469,0.4015,3.77134,-0.39799,84.84818,-3.444734,-1.933061,0.401442,,,,,,,,,,,,-0.82528,10.24882,-1.27046,50,5.6239,4.75188,-136.13354,-2.50327,-1.53327,32.65925,-13.13246,TEX_AGG,ARI_SUN,Arlington,D1,SEC,20260301-Arlington-4,8aaf6e50-15db-11f1-8639-131ccc676290,93.89264,,,8.89782,,,,,,,f5a7e556-a2a9-43cd-af52-c62bb86c0341,2026-03-02,02:00:16.21,2026-03-01T20:00:16.2102272-06:00,2026-03-02T02:00:16.2102272Z,,v3,3032,5035,,"Niclai, Coen",815515,Right,ARI_SUN,22ae67e2-b39a-4027-8d48-2d07c4483844,53.80223,-137.04268,16.32962,5.68849,-2.1377,-6.56623,-1.40333,4.79456,-0.76664,,,,,,,,,,,,,,,,,,,,,,,,,,,,,,,,,,,,,,,,,,,,,,,,,,,High,High,High,,,,,,,,,,,,,,,,,,,,,,,,,,,,,,,,,,,,,,,
21,2026-03-01,20:01:11.52,2,3,"Alba, Jaden",814835,Right,ARI_SUN,"Sorrell, Caden",811294,Left,TEX_AGG,Undefined,1,Bottom,0,1,1,Fastball,Four-Seam,FoulBallNotFieldable,Undefined,Undefined,Undefined,0,0,,93.54757,-2.88398,-2.461543,2521.857835,181.39599,12:00,5.56331,1.46202,6.90356,-10.0256,21.08198,0.48709,2.09642,-0.74077,84.65197,-4.897253,-2.372594,0.401425,82.01509,79.491873,-48.631913,2616.422278,,,,,6.14154,,,-1.03075,12.44036,-1.3073,50,5.3774,5.81575,-135.72397,-7.00346,-1.89925,33.08056,-9.25128,TEX_AGG,ARI_SUN,Arlington,D1,SEC,20260301-Arlington-4,aba0f6b0-15db-11f1-8639-131ccc676290,93.89658,31.03876,,8.89561,,,,1.69777,2.08534,0.72753,f5a7e556-a2a9-43cd-af52-c62bb86c0341,2026-03-02,02:01:11.52,2026-03-01T20:01:11.5218944-06:00,2026-03-02T02:01:11.5218944Z,,v3,3032,5035,,"Niclai, Coen",815515,Right,ARI_SUN,39e4186f-0c72-4414-92c2-74c3aae41281,53.59321,-136.59695,16.54028,5.559,-6.75932,-4.62564,-1.46144,5.86587,-0.94963,167.508477,1.70118,14.32532,-9.99344,,,,,,,2.08902,118.08511,-30.1274,,,,,,,0.72923,-16.5503,-3.48376,,,,,,,,,,,,,,,,,,,,,,,,,,,,,High,High,High,Low,Undefined,,,,,,,,,,,,,,,,,,,,,,,,,,,,,,,,,,,,,
22,2026-03-01,20:01:52.66,2,4,"Alba, Jaden",814835,Right,ARI_SUN,"Sorrell, Caden",811294,Left,TEX_AGG,Undefined,1,Bottom,0,1,2,Fastball,Four-Seam,InPlay,Undefined,FlyBall,HomeRun,0,2,,93.04678,-1.731584,-1.214695,2415.121927,193.736381,12:30,5.71905,1.39819,6.74677,-13.14009,17.96863,4.16036,3.04132,0.63504,85.32639,-4.286164,-0.455957,0.401432,100.16467,28.867863,-29.605003,3781.001007,90.98636,56.84788,-61.81762,379.59218,317.18206,-43.052615,4.880081,-2.53083,10.27229,-1.3199,50,5.59983,2.70885,-135.33515,-4.39714,-4.70695,28.76133,-13.06928,TEX_AGG,ARI_SUN,Arlington,D1,SEC,20260301-Arlington-4,c42a6590-15db-11f1-8639-131ccc676290,93.89487,79.87548,,7.72038,,,,0.40614,3.0575,-0.64513,f5a7e556-a2a9-43cd-af52-c62bb86c0341,2026-03-02,02:01:52.66,2026-03-01T20:01:52.6699008-06:00,2026-03-02T02:01:52.6699008Z,FlyBall,v3,3032,5035,,"Niclai, Coen",815515,Right,ARI_SUN,a6d64a6e-77bd-4441-b168-9ef58a53da18,53.7517,-136.13012,14.38067,5.71638,-4.0359,-6.53464,-1.39657,2.83895,-2.35347,139.169457,0.4076,111.83574,-26.87191,6.87952,-1.48008,0.27296,-0.04539,0.00566,-0.00032,3.05956,70.87015,-17.38179,-0.09637,0.63476,-0.29826,0.07683,-0.01003,0.00052,-0.64573,-63.54094,1.83894,0.874,-0.46906,0.13363,-0.02367,0.00229,-9E-05,,,,,,,,,,,,,,,,,,,,,,,High,High,High,High,Medium,,,,,,,,,,,,,,,,,,,,,,,,,,,,,,,,,,,,,
23,2026-03-01,20:02:55.82,3,1,"Alba, Jaden",814835,Right,ARI_SUN,"Grahovac, Gavin",800606,Right,TEX_AGG,Undefined,1,Bottom,0,0,0,Curveball,Curveball,StrikeSwinging,Undefined,Undefined,Undefined,0,0,,73.95428,2.467875,-0.963323,2244.804039,34.045059,7:15,5.50318,1.70373,6.44879,-66.86504,-15.6369,-11.8654,2.20018,-0.17019,66.71692,-9.938861,-3.119646,0.51514,,,,,,,,,,,,5.78398,-8.3193,-1.63099,50,5.65054,2.21084,-107.3216,2.69515,6.55712,23.41617,-41.60537,TEX_AGG,ARI_SUN,Arlington,D1,SEC,20260301-Arlington-4,e9e42460-15db-11f1-8639-131ccc676290,73.16925,,,7.23736,,,,,,,f5a7e556-a2a9-43cd-af52-c62bb86c0341,2026-03-02,02:02:55.82,2026-03-01T20:02:55.8277632-06:00,2026-03-02T02:02:55.8277632Z,,v3,3032,5035,,"Niclai, Coen",815515,Right,ARI_SUN,08163226-4e1d-4e3f-a968-0ec4f1cfc60d,54.05125,-108.20192,11.70809,5.51982,4.25928,-20.80269,-1.70947,1.96433,3.27856,,,,,,,,,,,,,,,,,,,,,,,,,,,,,,,,,,,,,,,,,,,,,,,,,,,High,High,High,,,,,,,,,,,,,,,,,,,,,,,,,,,,,,,,,,,,,,,
24,2026-03-01,20:03:14.36,3,2,"Alba, Jaden",814835,Right,ARI_SUN,"Grahovac, Gavin",800606,Right,TEX_AGG,Undefined,1,Bottom,0,0,1,Slider,Slider,BallCalled,Undefined,Undefined,Undefined,0,0,,84.47711,-0.013953,-2.705832,2742.474917,67.211027,8:15,5.27412,1.92575,6.07624,-41.19168,-2.47827,-8.55658,1.82856,-1.29274,78.11057,-7.580311,-4.245296,0.447819,,,,,,,,,,,,3.70524,-0.94079,-1.71189,50,5.25115,6.12957,-122.76007,-1.39469,5.67648,23.40332,-33.61533,TEX_AGG,ARI_SUN,Arlington,D1,SEC,20260301-Arlington-4,f4e3b1a0-15db-11f1-8639-131ccc676290,84.16897,,,6.36654,,,,,,,f5a7e556-a2a9-43cd-af52-c62bb86c0341,2026-03-02,02:03:14.36,2026-03-01T20:03:14.3624704-06:00,2026-03-02T02:03:14.3624704Z,,v3,3032,5035,,"Niclai, Coen",815515,Right,ARI_SUN,cbce89b2-d723-49db-87d5-9b47af18ead9,54.42424,-123.60064,11.70166,5.27956,-0.18733,-16.80767,-1.92839,5.92569,2.83824,,,,,,,,,,,,,,,,,,,,,,,,,,,,,,,,,,,,,,,,,,,,,,,,,,,High,High,High,,,,,,,,,,,,,,,,,,,,,,,,,,,,,,,,,,,,,,,
25,2026-03-01,20:03:31.98,3,3,"Alba, Jaden",814835,Right,ARI_SUN,"Grahovac, Gavin",800606,Right,TEX_AGG,Undefined,1,Bottom,0,1,1,Curveball,Curveball,InPlay,Undefined,GroundBall,Out,1,0,,73.79462,2.36677,-0.546396,2177.184886,41.951201,7:30,5.4998,1.53183,6.40647,-64.42303,-13.08607,-13.44835,2.30878,-0.09128,66.75324,-9.584428,-2.988067,0.515687,49.01574,-59.922953,9.740654,,,,,4.57675,4.57675,3.235555,0.041247,6.85398,-7.18386,-1.48683,50,5.6405,1.46272,-107.13923,2.61896,7.77079,22.75347,-40.31886,TEX_AGG,ARI_SUN,Arlington,D1,SEC,20260301-Arlington-4,ff6b01a0-15db-11f1-8639-131ccc676290,73.09165,2.5861,,7.04138,,,,3.09332,2.5861,0.00492,f5a7e556-a2a9-43cd-af52-c62bb86c0341,2026-03-02,02:03:31.98,2026-03-01T20:03:31.9877120-06:00,2026-03-02T02:03:31.9877120Z,GroundBall,v3,3032,5035,,"Niclai, Coen",815515,Right,ARI_SUN,ac763391-d50d-4dca-8bda-d56fad1e5f47,54.09474,-108.00534,11.37674,5.5116,4.1537,-20.15943,-1.53688,1.16693,3.88539,,3.09148,35.78741,,,,,,,,2.58934,-62.69743,,,,,,,,0.0046,6.14339,,,,,,,,,,,,,,,,,,,,,,,,,,,,,,High,High,High,Estimated,Estimated,,,,,,,,,,,,,,,,,,,,,,,,,,,,,,,,,,,,,
26,2026-03-01,20:04:08.84,4,1,"Alba, Jaden",814835,Right,ARI_SUN,"Duer, Jake",808786,Left,TEX_AGG,Undefined,1,Bottom,1,0,0,Curveball,Curveball,BallCalled,Undefined,Undefined,Undefined,0,0,,74.82365,3.387487,0.558174,2258.435973,51.170414,7:45,5.52158,1.8422,6.08044,-62.21834,-11.92646,-16.99859,3.47457,0.94209,67.79813,-8.094459,-2.505412,0.510411,,,,,,,,,,,,8.83926,-6.57229,-1.87697,50,5.75187,-0.44244,-108.52822,4.51519,10.37354,21.83246,-39.88712,TEX_AGG,ARI_SUN,Arlington,D1,SEC,20260301-Arlington-4,15684760-15dc-11f1-8639-131ccc676290,73.84718,,,7.02551,,,,,,,f5a7e556-a2a9-43cd-af52-c62bb86c0341,2026-03-02,02:04:08.84,2026-03-01T20:04:08.8453120-06:00,2026-03-02T02:04:08.8453120Z,,v3,3032,5035,,"Niclai, Coen",815515,Right,ARI_SUN,bdadc60d-0033-4b23-9e25-01ba74128b23,54.42028,-109.41383,10.91623,5.53591,6.13317,-19.94356,-1.85049,-0.86323,5.18677,,,,,,,,,,,,,,,,,,,,,,,,,,,,,,,,,,,,,,,,,,,,,,,,,,,High,High,High,,,,,,,,,,,,,,,,,,,,,,,,,,,,,,,,,,,,,,,
27,2026-03-01,20:04:25.08,4,2,"Alba, Jaden",814835,Right,ARI_SUN,"Duer, Jake",808786,Left,TEX_AGG,Undefined,1,Bottom,1,1,0,Fastball,Four-Seam,InPlay,Undefined,FlyBall,Out,1,0,,93.08732,-1.752289,-2.964018,2515.876177,192.836591,12:30,5.47633,1.70115,6.99279,-13.59879,17.33997,3.72965,2.74719,-0.6855,85.13119,-4.404912,-2.282004,0.400334,93.75294,40.139084,-7.955676,4099.960331,107.23495,86.67032,-24.5077,327.44456,295.36294,-21.403586,5.669972,-2.82819,10.06166,-1.52032,50,5.36361,6.86634,-135.2686,-4.44441,-5.23689,29.67615,-13.54311,TEX_AGG,ARI_SUN,Arlington,D1,SEC,20260301-Arlington-4,1efde460-15dc-11f1-8639-131ccc676290,94.15238,113.27748,,7.95613,,,,1.09693,2.82326,0.69073,f5a7e556-a2a9-43cd-af52-c62bb86c0341,2026-03-02,02:04:25.08,2026-03-01T20:04:25.0834432-06:00,2026-03-02T02:04:25.0834432Z,FlyBall,v3,3032,5035,,"Niclai, Coen",815515,Right,ARI_SUN,8bb140c4-7317-413f-9983-553d4fe926a2,53.50588,-136.03557,14.83808,5.47395,-4.09439,-6.77156,-1.69952,7.00169,-2.61844,150.995988,1.10456,103.95869,-23.24277,4.92179,-0.40319,-0.12312,0.04354,-0.00525,0.00023,2.81987,88.69009,-20.58549,1.55037,-0.25119,0.01694,0.00803,-0.00192,0.00012,0.69279,-14.59109,-5.32768,1.70069,-0.21817,-0.02554,0.01324,-0.00172,8E-05,,,,,,,,,,,,,,,,,,,,,,,High,High,High,High,Medium,,,,,,,,,,,,,,,,,,,,,,,,,,,,,,,,,,,,,
28,2026-03-01,20:05:02.03,5,1,"Alba, Jaden",814835,Right,ARI_SUN,"Kellner, Boston",828162,Right,TEX_AGG,Undefined,1,Bottom,2,0,0,ChangeUp,Slider,BallinDirt,Undefined,Undefined,Undefined,0,0,,82.45776,-1.010527,-1.949004,1793.844085,62.338703,8:00,5.24817,2.01553,6.33168,-42.77758,-2.24032,-6.71185,0.75225,-0.33911,75.82989,-8.909913,-3.165259,0.458246,,,,,,,,,,,,2.94571,-0.52382,-1.87037,50,5.15435,4.31903,-119.8276,-3.43189,4.26025,24.30177,-32.93163,TEX_AGG,ARI_SUN,Arlington,D1,SEC,20260301-Arlington-4,350eb220-15dc-11f1-8639-131ccc676290,82.25372,,,6.62788,,,,,,,f5a7e556-a2a9-43cd-af52-c62bb86c0341,2026-03-02,02:05:02.03,2026-03-01T20:05:02.0373504-06:00,2026-03-02T02:05:02.0373504Z,,v3,3032,5035,,"Niclai, Coen",815515,Right,ARI_SUN,b2e787fc-6eab-47b6-a3d7-0c5e2707b204,54.16827,-120.66999,12.15088,5.25353,-2.29035,-16.46582,-2.01753,4.17135,2.13012,,,,,,,,,,,,,,,,,,,,,,,,,,,,,,,,,,,,,,,,,,,,,,,,,,,High,High,High,,,,,,,,,,,,,,,,,,,,,,,,,,,,,,,,,,,,,,,
29,2026-03-01,20:05:18.82,5,2,"Alba, Jaden",814835,Right,ARI_SUN,"Kellner, Boston",828162,Right,TEX_AGG,Undefined,1,Bottom,2,1,0,Curveball,Curveball,StrikeCalled,Undefined,Undefined,Undefined,0,0,,74.51397,1.786306,-0.679978,2220.292146,35.924637,7:15,5.44143,1.45408,5.85236,-64.76563,-13.48272,-11.10229,1.70472,-0.10295,67.64052,-10.084174,-2.676336,0.515416,,,,,,,,,,,,5.41347,-6.88028,-1.39248,50,5.54945,1.68738,-108.11866,1.3357,6.27302,22.54991,-40.1468,TEX_AGG,ARI_SUN,Arlington,D1,SEC,20260301-Arlington-4,3f1ed650-15dc-11f1-8639-131ccc676290,73.13017,,,6.87344,,,,,,,f5a7e556-a2a9-43cd-af52-c62bb86c0341,2026-03-02,02:05:18.82,2026-03-01T20:05:18.8231168-06:00,2026-03-02T02:05:18.8231168Z,,v3,3032,5035,,"Niclai, Coen",815515,Right,ARI_SUN,8ec4d6c6-f26e-4e5f-ac65-082ca221caf4,54.648,-109.08377,11.27495,5.45551,3.05394,-20.0734,-1.45895,1.4189,3.13651,,,,,,,,,,,,,,,,,,,,,,,,,,,,,,,,,,,,,,,,,,,,,,,,,,,High,High,High,,,,,,,,,,,,,,,,,,,,,,,,,,,,,,,,,,,,,,,
30,2026-03-01,20:05:37.64,5,3,"Alba, Jaden",814835,Right,ARI_SUN,"Kellner, Boston",828162,Right,TEX_AGG,Undefined,1,Bottom,2,1,1,Slider,Slider,BallCalled,Undefined,Undefined,Undefined,0,0,,84.06908,-0.948908,-3.046599,2677.796714,80.415482,8:45,5.26477,1.71856,6.1735,-39.36526,-0.22547,-8.32835,1.10665,-1.79183,77.54497,-8.193915,-4.547468,0.450278,,,,,,,,,,,,3.45532,0.53823,-1.48395,50,5.17319,6.81497,-122.06192,-3.29713,5.21244,24.0484,-31.36214,TEX_AGG,ARI_SUN,Arlington,D1,SEC,20260301-Arlington-4,4a4dd800-15dc-11f1-8639-131ccc676290,83.70925,,,6.52411,,,,,,,f5a7e556-a2a9-43cd-af52-c62bb86c0341,2026-03-02,02:05:37.64,2026-03-01T20:05:37.6472064-06:00,2026-03-02T02:05:37.6472064Z,,v3,3032,5035,,"Niclai, Coen",815515,Right,ARI_SUN,5570139a-ddd0-41a6-a0ba-a338dc0aec43,54.32543,-122.91116,12.0242,5.27007,-2.18963,-15.68107,-1.72136,6.6309,2.60622,,,,,,,,,,,,,,,,,,,,,,,,,,,,,,,,,,,,,,,,,,,,,,,,,,,High,High,High,,,,,,,,,,,,,,,,,,,,,,,,,,,,,,,,,,,,,,,
31,2026-03-01,20:05:56.30,5,4,"Alba, Jaden",814835,Right,ARI_SUN,"Kellner, Boston",828162,Right,TEX_AGG,Undefined,1,Bottom,2,2,1,Sinker,Sinker,InPlay,Undefined,GroundBall,Out,1,0,,93.14602,-1.677931,-3.101369,2464.214456,241.623422,2:00,5.35469,1.8706,6.96132,-21.00497,10.31308,17.04091,2.07501,0.46627,84.22909,-5.705488,0.01706,0.402781,73.89682,-69.429572,-51.697115,,,,,1.57721,1.57721,-42.069533,0.019692,-10.03245,6.35764,-1.68309,50,5.24345,6.66699,-135.2097,-4.53741,-18.3192,33.22808,-20.56504,TEX_AGG,ARI_SUN,Arlington,D1,SEC,20260301-Arlington-4,555fb4c0-15dc-11f1-8639-131ccc676290,93.58057,2.00349,,8.91693,,,,0.70478,2.00349,-0.46675,f5a7e556-a2a9-43cd-af52-c62bb86c0341,2026-03-02,02:05:56.30,2026-03-01T20:05:56.3009024-06:00,2026-03-02T02:05:56.3009024Z,GroundBall,v3,3032,5035,,"Niclai, Coen",815515,Right,ARI_SUN,2f48642f-e63a-4c11-8129-56f5e4902de5,53.53607,-136.07592,16.61404,5.35474,-4.0013,-10.28252,-1.86311,7.14456,-9.1596,,0.70458,23.66614,,,,,,,,2.00435,-101.74198,,,,,,,,-0.46649,-29.96343,,,,,,,,,,,,,,,,,,,,,,,,,,,,,,High,High,High,Estimated,Estimated,,,,,,,,,,,,,,,,,,,,,,,,,,,,,,,,,,,,,
32,2026-03-01,20:08:13.70,1,1,"Sims, Aiden",831365,Right,TEX_AGG,"Contrades, Nu'u",805225,Right,ARI_SUN,Undefined,2,Top,0,0,0,Slider,Slider,BallinDirt,Undefined,Undefined,Undefined,0,0,,83.73106,-1.214671,-4.539808,3013.803791,74.402475,8:30,5.50714,3.67025,5.19151,-43.97439,-2.40398,-13.52654,0.6962,-1.7365,76.67908,-9.132788,-6.924008,0.464049,,,,,,,,,,,,5.37414,-0.45047,-3.23753,50,5.36075,10.18435,-121.05022,-4.20709,7.88173,26.18396,-32.83469,TEX_AGG,ARI_SUN,Arlington,D1,SEC,20260301-Arlington-4,a750b9f0-15dc-11f1-8639-131ccc676290,81.22516,,,7.05198,,,,,,,f5a7e556-a2a9-43cd-af52-c62bb86c0341,2026-03-02,02:08:13.70,2026-03-01T20:08:13.7051648-06:00,2026-03-02T02:08:13.7051648Z,,v3,3032,5035,,"Harrison, Connor",1000339305,Right,TEX_AGG,271b10be-4dbb-4667-b903-c9b344e25b4e,55.30759,-122.1929,13.09198,5.51308,-2.77418,-16.41735,-3.67448,9.84039,3.94086,,,,,,,,,,,,,,,,,,,,,,,,,,,,,,,,,,,,,,,,,,,,,,,,,,,High,High,High,,,,,,,,,,,,,,,,,,,,,,,,,,,,,,,,,,,,,,,
33,2026-03-01,20:08:30.46,1,2,"Sims, Aiden",831365,Right,TEX_AGG,"Contrades, Nu'u",805225,Right,ARI_SUN,Undefined,2,Top,0,1,0,Cutter,Slider,InPlay,Undefined,LineDrive,Single,0,0,,87.14066,-0.204636,-4.372036,2639.246146,137.208716,10:30,5.69311,3.32778,5.69075,-32.18584,5.03528,-3.60099,2.81969,-1.05489,79.94823,-6.118707,-5.012488,0.439103,92.32119,4.340638,-3.485576,686.662505,,,,114.94064,114.84238,-1.289722,0.945236,0.62394,2.94768,-2.9573,50,5.65567,9.801,-126.23934,-1.57665,1.00694,25.67773,-27.41691,TEX_AGG,ARI_SUN,Arlington,D1,SEC,20260301-Arlington-4,b14d0800-15dc-11f1-8639-131ccc676290,85.83968,4.68386,,7.19243,,,,0.96641,2.87586,1.10979,f5a7e556-a2a9-43cd-af52-c62bb86c0341,2026-03-02,02:08:30.46,2026-03-01T20:08:30.4696832-06:00,2026-03-02T02:08:30.4696832Z,GroundBall,v3,3032,5035,,"Harrison, Connor",1000339305,Right,TEX_AGG,5d5e9d3b-dabb-48f5-8981-ed4b227a3e08,54.80806,-127.21356,12.83887,5.69576,-0.53644,-13.70846,-3.32843,9.76279,0.50347,240.659819,1.05428,133.49536,-13.88633,,,,,,,2.90413,9.84511,-13.69569,,,,,,,1.07244,-7.66499,4.05058,,,,,,,,,,,,,,,,,,,,,,,,,,,,,High,High,High,High,High,,,,,,,,,,,,,,,,,,,,,,,,,,,,,,,,,,,,,
34,2026-03-01,20:09:12.58,2,1,"Sims, Aiden",831365,Right,TEX_AGG,"Michel, Garrett",703481,Left,ARI_SUN,Undefined,2,Top,0,0,0,Sinker,Four-Seam,StrikeCalled,Undefined,Undefined,Undefined,0,0,,93.70448,-0.95991,-4.552227,2365.921199,227.903893,1:30,5.76249,3.12619,5.46506,-16.96198,15.63383,16.09918,3.44767,0.19828,85.09516,-4.15938,-1.698204,0.410915,,,,,,,,,,,,-9.34599,8.44914,-2.73595,50,5.66642,10.0249,-135.58062,-2.84924,-17.35356,30.32457,-16.48575,TEX_AGG,ARI_SUN,Arlington,D1,SEC,20260301-Arlington-4,ca67ba60-15dc-11f1-8639-131ccc676290,91.72801,,,8.60932,,,,,,,f5a7e556-a2a9-43cd-af52-c62bb86c0341,2026-03-02,02:09:12.58,2026-03-01T20:09:12.5803520-06:00,2026-03-02T02:09:12.5803520Z,,v3,3032,5035,,"Harrison, Connor",1000339305,Right,TEX_AGG,7d2a2e1f-6a9b-46a4-b3a1-efd7ddd94952,55.03177,-136.70142,15.16229,5.76047,-2.23993,-8.24287,-3.11833,10.66629,-8.67678,,,,,,,,,,,,,,,,,,,,,,,,,,,,,,,,,,,,,,,,,,,,,,,,,,,High,High,High,,,,,,,,,,,,,,,,,,,,,,,,,,,,,,,,,,,,,,,
35,2026-03-01,20:09:28.61,2,2,"Sims, Aiden",831365,Right,TEX_AGG,"Michel, Garrett",703481,Left,ARI_SUN,Undefined,2,Top,0,0,1,Slider,Slider,FoulBallNotFieldable,Undefined,Undefined,Undefined,0,0,,82.22034,-0.215817,-3.545052,2722.394735,77.170722,8:30,5.50607,3.87467,5.10061,-44.61471,-1.67949,-13.38642,1.58443,-0.58557,75.42864,-8.267588,-5.905251,0.471605,,,,,,,,,,,,5.65,-0.40984,-3.52873,50,5.45059,7.93891,-119.08139,-2.09418,8.0591,24.28263,-32.75862,TEX_AGG,ARI_SUN,Arlington,D1,SEC,20260301-Arlington-4,d3f73ce0-15dc-11f1-8639-131ccc676290,79.92383,,,6.7917,,,,,,,f5a7e556-a2a9-43cd-af52-c62bb86c0341,2026-03-02,02:09:28.61,2026-03-01T20:09:28.6104064-06:00,2026-03-02T02:09:28.6104064Z,,v3,3032,5035,,"Harrison, Connor",1000339305,Right,TEX_AGG,0de0df07-de38-4edb-99ed-96829c81c506,55.39908,-120.1773,12.14132,5.51174,-0.61572,-16.37931,-3.87883,7.57519,4.02955,,,,,,,,,,,,,,,,,,,,,,,,,,,,,,,,,,,,,,,,,,,,,,,,,,,High,High,High,,,,,,,,,,,,,,,,,,,,,,,,,,,,,,,,,,,,,,,
36,2026-03-01,20:09:49.25,2,3,"Sims, Aiden",831365,Right,TEX_AGG,"Michel, Garrett",703481,Left,ARI_SUN,Undefined,2,Top,0,0,2,Fastball,Four-Seam,FoulBallNotFieldable,Undefined,Undefined,Undefined,0,0,,92.93489,-0.979408,-4.664513,2374.806674,222.363699,1:30,5.79654,3.33758,5.53086,-15.84528,17.43934,14.82792,3.55744,0.20332,83.84757,-4.000637,-2.033826,0.415234,94.27229,46.604171,-41.677889,3872.074076,72.28886,105.48468,-82.91124,308.53927,144.27637,-57.956678,5.88564,-8.89213,9.43189,-2.94178,50,5.70102,10.2704,-134.36753,-2.80321,-16.0997,31.74026,-15.09708,TEX_AGG,ARI_SUN,Arlington,D1,SEC,20260301-Arlington-4,e04431b0-15dc-11f1-8639-131ccc676290,90.77388,129.52279,,9.08732,,,,0.46033,3.57213,-0.20124,f5a7e556-a2a9-43cd-af52-c62bb86c0341,2026-03-02,02:09:49.25,2026-03-01T20:09:49.2562432-06:00,2026-03-02T02:09:49.2562432Z,FlyBall,v3,3032,5035,,"Harrison, Connor",1000339305,Right,TEX_AGG,6f14146a-1ae5-4360-9781-d63c82d53dc1,54.96566,-135.53544,15.87013,5.79395,-2.2477,-7.54854,-3.33058,10.86281,-8.04985,149.815469,0.4847,70.48957,-20.0017,3.14656,0.72448,-0.54598,0.12974,-0.01417,0.0006,3.56053,100.64214,-24.97684,3.07802,-0.70322,0.09906,0.00114,-0.00189,0.00014,-0.20076,-63.16524,6.28594,-0.85221,0.01641,0.04047,-0.01281,0.00169,-9E-05,,,,,,,,,,,,,,,,,,,,,,,High,High,High,High,Low,,,,,,,,,,,,,,,,,,,,,,,,,,,,,,,,,,,,,
37,2026-03-01,20:10:12.41,2,4,"Sims, Aiden",831365,Right,TEX_AGG,"Michel, Garrett",703481,Left,ARI_SUN,Undefined,2,Top,0,0,2,ChangeUp,Splitter,InPlay,Undefined,FlyBall,HomeRun,0,2,,85.73513,0.162262,-5.142925,1145.103819,265.449789,2:45,5.59207,3.7795,5.17825,-36.69541,2.62583,16.94434,2.68741,0.33938,78.26814,-6.520144,-2.156422,0.45132,103.23703,29.762358,-15.622578,4654.335367,103.75346,61.40742,-36.54045,386.55115,248.0831,-28.585716,5.417002,-9.88918,1.63587,-3.31355,50,5.57924,10.41015,-123.98054,-1.03208,-15.3852,24.895,-29.62905,TEX_AGG,ARI_SUN,Arlington,D1,SEC,20260301-Arlington-4,ee0ec5d0-15dc-11f1-8639-131ccc676290,83.51592,94.08733,,7.46698,,,,0.63574,2.63991,-0.32145,f5a7e556-a2a9-43cd-af52-c62bb86c0341,2026-03-02,02:10:12.41,2026-03-01T20:10:12.4173824-06:00,2026-03-02T02:10:12.4173824Z,FlyBall,v3,3032,5035,,"Harrison, Connor",1000339305,Right,TEX_AGG,a6040841-d59e-4a49-b2fd-797f878617b2,55.32109,-125.04444,12.4475,5.59629,0.23412,-14.81452,-3.77248,11.06764,-7.6926,148.778556,0.64048,126.49069,-28.58098,6.44429,-1.10678,0.14004,-0.01485,0.0015,-8E-05,2.6403,75.15256,-16.81293,0.4588,0.19949,-0.13242,0.0381,-0.00508,0.00026,-0.32028,-35.4239,-1.73354,1.04284,-0.25401,0.04151,-0.00524,0.00048,-2E-05,,,,,,,,,,,,,,,,,,,,,,,High,High,High,High,Low,,,,,,,,,,,,,,,,,,,,,,,,,,,,,,,,,,,,,
38,2026-03-01,20:11:07.33,3,1,"Sims, Aiden",831365,Right,TEX_AGG,"Longo, Dominic",1000363616,Right,ARI_SUN,Undefined,2,Top,0,0,0,Fastball,Four-Seam,InPlay,Undefined,LineDrive,Out,1,0,,94.58756,-2.520476,-4.394688,2347.439315,201.054694,12:45,5.8706,3.01128,5.92123,-11.12178,20.55678,7.48189,2.59648,-0.45133,85.50219,-4.700358,-3.057847,0.405092,103.08415,14.851006,15.995139,2925.639147,103.92261,24.47996,36.05522,298.07949,284.16018,24.886331,2.86536,-5.18894,11.63894,-2.66322,50,5.66202,10.17767,-136.78771,-6.31318,-9.7331,32.98716,-10.3424,TEX_AGG,ARI_SUN,Arlington,D1,SEC,20260301-Arlington-4,0ecdf390-15dd-11f1-8639-131ccc676290,93.04652,28.02097,,9.08537,,,,1.4981,2.58764,0.41605,f5a7e556-a2a9-43cd-af52-c62bb86c0341,2026-03-02,02:11:07.33,2026-03-01T20:11:07.3384960-06:00,2026-03-02T02:11:07.3384960Z,LineDrive,v3,3032,5035,,"Harrison, Connor",1000339305,Right,TEX_AGG,8177c33d-2d60-48e1-95f7-bc57b1a403c4,54.57568,-137.88675,16.49358,5.86662,-5.9686,-5.1712,-3.00771,10.50195,-4.86655,236.393025,1.49804,140.48379,-25.79458,5.43928,-1.16614,0.21381,-0.02512,0.00027,0.00021,2.58771,38.74824,-15.69118,0.75736,-0.04027,0.00499,-0.00777,0.00333,-0.0004,0.41615,40.26566,3.90777,-1.94828,0.621,-0.13683,0.01149,0.0023,-0.00045,,,,,,,,,,,,,,,,,,,,,,,High,High,High,High,High,,,,,,,,,,,,,,,,,,,,,,,,,,,,,,,,,,,,,
39,2026-03-01,20:11:43.05,4,1,"Sims, Aiden",831365,Right,TEX_AGG,"Smaldino, Dominic",822032,Right,ARI_SUN,Undefined,2,Top,1,0,0,Slider,Slider,BallCalled,Undefined,Undefined,Undefined,0,0,,84.33329,-0.805821,-3.707497,2917.148613,75.723324,8:30,5.43747,3.68556,5.20718,-44.17471,-2.8052,-16.99367,0.9968,-1.22206,76.26299,-8.805361,-6.708783,0.462926,,,,,,,,,,,,7.19284,-0.68032,-3.32892,50,5.32981,8.63838,-121.89379,-3.37438,10.55871,29.39035,-33.17271,TEX_AGG,ARI_SUN,Arlington,D1,SEC,20260301-Arlington-4,241b7150-15dd-11f1-8639-131ccc676290,81.42215,,,8.07029,,,,,,,f5a7e556-a2a9-43cd-af52-c62bb86c0341,2026-03-02,02:11:43.05,2026-03-01T20:11:43.0533632-06:00,2026-03-02T02:11:43.0533632Z,,v3,3032,5035,,"Harrison, Connor",1000339305,Right,TEX_AGG,4e745382-5617-4237-8c2f-3ee5149af3b1,55.28992,-123.16266,14.69517,5.44458,-1.94221,-16.58636,-3.69202,8.18253,5.27936,,,,,,,,,,,,,,,,,,,,,,,,,,,,,,,,,,,,,,,,,,,,,,,,,,,High,High,High,,,,,,,,,,,,,,,,,,,,,,,,,,,,,,,,,,,,,,,
40,2026-03-01,20:11:57.34,4,2,"Sims, Aiden",831365,Right,TEX_AGG,"Smaldino, Dominic",822032,Right,ARI_SUN,Undefined,2,Top,1,1,0,Slider,Curveball,StrikeCalled,Undefined,Undefined,Undefined,0,0,,82.96497,0.520638,-2.834521,2878.663328,67.9544,8:15,5.44475,3.73775,5.31378,-46.68097,-4.6413,-14.96859,2.04394,-0.17218,75.56334,-7.957072,-5.487524,0.46666,,,,,,,,,,,,6.5878,-2.04795,-3.46954,50,5.45837,6.58711,-120.19612,-0.62551,9.50936,26.18677,-35.1302,TEX_AGG,ARI_SUN,Arlington,D1,SEC,20260301-Arlington-4,2c9f7740-15dd-11f1-8639-131ccc676290,80.77059,,,7.40164,,,,,,,f5a7e556-a2a9-43cd-af52-c62bb86c0341,2026-03-02,02:11:57.34,2026-03-01T20:11:57.3429248-06:00,2026-03-02T02:11:57.3429248Z,,v3,3032,5035,,"Harrison, Connor",1000339305,Right,TEX_AGG,87109e35-b8ad-436c-a71c-979112f89b63,55.18473,-121.32044,13.09339,5.45284,0.8828,-17.5651,-3.74359,6.17883,4.75468,,,,,,,,,,,,,,,,,,,,,,,,,,,,,,,,,,,,,,,,,,,,,,,,,,,High,High,High,,,,,,,,,,,,,,,,,,,,,,,,,,,,,,,,,,,,,,,
41,2026-03-01,20:12:12.46,4,3,"Sims, Aiden",831365,Right,TEX_AGG,"Smaldino, Dominic",822032,Right,ARI_SUN,Undefined,2,Top,1,1,1,Slider,Slider,BallCalled,Undefined,Undefined,Undefined,0,0,,83.48555,1.141361,-1.586344,2948.773347,74.752819,8:30,5.40955,3.83793,5.22867,-44.00018,-2.55067,-14.39812,2.81636,1.14647,76.02729,-6.866955,-4.137472,0.463373,,,,,,,,,,,,6.67591,-1.17823,-3.68072,50,5.48204,3.97793,-121.04512,0.76765,9.81354,25.65908,-33.90605,TEX_AGG,ARI_SUN,Arlington,D1,SEC,20260301-Arlington-4,35a6b6f0-15dd-11f1-8639-131ccc676290,81.34355,,,7.45826,,,,,,,f5a7e556-a2a9-43cd-af52-c62bb86c0341,2026-03-02,02:12:12.46,2026-03-01T20:12:12.4640768-06:00,2026-03-02T02:12:12.4640768Z,,v3,3032,5035,,"Harrison, Connor",1000339305,Right,TEX_AGG,3a6f950d-85c7-4fef-a6ff-50a16d4555a3,55.26943,-122.15702,12.82954,5.41695,2.23693,-16.95303,-3.84388,3.55267,4.90677,,,,,,,,,,,,,,,,,,,,,,,,,,,,,,,,,,,,,,,,,,,,,,,,,,,High,High,High,,,,,,,,,,,,,,,,,,,,,,,,,,,,,,,,,,,,,,,
42,2026-03-01,20:12:27.48,4,4,"Sims, Aiden",831365,Right,TEX_AGG,"Smaldino, Dominic",822032,Right,ARI_SUN,Undefined,2,Top,1,2,1,ChangeUp,Splitter,FoulBallNotFieldable,Undefined,Undefined,Undefined,0,0,,85.75007,0.759989,-4.814041,1061.952079,292.311433,3:45,5.48742,3.59342,5.52813,-43.89817,-4.8613,15.10438,2.54225,0.34123,77.86378,-7.255988,-2.131404,0.449686,,,,,,,,,,,,-9.13819,-2.3524,-3.18479,50,5.52406,9.81227,-124.05993,0.03899,-14.11165,26.93565,-35.80674,TEX_AGG,ARI_SUN,Arlington,D1,SEC,20260301-Arlington-4,3e8c8bf0-15dd-11f1-8639-131ccc676290,83.81955,,,7.88629,,,,,,,f5a7e556-a2a9-43cd-af52-c62bb86c0341,2026-03-02,02:12:27.48,2026-03-01T20:12:27.4815488-06:00,2026-03-02T02:12:27.4815488Z,,v3,3032,5035,,"Harrison, Connor",1000339305,Right,TEX_AGG,836921d5-9e03-4b25-b411-f59e40ac9d3e,54.97208,-125.1348,13.46783,5.494,1.46786,-17.90337,-3.58759,10.3754,-7.05583,,,,,,,,,,,,,,,,,,,,,,,,,,,,,,,,,,,,,,,,,,,,,,,,,,,High,High,High,,,,,,,,,,,,,,,,,,,,,,,,,,,,,,,,,,,,,,,
43,2026-03-01,20:12:49.28,4,5,"Sims, Aiden",831365,Right,TEX_AGG,"Smaldino, Dominic",822032,Right,ARI_SUN,Undefined,2,Top,1,2,2,Slider,Curveball,InPlay,Undefined,LineDrive,Single,0,0,,82.74672,1.478742,-2.95328,3022.868966,69.277747,8:15,5.44977,3.64145,5.42387,-45.98506,-4.15733,-14.49351,3.00488,-0.33495,75.68721,-6.89277,-5.524342,0.465483,112.87257,9.475864,-16.010596,1301.091706,,,,,53.44136,,,6.47989,-2.21441,-3.36863,50,5.54883,6.77715,-119.96222,1.45978,9.37955,24.65616,-35.3794,TEX_AGG,ARI_SUN,Arlington,D1,SEC,20260301-Arlington-4,4b8cf240-15dd-11f1-8639-131ccc676290,80.97492,12.73843,,7.05951,,,,2.01885,2.6237,0.84386,f5a7e556-a2a9-43cd-af52-c62bb86c0341,2026-03-02,02:12:49.28,2026-03-01T20:12:49.2894720-06:00,2026-03-02T02:12:49.2894720Z,,v3,3032,5035,,"Harrison, Connor",1000339305,Right,TEX_AGG,cbb1a53a-d95d-4991-b7de-00f1b2da28b4,55.07678,-121.00117,12.32808,5.45591,2.95057,-17.6897,-3.64588,6.38192,4.68977,133.525742,2.01396,157.15549,-22.75857,,,,,,,2.61763,27.49865,11.04058,,,,,,,0.85154,-45.34693,-25.93065,,,,,,,,,,,,,,,,,,,,,,,,,,,,,High,High,High,Low,Undefined,,,,,,,,,,,,,,,,,,,,,,,,,,,,,,,,,,,,,
44,2026-03-01,20:13:30.84,5,1,"Sims, Aiden",831365,Right,TEX_AGG,"Roellig, Austen",822305,Right,ARI_SUN,Undefined,2,Top,1,0,0,Cutter,Cutter,StrikeCalled,Undefined,Undefined,Undefined,0,0,,88.39144,-0.272531,-3.372831,2631.896798,152.179615,11:00,5.67126,3.19986,5.48773,-27.10801,9.18138,-4.26571,3.15685,-0.31463,81.15151,-5.266269,-4.13013,0.433572,,,,,,,,,,,,1.24213,5.04622,-2.90116,50,5.62909,7.74088,-128.16518,-1.57915,2.07291,25.6671,-23.75266,TEX_AGG,ARI_SUN,Arlington,D1,SEC,20260301-Arlington-4,645e66a0-15dd-11f1-8639-131ccc676290,86.93467,,,7.23993,,,,,,,f5a7e556-a2a9-43cd-af52-c62bb86c0341,2026-03-02,02:13:30.84,2026-03-01T20:13:30.8483584-06:00,2026-03-02T02:13:30.8483584Z,,v3,3032,5035,,"Harrison, Connor",1000339305,Right,TEX_AGG,262a60f7-64e3-4ddc-9259-b73c7b0327ed,55.00974,-129.16457,12.83355,5.67257,-0.65431,-11.87633,-3.20099,7.66016,1.03645,,,,,,,,,,,,,,,,,,,,,,,,,,,,,,,,,,,,,,,,,,,,,,,,,,,High,High,High,,,,,,,,,,,,,,,,,,,,,,,,,,,,,,,,,,,,,,,
45,2026-03-01,20:13:47.11,5,2,"Sims, Aiden",831365,Right,TEX_AGG,"Roellig, Austen",822305,Right,ARI_SUN,Undefined,2,Top,1,0,1,ChangeUp,Splitter,StrikeSwinging,Undefined,Undefined,Undefined,0,0,,85.31289,0.019026,-3.985842,1202.791164,283.202521,3:30,5.48981,3.60466,5.27513,-41.4503,-1.82693,13.41052,2.05353,0.9725,77.78427,-7.522164,-1.610644,0.453051,,,,,,,,,,,,-7.87977,-0.52823,-3.25044,50,5.46104,8.02173,-123.52956,-1.52413,-12.10802,25.88475,-32.9857,TEX_AGG,ARI_SUN,Arlington,D1,SEC,20260301-Arlington-4,6e0c4690-15dd-11f1-8639-131ccc676290,83.19689,,,7.52862,,,,,,,f5a7e556-a2a9-43cd-af52-c62bb86c0341,2026-03-02,02:13:47.11,2026-03-01T20:13:47.1199744-06:00,2026-03-02T02:13:47.1199744Z,,v3,3032,5035,,"Harrison, Connor",1000339305,Right,TEX_AGG,a2d0c6fb-17e8-4c49-aba8-206620523154,55.22383,-124.61937,12.94238,5.49597,-0.13535,-16.49285,-3.5989,8.53151,-6.05401,,,,,,,,,,,,,,,,,,,,,,,,,,,,,,,,,,,,,,,,,,,,,,,,,,,High,High,High,,,,,,,,,,,,,,,,,,,,,,,,,,,,,,,,,,,,,,,
46,2026-03-01,20:14:07.21,5,3,"Sims, Aiden",831365,Right,TEX_AGG,"Roellig, Austen",822305,Right,ARI_SUN,Undefined,2,Top,1,0,2,ChangeUp,Splitter,BallCalled,Undefined,Undefined,Undefined,0,0,,85.36001,-1.067524,-5.848856,1167.688817,272.2532,3:00,5.56921,3.5148,5.33531,-38.71278,0.75571,12.62544,1.33625,-0.93953,78.34514,-8.093119,-3.620406,0.452165,,,,,,,,,,,,-7.94619,1.0452,-2.99456,50,5.44442,12.0911,-123.32244,-3.74396,-12.25368,24.21526,-30.56226,TEX_AGG,ARI_SUN,Arlington,D1,SEC,20260301-Arlington-4,7a096db0-15dd-11f1-8639-131ccc676290,83.35996,,,7.01486,,,,,,,f5a7e556-a2a9-43cd-af52-c62bb86c0341,2026-03-02,02:14:07.21,2026-03-01T20:14:07.2196608-06:00,2026-03-02T02:14:07.2196608Z,,v3,3032,5035,,"Harrison, Connor",1000339305,Right,TEX_AGG,a3dc9003-3896-40f7-b2fa-3da0276b60a5,55.16415,-124.33233,12.10763,5.57399,-2.46938,-15.28113,-3.50947,12.60213,-6.12684,,,,,,,,,,,,,,,,,,,,,,,,,,,,,,,,,,,,,,,,,,,,,,,,,,,High,High,High,,,,,,,,,,,,,,,,,,,,,,,,,,,,,,,,,,,,,,,
47,2026-03-01,20:14:24.17,5,4,"Sims, Aiden",831365,Right,TEX_AGG,"Roellig, Austen",822305,Right,ARI_SUN,Undefined,2,Top,1,1,2,Fastball,Four-Seam,BallCalled,Undefined,Undefined,Undefined,0,0,,92.43196,1.286576,-3.331897,2349.242985,215.291498,1:15,5.77692,3.2608,5.81663,-15.81296,17.34084,11.47501,5.65764,1.1156,83.42322,-1.746368,-1.280849,0.414417,,,,,,,,,,,,-6.78973,8.74705,-2.9943,50,5.87303,7.26629,-133.88266,2.55193,-12.22238,31.12339,-16.42824,TEX_AGG,ARI_SUN,Arlington,D1,SEC,20260301-Arlington-4,841d1450-15dd-11f1-8639-131ccc676290,90.95284,,,9.00874,,,,,,,f5a7e556-a2a9-43cd-af52-c62bb86c0341,2026-03-02,02:14:24.17,2026-03-01T20:14:24.1745920-06:00,2026-03-02T02:14:24.1745920Z,,v3,3032,5035,,"Harrison, Connor",1000339305,Right,TEX_AGG,a5398ea1-4f69-4b88-a5ca-66e0f91f1a81,54.678,-134.96576,15.5617,5.77428,3.12364,-8.21412,-3.25457,7.69163,-6.11119,,,,,,,,,,,,,,,,,,,,,,,,,,,,,,,,,,,,,,,,,,,,,,,,,,,High,High,High,,,,,,,,,,,,,,,,,,,,,,,,,,,,,,,,,,,,,,,
48,2026-03-01,20:14:43.38,5,5,"Sims, Aiden",831365,Right,TEX_AGG,"Roellig, Austen",822305,Right,ARI_SUN,Undefined,2,Top,1,2,2,ChangeUp,Changeup,InPlay,Undefined,GroundBall,FieldersChoice,1,0,,85.63161,-0.649308,-5.506465,1297.778114,273.994441,3:15,5.45795,3.49493,5.24445,-39.1912,0.35595,13.99938,1.57896,-0.52926,78.0442,-7.772334,-3.03717,0.452615,66.5118,-30.929549,-33.211746,,,,,5.37661,5.37661,-12.423733,0.035081,-8.66103,0.72071,-2.99874,50,5.36873,11.32056,-123.71075,-2.87665,-13.34723,25.96686,-31.0634,TEX_AGG,ARI_SUN,Arlington,D1,SEC,20260301-Arlington-4,8f9023e0-15dd-11f1-8639-131ccc676290,83.27704,1.76396,,7.58741,,,,2.78768,1.76396,0.45576,f5a7e556-a2a9-43cd-af52-c62bb86c0341,2026-03-02,02:14:43.38,2026-03-01T20:14:43.3881088-06:00,2026-03-02T02:14:43.3881088Z,GroundBall,v3,3032,5035,,"Harrison, Connor",1000339305,Right,TEX_AGG,33a8e44f-5783-4694-bb53-937a2a31efe6,55.25504,-124.8089,12.98343,5.46261,-1.56296,-15.5317,-3.48943,11.88502,-6.67362,,2.78656,70.20935,,,,,,,,1.76476,-50.2821,,,,,,,,0.45649,-45.96427,,,,,,,,,,,,,,,,,,,,,,,,,,,,,,High,High,High,Estimated,Estimated,,,,,,,,,,,,,,,,,,,,,,,,,,,,,,,,,,,,,
49,2026-03-01,20:15:22.84,6,1,"Sims, Aiden",831365,Right,TEX_AGG,"Niclai, Coen",815515,Right,ARI_SUN,Undefined,2,Top,2,0,0,Cutter,Slider,BallCalled,Undefined,Undefined,Undefined,0,0,,88.98255,-1.418443,-5.260118,2689.012902,192.159932,12:30,5.52453,3.52562,5.77184,-28.7138,6.82363,1.24154,1.80591,-1.2796,81.98322,-6.694112,-5.03933,0.429056,,,,,,,,,,,,-2.02083,4.18292,-3.09053,50,5.3894,11.8023,-128.76345,-4.20473,-3.41059,25.42271,-25.11448,TEX_AGG,ARI_SUN,Arlington,D1,SEC,20260301-Arlington-4,a7187670-15dd-11f1-8639-131ccc676290,87.84962,,,6.99933,,,,,,,f5a7e556-a2a9-43cd-af52-c62bb86c0341,2026-03-02,02:15:22.84,2026-03-01T20:15:22.8431872-06:00,2026-03-02T02:15:22.8431872Z,,v3,3032,5035,,"Harrison, Connor",1000339305,Right,TEX_AGG,808ed6c6-31f3-4d53-93d6-106300225b8c,54.7267,-129.69332,12.71136,5.5264,-3.28614,-12.55724,-3.52449,11.92705,-1.7053,,,,,,,,,,,,,,,,,,,,,,,,,,,,,,,,,,,,,,,,,,,,,,,,,,,High,High,High,,,,,,,,,,,,,,,,,,,,,,,,,,,,,,,,,,,,,,,
50,2026-03-01,20:15:38.54,6,2,"Sims, Aiden",831365,Right,TEX_AGG,"Niclai, Coen",815515,Right,ARI_SUN,Undefined,2,Top,2,1,0,Fastball,Four-Seam,BallCalled,Undefined,Undefined,Undefined,0,0,,94.57817,-2.819191,-3.689323,2435.444122,214.422389,1:15,5.89233,3.00561,5.50399,-12.78257,19.51596,12.55383,2.18289,0.59658,85.11515,-5.290208,-1.458853,0.409037,,,,,,,,,,,,-7.48493,11.06749,-2.69174,50,5.63737,8.2129,-136.69083,-7.1141,-13.96293,34.07048,-11.52793,TEX_AGG,ARI_SUN,Arlington,D1,SEC,20260301-Arlington-4,b06e4b50-15dd-11f1-8639-131ccc676290,92.14921,,,9.46302,,,,,,,f5a7e556-a2a9-43cd-af52-c62bb86c0341,2026-03-02,02:15:38.54,2026-03-01T20:15:38.5486336-06:00,2026-03-02T02:15:38.5486336Z,,v3,3032,5035,,"Harrison, Connor",1000339305,Right,TEX_AGG,44f6a3c1-7a8a-48d9-b11b-0ade06ba5a1e,54.99165,-137.9294,17.03524,5.88837,-6.69502,-5.76397,-2.99952,8.72049,-6.98147,,,,,,,,,,,,,,,,,,,,,,,,,,,,,,,,,,,,,,,,,,,,,,,,,,,High,High,High,,,,,,,,,,,,,,,,,,,,,,,,,,,,,,,,,,,,,,,
51,2026-03-01,20:16:01.48,6,3,"Sims, Aiden",831365,Right,TEX_AGG,"Niclai, Coen",815515,Right,ARI_SUN,Undefined,2,Top,2,2,0,Slider,Slider,InPlay,Undefined,GroundBall,Out,1,0,,82.52534,0.275969,-3.494513,2946.411065,79.256066,8:45,5.44003,3.67227,5.12812,-44.2929,-1.51087,-15.46859,2.00935,-0.912,75.28536,-7.743141,-6.22175,0.470763,80.17532,-31.26855,-28.949477,,,,,5.70418,5.70418,-9.361499,0.035277,6.65985,-0.46799,-3.33119,50,5.43157,7.94763,-119.47044,-1.05308,9.51072,25.579,-32.84236,TEX_AGG,ARI_SUN,Arlington,D1,SEC,20260301-Arlington-4,be288bc0-15dd-11f1-8639-131ccc676290,80.06673,2.15825,,7.23998,,,,2.51821,2.15825,0.79246,f5a7e556-a2a9-43cd-af52-c62bb86c0341,2026-03-02,02:16:01.48,2026-03-01T20:16:01.4802432-06:00,2026-03-02T02:16:01.4802432Z,GroundBall,v3,3032,5035,,"Harrison, Connor",1000339305,Right,TEX_AGG,6cd80099-612e-41d9-8e94-d54a3d6b7b2a,55.37112,-120.61493,12.7895,5.44582,0.41639,-16.42118,-3.67727,7.52209,4.75536,,2.51702,88.1597,,,,,,,,2.15908,-61.18036,,,,,,,,0.79312,-48.76615,,,,,,,,,,,,,,,,,,,,,,,,,,,,,,High,High,High,Estimated,Estimated,,,,,,,,,,,,,,,,,,,,,,,,,,,,,,,,,,,,,
52,2026-03-01,20:18:44.76,1,1,"Alba, Jaden",814835,Right,ARI_SUN,"Partida, Nicholas",10100750,Right,TEX_AGG,Undefined,2,Bottom,0,0,0,Curveball,Curveball,BallinDirt,Undefined,Undefined,Undefined,0,0,,74.52917,1.176842,-1.573041,2261.140325,47.019708,7:30,5.54916,1.59103,5.87674,-62.61062,-11.76288,-14.43674,1.42515,-1.07334,68.28818,-10.26775,-4.168326,0.513224,,,,,,,,,,,,6.87559,-5.85607,-1.45565,50,5.60851,3.48703,-108.22626,0.28134,8.04378,21.28817,-39.02509,TEX_AGG,ARI_SUN,Arlington,D1,SEC,20260301-Arlington-4,1f7b8df0-15de-11f1-8639-131ccc676290,73.44241,,,6.24099,,,,,,,f5a7e556-a2a9-43cd-af52-c62bb86c0341,2026-03-02,02:18:44.76,2026-03-01T20:18:44.7616512-06:00,2026-03-02T02:18:44.7616512Z,,v3,3032,5035,,"Niclai, Coen",815515,Right,ARI_SUN,e3752c55-057a-4fda-992e-7a867d2b7d82,54.62482,-109.13217,10.64408,5.5612,1.94204,-19.51255,-1.59676,3.14473,4.02189,,,,,,,,,,,,,,,,,,,,,,,,,,,,,,,,,,,,,,,,,,,,,,,,,,,High,High,High,,,,,,,,,,,,,,,,,,,,,,,,,,,,,,,,,,,,,,,
53,2026-03-01,20:19:04.17,1,2,"Alba, Jaden",814835,Right,ARI_SUN,"Partida, Nicholas",10100750,Right,TEX_AGG,Undefined,2,Bottom,0,1,0,Sinker,Sinker,BallCalled,Undefined,Undefined,Undefined,0,0,,93.06948,-2.914345,-5.309981,2348.103558,237.036086,2:00,5.41724,1.71718,6.89393,-19.228,12.32032,17.29406,1.14625,-1.69284,84.41085,-6.600674,-2.163478,0.404259,,,,,,,,,,,,-10.67993,7.75071,-1.38581,50,5.22549,11.81869,-134.61043,-7.39168,-19.43331,31.48371,-18.07076,TEX_AGG,ARI_SUN,Arlington,D1,SEC,20260301-Arlington-4,2b04bd90-15de-11f1-8639-131ccc676290,93.2384,,,8.65862,,,,,,,f5a7e556-a2a9-43cd-af52-c62bb86c0341,2026-03-02,02:19:04.17,2026-03-01T20:19:04.1769984-06:00,2026-03-02T02:19:04.1769984Z,,v3,3032,5035,,"Niclai, Coen",815515,Right,ARI_SUN,4c106290-679a-4821-80a2-1db66ca4b319,53.60255,-135.4504,15.74186,5.41626,-6.90956,-9.03538,-1.70805,12.33716,-9.71666,,,,,,,,,,,,,,,,,,,,,,,,,,,,,,,,,,,,,,,,,,,,,,,,,,,High,High,High,,,,,,,,,,,,,,,,,,,,,,,,,,,,,,,,,,,,,,,
54,2026-03-01,20:19:24.97,1,3,"Alba, Jaden",814835,Right,ARI_SUN,"Partida, Nicholas",10100750,Right,TEX_AGG,Undefined,2,Bottom,0,2,0,Fastball,Four-Seam,StrikeCalled,Undefined,Undefined,Undefined,0,0,,91.98587,-1.609647,-3.368728,2392.309645,200.662895,12:45,5.44255,1.84647,7.05372,-16.16139,15.56013,5.48122,2.63098,-0.75974,83.90233,-4.742941,-2.365671,0.405367,,,,,,,,,,,,-3.87292,9.07965,-1.64449,50,5.33949,7.65504,-133.56963,-4.1296,-6.97604,29.56325,-15.8195,TEX_AGG,ARI_SUN,Arlington,D1,SEC,20260301-Arlington-4,3768bcd0-15de-11f1-8639-131ccc676290,92.98353,,,8.08354,,,,,,,f5a7e556-a2a9-43cd-af52-c62bb86c0341,2026-03-02,02:19:24.97,2026-03-01T20:19:24.9724416-06:00,2026-03-02T02:19:24.9724416Z,,v3,3032,5035,,"Niclai, Coen",815515,Right,ARI_SUN,15c7de08-35af-4186-ad46-116b0f073057,53.4426,-134.32943,14.78163,5.4404,-3.72302,-7.90975,-1.84353,7.83432,-3.48802,,,,,,,,,,,,,,,,,,,,,,,,,,,,,,,,,,,,,,,,,,,,,,,,,,,High,High,High,,,,,,,,,,,,,,,,,,,,,,,,,,,,,,,,,,,,,,,
55,2026-03-01,20:19:49.63,1,4,"Alba, Jaden",814835,Right,ARI_SUN,"Partida, Nicholas",10100750,Right,TEX_AGG,Undefined,2,Bottom,0,2,1,Undefined,,BallCalled,Undefined,Undefined,Undefined,0,0,,,,,,,,,,,,,,,,,,,,,,,,,,,,,,,,,,,,,,,,,,TEX_AGG,ARI_SUN,Arlington,D1,SEC,20260301-Arlington-4,d2e3ebf0-163b-11f1-a41c-cb302820f4af,,,,,,,,,,,f5a7e556-a2a9-43cd-af52-c62bb86c0341,2026-03-02,02:19:49.63,2026-03-01T20:19:49.6340480-06:00,2026-03-02T02:19:49.6340480Z,,v3,3032,5035,,"Niclai, Coen",815515,Right,ARI_SUN,0b60878b-f693-4822-8c97-44641e5acaf0,,,,,,,,,,,,,,,,,,,,,,,,,,,,,,,,,,,,,,,,,,,,,,,,,,,,,,,,,,,,,,,,,,,,,,,,,,,,,,,,,,,,,,,,,,,,,,,,,,,,,
56,2026-03-01,20:20:13.63,1,5,"Alba, Jaden",814835,Right,ARI_SUN,"Partida, Nicholas",10100750,Right,TEX_AGG,Undefined,2,Bottom,0,3,1,Fastball,Four-Seam,BallCalled,Walk,Undefined,Undefined,0,0,,92.60154,-2.675599,-3.739478,2249.631859,215.212401,1:15,5.22231,1.78149,6.98032,-15.47111,16.07221,10.59123,1.49269,-0.74171,84.23111,-5.679698,-1.804319,0.404227,,,,,,,,,,,,-6.72367,9.67162,-1.55376,50,5.05139,8.37189,-134.2896,-6.6445,-12.2027,30.74872,-14.62116,TEX_AGG,ARI_SUN,Arlington,D1,SEC,20260301-Arlington-4,546e16e0-15de-11f1-8639-131ccc676290,93.24571,,,8.37043,,,,,,,f5a7e556-a2a9-43cd-af52-c62bb86c0341,2026-03-02,02:20:13.63,2026-03-01T20:20:13.6340480-06:00,2026-03-02T02:20:13.6340480Z,,v3,3032,5035,,"Niclai, Coen",815515,Right,ARI_SUN,bafc8d7d-5a0f-40b4-858f-453270aeefe5,53.51661,-135.09241,15.37436,5.21989,-6.26277,-7.31058,-1.7765,8.69048,-6.10135,,,,,,,,,,,,,,,,,,,,,,,,,,,,,,,,,,,,,,,,,,,,,,,,,,,High,High,High,,,,,,,,,,,,,,,,,,,,,,,,,,,,,,,,,,,,,,,
57,2026-03-01,20:20:49.16,2,1,"Alba, Jaden",814835,Right,ARI_SUN,"Binderup, Blake",702713,Right,TEX_AGG,Undefined,2,Bottom,0,0,0,Fastball,Four-Seam,BallCalled,Undefined,Undefined,Undefined,0,0,,92.25535,-3.073228,-3.361027,2398.605563,195.420144,12:30,5.48253,1.50395,7.11455,-13.26095,18.18863,4.73878,1.58215,-1.15355,84.39883,-5.665775,-2.492912,0.403626,,,,,,,,,,,,-3.48177,10.92579,-1.3059,50,5.29524,7.69021,-133.88549,-7.46838,-6.31412,29.15144,-12.3604,TEX_AGG,ARI_SUN,Arlington,D1,SEC,20260301-Arlington-4,699261c0-15de-11f1-8639-131ccc676290,93.38459,,,7.85652,,,,,,,f5a7e556-a2a9-43cd-af52-c62bb86c0341,2026-03-02,02:20:49.16,2026-03-01T20:20:49.1605504-06:00,2026-03-02T02:20:49.1605504Z,,v3,3032,5035,,"Niclai, Coen",815515,Right,ARI_SUN,10d34e47-db34-4cf8-a359-3bf6be368f1b,53.38334,-134.62015,14.57572,5.47953,-7.15688,-6.1802,-1.50171,7.84934,-3.15706,,,,,,,,,,,,,,,,,,,,,,,,,,,,,,,,,,,,,,,,,,,,,,,,,,,High,High,High,,,,,,,,,,,,,,,,,,,,,,,,,,,,,,,,,,,,,,,
58,2026-03-01,20:21:06.91,2,2,"Alba, Jaden",814835,Right,ARI_SUN,"Binderup, Blake",702713,Right,TEX_AGG,Undefined,2,Bottom,0,1,0,Curveball,Curveball,StrikeCalled,Undefined,Undefined,Undefined,0,0,,73.71934,2.518574,-0.080323,2110.346867,44.62759,7:30,5.53031,1.52136,5.99411,-65.36834,-13.77737,-15.26446,2.41838,0.17489,67.48982,-9.476508,-2.83068,0.516961,,,,,,,,,,,,7.79378,-7.30091,-1.50683,50,5.6933,0.6836,-107.08714,2.72558,8.95692,20.2737,-40.56451,TEX_AGG,ARI_SUN,Arlington,D1,SEC,20260301-Arlington-4,743cca20-15de-11f1-8639-131ccc676290,72.91151,,,6.22952,,,,,,,f5a7e556-a2a9-43cd-af52-c62bb86c0341,2026-03-02,02:21:06.91,2026-03-01T20:21:06.9140480-06:00,2026-03-02T02:21:06.9140480Z,,v3,3032,5035,,"Niclai, Coen",815515,Right,ARI_SUN,e4669082-568f-4d1a-8edf-b1054afb7cfb,54.50874,-107.93736,10.13685,5.54333,4.42674,-20.28226,-1.52762,0.30797,4.47846,,,,,,,,,,,,,,,,,,,,,,,,,,,,,,,,,,,,,,,,,,,,,,,,,,,High,High,High,,,,,,,,,,,,,,,,,,,,,,,,,,,,,,,,,,,,,,,
59,2026-03-01,20:21:26.82,2,3,"Alba, Jaden",814835,Right,ARI_SUN,"Binderup, Blake",702713,Right,TEX_AGG,Undefined,2,Bottom,0,1,1,Slider,Slider,BallCalled,Undefined,Undefined,Undefined,0,0,,84.15715,0.055569,-3.620737,2282.192618,90.064353,9:00,5.35756,1.6481,6.33069,-37.75809,1.22433,-7.4539,2.26232,-2.31152,77.18835,-6.945116,-4.965146,0.449372,,,,,,,,,,,,2.8252,1.0187,-1.38064,50,5.34412,8.00849,-122.11604,-1.06078,4.25116,24.8344,-30.64118,TEX_AGG,ARI_SUN,Arlington,D1,SEC,20260301-Arlington-4,80121df0-15de-11f1-8639-131ccc676290,83.87809,,,6.9688,,,,,,,f5a7e556-a2a9-43cd-af52-c62bb86c0341,2026-03-02,02:21:26.82,2026-03-01T20:21:26.8255232-06:00,2026-03-02T02:21:26.8255232Z,,v3,3032,5035,,"Niclai, Coen",815515,Right,ARI_SUN,a4174a7a-95c3-4307-aef6-5e7e957ad71a,54.16743,-122.96064,12.4172,5.36248,-0.0187,-15.32059,-1.65054,7.86391,2.12558,,,,,,,,,,,,,,,,,,,,,,,,,,,,,,,,,,,,,,,,,,,,,,,,,,,High,High,High,,,,,,,,,,,,,,,,,,,,,,,,,,,,,,,,,,,,,,,
60,2026-03-01,20:21:47.09,2,4,"Alba, Jaden",814835,Right,ARI_SUN,"Binderup, Blake",702713,Right,TEX_AGG,Undefined,2,Bottom,0,2,1,Fastball,Four-Seam,BallCalled,Undefined,Undefined,Undefined,0,0,,91.70621,-2.299676,-4.036491,2273.68006,215.396186,1:15,5.28708,1.81435,6.8808,-15.15576,17.19174,11.4256,1.92227,-0.91771,83.21205,-5.252193,-1.9543,0.409347,,,,,,,,,,,,-7.23685,10.13312,-1.56167,50,5.13509,8.93681,-132.93435,-5.69223,-12.84957,30.55725,-14.18196,TEX_AGG,ARI_SUN,Arlington,D1,SEC,20260301-Arlington-4,8c1cb290-15de-11f1-8639-131ccc676290,92.07941,,,8.49416,,,,,,,f5a7e556-a2a9-43cd-af52-c62bb86c0341,2026-03-02,02:21:47.09,2026-03-01T20:21:47.0919168-06:00,2026-03-02T02:21:47.0919168Z,,v3,3032,5035,,"Niclai, Coen",815515,Right,ARI_SUN,77f0aaa6-c43a-4d84-b0c9-424718c64041,53.61557,-133.76287,15.27863,5.28422,-5.30771,-7.09098,-1.8087,9.28521,-6.42478,,,,,,,,,,,,,,,,,,,,,,,,,,,,,,,,,,,,,,,,,,,,,,,,,,,High,High,High,,,,,,,,,,,,,,,,,,,,,,,,,,,,,,,,,,,,,,,
61,2026-03-01,20:22:05.65,2,5,"Alba, Jaden",814835,Right,ARI_SUN,"Binderup, Blake",702713,Right,TEX_AGG,Undefined,2,Bottom,0,3,1,Fastball,Four-Seam,StrikeCalled,Undefined,Undefined,Undefined,0,0,,91.65285,-3.123335,-2.724277,2422.884001,196.139964,12:30,5.50094,1.65712,7.02014,-12.51327,19.48556,5.33685,1.61372,-0.37578,83.70307,-5.582257,-1.747353,0.407135,,,,,,,,,,,,-3.61906,11.60953,-1.49261,50,5.30557,6.13244,-133.04016,-7.50782,-6.47063,29.18715,-11.41695,TEX_AGG,ARI_SUN,Arlington,D1,SEC,20260301-Arlington-4,973434a0-15de-11f1-8639-131ccc676290,92.57967,,,7.94978,,,,,,,f5a7e556-a2a9-43cd-af52-c62bb86c0341,2026-03-02,02:22:05.65,2026-03-01T20:22:05.6582144-06:00,2026-03-02T02:22:05.6582144Z,,v3,3032,5035,,"Niclai, Coen",815515,Right,ARI_SUN,0e63d46c-d93d-44c6-9a78-007d17646d0a,53.47724,-133.80084,14.59357,5.49736,-7.21027,-5.70847,-1.65463,6.30108,-3.23532,,,,,,,,,,,,,,,,,,,,,,,,,,,,,,,,,,,,,,,,,,,,,,,,,,,High,High,High,,,,,,,,,,,,,,,,,,,,,,,,,,,,,,,,,,,,,,,
62,2026-03-01,20:22:41.86,2,6,"Alba, Jaden",814835,Right,ARI_SUN,"Binderup, Blake",702713,Right,TEX_AGG,Undefined,2,Bottom,0,3,2,Fastball,Four-Seam,FoulBallNotFieldable,Undefined,Undefined,Undefined,0,0,,93.05141,-1.261319,-3.458391,2295.593184,205.097649,12:45,5.42678,1.72161,6.87236,-13.80564,17.37765,7.67044,3.12451,-0.79485,84.84603,-3.954802,-2.059854,0.401913,84.34434,49.034706,125.956039,5103.124418,-79.07396,86.70431,76.46765,235.77563,81.86783,143.776746,4.422377,-5.05851,9.89544,-1.50435,50,5.34113,7.87247,-135.12634,-3.29234,-9.3312,30.07971,-13.92043,TEX_AGG,ARI_SUN,Arlington,D1,SEC,20260301-Arlington-4,acbe6d40-15de-11f1-8639-131ccc676290,93.78257,90.4159,,8.20539,,,,0.98937,2.86259,0.68897,f5a7e556-a2a9-43cd-af52-c62bb86c0341,2026-03-02,02:22:41.86,2026-03-01T20:22:41.8619392-06:00,2026-03-02T02:22:41.8619392Z,FlyBall,v3,3032,5035,,"Niclai, Coen",815515,Right,ARI_SUN,4dd3dbd4-d668-4e3b-878f-dea5b6ea25a5,53.62558,-135.93101,15.03986,5.42422,-2.91995,-6.96021,-1.71829,8.1221,-4.6656,316.146872,0.99447,-47.75042,-3.9338,1.96554,0.21227,-0.42279,0.15014,-0.0225,0.00124,2.86238,93.42194,-30.80278,4.35069,-1.06671,0.31452,-0.08594,0.01396,-0.00091,0.69212,65.58263,-16.11008,3.73219,-0.67953,0.12955,-0.04407,0.00986,-0.00078,,,,,,,,,,,,,,,,,,,,,,,High,High,High,High,Low,,,,,,,,,,,,,,,,,,,,,,,,,,,,,,,,,,,,,
63,2026-03-01,20:23:06.36,2,7,"Alba, Jaden",814835,Right,ARI_SUN,"Binderup, Blake",702713,Right,TEX_AGG,Undefined,2,Bottom,0,3,2,Fastball,Four-Seam,StrikeSwinging,Strikeout,Undefined,Undefined,0,0,,92.10363,-1.502028,-3.625444,2205.990073,191.346897,12:30,5.442,1.53963,6.95977,-15.783,16.09954,3.01732,2.7571,-1.51189,83.72773,-4.566767,-3.074722,0.406395,,,,,,,,,,,,-2.67669,9.33178,-1.31571,50,5.34284,8.35261,-133.65182,-3.87443,-4.8091,30.60904,-15.40795,TEX_AGG,ARI_SUN,Arlington,D1,SEC,20260301-Arlington-4,bb5e2bb0-15de-11f1-8639-131ccc676290,92.74838,,,8.3759,,,,,,,f5a7e556-a2a9-43cd-af52-c62bb86c0341,2026-03-02,02:23:06.36,2026-03-01T20:23:06.3609856-06:00,2026-03-02T02:23:06.3609856Z,,v3,3032,5035,,"Niclai, Coen",815515,Right,ARI_SUN,e9cb1fad-231c-4616-b071-2611580795d2,53.5363,-134.45927,15.30452,5.43969,-3.46797,-7.70397,-1.53772,8.47947,-2.40455,,,,,,,,,,,,,,,,,,,,,,,,,,,,,,,,,,,,,,,,,,,,,,,,,,,High,High,High,,,,,,,,,,,,,,,,,,,,,,,,,,,,,,,,,,,,,,,
64,2026-03-01,20:23:42.95,3,1,"Alba, Jaden",814835,Right,ARI_SUN,"Harrison, Connor",1000339305,Right,TEX_AGG,Undefined,2,Bottom,1,0,0,Sinker,Sinker,HitByPitch,Undefined,Undefined,Undefined,0,0,,92.79224,0.188723,-1.850643,2352.043856,229.186269,1:45,5.313,1.78679,6.63918,-19.22147,12.5365,13.27784,3.88406,1.19856,84.05828,-3.498374,0.565362,0.4056,,,,,,,,,,,,-7.54339,6.85831,-1.66663,50,5.31776,3.8242,-134.83446,-0.09306,-13.75679,31.88381,-19.66665,TEX_AGG,ARI_SUN,Arlington,D1,SEC,20260301-Arlington-4,d1279030-15de-11f1-8639-131ccc676290,92.93008,,,8.73397,,,,,,,f5a7e556-a2a9-43cd-af52-c62bb86c0341,2026-03-02,02:23:42.95,2026-03-01T20:23:42.9561344-06:00,2026-03-02T02:23:42.9561344Z,,v3,3032,5035,,"Niclai, Coen",815515,Right,ARI_SUN,ac2c50aa-52e2-474e-a392-a1a9f0762192,53.85819,-135.74373,15.94191,5.31241,0.46779,-9.83332,-1.78129,4.21652,-6.8784,,,,,,,,,,,,,,,,,,,,,,,,,,,,,,,,,,,,,,,,,,,,,,,,,,,High,High,High,,,,,,,,,,,,,,,,,,,,,,,,,,,,,,,,,,,,,,,
65,2026-03-01,20:24:30.63,4,1,"Alba, Jaden",814835,Right,ARI_SUN,"Farr, Sawyer",820828,Left,TEX_AGG,Undefined,2,Bottom,1,0,0,Curveball,Curveball,StrikeCalled,Undefined,Undefined,Undefined,0,0,,74.23177,2.269472,-1.035607,2213.857367,32.423328,7:00,5.48647,1.63432,6.03689,-65.92547,-14.52394,-10.40658,2.09552,-0.19191,67.25878,-9.859911,-2.912029,0.516012,,,,,,,,,,,,4.97587,-7.64965,-1.54809,50,5.62887,2.31531,-107.70039,2.25914,5.71285,22.63109,-40.95668,TEX_AGG,ARI_SUN,Arlington,D1,SEC,20260301-Arlington-4,edaa73d0-15de-11f1-8639-131ccc676290,73.04573,,,6.97299,,,,,,,f5a7e556-a2a9-43cd-af52-c62bb86c0341,2026-03-02,02:24:30.63,2026-03-01T20:24:30.6389504-06:00,2026-03-02T02:24:30.6389504Z,,v3,3032,5035,,"Niclai, Coen",815515,Right,ARI_SUN,c1067343-6877-48c4-9fb7-83765a966261,54.4638,-108.63432,11.31554,5.50076,3.94932,-20.47834,-1.63877,2.07955,2.85642,,,,,,,,,,,,,,,,,,,,,,,,,,,,,,,,,,,,,,,,,,,,,,,,,,,High,High,High,,,,,,,,,,,,,,,,,,,,,,,,,,,,,,,,,,,,,,,
66,2026-03-01,20:24:49.84,4,2,"Alba, Jaden",814835,Right,ARI_SUN,"Farr, Sawyer",820828,Left,TEX_AGG,Undefined,2,Bottom,1,0,1,Curveball,Curveball,StrikeSwinging,Undefined,Undefined,Undefined,0,0,,75.47126,2.426311,0.3352,2206.929389,34.555329,7:15,5.50519,1.63258,5.709,-64.74657,-14.48698,-11.22371,2.37154,1.00956,68.34927,-9.421483,-1.676826,0.510247,,,,,,,,,,,,5.75784,-7.49453,-1.65383,50,5.66921,-0.21292,-109.44717,2.50933,6.8449,22.90555,-41.08356,TEX_AGG,ARI_SUN,Arlington,D1,SEC,20260301-Arlington-4,f91a4f10-15de-11f1-8639-131ccc676290,73.8709,,,7.12198,,,,,,,f5a7e556-a2a9-43cd-af52-c62bb86c0341,2026-03-02,02:24:49.84,2026-03-01T20:24:49.8427392-06:00,2026-03-02T02:24:49.8427392Z,,v3,3032,5035,,"Niclai, Coen",815515,Right,ARI_SUN,d28248cb-72d9-4286-bf77-f7d5de769312,54.79118,-110.44533,11.45278,5.52085,4.29965,-20.54178,-1.63805,-0.5112,3.42245,,,,,,,,,,,,,,,,,,,,,,,,,,,,,,,,,,,,,,,,,,,,,,,,,,,High,High,High,,,,,,,,,,,,,,,,,,,,,,,,,,,,,,,,,,,,,,,
67,2026-03-01,20:25:11.22,4,3,"Alba, Jaden",814835,Right,ARI_SUN,"Farr, Sawyer",820828,Left,TEX_AGG,Undefined,2,Bottom,1,0,2,Curveball,Curveball,BallinDirt,Undefined,Undefined,Undefined,0,0,,76.37241,1.055506,-0.853522,2264.3618,37.157208,7:15,5.54962,1.59178,5.87765,-62.97527,-14.30761,-12.13843,1.28217,-0.21249,69.55287,-10.465832,-3.038578,0.502102,,,,,,,,,,,,5.91985,-7.1589,-1.51585,50,5.59889,2.09672,-110.88003,0.02804,7.22434,23.4751,-40.9105,TEX_AGG,ARI_SUN,Arlington,D1,SEC,20260301-Arlington-4,05d68070-15df-11f1-8639-131ccc676290,75.06934,,,6.81954,,,,,,,f5a7e556-a2a9-43cd-af52-c62bb86c0341,2026-03-02,02:25:11.22,2026-03-01T20:25:11.2241664-06:00,2026-03-02T02:25:11.2241664Z,,v3,3032,5035,,"Niclai, Coen",815515,Right,ARI_SUN,24d2fc5d-07df-4135-a7b4-1c796179481b,54.62356,-111.85463,11.73755,5.56247,1.72649,-20.45525,-1.59667,1.79679,3.61217,,,,,,,,,,,,,,,,,,,,,,,,,,,,,,,,,,,,,,,,,,,,,,,,,,,High,High,High,,,,,,,,,,,,,,,,,,,,,,,,,,,,,,,,,,,,,,,
68,2026-03-01,20:25:32.30,4,4,"Alba, Jaden",814835,Right,ARI_SUN,"Farr, Sawyer",820828,Left,TEX_AGG,Undefined,2,Bottom,1,1,2,Fastball,Four-Seam,HitByPitch,Undefined,Undefined,Undefined,0,0,,92.24092,-0.338399,-3.603419,2401.380293,165.401369,11:30,5.67003,1.39445,7.16202,-15.20847,16.26572,-3.97299,4.09535,-2.20674,83.99071,-3.305835,-4.330754,0.403784,,,,,,,,,,,,1.07665,9.16867,-1.18287,50,5.64512,8.57897,-133.99751,-1.12519,1.94475,30.72065,-15.61278,TEX_AGG,ARI_SUN,Arlington,D1,SEC,20260301-Arlington-4,1253d410-15df-11f1-8639-131ccc676290,93.34807,,,8.25021,,,,,,,f5a7e556-a2a9-43cd-af52-c62bb86c0341,2026-03-02,02:25:32.30,2026-03-01T20:25:32.3027456-06:00,2026-03-02T02:25:32.3027456Z,,v3,3032,5035,,"Niclai, Coen",815515,Right,ARI_SUN,7beb41ff-0306-4dda-8cfa-2521eebf6120,53.33645,-134.76026,15.36033,5.66824,-0.73754,-7.80639,-1.39527,8.53069,0.97237,,,,,,,,,,,,,,,,,,,,,,,,,,,,,,,,,,,,,,,,,,,,,,,,,,,High,High,High,,,,,,,,,,,,,,,,,,,,,,,,,,,,,,,,,,,,,,,
69,2026-03-01,20:26:22.13,5,1,"Alba, Jaden",814835,Right,ARI_SUN,"Kiel II, Terrence",10069127,Right,TEX_AGG,Undefined,2,Bottom,1,0,0,Curveball,Curveball,StrikeCalled,Undefined,Undefined,Undefined,0,0,,74.29438,2.399972,-1.030368,2270.078972,35.567755,7:15,5.48947,1.77966,6.10894,-64.97039,-14.20894,-11.38178,2.29614,-0.12169,67.81406,-9.550622,-3.084792,0.512789,,,,,,,,,,,,5.51091,-7.49705,-1.69494,50,5.64078,2.33916,-107.88578,2.55853,6.40442,21.21646,-40.88665,TEX_AGG,ARI_SUN,Arlington,D1,SEC,20260301-Arlington-4,3020c3e0-15df-11f1-8639-131ccc676290,73.50482,,,6.48032,,,,,,,f5a7e556-a2a9-43cd-af52-c62bb86c0341,2026-03-02,02:26:22.13,2026-03-01T20:26:22.1389824-06:00,2026-03-02T02:26:22.1389824Z,,v3,3032,5035,,"Niclai, Coen",815515,Right,ARI_SUN,ce2d537b-f06a-436a-ad51-6edbc6d580d5,54.39287,-108.74624,10.60823,5.5034,4.21673,-20.44333,-1.78454,2.07942,3.20221,,,,,,,,,,,,,,,,,,,,,,,,,,,,,,,,,,,,,,,,,,,,,,,,,,,High,High,High,,,,,,,,,,,,,,,,,,,,,,,,,,,,,,,,,,,,,,,
70,2026-03-01,20:26:39.63,5,2,"Alba, Jaden",814835,Right,ARI_SUN,"Kiel II, Terrence",10069127,Right,TEX_AGG,Undefined,2,Bottom,1,0,1,Slider,Slider,BallCalled,Undefined,Undefined,Undefined,0,0,,83.73483,-0.423158,-3.104123,2334.746147,78.153518,8:30,5.33762,1.78729,6.10098,-39.8777,-0.2348,-6.96689,1.62255,-1.66686,76.97898,-7.768672,-4.357497,0.453163,,,,,,,,,,,,2.71307,0.38012,-1.54484,50,5.28425,6.85845,-121.54641,-2.19422,4.04889,24.3584,-31.60679,TEX_AGG,ARI_SUN,Arlington,D1,SEC,20260301-Arlington-4,3a8aa0d0-15df-11f1-8639-131ccc676290,83.17639,,,6.75584,,,,,,,f5a7e556-a2a9-43cd-af52-c62bb86c0341,2026-03-02,02:26:39.63,2026-03-01T20:26:39.6317696-06:00,2026-03-02T02:26:39.6317696Z,,v3,3032,5035,,"Niclai, Coen",815515,Right,ARI_SUN,b9b80bb4-3b09-4ea0-9e78-625eed4df663,54.39793,-122.4246,12.1792,5.34282,-1.0547,-15.8034,-1.78947,6.71247,2.02445,,,,,,,,,,,,,,,,,,,,,,,,,,,,,,,,,,,,,,,,,,,,,,,,,,,High,High,High,,,,,,,,,,,,,,,,,,,,,,,,,,,,,,,,,,,,,,,
71,2026-03-01,20:26:59.62,5,3,"Alba, Jaden",814835,Right,ARI_SUN,"Kiel II, Terrence",10069127,Right,TEX_AGG,Undefined,2,Bottom,1,1,1,Fastball,Four-Seam,StrikeCalled,Undefined,Undefined,Undefined,0,0,,94.00852,-2.017444,-3.313839,2322.090049,217.06925,1:15,5.23321,1.88732,6.73556,-15.57036,15.24162,10.74095,2.0884,-0.24898,85.54719,-5.024366,-1.359085,0.399513,,,,,,,,,,,,-6.60776,8.93749,-1.67243,50,5.09372,7.46451,-136.41289,-5.2089,-12.39137,31.34917,-15.41376,TEX_AGG,ARI_SUN,Arlington,D1,SEC,20260301-Arlington-4,46639e20-15df-11f1-8639-131ccc676290,94.34592,,,8.46133,,,,,,,f5a7e556-a2a9-43cd-af52-c62bb86c0341,2026-03-02,02:26:59.62,2026-03-01T20:26:59.6211200-06:00,2026-03-02T02:26:59.6211200Z,,v3,3032,5035,,"Niclai, Coen",815515,Right,ARI_SUN,ac9216f4-89ff-4b87-adc0-faa32583c597,53.76133,-137.27456,15.67459,5.23107,-4.78524,-7.70688,-1.88228,7.80511,-6.19569,,,,,,,,,,,,,,,,,,,,,,,,,,,,,,,,,,,,,,,,,,,,,,,,,,,High,High,High,,,,,,,,,,,,,,,,,,,,,,,,,,,,,,,,,,,,,,,
72,2026-03-01,20:27:19.01,5,4,"Alba, Jaden",814835,Right,ARI_SUN,"Kiel II, Terrence",10069127,Right,TEX_AGG,Undefined,2,Bottom,1,1,2,Slider,Slider,InPlay,Undefined,GroundBall,Out,1,1,,83.49637,-0.493733,-1.201246,2462.900443,75.362755,8:30,5.40402,2.04992,6.28079,-40.48266,-0.96965,-8.42926,1.57529,0.24016,76.72963,-7.983268,-2.727429,0.45242,54.48451,-36.186795,-10.380187,,,,,3.38339,3.38339,-10.451645,0.032744,4.04953,-0.00161,-1.95737,50,5.34814,2.85762,-121.39213,-2.31927,6.0226,24.50228,-32.17642,TEX_AGG,ARI_SUN,Arlington,D1,SEC,20260301-Arlington-4,51f9ed20-15df-11f1-8639-131ccc676290,83.313,1.5507,,6.76674,,,,1.24215,1.5507,-0.23182,f5a7e556-a2a9-43cd-af52-c62bb86c0341,2026-03-02,02:27:19.01,2026-03-01T20:27:19.0135808-06:00,2026-03-02T02:27:19.0135808Z,GroundBall,v3,3032,5035,,"Niclai, Coen",815515,Right,ARI_SUN,e834104e-ba2f-4f3a-a860-1db8ab5509fd,54.21876,-122.2407,12.25114,5.40916,-1.20493,-16.08821,-2.05272,2.64905,3.0113,,1.24089,63.67931,,,,,,,,1.55164,-47.35876,,,,,,,,-0.23159,-11.66458,,,,,,,,,,,,,,,,,,,,,,,,,,,,,,High,High,High,Estimated,Estimated,,,,,,,,,,,,,,,,,,,,,,,,,,,,,,,,,,,,,
73,2026-03-01,20:28:00.87,6,1,"Alba, Jaden",814835,Right,ARI_SUN,"Sorrell, Caden",811294,Left,TEX_AGG,Undefined,2,Bottom,2,0,0,Slider,Slider,BallCalled,Undefined,Undefined,Undefined,0,0,,84.42516,-0.747873,-1.792536,2437.846924,85.078445,8:45,5.29908,2.14673,6.1088,-38.191,0.57579,-6.80008,1.42458,-0.07801,77.86751,-7.786302,-3.018873,0.448127,,,,,,,,,,,,3.03961,0.83496,-2.00555,50,5.22158,4.09861,-122.71547,-2.84244,4.64159,23.96439,-30.89902,TEX_AGG,ARI_SUN,Arlington,D1,SEC,20260301-Arlington-4,6af18720-15df-11f1-8639-131ccc676290,84.11103,,,6.55765,,,,,,,f5a7e556-a2a9-43cd-af52-c62bb86c0341,2026-03-02,02:28:00.87,2026-03-01T20:28:00.8791040-06:00,2026-03-02T02:28:00.8791040Z,,v3,3032,5035,,"Niclai, Coen",815515,Right,ARI_SUN,a3e42f72-5d35-425e-bf45-67ac92b74ece,54.39109,-123.57,11.9822,5.3033,-1.74063,-15.44951,-2.14875,3.9331,2.3208,,,,,,,,,,,,,,,,,,,,,,,,,,,,,,,,,,,,,,,,,,,,,,,,,,,High,High,High,,,,,,,,,,,,,,,,,,,,,,,,,,,,,,,,,,,,,,,
74,2026-03-01,20:28:19.27,6,2,"Alba, Jaden",814835,Right,ARI_SUN,"Sorrell, Caden",811294,Left,TEX_AGG,Undefined,2,Bottom,2,1,0,Cutter,Slider,StrikeSwinging,Undefined,Undefined,Undefined,0,0,,85.99865,-0.382864,-2.35718,3089.735855,227.005401,1:30,5.49357,1.69074,6.27684,-35.08722,2.49252,1.30516,2.21643,-0.37446,78.20431,-6.919244,-2.121262,0.441213,,,,,,,,,,,,-1.40394,1.80831,-1.51725,50,5.4486,5.08714,-124.8245,-1.95683,-2.19173,27.60016,-29.35105,TEX_AGG,ARI_SUN,Arlington,D1,SEC,20260301-Arlington-4,75e44320-15df-11f1-8639-131ccc676290,85.42914,,,7.79434,,,,,,,f5a7e556-a2a9-43cd-af52-c62bb86c0341,2026-03-02,02:28:19.27,2026-03-01T20:28:19.2736768-06:00,2026-03-02T02:28:19.2736768Z,,v3,3032,5035,,"Niclai, Coen",815515,Right,ARI_SUN,26ec9771-7ba4-4a2f-91ff-f547b555ba4b,54.22009,-125.75414,13.80008,5.49786,-0.96821,-14.67553,-1.68984,5.16097,-1.09587,,,,,,,,,,,,,,,,,,,,,,,,,,,,,,,,,,,,,,,,,,,,,,,,,,,High,High,High,,,,,,,,,,,,,,,,,,,,,,,,,,,,,,,,,,,,,,,
75,2026-03-01,20:28:42.25,6,3,"Alba, Jaden",814835,Right,ARI_SUN,"Sorrell, Caden",811294,Left,TEX_AGG,Undefined,2,Bottom,2,1,1,Cutter,Changeup,StrikeSwinging,Undefined,Undefined,Undefined,0,0,,85.55392,-0.49957,-2.584707,1516.299404,184.353773,12:15,5.41986,1.75631,6.40411,-29.12883,8.77906,0.56736,2.53261,-0.57474,77.47587,-5.987957,-2.482005,0.443135,,,,,,,,,,,,-1.11154,5.14567,-1.57137,50,5.37098,5.5809,-124.11732,-1.94475,-1.71123,27.87542,-24.25217,TEX_AGG,ARI_SUN,Arlington,D1,SEC,20260301-Arlington-4,83992c60-15df-11f1-8639-131ccc676290,85.05856,,,8.07806,,,,,,,f5a7e556-a2a9-43cd-af52-c62bb86c0341,2026-03-02,02:28:42.25,2026-03-01T20:28:42.2503936-06:00,2026-03-02T02:28:42.2503936Z,,v3,3032,5035,,"Niclai, Coen",815515,Right,ARI_SUN,798cd316-b227-4712-b3ea-02d93d03048c,54.09102,-125.03274,13.93771,5.42177,-1.14831,-12.12609,-1.75557,5.6371,-0.85562,,,,,,,,,,,,,,,,,,,,,,,,,,,,,,,,,,,,,,,,,,,,,,,,,,,High,High,High,,,,,,,,,,,,,,,,,,,,,,,,,,,,,,,,,,,,,,,
76,2026-03-01,20:29:03.36,6,4,"Alba, Jaden",814835,Right,ARI_SUN,"Sorrell, Caden",811294,Left,TEX_AGG,Undefined,2,Bottom,2,1,2,Slider,Slider,BallinDirt,Undefined,Undefined,Undefined,0,1,,87.26934,-1.79434,-2.77673,2104.873209,359.510643,6:00,5.32966,1.84317,6.45068,-41.05778,-4.73524,0.05087,0.25721,-0.70562,79.75425,-9.382827,-2.767496,0.43377,,,,,,,,,,,,-0.89886,-1.59866,-1.64651,50,5.18438,6.14101,-126.65535,-5.29599,-1.4421,28.84781,-34.73884,TEX_AGG,ARI_SUN,Arlington,D1,SEC,20260301-Arlington-4,902d6360-15df-11f1-8639-131ccc676290,86.89497,,,7.5151,,,,,,,f5a7e556-a2a9-43cd-af52-c62bb86c0341,2026-03-02,02:29:03.36,2026-03-01T20:29:03.3665024-06:00,2026-03-02T02:29:03.3665024Z,,v3,3032,5035,,"Niclai, Coen",815515,Right,ARI_SUN,74d780af-6168-4adc-806d-8bf206d0b3a9,54.04876,-127.57418,14.42391,5.33545,-4.18952,-17.36942,-1.84283,6.18694,-0.72105,,,,,,,,,,,,,,,,,,,,,,,,,,,,,,,,,,,,,,,,,,,,,,,,,,,High,High,High,,,,,,,,,,,,,,,,,,,,,,,,,,,,,,,,,,,,,,,
77,2026-03-01,20:29:39.76,6,5,"Alba, Jaden",814835,Right,ARI_SUN,"Sorrell, Caden",811294,Left,TEX_AGG,Undefined,2,Bottom,2,2,2,Slider,Slider,HitByPitch,Undefined,Undefined,Undefined,0,0,,84.83475,-2.485464,-3.522727,2805.984948,84.438062,8:45,5.55101,1.75308,6.26842,-38.03719,0.36642,-8.1454,0.08412,-2.1774,78.45825,-9.463341,-4.993065,0.446023,,,,,,,,,,,,3.28067,1.2039,-1.48825,50,5.34812,7.87417,-123.05252,-6.55148,5.02481,24.65975,-30.33009,TEX_AGG,ARI_SUN,Arlington,D1,SEC,20260301-Arlington-4,a5d6e3d0-15df-11f1-8639-131ccc676290,84.50779,,,6.37651,,,,,,,f5a7e556-a2a9-43cd-af52-c62bb86c0341,2026-03-02,02:29:39.76,2026-03-01T20:29:39.7635072-06:00,2026-03-02T02:29:39.7635072Z,,v3,3032,5035,,"Niclai, Coen",815515,Right,ARI_SUN,94eedf8f-8868-42e9-bef4-c7b51e96fd6c,54.23188,-123.89768,12.32987,5.55484,-5.51198,-15.16505,-1.75517,7.70196,2.5124,,,,,,,,,,,,,,,,,,,,,,,,,,,,,,,,,,,,,,,,,,,,,,,,,,,High,High,High,,,,,,,,,,,,,,,,,,,,,,,,,,,,,,,,,,,,,,,
78,2026-03-01,20:30:53.78,7,1,"Alba, Jaden",814835,Right,ARI_SUN,"Grahovac, Gavin",800606,Right,TEX_AGG,Undefined,2,Bottom,2,0,0,Curveball,Curveball,InPlay,Undefined,GroundBall,Single,0,1,,75.12365,2.331105,0.252156,2260.75871,45.981053,7:30,5.57114,1.39723,5.86515,-61.27082,-11.29481,-13.40733,2.63191,0.51419,68.58105,-8.90603,-2.157059,0.508806,105.27016,3.653708,-29.703077,3052.180674,,,,74.73195,71.36765,-31.18141,0.511823,6.94741,-6.03823,-1.40974,50,5.72438,-0.00069,-109.08116,2.53076,8.27768,21.17746,-39.36851,TEX_AGG,ARI_SUN,Arlington,D1,SEC,20260301-Arlington-4,d1fe4bb0-15df-11f1-8639-131ccc676290,74.08018,3.37427,,6.5426,,,,1.54403,2.59412,-0.34891,f5a7e556-a2a9-43cd-af52-c62bb86c0341,2026-03-02,02:30:53.78,2026-03-01T20:30:53.7835520-06:00,2026-03-02T02:30:53.7835520Z,GroundBall,v3,3032,5035,,"Niclai, Coen",815515,Right,ARI_SUN,ac20f7cd-4a79-4e4d-9c76-0a00b2db59ab,54.63665,-109.97765,10.58873,5.58197,4.19733,-19.68426,-1.40229,-0.35111,4.13884,40.984707,1.56251,133.35268,-22.51236,,,,,,,2.62473,9.03297,-27.77778,,,,,,,-0.34114,-76.55588,3.14803,,,,,,,,,,,,,,,,,,,,,,,,,,,,,High,High,High,High,High,,,,,,,,,,,,,,,,,,,,,,,,,,,,,,,,,,,,,
79,2026-03-01,20:31:35.86,8,1,"Alba, Jaden",814835,Right,ARI_SUN,"Duer, Jake",808786,Left,TEX_AGG,Undefined,2,Bottom,2,0,0,Cutter,Changeup,BallCalled,Undefined,Undefined,Undefined,0,0,,85.36718,-0.924447,-1.080331,1434.842077,205.759416,12:45,5.45934,1.94921,6.23387,-32.16525,5.63359,2.1502,1.92587,1.13167,78.362,-6.909751,-0.691499,0.442497,,,,,,,,,,,,-1.40984,3.56642,-1.86963,50,5.37469,2.25551,-124.06603,-3.01676,-2.19737,24.82892,-26.61546,TEX_AGG,ARI_SUN,Arlington,D1,SEC,20260301-Arlington-4,eb124750-15df-11f1-8639-131ccc676290,85.18114,,,7.00518,,,,,,,f5a7e556-a2a9-43cd-af52-c62bb86c0341,2026-03-02,02:31:35.86,2026-03-01T20:31:35.8651392-06:00,2026-03-02T02:31:35.8651392Z,,v3,3032,5035,,"Niclai, Coen",815515,Right,ARI_SUN,8977ae39-0680-4d06-91f9-02447ad8a3bf,54.26327,-124.91631,12.41446,5.46239,-2.1053,-13.30773,-1.94816,2.33076,-1.09868,,,,,,,,,,,,,,,,,,,,,,,,,,,,,,,,,,,,,,,,,,,,,,,,,,,High,High,High,,,,,,,,,,,,,,,,,,,,,,,,,,,,,,,,,,,,,,,
80,2026-03-01,20:31:53.24,8,2,"Alba, Jaden",814835,Right,ARI_SUN,"Duer, Jake",808786,Left,TEX_AGG,Undefined,2,Bottom,2,1,0,Curveball,Curveball,StrikeCalled,Undefined,Undefined,Undefined,0,0,,75.52734,1.914553,0.631797,2267.151573,42.235013,7:30,5.49434,1.74727,5.84032,-62.56653,-13.19938,-13.44158,2.06057,1.21433,69.19274,-9.530389,-1.784476,0.505697,,,,,,,,,,,,7.0291,-6.77662,-1.79094,50,5.61399,-0.71781,-109.71789,1.67085,8.49116,21.0434,-40.36023,TEX_AGG,ARI_SUN,Arlington,D1,SEC,20260301-Arlington-4,f583ec70-15df-11f1-8639-131ccc676290,74.53561,,,6.3346,,,,,,,f5a7e556-a2a9-43cd-af52-c62bb86c0341,2026-03-02,02:31:53.24,2026-03-01T20:31:53.2419584-06:00,2026-03-02T02:31:53.2419584Z,,v3,3032,5035,,"Niclai, Coen",815515,Right,ARI_SUN,bfeba354-bae7-4759-8664-1a54f3ca3fa9,54.6619,-110.60841,10.5217,5.50714,3.37882,-20.18012,-1.75296,-1.07714,4.24558,,,,,,,,,,,,,,,,,,,,,,,,,,,,,,,,,,,,,,,,,,,,,,,,,,,High,High,High,,,,,,,,,,,,,,,,,,,,,,,,,,,,,,,,,,,,,,,
81,2026-03-01,20:32:13.37,8,3,"Alba, Jaden",814835,Right,ARI_SUN,"Duer, Jake",808786,Left,TEX_AGG,Undefined,2,Bottom,2,1,1,Fastball,Four-Seam,InPlay,Undefined,GroundBall,Out,1,0,,92.06152,-1.651733,-2.92494,2462.07853,183.745673,12:00,5.60223,1.72312,7.04093,-13.59209,17.90588,1.10925,2.96672,-0.84382,84.40427,-4.303138,-2.721969,0.403936,78.11646,-39.241311,15.520061,,,,,4.62939,4.62939,23.278981,0.04016,-1.39272,10.33961,-1.54637,50,5.49712,6.79716,-133.81838,-4.15381,-2.5301,28.37498,-13.39015,TEX_AGG,ARI_SUN,Arlington,D1,SEC,20260301-Arlington-4,01663890-15e0-11f1-8639-131ccc676290,93.31288,2.9206,,7.65725,,,,0.80716,2.9206,0.87279,f5a7e556-a2a9-43cd-af52-c62bb86c0341,2026-03-02,02:32:13.37,2026-03-01T20:32:13.3713408-06:00,2026-03-02T02:32:13.3713408Z,GroundBall,v3,3032,5035,,"Niclai, Coen",815515,Right,ARI_SUN,b67c6f7f-546f-4dbb-aa85-6f5766d49bd8,53.45769,-134.54955,14.18749,5.59971,-3.80877,-6.69507,-1.72236,6.86236,-1.26505,,0.80527,85.7907,,,,,,,,2.9222,-72.724,,,,,,,,0.87227,23.82422,,,,,,,,,,,,,,,,,,,,,,,,,,,,,,High,High,High,Estimated,Estimated,,,,,,,,,,,,,,,,,,,,,,,,,,,,,,,,,,,,,
82,2026-03-01,20:34:25.35,1,1,"Sims, Aiden",831365,Right,TEX_AGG,"Hairston, Landon",815408,Left,ARI_SUN,Undefined,3,Top,0,0,0,Slider,Slider,StrikeCalled,Undefined,Undefined,Undefined,0,0,,81.96034,0.916819,-1.64837,2811.729762,78.462298,8:30,5.536,3.72105,5.2524,-45.27979,-2.3961,-18.52781,2.62459,0.62778,74.91744,-7.31336,-4.932553,0.471322,,,,,,,,,,,,8.71993,-1.00913,-3.55588,50,5.58683,4.20949,-118.88161,0.24574,12.38544,24.38645,-33.6074,TEX_AGG,ARI_SUN,Arlington,D1,SEC,20260301-Arlington-4,5020f1f0-15e0-11f1-8639-131ccc676290,79.97178,,,7.0429,,,,,,,f5a7e556-a2a9-43cd-af52-c62bb86c0341,2026-03-02,02:34:25.35,2026-03-01T20:34:25.3565440-06:00,2026-03-02T02:34:25.3565440Z,,v3,3032,5035,,"Harrison, Connor",1000339305,Right,TEX_AGG,2dbcfe4d-0462-40b6-a29d-3a6a589d7d49,55.24645,-119.953,12.19323,5.5436,1.72224,-16.8037,-3.72886,3.66535,6.19272,,,,,,,,,,,,,,,,,,,,,,,,,,,,,,,,,,,,,,,,,,,,,,,,,,,High,High,High,,,,,,,,,,,,,,,,,,,,,,,,,,,,,,,,,,,,,,,
83,2026-03-01,20:34:40.12,1,2,"Sims, Aiden",831365,Right,TEX_AGG,"Hairston, Landon",815408,Left,ARI_SUN,Undefined,3,Top,0,0,1,Sinker,Four-Seam,InPlay,Undefined,GroundBall,Out,1,0,,93.88333,-1.569862,-3.637724,2357.693612,227.61597,1:30,5.87148,3.08361,5.56408,-16.29851,16.01241,16.3593,3.04339,1.04398,85.31188,-4.654524,-0.726445,0.409115,86.04446,-15.454567,-3.389437,,,,,11.29862,10.62,-8.46905,0.088439,-9.33985,8.8728,-2.78059,50,5.72534,7.8901,-136.00101,-4.27305,-17.42537,30.90464,-15.62005,TEX_AGG,ARI_SUN,Arlington,D1,SEC,20260301-Arlington-4,58dc5b90-15e0-11f1-8639-131ccc676290,92.13154,2.98206,,8.57145,,,,0.40813,2.98206,-1.0263,f5a7e556-a2a9-43cd-af52-c62bb86c0341,2026-03-02,02:34:40.12,2026-03-01T20:34:40.1227264-06:00,2026-03-02T02:34:40.1227264Z,GroundBall,v3,3032,5035,,"Harrison, Connor",1000339305,Right,TEX_AGG,08b1bff2-8018-4d2e-ba6e-a0177c878774,54.93426,-137.11767,15.45232,5.86954,-3.70865,-7.81002,-3.07705,8.51973,-8.71268,180,0.40349,121.74851,,,,,,,,2.98334,-33.71889,,,,,,,,-1.02603,-7.21067,,,,,,,,,,,,,,,,,,,,,,,,,,,,,,High,High,High,High,High,,,,,,,,,,,,,,,,,,,,,,,,,,,,,,,,,,,,,
84,2026-03-01,20:35:13.79,2,1,"Sims, Aiden",831365,Right,TEX_AGG,"Moutzouridis, P.J.",814349,Right,ARI_SUN,Undefined,3,Top,1,0,0,Cutter,Slider,BallCalled,Undefined,Undefined,Undefined,0,0,,88.38779,-2.359992,-5.384472,2729.470368,176.962142,12:00,5.69143,3.04517,5.86619,-28.44313,7.43166,-0.33862,1.11796,-1.99956,81.7389,-7.576541,-5.444782,0.431088,,,,,,,,,,,,-1.21421,4.7528,-2.60765,50,5.48281,12.06369,-127.84166,-6.26299,-2.02427,24.53882,-24.25052,TEX_AGG,ARI_SUN,Arlington,D1,SEC,20260301-Arlington-4,6cf88540-15e0-11f1-8639-131ccc676290,87.43558,,,6.64889,,,,,,,f5a7e556-a2a9-43cd-af52-c62bb86c0341,2026-03-02,02:35:13.79,2026-03-01T20:35:13.7994240-06:00,2026-03-02T02:35:13.7994240Z,,v3,3032,5035,,"Harrison, Connor",1000339305,Right,TEX_AGG,256776c9-0186-482e-82b0-c03701318abe,54.63208,-128.7277,12.26941,5.69314,-5.38735,-12.12526,-3.04457,12.13679,-1.01214,,,,,,,,,,,,,,,,,,,,,,,,,,,,,,,,,,,,,,,,,,,,,,,,,,,High,High,High,,,,,,,,,,,,,,,,,,,,,,,,,,,,,,,,,,,,,,,
85,2026-03-01,20:35:28.71,2,2,"Sims, Aiden",831365,Right,TEX_AGG,"Moutzouridis, P.J.",814349,Right,ARI_SUN,Undefined,3,Top,1,1,0,Sinker,Four-Seam,InPlay,Undefined,GroundBall,Out,1,0,,94.39496,-2.392632,-4.502581,2548.938962,228.957429,1:45,5.86232,2.99216,5.56198,-13.89544,18.33186,19.733,2.46088,0.42145,85.2593,-5.060497,-0.996323,0.408586,94.06617,-12.942628,-43.746187,,,,,12.02903,11.88608,-40.182558,0.082534,-11.3693,10.33398,-2.61636,50,5.64639,9.82506,-136.4656,-6.1445,-21.23769,32.67367,-12.87033,TEX_AGG,ARI_SUN,Arlington,D1,SEC,20260301-Arlington-4,75d866d0-15e0-11f1-8639-131ccc676290,92.25097,2.55508,,9.13567,,,,1.1583,2.55508,-0.0737,f5a7e556-a2a9-43cd-af52-c62bb86c0341,2026-03-02,02:35:28.71,2026-03-01T20:35:28.7139328-06:00,2026-03-02T02:35:28.7139328Z,GroundBall,v3,3032,5035,,"Harrison, Connor",1000339305,Right,TEX_AGG,823139f7-7f96-43e9-971d-bb9a7e53205a,54.93624,-137.6424,16.33683,5.85934,-5.68095,-6.43516,-2.984,10.58997,-10.61885,,1.15591,97.31462,,,,,,,,2.55584,-30.95782,,,,,,,,-0.0714,-93.14607,,,,,,,,,,,,,,,,,,,,,,,,,,,,,,High,High,High,Low,Low,,,,,,,,,,,,,,,,,,,,,,,,,,,,,,,,,,,,,
86,2026-03-01,20:36:06.29,3,1,"Sims, Aiden",831365,Right,TEX_AGG,"Toigo, Dean",831025,Left,ARI_SUN,Undefined,3,Top,2,0,0,ChangeUp,Splitter,StrikeCalled,Undefined,Undefined,Undefined,0,0,,85.9806,0.490754,-5.25195,1151.846897,259.731367,2:45,5.55216,3.63198,5.45914,-34.31955,4.36992,17.19706,3.1535,0.1353,78.41524,-5.806122,-2.207068,0.44768,,,,,,,,,,,,-10.05201,2.4689,-3.17995,50,5.57223,10.67579,-124.34525,-0.17514,-15.73939,24.91324,-28.30828,TEX_AGG,ARI_SUN,Arlington,D1,SEC,20260301-Arlington-4,8c4648b0-15e0-11f1-8639-131ccc676290,84.19503,,,7.56536,,,,,,,f5a7e556-a2a9-43cd-af52-c62bb86c0341,2026-03-02,02:36:06.29,2026-03-01T20:36:06.2975488-06:00,2026-03-02T02:36:06.2975488Z,,v3,3032,5035,,"Harrison, Connor",1000339305,Right,TEX_AGG,828737b7-8330-441d-b336-da8f6dbda656,55.03895,-125.35076,12.45662,5.55624,0.9674,-14.15414,-3.62365,11.31104,-7.86969,,,,,,,,,,,,,,,,,,,,,,,,,,,,,,,,,,,,,,,,,,,,,,,,,,,High,High,High,,,,,,,,,,,,,,,,,,,,,,,,,,,,,,,,,,,,,,,
87,2026-03-01,20:36:20.18,3,2,"Sims, Aiden",831365,Right,TEX_AGG,"Toigo, Dean",831025,Left,ARI_SUN,Undefined,3,Top,2,0,1,Slider,Slider,StrikeCalled,Undefined,Undefined,Undefined,0,0,,83.28917,0.206122,-1.42752,2979.688289,87.163051,9:00,5.39382,3.695,5.33607,-41.00321,0.37736,-19.44084,2.17033,0.73539,76.14375,-7.267129,-4.880049,0.462988,,,,,,,,,,,,9.27808,0.56551,-3.55198,50,5.38326,3.84235,-120.8428,-1.05658,13.61605,25.20721,-31.34415,TEX_AGG,ARI_SUN,Arlington,D1,SEC,20260301-Arlington-4,9495aa10-15e0-11f1-8639-131ccc676290,81.41129,,,7.14543,,,,,,,f5a7e556-a2a9-43cd-af52-c62bb86c0341,2026-03-02,02:36:20.18,2026-03-01T20:36:20.1832448-06:00,2026-03-02T02:36:20.1832448Z,,v3,3032,5035,,"Harrison, Connor",1000339305,Right,TEX_AGG,4b2f2e22-f44d-4192-be69-71f46975b57e,55.16244,-121.9149,12.60361,5.39985,0.27654,-15.67207,-3.70309,3.26324,6.80803,,,,,,,,,,,,,,,,,,,,,,,,,,,,,,,,,,,,,,,,,,,,,,,,,,,High,High,High,,,,,,,,,,,,,,,,,,,,,,,,,,,,,,,,,,,,,,,
88,2026-03-01,20:36:36.62,3,3,"Sims, Aiden",831365,Right,TEX_AGG,"Toigo, Dean",831025,Left,ARI_SUN,Undefined,3,Top,2,0,2,ChangeUp,Splitter,BallinDirt,Undefined,Undefined,Undefined,0,0,,85.03456,-1.878657,-4.821283,1137.685402,285.949194,3:30,5.44921,3.60103,5.59902,-43.57361,-4.21973,19.18662,0.05734,0.6882,78.17406,-9.791469,-1.400168,0.451508,,,,,,,,,,,,-11.14111,-1.26323,-3.20007,50,5.25912,9.59489,-123.08711,-5.62182,-17.0557,24.91615,-34.10792,TEX_AGG,ARI_SUN,Arlington,D1,SEC,20260301-Arlington-4,9e558b60-15e0-11f1-8639-131ccc676290,83.48127,,,6.86051,,,,,,,f5a7e556-a2a9-43cd-af52-c62bb86c0341,2026-03-02,02:36:36.62,2026-03-01T20:36:36.6205952-06:00,2026-03-02T02:36:36.6205952Z,,v3,3032,5035,,"Harrison, Connor",1000339305,Right,TEX_AGG,e5002e33-ecb2-4f51-b089-be9c3fa5c353,54.90249,-124.07554,12.45807,5.4553,-4.26876,-17.05396,-3.59412,10.27149,-8.52785,,,,,,,,,,,,,,,,,,,,,,,,,,,,,,,,,,,,,,,,,,,,,,,,,,,High,High,High,,,,,,,,,,,,,,,,,,,,,,,,,,,,,,,,,,,,,,,
89,2026-03-01,20:36:56.12,3,4,"Sims, Aiden",831365,Right,TEX_AGG,"Toigo, Dean",831025,Left,ARI_SUN,Undefined,3,Top,2,1,2,ChangeUp,Splitter,FoulBallNotFieldable,Undefined,Undefined,Undefined,0,0,,85.05934,0.95968,-4.029592,1044.80811,281.729955,3:30,5.51103,3.49533,5.54043,-41.45431,-1.98374,15.88969,2.95573,1.04717,77.39216,-6.630824,-1.203096,0.452177,,,,,,,,,,,,-9.27189,-0.95299,-3.15664,50,5.56659,8.01893,-123.21312,0.57615,-14.16488,25.90313,-33.62995,TEX_AGG,ARI_SUN,Arlington,D1,SEC,20260301-Arlington-4,a9f7e850-15e0-11f1-8639-131ccc676290,83.35779,,,7.66717,,,,,,,f5a7e556-a2a9-43cd-af52-c62bb86c0341,2026-03-02,02:36:56.12,2026-03-01T20:36:56.1220608-06:00,2026-03-02T02:36:56.1220608Z,,v3,3032,5035,,"Harrison, Connor",1000339305,Right,TEX_AGG,b43ec795-6f67-408b-baea-1d35dca6a040,54.95978,-124.25144,12.95156,5.51648,1.9242,-16.81498,-3.48946,8.58672,-7.08244,,,,,,,,,,,,,,,,,,,,,,,,,,,,,,,,,,,,,,,,,,,,,,,,,,,High,High,High,,,,,,,,,,,,,,,,,,,,,,,,,,,,,,,,,,,,,,,
90,2026-03-01,20:37:24.71,3,5,"Sims, Aiden",831365,Right,TEX_AGG,"Toigo, Dean",831025,Left,ARI_SUN,Undefined,3,Top,2,1,2,Slider,Slider,InPlay,Undefined,FlyBall,Out,1,0,,82.28984,0.241777,-1.985559,3009.646479,80.096393,8:45,5.37745,3.50652,5.41176,-44.02246,-1.42539,-16.59308,1.93556,0.26285,74.78374,-7.793695,-4.93565,0.469744,83.68755,49.70422,-4.287517,5373.906771,108.04467,110.66108,-20.64789,235.28261,234.27515,-14.923587,5.605387,7.74111,-0.39665,-3.31783,50,5.36827,4.81774,-119.29416,-1.05448,10.982,26.27545,-32.73679,TEX_AGG,ARI_SUN,Arlington,D1,SEC,20260301-Arlington-4,bb07bc60-15e0-11f1-8639-131ccc676290,80.2404,117.83612,,7.50609,,,,1.97844,2.06766,-0.32623,f5a7e556-a2a9-43cd-af52-c62bb86c0341,2026-03-02,02:37:24.71,2026-03-01T20:37:24.7190528-06:00,2026-03-02T02:37:24.7190528Z,FlyBall,v3,3032,5035,,"Harrison, Connor",1000339305,Right,TEX_AGG,854a327b-99de-4ca0-a9a9-b05b3417cc20,55.08699,-120.4094,13.13772,5.38354,0.335,-16.36839,-3.51242,4.35162,5.491,161.83105,1.98257,79.07358,-20.15973,5.09465,-0.72792,-0.00781,0.0235,-0.00356,0.00017,2.06225,93.70474,-22.2585,1.79342,-0.26345,0.01967,0.00577,-0.00156,0.0001,-0.32543,-5.95353,-4.40526,1.64037,-0.3245,0.01795,0.00653,-0.00134,8E-05,,,,,,,,,,,,,,,,,,,,,,,High,High,High,High,Low,,,,,,,,,,,,,,,,,,,,,,,,,,,,,,,,,,,,,
91,2026-03-01,20:39:54.55,1,1,"Alba, Jaden",814835,Right,ARI_SUN,"Kellner, Boston",828162,Right,TEX_AGG,Undefined,3,Bottom,0,0,0,Slider,Slider,StrikeCalled,Undefined,Undefined,Undefined,0,0,,82.3884,0.085195,-1.341498,2453.745905,93.664284,9:00,5.35037,2.34611,6.21559,-38.90955,1.6739,-6.78426,2.18655,0.54257,75.75585,-7.12448,-2.567304,0.458507,,,,,,,,,,,,3.14173,1.23528,-2.2424,50,5.33751,3.0577,-119.77422,-1.03386,4.56368,23.14383,-30.37971,TEX_AGG,ARI_SUN,Arlington,D1,SEC,20260301-Arlington-4,14542600-15e1-11f1-8639-131ccc676290,82.20692,,,6.63254,,,,,,,f5a7e556-a2a9-43cd-af52-c62bb86c0341,2026-03-02,02:39:54.55,2026-03-01T20:39:54.5590272-06:00,2026-03-02T02:39:54.5590272Z,,v3,3032,5035,,"Niclai, Coen",815515,Right,ARI_SUN,ff172959-f405-4380-81e3-b6f436726465,54.28315,-120.599,11.57192,5.35506,0.0488,-15.18986,-2.34847,2.89506,2.28184,,,,,,,,,,,,,,,,,,,,,,,,,,,,,,,,,,,,,,,,,,,,,,,,,,,High,High,High,,,,,,,,,,,,,,,,,,,,,,,,,,,,,,,,,,,,,,,
92,2026-03-01,20:40:11.71,1,2,"Alba, Jaden",814835,Right,ARI_SUN,"Kellner, Boston",828162,Right,TEX_AGG,Undefined,3,Bottom,0,0,1,Curveball,Curveball,InPlay,Undefined,GroundBall,Out,1,0,,73.96809,1.630592,-1.290994,2206.289977,40.405453,7:15,5.5865,1.74759,6.19293,-64.41224,-13.13883,-12.71194,1.72499,-0.50381,67.37435,-10.234818,-3.590565,0.515368,83.91772,-10.437024,-16.241042,,,,,10.3294,9.54066,-11.238914,0.075382,6.15666,-6.84008,-1.64417,50,5.67745,2.85138,-107.41625,1.17252,7.05161,22.02296,-40.00842,TEX_AGG,ARI_SUN,Arlington,D1,SEC,20260301-Arlington-4,1e954540-15e1-11f1-8639-131ccc676290,73.13693,1.68329,,6.59373,,,,1.35771,1.68329,0.54258,f5a7e556-a2a9-43cd-af52-c62bb86c0341,2026-03-02,02:40:11.71,2026-03-01T20:40:11.7130240-06:00,2026-03-02T02:40:11.7130240Z,GroundBall,v3,3032,5035,,"Niclai, Coen",815515,Right,ARI_SUN,32109d78-2267-4038-b39c-de22c508ae2e,54.30853,-108.296,11.01148,5.59869,2.77074,-20.00421,-1.75244,2.56969,3.5258,180,1.35558,116.38819,,,,,,,,1.6837,-22.3301,,,,,,,,0.5432,-33.90432,,,,,,,,,,,,,,,,,,,,,,,,,,,,,,High,High,High,High,High,,,,,,,,,,,,,,,,,,,,,,,,,,,,,,,,,,,,,
93,2026-03-01,20:40:50.55,2,1,"Alba, Jaden",814835,Right,ARI_SUN,"Partida, Nicholas",10100750,Right,TEX_AGG,Undefined,3,Bottom,1,0,0,Slider,Slider,StrikeCalled,Undefined,Undefined,Undefined,0,0,,82.08558,0.812449,-1.314322,2256.254783,84.494755,8:45,5.30687,2.21487,6.15357,-40.58542,0.47075,-8.30953,2.67563,0.30789,75.28481,-6.704361,-2.813314,0.461169,,,,,,,,,,,,3.91008,0.42996,-2.11095,50,5.34809,3.05163,-119.29353,0.40855,5.62486,23.31705,-31.55552,TEX_AGG,ARI_SUN,Arlington,D1,SEC,20260301-Arlington-4,35b1b6a0-15e1-11f1-8639-131ccc676290,81.7323,,,6.80077,,,,,,,f5a7e556-a2a9-43cd-af52-c62bb86c0341,2026-03-02,02:40:50.55,2026-03-01T20:40:50.5559040-06:00,2026-03-02T02:40:50.5559040Z,,v3,3032,5035,,"Niclai, Coen",815515,Right,ARI_SUN,e1668bb5-59bd-476f-a61c-4b6c7774bafb,54.34487,-120.13977,11.65852,5.31248,1.55379,-15.77776,-2.218,2.84749,2.81243,,,,,,,,,,,,,,,,,,,,,,,,,,,,,,,,,,,,,,,,,,,,,,,,,,,High,High,High,,,,,,,,,,,,,,,,,,,,,,,,,,,,,,,,,,,,,,,
94,2026-03-01,20:41:10.15,2,2,"Alba, Jaden",814835,Right,ARI_SUN,"Partida, Nicholas",10100750,Right,TEX_AGG,Undefined,3,Bottom,1,0,1,Slider,Slider,InPlay,Undefined,GroundBall,Out,1,0,,83.64524,1.080925,-0.617629,2471.332373,63.224205,8:00,5.29222,2.16659,6.19224,-43.78809,-4.12221,-10.71756,2.64134,0.70322,76.35672,-7.024513,-2.553857,0.453294,84.68088,-25.374691,-31.867299,,,,,6.9855,6.9855,-31.192701,0.049177,5.37429,-2.0889,-2.1148,50,5.35173,1.71749,-121.56108,0.8741,7.97891,25.57011,-35.27533,TEX_AGG,ARI_SUN,Arlington,D1,SEC,20260301-Arlington-4,41618110-15e1-11f1-8639-131ccc676290,83.15229,2.62406,,7.28851,,,,1.27695,2.62406,-0.69698,f5a7e556-a2a9-43cd-af52-c62bb86c0341,2026-03-02,02:41:10.15,2026-03-01T20:41:10.1509120-06:00,2026-03-02T02:41:10.1509120Z,GroundBall,v3,3032,5035,,"Niclai, Coen",815515,Right,ARI_SUN,6b213c7c-6380-4be9-b125-cff5be94c64d,54.30741,-122.46378,12.78506,5.29889,2.11943,-17.63767,-2.17046,1.43581,3.98945,,1.27503,95.54554,,,,,,,,2.62513,-53.35934,,,,,,,,-0.69578,-59.39623,,,,,,,,,,,,,,,,,,,,,,,,,,,,,,High,High,High,Estimated,Estimated,,,,,,,,,,,,,,,,,,,,,,,,,,,,,,,,,,,,,
95,2026-03-01,20:41:47.05,3,1,"Alba, Jaden",814835,Right,ARI_SUN,"Binderup, Blake",702713,Right,TEX_AGG,Undefined,3,Bottom,2,0,0,Curveball,Curveball,BallCalled,Undefined,Undefined,Undefined,0,0,,73.56486,4.409359,-0.035689,2201.896343,41.125899,7:15,5.59844,1.7681,6.66834,-66.69704,-15.60355,-15.21068,4.08254,0.46789,66.43361,-8.02647,-2.805278,0.514463,,,,,,,,,,,,7.8913,-8.95343,-1.76091,50,5.87037,0.57173,-106.69197,6.37649,8.91757,21.71444,-42.2919,TEX_AGG,ARI_SUN,Arlington,D1,SEC,20260301-Arlington-4,57742390-15e1-11f1-8639-131ccc676290,73.26558,,,7.13125,,,,,,,f5a7e556-a2a9-43cd-af52-c62bb86c0341,2026-03-02,02:41:47.05,2026-03-01T20:41:47.0570496-06:00,2026-03-02T02:41:47.0570496Z,,v3,3032,5035,,"Niclai, Coen",815515,Right,ARI_SUN,5977bf3f-2655-4cad-a65b-126007ee7885,53.83335,-107.46931,10.85722,5.615,7.89048,-21.14595,-1.77566,0.25249,4.45879,,,,,,,,,,,,,,,,,,,,,,,,,,,,,,,,,,,,,,,,,,,,,,,,,,,High,High,High,,,,,,,,,,,,,,,,,,,,,,,,,,,,,,,,,,,,,,,
96,2026-03-01,20:42:02.96,3,2,"Alba, Jaden",814835,Right,ARI_SUN,"Binderup, Blake",702713,Right,TEX_AGG,Undefined,3,Bottom,2,1,0,Slider,Slider,StrikeCalled,Undefined,Undefined,Undefined,0,0,,82.95129,0.229077,-0.767496,2297.783218,75.245011,8:30,5.30616,2.10403,6.22631,-41.23872,-1.2148,-9.25997,2.08097,0.6242,76.2683,-7.400169,-2.441953,0.455335,,,,,,,,,,,,4.58792,-0.31421,-2.04227,50,5.303,1.96232,-120.62891,-0.82454,6.75363,23.6768,-32.63656,TEX_AGG,ARI_SUN,Arlington,D1,SEC,20260301-Arlington-4,60dbabb0-15e1-11f1-8639-131ccc676290,82.77954,,,6.68299,,,,,,,f5a7e556-a2a9-43cd-af52-c62bb86c0341,2026-03-02,02:42:02.96,2026-03-01T20:42:02.9631488-06:00,2026-03-02T02:42:02.9631488Z,,v3,3032,5035,,"Niclai, Coen",815515,Right,ARI_SUN,c4297081-7ffe-48af-8872-abcc1fd7ae07,54.2732,-121.46475,11.8384,5.31177,0.3276,-16.31828,-2.10734,1.7239,3.37681,,,,,,,,,,,,,,,,,,,,,,,,,,,,,,,,,,,,,,,,,,,,,,,,,,,High,High,High,,,,,,,,,,,,,,,,,,,,,,,,,,,,,,,,,,,,,,,
97,2026-03-01,20:42:20.82,3,3,"Alba, Jaden",814835,Right,ARI_SUN,"Binderup, Blake",702713,Right,TEX_AGG,Undefined,3,Bottom,2,1,1,Slider,Slider,BallCalled,Undefined,Undefined,Undefined,0,0,,82.23348,0.464183,-0.450224,2396.665275,67.690698,8:15,5.33265,2.08389,6.15674,-43.46872,-2.89197,-9.87784,2.13912,0.84479,76.07967,-7.545604,-2.234531,0.458469,,,,,,,,,,,,5.01142,-1.27906,-2.0447,50,5.34555,1.30429,-119.666,-0.41586,7.30655,21.90939,-34.03887,TEX_AGG,ARI_SUN,Arlington,D1,SEC,20260301-Arlington-4,6b8529b0-15e1-11f1-8639-131ccc676290,82.21371,,,6.15382,,,,,,,f5a7e556-a2a9-43cd-af52-c62bb86c0341,2026-03-02,02:42:20.82,2026-03-01T20:42:20.8200192-06:00,2026-03-02T02:42:20.8200192Z,,v3,3032,5035,,"Niclai, Coen",815515,Right,ARI_SUN,272255ab-3191-446c-9ced-ff31dd9d20e6,54.3443,-120.45876,10.9547,5.33832,0.81579,-17.01944,-2.08711,1.03992,3.65327,,,,,,,,,,,,,,,,,,,,,,,,,,,,,,,,,,,,,,,,,,,,,,,,,,,High,High,High,,,,,,,,,,,,,,,,,,,,,,,,,,,,,,,,,,,,,,,
98,2026-03-01,20:42:39.77,3,4,"Alba, Jaden",814835,Right,ARI_SUN,"Binderup, Blake",702713,Right,TEX_AGG,Undefined,3,Bottom,2,2,1,Fastball,Four-Seam,StrikeCalled,Undefined,Undefined,Undefined,0,0,,92.52079,-2.216172,-3.037021,2438.202151,189.288383,12:15,5.40352,1.72333,6.97459,-12.64847,18.86926,2.91532,2.32987,-0.79871,84.22316,-4.704158,-2.504226,0.404063,,,,,,,,,,,,-2.43587,11.00568,-1.53671,50,5.26156,7.01429,-134.30806,-5.45311,-4.42629,30.4988,-12.17542,TEX_AGG,ARI_SUN,Arlington,D1,SEC,20260301-Arlington-4,76c4cd30-15e1-11f1-8639-131ccc676290,93.2836,,,8.29763,,,,,,,f5a7e556-a2a9-43cd-af52-c62bb86c0341,2026-03-02,02:42:39.77,2026-03-01T20:42:39.7752832-06:00,2026-03-02T02:42:39.7752832Z,,v3,3032,5035,,"Niclai, Coen",815515,Right,ARI_SUN,51c8de6b-875c-495d-8f47-d7bf3ab2cc41,53.52186,-135.10543,15.2494,5.39996,-5.13479,-6.08771,-1.72161,7.13001,-2.21315,,,,,,,,,,,,,,,,,,,,,,,,,,,,,,,,,,,,,,,,,,,,,,,,,,,High,High,High,,,,,,,,,,,,,,,,,,,,,,,,,,,,,,,,,,,,,,,
99,2026-03-01,20:42:57.42,3,5,"Alba, Jaden",814835,Right,ARI_SUN,"Binderup, Blake",702713,Right,TEX_AGG,Undefined,3,Bottom,2,2,2,Slider,Slider,InPlay,Undefined,LineDrive,Single,0,0,,82.40544,0.69346,-2.100632,2426.619211,54.505726,7:45,5.53316,1.852,6.15687,-45.25164,-4.15351,-7.74382,2.4033,-0.73485,75.12395,-7.669515,-3.497408,0.461405,104.19129,5.369659,-0.477853,909.171651,,,,99.17942,55.27905,0.952685,0.70577,3.37437,-2.00665,-1.68851,50,5.5627,4.67719,-119.65628,0.00447,4.83673,25.53154,-35.05036,TEX_AGG,ARI_SUN,Arlington,D1,SEC,20260301-Arlington-4,81545a90-15e1-11f1-8639-131ccc676290,81.69057,4.35081,,7.28149,,,,1.30454,2.44646,0.70849,f5a7e556-a2a9-43cd-af52-c62bb86c0341,2026-03-02,02:42:57.42,2026-03-01T20:42:57.4274560-06:00,2026-03-02T02:42:57.4274560Z,GroundBall,v3,3032,5035,,"Niclai, Coen",815515,Right,ARI_SUN,001354d0-35d3-4112-947d-0af5948bad62,54.34268,-120.57933,12.76577,5.53963,1.27166,-17.52518,-1.85445,4.50232,2.41837,336.837847,1.33954,151.46757,-18.28435,,,,,,,2.50324,13.20753,-23.84419,,,,,,,0.69342,-0.97784,3.33159,,,,,,,,,,,,,,,,,,,,,,,,,,,,,High,High,High,High,Medium,,,,,,,,,,,,,,,,,,,,,,,,,,,,,,,,,,,,,
100,2026-03-01,20:47:14.20,4,1,"Alba, Jaden",814835,Right,ARI_SUN,"Harrison, Connor",1000339305,Right,TEX_AGG,Undefined,3,Bottom,2,0,0,Slider,Slider,StrikeCalled,Undefined,Undefined,Undefined,0,0,,82.13188,1.3941,-1.146763,2271.359017,104.53628,9:30,5.32198,2.03038,6.11177,-38.13065,2.98784,-6.55335,3.43397,0.42379,75.10304,-5.689199,-2.32756,0.461519,,,,,,,,,,,,3.03311,1.57973,-1.93921,50,5.40936,2.64109,-119.3048,1.70073,4.36292,23.37955,-29.90174,TEX_AGG,ARI_SUN,Arlington,D1,SEC,20260301-Arlington-4,1a667330-15e2-11f1-8639-131ccc676290,81.67035,,,7.02884,,,,,,,f5a7e556-a2a9-43cd-af52-c62bb86c0341,2026-03-02,02:47:14.20,2026-03-01T20:47:14.2061568-06:00,2026-03-02T02:47:14.2061568Z,,v3,3032,5035,,"Niclai, Coen",815515,Right,ARI_SUN,e51b2f15-bc8a-494a-ad38-aaaea7fb3353,54.38539,-120.16111,11.68977,5.32701,2.79593,-14.95087,-2.03302,2.48129,2.18146,,,,,,,,,,,,,,,,,,,,,,,,,,,,,,,,,,,,,,,,,,,,,,,,,,,High,High,High,,,,,,,,,,,,,,,,,,,,,,,,,,,,,,,,,,,,,,,
101,2026-03-01,20:47:36.30,4,2,"Alba, Jaden",814835,Right,ARI_SUN,"Harrison, Connor",1000339305,Right,TEX_AGG,Undefined,3,Bottom,2,0,1,Sinker,Four-Seam,InPlay,Undefined,LineDrive,Single,0,0,,92.48059,-0.730602,-3.296781,2258.670934,221.289359,1:30,5.51889,1.68967,6.94831,-19.69584,11.8117,9.4754,3.21156,-0.52421,84.24922,-4.508187,-1.565436,0.403998,105.6229,6.772742,-2.141539,6731.529108,109.99694,10.23929,0.81088,213.70304,213.70304,2.48435,1.707778,-6.03685,6.81985,-1.4876,50,5.46643,7.38935,-134.35969,-2.23749,-10.9837,30.38469,-19.76573,TEX_AGG,ARI_SUN,Arlington,D1,SEC,20260301-Arlington-4,278277d0-15e2-11f1-8639-131ccc676290,93.29867,10.24368,,8.23137,,,,0.75104,3.1723,0.55733,f5a7e556-a2a9-43cd-af52-c62bb86c0341,2026-03-02,02:47:36.30,2026-03-01T20:47:36.3078144-06:00,2026-03-02T02:47:36.3078144Z,LineDrive,v3,3032,5035,,"Niclai, Coen",815515,Right,ARI_SUN,639de078-8a25-4631-bda4-374c8861f8a1,53.55053,-135.16024,15.19235,5.51852,-1.71672,-9.88286,-1.6861,7.67874,-5.49185,229.94042,0.75103,153.72547,-23.33633,4.96414,-1.0023,0.17654,-0.01892,-0.00116,0.00052,3.17232,18.26629,-11.68295,-0.2198,0.05516,0.10441,-0.08993,0.03251,-0.00458,0.55734,-5.75026,9.30403,-2.46508,0.5494,-0.04759,-0.03388,0.01686,-0.00258,,,,,,,,,,,,,,,,,,,,,,,High,High,High,High,High,,,,,,,,,,,,,,,,,,,,,,,,,,,,,,,,,,,,,
102,2026-03-01,20:48:23.34,5,1,"Alba, Jaden",814835,Right,ARI_SUN,"Farr, Sawyer",820828,Left,TEX_AGG,Undefined,3,Bottom,2,0,0,Curveball,Curveball,FoulBallNotFieldable,Undefined,Undefined,Undefined,0,0,,74.16034,2.721198,0.334801,2228.669629,57.750279,8:00,5.55425,1.8065,6.57483,-58.98421,-9.04835,-16.96808,3.13493,0.69936,67.62641,-8.259657,-2.753134,0.508601,90.73923,34.676013,-28.507241,5918.383765,88.71911,64.13353,-65.02961,283.70293,178.18334,-48.181562,4.41235,9.0126,-5.10788,-1.82297,50,5.71717,-0.08256,-107.77369,3.51356,10.47406,20.81327,-38.1102,TEX_AGG,ARI_SUN,Arlington,D1,SEC,20260301-Arlington-4,439b27f0-15e2-11f1-8639-131ccc676290,74.10997,75.13234,,6.53393,,,,0.52053,2.997,-0.66091,f5a7e556-a2a9-43cd-af52-c62bb86c0341,2026-03-02,02:48:23.34,2026-03-01T20:48:23.3495040-06:00,2026-03-02T02:48:23.3495040Z,FlyBall,v3,3032,5035,,"Niclai, Coen",815515,Right,ARI_SUN,fb97573b-63c4-419c-81c0-40aa34dc20c2,53.92682,-108.52939,10.40663,5.56448,4.89729,-19.0551,-1.81307,-0.46285,5.23703,128.526875,0.53696,95.77079,-23.64158,2.6778,2.29116,-1.7415,0.55842,-0.08911,0.00572,3.00439,75.54393,-22.20577,0.4397,1.21172,-0.70876,0.20034,-0.02819,0.00156,-0.66158,-52.23707,-2.6434,2.33639,-0.52449,-0.06137,0.0699,-0.01645,0.00134,,,,,,,,,,,,,,,,,,,,,,,High,High,High,High,Low,,,,,,,,,,,,,,,,,,,,,,,,,,,,,,,,,,,,,
103,2026-03-01,20:49:24.07,5,2,"Alba, Jaden",814835,Right,ARI_SUN,"Farr, Sawyer",820828,Left,TEX_AGG,Undefined,3,Bottom,2,0,1,Fastball,Four-Seam,FoulBallNotFieldable,Undefined,Undefined,Undefined,0,0,,92.11752,-0.639036,-2.436533,2389.291743,175.132218,11:45,5.60069,1.65751,6.96241,-14.88591,17.1619,-1.3648,3.77826,-0.67428,83.04142,-3.562417,-2.686053,0.407447,41.99452,15.923594,-75.867823,2864.930599,,,,62.74654,62.74654,-79.004128,1.164652,-0.06594,9.66752,-1.50637,50,5.55543,5.74428,-133.7585,-1.81343,-0.1176,33.05929,-14.93336,TEX_AGG,ARI_SUN,Arlington,D1,SEC,20260301-Arlington-4,67c211c0-15e2-11f1-8639-131ccc676290,92.50892,7.662,,9.0761,,,,-0.09462,3.63755,0.74684,f5a7e556-a2a9-43cd-af52-c62bb86c0341,2026-03-02,02:49:24.07,2026-03-01T20:49:24.0743424-06:00,2026-03-02T02:49:24.0743424Z,GroundBall,v3,3032,5035,,"Niclai, Coen",815515,Right,ARI_SUN,c5ba1e52-78f4-46ad-854c-3c019027001f,53.53267,-134.62879,16.52965,5.59799,-1.42031,-7.46668,-1.65763,5.74738,-0.0588,101.715691,-0.09462,14.46174,-4.0764,0.74696,-0.49421,0.59801,-0.60842,0.32356,-0.06653,3.63755,16.89803,-18.19032,1.02288,-0.18271,0.04162,-0.01439,0.01395,-0.00526,0.74684,-57.43661,3.38702,-0.1648,0.38654,-0.68561,0.73783,-0.38954,0.07899,,,,,,,,,,,,,,,,,,,,,,,High,High,High,High,High,,,,,,,,,,,,,,,,,,,,,,,,,,,,,,,,,,,,,
104,2026-03-01,20:49:57.03,5,3,"Alba, Jaden",814835,Right,ARI_SUN,"Farr, Sawyer",820828,Left,TEX_AGG,Undefined,3,Bottom,2,0,2,Slider,Slider,BallinDirt,Undefined,Undefined,Undefined,0,0,,80.61963,-1.574475,-1.173939,2107.39598,59.397377,8:00,5.48576,1.90422,5.99292,-46.45436,-3.5502,-8.26355,0.15482,0.12754,74.41536,-10.069659,-2.664536,0.471434,,,,,,,,,,,,3.94878,-1.03457,-1.80708,50,5.33589,2.70191,-117.13701,-4.70257,5.46387,22.97638,-33.60558,TEX_AGG,ARI_SUN,Arlington,D1,SEC,20260301-Arlington-4,7b6d9f50-15e2-11f1-8639-131ccc676290,79.95274,,,6.20427,,,,,,,f5a7e556-a2a9-43cd-af52-c62bb86c0341,2026-03-02,02:49:57.03,2026-03-01T20:49:57.0304000-06:00,2026-03-02T02:49:57.0304000Z,,v3,3032,5035,,"Niclai, Coen",815515,Right,ARI_SUN,02b50c60-22d3-4c88-9530-0293ae74047e,54.50778,-118.0179,11.48819,5.49148,-3.41417,-16.80279,-1.90666,2.49243,2.73194,,,,,,,,,,,,,,,,,,,,,,,,,,,,,,,,,,,,,,,,,,,,,,,,,,,High,High,High,,,,,,,,,,,,,,,,,,,,,,,,,,,,,,,,,,,,,,,
105,2026-03-01,20:50:23.70,5,4,"Alba, Jaden",814835,Right,ARI_SUN,"Farr, Sawyer",820828,Left,TEX_AGG,Undefined,3,Bottom,2,1,2,Curveball,Curveball,BallinDirt,Undefined,Undefined,Undefined,0,1,,74.95209,0.024852,1.117971,2262.6417,30.632922,7:00,5.52123,1.81151,6.36647,-64.87767,-15.19418,-10.0478,0.13763,2.00307,68.3883,-11.92382,-0.711689,0.507315,,,,,,,,,,,,5.63504,-7.43701,-1.88787,50,5.49377,-1.78974,-108.91496,-1.83306,6.61443,23.19607,-40.90362,TEX_AGG,ARI_SUN,Arlington,D1,SEC,20260301-Arlington-4,8b5c4bf0-15e2-11f1-8639-131ccc676290,74.29796,,,6.56379,,,,,,,f5a7e556-a2a9-43cd-af52-c62bb86c0341,2026-03-02,02:50:23.70,2026-03-01T20:50:23.7069824-06:00,2026-03-02T02:50:23.7069824Z,,v3,3032,5035,,"Niclai, Coen",815515,Right,ARI_SUN,65141835-4a86-4f07-933b-0f24b74e2b67,54.13518,-109.79212,11.59804,5.53384,-0.2863,-20.45181,-1.81546,-2.03987,3.30721,,,,,,,,,,,,,,,,,,,,,,,,,,,,,,,,,,,,,,,,,,,,,,,,,,,High,High,High,,,,,,,,,,,,,,,,,,,,,,,,,,,,,,,,,,,,,,,
106,2026-03-01,20:51:02.18,5,5,"Alba, Jaden",814835,Right,ARI_SUN,"Farr, Sawyer",820828,Left,TEX_AGG,Undefined,3,Bottom,2,2,2,Fastball,Four-Seam,InPlay,Undefined,GroundBall,Out,1,0,,90.20509,-0.862561,-2.377291,2302.777379,184.064073,12:15,5.62619,1.82892,7.02195,-17.45481,15.24135,1.01441,3.38704,-0.24814,82.94113,-4.223327,-2.191553,0.411547,59.28375,-28.52996,51.822241,,,,,6.78711,6.78711,47.635648,0.079342,-1.17327,8.69044,-1.68457,50,5.56747,5.41286,-131.24497,-2.39577,-2.05611,26.54809,-16.94422,TEX_AGG,ARI_SUN,Arlington,D1,SEC,20260301-Arlington-4,a23c2980-15e2-11f1-8639-131ccc676290,91.5871,3.31711,,7.26397,,,,0.80194,3.31711,0.21826,f5a7e556-a2a9-43cd-af52-c62bb86c0341,2026-03-02,02:51:02.18,2026-03-01T20:51:02.1897216-06:00,2026-03-02T02:51:02.1897216Z,GroundBall,v3,3032,5035,,"Niclai, Coen",815515,Right,ARI_SUN,f2125000-10e5-484d-95f3-8f8d8d36097b,53.47708,-131.94644,13.27404,5.62486,-1.94806,-8.47211,-1.8283,5.46719,-1.02805,180,0.79788,47.53486,,,,,,,,3.32067,-41.80776,,,,,,,,0.21311,60.45431,,,,,,,,,,,,,,,,,,,,,,,,,,,,,,High,High,High,Low,Low,,,,,,,,,,,,,,,,,,,,,,,,,,,,,,,,,,,,,
107,2026-03-01,20:53:20.88,1,1,"Sims, Aiden",831365,Right,TEX_AGG,"Contrades, Nu'u",805225,Right,ARI_SUN,Undefined,4,Top,0,0,0,ChangeUp,Splitter,StrikeCalled,Undefined,Undefined,Undefined,0,0,,84.04882,-0.059217,-6.165737,1088.665019,266.41567,3:00,5.52808,3.67517,5.60268,-38.10026,2.11421,13.86347,2.29746,-0.94769,77.1664,-7.021568,-3.710842,0.456418,,,,,,,,,,,,-8.6239,1.49445,-3.1545,50,5.49836,12.54384,-121.45197,-1.46339,-12.93934,22.77936,-29.93176,TEX_AGG,ARI_SUN,Arlington,D1,SEC,20260301-Arlington-4,f4ff72d0-15e2-11f1-8639-131ccc676290,82.58316,,,6.88242,,,,,,,f5a7e556-a2a9-43cd-af52-c62bb86c0341,2026-03-02,02:53:20.88,2026-03-01T20:53:20.8820224-06:00,2026-03-02T02:53:20.8820224Z,,v3,3032,5035,,"Harrison, Connor",1000339305,Right,TEX_AGG,9b3a5d39-66cf-43ed-8a1d-47c260b7b5c7,54.89635,-122.36687,11.38968,5.53299,-0.26122,-14.96588,-3.66874,13.06353,-6.46967,,,,,,,,,,,,,,,,,,,,,,,,,,,,,,,,,,,,,,,,,,,,,,,,,,,High,High,High,,,,,,,,,,,,,,,,,,,,,,,,,,,,,,,,,,,,,,,
108,2026-03-01,20:53:36.78,1,2,"Sims, Aiden",831365,Right,TEX_AGG,"Contrades, Nu'u",805225,Right,ARI_SUN,Undefined,4,Top,0,0,1,Fastball,Four-Seam,StrikeSwinging,Undefined,Undefined,Undefined,0,0,,94.09521,-1.044626,-4.86885,2378.501597,216.906379,1:15,5.78106,3.13955,5.65665,-11.57253,20.52454,14.61296,3.83885,-0.19425,85.43551,-3.29325,-2.272072,0.40776,,,,,,,,,,,,-8.72863,10.97768,-2.73564,50,5.68506,10.90801,-136.12721,-2.7939,-16.35005,30.36689,-11.61118,TEX_AGG,ARI_SUN,Arlington,D1,SEC,20260301-Arlington-4,fe674910-15e2-11f1-8639-131ccc676290,92.4379,,,8.6597,,,,,,,f5a7e556-a2a9-43cd-af52-c62bb86c0341,2026-03-02,02:53:36.78,2026-03-01T20:53:36.7811072-06:00,2026-03-02T02:53:36.7811072Z,,v3,3032,5035,,"Harrison, Connor",1000339305,Right,TEX_AGG,da905129-a6dc-4ffe-8fbb-b88b1bdd32df,54.84007,-137.20267,15.18345,5.77672,-2.38268,-5.80559,-3.1322,11.48705,-8.17502,,,,,,,,,,,,,,,,,,,,,,,,,,,,,,,,,,,,,,,,,,,,,,,,,,,High,High,High,,,,,,,,,,,,,,,,,,,,,,,,,,,,,,,,,,,,,,,
109,2026-03-01,20:53:53.43,1,3,"Sims, Aiden",831365,Right,TEX_AGG,"Contrades, Nu'u",805225,Right,ARI_SUN,Undefined,4,Top,0,0,2,Sinker,Four-Seam,FoulBallNotFieldable,Undefined,Undefined,Undefined,0,0,,93.45239,-1.109392,-4.294497,2309.277468,217.959042,1:15,5.70301,2.95382,5.562,-14.40206,18.14084,13.32894,3.46336,0.04499,85.11537,-3.853449,-1.926785,0.410582,75.88435,30.023863,161.092759,3930.044568,,,,,43.64107,,,-7.92142,9.78658,-2.59154,50,5.59777,9.54441,-135.32328,-3.07449,-14.69013,29.50557,-14.02505,TEX_AGG,ARI_SUN,Arlington,D1,SEC,20260301-Arlington-4,0854ca10-15e3-11f1-8639-131ccc676290,91.80252,24.54346,,8.33702,,,,0.14889,3.45357,-0.07936,f5a7e556-a2a9-43cd-af52-c62bb86c0341,2026-03-02,02:53:53.43,2026-03-01T20:53:53.4305280-06:00,2026-03-02T02:53:53.4305280Z,,v3,3032,5035,,"Harrison, Connor",1000339305,Right,TEX_AGG,e51b8e38-e61c-4f0c-9f94-7c19eb080514,54.9358,-136.39522,14.75279,5.70021,-2.56496,-7.01252,-2.94799,10.07811,-7.34507,297.361414,0.14786,-91.13669,6.49671,,,,,,,3.46661,55.322,-23.44569,,,,,,,-0.06525,30.82726,-10.40563,,,,,,,,,,,,,,,,,,,,,,,,,,,,,High,High,High,High,Undefined,,,,,,,,,,,,,,,,,,,,,,,,,,,,,,,,,,,,,
110,2026-03-01,20:54:12.90,1,4,"Sims, Aiden",831365,Right,TEX_AGG,"Contrades, Nu'u",805225,Right,ARI_SUN,Undefined,4,Top,0,0,2,ChangeUp,Splitter,FoulBallNotFieldable,Undefined,Undefined,Undefined,0,0,,84.61431,0.110421,-4.967929,962.054218,279.817585,3:15,5.50357,3.34206,5.77191,-40.03242,-0.61354,10.74945,2.27067,-0.39675,77.52558,-7.228061,-3.05169,0.451881,74.06001,47.60938,88.917184,5005.906527,,,,,19.71036,,,-6.86437,0.03445,-2.93713,50,5.48848,10.21312,-122.51161,-1.15111,-10.43086,24.24205,-32.12171,TEX_AGG,ARI_SUN,Arlington,D1,SEC,20260301-Arlington-4,13f07040-15e3-11f1-8639-131ccc676290,83.4124,22.41032,,7.08874,,,,0.36576,1.8838,0.25647,f5a7e556-a2a9-43cd-af52-c62bb86c0341,2026-03-02,02:54:12.90,2026-03-01T20:54:12.9023488-06:00,2026-03-02T02:54:12.9023488Z,,v3,3032,5035,,"Harrison, Connor",1000339305,Right,TEX_AGG,5c4d690f-69cb-4a79-a36b-13b4366027e5,54.72747,-123.44351,12.12102,5.50899,0.08371,-16.06086,-3.33745,10.61409,-5.21543,222.091251,0.36906,1.22507,-8.83157,,,,,,,1.88566,80.13482,-22.03226,,,,,,,0.25898,73.0973,-10.62011,,,,,,,,,,,,,,,,,,,,,,,,,,,,,High,High,High,Low,Undefined,,,,,,,,,,,,,,,,,,,,,,,,,,,,,,,,,,,,,
111,2026-03-01,20:54:34.92,1,5,"Sims, Aiden",831365,Right,TEX_AGG,"Contrades, Nu'u",805225,Right,ARI_SUN,Undefined,4,Top,0,0,2,Cutter,Slider,FoulBallNotFieldable,Undefined,Undefined,Undefined,0,0,,88.98663,-1.305582,-3.616507,2596.194571,182.355989,12:00,5.60697,3.10899,5.78777,-30.04793,5.47402,0.17961,1.88577,-0.24491,81.64857,-6.839901,-3.584418,0.428963,92.08515,30.956536,29.672706,5002.757536,89.73598,58.41374,63.6194,321.71655,286.87741,45.614,4.722512,-1.0991,3.48807,-2.81089,50,5.48115,8.14625,-129.0082,-4.00111,-1.85219,26.85489,-26.29604,TEX_AGG,ARI_SUN,Arlington,D1,SEC,20260301-Arlington-4,210e2290-15e3-11f1-8639-131ccc676290,87.86875,74.21698,,7.33806,,,,0.4053,1.84463,0.33357,f5a7e556-a2a9-43cd-af52-c62bb86c0341,2026-03-02,02:54:34.92,2026-03-01T20:54:34.9210624-06:00,2026-03-02T02:54:34.9210624Z,FlyBall,v3,3032,5035,,"Harrison, Connor",1000339305,Right,TEX_AGG,88e63d90-793b-416e-a7e9-4641740550be,54.7106,-129.98508,13.42744,5.6093,-3.04456,-13.14802,-3.10844,8.21363,-0.92609,221.749645,0.40516,100.64706,-25.38058,6.46538,-1.52702,0.34545,-0.07085,0.00972,-0.00057,1.84658,69.41866,-18.08496,0.32193,0.46113,-0.24483,0.06638,-0.00884,0.00045,0.33459,57.30937,-0.72472,-1.24706,0.55635,-0.14986,0.02552,-0.00229,8E-05,,,,,,,,,,,,,,,,,,,,,,,High,High,High,High,Medium,,,,,,,,,,,,,,,,,,,,,,,,,,,,,,,,,,,,,
112,2026-03-01,20:55:29.11,1,6,"Sims, Aiden",831365,Right,TEX_AGG,"Contrades, Nu'u",805225,Right,ARI_SUN,Undefined,4,Top,0,0,2,Sinker,Four-Seam,HitByPitch,Undefined,Undefined,Undefined,0,0,,93.18077,-0.25532,-2.966979,2386.898446,226.906749,1:30,5.80305,3.04197,5.64853,-16.95658,16.54891,16.2143,4.15155,1.62332,82.4629,-3.525448,-0.074638,0.41661,49.18568,24.421208,169.118277,3956.17778,,,,94.41765,42.29558,174.080946,1.644186,-9.27375,8.8441,-2.80065,50,5.77113,6.21793,-134.72789,-1.12058,-16.51663,37.73034,-16.42259,TEX_AGG,ARI_SUN,Arlington,D1,SEC,20260301-Arlington-4,4157f940-15e3-11f1-8639-131ccc676290,90.47418,14.67543,,10.71787,,,,-0.02747,3.99775,-1.59681,f5a7e556-a2a9-43cd-af52-c62bb86c0341,2026-03-02,02:55:29.11,2026-03-01T20:55:29.1180544-06:00,2026-03-02T02:55:29.1180544Z,GroundBall,v3,3032,5035,,"Harrison, Connor",1000339305,Right,TEX_AGG,7a23482d-5237-4878-9bbd-fe4cdb77ed46,54.84487,-136.07792,18.86517,5.80071,-0.53297,-8.21129,-3.0337,6.80891,-8.25832,315.790971,-0.02748,-64.5032,4.42268,0.12774,-0.21279,0.23514,-0.16751,0.07447,-0.01379,3.99775,29.82526,-22.09008,2.01953,-0.41428,0.0743,-0.01185,0.00257,-0.00018,-1.5968,12.39999,-4.70262,1.1887,-0.25787,-0.01069,0.04493,-0.02276,0.00449,,,,,,,,,,,,,,,,,,,,,,,High,High,High,High,Medium,,,,,,,,,,,,,,,,,,,,,,,,,,,,,,,,,,,,,
113,2026-03-01,20:56:05.77,2,1,"Sims, Aiden",831365,Right,TEX_AGG,"Michel, Garrett",703481,Left,ARI_SUN,Undefined,4,Top,0,0,0,Sinker,Four-Seam,StrikeCalled,Undefined,Undefined,Undefined,0,0,,93.83082,-2.999056,-5.123624,2306.91297,220.326154,1:15,5.79283,2.92864,5.83161,-14.61339,17.8628,14.14985,1.77362,-0.66747,84.5865,-5.807875,-2.601668,0.410161,,,,,,,,,,,,-8.79359,10.38571,-2.51779,50,5.53847,11.49583,-135.43488,-7.54615,-16.13356,32.9502,-13.11936,TEX_AGG,ARI_SUN,Arlington,D1,SEC,20260301-Arlington-4,5732c2e0-15e3-11f1-8639-131ccc676290,91.89677,,,9.24432,,,,,,,f5a7e556-a2a9-43cd-af52-c62bb86c0341,2026-03-02,02:56:05.77,2026-03-01T20:56:05.7750016-06:00,2026-03-02T02:56:05.7750016Z,,v3,3032,5035,,"Harrison, Connor",1000339305,Right,TEX_AGG,9a29c35d-fdf7-41d6-b244-e7e9bc9b622a,54.66436,-136.56497,16.4751,5.78957,-7.0962,-6.55968,-2.92154,12.04916,-8.06678,,,,,,,,,,,,,,,,,,,,,,,,,,,,,,,,,,,,,,,,,,,,,,,,,,,High,High,High,,,,,,,,,,,,,,,,,,,,,,,,,,,,,,,,,,,,,,,
114,2026-03-01,20:56:37.92,2,2,"Sims, Aiden",831365,Right,TEX_AGG,"Michel, Garrett",703481,Left,ARI_SUN,Undefined,4,Top,0,0,1,Fastball,Four-Seam,BallCalled,Undefined,Undefined,Undefined,0,0,,93.84058,-0.601118,-3.418357,2415.519921,214.498944,1:15,5.7957,3.21123,5.6664,-12.12142,20.59332,13.29351,4.22407,1.12793,83.81032,-2.985308,-1.048507,0.411664,,,,,,,,,,,,-7.79201,10.92571,-2.93026,50,5.73734,7.4663,-135.73366,-1.72466,-14.24847,35.20149,-12.19528,TEX_AGG,ARI_SUN,Arlington,D1,SEC,20260301-Arlington-4,6a5d3990-15e3-11f1-8639-131ccc676290,91.56113,,,10.03026,,,,,,,f5a7e556-a2a9-43cd-af52-c62bb86c0341,2026-03-02,02:56:37.92,2026-03-01T20:56:37.9257344-06:00,2026-03-02T02:56:37.9257344Z,,v3,3032,5035,,"Harrison, Connor",1000339305,Right,TEX_AGG,b583bcaa-65ef-4a25-8b92-b1489f73b028,54.8263,-136.9796,17.60074,5.79074,-1.29301,-6.09764,-3.20345,7.97062,-7.12424,,,,,,,,,,,,,,,,,,,,,,,,,,,,,,,,,,,,,,,,,,,,,,,,,,,High,High,High,,,,,,,,,,,,,,,,,,,,,,,,,,,,,,,,,,,,,,,
115,2026-03-01,20:56:55.59,2,3,"Sims, Aiden",831365,Right,TEX_AGG,"Michel, Garrett",703481,Left,ARI_SUN,Undefined,4,Top,0,1,1,Slider,Slider,FoulBallNotFieldable,Undefined,Undefined,Undefined,0,0,,82.35925,-0.186657,-2.933199,2835.544903,107.10381,9:30,5.5173,3.41882,5.08436,-37.61604,5.93989,-13.9295,2.20646,-0.50912,74.01345,-7.073536,-5.389414,0.475002,107.49625,31.693624,36.23352,3345.706959,85.8968,66.18705,68.71464,414.91002,330.38303,46.889155,5.821389,5.92177,3.46449,-3.1294,50,5.47052,6.69865,-119.06657,-1.73313,8.2885,28.18768,-27.32491,TEX_AGG,ARI_SUN,Arlington,D1,SEC,20260301-Arlington-4,74e721a0-15e3-11f1-8639-131ccc676290,79.35224,109.68935,,8.34579,,,,1.91107,2.21613,0.33257,f5a7e556-a2a9-43cd-af52-c62bb86c0341,2026-03-02,02:56:55.59,2026-03-01T20:56:55.5910656-06:00,2026-03-02T02:56:55.5910656Z,FlyBall,v3,3032,5035,,"Harrison, Connor",1000339305,Right,TEX_AGG,b5b7b15f-7d0d-412a-9cb6-06dfc7ed5e7e,55.41147,-120.34085,14.09384,5.52094,-0.49785,-13.66246,-3.42376,6.32395,4.14425,206.963627,1.91744,108.0944,-27.15562,6.60175,-1.2866,0.19578,-0.02253,0.00183,-8E-05,2.21601,82.8214,-17.81716,0.58887,0.24052,-0.14482,0.03639,-0.00434,0.0002,0.33427,79.26357,-10.28372,1.86227,-0.25106,0.0214,-0.00125,0.00012,-1E-05,,,,,,,,,,,,,,,,,,,,,,,High,High,High,Medium,Medium,,,,,,,,,,,,,,,,,,,,,,,,,,,,,,,,,,,,,
116,2026-03-01,20:58:18.86,2,4,"Sims, Aiden",831365,Right,TEX_AGG,"Michel, Garrett",703481,Left,ARI_SUN,Undefined,4,Top,0,1,2,Fastball,Four-Seam,BallCalled,Undefined,Undefined,Undefined,0,0,,92.38728,-0.37689,-3.556929,2303.623687,211.842956,1:00,5.90817,2.78665,5.62341,-14.77119,18.56186,10.83127,4.32486,0.36581,83.71997,-3.205804,-1.62834,0.415536,,,,,,,,,,,,-6.49229,9.81701,-2.4901,50,5.86669,7.81738,-133.83105,-1.31977,-11.71295,30.29767,-14.46281,TEX_AGG,ARI_SUN,Arlington,D1,SEC,20260301-Arlington-4,a68a3170-15e3-11f1-8639-131ccc676290,90.70794,,,8.6673,,,,,,,f5a7e556-a2a9-43cd-af52-c62bb86c0341,2026-03-02,02:58:18.86,2026-03-01T20:58:18.8683776-06:00,2026-03-02T02:58:18.8683776Z,,v3,3032,5035,,"Harrison, Connor",1000339305,Right,TEX_AGG,dd399859-e724-4bf2-a6bb-23d92d910276,54.87243,-134.9296,15.14884,5.90503,-0.79537,-7.2314,-2.78124,8.24208,-5.85647,,,,,,,,,,,,,,,,,,,,,,,,,,,,,,,,,,,,,,,,,,,,,,,,,,,High,High,High,,,,,,,,,,,,,,,,,,,,,,,,,,,,,,,,,,,,,,,
117,2026-03-01,20:58:35.94,2,5,"Sims, Aiden",831365,Right,TEX_AGG,"Michel, Garrett",703481,Left,ARI_SUN,Undefined,4,Top,0,2,2,Fastball,Four-Seam,StrikeSwinging,Strikeout,Undefined,Undefined,0,0,,92.82866,-0.892288,-3.6418,2341.733133,204.984534,12:45,5.90627,2.99646,5.69524,-13.1895,19.74229,8.68288,3.97387,0.32165,84.1723,-3.438007,-2.094195,0.413028,,,,,,,,,,,,-5.44933,10.58863,-2.69566,50,5.82309,8.15847,-134.46184,-2.46333,-9.92595,30.53615,-12.88683,TEX_AGG,ARI_SUN,Arlington,D1,SEC,20260301-Arlington-4,b0b9eb90-15e3-11f1-8639-131ccc676290,91.25888,,,8.65636,,,,,,,f5a7e556-a2a9-43cd-af52-c62bb86c0341,2026-03-02,02:58:35.94,2026-03-01T20:58:35.9493632-06:00,2026-03-02T02:58:35.9493632Z,,v3,3032,5035,,"Harrison, Connor",1000339305,Right,TEX_AGG,b6ddd8fd-a9ef-4c7d-bc52-b3e3b241cd99,54.80063,-135.54767,15.26808,5.90254,-2.00509,-6.44342,-2.99204,8.51143,-4.96298,,,,,,,,,,,,,,,,,,,,,,,,,,,,,,,,,,,,,,,,,,,,,,,,,,,High,High,High,,,,,,,,,,,,,,,,,,,,,,,,,,,,,,,,,,,,,,,
118,2026-03-01,20:59:23.22,3,1,"Sims, Aiden",831365,Right,TEX_AGG,"Longo, Dominic",1000363616,Right,ARI_SUN,Undefined,4,Top,1,0,0,Slider,Slider,BallCalled,Undefined,Undefined,Undefined,0,0,,81.78866,1.824177,-1.565042,2800.39975,96.074248,9:15,5.51807,3.58832,5.21515,-40.02825,3.31047,-17.32375,3.89885,0.67272,74.16367,-5.507338,-4.630382,0.473816,,,,,,,,,,,,8.08603,1.5635,-3.43053,50,5.65706,3.985,-118.48769,2.33937,11.36789,24.9821,-29.97595,TEX_AGG,ARI_SUN,Arlington,D1,SEC,20260301-Arlington-4,ccef7280-15e3-11f1-8639-131ccc676290,79.55085,,,7.62499,,,,,,,f5a7e556-a2a9-43cd-af52-c62bb86c0341,2026-03-02,02:59:23.22,2026-03-01T20:59:23.2250368-06:00,2026-03-02T02:59:23.2250368Z,,v3,3032,5035,,"Harrison, Connor",1000339305,Right,TEX_AGG,24cd87f6-e6e4-4332-83da-4ba871598222,55.28117,-119.59599,12.49105,5.52378,3.66922,-14.98798,-3.59613,3.48068,5.68395,,,,,,,,,,,,,,,,,,,,,,,,,,,,,,,,,,,,,,,,,,,,,,,,,,,High,High,High,,,,,,,,,,,,,,,,,,,,,,,,,,,,,,,,,,,,,,,
119,2026-03-01,20:59:39.44,3,2,"Sims, Aiden",831365,Right,TEX_AGG,"Longo, Dominic",1000363616,Right,ARI_SUN,Undefined,4,Top,1,1,0,Slider,Slider,BallCalled,Undefined,Undefined,Undefined,0,0,,82.88171,0.434792,-3.908534,2830.839124,82.458987,8:45,5.50766,3.5475,5.21409,-42.90451,-0.69787,-15.59229,2.34208,-1.43277,75.77555,-7.342637,-6.658136,0.467586,,,,,,,,,,,,6.58784,-0.05433,-3.17387,50,5.51588,8.8615,-119.96192,-0.66363,9.51638,25.09257,-32.25253,TEX_AGG,ARI_SUN,Arlington,D1,SEC,20260301-Arlington-4,d698be90-15e3-11f1-8639-131ccc676290,80.61064,,,7.10616,,,,,,,f5a7e556-a2a9-43cd-af52-c62bb86c0341,2026-03-02,02:59:39.44,2026-03-01T20:59:39.4403328-06:00,2026-03-02T02:59:39.4403328Z,,v3,3032,5035,,"Harrison, Connor",1000339305,Right,TEX_AGG,605ef412-d337-47bd-88d7-ff7ae1871a66,55.28421,-121.06218,12.54629,5.51397,0.75058,-16.12627,-3.55328,8.44423,4.75819,,,,,,,,,,,,,,,,,,,,,,,,,,,,,,,,,,,,,,,,,,,,,,,,,,,High,High,High,,,,,,,,,,,,,,,,,,,,,,,,,,,,,,,,,,,,,,,
120,2026-03-01,20:59:57.82,3,3,"Sims, Aiden",831365,Right,TEX_AGG,"Longo, Dominic",1000363616,Right,ARI_SUN,Undefined,4,Top,1,2,0,ChangeUp,Changeup,StrikeSwinging,Undefined,Undefined,Undefined,0,0,,85.64609,-0.550808,-5.632837,1259.096377,232.370115,1:45,5.49208,3.18991,5.4068,-32.78329,6.35426,6.61575,2.24156,-1.55345,78.34745,-6.550046,-4.465038,0.450265,,,,,,,,,,,,-4.88036,3.74114,-2.6917,50,5.42007,11.91761,-123.74017,-2.37114,-7.56763,24.66503,-26.37288,TEX_AGG,ARI_SUN,Arlington,D1,SEC,20260301-Arlington-4,e18e60c0-15e3-11f1-8639-131ccc676290,83.7117,,,7.29863,,,,,,,f5a7e556-a2a9-43cd-af52-c62bb86c0341,2026-03-02,02:59:57.82,2026-03-01T20:59:57.8299392-06:00,2026-03-02T02:59:57.8299392Z,,v3,3032,5035,,"Harrison, Connor",1000339305,Right,TEX_AGG,eff7092d-2e38-4959-aaab-c5624d667eda,55.09024,-124.75068,12.33251,5.49508,-1.29067,-13.18644,-3.1863,12.22765,-3.78382,,,,,,,,,,,,,,,,,,,,,,,,,,,,,,,,,,,,,,,,,,,,,,,,,,,High,High,High,,,,,,,,,,,,,,,,,,,,,,,,,,,,,,,,,,,,,,,
121,2026-03-01,21:00:17.79,3,4,"Sims, Aiden",831365,Right,TEX_AGG,"Longo, Dominic",1000363616,Right,ARI_SUN,Undefined,4,Top,1,2,1,ChangeUp,Changeup,BallCalled,Undefined,Undefined,Undefined,0,0,,84.53835,0.147587,-6.249173,1198.446707,245.972968,2:15,5.59042,3.59537,5.48816,-35.15502,5.12878,8.49138,2.79973,-1.56652,76.95544,-6.296755,-4.751152,0.456811,,,,,,,,,,,,-6.07118,2.96351,-3.05173,50,5.57982,12.99425,-121.97621,-0.92142,-9.11028,24.88446,-27.72711,TEX_AGG,ARI_SUN,Arlington,D1,SEC,20260301-Arlington-4,ed740840-15e3-11f1-8639-131ccc676290,82.51208,,,7.5829,,,,,,,f5a7e556-a2a9-43cd-af52-c62bb86c0341,2026-03-02,03:00:17.79,2026-03-01T21:00:17.7980000-06:00,2026-03-02T03:00:17.7980000Z,,v3,3032,5035,,"Harrison, Connor",1000339305,Right,TEX_AGG,2b1cb0ce-ca30-4795-9a1a-1108c8630de0,55.00853,-122.99375,12.44223,5.59432,0.21237,-13.86356,-3.59069,13.36678,-4.55514,,,,,,,,,,,,,,,,,,,,,,,,,,,,,77.77186,1.985849,0.705331,1.280518,-1.23815,2.49749,1.78544,-1.25749,5.54618,3.47982,127.27882,4.50329,-2.27547,-1.13065,111.68472,-9.017,5.53735,12.39576,-10.30739,3.4355,-7.80034,2.64628,High,High,High,,,High,Medium,Medium,,,,,,,,,,,,,,,,,,,,,,,,,,,,,,,,,,
122,2026-03-01,21:00:48.16,3,5,"Sims, Aiden",831365,Right,TEX_AGG,"Longo, Dominic",1000363616,Right,ARI_SUN,Undefined,4,Top,1,3,1,Slider,Slider,StrikeCalled,Undefined,Undefined,Undefined,0,0,,83.13742,0.668326,-3.323616,2863.601473,78.872621,8:45,5.41514,3.5382,5.45364,-44.14357,-2.38701,-19.32501,2.36323,-1.18702,75.6332,-7.378207,-6.750417,0.465087,,,,,,,,,,,,8.61315,-0.95154,-3.23145,50,5.44429,7.80751,-120.39035,-0.18171,12.44994,26.67077,-33.54943,TEX_AGG,ARI_SUN,Arlington,D1,SEC,20260301-Arlington-4,ff906a50-15e3-11f1-8639-131ccc676290,81.04393,,,7.50422,,,,,,,f5a7e556-a2a9-43cd-af52-c62bb86c0341,2026-03-02,03:00:48.16,2026-03-01T21:00:48.1651200-06:00,2026-03-02T03:00:48.1651200Z,,v3,3032,5035,,"Harrison, Connor",1000339305,Right,TEX_AGG,44f46a95-e26b-4938-aed8-f09cb89db977,55.04434,-121.50271,13.33538,5.42269,1.21754,-16.77472,-3.54625,7.28825,6.22497,,,,,,,,,,,,,,,,,,,,,,,,,,,,,,,,,,,,,,,,,,,,,,,,,,,High,High,High,,,,,,,,,,,,,,,,,,,,,,,,,,,,,,,,,,,,,,,
123,2026-03-01,21:01:08.86,3,6,"Sims, Aiden",831365,Right,TEX_AGG,"Longo, Dominic",1000363616,Right,ARI_SUN,Undefined,4,Top,1,3,2,Slider,Slider,FoulBallNotFieldable,Undefined,Undefined,Undefined,0,0,,81.94847,1.125934,-2.829913,2888.999427,86.971793,9:00,5.37512,3.79991,5.25916,-42.6577,0.42154,-18.7943,2.87957,-0.42719,74.69993,-6.644299,-6.152635,0.472395,76.07094,75.038168,116.344424,5148.009398,,,,,23.32917,,,8.58434,0.23953,-3.52592,50,5.44682,6.64586,-118.73361,0.81455,12.12204,25.02626,-31.83582,TEX_AGG,ARI_SUN,Arlington,D1,SEC,20260301-Arlington-4,0be04550-15e4-11f1-8639-131ccc676290,79.79006,71.67718,,7.24853,,,,2.213,3.12794,0.3065,f5a7e556-a2a9-43cd-af52-c62bb86c0341,2026-03-02,03:01:08.86,2026-03-01T21:01:08.8689152-06:00,2026-03-02T03:01:08.8689152Z,,v3,3032,5035,,"Harrison, Connor",1000339305,Right,TEX_AGG,a457aa07-09e6-4e3e-8e0a-aff5b02644b8,55.24031,-119.83306,12.51313,5.38031,2.21315,-15.91791,-3.80618,6.11332,6.06102,347.356432,2.213,-12.78174,-9.04955,3.89149,-0.46595,-1.33149,2.03322,-1.43414,0.41105,3.12794,107.78819,-31.68376,4.28552,-0.67513,-0.11976,0.28869,-0.20825,0.0597,0.3065,25.81311,-2.34178,0.1508,-0.00793,0.12476,-0.19052,0.13544,-0.03897,,,,,,,,,,,,,,,,,,,,,,,High,High,High,High,Undefined,,,,,,,,,,,,,,,,,,,,,,,,,,,,,,,,,,,,,
124,2026-03-01,21:01:34.35,3,7,"Sims, Aiden",831365,Right,TEX_AGG,"Longo, Dominic",1000363616,Right,ARI_SUN,Undefined,4,Top,1,3,2,ChangeUp,Changeup,BallCalled,Walk,Undefined,Undefined,0,0,,84.81443,-0.222828,-5.870264,1321.271279,209.69314,1:00,5.46228,3.35944,5.53418,-26.93281,13.36406,6.78264,3.0085,-1.58164,76.38575,-5.245848,-4.672048,0.456885,,,,,,,,,,,,-5.27638,7.23843,-2.85282,50,5.42534,12.28311,-122.30739,-1.35408,-7.88096,27.26318,-21.36249,TEX_AGG,ARI_SUN,Arlington,D1,SEC,20260301-Arlington-4,1b11e380-15e4-11f1-8639-131ccc676290,82.49869,,,8.42869,,,,,,,f5a7e556-a2a9-43cd-af52-c62bb86c0341,2026-03-02,03:01:34.35,2026-03-01T21:01:34.3510016-06:00,2026-03-02T03:01:34.3510016Z,,v3,3032,5035,,"Harrison, Connor",1000339305,Right,TEX_AGG,2a9cf4ca-2186-484f-a7b2-c23ce2edd367,54.95995,-123.40804,13.63159,5.4626,-0.49165,-10.68124,-3.35512,12.60128,-3.94048,,,,,,,,,,,,,,,,,,,,,,,,,,,,,,,,,,,,,,,,,,,,,,,,,,,High,High,High,,,,,,,,,,,,,,,,,,,,,,,,,,,,,,,,,,,,,,,
125,2026-03-01,21:03:14.97,4,1,"Sims, Aiden",831365,Right,TEX_AGG,"Smaldino, Dominic",822032,Right,ARI_SUN,Undefined,4,Top,1,0,0,Slider,Curveball,StrikeCalled,Undefined,Undefined,Undefined,0,0,,81.29431,0.78091,-3.109554,2855.586183,61.619989,8:00,5.43022,3.60277,5.14868,-50.687,-6.23363,-14.52446,1.94262,-0.53795,73.50231,-8.405663,-5.674931,0.47987,,,,,,,,,,,,6.15579,-2.88622,-3.30012,50,5.46457,7.00731,-117.60252,-0.26744,8.43295,26.83805,-36.12795,TEX_AGG,ARI_SUN,Arlington,D1,SEC,20260301-Arlington-4,570b2130-15e4-11f1-8639-131ccc676290,78.54716,,,7.792,,,,,,,f5a7e556-a2a9-43cd-af52-c62bb86c0341,2026-03-02,03:03:14.97,2026-03-01T21:03:14.9739520-06:00,2026-03-02T03:03:14.9739520Z,,v3,3032,5035,,"Harrison, Connor",1000339305,Right,TEX_AGG,e5bb614a-0b97-4990-9a0d-4ac7f1afdec9,55.34899,-118.81694,13.41903,5.43969,1.36735,-18.06398,-3.60857,6.62572,4.21648,,,,,,,,,,,,,,,,,,,,,,,,,,,,,,,,,,,,,,,,,,,,,,,,,,,High,High,High,,,,,,,,,,,,,,,,,,,,,,,,,,,,,,,,,,,,,,,
126,2026-03-01,21:03:32.79,4,2,"Sims, Aiden",831365,Right,TEX_AGG,"Smaldino, Dominic",822032,Right,ARI_SUN,Undefined,4,Top,1,0,1,Cutter,Cutter,StrikeSwinging,Undefined,Undefined,Undefined,0,0,,89.35206,-1.686721,-3.876857,2608.592696,192.841792,12:30,5.80581,2.88828,5.7196,-23.10978,12.32859,2.54847,2.30479,-0.51608,81.62539,-5.989149,-3.42255,0.428458,,,,,,,,,,,,-2.39264,7.09804,-2.56549,50,5.65038,8.65862,-129.40362,-4.59313,-4.04968,27.46181,-20.16026,TEX_AGG,ARI_SUN,Arlington,D1,SEC,20260301-Arlington-4,61a9a2b0-15e4-11f1-8639-131ccc676290,87.97231,,,7.72668,,,,,,,f5a7e556-a2a9-43cd-af52-c62bb86c0341,2026-03-02,03:03:32.79,2026-03-01T21:03:32.7967744-06:00,2026-03-02T03:03:32.7967744Z,,v3,3032,5035,,"Harrison, Connor",1000339305,Right,TEX_AGG,77a2e211-9fda-4c70-8917-11d39bb39f2e,54.77704,-130.41346,13.73091,5.80565,-3.85178,-10.08013,-2.88663,8.80754,-2.02484,,,,,,,,,,,,,,,,,,,,,,,,,,,,,,,,,,,,,,,,,,,,,,,,,,,High,High,High,,,,,,,,,,,,,,,,,,,,,,,,,,,,,,,,,,,,,,,
127,2026-03-01,21:03:51.37,4,3,"Sims, Aiden",831365,Right,TEX_AGG,"Smaldino, Dominic",822032,Right,ARI_SUN,Undefined,4,Top,1,0,2,Cutter,Slider,BallCalled,Undefined,Undefined,Undefined,0,0,,88.32603,-1.664583,-5.348252,2653.123946,207.148427,1:00,5.8474,2.98386,5.80387,-30.1601,6.60111,2.70331,1.77877,-1.77928,79.86214,-7.244349,-4.867133,0.436381,,,,,,,,,,,,-3.10453,4.30681,-2.54526,50,5.69244,11.82093,-127.50955,-4.75886,-5.03281,29.96922,-25.1922,TEX_AGG,ARI_SUN,Arlington,D1,SEC,20260301-Arlington-4,6cbbcd90-15e4-11f1-8639-131ccc676290,86.37498,,,8.46389,,,,,,,f5a7e556-a2a9-43cd-af52-c62bb86c0341,2026-03-02,03:03:51.37,2026-03-01T21:03:51.3724416-06:00,2026-03-02T03:03:51.3724416Z,,v3,3032,5035,,"Harrison, Connor",1000339305,Right,TEX_AGG,194aa2c7-0d0f-4a77-913f-489a7c658fa5,54.69142,-128.60747,14.98461,5.84988,-3.83594,-12.5961,-2.98169,12.00531,-2.5164,,,,,,,,,,,,,,,,,,,,,,,,,,,,,,,,,,,,,,,,,,,,,,,,,,,High,High,High,,,,,,,,,,,,,,,,,,,,,,,,,,,,,,,,,,,,,,,
128,2026-03-01,21:04:09.05,4,4,"Sims, Aiden",831365,Right,TEX_AGG,"Smaldino, Dominic",822032,Right,ARI_SUN,Undefined,4,Top,1,1,2,Slider,Curveball,BallCalled,Undefined,Undefined,Undefined,0,0,,82.97173,-0.504399,-3.37973,2965.76886,62.282567,8:00,5.51485,3.65389,5.01892,-48.5579,-5.57488,-13.62202,0.99151,-0.67445,75.05097,-9.262976,-5.781009,0.471867,,,,,,,,,,,,5.58792,-2.14453,-3.31833,50,5.42747,7.67865,-119.94792,-2.90919,7.94853,28.31366,-35.22453,TEX_AGG,ARI_SUN,Arlington,D1,SEC,20260301-Arlington-4,774c4550-15e4-11f1-8639-131ccc676290,79.87932,,,7.92076,,,,,,,f5a7e556-a2a9-43cd-af52-c62bb86c0341,2026-03-02,03:04:09.05,2026-03-01T21:04:09.0548736-06:00,2026-03-02T03:04:09.0548736Z,,v3,3032,5035,,"Harrison, Connor",1000339305,Right,TEX_AGG,63f4a444-aa80-41f5-a1c0-5f13d708e6c9,55.47855,-121.23423,14.15683,5.52329,-1.30891,-17.61226,-3.65898,7.31754,3.97427,,,,,,,,,,,,,,,,,,,,,,,,,,,,,,,,,,,,,,,,,,,,,,,,,,,High,High,High,,,,,,,,,,,,,,,,,,,,,,,,,,,,,,,,,,,,,,,
129,2026-03-01,21:04:28.20,4,5,"Sims, Aiden",831365,Right,TEX_AGG,"Smaldino, Dominic",822032,Right,ARI_SUN,Undefined,4,Top,1,2,2,Fastball,Four-Seam,FoulBallNotFieldable,Undefined,Undefined,Undefined,0,0,,93.70674,-0.77795,-3.725423,2308.062843,218.489963,1:15,5.84365,3.09801,5.72807,-14.74631,17.93808,13.28505,3.88868,0.7306,83.90612,-3.62724,-1.355394,0.411473,77.0945,23.891092,171.614129,2657.229419,,,,,43.32568,,,-7.76567,9.61717,-2.79401,50,5.76935,8.16007,-135.48483,-2.25147,-14.1968,34.14677,-14.59241,TEX_AGG,ARI_SUN,Arlington,D1,SEC,20260301-Arlington-4,82ae64f0-15e4-11f1-8639-131ccc676290,91.60361,20.19234,,9.80062,,,,2.62221,3.91637,-0.82786,f5a7e556-a2a9-43cd-af52-c62bb86c0341,2026-03-02,03:04:28.20,2026-03-01T21:04:28.2012160-06:00,2026-03-02T03:04:28.2012160Z,,v3,3032,5035,,"Harrison, Connor",1000339305,Right,TEX_AGG,85f69713-7041-43e7-8bfa-5ea114d6d9ba,54.76155,-136.67963,17.07339,5.8392,-1.74088,-7.2962,-3.08823,8.65682,-7.0984,297.078205,2.61734,-102.13969,9.66272,,,,,,,3.9289,45.43485,-22.92333,,,,,,,-0.81716,14.76964,-8.02295,,,,,,,,,,,,,,,,,,,,,,,,,,,,,High,High,High,High,Undefined,,,,,,,,,,,,,,,,,,,,,,,,,,,,,,,,,,,,,
130,2026-03-01,21:04:52.87,4,6,"Sims, Aiden",831365,Right,TEX_AGG,"Smaldino, Dominic",822032,Right,ARI_SUN,Undefined,4,Top,1,2,2,ChangeUp,Splitter,BallCalled,Undefined,Undefined,Undefined,0,0,,83.7155,1.304154,-3.738808,1083.785678,311.052396,4:15,5.50309,3.77361,5.30967,-51.46731,-10.06048,13.23339,2.4411,1.36203,75.79285,-8.045182,-1.392035,0.463135,,,,,,,,,,,,-7.7928,-4.98461,-3.44395,50,5.58429,7.34367,-121.16134,0.81083,-11.42022,26.7972,-39.47893,TEX_AGG,ARI_SUN,Arlington,D1,SEC,20260301-Arlington-4,91697390-15e4-11f1-8639-131ccc676290,81.38547,,,7.92264,,,,,,,f5a7e556-a2a9-43cd-af52-c62bb86c0341,2026-03-02,03:04:52.87,2026-03-01T21:04:52.8710000-06:00,2026-03-02T03:04:52.8710000Z,,v3,3032,5035,,"Harrison, Connor",1000339305,Right,TEX_AGG,1427d892-af13-4c17-8768-82a364faa0e2,55.18971,-122.30376,13.3986,5.51385,2.4939,-19.73947,-3.7674,7.83054,-5.71011,,,,,,,,,,,,,,,,,,,,,,,,,,,,,75.59919,1.691903,0.806502,0.8854,-0.57022,2.15358,-1.31527,-2.00586,5.19803,-2.36981,61.92221,5.04713,-63.03459,-2.00322,75.41135,-3.63295,5.21871,12.21444,-14.04954,-2.43505,-79.24164,12.30206,High,High,High,,,High,Medium,Medium,,,,,,,,,,,,,,,,,,,,,,,,,,,,,,,,,,
131,2026-03-01,21:05:24.28,4,7,"Sims, Aiden",831365,Right,TEX_AGG,"Smaldino, Dominic",822032,Right,ARI_SUN,Undefined,4,Top,1,3,2,Slider,Slider,StrikeSwinging,Strikeout,Undefined,Undefined,0,0,,81.88815,1.774238,-2.146215,2752.270279,91.111092,9:00,5.43966,3.46094,5.24171,-41.52963,1.85839,-17.85202,3.64802,-0.04472,74.04933,-5.829031,-5.303874,0.474085,,,,,,,,,,,,8.16587,0.83472,-3.25008,50,5.57241,5.20965,-118.55971,2.18432,11.44283,25.94448,-31.00433,TEX_AGG,ARI_SUN,Arlington,D1,SEC,20260301-Arlington-4,a42263c0-15e4-11f1-8639-131ccc676290,79.50562,,,7.83882,,,,,,,f5a7e556-a2a9-43cd-af52-c62bb86c0341,2026-03-02,03:05:24.28,2026-03-01T21:05:24.2859008-06:00,2026-03-02T03:05:24.2859008Z,,v3,3032,5035,,"Harrison, Connor",1000339305,Right,TEX_AGG,332db5ed-3895-4dc4-bb54-5063263c4865,55.25473,-119.70408,12.97224,5.44591,3.55188,-15.50216,-3.46874,4.70492,5.72142,,,,,,,,,,,,,,,,,,,,,,,,,,,,,,,,,,,,,,,,,,,,,,,,,,,High,High,High,,,,,,,,,,,,,,,,,,,,,,,,,,,,,,,,,,,,,,,
132,2026-03-01,21:06:00.20,5,1,"Sims, Aiden",831365,Right,TEX_AGG,"Roellig, Austen",822305,Right,ARI_SUN,Undefined,4,Top,2,0,0,Slider,Slider,BallCalled,Undefined,Undefined,Undefined,0,0,,82.3365,2.049915,-2.7004,2842.364583,84.753203,8:45,5.36051,3.60015,5.29709,-42.92479,-0.10732,-17.15403,3.71097,-0.36651,74.55768,-5.798455,-5.734365,0.470958,,,,,,,,,,,,7.67559,-0.24193,-3.34169,50,5.51625,6.35454,-119.1794,2.72162,10.88135,25.96918,-32.517,TEX_AGG,ARI_SUN,Arlington,D1,SEC,20260301-Arlington-4,b98a9570-15e4-11f1-8639-131ccc676290,80.03362,,,7.77882,,,,,,,f5a7e556-a2a9-43cd-af52-c62bb86c0341,2026-03-02,03:06:00.20,2026-03-01T21:06:00.2083840-06:00,2026-03-02T03:06:00.2083840Z,,v3,3032,5035,,"Harrison, Connor",1000339305,Right,TEX_AGG,270bbc80-ab5f-4e99-bca2-fe91b74aa88e,55.2,-120.30714,12.98459,5.3674,4.13371,-16.2585,-3.60739,5.88201,5.44068,,,,,,,,,,,,,,,,,,,,,,,,,,,,,,,,,,,,,,,,,,,,,,,,,,,High,High,High,,,,,,,,,,,,,,,,,,,,,,,,,,,,,,,,,,,,,,,
133,2026-03-01,21:06:16.51,5,2,"Sims, Aiden",831365,Right,TEX_AGG,"Roellig, Austen",822305,Right,ARI_SUN,Undefined,4,Top,2,1,0,Cutter,Cutter,StrikeSwinging,Undefined,Undefined,Undefined,0,0,,87.21014,-0.660926,-3.893067,2649.912301,147.130307,11:00,5.72022,2.97229,5.69114,-29.9158,7.13052,-3.88323,2.60982,-0.98514,80.17824,-6.1664,-4.584579,0.438071,,,,,,,,,,,,0.92055,4.15284,-2.64218,50,5.64588,8.7662,-126.41677,-2.4997,1.4937,25.118,-25.43547,TEX_AGG,ARI_SUN,Arlington,D1,SEC,20260301-Arlington-4,c33fa150-15e4-11f1-8639-131ccc676290,86.04193,,,7.03191,,,,,,,f5a7e556-a2a9-43cd-af52-c62bb86c0341,2026-03-02,03:06:16.51,2026-03-01T21:06:16.5176320-06:00,2026-03-02T03:06:16.5176320Z,,v3,3032,5035,,"Harrison, Connor",1000339305,Right,TEX_AGG,c87aacf1-8b93-4464-885c-b0ad9b6b469b,54.80681,-127.36827,12.559,5.72233,-1.53618,-12.71773,-2.97318,8.70962,0.74685,,,,,,,,,,,,,,,,,,,,,,,,,,,,,,,,,,,,,,,,,,,,,,,,,,,High,High,High,,,,,,,,,,,,,,,,,,,,,,,,,,,,,,,,,,,,,,,
134,2026-03-01,21:06:34.72,5,3,"Sims, Aiden",831365,Right,TEX_AGG,"Roellig, Austen",822305,Right,ARI_SUN,Undefined,4,Top,2,1,1,Cutter,Slider,StrikeSwinging,Undefined,Undefined,Undefined,0,0,,87.04852,-0.993837,-3.941988,2711.882693,164.332512,11:30,5.67867,3.11492,5.78052,-29.34336,7.47634,-1.80433,2.30643,-0.70892,80.55795,-6.389526,-4.263903,0.436728,,,,,,,,,,,,-0.06492,4.38547,-2.78817,50,5.57868,8.7753,-126.27921,-3.1957,-0.10586,23.41892,-25.02512,TEX_AGG,ARI_SUN,Arlington,D1,SEC,20260301-Arlington-4,ce16bf00-15e4-11f1-8639-131ccc676290,86.30634,,,6.49058,,,,,,,f5a7e556-a2a9-43cd-af52-c62bb86c0341,2026-03-02,03:06:34.72,2026-03-01T21:06:34.7279872-06:00,2026-03-02T03:06:34.7279872Z,,v3,3032,5035,,"Harrison, Connor",1000339305,Right,TEX_AGG,26409442-2791-4a78-9956-89752fc23bfd,54.71889,-127.15134,11.70946,5.68034,-2.26377,-12.51256,-3.11504,8.77924,-0.05293,,,,,,,,,,,,,,,,,,,,,,,,,,,,,,,,,,,,,,,,,,,,,,,,,,,High,High,High,,,,,,,,,,,,,,,,,,,,,,,,,,,,,,,,,,,,,,,
135,2026-03-01,21:06:54.24,5,4,"Sims, Aiden",831365,Right,TEX_AGG,"Roellig, Austen",822305,Right,ARI_SUN,Undefined,4,Top,2,1,2,Cutter,Slider,InPlay,Undefined,FlyBall,Out,1,0,,86.29075,0.017811,-3.853223,2632.99684,168.470394,11:30,5.63939,3.0248,5.81052,-30.66238,6.70764,-1.15551,3.10079,-0.65998,79.82439,-5.628429,-4.059485,0.43998,93.69856,27.470672,-1.086251,3599.589922,109.99132,54.22206,1.35468,363.99393,356.92392,4.116561,5.022342,-0.36386,3.72898,-2.70783,50,5.62237,8.48124,-125.23848,-0.99458,-0.58386,22.84541,-26.19033,TEX_AGG,ARI_SUN,Arlington,D1,SEC,20260301-Arlington-4,d9b99120-15e4-11f1-8639-131ccc676290,85.66849,76.93704,,6.46635,,,,1.65013,3.15547,0.64063,f5a7e556-a2a9-43cd-af52-c62bb86c0341,2026-03-02,03:06:54.24,2026-03-01T21:06:54.2405632-06:00,2026-03-02T03:06:54.2405632Z,FlyBall,v3,3032,5035,,"Harrison, Connor",1000339305,Right,TEX_AGG,b2b4bac0-91a5-4b88-8a13-b3147bfa91b4,54.68955,-126.09102,11.4227,5.64125,-0.0172,-13.09517,-3.02474,8.50303,-0.29193,193.854265,1.6503,121.90895,-22.14512,5.0514,-1.06302,0.21207,-0.0359,0.004,-0.0002,3.15683,63.35407,-14.2079,-0.00296,0.29686,-0.14147,0.036,-0.00459,0.00023,0.64055,-2.3116,3.67508,-0.97902,0.22158,-0.04115,0.00573,-0.00052,2E-05,,,,,,,,,,,,,,,,,,,,,,,High,High,High,High,High,,,,,,,,,,,,,,,,,,,,,,,,,,,,,,,,,,,,,
136,2026-03-01,21:09:56.46,1,1,"Penn, Taylor",828522,Right,ARI_SUN,"Kiel II, Terrence",10069127,Right,TEX_AGG,Undefined,4,Bottom,0,0,0,Sinker,Sinker,StrikeCalled,Undefined,Undefined,Undefined,0,0,,91.81618,-1.094663,-4.437921,2310.235054,228.581063,1:30,5.8759,2.51423,6.16805,-17.13304,16.03899,16.88143,3.43389,-0.1863,83.11855,-4.377135,-1.404349,0.414531,,,,,,,,,,,,-10.00394,8.94012,-2.18566,50,5.78391,9.59438,-132.96671,-3.03604,-17.7759,30.50504,-16.28849,TEX_AGG,ARI_SUN,Arlington,D1,SEC,20260301-Arlington-4,46553780-15e5-11f1-8639-131ccc676290,90.92787,,,8.69763,,,,,,,f5a7e556-a2a9-43cd-af52-c62bb86c0341,2026-03-02,03:09:56.46,2026-03-01T21:09:56.4605952-06:00,2026-03-02T03:09:56.4605952Z,,v3,3032,5035,,"Niclai, Coen",815515,Right,ARI_SUN,0c7ca06c-017d-45e2-a7f4-41259e4c6446,54.32887,-133.95615,15.25252,5.87382,-2.50772,-8.14425,-2.50621,10.17094,-8.88795,,,,,,,,,,,,,,,,,,,,,,,,,,,,,,,,,,,,,,,,,,,,,,,,,,,High,High,High,,,,,,,,,,,,,,,,,,,,,,,,,,,,,,,,,,,,,,,
137,2026-03-01,21:10:09.60,1,2,"Penn, Taylor",828522,Right,ARI_SUN,"Kiel II, Terrence",10069127,Right,TEX_AGG,Undefined,4,Bottom,0,0,1,Sinker,Four-Seam,FoulBallNotFieldable,Undefined,Undefined,Undefined,0,0,,93.72943,-1.815914,-3.50285,2338.725812,222.517686,1:30,5.84025,2.53199,6.17872,-12.78863,18.97225,16.39206,3.0939,0.6592,84.90474,-4.308319,-0.551667,0.405618,,,,,,,,,,,,-9.52398,10.67701,-2.27518,50,5.6962,7.61008,-135.86837,-4.6395,-17.66621,31.90516,-12.36904,TEX_AGG,ARI_SUN,Arlington,D1,SEC,20260301-Arlington-4,4e249370-15e5-11f1-8639-131ccc676290,92.92589,,,8.8247,,,,,,,f5a7e556-a2a9-43cd-af52-c62bb86c0341,2026-03-02,03:10:09.60,2026-03-01T21:10:09.6001024-06:00,2026-03-02T03:10:09.6001024Z,,v3,3032,5035,,"Niclai, Coen",815515,Right,ARI_SUN,fbc0a6ec-89b8-461e-83ca-026c008f642c,54.3191,-136.87884,15.95258,5.83694,-4.24776,-6.18452,-2.52507,8.16959,-8.8331,,,,,,,,,,,,,,,,,,,,,,,,,,,,,,,,,,,,,,,,,,,,,,,,,,,High,High,High,,,,,,,,,,,,,,,,,,,,,,,,,,,,,,,,,,,,,,,
138,2026-03-01,21:10:29.45,1,3,"Penn, Taylor",828522,Right,ARI_SUN,"Kiel II, Terrence",10069127,Right,TEX_AGG,Undefined,4,Bottom,0,0,2,Fastball,Four-Seam,BallCalled,Undefined,Undefined,Undefined,0,0,,93.33816,-0.273482,-4.519122,2422.585947,212.690032,1:00,5.83796,2.41817,5.92406,-10.32253,22.20769,13.51068,4.72319,-0.65799,84.01514,-2.328986,-2.104427,0.410502,,,,,,,,,,,,-8.24611,11.72662,-2.06331,50,5.81,10.05442,-135.0424,-0.85401,-15.05976,32.43142,-10.75784,TEX_AGG,ARI_SUN,Arlington,D1,SEC,20260301-Arlington-4,5a0272c0-15e5-11f1-8639-131ccc676290,91.82041,,,9.32302,,,,,,,f5a7e556-a2a9-43cd-af52-c62bb86c0341,2026-03-02,03:10:29.45,2026-03-01T21:10:29.4546432-06:00,2026-03-02T03:10:29.4546432Z,,v3,3032,5035,,"Niclai, Coen",815515,Right,ARI_SUN,3561631e-789e-4fbb-a630-1ac23a64f1c2,54.57098,-136.13573,16.21571,5.83268,-0.49134,-5.37892,-2.41083,10.56212,-7.52988,,,,,,,,,,,,,,,,,,,,,,,,,,,,,,,,,,,,,,,,,,,,,,,,,,,High,High,High,,,,,,,,,,,,,,,,,,,,,,,,,,,,,,,,,,,,,,,
139,2026-03-01,21:10:42.70,1,4,"Penn, Taylor",828522,Right,ARI_SUN,"Kiel II, Terrence",10069127,Right,TEX_AGG,Undefined,4,Bottom,0,1,2,ChangeUp,Splitter,StrikeSwinging,Strikeout,Undefined,Undefined,0,0,,83.40014,-0.907552,-2.468462,1018.899556,285.319741,3:30,5.85355,2.30719,6.56586,-42.09325,-2.65032,14.47233,1.51298,1.24896,76.22687,-8.737274,0.166988,0.452018,,,,,,,,,,,,-8.3876,-0.74752,-2.14304,50,5.77366,4.7082,-121.17551,-3.18524,-12.34884,25.84621,-33.27459,TEX_AGG,ARI_SUN,Arlington,D1,SEC,20260301-Arlington-4,61e7eec0-15e5-11f1-8639-131ccc676290,83.387,,,7.17328,,,,,,,f5a7e556-a2a9-43cd-af52-c62bb86c0341,2026-03-02,03:10:42.70,2026-03-01T21:10:42.7020000-06:00,2026-03-02T03:10:42.7020000Z,,v3,3032,5035,,"Niclai, Coen",815515,Right,ARI_SUN,20dbbe35-57cd-469f-a30f-b3f99de73cd9,53.93415,-122.01176,12.9231,5.8593,-2.10865,-16.63729,-2.30184,5.10775,-6.17442,,,,,,,,,,,,,,,,,,,,,,,,,,,,,66.39078,,,1.007788,,,,1.62876,4.87527,-1.47308,71.84501,9.3689,-53.14106,1.6708,74.282,-4.59848,4.94983,19.939,-15.40389,-1.56601,-57.81272,6.55035,High,High,High,,,High,Medium,High,,,,,,,,,,,,,,,,,,,,,,,,,,,,,,,,,,
140,2026-03-01,21:11:12.52,2,1,"Penn, Taylor",828522,Right,ARI_SUN,"Sorrell, Caden",811294,Left,TEX_AGG,Undefined,4,Bottom,1,0,0,ChangeUp,Splitter,StrikeCalled,Undefined,Undefined,Undefined,0,0,,83.20061,0.338768,-3.435845,1019.187658,276.915072,3:15,5.93497,2.33892,6.56025,-40.05156,-0.54819,14.99796,2.90849,0.43496,76.08566,-7.132553,-0.712156,0.452364,,,,,,,,,,,,-8.79126,0.07031,-2.10735,50,5.94223,6.69814,-120.81354,-0.49529,-12.94682,24.32502,-32.07052,TEX_AGG,ARI_SUN,Arlington,D1,SEC,20260301-Arlington-4,73b127c0-15e5-11f1-8639-131ccc676290,83.32319,,,7.11495,,,,,,,f5a7e556-a2a9-43cd-af52-c62bb86c0341,2026-03-02,03:11:12.52,2026-03-01T21:11:12.5216768-06:00,2026-03-02T03:11:12.5216768Z,,v3,3032,5035,,"Niclai, Coen",815515,Right,ARI_SUN,e86e6553-4bc5-470b-b7d6-b4ef201b2fe1,53.93837,-121.60392,12.16251,5.94139,0.54676,-16.03526,-2.33182,7.11882,-6.47341,,,,,,,,,,,,,,,,,,,,,,,,,,,,,,,,,,,,,,,,,,,,,,,,,,,High,High,High,,,,,,,,,,,,,,,,,,,,,,,,,,,,,,,,,,,,,,,
141,2026-03-01,21:11:26.84,2,2,"Penn, Taylor",828522,Right,ARI_SUN,"Sorrell, Caden",811294,Left,TEX_AGG,Undefined,4,Bottom,1,0,1,ChangeUp,Changeup,FoulBallNotFieldable,Undefined,Undefined,Undefined,0,0,,83.41716,-0.361286,-2.641268,1111.54521,233.652428,1:45,5.87367,2.42073,6.6245,-31.92356,7.41607,8.28,2.88219,0.69044,75.91346,-6.378567,-1.135386,0.451426,77.11413,73.281155,-91.217563,5285.814521,,,,,17.0891,,,-5.17551,4.39847,-2.24481,50,5.83617,5.29545,-121.1545,-1.6563,-7.6238,25.64692,-25.69491,TEX_AGG,ARI_SUN,Arlington,D1,SEC,20260301-Arlington-4,7c310f00-15e5-11f1-8639-131ccc676290,83.49637,49.41529,,7.50371,,,,1.11704,2.88247,-0.73929,f5a7e556-a2a9-43cd-af52-c62bb86c0341,2026-03-02,03:11:26.84,2026-03-01T21:11:26.8402176-06:00,2026-03-02T03:11:26.8402176Z,,v3,3032,5035,,"Niclai, Coen",815515,Right,ARI_SUN,7d4a3bab-2aef-4897-ad0a-8b504d0841d7,53.87348,-121.97171,12.82346,5.8759,-0.83756,-12.84745,-2.41741,5.53837,-3.8119,16.527704,1.13305,-1.13426,-8.3253,,,,,,,2.89359,108.01619,-25.27028,,,,,,,-0.73254,-32.71683,-1.75419,,,,,,,,,,,,,,,,,,,,,,,,,,,,,High,High,High,Medium,Undefined,,,,,,,,,,,,,,,,,,,,,,,,,,,,,,,,,,,,,
142,2026-03-01,21:11:49.43,2,3,"Penn, Taylor",828522,Right,ARI_SUN,"Sorrell, Caden",811294,Left,TEX_AGG,Undefined,4,Bottom,1,0,2,Fastball,Four-Seam,StrikeSwinging,Strikeout,Undefined,Undefined,0,0,,93.376,-0.931091,-3.02701,2350.074089,211.527336,1:00,5.80093,2.72109,6.0246,-12.00091,20.43123,11.80134,3.93724,0.89844,83.81831,-3.297678,-0.907779,0.409882,,,,,,,,,,,,-6.98382,11.09453,-2.4901,50,5.72131,6.61651,-135.26155,-2.47637,-12.73057,33.92534,-11.95022,TEX_AGG,ARI_SUN,Arlington,D1,SEC,20260301-Arlington-4,89b0de80-15e5-11f1-8639-131ccc676290,91.95917,,,9.55769,,,,,,,f5a7e556-a2a9-43cd-af52-c62bb86c0341,2026-03-02,03:11:49.43,2026-03-01T21:11:49.4370000-06:00,2026-03-02T03:11:49.4370000Z,,v3,3032,5035,,"Niclai, Coen",815515,Right,ARI_SUN,b4c1176a-48e8-4ca8-b476-50e240dd8578,54.46951,-136.37795,16.96267,5.79633,-2.08312,-5.97511,-2.71473,7.03544,-6.36529,,,,,,,,,,,,,,,,,,,,,,,,,,,,,66.57062,2.702879,1.675315,1.027563,-2.41664,3.70897,-0.84281,-0.73779,5.38604,-1.72566,70.82856,9.26669,-54.15496,-0.66299,75.26991,-5.51931,5.43952,18.03731,-13.90977,-1.82186,-57.19666,6.06865,High,High,High,,,High,Medium,High,,,,,,,,,,,,,,,,,,,,,,,,,,,,,,,,,,
143,2026-03-01,21:12:20.49,3,1,"Penn, Taylor",828522,Right,ARI_SUN,"Grahovac, Gavin",800606,Right,TEX_AGG,Undefined,4,Bottom,2,0,0,Fastball,Four-Seam,StrikeCalled,Undefined,Undefined,Undefined,0,0,,93.69301,-1.612725,-4.153617,2375.313795,216.351257,1:15,5.75672,2.5088,6.09176,-14.25729,17.98426,12.34894,3.07255,-0.31089,84.08527,-4.383764,-1.937384,0.408676,,,,,,,,,,,,-7.64536,10.09686,-2.19422,50,5.62445,9.28261,-135.52603,-4.19926,-13.98341,34.20515,-13.70677,TEX_AGG,ARI_SUN,Arlington,D1,SEC,20260301-Arlington-4,9c2ffa00-15e5-11f1-8639-131ccc676290,92.23056,,,9.60774,,,,,,,f5a7e556-a2a9-43cd-af52-c62bb86c0341,2026-03-02,03:12:20.49,2026-03-01T21:12:20.4952064-06:00,2026-03-02T03:12:20.4952064Z,,v3,3032,5035,,"Niclai, Coen",815515,Right,ARI_SUN,9e10b73b-adba-4246-babc-7288f2f68cb4,54.40223,-136.63258,17.10258,5.75312,-3.75584,-6.85339,-2.50183,9.73498,-6.99171,,,,,,,,,,,,,,,,,,,,,,,,,,,,,,,,,,,,,,,,,,,,,,,,,,,High,High,High,,,,,,,,,,,,,,,,,,,,,,,,,,,,,,,,,,,,,,,
144,2026-03-01,21:12:33.99,3,2,"Penn, Taylor",828522,Right,ARI_SUN,"Grahovac, Gavin",800606,Right,TEX_AGG,Undefined,4,Bottom,2,0,1,Fastball,Four-Seam,BallCalled,Undefined,Undefined,Undefined,0,0,,93.60737,-1.434365,-4.570166,2353.333945,208.941673,1:00,5.75039,2.50965,5.99251,-11.61583,20.80737,10.84095,3.44864,-0.83119,84.01973,-3.727688,-2.630765,0.409826,,,,,,,,,,,,-6.99406,11.44359,-2.15454,50,5.63051,10.32465,-135.33211,-3.66219,-12.76848,33.83395,-11.28238,TEX_AGG,ARI_SUN,Arlington,D1,SEC,20260301-Arlington-4,a43ea8e0-15e5-11f1-8639-131ccc676290,91.9718,,,9.58765,,,,,,,f5a7e556-a2a9-43cd-af52-c62bb86c0341,2026-03-02,03:12:33.99,2026-03-01T21:12:33.9973120-06:00,2026-03-02T03:12:33.9973120Z,,v3,3032,5035,,"Niclai, Coen",815515,Right,ARI_SUN,711bfe53-d7a3-4c7d-805d-f253e4f1705e,54.50192,-136.45298,16.91698,5.74564,-3.28842,-5.64119,-2.50359,10.74765,-6.38424,,,,,,,,,,,,,,,,,,,,,,,,,,,,,,,,,,,,,,,,,,,,,,,,,,,High,High,High,,,,,,,,,,,,,,,,,,,,,,,,,,,,,,,,,,,,,,,
145,2026-03-01,21:12:52.36,3,3,"Penn, Taylor",828522,Right,ARI_SUN,"Grahovac, Gavin",800606,Right,TEX_AGG,Undefined,4,Bottom,2,1,1,ChangeUp,Changeup,InPlay,Undefined,GroundBall,Error,0,0,,83.39827,0.56909,-3.135087,1173.624879,298.668349,4:00,5.73052,2.40739,6.63182,-45.75695,-5.7404,13.30627,2.43927,0.64303,74.85194,-7.993992,-0.712863,0.455293,79.62102,-40.257242,-63.334602,,,,,4.43384,2.77742,-46.87653,0.033113,-8.09811,-2.75638,-2.19994,50,5.75144,6.13562,-120.94231,-0.18674,-11.67607,29.42167,-36.14825,TEX_AGG,ARI_SUN,Arlington,D1,SEC,20260301-Arlington-4,af377f60-15e5-11f1-8639-131ccc676290,82.7872,2.50589,,8.54633,,,,1.70277,2.50589,-0.59161,f5a7e556-a2a9-43cd-af52-c62bb86c0341,2026-03-02,03:12:52.36,2026-03-01T21:12:52.3617792-06:00,2026-03-02T03:12:52.3617792Z,GroundBall,v3,3032,5035,,"Niclai, Coen",815515,Right,ARI_SUN,5127ca60-1fb3-4bad-9b33-900d6cbb94cf,53.86571,-121.8791,14.71083,5.73907,0.96422,-18.07412,-2.40121,6.50739,-5.83803,,1.70217,40.10775,,,,,,,,2.50702,-75.67731,,,,,,,,-0.59041,-79.8655,,,,,,,,,,,,,,,,,,,,,,,,,,,,,,High,High,High,Low,Low,,,,,,,,,,,,,,,,,,,,,,,,,,,,,,,,,,,,,
146,2026-03-01,21:13:39.88,4,1,"Penn, Taylor",828522,Right,ARI_SUN,"Duer, Jake",808786,Left,TEX_AGG,Undefined,4,Bottom,2,0,0,Fastball,Four-Seam,BallCalled,Undefined,Undefined,Undefined,0,0,,91.67641,-1.802638,-4.59145,2287.279423,209.368239,1:00,5.8201,2.52358,6.08578,-13.90847,19.47225,10.31449,2.98754,-0.87348,83.1317,-4.495276,-2.742944,0.415833,,,,,,,,,,,,-6.63681,10.87843,-2.17377,50,5.673,10.20716,-132.66656,-4.54468,-11.75815,29.95373,-12.90119,TEX_AGG,ARI_SUN,Arlington,D1,SEC,20260301-Arlington-4,cb7c6fa0-15e5-11f1-8639-131ccc676290,90.64317,,,8.54471,,,,,,,f5a7e556-a2a9-43cd-af52-c62bb86c0341,2026-03-02,03:13:39.88,2026-03-01T21:13:39.8834688-06:00,2026-03-02T03:13:39.8834688Z,,v3,3032,5035,,"Niclai, Coen",815515,Right,ARI_SUN,5c83d0a6-0dc0-4c7a-bd57-ebee41fe9141,54.41027,-133.65861,14.97687,5.81644,-4.1174,-6.4506,-2.51828,10.59658,-5.87907,,,,,,,,,,,,,,,,,,,,,,,,,,,,,,,,,,,,,,,,,,,,,,,,,,,High,High,High,,,,,,,,,,,,,,,,,,,,,,,,,,,,,,,,,,,,,,,
147,2026-03-01,21:14:10.16,4,2,"Penn, Taylor",828522,Right,ARI_SUN,"Duer, Jake",808786,Left,TEX_AGG,Undefined,4,Bottom,2,1,0,ChangeUp,Changeup,BallCalled,Undefined,Undefined,Undefined,0,0,,82.23301,-0.431801,-2.088136,1296.749411,215.915385,1:15,5.96948,2.60296,6.41794,-28.20643,12.40969,8.03111,3.22172,1.35176,75.06119,-5.756209,-0.632865,0.458692,,,,,,,,,,,,-4.7689,7.01111,-2.45715,50,5.92585,4.05786,-119.445,-1.67969,-6.86497,23.77496,-22.08137,TEX_AGG,ARI_SUN,Arlington,D1,SEC,20260301-Arlington-4,dd9bdef0-15e5-11f1-8639-131ccc676290,82.17381,,,7.17182,,,,,,,f5a7e556-a2a9-43cd-af52-c62bb86c0341,2026-03-02,03:14:10.16,2026-03-01T21:14:10.1685760-06:00,2026-03-02T03:14:10.1685760Z,,v3,3032,5035,,"Niclai, Coen",815515,Right,ARI_SUN,0f862ce1-63ba-4ecc-ad33-63cfbd59d29b,54.07819,-120.25401,11.88748,5.97022,-0.92831,-11.04069,-2.59921,4.29146,-3.43249,,,,,,,,,,,,,,,,,,,,,,,,,,,,,,,,,,,,,,,,,,,,,,,,,,,High,High,High,,,,,,,,,,,,,,,,,,,,,,,,,,,,,,,,,,,,,,,
148,2026-03-01,21:14:52.52,4,3,"Penn, Taylor",828522,Right,ARI_SUN,"Duer, Jake",808786,Left,TEX_AGG,Undefined,4,Bottom,2,2,0,Fastball,Four-Seam,BallCalled,Undefined,Undefined,Undefined,0,0,,92.31162,-0.957411,-3.385189,2352.185002,210.138109,1:00,5.88684,2.64611,5.90522,-11.3932,21.67989,11.92863,4.04707,0.49424,83.53535,-3.197793,-1.249268,0.413913,,,,,,,,,,,,-7.06681,11.67194,-2.38054,50,5.8032,7.37682,-133.77379,-2.49952,-12.71523,30.76298,-11.17288,TEX_AGG,ARI_SUN,Arlington,D1,SEC,20260301-Arlington-4,f6d081f0-15e5-11f1-8639-131ccc676290,91.06368,,,8.77627,,,,,,,f5a7e556-a2a9-43cd-af52-c62bb86c0341,2026-03-02,03:14:52.52,2026-03-01T21:14:52.5251584-06:00,2026-03-02T03:14:52.5251584Z,,v3,3032,5035,,"Niclai, Coen",815515,Right,ARI_SUN,59ef8351-4b0d-415a-868d-d09a9733e3c9,54.59056,-134.82532,15.38149,5.88211,-2.11762,-5.58644,-2.64012,7.81145,-6.35761,,,,,,,,,,,,,,,,,,,,,,,,,,,,,,,,,,,,,,,,,,,,,,,,,,,High,High,High,,,,,,,,,,,,,,,,,,,,,,,,,,,,,,,,,,,,,,,
149,2026-03-01,21:15:32.00,4,4,"Penn, Taylor",828522,Right,ARI_SUN,"Duer, Jake",808786,Left,TEX_AGG,Undefined,4,Bottom,2,3,0,Fastball,Four-Seam,StrikeCalled,Undefined,Undefined,Undefined,0,0,,91.74473,-1.948858,-3.888675,2382.752656,211.688538,1:00,5.91502,2.57211,6.23344,-12.10666,20.89269,12.2167,3.10344,-0.00269,83.4031,-4.319765,-1.689424,0.413451,,,,,,,,,,,,-7.41445,11.69048,-2.28731,50,5.76295,8.51968,-132.95207,-4.8076,-13.22547,29.42023,-11.32124,TEX_AGG,ARI_SUN,Arlington,D1,SEC,20260301-Arlington-4,0e566380-15e6-11f1-8639-131ccc676290,91.16543,,,8.34163,,,,,,,f5a7e556-a2a9-43cd-af52-c62bb86c0341,2026-03-02,03:15:32.00,2026-03-01T21:15:32.0047616-06:00,2026-03-02T03:15:32.0047616Z,,v3,3032,5035,,"Niclai, Coen",815515,Right,ARI_SUN,b24e54e8-8834-44a7-a1b4-b5ada6cd2dc6,54.26343,-133.89218,14.71012,5.91079,-4.44584,-5.66062,-2.56631,8.9423,-6.61274,,,,,,,,,,,,,,,,,,,,,,,,,,,,,,,,,,,,,,,,,,,,,,,,,,,High,High,High,,,,,,,,,,,,,,,,,,,,,,,,,,,,,,,,,,,,,,,
150,2026-03-01,21:15:54.30,4,5,"Penn, Taylor",828522,Right,ARI_SUN,"Duer, Jake",808786,Left,TEX_AGG,Undefined,4,Bottom,2,3,1,Fastball,Four-Seam,StrikeSwinging,Undefined,Undefined,Undefined,0,0,,91.67998,-2.13496,-4.45904,2455.179201,206.112048,12:45,5.78331,2.64583,6.18997,-11.48249,21.61777,10.06091,2.8484,-0.64099,83.47922,-4.387209,-2.652085,0.414083,,,,,,,,,,,,-6.44217,12.0932,-2.31405,50,5.6158,9.92664,-132.75751,-5.21643,-11.47928,28.8322,-10.62519,TEX_AGG,ARI_SUN,Arlington,D1,SEC,20260301-Arlington-4,1ba0f230-15e6-11f1-8639-131ccc676290,91.02635,,,8.20077,,,,,,,f5a7e556-a2a9-43cd-af52-c62bb86c0341,2026-03-02,03:15:54.30,2026-03-01T21:15:54.3020544-06:00,2026-03-02T03:15:54.3020544Z,,v3,3032,5035,,"Niclai, Coen",815515,Right,ARI_SUN,147327ca-4128-4c32-9e7f-dcefac8013db,54.30708,-133.68964,14.4161,5.77889,-4.87292,-5.3126,-2.64097,10.29776,-5.73964,,,,,,,,,,,,,,,,,,,,,,,,,,,,,,,,,,,,,,,,,,,,,,,,,,,High,High,High,,,,,,,,,,,,,,,,,,,,,,,,,,,,,,,,,,,,,,,
151,2026-03-01,21:16:34.17,4,6,"Penn, Taylor",828522,Right,ARI_SUN,"Duer, Jake",808786,Left,TEX_AGG,Undefined,4,Bottom,2,3,2,Fastball,Four-Seam,FoulBallNotFieldable,Undefined,Undefined,Undefined,0,0,,92.34189,-1.243126,-3.752328,2396.159437,213.973447,1:15,5.80959,2.60022,6.11579,-13.78056,18.963,12.03532,3.50921,0.12894,83.79764,-3.912723,-1.589851,0.411846,86.7301,60.254379,-43.235498,4760.829007,64.48579,142.07382,-89.11535,229.03916,113.50279,-59.529892,5.99118,-7.34461,10.49607,-2.3186,50,5.70694,8.27203,-133.86287,-3.27663,-13.24969,30.45983,-13.23918,TEX_AGG,ARI_SUN,Arlington,D1,SEC,20260301-Arlington-4,335fbe10-15e6-11f1-8639-131ccc676290,91.5208,145.36695,,8.54426,,,,2.13793,3.55828,-0.14914,f5a7e556-a2a9-43cd-af52-c62bb86c0341,2026-03-02,03:16:34.17,2026-03-01T21:16:34.1720576-06:00,2026-03-02T03:16:34.1720576Z,Popup,v3,3032,5035,,"Niclai, Coen",815515,Right,ARI_SUN,b7d07c81-48f9-4f85-b1da-b3ca4fa61f7c,54.38243,-134.85638,15.22991,5.80677,-2.8448,-6.61959,-2.59546,8.7042,-6.62484,156.264548,2.1458,45.77831,-13.63876,2.56943,0.34476,-0.37282,0.09979,-0.01191,0.00054,3.53549,110.79961,-28.32506,4.66541,-1.42662,0.32916,-0.04427,0.00281,-5E-05,-0.14381,-43.32978,3.55796,-0.90897,0.40858,-0.15468,0.0341,-0.00385,0.00017,,,,,,,,,,,,,,,,,,,,,,,High,High,High,Medium,Low,,,,,,,,,,,,,,,,,,,,,,,,,,,,,,,,,,,,,
152,2026-03-01,21:17:04.67,4,7,"Penn, Taylor",828522,Right,ARI_SUN,"Duer, Jake",808786,Left,TEX_AGG,Undefined,4,Bottom,2,3,2,Fastball,Four-Seam,InPlay,Undefined,LineDrive,Single,0,0,,92.10892,-1.002648,-3.671826,2426.261205,206.853835,1:00,5.92818,2.59563,6.12833,-11.06745,22.13096,10.59154,4.0771,0.07957,82.76635,-3.207961,-1.768557,0.414696,99.39644,6.220984,-20.022392,2454.558982,,,,123.29712,118.72618,-23.562378,0.972543,-6.63737,12.07804,-2.32001,50,5.84558,8.10331,-133.40011,-2.56679,-11.77662,32.81203,-10.7441,TEX_AGG,ARI_SUN,Arlington,D1,SEC,20260301-Arlington-4,458e96b0-15e6-11f1-8639-131ccc676290,90.89169,6.64667,,9.34257,,,,0.48857,3.7905,0.24933,f5a7e556-a2a9-43cd-af52-c62bb86c0341,2026-03-02,03:17:04.67,2026-03-01T21:17:04.6709760-06:00,2026-03-02T03:17:04.6709760Z,GroundBall,v3,3032,5035,,"Niclai, Coen",815515,Right,ARI_SUN,387c4a27-d9b2-4e0d-8b1e-da0f0779fbc6,54.36743,-134.47006,16.40602,5.92357,-2.21644,-5.37205,-2.59051,8.48733,-5.88831,71.196182,0.6264,134.21535,-19.30844,,,,,,,3.89034,14.38437,-18.99814,,,,,,,0.30238,-50.38457,-0.67069,,,,,,,,,,,,,,,,,,,,,,,,,,,,,High,High,High,High,High,,,,,,,,,,,,,,,,,,,,,,,,,,,,,,,,,,,,,
153,2026-03-01,21:17:48.39,5,1,"Penn, Taylor",828522,Right,ARI_SUN,"Kellner, Boston",828162,Right,TEX_AGG,Undefined,4,Bottom,2,0,0,ChangeUp,Changeup,BallCalled,Undefined,Undefined,Undefined,1,0,,81.39166,0.580104,-3.576774,1231.715173,214.216918,1:15,5.98062,2.43062,6.48506,-29.70498,12.03213,7.20142,4.03887,-0.25743,73.68773,-5.048268,-2.27371,0.464978,,,,,,,,,,,,-4.83969,6.5513,-2.18202,50,6.00848,7.11074,-117.99792,0.3956,-6.75176,24.65558,-23.03443,TEX_AGG,ARI_SUN,Arlington,D1,SEC,20260301-Arlington-4,5fab01a0-15e6-11f1-8639-131ccc676290,81.0628,,,7.70393,,,,,,,f5a7e556-a2a9-43cd-af52-c62bb86c0341,2026-03-02,03:17:48.39,2026-03-01T21:17:48.3970000-06:00,2026-03-02T03:17:48.3970000Z,,v3,3032,5035,,"Niclai, Coen",815515,Right,ARI_SUN,dba44b89-f032-4c3f-9ba6-7d992b9bbffa,54.0098,-118.83281,12.32779,5.98188,1.17559,-11.51721,-2.42667,7.33937,-3.37588,,,,,,,,,,,,,,,,,,,,,,,,,,,,,79.4314,,,0.832837,,,,2.47136,5.65216,0.58131,67.16483,5.99787,-57.80513,2.49561,82.94912,-6.39951,5.6564,10.02825,-11.55634,0.51934,-79.74638,11.75516,High,High,High,,,High,Medium,Medium,,,,,,,,,,,,,,,,,,,,,,,,,,,,,,,,,,
154,2026-03-01,21:20:08.93,1,1,"Sims, Aiden",831365,Right,TEX_AGG,"Niclai, Coen",815515,Right,ARI_SUN,Undefined,5,Top,0,0,0,Fastball,Four-Seam,BallCalled,Undefined,Undefined,Undefined,0,0,,93.08839,-2.864047,-3.085989,2439.422253,212.039857,1:00,5.75401,2.95085,5.80564,-13.63658,19.35198,11.33721,1.94804,1.02294,83.69314,-5.50635,-1.058203,0.413384,,,,,,,,,,,,-6.73595,11.12032,-2.70405,50,5.51052,6.73612,-134.63918,-7.11316,-12.1659,33.61663,-12.08954,TEX_AGG,ARI_SUN,Arlington,D1,SEC,20260301-Arlington-4,b363a770-15e6-11f1-8639-131ccc676290,91.18028,,,9.39526,,,,,,,f5a7e556-a2a9-43cd-af52-c62bb86c0341,2026-03-02,03:20:08.93,2026-03-01T21:20:08.9321472-06:00,2026-03-02T03:20:08.9321472Z,,v3,3032,5035,,"Harrison, Connor",1000339305,Right,TEX_AGG,6b3462f9-e70e-40d4-b420-d192093a6385,54.68878,-135.80483,16.80832,5.7499,-6.69396,-6.04477,-2.94493,7.15797,-6.08295,,,,,,,,,,,,,,,,,,,,,,,,,,,,,,,,,,,,,,,,,,,,,,,,,,,High,High,High,,,,,,,,,,,,,,,,,,,,,,,,,,,,,,,,,,,,,,,
155,2026-03-01,21:20:23.26,1,2,"Sims, Aiden",831365,Right,TEX_AGG,"Niclai, Coen",815515,Right,ARI_SUN,Undefined,5,Top,0,1,0,Fastball,Four-Seam,BallCalled,Undefined,Undefined,Undefined,0,0,,92.89953,-1.363847,-3.271667,2472.934862,215.242753,1:15,5.81772,2.87235,5.86978,-12.56678,20.42233,13.56379,3.50136,0.96045,83.38404,-3.827889,-0.843617,0.413387,,,,,,,,,,,,-7.92276,11.18095,-2.61488,50,5.69988,7.06375,-134.48684,-3.51485,-14.27693,33.5417,-12.02576,TEX_AGG,ARI_SUN,Arlington,D1,SEC,20260301-Arlington-4,bbf716b0-15e6-11f1-8639-131ccc676290,91.17958,,,9.51549,,,,,,,f5a7e556-a2a9-43cd-af52-c62bb86c0341,2026-03-02,03:20:23.26,2026-03-01T21:20:23.2666624-06:00,2026-03-02T03:20:23.2666624Z,,v3,3032,5035,,"Harrison, Connor",1000339305,Right,TEX_AGG,42482911-9653-449d-bb38-1135677bb63b,54.62452,-135.63532,16.77085,5.81318,-3.10308,-6.01288,-2.86511,7.55259,-7.13846,,,,,,,,,,,,,,,,,,,,,,,,,,,,,,,,,,,,,,,,,,,,,,,,,,,High,High,High,,,,,,,,,,,,,,,,,,,,,,,,,,,,,,,,,,,,,,,
156,2026-03-01,21:20:38.82,1,3,"Sims, Aiden",831365,Right,TEX_AGG,"Niclai, Coen",815515,Right,ARI_SUN,Undefined,5,Top,0,2,0,Fastball,Four-Seam,StrikeCalled,Undefined,Undefined,Undefined,0,0,,93.18655,-2.356572,-3.331678,2498.94722,215.642808,1:15,5.74402,2.84972,5.96311,-12.36619,20.36359,13.71855,2.52349,0.90023,83.6486,-4.784405,-0.871633,0.411759,,,,,,,,,,,,-8.07918,11.53615,-2.59265,50,5.54986,7.22979,-134.84436,-5.8572,-14.62086,34.00394,-11.2971,TEX_AGG,ARI_SUN,Arlington,D1,SEC,20260301-Arlington-4,c5351dd0-15e6-11f1-8639-131ccc676290,91.54008,,,9.53795,,,,,,,f5a7e556-a2a9-43cd-af52-c62bb86c0341,2026-03-02,03:20:38.82,2026-03-01T21:20:38.8220928-06:00,2026-03-02T03:20:38.8220928Z,,v3,3032,5035,,"Harrison, Connor",1000339305,Right,TEX_AGG,670f2d2b-bf67-4569-8c00-e3a898e31236,54.53185,-135.98236,17.00197,5.73956,-5.47912,-5.64855,-2.8428,7.7191,-7.31043,,,,,,,,,,,,,,,,,,,,,,,,,,,,,,,,,,,,,,,,,,,,,,,,,,,High,High,High,,,,,,,,,,,,,,,,,,,,,,,,,,,,,,,,,,,,,,,
157,2026-03-01,21:20:54.27,1,4,"Sims, Aiden",831365,Right,TEX_AGG,"Niclai, Coen",815515,Right,ARI_SUN,Undefined,5,Top,0,2,1,Fastball,Four-Seam,StrikeSwinging,Undefined,Undefined,Undefined,0,0,,93.13362,-1.420401,-3.945924,2579.349647,212.032349,1:00,5.80464,2.92145,5.77959,-11.17568,21.95989,12.93705,3.54834,0.32231,83.16782,-3.642428,-1.637146,0.414303,,,,,,,,,,,,-7.83193,11.94886,-2.6029,50,5.68049,8.67636,-134.62443,-3.58661,-14.08074,34.77294,-10.6916,TEX_AGG,ARI_SUN,Arlington,D1,SEC,20260301-Arlington-4,ce6bf900-15e6-11f1-8639-131ccc676290,90.97785,,,9.9658,,,,,,,f5a7e556-a2a9-43cd-af52-c62bb86c0341,2026-03-02,03:20:54.27,2026-03-01T21:20:54.2778880-06:00,2026-03-02T03:20:54.2778880Z,,v3,3032,5035,,"Harrison, Connor",1000339305,Right,TEX_AGG,bb76a230-50c5-44ce-8722-2db38673f266,54.71336,-135.83642,17.38647,5.799,-3.21396,-5.3458,-2.91386,9.16714,-7.04037,,,,,,,,,,,,,,,,,,,,,,,,,,,,,,,,,,,,,,,,,,,,,,,,,,,High,High,High,,,,,,,,,,,,,,,,,,,,,,,,,,,,,,,,,,,,,,,
158,2026-03-01,21:21:11.01,1,5,"Sims, Aiden",831365,Right,TEX_AGG,"Niclai, Coen",815515,Right,ARI_SUN,Undefined,5,Top,0,2,2,Slider,Slider,BallinDirt,Undefined,Undefined,Undefined,0,0,,81.97911,-1.195841,-3.438544,2864.335189,72.757736,8:30,5.36484,3.45833,5.25843,-47.66924,-3.89638,-17.81115,0.26669,-1.26042,74.17511,-9.817964,-6.59173,0.476183,,,,,,,,,,,,7.75359,-1.12492,-3.12915,50,5.21992,7.85787,-118.52074,-4.1946,10.72831,28.40329,-33.73058,TEX_AGG,ARI_SUN,Arlington,D1,SEC,20260301-Arlington-4,d86ab810-15e6-11f1-8639-131ccc676290,79.15537,,,7.80399,,,,,,,f5a7e556-a2a9-43cd-af52-c62bb86c0341,2026-03-02,03:21:11.01,2026-03-01T21:21:11.0137856-06:00,2026-03-02T03:21:11.0137856Z,,v3,3032,5035,,"Harrison, Connor",1000339305,Right,TEX_AGG,e45c207a-e9e9-4ec2-b9bd-0da04052401e,55.23993,-119.7699,14.20165,5.37178,-2.71115,-16.86529,-3.46436,7.38605,5.36415,,,,,,,,,,,,,,,,,,,,,,,,,,,,,,,,,,,,,,,,,,,,,,,,,,,High,High,High,,,,,,,,,,,,,,,,,,,,,,,,,,,,,,,,,,,,,,,
159,2026-03-01,21:21:33.89,1,6,"Sims, Aiden",831365,Right,TEX_AGG,"Niclai, Coen",815515,Right,ARI_SUN,Undefined,5,Top,0,3,2,Fastball,Four-Seam,BallCalled,Walk,Undefined,Undefined,0,0,,92.23187,0.589569,-2.22229,2394.010085,205.95752,12:45,5.82178,2.79807,5.85701,-14.30048,19.05265,8.69619,5.17827,1.45703,82.90469,-2.18653,-0.664399,0.415661,,,,,,,,,,,,-5.08803,9.83339,-2.62244,50,5.86126,4.78601,-133.66322,0.99693,-9.07848,32.49933,-14.6285,TEX_AGG,ARI_SUN,Arlington,D1,SEC,20260301-Arlington-4,e6078570-15e6-11f1-8639-131ccc676290,90.68064,,,9.32717,,,,,,,f5a7e556-a2a9-43cd-af52-c62bb86c0341,2026-03-02,03:21:33.89,2026-03-01T21:21:33.8911744-06:00,2026-03-02T03:21:33.8911744Z,,v3,3032,5035,,"Harrison, Connor",1000339305,Right,TEX_AGG,e7235f0c-cabb-43a0-8bd5-e61399274489,54.63619,-134.78576,16.24966,5.8181,1.5022,-7.31425,-2.79317,5.09959,-4.53924,,,,,,,,,,,,,,,,,,,,,,,,,,,,,,,,,,,,,,,,,,,,,,,,,,,High,High,High,,,,,,,,,,,,,,,,,,,,,,,,,,,,,,,,,,,,,,,
160,2026-03-01,21:22:05.88,2,1,"Sims, Aiden",831365,Right,TEX_AGG,"Hairston, Landon",815408,Left,ARI_SUN,Undefined,5,Top,0,0,0,ChangeUp,Changeup,InPlay,Undefined,GroundBall,Out,2,0,,83.95394,0.908357,-4.950084,1226.730966,263.254207,2:45,5.44146,3.43528,5.48202,-37.90518,3.19815,14.31363,3.13584,-0.0149,75.5682,-6.072663,-2.413479,0.461434,89.63253,-17.702283,42.91389,,,,,11.27406,11.27406,35.538558,0.074949,-8.81729,1.73843,-3.01028,50,5.49583,9.89993,-121.28298,0.59893,-12.93005,27.14554,-29.62477,TEX_AGG,ARI_SUN,Arlington,D1,SEC,20260301-Arlington-4,f922b9e0-15e6-11f1-8639-131ccc676290,81.68539,3.00351,,8.38574,,,,2.28234,3.00351,0.14583,f5a7e556-a2a9-43cd-af52-c62bb86c0341,2026-03-02,03:22:05.88,2026-03-01T21:22:05.8858496-06:00,2026-03-02T03:22:05.8858496Z,GroundBall,v3,3032,5035,,"Harrison, Connor",1000339305,Right,TEX_AGG,bba6b4c1-dde7-4645-aded-f56eefcd1b77,55.01515,-122.40032,13.57277,5.44608,1.81832,-14.81238,-3.42872,10.43215,-6.46502,180,2.27955,91.95108,,,,,,,,3.00473,-40.07408,,,,,,,,0.14324,85.48777,,,,,,,,,,,,,,,,,,,,,,,,,,,,,,High,High,High,Low,Low,,,,,,,,,,,,,,,,,,,,,,,,,,,,,,,,,,,,,
161,2026-03-01,21:22:43.24,3,1,"Sims, Aiden",831365,Right,TEX_AGG,"Moutzouridis, P.J.",814349,Right,ARI_SUN,Undefined,5,Top,2,0,0,Fastball,Four-Seam,BallCalled,Undefined,Undefined,Undefined,0,0,,92.76342,0.111276,-2.970052,2453.056152,199.496582,12:45,5.76901,3.0142,6.06963,-10.61083,22.33793,7.46843,4.98789,0.88572,82.84885,-2.021061,-1.628157,0.413134,,,,,,,,,,,,-4.7878,11.72323,-2.7876,50,5.77159,6.62773,-134.3157,0.07111,-8.56754,34.63973,-11.19589,TEX_AGG,ARI_SUN,Arlington,D1,SEC,20260301-Arlington-4,0f5ba910-15e7-11f1-8639-131ccc676290,91.23538,,,9.91457,,,,,,,f5a7e556-a2a9-43cd-af52-c62bb86c0341,2026-03-02,03:22:43.24,2026-03-01T21:22:43.2421376-06:00,2026-03-02T03:22:43.2421376Z,,v3,3032,5035,,"Harrison, Connor",1000339305,Right,TEX_AGG,7bd74a1a-d733-42f9-a801-59d8e5948747,54.42235,-135.45142,17.31987,5.76324,0.43818,-5.59794,-3.0095,6.90863,-4.28377,,,,,,,,,,,,,,,,,,,,,,,,,,,,,,,,,,,,,,,,,,,,,,,,,,,High,High,High,,,,,,,,,,,,,,,,,,,,,,,,,,,,,,,,,,,,,,,
162,2026-03-01,21:23:00.03,3,2,"Sims, Aiden",831365,Right,TEX_AGG,"Moutzouridis, P.J.",814349,Right,ARI_SUN,Undefined,5,Top,2,1,0,Fastball,Four-Seam,BallCalled,Undefined,Undefined,Undefined,0,0,,93.13506,-1.07346,-2.983833,2528.362769,211.383275,1:00,5.8153,2.74375,5.7413,-12.77036,20.46816,11.68383,3.75012,0.93664,82.9146,-3.586045,-0.896716,0.414947,,,,,,,,,,,,-6.89304,11.07906,-2.50222,50,5.71821,6.46444,-134.70212,-2.84027,-12.35894,35.84603,-12.30969,TEX_AGG,ARI_SUN,Arlington,D1,SEC,20260301-Arlington-4,195fe660-15e7-11f1-8639-131ccc676290,90.83683,,,10.22046,,,,,,,f5a7e556-a2a9-43cd-af52-c62bb86c0341,2026-03-02,03:23:00.03,2026-03-01T21:23:00.0387072-06:00,2026-03-02T03:23:00.0387072Z,,v3,3032,5035,,"Harrison, Connor",1000339305,Right,TEX_AGG,69698a5a-e439-4456-9371-d6cc10c9891a,54.75045,-135.9604,17.92302,5.81033,-2.40817,-6.15485,-2.73676,6.89827,-6.17947,,,,,,,,,,,,,,,,,,,,,,,,,,,,,,,,,,,,,,,,,,,,,,,,,,,High,High,High,,,,,,,,,,,,,,,,,,,,,,,,,,,,,,,,,,,,,,,
163,2026-03-01,21:23:15.27,3,3,"Sims, Aiden",831365,Right,TEX_AGG,"Moutzouridis, P.J.",814349,Right,ARI_SUN,Undefined,5,Top,2,2,0,Fastball,Four-Seam,BallCalled,Undefined,Undefined,Undefined,0,0,,92.65471,-0.023826,-3.633825,2524.922925,211.214033,1:00,5.72644,3.20005,5.96329,-13.97898,19.24674,10.89221,4.53939,0.73384,82.68264,-2.75888,-1.682375,0.414867,,,,,,,,,,,,-6.73827,10.17359,-2.91718,50,5.71667,8.01075,-134.04282,-0.40665,-12.00051,34.68238,-14.05542,TEX_AGG,ARI_SUN,Arlington,D1,SEC,20260301-Arlington-4,22797590-15e7-11f1-8639-131ccc676290,90.85433,,,9.97206,,,,,,,f5a7e556-a2a9-43cd-af52-c62bb86c0341,2026-03-02,03:23:15.27,2026-03-01T21:23:15.2778752-06:00,2026-03-02T03:23:15.2778752Z,,v3,3032,5035,,"Harrison, Connor",1000339305,Right,TEX_AGG,4240578b-ebdc-43a3-970c-22a5fc3c8f56,54.52902,-135.20958,17.34119,5.72239,0.06619,-7.02771,-3.19346,8.41447,-6.00026,,,,,,,,,,,,,,,,,,,,,,,,,,,,,,,,,,,,,,,,,,,,,,,,,,,High,High,High,,,,,,,,,,,,,,,,,,,,,,,,,,,,,,,,,,,,,,,
164,2026-03-01,21:23:35.22,3,4,"Sims, Aiden",831365,Right,TEX_AGG,"Moutzouridis, P.J.",814349,Right,ARI_SUN,Undefined,5,Top,2,3,0,Fastball,Four-Seam,BallCalled,Walk,Undefined,Undefined,0,0,,92.90328,-1.239321,-2.659937,2494.63986,209.507341,1:00,5.80491,2.79954,6.03289,-13.86883,19.14753,10.10036,3.50013,1.17634,82.78809,-3.958702,-0.844945,0.413558,,,,,,,,,,,,-6.04111,10.57934,-2.59669,50,5.7004,5.78223,-134.46624,-3.25341,-10.79148,35.77186,-13.27576,TEX_AGG,ARI_SUN,Arlington,D1,SEC,20260301-Arlington-4,2e5dbd80-15e7-11f1-8639-131ccc676290,91.14192,,,10.11519,,,,,,,f5a7e556-a2a9-43cd-af52-c62bb86c0341,2026-03-02,03:23:35.22,2026-03-01T21:23:35.2215040-06:00,2026-03-02T03:23:35.2215040Z,,v3,3032,5035,,"Harrison, Connor",1000339305,Right,TEX_AGG,f5126222-2ad8-4710-84d8-3d8cf2177ecb,54.45875,-135.64721,17.88593,5.80057,-2.81512,-6.63788,-2.79346,6.1385,-5.39574,,,,,,,,,,,,,,,,,,,,,,,,,,,,,,,,,,,,,,,,,,,,,,,,,,,High,High,High,,,,,,,,,,,,,,,,,,,,,,,,,,,,,,,,,,,,,,,
165,2026-03-01,21:24:24.72,4,1,"Sims, Aiden",831365,Right,TEX_AGG,"Toigo, Dean",831025,Left,ARI_SUN,Undefined,5,Top,2,0,0,ChangeUp,Changeup,BallCalled,Undefined,Undefined,Undefined,0,0,,85.33564,0.189421,-6.297757,1262.007246,272.884114,3:00,5.41312,3.36048,5.52613,-39.48057,0.62374,18.52174,2.30123,-1.00735,76.40744,-7.069074,-3.021879,0.455792,,,,,,,,,,,,-11.39426,0.74614,-2.82334,50,5.40379,12.75511,-122.94628,-1.02057,-17.07737,29.10638,-31.05575,TEX_AGG,ARI_SUN,Arlington,D1,SEC,20260301-Arlington-4,4be4a3a0-15e7-11f1-8639-131ccc676290,82.69652,,,8.9282,,,,,,,f5a7e556-a2a9-43cd-af52-c62bb86c0341,2026-03-02,03:24:24.72,2026-03-01T21:24:24.7207936-06:00,2026-03-02T03:24:24.7207936Z,,v3,3032,5035,,"Harrison, Connor",1000339305,Right,TEX_AGG,008804f4-ecb9-4e7f-a25c-7ead90bfdc0f,54.96972,-124.11723,14.55319,5.41972,0.22881,-15.52788,-3.35031,13.44213,-8.53869,,,,,,,,,,,,,,,,,,,,,,,,,,,,,,,,,,,,,,,,,,,,,,,,,,,High,High,High,,,,,,,,,,,,,,,,,,,,,,,,,,,,,,,,,,,,,,,
166,2026-03-01,21:24:42.28,4,2,"Sims, Aiden",831365,Right,TEX_AGG,"Toigo, Dean",831025,Left,ARI_SUN,Undefined,5,Top,2,1,0,Fastball,Four-Seam,FoulBallNotFieldable,Undefined,Undefined,Undefined,0,0,,90.12739,-0.442761,-3.476132,2557.568461,204.425299,12:45,5.59537,3.12002,5.91988,-19.51725,15.20237,6.36382,3.55729,0.42058,81.60837,-4.14513,-2.336749,0.424091,74.19249,62.573366,-147.529498,4451.326099,-95.79569,91.00341,-54.06647,185.18228,91.89737,-151.4578,4.402988,-4.32756,8.27689,-2.84511,50,5.54891,7.66367,-130.61213,-1.61073,-7.40836,29.82192,-18.00478,TEX_AGG,ARI_SUN,Arlington,D1,SEC,20260301-Arlington-4,5655ac80-15e7-11f1-8639-131ccc676290,88.87824,92.12578,,8.51902,,,,1.1761,3.55922,-0.40431,f5a7e556-a2a9-43cd-af52-c62bb86c0341,2026-03-02,03:24:42.28,2026-03-01T21:24:42.2837248-06:00,2026-03-02T03:24:42.2837248Z,Popup,v3,3032,5035,,"Harrison, Connor",1000339305,Right,TEX_AGG,7ff7950e-329c-405f-9519-e24a7b85fa99,54.57709,-131.65305,14.91096,5.59416,-0.98228,-9.00239,-3.11711,7.92225,-3.70418,7.596005,1.17407,-42.23708,-3.74545,2.98918,-1.01862,0.23296,-0.0251,2E-05,0.00013,3.56123,96.53276,-32.55704,4.14337,-0.31771,-0.18363,0.07537,-0.01144,0.00064,-0.40561,-26.8773,0.91867,0.67507,-0.38083,0.12245,-0.02,0.00132,-1E-05,,,,,,,,,,,,,,,,,,,,,,,High,High,High,High,Medium,,,,,,,,,,,,,,,,,,,,,,,,,,,,,,,,,,,,,
167,2026-03-01,21:25:03.23,4,3,"Sims, Aiden",831365,Right,TEX_AGG,"Toigo, Dean",831025,Left,ARI_SUN,Undefined,5,Top,2,1,1,Slider,Slider,StrikeSwinging,Undefined,Undefined,Undefined,0,0,,81.92468,0.52093,-3.595986,2785.359333,89.345267,9:00,5.34848,3.73761,5.28582,-42.16498,1.41059,-14.99863,2.32489,-0.89352,73.96949,-7.181144,-6.246303,0.475109,,,,,,,,,,,,6.24453,1.02543,-3.39835,50,5.36572,8.08313,-118.44825,-0.42521,8.68668,27.01901,-30.74761,TEX_AGG,ARI_SUN,Arlington,D1,SEC,20260301-Arlington-4,62dc7600-15e7-11f1-8639-131ccc676290,79.33435,,,7.9552,,,,,,,f5a7e556-a2a9-43cd-af52-c62bb86c0341,2026-03-02,03:25:03.23,2026-03-01T21:25:03.2313344-06:00,2026-03-02T03:25:03.2313344Z,,v3,3032,5035,,"Harrison, Connor",1000339305,Right,TEX_AGG,600fb456-972e-47e0-98e9-87c190ca55d9,55.20968,-119.63072,13.50951,5.35488,0.92043,-15.3738,-3.74378,7.70297,4.34334,,,,,,,,,,,,,,,,,,,,,,,,,,,,,,,,,,,,,,,,,,,,,,,,,,,High,High,High,,,,,,,,,,,,,,,,,,,,,,,,,,,,,,,,,,,,,,,
168,2026-03-01,21:25:22.47,4,4,"Sims, Aiden",831365,Right,TEX_AGG,"Toigo, Dean",831025,Left,ARI_SUN,Undefined,5,Top,2,1,2,ChangeUp,Changeup,HitByPitch,Undefined,Undefined,Undefined,0,0,,84.88855,-1.284793,-6.767882,1251.230132,270.123212,3:00,5.36083,3.33952,5.86721,-38.32845,1.37929,12.33757,0.96478,-1.94845,77.05886,-8.326763,-4.575409,0.453533,,,,,,,,,,,,-8.5826,1.38701,-2.79674,50,5.23338,14.0532,-122.40556,-4.03385,-12.85686,27.01216,-30.09631,TEX_AGG,ARI_SUN,Arlington,D1,SEC,20260301-Arlington-4,6e474830-15e7-11f1-8639-131ccc676290,83.10847,,,7.82969,,,,,,,f5a7e556-a2a9-43cd-af52-c62bb86c0341,2026-03-02,03:25:22.47,2026-03-01T21:25:22.4756224-06:00,2026-03-02T03:25:22.4756224Z,,v3,3032,5035,,"Harrison, Connor",1000339305,Right,TEX_AGG,fffee119-0d28-45be-bdb1-50e899024932,54.63343,-123.42382,13.50608,5.36405,-2.89933,-15.04815,-3.33563,14.53785,-6.42843,,,,,,,,,,,,,,,,,,,,,,,,,,,,,,,,,,,,,,,,,,,,,,,,,,,High,High,High,,,,,,,,,,,,,,,,,,,,,,,,,,,,,,,,,,,,,,,
169,2026-03-01,21:28:52.62,5,1,"Darden, Ethan",703443,Left,TEX_AGG,"Contrades, Nu'u",805225,Right,ARI_SUN,Undefined,5,Top,2,0,0,Slider,Slider,StrikeCalled,Undefined,Undefined,Undefined,0,0,,80.4414,1.936652,2.78619,2520.300498,302.546397,4:00,5.72809,-4.12717,4.88025,-50.96798,-5.5104,11.05497,3.31595,-0.56775,73.07922,-7.266267,4.728938,0.48526,,,,,,,,,,,,-4.54158,-2.79347,3.84368,50,5.87572,-6.14874,-116.39522,2.00142,-6.15912,24.18105,-35.96243,TEX_AGG,ARI_SUN,Arlington,D1,SEC,20260301-Arlington-4,eb9671d0-15e7-11f1-8639-131ccc676290,77.67472,,,7.36218,,,,,,,f5a7e556-a2a9-43cd-af52-c62bb86c0341,2026-03-02,03:28:52.62,2026-03-01T21:28:52.6202880-06:00,2026-03-02T03:28:52.6202880Z,,v3,3032,5035,,"Harrison, Connor",1000339305,Right,TEX_AGG,64d4b605-0d92-47a7-aa00-6b73b64579af,55.61736,-117.55643,12.09053,5.73814,3.72839,-17.98122,4.13185,-5.85297,-3.07956,,,,,,,,,,,,,,,,,,,,,,,,,,,,,,,,,,,,,,,,,,,,,,,,,,,High,High,High,,,,,,,,,,,,,,,,,,,,,,,,,,,,,,,,,,,,,,,
170,2026-03-01,21:29:10.81,5,2,"Darden, Ethan",703443,Left,TEX_AGG,"Contrades, Nu'u",805225,Right,ARI_SUN,Undefined,5,Top,2,0,1,Cutter,Four-Seam,StrikeSwinging,Undefined,Undefined,Undefined,0,0,,88.49779,0.314253,4.113194,2426.890049,125.616655,10:15,5.70268,-3.91539,5.5289,-30.3988,6.14764,-6.86256,3.46397,-0.63561,80.32726,-5.297171,2.894542,0.435105,,,,,,,,,,,,4.66059,3.39536,3.56206,50,5.71004,-8.9031,-128.08381,-0.3999,7.69279,28.03471,-26.56966,TEX_AGG,ARI_SUN,Arlington,D1,SEC,20260301-Arlington-4,f66467c0-15e7-11f1-8639-131ccc676290,86.62843,,,8.17052,,,,,,,f5a7e556-a2a9-43cd-af52-c62bb86c0341,2026-03-02,03:29:10.81,2026-03-01T21:29:10.8126720-06:00,2026-03-02T03:29:10.8126720Z,,v3,3032,5035,,"Harrison, Connor",1000339305,Right,TEX_AGG,45531b2a-ede4-4130-bf78-babc21c50685,54.96693,-129.16639,14.01736,5.70568,0.6261,-13.28483,3.91159,-9.20016,3.8464,,,,,,,,,,,,,,,,,,,,,,,,,,,,,,,,,,,,,,,,,,,,,,,,,,,High,High,High,,,,,,,,,,,,,,,,,,,,,,,,,,,,,,,,,,,,,,,
171,2026-03-01,21:29:32.05,5,3,"Darden, Ethan",703443,Left,TEX_AGG,"Contrades, Nu'u",805225,Right,ARI_SUN,Undefined,5,Top,2,0,2,Fastball,Four-Seam,BallCalled,Undefined,Undefined,Undefined,0,0,,93.45738,0.910665,2.84373,2349.935034,141.837717,10:45,5.77221,-3.99871,5.92991,-18.68048,13.5215,-9.77721,5.06154,-2.17288,84.57781,-2.633353,1.091001,0.408425,,,,,,,,,,,,5.79658,6.95835,3.7766,50,5.83448,-6.28254,-135.49496,1.56058,10.70374,31.4595,-19.32502,TEX_AGG,ARI_SUN,Arlington,D1,SEC,20260301-Arlington-4,030ff750-15e8-11f1-8639-131ccc676290,92.28725,,,8.87957,,,,,,,f5a7e556-a2a9-43cd-af52-c62bb86c0341,2026-03-02,03:29:32.05,2026-03-01T21:29:32.0541184-06:00,2026-03-02T03:29:32.0541184Z,,v3,3032,5035,,"Harrison, Connor",1000339305,Right,TEX_AGG,aa90e3ab-a767-481b-915d-627356c5ba9d,54.56499,-136.55075,15.72975,5.77122,2.20913,-9.66251,3.99347,-6.64177,5.35187,,,,,,,,,,,,,,,,,,,,,,,,,,,,,,,,,,,,,,,,,,,,,,,,,,,High,High,High,,,,,,,,,,,,,,,,,,,,,,,,,,,,,,,,,,,,,,,
172,2026-03-01,21:29:51.43,5,4,"Darden, Ethan",703443,Left,TEX_AGG,"Contrades, Nu'u",805225,Right,ARI_SUN,Undefined,5,Top,2,1,2,Cutter,Slider,BallCalled,Undefined,Undefined,Undefined,0,0,,86.39908,-1.950621,4.101865,2642.139995,255.397945,2:30,5.67908,-4.09109,5.2498,-36.51234,2.14815,3.49914,0.79802,0.06154,79.32405,-8.560324,4.720546,0.447512,,,,,,,,,,,,-0.57854,1.97425,3.71141,50,5.47244,-9.11636,-125.01617,-5.63666,-0.91227,26.05835,-29.06097,TEX_AGG,ARI_SUN,Arlington,D1,SEC,20260301-Arlington-4,0e98d8d0-15e8-11f1-8639-131ccc676290,84.22658,,,7.07504,,,,,,,f5a7e556-a2a9-43cd-af52-c62bb86c0341,2026-03-02,03:29:51.43,2026-03-01T21:29:51.4372096-06:00,2026-03-02T03:29:51.4372096Z,,v3,3032,5035,,"Harrison, Connor",1000339305,Right,TEX_AGG,524917d6-90bc-4350-99bd-444d494781eb,55.24912,-126.10555,13.02917,5.68269,-4.42176,-14.53049,4.09173,-9.07822,-0.45614,,,,,,,,,,,,,,,,,,,,,,,,,,,,,,,,,,,,,,,,,,,,,,,,,,,High,High,High,,,,,,,,,,,,,,,,,,,,,,,,,,,,,,,,,,,,,,,
173,2026-03-01,21:30:12.35,5,5,"Darden, Ethan",703443,Left,TEX_AGG,"Contrades, Nu'u",805225,Right,ARI_SUN,Undefined,5,Top,2,2,2,Sinker,Four-Seam,InPlay,Undefined,FlyBall,Out,1,0,,89.16276,-0.615935,4.572889,2483.601442,124.04796,10:15,5.69532,-4.11034,5.60581,-29.94202,6.03855,-7.11847,2.62334,-0.42583,80.95187,-6.142699,3.307784,0.431723,92.12435,43.288962,1.683322,4736.344062,109.2755,98.21258,12.60327,301.46275,300.4296,11.67532,5.87723,5.00453,3.59197,3.7232,50,5.62317,-10.00807,-128.99601,-2.46562,8.36197,28.92908,-26.1723,TEX_AGG,ARI_SUN,Arlington,D1,SEC,20260301-Arlington-4,1b0f75b0-15e8-11f1-8639-131ccc676290,87.30696,122.49277,,8.21088,,,,1.31711,2.69089,0.41198,f5a7e556-a2a9-43cd-af52-c62bb86c0341,2026-03-02,03:30:12.35,2026-03-01T21:30:12.3558400-06:00,2026-03-02T03:30:12.3558400Z,FlyBall,v3,3032,5035,,"Harrison, Connor",1000339305,Right,TEX_AGG,af4bf50c-bbc7-4944-87c0-6293627ff140,54.89191,-130.08846,14.46454,5.69762,-1.47727,-13.08615,4.1071,-10.32384,4.18098,199.751317,1.32194,98.20682,-24.0266,6.03303,-0.94594,0.03927,0.01552,-0.00272,0.00014,2.68125,92.80966,-20.78935,1.50651,-0.30458,0.07213,-0.00897,0.00033,1E-05,0.41127,2.90977,5.96966,-2.19676,0.50046,-0.06513,0.00246,0.00034,-3E-05,,,,,,,,,,,,,,,,,,,,,,,High,High,High,High,Medium,,,,,,,,,,,,,,,,,,,,,,,,,,,,,,,,,,,,,
174,2026-03-01,21:32:33.26,1,1,"Penn, Taylor",828522,Right,ARI_SUN,"Kellner, Boston",828162,Right,TEX_AGG,Undefined,5,Bottom,0,0,0,Fastball,Four-Seam,StrikeCalled,Undefined,Undefined,Undefined,0,0,,90.80839,-2.888201,-3.720248,2315.704111,215.335201,1:15,5.84645,2.54219,6.2177,-14.11568,19.81568,13.19442,1.99706,0.2039,82.194,-5.629768,-1.344181,0.419249,,,,,,,,,,,,-7.925,11.473,-2.26946,50,5.62236,7.98921,-131.45023,-6.99074,-13.73502,30.32737,-12.28988,TEX_AGG,ARI_SUN,Arlington,D1,SEC,20260301-Arlington-4,6f102100-15e8-11f1-8639-131ccc676290,89.90463,,,8.61438,,,,,,,f5a7e556-a2a9-43cd-af52-c62bb86c0341,2026-03-02,03:32:33.26,2026-03-01T21:32:33.2619776-06:00,2026-03-02T03:32:33.2619776Z,,v3,3032,5035,,"Niclai, Coen",815515,Right,ARI_SUN,34091fc2-6a9b-474a-8789-c42264a9afaf,54.27834,-132.43363,15.16368,5.84258,-6.59222,-6.14494,-2.53574,8.43458,-6.86751,,,,,,,,,,,,,,,,,,,,,,,,,,,,,,,,,,,,,,,,,,,,,,,,,,,High,High,High,,,,,,,,,,,,,,,,,,,,,,,,,,,,,,,,,,,,,,,
175,2026-03-01,21:32:47.82,1,2,"Penn, Taylor",828522,Right,ARI_SUN,"Kellner, Boston",828162,Right,TEX_AGG,Undefined,5,Bottom,0,0,1,ChangeUp,Changeup,StrikeCalled,Undefined,Undefined,Undefined,0,0,,83.76416,-1.499424,-4.55669,1449.211094,237.288878,2:00,5.96532,2.47769,6.22038,-30.52313,9.19138,12.23363,2.03345,-0.71636,76.40074,-7.200343,-2.355211,0.453572,,,,,,,,,,,,-7.63741,5.61819,-2.14181,50,5.83775,9.19388,-121.29403,-4.10411,-11.32076,24.83824,-23.84634,TEX_AGG,ARI_SUN,Arlington,D1,SEC,20260301-Arlington-4,77c214c0-15e8-11f1-8639-131ccc676290,83.10138,,,7.36342,,,,,,,f5a7e556-a2a9-43cd-af52-c62bb86c0341,2026-03-02,03:32:47.82,2026-03-01T21:32:47.8274560-06:00,2026-03-02T03:32:47.8274560Z,,v3,3032,5035,,"Niclai, Coen",815515,Right,ARI_SUN,70c8818d-d192-46b4-96be-bc1842f113d0,54.27641,-122.1666,12.41912,5.96721,-3.26638,-11.92317,-2.47178,9.59158,-5.66038,,,,,,,,,,,,,,,,,,,,,,,,,,,,,,,,,,,,,,,,,,,,,,,,,,,High,High,High,,,,,,,,,,,,,,,,,,,,,,,,,,,,,,,,,,,,,,,
176,2026-03-01,21:33:04.57,1,3,"Penn, Taylor",828522,Right,ARI_SUN,"Kellner, Boston",828162,Right,TEX_AGG,Undefined,5,Bottom,0,0,2,Fastball,Four-Seam,BallCalled,Undefined,Undefined,Undefined,0,0,,90.67915,-0.333455,-4.657825,2432.161736,219.949973,1:15,5.84318,2.36249,6.05695,-14.0791,20.31351,15.96387,4.36025,-0.62795,81.4401,-3.085072,-1.797728,0.422089,,,,,,,,,,,,-9.59201,10.85949,-2.00789,50,5.80944,9.98157,-131.16149,-1.10382,-16.47936,31.30717,-13.51715,TEX_AGG,ARI_SUN,Arlington,D1,SEC,20260301-Arlington-4,81bbcac0-15e8-11f1-8639-131ccc676290,89.29975,,,9.23904,,,,,,,f5a7e556-a2a9-43cd-af52-c62bb86c0341,2026-03-02,03:33:04.57,2026-03-01T21:33:04.5795328-06:00,2026-03-02T03:33:04.5795328Z,,v3,3032,5035,,"Niclai, Coen",815515,Right,ARI_SUN,93abb0f7-95e0-4050-8cc7-4ab4528da182,54.43757,-132.21646,15.65358,5.83896,-0.64833,-6.75857,-2.3536,10.53688,-8.23968,,,,,,,,,,,,,,,,,,,,,,,,,,,,,,,,,,,,,,,,,,,,,,,,,,,High,High,High,,,,,,,,,,,,,,,,,,,,,,,,,,,,,,,,,,,,,,,
177,2026-03-01,21:33:19.69,1,4,"Penn, Taylor",828522,Right,ARI_SUN,"Kellner, Boston",828162,Right,TEX_AGG,Undefined,5,Bottom,0,1,2,ChangeUp,Changeup,BallCalled,Undefined,Undefined,Undefined,0,0,,82.56026,-2.352808,-4.766771,1545.066535,187.612284,12:15,5.84965,2.38122,6.39986,-23.62497,16.84686,2.07854,1.70851,-1.83926,75.73304,-6.80804,-4.392319,0.457876,,,,,,,,,,,,-2.40555,9.84445,-2.03968,50,5.66932,9.89054,-119.52061,-5.54815,-3.4806,22.97939,-17.93014,TEX_AGG,ARI_SUN,Arlington,D1,SEC,20260301-Arlington-4,8ac665d0-15e8-11f1-8639-131ccc676290,82.32021,,,6.82722,,,,,,,f5a7e556-a2a9-43cd-af52-c62bb86c0341,2026-03-02,03:33:19.69,2026-03-01T21:33:19.6959744-06:00,2026-03-02T03:33:19.6959744Z,,v3,3032,5035,,"Niclai, Coen",815515,Right,ARI_SUN,f2a7657a-635d-4a40-83e0-6d562594dcc8,54.09668,-120.30567,11.48969,5.8484,-4.93559,-8.96507,-2.37961,10.00946,-1.7403,,,,,,,,,,,,,,,,,,,,,,,,,,,,,,,,,,,,,,,,,,,,,,,,,,,High,High,High,,,,,,,,,,,,,,,,,,,,,,,,,,,,,,,,,,,,,,,
178,2026-03-01,21:33:37.73,1,5,"Penn, Taylor",828522,Right,ARI_SUN,"Kellner, Boston",828162,Right,TEX_AGG,Undefined,5,Bottom,0,2,2,Fastball,Four-Seam,FoulBallNotFieldable,Undefined,Undefined,Undefined,0,0,,91.10768,-1.356898,-4.023891,2434.390324,220.009499,1:15,5.8945,2.40254,6.22517,-13.65076,20.07773,15.838,3.50167,0.0036,82.13648,-4.028361,-1.172967,0.417994,74.12418,46.945631,178.66171,4105.03772,-109.7782,63.64955,-6.97764,202.94545,74.65223,-171.475381,3.756778,-9.49508,11.19024,-2.10915,50,5.78605,8.62803,-131.97449,-3.46544,-16.53567,31.38345,-12.68628,TEX_AGG,ARI_SUN,Arlington,D1,SEC,20260301-Arlington-4,95790b90-15e8-11f1-8639-131ccc676290,90.17463,63.65447,,8.9712,,,,1.62346,3.48389,-0.03461,f5a7e556-a2a9-43cd-af52-c62bb86c0341,2026-03-02,03:33:37.73,2026-03-01T21:33:37.7367552-06:00,2026-03-02T03:33:37.7367552Z,FlyBall,v3,3032,5035,,"Niclai, Coen",815515,Right,ARI_SUN,a1c39e23-55b7-4b63-9d6e-69f1ff289cd0,54.27249,-132.98661,15.69173,5.89121,-3.05631,-6.34314,-2.396,9.1613,-8.26783,339.621926,1.62205,-74.14794,1.87034,2.86786,-1.76464,0.88646,-0.26351,0.04018,-0.00246,3.48295,79.46419,-32.24745,5.16405,-1.1759,0.20798,-0.00085,-0.00639,0.0007,-0.03449,1.72775,-4.96308,1.10745,-0.12387,-0.06,0.03417,-0.00666,0.00047,,,,,,,,,,,,,,,,,,,,,,,High,High,High,High,Low,,,,,,,,,,,,,,,,,,,,,,,,,,,,,,,,,,,,,
179,2026-03-01,21:33:57.76,1,6,"Penn, Taylor",828522,Right,ARI_SUN,"Kellner, Boston",828162,Right,TEX_AGG,Undefined,5,Bottom,0,2,2,ChangeUp,Changeup,FoulBallNotFieldable,Undefined,Undefined,Undefined,0,0,,83.84941,-1.65018,-3.920315,1401.67254,245.414402,2:15,5.93041,2.38962,6.41433,-33.60057,6.0687,10.12115,1.60928,-0.37675,75.91406,-7.941103,-2.088971,0.453313,65.53985,51.915868,128.299567,5139.341487,-79.19342,58.15591,76.34397,158.48369,80.15305,137.908043,3.712204,-6.56481,4.1254,-2.11354,50,5.79722,7.94616,-121.45277,-4.5009,-9.64612,27.39737,-26.11235,TEX_AGG,ARI_SUN,Arlington,D1,SEC,20260301-Arlington-4,a16eb8a0-15e8-11f1-8639-131ccc676290,83.14875,62.1562,,7.93534,,,,1.26196,1.66294,0.39677,f5a7e556-a2a9-43cd-af52-c62bb86c0341,2026-03-02,03:33:57.76,2026-03-01T21:33:57.7633280-06:00,2026-03-02T03:33:57.7633280Z,Popup,v3,3032,5035,,"Niclai, Coen",815515,Right,ARI_SUN,27c31aef-6f3b-4c7e-bbab-5729b372f9c7,54.08255,-122.37025,13.69868,5.93331,-3.62646,-13.05617,-2.38505,8.26918,-4.82306,328.751447,1.26064,-36.70978,-3.10807,2.74026,-1.05396,0.28813,-0.02806,-0.00317,0.00059,1.6639,75.62552,-27.87616,3.00491,0.06635,-0.41485,0.17211,-0.0304,0.00202,0.39841,46.47729,-6.91572,0.35621,0.7183,-0.52667,0.16642,-0.02506,0.00147,,,,,,,,,,,,,,,,,,,,,,,High,High,High,High,Medium,,,,,,,,,,,,,,,,,,,,,,,,,,,,,,,,,,,,,
180,2026-03-01,21:34:19.01,1,7,"Penn, Taylor",828522,Right,ARI_SUN,"Kellner, Boston",828162,Right,TEX_AGG,Undefined,5,Bottom,0,2,2,Curveball,Slider,StrikeSwinging,Strikeout,Undefined,Undefined,0,0,,81.53878,1.424327,-2.554514,2270.43182,47.564179,7:30,5.90657,2.32196,5.65904,-45.91188,-2.50654,-4.53205,3.41041,-0.43947,73.20292,-7.03519,-3.363319,0.47418,,,,,,,,,,,,1.38386,-1.18244,-2.10294,50,5.99902,5.45406,-118.00501,1.34724,1.90632,27.28721,-33.8029,TEX_AGG,ARI_SUN,Arlington,D1,SEC,20260301-Arlington-4,ae1c6b10-15e8-11f1-8639-131ccc676290,79.48979,,,8.33586,,,,,,,f5a7e556-a2a9-43cd-af52-c62bb86c0341,2026-03-02,03:34:19.01,2026-03-01T21:34:19.0130000-06:00,2026-03-02T03:34:19.0130000Z,,v3,3032,5035,,"Niclai, Coen",815515,Right,ARI_SUN,8b0007c0-ad25-4153-9212-8ff7099e34c8,54.83497,-119.11779,13.64361,5.91597,2.72573,-16.90145,-2.32377,5.37632,0.95316,,,,,,,,,,,,,,,,,,,,,,,,,,,,,66.27999,2.630812,1.525197,1.105615,-2.04308,2.96412,0.64438,-2.07945,3.94771,5.06621,71.38137,8.93852,-53.60273,-2.03016,71.33576,-4.45213,4.04933,21.82689,-15.71224,4.95242,-60.17447,6.49323,High,High,High,,,High,Medium,High,,,,,,,,,,,,,,,,,,,,,,,,,,,,,,,,,,
181,2026-03-01,21:34:49.10,2,1,"Penn, Taylor",828522,Right,ARI_SUN,"Partida, Nicholas",10100750,Right,TEX_AGG,Undefined,5,Bottom,1,0,0,Curveball,Slider,StrikeCalled,Undefined,Undefined,Undefined,0,0,,81.37072,0.468304,-2.251113,2301.156,38.434855,7:15,5.89929,2.37621,5.51565,-48.79093,-4.99677,-5.27548,2.27162,-0.16937,73.27154,-8.464013,-3.191711,0.476299,,,,,,,,,,,,1.85284,-2.11276,-2.17653,50,5.90814,4.85213,-117.80911,-0.76761,2.54209,27.33745,-35.07273,TEX_AGG,ARI_SUN,Arlington,D1,SEC,20260301-Arlington-4,c0178980-15e8-11f1-8639-131ccc676290,79.13612,,,8.09918,,,,,,,f5a7e556-a2a9-43cd-af52-c62bb86c0341,2026-03-02,03:34:49.10,2026-03-01T21:34:49.1099648-06:00,2026-03-02T03:34:49.1099648Z,,v3,3032,5035,,"Niclai, Coen",815515,Right,ARI_SUN,6c58d74d-7c15-4f00-81f0-3bd36a0ffd11,54.97952,-118.95899,13.66873,5.9094,0.70763,-17.53637,-2.37838,4.7452,1.27105,,,,,,,,,,,,,,,,,,,,,,,,,,,,,,,,,,,,,,,,,,,,,,,,,,,High,High,High,,,,,,,,,,,,,,,,,,,,,,,,,,,,,,,,,,,,,,,
182,2026-03-01,21:35:04.20,2,2,"Penn, Taylor",828522,Right,ARI_SUN,"Partida, Nicholas",10100750,Right,TEX_AGG,Undefined,5,Bottom,1,0,1,Fastball,Four-Seam,FoulBallNotFieldable,Undefined,Undefined,Undefined,0,0,,91.63159,-0.936188,-3.033089,2470.999217,209.742998,1:00,5.84742,2.4404,6.26692,-13.66509,19.54627,10.49875,3.84428,0.51639,82.68222,-3.607826,-1.139246,0.414777,69.28045,44.71447,112.005687,4207.93438,,,,,53.50778,,,-6.39654,10.77627,-2.22069,50,5.77126,6.60241,-132.87955,-2.50612,-11.29742,31.71209,-13.14127,TEX_AGG,ARI_SUN,Arlington,D1,SEC,20260301-Arlington-4,c906ad50-15e8-11f1-8639-131ccc676290,90.87399,48.85272,,8.94937,,,,0.34414,3.78376,-0.54714,f5a7e556-a2a9-43cd-af52-c62bb86c0341,2026-03-02,03:35:04.20,2026-03-01T21:35:04.2066944-06:00,2026-03-02T03:35:04.2066944Z,,v3,3032,5035,,"Niclai, Coen",815515,Right,ARI_SUN,06c9c35e-41ab-45d6-b418-33b084232b79,54.22965,-133.88516,15.85604,5.84413,-2.0894,-6.57063,-2.43574,6.96066,-5.64871,305.284,0.34414,-27.05557,-3.56052,1.49909,-0.2947,-0.25813,0.44761,-0.31373,0.08793,3.78377,71.49069,-22.3475,1.82642,-0.36188,0.34081,-0.42249,0.28554,-0.07942,-0.54714,66.94708,-13.57038,3.82714,-0.60098,-0.40635,0.69441,-0.48286,0.13493,,,,,,,,,,,,,,,,,,,,,,,High,High,High,High,Undefined,,,,,,,,,,,,,,,,,,,,,,,,,,,,,,,,,,,,,
183,2026-03-01,21:35:25.22,2,3,"Penn, Taylor",828522,Right,ARI_SUN,"Partida, Nicholas",10100750,Right,TEX_AGG,Undefined,5,Bottom,1,0,2,Slider,Slider,InPlay,Undefined,GroundBall,Single,0,0,,80.83087,0.033479,-2.111976,2261.683001,58.758239,8:00,5.88291,2.15249,5.70351,-45.25479,-1.88177,-5.4578,2.14289,-0.27107,73.90273,-8.256745,-3.088578,0.474003,110.62123,4.042583,-9.309185,3585.754785,,,,129.99976,129.99976,-10.346787,0.896362,2.15169,-0.585,-1.97188,50,5.85744,4.53678,-117.29878,-1.44288,2.97229,23.9536,-32.98214,TEX_AGG,ARI_SUN,Arlington,D1,SEC,20260301-Arlington-4,d5947bb0-15e8-11f1-8639-131ccc676290,79.51938,4.37016,,6.92814,,,,1.59493,2.38544,0.31279,f5a7e556-a2a9-43cd-af52-c62bb86c0341,2026-03-02,03:35:25.22,2026-03-01T21:35:25.2244992-06:00,2026-03-02T03:35:25.2244992Z,GroundBall,v3,3032,5035,,"Niclai, Coen",815515,Right,ARI_SUN,18d1cdd3-96d2-41d5-8706-e4f0a8ec315b,54.79562,-118.27404,11.9768,5.88886,-0.10003,-16.49107,-2.15413,4.41576,1.48615,100.032066,1.71151,157.92866,-19.28187,,,,,,,2.42595,10.82252,-15.13949,,,,,,,0.32491,-26.36865,-0.05997,,,,,,,,,,,,,,,,,,,,,,,,,,,,,High,High,High,High,High,,,,,,,,,,,,,,,,,,,,,,,,,,,,,,,,,,,,,
184,2026-03-01,21:36:05.38,3,1,"Penn, Taylor",828522,Right,ARI_SUN,"Binderup, Blake",702713,Right,TEX_AGG,Undefined,5,Bottom,1,0,0,Fastball,Four-Seam,StrikeSwinging,Undefined,Undefined,Undefined,0,0,,91.13845,-1.138933,-3.292726,2391.793662,208.073224,1:00,5.84325,2.66637,6.11971,-13.93465,19.72489,9.90469,3.62721,0.4443,82.5391,-3.845962,-1.511834,0.417566,,,,,,,,,,,,-6.0517,10.8226,-2.41881,50,5.74839,7.17209,-132.11135,-2.97708,-10.61601,30.0958,-13.18882,TEX_AGG,ARI_SUN,Arlington,D1,SEC,20260301-Arlington-4,ed809920-15e8-11f1-8639-131ccc676290,90.26697,,,8.59935,,,,,,,f5a7e556-a2a9-43cd-af52-c62bb86c0341,2026-03-02,03:36:05.38,2026-03-01T21:36:05.3899776-06:00,2026-03-02T03:36:05.3899776Z,,v3,3032,5035,,"Niclai, Coen",815515,Right,ARI_SUN,f3ce79ca-da88-4713-a3d5-64bb8acc3e98,54.37565,-133.10441,15.0479,5.83944,-2.54189,-6.59441,-2.66125,7.52239,-5.30801,,,,,,,,,,,,,,,,,,,,,,,,,,,,,,,,,,,,,,,,,,,,,,,,,,,High,High,High,,,,,,,,,,,,,,,,,,,,,,,,,,,,,,,,,,,,,,,
185,2026-03-01,21:36:25.22,3,2,"Penn, Taylor",828522,Right,ARI_SUN,"Binderup, Blake",702713,Right,TEX_AGG,Undefined,5,Bottom,1,0,1,ChangeUp,Changeup,StrikeSwinging,Undefined,Undefined,Undefined,0,0,,82.07555,-1.313221,-2.884644,1425.564669,202.046052,12:45,5.89111,2.58106,6.473,-29.10856,11.53934,4.14894,2.25769,0.27551,75.2468,-6.783899,-2.132683,0.458871,,,,,,,,,,,,-2.98032,6.81146,-2.37952,50,5.78565,5.85568,-119.16657,-3.53784,-4.28068,23.14591,-22.39068,TEX_AGG,ARI_SUN,Arlington,D1,SEC,20260301-Arlington-4,f95ca3b0-15e8-11f1-8639-131ccc676290,82.14171,,,6.82874,,,,,,,f5a7e556-a2a9-43cd-af52-c62bb86c0341,2026-03-02,03:36:25.22,2026-03-01T21:36:25.2297216-06:00,2026-03-02T03:36:25.2297216Z,,v3,3032,5035,,"Niclai, Coen",815515,Right,ARI_SUN,eadd9dee-b1c9-4e6c-a387-8ba2219995f4,54.0242,-119.94565,11.57295,5.89205,-2.78418,-11.19534,-2.57904,5.99976,-2.14034,,,,,,,,,,,,,,,,,,,,,,,,,,,,,,,,,,,,,,,,,,,,,,,,,,,High,High,High,,,,,,,,,,,,,,,,,,,,,,,,,,,,,,,,,,,,,,,
186,2026-03-01,21:37:02.57,3,3,"Penn, Taylor",828522,Right,ARI_SUN,"Binderup, Blake",702713,Right,TEX_AGG,Undefined,5,Bottom,1,0,2,Fastball,Four-Seam,BallCalled,Undefined,Undefined,Undefined,0,0,,91.06101,1.375803,-3.911678,2499.849792,219.331847,1:15,5.88554,2.69574,5.94908,-15.47678,18.63103,14.29139,5.87506,0.25307,81.9507,-1.614475,-1.353106,0.420338,,,,,,,,,,,,-8.458,9.42493,-2.39175,50,5.98649,8.3764,-131.81693,2.75727,-14.71947,30.86952,-15.77184,TEX_AGG,ARI_SUN,Arlington,D1,SEC,20260301-Arlington-4,0f94f6a0-15e9-11f1-8639-131ccc676290,89.6718,,,9.11031,,,,,,,f5a7e556-a2a9-43cd-af52-c62bb86c0341,2026-03-02,03:37:02.57,2026-03-01T21:37:02.5794560-06:00,2026-03-02T03:37:02.5794560Z,,v3,3032,5035,,"Niclai, Coen",815515,Right,ARI_SUN,8385de0c-d5ff-458a-be48-d524c839749f,54.54583,-132.87723,15.43476,5.88248,3.299,-7.88592,-2.68814,8.88198,-7.35973,,,,,,,,,,,,,,,,,,,,,,,,,,,,,,,,,,,,,,,,,,,,,,,,,,,High,High,High,,,,,,,,,,,,,,,,,,,,,,,,,,,,,,,,,,,,,,,
187,2026-03-01,21:37:21.59,3,4,"Penn, Taylor",828522,Right,ARI_SUN,"Binderup, Blake",702713,Right,TEX_AGG,Undefined,5,Bottom,1,1,2,ChangeUp,Changeup,InPlay,Undefined,GroundBall,Single,0,0,,82.86874,-0.851561,-3.171023,1330.063316,217.670147,1:15,5.9554,2.41659,6.29174,-28.19442,11.91446,8.22182,2.8199,0.17669,75.93624,-6.142995,-1.686613,0.455818,49.84821,-66.740707,-78.043548,,,,,4.09604,4.09604,-21.780129,0.044907,-5.20496,6.80863,-2.18714,50,5.87895,6.37014,-120.31916,-2.5969,-7.62629,23.45095,-22.19807,TEX_AGG,ARI_SUN,Arlington,D1,SEC,20260301-Arlington-4,1aeb2f60-15e9-11f1-8639-131ccc676290,82.69182,3.04333,,6.9325,,,,3.53264,3.04333,-0.2401,f5a7e556-a2a9-43cd-af52-c62bb86c0341,2026-03-02,03:37:21.59,2026-03-01T21:37:21.5939072-06:00,2026-03-02T03:37:21.5939072Z,GroundBall,v3,3032,5035,,"Niclai, Coen",815515,Right,ARI_SUN,63a85f5f-b269-4d73-8e82-2777eefd8bf5,54.20762,-121.13647,11.72548,5.95598,-1.82325,-11.09904,-2.41378,6.63593,-3.81315,,3.53226,6.03445,,,,,,,,3.04765,-67.76752,,,,,,,,-0.23827,-28.49632,,,,,,,,,,,,,,,,,,,,,,,,,,,,,,High,High,High,Estimated,Estimated,,,,,,,,,,,,,,,,,,,,,,,,,,,,,,,,,,,,,
188,2026-03-01,21:38:23.36,4,1,"Penn, Taylor",828522,Right,ARI_SUN,"Harrison, Connor",1000339305,Right,TEX_AGG,Undefined,5,Bottom,1,0,0,Fastball,Four-Seam,StrikeCalled,Undefined,Undefined,Undefined,0,0,,91.62374,-1.706016,-4.849544,2427.32465,218.187929,1:15,5.85488,2.66308,6.09689,-15.95836,17.42788,12.81607,2.941,-0.76497,83.1676,-4.765267,-2.552776,0.415868,,,,,,,,,,,,-7.98717,9.80272,-2.29542,50,5.71456,10.69567,-132.57549,-4.40754,-14.14637,29.62793,-14.81207,TEX_AGG,ARI_SUN,Arlington,D1,SEC,20260301-Arlington-4,3fbd7460-15e9-11f1-8639-131ccc676290,90.63564,,,8.45614,,,,,,,f5a7e556-a2a9-43cd-af52-c62bb86c0341,2026-03-02,03:38:23.36,2026-03-01T21:38:23.3690112-06:00,2026-03-02T03:38:23.3690112Z,,v3,3032,5035,,"Niclai, Coen",815515,Right,ARI_SUN,3727624f-3c5b-4737-a57f-99a283bab5f4,54.39975,-133.55513,14.81397,5.8522,-3.91778,-7.40604,-2.6568,11.16341,-7.07319,,,,,,,,,,,,,,,,,,,,,,,,,,,,,,,,,,,,,,,,,,,,,,,,,,,High,High,High,,,,,,,,,,,,,,,,,,,,,,,,,,,,,,,,,,,,,,,
189,2026-03-01,21:38:39.60,4,2,"Penn, Taylor",828522,Right,ARI_SUN,"Harrison, Connor",1000339305,Right,TEX_AGG,Undefined,5,Bottom,1,0,1,Fastball,Four-Seam,BallCalled,Undefined,Undefined,Undefined,0,0,,90.19112,-0.542573,-3.914661,2435.402919,215.319512,1:15,5.84412,2.75423,6.05856,-12.07056,22.39348,15.03107,4.33487,0.37791,81.58711,-2.920564,-1.217535,0.422527,,,,,,,,,,,,-8.84882,11.99386,-2.45754,50,5.79522,8.29653,-130.68412,-1.50247,-15.19534,29.34563,-11.57793,TEX_AGG,ARI_SUN,Arlington,D1,SEC,20260301-Arlington-4,496d7730-15e9-11f1-8639-131ccc676290,89.20715,,,8.60401,,,,,,,f5a7e556-a2a9-43cd-af52-c62bb86c0341,2026-03-02,03:38:39.60,2026-03-01T21:38:39.6078080-06:00,2026-03-02T03:38:39.6078080Z,,v3,3032,5035,,"Niclai, Coen",815515,Right,ARI_SUN,ba24941d-1016-4667-a373-bfb8d579af73,54.43777,-131.67687,14.67282,5.83942,-1.1108,-5.78896,-2.7469,8.81058,-7.59767,,,,,,,,,,,,,,,,,,,,,,,,,,,,,,,,,,,,,,,,,,,,,,,,,,,High,High,High,,,,,,,,,,,,,,,,,,,,,,,,,,,,,,,,,,,,,,,
190,2026-03-01,21:38:57.45,4,3,"Penn, Taylor",828522,Right,ARI_SUN,"Harrison, Connor",1000339305,Right,TEX_AGG,Undefined,5,Bottom,1,1,1,ChangeUp,Changeup,StrikeSwinging,Undefined,Undefined,Undefined,0,0,,83.8547,-1.403078,-3.75772,1439.496988,242.718965,2:00,5.86656,2.67537,6.24651,-31.65226,7.62532,12.38355,1.93179,0.23668,76.9752,-7.296057,-1.523929,0.45107,,,,,,,,,,,,-7.46788,4.72571,-2.4015,50,5.74644,7.52351,-121.64766,-3.94683,-11.1972,23.72585,-25.08837,TEX_AGG,ARI_SUN,Arlington,D1,SEC,20260301-Arlington-4,54179170-15e9-11f1-8639-131ccc676290,83.56231,,,6.8795,,,,,,,f5a7e556-a2a9-43cd-af52-c62bb86c0341,2026-03-02,03:38:57.45,2026-03-01T21:38:57.4594560-06:00,2026-03-02T03:38:57.4594560Z,,v3,3032,5035,,"Niclai, Coen",815515,Right,ARI_SUN,5e979773-6e89-4ca8-a017-7be32874be9d,54.25219,-122.47419,11.86292,5.86871,-3.07284,-12.54419,-2.67038,7.91358,-5.5986,,,,,,,,,,,,,,,,,,,,,,,,,,,,,,,,,,,,,,,,,,,,,,,,,,,High,High,High,,,,,,,,,,,,,,,,,,,,,,,,,,,,,,,,,,,,,,,
191,2026-03-01,21:39:16.94,4,4,"Penn, Taylor",828522,Right,ARI_SUN,"Harrison, Connor",1000339305,Right,TEX_AGG,Undefined,5,Bottom,1,1,2,ChangeUp,Changeup,StrikeSwinging,Strikeout,Undefined,Undefined,0,0,,83.27954,-1.870249,-4.993302,1165.284472,236.469259,2:00,5.82562,2.41139,6.45245,-32.52923,7.19457,8.93264,1.38952,-1.44315,76.41094,-7.932287,-3.380405,0.453625,,,,,,,,,,,,-6.07146,4.69095,-2.0609,50,5.67836,10.21035,-120.59369,-4.90011,-8.93042,23.70834,-25.27419,TEX_AGG,ARI_SUN,Arlington,D1,SEC,20260301-Arlington-4,5fb55a80-15e9-11f1-8639-131ccc676290,83.09163,,,6.8686,,,,,,,f5a7e556-a2a9-43cd-af52-c62bb86c0341,2026-03-02,03:39:16.94,2026-03-01T21:39:16.9488384-06:00,2026-03-02T03:39:16.9488384Z,,v3,3032,5035,,"Niclai, Coen",815515,Right,ARI_SUN,41530ce0-81ae-44ba-bbc6-4838867a88ac,54.04551,-121.38642,11.85417,5.82807,-4.05502,-12.6371,-2.40729,10.50896,-4.46521,,,,,,,,,,,,,,,,,,,,,,,,,,,,,,,,,,,,,,,,,,,,,,,,,,,High,High,High,,,,,,,,,,,,,,,,,,,,,,,,,,,,,,,,,,,,,,,
192,2026-03-01,21:39:52.15,5,1,"Penn, Taylor",828522,Right,ARI_SUN,"Farr, Sawyer",820828,Left,TEX_AGG,Undefined,5,Bottom,2,0,0,ChangeUp,Changeup,StrikeSwinging,Undefined,Undefined,Undefined,0,0,,81.88112,-1.080586,-3.984272,1285.899808,251.386028,2:30,5.96593,2.67007,6.29899,-35.49388,5.5978,12.80796,2.00996,0.0605,75.27337,-7.675511,-1.672055,0.461369,,,,,,,,,,,,-7.74347,3.61166,-2.38286,50,5.86944,7.80422,-118.78835,-3.30685,-11.0793,22.46511,-27.0065,TEX_AGG,ARI_SUN,Arlington,D1,SEC,20260301-Arlington-4,74b30a90-15e9-11f1-8639-131ccc676290,81.69699,,,6.60775,,,,,,,f5a7e556-a2a9-43cd-af52-c62bb86c0341,2026-03-02,03:39:52.15,2026-03-01T21:39:52.1539584-06:00,2026-03-02T03:39:52.1539584Z,,v3,3032,5035,,"Niclai, Coen",815515,Right,ARI_SUN,b3bfd66b-01ec-4844-a47e-b1599a862aa4,54.19981,-119.57998,11.23256,5.9692,-2.35519,-13.50325,-2.66475,8.19463,-5.53965,,,,,,,,,,,,,,,,,,,,,,,,,,,,,,,,,,,,,,,,,,,,,,,,,,,High,High,High,,,,,,,,,,,,,,,,,,,,,,,,,,,,,,,,,,,,,,,
193,2026-03-01,21:40:09.66,5,2,"Penn, Taylor",828522,Right,ARI_SUN,"Farr, Sawyer",820828,Left,TEX_AGG,Undefined,5,Bottom,2,0,1,ChangeUp,Changeup,InPlay,Undefined,GroundBall,Out,1,0,,83.05841,-1.2233,-3.361822,1404.461653,228.158659,1:30,5.97858,2.78958,6.415,-28.88395,10.94024,10.78658,2.44484,0.59425,76.02961,-6.649509,-1.409615,0.454198,74.89147,-28.744855,45.544161,,,,,5.28007,2.06393,28.165744,0.046002,-6.6039,6.44717,-2.55397,50,5.87787,6.69094,-120.55286,-3.39469,-9.69958,23.85904,-22.70464,TEX_AGG,ARI_SUN,Arlington,D1,SEC,20260301-Arlington-4,7f1bd610-15e9-11f1-8639-131ccc676290,82.98689,2.43746,,7.0288,,,,1.54254,2.43746,-0.67967,f5a7e556-a2a9-43cd-af52-c62bb86c0341,2026-03-02,03:40:09.66,2026-03-01T21:40:09.6658432-06:00,2026-03-02T03:40:09.6658432Z,GroundBall,v3,3032,5035,,"Niclai, Coen",815515,Right,ARI_SUN,658fb866-963f-49e1-8d34-5e20313fd505,54.08341,-121.35833,11.92952,5.97954,-2.62819,-11.35232,-2.78538,7.01839,-4.84979,,1.541,67.65542,,,,,,,,2.43866,-52.98585,,,,,,,,-0.68123,68.95288,,,,,,,,,,,,,,,,,,,,,,,,,,,,,,High,High,High,Low,Low,,,,,,,,,,,,,,,,,,,,,,,,,,,,,,,,,,,,,
194,2026-03-01,21:42:34.40,1,1,"Darden, Ethan",703443,Left,TEX_AGG,"Michel, Garrett",703481,Left,ARI_SUN,Undefined,6,Top,0,0,0,Sinker,Four-Seam,FoulBallNotFieldable,Undefined,Undefined,Undefined,0,0,,92.15696,-0.787207,4.059025,2390.897884,138.843726,10:45,5.69469,-3.13257,6.01469,-18.19186,14.88851,-12.0267,3.44761,-0.3685,83.49802,-4.247298,1.903235,0.413958,77.26874,63.511652,-114.181063,6438.366594,,,,,44.10625,,,7.39433,8.21993,2.82036,50,5.62294,-8.95322,-133.50365,-2.39458,13.24738,30.70897,-17.44761,TEX_AGG,ARI_SUN,Arlington,D1,SEC,20260301-Arlington-4,d55affb0-15e9-11f1-8639-131ccc676290,91.05369,75.93494,,8.65894,,,,0.48271,3.48417,0.31779,f5a7e556-a2a9-43cd-af52-c62bb86c0341,2026-03-02,03:42:34.40,2026-03-01T21:42:34.4088064-06:00,2026-03-02T03:42:34.4088064Z,,v3,3032,5035,,"Harrison, Connor",1000339305,Right,TEX_AGG,128d278d-6583-40f8-8216-43ddee759005,54.48248,-134.53078,15.35449,5.69327,-1.81101,-8.72381,3.12722,-9.39631,6.62369,28.282161,0.48271,-20.70464,-9.15668,4.7626,-1.54552,0.43587,-0.11338,0.02409,-0.00287,3.48417,101.43077,-32.73009,4.58625,-0.79365,0.10604,-0.01039,-0.00016,0.00013,0.31779,-46.11066,12.69666,-3.48059,0.81525,-0.1765,0.03795,-0.00677,0.00078,,,,,,,,,,,,,,,,,,,,,,,High,High,High,High,Undefined,,,,,,,,,,,,,,,,,,,,,,,,,,,,,,,,,,,,,
195,2026-03-01,21:42:50.79,1,2,"Darden, Ethan",703443,Left,TEX_AGG,"Michel, Garrett",703481,Left,ARI_SUN,Undefined,6,Top,0,0,1,Fastball,Four-Seam,StrikeCalled,Undefined,Undefined,Undefined,0,0,,91.45392,-1.188362,4.239059,2456.004514,149.184802,11:00,5.62951,-3.06901,6.09882,-18.78414,14.39532,-7.97343,2.96192,0.19424,83.75947,-4.73562,2.808502,0.414578,,,,,,,,,,,,5.23945,8.05713,2.74639,50,5.52783,-9.48872,-132.57183,-3.33154,9.35595,27.44824,-17.78663,TEX_AGG,ARI_SUN,Arlington,D1,SEC,20260301-Arlington-4,df423f20-15e9-11f1-8639-131ccc676290,90.91763,,,7.69445,,,,,,,f5a7e556-a2a9-43cd-af52-c62bb86c0341,2026-03-02,03:42:50.79,2026-03-01T21:42:50.7971584-06:00,2026-03-02T03:42:50.7971584Z,,v3,3032,5035,,"Harrison, Connor",1000339305,Right,TEX_AGG,4f24fc06-5f01-4f74-99cc-81fa26cc2e93,54.39877,-133.47946,13.72412,5.62827,-2.74339,-8.89331,3.06527,-9.79809,4.67798,,,,,,,,,,,,,,,,,,,,,,,,,,,,,,,,,,,,,,,,,,,,,,,,,,,High,High,High,,,,,,,,,,,,,,,,,,,,,,,,,,,,,,,,,,,,,,,
196,2026-03-01,21:43:06.11,1,3,"Darden, Ethan",703443,Left,TEX_AGG,"Michel, Garrett",703481,Left,ARI_SUN,Undefined,6,Top,0,0,2,Fastball,Four-Seam,BallCalled,Undefined,Undefined,Undefined,0,0,,90.26615,0.647147,2.306808,2332.864717,145.187637,10:45,5.79452,-2.63823,6.14847,-19.39135,14.54454,-9.38016,4.77704,-1.28728,82.38441,-3.033657,0.617088,0.419277,,,,,,,,,,,,5.43177,7.64355,2.46709,50,5.83362,-4.88098,-131.0811,0.90663,9.46159,27.40595,-18.85973,TEX_AGG,ARI_SUN,Arlington,D1,SEC,20260301-Arlington-4,e84befd0-15e9-11f1-8639-131ccc676290,89.89864,,,7.88174,,,,,,,f5a7e556-a2a9-43cd-af52-c62bb86c0341,2026-03-02,03:43:06.11,2026-03-01T21:43:06.1188096-06:00,2026-03-02T03:43:06.1188096Z,,v3,3032,5035,,"Harrison, Connor",1000339305,Right,TEX_AGG,5f8a29b1-ec37-4ae4-839e-d406ee552fe5,54.34762,-131.98696,13.70298,5.79335,1.53,-9.42987,2.63359,-5.19371,4.7308,,,,,,,,,,,,,,,,,,,,,,,,,,,,,,,,,,,,,,,,,,,,,,,,,,,High,High,High,,,,,,,,,,,,,,,,,,,,,,,,,,,,,,,,,,,,,,,
197,2026-03-01,21:43:22.17,1,4,"Darden, Ethan",703443,Left,TEX_AGG,"Michel, Garrett",703481,Left,ARI_SUN,Undefined,6,Top,0,1,2,Cutter,Cutter,StrikeSwinging,Strikeout,Undefined,Undefined,0,0,,86.76204,-1.50947,3.091664,2490.55419,152.798382,11:00,5.5702,-2.84308,5.77199,-32.52002,4.77992,-1.86602,1.45317,-0.1188,79.80574,-7.485664,2.75782,0.439567,,,,,,,,,,,,1.80059,3.19736,2.58853,50,5.42557,-6.72106,-125.85771,-4.44619,2.89252,25.17745,-27.03768,TEX_AGG,ARI_SUN,Arlington,D1,SEC,20260301-Arlington-4,f1dc5cb0-15e9-11f1-8639-131ccc676290,85.74893,,,6.9563,,,,,,,f5a7e556-a2a9-43cd-af52-c62bb86c0341,2026-03-02,03:43:22.17,2026-03-01T21:43:22.1790000-06:00,2026-03-02T03:43:22.1790000Z,,v3,3032,5035,,"Harrison, Connor",1000339305,Right,TEX_AGG,c2edcc0a-19c7-4636-b879-c93d83b7acf8,54.72657,-126.79972,12.58873,5.573,-3.43458,-13.51884,2.84202,-6.82928,1.44626,,,,,,,,,,,,,,,,,,,,,,,,,,,,,54.39906,3.602485,1.515571,2.086914,0.35115,1.31177,0.06753,-4.19208,5.07784,1.69802,127.27944,1.89756,-32.66149,-3.96642,70.17637,-3.58041,5.18622,26.38827,-13.4611,1.55327,-20.80368,2.16867,High,High,High,,,Medium,Medium,Medium,,,,,,,,,,,,,,,,,,,,,,,,,,,,,,,,,,
198,2026-03-01,21:43:51.64,2,1,"Darden, Ethan",703443,Left,TEX_AGG,"Longo, Dominic",1000363616,Right,ARI_SUN,Undefined,6,Top,1,0,0,Slider,Slider,StrikeCalled,Undefined,Undefined,Undefined,0,0,,81.47168,1.34937,1.331563,2492.720661,302.408518,4:00,5.61294,-3.13512,4.97838,-48.51479,-5.17792,10.14583,2.84499,-1.03186,75.18875,-7.394938,3.12244,0.473806,,,,,,,,,,,,-4.65957,-2.50268,2.99802,50,5.70335,-3.186,-118.27892,0.94148,-6.63478,21.47429,-35.73765,TEX_AGG,ARI_SUN,Arlington,D1,SEC,20260301-Arlington-4,03758500-15ea-11f1-8639-131ccc676290,79.55254,,,6.28293,,,,,,,f5a7e556-a2a9-43cd-af52-c62bb86c0341,2026-03-02,03:43:51.64,2026-03-01T21:43:51.6460032-06:00,2026-03-02T03:43:51.6460032Z,,v3,3032,5035,,"Harrison, Connor",1000339305,Right,TEX_AGG,2ef9dc05-cdd2-400a-b2fb-3c409a4886aa,55.522,-119.27726,10.73715,5.62096,2.60293,-17.86883,3.13896,-2.87755,-3.31739,,,,,,,,,,,,,,,,,,,,,,,,,,,,,,,,,,,,,,,,,,,,,,,,,,,High,High,High,,,,,,,,,,,,,,,,,,,,,,,,,,,,,,,,,,,,,,,
199,2026-03-01,21:44:03.47,2,2,"Darden, Ethan",703443,Left,TEX_AGG,"Longo, Dominic",1000363616,Right,ARI_SUN,Undefined,6,Top,1,0,1,Cutter,Slider,BallCalled,Undefined,Undefined,Undefined,0,0,,85.18475,-1.096054,2.098003,2494.848962,215.681221,1:15,5.55865,-3.12367,5.32063,-34.65636,4.78725,2.53351,1.64122,-0.94281,78.07819,-7.423749,2.547969,0.452022,,,,,,,,,,,,-0.67453,3.09646,2.93182,50,5.43447,-4.63514,-123.54061,-3.62891,-1.04041,25.05896,-27.39792,TEX_AGG,ARI_SUN,Arlington,D1,SEC,20260301-Arlington-4,0a7b7670-15ea-11f1-8639-131ccc676290,83.38628,,,7.10656,,,,,,,f5a7e556-a2a9-43cd-af52-c62bb86c0341,2026-03-02,03:44:03.47,2026-03-01T21:44:03.4700800-06:00,2026-03-02T03:44:03.4700800Z,,v3,3032,5035,,"Harrison, Connor",1000339305,Right,TEX_AGG,c87a02e7-3623-4879-9332-aaaf9f53fd81,55.17679,-124.58624,12.52948,5.56204,-2.48568,-13.69896,3.12432,-4.59173,-0.52021,,,,,,,,,,,,,,,,,,,,,,,,,,,,,,,,,,,,,,,,,,,,,,,,,,,High,High,High,,,,,,,,,,,,,,,,,,,,,,,,,,,,,,,,,,,,,,,
200,2026-03-01,21:44:17.38,2,3,"Darden, Ethan",703443,Left,TEX_AGG,"Longo, Dominic",1000363616,Right,ARI_SUN,Undefined,6,Top,1,1,1,Slider,Slider,FoulBallNotFieldable,Undefined,Undefined,Undefined,0,0,,83.559,-0.332859,2.52046,2540.732979,254.614382,2:30,5.51041,-3.26169,5.23164,-37.00443,4.16193,10.39615,2.11352,-0.0246,76.60072,-7.072803,4.361022,0.461788,,,,,,,,,,,,-4.52528,2.51843,3.02126,50,5.45204,-5.76738,-121.17743,-2.03689,-6.70569,24.43306,-28.44215,TEX_AGG,ARI_SUN,Arlington,D1,SEC,20260301-Arlington-4,12ca3b90-15ea-11f1-8639-131ccc676290,81.62282,,,6.95828,,,,,,,f5a7e556-a2a9-43cd-af52-c62bb86c0341,2026-03-02,03:44:17.38,2026-03-01T21:44:17.3816320-06:00,2026-03-02T03:44:17.3816320Z,,v3,3032,5035,,"Harrison, Connor",1000339305,Right,TEX_AGG,c8a48ae7-cc9a-4c3c-8e6f-dde5017c6374,55.2678,-122.23496,12.21653,5.51356,-0.80583,-14.22108,3.26461,-5.47714,-3.35285,,,,,,,,,,,,,,,,,,,,,,,,,,,,,,,,,,,,,,,,,,,,,,,,,,,High,High,High,,,,,,,,,,,,,,,,,,,,,,,,,,,,,,,,,,,,,,,
201,2026-03-01,21:44:39.47,2,4,"Darden, Ethan",703443,Left,TEX_AGG,"Longo, Dominic",1000363616,Right,ARI_SUN,Undefined,6,Top,1,1,2,Cutter,Cutter,FoulBallNotFieldable,Undefined,Undefined,Undefined,0,0,,87.63409,-0.572825,4.067761,2527.726737,195.035798,12:30,5.70219,-3.37103,5.56125,-32.15911,4.81697,0.98433,2.48573,0.51766,80.35349,-6.469161,4.242641,0.437655,,,,,,,,,,,,0.63654,2.90681,3.0187,50,5.6313,-9.07136,-126.97838,-2.42315,1.03858,26.15115,-27.43115,TEX_AGG,ARI_SUN,Arlington,D1,SEC,20260301-Arlington-4,1fee0860-15ea-11f1-8639-131ccc676290,86.12362,,,7.2806,,,,,,,f5a7e556-a2a9-43cd-af52-c62bb86c0341,2026-03-02,03:44:39.47,2026-03-01T21:44:39.4796032-06:00,2026-03-02T03:44:39.4796032Z,,v3,3032,5035,,"Harrison, Connor",1000339305,Right,TEX_AGG,0a35fd7d-1489-48ef-b232-b158396f24a9,54.93821,-127.99136,13.07557,5.70458,-1.36059,-13.71558,3.37087,-9.11159,0.51929,,,,,,,,,,,,,,,,,,,,,,,,,,,,,,,,,,,,,,,,,,,,,,,,,,,High,High,High,,,,,,,,,,,,,,,,,,,,,,,,,,,,,,,,,,,,,,,
202,2026-03-01,21:44:58.39,2,5,"Darden, Ethan",703443,Left,TEX_AGG,"Longo, Dominic",1000363616,Right,ARI_SUN,Undefined,6,Top,1,1,2,Fastball,Four-Seam,BallCalled,Undefined,Undefined,Undefined,0,0,,91.54249,-0.616654,4.610906,2386.45097,155.695156,11:15,5.67504,-3.15674,6.00826,-22.98261,10.76075,-4.3241,3.18665,0.7639,82.71982,-4.937183,3.837348,0.418086,,,,,,,,,,,,3.64902,6.07311,2.79626,50,5.61405,-10.4906,-132.42577,-2.18138,6.40363,31.38054,-21.51638,TEX_AGG,ARI_SUN,Arlington,D1,SEC,20260301-Arlington-4,2b31a380-15ea-11f1-8639-131ccc676290,90.15476,,,8.82267,,,,,,,f5a7e556-a2a9-43cd-af52-c62bb86c0341,2026-03-02,03:44:58.39,2026-03-01T21:44:58.3945216-06:00,2026-03-02T03:44:58.3945216Z,,v3,3032,5035,,"Harrison, Connor",1000339305,Right,TEX_AGG,71cdbe24-8436-4e2b-80d6-9dbdea2e24fa,54.48674,-133.48475,15.69027,5.67541,-1.45529,-10.75819,3.15392,-10.70669,3.20181,,,,,,,,,,,,,,,,,,,,,,,,,,,,,,,,,,,,,,,,,,,,,,,,,,,High,High,High,,,,,,,,,,,,,,,,,,,,,,,,,,,,,,,,,,,,,,,
203,2026-03-01,21:45:16.26,2,6,"Darden, Ethan",703443,Left,TEX_AGG,"Longo, Dominic",1000363616,Right,ARI_SUN,Undefined,6,Top,1,2,2,Fastball,Four-Seam,FoulBallNotFieldable,Undefined,Undefined,Undefined,0,0,,89.93595,-0.033896,3.703586,2478.182502,153.445196,11:00,5.66577,-3.19583,5.93151,-24.65667,10.29221,-4.53681,3.57954,-0.133,81.31685,-4.660382,2.891477,0.425489,76.54121,70.161806,85.572522,4916.140081,,,,,14.03828,,,3.47839,5.64012,2.90229,50,5.64926,-8.23899,-130.27325,-0.88872,5.90991,30.2628,-22.59127,TEX_AGG,ARI_SUN,Arlington,D1,SEC,20260301-Arlington-4,35dbe4d0-15ea-11f1-8639-131ccc676290,88.58625,40.14761,,8.6191,,,,1.22054,3.67078,0.11009,f5a7e556-a2a9-43cd-af52-c62bb86c0341,2026-03-02,03:45:16.26,2026-03-01T21:45:16.2695680-06:00,2026-03-02T03:45:16.2695680Z,,v3,3032,5035,,"Harrison, Connor",1000339305,Right,TEX_AGG,e8b20031-6f91-496f-b9ab-a9dbb6201e98,54.56485,-131.32939,15.1314,5.66651,-0.10031,-11.29564,3.19343,-8.44524,2.95495,199.706674,1.22769,2.68903,-7.35234,,,,,,,3.6774,105.36656,-24.93896,,,,,,,0.11205,37.9151,-3.77212,,,,,,,,,,,,,,,,,,,,,,,,,,,,,High,High,High,High,Undefined,,,,,,,,,,,,,,,,,,,,,,,,,,,,,,,,,,,,,
204,2026-03-01,21:45:37.84,2,7,"Darden, Ethan",703443,Left,TEX_AGG,"Longo, Dominic",1000363616,Right,ARI_SUN,Undefined,6,Top,1,2,2,Cutter,Slider,InPlay,Undefined,FlyBall,HomeRun,0,1,,87.57847,-0.612201,2.940133,2444.51369,226.119761,1:30,5.68979,-3.10322,5.43103,-34.65289,3.20669,1.86815,2.22794,-0.19164,78.82828,-6.986592,3.272123,0.442853,109.81497,23.912115,-25.109118,2260.854958,98.16674,44.49336,-49.63114,406.74974,387.32983,-30.827788,4.471143,0.05476,2.21465,2.84122,50,5.61174,-6.59145,-126.73173,-2.63156,0.08725,30.9015,-28.64691,TEX_AGG,ARI_SUN,Arlington,D1,SEC,20260301-Arlington-4,42b4c5f0-15ea-11f1-8639-131ccc676290,85.1128,65.18618,,8.75019,,,,2.03271,2.34602,0.22255,f5a7e556-a2a9-43cd-af52-c62bb86c0341,2026-03-02,03:45:37.84,2026-03-01T21:45:37.8488832-06:00,2026-03-02T03:45:37.8488832Z,FlyBall,v3,3032,5035,,"Harrison, Connor",1000339305,Right,TEX_AGG,7f815ba1-124a-4ab6-a254-53a540e5c380,55.06477,-127.96073,15.45075,5.69375,-1.49222,-14.32346,3.10344,-6.59492,0.04362,137.988733,2.02991,133.39201,-28.07693,8.04082,-2.39851,0.69866,-0.16026,0.02172,-0.0012,2.34547,65.29603,-18.85387,0.93826,0.06156,-0.04325,0.00941,-0.00046,-5E-05,0.22347,-62.50635,3.35718,0.77292,-0.25321,-0.02917,0.03323,-0.0075,0.00056,,,,,,,,,,,,,,,,,,,,,,,High,High,High,High,Medium,,,,,,,,,,,,,,,,,,,,,,,,,,,,,,,,,,,,,
205,2026-03-01,21:46:26.75,3,1,"Darden, Ethan",703443,Left,TEX_AGG,"Smaldino, Dominic",822032,Right,ARI_SUN,Undefined,6,Top,1,0,0,ChangeUp,Changeup,BallinDirt,Undefined,Undefined,Undefined,0,0,,84.76927,-1.309201,4.329041,1472.186524,69.004283,8:15,5.49456,-3.08175,5.62251,-42.2425,-2.57095,-10.12288,0.74893,0.12213,77.57236,-9.009558,2.524067,0.453326,,,,,,,,,,,,6.453,-0.57303,2.71885,50,5.35525,-8.87834,-122.73443,-4.31324,9.77903,25.7685,-33.04241,TEX_AGG,ARI_SUN,Arlington,D1,SEC,20260301-Arlington-4,5fe045a0-15ea-11f1-8639-131ccc676290,83.14636,,,7.19691,,,,,,,f5a7e556-a2a9-43cd-af52-c62bb86c0341,2026-03-02,03:46:26.75,2026-03-01T21:46:26.7548672-06:00,2026-03-02T03:46:26.7548672Z,,v3,3032,5035,,"Harrison, Connor",1000339305,Right,TEX_AGG,8c3f83af-4b70-458e-bafd-e4cb9b73e997,54.87729,-123.7542,12.88425,5.50007,-3.00562,-16.52121,3.07786,-9.26534,4.88951,,,,,,,,,,,,,,,,,,,,,,,,,,,,,,,,,,,,,,,,,,,,,,,,,,,High,High,High,,,,,,,,,,,,,,,,,,,,,,,,,,,,,,,,,,,,,,,
206,2026-03-01,21:46:41.62,3,2,"Darden, Ethan",703443,Left,TEX_AGG,"Smaldino, Dominic",822032,Right,ARI_SUN,Undefined,6,Top,1,1,0,Slider,Slider,BallCalled,Undefined,Undefined,Undefined,0,0,,79.65682,0.772929,0.996254,2500.263198,295.85721,3:45,5.65501,-3.08396,4.93019,-51.29534,-5.48142,14.32402,2.11117,-0.94849,73.06077,-8.470798,3.524792,0.487158,,,,,,,,,,,,-6.77666,-2.47858,2.97456,50,5.68755,-2.61657,-115.55975,-0.35457,-9.11889,22.5168,-35.50932,TEX_AGG,ARI_SUN,Arlington,D1,SEC,20260301-Arlington-4,68c7ef60-15ea-11f1-8639-131ccc676290,77.37206,,,6.59606,,,,,,,f5a7e556-a2a9-43cd-af52-c62bb86c0341,2026-03-02,03:46:41.62,2026-03-01T21:46:41.6254976-06:00,2026-03-02T03:46:41.6254976Z,,v3,3032,5035,,"Harrison, Connor",1000339305,Right,TEX_AGG,3ea382dd-9240-438b-9821-70b48fd5fd62,55.56967,-116.63995,11.2584,5.6637,1.34892,-17.75466,3.08959,-2.17911,-4.55945,,,,,,,,,,,,,,,,,,,,,,,,,,,,,,,,,,,,,,,,,,,,,,,,,,,High,High,High,,,,,,,,,,,,,,,,,,,,,,,,,,,,,,,,,,,,,,,
207,2026-03-01,21:46:55.96,3,3,"Darden, Ethan",703443,Left,TEX_AGG,"Smaldino, Dominic",822032,Right,ARI_SUN,Undefined,6,Top,1,2,0,Cutter,Slider,InPlay,Undefined,FlyBall,Out,1,0,,86.95811,0.209549,3.339287,2565.620197,222.10531,1:30,5.59073,-3.10977,5.55534,-32.88474,4.71603,3.17961,3.04646,0.27878,79.45601,-5.835762,3.904725,0.441337,92.3228,29.980924,-8.690214,2398.173782,109.08533,58.50709,-14.15436,368.21394,361.01753,-5.253199,5.096434,-0.65866,2.65319,2.8187,50,5.5871,-7.48924,-126.06375,-0.70886,-1.05634,26.43775,-27.9189,TEX_AGG,ARI_SUN,Arlington,D1,SEC,20260301-Arlington-4,7149d270-15ea-11f1-8639-131ccc676290,85.40521,82.14942,,7.50209,,,,2.71784,3.19336,-0.19898,f5a7e556-a2a9-43cd-af52-c62bb86c0341,2026-03-02,03:46:55.96,2026-03-01T21:46:55.9696384-06:00,2026-03-02T03:46:55.9696384Z,FlyBall,v3,3032,5035,,"Harrison, Connor",1000339305,Right,TEX_AGG,aaa43189-6cbd-46c8-9d63-105776c3bd59,54.94344,-127.09625,13.21888,5.59349,0.38149,-13.95945,3.11038,-7.44798,-0.52817,192.705568,2.71942,115.91142,-19.78142,4.36334,-0.80438,0.12962,-0.01883,0.00209,-0.00011,3.19394,67.6447,-15.58601,0.30635,0.251,-0.14764,0.04041,-0.00536,0.00028,-0.19937,-17.71385,5.71854,-1.50473,0.32429,-0.05804,0.00784,-0.00071,3E-05,,,,,,,,,,,,,,,,,,,,,,,High,High,High,High,High,,,,,,,,,,,,,,,,,,,,,,,,,,,,,,,,,,,,,
208,2026-03-01,21:47:34.05,4,1,"Darden, Ethan",703443,Left,TEX_AGG,"Roellig, Austen",822305,Right,ARI_SUN,Undefined,6,Top,2,0,0,Slider,Slider,BallCalled,Undefined,Undefined,Undefined,0,0,,80.86247,1.164599,0.616414,2616.988242,299.643325,4:00,5.81168,-2.89184,5.07572,-51.01676,-6.67571,14.28894,2.65838,-1.11997,73.85765,-8.065728,3.145641,0.479263,,,,,,,,,,,,-6.87111,-3.17134,2.82179,50,5.88192,-1.87505,-117.29343,0.47188,-9.49702,23.81281,-36.5574,TEX_AGG,ARI_SUN,Arlington,D1,SEC,20260301-Arlington-4,88067090-15ea-11f1-8639-131ccc676290,78.64659,,,7.00481,,,,,,,f5a7e556-a2a9-43cd-af52-c62bb86c0341,2026-03-02,03:47:34.05,2026-03-01T21:47:34.0520960-06:00,2026-03-02T03:47:34.0520960Z,,v3,3032,5035,,"Harrison, Connor",1000339305,Right,TEX_AGG,db2ff11f-6cc1-46cd-ac46-a9dc807c14be,55.42353,-118.38939,11.9064,5.82148,2.1544,-18.2787,2.89803,-1.43796,-4.74851,,,,,,,,,,,,,,,,,,,,,,,,,,,,,,,,,,,,,,,,,,,,,,,,,,,High,High,High,,,,,,,,,,,,,,,,,,,,,,,,,,,,,,,,,,,,,,,
209,2026-03-01,21:47:47.52,4,2,"Darden, Ethan",703443,Left,TEX_AGG,"Roellig, Austen",822305,Right,ARI_SUN,Undefined,6,Top,2,1,0,Cutter,Slider,InPlay,Undefined,GroundBall,Out,1,0,,86.35349,-0.163792,2.934893,2639.890703,277.552468,3:15,5.68223,-3.1897,5.51038,-37.36061,0.87366,2.74784,2.41548,-0.2138,78.90871,-6.998793,3.423896,0.445039,88.29775,-31.67221,-30.620715,,,,,5.40508,2.70886,-19.04246,0.035854,-0.53173,0.83913,2.93166,50,5.64278,-6.53582,-125.20608,-1.71891,-0.83967,26.50822,-30.84893,TEX_AGG,ARI_SUN,Arlington,D1,SEC,20260301-Arlington-4,8ffe8a30-15ea-11f1-8639-131ccc676290,84.69472,2.44335,,7.44479,,,,1.70113,2.44335,0.25374,f5a7e556-a2a9-43cd-af52-c62bb86c0341,2026-03-02,03:47:47.52,2026-03-01T21:47:47.5201024-06:00,2026-03-02T03:47:47.5201024Z,GroundBall,v3,3032,5035,,"Harrison, Connor",1000339305,Right,TEX_AGG,ef8008e4-2695-45a2-a7f8-e07c0547a102,54.98805,-126.25772,13.25411,5.68669,-0.49507,-15.42446,3.19029,-6.50251,-0.41983,,1.69992,95.05655,,,,,,,,2.44422,-68.14701,,,,,,,,0.25446,-56.26268,,,,,,,,,,,,,,,,,,,,,,,,,,,,,,High,High,High,Low,Low,,,,,,,,,,,,,,,,,,,,,,,,,,,,,,,,,,,,,
210,2026-03-01,21:50:58.17,1,1,"Barrett, Easton",807288,Left,ARI_SUN,"Kiel II, Terrence",10069127,Right,TEX_AGG,Undefined,6,Bottom,0,0,0,Fastball,Four-Seam,BallCalled,Undefined,Undefined,Undefined,0,0,,92.24347,-3.298651,1.613582,2343.641878,155.068167,11:15,5.37344,-1.13318,6.67731,-10.66603,21.52029,-9.48323,1.46259,-0.44701,83.6654,-5.421811,-0.113173,0.408326,,,,,,,,,,,,5.45768,12.64784,1.02849,50,5.14768,-3.38877,-133.81902,-7.90148,9.80867,31.27218,-9.44312,TEX_AGG,ARI_SUN,Arlington,D1,SEC,20260301-Arlington-4,01a0cf90-15eb-11f1-8639-131ccc676290,92.30971,,,8.57807,,,,,,,f5a7e556-a2a9-43cd-af52-c62bb86c0341,2026-03-02,03:50:58.17,2026-03-01T21:50:58.1773312-06:00,2026-03-02T03:50:58.1773312Z,,v3,3032,5035,,"Niclai, Coen",815515,Right,ARI_SUN,f1cf36fb-355c-4cd3-b5e3-7ac4553c5c69,53.81894,-134.70852,15.63609,5.36861,-7.63288,-4.72156,1.12884,-3.66776,4.90434,,,,,,,,,,,,,,,,,,,,,,,,,,,,,,,,,,,,,,,,,,,,,,,,,,,High,High,High,,,,,,,,,,,,,,,,,,,,,,,,,,,,,,,,,,,,,,,
211,2026-03-01,21:51:13.60,1,2,"Barrett, Easton",807288,Left,ARI_SUN,"Kiel II, Terrence",10069127,Right,TEX_AGG,Undefined,6,Bottom,0,1,0,Fastball,Four-Seam,BallCalled,Undefined,Undefined,Undefined,0,0,,92.42367,-3.115662,2.99161,2245.291556,145.798428,10:45,5.35888,-1.07447,6.74836,-15.77891,15.9745,-10.16481,1.19104,0.81385,84.59023,-6.149049,1.140064,0.405571,,,,,,,,,,,,6.22091,9.63815,0.88158,50,5.14763,-6.61903,-134.11665,-7.70908,11.32557,29.13326,-14.62715,TEX_AGG,ARI_SUN,Arlington,D1,SEC,20260301-Arlington-4,0ad316e0-15eb-11f1-8639-131ccc676290,92.93682,,,7.83344,,,,,,,f5a7e556-a2a9-43cd-af52-c62bb86c0341,2026-03-02,03:51:13.60,2026-03-01T21:51:13.6041472-06:00,2026-03-02T03:51:13.6041472Z,,v3,3032,5035,,"Niclai, Coen",815515,Right,ARI_SUN,9503a3ee-e4e4-4075-9ccc-cccf8f63e57c,53.75025,-134.92884,14.56663,5.35686,-7.3013,-7.31358,1.07051,-6.93476,5.66279,,,,,,,,,,,,,,,,,,,,,,,,,,,,,,,,,,,,,,,,,,,,,,,,,,,High,High,High,,,,,,,,,,,,,,,,,,,,,,,,,,,,,,,,,,,,,,,
212,2026-03-01,21:51:31.94,1,3,"Barrett, Easton",807288,Left,ARI_SUN,"Kiel II, Terrence",10069127,Right,TEX_AGG,Undefined,6,Bottom,0,2,0,Fastball,Four-Seam,BallinDirt,Undefined,Undefined,Undefined,0,0,,92.81981,-3.108025,3.646943,2252.688276,141.543343,10:45,5.42478,-1.19833,6.76111,-14.76635,16.85521,-12.54674,1.34714,1.09136,84.57221,-5.967857,1.363343,0.404728,,,,,,,,,,,,7.71197,10.14768,0.96391,50,5.21501,-8.09259,-134.57002,-7.67938,14.07844,30.42226,-13.64916,TEX_AGG,ARI_SUN,Arlington,D1,SEC,20260301-Arlington-4,15c3fe20-15eb-11f1-8639-131ccc676290,93.13036,,,8.2476,,,,,,,f5a7e556-a2a9-43cd-af52-c62bb86c0341,2026-03-02,03:51:31.94,2026-03-01T21:51:31.9458304-06:00,2026-03-02T03:51:31.9458304Z,,v3,3032,5035,,"Niclai, Coen",815515,Right,ARI_SUN,dd2a5db0-1460-41ac-9504-d8429939128d,53.73738,-135.41229,15.21113,5.42239,-7.30149,-6.82458,1.19336,-8.48237,7.03922,,,,,,,,,,,,,,,,,,,,,,,,,,,,,,,,,,,,,,,,,,,,,,,,,,,High,High,High,,,,,,,,,,,,,,,,,,,,,,,,,,,,,,,,,,,,,,,
213,2026-03-01,21:51:52.73,1,4,"Barrett, Easton",807288,Left,ARI_SUN,"Kiel II, Terrence",10069127,Right,TEX_AGG,Undefined,6,Bottom,0,3,0,Fastball,Four-Seam,BallCalled,Walk,Undefined,Undefined,0,0,,91.84261,-1.788711,3.787734,2329.71758,163.293249,11:30,5.44996,-1.20512,6.84537,-10.0939,22.08033,-6.30615,2.9737,1.72817,83.47842,-3.814887,2.639665,0.408249,,,,,,,,,,,,4.52016,12.65579,0.965,50,5.33142,-8.59524,-133.28895,-4.35006,8.0791,30.37916,-9.55371,TEX_AGG,ARI_SUN,Arlington,D1,SEC,20260301-Arlington-4,221ed5a0-15eb-11f1-8639-131ccc676290,92.32701,,,8.36418,,,,,,,f5a7e556-a2a9-43cd-af52-c62bb86c0341,2026-03-02,03:51:52.73,2026-03-01T21:51:52.7382528-06:00,2026-03-02T03:51:52.7382528Z,,v3,3032,5035,,"Niclai, Coen",815515,Right,ARI_SUN,e27f6ea1-779e-4f24-9a4b-316b7a236959,53.65438,-134.11927,15.18958,5.44675,-4.08894,-4.77685,1.20294,-8.81606,4.03955,,,,,,,,,,,,,,,,,,,,,,,,,,,,,,,,,,,,,,,,,,,,,,,,,,,High,High,High,,,,,,,,,,,,,,,,,,,,,,,,,,,,,,,,,,,,,,,
214,2026-03-01,21:53:13.34,2,1,"Barrett, Easton",807288,Left,ARI_SUN,"Sorrell, Caden",811294,Left,TEX_AGG,Undefined,6,Bottom,0,0,0,Fastball,Four-Seam,BallCalled,Undefined,Undefined,Undefined,0,0,,90.70738,-0.010661,1.623631,2346.095661,155.568253,11:15,5.50417,-1.17852,6.68893,-13.92422,19.55891,-8.328,4.33407,-0.38721,81.36897,-2.767342,0.107085,0.416471,,,,,,,,,,,,4.87162,10.61284,1.07286,50,5.4972,-3.39265,-131.66039,-0.3055,8.39349,32.75966,-13.88884,TEX_AGG,ARI_SUN,Arlington,D1,SEC,20260301-Arlington-4,52332f20-15eb-11f1-8639-131ccc676290,90.50442,,,9.33841,,,,,,,f5a7e556-a2a9-43cd-af52-c62bb86c0341,2026-03-02,03:53:13.34,2026-03-01T21:53:13.3477376-06:00,2026-03-02T03:53:13.3477376Z,,v3,3032,5035,,"Niclai, Coen",815515,Right,ARI_SUN,dce5d2d7-e577-44ca-b687-def6139ae275,53.80438,-132.60362,16.37983,5.50024,0.09439,-6.94442,1.17402,-3.63431,4.19675,,,,,,,,,,,,,,,,,,,,,,,,,,,,,,,,,,,,,,,,,,,,,,,,,,,High,High,High,,,,,,,,,,,,,,,,,,,,,,,,,,,,,,,,,,,,,,,
215,2026-03-01,21:53:29.99,2,2,"Barrett, Easton",807288,Left,ARI_SUN,"Sorrell, Caden",811294,Left,TEX_AGG,Undefined,6,Bottom,0,1,0,Fastball,Four-Seam,BallCalled,Undefined,Undefined,Undefined,0,0,,91.93103,-3.85159,3.312565,2360.17817,155.121928,11:15,5.42531,-0.86961,6.80448,-13.4591,18.9667,-8.25949,0.77778,1.46834,83.29039,-6.486147,1.807841,0.409842,,,,,,,,,,,,5.40032,11.5854,0.65798,50,5.17015,-7.38661,-133.13303,-9.26533,9.58279,31.59799,-11.61583,TEX_AGG,ARI_SUN,Arlington,D1,SEC,20260301-Arlington-4,5c240b80-15eb-11f1-8639-131ccc676290,91.96813,,,8.64064,,,,,,,f5a7e556-a2a9-43cd-af52-c62bb86c0341,2026-03-02,03:53:29.99,2026-03-01T21:53:29.9949568-06:00,2026-03-02T03:53:29.9949568Z,,v3,3032,5035,,"Niclai, Coen",815515,Right,ARI_SUN,f40a1a48-402a-44dd-a295-dfa1310e3501,53.69234,-134.00651,15.799,5.42184,-8.94422,-5.80791,0.86583,-7.65152,4.79139,,,,,,,,,,,,,,,,,,,,,,,,,,,,,,,,,,,,,,,,,,,,,,,,,,,High,High,High,,,,,,,,,,,,,,,,,,,,,,,,,,,,,,,,,,,,,,,
216,2026-03-01,21:53:51.68,2,3,"Barrett, Easton",807288,Left,ARI_SUN,"Sorrell, Caden",811294,Left,TEX_AGG,Undefined,6,Bottom,0,2,0,Fastball,Four-Seam,BallCalled,Undefined,Undefined,Undefined,0,0,,90.80717,-3.432074,1.749864,2332.402796,166.097275,11:30,5.40057,-1.07969,6.69914,-12.75572,20.67304,-4.81158,1.19414,0.11989,81.88482,-5.95138,0.87349,0.416132,,,,,,,,,,,,3.09252,12.35674,0.96497,50,5.16651,-3.83061,-131.61887,-8.14647,5.33746,32.13553,-10.84734,TEX_AGG,ARI_SUN,Arlington,D1,SEC,20260301-Arlington-4,69118610-15eb-11f1-8639-131ccc676290,90.578,,,8.92235,,,,,,,f5a7e556-a2a9-43cd-af52-c62bb86c0341,2026-03-02,03:53:51.68,2026-03-01T21:53:51.6852224-06:00,2026-03-02T03:53:51.6852224Z,,v3,3032,5035,,"Niclai, Coen",815515,Right,ARI_SUN,bca2fc75-385f-444d-a199-640719c4ff19,53.79592,-132.54243,16.06777,5.39616,-7.83472,-5.42367,1.07726,-3.984,2.66873,,,,,,,,,,,,,,,,,,,,,,,,,,,,,,,,,,,,,,,,,,,,,,,,,,,High,High,High,,,,,,,,,,,,,,,,,,,,,,,,,,,,,,,,,,,,,,,
217,2026-03-01,21:54:12.89,2,4,"Barrett, Easton",807288,Left,ARI_SUN,"Sorrell, Caden",811294,Left,TEX_AGG,Undefined,6,Bottom,0,3,0,Fastball,Four-Seam,StrikeCalled,Undefined,Undefined,Undefined,0,0,,90.61056,-2.07237,1.635351,2283.05847,165.020929,11:30,5.34952,-1.17116,6.62913,-16.2815,17.27761,-4.2987,2.09365,-0.03165,81.76421,-5.233562,0.853214,0.416943,,,,,,,,,,,,2.76642,10.08552,1.06192,50,5.2021,-3.58013,-131.47011,-5.15051,4.76982,31.74087,-14.78466,TEX_AGG,ARI_SUN,Arlington,D1,SEC,20260301-Arlington-4,75b6d410-15eb-11f1-8639-131ccc676290,90.40189,,,8.84635,,,,,,,f5a7e556-a2a9-43cd-af52-c62bb86c0341,2026-03-02,03:54:12.89,2026-03-01T21:54:12.8966144-06:00,2026-03-02T03:54:12.8966144Z,,v3,3032,5035,,"Niclai, Coen",815515,Right,ARI_SUN,4205184b-f5ff-4be6-abc6-d78b0b59547a,53.86519,-132.39999,15.87044,5.34664,-4.71738,-7.39233,1.16885,-3.71987,2.38491,,,,,,,,,,,,,,,,,,,,,,,,,,,,,,,,,,,,,,,,,,,,,,,,,,,High,High,High,,,,,,,,,,,,,,,,,,,,,,,,,,,,,,,,,,,,,,,
218,2026-03-01,21:54:34.71,2,5,"Barrett, Easton",807288,Left,ARI_SUN,"Sorrell, Caden",811294,Left,TEX_AGG,Undefined,6,Bottom,0,3,1,Fastball,Four-Seam,InPlay,Undefined,FlyBall,Out,1,0,,90.60863,-1.239248,1.175569,2251.525837,166.205005,11:30,5.42977,-1.03328,6.63366,-15.02367,18.52883,-4.25099,3.04282,-0.31112,81.58945,-4.181693,0.401987,0.416902,97.57095,43.872155,-7.35524,4477.45512,107.64361,102.20314,-22.64584,311.28823,286.5574,-17.023661,6.139878,2.61697,10.50323,0.95535,50,5.3395,-2.53181,-131.55785,-3.19042,4.50977,32.26526,-14.07417,TEX_AGG,ARI_SUN,Arlington,D1,SEC,20260301-Arlington-4,82b71350-15eb-11f1-8639-131ccc676290,90.41083,134.00544,,9.01918,,,,1.17593,3.11132,0.31035,f5a7e556-a2a9-43cd-af52-c62bb86c0341,2026-03-02,03:54:34.71,2026-03-01T21:54:34.7173888-06:00,2026-03-02T03:54:34.7173888Z,FlyBall,v3,3032,5035,,"Niclai, Coen",815515,Right,ARI_SUN,1bb41628-c347-4387-a521-3b06155d8411,53.8619,-132.50161,16.13263,5.4268,-2.77875,-7.03709,1.03134,-2.66372,2.25489,158.171656,1.18175,102.17747,-25.20788,5.58098,-0.48116,-0.15203,0.05599,-0.00697,0.00031,3.09464,99.43813,-23.0524,2.77641,-0.89518,0.24003,-0.03605,0.00264,-7E-05,0.31392,-13.27922,-3.94496,1.41303,-0.0718,-0.0874,0.02735,-0.00328,0.00014,,,,,,,,,,,,,,,,,,,,,,,High,High,High,High,Medium,,,,,,,,,,,,,,,,,,,,,,,,,,,,,,,,,,,,,
219,2026-03-01,21:55:14.84,3,1,"Barrett, Easton",807288,Left,ARI_SUN,"Grahovac, Gavin",800606,Right,TEX_AGG,Undefined,6,Bottom,1,0,0,ChangeUp,Changeup,BallCalled,Undefined,Undefined,Undefined,0,0,,81.95544,1.582609,1.871707,1511.176806,103.676788,9:30,5.23553,-1.37197,6.32593,-36.16789,5.52642,-16.36737,3.68011,-1.01166,73.55838,-5.226881,-1.089028,0.46474,,,,,,,,,,,,9.03296,2.83622,1.24214,50,5.33459,-3.25064,-118.84,2.2073,12.65856,27.03955,-28.19944,TEX_AGG,ARI_SUN,Arlington,D1,SEC,20260301-Arlington-4,9aa72860-15eb-11f1-8639-131ccc676290,81.10441,,,8.39706,,,,,,,f5a7e556-a2a9-43cd-af52-c62bb86c0341,2026-03-02,03:55:14.84,2026-03-01T21:55:14.8424704-06:00,2026-03-02T03:55:14.8424704Z,,v3,3032,5035,,"Niclai, Coen",815515,Right,ARI_SUN,f4736dfb-bcf9-41b5-beef-9d320d530532,54.16876,-119.78476,13.51978,5.24026,3.19259,-14.09972,1.36344,-3.69293,6.32928,,,,,,,,,,,,,,,,,,,,,,,,,,,,,,,,,,,,,,,,,,,,,,,,,,,High,High,High,,,,,,,,,,,,,,,,,,,,,,,,,,,,,,,,,,,,,,,
220,2026-03-01,21:55:33.95,3,2,"Barrett, Easton",807288,Left,ARI_SUN,"Grahovac, Gavin",800606,Right,TEX_AGG,Undefined,6,Bottom,1,1,0,Fastball,Four-Seam,BallCalled,Undefined,Undefined,Undefined,0,0,,89.77702,-0.717101,2.969572,2238.382187,171.889486,11:45,5.38077,-0.98877,6.70923,-16.47068,17.54245,-2.33079,3.35173,1.53423,81.12607,-3.921118,2.545743,0.419754,,,,,,,,,,,,2.15047,9.80733,0.79255,50,5.32622,-6.66574,-130.2629,-2.01615,3.65014,30.46606,-15.52756,TEX_AGG,ARI_SUN,Arlington,D1,SEC,20260301-Arlington-4,a60e02f0-15eb-11f1-8639-131ccc676290,89.79654,,,8.65095,,,,,,,f5a7e556-a2a9-43cd-af52-c62bb86c0341,2026-03-02,03:55:33.95,2026-03-01T21:55:33.9540992-06:00,2026-03-02T03:55:33.9540992Z,,v3,3032,5035,,"Niclai, Coen",815515,Right,ARI_SUN,34f3215c-0c19-427d-9a17-3f53550fc0e0,53.78547,-131.14526,15.23303,5.3781,-1.56644,-7.76378,0.98713,-6.77146,1.82507,,,,,,,,,,,,,,,,,,,,,,,,,,,,,,,,,,,,,,,,,,,,,,,,,,,High,High,High,,,,,,,,,,,,,,,,,,,,,,,,,,,,,,,,,,,,,,,
221,2026-03-01,21:55:54.94,3,3,"Barrett, Easton",807288,Left,ARI_SUN,"Grahovac, Gavin",800606,Right,TEX_AGG,Undefined,6,Bottom,1,2,0,Fastball,Four-Seam,BallCalled,Undefined,Undefined,Undefined,0,0,,90.99171,-3.810937,2.861464,2297.825812,156.393091,11:15,5.30218,-1.12277,6.66129,-10.91737,22.49186,-9.28536,0.89572,0.724,81.98798,-5.997611,1.173631,0.416011,,,,,,,,,,,,5.82721,13.45717,0.93395,50,5.04089,-6.22249,-131.75298,-8.9749,10.07555,32.25886,-8.90592,TEX_AGG,ARI_SUN,Arlington,D1,SEC,20260301-Arlington-4,b284c6e0-15eb-11f1-8639-131ccc676290,90.60445,,,9.00372,,,,,,,f5a7e556-a2a9-43cd-af52-c62bb86c0341,2026-03-02,03:55:54.94,2026-03-01T21:55:54.9470208-06:00,2026-03-02T03:55:54.9470208Z,,v3,3032,5035,,"Niclai, Coen",815515,Right,ARI_SUN,14eee67e-39dc-4935-8b19-8ac2a2443d0e,53.83531,-132.68871,16.12943,5.29748,-8.71657,-4.45296,1.11868,-6.51475,5.03778,,,,,,,,,,,,,,,,,,,,,,,,,,,,,,,,,,,,,,,,,,,,,,,,,,,High,High,High,,,,,,,,,,,,,,,,,,,,,,,,,,,,,,,,,,,,,,,
222,2026-03-01,21:56:14.44,3,4,"Barrett, Easton",807288,Left,ARI_SUN,"Grahovac, Gavin",800606,Right,TEX_AGG,Undefined,6,Bottom,1,3,0,Fastball,Four-Seam,StrikeCalled,Undefined,Undefined,Undefined,0,0,,91.17659,-2.059868,0.993232,2251.340797,161.248314,11:15,5.35383,-1.19757,6.55609,-15.40623,17.90682,-5.66107,2.18024,-0.75856,82.03392,-5.063291,-0.035726,0.415412,,,,,,,,,,,,3.26937,10.40071,1.1311,50,5.2048,-2.06028,-132.27509,-5.123,5.68965,32.8837,-14.07377,TEX_AGG,ARI_SUN,Arlington,D1,SEC,20260301-Arlington-4,be2946b0-15eb-11f1-8639-131ccc676290,90.73518,,,9.14267,,,,,,,f5a7e556-a2a9-43cd-af52-c62bb86c0341,2026-03-02,03:56:14.44,2026-03-01T21:56:14.4449024-06:00,2026-03-02T03:56:14.4449024Z,,v3,3032,5035,,"Niclai, Coen",815515,Right,ARI_SUN,159858bd-5202-4a18-b534-4f9b5b8f8d2d,53.93785,-133.25045,16.44185,5.35056,-4.70556,-7.03689,1.19471,-2.22904,2.84483,,,,,,,,,,,,,,,,,,,,,,,,,,,,,,,,,,,,,,,,,,,,,,,,,,,High,High,High,,,,,,,,,,,,,,,,,,,,,,,,,,,,,,,,,,,,,,,
223,2026-03-01,21:56:33.11,3,5,"Barrett, Easton",807288,Left,ARI_SUN,"Grahovac, Gavin",800606,Right,TEX_AGG,Undefined,6,Bottom,1,3,1,Fastball,Four-Seam,BallCalled,Walk,Undefined,Undefined,0,0,,91.76781,-3.039241,1.330885,2316.276418,164.558159,11:30,5.38444,-1.08198,6.59401,-12.31784,20.57336,-5.34359,1.56998,-0.30768,82.55934,-5.478339,0.359262,0.412773,,,,,,,,,,,,3.23268,12.14638,0.99302,50,5.17104,-2.87361,-133.04194,-7.31069,5.68937,33.35132,-10.79697,TEX_AGG,ARI_SUN,Arlington,D1,SEC,20260301-Arlington-4,c946bc30-15eb-11f1-8639-131ccc676290,91.31514,,,9.20847,,,,,,,f5a7e556-a2a9-43cd-af52-c62bb86c0341,2026-03-02,03:56:33.11,2026-03-01T21:56:33.1192320-06:00,2026-03-02T03:56:33.1192320Z,,v3,3032,5035,,"Niclai, Coen",815515,Right,ARI_SUN,1403ba04-d8bc-48ff-9841-0b92930a31fe,53.90086,-134.01625,16.67566,5.38001,-6.99527,-5.39848,1.07939,-3.03982,2.84468,,,,,,,,,,,,,,,,,,,,,,,,,,,,,,,,,,,,,,,,,,,,,,,,,,,High,High,High,,,,,,,,,,,,,,,,,,,,,,,,,,,,,,,,,,,,,,,
224,2026-03-01,21:57:09.03,4,1,"Barrett, Easton",807288,Left,ARI_SUN,"Duer, Jake",808786,Left,TEX_AGG,Undefined,6,Bottom,1,0,0,Slider,Slider,BallinDirt,Undefined,Undefined,Undefined,0,0,,80.27537,-0.255168,2.093466,2484.671601,258.940919,2:45,5.37266,-1.20428,6.23738,-39.3003,4.12256,13.29883,1.86211,1.83591,72.86826,-7.572213,4.494303,0.474275,,,,,,,,,,,,-6.16512,2.71725,1.04226,50,5.33484,-4.75423,-116.46671,-1.69533,-8.32996,25.20279,-28.50264,TEX_AGG,ARI_SUN,Arlington,D1,SEC,20260301-Arlington-4,deb72b40-15eb-11f1-8639-131ccc676290,79.47374,,,7.40711,,,,,,,f5a7e556-a2a9-43cd-af52-c62bb86c0341,2026-03-02,03:57:09.03,2026-03-01T21:57:09.0321920-06:00,2026-03-02T03:57:09.0321920Z,,v3,3032,5035,,"Niclai, Coen",815515,Right,ARI_SUN,b8b55b3a-995c-450b-a750-aee2c302c165,54.25842,-117.38459,12.6014,5.37768,-0.65727,-14.25132,1.20989,-4.45086,-4.16498,,,,,,,,,,,,,,,,,,,,,,,,,,,,,,,,,,,,,,,,,,,,,,,,,,,High,High,High,,,,,,,,,,,,,,,,,,,,,,,,,,,,,,,,,,,,,,,
225,2026-03-01,21:57:46.20,4,2,"Barrett, Easton",807288,Left,ARI_SUN,"Duer, Jake",808786,Left,TEX_AGG,Undefined,6,Bottom,1,1,0,Fastball,Four-Seam,BallCalled,Undefined,Undefined,Undefined,0,0,,90.00104,-2.520347,2.471009,2262.994616,174.75462,11:45,5.31407,-1.11113,6.90601,-16.60938,17.01422,-1.45284,1.63088,1.01972,81.48262,-5.746309,2.205542,0.417343,,,,,,,,,,,,1.5415,10.16686,0.95614,50,5.14901,-5.57855,-130.5651,-6.12622,2.62776,30.68904,-14.8427,TEX_AGG,ARI_SUN,Arlington,D1,SEC,20260301-Arlington-4,f4da6f90-15eb-11f1-8639-131ccc676290,90.31518,,,8.51842,,,,,,,f5a7e556-a2a9-43cd-af52-c62bb86c0341,2026-03-02,03:57:46.20,2026-03-01T21:57:46.2014976-06:00,2026-03-02T03:57:46.2014976Z,,v3,3032,5035,,"Niclai, Coen",815515,Right,ARI_SUN,9f4391c8-194b-4d48-b81f-f148468f2854,53.58848,-131.40585,15.34452,5.31127,-5.71959,-7.42135,1.10996,-5.65054,1.31388,,,,,,,,,,,,,,,,,,,,,,,,,,,,,,,,,,,,,,,,,,,,,,,,,,,High,High,High,,,,,,,,,,,,,,,,,,,,,,,,,,,,,,,,,,,,,,,
226,2026-03-01,21:58:03.75,4,3,"Barrett, Easton",807288,Left,ARI_SUN,"Duer, Jake",808786,Left,TEX_AGG,Undefined,6,Bottom,1,2,0,Fastball,Four-Seam,BallCalled,Undefined,Undefined,Undefined,0,0,,91.19651,-3.540358,1.873508,2342.140657,169.463681,11:45,5.3068,-1.11453,6.74847,-15.6665,17.4369,-3.0165,0.76121,0.34619,82.30955,-6.582782,1.323465,0.414102,,,,,,,,,,,,2.20225,10.72497,0.9926,50,5.06779,-4.20565,-132.1737,-8.54759,3.83067,32.56395,-13.51858,TEX_AGG,ARI_SUN,Arlington,D1,SEC,20260301-Arlington-4,ff4e85b0-15eb-11f1-8639-131ccc676290,91.022,,,8.88696,,,,,,,f5a7e556-a2a9-43cd-af52-c62bb86c0341,2026-03-02,03:58:03.75,2026-03-01T21:58:03.7554688-06:00,2026-03-02T03:58:03.7554688Z,,v3,3032,5035,,"Niclai, Coen",815515,Right,ARI_SUN,b0c82f31-36bf-47d8-8bb6-5d300963d1c4,53.74701,-133.09366,16.28198,5.30387,-8.16568,-6.75929,1.11294,-4.31387,1.91533,,,,,,,,,,,,,,,,,,,,,,,,,,,,,,,,,,,,,,,,,,,,,,,,,,,High,High,High,,,,,,,,,,,,,,,,,,,,,,,,,,,,,,,,,,,,,,,
227,2026-03-01,21:58:24.02,4,4,"Barrett, Easton",807288,Left,ARI_SUN,"Duer, Jake",808786,Left,TEX_AGG,Undefined,6,Bottom,1,3,0,Fastball,Four-Seam,StrikeCalled,Undefined,Undefined,Undefined,0,0,,90.45173,-1.565264,1.556689,2324.355699,169.407181,11:45,5.38519,-1.01555,6.69043,-15.96828,17.61643,-3.06831,2.62213,0.15275,81.56534,-4.6776,0.997835,0.417102,,,,,,,,,,,,2.10465,10.12024,0.91284,50,5.27407,-3.44537,-131.29056,-3.95945,3.61772,31.73912,-14.77825,TEX_AGG,ARI_SUN,Arlington,D1,SEC,20260301-Arlington-4,0b6fd6a0-15ec-11f1-8639-131ccc676290,90.36748,,,8.88639,,,,,,,f5a7e556-a2a9-43cd-af52-c62bb86c0341,2026-03-02,03:58:24.02,2026-03-01T21:58:24.0239104-06:00,2026-03-02T03:58:24.0239104Z,,v3,3032,5035,,"Niclai, Coen",815515,Right,ARI_SUN,1717ba11-63d6-4166-a710-012c212c4efc,53.80379,-132.20692,15.86956,5.38222,-3.53278,-7.38913,1.01382,-3.54982,1.80886,,,,,,,,,,,,,,,,,,,,,,,,,,,,,,,,,,,,,,,,,,,,,,,,,,,High,High,High,,,,,,,,,,,,,,,,,,,,,,,,,,,,,,,,,,,,,,,
228,2026-03-01,21:58:43.57,4,5,"Barrett, Easton",807288,Left,ARI_SUN,"Duer, Jake",808786,Left,TEX_AGG,Undefined,6,Bottom,1,3,1,Fastball,Four-Seam,StrikeCalled,Undefined,Undefined,Undefined,0,0,,91.56646,-2.52727,2.201774,2321.280454,153.478462,11:00,5.44211,-1.1725,6.69016,-14.8758,17.87788,-8.33871,1.88797,0.14721,82.77276,-5.427061,0.683444,0.411909,,,,,,,,,,,,5.05126,10.53942,1.02845,50,5.26713,-4.77056,-132.82171,-6.20741,8.90859,31.83179,-13.58641,TEX_AGG,ARI_SUN,Arlington,D1,SEC,20260301-Arlington-4,170e14e0-15ec-11f1-8639-131ccc676290,91.50667,,,8.7937,,,,,,,f5a7e556-a2a9-43cd-af52-c62bb86c0341,2026-03-02,03:58:43.57,2026-03-01T21:58:43.5720192-06:00,2026-03-02T03:58:43.5720192Z,,v3,3032,5035,,"Niclai, Coen",815515,Right,ARI_SUN,0f6ebe1c-847b-41de-87f3-4e3e82327135,53.80483,-133.73046,15.9159,5.43881,-5.81954,-6.79321,1.16828,-5.02489,4.45429,,,,,,,,,,,,,,,,,,,,,,,,,,,,,,,,,,,,,,,,,,,,,,,,,,,High,High,High,,,,,,,,,,,,,,,,,,,,,,,,,,,,,,,,,,,,,,,
229,2026-03-01,21:59:02.80,4,6,"Barrett, Easton",807288,Left,ARI_SUN,"Duer, Jake",808786,Left,TEX_AGG,Undefined,6,Bottom,1,3,2,Fastball,Four-Seam,BallCalled,Walk,Undefined,Undefined,0,0,,90.98489,-3.114341,3.349824,2289.227429,169.25704,11:45,5.38727,-1.1889,6.83272,-15.80013,17.24662,-3.05059,1.22249,1.61557,82.44339,-6.178714,2.793937,0.413748,,,,,,,,,,,,2.64099,10.43028,0.97472,50,5.18065,-7.59533,-131.81587,-7.54302,4.59429,30.96665,-14.02937,TEX_AGG,ARI_SUN,Arlington,D1,SEC,20260301-Arlington-4,227e8c60-15ec-11f1-8639-131ccc676290,91.10001,,,8.54151,,,,,,,f5a7e556-a2a9-43cd-af52-c62bb86c0341,2026-03-02,03:59:02.80,2026-03-01T21:59:02.8012032-06:00,2026-03-02T03:59:02.8012032Z,,v3,3032,5035,,"Niclai, Coen",815515,Right,ARI_SUN,ffcad4f2-7f72-4c42-b277-8cf01a798643,53.66172,-132.6733,15.48332,5.38412,-7.15456,-7.01469,1.18679,-7.72255,2.29715,,,,,,,,,,,,,,,,,,,,,,,,,,,,,,,,,,,,,,,,,,,,,,,,,,,High,High,High,,,,,,,,,,,,,,,,,,,,,,,,,,,,,,,,,,,,,,,
230,2026-03-01,22:02:19.79,5,1,"Butler, Josh",814169,Right,ARI_SUN,"Kellner, Boston",828162,Right,TEX_AGG,Undefined,6,Bottom,1,0,0,Curveball,Curveball,BallCalled,Undefined,Undefined,Undefined,0,0,,81.10532,1.483624,-1.297673,2307.128148,31.552158,7:00,6.28861,1.45256,5.53018,-49.08841,-4.60591,-3.94764,3.58544,-0.08966,72.11014,-7.558391,-2.001838,0.480027,,,,,,,,,,,,1.47016,-2.22154,-1.33728,50,6.38594,2.82591,-117.2995,1.29857,1.97972,29.10379,-35.16559,TEX_AGG,ARI_SUN,Arlington,D1,SEC,20260301-Arlington-4,97f8b4c0-15ec-11f1-8639-131ccc676290,78.52144,,,8.99517,,,,,,,f5a7e556-a2a9-43cd-af52-c62bb86c0341,2026-03-02,04:02:19.79,2026-03-01T22:02:19.7967360-06:00,2026-03-02T04:02:19.7967360Z,,v3,3032,5035,,"Niclai, Coen",815515,Right,ARI_SUN,7910fc43-2912-4d4d-b7f5-dbc6bb05fde9,54.96211,-118.52428,14.5519,6.30015,2.77845,-17.5828,-1.45445,2.7426,0.98986,,,,,,,,,,,,,,,,,,,,,,,,,,,,,,,,,,,,,,,,,,,,,,,,,,,High,High,High,,,,,,,,,,,,,,,,,,,,,,,,,,,,,,,,,,,,,,,
231,2026-03-01,22:02:35.39,5,2,"Butler, Josh",814169,Right,ARI_SUN,"Kellner, Boston",828162,Right,TEX_AGG,Undefined,6,Bottom,1,1,0,Slider,Slider,StrikeCalled,Undefined,Undefined,Undefined,0,0,,80.84187,-0.641065,-1.922739,2281.622743,60.860303,8:00,6.36932,1.56432,5.45476,-45.49928,-0.91543,-4.74229,1.97725,-0.63142,72.69496,-8.976568,-2.768097,0.480574,,,,,,,,,,,,1.68516,0.32638,-1.39148,50,6.28223,4.12564,-116.9962,-2.89808,2.27426,27.48797,-31.7336,TEX_AGG,ARI_SUN,Arlington,D1,SEC,20260301-Arlington-4,a14561e0-15ec-11f1-8639-131ccc676290,78.43215,,,8.14691,,,,,,,f5a7e556-a2a9-43cd-af52-c62bb86c0341,2026-03-02,04:02:35.39,2026-03-01T22:02:35.3934336-06:00,2026-03-02T04:02:35.3934336Z,,v3,3032,5035,,"Niclai, Coen",815515,Right,ARI_SUN,7f33d91e-71ef-4618-9c71-fb18bf9547cf,55.03928,-118.17423,13.74399,6.37729,-1.53809,-15.8668,-1.5662,4.02818,1.13713,,,,,,,,,,,,,,,,,,,,,,,,,,,,,,,,,,,,,,,,,,,,,,,,,,,High,High,High,,,,,,,,,,,,,,,,,,,,,,,,,,,,,,,,,,,,,,,
232,2026-03-01,22:02:52.25,5,3,"Butler, Josh",814169,Right,ARI_SUN,"Kellner, Boston",828162,Right,TEX_AGG,Undefined,6,Bottom,1,1,1,Curveball,Curveball,StrikeCalled,Undefined,Undefined,Undefined,0,0,,79.57505,0.549335,-0.879151,2339.686514,40.433734,7:15,6.33678,1.3497,5.05852,-52.33349,-5.75756,-6.41992,2.49376,-0.01441,71.6295,-8.953523,-2.01612,0.491193,,,,,,,,,,,,2.84575,-2.4341,-1.26088,50,6.34805,2.04429,-115.17872,-0.82881,3.73024,26.22153,-35.36467,TEX_AGG,ARI_SUN,Arlington,D1,SEC,20260301-Arlington-4,ab4f92a0-15ec-11f1-8639-131ccc676290,76.73648,,,7.94555,,,,,,,f5a7e556-a2a9-43cd-af52-c62bb86c0341,2026-03-02,04:02:52.25,2026-03-01T22:02:52.2519040-06:00,2026-03-02T04:02:52.2519040Z,,v3,3032,5035,,"Niclai, Coen",815515,Right,ARI_SUN,0f7aa98e-a8b8-46ec-9d59-d0be26bb78b6,55.43657,-116.40982,13.11076,6.34799,0.83157,-17.68234,-1.35275,1.86915,1.86512,,,,,,,,,,,,,,,,,,,,,,,,,,,,,,,,,,,,,,,,,,,,,,,,,,,High,High,High,,,,,,,,,,,,,,,,,,,,,,,,,,,,,,,,,,,,,,,
233,2026-03-01,22:03:09.86,5,4,"Butler, Josh",814169,Right,ARI_SUN,"Kellner, Boston",828162,Right,TEX_AGG,Undefined,6,Bottom,1,1,2,Curveball,Slider,BallinDirt,Undefined,Undefined,Undefined,0,0,,81.9434,-1.438066,-3.673757,2384.144081,49.285256,7:45,6.3485,1.32893,5.49468,-47.90518,-4.49492,-7.12473,1.00818,-2.70596,74.08637,-10.147004,-4.941906,0.474207,,,,,,,,,,,,2.27429,-1.21339,-1.00236,50,6.19074,7.90225,-118.43817,-4.68427,3.14902,27.93683,-33.85414,TEX_AGG,ARI_SUN,Arlington,D1,SEC,20260301-Arlington-4,b5cd1ea0-15ec-11f1-8639-131ccc676290,79.48525,,,7.85703,,,,,,,f5a7e556-a2a9-43cd-af52-c62bb86c0341,2026-03-02,04:03:09.86,2026-03-01T22:03:09.8667520-06:00,2026-03-02T04:03:09.8667520Z,,v3,3032,5035,,"Niclai, Coen",815515,Right,ARI_SUN,9176c3fa-91d5-4645-9338-6b7bba143320,55.00068,-119.6119,13.96842,6.35767,-3.26193,-16.92707,-1.33158,7.76994,1.57451,,,,,,,,,,,,,,,,,,,,,,,,,,,,,,,,,,,,,,,,,,,,,,,,,,,High,High,High,,,,,,,,,,,,,,,,,,,,,,,,,,,,,,,,,,,,,,,
234,2026-03-01,22:03:31.59,5,5,"Butler, Josh",814169,Right,ARI_SUN,"Kellner, Boston",828162,Right,TEX_AGG,Undefined,6,Bottom,1,2,2,Sinker,Sinker,InPlay,Undefined,GroundBall,Out,1,1,,91.71465,-1.643212,-2.46516,2127.852871,246.554857,2:15,6.29913,1.36573,6.01525,-23.72356,10.05965,20.21556,2.7982,0.76543,82.23716,-6.116945,1.171966,0.418333,70.58536,-18.270294,-33.057381,,,,,9.47208,4.40682,-32.606167,0.086376,-11.24508,6.10382,-1.18336,50,6.15745,4.84282,-132.87824,-4.59487,-19.65052,34.47653,-21.50779,TEX_AGG,ARI_SUN,Arlington,D1,SEC,20260301-Arlington-4,c2b716c0-15ec-11f1-8639-131ccc676290,90.10155,2.81426,,9.4775,,,,0.83475,2.81426,-0.45428,f5a7e556-a2a9-43cd-af52-c62bb86c0341,2026-03-02,04:03:31.59,2026-03-01T22:03:31.5939840-06:00,2026-03-02T04:03:31.5939840Z,GroundBall,v3,3032,5035,,"Niclai, Coen",815515,Right,ARI_SUN,0e61e295-63e5-4137-b123-e68c9dda1c28,54.48148,-134.03596,17.23826,6.29962,-3.87263,-10.7539,-1.35706,5.50268,-9.82526,180,0.83029,82.71381,,,,,,,,2.81601,-32.58156,,,,,,,,-0.45138,-53.83282,,,,,,,,,,,,,,,,,,,,,,,,,,,,,,High,High,High,Low,Low,,,,,,,,,,,,,,,,,,,,,,,,,,,,,,,,,,,,,
235,2026-03-01,22:04:13.04,6,1,"Butler, Josh",814169,Right,ARI_SUN,"Partida, Nicholas",10100750,Right,TEX_AGG,Undefined,6,Bottom,2,0,0,Curveball,Curveball,BallinDirt,Undefined,Undefined,Undefined,0,0,,80.73477,-1.579261,-3.698131,2367.541816,58.49518,8:00,6.28223,1.52444,5.42176,-50.35144,-5.41847,-11.61288,0.60356,-2.91207,73.05942,-10.698632,-5.762153,0.482452,,,,,,,,,,,,4.47902,-1.59087,-1.18773,50,6.1075,8.02118,-116.65662,-5.00822,6.00397,27.5187,-34.30656,TEX_AGG,ARI_SUN,Arlington,D1,SEC,20260301-Arlington-4,db781060-15ec-11f1-8639-131ccc676290,78.1268,,,7.67535,,,,,,,f5a7e556-a2a9-43cd-af52-c62bb86c0341,2026-03-02,04:04:13.04,2026-03-01T22:04:13.0438656-06:00,2026-03-02T04:04:13.0438656Z,,v3,3032,5035,,"Niclai, Coen",815515,Right,ARI_SUN,feb2aa7e-2022-4b5c-8102-9836a5e93a3f,55.07397,-117.84747,13.75935,6.29211,-3.52363,-17.15328,-1.52922,7.76137,3.00199,,,,,,,,,,,,,,,,,,,,,,,,,,,,,,,,,,,,,,,,,,,,,,,,,,,High,High,High,,,,,,,,,,,,,,,,,,,,,,,,,,,,,,,,,,,,,,,
236,2026-03-01,22:04:33.40,6,2,"Butler, Josh",814169,Right,ARI_SUN,"Partida, Nicholas",10100750,Right,TEX_AGG,Undefined,6,Bottom,2,1,0,Sinker,Sinker,InPlay,Undefined,FlyBall,Single,0,2,,90.63441,-1.428434,-2.17738,2088.650299,228.716632,1:30,6.28293,1.43669,6.0599,-20.62352,13.90005,14.32422,3.24101,0.61415,81.18363,-5.359517,0.401025,0.422892,68.6967,41.850117,31.117658,5091.135598,87.82565,67.76889,66.2317,205.92781,201.2265,41.016201,4.299597,-8.10119,8.01969,-1.2751,50,6.16113,4.37605,-131.32241,-3.9026,-13.83178,33.5914,-18.48143,TEX_AGG,ARI_SUN,Arlington,D1,SEC,20260301-Arlington-4,e79828d0-15ec-11f1-8639-131ccc676290,89.13023,67.9314,,9.45077,,,,0.70504,3.18455,-0.61653,f5a7e556-a2a9-43cd-af52-c62bb86c0341,2026-03-02,04:04:33.40,2026-03-01T22:04:33.4030336-06:00,2026-03-02T04:04:33.4030336Z,FlyBall,v3,3032,5035,,"Niclai, Coen",815515,Right,ARI_SUN,e42d510b-79de-432d-8339-eb3fd1f19dcf,54.43522,-132.45205,16.7957,6.28192,-3.28109,-9.24072,-1.43009,4.84119,-6.91589,208.4918,0.70706,64.20586,-14.84547,3.38215,-0.2864,-0.12619,0.04792,-0.00609,0.00026,3.18514,67.19751,-19.23653,0.89049,0.22903,-0.22528,0.08214,-0.01387,0.00088,-0.61607,38.77336,-2.26714,-0.0188,0.14162,-0.05877,0.01406,-0.00185,0.0001,,,,,,,,,,,,,,,,,,,,,,,High,High,High,High,Medium,,,,,,,,,,,,,,,,,,,,,,,,,,,,,,,,,,,,,
237,2026-03-01,22:05:28.39,7,1,"Butler, Josh",814169,Right,ARI_SUN,"Binderup, Blake",702713,Right,TEX_AGG,Undefined,6,Bottom,2,0,0,Curveball,Curveball,StrikeSwinging,Undefined,Undefined,Undefined,0,0,,80.76491,0.177557,-1.761294,2294.432277,14.186868,6:30,6.1924,1.56806,5.70796,-54.51893,-9.29595,-2.86673,1.81466,-0.31232,71.17514,-9.866249,-2.275327,0.484006,,,,,,,,,,,,0.68598,-4.09945,-1.41878,50,6.17477,3.70786,-116.70789,-1.53522,0.89901,32.12341,-37.54667,TEX_AGG,ARI_SUN,Arlington,D1,SEC,20260301-Arlington-4,085e5b70-15ed-11f1-8639-131ccc676290,77.87595,,,9.58976,,,,,,,f5a7e556-a2a9-43cd-af52-c62bb86c0341,2026-03-02,04:05:28.39,2026-03-01T22:05:28.3944960-06:00,2026-03-02T04:05:28.3944960Z,,v3,3032,5035,,"Niclai, Coen",815515,Right,ARI_SUN,74153a1c-245d-4d4f-9e29-437c57b26687,54.78398,-118.01732,16.0617,6.20616,-0.00473,-18.77334,-1.56918,3.67121,0.44951,,,,,,,,,,,,,,,,,,,,,,,,,,,,,,,,,,,,,,,,,,,,,,,,,,,High,High,High,,,,,,,,,,,,,,,,,,,,,,,,,,,,,,,,,,,,,,,
238,2026-03-01,22:05:46.54,7,2,"Butler, Josh",814169,Right,ARI_SUN,"Binderup, Blake",702713,Right,TEX_AGG,Undefined,6,Bottom,2,0,1,Curveball,Curveball,StrikeCalled,Undefined,Undefined,Undefined,0,0,,79.99265,0.438845,-2.024165,2280.874276,39.577426,7:15,6.2279,1.4989,5.57822,-51.25357,-5.56764,-6.14764,2.36689,-0.90465,71.36653,-8.97557,-3.122133,0.486477,,,,,,,,,,,,2.29477,-2.31378,-1.32082,50,6.2333,4.34497,-115.70125,-0.89387,3.00279,28.5572,-35.20168,TEX_AGG,ARI_SUN,Arlington,D1,SEC,20260301-Arlington-4,133b6c90-15ed-11f1-8639-131ccc676290,77.48036,,,8.62612,,,,,,,f5a7e556-a2a9-43cd-af52-c62bb86c0341,2026-03-02,04:05:46.54,2026-03-01T22:05:46.5437696-06:00,2026-03-02T04:05:46.5437696Z,,v3,3032,5035,,"Niclai, Coen",815515,Right,ARI_SUN,ba0eb551-7554-489f-b5ba-57317fdb750a,54.91483,-116.90803,14.2786,6.23965,0.59369,-17.60084,-1.50175,4.21808,1.50139,,,,,,,,,,,,,,,,,,,,,,,,,,,,,,,,,,,,,,,,,,,,,,,,,,,High,High,High,,,,,,,,,,,,,,,,,,,,,,,,,,,,,,,,,,,,,,,
239,2026-03-01,22:06:04.69,7,3,"Butler, Josh",814169,Right,ARI_SUN,"Binderup, Blake",702713,Right,TEX_AGG,Undefined,6,Bottom,2,0,2,Curveball,Curveball,StrikeSwinging,Strikeout,Undefined,Undefined,0,0,,82.05631,-1.446337,-2.635417,2357.845037,3.32568,6:00,6.25568,1.30815,5.47808,-55.41566,-11.28678,-0.76839,0.28266,-1.22357,72.87961,-11.534423,-2.772738,0.478116,,,,,,,,,,,,-0.71909,-4.56422,-1.07617,50,6.09134,5.4863,-118.49544,-4.9936,-0.97416,32.57763,-38.35705,TEX_AGG,ARI_SUN,Arlington,D1,SEC,20260301-Arlington-4,1dfc6a30-15ed-11f1-8639-131ccc676290,78.83542,,,9.1767,,,,,,,f5a7e556-a2a9-43cd-af52-c62bb86c0341,2026-03-02,04:06:04.69,2026-03-01T22:06:04.6989824-06:00,2026-03-02T04:06:04.6989824Z,,v3,3032,5035,,"Niclai, Coen",815515,Right,ARI_SUN,ef5bc7f9-1233-41f5-85b6-40531b9136e3,55.01692,-119.8668,16.28882,6.26756,-3.37896,-19.17853,-1.30798,5.52731,-0.48708,,,,,,,,,,,,,,,,,,,,,,,,,,,,,,,,,,,,,,,,,,,,,,,,,,,High,High,High,,,,,,,,,,,,,,,,,,,,,,,,,,,,,,,,,,,,,,,
240,2026-03-01,22:08:40.79,1,1,"Darden, Ethan",703443,Left,TEX_AGG,"McGary, Ky",815498,Right,ARI_SUN,Undefined,7,Top,0,0,0,Sinker,Sinker,FoulBallNotFieldable,Undefined,Undefined,Undefined,0,0,,91.20883,-0.571867,4.01128,2270.533907,116.465858,10:00,5.63186,-3.16533,6.11332,-25.80844,7.72323,-13.2906,2.95109,-0.55796,83.01886,-5.39894,1.622831,0.416772,74.86103,29.197917,149.127693,2882.234335,,,,,47.54237,,,8.06855,4.47209,2.86431,50,5.57439,-8.72256,-132.23595,-2.17965,14.21902,29.4466,-24.293,TEX_AGG,ARI_SUN,Arlington,D1,SEC,20260301-Arlington-4,7afefe00-15ed-11f1-8639-131ccc676290,90.43892,23.86608,,8.18998,,,,0.92956,2.94685,0.54933,f5a7e556-a2a9-43cd-af52-c62bb86c0341,2026-03-02,04:08:40.79,2026-03-01T22:08:40.7915008-06:00,2026-03-02T04:08:40.7915008Z,,v3,3032,5035,,"Harrison, Connor",1000339305,Right,TEX_AGG,8ad970e0-5a6e-42eb-9fb1-338167d96c74,54.38567,-133.20898,14.7233,5.63315,-1.37691,-12.1465,3.1603,-9.19241,7.10951,330.356362,0.92956,-82.26528,4.3746,0.69967,-0.11011,-0.303,0.94932,-1.28042,0.69056,2.94685,53.56151,-27.54985,3.29016,-0.34572,-1.33357,3.73338,-4.96722,2.66824,0.54933,49.18075,-7.46492,0.68577,-0.07597,-0.24716,0.64819,-0.85583,0.45873,,,,,,,,,,,,,,,,,,,,,,,High,High,High,High,Undefined,,,,,,,,,,,,,,,,,,,,,,,,,,,,,,,,,,,,,
241,2026-03-01,22:08:57.27,1,2,"Darden, Ethan",703443,Left,TEX_AGG,"McGary, Ky",815498,Right,ARI_SUN,Undefined,7,Top,0,0,1,Slider,Slider,BallinDirt,Undefined,Undefined,Undefined,0,0,,78.98758,-1.389848,1.814202,2490.845615,292.021098,3:45,5.66912,-3.06336,5.03915,-51.83617,-5.28276,16.74532,0.03741,0.04409,72.83034,-10.681456,4.779304,0.491074,,,,,,,,,,,,-7.8517,-1.85024,2.87601,50,5.49459,-4.30165,-114.54351,-4.64407,-10.34891,22.72055,-34.61277,TEX_AGG,ARI_SUN,Arlington,D1,SEC,20260301-Arlington-4,84e30920-15ed-11f1-8639-131ccc676290,76.75507,,,6.15724,,,,,,,f5a7e556-a2a9-43cd-af52-c62bb86c0341,2026-03-02,04:08:57.27,2026-03-01T22:08:57.2721664-06:00,2026-03-02T04:08:57.2721664Z,,v3,3032,5035,,"Harrison, Connor",1000339305,Right,TEX_AGG,4caab3f5-2841-4280-9bdd-3adcc21d2b20,55.46205,-115.62187,11.36028,5.67602,-3.00128,-17.30639,3.06852,-3.81047,-5.17446,,,,,,,,,,,,,,,,,,,,,,,,,,,,,,,,,,,,,,,,,,,,,,,,,,,High,High,High,,,,,,,,,,,,,,,,,,,,,,,,,,,,,,,,,,,,,,,
242,2026-03-01,22:09:20.34,1,3,"Darden, Ethan",703443,Left,TEX_AGG,"McGary, Ky",815498,Right,ARI_SUN,Undefined,7,Top,0,1,1,Sinker,Sinker,BallCalled,Undefined,Undefined,Undefined,0,0,,91.20284,-1.041567,2.784043,2236.346144,115.083985,9:45,5.60657,-3.14383,5.98356,-25.17667,8.47304,-15.72131,2.54187,-1.87146,83.05018,-5.744669,-0.040972,0.417505,,,,,,,,,,,,8.8154,5.00244,2.93215,50,5.51047,-5.74476,-132.31428,-3.26422,15.5569,29.42603,-23.34607,TEX_AGG,ARI_SUN,Arlington,D1,SEC,20260301-Arlington-4,929644b0-15ed-11f1-8639-131ccc676290,90.28014,,,8.15266,,,,,,,f5a7e556-a2a9-43cd-af52-c62bb86c0341,2026-03-02,04:09:20.34,2026-03-01T22:09:20.3405312-06:00,2026-03-02T04:09:20.3405312Z,,v3,3032,5035,,"Harrison, Connor",1000339305,Right,TEX_AGG,321a89ef-4bb3-4e2a-87b4-3f67950a428c,54.51336,-133.31425,14.71302,5.60791,-2.47087,-11.67303,3.13635,-6.27342,7.77845,,,,,,,,,,,,,,,,,,,,,,,,,,,,,,,,,,,,,,,,,,,,,,,,,,,High,High,High,,,,,,,,,,,,,,,,,,,,,,,,,,,,,,,,,,,,,,,
243,2026-03-01,22:09:34.05,1,4,"Darden, Ethan",703443,Left,TEX_AGG,"McGary, Ky",815498,Right,ARI_SUN,Undefined,7,Top,0,2,1,Cutter,Slider,FoulBallNotFieldable,Undefined,Undefined,Undefined,0,0,,84.94886,-0.060413,2.806549,2493.974138,262.168314,2:45,5.56345,-3.05905,5.47551,-37.56215,2.25996,6.48733,2.37667,0.10986,77.15394,-6.948536,3.960016,0.454186,108.31676,11.812863,-40.120703,3213.650479,80.0993,15.36484,-75.39276,218.11094,217.1422,-47.763924,1.780627,-2.41606,1.50847,2.80778,50,5.53252,-6.30451,-123.096,-1.46489,-3.6602,27.32194,-29.8888,TEX_AGG,ARI_SUN,Arlington,D1,SEC,20260301-Arlington-4,9ac6ac60-15ed-11f1-8639-131ccc676290,82.98904,15.38851,,7.79491,,,,2.95803,2.48998,0.21932,f5a7e556-a2a9-43cd-af52-c62bb86c0341,2026-03-02,04:09:34.05,2026-03-01T22:09:34.0533760-06:00,2026-03-02T04:09:34.0533760Z,LineDrive,v3,3032,5035,,"Harrison, Connor",1000339305,Right,TEX_AGG,d56c35a5-1cb6-43b8-8f7a-ee6646388b5a,55.02281,-124.20584,13.66097,5.56736,-0.25078,-14.9444,3.06085,-6.15583,-1.8301,96.408635,2.958,118.91089,-31.68503,7.93136,-1.14969,-0.4659,0.43838,-0.14925,0.01975,2.48999,32.52112,-22.06232,2.30046,-0.65646,0.38575,-0.20175,0.06133,-0.00781,0.21929,-100.20203,4.09839,1.35709,-0.25223,-0.40826,0.34647,-0.11876,0.01585,,,,,,,,,,,,,,,,,,,,,,,High,High,High,Medium,High,,,,,,,,,,,,,,,,,,,,,,,,,,,,,,,,,,,,,
244,2026-03-01,22:10:02.03,1,5,"Darden, Ethan",703443,Left,TEX_AGG,"McGary, Ky",815498,Right,ARI_SUN,Undefined,7,Top,0,2,2,Slider,Slider,BallCalled,Undefined,Undefined,Undefined,0,0,,79.74766,1.014611,0.456786,2499.373354,289.120299,3:45,5.57199,-3.15606,4.96698,-49.97266,-4.19858,16.45532,2.36615,-1.35329,72.84769,-8.01945,3.363392,0.486946,,,,,,,,,,,,-7.96016,-1.88268,3.09791,50,5.62925,-1.62568,-115.65724,0.19009,-10.69894,23.12645,-34.70446,TEX_AGG,ARI_SUN,Arlington,D1,SEC,20260301-Arlington-4,ab78d010-15ed-11f1-8639-131ccc676290,77.40573,,,6.89997,,,,,,,f5a7e556-a2a9-43cd-af52-c62bb86c0341,2026-03-02,04:10:02.03,2026-03-01T22:10:02.0355584-06:00,2026-03-02T04:10:02.0355584Z,,v3,3032,5035,,"Harrison, Connor",1000339305,Right,TEX_AGG,c41de41d-ddcc-4c8b-962e-f11331d7a421,55.53197,-116.75816,11.56322,5.58088,1.84217,-17.35223,3.16317,-1.11637,-5.34947,,,,,,,,,,,,,,,,,,,,,,,,,,,,,,,,,,,,,,,,,,,,,,,,,,,High,High,High,,,,,,,,,,,,,,,,,,,,,,,,,,,,,,,,,,,,,,,
245,2026-03-01,22:10:18.71,1,6,"Darden, Ethan",703443,Left,TEX_AGG,"McGary, Ky",815498,Right,ARI_SUN,Undefined,7,Top,0,3,2,Fastball,Four-Seam,HitByPitch,Undefined,Undefined,Undefined,0,0,,91.03507,-0.734225,4.849607,2432.7519,146.133663,10:45,5.6567,-2.92413,6.42495,-20.66107,12.3817,-7.64071,3.25761,0.90741,83.55284,-4.635829,3.47246,0.413723,46.46127,5.860968,161.530979,3791.078831,,,,38.06861,38.06861,163.787535,0.588691,5.28142,6.97296,2.58118,50,5.59468,-10.89588,-131.97855,-2.30827,9.36173,26.77738,-19.81393,TEX_AGG,ARI_SUN,Arlington,D1,SEC,20260301-Arlington-4,b55e13b0-15ed-11f1-8639-131ccc676290,91.10548,3.66887,,7.48224,,,,0.88032,3.10603,-0.96779,f5a7e556-a2a9-43cd-af52-c62bb86c0341,2026-03-02,04:10:18.71,2026-03-01T22:10:18.7175424-06:00,2026-03-02T04:10:18.7175424Z,GroundBall,v3,3032,5035,,"Harrison, Connor",1000339305,Right,TEX_AGG,1065edcf-8411-46de-bb34-6ba91a72f222,54.07393,-132.80254,13.38869,5.65633,-1.69855,-9.90696,2.9209,-11.18396,4.68087,337.620823,0.88032,-64.29551,1.02065,0.38574,-0.16361,0.04261,-0.04992,0.09073,-0.05579,3.10603,6.95842,-21.81618,1.97098,-0.39914,0.06973,-0.05293,0.07579,-0.04327,-0.96779,21.47432,-3.41445,0.73647,-0.10427,0.0252,-0.09831,0.16745,-0.09758,,,,,,,,,,,,,,,,,,,,,,,High,High,High,High,High,,,,,,,,,,,,,,,,,,,,,,,,,,,,,,,,,,,,,
246,2026-03-01,22:10:58.03,2,1,"Darden, Ethan",703443,Left,TEX_AGG,"Hairston, Landon",815408,Left,ARI_SUN,Undefined,7,Top,0,0,0,Slider,Slider,BallCalled,Undefined,Undefined,Undefined,0,0,,83.94115,0.415631,2.477292,2427.795363,293.228789,3:45,5.62401,-3.73614,5.35684,-42.01408,-0.9478,5.58055,2.51299,-0.94642,76.02958,-7.263772,3.468211,0.461226,,,,,,,,,,,,-1.99256,-0.15583,3.50929,50,5.63176,-5.50103,-121.58205,-0.65783,-2.93847,27.1277,-32.40386,TEX_AGG,ARI_SUN,Arlington,D1,SEC,20260301-Arlington-4,ccd639a0-15ed-11f1-8639-131ccc676290,81.72224,,,7.91157,,,,,,,f5a7e556-a2a9-43cd-af52-c62bb86c0341,2026-03-02,04:10:58.03,2026-03-01T22:10:58.0387840-06:00,2026-03-02T04:10:58.0387840Z,,v3,3032,5035,,"Harrison, Connor",1000339305,Right,TEX_AGG,0ec0b17f-9a61-453c-adcc-9044cb800914,55.13945,-122.72342,13.56385,5.63075,0.70553,-16.20193,3.73815,-5.3774,-1.46924,,,,,,,,,,,,,,,,,,,,,,,,,,,,,,,,,,,,,,,,,,,,,,,,,,,High,High,High,,,,,,,,,,,,,,,,,,,,,,,,,,,,,,,,,,,,,,,
247,2026-03-01,22:11:17.11,2,2,"Darden, Ethan",703443,Left,TEX_AGG,"Hairston, Landon",815408,Left,ARI_SUN,Undefined,7,Top,0,1,0,Cutter,Slider,StrikeCalled,Undefined,Undefined,Undefined,0,0,,85.16025,0.73409,3.335656,2341.303898,259.32895,2:45,5.61595,-3.78934,5.66831,-37.12222,2.48272,5.59961,3.20807,-0.20911,76.79369,-6.120402,4.333396,0.452946,,,,,,,,,,,,-1.71173,1.49772,3.50395,50,5.65523,-7.42476,-123.24083,0.27656,-2.58714,28.4357,-29.91037,TEX_AGG,ARI_SUN,Arlington,D1,SEC,20260301-Arlington-4,d8383230-15ed-11f1-8639-131ccc676290,83.21624,,,8.36655,,,,,,,f5a7e556-a2a9-43cd-af52-c62bb86c0341,2026-03-02,04:11:17.11,2026-03-01T22:11:17.1118592-06:00,2026-03-02T04:11:17.1118592Z,,v3,3032,5035,,"Harrison, Connor",1000339305,Right,TEX_AGG,e317215d-bce7-4423-bccd-240b46cbc4c4,54.82567,-124.34929,14.21785,5.62173,1.4425,-14.95519,3.79141,-7.32391,-1.29357,,,,,,,,,,,,,,,,,,,,,,,,,,,,,,,,,,,,,,,,,,,,,,,,,,,High,High,High,,,,,,,,,,,,,,,,,,,,,,,,,,,,,,,,,,,,,,,
248,2026-03-01,22:11:38.38,2,3,"Darden, Ethan",703443,Left,TEX_AGG,"Hairston, Landon",815408,Left,ARI_SUN,Undefined,7,Top,0,1,1,Cutter,Slider,InPlay,Undefined,FlyBall,Out,1,0,,86.43222,0.08564,3.266501,2442.708959,226.613438,1:30,5.58916,-3.27043,5.63543,-31.45269,7.21008,6.09067,3.04814,0.2879,77.56661,-5.759073,4.35104,0.447526,80.98463,33.313473,21.511101,3803.670575,101.78372,63.03135,41.71387,284.76829,281.12518,24.327219,4.71077,-1.9637,4.03559,2.98845,50,5.5767,-7.3971,-125.05098,-0.89079,-3.03877,30.56489,-25.92913,TEX_AGG,ARI_SUN,Arlington,D1,SEC,20260301-Arlington-4,e4e4ac20-15ed-11f1-8639-131ccc676290,84.2241,73.96442,,8.86561,,,,1.90667,3.1373,-0.24936,f5a7e556-a2a9-43cd-af52-c62bb86c0341,2026-03-02,04:11:38.38,2026-03-01T22:11:38.3895552-06:00,2026-03-02T04:11:38.3895552Z,FlyBall,v3,3032,5035,,"Harrison, Connor",1000339305,Right,TEX_AGG,d3ffb001-c1d9-4473-acce-e29589288847,54.8597,-126.2332,15.28244,5.59176,0.11212,-12.96456,3.27229,-7.27957,-1.51938,189.214785,1.90782,92.32117,-17.97417,4.10257,-0.76672,0.13844,-0.0254,0.00341,-0.0002,3.1379,65.21735,-16.18536,0.4394,0.24532,-0.17887,0.0542,-0.00773,0.00042,-0.24913,36.39213,-5.06805,1.0489,-0.18292,0.03315,-0.00686,0.00102,-6E-05,,,,,,,,,,,,,,,,,,,,,,,High,High,High,High,High,,,,,,,,,,,,,,,,,,,,,,,,,,,,,,,,,,,,,
249,2026-03-01,22:12:16.99,3,1,"Darden, Ethan",703443,Left,TEX_AGG,"Moutzouridis, P.J.",814349,Right,ARI_SUN,Undefined,7,Top,1,0,0,Sinker,Sinker,BallCalled,Undefined,Undefined,Undefined,0,0,,91.43058,0.514294,3.478357,2280.493012,124.794991,10:15,5.52207,-3.69619,6.13808,-23.97702,9.67997,-12.18371,4.00017,-1.49294,82.23029,-4.015964,1.286948,0.417551,,,,,,,,,,,,7.31752,5.19418,3.43634,50,5.54918,-7.51157,-132.43856,0.41511,12.80663,32.14432,-23.08354,TEX_AGG,ARI_SUN,Arlington,D1,SEC,20260301-Arlington-4,fbe446b0-15ed-11f1-8639-131ccc676290,90.27037,,,9.20029,,,,,,,f5a7e556-a2a9-43cd-af52-c62bb86c0341,2026-03-02,04:12:16.99,2026-03-01T22:12:16.9957376-06:00,2026-03-02T04:12:16.9957376Z,,v3,3032,5035,,"Harrison, Connor",1000339305,Right,TEX_AGG,2678069a-fc5e-4c89-aefa-cd0196e41535,54.35595,-133.49161,16.07216,5.52319,1.17133,-11.54177,3.68929,-7.93111,6.40332,,,,,,,,,,,,,,,,,,,,,,,,,,,,,,,,,,,,,,,,,,,,,,,,,,,High,High,High,,,,,,,,,,,,,,,,,,,,,,,,,,,,,,,,,,,,,,,
250,2026-03-01,22:12:36.38,3,2,"Darden, Ethan",703443,Left,TEX_AGG,"Moutzouridis, P.J.",814349,Right,ARI_SUN,Undefined,7,Top,1,1,0,Fastball,Four-Seam,BallCalled,Undefined,Undefined,Undefined,0,0,,91.4413,-0.573972,3.615799,2487.409871,155.334635,11:15,5.64367,-3.44874,6.19608,-19.1756,14.21954,-6.00394,3.51476,-0.60666,82.79202,-4.225554,2.535462,0.415923,,,,,,,,,,,,4.18197,7.86119,3.17918,50,5.59068,-8.11708,-132.5215,-1.89719,7.37111,30.66069,-18.31804,TEX_AGG,ARI_SUN,Arlington,D1,SEC,20260301-Arlington-4,07753e80-15ee-11f1-8639-131ccc676290,90.62363,,,8.64929,,,,,,,f5a7e556-a2a9-43cd-af52-c62bb86c0341,2026-03-02,04:12:36.38,2026-03-01T22:12:36.3827200-06:00,2026-03-02T04:12:36.3827200Z,,v3,3032,5035,,"Harrison, Connor",1000339305,Right,TEX_AGG,ad1bbef6-5854-4c4a-9acc-2112cf75e624,54.29912,-133.51246,15.33034,5.64243,-1.30515,-9.15902,3.44537,-8.35532,3.68556,,,,,,,,,,,,,,,,,,,,,,,,,,,,,,,,,,,,,,,,,,,,,,,,,,,High,High,High,,,,,,,,,,,,,,,,,,,,,,,,,,,,,,,,,,,,,,,
251,2026-03-01,22:13:00.12,3,3,"Darden, Ethan",703443,Left,TEX_AGG,"Moutzouridis, P.J.",814349,Right,ARI_SUN,Undefined,7,Top,1,2,0,Fastball,Four-Seam,FoulBallNotFieldable,Undefined,Undefined,Undefined,0,0,,91.75036,-1.271546,4.685433,2429.329586,153.3744,11:00,5.68285,-3.62863,6.19035,-17.43517,15.83619,-7.36193,3.05182,0.09343,83.06912,-4.604138,3.363962,0.415152,80.12773,62.374513,34.926484,,63.25784,119.33411,89.99127,170.71793,170.71793,57.421126,5.401943,5.22847,8.91623,3.27849,50,5.57788,-10.57171,-132.78455,-3.45587,9.25073,30.82544,-16.39853,TEX_AGG,ARI_SUN,Arlington,D1,SEC,20260301-Arlington-4,159c4a80-15ee-11f1-8639-131ccc676290,90.79198,123.03768,,8.68124,,,,0.64426,2.89519,-0.16302,f5a7e556-a2a9-43cd-af52-c62bb86c0341,2026-03-02,04:13:00.12,2026-03-01T22:13:00.1201664-06:00,2026-03-02T04:13:00.1201664Z,Popup,v3,3032,5035,,"Harrison, Connor",1000339305,Right,TEX_AGG,d3791e62-6679-49ca-a7f0-3e76dd8517a5,54.30598,-133.78043,15.41272,5.68097,-2.92608,-8.19926,3.62486,-10.87057,4.62537,205.850158,0.64398,44.55767,-15.87945,3.22249,0.83992,-0.83269,0.24741,-0.03319,0.00169,2.91348,103.76166,-26.53537,0.79573,1.39062,-0.74245,0.17993,-0.02164,0.00103,-0.15088,31.02368,1.94315,-1.90054,0.54238,-0.00795,-0.03364,0.00717,-0.00046,,,,,,,,,,,,,,,,,,,,,,,High,High,High,High,Low,,,,,,,,,,,,,,,,,,,,,,,,,,,,,,,,,,,,,
252,2026-03-01,22:13:41.55,3,4,"Darden, Ethan",703443,Left,TEX_AGG,"Moutzouridis, P.J.",814349,Right,ARI_SUN,Undefined,7,Top,1,2,1,Slider,Slider,BallCalled,Undefined,Undefined,Undefined,0,0,,84.95036,-1.644704,3.564199,2399.537951,249.701802,2:15,5.64214,-3.68787,5.59093,-36.25931,3.10898,5.04945,1.08144,0.06519,78.0765,-8.260716,4.463498,0.45159,,,,,,,,,,,,-1.54992,2.40941,3.37834,50,5.47713,-7.8745,-123.08924,-4.81272,-2.37193,25.00054,-28.48677,TEX_AGG,ARI_SUN,Arlington,D1,SEC,20260301-Arlington-4,2e4e5000-15ee-11f1-8639-131ccc676290,83.46602,,,6.87386,,,,,,,f5a7e556-a2a9-43cd-af52-c62bb86c0341,2026-03-02,04:13:41.55,2026-03-01T22:13:41.5571968-06:00,2026-03-02T04:13:41.5571968Z,,v3,3032,5035,,"Harrison, Connor",1000339305,Right,TEX_AGG,19cfaaa3-86d0-4ffe-a558-439ec5abf300,54.90757,-124.08201,12.50027,5.64578,-3.68151,-14.24338,3.68917,-7.78031,-1.18596,,,,,,,,,,,,,,,,,,,,,,,,,,,,,,,,,,,,,,,,,,,,,,,,,,,High,High,High,,,,,,,,,,,,,,,,,,,,,,,,,,,,,,,,,,,,,,,
253,2026-03-01,22:14:01.35,3,5,"Darden, Ethan",703443,Left,TEX_AGG,"Moutzouridis, P.J.",814349,Right,ARI_SUN,Undefined,7,Top,1,3,1,Fastball,Four-Seam,InPlay,Undefined,GroundBall,Out,1,0,,91.74001,-1.588475,4.16637,2383.191792,148.045434,11:00,5.67715,-3.52619,6.23491,-21.73237,11.1319,-6.30036,2.39652,-0.20102,84.01302,-5.669592,3.032632,0.412604,85.48314,7.199487,12.528729,2040.821424,,,,122.12254,118.51516,16.691062,1.103813,4.42382,6.52886,3.2181,50,5.54756,-9.4297,-132.9969,-4.38205,7.93078,28.27929,-20.46945,TEX_AGG,ARI_SUN,Arlington,D1,SEC,20260301-Arlington-4,3a1747c0-15ee-11f1-8639-131ccc676290,91.35255,5.94495,,7.72698,,,,0.29694,2.27737,0.12949,f5a7e556-a2a9-43cd-af52-c62bb86c0341,2026-03-02,04:14:01.35,2026-03-01T22:14:01.3504512-06:00,2026-03-02T04:14:01.3504512Z,GroundBall,v3,3032,5035,,"Harrison, Connor",1000339305,Right,TEX_AGG,03e623ce-4274-4837-a045-517244767848,54.26345,-133.90038,14.13965,5.67711,-3.72809,-10.23473,3.52341,-9.68307,3.96539,265.14549,0.29694,121.42462,-16.61363,2.60329,-0.46617,0.05688,-0.00614,0.00056,-2E-05,2.27737,15.71255,-17.40524,1.36876,-0.2128,0.04272,-0.00617,0.00101,-0.00013,0.12949,26.98308,6.09627,-2.24823,0.64525,-0.15207,0.03244,-0.00581,0.0006,,,,,,,,,,,,,,,,,,,,,,,High,High,High,High,High,,,,,,,,,,,,,,,,,,,,,,,,,,,,,,,,,,,,,
254,2026-03-01,22:14:48.06,4,1,"Darden, Ethan",703443,Left,TEX_AGG,"Toigo, Dean",831025,Left,ARI_SUN,Undefined,7,Top,2,0,0,Cutter,Cutter,StrikeCalled,Undefined,Undefined,Undefined,0,0,,86.77319,-0.19898,3.014658,2465.654918,183.583245,12:00,5.65192,-3.365,5.70285,-27.49915,10.71465,0.58055,3.17467,-0.50505,77.80659,-5.349661,3.118252,0.444919,,,,,,,,,,,,0.73067,5.93658,3.11169,50,5.61858,-6.63745,-125.54756,-1.34781,1.14203,30.33017,-22.89516,TEX_AGG,ARI_SUN,Arlington,D1,SEC,20260301-Arlington-4,55f5fc20-15ee-11f1-8639-131ccc676290,84.71745,,,8.9666,,,,,,,f5a7e556-a2a9-43cd-af52-c62bb86c0341,2026-03-02,04:14:48.06,2026-03-01T22:14:48.0621056-06:00,2026-03-02T04:14:48.0621056Z,,v3,3032,5035,,"Harrison, Connor",1000339305,Right,TEX_AGG,5c255cac-d118-4020-88ca-49abf5a3f61f,54.78927,-126.69929,15.16509,5.65325,-0.47841,-11.44758,3.36456,-6.68082,0.57101,,,,,,,,,,,,,,,,,,,,,,,,,,,,,,,,,,,,,,,,,,,,,,,,,,,High,High,High,,,,,,,,,,,,,,,,,,,,,,,,,,,,,,,,,,,,,,,
255,2026-03-01,22:15:10.79,4,2,"Darden, Ethan",703443,Left,TEX_AGG,"Toigo, Dean",831025,Left,ARI_SUN,Undefined,7,Top,2,0,1,Slider,Slider,FoulBallNotFieldable,Undefined,Undefined,Undefined,0,0,,80.26403,0.963048,2.814353,2480.934599,266.451859,3:00,5.73358,-3.46136,5.32536,-42.59439,2.08193,9.97249,3.08891,0.01268,73.22992,-6.815794,4.581258,0.481072,,,,,,,,,,,,-4.17303,1.16681,3.19915,50,5.79009,-6.12095,-116.312,0.48547,-5.67337,23.35851,-30.58774,TEX_AGG,ARI_SUN,Arlington,D1,SEC,20260301-Arlington-4,638498b0-15ee-11f1-8639-131ccc676290,78.35092,,,7.03411,,,,,,,f5a7e556-a2a9-43cd-af52-c62bb86c0341,2026-03-02,04:15:10.79,2026-03-01T22:15:10.7909120-06:00,2026-03-02T04:15:10.7909120Z,,v3,3032,5035,,"Harrison, Connor",1000339305,Right,TEX_AGG,2a15e30b-1bf0-4c81-9c02-8d8058fddf5f,55.17289,-117.34625,11.67926,5.73861,1.83981,-15.29387,3.46461,-5.86974,-2.83669,,,,,,,,,,,,,,,,,,,,,,,,,,,,,,,,,,,,,,,,,,,,,,,,,,,High,High,High,,,,,,,,,,,,,,,,,,,,,,,,,,,,,,,,,,,,,,,
256,2026-03-01,22:15:42.80,4,3,"Darden, Ethan",703443,Left,TEX_AGG,"Toigo, Dean",831025,Left,ARI_SUN,Undefined,7,Top,2,0,2,Slider,Slider,FoulBallNotFieldable,Undefined,Undefined,Undefined,0,0,,84.05101,1.247993,3.030865,2381.923643,317.252393,4:30,5.55517,-3.10249,5.35716,-43.77487,-2.93217,3.99217,3.07947,0.0752,76.32073,-6.739215,3.738765,0.459969,84.25595,15.49183,-53.161714,3703.984997,60.37182,23.66603,-91.95207,242.02102,174.45398,-61.552064,2.813071,-1.0665,-1.46677,2.8269,50,5.63626,-6.61553,-121.73651,1.04634,-1.58291,26.3477,-34.35103,TEX_AGG,ARI_SUN,Arlington,D1,SEC,20260301-Arlington-4,7695e210-15ee-11f1-8639-131ccc676290,81.94558,24.47079,,7.73027,,,,0.5502,2.97213,-0.0305,f5a7e556-a2a9-43cd-af52-c62bb86c0341,2026-03-02,04:15:42.80,2026-03-01T22:15:42.8018176-06:00,2026-03-02T04:15:42.8018176Z,LineDrive,v3,3032,5035,,"Harrison, Connor",1000339305,Right,TEX_AGG,c4905a8d-dce2-44ff-92a4-f4a09d6d38a0,55.14095,-122.84414,13.17385,5.56192,2.49041,-17.17552,3.10361,-6.54898,-0.79145,128.671781,0.55032,71.39074,-17.57082,3.64462,-0.47696,-0.06878,0.05225,-0.01132,0.00094,2.97204,33.01317,-13.07967,0.40357,-0.20284,0.15903,-0.05878,0.0117,-0.00097,-0.03047,-95.31014,9.55001,-1.27117,0.23454,-0.07724,0.02373,-0.00432,0.00032,,,,,,,,,,,,,,,,,,,,,,,High,High,High,High,Medium,,,,,,,,,,,,,,,,,,,,,,,,,,,,,,,,,,,,,
257,2026-03-01,22:16:07.36,4,4,"Darden, Ethan",703443,Left,TEX_AGG,"Toigo, Dean",831025,Left,ARI_SUN,Undefined,7,Top,2,0,2,Fastball,Four-Seam,InPlay,Undefined,FlyBall,Out,1,0,,89.34777,-0.024888,3.21971,2379.959632,150.87639,11:00,5.7243,-2.90544,6.43288,-23.13312,11.30796,-5.6789,3.77363,-0.41656,81.37665,-4.404541,2.192472,0.422386,94.50767,48.764323,21.487664,4437.799179,98.50792,121.21455,48.9505,280.87935,278.80755,29.914844,6.337936,3.91504,6.2504,2.67878,50,5.71201,-7.07556,-129.70285,-0.7374,6.64059,28.21631,-21.57229,TEX_AGG,ARI_SUN,Arlington,D1,SEC,20260301-Arlington-4,85326c30-15ee-11f1-8639-131ccc676290,89.23692,146.74388,,7.97112,,,,2.06519,3.85748,0.42634,f5a7e556-a2a9-43cd-af52-c62bb86c0341,2026-03-02,04:16:07.36,2026-03-01T22:16:07.3658368-06:00,2026-03-02T04:16:07.3658368Z,FlyBall,v3,3032,5035,,"Harrison, Connor",1000339305,Right,TEX_AGG,ec34c5ef-f825-412a-b91d-b7d2c9aea73e,54.06524,-130.58424,14.10816,5.72452,-0.06356,-10.78615,2.90303,-7.283,3.3203,196.103869,2.05842,85.09007,-24.91581,7.19168,-1.52043,0.20552,-0.01238,-0.00018,4E-05,3.84745,104.4056,-22.97644,2.12118,-0.47589,0.10917,-0.01416,0.00071,-0,0.42674,33.46471,-2.8018,0.02581,0.08263,-0.01228,-0.00124,0.00044,-3E-05,,,,,,,,,,,,,,,,,,,,,,,High,High,High,High,Medium,,,,,,,,,,,,,,,,,,,,,,,,,,,,,,,,,,,,,
258,2026-03-01,22:18:47.94,1,1,"Butler, Josh",814169,Right,ARI_SUN,"Harrison, Connor",1000339305,Right,TEX_AGG,Undefined,7,Bottom,0,0,0,Slider,Slider,StrikeCalled,Undefined,Undefined,Undefined,0,0,,80.51391,0.363878,-2.059374,2340.002318,61.024024,8:00,6.35746,1.35141,5.70523,-45.11573,-1.16331,-4.85607,2.93708,-0.97286,73.15064,-7.926342,-2.928068,0.477159,,,,,,,,,,,,1.79831,-0.19913,-1.17581,50,6.36043,4.39216,-116.74098,-0.77462,2.44844,24.7281,-32.44517,TEX_AGG,ARI_SUN,Arlington,D1,SEC,20260301-Arlington-4,e4f112c0-15ee-11f1-8639-131ccc676290,78.99353,,,7.36327,,,,,,,f5a7e556-a2a9-43cd-af52-c62bb86c0341,2026-03-02,04:18:47.94,2026-03-01T22:18:47.9401472-06:00,2026-03-02T04:18:47.9401472Z,,v3,3032,5035,,"McGary, Ky",815498,Right,ARI_SUN,4ff18cc8-3966-4938-886f-9400779f579e,54.79111,-117.75147,12.36405,6.36499,0.55121,-16.22259,-1.35324,4.2921,1.22422,,,,,,,,,,,,,,,,,,,,,,,,,,,,,,,,,,,,,,,,,,,,,,,,,,,High,High,High,,,,,,,,,,,,,,,,,,,,,,,,,,,,,,,,,,,,,,,
259,2026-03-01,22:19:02.59,1,2,"Butler, Josh",814169,Right,ARI_SUN,"Harrison, Connor",1000339305,Right,TEX_AGG,Undefined,7,Bottom,0,0,1,Sinker,Sinker,BallCalled,Undefined,Undefined,Undefined,0,0,,90.35605,-0.077038,-1.716296,2064.681546,233.012189,1:45,6.33092,1.2889,6.21619,-20.45655,14.13343,16.98269,4.55508,1.11983,80.61238,-4.005088,1.349825,0.423298,,,,,,,,,,,,-9.2254,7.69977,-1.16755,50,6.31498,3.17336,-130.95298,-0.76531,-15.62835,33.95036,-19.13021,TEX_AGG,ARI_SUN,Arlington,D1,SEC,20260301-Arlington-4,edac5550-15ee-11f1-8639-131ccc676290,89.04466,,,9.74367,,,,,,,f5a7e556-a2a9-43cd-af52-c62bb86c0341,2026-03-02,04:19:02.59,2026-03-01T22:19:02.5923072-06:00,2026-03-02T04:19:02.5923072Z,,v3,3032,5035,,"McGary, Ky",815498,Right,ARI_SUN,f87e6602-d6ac-4f36-a909-8820ae884e7d,54.27576,-132.05684,16.97518,6.32975,-0.1433,-9.56511,-1.27899,3.6815,-7.81418,,,,,,,,,,,,,,,,,,,,,,,,,,,,,,,,,,,,,,,,,,,,,,,,,,,High,High,High,,,,,,,,,,,,,,,,,,,,,,,,,,,,,,,,,,,,,,,
260,2026-03-01,22:19:22.54,1,3,"Butler, Josh",814169,Right,ARI_SUN,"Harrison, Connor",1000339305,Right,TEX_AGG,Undefined,7,Bottom,0,1,1,Curveball,Curveball,BallCalled,Undefined,Undefined,Undefined,0,0,,80.94646,0.029241,-1.889141,2323.783719,45.542779,7:30,6.34059,1.30358,5.47593,-53.01645,-8.82544,-10.63623,1.94993,-1.35114,73.31874,-9.619686,-3.786471,0.478452,,,,,,,,,,,,4.65705,-3.85626,-1.13053,50,6.30792,4.31357,-117.28144,-1.84829,6.34492,26.69373,-37.42794,TEX_AGG,ARI_SUN,Arlington,D1,SEC,20260301-Arlington-4,f99690b0-15ee-11f1-8639-131ccc676290,78.77999,,,7.62772,,,,,,,f5a7e556-a2a9-43cd-af52-c62bb86c0341,2026-03-02,04:19:22.54,2026-03-01T22:19:22.5457152-06:00,2026-03-02T04:19:22.5457152Z,,v3,3032,5035,,"McGary, Ky",815498,Right,ARI_SUN,1e64f5b2-546a-4dfe-a106-a72e5d77c753,55.02094,-118.41871,13.34687,6.3527,-0.25369,-18.71397,-1.30855,4.04325,3.17246,,,,,,,,,,,,,,,,,,,,,,,,,,,,,,,,,,,,,,,,,,,,,,,,,,,High,High,High,,,,,,,,,,,,,,,,,,,,,,,,,,,,,,,,,,,,,,,
261,2026-03-01,22:19:37.42,1,4,"Butler, Josh",814169,Right,ARI_SUN,"Harrison, Connor",1000339305,Right,TEX_AGG,Undefined,7,Bottom,0,2,1,Sinker,Sinker,BallCalled,Undefined,Undefined,Undefined,0,0,,90.14094,-2.161366,-4.498521,2034.585772,255.023032,2:30,6.37892,1.22783,6.28134,-28.91679,5.54122,16.12198,1.97001,-1.58338,81.66846,-7.563406,-1.591105,0.42249,,,,,,,,,,,,-9.69875,3.9528,-0.90242,50,6.20537,9.58438,-130.43395,-5.88752,-16.50498,30.5536,-25.44734,TEX_AGG,ARI_SUN,Arlington,D1,SEC,20260301-Arlington-4,026dbfb0-15ef-11f1-8639-131ccc676290,89.215,,,8.47248,,,,,,,f5a7e556-a2a9-43cd-af52-c62bb86c0341,2026-03-02,04:19:37.42,2026-03-01T22:19:37.4294016-06:00,2026-03-02T04:19:37.4294016Z,,v3,3032,5035,,"McGary, Ky",815498,Right,ARI_SUN,36a44abb-290a-46a7-9b1f-3c13e02d996e,54.21494,-131.41757,15.2768,6.38173,-5.06829,-12.72367,-1.21952,10.11574,-8.25249,,,,,,,,,,,,,,,,,,,,,,,,,,,,,,,,,,,,,,,,,,,,,,,,,,,High,High,High,,,,,,,,,,,,,,,,,,,,,,,,,,,,,,,,,,,,,,,
262,2026-03-01,22:19:53.12,1,5,"Butler, Josh",814169,Right,ARI_SUN,"Harrison, Connor",1000339305,Right,TEX_AGG,Undefined,7,Bottom,0,3,1,Sinker,Sinker,BallCalled,Walk,Undefined,Undefined,0,0,,90.16706,-3.016627,-4.329216,2108.773773,256.469583,2:30,6.33597,1.24247,6.08668,-29.22135,5.74418,18.36186,1.09969,-1.23985,81.24829,-8.458629,-1.026663,0.42559,,,,,,,,,,,,-10.79205,4.39536,-0.91677,50,6.08745,9.06228,-130.2796,-7.87677,-18.19492,32.2286,-24.76366,TEX_AGG,ARI_SUN,Arlington,D1,SEC,20260301-Arlington-4,0bc62ca0-15ef-11f1-8639-131ccc676290,88.56515,,,8.91876,,,,,,,f5a7e556-a2a9-43cd-af52-c62bb86c0341,2026-03-02,04:19:53.12,2026-03-01T22:19:53.1267584-06:00,2026-03-02T04:19:53.1267584Z,,v3,3032,5035,,"McGary, Ky",815498,Right,ARI_SUN,2200bad3-9e80-4b48-b1c0-0848ec0d8d26,54.40843,-131.36563,16.1143,6.33882,-7.04229,-12.38183,-1.23248,9.6754,-9.09746,,,,,,,,,,,,,,,,,,,,,,,,,,,,,,,,,,,,,,,,,,,,,,,,,,,High,High,High,,,,,,,,,,,,,,,,,,,,,,,,,,,,,,,,,,,,,,,
263,2026-03-01,22:20:26.60,2,1,"Butler, Josh",814169,Right,ARI_SUN,"Farr, Sawyer",820828,Left,TEX_AGG,Undefined,7,Bottom,0,0,0,Curveball,Curveball,BallinDirt,Undefined,Undefined,Undefined,0,0,,78.22677,-1.38799,-1.021607,2140.332442,39.532097,7:15,6.25521,1.5442,5.60317,-53.11715,-6.02989,-6.40461,0.53262,0.0567,71.09854,-11.059653,-2.169671,0.493882,,,,,,,,,,,,2.90902,-2.12386,-1.45249,50,6.10207,2.26678,-113.38876,-4.51021,3.70119,25.12453,-34.87631,TEX_AGG,ARI_SUN,Arlington,D1,SEC,20260301-Arlington-4,1fbdde60-15ef-11f1-8639-131ccc676290,76.31873,,,7.12823,,,,,,,f5a7e556-a2a9-43cd-af52-c62bb86c0341,2026-03-02,04:20:26.60,2026-03-01T22:20:26.6014720-06:00,2026-03-02T04:20:26.6014720Z,,v3,3032,5035,,"McGary, Ky",815498,Right,ARI_SUN,a8261810-00f1-44e1-acf5-5c22ab06751f,54.89517,-114.46829,12.56227,6.26366,-3.01168,-17.43815,-1.54647,2.10775,1.85059,,,,,,,,,,,,,,,,,,,,,,,,,,,,,,,,,,,,,,,,,,,,,,,,,,,High,High,High,,,,,,,,,,,,,,,,,,,,,,,,,,,,,,,,,,,,,,,
264,2026-03-01,22:20:47.70,2,2,"Butler, Josh",814169,Right,ARI_SUN,"Farr, Sawyer",820828,Left,TEX_AGG,Undefined,7,Bottom,0,1,0,ChangeUp,Changeup,BallCalled,Undefined,Undefined,Undefined,0,0,,83.77398,-1.107557,-5.384191,1832.243701,243.99806,2:15,6.36508,1.42598,6.08835,-29.90738,10.05331,17.83737,2.8436,-2.08289,76.27735,-6.692771,-2.188259,0.454975,,,,,,,,,,,,-10.92638,5.87902,-1.01955,50,6.26337,10.76151,-121.21946,-3.25894,-16.166,24.94473,-23.4758,TEX_AGG,ARI_SUN,Arlington,D1,SEC,20260301-Arlington-4,2c4c21f0-15ef-11f1-8639-131ccc676290,82.84499,,,7.49663,,,,,,,f5a7e556-a2a9-43cd-af52-c62bb86c0341,2026-03-02,04:20:47.70,2026-03-01T22:20:47.7065216-06:00,2026-03-02T04:20:47.7065216Z,,v3,3032,5035,,"McGary, Ky",815498,Right,ARI_SUN,51188165-0007-4732-9530-b2ebcb0cdc48,54.41209,-122.12402,12.47237,6.36612,-2.40766,-11.7379,-1.42041,11.34772,-8.083,,,,,,,,,,,,,,,,,,,,,,,,,,,,,,,,,,,,,,,,,,,,,,,,,,,High,High,High,,,,,,,,,,,,,,,,,,,,,,,,,,,,,,,,,,,,,,,
265,2026-03-01,22:21:06.62,2,3,"Butler, Josh",814169,Right,ARI_SUN,"Farr, Sawyer",820828,Left,TEX_AGG,Undefined,7,Bottom,0,2,0,Sinker,Sinker,StrikeCalled,Undefined,Undefined,Undefined,0,0,,91.14837,-1.574235,-3.54711,2091.534591,252.814763,2:30,6.26843,1.39834,5.92669,-26.59505,7.83619,20.99966,2.58833,-0.14713,81.58718,-6.560891,0.220791,0.422326,,,,,,,,,,,,-11.87603,4.95859,-1.12585,50,6.12765,7.23106,-131.87071,-4.54264,-20.4267,34.11576,-23.64529,TEX_AGG,ARI_SUN,Arlington,D1,SEC,20260301-Arlington-4,3796c1f0-15ef-11f1-8639-131ccc676290,89.24967,,,9.56119,,,,,,,f5a7e556-a2a9-43cd-af52-c62bb86c0341,2026-03-02,04:21:06.62,2026-03-01T22:21:06.6296832-06:00,2026-03-02T04:21:06.6296832Z,,v3,3032,5035,,"McGary, Ky",815498,Right,ARI_SUN,8a6d5626-dea5-4f22-a4b8-2be77eaac83d,54.56838,-133.04732,17.05788,6.27026,-3.72714,-11.82265,-1.38739,7.93556,-10.21335,,,,,,,,,,,,,,,,,,,,,,,,,,,,,,,,,,,,,,,,,,,,,,,,,,,High,High,High,,,,,,,,,,,,,,,,,,,,,,,,,,,,,,,,,,,,,,,
266,2026-03-01,22:21:25.47,2,4,"Butler, Josh",814169,Right,ARI_SUN,"Farr, Sawyer",820828,Left,TEX_AGG,Undefined,7,Bottom,0,2,1,Sinker,Sinker,StrikeCalled,Undefined,Undefined,Undefined,0,0,,90.09845,-1.00066,-2.765765,2063.879639,250.259223,2:15,6.29607,1.4394,6.02962,-25.78096,9.0928,21.7182,3.21981,0.68597,80.99544,-5.850203,1.141337,0.425031,,,,,,,,,,,,-11.96296,5.39737,-1.23412,50,6.20412,5.35463,-130.56389,-3.13204,-20.26508,32.27095,-23.03096,TEX_AGG,ARI_SUN,Arlington,D1,SEC,20260301-Arlington-4,42d09910-15ef-11f1-8639-131ccc676290,88.68154,,,9.10301,,,,,,,f5a7e556-a2a9-43cd-af52-c62bb86c0341,2026-03-02,04:21:25.47,2026-03-01T22:21:25.4789120-06:00,2026-03-02T04:21:25.4789120Z,,v3,3032,5035,,"McGary, Ky",815498,Right,ARI_SUN,25497bd5-00fd-4ab1-8100-d828277e2a8f,54.466,-131.66311,16.13547,6.29744,-2.34756,-11.51548,-1.42827,6.0449,-10.13254,,,,,,,,,,,,,,,,,,,,,,,,,,,,,,,,,,,,,,,,,,,,,,,,,,,High,High,High,,,,,,,,,,,,,,,,,,,,,,,,,,,,,,,,,,,,,,,
267,2026-03-01,22:21:45.56,2,5,"Butler, Josh",814169,Right,ARI_SUN,"Farr, Sawyer",820828,Left,TEX_AGG,Undefined,7,Bottom,0,2,2,Sinker,Sinker,StrikeSwinging,Strikeout,Undefined,Undefined,0,0,,90.15283,-2.501661,-1.642736,2115.521237,231.290742,1:45,6.33061,1.46717,6.04313,-19.66442,15.28733,17.39119,2.37337,1.39512,80.83676,-6.251645,1.488748,0.425506,,,,,,,,,,,,-9.4115,9.09134,-1.34789,50,6.12507,2.98132,-130.55791,-6.28471,-15.88445,33.16555,-16.82992,TEX_AGG,ARI_SUN,Arlington,D1,SEC,20260301-Arlington-4,4eccfce0-15ef-11f1-8639-131ccc676290,88.58257,,,9.31607,,,,,,,f5a7e556-a2a9-43cd-af52-c62bb86c0341,2026-03-02,04:21:45.56,2026-03-01T22:21:45.5662080-06:00,2026-03-02T04:21:45.5662080Z,,v3,3032,5035,,"McGary, Ky",815498,Right,ARI_SUN,92235ad0-9ba2-43a1-97b1-35f696a81698,54.45074,-131.68367,16.58278,6.3287,-5.71344,-8.41496,-1.45823,3.5205,-7.94222,,,,,,,,,,,,,,,,,,,,,,,,,,,,,,,,,,,,,,,,,,,,,,,,,,,High,High,High,,,,,,,,,,,,,,,,,,,,,,,,,,,,,,,,,,,,,,,
268,2026-03-01,22:22:19.43,3,1,"Butler, Josh",814169,Right,ARI_SUN,"Kiel II, Terrence",10069127,Right,TEX_AGG,Undefined,7,Bottom,1,0,0,Curveball,Curveball,BallCalled,Undefined,Undefined,Undefined,0,0,,79.46547,0.458338,-1.608073,2270.834584,48.738076,7:30,6.30319,1.44687,5.53468,-55.06779,-8.94894,-12.25099,2.1428,-1.07751,71.39621,-9.603934,-3.796079,0.488777,,,,,,,,,,,,5.53284,-4.05028,-1.29924,50,6.30727,3.73231,-115.06253,-1.00447,7.19146,27.40707,-37.43855,TEX_AGG,ARI_SUN,Arlington,D1,SEC,20260301-Arlington-4,6305d650-15ef-11f1-8639-131ccc676290,77.11583,,,8.06926,,,,,,,f5a7e556-a2a9-43cd-af52-c62bb86c0341,2026-03-02,04:22:19.43,2026-03-01T22:22:19.4350080-06:00,2026-03-02T04:22:19.4350080Z,,v3,3032,5035,,"McGary, Ky",815498,Right,ARI_SUN,d9e5e4d4-6893-44f9-8fb5-94b672f70d5d,54.96131,-116.23827,13.70353,6.31591,0.60161,-18.71928,-1.45274,3.4238,3.59573,,,,,,,,,,,,,,,,,,,,,,,,,,,,,,,,,,,,,,,,,,,,,,,,,,,High,High,High,,,,,,,,,,,,,,,,,,,,,,,,,,,,,,,,,,,,,,,
269,2026-03-01,22:22:35.48,3,2,"Butler, Josh",814169,Right,ARI_SUN,"Kiel II, Terrence",10069127,Right,TEX_AGG,Undefined,7,Bottom,1,1,0,Sinker,Sinker,InPlay,Undefined,GroundBall,Out,1,0,,90.84144,-1.552466,-2.911962,2042.800871,250.73786,2:15,6.29252,1.43389,6.10275,-26.11049,8.34878,20.00863,2.67873,0.406,81.20318,-6.472163,0.692948,0.422498,75.44007,-76.256451,-60.308762,,,,,1.20781,1.20781,-52.916654,0.023783,-11.3002,5.24642,-1.21997,50,6.15963,5.82555,-131.53441,-4.42625,-19.28403,34.63937,-23.22094,TEX_AGG,ARI_SUN,Arlington,D1,SEC,20260301-Arlington-4,6c8e2ce0-15ef-11f1-8639-131ccc676290,89.2133,2.56445,,9.63826,,,,0.41761,2.56445,-0.41868,f5a7e556-a2a9-43cd-af52-c62bb86c0341,2026-03-02,04:22:35.48,2026-03-01T22:22:35.4862080-06:00,2026-03-02T04:22:35.4862080Z,GroundBall,v3,3032,5035,,"McGary, Ky",815498,Right,ARI_SUN,583f4bad-6faf-4e49-8c9c-664bc7a9eaba,54.39278,-132.6862,17.31968,6.29397,-3.65414,-11.61047,-1.42434,6.46676,-9.64201,,0.41744,13.0631,,,,,,,,2.56579,-107.82912,,,,,,,,-0.41839,-22.9102,,,,,,,,,,,,,,,,,,,,,,,,,,,,,,High,High,High,Estimated,Estimated,,,,,,,,,,,,,,,,,,,,,,,,,,,,,,,,,,,,,
270,2026-03-01,22:26:00.59,4,1,"Fitzpatrick, Sean",805028,Left,ARI_SUN,"Sorrell, Caden",811294,Left,TEX_AGG,Undefined,7,Bottom,2,0,0,Slider,Slider,BallCalled,Undefined,Undefined,Undefined,0,0,,81.03587,1.651929,1.365583,2697.089459,266.903042,3:00,4.70138,-3.33665,5.8917,-40.73254,2.40307,16.77434,2.84164,-0.67064,73.33872,-5.90217,4.372803,0.472704,,,,,,,,,,,,-8.09973,1.16717,3.21723,50,4.81148,-3.46085,-117.52923,2.07934,-11.15699,25.43494,-30.56634,TEX_AGG,ARI_SUN,Arlington,D1,SEC,20260301-Arlington-4,e6d6cd40-15ef-11f1-8639-131ccc676290,79.73793,,,7.69715,,,,,,,f5a7e556-a2a9-43cd-af52-c62bb86c0341,2026-03-02,04:26:00.59,2026-03-01T22:26:00.5984256-06:00,2026-03-02T04:26:00.5984256Z,,v3,3032,5035,,"McGary, Ky",815498,Right,ARI_SUN,d09c6fc3-c1d3-44ad-97d8-e5e6604c42e5,54.60521,-118.52167,12.71747,4.70708,3.272,-15.28317,3.34377,-3.02552,-5.57849,,,,,,,,,,,,,,,,,,,,,,,,,,,,,,,,,,,,,,,,,,,,,,,,,,,High,High,High,,,,,,,,,,,,,,,,,,,,,,,,,,,,,,,,,,,,,,,
271,2026-03-01,22:26:19.56,4,2,"Fitzpatrick, Sean",805028,Left,ARI_SUN,"Sorrell, Caden",811294,Left,TEX_AGG,Undefined,7,Bottom,2,1,0,Fastball,Sinker,StrikeSwinging,Undefined,Undefined,Undefined,0,0,,91.34065,-0.80225,4.991665,2273.738607,133.720496,10:30,4.58429,-3.34868,6.37852,-18.63784,14.96363,-14.33768,2.29023,0.06038,81.95933,-4.387354,2.408998,0.417206,,,,,,,,,,,,9.04367,8.40012,2.99409,50,4.51754,-10.93293,-132.09475,-2.37048,15.70649,32.61741,-17.58522,TEX_AGG,ARI_SUN,Arlington,D1,SEC,20260301-Arlington-4,f21a1a40-15ef-11f1-8639-131ccc676290,90.34492,,,9.38132,,,,,,,f5a7e556-a2a9-43cd-af52-c62bb86c0341,2026-03-02,04:26:19.56,2026-03-01T22:26:19.5693056-06:00,2026-03-02T04:26:19.5693056Z,,v3,3032,5035,,"McGary, Ky",815498,Right,ARI_SUN,7eddddbd-efd9-4cdd-894e-c4b5eb2d1006,54.11649,-133.10733,16.3087,4.58266,-1.82456,-8.79261,3.34107,-11.42053,7.85325,,,,,,,,,,,,,,,,,,,,,,,,,,,,,,,,,,,,,,,,,,,,,,,,,,,High,High,High,,,,,,,,,,,,,,,,,,,,,,,,,,,,,,,,,,,,,,,
272,2026-03-01,22:26:58.53,4,3,"Fitzpatrick, Sean",805028,Left,ARI_SUN,"Sorrell, Caden",811294,Left,TEX_AGG,Undefined,7,Bottom,2,1,1,Fastball,Four-Seam,FoulBallNotFieldable,Undefined,Undefined,Undefined,0,0,,92.17239,-0.67567,3.716971,2311.023876,135.070663,10:30,4.73735,-3.02454,6.41769,-16.32387,16.56647,-15.29548,2.75454,-0.87737,82.58998,-3.847883,0.951919,0.412768,79.30695,64.321087,55.612269,,53.68629,131.65112,96.00924,162.24049,162.10133,61.408504,5.906242,9.22969,9.22186,2.76548,50,4.68153,-8.04305,-133.54387,-2.00446,16.34062,34.02094,-15.84729,TEX_AGG,ARI_SUN,Arlington,D1,SEC,20260301-Arlington-4,095473e0-15f0-11f1-8639-131ccc676290,91.31637,139.80976,,9.58242,,,,1.9545,2.90696,0.89104,f5a7e556-a2a9-43cd-af52-c62bb86c0341,2026-03-02,04:26:58.53,2026-03-01T22:26:58.5364480-06:00,2026-03-02T04:26:58.5364480Z,Popup,v3,3032,5035,,"McGary, Ky",815498,Right,ARI_SUN,941988b5-e0b6-443b-be1a-b716a723de0e,54.07873,-134.57893,17.01047,4.73518,-1.52232,-7.92365,3.01774,-8.5402,8.17031,189.952311,1.95647,28.42692,-8.51546,1.98301,-0.14726,-0.05902,0.02072,-0.00263,0.00012,2.89966,104.93521,-25.264,3.23302,-0.77658,0.14298,-0.016,0.00073,0,0.89833,41.46814,-8.17984,1.43563,0.10141,-0.12411,0.02977,-0.00321,0.00013,,,,,,,,,,,,,,,,,,,,,,,High,High,High,High,Medium,,,,,,,,,,,,,,,,,,,,,,,,,,,,,,,,,,,,,
273,2026-03-01,22:27:43.58,4,4,"Fitzpatrick, Sean",805028,Left,ARI_SUN,"Sorrell, Caden",811294,Left,TEX_AGG,Undefined,7,Bottom,2,1,2,Slider,Slider,BallinDirt,Undefined,Undefined,Undefined,0,0,,82.58835,0.340197,4.984964,2696.832827,295.533665,3:45,4.68337,-3.19935,6.0648,-48.64046,-6.91284,17.51194,0.94604,2.885,75.04413,-8.573085,8.114136,0.464925,,,,,,,,,,,,-7.24315,-3.14579,2.80338,50,4.68504,-11.10573,-119.42717,-0.90658,-10.23565,27.61907,-36.6195,TEX_AGG,ARI_SUN,Arlington,D1,SEC,20260301-Arlington-4,2435b570-15f0-11f1-8639-131ccc676290,81.07204,,,7.54421,,,,,,,f5a7e556-a2a9-43cd-af52-c62bb86c0341,2026-03-02,04:27:43.58,2026-03-01T22:27:43.5890688-06:00,2026-03-02T04:27:43.5890688Z,,v3,3032,5035,,"McGary, Ky",815498,Right,ARI_SUN,8156c52d-9e2b-4553-8b10-73f7efc46eaf,54.43298,-120.44799,13.80954,4.69353,0.4469,-18.30975,3.20686,-10.72742,-5.11782,,,,,,,,,,,,,,,,,,,,,,,,,,,,,,,,,,,,,,,,,,,,,,,,,,,High,High,High,,,,,,,,,,,,,,,,,,,,,,,,,,,,,,,,,,,,,,,
274,2026-03-01,22:28:05.07,4,5,"Fitzpatrick, Sean",805028,Left,ARI_SUN,"Sorrell, Caden",811294,Left,TEX_AGG,Undefined,7,Bottom,2,2,2,Slider,Slider,InPlay,Undefined,LineDrive,Out,1,0,,81.07618,1.81072,2.61912,2764.702493,286.452029,3:30,4.68009,-3.23341,6.18059,-45.89369,-3.17437,15.73902,2.52999,0.49844,73.47835,-6.69695,5.451796,0.470418,76.76601,16.568079,27.011222,831.432146,97.70464,17.46524,50.53506,184.20286,169.94727,28.413938,2.093596,-7.33075,-1.85795,3.0276,50,4.79385,-5.9562,-117.58592,2.29498,-10.08513,25.91278,-34.7301,TEX_AGG,ARI_SUN,Arlington,D1,SEC,20260301-Arlington-4,3101c550-15f0-11f1-8639-131ccc676290,80.12547,17.83902,,7.59783,,,,2.56713,2.60732,-0.39196,f5a7e556-a2a9-43cd-af52-c62bb86c0341,2026-03-02,04:28:05.07,2026-03-01T22:28:05.0745856-06:00,2026-03-02T04:28:05.0745856Z,LineDrive,v3,3032,5035,,"McGary, Ky",815498,Right,ARI_SUN,b0cee691-8207-4ac4-9f93-278ae87b911d,54.3188,-118.53385,12.95639,4.68666,3.56546,-17.36505,3.23874,-5.58727,-5.04257,225.267583,2.56709,96.14724,-13.24971,2.4544,-0.31878,-0.0885,0.07569,-0.02229,0.00256,2.60735,32.10287,-18.05099,1.44776,-0.40323,0.18824,-0.07719,0.01981,-0.00217,-0.39193,49.00843,-4.25953,0.67573,-0.25758,0.16757,-0.08049,0.02133,-0.00235,,,,,,,,,,,,,,,,,,,,,,,High,High,High,High,High,,,,,,,,,,,,,,,,,,,,,,,,,,,,,,,,,,,,,
275,2026-03-01,22:30:58.04,1,1,"Freshcorn, Clayton",827621,Right,TEX_AGG,"Contrades, Nu'u",805225,Right,ARI_SUN,Undefined,8,Top,0,0,0,Fastball,Four-Seam,StrikeCalled,Undefined,Undefined,Undefined,0,0,,93.34829,-0.97674,-3.964703,2250.776365,209.55538,1:00,5.25421,2.42536,6.16247,-14.30355,17.80993,9.46882,3.15773,-0.45382,84.41346,-3.745027,-2.262962,0.407864,,,,,,,,,,,,-6.04768,9.79249,-2.12875,50,5.17242,8.9526,-135.21335,-2.68744,-11.09928,31.86238,-14.20188,TEX_AGG,ARI_SUN,Arlington,D1,SEC,20260301-Arlington-4,98189c00-15f0-11f1-8639-131ccc676290,92.41427,,,8.93483,,,,,,,f5a7e556-a2a9-43cd-af52-c62bb86c0341,2026-03-02,04:30:58.04,2026-03-01T22:30:58.0468224-06:00,2026-03-02T04:30:58.0468224Z,,v3,3032,5035,,"Harrison, Connor",1000339305,Right,TEX_AGG,f86f8dba-0bfb-48f8-ab5c-8ed213b5956c,54.33263,-136.23049,15.93119,5.25097,-2.23407,-7.10094,-2.4202,9.30692,-5.54964,,,,,,,,,,,,,,,,,,,,,,,,,,,,,,,,,,,,,,,,,,,,,,,,,,,High,High,High,,,,,,,,,,,,,,,,,,,,,,,,,,,,,,,,,,,,,,,
276,2026-03-01,22:31:13.42,1,2,"Freshcorn, Clayton",827621,Right,TEX_AGG,"Contrades, Nu'u",805225,Right,ARI_SUN,Undefined,8,Top,0,0,1,Fastball,Four-Seam,FoulBallNotFieldable,Undefined,Undefined,Undefined,0,0,,94.28375,-1.239143,-3.749852,2162.024007,210.412169,1:00,5.20016,2.21612,6.20142,-13.71678,17.68615,9.74623,2.91065,-0.43802,85.32431,-3.898244,-1.996092,0.403326,78.17048,22.380514,160.51334,3290.105848,,,,,43.98936,,,-6.04831,9.7617,-1.93794,50,5.09935,8.50014,-136.56767,-3.3058,-11.34144,32.07386,-13.86944,TEX_AGG,ARI_SUN,Arlington,D1,SEC,20260301-Arlington-4,a13e8740-15f0-11f1-8639-131ccc676290,93.45398,17.15688,,8.95943,,,,-0.50579,2.7711,0.49735,f5a7e556-a2a9-43cd-af52-c62bb86c0341,2026-03-02,04:31:13.42,2026-03-01T22:31:13.4240256-06:00,2026-03-02T04:31:13.4240256Z,,v3,3032,5035,,"Harrison, Connor",1000339305,Right,TEX_AGG,abfdaa23-8920-4cfb-9747-d781b584882b,54.29118,-137.57179,16.03693,5.19605,-2.8716,-6.93472,-2.20961,8.8552,-5.67072,297.810089,-0.50723,-99.89771,7.80653,,,,,,,2.78035,43.36429,-22.8966,,,,,,,0.50671,35.07166,-10.67678,,,,,,,,,,,,,,,,,,,,,,,,,,,,,High,High,High,High,Undefined,,,,,,,,,,,,,,,,,,,,,,,,,,,,,,,,,,,,,
277,2026-03-01,22:31:31.57,1,3,"Freshcorn, Clayton",827621,Right,TEX_AGG,"Contrades, Nu'u",805225,Right,ARI_SUN,Undefined,8,Top,0,0,2,Slider,Slider,InPlay,Undefined,FlyBall,Out,1,0,,83.31494,1.40426,-1.901851,2594.572761,109.866574,9:45,4.79608,2.84529,5.36127,-36.06215,6.39477,-12.9041,3.10871,-0.01414,73.89903,-5.293037,-4.190941,0.468971,99.31127,38.058107,-16.145944,3984.886565,106.33321,86.2466,-28.16422,338.06927,336.76685,-11.581843,5.974373,5.72386,3.16937,-2.66499,50,4.89733,4.55917,-120.41465,1.70211,8.12092,30.7178,-27.67742,TEX_AGG,ARI_SUN,Arlington,D1,SEC,20260301-Arlington-4,ac1ef3c0-15f0-11f1-8639-131ccc676290,80.37271,124.20539,,9.41591,,,,1.06665,3.2081,0.01418,f5a7e556-a2a9-43cd-af52-c62bb86c0341,2026-03-02,04:31:31.57,2026-03-01T22:31:31.5773952-06:00,2026-03-02T04:31:31.5773952Z,FlyBall,v3,3032,5035,,"Harrison, Connor",1000339305,Right,TEX_AGG,15bb64bb-ad23-49ae-8afd-244502d83237,55.13153,-121.71666,15.3589,4.80032,2.87526,-13.83871,-2.85094,4.21495,4.06046,186.397897,1.07562,110.00626,-25.29164,5.88489,-0.96919,0.11529,-0.011,0.0009,-4E-05,3.20513,89.83342,-18.96058,1.00448,0.0422,-0.08822,0.02564,-0.00317,0.00014,0.01084,-31.83454,9.32926,-2.1825,0.37232,-0.04785,0.00513,-0.00045,2E-05,,,,,,,,,,,,,,,,,,,,,,,High,High,High,High,Medium,,,,,,,,,,,,,,,,,,,,,,,,,,,,,,,,,,,,,
278,2026-03-01,22:32:06.39,2,1,"Freshcorn, Clayton",827621,Right,TEX_AGG,"Michel, Garrett",703481,Left,ARI_SUN,Undefined,8,Top,1,0,0,Fastball,Four-Seam,InPlay,Undefined,GroundBall,Out,1,0,,94.51453,-2.069302,-4.223563,2189.327439,216.857335,1:15,5.06133,2.37421,6.11199,-13.92028,17.7928,12.43953,1.98193,-0.50148,84.75697,-4.777717,-1.990432,0.405313,,,,,,,,,,,,-7.76245,10.17512,-2.05583,50,4.89479,9.53191,-136.6717,-5.31851,-14.4178,35.18445,-13.275,TEX_AGG,ARI_SUN,Arlington,D1,SEC,20260301-Arlington-4,c0d7ab90-15f0-11f1-8639-131ccc676290,92.99582,,,9.75757,,,,,,,f5a7e556-a2a9-43cd-af52-c62bb86c0341,2026-03-02,04:32:06.39,2026-03-01T22:32:06.3913984-06:00,2026-03-02T04:32:06.3913984Z,,v3,3032,5035,,"Harrison, Connor",1000339305,Right,TEX_AGG,8bea11b7-c3a1-482c-8302-ebfbc358945d,54.38267,-137.79535,17.59222,5.05787,-4.89456,-6.6375,-2.3676,9.99235,-7.2089,,,,,,,,,,,,,,,,,,,,,,,,,,,,,,,,,,,,,,,,,,,,,,,,,,,High,High,High,,,,,,,,,,,,,,,,,,,,,,,,,,,,,,,,,,,,,,,
279,2026-03-01,22:32:42.45,3,1,"Freshcorn, Clayton",827621,Right,TEX_AGG,"Longo, Dominic",1000363616,Right,ARI_SUN,Undefined,8,Top,2,0,0,Cutter,Cutter,InPlay,Undefined,FlyBall,Out,1,0,,87.77772,0.08834,-3.250601,2448.005043,168.158742,11:30,4.98844,2.58608,5.89789,-26.22411,10.74501,-1.96866,2.88525,-0.59897,78.91446,-4.83969,-3.602909,0.437614,102.4995,18.641586,9.110463,3254.014666,107.40505,34.65681,23.75174,340.78446,330.63257,19.469528,3.765502,-0.0763,5.86032,-2.32323,50,4.98077,7.3014,-127.09714,-0.64824,-0.12249,30.61144,-22.76811,TEX_AGG,ARI_SUN,Arlington,D1,SEC,20260301-Arlington-4,d6570ec0-15f0-11f1-8639-131ccc676290,86.13179,45.41762,,8.86326,,,,0.83358,2.83916,0.62327,f5a7e556-a2a9-43cd-af52-c62bb86c0341,2026-03-02,04:32:42.45,2026-03-01T22:32:42.4587264-06:00,2026-03-02T04:32:42.4587264Z,LineDrive,v3,3032,5035,,"Harrison, Connor",1000339305,Right,TEX_AGG,e6aaa5d6-31c3-4314-bef4-53f12ceaf904,54.59715,-128.19959,15.30572,4.98935,0.17173,-11.38405,-2.58627,7.30581,-0.06125,219.631256,0.83356,140.64989,-28.10654,6.54917,-1.47037,0.3175,-0.05663,0.0065,-0.00033,2.83931,48.04616,-13.80542,-0.15958,0.34465,-0.15384,0.03937,-0.00522,0.00029,0.62342,22.54865,5.32418,-2.04623,0.69106,-0.2082,0.04655,-0.00622,0.00036,,,,,,,,,,,,,,,,,,,,,,,High,High,High,High,High,,,,,,,,,,,,,,,,,,,,,,,,,,,,,,,,,,,,,
280,2026-03-01,22:36:14.70,1,1,"Guy, Colby",701766,Right,ARI_SUN,"Grahovac, Gavin",800606,Right,TEX_AGG,Undefined,8,Bottom,0,0,0,Fastball,Cutter,FoulBallNotFieldable,Undefined,Undefined,Undefined,0,0,,89.66829,0.277579,-2.784513,2368.703532,200.896094,12:45,4.70022,1.52643,5.63207,-26.39497,9.16012,3.02028,2.75993,-0.82189,80.96064,-4.64334,-2.246055,0.429163,75.09617,35.742909,144.444642,4351.413339,,,,,47.68641,,,-2.40209,4.92055,-1.29134,50,4.70723,6.18375,-129.90598,-0.29426,-4.05369,30.37096,-23.87021,TEX_AGG,ARI_SUN,Arlington,D1,SEC,20260301-Arlington-4,54dac0c0-15f1-11f1-8639-131ccc676290,87.82777,31.43546,,8.70765,,,,0.28637,2.66755,0.87374,f5a7e556-a2a9-43cd-af52-c62bb86c0341,2026-03-02,04:36:14.70,2026-03-01T22:36:14.7089920-06:00,2026-03-02T04:36:14.7089920Z,,v3,3032,5035,,"McGary, Ky",815498,Right,ARI_SUN,a7e767b2-99ec-4cf0-8279-895a7efd02d4,54.86348,-131.03809,15.18548,4.70161,0.59552,-11.93511,-1.52466,6.33486,-2.02685,298.542955,0.28637,-72.72802,3.82464,0.53692,-0.19561,0.07717,-0.01969,0.00719,-0.00191,2.66755,64.3387,-25.58569,2.85766,-0.60404,0.11994,-0.02057,0.00198,0.00064,0.87374,51.98248,-13.8068,2.59549,-0.58017,0.11142,-0.02183,0.00316,0.00021,,,,,,,,,,,,,,,,,,,,,,,High,High,High,High,Undefined,,,,,,,,,,,,,,,,,,,,,,,,,,,,,,,,,,,,,
281,2026-03-01,22:36:30.76,1,2,"Guy, Colby",701766,Right,ARI_SUN,"Grahovac, Gavin",800606,Right,TEX_AGG,Undefined,8,Bottom,0,0,1,Slider,Slider,StrikeCalled,Undefined,Undefined,Undefined,0,0,,83.8443,-0.075703,-0.615475,2293.781171,157.543917,11:15,4.80473,1.30268,5.12463,-29.28643,12.04312,-4.38063,2.29289,0.35791,75.89321,-5.490195,-1.390714,0.462703,,,,,,,,,,,,1.98012,6.43662,-1.24134,50,4.77548,1.49894,-121.49906,-1.18733,2.92819,26.18635,-22.65566,TEX_AGG,ARI_SUN,Arlington,D1,SEC,20260301-Arlington-4,5e719640-15f1-11f1-8639-131ccc676290,81.4615,,,7.95109,,,,,,,f5a7e556-a2a9-43cd-af52-c62bb86c0341,2026-03-02,04:36:30.76,2026-03-01T22:36:30.7677696-06:00,2026-03-02T04:36:30.7677696Z,,v3,3032,5035,,"McGary, Ky",815498,Right,ARI_SUN,5d0e3bcb-5ee4-41c5-8c92-d33826c93b68,55.37011,-122.651,13.09317,4.80578,-0.1907,-11.32783,-1.30444,1.37013,1.46409,,,,,,,,,,,,,,,,,,,,,,,,,,,,,,,,,,,,,,,,,,,,,,,,,,,High,High,High,,,,,,,,,,,,,,,,,,,,,,,,,,,,,,,,,,,,,,,
282,2026-03-01,22:36:44.55,1,3,"Guy, Colby",701766,Right,ARI_SUN,"Grahovac, Gavin",800606,Right,TEX_AGG,Undefined,8,Bottom,0,0,2,ChangeUp,Slider,InPlay,Undefined,FlyBall,Out,1,0,,83.90866,-0.176967,-1.628128,2414.716942,139.22032,10:45,4.83186,1.23019,4.99575,-28.37537,13.05123,-10.03615,2.30011,-1.14371,76.13617,-5.407981,-3.397995,0.463245,72.64058,63.769286,35.78669,,68.78314,88.87607,85.84201,142.8499,69.89999,52.286515,5.287282,4.50095,6.92729,-1.06489,50,4.79241,3.89509,-121.5786,-1.38029,6.6716,25.99303,-21.90601,TEX_AGG,ARI_SUN,Arlington,D1,SEC,20260301-Arlington-4,66a49600-15f1-11f1-8639-131ccc676290,81.36601,113.54775,,7.77248,,,,2.21711,2.37539,1.09636,f5a7e556-a2a9-43cd-af52-c62bb86c0341,2026-03-02,04:36:44.55,2026-03-01T22:36:44.5542400-06:00,2026-03-02T04:36:44.5542400Z,Popup,v3,3032,5035,,"McGary, Ky",815498,Right,ARI_SUN,05f4d8ba-3663-4339-921c-6c5f34e0bb42,55.50118,-122.7491,12.99652,4.83236,-0.39384,-10.953,-1.23352,3.59466,3.3358,197.015444,2.21683,38.17302,-13.67676,3.80044,-0.32988,-0.19258,0.08015,-0.01209,0.00066,2.36272,95.80658,-25.58642,3.70258,-1.27866,0.37247,-0.06462,0.00542,-0.00015,1.09863,27.49933,-1.88752,-0.01823,0.11073,-0.02329,-0.00072,0.00076,-7E-05,,,,,,,,,,,,,,,,,,,,,,,High,High,High,Medium,Low,,,,,,,,,,,,,,,,,,,,,,,,,,,,,,,,,,,,,
283,2026-03-01,22:37:18.71,2,1,"Guy, Colby",701766,Right,ARI_SUN,"Duer, Jake",808786,Left,TEX_AGG,Undefined,8,Bottom,1,0,0,Fastball,Four-Seam,StrikeCalled,Undefined,Undefined,Undefined,0,0,,92.93266,-0.796362,-2.169722,2488.293928,205.464918,12:45,4.96921,1.70266,5.47985,-15.64906,17.60714,7.82367,2.91942,0.32353,83.81388,-3.783084,-0.777638,0.415057,,,,,,,,,,,,-4.58126,9.43111,-1.51756,50,4.88902,4.72696,-134.63601,-2.36249,-8.31351,32.33184,-15.0597,TEX_AGG,ARI_SUN,Arlington,D1,SEC,20260301-Arlington-4,7b01e760-15f1-11f1-8639-131ccc676290,90.81269,,,9.11879,,,,,,,f5a7e556-a2a9-43cd-af52-c62bb86c0341,2026-03-02,04:37:18.71,2026-03-01T22:37:18.7107840-06:00,2026-03-02T04:37:18.7107840Z,,v3,3032,5035,,"McGary, Ky",815498,Right,ARI_SUN,498f6d55-2391-4f32-a12d-053ee2b5a715,55.0144,-135.83485,16.16592,4.96626,-1.80409,-7.52985,-1.69854,5.03522,-4.15675,,,,,,,,,,,,,,,,,,,,,,,,,,,,,,,,,,,,,,,,,,,,,,,,,,,High,High,High,,,,,,,,,,,,,,,,,,,,,,,,,,,,,,,,,,,,,,,
284,2026-03-01,22:37:32.42,2,2,"Guy, Colby",701766,Right,ARI_SUN,"Duer, Jake",808786,Left,TEX_AGG,Undefined,8,Bottom,1,0,1,Fastball,Four-Seam,BallCalled,Undefined,Undefined,Undefined,0,0,,94.341,0.469887,-0.633733,2487.925437,220.381672,1:15,4.90931,1.40906,5.40461,-19.08749,13.16532,10.25686,3.759,1.66998,85.24647,-3.117434,1.190381,0.408748,,,,,,,,,,,,-5.3039,6.78422,-1.35987,50,4.93815,1.01241,-136.79733,0.44108,-9.95608,32.82493,-19.43917,TEX_AGG,ARI_SUN,Arlington,D1,SEC,20260301-Arlington-4,832297a0-15f1-11f1-8639-131ccc676290,92.21444,,,9.09453,,,,,,,f5a7e556-a2a9-43cd-af52-c62bb86c0341,2026-03-02,04:37:32.42,2026-03-01T22:37:32.4243968-06:00,2026-03-02T04:37:32.4243968Z,,v3,3032,5035,,"McGary, Ky",815498,Right,ARI_SUN,a0cffc03-a5b8-4540-9fb6-005bc4930ce5,55.09029,-138.01335,16.41247,4.90847,1.16122,-9.71959,-1.40421,1.38124,-4.97804,,,,,,,,,,,,,,,,,,,,,,,,,,,,,,,,,,,,,,,,,,,,,,,,,,,High,High,High,,,,,,,,,,,,,,,,,,,,,,,,,,,,,,,,,,,,,,,
285,2026-03-01,22:37:45.51,2,3,"Guy, Colby",701766,Right,ARI_SUN,"Duer, Jake",808786,Left,TEX_AGG,Undefined,8,Bottom,1,1,1,Cutter,Slider,StrikeCalled,Undefined,Undefined,Undefined,0,0,,88.90099,0.897411,-1.297458,2460.999467,189.818806,12:15,4.72535,1.47602,5.41663,-29.92273,5.95485,0.84201,3.07274,0.33056,81.4357,-4.606937,-1.147707,0.431105,,,,,,,,,,,,-0.7687,3.10606,-1.36135,50,4.78441,2.8849,-129.05867,0.90541,-1.30095,25.98987,-26.91726,TEX_AGG,ARI_SUN,Arlington,D1,SEC,20260301-Arlington-4,8afbdea0-15f1-11f1-8639-131ccc676290,87.43222,,,7.46529,,,,,,,f5a7e556-a2a9-43cd-af52-c62bb86c0341,2026-03-02,04:37:45.51,2026-03-01T22:37:45.5144960-06:00,2026-03-02T04:37:45.5144960Z,,v3,3032,5035,,"McGary, Ky",815498,Right,ARI_SUN,ddce3b03-21fc-4907-a274-8bbcd77e3955,55.08028,-130.07771,12.99493,4.72822,1.96082,-13.45863,-1.47546,2.93591,-0.65047,,,,,,,,,,,,,,,,,,,,,,,,,,,,,,,,,,,,,,,,,,,,,,,,,,,High,High,High,,,,,,,,,,,,,,,,,,,,,,,,,,,,,,,,,,,,,,,
286,2026-03-01,22:37:58.94,2,4,"Guy, Colby",701766,Right,ARI_SUN,"Duer, Jake",808786,Left,TEX_AGG,Undefined,8,Bottom,1,1,2,Sinker,Sinker,StrikeSwinging,Strikeout,Undefined,Undefined,0,0,,88.54346,-0.388277,-0.785636,2257.00237,256.306164,2:30,4.87975,1.25355,5.54498,-31.96411,4.45437,13.1593,1.85318,1.61591,80.3651,-6.283945,1.563628,0.434343,,,,,,,,,,,,-6.8367,2.77114,-1.1942,50,4.82529,1.16972,-128.44551,-2.04609,-11.30811,29.07129,-27.59052,TEX_AGG,ARI_SUN,Arlington,D1,SEC,20260301-Arlington-4,92fb9960-15f1-11f1-8639-131ccc676290,86.78042,,,8.17835,,,,,,,f5a7e556-a2a9-43cd-af52-c62bb86c0341,2026-03-02,04:37:58.94,2026-03-01T22:37:58.9400000-06:00,2026-03-02T04:37:58.9400000Z,,v3,3032,5035,,"McGary, Ky",815498,Right,ARI_SUN,490ea080-3430-40ec-af5c-5170be16f574,54.95105,-129.56125,14.53565,4.88349,-0.98719,-13.79526,-1.24742,1.60372,-5.65406,,,,,,,,,,,,,,,,,,,,,,,,,,,,,72.98125,2.316942,1.365453,0.951489,-2.0778,1.455,-1.716,-1.90708,4.22011,-2.07434,74.42445,7.07901,-50.56913,-1.88787,85.03791,-5.07205,4.29934,17.87875,-15.68167,-2.21316,-60.32896,9.92877,High,High,High,,,High,Medium,High,,,,,,,,,,,,,,,,,,,,,,,,,,,,,,,,,,
287,2026-03-01,22:38:28.29,3,1,"Guy, Colby",701766,Right,ARI_SUN,"Kellner, Boston",828162,Right,TEX_AGG,Undefined,8,Bottom,2,0,0,Cutter,Slider,BallCalled,Undefined,Undefined,Undefined,0,0,,89.5627,-1.620027,-4.21992,2431.57983,180.255832,12:00,4.65483,1.47782,5.59165,-28.24876,7.35741,0.02756,0.78361,-2.4672,81.67,-6.82218,-4.21502,0.429471,,,,,,,,,,,,-1.25102,4.58835,-1.11524,50,4.49743,9.55833,-129.56008,-4.69659,-2.11557,28.35614,-24.41477,TEX_AGG,ARI_SUN,Arlington,D1,SEC,20260301-Arlington-4,a47fda20-15f1-11f1-8639-131ccc676290,87.76475,,,7.8927,,,,,,,f5a7e556-a2a9-43cd-af52-c62bb86c0341,2026-03-02,04:38:28.29,2026-03-01T22:38:28.2961408-06:00,2026-03-02T04:38:28.2961408Z,,v3,3032,5035,,"McGary, Ky",815498,Right,ARI_SUN,2ecde1ad-e817-467f-bb1e-4d1ade81ed18,54.90292,-130.62875,14.17807,4.6571,-3.77646,-12.20739,-1.47697,9.63806,-1.05779,,,,,,,,,,,,,,,,,,,,,,,,,,,,,,,,,,,,,,,,,,,,,,,,,,,High,High,High,,,,,,,,,,,,,,,,,,,,,,,,,,,,,,,,,,,,,,,
288,2026-03-01,22:38:45.14,3,2,"Guy, Colby",701766,Right,ARI_SUN,"Kellner, Boston",828162,Right,TEX_AGG,Undefined,8,Bottom,2,1,0,Slider,Slider,BallinDirt,Undefined,Undefined,Undefined,0,0,,83.50888,-1.214194,-2.564484,2408.723021,121.092951,10:00,4.68956,1.35131,5.16232,-34.51246,6.42843,-8.70335,0.66941,-1.78929,77.33184,-7.47227,-4.103811,0.460522,,,,,,,,,,,,3.68732,3.89004,-1.10507,50,4.54983,5.79815,-121.16483,-3.82731,5.52479,21.92626,-26.34553,TEX_AGG,ARI_SUN,Arlington,D1,SEC,20260301-Arlington-4,ae896ea0-15f1-11f1-8639-131ccc676290,81.84725,,,6.17704,,,,,,,f5a7e556-a2a9-43cd-af52-c62bb86c0341,2026-03-02,04:38:45.14,2026-03-01T22:38:45.1429888-06:00,2026-03-02T04:38:45.1429888Z,,v3,3032,5035,,"McGary, Ky",815498,Right,ARI_SUN,5cda4132-38af-4cc3-9dbf-e3f114793d7c,55.33631,-122.12668,10.96313,4.69237,-2.67159,-13.17276,-1.3541,5.55579,2.7624,,,,,,,,,,,,,,,,,,,,,,,,,,,,,,,,,,,,,,,,,,,,,,,,,,,High,High,High,,,,,,,,,,,,,,,,,,,,,,,,,,,,,,,,,,,,,,,
289,2026-03-01,22:38:58.61,3,3,"Guy, Colby",701766,Right,ARI_SUN,"Kellner, Boston",828162,Right,TEX_AGG,Undefined,8,Bottom,2,2,0,Sinker,Sinker,BallCalled,Undefined,Undefined,Undefined,0,0,,91.8959,-1.767889,-2.685845,2515.528144,249.103635,2:15,4.76661,1.30071,5.57364,-26.51592,7.00099,15.55863,0.90336,0.08677,84.18631,-6.654103,0.0901,0.41668,,,,,,,,,,,,-8.6667,4.34138,-1.07998,50,4.59681,5.56178,-133.31015,-5.1001,-15.59864,28.61559,-24.36025,TEX_AGG,ARI_SUN,Arlington,D1,SEC,20260301-Arlington-4,b6872d90-15f1-11f1-8639-131ccc676290,90.45885,,,7.70959,,,,,,,f5a7e556-a2a9-43cd-af52-c62bb86c0341,2026-03-02,04:38:58.61,2026-03-01T22:38:58.6106880-06:00,2026-03-02T04:38:58.6106880Z,,v3,3032,5035,,"McGary, Ky",815498,Right,ARI_SUN,e5f45799-3488-4049-9558-3a2161e2ff64,54.92604,-134.36338,14.3078,4.76803,-4.20349,-12.18012,-1.29525,6.13591,-7.79932,,,,,,,,,,,,,,,,,,,,,,,,,,,,,,,,,,,,,,,,,,,,,,,,,,,High,High,High,,,,,,,,,,,,,,,,,,,,,,,,,,,,,,,,,,,,,,,
290,2026-03-01,22:39:11.46,3,4,"Guy, Colby",701766,Right,ARI_SUN,"Kellner, Boston",828162,Right,TEX_AGG,Undefined,8,Bottom,2,3,0,Fastball,Four-Seam,BallCalled,Walk,Undefined,Undefined,0,0,,93.77419,-1.204811,-4.246597,2637.370155,224.144936,1:30,5.00415,1.44742,5.45314,-18.57867,13.68631,12.32808,2.3248,-1.50789,85.99042,-4.668033,-2.060429,0.408825,,,,,,,,,,,,-7.27595,7.49839,-1.0808,50,4.88496,9.50334,-135.84539,-3.52529,-13.68619,27.91601,-18.06951,TEX_AGG,ARI_SUN,Arlington,D1,SEC,20260301-Arlington-4,be2f7980-15f1-11f1-8639-131ccc676290,92.19705,,,7.78377,,,,,,,f5a7e556-a2a9-43cd-af52-c62bb86c0341,2026-03-02,04:39:11.46,2026-03-01T22:39:11.4605568-06:00,2026-03-02T04:39:11.4605568Z,,v3,3032,5035,,"McGary, Ky",815498,Right,ARI_SUN,63f6b068-5c88-4201-855a-93484a5f0806,55.04463,-136.87813,13.958,5.00302,-2.85682,-9.03475,-1.44174,10.00966,-6.84309,,,,,,,,,,,,,,,,,,,,,,,,,,,,,,,,,,,,,,,,,,,,,,,,,,,High,High,High,,,,,,,,,,,,,,,,,,,,,,,,,,,,,,,,,,,,,,,
291,2026-03-01,22:39:48.64,4,1,"Guy, Colby",701766,Right,ARI_SUN,"Partida, Nicholas",10100750,Right,TEX_AGG,Undefined,8,Bottom,2,0,0,Cutter,Slider,BallCalled,Undefined,Undefined,Undefined,0,0,,89.91175,0.36507,-3.439031,2389.551983,220.493034,1:15,4.68101,1.86906,5.68363,-30.19828,4.43481,2.93536,2.50539,-1.09572,82.85379,-5.187507,-2.915697,0.423562,,,,,,,,,,,,-2.35575,2.49059,-1.58109,50,4.69288,7.71204,-130.47623,-0.27217,-4.09652,25.20282,-27.84306,TEX_AGG,ARI_SUN,Arlington,D1,SEC,20260301-Arlington-4,d4635fa0-15f1-11f1-8639-131ccc676290,88.98922,,,7.05796,,,,,,,f5a7e556-a2a9-43cd-af52-c62bb86c0341,2026-03-02,04:39:48.64,2026-03-01T22:39:48.6408704-06:00,2026-03-02T04:39:48.6408704Z,,v3,3032,5035,,"McGary, Ky",815498,Right,ARI_SUN,9e3ce9cb-29b7-40d6-9e62-c0ede93373a2,54.81459,-131.40293,12.60141,4.68407,0.75161,-13.92153,-1.86743,7.86266,-2.04826,,,,,,,,,,,,,,,,,,,,,,,,,,,,,,,,,,,,,,,,,,,,,,,,,,,High,High,High,,,,,,,,,,,,,,,,,,,,,,,,,,,,,,,,,,,,,,,
292,2026-03-01,22:40:04.80,4,2,"Guy, Colby",701766,Right,ARI_SUN,"Partida, Nicholas",10100750,Right,TEX_AGG,Undefined,8,Bottom,2,1,0,Sinker,Sinker,StrikeCalled,Undefined,Undefined,Undefined,0,0,,92.48072,-0.768167,-3.320331,2543.82368,240.392763,2:00,4.79989,1.66907,5.68591,-25.0345,8.00697,12.21111,1.99646,-0.41158,84.3622,-5.412883,-1.140663,0.413715,,,,,,,,,,,,-7.11756,4.61114,-1.3971,50,4.71958,7.22433,-134.08632,-2.70976,-12.93797,29.41135,-23.7921,TEX_AGG,ARI_SUN,Arlington,D1,SEC,20260301-Arlington-4,ddff8c50-15f1-11f1-8639-131ccc676290,91.1073,,,8.11852,,,,,,,f5a7e556-a2a9-43cd-af52-c62bb86c0341,2026-03-02,04:40:04.80,2026-03-01T22:40:04.8070656-06:00,2026-03-02T04:40:04.8070656Z,,v3,3032,5035,,"McGary, Ky",815498,Right,ARI_SUN,90147d69-a2ab-4b85-a839-4e7e60eec98e,54.81161,-135.13761,14.70568,4.80124,-1.85933,-11.89605,-1.66359,7.68679,-6.46899,,,,,,,,,,,,,,,,,,,,,,,,,,,,,,,,,,,,,,,,,,,,,,,,,,,High,High,High,,,,,,,,,,,,,,,,,,,,,,,,,,,,,,,,,,,,,,,
293,2026-03-01,22:40:22.41,4,3,"Guy, Colby",701766,Right,ARI_SUN,"Partida, Nicholas",10100750,Right,TEX_AGG,Undefined,8,Bottom,2,1,1,Sinker,Four-Seam,BallCalled,Undefined,Undefined,Undefined,0,0,,90.00994,-0.826592,-4.207739,2448.805206,224.595672,1:30,4.6251,1.78026,5.84897,-25.36679,8.90382,7.83016,1.74098,-1.48419,83.24308,-5.517933,-2.808902,0.42134,,,,,,,,,,,,-5.01177,5.06347,-1.44218,50,4.54278,9.27283,-130.57526,-2.76324,-8.76388,24.18542,-23.31976,TEX_AGG,ARI_SUN,Arlington,D1,SEC,20260301-Arlington-4,e881ac30-15f1-11f1-8639-131ccc676290,89.45858,,,6.76686,,,,,,,f5a7e556-a2a9-43cd-af52-c62bb86c0341,2026-03-02,04:40:22.41,2026-03-01T22:40:22.4130048-06:00,2026-03-02T04:40:22.4130048Z,,v3,3032,5035,,"McGary, Ky",815498,Right,ARI_SUN,27f2b9fa-cb08-422a-bd7e-7a4c571a63f2,54.64989,-131.4337,12.09271,4.62617,-1.93552,-11.65988,-1.77683,9.5839,-4.38194,,,,,,,,,,,,,,,,,,,,,,,,,,,,,,,,,,,,,,,,,,,,,,,,,,,High,High,High,,,,,,,,,,,,,,,,,,,,,,,,,,,,,,,,,,,,,,,
294,2026-03-01,22:40:38.96,4,4,"Guy, Colby",701766,Right,ARI_SUN,"Partida, Nicholas",10100750,Right,TEX_AGG,Undefined,8,Bottom,2,2,1,Sinker,Sinker,InPlay,Undefined,FlyBall,Out,1,0,,91.18312,-0.144032,-2.80073,2532.849645,228.491241,1:30,4.75866,1.82756,5.83898,-21.83107,11.68115,12.06548,2.80538,0.22795,83.67394,-4.224594,-0.640247,0.416651,94.30478,27.284093,7.024115,4120.73083,108.13691,54.25537,20.15911,346.5651,339.3635,18.757939,4.855943,-6.91453,6.31591,-1.60646,50,4.73404,5.95941,-132.4182,-1.06745,-12.34603,26.79,-20.89682,TEX_AGG,ARI_SUN,Arlington,D1,SEC,20260301-Arlington-4,f254c760-15f1-11f1-8639-131ccc676290,90.46516,74.56544,,7.50918,,,,0.9346,2.8058,-0.21196,f5a7e556-a2a9-43cd-af52-c62bb86c0341,2026-03-02,04:40:38.96,2026-03-01T22:40:38.9614080-06:00,2026-03-02T04:40:38.9614080Z,FlyBall,v3,3032,5035,,"McGary, Ky",815498,Right,ARI_SUN,e2899756-d5c9-4934-b65e-202b05802367,54.66012,-133.35767,13.395,4.75862,-0.33464,-10.44841,-1.82304,6.39236,-6.17301,209.371676,0.93527,121.98896,-25.35325,5.79151,-1.08688,0.17923,-0.02767,0.00327,-0.00018,2.80678,63.37924,-14.25517,-0.17285,0.28313,-0.12643,0.03476,-0.00479,0.00025,-0.21255,15.04548,5.20488,-1.64146,0.32294,-0.03762,0.00217,-5E-05,0,,,,,,,,,,,,,,,,,,,,,,,High,High,High,High,High,,,,,,,,,,,,,,,,,,,,,,,,,,,,,,,,,,,,,
295,2026-03-01,22:42:53.90,1,1,"Freshcorn, Clayton",827621,Right,TEX_AGG,"Smaldino, Dominic",822032,Right,ARI_SUN,Undefined,9,Top,0,0,0,Cutter,Slider,InPlay,Undefined,GroundBall,Out,1,0,,85.58345,0.902043,-2.516232,2420.736503,145.969021,10:45,4.96064,2.35611,5.81004,-31.5188,7.03118,-3.88835,3.17377,-0.30927,77.79173,-4.954169,-3.2117,0.446872,92.84821,-22.354178,-26.814551,,,,,10.3782,4.50943,-18.71356,0.063399,1.23941,3.67933,-2.14737,50,5.01593,5.61269,-124.13358,0.90999,1.91917,26.61831,-26.47685,TEX_AGG,ARI_SUN,Arlington,D1,SEC,20260301-Arlington-4,42c60a60-15f2-11f1-8639-131ccc676290,84.34722,3.29219,,7.79172,,,,2.68476,3.29219,0.28166,f5a7e556-a2a9-43cd-af52-c62bb86c0341,2026-03-02,04:42:53.90,2026-03-01T22:42:53.9036672-06:00,2026-03-02T04:42:53.9036672Z,GroundBall,v3,3032,5035,,"Harrison, Connor",1000339305,Right,TEX_AGG,b878b646-a113-4bb1-8bb8-5061127a8653,54.68773,-125.13474,13.30915,4.96298,1.90584,-13.23843,-2.35711,5.54051,0.95959,,2.68176,112.69541,,,,,,,,3.29358,-51.92805,,,,,,,,0.28318,-56.96248,,,,,,,,,,,,,,,,,,,,,,,,,,,,,,High,High,High,Low,Low,,,,,,,,,,,,,,,,,,,,,,,,,,,,,,,,,,,,,
296,2026-03-01,22:43:26.05,2,1,"Freshcorn, Clayton",827621,Right,TEX_AGG,"Roellig, Austen",822305,Right,ARI_SUN,Undefined,9,Top,1,0,0,Sinker,Sinker,StrikeCalled,Undefined,Undefined,Undefined,0,0,,93.25966,-1.612124,-3.892651,2164.423631,235.933653,1:45,5.25256,2.43577,6.10369,-17.85871,14.14709,19.37615,2.26964,0.44508,85.00642,-5.000594,-0.409677,0.407179,,,,,,,,,,,,-11.03965,8.05717,-2.14593,50,5.1189,8.35426,-135.20809,-4.3631,-20.41075,29.82236,-17.27744,TEX_AGG,ARI_SUN,Arlington,D1,SEC,20260301-Arlington-4,55f207b0-15f2-11f1-8639-131ccc676290,92.5696,,,8.25324,,,,,,,f5a7e556-a2a9-43cd-af52-c62bb86c0341,2026-03-02,04:43:26.05,2026-03-01T22:43:26.0522496-06:00,2026-03-02T04:43:26.0522496Z,,v3,3032,5035,,"Harrison, Connor",1000339305,Right,TEX_AGG,81b2a763-4acc-40ee-a1d7-1cca2067747f,54.39467,-136.17396,14.91118,5.25115,-3.80353,-8.63872,-2.42721,9.01531,-10.20537,,,,,,,,,,,,,,,,,,,,,,,,,,,,,,,,,,,,,,,,,,,,,,,,,,,High,High,High,,,,,,,,,,,,,,,,,,,,,,,,,,,,,,,,,,,,,,,
297,2026-03-01,22:43:39.97,2,2,"Freshcorn, Clayton",827621,Right,TEX_AGG,"Roellig, Austen",822305,Right,ARI_SUN,Undefined,9,Top,1,0,1,Cutter,Slider,StrikeCalled,Undefined,Undefined,Undefined,0,0,,87.18286,0.863935,-1.691365,2469.938495,135.184067,10:30,4.97879,2.29603,5.94862,-29.32635,7.32807,-6.16004,3.33662,0.21353,79.77008,-4.592646,-2.797044,0.435747,,,,,,,,,,,,2.67563,3.87996,-2.15812,50,5.03119,3.99461,-126.6169,0.93548,4.34526,25.75893,-25.87294,TEX_AGG,ARI_SUN,Arlington,D1,SEC,20260301-Arlington-4,5e411af0-15f2-11f1-8639-131ccc676290,86.5007,,,7.41277,,,,,,,f5a7e556-a2a9-43cd-af52-c62bb86c0341,2026-03-02,04:43:39.97,2026-03-01T22:43:39.9758848-06:00,2026-03-02T04:43:39.9758848Z,,v3,3032,5035,,"Harrison, Connor",1000339305,Right,TEX_AGG,959d2376-5e6d-443c-8b83-a75956c86b87,54.54838,-127.53887,12.87947,4.98113,1.86153,-12.93647,-2.29831,3.83909,2.17263,,,,,,,,,,,,,,,,,,,,,,,,,,,,,,,,,,,,,,,,,,,,,,,,,,,High,High,High,,,,,,,,,,,,,,,,,,,,,,,,,,,,,,,,,,,,,,,
298,2026-03-01,22:43:55.00,2,3,"Freshcorn, Clayton",827621,Right,TEX_AGG,"Roellig, Austen",822305,Right,ARI_SUN,Undefined,9,Top,1,0,2,Cutter,Slider,BallCalled,Undefined,Undefined,Undefined,0,0,,86.90414,1.388919,-3.386798,2454.879673,141.857895,10:45,4.94765,2.66566,5.98693,-26.66525,9.89772,-6.99181,4.01532,-1.05958,80.2904,-3.56706,-4.638442,0.435203,,,,,,,,,,,,2.75315,5.06918,-2.39446,50,5.04259,7.74913,-126.16535,2.20503,4.48845,22.91388,-23.90975,TEX_AGG,ARI_SUN,Arlington,D1,SEC,20260301-Arlington-4,67382e00-15f2-11f1-8639-131ccc676290,86.60881,,,6.61373,,,,,,,f5a7e556-a2a9-43cd-af52-c62bb86c0341,2026-03-02,04:43:55.00,2026-03-01T22:43:55.0039552-06:00,2026-03-02T04:43:55.0039552Z,,v3,3032,5035,,"Harrison, Connor",1000339305,Right,TEX_AGG,5a12685c-ef2b-4905-aecd-485d6eba3287,54.51147,-126.98207,11.45694,4.94881,3.05725,-11.95488,-2.66781,7.58915,2.24423,,,,,,,,,,,,,,,,,,,,,,,,,,,,,,,,,,,,,,,,,,,,,,,,,,,High,High,High,,,,,,,,,,,,,,,,,,,,,,,,,,,,,,,,,,,,,,,
299,2026-03-01,22:44:10.63,2,4,"Freshcorn, Clayton",827621,Right,TEX_AGG,"Roellig, Austen",822305,Right,ARI_SUN,Undefined,9,Top,1,1,2,Cutter,Slider,InPlay,Undefined,GroundBall,Single,0,0,,86.3519,0.130739,-2.996774,2371.320967,190.275932,12:15,4.88379,2.5919,6.0957,-30.0775,6.55866,1.01524,2.49842,-0.09779,80.28824,-5.433438,-2.814241,0.435638,98.08835,-17.759165,-1.954883,,,,,8.305,8.305,-0.742039,0.053843,-1.22232,3.64981,-2.36156,50,4.87774,6.53421,-125.55707,-0.68348,-1.98316,21.52155,-26.25241,TEX_AGG,ARI_SUN,Arlington,D1,SEC,20260301-Arlington-4,708465f0-15f2-11f1-8639-131ccc676290,86.52229,2.36653,,6.06366,,,,0.91964,2.36653,0.1445,f5a7e556-a2a9-43cd-af52-c62bb86c0341,2026-03-02,04:44:10.63,2026-03-01T22:44:10.6315776-06:00,2026-03-02T04:44:10.6315776Z,GroundBall,v3,3032,5035,,"Harrison, Connor",1000339305,Right,TEX_AGG,22a40c1b-6c5f-4f75-9fff-345bdc6ef5e8,54.40487,-126.30984,10.76077,4.88558,0.23477,-13.1262,-2.59132,6.60357,-0.99158,180,0.91769,137.15231,,,,,,,,2.36715,-43.95257,,,,,,,,0.14457,-4.68134,,,,,,,,,,,,,,,,,,,,,,,,,,,,,,High,High,High,High,High,,,,,,,,,,,,,,,,,,,,,,,,,,,,,,,,,,,,,
300,2026-03-01,22:44:52.82,3,1,"Freshcorn, Clayton",827621,Right,TEX_AGG,"Briggs, Brody",806486,Left,ARI_SUN,Undefined,9,Top,1,0,0,Fastball,Four-Seam,BallCalled,Undefined,Undefined,Undefined,0,0,,92.94469,-2.802064,-3.70973,2290.524765,214.803294,1:15,5.10279,2.55981,6.3962,-12.93957,19.01651,12.47725,1.44005,0.18309,84.63624,-5.318368,-1.45538,0.406863,,,,,,,,,,,,-7.57418,11.04568,-2.29874,50,4.895,8.21972,-134.6983,-6.92045,-13.86907,30.16938,-11.94826,TEX_AGG,ARI_SUN,Arlington,D1,SEC,20260301-Arlington-4,89a50bc0-15f2-11f1-8639-131ccc676290,92.64162,,,8.30844,,,,,,,f5a7e556-a2a9-43cd-af52-c62bb86c0341,2026-03-02,04:44:52.82,2026-03-01T22:44:52.8278528-06:00,2026-03-02T04:44:52.8278528Z,,v3,3032,5035,,"Harrison, Connor",1000339305,Right,TEX_AGG,5229e6ac-309a-431f-942e-86a6ad634837,54.10184,-135.61391,15.08469,5.09952,-6.55783,-5.97413,-2.55459,8.64063,-6.93454,,,,,,,,,,,,,,,,,,,,,,,,,,,,,,,,,,,,,,,,,,,,,,,,,,,High,High,High,,,,,,,,,,,,,,,,,,,,,,,,,,,,,,,,,,,,,,,
301,2026-03-01,22:45:10.30,3,2,"Freshcorn, Clayton",827621,Right,TEX_AGG,"Briggs, Brody",806486,Left,ARI_SUN,Undefined,9,Top,1,1,0,Fastball,Four-Seam,StrikeSwinging,Undefined,Undefined,Undefined,0,0,,91.96809,-0.962516,-3.257559,2258.816198,207.316393,1:00,5.1518,2.40418,6.19764,-13.05721,19.70119,9.62812,3.17365,0.19612,83.74873,-3.499954,-1.523795,0.411939,,,,,,,,,,,,-5.85933,10.7515,-2.1634,50,5.07234,7.18016,-133.42327,-2.56222,-10.54771,29.0715,-12.81965,TEX_AGG,ARI_SUN,Arlington,D1,SEC,20260301-Arlington-4,9413a3a0-15f2-11f1-8639-131ccc676290,91.50006,,,8.21936,,,,,,,f5a7e556-a2a9-43cd-af52-c62bb86c0341,2026-03-02,04:45:10.30,2026-03-01T22:45:10.3036928-06:00,2026-03-02T04:45:10.3036928Z,,v3,3032,5035,,"Harrison, Connor",1000339305,Right,TEX_AGG,70ca5e7e-0e4c-4910-883f-078358963f6e,54.29858,-134.35662,14.53575,5.148,-2.15064,-6.40982,-2.39936,7.5188,-5.27386,,,,,,,,,,,,,,,,,,,,,,,,,,,,,,,,,,,,,,,,,,,,,,,,,,,High,High,High,,,,,,,,,,,,,,,,,,,,,,,,,,,,,,,,,,,,,,,
302,2026-03-01,22:45:28.81,3,3,"Freshcorn, Clayton",827621,Right,TEX_AGG,"Briggs, Brody",806486,Left,ARI_SUN,Undefined,9,Top,1,1,1,Slider,Slider,BallCalled,Undefined,Undefined,Undefined,0,0,,81.93012,0.145929,-2.206437,2464.396048,95.785534,9:15,4.70487,3.00573,5.69803,-39.00427,3.23547,-18.41989,1.5906,-0.58636,74.89755,-7.021751,-5.495214,0.46777,,,,,,,,,,,,8.72142,2.00236,-2.80878,50,4.69291,5.30787,-118.88392,-0.99332,12.37348,24.63554,-29.33322,TEX_AGG,ARI_SUN,Arlington,D1,SEC,20260301-Arlington-4,9f21fdf0-15f2-11f1-8639-131ccc676290,80.57904,,,7.03257,,,,,,,f5a7e556-a2a9-43cd-af52-c62bb86c0341,2026-03-02,04:45:28.81,2026-03-01T22:45:28.8118784-06:00,2026-03-02T04:45:28.8118784Z,,v3,3032,5035,,"Harrison, Connor",1000339305,Right,TEX_AGG,5097b4b1-a40f-42e8-bec2-1c0908f40d88,54.80091,-119.87465,12.31777,4.70914,0.18633,-14.66661,-3.01223,4.81027,6.18674,,,,,,,,,,,,,,,,,,,,,,,,,,,,,,,,,,,,,,,,,,,,,,,,,,,High,High,High,,,,,,,,,,,,,,,,,,,,,,,,,,,,,,,,,,,,,,,
303,2026-03-01,22:45:48.48,3,4,"Freshcorn, Clayton",827621,Right,TEX_AGG,"Briggs, Brody",806486,Left,ARI_SUN,Undefined,9,Top,1,2,1,Fastball,Four-Seam,InPlay,Undefined,FlyBall,Out,1,0,,91.84009,-1.365579,-2.891119,2247.278767,213.428179,1:00,5.21709,2.47338,6.21969,-11.91296,21.09706,13.17513,2.9624,0.90126,83.13009,-3.711755,-0.515782,0.413518,89.0702,41.507168,5.77387,4344.629443,109.89735,92.23532,4.75107,302.14834,300.10282,-0.565762,5.807814,-7.74811,11.71107,-2.26347,50,5.10885,6.18548,-133.23916,-3.45535,-13.80099,31.07169,-11.3142,TEX_AGG,ARI_SUN,Arlington,D1,SEC,20260301-Arlington-4,aad8cd40-15f2-11f1-8639-131ccc676290,91.15066,116.20873,,8.71,,,,2.67857,3.10413,-0.91426,f5a7e556-a2a9-43cd-af52-c62bb86c0341,2026-03-02,04:45:48.48,2026-03-01T22:45:48.4827648-06:00,2026-03-02T04:45:48.4827648Z,FlyBall,v3,3032,5035,,"Harrison, Connor",1000339305,Right,TEX_AGG,0ab7a77c-5ed0-4e06-98d8-665885cdcf17,54.27863,-134.23323,15.53585,5.21361,-3.09338,-5.6571,-2.46843,6.62701,-6.9005,167.98408,2.68436,97.22087,-22.33409,5.40899,-0.79632,0.02467,0.01365,-0.00218,0.0001,3.09732,86.68913,-18.42856,0.80818,-0.0658,0.00141,0.00398,-0.00091,6E-05,-0.9133,9.82107,-6.11208,1.86495,-0.38474,0.04904,-0.00257,-0.0001,1E-05,,,,,,,,,,,,,,,,,,,,,,,High,High,High,High,High,,,,,,,,,,,,,,,,,,,,,,,,,,,,,,,,,,,,,
304,2026-03-01,22:46:27.38,4,1,"Freshcorn, Clayton",827621,Right,TEX_AGG,"Hairston, Landon",815408,Left,ARI_SUN,Undefined,9,Top,2,0,0,ChangeUp,Splitter,InPlay,Undefined,LineDrive,Single,0,0,,82.94491,0.862152,-3.277838,1092.358223,245.366369,2:15,4.87748,2.5511,5.90426,-33.31002,6.91855,12.61201,2.90331,0.55611,76.59454,-5.297107,-1.018075,0.456498,104.7588,-17.544291,-21.141879,,,,,8.6134,8.55547,-24.457268,0.058709,-7.28863,3.67831,-2.29489,50,4.92759,6.41379,-120.47233,0.74698,-10.83102,20.96286,-26.70802,TEX_AGG,ARI_SUN,Arlington,D1,SEC,20260301-Arlington-4,c20c7020-15f2-11f1-8639-131ccc676290,82.56872,2.72362,,6.35036,,,,-0.19459,2.72362,-0.45883,f5a7e556-a2a9-43cd-af52-c62bb86c0341,2026-03-02,04:46:27.38,2026-03-01T22:46:27.3862144-06:00,2026-03-02T04:46:27.3862144Z,GroundBall,v3,3032,5035,,"Harrison, Connor",1000339305,Right,TEX_AGG,696f9349-e462-4602-b66f-897a1a55a4a3,54.59581,-121.26939,10.48143,4.87988,1.76249,-13.35401,-2.54658,6.82561,-5.41551,180,-0.19671,136.86246,,,,,,,,2.72434,-46.39152,,,,,,,,-0.45801,-52.92579,,,,,,,,,,,,,,,,,,,,,,,,,,,,,,High,High,High,High,High,,,,,,,,,,,,,,,,,,,,,,,,,,,,,,,,,,,,,
305,2026-03-01,22:47:08.01,5,1,"Freshcorn, Clayton",827621,Right,TEX_AGG,"Moutzouridis, P.J.",814349,Right,ARI_SUN,Undefined,9,Top,2,0,0,Cutter,Slider,StrikeCalled,Undefined,Undefined,Undefined,0,0,,86.44703,0.620908,-3.657457,2409.52741,159.594221,11:15,4.99205,2.86406,6.23285,-28.2058,8.54536,-2.78563,3.21556,-0.74674,79.62495,-4.639689,-4.158557,0.436322,,,,,,,,,,,,0.49547,4.61642,-2.58963,50,5.02448,8.13049,-125.4848,0.4866,0.79564,23.69676,-24.76073,TEX_AGG,ARI_SUN,Arlington,D1,SEC,20260301-Arlington-4,da459c20-15f2-11f1-8639-131ccc676290,86.38676,,,6.82208,,,,,,,f5a7e556-a2a9-43cd-af52-c62bb86c0341,2026-03-02,04:47:08.01,2026-03-01T22:47:08.0130048-06:00,2026-03-02T04:47:08.0130048Z,,v3,3032,5035,,"Harrison, Connor",1000339305,Right,TEX_AGG,f5391544-5770-4ded-9dbd-9863fea5a018,54.26488,-126.28762,11.84838,4.99378,1.32547,-12.38036,-2.86462,8.10353,0.39782,,,,,,,,,,,,,,,,,,,,,,,,,,,,,,,,,,,,,,,,,,,,,,,,,,,High,High,High,,,,,,,,,,,,,,,,,,,,,,,,,,,,,,,,,,,,,,,
306,2026-03-01,22:47:28.41,5,2,"Freshcorn, Clayton",827621,Right,TEX_AGG,"Moutzouridis, P.J.",814349,Right,ARI_SUN,Undefined,9,Top,2,0,1,Cutter,Slider,BallCalled,Undefined,Undefined,Undefined,0,0,,85.95092,0.256182,-3.966458,2510.491719,159.713073,11:15,4.95291,2.61001,5.95282,-28.95781,8.82603,-2.83835,2.77792,-1.31093,78.84287,-5.121396,-4.474086,0.442409,,,,,,,,,,,,0.3735,4.81906,-2.29274,50,4.95712,8.75548,-124.6193,-0.37777,0.58858,24.55772,-24.58004,TEX_AGG,ARI_SUN,Arlington,D1,SEC,20260301-Arlington-4,e66eb540-15f2-11f1-8639-131ccc676290,85.1981,,,7.10805,,,,,,,f5a7e556-a2a9-43cd-af52-c62bb86c0341,2026-03-02,04:47:28.41,2026-03-01T22:47:28.4130304-06:00,2026-03-02T04:47:28.4130304Z,,v3,3032,5035,,"Harrison, Connor",1000339305,Right,TEX_AGG,07832643-563f-4817-a789-5c9f0a83dc95,54.54464,-125.51168,12.27886,4.95462,0.51542,-12.29002,-2.61051,8.73409,0.29429,,,,,,,,,,,,,,,,,,,,,,,,,,,,,,,,,,,,,,,,,,,,,,,,,,,High,High,High,,,,,,,,,,,,,,,,,,,,,,,,,,,,,,,,,,,,,,,
307,2026-03-01,22:47:49.74,5,3,"Freshcorn, Clayton",827621,Right,TEX_AGG,"Moutzouridis, P.J.",814349,Right,ARI_SUN,Undefined,9,Top,2,1,1,Sinker,Sinker,StrikeSwinging,Undefined,Undefined,Undefined,0,0,,92.55133,-0.366041,-3.31182,2174.200735,226.733925,1:30,5.18769,2.56465,6.26831,-15.81942,16.53536,16.42206,3.53138,0.87658,83.97285,-3.41193,-0.349446,0.409393,,,,,,,,,,,,-9.41036,8.98095,-2.32663,50,5.15258,7.0619,-134.27256,-1.28936,-17.0927,30.45191,-15.86132,TEX_AGG,ARI_SUN,Arlington,D1,SEC,20260301-Arlington-4,f31d2b00-15f2-11f1-8639-131ccc676290,92.06907,,,8.57848,,,,,,,f5a7e556-a2a9-43cd-af52-c62bb86c0341,2026-03-02,04:47:49.74,2026-03-01T22:47:49.7428992-06:00,2026-03-02T04:47:49.7428992Z,,v3,3032,5035,,"Harrison, Connor",1000339305,Right,TEX_AGG,b866f137-19a0-40fc-8627-f8c8337b498e,54.22831,-135.2281,15.22596,5.18523,-0.79165,-7.93066,-2.55664,7.59825,-8.54635,,,,,,,,,,,,,,,,,,,,,,,,,,,,,,,,,,,,,,,,,,,,,,,,,,,High,High,High,,,,,,,,,,,,,,,,,,,,,,,,,,,,,,,,,,,,,,,
308,2026-03-01,22:48:09.41,5,4,"Freshcorn, Clayton",827621,Right,TEX_AGG,"Moutzouridis, P.J.",814349,Right,ARI_SUN,Undefined,9,Top,2,1,2,Sinker,Sinker,FoulBallNotFieldable,Undefined,Undefined,Undefined,0,0,,93.17269,-1.505617,-3.892865,2148.736201,230.073169,1:45,5.23673,2.4252,6.31514,-16.3069,15.60619,17.36395,2.4875,0.28102,84.62436,-4.634545,-0.759948,0.406589,73.56333,44.903362,102.418128,4920.445078,,,,,85.75592,,,-10.16504,8.87355,-2.14792,50,5.1184,8.46434,-135.08993,-4.01816,-18.68461,30.88681,-15.86334,TEX_AGG,ARI_SUN,Arlington,D1,SEC,20260301-Arlington-4,fed33700-15f2-11f1-8639-131ccc676290,92.70396,71.9966,,8.54833,,,,-0.57722,2.44318,-0.41317,f5a7e556-a2a9-43cd-af52-c62bb86c0341,2026-03-02,04:48:09.41,2026-03-01T22:48:09.4131200-06:00,2026-03-02T04:48:09.4131200Z,,v3,3032,5035,,"Harrison, Connor",1000339305,Right,TEX_AGG,a8bad38f-1ce3-4716-a164-cdd6e3406f81,54.18319,-136.04301,15.4434,5.23484,-3.52866,-7.93167,-2.418,9.04089,-9.34231,303.852428,-0.57722,-16.43374,-4.21095,1.97023,-0.60469,0.15568,-0.03573,0.00623,-0.00058,2.44318,76.16289,-21.08768,1.43593,-0.07755,-0.03356,0.01497,-0.00315,0.00041,-0.41317,74.63233,-17.42347,4.59808,-1.02372,0.20667,-0.04,0.00594,-0.00044,,,,,,,,,,,,,,,,,,,,,,,High,High,High,Medium,Undefined,,,,,,,,,,,,,,,,,,,,,,,,,,,,,,,,,,,,,
309,2026-03-01,22:48:31.99,5,5,"Freshcorn, Clayton",827621,Right,TEX_AGG,"Moutzouridis, P.J.",814349,Right,ARI_SUN,Undefined,9,Top,2,1,2,Cutter,Slider,FoulBallNotFieldable,Undefined,Undefined,Undefined,0,0,,85.46856,0.603136,-3.422414,2441.799624,131.611155,10:30,4.99029,2.72477,5.967,-33.34699,4.52288,-3.90138,2.77159,-0.77725,79.01519,-5.548184,-4.121294,0.442913,72.835,22.357616,154.725142,3073.206942,,,,,45.69926,,,1.15059,2.4928,-2.45113,50,5.01941,7.57502,-124.11094,0.20732,1.81135,22.67836,-28.24972,TEX_AGG,ARI_SUN,Arlington,D1,SEC,20260301-Arlington-4,0c502050-15f3-11f1-8639-131ccc676290,85.10127,17.13802,,6.45336,,,,0.04752,2.59359,0.82173,f5a7e556-a2a9-43cd-af52-c62bb86c0341,2026-03-02,04:48:31.99,2026-03-01T22:48:31.9988224-06:00,2026-03-02T04:48:31.9988224Z,,v3,3032,5035,,"Harrison, Connor",1000339305,Right,TEX_AGG,082869b6-bdef-487d-9006-1d448910a900,54.5327,-124.93644,11.33918,4.99315,1.23562,-14.12486,-2.72566,7.50908,0.90568,297.317886,0.04732,-89.3318,5.05157,,,,,,,2.60271,40.37982,-21.00841,,,,,,,0.83058,41.93352,-8.82628,,,,,,,,,,,,,,,,,,,,,,,,,,,,,High,High,High,High,Undefined,,,,,,,,,,,,,,,,,,,,,,,,,,,,,,,,,,,,,
310,2026-03-01,22:48:55.92,5,6,"Freshcorn, Clayton",827621,Right,TEX_AGG,"Moutzouridis, P.J.",814349,Right,ARI_SUN,Undefined,9,Top,2,1,2,Fastball,Four-Seam,FoulBallNotFieldable,Undefined,Undefined,Undefined,0,0,,92.6977,-0.61733,-3.635884,2145.284631,213.219455,1:00,5.20624,2.35115,6.25968,-16.61399,15.81517,9.62249,3.25136,-0.20396,83.8176,-3.810233,-1.902073,0.409864,76.84373,49.723894,107.356316,4739.106832,,,,,46.31649,,,-6.08563,8.71311,-2.08574,50,5.15215,8.12794,-134.36736,-1.91643,-11.01786,31.7524,-16.39921,TEX_AGG,ARI_SUN,Arlington,D1,SEC,20260301-Arlington-4,1a90a7c0-15f3-11f1-8639-131ccc676290,91.96336,51.6236,,8.8801,,,,-0.2848,2.95968,0.10376,f5a7e556-a2a9-43cd-af52-c62bb86c0341,2026-03-02,04:48:55.92,2026-03-01T22:48:55.9266816-06:00,2026-03-02T04:48:55.9266816Z,,v3,3032,5035,,"Harrison, Connor",1000339305,Right,TEX_AGG,cb805a27-3154-45f1-96f9-4bb4f61acb38,54.23649,-135.36478,15.8762,5.20426,-1.40129,-8.1996,-2.3465,8.47404,-5.50893,313.849166,-0.2848,-21.73507,-6.05522,2.48777,-0.76131,0.20933,-0.05459,0.0125,-0.00183,2.95968,85.98612,-25.69795,2.46651,-0.27817,-0.00708,0.01447,-0.00583,0.00123,0.10376,69.54246,-15.90611,4.89897,-1.17521,0.26284,-0.05659,0.01004,-0.00099,,,,,,,,,,,,,,,,,,,,,,,High,High,High,High,Undefined,,,,,,,,,,,,,,,,,,,,,,,,,,,,,,,,,,,,,
311,2026-03-01,22:49:20.31,5,7,"Freshcorn, Clayton",827621,Right,TEX_AGG,"Moutzouridis, P.J.",814349,Right,ARI_SUN,Undefined,9,Top,2,1,2,Fastball,Four-Seam,BallCalled,Undefined,Undefined,Undefined,0,0,,93.1413,0.164431,-3.660558,2287.40677,202.249919,12:45,5.2186,2.39058,6.17203,-14.23985,18.07879,6.9317,4.18412,-0.41721,83.9198,-2.60264,-2.414264,0.409165,,,,,,,,,,,,-4.68032,9.57682,-2.11646,50,5.22351,8.32257,-134.921,0.02445,-8.52581,32.57738,-14.72861,TEX_AGG,ARI_SUN,Arlington,D1,SEC,20260301-Arlington-4,2914eef0-15f3-11f1-8639-131ccc676290,92.12049,,,9.22149,,,,,,,f5a7e556-a2a9-43cd-af52-c62bb86c0341,2026-03-02,04:49:20.31,2026-03-01T22:49:20.3193856-06:00,2026-03-02T04:49:20.3193856Z,,v3,3032,5035,,"Harrison, Connor",1000339305,Right,TEX_AGG,fd63c10c-bbee-471c-ae4a-98726563f431,54.32177,-135.96051,16.28869,5.21523,0.49443,-7.36431,-2.38637,8.59462,-4.2629,,,,,,,,,,,,,,,,,,,,,,,,,,,,,,,,,,,,,,,,,,,,,,,,,,,High,High,High,,,,,,,,,,,,,,,,,,,,,,,,,,,,,,,,,,,,,,,
312,2026-03-01,22:49:39.55,5,8,"Freshcorn, Clayton",827621,Right,TEX_AGG,"Moutzouridis, P.J.",814349,Right,ARI_SUN,Undefined,9,Top,2,2,2,Fastball,Four-Seam,StrikeSwinging,Strikeout,Undefined,Undefined,0,0,,92.2846,-0.254508,-2.863403,2101.687208,219.303644,1:15,5.20433,2.42011,6.15146,-17.35985,15.39265,11.68965,3.52223,0.74642,83.56708,-3.576892,-0.758512,0.411902,,,,,,,,,,,,-6.84083,8.33658,-2.20782,50,5.17591,6.18424,-133.86222,-1.09835,-12.31826,30.94794,-17.16243,TEX_AGG,ARI_SUN,Arlington,D1,SEC,20260301-Arlington-4,34932210-15f3-11f1-8639-131ccc676290,91.50834,,,8.71752,,,,,,,f5a7e556-a2a9-43cd-af52-c62bb86c0341,2026-03-02,04:49:39.55,2026-03-01T22:49:39.5503104-06:00,2026-03-02T04:49:39.5503104Z,,v3,3032,5035,,"Harrison, Connor",1000339305,Right,TEX_AGG,b62b4f7c-e885-4579-bffb-1f42ec2d25f4,54.34404,-134.86279,15.47397,5.20245,-0.54348,-8.58122,-2.41421,6.5825,-6.15913,,,,,,,,,,,,,,,,,,,,,,,,,,,,,,,,,,,,,,,,,,,,,,,,,,,High,High,High,,,,,,,,,,,,,,,,,,,,,,,,,,,,,,,,,,,,,,,